ISO-10303-21;
HEADER;
FILE_DESCRIPTION (( 'STEP AP214' ),
    '1' );
FILE_NAME ('20425-E0W.STEP',
    '2014-06-13T14:22:30',
    ( '' ),
    ( '' ),
    'SwSTEP 2.0',
    'SolidWorks 2012',
    '' );
FILE_SCHEMA (( 'AUTOMOTIVE_DESIGN' ));
ENDSEC;

DATA;
#1 = UNCERTAINTY_MEASURE_WITH_UNIT (LENGTH_MEASURE( 1.000000000000000100E-005 ), #1378, 'distance_accuracy_value', 'NONE');
#2 = UNCERTAINTY_MEASURE_WITH_UNIT (LENGTH_MEASURE( 1.000000000000000100E-005 ), #1499, 'distance_accuracy_value', 'NONE');
#3 = B_SPLINE_CURVE_WITH_KNOTS ( 'NONE', 3,
 ( #364, #754, #684, #796, #353, #741, #680, #628, #623, #408, #352, #609, #448, #738, #686, #653, #695, #522, #794, #793, #363, #759, #428, #707, #645, #361, #362, #800, #701 ),
 .UNSPECIFIED., .F., .F.,
 ( 4, 2, 1, 2, 2, 2, 2, 2, 2, 2, 2, 2, 2, 2, 4 ),
 ( 0.4998779299566096200, 0.5155067446454655300, 0.5311355593343215500, 0.5623931887120333700, 0.5936508180897452900, 0.6249084474674571100, 0.6874237062228809600, 0.7186813356005928900, 0.7499389649783048100, 0.8124542237337286600, 0.8280830384225846800, 0.8437118531114407000, 0.8749694824891525200, 0.9374847412445762600, 1.000000000000000000 ),
 .UNSPECIFIED. ) ;
#4 = UNCERTAINTY_MEASURE_WITH_UNIT (LENGTH_MEASURE( 1.000000000000000100E-005 ), #526, 'distance_accuracy_value', 'NONE');
#5 = UNCERTAINTY_MEASURE_WITH_UNIT (LENGTH_MEASURE( 1.000000000000000100E-005 ), #605, 'distance_accuracy_value', 'NONE');
#6 = UNCERTAINTY_MEASURE_WITH_UNIT (LENGTH_MEASURE( 1.000000000000000100E-005 ), #1357, 'distance_accuracy_value', 'NONE');
#7 = UNCERTAINTY_MEASURE_WITH_UNIT (LENGTH_MEASURE( 1.000000000000000100E-005 ), #400, 'distance_accuracy_value', 'NONE');
#8 = B_SPLINE_CURVE_WITH_KNOTS ( 'NONE', 1,
 ( #731, #507 ),
 .UNSPECIFIED., .F., .F.,
 ( 2, 2 ),
 ( 0.0000000000000000000, 1.000000000000000000 ),
 .UNSPECIFIED. ) ;
#9 = UNCERTAINTY_MEASURE_WITH_UNIT (LENGTH_MEASURE( 1.000000000000000100E-005 ), #393, 'distance_accuracy_value', 'NONE');
#10 = B_SPLINE_CURVE_WITH_KNOTS ( 'NONE', 3,
 ( #1488, #1528, #1467, #1448, #1349, #1447, #1356, #1351, #1352, #1480, #1422, #1438 ),
 .UNSPECIFIED., .F., .F.,
 ( 4, 2, 2, 2, 2, 4 ),
 ( 0.0000000000000000000, 0.06249827659134253600, 0.09374741488701378300, 0.1249965531826850400, 0.1874948297740275100, 0.2499931063653699800 ),
 .UNSPECIFIED. ) ;
#11 = B_SPLINE_CURVE_WITH_KNOTS ( 'NONE', 1,
 ( #532, #548 ),
 .UNSPECIFIED., .F., .F.,
 ( 2, 2 ),
 ( 0.0000000000000000000, 1.000000000000000000 ),
 .UNSPECIFIED. ) ;
#12 = UNCERTAINTY_MEASURE_WITH_UNIT (LENGTH_MEASURE( 1.000000000000000100E-005 ), #1326, 'distance_accuracy_value', 'NONE');
#13 = UNCERTAINTY_MEASURE_WITH_UNIT (LENGTH_MEASURE( 1.000000000000000100E-005 ), #392, 'distance_accuracy_value', 'NONE');
#14 = UNCERTAINTY_MEASURE_WITH_UNIT (LENGTH_MEASURE( 1.000000000000000100E-005 ), #1315, 'distance_accuracy_value', 'NONE');
#15 = UNCERTAINTY_MEASURE_WITH_UNIT (LENGTH_MEASURE( 1.000000000000000100E-005 ), #1402, 'distance_accuracy_value', 'NONE');
#16 = B_SPLINE_CURVE_WITH_KNOTS ( 'NONE', 3,
 ( #413, #434, #475, #444, #514, #389, #384, #390, #383, #382 ),
 .UNSPECIFIED., .F., .F.,
 ( 4, 2, 2, 2, 4 ),
 ( 0.001326625735568818200, 0.001592470106019753600, 0.001858314476470689300, 0.002124158846921625000, 0.002390003217372560400 ),
 .UNSPECIFIED. ) ;
#17 = UNCERTAINTY_MEASURE_WITH_UNIT (LENGTH_MEASURE( 1.000000000000000100E-005 ), #622, 'distance_accuracy_value', 'NONE');
#18 = UNCERTAINTY_MEASURE_WITH_UNIT (LENGTH_MEASURE( 1.000000000000000100E-005 ), #511, 'distance_accuracy_value', 'NONE');
#19 = UNCERTAINTY_MEASURE_WITH_UNIT (LENGTH_MEASURE( 1.000000000000000100E-005 ), #1368, 'distance_accuracy_value', 'NONE');
#20 = UNCERTAINTY_MEASURE_WITH_UNIT (LENGTH_MEASURE( 1.000000000000000100E-005 ), #1521, 'distance_accuracy_value', 'NONE');
#21 = UNCERTAINTY_MEASURE_WITH_UNIT (LENGTH_MEASURE( 1.000000000000000100E-005 ), #1332, 'distance_accuracy_value', 'NONE');
#22 = UNCERTAINTY_MEASURE_WITH_UNIT (LENGTH_MEASURE( 1.000000000000000100E-005 ), #452, 'distance_accuracy_value', 'NONE');
#23 = B_SPLINE_CURVE_WITH_KNOTS ( 'NONE', 3,
 ( #724, #795, #537, #763, #569, #723, #356, #360, #711, #762, #740, #418, #580, #803 ),
 .UNSPECIFIED., .F., .F.,
 ( 4, 2, 2, 2, 2, 2, 4 ),
 ( 0.2501220728225063100, 0.3125915546168798700, 0.3438262955140666800, 0.3594436659626600300, 0.3750610364112534300, 0.4375305182056267200, 0.5000000000000000000 ),
 .UNSPECIFIED. ) ;
#24 = UNCERTAINTY_MEASURE_WITH_UNIT (LENGTH_MEASURE( 1.000000000000000100E-005 ), #578, 'distance_accuracy_value', 'NONE');
#25 = UNCERTAINTY_MEASURE_WITH_UNIT (LENGTH_MEASURE( 1.000000000000000100E-005 ), #589, 'distance_accuracy_value', 'NONE');
#26 = ORIENTED_EDGE ( 'NONE', *, *, #911, .T. ) ;
#27 = ORIENTED_EDGE ( 'NONE', *, *, #2148, .T. ) ;
#28 = ORIENTED_EDGE ( 'NONE', *, *, #2128, .F. ) ;
#29 = ORIENTED_EDGE ( 'NONE', *, *, #904, .F. ) ;
#30 = ORIENTED_EDGE ( 'NONE', *, *, #1628, .T. ) ;
#31 = EDGE_LOOP ( 'NONE', ( #1827, #151, #46, #96, #1886 ) ) ;
#32 = ORIENTED_EDGE ( 'NONE', *, *, #916, .T. ) ;
#33 = ORIENTED_EDGE ( 'NONE', *, *, #1615, .T. ) ;
#34 = ORIENTED_EDGE ( 'NONE', *, *, #928, .T. ) ;
#35 = EDGE_LOOP ( 'NONE', ( #107, #68, #70, #65 ) ) ;
#36 = ORIENTED_EDGE ( 'NONE', *, *, #904, .T. ) ;
#37 = ORIENTED_EDGE ( 'NONE', *, *, #932, .F. ) ;
#38 = ORIENTED_EDGE ( 'NONE', *, *, #2138, .T. ) ;
#39 = ORIENTED_EDGE ( 'NONE', *, *, #2151, .T. ) ;
#40 = ORIENTED_EDGE ( 'NONE', *, *, #2127, .F. ) ;
#41 = ORIENTED_EDGE ( 'NONE', *, *, #903, .T. ) ;
#42 = ORIENTED_EDGE ( 'NONE', *, *, #919, .F. ) ;
#43 = ORIENTED_EDGE ( 'NONE', *, *, #929, .F. ) ;
#44 = ORIENTED_EDGE ( 'NONE', *, *, #2143, .T. ) ;
#45 = ORIENTED_EDGE ( 'NONE', *, *, #1616, .T. ) ;
#46 = ORIENTED_EDGE ( 'NONE', *, *, #2147, .T. ) ;
#47 = VERTEX_POINT ( 'NONE', #699 ) ;
#48 = EDGE_LOOP ( 'NONE', ( #1871, #1820 ) ) ;
#49 = ORIENTED_EDGE ( 'NONE', *, *, #2137, .T. ) ;
#50 = ORIENTED_EDGE ( 'NONE', *, *, #898, .F. ) ;
#51 = ORIENTED_EDGE ( 'NONE', *, *, #907, .F. ) ;
#52 = EDGE_LOOP ( 'NONE', ( #1946, #1939, #1859, #1908 ) ) ;
#53 = ORIENTED_EDGE ( 'NONE', *, *, #921, .F. ) ;
#54 = ORIENTED_EDGE ( 'NONE', *, *, #1619, .F. ) ;
#55 = ORIENTED_EDGE ( 'NONE', *, *, #1615, .F. ) ;
#56 = ORIENTED_EDGE ( 'NONE', *, *, #929, .T. ) ;
#57 = ORIENTED_EDGE ( 'NONE', *, *, #909, .F. ) ;
#58 = ORIENTED_EDGE ( 'NONE', *, *, #2141, .F. ) ;
#59 = ORIENTED_EDGE ( 'NONE', *, *, #931, .F. ) ;
#60 = ORIENTED_EDGE ( 'NONE', *, *, #2124, .T. ) ;
#61 = EDGE_LOOP ( 'NONE', ( #227, #38, #1883, #62 ) ) ;
#62 = ORIENTED_EDGE ( 'NONE', *, *, #2136, .T. ) ;
#63 = ORIENTED_EDGE ( 'NONE', *, *, #910, .F. ) ;
#64 = VERTEX_POINT ( 'NONE', #582 ) ;
#65 = ORIENTED_EDGE ( 'NONE', *, *, #917, .F. ) ;
#66 = EDGE_LOOP ( 'NONE', ( #54, #75, #86, #122 ) ) ;
#67 = ORIENTED_EDGE ( 'NONE', *, *, #1626, .T. ) ;
#68 = ORIENTED_EDGE ( 'NONE', *, *, #915, .T. ) ;
#69 = EDGE_LOOP ( 'NONE', ( #179, #1920, #139, #1838 ) ) ;
#70 = ORIENTED_EDGE ( 'NONE', *, *, #916, .F. ) ;
#71 = ORIENTED_EDGE ( 'NONE', *, *, #905, .F. ) ;
#72 = ORIENTED_EDGE ( 'NONE', *, *, #900, .F. ) ;
#73 = VERTEX_POINT ( 'NONE', #581 ) ;
#74 = VERTEX_POINT ( 'NONE', #458 ) ;
#75 = ORIENTED_EDGE ( 'NONE', *, *, #1620, .T. ) ;
#76 = ORIENTED_EDGE ( 'NONE', *, *, #922, .F. ) ;
#77 = ORIENTED_EDGE ( 'NONE', *, *, #907, .T. ) ;
#78 = VERTEX_POINT ( 'NONE', #579 ) ;
#79 = ORIENTED_EDGE ( 'NONE', *, *, #2146, .T. ) ;
#80 = ORIENTED_EDGE ( 'NONE', *, *, #930, .T. ) ;
#81 = ORIENTED_EDGE ( 'NONE', *, *, #2137, .F. ) ;
#82 = EDGE_LOOP ( 'NONE', ( #51, #1869, #1853, #1918, #1933 ) ) ;
#83 = VERTEX_POINT ( 'NONE', #616 ) ;
#84 = EDGE_LOOP ( 'NONE', ( #160, #132, #85, #173, #67, #32, #1840, #184, #1938 ) ) ;
#85 = ORIENTED_EDGE ( 'NONE', *, *, #901, .T. ) ;
#86 = ORIENTED_EDGE ( 'NONE', *, *, #1621, .T. ) ;
#87 = ORIENTED_EDGE ( 'NONE', *, *, #918, .T. ) ;
#88 = VERTEX_POINT ( 'NONE', #584 ) ;
#89 = VERTEX_POINT ( 'NONE', #779 ) ;
#90 = EDGE_LOOP ( 'NONE', ( #176, #128, #87, #1878 ) ) ;
#91 = ORIENTED_EDGE ( 'NONE', *, *, #2151, .F. ) ;
#92 = ORIENTED_EDGE ( 'NONE', *, *, #924, .F. ) ;
#93 = ORIENTED_EDGE ( 'NONE', *, *, #1625, .F. ) ;
#94 = EDGE_LOOP ( 'NONE', ( #190, #148, #59, #63 ) ) ;
#95 = ORIENTED_EDGE ( 'NONE', *, *, #2127, .T. ) ;
#96 = ORIENTED_EDGE ( 'NONE', *, *, #906, .T. ) ;
#97 = EDGE_LOOP ( 'NONE', ( #43, #99, #80, #156 ) ) ;
#98 = ORIENTED_EDGE ( 'NONE', *, *, #2129, .T. ) ;
#99 = ORIENTED_EDGE ( 'NONE', *, *, #2140, .F. ) ;
#100 = EDGE_LOOP ( 'NONE', ( #131, #98 ) ) ;
#101 = ORIENTED_EDGE ( 'NONE', *, *, #901, .F. ) ;
#102 = EDGE_LOOP ( 'NONE', ( #172, #237, #1915, #34 ) ) ;
#103 = VERTEX_POINT ( 'NONE', #678 ) ;
#104 = ORIENTED_EDGE ( 'NONE', *, *, #2123, .T. ) ;
#105 = ORIENTED_EDGE ( 'NONE', *, *, #2122, .T. ) ;
#106 = ORIENTED_EDGE ( 'NONE', *, *, #932, .T. ) ;
#107 = ORIENTED_EDGE ( 'NONE', *, *, #914, .F. ) ;
#108 = ORIENTED_EDGE ( 'NONE', *, *, #1607, .F. ) ;
#109 = EDGE_LOOP ( 'NONE', ( #1891, #1874, #1833, #49 ) ) ;
#110 = EDGE_LOOP ( 'NONE', ( #1881, #1860, #1944, #1855 ) ) ;
#111 = ORIENTED_EDGE ( 'NONE', *, *, #1626, .F. ) ;
#112 = VERTEX_POINT ( 'NONE', #633 ) ;
#113 = ORIENTED_EDGE ( 'NONE', *, *, #2149, .F. ) ;
#114 = CLOSED_SHELL ( 'NONE', ( #1257, #1815, #1799, #1810, #1291, #1798, #1814, #1792, #1817, #1791, #1816, #1298, #1806, #1811, #1800, #1818, #1804, #1795, #1809, #1801, #1807, #1797, #1796, #1789, #1808, #1287, #1805, #1793, #1803, #1812, #1288, #1790, #1794, #1813, #1802, #1300, #1271, #1272, #1273 ) ) ;
#115 = ORIENTED_EDGE ( 'NONE', *, *, #2143, .F. ) ;
#116 = VERTEX_POINT ( 'NONE', #395 ) ;
#117 = EDGE_LOOP ( 'NONE', ( #33, #45, #1830, #1897 ) ) ;
#118 = ORIENTED_EDGE ( 'NONE', *, *, #914, .T. ) ;
#119 = ORIENTED_EDGE ( 'NONE', *, *, #920, .F. ) ;
#120 = ORIENTED_EDGE ( 'NONE', *, *, #912, .T. ) ;
#121 = EDGE_LOOP ( 'NONE', ( #1917, #1895 ) ) ;
#122 = ORIENTED_EDGE ( 'NONE', *, *, #1622, .F. ) ;
#123 = ORIENTED_EDGE ( 'NONE', *, *, #918, .F. ) ;
#124 = EDGE_LOOP ( 'NONE', ( #153, #142, #214, #231 ) ) ;
#125 = VERTEX_POINT ( 'NONE', #753 ) ;
#126 = EDGE_LOOP ( 'NONE', ( #1824, #1942 ) ) ;
#127 = ORIENTED_EDGE ( 'NONE', *, *, #1609, .T. ) ;
#128 = ORIENTED_EDGE ( 'NONE', *, *, #1611, .T. ) ;
#129 = ORIENTED_EDGE ( 'NONE', *, *, #2149, .T. ) ;
#130 = VERTEX_POINT ( 'NONE', #372 ) ;
#131 = ORIENTED_EDGE ( 'NONE', *, *, #922, .T. ) ;
#132 = ORIENTED_EDGE ( 'NONE', *, *, #1624, .T. ) ;
#133 = EDGE_LOOP ( 'NONE', ( #92, #140, #1889, #1943 ) ) ;
#134 = ORIENTED_EDGE ( 'NONE', *, *, #899, .F. ) ;
#135 = EDGE_LOOP ( 'NONE', ( #37, #174, #93, #36, #58 ) ) ;
#136 = ORIENTED_EDGE ( 'NONE', *, *, #919, .T. ) ;
#137 = VERTEX_POINT ( 'NONE', #728 ) ;
#138 = ORIENTED_EDGE ( 'NONE', *, *, #906, .F. ) ;
#139 = ORIENTED_EDGE ( 'NONE', *, *, #1614, .T. ) ;
#140 = ORIENTED_EDGE ( 'NONE', *, *, #925, .T. ) ;
#141 = ORIENTED_EDGE ( 'NONE', *, *, #930, .F. ) ;
#142 = ORIENTED_EDGE ( 'NONE', *, *, #2130, .T. ) ;
#143 = VERTEX_POINT ( 'NONE', #729 ) ;
#144 = EDGE_LOOP ( 'NONE', ( #120, #198, #1934, #1877 ) ) ;
#145 = VERTEX_POINT ( 'NONE', #720 ) ;
#146 = EDGE_LOOP ( 'NONE', ( #72, #106, #181, #29, #101 ) ) ;
#147 = VERTEX_POINT ( 'NONE', #730 ) ;
#148 = ORIENTED_EDGE ( 'NONE', *, *, #908, .T. ) ;
#149 = EDGE_LOOP ( 'NONE', ( #42, #81, #161, #28 ) ) ;
#150 = EDGE_LOOP ( 'NONE', ( #1940, #1926, #127, #1890 ) ) ;
#151 = ORIENTED_EDGE ( 'NONE', *, *, #2141, .T. ) ;
#152 = EDGE_LOOP ( 'NONE', ( #55, #216 ) ) ;
#153 = ORIENTED_EDGE ( 'NONE', *, *, #1616, .F. ) ;
#154 = VERTEX_POINT ( 'NONE', #625 ) ;
#155 = EDGE_LOOP ( 'NONE', ( #1929, #1868 ) ) ;
#156 = ORIENTED_EDGE ( 'NONE', *, *, #2129, .F. ) ;
#157 = VERTEX_POINT ( 'NONE', #665 ) ;
#158 = VERTEX_POINT ( 'NONE', #727 ) ;
#159 = VERTEX_POINT ( 'NONE', #773 ) ;
#160 = ORIENTED_EDGE ( 'NONE', *, *, #1623, .T. ) ;
#161 = ORIENTED_EDGE ( 'NONE', *, *, #921, .T. ) ;
#162 = VERTEX_POINT ( 'NONE', #725 ) ;
#163 = VERTEX_POINT ( 'NONE', #406 ) ;
#164 = VERTEX_POINT ( 'NONE', #721 ) ;
#165 = VERTEX_POINT ( 'NONE', #797 ) ;
#166 = EDGE_LOOP ( 'NONE', ( #113, #39, #30, #1882 ) ) ;
#167 = EDGE_LOOP ( 'NONE', ( #169, #1885, #226, #105, #1914, #104, #111, #60, #1896 ) ) ;
#168 = EDGE_LOOP ( 'NONE', ( #215, #196 ) ) ;
#169 = ORIENTED_EDGE ( 'NONE', *, *, #1624, .F. ) ;
#170 = EDGE_LOOP ( 'NONE', ( #41, #220, #79, #224, #1899 ) ) ;
#171 = VERTEX_POINT ( 'NONE', #726 ) ;
#172 = ORIENTED_EDGE ( 'NONE', *, *, #925, .F. ) ;
#173 = ORIENTED_EDGE ( 'NONE', *, *, #1625, .T. ) ;
#174 = ORIENTED_EDGE ( 'NONE', *, *, #2124, .F. ) ;
#175 = VERTEX_POINT ( 'NONE', #583 ) ;
#176 = ORIENTED_EDGE ( 'NONE', *, *, #1609, .F. ) ;
#177 = EDGE_LOOP ( 'NONE', ( #91, #228, #182, #1919 ) ) ;
#178 = VERTEX_POINT ( 'NONE', #772 ) ;
#179 = ORIENTED_EDGE ( 'NONE', *, *, #1613, .F. ) ;
#180 = VERTEX_POINT ( 'NONE', #774 ) ;
#181 = ORIENTED_EDGE ( 'NONE', *, *, #903, .F. ) ;
#182 = ORIENTED_EDGE ( 'NONE', *, *, #2152, .T. ) ;
#183 = EDGE_LOOP ( 'NONE', ( #108, #1892 ) ) ;
#184 = ORIENTED_EDGE ( 'NONE', *, *, #909, .T. ) ;
#185 = VERTEX_POINT ( 'NONE', #783 ) ;
#186 = VERTEX_POINT ( 'NONE', #545 ) ;
#187 = ORIENTED_EDGE ( 'NONE', *, *, #912, .F. ) ;
#188 = EDGE_LOOP ( 'NONE', ( #57, #77, #138, #71, #50 ) ) ;
#189 = VERTEX_POINT ( 'NONE', #655 ) ;
#190 = ORIENTED_EDGE ( 'NONE', *, *, #902, .F. ) ;
#191 = EDGE_LOOP ( 'NONE', ( #134, #26, #187, #210 ) ) ;
#192 = ORIENTED_EDGE ( 'NONE', *, *, #2144, .F. ) ;
#193 = ORIENTED_EDGE ( 'NONE', *, *, #2131, .T. ) ;
#194 = VERTEX_POINT ( 'NONE', #761 ) ;
#195 = VERTEX_POINT ( 'NONE', #630 ) ;
#196 = ORIENTED_EDGE ( 'NONE', *, *, #899, .T. ) ;
#197 = VERTEX_POINT ( 'NONE', #743 ) ;
#198 = ORIENTED_EDGE ( 'NONE', *, *, #1613, .T. ) ;
#199 = VERTEX_POINT ( 'NONE', #386 ) ;
#200 = VERTEX_POINT ( 'NONE', #745 ) ;
#201 = VERTEX_POINT ( 'NONE', #749 ) ;
#202 = VERTEX_POINT ( 'NONE', #789 ) ;
#203 = EDGE_LOOP ( 'NONE', ( #1823, #40, #1913, #1931 ) ) ;
#204 = EDGE_LOOP ( 'NONE', ( #232, #56, #76, #141 ) ) ;
#205 = VERTEX_POINT ( 'NONE', #751 ) ;
#206 = EDGE_LOOP ( 'NONE', ( #1948, #1937, #1927, #1925 ) ) ;
#207 = VERTEX_POINT ( 'NONE', #373 ) ;
#208 = VERTEX_POINT ( 'NONE', #693 ) ;
#209 = ORIENTED_EDGE ( 'NONE', *, *, #1619, .T. ) ;
#210 = ORIENTED_EDGE ( 'NONE', *, *, #913, .F. ) ;
#211 = VERTEX_POINT ( 'NONE', #792 ) ;
#212 = VERTEX_POINT ( 'NONE', #718 ) ;
#213 = VERTEX_POINT ( 'NONE', #608 ) ;
#214 = ORIENTED_EDGE ( 'NONE', *, *, #1618, .T. ) ;
#215 = ORIENTED_EDGE ( 'NONE', *, *, #2132, .T. ) ;
#216 = ORIENTED_EDGE ( 'NONE', *, *, #2130, .F. ) ;
#217 = VERTEX_POINT ( 'NONE', #624 ) ;
#218 = ORIENTED_EDGE ( 'NONE', *, *, #1617, .T. ) ;
#219 = VERTEX_POINT ( 'NONE', #681 ) ;
#220 = ORIENTED_EDGE ( 'NONE', *, *, #2145, .T. ) ;
#221 = EDGE_LOOP ( 'NONE', ( #95, #209 ) ) ;
#222 = VERTEX_POINT ( 'NONE', #736 ) ;
#223 = EDGE_LOOP ( 'NONE', ( #115, #192 ) ) ;
#224 = ORIENTED_EDGE ( 'NONE', *, *, #905, .T. ) ;
#225 = VERTEX_POINT ( 'NONE', #634 ) ;
#226 = ORIENTED_EDGE ( 'NONE', *, *, #923, .T. ) ;
#227 = ORIENTED_EDGE ( 'NONE', *, *, #1608, .F. ) ;
#228 = ORIENTED_EDGE ( 'NONE', *, *, #2139, .F. ) ;
#229 = EDGE_LOOP ( 'NONE', ( #123, #136, #119, #53 ) ) ;
#230 = VERTEX_POINT ( 'NONE', #683 ) ;
#231 = ORIENTED_EDGE ( 'NONE', *, *, #2131, .F. ) ;
#232 = ORIENTED_EDGE ( 'NONE', *, *, #1628, .F. ) ;
#233 = VERTEX_POINT ( 'NONE', #425 ) ;
#234 = EDGE_LOOP ( 'NONE', ( #1848, #1845, #1904, #1921 ) ) ;
#235 = EDGE_LOOP ( 'NONE', ( #218, #193 ) ) ;
#236 = EDGE_LOOP ( 'NONE', ( #44, #27, #129, #1864 ) ) ;
#237 = ORIENTED_EDGE ( 'NONE', *, *, #1623, .F. ) ;
#238 = EDGE_LOOP ( 'NONE', ( #1861, #118 ) ) ;
#239 = MECHANICAL_DESIGN_GEOMETRIC_PRESENTATION_REPRESENTATION (  '', ( #833 ), #240 ) ;
#240 =( GEOMETRIC_REPRESENTATION_CONTEXT ( 3 ) GLOBAL_UNCERTAINTY_ASSIGNED_CONTEXT ( ( #5 ) ) GLOBAL_UNIT_ASSIGNED_CONTEXT ( ( #605, #597, #598 ) ) REPRESENTATION_CONTEXT ( 'NONE', 'WORKASPACE' ) );
#241 = PRESENTATION_LAYER_ASSIGNMENT (  '', '', ( #242 ) ) ;
#242 = STYLED_ITEM ( 'NONE', ( #348 ), #1288 ) ;
#243 = AXIS2_PLACEMENT_3D ( 'NONE', #636, #639, #599 ) ;
#244 = MECHANICAL_DESIGN_GEOMETRIC_PRESENTATION_REPRESENTATION (  '', ( #242 ), #245 ) ;
#245 =( GEOMETRIC_REPRESENTATION_CONTEXT ( 3 ) GLOBAL_UNCERTAINTY_ASSIGNED_CONTEXT ( ( #17 ) ) GLOBAL_UNIT_ASSIGNED_CONTEXT ( ( #622, #641, #648 ) ) REPRESENTATION_CONTEXT ( 'NONE', 'WORKASPACE' ) );
#246 = AXIS2_PLACEMENT_3D ( 'NONE', #387, #643, #649 ) ;
#247 = STYLED_ITEM ( 'NONE', ( #335 ), #1291 ) ;
#248 = PRESENTATION_LAYER_ASSIGNMENT (  '', '', ( #247 ) ) ;
#249 = MECHANICAL_DESIGN_GEOMETRIC_PRESENTATION_REPRESENTATION (  '', ( #247 ), #250 ) ;
#250 =( GEOMETRIC_REPRESENTATION_CONTEXT ( 3 ) GLOBAL_UNCERTAINTY_ASSIGNED_CONTEXT ( ( #13 ) ) GLOBAL_UNIT_ASSIGNED_CONTEXT ( ( #392, #467, #466 ) ) REPRESENTATION_CONTEXT ( 'NONE', 'WORKASPACE' ) );
#251 = AXIS2_PLACEMENT_3D ( 'NONE', #409, #411, #462 ) ;
#252 = STYLED_ITEM ( 'NONE', ( #329 ), #1298 ) ;
#253 = PRESENTATION_LAYER_ASSIGNMENT (  '', '', ( #252 ) ) ;
#254 = MECHANICAL_DESIGN_GEOMETRIC_PRESENTATION_REPRESENTATION (  '', ( #252 ), #255 ) ;
#255 =( GEOMETRIC_REPRESENTATION_CONTEXT ( 3 ) GLOBAL_UNCERTAINTY_ASSIGNED_CONTEXT ( ( #22 ) ) GLOBAL_UNIT_ASSIGNED_CONTEXT ( ( #452, #441, #440 ) ) REPRESENTATION_CONTEXT ( 'NONE', 'WORKASPACE' ) );
#256 = PRESENTATION_LAYER_ASSIGNMENT (  '', '', ( #257 ) ) ;
#257 = STYLED_ITEM ( 'NONE', ( #326 ), #1300 ) ;
#258 = AXIS2_PLACEMENT_3D ( 'NONE', #461, #460, #412 ) ;
#259 = MECHANICAL_DESIGN_GEOMETRIC_PRESENTATION_REPRESENTATION (  '', ( #257 ), #260 ) ;
#260 =( GEOMETRIC_REPRESENTATION_CONTEXT ( 3 ) GLOBAL_UNCERTAINTY_ASSIGNED_CONTEXT ( ( #25 ) ) GLOBAL_UNIT_ASSIGNED_CONTEXT ( ( #589, #588, #587 ) ) REPRESENTATION_CONTEXT ( 'NONE', 'WORKASPACE' ) );
#261 = AXIS2_PLACEMENT_3D ( 'NONE', #570, #439, #482 ) ;
#262 = AXIS2_PLACEMENT_3D ( 'NONE', #546, #502, #540 ) ;
#263 = AXIS2_PLACEMENT_3D ( 'NONE', #379, #560, #564 ) ;
#264 = AXIS2_PLACEMENT_3D ( 'NONE', #421, #451, #586 ) ;
#265 = AXIS2_PLACEMENT_3D ( 'NONE', #1370, #1455, #1307 ) ;
#266 = AXIS2_PLACEMENT_3D ( 'NONE', #1338, #1472, #1535 ) ;
#267 = AXIS2_PLACEMENT_3D ( 'NONE', #1374, #1410, #1405 ) ;
#268 = STYLED_ITEM ( 'NONE', ( #349 ), #1789 ) ;
#269 = LENGTH_MEASURE_WITH_UNIT ( LENGTH_MEASURE( 0.02539999999999999900 ), #1498 );
#270 = FACE_OUTER_BOUND ( 'NONE', #52, .T. ) ;
#271 = SURFACE_STYLE_FILL_AREA ( #1344 ) ;
#272 = CONICAL_SURFACE ( 'NONE', #2064, 0.1799999999999998800, 0.7853981633974482800 ) ;
#273 = PRESENTATION_STYLE_ASSIGNMENT (( #1505 ) ) ;
#274 = FACE_BOUND ( 'NONE', #183, .T. ) ;
#275 = COLOUR_RGB ( '',0.7529411764705882200, 0.7529411764705882200, 0.7529411764705882200 ) ;
#276 = FACE_OUTER_BOUND ( 'NONE', #31, .T. ) ;
#277 = CYLINDRICAL_SURFACE ( 'NONE', #2071, 0.1174999999999999900 ) ;
#278 = FACE_OUTER_BOUND ( 'NONE', #166, .T. ) ;
#279 = SURFACE_STYLE_FILL_AREA ( #1468 ) ;
#280 = PRESENTATION_STYLE_ASSIGNMENT (( #1394 ) ) ;
#281 = COLOUR_RGB ( '',1.000000000000000000, 1.000000000000000000, 1.000000000000000000 ) ;
#282 = LENGTH_MEASURE_WITH_UNIT ( LENGTH_MEASURE( 0.02539999999999999900 ), #1550 );
#283 = COLOUR_RGB ( '',1.000000000000000000, 1.000000000000000000, 1.000000000000000000 ) ;
#284 = COLOUR_RGB ( '',0.7529411764705882200, 0.7529411764705882200, 0.7529411764705882200 ) ;
#285 = LENGTH_MEASURE_WITH_UNIT ( LENGTH_MEASURE( 0.02539999999999999900 ), #1376 );
#286 = CONICAL_SURFACE ( 'NONE', #251, 0.4894999999999997700, 0.7853981633974449500 ) ;
#287 = LENGTH_MEASURE_WITH_UNIT ( LENGTH_MEASURE( 0.02539999999999999900 ), #454 );
#288 = SURFACE_STYLE_FILL_AREA ( #1409 ) ;
#289 = CIRCLE ( 'NONE', #263, 0.1999999999999998200 ) ;
#290 = VECTOR ( 'NONE', #438, 39.37007874015748100 ) ;
#291 = CIRCLE ( 'NONE', #264, 0.1799999999999998800 ) ;
#292 = LINE ( 'NONE', #374, #300 ) ;
#293 = VECTOR ( 'NONE', #427, 39.37007874015748100 ) ;
#294 = CIRCLE ( 'NONE', #265, 0.1999999999999998200 ) ;
#295 = CIRCLE ( 'NONE', #266, 0.4994999999999998900 ) ;
#296 = LINE ( 'NONE', #1426, #303 ) ;
#297 = VECTOR ( 'NONE', #568, 39.37007874015748900 ) ;
#298 = FACE_OUTER_BOUND ( 'NONE', #124, .T. ) ;
#299 = LINE ( 'NONE', #431, #297 ) ;
#300 = VECTOR ( 'NONE', #380, 39.37007874015748900 ) ;
#301 = LINE ( 'NONE', #1439, #305 ) ;
#302 = LINE ( 'NONE', #1421, #304 ) ;
#303 = VECTOR ( 'NONE', #1401, 39.37007874015748100 ) ;
#304 = VECTOR ( 'NONE', #1459, 39.37007874015748100 ) ;
#305 = VECTOR ( 'NONE', #1423, 39.37007874015748100 ) ;
#306 = CIRCLE ( 'NONE', #267, 0.06799999999999990800 ) ;
#307 = LINE ( 'NONE', #377, #293 ) ;
#308 = VECTOR ( 'NONE', #498, 39.37007874015748100 ) ;
#309 = CIRCLE ( 'NONE', #262, 0.1799999999999998800 ) ;
#310 = VECTOR ( 'NONE', #476, 39.37007874015748100 ) ;
#311 = LINE ( 'NONE', #500, #308 ) ;
#312 = VECTOR ( 'NONE', #477, 39.37007874015748100 ) ;
#313 = LINE ( 'NONE', #535, #290 ) ;
#314 = LINE ( 'NONE', #497, #318 ) ;
#315 = LINE ( 'NONE', #453, #312 ) ;
#316 = VECTOR ( 'NONE', #468, 39.37007874015748100 ) ;
#317 = LINE ( 'NONE', #435, #310 ) ;
#318 = VECTOR ( 'NONE', #496, 39.37007874015748100 ) ;
#319 = LINE ( 'NONE', #594, #316 ) ;
#320 = LINE ( 'NONE', #503, #321 ) ;
#321 = VECTOR ( 'NONE', #474, 39.37007874015748100 ) ;
#322 = CIRCLE ( 'NONE', #261, 0.06799999999999989400 ) ;
#323 = LENGTH_MEASURE_WITH_UNIT ( LENGTH_MEASURE( 0.02539999999999999900 ), #590 );
#324 = CYLINDRICAL_SURFACE ( 'NONE', #258, 0.06799999999999990800 ) ;
#325 = SURFACE_STYLE_FILL_AREA ( #593 ) ;
#326 = PRESENTATION_STYLE_ASSIGNMENT (( #591 ) ) ;
#327 = FACE_OUTER_BOUND ( 'NONE', #82, .T. ) ;
#328 = COLOUR_RGB ( '',0.7529411764705882200, 0.7529411764705882200, 0.7529411764705882200 ) ;
#329 = PRESENTATION_STYLE_ASSIGNMENT (( #455 ) ) ;
#330 = SURFACE_STYLE_FILL_AREA ( #457 ) ;
#331 = COLOUR_RGB ( '',1.000000000000000000, 1.000000000000000000, 1.000000000000000000 ) ;
#332 = FACE_OUTER_BOUND ( 'NONE', #90, .T. ) ;
#333 = LENGTH_MEASURE_WITH_UNIT ( LENGTH_MEASURE( 0.02539999999999999900 ), #787 );
#334 = CONICAL_SURFACE ( 'NONE', #246, 0.06799999999999989400, 1.029744258676653200 ) ;
#335 = PRESENTATION_STYLE_ASSIGNMENT (( #769 ) ) ;
#336 = SURFACE_STYLE_FILL_AREA ( #471 ) ;
#337 = COLOUR_RGB ( '',0.7529411764705882200, 0.7529411764705882200, 0.7529411764705882200 ) ;
#338 = FACE_OUTER_BOUND ( 'NONE', #35, .T. ) ;
#339 = LENGTH_MEASURE_WITH_UNIT ( LENGTH_MEASURE( 0.02539999999999999900 ), #635 );
#340 = FACE_OUTER_BOUND ( 'NONE', #170, .T. ) ;
#341 = CYLINDRICAL_SURFACE ( 'NONE', #2076, 0.06799999999999990800 ) ;
#342 = SURFACE_STYLE_FILL_AREA ( #1424 ) ;
#343 = PRESENTATION_STYLE_ASSIGNMENT (( #1416 ) ) ;
#344 = FACE_BOUND ( 'NONE', #223, .T. ) ;
#345 = LENGTH_MEASURE_WITH_UNIT ( LENGTH_MEASURE( 0.02539999999999999900 ), #1441 );
#346 = COLOUR_RGB ( '',0.7529411764705882200, 0.7529411764705882200, 0.7529411764705882200 ) ;
#347 = CYLINDRICAL_SURFACE ( 'NONE', #243, 0.6249999999999998900 ) ;
#348 = PRESENTATION_STYLE_ASSIGNMENT (( #615 ) ) ;
#349 = PRESENTATION_STYLE_ASSIGNMENT (( #1377 ) ) ;
#350 = SURFACE_STYLE_FILL_AREA ( #613 ) ;
#351 = COLOUR_RGB ( '',0.7529411764705882200, 0.7529411764705882200, 0.7529411764705882200 ) ;
#352 = CARTESIAN_POINT ( 'NONE',  ( 0.1003523230571262700, 0.07583673427199937000, 0.4894577666195610300 ) ) ;
#353 = CARTESIAN_POINT ( 'NONE',  ( 0.02846953342993004500, 0.1206531929733623600, 0.4988015106683479900 ) ) ;
#354 =( NAMED_UNIT ( * ) PLANE_ANGLE_UNIT ( ) SI_UNIT ( $, .RADIAN. ) );
#355 = CARTESIAN_POINT ( 'NONE',  ( 0.07621344586150655100, -0.08954510560455079800, 0.4846891521836795300 ) ) ;
#356 = CARTESIAN_POINT ( 'NONE',  ( 0.09531465219258576600, 0.06886552719414704100, 0.4809844935141481800 ) ) ;
#357 = CARTESIAN_POINT ( 'NONE',  ( 0.04704432782766516900, -0.1079453859230610600, 0.4886368263448900300 ) ) ;
#358 = DIRECTION ( 'NONE',  ( 8.659560562354932900E-017, -0.7071067811865474600, 0.7071067811865474600 ) ) ;
#359 = DIRECTION ( 'NONE',  ( 0.0000000000000000000, 0.7071067811865426900, 0.7071067811865523500 ) ) ;
#360 = CARTESIAN_POINT ( 'NONE',  ( 0.08964848015118759300, 0.07609529397343521600, 0.4821416364648835600 ) ) ;
#361 = CARTESIAN_POINT ( 'NONE',  ( 0.06356286331211635800, -0.1075749071938748400, 0.4956831144712172100 ) ) ;
#362 = CARTESIAN_POINT ( 'NONE',  ( 0.03261147346549051600, -0.1202246001637840700, 0.4986767283147773300 ) ) ;
#363 = CARTESIAN_POINT ( 'NONE',  ( 0.1085476347863890700, -0.06195348903523253300, 0.4875669928609197000 ) ) ;
#364 = CARTESIAN_POINT ( 'NONE',  ( 2.120679583869328800E-010, 0.1234196922860722500, 0.4994999912171754800 ) ) ;
#365 =( NAMED_UNIT ( * ) SI_UNIT ( $, .STERADIAN. ) SOLID_ANGLE_UNIT ( ) );
#366 = CARTESIAN_POINT ( 'NONE',  ( -0.1175000000181290900, -0.005708009889255846000, -0.4754821795782837600 ) ) ;
#367 = DIRECTION ( 'NONE',  ( -0.0000000000000000000, 1.000000000000000000, -0.0000000000000000000 ) ) ;
#368 = CARTESIAN_POINT ( 'NONE',  ( 0.06544949653900966600, -0.09767878376499802800, 0.4863578196414888300 ) ) ;
#369 = CARTESIAN_POINT ( 'NONE',  ( 1.176183336030360300E-016, 0.5000000000000001100, 0.0000000000000000000 ) ) ;
#370 = CARTESIAN_POINT ( 'NONE',  ( 0.09532081259250831100, -0.06885705335145875200, -0.4809809334367936600 ) ) ;
#371 = CARTESIAN_POINT ( 'NONE',  ( 1.176183336030360300E-016, -0.4900000000000001000, 0.0000000000000000000 ) ) ;
#372 = CARTESIAN_POINT ( 'NONE',  ( 0.0000000000000000000, -0.1500000000000001100, -0.06799999999999989400 ) ) ;
#373 = CARTESIAN_POINT ( 'NONE',  ( 0.0001084139952355151700, 0.1174999499846941800, 0.4912400255857873900 ) ) ;
#374 = CARTESIAN_POINT ( 'NONE',  ( 1.421112695859830700E-016, 0.5000000000000001100, -0.1999999999999998200 ) ) ;
#375 = DIRECTION ( 'NONE',  ( 0.0000000000000000000, 0.0000000000000000000, 1.000000000000000000 ) ) ;
#376 = DIRECTION ( 'NONE',  ( -0.0000000000000000000, 1.000000000000000000, -0.0000000000000000000 ) ) ;
#377 = CARTESIAN_POINT ( 'NONE',  ( 1.176183336030360300E-016, -0.4800000000000000900, -0.1799999999999998800 ) ) ;
#378 = DIRECTION ( 'NONE',  ( 0.0000000000000000000, 0.0000000000000000000, -1.000000000000000000 ) ) ;
#379 = CARTESIAN_POINT ( 'NONE',  ( 1.176183336030360300E-016, -0.5000000000000000000, 0.0000000000000000000 ) ) ;
#380 = DIRECTION ( 'NONE',  ( 8.659560562354916800E-017, 0.7071067811865486800, -0.7071067811865462400 ) ) ;
#381 = SURFACE_STYLE_USAGE ( .BOTH. , #388 ) ;
#382 = CARTESIAN_POINT ( 'NONE',  ( 1.703470948979237400E-018, 0.1174999999999999900, -0.01391091682360802300 ) ) ;
#383 = CARTESIAN_POINT ( 'NONE',  ( -0.003472916073767643000, 0.1175000000000000100, -0.01391091682360802600 ) ) ;
#384 = CARTESIAN_POINT ( 'NONE',  ( -0.01152131737235606900, 0.1169569326703942000, -0.006978456972036297900 ) ) ;
#385 = FILL_AREA_STYLE ('',( #659 ) ) ;
#386 = CARTESIAN_POINT ( 'NONE',  ( 1.935464351501719100E-016, -0.3150000000000000600, 0.6149999999999998800 ) ) ;
#387 = CARTESIAN_POINT ( 'NONE',  ( 0.0000000000000000000, -0.1500000000000001100, 0.0000000000000000000 ) ) ;
#388 = SURFACE_SIDE_STYLE ('',( #1922 ) ) ;
#389 = CARTESIAN_POINT ( 'NONE',  ( -0.01275343266055768900, 0.1168058215964206800, -0.003495360355979930700 ) ) ;
#390 = CARTESIAN_POINT ( 'NONE',  ( -0.006881641989473192600, 0.1173213870408562600, -0.01225681620167912500 ) ) ;
#391 = CARTESIAN_POINT ( 'NONE',  ( 0.1255027460534515200, -0.008081880922655177600, -0.4834762773878124000 ) ) ;
#392 =( CONVERSION_BASED_UNIT ( 'INCH', #333 ) LENGTH_UNIT ( ) NAMED_UNIT ( #1303 ) );
#393 =( CONVERSION_BASED_UNIT ( 'INCH', #1854 ) LENGTH_UNIT ( ) NAMED_UNIT ( #1269 ) );
#394 = DIRECTION ( 'NONE',  ( 0.0000000000000000000, -1.000000000000000000, 0.0000000000000000000 ) ) ;
#395 = CARTESIAN_POINT ( 'NONE',  ( 1.408866227868357200E-016, -0.4800000000000000900, 0.1799999999999998800 ) ) ;
#396 = CARTESIAN_POINT ( 'NONE',  ( 2.262311619753217800E-016, -0.1234197755346081000, 0.4994999999999998900 ) ) ;
#397 = CARTESIAN_POINT ( 'NONE',  ( 1.899488058094683000E-016, -0.1175000000000001600, 0.4912400387847781800 ) ) ;
#398 = SURFACE_STYLE_USAGE ( .BOTH. , #450 ) ;
#399 =( LENGTH_UNIT ( ) NAMED_UNIT ( * ) SI_UNIT ( $, .METRE. ) );
#400 =( CONVERSION_BASED_UNIT ( 'INCH', #1903 ) LENGTH_UNIT ( ) NAMED_UNIT ( #1283 ) );
#401 = CARTESIAN_POINT ( 'NONE',  ( 0.06137031574093201200, -0.1047773059200323600, 0.4876194085615019900 ) ) ;
#402 = CARTESIAN_POINT ( 'NONE',  ( 1.176183336030360300E-016, -0.3150000000000000600, 0.0000000000000000000 ) ) ;
#403 = DIRECTION ( 'NONE',  ( -0.0000000000000000000, 1.000000000000000000, -0.0000000000000000000 ) ) ;
#404 = CARTESIAN_POINT ( 'NONE',  ( 0.03318420256336462200, 0.1234127764661036300, 0.4994968543978267600 ) ) ;
#405 = CARTESIAN_POINT ( 'NONE',  ( 1.176183336030360300E-016, 0.4800000000000002000, 0.4994999999999998900 ) ) ;
#406 = CARTESIAN_POINT ( 'NONE',  ( 8.327598234201991100E-018, 0.4700000000000002000, -0.06799999999999990800 ) ) ;
#407 = FILL_AREA_STYLE_COLOUR ( '', #331 ) ;
#408 = CARTESIAN_POINT ( 'NONE',  ( 0.08293363442021059500, 0.09298596091605189400, 0.4926023480391130100 ) ) ;
#409 = CARTESIAN_POINT ( 'NONE',  ( 1.176183336030360300E-016, 0.5000000000000001100, 0.0000000000000000000 ) ) ;
#410 = CARTESIAN_POINT ( 'NONE',  ( -0.1175045565999890800, -0.03093332091076505000, 0.4754824146520432700 ) ) ;
#411 = DIRECTION ( 'NONE',  ( 0.0000000000000000000, -1.000000000000000000, 0.0000000000000000000 ) ) ;
#412 = DIRECTION ( 'NONE',  ( 0.0000000000000000000, 0.0000000000000000000, 1.000000000000000000 ) ) ;
#413 = CARTESIAN_POINT ( 'NONE',  ( -1.655529536305872000E-018, 0.1174999999999999900, 0.01391091682360806400 ) ) ;
#414 = CARTESIAN_POINT ( 'NONE',  ( 1.176183336030360300E-016, 0.4899999999999998800, 0.0000000000000000000 ) ) ;
#415 = CARTESIAN_POINT ( 'NONE',  ( -0.03085330494967317800, 0.1175065633359356200, 0.4912431059743178600 ) ) ;
#416 = CARTESIAN_POINT ( 'NONE',  ( 0.03107013294014420200, 0.1174933366334527400, 0.4912369451972568600 ) ) ;
#417 = CARTESIAN_POINT ( 'NONE',  ( 0.06149390240712730000, 0.1047440136926216400, 0.4876019753835524900 ) ) ;
#418 = CARTESIAN_POINT ( 'NONE',  ( 0.02538787282293654100, 0.1157490513575487700, 0.4905860306791917100 ) ) ;
#419 = CARTESIAN_POINT ( 'NONE',  ( 1.899488058094683000E-016, -0.1175000000000001600, 0.4912400387847781800 ) ) ;
#420 = CARTESIAN_POINT ( 'NONE',  ( 0.1119036266263762900, 0.06441748291807969400, 0.4872891223287554900 ) ) ;
#421 = CARTESIAN_POINT ( 'NONE',  ( 1.176183336030360300E-016, 0.4800000000000000900, 0.0000000000000000000 ) ) ;
#422 = DIRECTION ( 'NONE',  ( 0.0000000000000000000, 0.0000000000000000000, 1.000000000000000000 ) ) ;
#423 = CARTESIAN_POINT ( 'NONE',  ( -0.1118695619547514500, 0.06451979087935003100, 0.4873003004811557500 ) ) ;
#424 = CARTESIAN_POINT ( 'NONE',  ( 0.1254934078258597200, 0.03244368637462627400, 0.4834773902116840100 ) ) ;
#425 = CARTESIAN_POINT ( 'NONE',  ( -0.1174999653636959900, 3.500855753101729900E-010, -0.4754832791815541400 ) ) ;
#426 = CARTESIAN_POINT ( 'NONE',  ( -0.1254998853960467600, -0.03249177199050152400, 0.4834774191172665500 ) ) ;
#427 = DIRECTION ( 'NONE',  ( 0.0000000000000000000, -0.7071067811865475700, -0.7071067811865474600 ) ) ;
#428 = CARTESIAN_POINT ( 'NONE',  ( 0.09969296402648079900, -0.07538876931582252900, 0.4894719805191479200 ) ) ;
#429 = CARTESIAN_POINT ( 'NONE',  ( 0.1047744861078609400, 0.06132772677103735100, 0.4792310858358485600 ) ) ;
#430 = CARTESIAN_POINT ( 'NONE',  ( -0.1048260151851770300, -0.06134208300363972600, 0.4792285816863113300 ) ) ;
#431 = CARTESIAN_POINT ( 'NONE',  ( 1.176183336030360300E-016, 0.5000000000000001100, 0.1999999999999998200 ) ) ;
#432 = CARTESIAN_POINT ( 'NONE',  ( -0.06146660444907697800, -0.1047053941081107200, 0.4875998816479421000 ) ) ;
#433 = CARTESIAN_POINT ( 'NONE',  ( -0.03295262100821274400, 0.1234266695328515200, 0.4995031187603223800 ) ) ;
#434 = CARTESIAN_POINT ( 'NONE',  ( -0.003501928658086033700, 0.1174999999999999900, 0.01391091682360804200 ) ) ;
#435 = CARTESIAN_POINT ( 'NONE',  ( 0.0000000000000000000, 0.5000000000000001100, 0.06799999999999990800 ) ) ;
#436 = CARTESIAN_POINT ( 'NONE',  ( 0.1174999999999999700, -0.01137696990729393200, -0.4754816085205739200 ) ) ;
#437 = CARTESIAN_POINT ( 'NONE',  ( 0.06554611820346024900, -0.1100560988342357700, 0.4958184907048322500 ) ) ;
#438 = DIRECTION ( 'NONE',  ( 8.659560562354931600E-017, -0.7071067811865475700, 0.7071067811865474600 ) ) ;
#439 = DIRECTION ( 'NONE',  ( -0.0000000000000000000, 1.000000000000000000, -0.0000000000000000000 ) ) ;
#440 =( NAMED_UNIT ( * ) SI_UNIT ( $, .STERADIAN. ) SOLID_ANGLE_UNIT ( ) );
#441 =( NAMED_UNIT ( * ) PLANE_ANGLE_UNIT ( ) SI_UNIT ( $, .RADIAN. ) );
#442 = CARTESIAN_POINT ( 'NONE',  ( 0.1175014419326120600, -0.03106415659719471300, 0.4754841606442297700 ) ) ;
#443 = CARTESIAN_POINT ( 'NONE',  ( 0.06567811409468857200, 0.1100211292578050900, 0.4958007643868370100 ) ) ;
#444 = CARTESIAN_POINT ( 'NONE',  ( -0.01150557494680951400, 0.1169579418853029400, 0.006989561275638179900 ) ) ;
#445 = CARTESIAN_POINT ( 'NONE',  ( -0.1254901517571478900, 0.03250486111225336200, 0.4834791472546866000 ) ) ;
#446 = CARTESIAN_POINT ( 'NONE',  ( 0.1174984917013190500, 0.03088754389106279300, 0.4754823862243905400 ) ) ;
#447 = DIRECTION ( 'NONE',  ( 0.0000000000000000000, 0.0000000000000000000, 1.000000000000000000 ) ) ;
#448 = CARTESIAN_POINT ( 'NONE',  ( 0.1189921864441846500, 0.03966010255395002000, 0.4851309225207150500 ) ) ;
#449 = CARTESIAN_POINT ( 'NONE',  ( 0.1118269058511322400, -0.06458778008991618300, 0.4873090749435573500 ) ) ;
#450 = SURFACE_SIDE_STYLE ('',( #1866 ) ) ;
#451 = DIRECTION ( 'NONE',  ( -0.0000000000000000000, 1.000000000000000000, -0.0000000000000000000 ) ) ;
#452 =( CONVERSION_BASED_UNIT ( 'INCH', #287 ) LENGTH_UNIT ( ) NAMED_UNIT ( #1290 ) );
#453 = CARTESIAN_POINT ( 'NONE',  ( 1.941587585497456000E-016, 0.4800000000000002000, -0.6249999999999998900 ) ) ;
#454 =( LENGTH_UNIT ( ) NAMED_UNIT ( * ) SI_UNIT ( $, .METRE. ) );
#455 = SURFACE_STYLE_USAGE ( .BOTH. , #456 ) ;
#456 = SURFACE_SIDE_STYLE ('',( #330 ) ) ;
#457 = FILL_AREA_STYLE ('',( #407 ) ) ;
#458 = CARTESIAN_POINT ( 'NONE',  ( 2.120679583869328800E-010, 0.1234196922860722500, 0.4994999912171754800 ) ) ;
#459 = FILL_AREA_STYLE_COLOUR ( '', #328 ) ;
#460 = DIRECTION ( 'NONE',  ( -0.0000000000000000000, 1.000000000000000000, -0.0000000000000000000 ) ) ;
#461 = CARTESIAN_POINT ( 'NONE',  ( 0.0000000000000000000, 0.5000000000000001100, 0.0000000000000000000 ) ) ;
#462 = DIRECTION ( 'NONE',  ( 0.0000000000000000000, 0.0000000000000000000, -1.000000000000000000 ) ) ;
#463 = DIRECTION ( 'NONE',  ( 0.0000000000000000000, 0.0000000000000000000, 1.000000000000000000 ) ) ;
#464 = CARTESIAN_POINT ( 'NONE',  ( -0.1119586618267279800, -0.06443256248804020400, 0.4872865760833908800 ) ) ;
#465 = CARTESIAN_POINT ( 'NONE',  ( 1.775647944212989300E-016, 0.5000000000000001100, 0.4894999999999997700 ) ) ;
#466 =( NAMED_UNIT ( * ) SI_UNIT ( $, .STERADIAN. ) SOLID_ANGLE_UNIT ( ) );
#467 =( NAMED_UNIT ( * ) PLANE_ANGLE_UNIT ( ) SI_UNIT ( $, .RADIAN. ) );
#468 = DIRECTION ( 'NONE',  ( 0.0000000000000000000, 0.5150380749100552700, 0.8571673007021116700 ) ) ;
#469 = CARTESIAN_POINT ( 'NONE',  ( 0.1003860369750372700, -0.07581940948117091300, -0.4894511549473749000 ) ) ;
#470 = SURFACE_SIDE_STYLE ('',( #336 ) ) ;
#471 = FILL_AREA_STYLE ('',( #606 ) ) ;
#472 = DIRECTION ( 'NONE',  ( 1.224646799147384800E-016, 0.0000000000000000000, -1.000000000000000000 ) ) ;
#473 = CARTESIAN_POINT ( 'NONE',  ( -0.1174999653636959900, 3.500855753101729900E-010, -0.4754832791815541400 ) ) ;
#474 = DIRECTION ( 'NONE',  ( 1.049727191138618000E-016, 0.5150380749100552700, -0.8571673007021116700 ) ) ;
#475 = CARTESIAN_POINT ( 'NONE',  ( -0.006920419666062313500, 0.1173185672285002600, 0.01221947160373098800 ) ) ;
#476 = DIRECTION ( 'NONE',  ( -0.0000000000000000000, 1.000000000000000000, -0.0000000000000000000 ) ) ;
#477 = DIRECTION ( 'NONE',  ( -0.0000000000000000000, 1.000000000000000000, -0.0000000000000000000 ) ) ;
#478 = DIRECTION ( 'NONE',  ( 1.000000000000000000, 0.0000000000000000000, 1.224646799147353200E-016 ) ) ;
#479 = CARTESIAN_POINT ( 'NONE',  ( -0.1047425915820518900, 0.06142512761642147900, 0.4792420791491389700 ) ) ;
#480 = DIRECTION ( 'NONE',  ( 0.0000000000000000000, 0.0000000000000000000, 1.000000000000000000 ) ) ;
#481 = CARTESIAN_POINT ( 'NONE',  ( -0.1141648241213667500, -0.05120102978787170700, -0.4862812183712884000 ) ) ;
#482 = DIRECTION ( 'NONE',  ( 0.0000000000000000000, 0.0000000000000000000, 1.000000000000000000 ) ) ;
#483 = DIRECTION ( 'NONE',  ( -0.0000000000000000000, 1.000000000000000000, -0.0000000000000000000 ) ) ;
#484 = CARTESIAN_POINT ( 'NONE',  ( 1.176183336030360300E-016, -0.3149999999999998900, 0.0000000000000000000 ) ) ;
#485 = CARTESIAN_POINT ( 'NONE',  ( -0.06143334516072612700, 0.1047391225930101400, 0.4876085185536724900 ) ) ;
#486 = DIRECTION ( 'NONE',  ( -1.000000000000000000, 0.0000000000000000000, 0.0000000000000000000 ) ) ;
#487 = CARTESIAN_POINT ( 'NONE',  ( 1.365923996832131600E-016, -0.3100000000000000000, 0.5044999999999999500 ) ) ;
#488 = CARTESIAN_POINT ( 'NONE',  ( 0.1174999999999999800, -1.584062419680166500E-018, -0.4754832643871458900 ) ) ;
#489 = CARTESIAN_POINT ( 'NONE',  ( 1.176183336030360300E-016, -0.3149999999999998900, 0.0000000000000000000 ) ) ;
#490 = CARTESIAN_POINT ( 'NONE',  ( 0.0000000000000000000, -0.4800000000000001500, -0.07799999999999955600 ) ) ;
#491 = CARTESIAN_POINT ( 'NONE',  ( -0.03259438692212757200, -0.1201929527406994200, -0.4986782678514820600 ) ) ;
#492 = DIRECTION ( 'NONE',  ( 0.0000000000000000000, -0.7071067811865589000, -0.7071067811865360300 ) ) ;
#493 = FILL_AREA_STYLE_COLOUR ( '', #1911 ) ;
#494 = CARTESIAN_POINT ( 'NONE',  ( -2.934096997305312100E-013, -0.1234196853116540100, -0.4994999906977902700 ) ) ;
#495 = DIRECTION ( 'NONE',  ( 0.0000000000000000000, 0.0000000000000000000, 1.000000000000000000 ) ) ;
#496 = DIRECTION ( 'NONE',  ( -0.0000000000000000000, 1.000000000000000000, -0.0000000000000000000 ) ) ;
#497 = CARTESIAN_POINT ( 'NONE',  ( 8.327598234201991100E-018, 0.5000000000000001100, -0.06799999999999990800 ) ) ;
#498 = DIRECTION ( 'NONE',  ( -0.0000000000000000000, 1.000000000000000000, -0.0000000000000000000 ) ) ;
#499 = CARTESIAN_POINT ( 'NONE',  ( 1.941587585497456000E-016, -0.4900000000000001000, -0.6249999999999998900 ) ) ;
#500 = CARTESIAN_POINT ( 'NONE',  ( 1.176183336030360300E-016, 0.4800000000000002000, 0.6249999999999998900 ) ) ;
#501 = CARTESIAN_POINT ( 'NONE',  ( 0.1174999640733772200, 1.342452616566161900E-009, 0.4754832810927045500 ) ) ;
#502 = DIRECTION ( 'NONE',  ( -0.0000000000000000000, 1.000000000000000000, -0.0000000000000000000 ) ) ;
#503 = CARTESIAN_POINT ( 'NONE',  ( 8.327598234201989500E-018, 0.1500000000000001100, -0.06799999999999989400 ) ) ;
#504 = FILL_AREA_STYLE_COLOUR ( '', #1819 ) ;
#505 = DIRECTION ( 'NONE',  ( 0.0000000000000000000, -1.000000000000000000, 0.0000000000000000000 ) ) ;
#506 = CARTESIAN_POINT ( 'NONE',  ( 1.176183336030360300E-016, -0.3250000000000000700, 0.0000000000000000000 ) ) ;
#507 = CARTESIAN_POINT ( 'NONE',  ( -0.1174999653636959900, 3.500855753101729900E-010, -0.4754832791815541400 ) ) ;
#508 = FILL_AREA_STYLE ('',( #504 ) ) ;
#509 = CARTESIAN_POINT ( 'NONE',  ( 2.262311619753217800E-016, -0.1234197755346081000, 0.4994999999999998900 ) ) ;
#510 = FILL_AREA_STYLE_COLOUR ( '', #1935 ) ;
#511 =( CONVERSION_BASED_UNIT ( 'INCH', #1841 ) LENGTH_UNIT ( ) NAMED_UNIT ( #1281 ) );
#512 =( LENGTH_UNIT ( ) NAMED_UNIT ( * ) SI_UNIT ( $, .METRE. ) );
#513 = SURFACE_STYLE_USAGE ( .BOTH. , #716 ) ;
#514 = CARTESIAN_POINT ( 'NONE',  ( -0.01275711334713723100, 0.1168054196623193000, 0.003479451523396896700 ) ) ;
#515 = CARTESIAN_POINT ( 'NONE',  ( -0.01648098224228069000, -0.1234037046793327500, -0.4995000000001143000 ) ) ;
#516 = FILL_AREA_STYLE ('',( #493 ) ) ;
#517 = CARTESIAN_POINT ( 'NONE',  ( 0.03097309906106472000, -0.1175208617183508700, 0.4912446430916300200 ) ) ;
#518 = CARTESIAN_POINT ( 'NONE',  ( -0.06561343632471929000, 0.1100159917821348200, 0.4958074175852467700 ) ) ;
#519 = CARTESIAN_POINT ( 'NONE',  ( 0.1254965587984111800, -0.03262919701758246900, 0.4834791944672493500 ) ) ;
#520 = CARTESIAN_POINT ( 'NONE',  ( -0.01167917614021721200, -0.1175037977729846300, -0.4912388286614237700 ) ) ;
#521 = CARTESIAN_POINT ( 'NONE',  ( -0.1174954430696190200, 0.03094578221851884300, 0.4754841142123296100 ) ) ;
#522 = CARTESIAN_POINT ( 'NONE',  ( 0.1222836844922543000, -0.03196004336416933400, 0.4843466611175301100 ) ) ;
#523 = DIRECTION ( 'NONE',  ( -0.0000000000000000000, 1.000000000000000000, -0.0000000000000000000 ) ) ;
#524 =( NAMED_UNIT ( * ) SI_UNIT ( $, .STERADIAN. ) SOLID_ANGLE_UNIT ( ) );
#525 =( NAMED_UNIT ( * ) PLANE_ANGLE_UNIT ( ) SI_UNIT ( $, .RADIAN. ) );
#526 =( CONVERSION_BASED_UNIT ( 'INCH', #1865 ) LENGTH_UNIT ( ) NAMED_UNIT ( #1277 ) );
#527 = CARTESIAN_POINT ( 'NONE',  ( -0.1119586618267279800, -0.06443256248804020400, 0.4872865760833908800 ) ) ;
#528 = CARTESIAN_POINT ( 'NONE',  ( -0.06564895876469197000, -0.1099805639223444700, 0.4957986354358617800 ) ) ;
#529 = DIRECTION ( 'NONE',  ( -0.0000000000000000000, 1.000000000000000000, -0.0000000000000000000 ) ) ;
#530 = CARTESIAN_POINT ( 'NONE',  ( -0.03308056952167803800, -0.1233978627959816900, 0.4994953182772648400 ) ) ;
#531 = CARTESIAN_POINT ( 'NONE',  ( -0.06561343632471929000, 0.1100159917821348200, 0.4958074175852467700 ) ) ;
#532 = CARTESIAN_POINT ( 'NONE',  ( 2.120679583869328800E-010, 0.1234196922860722500, 0.4994999912171754800 ) ) ;
#533 = CARTESIAN_POINT ( 'NONE',  ( -0.1118695619547514500, 0.06451979087935003100, 0.4873003004811557500 ) ) ;
#534 = CARTESIAN_POINT ( 'NONE',  ( -0.1254901517571478900, 0.03250486111225336200, 0.4834791472546866000 ) ) ;
#535 = CARTESIAN_POINT ( 'NONE',  ( 1.396619759876883900E-016, -0.4800000000000000900, 0.1799999999999998800 ) ) ;
#536 = CARTESIAN_POINT ( 'NONE',  ( 0.1119036266263762900, 0.06441748291807969400, 0.4872891223287554900 ) ) ;
#537 = CARTESIAN_POINT ( 'NONE',  ( 0.1158613534265154100, 0.02487643283302555200, 0.4761476295037570000 ) ) ;
#538 = CARTESIAN_POINT ( 'NONE',  ( 0.06567811409468857200, 0.1100211292578050900, 0.4958007643868370100 ) ) ;
#539 = CARTESIAN_POINT ( 'NONE',  ( 0.03318420256336462200, 0.1234127764661036300, 0.4994968543978267600 ) ) ;
#540 = DIRECTION ( 'NONE',  ( 0.0000000000000000000, 0.0000000000000000000, 1.000000000000000000 ) ) ;
#541 = CARTESIAN_POINT ( 'NONE',  ( 0.03308056952167846800, -0.1234416882732345000, 0.4995046817227349300 ) ) ;
#542 = CARTESIAN_POINT ( 'NONE',  ( 0.06554611820346024900, -0.1100560988342357700, 0.4958184907048322500 ) ) ;
#543 = CARTESIAN_POINT ( 'NONE',  ( 0.08648083838009973400, -0.07968741003648943700, -0.4827698425774393800 ) ) ;
#544 = CARTESIAN_POINT ( 'NONE',  ( 0.1118269058511322400, -0.06458778008991618300, 0.4873090749435573500 ) ) ;
#545 = CARTESIAN_POINT ( 'NONE',  ( 0.0000000000000000000, -0.4800000000000001500, -0.07799999999999955600 ) ) ;
#546 = CARTESIAN_POINT ( 'NONE',  ( 1.176183336030360300E-016, -0.4800000000000000900, 0.0000000000000000000 ) ) ;
#547 = CARTESIAN_POINT ( 'NONE',  ( 0.1055634083404492100, -0.05384359149774580600, 0.4787907069135549600 ) ) ;
#548 = CARTESIAN_POINT ( 'NONE',  ( 0.0001084139952355151700, 0.1174999499846941800, 0.4912400255857873900 ) ) ;
#549 = CARTESIAN_POINT ( 'NONE',  ( -0.06146660444907697800, -0.1047053941081107200, 0.4875998816479421000 ) ) ;
#550 = CARTESIAN_POINT ( 'NONE',  ( -0.03097309906106435900, -0.1174791382816494500, 0.4912354344779263400 ) ) ;
#551 = DIRECTION ( 'NONE',  ( 0.0000000000000000000, -1.000000000000000000, 0.0000000000000000000 ) ) ;
#552 = CARTESIAN_POINT ( 'NONE',  ( 1.899488058094683000E-016, -0.1175000000000001600, 0.4912400387847781800 ) ) ;
#553 = CARTESIAN_POINT ( 'NONE',  ( 0.05428269073711614700, -0.1053383762646404700, -0.4879841864467430700 ) ) ;
#554 = CARTESIAN_POINT ( 'NONE',  ( -0.06143334516072612700, 0.1047391225930101400, 0.4876085185536724900 ) ) ;
#555 = CARTESIAN_POINT ( 'NONE',  ( -0.1047425915820518900, 0.06142512761642147900, 0.4792420791491389700 ) ) ;
#556 = CARTESIAN_POINT ( 'NONE',  ( -0.1174954430696190200, 0.03094578221851884300, 0.4754841142123296100 ) ) ;
#557 = CARTESIAN_POINT ( 'NONE',  ( 0.1047744861078609400, 0.06132772677103735100, 0.4792310858358485600 ) ) ;
#558 = CARTESIAN_POINT ( 'NONE',  ( 0.06149390240712730000, 0.1047440136926216400, 0.4876019753835524900 ) ) ;
#559 = CARTESIAN_POINT ( 'NONE',  ( 0.03107013294014420200, 0.1174933366334527400, 0.4912369451972568600 ) ) ;
#560 = DIRECTION ( 'NONE',  ( -0.0000000000000000000, 1.000000000000000000, -0.0000000000000000000 ) ) ;
#561 = CARTESIAN_POINT ( 'NONE',  ( 0.06137031574093201200, -0.1047773059200323600, 0.4876194085615019900 ) ) ;
#562 = CARTESIAN_POINT ( 'NONE',  ( 0.1047026529991983300, -0.06148985576212198700, 0.4792507085145730800 ) ) ;
#563 = CARTESIAN_POINT ( 'NONE',  ( 0.1175014419326120600, -0.03106415659719471300, 0.4754841606442297700 ) ) ;
#564 = DIRECTION ( 'NONE',  ( 0.0000000000000000000, 0.0000000000000000000, 1.000000000000000000 ) ) ;
#565 = DIRECTION ( 'NONE',  ( 0.0000000000000000000, -1.000000000000000000, 0.0000000000000000000 ) ) ;
#566 = CARTESIAN_POINT ( 'NONE',  ( 1.176183336030360300E-016, 0.5000000000000001100, 0.0000000000000000000 ) ) ;
#567 = CARTESIAN_POINT ( 'NONE',  ( 1.899488058094683000E-016, -0.1175000000000001600, 0.4912400387847781800 ) ) ;
#568 = DIRECTION ( 'NONE',  ( 0.0000000000000000000, 0.7071067811865486800, 0.7071067811865462400 ) ) ;
#569 = CARTESIAN_POINT ( 'NONE',  ( 0.1046761223546898200, 0.05407970584601561000, 0.4789592655706801400 ) ) ;
#570 = CARTESIAN_POINT ( 'NONE',  ( 0.0000000000000000000, 0.1500000000000001100, 0.0000000000000000000 ) ) ;
#571 = SURFACE_STYLE_USAGE ( .BOTH. , #573 ) ;
#572 = CARTESIAN_POINT ( 'NONE',  ( 0.05446481157927528200, -0.1044698993955214800, 0.4878229307237788600 ) ) ;
#573 = SURFACE_SIDE_STYLE ('',( #1936 ) ) ;
#574 = FILL_AREA_STYLE ('',( #510 ) ) ;
#575 =( NAMED_UNIT ( * ) SI_UNIT ( $, .STERADIAN. ) SOLID_ANGLE_UNIT ( ) );
#576 =( NAMED_UNIT ( * ) PLANE_ANGLE_UNIT ( ) SI_UNIT ( $, .RADIAN. ) );
#577 = CARTESIAN_POINT ( 'NONE',  ( -0.09684479891855693500, -0.06930772765533295400, -0.4807691964151736800 ) ) ;
#578 =( CONVERSION_BASED_UNIT ( 'INCH', #1834 ) LENGTH_UNIT ( ) NAMED_UNIT ( #1285 ) );
#579 = CARTESIAN_POINT ( 'NONE',  ( -1.655529536305872000E-018, 0.1174999999999999900, 0.01391091682360806400 ) ) ;
#580 = CARTESIAN_POINT ( 'NONE',  ( 0.01181724241229559400, 0.1174891465684511600, 0.4912383200403179200 ) ) ;
#581 = CARTESIAN_POINT ( 'NONE',  ( 0.1254950187530335900, 0.0000000000000000000, -0.4834782831401796000 ) ) ;
#582 = CARTESIAN_POINT ( 'NONE',  ( 1.781771178208726200E-016, 0.5000000000000001100, 0.4894999999999997700 ) ) ;
#583 = CARTESIAN_POINT ( 'NONE',  ( 1.176183336030360300E-016, -0.3100000000000000000, 0.4994999999999998900 ) ) ;
#584 = CARTESIAN_POINT ( 'NONE',  ( 1.703470948979237400E-018, 0.1174999999999999900, -0.01391091682360802300 ) ) ;
#585 = CARTESIAN_POINT ( 'NONE',  ( -0.03308056952167803800, -0.1233978627959816900, 0.4994953182772648400 ) ) ;
#586 = DIRECTION ( 'NONE',  ( 0.0000000000000000000, 0.0000000000000000000, 1.000000000000000000 ) ) ;
#587 =( NAMED_UNIT ( * ) SI_UNIT ( $, .STERADIAN. ) SOLID_ANGLE_UNIT ( ) );
#588 =( NAMED_UNIT ( * ) PLANE_ANGLE_UNIT ( ) SI_UNIT ( $, .RADIAN. ) );
#589 =( CONVERSION_BASED_UNIT ( 'INCH', #323 ) LENGTH_UNIT ( ) NAMED_UNIT ( #1265 ) );
#590 =( LENGTH_UNIT ( ) NAMED_UNIT ( * ) SI_UNIT ( $, .METRE. ) );
#591 = SURFACE_STYLE_USAGE ( .BOTH. , #592 ) ;
#592 = SURFACE_SIDE_STYLE ('',( #325 ) ) ;
#593 = FILL_AREA_STYLE ('',( #459 ) ) ;
#594 = CARTESIAN_POINT ( 'NONE',  ( 0.0000000000000000000, 0.1500000000000001100, 0.06799999999999989400 ) ) ;
#595 = CARTESIAN_POINT ( 'NONE',  ( 2.262311619753217800E-016, -0.1234197755346081000, 0.4994999999999998900 ) ) ;
#596 = CARTESIAN_POINT ( 'NONE',  ( 1.983758307001971000E-016, -0.3100000000000000000, -0.5044999999999999500 ) ) ;
#597 =( NAMED_UNIT ( * ) PLANE_ANGLE_UNIT ( ) SI_UNIT ( $, .RADIAN. ) );
#598 =( NAMED_UNIT ( * ) SI_UNIT ( $, .STERADIAN. ) SOLID_ANGLE_UNIT ( ) );
#599 = DIRECTION ( 'NONE',  ( 0.0000000000000000000, 0.0000000000000000000, 1.000000000000000000 ) ) ;
#600 = CARTESIAN_POINT ( 'NONE',  ( 9.552245033349300000E-018, -0.4800000000000001500, 0.07799999999999955600 ) ) ;
#601 =( LENGTH_UNIT ( ) NAMED_UNIT ( * ) SI_UNIT ( $, .METRE. ) );
#602 = CARTESIAN_POINT ( 'NONE',  ( 0.0000000000000000000, 0.4800000000000001500, 0.0000000000000000000 ) ) ;
#603 = CARTESIAN_POINT ( 'NONE',  ( 0.0000000000000000000, -0.4800000000000001500, 0.0000000000000000000 ) ) ;
#604 = DIRECTION ( 'NONE',  ( 0.0000000000000000000, -0.7071067811865499000, -0.7071067811865451300 ) ) ;
#605 =( CONVERSION_BASED_UNIT ( 'INCH', #1901 ) LENGTH_UNIT ( ) NAMED_UNIT ( #1304 ) );
#606 = FILL_AREA_STYLE_COLOUR ( '', #337 ) ;
#607 = CARTESIAN_POINT ( 'NONE',  ( 1.107536401717686400E-016, -0.1234197755346081000, 0.4994999999999998900 ) ) ;
#608 = CARTESIAN_POINT ( 'NONE',  ( 1.935464351501719100E-016, -0.5000000000000001100, -0.6149999999999997700 ) ) ;
#609 = CARTESIAN_POINT ( 'NONE',  ( 0.1093563194729745400, 0.06248824931858927600, 0.4874269740931412900 ) ) ;
#610 = SURFACE_SIDE_STYLE ('',( #1829 ) ) ;
#611 = FILL_AREA_STYLE ('',( #652 ) ) ;
#612 = FILL_AREA_STYLE_COLOUR ( '', #351 ) ;
#613 = FILL_AREA_STYLE ('',( #612 ) ) ;
#614 = SURFACE_SIDE_STYLE ('',( #350 ) ) ;
#615 = SURFACE_STYLE_USAGE ( .BOTH. , #614 ) ;
#616 = CARTESIAN_POINT ( 'NONE',  ( -2.934096997305312100E-013, -0.1234196853116540100, -0.4994999906977902700 ) ) ;
#617 = DIRECTION ( 'NONE',  ( 0.0000000000000000000, 0.0000000000000000000, -1.000000000000000000 ) ) ;
#618 = DIRECTION ( 'NONE',  ( 0.0000000000000000000, -1.000000000000000000, 0.0000000000000000000 ) ) ;
#619 = SURFACE_STYLE_USAGE ( .BOTH. , #610 ) ;
#620 = CARTESIAN_POINT ( 'NONE',  ( 0.09679560356539671000, -0.06937725458018705000, 0.4807775716038481000 ) ) ;
#621 = CARTESIAN_POINT ( 'NONE',  ( 0.08965424838240211600, -0.07608854615859256300, -0.4821392525314039400 ) ) ;
#622 =( CONVERSION_BASED_UNIT ( 'INCH', #339 ) LENGTH_UNIT ( ) NAMED_UNIT ( #1296 ) );
#623 = CARTESIAN_POINT ( 'NONE',  ( 0.07664725681099716900, 0.09806337054153360700, 0.4936316463262382400 ) ) ;
#624 = CARTESIAN_POINT ( 'NONE',  ( 1.176183336030360300E-016, 0.5000000000000001100, -0.4894999999999997700 ) ) ;
#625 = CARTESIAN_POINT ( 'NONE',  ( 1.176183336030360300E-016, -0.5000000000000000000, -0.1999999999999998200 ) ) ;
#626 = DIRECTION ( 'NONE',  ( 0.0000000000000000000, -1.000000000000000000, 0.0000000000000000000 ) ) ;
#627 = CARTESIAN_POINT ( 'NONE',  ( 0.02534079659531678400, -0.1157609369314904400, 0.4905899779069779500 ) ) ;
#628 = CARTESIAN_POINT ( 'NONE',  ( 0.06310631998407589800, 0.1069401912807587400, 0.4955447473331453500 ) ) ;
#629 = CARTESIAN_POINT ( 'NONE',  ( 0.1212725695580958400, -0.03180437891979032200, -0.4845562681242428500 ) ) ;
#630 = CARTESIAN_POINT ( 'NONE',  ( 1.107536401717686400E-016, -0.1234197755346081000, 0.4994999999999998900 ) ) ;
#631 = CARTESIAN_POINT ( 'NONE',  ( 0.1174999999999999800, -1.584062419680166500E-018, -0.4754832643871458900 ) ) ;
#632 = CARTESIAN_POINT ( 'NONE',  ( -2.934096997305312100E-013, -0.1234196853116540100, -0.4994999906977902700 ) ) ;
#633 = CARTESIAN_POINT ( 'NONE',  ( 8.327598234201989500E-018, -0.1500000000000001100, 0.06799999999999989400 ) ) ;
#634 = CARTESIAN_POINT ( 'NONE',  ( 1.941587585497456000E-016, -0.4900000000000001000, -0.6249999999999998900 ) ) ;
#635 =( LENGTH_UNIT ( ) NAMED_UNIT ( * ) SI_UNIT ( $, .METRE. ) );
#636 = CARTESIAN_POINT ( 'NONE',  ( 1.176183336030360300E-016, 0.4800000000000002000, 0.0000000000000000000 ) ) ;
#637 = DIRECTION ( 'NONE',  ( 0.0000000000000000000, 0.0000000000000000000, -1.000000000000000000 ) ) ;
#638 = CARTESIAN_POINT ( 'NONE',  ( -0.1170914579995303900, -0.01184997572377684300, -0.4756466074682088600 ) ) ;
#639 = DIRECTION ( 'NONE',  ( -0.0000000000000000000, 1.000000000000000000, -0.0000000000000000000 ) ) ;
#640 = DIRECTION ( 'NONE',  ( 8.659560562354992000E-017, 0.7071067811865426900, -0.7071067811865523500 ) ) ;
#641 =( NAMED_UNIT ( * ) PLANE_ANGLE_UNIT ( ) SI_UNIT ( $, .RADIAN. ) );
#642 = CARTESIAN_POINT ( 'NONE',  ( -0.03097309906106435900, -0.1174791382816494500, 0.4912354344779263400 ) ) ;
#643 = DIRECTION ( 'NONE',  ( -0.0000000000000000000, -1.000000000000000000, -0.0000000000000000000 ) ) ;
#644 = DIRECTION ( 'NONE',  ( 0.0000000000000000000, 0.0000000000000000000, -1.000000000000000000 ) ) ;
#645 = CARTESIAN_POINT ( 'NONE',  ( 0.07705083462142164900, -0.09875423199534130700, 0.4936634754468894900 ) ) ;
#646 =( NAMED_UNIT ( * ) SI_UNIT ( $, .STERADIAN. ) SOLID_ANGLE_UNIT ( ) );
#647 = CARTESIAN_POINT ( 'NONE',  ( 0.1174099760025948400, -0.04349600112715004700, -0.4855078472268513600 ) ) ;
#648 =( NAMED_UNIT ( * ) SI_UNIT ( $, .STERADIAN. ) SOLID_ANGLE_UNIT ( ) );
#649 = DIRECTION ( 'NONE',  ( 0.0000000000000000000, 0.0000000000000000000, -1.000000000000000000 ) ) ;
#650 = DIRECTION ( 'NONE',  ( 0.0000000000000000000, 0.7071067811865589000, 0.7071067811865360300 ) ) ;
#651 =( NAMED_UNIT ( * ) PLANE_ANGLE_UNIT ( ) SI_UNIT ( $, .RADIAN. ) );
#652 = FILL_AREA_STYLE_COLOUR ( '', #1837 ) ;
#653 = CARTESIAN_POINT ( 'NONE',  ( 0.1254889904929134300, 0.008050094669970520700, 0.4834798478769039600 ) ) ;
#654 = FILL_AREA_STYLE ('',( #657 ) ) ;
#655 = CARTESIAN_POINT ( 'NONE',  ( -3.111714638421402400E-024, -0.1174999999999999900, -0.01391091682360802800 ) ) ;
#656 =( LENGTH_UNIT ( ) NAMED_UNIT ( * ) SI_UNIT ( $, .METRE. ) );
#657 = FILL_AREA_STYLE_COLOUR ( '', #1852 ) ;
#658 =( LENGTH_UNIT ( ) NAMED_UNIT ( * ) SI_UNIT ( $, .METRE. ) );
#659 = FILL_AREA_STYLE_COLOUR ( '', #1863 ) ;
#660 = CARTESIAN_POINT ( 'NONE',  ( 0.03097309906106472000, -0.1175208617183508700, 0.4912446430916300200 ) ) ;
#661 = CARTESIAN_POINT ( 'NONE',  ( 0.06961507592075379100, -0.09656236745505057700, -0.4860289956399288500 ) ) ;
#662 = CARTESIAN_POINT ( 'NONE',  ( 0.1174984917013190500, 0.03088754389106279300, 0.4754823862243905400 ) ) ;
#663 = CARTESIAN_POINT ( 'NONE',  ( -0.03085330494967317800, 0.1175065633359356200, 0.4912431059743178600 ) ) ;
#664 = DIRECTION ( 'NONE',  ( 0.0000000000000000000, -0.7071067811865474600, -0.7071067811865474600 ) ) ;
#665 = CARTESIAN_POINT ( 'NONE',  ( 0.0000000000000000000, 0.1500000000000001100, 0.06799999999999989400 ) ) ;
#666 = CARTESIAN_POINT ( 'NONE',  ( -0.1175045565999890800, -0.03093332091076505000, 0.4754824146520432700 ) ) ;
#667 = DIRECTION ( 'NONE',  ( 0.0000000000000000000, 0.0000000000000000000, -1.000000000000000000 ) ) ;
#668 = CARTESIAN_POINT ( 'NONE',  ( -0.1048260151851770300, -0.06134208300363972600, 0.4792285816863113300 ) ) ;
#669 = CARTESIAN_POINT ( 'NONE',  ( 0.07964693853001031400, -0.08652246285193142300, 0.4840897288539675600 ) ) ;
#670 = CARTESIAN_POINT ( 'NONE',  ( 2.262311619753217800E-016, -0.1234197755346081000, 0.4994999999999998900 ) ) ;
#671 = CARTESIAN_POINT ( 'NONE',  ( 0.1254965587984111800, -0.03262919701758246900, 0.4834791944672493500 ) ) ;
#672 = CARTESIAN_POINT ( 'NONE',  ( 1.176183336030360300E-016, -0.5000000000000001100, 0.0000000000000000000 ) ) ;
#673 = CARTESIAN_POINT ( 'NONE',  ( 0.1222821484848482700, -0.02788799673723185400, -0.4843015782127070800 ) ) ;
#674 = CARTESIAN_POINT ( 'NONE',  ( 0.1254934078258597200, 0.03244368637462627400, 0.4834773902116840100 ) ) ;
#675 = CARTESIAN_POINT ( 'NONE',  ( -0.03295262100821274400, 0.1234266695328515200, 0.4995031187603223800 ) ) ;
#676 = CARTESIAN_POINT ( 'NONE',  ( -0.09455220668853341100, -0.08156691093183211800, -0.4905050143691335700 ) ) ;
#677 = CARTESIAN_POINT ( 'NONE',  ( -0.1254998853960467600, -0.03249177199050152400, 0.4834774191172665500 ) ) ;
#678 = CARTESIAN_POINT ( 'NONE',  ( 3.293856065519506700E-014, -0.1175000000000261500, 0.01391091682387247300 ) ) ;
#679 = DIRECTION ( 'NONE',  ( 8.659560562354903300E-017, -0.7071067811865499000, 0.7071067811865451300 ) ) ;
#680 = CARTESIAN_POINT ( 'NONE',  ( 0.05589647055335107700, 0.1107213243092355800, 0.4964242137909316000 ) ) ;
#681 = CARTESIAN_POINT ( 'NONE',  ( 8.327598234201991100E-018, -0.4700000000000002000, 0.06799999999999990800 ) ) ;
#682 = SURFACE_STYLE_USAGE ( .BOTH. , #698 ) ;
#683 = CARTESIAN_POINT ( 'NONE',  ( 1.176183336030360300E-016, -0.5000000000000001100, 0.6149999999999997700 ) ) ;
#684 = CARTESIAN_POINT ( 'NONE',  ( 0.008228384867496841800, 0.1232263780752543600, 0.4994487698665284700 ) ) ;
#685 = CARTESIAN_POINT ( 'NONE',  ( 0.06908505549519347600, -0.09515287896349215700, 0.4858287380056217600 ) ) ;
#686 = CARTESIAN_POINT ( 'NONE',  ( 0.1246789868936904000, 0.01604074952321532900, 0.4836922414055311900 ) ) ;
#687 = CARTESIAN_POINT ( 'NONE',  ( -0.1254951291980033500, -0.01625481914642846700, -0.4834782544723233400 ) ) ;
#688 = CARTESIAN_POINT ( 'NONE',  ( 1.176183336030360300E-016, -0.3150000000000000600, -0.6149999999999998800 ) ) ;
#689 = CARTESIAN_POINT ( 'NONE',  ( 1.176183336030360300E-016, -0.4900000000000001000, 0.0000000000000000000 ) ) ;
#690 = CARTESIAN_POINT ( 'NONE',  ( 0.1247016549499417300, -0.01606411522229505400, -0.4836863831474919600 ) ) ;
#691 = CARTESIAN_POINT ( 'NONE',  ( 0.1081391726975113500, -0.04659689625599110200, -0.4781269477750499900 ) ) ;
#692 = CARTESIAN_POINT ( 'NONE',  ( -0.1085634668954486700, -0.06195854712274183300, -0.4875634620070790100 ) ) ;
#693 = CARTESIAN_POINT ( 'NONE',  ( 1.176183336030360300E-016, 0.4899999999999998800, 0.4994999999999998900 ) ) ;
#694 = DIRECTION ( 'NONE',  ( -0.0000000000000000000, 1.000000000000000000, -0.0000000000000000000 ) ) ;
#695 = CARTESIAN_POINT ( 'NONE',  ( 0.1255068916949028100, -0.01623618433991016300, 0.4834752013176096300 ) ) ;
#696 = CARTESIAN_POINT ( 'NONE',  ( -0.1149952825231501500, -0.02503829983307114700, -0.4763065221042251900 ) ) ;
#697 = CARTESIAN_POINT ( 'NONE',  ( -0.06549890726733775800, -0.09764588864835505000, -0.4863486577243552000 ) ) ;
#698 = SURFACE_SIDE_STYLE ('',( #1902 ) ) ;
#699 = CARTESIAN_POINT ( 'NONE',  ( 1.787894412204463300E-016, 0.4899999999999998800, -0.4994999999999998900 ) ) ;
#700 =( LENGTH_UNIT ( ) NAMED_UNIT ( * ) SI_UNIT ( $, .METRE. ) );
#701 = CARTESIAN_POINT ( 'NONE',  ( 1.107536401717686400E-016, -0.1234197755346081000, 0.4994999999999998900 ) ) ;
#702 =( NAMED_UNIT ( * ) SI_UNIT ( $, .STERADIAN. ) SOLID_ANGLE_UNIT ( ) );
#703 = CARTESIAN_POINT ( 'NONE',  ( 1.176183336030360300E-016, -0.4900000000000001000, 0.6249999999999998900 ) ) ;
#704 =( NAMED_UNIT ( * ) PLANE_ANGLE_UNIT ( ) SI_UNIT ( $, .RADIAN. ) );
#705 = CARTESIAN_POINT ( 'NONE',  ( 1.929341117505982500E-016, -0.3150000000000000600, 0.6149999999999998800 ) ) ;
#706 = DIRECTION ( 'NONE',  ( 0.0000000000000000000, 0.0000000000000000000, -1.000000000000000000 ) ) ;
#707 = CARTESIAN_POINT ( 'NONE',  ( 0.09452995144439213500, -0.08158064477386824100, 0.4905093172473491400 ) ) ;
#708 = CARTESIAN_POINT ( 'NONE',  ( 0.1046818889424640400, -0.05406868404112789800, -0.4789540820045470300 ) ) ;
#709 = CARTESIAN_POINT ( 'NONE',  ( 1.885431673020128200E-016, -0.1175000000000000800, 0.4912400387847781800 ) ) ;
#710 = CARTESIAN_POINT ( 'NONE',  ( -0.07627078218120904300, -0.08949654069067122800, -0.4846784865694269700 ) ) ;
#711 = CARTESIAN_POINT ( 'NONE',  ( 0.08647330412795617400, 0.07969537266655013500, 0.4827716390277442800 ) ) ;
#712 = CARTESIAN_POINT ( 'NONE',  ( -0.05450401667017183000, -0.1044503128735700300, -0.4878152591829554900 ) ) ;
#713 = CARTESIAN_POINT ( 'NONE',  ( -0.04707511048399794200, -0.1079327006543738500, -0.4886301377316266700 ) ) ;
#714 = CARTESIAN_POINT ( 'NONE',  ( 0.03252891985489349300, -0.1202564337553773700, -0.4986857847632836800 ) ) ;
#715 = CARTESIAN_POINT ( 'NONE',  ( 9.552245033349300000E-018, 0.4800000000000001500, -0.07799999999999955600 ) ) ;
#716 = SURFACE_SIDE_STYLE ('',( #1839 ) ) ;
#717 = DIRECTION ( 'NONE',  ( 0.0000000000000000000, 0.0000000000000000000, -1.000000000000000000 ) ) ;
#718 = CARTESIAN_POINT ( 'NONE',  ( 1.176183336030360300E-016, -0.3250000000000000700, 0.6249999999999998900 ) ) ;
#719 = CARTESIAN_POINT ( 'NONE',  ( 0.1158648154640506300, -0.02486181938857335100, 0.4761426997525740600 ) ) ;
#720 = CARTESIAN_POINT ( 'NONE',  ( 1.176183336030360300E-016, 0.4800000000000000900, 0.1799999999999998800 ) ) ;
#721 = CARTESIAN_POINT ( 'NONE',  ( 1.176183336030360300E-016, 0.5000000000000001100, 0.1999999999999998200 ) ) ;
#722 = CARTESIAN_POINT ( 'NONE',  ( -0.1064736832392513000, -0.06540249022946956200, -0.4880255256452746800 ) ) ;
#723 = CARTESIAN_POINT ( 'NONE',  ( 0.09785828073251953700, 0.06518336203339603100, 0.4804472160327806800 ) ) ;
#724 = CARTESIAN_POINT ( 'NONE',  ( 0.1174999640733772200, 1.342452616566161900E-009, 0.4754832810927045500 ) ) ;
#725 = CARTESIAN_POINT ( 'NONE',  ( 1.983758307001971000E-016, -0.3150000000000000000, -0.5044999999999999500 ) ) ;
#726 = CARTESIAN_POINT ( 'NONE',  ( 1.980696690004102500E-016, -0.3100000000000000000, -0.4994999999999998900 ) ) ;
#727 = CARTESIAN_POINT ( 'NONE',  ( 9.552245033349300000E-018, 0.4800000000000001500, -0.07799999999999955600 ) ) ;
#728 = CARTESIAN_POINT ( 'NONE',  ( 1.176183336030360300E-016, -0.4800000000000000900, -0.1799999999999998800 ) ) ;
#729 = CARTESIAN_POINT ( 'NONE',  ( -0.1175000002905009500, -1.320469126708707600E-012, 0.4754832641706261400 ) ) ;
#730 = CARTESIAN_POINT ( 'NONE',  ( 1.421112695859830700E-016, -0.5000000000000000000, 0.1999999999999998200 ) ) ;
#731 = CARTESIAN_POINT ( 'NONE',  ( -0.1254949664697494500, -0.0001126595182683576400, -0.4834782967111930200 ) ) ;
#732 = DIRECTION ( 'NONE',  ( 8.659560562354792300E-017, 0.7071067811865589000, -0.7071067811865360300 ) ) ;
#733 = CARTESIAN_POINT ( 'NONE',  ( 0.1093852258562700000, -0.06249235294303237500, -0.4874204317679728400 ) ) ;
#734 = CARTESIAN_POINT ( 'NONE',  ( 0.1188453886544180400, -0.03958731997339955100, -0.4851572803754433700 ) ) ;
#735 = CARTESIAN_POINT ( 'NONE',  ( -0.1254949664697494500, -0.0001126595182683576400, -0.4834782967111930200 ) ) ;
#736 = CARTESIAN_POINT ( 'NONE',  ( 1.176183336030360300E-016, -0.4900000000000001000, 0.6249999999999998900 ) ) ;
#737 = CARTESIAN_POINT ( 'NONE',  ( -0.09971350198367019700, -0.07538255460589399200, -0.4894677753822706500 ) ) ;
#738 = CARTESIAN_POINT ( 'NONE',  ( 0.1214446865259502800, 0.03181251626294066800, 0.4845144190665097200 ) ) ;
#739 = CARTESIAN_POINT ( 'NONE',  ( -0.06357275911915757900, -0.1075362063357517400, -0.4956822703952215000 ) ) ;
#740 = CARTESIAN_POINT ( 'NONE',  ( 0.05430043069016839800, 0.1053273478423731700, 0.4879802426156545900 ) ) ;
#741 = CARTESIAN_POINT ( 'NONE',  ( 0.04032752847358167500, 0.1170790939525078700, 0.4979308244178890500 ) ) ;
#742 = CARTESIAN_POINT ( 'NONE',  ( -0.1222750113380715700, -0.03200450776832659800, -0.4843485915324981000 ) ) ;
#743 = CARTESIAN_POINT ( 'NONE',  ( 0.1174999640733772200, 1.342452616566161900E-009, 0.4754832810927045500 ) ) ;
#744 = CARTESIAN_POINT ( 'NONE',  ( -0.07971146966276675100, -0.08646297323766355400, -0.4840770201130937800 ) ) ;
#745 = CARTESIAN_POINT ( 'NONE',  ( 0.1174999999999999800, -1.584062419680166500E-018, -0.4754832643871458900 ) ) ;
#746 = DIRECTION ( 'NONE',  ( -0.0000000000000000000, 1.000000000000000000, -0.0000000000000000000 ) ) ;
#747 = CARTESIAN_POINT ( 'NONE',  ( 0.1254950187530335900, 0.0000000000000000000, -0.4834782831401796000 ) ) ;
#748 = DIRECTION ( 'NONE',  ( 0.0000000000000000000, 0.0000000000000000000, 1.000000000000000000 ) ) ;
#749 = CARTESIAN_POINT ( 'NONE',  ( 0.0000000000000000000, 0.4800000000000001500, 0.07799999999999955600 ) ) ;
#750 = DIRECTION ( 'NONE',  ( 0.0000000000000000000, 0.0000000000000000000, 1.000000000000000000 ) ) ;
#751 = CARTESIAN_POINT ( 'NONE',  ( -1.355904058943556400E-013, 0.1234197760270221800, -0.4995000000750476300 ) ) ;
#752 = CARTESIAN_POINT ( 'NONE',  ( -0.02534398591716710900, -0.1157629818566349700, -0.4905862061064543700 ) ) ;
#753 = CARTESIAN_POINT ( 'NONE',  ( 1.408866227868357200E-016, 0.4800000000000000900, -0.1799999999999998800 ) ) ;
#754 = CARTESIAN_POINT ( 'NONE',  ( 0.004080008800788311900, 0.1234226797464768200, 0.4994999999982783200 ) ) ;
#755 = DIRECTION ( 'NONE',  ( 8.659560562354792300E-017, -0.7071067811865589000, 0.7071067811865360300 ) ) ;
#756 = CARTESIAN_POINT ( 'NONE',  ( 1.885431673020128200E-016, -0.1175000000000000800, 0.4912400387847781800 ) ) ;
#757 = CARTESIAN_POINT ( 'NONE',  ( -0.06913746017012961700, -0.09511505985570391200, -0.4858190766322226800 ) ) ;
#758 = CARTESIAN_POINT ( 'NONE',  ( 0.1158635198182587500, -0.02486564748602190800, -0.4761423223842285400 ) ) ;
#759 = CARTESIAN_POINT ( 'NONE',  ( 0.1064565686777988700, -0.06539993655242165600, 0.4880292646786457700 ) ) ;
#760 = CARTESIAN_POINT ( 'NONE',  ( 0.01169723195592852300, -0.1174999999999999900, 0.4912406985467086500 ) ) ;
#761 = CARTESIAN_POINT ( 'NONE',  ( 1.365923996832131600E-016, -0.3150000000000000000, 0.5044999999999999500 ) ) ;
#762 = CARTESIAN_POINT ( 'NONE',  ( 0.06961906788656405100, 0.09655667458475801500, 0.4860267508649057100 ) ) ;
#763 = CARTESIAN_POINT ( 'NONE',  ( 0.1081342218738125800, 0.04660847660914330800, 0.4781324745719481900 ) ) ;
#764 = CARTESIAN_POINT ( 'NONE',  ( 1.176183336030360300E-016, 0.5000000000000001100, -0.4894999999999997700 ) ) ;
#765 = CARTESIAN_POINT ( 'NONE',  ( 0.01175546760945702900, -0.1174961898432102400, -0.4912412277148651100 ) ) ;
#766 = CARTESIAN_POINT ( 'NONE',  ( 0.09786444624670867500, -0.06517413426698121000, -0.4804431719976275900 ) ) ;
#767 = CARTESIAN_POINT ( 'NONE',  ( -0.1133056501230429400, -0.03204877925302276200, -0.4768020081157601200 ) ) ;
#768 = CARTESIAN_POINT ( 'NONE',  ( 0.02534287708111204000, -0.1157606263328944000, -0.4905903047740175500 ) ) ;
#769 = SURFACE_STYLE_USAGE ( .BOTH. , #470 ) ;
#770 = CARTESIAN_POINT ( 'NONE',  ( 0.0000000000000000000, 0.4700000000000002000, 0.0000000000000000000 ) ) ;
#771 = DIRECTION ( 'NONE',  ( -0.0000000000000000000, 1.000000000000000000, -0.0000000000000000000 ) ) ;
#772 = CARTESIAN_POINT ( 'NONE',  ( 1.176183336030360300E-016, -0.3150000000000000600, -0.6149999999999998800 ) ) ;
#773 = CARTESIAN_POINT ( 'NONE',  ( 8.327598234201989500E-018, 0.1500000000000001100, -0.06799999999999989400 ) ) ;
#774 = CARTESIAN_POINT ( 'NONE',  ( 0.0000000000000000000, -0.4700000000000002000, -0.06799999999999990800 ) ) ;
#775 = CARTESIAN_POINT ( 'NONE',  ( -0.06564895876469197000, -0.1099805639223444700, 0.4957986354358617800 ) ) ;
#776 = CARTESIAN_POINT ( 'NONE',  ( 0.03308056952167846800, -0.1234416882732345000, 0.4995046817227349300 ) ) ;
#777 = CARTESIAN_POINT ( 'NONE',  ( 0.1047026529991983300, -0.06148985576212198700, 0.4792507085145730800 ) ) ;
#778 = DIRECTION ( 'NONE',  ( -0.0000000000000000000, 1.000000000000000000, -0.0000000000000000000 ) ) ;
#779 = CARTESIAN_POINT ( 'NONE',  ( 1.941587585497456000E-016, -0.3250000000000000700, -0.6249999999999998900 ) ) ;
#780 = CARTESIAN_POINT ( 'NONE',  ( 0.01649757270056457400, -0.1234356689201393700, -0.4994999999998855400 ) ) ;
#781 = CARTESIAN_POINT ( 'NONE',  ( 1.176183336030360300E-016, -0.3100000000000000000, 0.0000000000000000000 ) ) ;
#782 = CARTESIAN_POINT ( 'NONE',  ( 0.06311344622150068300, -0.1069171853146596600, -0.4955438689015149700 ) ) ;
#783 = CARTESIAN_POINT ( 'NONE',  ( 9.552245033349300000E-018, -0.4800000000000001500, 0.07799999999999955600 ) ) ;
#784 = CARTESIAN_POINT ( 'NONE',  ( 1.176183336030360300E-016, -0.3150000000000000600, 0.0000000000000000000 ) ) ;
#785 = CARTESIAN_POINT ( 'NONE',  ( -0.1124181854292249600, -0.05483615094678064000, -0.4866891281028250000 ) ) ;
#786 = CARTESIAN_POINT ( 'NONE',  ( -0.07707651041083181400, -0.09871292013461184500, -0.4936594141578075600 ) ) ;
#787 =( LENGTH_UNIT ( ) NAMED_UNIT ( * ) SI_UNIT ( $, .METRE. ) );
#788 = CARTESIAN_POINT ( 'NONE',  ( 0.1175000001330739800, -0.01139497522576564900, 0.4754814571069730900 ) ) ;
#789 = CARTESIAN_POINT ( 'NONE',  ( -0.1254949664697494500, -0.0001126595182683576400, -0.4834782967111930200 ) ) ;
#790 = CARTESIAN_POINT ( 'NONE',  ( 0.07665852724060782900, -0.09803945058331343900, -0.4936299254513821200 ) ) ;
#791 = CARTESIAN_POINT ( 'NONE',  ( 0.05591713990963879900, -0.1106944147149499100, -0.4964220700193540100 ) ) ;
#792 = CARTESIAN_POINT ( 'NONE',  ( 0.0000000000000000000, 0.4700000000000002000, 0.06799999999999990800 ) ) ;
#793 = CARTESIAN_POINT ( 'NONE',  ( 0.1124051990030278000, -0.05482692080874379500, 0.4866921334706871300 ) ) ;
#794 = CARTESIAN_POINT ( 'NONE',  ( 0.1141506013799315300, -0.05119673628520383200, 0.4862845733789975500 ) ) ;
#795 = CARTESIAN_POINT ( 'NONE',  ( 0.1174999998670559100, 0.01138385526564022300, 0.4754851033623028700 ) ) ;
#796 = CARTESIAN_POINT ( 'NONE',  ( 0.01635735207892489300, 0.1224359496768174800, 0.4992486525486896600 ) ) ;
#797 = CARTESIAN_POINT ( 'NONE',  ( 1.421112695859830700E-016, 0.5000000000000001100, -0.1999999999999998200 ) ) ;
#798 = DIRECTION ( 'NONE',  ( 0.0000000000000000000, 0.0000000000000000000, -1.000000000000000000 ) ) ;
#799 = CARTESIAN_POINT ( 'NONE',  ( -0.1055973066760027600, -0.05377394562826704600, -0.4787850522309445300 ) ) ;
#800 = CARTESIAN_POINT ( 'NONE',  ( 0.01647946284870740700, -0.1234306916151753400, 0.4995000000000000000 ) ) ;
#801 = CARTESIAN_POINT ( 'NONE',  ( 0.0000000000000000000, 0.4800000000000001500, 0.07799999999999955600 ) ) ;
#802 = CARTESIAN_POINT ( 'NONE',  ( 0.08294901606799008600, -0.09296278726914744600, -0.4925998331384923200 ) ) ;
#803 = CARTESIAN_POINT ( 'NONE',  ( 0.0001084139952355151700, 0.1174999499846941800, 0.4912400255857873900 ) ) ;
#804 = CARTESIAN_POINT ( 'NONE',  ( 0.1254950187530335900, 0.0000000000000000000, -0.4834782831401796000 ) ) ;
#805 = AXIS2_PLACEMENT_3D ( 'NONE', #596, #478, #472 ) ;
#806 = AXIS2_PLACEMENT_3D ( 'NONE', #484, #483, #480 ) ;
#807 = AXIS2_PLACEMENT_3D ( 'NONE', #487, #486, #750 ) ;
#808 = AXIS2_PLACEMENT_3D ( 'NONE', #489, #746, #495 ) ;
#809 = AXIS2_PLACEMENT_3D ( 'NONE', #506, #505, #717 ) ;
#810 = STYLED_ITEM ( 'NONE', ( #1822 ), #1167 ) ;
#811 = PRESENTATION_LAYER_ASSIGNMENT (  '', '', ( #810 ) ) ;
#812 = MECHANICAL_DESIGN_GEOMETRIC_PRESENTATION_REPRESENTATION (  '', ( #810 ), #813 ) ;
#813 =( GEOMETRIC_REPRESENTATION_CONTEXT ( 3 ) GLOBAL_UNCERTAINTY_ASSIGNED_CONTEXT ( ( #18 ) ) GLOBAL_UNIT_ASSIGNED_CONTEXT ( ( #511, #704, #702 ) ) REPRESENTATION_CONTEXT ( 'NONE', 'WORKASPACE' ) );
#814 = STYLED_ITEM ( 'NONE', ( #1905 ), #1257 ) ;
#815 = PRESENTATION_LAYER_ASSIGNMENT (  '', '', ( #814 ) ) ;
#816 = MECHANICAL_DESIGN_GEOMETRIC_PRESENTATION_REPRESENTATION (  '', ( #814 ), #817 ) ;
#817 =( GEOMETRIC_REPRESENTATION_CONTEXT ( 3 ) GLOBAL_UNCERTAINTY_ASSIGNED_CONTEXT ( ( #4 ) ) GLOBAL_UNIT_ASSIGNED_CONTEXT ( ( #526, #525, #524 ) ) REPRESENTATION_CONTEXT ( 'NONE', 'WORKASPACE' ) );
#818 = STYLED_ITEM ( 'NONE', ( #1867 ), #1271 ) ;
#819 = PRESENTATION_LAYER_ASSIGNMENT (  '', '', ( #818 ) ) ;
#820 = MECHANICAL_DESIGN_GEOMETRIC_PRESENTATION_REPRESENTATION (  '', ( #818 ), #821 ) ;
#821 =( GEOMETRIC_REPRESENTATION_CONTEXT ( 3 ) GLOBAL_UNCERTAINTY_ASSIGNED_CONTEXT ( ( #24 ) ) GLOBAL_UNIT_ASSIGNED_CONTEXT ( ( #578, #576, #575 ) ) REPRESENTATION_CONTEXT ( 'NONE', 'WORKASPACE' ) );
#822 = AXIS2_PLACEMENT_3D ( 'NONE', #566, #565, #667 ) ;
#823 = STYLED_ITEM ( 'NONE', ( #1887 ), #1272 ) ;
#824 = PRESENTATION_LAYER_ASSIGNMENT (  '', '', ( #823 ) ) ;
#825 = MECHANICAL_DESIGN_GEOMETRIC_PRESENTATION_REPRESENTATION (  '', ( #823 ), #826 ) ;
#826 =( GEOMETRIC_REPRESENTATION_CONTEXT ( 3 ) GLOBAL_UNCERTAINTY_ASSIGNED_CONTEXT ( ( #9 ) ) GLOBAL_UNIT_ASSIGNED_CONTEXT ( ( #393, #354, #365 ) ) REPRESENTATION_CONTEXT ( 'NONE', 'WORKASPACE' ) );
#827 = AXIS2_PLACEMENT_3D ( 'NONE', #371, #376, #447 ) ;
#828 = STYLED_ITEM ( 'NONE', ( #1850 ), #1273 ) ;
#829 = PRESENTATION_LAYER_ASSIGNMENT (  '', '', ( #828 ) ) ;
#830 = MECHANICAL_DESIGN_GEOMETRIC_PRESENTATION_REPRESENTATION (  '', ( #828 ), #831 ) ;
#831 =( GEOMETRIC_REPRESENTATION_CONTEXT ( 3 ) GLOBAL_UNCERTAINTY_ASSIGNED_CONTEXT ( ( #7 ) ) GLOBAL_UNIT_ASSIGNED_CONTEXT ( ( #400, #651, #646 ) ) REPRESENTATION_CONTEXT ( 'NONE', 'WORKASPACE' ) );
#832 = AXIS2_PLACEMENT_3D ( 'NONE', #402, #394, #637 ) ;
#833 = STYLED_ITEM ( 'NONE', ( #1872 ), #1287 ) ;
#834 = PRESENTATION_LAYER_ASSIGNMENT (  '', '', ( #833 ) ) ;
#835 = B_SPLINE_SURFACE_WITH_KNOTS ( 'NONE', 1, 3, ( 
 ( #509, #530, #528, #527, #677, #534, #533, #531, #675, #539, #538, #536, #674, #671, #544, #542, #541, #670 ),
 ( #552, #550, #549, #668, #666, #556, #555, #554, #663, #559, #558, #557, #662, #563, #562, #561, #660, #567 ) ),
 .UNSPECIFIED., .F., .T., .F.,
 ( 2, 2 ),
 ( 4, 2, 2, 2, 2, 2, 2, 2, 4 ),
 ( 0.0000000000000000000, 1.000000000000000000 ),
 ( 0.0008564615032186917400, 0.003315092512631246000, 0.005773723522043800300, 0.008232354531456355400, 0.01069098554086890900, 0.01314961655028146200, 0.01560824755969401700, 0.01806687856910657200, 0.02052550957851912600 ),
 .UNSPECIFIED. ) ;
#836 = B_SPLINE_SURFACE_WITH_KNOTS ( 'NONE', 1, 3, ( 
 ( #965, #1117, #1116, #1083, #1082, #1081, #1086, #1085, #1084, #1105, #1104, #1121, #1103, #1101, #1100, #1099, #1142, #1141 ),
 ( #1140, #1146, #1145, #1143, #1119, #1135, #1134, #1133, #1139, #1138, #1136, #1064, #1063, #1062, #1061, #1126, #1060, #1059 ) ),
 .UNSPECIFIED., .F., .T., .F.,
 ( 2, 2 ),
 ( 4, 2, 2, 2, 2, 2, 2, 2, 4 ),
 ( 0.0000000000000000000, 1.000000000000000000 ),
 ( 0.0008720391719379862200, 0.003330520417220577100, 0.005789001662503168000, 0.008247482907785758400, 0.01070596415306835000, 0.01316444539835093900, 0.01562292664363353100, 0.01808140788891612200, 0.02053988913419871300 ),
 .UNSPECIFIED. ) ;
#837 = B_SPLINE_SURFACE_WITH_KNOTS ( 'NONE', 1, 3, ( 
 ( #595, #585, #775, #464, #426, #445, #423, #518, #433, #404, #443, #420, #424, #519, #449, #437, #776, #396 ),
 ( #419, #642, #432, #430, #410, #521, #479, #485, #415, #416, #417, #429, #446, #442, #777, #401, #517, #397 ) ),
 .UNSPECIFIED., .F., .T., .F.,
 ( 2, 2 ),
 ( 4, 2, 2, 2, 2, 2, 2, 2, 4 ),
 ( 0.0000000000000000000, 1.000000000000000000 ),
 ( 0.0008564615032186917400, 0.003315092512631246000, 0.005773723522043800300, 0.008232354531456355400, 0.01069098554086890900, 0.01314961655028146200, 0.01560824755969401700, 0.01806687856910657200, 0.02052550957851912600 ),
 .UNSPECIFIED. ) ;
#838 = B_SPLINE_SURFACE_WITH_KNOTS ( 'NONE', 1, 3, ( 
 ( #1516, #1556, #1384, #1343, #1536, #1460, #1538, #1418, #1433, #1554, #1522, #1400, #1481, #1530, #1310, #1386, #1548, #1318 ),
 ( #1390, #1339, #1540, #1445, #1308, #1363, #1427, #1444, #1434, #1323, #1361, #1320, #1440, #1382, #1364, #1518, #1458, #1551 ) ),
 .UNSPECIFIED., .F., .T., .F.,
 ( 2, 2 ),
 ( 4, 2, 2, 2, 2, 2, 2, 2, 4 ),
 ( 0.0000000000000000000, 1.000000000000000000 ),
 ( 0.0008720391719379862200, 0.003330520417220577100, 0.005789001662503168000, 0.008247482907785758400, 0.01070596415306835000, 0.01316444539835093900, 0.01562292664363353100, 0.01808140788891612200, 0.02053988913419871300 ),
 .UNSPECIFIED. ) ;
#839 = MECHANICAL_DESIGN_GEOMETRIC_PRESENTATION_REPRESENTATION (  '', ( #2120 ), #840 ) ;
#840 =( GEOMETRIC_REPRESENTATION_CONTEXT ( 3 ) GLOBAL_UNCERTAINTY_ASSIGNED_CONTEXT ( ( #1190 ) ) GLOBAL_UNIT_ASSIGNED_CONTEXT ( ( #1557, #1484, #1527 ) ) REPRESENTATION_CONTEXT ( 'NONE', 'WORKASPACE' ) );
#841 = STYLED_ITEM ( 'NONE', ( #2017 ), #1802 ) ;
#842 = AXIS2_PLACEMENT_3D ( 'NONE', #1306, #1348, #1479 ) ;
#843 = PRESENTATION_LAYER_ASSIGNMENT (  '', '', ( #841 ) ) ;
#844 = MECHANICAL_DESIGN_GEOMETRIC_PRESENTATION_REPRESENTATION (  '', ( #841 ), #845 ) ;
#845 =( GEOMETRIC_REPRESENTATION_CONTEXT ( 3 ) GLOBAL_UNCERTAINTY_ASSIGNED_CONTEXT ( ( #1202 ) ) GLOBAL_UNIT_ASSIGNED_CONTEXT ( ( #1420, #1419, #1385 ) ) REPRESENTATION_CONTEXT ( 'NONE', 'WORKASPACE' ) );
#846 = STYLED_ITEM ( 'NONE', ( #1246 ), #1803 ) ;
#847 = PRESENTATION_LAYER_ASSIGNMENT (  '', '', ( #846 ) ) ;
#848 = MECHANICAL_DESIGN_GEOMETRIC_PRESENTATION_REPRESENTATION (  '', ( #846 ), #849 ) ;
#849 =( GEOMETRIC_REPRESENTATION_CONTEXT ( 3 ) GLOBAL_UNCERTAINTY_ASSIGNED_CONTEXT ( ( #1186 ) ) GLOBAL_UNIT_ASSIGNED_CONTEXT ( ( #1372, #1360, #1425 ) ) REPRESENTATION_CONTEXT ( 'NONE', 'WORKASPACE' ) );
#850 = AXIS2_PLACEMENT_3D ( 'NONE', #1546, #1543, #1520 ) ;
#851 = STYLED_ITEM ( 'NONE', ( #1221 ), #1804 ) ;
#852 = PRESENTATION_LAYER_ASSIGNMENT (  '', '', ( #851 ) ) ;
#853 = MECHANICAL_DESIGN_GEOMETRIC_PRESENTATION_REPRESENTATION (  '', ( #851 ), #854 ) ;
#854 =( GEOMETRIC_REPRESENTATION_CONTEXT ( 3 ) GLOBAL_UNCERTAINTY_ASSIGNED_CONTEXT ( ( #1195 ) ) GLOBAL_UNIT_ASSIGNED_CONTEXT ( ( #1395, #1462, #1452 ) ) REPRESENTATION_CONTEXT ( 'NONE', 'WORKASPACE' ) );
#855 = STYLED_ITEM ( 'NONE', ( #1233 ), #1805 ) ;
#856 = AXIS2_PLACEMENT_3D ( 'NONE', #1470, #1465, #1451 ) ;
#857 = PRESENTATION_LAYER_ASSIGNMENT (  '', '', ( #855 ) ) ;
#858 = MECHANICAL_DESIGN_GEOMETRIC_PRESENTATION_REPRESENTATION (  '', ( #855 ), #859 ) ;
#859 =( GEOMETRIC_REPRESENTATION_CONTEXT ( 3 ) GLOBAL_UNCERTAINTY_ASSIGNED_CONTEXT ( ( #1204 ) ) GLOBAL_UNIT_ASSIGNED_CONTEXT ( ( #1324, #1453, #1464 ) ) REPRESENTATION_CONTEXT ( 'NONE', 'WORKASPACE' ) );
#860 = STYLED_ITEM ( 'NONE', ( #1208 ), #1806 ) ;
#861 = AXIS2_PLACEMENT_3D ( 'NONE', #1514, #1513, #1403 ) ;
#862 = PRESENTATION_LAYER_ASSIGNMENT (  '', '', ( #860 ) ) ;
#863 = MECHANICAL_DESIGN_GEOMETRIC_PRESENTATION_REPRESENTATION (  '', ( #860 ), #864 ) ;
#864 =( GEOMETRIC_REPRESENTATION_CONTEXT ( 3 ) GLOBAL_UNCERTAINTY_ASSIGNED_CONTEXT ( ( #1184 ) ) GLOBAL_UNIT_ASSIGNED_CONTEXT ( ( #996, #1108, #1129 ) ) REPRESENTATION_CONTEXT ( 'NONE', 'WORKASPACE' ) );
#865 = PRESENTATION_LAYER_ASSIGNMENT (  '', '', ( #866 ) ) ;
#866 = STYLED_ITEM ( 'NONE', ( #1253 ), #1807 ) ;
#867 = AXIS2_PLACEMENT_3D ( 'NONE', #1519, #1413, #1137 ) ;
#868 = MECHANICAL_DESIGN_GEOMETRIC_PRESENTATION_REPRESENTATION (  '', ( #866 ), #869 ) ;
#869 =( GEOMETRIC_REPRESENTATION_CONTEXT ( 3 ) GLOBAL_UNCERTAINTY_ASSIGNED_CONTEXT ( ( #1183 ) ) GLOBAL_UNIT_ASSIGNED_CONTEXT ( ( #1149, #1150, #1151 ) ) REPRESENTATION_CONTEXT ( 'NONE', 'WORKASPACE' ) );
#870 = AXIS2_PLACEMENT_3D ( 'NONE', #1148, #1125, #1165 ) ;
#871 = STYLED_ITEM ( 'NONE', ( #1224 ), #1808 ) ;
#872 = PRESENTATION_LAYER_ASSIGNMENT (  '', '', ( #871 ) ) ;
#873 = MECHANICAL_DESIGN_GEOMETRIC_PRESENTATION_REPRESENTATION (  '', ( #871 ), #874 ) ;
#874 =( GEOMETRIC_REPRESENTATION_CONTEXT ( 3 ) GLOBAL_UNCERTAINTY_ASSIGNED_CONTEXT ( ( #1200 ) ) GLOBAL_UNIT_ASSIGNED_CONTEXT ( ( #935, #936, #1152 ) ) REPRESENTATION_CONTEXT ( 'NONE', 'WORKASPACE' ) );
#875 = STYLED_ITEM ( 'NONE', ( #1236 ), #1809 ) ;
#876 = AXIS2_PLACEMENT_3D ( 'NONE', #1155, #1154, #1153 ) ;
#877 = PRESENTATION_LAYER_ASSIGNMENT (  '', '', ( #875 ) ) ;
#878 = MECHANICAL_DESIGN_GEOMETRIC_PRESENTATION_REPRESENTATION (  '', ( #875 ), #879 ) ;
#879 =( GEOMETRIC_REPRESENTATION_CONTEXT ( 3 ) GLOBAL_UNCERTAINTY_ASSIGNED_CONTEXT ( ( #1203 ) ) GLOBAL_UNIT_ASSIGNED_CONTEXT ( ( #963, #1097, #1096 ) ) REPRESENTATION_CONTEXT ( 'NONE', 'WORKASPACE' ) );
#880 = PRESENTATION_LAYER_ASSIGNMENT (  '', '', ( #881 ) ) ;
#881 = STYLED_ITEM ( 'NONE', ( #1207 ), #1810 ) ;
#882 = AXIS2_PLACEMENT_3D ( 'NONE', #950, #1024, #1087 ) ;
#883 = MECHANICAL_DESIGN_GEOMETRIC_PRESENTATION_REPRESENTATION (  '', ( #881 ), #884 ) ;
#884 =( GEOMETRIC_REPRESENTATION_CONTEXT ( 3 ) GLOBAL_UNCERTAINTY_ASSIGNED_CONTEXT ( ( #1191 ) ) GLOBAL_UNIT_ASSIGNED_CONTEXT ( ( #1094, #1098, #1093 ) ) REPRESENTATION_CONTEXT ( 'NONE', 'WORKASPACE' ) );
#885 = AXIS2_PLACEMENT_3D ( 'NONE', #1057, #1111, #961 ) ;
#886 = STYLED_ITEM ( 'NONE', ( #1579 ), #1811 ) ;
#887 = PRESENTATION_LAYER_ASSIGNMENT (  '', '', ( #886 ) ) ;
#888 = MECHANICAL_DESIGN_GEOMETRIC_PRESENTATION_REPRESENTATION (  '', ( #886 ), #889 ) ;
#889 =( GEOMETRIC_REPRESENTATION_CONTEXT ( 3 ) GLOBAL_UNCERTAINTY_ASSIGNED_CONTEXT ( ( #1189 ) ) GLOBAL_UNIT_ASSIGNED_CONTEXT ( ( #951, #968, #952 ) ) REPRESENTATION_CONTEXT ( 'NONE', 'WORKASPACE' ) );
#890 = AXIS2_PLACEMENT_3D ( 'NONE', #948, #955, #957 ) ;
#891 = STYLED_ITEM ( 'NONE', ( #1565 ), #1812 ) ;
#892 = PRESENTATION_LAYER_ASSIGNMENT (  '', '', ( #891 ) ) ;
#893 = MECHANICAL_DESIGN_GEOMETRIC_PRESENTATION_REPRESENTATION (  '', ( #891 ), #894 ) ;
#894 =( GEOMETRIC_REPRESENTATION_CONTEXT ( 3 ) GLOBAL_UNCERTAINTY_ASSIGNED_CONTEXT ( ( #1198 ) ) GLOBAL_UNIT_ASSIGNED_CONTEXT ( ( #967, #947, #980 ) ) REPRESENTATION_CONTEXT ( 'NONE', 'WORKASPACE' ) );
#895 = PRESENTATION_LAYER_ASSIGNMENT (  '', '', ( #896 ) ) ;
#896 = STYLED_ITEM ( 'NONE', ( #1584 ), #1813 ) ;
#897 = AXIS2_PLACEMENT_3D ( 'NONE', #1160, #984, #966 ) ;
#898 = EDGE_CURVE ( 'NONE', #195, #1900, #1172, .T. ) ;
#899 = EDGE_CURVE ( 'NONE', #213, #230, #1858, .T. ) ;
#900 = EDGE_CURVE ( 'NONE', #202, #83, #1170, .T. ) ;
#901 = EDGE_CURVE ( 'NONE', #83, #73, #1171, .T. ) ;
#902 = EDGE_CURVE ( 'NONE', #199, #178, #1912, .T. ) ;
#903 = EDGE_CURVE ( 'NONE', #200, #233, #1169, .T. ) ;
#904 = EDGE_CURVE ( 'NONE', #73, #200, #1173, .T. ) ;
#905 = EDGE_CURVE ( 'NONE', #1900, #197, #1168, .T. ) ;
#906 = EDGE_CURVE ( 'NONE', #197, #207, #23, .T. ) ;
#907 = EDGE_CURVE ( 'NONE', #74, #207, #11, .T. ) ;
#908 = EDGE_CURVE ( 'NONE', #199, #212, #1880, .T. ) ;
#909 = EDGE_CURVE ( 'NONE', #74, #195, #3, .T. ) ;
#910 = EDGE_CURVE ( 'NONE', #178, #89, #1842, .T. ) ;
#911 = EDGE_CURVE ( 'NONE', #213, #225, #1928, .T. ) ;
#912 = EDGE_CURVE ( 'NONE', #222, #225, #1879, .T. ) ;
#913 = EDGE_CURVE ( 'NONE', #230, #222, #1916, .T. ) ;
#914 = EDGE_CURVE ( 'NONE', #64, #217, #1862, .T. ) ;
#915 = EDGE_CURVE ( 'NONE', #64, #208, #1941, .T. ) ;
#916 = EDGE_CURVE ( 'NONE', #47, #208, #1821, .T. ) ;
#917 = EDGE_CURVE ( 'NONE', #217, #47, #1875, .T. ) ;
#918 = EDGE_CURVE ( 'NONE', #163, #211, #1932, .T. ) ;
#919 = EDGE_CURVE ( 'NONE', #163, #158, #1847, .T. ) ;
#920 = EDGE_CURVE ( 'NONE', #201, #158, #1835, .T. ) ;
#921 = EDGE_CURVE ( 'NONE', #211, #201, #1857, .T. ) ;
#922 = EDGE_CURVE ( 'NONE', #186, #185, #1888, .T. ) ;
#923 = EDGE_CURVE ( 'NONE', #175, #195, #1907, .T. ) ;
#924 = EDGE_CURVE ( 'NONE', #171, #175, #1849, .T. ) ;
#925 = EDGE_CURVE ( 'NONE', #171, #162, #1870, .T. ) ;
#926 = EDGE_CURVE ( 'NONE', #162, #194, #1884, .T. ) ;
#927 = EDGE_CURVE ( 'NONE', #175, #194, #1910, .T. ) ;
#928 = EDGE_CURVE ( 'NONE', #194, #162, #1909, .T. ) ;
#929 = EDGE_CURVE ( 'NONE', #219, #185, #1873, .T. ) ;
#930 = EDGE_CURVE ( 'NONE', #180, #186, #1893, .T. ) ;
#931 = EDGE_CURVE ( 'NONE', #89, #212, #1945, .T. ) ;
#932 = EDGE_CURVE ( 'NONE', #202, #233, #8, .T. ) ;
#933 = PRODUCT ( '20425-E0W', '20425-E0W', '', ( #1715 ) ) ;
#934 = SURFACE_SIDE_STYLE ('',( #1605 ) ) ;
#935 =( CONVERSION_BASED_UNIT ( 'INCH', #1243 ) LENGTH_UNIT ( ) NAMED_UNIT ( #1282 ) );
#936 =( NAMED_UNIT ( * ) PLANE_ANGLE_UNIT ( ) SI_UNIT ( $, .RADIAN. ) );
#937 = DIRECTION ( 'NONE',  ( -0.0000000000000000000, 1.000000000000000000, -0.0000000000000000000 ) ) ;
#938 = SURFACE_STYLE_USAGE ( .BOTH. , #946 ) ;
#939 = SURFACE_STYLE_USAGE ( .BOTH. , #953 ) ;
#940 = DIRECTION ( 'NONE',  ( 0.0000000000000000000, 0.0000000000000000000, -1.000000000000000000 ) ) ;
#941 =( LENGTH_UNIT ( ) NAMED_UNIT ( * ) SI_UNIT ( $, .METRE. ) );
#942 = FILL_AREA_STYLE ('',( #959 ) ) ;
#943 = CARTESIAN_POINT ( 'NONE',  ( 0.0000000000000000000, 0.4800000000000001500, 0.0000000000000000000 ) ) ;
#944 = FILL_AREA_STYLE_COLOUR ( '', #1604 ) ;
#945 = DIRECTION ( 'NONE',  ( 0.0000000000000000000, 0.0000000000000000000, 1.000000000000000000 ) ) ;
#946 = SURFACE_SIDE_STYLE ('',( #1564 ) ) ;
#947 =( NAMED_UNIT ( * ) PLANE_ANGLE_UNIT ( ) SI_UNIT ( $, .RADIAN. ) );
#948 = CARTESIAN_POINT ( 'NONE',  ( 1.176183336030360300E-016, -0.4800000000000000900, 0.0000000000000000000 ) ) ;
#949 = CARTESIAN_POINT ( 'NONE',  ( 0.0000000000000000000, -0.4800000000000001500, 0.0000000000000000000 ) ) ;
#950 = CARTESIAN_POINT ( 'NONE',  ( 1.176183336030360300E-016, 0.4800000000000002000, 0.0000000000000000000 ) ) ;
#951 =( CONVERSION_BASED_UNIT ( 'INCH', #1581 ) LENGTH_UNIT ( ) NAMED_UNIT ( #1261 ) );
#952 =( NAMED_UNIT ( * ) SI_UNIT ( $, .STERADIAN. ) SOLID_ANGLE_UNIT ( ) );
#953 = SURFACE_SIDE_STYLE ('',( #1595 ) ) ;
#954 = CARTESIAN_POINT ( 'NONE',  ( 1.176183336030360300E-016, 0.4800000000000000900, 0.0000000000000000000 ) ) ;
#955 = DIRECTION ( 'NONE',  ( 0.0000000000000000000, -1.000000000000000000, 0.0000000000000000000 ) ) ;
#956 =( LENGTH_UNIT ( ) NAMED_UNIT ( * ) SI_UNIT ( $, .METRE. ) );
#957 = DIRECTION ( 'NONE',  ( 0.0000000000000000000, 0.0000000000000000000, -1.000000000000000000 ) ) ;
#958 = DIRECTION ( 'NONE',  ( -0.0000000000000000000, 1.000000000000000000, -0.0000000000000000000 ) ) ;
#959 = FILL_AREA_STYLE_COLOUR ( '', #1578 ) ;
#960 = FILL_AREA_STYLE ('',( #1110 ) ) ;
#961 = DIRECTION ( 'NONE',  ( 0.0000000000000000000, 0.0000000000000000000, 1.000000000000000000 ) ) ;
#962 = FILL_AREA_STYLE ('',( #993 ) ) ;
#963 =( CONVERSION_BASED_UNIT ( 'INCH', #1218 ) LENGTH_UNIT ( ) NAMED_UNIT ( #1286 ) );
#964 =( NAMED_UNIT ( * ) SI_UNIT ( $, .STERADIAN. ) SOLID_ANGLE_UNIT ( ) );
#965 = CARTESIAN_POINT ( 'NONE',  ( 0.1254950187530335900, -4.268512490100411300E-018, -0.4834782831401796000 ) ) ;
#966 = DIRECTION ( 'NONE',  ( 0.0000000000000000000, 0.0000000000000000000, -1.000000000000000000 ) ) ;
#967 =( CONVERSION_BASED_UNIT ( 'INCH', #1568 ) LENGTH_UNIT ( ) NAMED_UNIT ( #1262 ) );
#968 =( NAMED_UNIT ( * ) PLANE_ANGLE_UNIT ( ) SI_UNIT ( $, .RADIAN. ) );
#969 = FILL_AREA_STYLE ('',( #1107 ) ) ;
#970 = SURFACE_STYLE_USAGE ( .BOTH. , #1035 ) ;
#971 =( LENGTH_UNIT ( ) NAMED_UNIT ( * ) SI_UNIT ( $, .METRE. ) );
#972 = CARTESIAN_POINT ( 'NONE',  ( 0.0000000000000000000, 0.4800000000000001500, 0.0000000000000000000 ) ) ;
#973 = DIRECTION ( 'NONE',  ( -0.0000000000000000000, 1.000000000000000000, -0.0000000000000000000 ) ) ;
#974 = DIRECTION ( 'NONE',  ( 0.0000000000000000000, -1.000000000000000000, 0.0000000000000000000 ) ) ;
#975 = FILL_AREA_STYLE ('',( #1127 ) ) ;
#976 = DIRECTION ( 'NONE',  ( 0.0000000000000000000, 0.0000000000000000000, 1.000000000000000000 ) ) ;
#977 =( LENGTH_UNIT ( ) NAMED_UNIT ( * ) SI_UNIT ( $, .METRE. ) );
#978 =( CONVERSION_BASED_UNIT ( 'INCH', #1574 ) LENGTH_UNIT ( ) NAMED_UNIT ( #1258 ) );
#979 = SURFACE_STYLE_USAGE ( .BOTH. , #934 ) ;
#980 =( NAMED_UNIT ( * ) SI_UNIT ( $, .STERADIAN. ) SOLID_ANGLE_UNIT ( ) );
#981 = CARTESIAN_POINT ( 'NONE',  ( -0.1255039102400555600, 0.01613542032208102300, 0.4834759752036970100 ) ) ;
#982 = CARTESIAN_POINT ( 'NONE',  ( -0.1254905473698567600, -0.008128999535395597200, 0.4834794437636320000 ) ) ;
#983 = CARTESIAN_POINT ( 'NONE',  ( -0.1093556831754019000, 0.06250588974541009000, -0.4874272729869535400 ) ) ;
#984 = DIRECTION ( 'NONE',  ( -0.0000000000000000000, -1.000000000000000000, -0.0000000000000000000 ) ) ;
#985 = CARTESIAN_POINT ( 'NONE',  ( -0.1003579909540214100, 0.07585374820723377000, -0.4894566430116721300 ) ) ;
#986 = CARTESIAN_POINT ( 'NONE',  ( -0.1190206760209891600, -0.03967691563071861600, 0.4851239022081768600 ) ) ;
#987 = CARTESIAN_POINT ( 'NONE',  ( -0.1093984999428811200, -0.06248632206288002400, 0.4874173832219935700 ) ) ;
#988 =( LENGTH_UNIT ( ) NAMED_UNIT ( * ) SI_UNIT ( $, .METRE. ) );
#989 = CARTESIAN_POINT ( 'NONE',  ( -0.06312630848939120000, -0.1068830228550497100, 0.4955422971349366900 ) ) ;
#990 = CARTESIAN_POINT ( 'NONE',  ( -1.355904058943556400E-013, 0.1234197760270221800, -0.4995000000750476300 ) ) ;
#991 = CARTESIAN_POINT ( 'NONE',  ( 2.120679583869328800E-010, 0.1234196922860722500, 0.4994999912171754800 ) ) ;
#992 = DIRECTION ( 'NONE',  ( 0.0000000000000000000, 0.0000000000000000000, 1.000000000000000000 ) ) ;
#993 = FILL_AREA_STYLE_COLOUR ( '', #1580 ) ;
#994 = CARTESIAN_POINT ( 'NONE',  ( -0.1246840433352307800, -0.01610968882964762500, 0.4836909184656667000 ) ) ;
#995 = CARTESIAN_POINT ( 'NONE',  ( -0.008156033567203012000, 0.1234137196665374300, 0.4995000000034413600 ) ) ;
#996 =( CONVERSION_BASED_UNIT ( 'INCH', #1231 ) LENGTH_UNIT ( ) NAMED_UNIT ( #1266 ) );
#997 = CARTESIAN_POINT ( 'NONE',  ( -0.01637167455306338600, 0.1226127365938211200, 0.4992962571262974400 ) ) ;
#998 = CARTESIAN_POINT ( 'NONE',  ( -0.03241912595434638700, 0.1194211038544626500, 0.4985115689533768400 ) ) ;
#999 = CARTESIAN_POINT ( 'NONE',  ( -0.04035661071836906700, 0.1170201786820223200, 0.4979282149676267900 ) ) ;
#1000 = CARTESIAN_POINT ( 'NONE',  ( -0.06366177522106028500, 0.1074941563642444500, 0.4956723530052770100 ) ) ;
#1001 = CARTESIAN_POINT ( 'NONE',  ( -0.08293697142641090500, 0.09297130292171018600, -0.4926017957790656500 ) ) ;
#1002 = CARTESIAN_POINT ( 'NONE',  ( -0.01646949196394713000, -0.1234088660588060500, 0.4994999999999998900 ) ) ;
#1003 = FILL_AREA_STYLE_COLOUR ( '', #1597 ) ;
#1004 = DIRECTION ( 'NONE',  ( -0.0000000000000000000, 1.000000000000000000, -0.0000000000000000000 ) ) ;
#1005 =( LENGTH_UNIT ( ) NAMED_UNIT ( * ) SI_UNIT ( $, .METRE. ) );
#1006 = SURFACE_STYLE_USAGE ( .BOTH. , #1115 ) ;
#1007 = FILL_AREA_STYLE ('',( #1068 ) ) ;
#1008 = CARTESIAN_POINT ( 'NONE',  ( -0.1004124314886709800, -0.07580285561685147500, 0.4894457672420669000 ) ) ;
#1009 = CARTESIAN_POINT ( 'NONE',  ( -0.08297395092936553400, -0.09293351954964336500, 0.4925956402916409300 ) ) ;
#1010 = CARTESIAN_POINT ( 'NONE',  ( -0.07668086859465460300, -0.09800750873509685200, 0.4936265222461583300 ) ) ;
#1011 = CARTESIAN_POINT ( 'NONE',  ( -0.05589039467706567700, 0.1106880413198474700, -0.4964250640006969100 ) ) ;
#1012 = CARTESIAN_POINT ( 'NONE',  ( -0.03250544210250346000, 0.1202365474991118900, -0.4986872444475976000 ) ) ;
#1013 = DIRECTION ( 'NONE',  ( 0.0000000000000000000, -1.000000000000000000, 0.0000000000000000000 ) ) ;
#1014 = CARTESIAN_POINT ( 'NONE',  ( -0.01648397477634007100, 0.1234195087714614200, -0.4994999999999976100 ) ) ;
#1015 = CARTESIAN_POINT ( 'NONE',  ( -0.05591170022219006700, -0.1106653547264854600, 0.4964226377291948700 ) ) ;
#1016 = CARTESIAN_POINT ( 'NONE',  ( -0.03253198408498626100, -0.1202188971723001400, 0.4986854057404173600 ) ) ;
#1017 =( NAMED_UNIT ( * ) PLANE_ANGLE_UNIT ( ) SI_UNIT ( $, .RADIAN. ) );
#1018 = CARTESIAN_POINT ( 'NONE',  ( 1.107536401717686400E-016, -0.1234197755346081000, 0.4994999999999998900 ) ) ;
#1019 = CARTESIAN_POINT ( 'NONE',  ( 1.885431673020128200E-016, -0.1175000000000000800, 0.4912400387847781800 ) ) ;
#1020 = CARTESIAN_POINT ( 'NONE',  ( -0.09975658196975993600, 0.07530279314940699400, 0.4894589249708300400 ) ) ;
#1021 = CARTESIAN_POINT ( 'NONE',  ( -0.1065053901382985600, 0.06530785508415634700, 0.4880185888790112800 ) ) ;
#1022 =( CONVERSION_BASED_UNIT ( 'INCH', #1567 ) LENGTH_UNIT ( ) NAMED_UNIT ( #1254 ) );
#1023 = SURFACE_STYLE_USAGE ( .BOTH. , #1040 ) ;
#1024 = DIRECTION ( 'NONE',  ( -0.0000000000000000000, 1.000000000000000000, -0.0000000000000000000 ) ) ;
#1025 = CARTESIAN_POINT ( 'NONE',  ( -0.1085919952062980600, 0.06185856090350207900, 0.4875570982788587400 ) ) ;
#1026 = CARTESIAN_POINT ( 'NONE',  ( -0.07664845710880481600, 0.09804134665047493900, -0.4936315091423126300 ) ) ;
#1027 = CARTESIAN_POINT ( 'NONE',  ( -0.06310048060810757900, 0.1069098184225496700, -0.4955455399277685600 ) ) ;
#1028 = DIRECTION ( 'NONE',  ( 0.0000000000000000000, 0.0000000000000000000, -1.000000000000000000 ) ) ;
#1029 = CARTESIAN_POINT ( 'NONE',  ( 1.176183336030360300E-016, 0.4800000000000002000, 0.0000000000000000000 ) ) ;
#1030 = DIRECTION ( 'NONE',  ( 0.0000000000000000000, 0.0000000000000000000, -1.000000000000000000 ) ) ;
#1031 =( NAMED_UNIT ( * ) SI_UNIT ( $, .STERADIAN. ) SOLID_ANGLE_UNIT ( ) );
#1032 =( NAMED_UNIT ( * ) PLANE_ANGLE_UNIT ( ) SI_UNIT ( $, .RADIAN. ) );
#1033 = SURFACE_SIDE_STYLE ('',( #1225 ) ) ;
#1034 =( CONVERSION_BASED_UNIT ( 'INCH', #1566 ) LENGTH_UNIT ( ) NAMED_UNIT ( #1295 ) );
#1035 = SURFACE_SIDE_STYLE ('',( #1234 ) ) ;
#1036 = DIRECTION ( 'NONE',  ( 0.0000000000000000000, 0.0000000000000000000, -1.000000000000000000 ) ) ;
#1037 = CARTESIAN_POINT ( 'NONE',  ( -0.1190083018002667900, 0.03961043447207740500, -0.4851270087061539400 ) ) ;
#1038 = CARTESIAN_POINT ( 'NONE',  ( 1.176183336030360300E-016, 0.4899999999999998800, 0.0000000000000000000 ) ) ;
#1039 = CARTESIAN_POINT ( 'NONE',  ( -0.09460531914475386900, 0.08149549255729120200, 0.4904946213898426200 ) ) ;
#1040 = SURFACE_SIDE_STYLE ('',( #1250 ) ) ;
#1041 =( NAMED_UNIT ( * ) SI_UNIT ( $, .STERADIAN. ) SOLID_ANGLE_UNIT ( ) );
#1042 =( NAMED_UNIT ( * ) PLANE_ANGLE_UNIT ( ) SI_UNIT ( $, .RADIAN. ) );
#1043 =( CONVERSION_BASED_UNIT ( 'INCH', #1569 ) LENGTH_UNIT ( ) NAMED_UNIT ( #1301 ) );
#1044 = DIRECTION ( 'NONE',  ( 0.0000000000000000000, 0.0000000000000000000, 1.000000000000000000 ) ) ;
#1045 = DIRECTION ( 'NONE',  ( -0.0000000000000000000, 1.000000000000000000, -0.0000000000000000000 ) ) ;
#1046 = CARTESIAN_POINT ( 'NONE',  ( 1.176183336030360300E-016, 0.5000000000000001100, 0.0000000000000000000 ) ) ;
#1047 = CARTESIAN_POINT ( 'NONE',  ( -0.1124415695318229200, 0.05472467622438548200, 0.4866837155136851700 ) ) ;
#1048 = CARTESIAN_POINT ( 'NONE',  ( -0.1141862166185646200, 0.05108361737786285700, 0.4862761914503697100 ) ) ;
#1049 = CARTESIAN_POINT ( 'NONE',  ( -0.1222905310664680800, 0.03185149504306953500, 0.4843446076975550000 ) ) ;
#1050 = CARTESIAN_POINT ( 'NONE',  ( 1.176183336030360300E-016, 0.5000000000000001100, 0.0000000000000000000 ) ) ;
#1051 =( CONVERSION_BASED_UNIT ( 'INCH', #1590 ) LENGTH_UNIT ( ) NAMED_UNIT ( #1263 ) );
#1052 = SURFACE_SIDE_STYLE ('',( #1562 ) ) ;
#1053 = CARTESIAN_POINT ( 'NONE',  ( -0.1254948850624253700, 0.007962705308687919500, -0.4834783178418403700 ) ) ;
#1054 = FILL_AREA_STYLE ('',( #1070 ) ) ;
#1055 = CARTESIAN_POINT ( 'NONE',  ( -0.1246887158944855100, 0.01597413784620079600, -0.4836897271700423300 ) ) ;
#1056 = CARTESIAN_POINT ( 'NONE',  ( -0.1214579961123050700, 0.03175911192866790600, -0.4845110764694950400 ) ) ;
#1057 = CARTESIAN_POINT ( 'NONE',  ( 1.176183336030360300E-016, -0.4900000000000001000, 0.0000000000000000000 ) ) ;
#1058 = CARTESIAN_POINT ( 'NONE',  ( -0.1254949664697494500, -0.0001126595182683576400, -0.4834782967111930200 ) ) ;
#1059 = CARTESIAN_POINT ( 'NONE',  ( 0.1174999999999999900, 2.134256245050205600E-017, -0.4754832643871460000 ) ) ;
#1060 = CARTESIAN_POINT ( 'NONE',  ( 0.1175198337232624700, -0.03097533102500311600, -0.4754787560676532200 ) ) ;
#1061 = CARTESIAN_POINT ( 'NONE',  ( 0.06149937371494502300, -0.1047003517906204300, -0.4876001719061423000 ) ) ;
#1062 = CARTESIAN_POINT ( 'NONE',  ( 0.03106757257416632000, -0.1175013878623517300, -0.4912392350603851900 ) ) ;
#1063 = CARTESIAN_POINT ( 'NONE',  ( -0.03088116070816342200, -0.1174985382027777000, -0.4912408229978277300 ) ) ;
#1064 = CARTESIAN_POINT ( 'NONE',  ( -0.06133395518773313700, -0.1047729639443824200, -0.4876193698776532000 ) ) ;
#1065 = SURFACE_STYLE_USAGE ( .BOTH. , #1066 ) ;
#1066 = SURFACE_SIDE_STYLE ('',( #1600 ) ) ;
#1067 = FILL_AREA_STYLE ('',( #1088 ) ) ;
#1068 = FILL_AREA_STYLE_COLOUR ( '', #1587 ) ;
#1069 = DIRECTION ( 'NONE',  ( -0.0000000000000000000, -1.000000000000000000, -0.0000000000000000000 ) ) ;
#1070 = FILL_AREA_STYLE_COLOUR ( '', #1251 ) ;
#1071 = SURFACE_SIDE_STYLE ('',( #1599 ) ) ;
#1072 = SURFACE_STYLE_USAGE ( .BOTH. , #1071 ) ;
#1073 = FILL_AREA_STYLE_COLOUR ( '', #1563 ) ;
#1074 =( NAMED_UNIT ( * ) SI_UNIT ( $, .STERADIAN. ) SOLID_ANGLE_UNIT ( ) );
#1075 =( NAMED_UNIT ( * ) SI_UNIT ( $, .STERADIAN. ) SOLID_ANGLE_UNIT ( ) );
#1076 =( CONVERSION_BASED_UNIT ( 'INCH', #1582 ) LENGTH_UNIT ( ) NAMED_UNIT ( #1255 ) );
#1077 =( LENGTH_UNIT ( ) NAMED_UNIT ( * ) SI_UNIT ( $, .METRE. ) );
#1078 = SURFACE_STYLE_USAGE ( .BOTH. , #1079 ) ;
#1079 = SURFACE_SIDE_STYLE ('',( #1577 ) ) ;
#1080 = FILL_AREA_STYLE ('',( #1003 ) ) ;
#1081 = CARTESIAN_POINT ( 'NONE',  ( -0.03304921645416154800, 0.1234128986715357600, -0.4994987076630452200 ) ) ;
#1082 = CARTESIAN_POINT ( 'NONE',  ( 0.03303830781079385200, 0.1234266521645417900, -0.4995012922773955900 ) ) ;
#1083 = CARTESIAN_POINT ( 'NONE',  ( 0.06552799672005948900, 0.1101019104341366100, -0.4958207085255304000 ) ) ;
#1084 = CARTESIAN_POINT ( 'NONE',  ( -0.1255044489398949600, 0.03240932625944763200, -0.4834743949159214200 ) ) ;
#1085 = CARTESIAN_POINT ( 'NONE',  ( -0.1118749208654229300, 0.06451634650178189600, -0.4872995216151789800 ) ) ;
#1086 = CARTESIAN_POINT ( 'NONE',  ( -0.06561687787730352600, 0.1100107801869921500, -0.4958066076399847400 ) ) ;
#1087 = DIRECTION ( 'NONE',  ( 0.0000000000000000000, 0.0000000000000000000, 1.000000000000000000 ) ) ;
#1088 = FILL_AREA_STYLE_COLOUR ( '', #1596 ) ;
#1089 = DIRECTION ( 'NONE',  ( -0.0000000000000000000, 1.000000000000000000, -0.0000000000000000000 ) ) ;
#1090 = CARTESIAN_POINT ( 'NONE',  ( 0.0000000000000000000, 0.1500000000000001100, 0.0000000000000000000 ) ) ;
#1091 = CARTESIAN_POINT ( 'NONE',  ( 0.0000000000000000000, -0.1500000000000001100, 0.0000000000000000000 ) ) ;
#1092 = DIRECTION ( 'NONE',  ( 0.0000000000000000000, 0.0000000000000000000, 1.000000000000000000 ) ) ;
#1093 =( NAMED_UNIT ( * ) SI_UNIT ( $, .STERADIAN. ) SOLID_ANGLE_UNIT ( ) );
#1094 =( CONVERSION_BASED_UNIT ( 'INCH', #1217 ) LENGTH_UNIT ( ) NAMED_UNIT ( #1267 ) );
#1095 =( LENGTH_UNIT ( ) NAMED_UNIT ( * ) SI_UNIT ( $, .METRE. ) );
#1096 =( NAMED_UNIT ( * ) SI_UNIT ( $, .STERADIAN. ) SOLID_ANGLE_UNIT ( ) );
#1097 =( NAMED_UNIT ( * ) PLANE_ANGLE_UNIT ( ) SI_UNIT ( $, .RADIAN. ) );
#1098 =( NAMED_UNIT ( * ) PLANE_ANGLE_UNIT ( ) SI_UNIT ( $, .RADIAN. ) );
#1099 = CARTESIAN_POINT ( 'NONE',  ( 0.1119088842830104800, -0.06445241327008091600, -0.4872889507773532900 ) ) ;
#1100 = CARTESIAN_POINT ( 'NONE',  ( 0.06568395761207138100, -0.1099752676940469300, -0.4957989305982782300 ) ) ;
#1101 = CARTESIAN_POINT ( 'NONE',  ( 0.03318147093787624000, -0.1234212333178820200, -0.4994991827619496600 ) ) ;
#1102 = SURFACE_STYLE_USAGE ( .BOTH. , #1147 ) ;
#1103 = CARTESIAN_POINT ( 'NONE',  ( -0.03298237510281384900, -0.1234182400915453100, -0.4995007973986347300 ) ) ;
#1104 = CARTESIAN_POINT ( 'NONE',  ( -0.1118762822692760000, -0.06458198484297812700, -0.4873072122999840300 ) ) ;
#1105 = CARTESIAN_POINT ( 'NONE',  ( -0.1254854839996041600, -0.03263464529598432400, -0.4834821985064645100 ) ) ;
#1106 = FILL_AREA_STYLE ('',( #1517 ) ) ;
#1107 = FILL_AREA_STYLE_COLOUR ( '', #1239 ) ;
#1108 =( NAMED_UNIT ( * ) PLANE_ANGLE_UNIT ( ) SI_UNIT ( $, .RADIAN. ) );
#1109 =( LENGTH_UNIT ( ) NAMED_UNIT ( * ) SI_UNIT ( $, .METRE. ) );
#1110 = FILL_AREA_STYLE_COLOUR ( '', #1571 ) ;
#1111 = DIRECTION ( 'NONE',  ( -0.0000000000000000000, 1.000000000000000000, -0.0000000000000000000 ) ) ;
#1112 = CARTESIAN_POINT ( 'NONE',  ( -0.1214607574690513100, -0.03185616610167139900, 0.4845103710588930000 ) ) ;
#1113 =( LENGTH_UNIT ( ) NAMED_UNIT ( * ) SI_UNIT ( $, .METRE. ) );
#1114 = SURFACE_STYLE_USAGE ( .BOTH. , #1033 ) ;
#1115 = SURFACE_SIDE_STYLE ('',( #1591 ) ) ;
#1116 = CARTESIAN_POINT ( 'NONE',  ( 0.1118311754122885100, 0.06455557437828807200, -0.4873093561457356700 ) ) ;
#1117 = CARTESIAN_POINT ( 'NONE',  ( 0.1254738354927610900, 0.03253589618798388000, -0.4834828672641419700 ) ) ;
#1118 = CARTESIAN_POINT ( 'NONE',  ( -0.07716721194580361500, 0.09866181287409563100, 0.4936446409026385400 ) ) ;
#1119 = CARTESIAN_POINT ( 'NONE',  ( 0.03093353451896127200, 0.1175065468009975100, -0.4912413096935699400 ) ) ;
#1120 = CARTESIAN_POINT ( 'NONE',  ( 0.0000000000000000000, -0.4800000000000001500, 0.0000000000000000000 ) ) ;
#1121 = CARTESIAN_POINT ( 'NONE',  ( -0.06550728368822231200, -0.1100515379981190900, -0.4958184513504983500 ) ) ;
#1122 =( NAMED_UNIT ( * ) SI_UNIT ( $, .STERADIAN. ) SOLID_ANGLE_UNIT ( ) );
#1123 =( LENGTH_UNIT ( ) NAMED_UNIT ( * ) SI_UNIT ( $, .METRE. ) );
#1124 =( NAMED_UNIT ( * ) PLANE_ANGLE_UNIT ( ) SI_UNIT ( $, .RADIAN. ) );
#1125 = DIRECTION ( 'NONE',  ( -0.0000000000000000000, 1.000000000000000000, -0.0000000000000000000 ) ) ;
#1126 = CARTESIAN_POINT ( 'NONE',  ( 0.1047794087420494700, -0.06136098177207109000, -0.4792309171345181500 ) ) ;
#1127 = FILL_AREA_STYLE_COLOUR ( '', #1206 ) ;
#1128 = PLANE ( 'NONE',  #876 ) ;
#1129 =( NAMED_UNIT ( * ) SI_UNIT ( $, .STERADIAN. ) SOLID_ANGLE_UNIT ( ) );
#1130 =( NAMED_UNIT ( * ) PLANE_ANGLE_UNIT ( ) SI_UNIT ( $, .RADIAN. ) );
#1131 =( LENGTH_UNIT ( ) NAMED_UNIT ( * ) SI_UNIT ( $, .METRE. ) );
#1132 = FILL_AREA_STYLE ('',( #944 ) ) ;
#1133 = CARTESIAN_POINT ( 'NONE',  ( -0.1047476090908694100, 0.06142184844403169400, -0.4792413131622912900 ) ) ;
#1134 = CARTESIAN_POINT ( 'NONE',  ( -0.06143656745650628900, 0.1047341609726331500, -0.4876077220025916700 ) ) ;
#1135 = CARTESIAN_POINT ( 'NONE',  ( -0.03094374819603360300, 0.1174934529770467600, -0.4912387678174106000 ) ) ;
#1136 = CARTESIAN_POINT ( 'NONE',  ( -0.1047488838532566600, -0.06148433837970995700, -0.4792488766528231700 ) ) ;
#1137 = DIRECTION ( 'NONE',  ( 0.0000000000000000000, 0.0000000000000000000, 1.000000000000000000 ) ) ;
#1138 = CARTESIAN_POINT ( 'NONE',  ( -0.1174910726843018700, -0.03106934223135387000, -0.4754871150075606900 ) ) ;
#1139 = CARTESIAN_POINT ( 'NONE',  ( -0.1175088294108422900, 0.03085483052382249900, -0.4754794404599249100 ) ) ;
#1140 = CARTESIAN_POINT ( 'NONE',  ( 0.1174999999999999900, 2.134256245050205600E-017, -0.4754832643871460000 ) ) ;
#1141 = CARTESIAN_POINT ( 'NONE',  ( 0.1254950187530335900, -4.268512490100411300E-018, -0.4834782831401796000 ) ) ;
#1142 = CARTESIAN_POINT ( 'NONE',  ( 0.1255162020133061000, -0.03253589618798388700, -0.4834736990162172300 ) ) ;
#1143 = CARTESIAN_POINT ( 'NONE',  ( 0.06135334864941099900, 0.1048209202752527600, -0.4876215897244964800 ) ) ;
#1144 = FILL_AREA_STYLE ('',( #1166 ) ) ;
#1145 = CARTESIAN_POINT ( 'NONE',  ( 0.1047066506447611500, 0.06145919469469642700, -0.4792509850494644500 ) ) ;
#1146 = CARTESIAN_POINT ( 'NONE',  ( 0.1174801662767375200, 0.03097533102500315800, -0.4754877727066387200 ) ) ;
#1147 = SURFACE_SIDE_STYLE ('',( #1240 ) ) ;
#1148 = CARTESIAN_POINT ( 'NONE',  ( 1.176183336030360300E-016, 0.5000000000000001100, 0.0000000000000000000 ) ) ;
#1149 =( CONVERSION_BASED_UNIT ( 'INCH', #1210 ) LENGTH_UNIT ( ) NAMED_UNIT ( #1256 ) );
#1150 =( NAMED_UNIT ( * ) PLANE_ANGLE_UNIT ( ) SI_UNIT ( $, .RADIAN. ) );
#1151 =( NAMED_UNIT ( * ) SI_UNIT ( $, .STERADIAN. ) SOLID_ANGLE_UNIT ( ) );
#1152 =( NAMED_UNIT ( * ) SI_UNIT ( $, .STERADIAN. ) SOLID_ANGLE_UNIT ( ) );
#1153 = DIRECTION ( 'NONE',  ( 0.0000000000000000000, 0.0000000000000000000, 1.000000000000000000 ) ) ;
#1154 = DIRECTION ( 'NONE',  ( -0.0000000000000000000, 1.000000000000000000, 0.0000000000000000000 ) ) ;
#1155 = CARTESIAN_POINT ( 'NONE',  ( 0.6250000000000000000, -0.5000000000000001100, 0.0000000000000000000 ) ) ;
#1156 = FILL_AREA_STYLE ('',( #1073 ) ) ;
#1157 =( LENGTH_UNIT ( ) NAMED_UNIT ( * ) SI_UNIT ( $, .METRE. ) );
#1158 = SURFACE_STYLE_USAGE ( .BOTH. , #1052 ) ;
#1159 = DIRECTION ( 'NONE',  ( -0.0000000000000000000, -1.000000000000000000, -0.0000000000000000000 ) ) ;
#1160 = CARTESIAN_POINT ( 'NONE',  ( 0.0000000000000000000, -0.5000000000000001100, 0.0000000000000000000 ) ) ;
#1161 =( NAMED_UNIT ( * ) PLANE_ANGLE_UNIT ( ) SI_UNIT ( $, .RADIAN. ) );
#1162 = DIRECTION ( 'NONE',  ( 0.0000000000000000000, 0.0000000000000000000, -1.000000000000000000 ) ) ;
#1163 = SURFACE_SIDE_STYLE ('',( #1238 ) ) ;
#1164 = SURFACE_STYLE_USAGE ( .BOTH. , #1163 ) ;
#1165 = DIRECTION ( 'NONE',  ( 0.0000000000000000000, 0.0000000000000000000, 1.000000000000000000 ) ) ;
#1166 = FILL_AREA_STYLE_COLOUR ( '', #1214 ) ;
#1167 = MANIFOLD_SOLID_BREP ( '20425-001-1-solid1', #114 ) ;
#1168 = B_SPLINE_CURVE_WITH_KNOTS ( 'NONE', 3,
 ( #709, #760, #627, #357, #572, #368, #685, #355, #669, #620, #547, #719, #788, #501 ),
 .UNSPECIFIED., .F., .F.,
 ( 4, 2, 2, 2, 2, 2, 4 ),
 ( 0.0000000000000000000, 0.06253051820562652300, 0.09379577730843977100, 0.1094284068598464200, 0.1250610364112530500, 0.1875915546168797400, 0.2501220728225064200 ),
 .UNSPECIFIED. ) ;
#1169 = B_SPLINE_CURVE_WITH_KNOTS ( 'NONE', 3,
 ( #631, #436, #758, #691, #708, #766, #370, #621, #543, #661, #553, #768, #765, #520, #752, #713, #712, #697, #757, #710, #744, #577, #799, #767, #696, #638, #366, #473 ),
 .UNSPECIFIED., .F., .F.,
 ( 4, 2, 2, 2, 2, 2, 2, 2, 2, 2, 2, 2, 2, 4 ),
 ( 0.0000000000000000000, 0.06252448980277644500, 0.09378673470416466800, 0.1094178571548587600, 0.1250489796055528600, 0.1875734694083292200, 0.2500979592111055600, 0.3126224490138819200, 0.3438846939152701600, 0.3595158163659642500, 0.3751469388166582800, 0.4376714286194345900, 0.4689336735208227700, 0.5001959184222108900 ),
 .UNSPECIFIED. ) ;
#1170 = B_SPLINE_CURVE_WITH_KNOTS ( 'NONE', 3,
 ( #735, #687, #742, #481, #785, #692, #722, #737, #676, #786, #739, #491, #515, #494 ),
 .UNSPECIFIED., .F., .F.,
 ( 4, 2, 2, 2, 2, 2, 4 ),
 ( 0.5000000000000000000, 0.5624685582581867600, 0.5780856978227333400, 0.5937028373872800200, 0.6249371165163734000, 0.6874056747745601600, 0.7498742330327469200 ),
 .UNSPECIFIED. ) ;
#1171 = B_SPLINE_CURVE_WITH_KNOTS ( 'NONE', 3,
 ( #632, #780, #714, #791, #782, #790, #802, #469, #733, #647, #734, #629, #673, #690, #391, #747 ),
 .UNSPECIFIED., .F., .F.,
 ( 4, 2, 2, 2, 2, 2, 2, 4 ),
 ( 0.7498742330327469200, 0.8124056747745602700, 0.8436713956454668900, 0.8749371165163736300, 0.9374685582581869800, 0.9531014186936401800, 0.9687342791290934900, 1.000000000000000000 ),
 .UNSPECIFIED. ) ;
#1172 = B_SPLINE_CURVE_WITH_KNOTS ( 'NONE', 1,
 ( #607, #756 ),
 .UNSPECIFIED., .F., .F.,
 ( 2, 2 ),
 ( 0.0000000000000000000, 1.000000000000000000 ),
 .UNSPECIFIED. ) ;
#1173 = B_SPLINE_CURVE_WITH_KNOTS ( 'NONE', 1,
 ( #804, #488 ),
 .UNSPECIFIED., .F., .F.,
 ( 2, 2 ),
 ( 0.0000000000000000000, 1.000000000000000000 ),
 .UNSPECIFIED. ) ;
#1174 = B_SPLINE_CURVE_WITH_KNOTS ( 'NONE', 3,
 ( #1646, #1642, #1712, #1711, #1710, #1709, #1708, #1707, #1706, #1664, #1663, #1718, #1701, #1700 ),
 .UNSPECIFIED., .F., .F.,
 ( 4, 2, 2, 2, 2, 2, 4 ),
 ( 0.7500114240941021500, 0.8125085680705765900, 0.8437571400588137500, 0.8593814260529324400, 0.8750057120470510200, 0.9375028560235254500, 1.000000000000000000 ),
 .UNSPECIFIED. ) ;
#1175 = B_SPLINE_CURVE_WITH_KNOTS ( 'NONE', 3,
 ( #1716, #1694, #1640, #1638, #1671, #1666, #1665, #1705, #1702, #1725 ),
 .UNSPECIFIED., .F., .F.,
 ( 4, 2, 2, 2, 4 ),
 ( 0.0007992128037985728300, 0.001063907746454206000, 0.001328602689109839000, 0.001593297631765472000, 0.001857992574421105000 ),
 .UNSPECIFIED. ) ;
#1176 = ADVANCED_BREP_SHAPE_REPRESENTATION ( '20425-E0W', ( #1167, #1998 ), #1993 ) ;
#1177 = UNCERTAINTY_MEASURE_WITH_UNIT (LENGTH_MEASURE( 1.000000000000000100E-005 ), #1670, 'distance_accuracy_value', 'NONE');
#1178 = B_SPLINE_CURVE_WITH_KNOTS ( 'NONE', 3,
 ( #1757, #1758, #1703, #1645, #1648, #1643, #1647, #1639, #1644, #1641 ),
 .UNSPECIFIED., .F., .F.,
 ( 4, 2, 2, 2, 4 ),
 ( 0.001857992574421104800, 0.002122741143055776900, 0.002387489711690448800, 0.002652238280325120700, 0.002916986848959792500 ),
 .UNSPECIFIED. ) ;
#1179 = UNCERTAINTY_MEASURE_WITH_UNIT (LENGTH_MEASURE( 1.000000000000000100E-005 ), #1733, 'distance_accuracy_value', 'NONE');
#1180 = B_SPLINE_CURVE_WITH_KNOTS ( 'NONE', 3,
 ( #1679, #1660, #1755, #1782, #1653, #1787, #1786, #1785, #1784, #1744, #1696, #1714, #1777, #1780, #1776, #1678, #1697, #1781, #1779, #1651, #1775, #1788, #1743, #1760, #1761, #1759 ),
 .UNSPECIFIED., .F., .F.,
 ( 4, 2, 2, 2, 2, 2, 2, 2, 2, 2, 2, 2, 4 ),
 ( 0.5001959184222108900, 0.5626714286194345300, 0.5939091837180464600, 0.6095280612673523700, 0.6251469388166582800, 0.6876224490138820300, 0.7500979592111056700, 0.8125734694083293100, 0.8438112245069411300, 0.8594301020562470400, 0.8750489796055529500, 0.9375244898027764700, 1.000000000000000000 ),
 .UNSPECIFIED. ) ;
#1181 = B_SPLINE_CURVE_WITH_KNOTS ( 'NONE', 3,
 ( #1729, #1686, #1766, #1765, #1764, #1763, #1754, #1772, #1771, #1770, #1723, #1783, #1727, #1724 ),
 .UNSPECIFIED., .F., .F.,
 ( 4, 2, 2, 2, 2, 2, 4 ),
 ( 0.5000000000000000000, 0.5625028560235254500, 0.5937542840352882900, 0.6093799980411696000, 0.6250057120470510200, 0.6875085680705765900, 0.7500114240941021500 ),
 .UNSPECIFIED. ) ;
#1182 = B_SPLINE_CURVE_WITH_KNOTS ( 'NONE', 3,
 ( #1691, #1680, #1659, #1661, #1657, #1681, #1682, #1656, #1683, #1730 ),
 .UNSPECIFIED., .F., .F.,
 ( 4, 2, 2, 2, 4 ),
 ( 0.0002619518086132482000, 0.0005281202903521405300, 0.0007942887720910330200, 0.001060457253829925500, 0.001326625735568818200 ),
 .UNSPECIFIED. ) ;
#1183 = UNCERTAINTY_MEASURE_WITH_UNIT (LENGTH_MEASURE( 1.000000000000000100E-005 ), #1149, 'distance_accuracy_value', 'NONE');
#1184 = UNCERTAINTY_MEASURE_WITH_UNIT (LENGTH_MEASURE( 1.000000000000000100E-005 ), #996, 'distance_accuracy_value', 'NONE');
#1185 = UNCERTAINTY_MEASURE_WITH_UNIT (LENGTH_MEASURE( 1.000000000000000100E-005 ), #1051, 'distance_accuracy_value', 'NONE');
#1186 = UNCERTAINTY_MEASURE_WITH_UNIT (LENGTH_MEASURE( 1.000000000000000100E-005 ), #1372, 'distance_accuracy_value', 'NONE');
#1187 = UNCERTAINTY_MEASURE_WITH_UNIT (LENGTH_MEASURE( 1.000000000000000100E-005 ), #1454, 'distance_accuracy_value', 'NONE');
#1188 = UNCERTAINTY_MEASURE_WITH_UNIT (LENGTH_MEASURE( 1.000000000000000100E-005 ), #978, 'distance_accuracy_value', 'NONE');
#1189 = UNCERTAINTY_MEASURE_WITH_UNIT (LENGTH_MEASURE( 1.000000000000000100E-005 ), #951, 'distance_accuracy_value', 'NONE');
#1190 = UNCERTAINTY_MEASURE_WITH_UNIT (LENGTH_MEASURE( 1.000000000000000100E-005 ), #1557, 'distance_accuracy_value', 'NONE');
#1191 = UNCERTAINTY_MEASURE_WITH_UNIT (LENGTH_MEASURE( 1.000000000000000100E-005 ), #1094, 'distance_accuracy_value', 'NONE');
#1192 = UNCERTAINTY_MEASURE_WITH_UNIT (LENGTH_MEASURE( 1.000000000000000100E-005 ), #1022, 'distance_accuracy_value', 'NONE');
#1193 = B_SPLINE_CURVE_WITH_KNOTS ( 'NONE', 3,
 ( #990, #1014, #1012, #1011, #1027, #1026, #1001, #985, #983, #1037, #1056, #1055, #1053, #1058 ),
 .UNSPECIFIED., .F., .F.,
 ( 4, 2, 2, 2, 2, 2, 4 ),
 ( 0.2499931063653698900, 0.3124948297740274800, 0.3437456914783562600, 0.3749965531826850400, 0.4374982765913425500, 0.4687491382956713300, 0.5000000000000000000 ),
 .UNSPECIFIED. ) ;
#1194 = UNCERTAINTY_MEASURE_WITH_UNIT (LENGTH_MEASURE( 1.000000000000000100E-005 ), #1430, 'distance_accuracy_value', 'NONE');
#1195 = UNCERTAINTY_MEASURE_WITH_UNIT (LENGTH_MEASURE( 1.000000000000000100E-005 ), #1395, 'distance_accuracy_value', 'NONE');
#1196 = UNCERTAINTY_MEASURE_WITH_UNIT (LENGTH_MEASURE( 1.000000000000000100E-005 ), #1034, 'distance_accuracy_value', 'NONE');
#1197 = UNCERTAINTY_MEASURE_WITH_UNIT (LENGTH_MEASURE( 1.000000000000000100E-005 ), #1076, 'distance_accuracy_value', 'NONE');
#1198 = UNCERTAINTY_MEASURE_WITH_UNIT (LENGTH_MEASURE( 1.000000000000000100E-005 ), #967, 'distance_accuracy_value', 'NONE');
#1199 = B_SPLINE_CURVE_WITH_KNOTS ( 'NONE', 3,
 ( #1018, #1002, #1016, #1015, #989, #1010, #1009, #1008, #987, #986, #1112, #994, #982, #981, #1049, #1048, #1047, #1025, #1021, #1020, #1039, #1118, #1000, #999, #998, #997, #995, #991 ),
 .UNSPECIFIED., .F., .F.,
 ( 4, 2, 2, 2, 2, 2, 2, 2, 2, 2, 2, 2, 2, 4 ),
 ( 0.0000000000000000000, 0.06248474124457623100, 0.09372711186686431800, 0.1249694824891524100, 0.1874542237337286100, 0.2186965943560167100, 0.2499389649783048100, 0.3124237062228809600, 0.3280448915340250500, 0.3436660768451691400, 0.3749084474674572200, 0.4373931887120333700, 0.4686355593343215500, 0.4998779299566096200 ),
 .UNSPECIFIED. ) ;
#1200 = UNCERTAINTY_MEASURE_WITH_UNIT (LENGTH_MEASURE( 1.000000000000000100E-005 ), #935, 'distance_accuracy_value', 'NONE');
#1201 = UNCERTAINTY_MEASURE_WITH_UNIT (LENGTH_MEASURE( 1.000000000000000100E-005 ), #1043, 'distance_accuracy_value', 'NONE');
#1202 = UNCERTAINTY_MEASURE_WITH_UNIT (LENGTH_MEASURE( 1.000000000000000100E-005 ), #1420, 'distance_accuracy_value', 'NONE');
#1203 = UNCERTAINTY_MEASURE_WITH_UNIT (LENGTH_MEASURE( 1.000000000000000100E-005 ), #963, 'distance_accuracy_value', 'NONE');
#1204 = UNCERTAINTY_MEASURE_WITH_UNIT (LENGTH_MEASURE( 1.000000000000000100E-005 ), #1324, 'distance_accuracy_value', 'NONE');
#1205 = UNCERTAINTY_MEASURE_WITH_UNIT (LENGTH_MEASURE( 1.000000000000000100E-005 ), #1552, 'distance_accuracy_value', 'NONE');
#1206 = COLOUR_RGB ( '',0.7529411764705882200, 0.7529411764705882200, 0.7529411764705882200 ) ;
#1207 = PRESENTATION_STYLE_ASSIGNMENT (( #1023 ) ) ;
#1208 = PRESENTATION_STYLE_ASSIGNMENT (( #1114 ) ) ;
#1209 = FACE_BOUND ( 'NONE', #121, .T. ) ;
#1210 = LENGTH_MEASURE_WITH_UNIT ( LENGTH_MEASURE( 0.02539999999999999900 ), #971 );
#1211 = FACE_OUTER_BOUND ( 'NONE', #168, .T. ) ;
#1212 = CONICAL_SURFACE ( 'NONE', #870, 0.1999999999999998200, 0.7853981633974466100 ) ;
#1213 = CYLINDRICAL_SURFACE ( 'NONE', #867, 0.6249999999999998900 ) ;
#1214 = COLOUR_RGB ( '',0.7529411764705882200, 0.7529411764705882200, 0.7529411764705882200 ) ;
#1215 = CONICAL_SURFACE ( 'NONE', #850, 0.06799999999999989400, 1.029744258676653200 ) ;
#1216 = COLOUR_RGB ( '',0.7529411764705882200, 0.7529411764705882200, 0.7529411764705882200 ) ;
#1217 = LENGTH_MEASURE_WITH_UNIT ( LENGTH_MEASURE( 0.02539999999999999900 ), #1095 );
#1218 = LENGTH_MEASURE_WITH_UNIT ( LENGTH_MEASURE( 0.02539999999999999900 ), #1109 );
#1219 = FACE_OUTER_BOUND ( 'NONE', #61, .T. ) ;
#1220 = SURFACE_STYLE_FILL_AREA ( #1449 ) ;
#1221 = PRESENTATION_STYLE_ASSIGNMENT (( #1398 ) ) ;
#1222 = LENGTH_MEASURE_WITH_UNIT ( LENGTH_MEASURE( 0.02539999999999999900 ), #1342 );
#1223 = LENGTH_MEASURE_WITH_UNIT ( LENGTH_MEASURE( 0.02539999999999999900 ), #1399 );
#1224 = PRESENTATION_STYLE_ASSIGNMENT (( #1102 ) ) ;
#1225 = SURFACE_STYLE_FILL_AREA ( #1106 ) ;
#1226 = SURFACE_STYLE_FILL_AREA ( #1414 ) ;
#1227 = COLOUR_RGB ( '',0.7529411764705882200, 0.7529411764705882200, 0.7529411764705882200 ) ;
#1228 = FACE_OUTER_BOUND ( 'NONE', #133, .T. ) ;
#1229 = FACE_BOUND ( 'NONE', #235, .T. ) ;
#1230 = FACE_OUTER_BOUND ( 'NONE', #155, .T. ) ;
#1231 = LENGTH_MEASURE_WITH_UNIT ( LENGTH_MEASURE( 0.02539999999999999900 ), #988 );
#1232 = COLOUR_RGB ( '',0.7529411764705882200, 0.7529411764705882200, 0.7529411764705882200 ) ;
#1233 = PRESENTATION_STYLE_ASSIGNMENT (( #1461 ) ) ;
#1234 = SURFACE_STYLE_FILL_AREA ( #969 ) ;
#1235 = LENGTH_MEASURE_WITH_UNIT ( LENGTH_MEASURE( 0.02539999999999999900 ), #1541 );
#1236 = PRESENTATION_STYLE_ASSIGNMENT (( #1164 ) ) ;
#1237 = FACE_OUTER_BOUND ( 'NONE', #203, .T. ) ;
#1238 = SURFACE_STYLE_FILL_AREA ( #975 ) ;
#1239 = COLOUR_RGB ( '',0.7529411764705882200, 0.7529411764705882200, 0.7529411764705882200 ) ;
#1240 = SURFACE_STYLE_FILL_AREA ( #1144 ) ;
#1241 = CYLINDRICAL_SURFACE ( 'NONE', #882, 0.4994999999999998900 ) ;
#1242 = TOROIDAL_SURFACE ( 'NONE', #856, 0.5044999999999999500, 0.005000000000000049500 ) ;
#1243 = LENGTH_MEASURE_WITH_UNIT ( LENGTH_MEASURE( 0.02539999999999999900 ), #1113 );
#1244 = COLOUR_RGB ( '',0.7529411764705882200, 0.7529411764705882200, 0.7529411764705882200 ) ;
#1245 = FACE_OUTER_BOUND ( 'NONE', #144, .T. ) ;
#1246 = PRESENTATION_STYLE_ASSIGNMENT (( #1490 ) ) ;
#1247 = FACE_OUTER_BOUND ( 'NONE', #191, .T. ) ;
#1248 = FACE_OUTER_BOUND ( 'NONE', #167, .T. ) ;
#1249 = SURFACE_STYLE_FILL_AREA ( #1397 ) ;
#1250 = SURFACE_STYLE_FILL_AREA ( #1054 ) ;
#1251 = COLOUR_RGB ( '',0.7529411764705882200, 0.7529411764705882200, 0.7529411764705882200 ) ;
#1252 = LENGTH_MEASURE_WITH_UNIT ( LENGTH_MEASURE( 0.02539999999999999900 ), #1353 );
#1253 = PRESENTATION_STYLE_ASSIGNMENT (( #970 ) ) ;
#1254 = DIMENSIONAL_EXPONENTS ( 1.000000000000000000, 0.0000000000000000000, 0.0000000000000000000, 0.0000000000000000000, 0.0000000000000000000, 0.0000000000000000000, 0.0000000000000000000 ) ;
#1255 = DIMENSIONAL_EXPONENTS ( 1.000000000000000000, 0.0000000000000000000, 0.0000000000000000000, 0.0000000000000000000, 0.0000000000000000000, 0.0000000000000000000, 0.0000000000000000000 ) ;
#1256 = DIMENSIONAL_EXPONENTS ( 1.000000000000000000, 0.0000000000000000000, 0.0000000000000000000, 0.0000000000000000000, 0.0000000000000000000, 0.0000000000000000000, 0.0000000000000000000 ) ;
#1257 = ADVANCED_FACE ( 'NONE', ( #1832 ), #835, .T. ) ;
#1258 = DIMENSIONAL_EXPONENTS ( 1.000000000000000000, 0.0000000000000000000, 0.0000000000000000000, 0.0000000000000000000, 0.0000000000000000000, 0.0000000000000000000, 0.0000000000000000000 ) ;
#1259 = DIMENSIONAL_EXPONENTS ( 1.000000000000000000, 0.0000000000000000000, 0.0000000000000000000, 0.0000000000000000000, 0.0000000000000000000, 0.0000000000000000000, 0.0000000000000000000 ) ;
#1260 = DIMENSIONAL_EXPONENTS ( 1.000000000000000000, 0.0000000000000000000, 0.0000000000000000000, 0.0000000000000000000, 0.0000000000000000000, 0.0000000000000000000, 0.0000000000000000000 ) ;
#1261 = DIMENSIONAL_EXPONENTS ( 1.000000000000000000, 0.0000000000000000000, 0.0000000000000000000, 0.0000000000000000000, 0.0000000000000000000, 0.0000000000000000000, 0.0000000000000000000 ) ;
#1262 = DIMENSIONAL_EXPONENTS ( 1.000000000000000000, 0.0000000000000000000, 0.0000000000000000000, 0.0000000000000000000, 0.0000000000000000000, 0.0000000000000000000, 0.0000000000000000000 ) ;
#1263 = DIMENSIONAL_EXPONENTS ( 1.000000000000000000, 0.0000000000000000000, 0.0000000000000000000, 0.0000000000000000000, 0.0000000000000000000, 0.0000000000000000000, 0.0000000000000000000 ) ;
#1264 = DIMENSIONAL_EXPONENTS ( 1.000000000000000000, 0.0000000000000000000, 0.0000000000000000000, 0.0000000000000000000, 0.0000000000000000000, 0.0000000000000000000, 0.0000000000000000000 ) ;
#1265 = DIMENSIONAL_EXPONENTS ( 1.000000000000000000, 0.0000000000000000000, 0.0000000000000000000, 0.0000000000000000000, 0.0000000000000000000, 0.0000000000000000000, 0.0000000000000000000 ) ;
#1266 = DIMENSIONAL_EXPONENTS ( 1.000000000000000000, 0.0000000000000000000, 0.0000000000000000000, 0.0000000000000000000, 0.0000000000000000000, 0.0000000000000000000, 0.0000000000000000000 ) ;
#1267 = DIMENSIONAL_EXPONENTS ( 1.000000000000000000, 0.0000000000000000000, 0.0000000000000000000, 0.0000000000000000000, 0.0000000000000000000, 0.0000000000000000000, 0.0000000000000000000 ) ;
#1268 = DIMENSIONAL_EXPONENTS ( 1.000000000000000000, 0.0000000000000000000, 0.0000000000000000000, 0.0000000000000000000, 0.0000000000000000000, 0.0000000000000000000, 0.0000000000000000000 ) ;
#1269 = DIMENSIONAL_EXPONENTS ( 1.000000000000000000, 0.0000000000000000000, 0.0000000000000000000, 0.0000000000000000000, 0.0000000000000000000, 0.0000000000000000000, 0.0000000000000000000 ) ;
#1270 = DIMENSIONAL_EXPONENTS ( 1.000000000000000000, 0.0000000000000000000, 0.0000000000000000000, 0.0000000000000000000, 0.0000000000000000000, 0.0000000000000000000, 0.0000000000000000000 ) ;
#1271 = ADVANCED_FACE ( 'NONE', ( #1923 ), #1924, .T. ) ;
#1272 = ADVANCED_FACE ( 'NONE', ( #1825 ), #1894, .T. ) ;
#1273 = ADVANCED_FACE ( 'NONE', ( #1930 ), #1906, .T. ) ;
#1274 = DIMENSIONAL_EXPONENTS ( 1.000000000000000000, 0.0000000000000000000, 0.0000000000000000000, 0.0000000000000000000, 0.0000000000000000000, 0.0000000000000000000, 0.0000000000000000000 ) ;
#1275 = DIMENSIONAL_EXPONENTS ( 1.000000000000000000, 0.0000000000000000000, 0.0000000000000000000, 0.0000000000000000000, 0.0000000000000000000, 0.0000000000000000000, 0.0000000000000000000 ) ;
#1276 = DIMENSIONAL_EXPONENTS ( 1.000000000000000000, 0.0000000000000000000, 0.0000000000000000000, 0.0000000000000000000, 0.0000000000000000000, 0.0000000000000000000, 0.0000000000000000000 ) ;
#1277 = DIMENSIONAL_EXPONENTS ( 1.000000000000000000, 0.0000000000000000000, 0.0000000000000000000, 0.0000000000000000000, 0.0000000000000000000, 0.0000000000000000000, 0.0000000000000000000 ) ;
#1278 = DIMENSIONAL_EXPONENTS ( 1.000000000000000000, 0.0000000000000000000, 0.0000000000000000000, 0.0000000000000000000, 0.0000000000000000000, 0.0000000000000000000, 0.0000000000000000000 ) ;
#1279 = DIMENSIONAL_EXPONENTS ( 1.000000000000000000, 0.0000000000000000000, 0.0000000000000000000, 0.0000000000000000000, 0.0000000000000000000, 0.0000000000000000000, 0.0000000000000000000 ) ;
#1280 = DIMENSIONAL_EXPONENTS ( 1.000000000000000000, 0.0000000000000000000, 0.0000000000000000000, 0.0000000000000000000, 0.0000000000000000000, 0.0000000000000000000, 0.0000000000000000000 ) ;
#1281 = DIMENSIONAL_EXPONENTS ( 1.000000000000000000, 0.0000000000000000000, 0.0000000000000000000, 0.0000000000000000000, 0.0000000000000000000, 0.0000000000000000000, 0.0000000000000000000 ) ;
#1282 = DIMENSIONAL_EXPONENTS ( 1.000000000000000000, 0.0000000000000000000, 0.0000000000000000000, 0.0000000000000000000, 0.0000000000000000000, 0.0000000000000000000, 0.0000000000000000000 ) ;
#1283 = DIMENSIONAL_EXPONENTS ( 1.000000000000000000, 0.0000000000000000000, 0.0000000000000000000, 0.0000000000000000000, 0.0000000000000000000, 0.0000000000000000000, 0.0000000000000000000 ) ;
#1284 = DIMENSIONAL_EXPONENTS ( 1.000000000000000000, 0.0000000000000000000, 0.0000000000000000000, 0.0000000000000000000, 0.0000000000000000000, 0.0000000000000000000, 0.0000000000000000000 ) ;
#1285 = DIMENSIONAL_EXPONENTS ( 1.000000000000000000, 0.0000000000000000000, 0.0000000000000000000, 0.0000000000000000000, 0.0000000000000000000, 0.0000000000000000000, 0.0000000000000000000 ) ;
#1286 = DIMENSIONAL_EXPONENTS ( 1.000000000000000000, 0.0000000000000000000, 0.0000000000000000000, 0.0000000000000000000, 0.0000000000000000000, 0.0000000000000000000, 0.0000000000000000000 ) ;
#1287 = ADVANCED_FACE ( 'NONE', ( #1947 ), #347, .T. ) ;
#1288 = ADVANCED_FACE ( 'NONE', ( #270 ), #334, .F. ) ;
#1289 = DIMENSIONAL_EXPONENTS ( 1.000000000000000000, 0.0000000000000000000, 0.0000000000000000000, 0.0000000000000000000, 0.0000000000000000000, 0.0000000000000000000, 0.0000000000000000000 ) ;
#1290 = DIMENSIONAL_EXPONENTS ( 1.000000000000000000, 0.0000000000000000000, 0.0000000000000000000, 0.0000000000000000000, 0.0000000000000000000, 0.0000000000000000000, 0.0000000000000000000 ) ;
#1291 = ADVANCED_FACE ( 'NONE', ( #338 ), #286, .T. ) ;
#1292 = DIMENSIONAL_EXPONENTS ( 1.000000000000000000, 0.0000000000000000000, 0.0000000000000000000, 0.0000000000000000000, 0.0000000000000000000, 0.0000000000000000000, 0.0000000000000000000 ) ;
#1293 = DIMENSIONAL_EXPONENTS ( 1.000000000000000000, 0.0000000000000000000, 0.0000000000000000000, 0.0000000000000000000, 0.0000000000000000000, 0.0000000000000000000, 0.0000000000000000000 ) ;
#1294 = DIMENSIONAL_EXPONENTS ( 1.000000000000000000, 0.0000000000000000000, 0.0000000000000000000, 0.0000000000000000000, 0.0000000000000000000, 0.0000000000000000000, 0.0000000000000000000 ) ;
#1295 = DIMENSIONAL_EXPONENTS ( 1.000000000000000000, 0.0000000000000000000, 0.0000000000000000000, 0.0000000000000000000, 0.0000000000000000000, 0.0000000000000000000, 0.0000000000000000000 ) ;
#1296 = DIMENSIONAL_EXPONENTS ( 1.000000000000000000, 0.0000000000000000000, 0.0000000000000000000, 0.0000000000000000000, 0.0000000000000000000, 0.0000000000000000000, 0.0000000000000000000 ) ;
#1297 = DIMENSIONAL_EXPONENTS ( 1.000000000000000000, 0.0000000000000000000, 0.0000000000000000000, 0.0000000000000000000, 0.0000000000000000000, 0.0000000000000000000, 0.0000000000000000000 ) ;
#1298 = ADVANCED_FACE ( 'NONE', ( #332 ), #324, .F. ) ;
#1299 = DIMENSIONAL_EXPONENTS ( 1.000000000000000000, 0.0000000000000000000, 0.0000000000000000000, 0.0000000000000000000, 0.0000000000000000000, 0.0000000000000000000, 0.0000000000000000000 ) ;
#1300 = ADVANCED_FACE ( 'NONE', ( #327 ), #837, .T. ) ;
#1301 = DIMENSIONAL_EXPONENTS ( 1.000000000000000000, 0.0000000000000000000, 0.0000000000000000000, 0.0000000000000000000, 0.0000000000000000000, 0.0000000000000000000, 0.0000000000000000000 ) ;
#1302 = DIMENSIONAL_EXPONENTS ( 1.000000000000000000, 0.0000000000000000000, 0.0000000000000000000, 0.0000000000000000000, 0.0000000000000000000, 0.0000000000000000000, 0.0000000000000000000 ) ;
#1303 = DIMENSIONAL_EXPONENTS ( 1.000000000000000000, 0.0000000000000000000, 0.0000000000000000000, 0.0000000000000000000, 0.0000000000000000000, 0.0000000000000000000, 0.0000000000000000000 ) ;
#1304 = DIMENSIONAL_EXPONENTS ( 1.000000000000000000, 0.0000000000000000000, 0.0000000000000000000, 0.0000000000000000000, 0.0000000000000000000, 0.0000000000000000000, 0.0000000000000000000 ) ;
#1305 = PRODUCT_DEFINITION_SHAPE ( 'NONE', 'NONE',  #1999 ) ;
#1306 = CARTESIAN_POINT ( 'NONE',  ( 0.1999999999999999300, 0.5000000000000001100, 0.0000000000000000000 ) ) ;
#1307 = DIRECTION ( 'NONE',  ( 0.0000000000000000000, 0.0000000000000000000, 1.000000000000000000 ) ) ;
#1308 = CARTESIAN_POINT ( 'NONE',  ( 0.03093353451896127200, 0.1175065468009975100, -0.4912413096935699400 ) ) ;
#1309 = FILL_AREA_STYLE_COLOUR ( '', #2034 ) ;
#1310 = CARTESIAN_POINT ( 'NONE',  ( 0.06568395761207138100, -0.1099752676940469300, -0.4957989305982782300 ) ) ;
#1311 = FILL_AREA_STYLE ('',( #1331 ) ) ;
#1312 = FILL_AREA_STYLE ('',( #1309 ) ) ;
#1313 = PLANE ( 'NONE',  #2105 ) ;
#1314 = DIRECTION ( 'NONE',  ( -0.0000000000000000000, 1.000000000000000000, -0.0000000000000000000 ) ) ;
#1315 =( CONVERSION_BASED_UNIT ( 'INCH', #345 ) LENGTH_UNIT ( ) NAMED_UNIT ( #1292 ) );
#1316 = DIRECTION ( 'NONE',  ( -0.0000000000000000000, -0.0000000000000000000, 1.000000000000000000 ) ) ;
#1317 = FILL_AREA_STYLE_COLOUR ( '', #2011 ) ;
#1318 = CARTESIAN_POINT ( 'NONE',  ( 0.1254950187530335900, -4.268512490100411300E-018, -0.4834782831401796000 ) ) ;
#1319 =( LENGTH_UNIT ( ) NAMED_UNIT ( * ) SI_UNIT ( $, .METRE. ) );
#1320 = CARTESIAN_POINT ( 'NONE',  ( -0.06133395518773313700, -0.1047729639443824200, -0.4876193698776532000 ) ) ;
#1321 =( LENGTH_UNIT ( ) NAMED_UNIT ( * ) SI_UNIT ( $, .METRE. ) );
#1322 =( NAMED_UNIT ( * ) PLANE_ANGLE_UNIT ( ) SI_UNIT ( $, .RADIAN. ) );
#1323 = CARTESIAN_POINT ( 'NONE',  ( -0.1174910726843018700, -0.03106934223135387000, -0.4754871150075606900 ) ) ;
#1324 =( CONVERSION_BASED_UNIT ( 'INCH', #1252 ) LENGTH_UNIT ( ) NAMED_UNIT ( #1270 ) );
#1325 =( LENGTH_UNIT ( ) NAMED_UNIT ( * ) SI_UNIT ( $, .METRE. ) );
#1326 =( CONVERSION_BASED_UNIT ( 'INCH', #2027 ) LENGTH_UNIT ( ) NAMED_UNIT ( #1264 ) );
#1327 = DIRECTION ( 'NONE',  ( -0.0000000000000000000, 1.000000000000000000, -0.0000000000000000000 ) ) ;
#1328 =( NAMED_UNIT ( * ) SI_UNIT ( $, .STERADIAN. ) SOLID_ANGLE_UNIT ( ) );
#1329 = DIRECTION ( 'NONE',  ( 0.0000000000000000000, 0.0000000000000000000, -1.000000000000000000 ) ) ;
#1330 = DIRECTION ( 'NONE',  ( 0.0000000000000000000, -1.000000000000000000, 0.0000000000000000000 ) ) ;
#1331 = FILL_AREA_STYLE_COLOUR ( '', #283 ) ;
#1332 =( CONVERSION_BASED_UNIT ( 'INCH', #2038 ) LENGTH_UNIT ( ) NAMED_UNIT ( #1302 ) );
#1333 =( LENGTH_UNIT ( ) NAMED_UNIT ( * ) SI_UNIT ( $, .METRE. ) );
#1334 = SURFACE_SIDE_STYLE ('',( #342 ) ) ;
#1335 = DIRECTION ( 'NONE',  ( 0.0000000000000000000, 0.0000000000000000000, -1.000000000000000000 ) ) ;
#1336 = DIRECTION ( 'NONE',  ( -0.0000000000000000000, 1.000000000000000000, -0.0000000000000000000 ) ) ;
#1337 = FILL_AREA_STYLE_COLOUR ( '', #2003 ) ;
#1338 = CARTESIAN_POINT ( 'NONE',  ( 1.176183336030360300E-016, -0.3100000000000000000, 0.0000000000000000000 ) ) ;
#1339 = CARTESIAN_POINT ( 'NONE',  ( 0.1174801662767375200, 0.03097533102500315800, -0.4754877727066387200 ) ) ;
#1340 = SURFACE_SIDE_STYLE ('',( #2010 ) ) ;
#1341 = FILL_AREA_STYLE_COLOUR ( '', #2013 ) ;
#1342 =( LENGTH_UNIT ( ) NAMED_UNIT ( * ) SI_UNIT ( $, .METRE. ) );
#1343 = CARTESIAN_POINT ( 'NONE',  ( 0.06552799672005948900, 0.1101019104341366100, -0.4958207085255304000 ) ) ;
#1344 = FILL_AREA_STYLE ('',( #1432 ) ) ;
#1345 = SURFACE_STYLE_USAGE ( .BOTH. , #1476 ) ;
#1346 = SURFACE_STYLE_USAGE ( .BOTH. , #1534 ) ;
#1347 = DIRECTION ( 'NONE',  ( 0.0000000000000000000, -1.000000000000000000, 0.0000000000000000000 ) ) ;
#1348 = DIRECTION ( 'NONE',  ( 0.0000000000000000000, -1.000000000000000000, 0.0000000000000000000 ) ) ;
#1349 = CARTESIAN_POINT ( 'NONE',  ( 0.1086865707040485400, 0.06206729435518312100, -0.4875538297761310400 ) ) ;
#1350 = DIRECTION ( 'NONE',  ( 0.0000000000000000000, -1.000000000000000000, 0.0000000000000000000 ) ) ;
#1351 = CARTESIAN_POINT ( 'NONE',  ( 0.07703251480655755300, 0.09878252217715922900, -0.4936662408655364000 ) ) ;
#1352 = CARTESIAN_POINT ( 'NONE',  ( 0.06354847749517235400, 0.1075943152900347100, -0.4956854934125139400 ) ) ;
#1353 =( LENGTH_UNIT ( ) NAMED_UNIT ( * ) SI_UNIT ( $, .METRE. ) );
#1354 =( NAMED_UNIT ( * ) PLANE_ANGLE_UNIT ( ) SI_UNIT ( $, .RADIAN. ) );
#1355 = SURFACE_STYLE_USAGE ( .BOTH. , #1408 ) ;
#1356 = CARTESIAN_POINT ( 'NONE',  ( 0.09450601275381174900, 0.08159900950346259100, -0.4905139065106203800 ) ) ;
#1357 =( CONVERSION_BASED_UNIT ( 'INCH', #269 ) LENGTH_UNIT ( ) NAMED_UNIT ( #1275 ) );
#1358 = FILL_AREA_STYLE_COLOUR ( '', #2008 ) ;
#1359 = PLANE ( 'NONE',  #2100 ) ;
#1360 =( NAMED_UNIT ( * ) PLANE_ANGLE_UNIT ( ) SI_UNIT ( $, .RADIAN. ) );
#1361 = CARTESIAN_POINT ( 'NONE',  ( -0.1047488838532566600, -0.06148433837970995700, -0.4792488766528231700 ) ) ;
#1362 = CARTESIAN_POINT ( 'NONE',  ( 1.176183336030360300E-016, -0.3150000000000000600, 0.0000000000000000000 ) ) ;
#1363 = CARTESIAN_POINT ( 'NONE',  ( -0.03094374819603360300, 0.1174934529770467600, -0.4912387678174106000 ) ) ;
#1364 = CARTESIAN_POINT ( 'NONE',  ( 0.06149937371494502300, -0.1047003517906204300, -0.4876001719061423000 ) ) ;
#1365 =( NAMED_UNIT ( * ) SI_UNIT ( $, .STERADIAN. ) SOLID_ANGLE_UNIT ( ) );
#1366 = CARTESIAN_POINT ( 'NONE',  ( 0.0000000000000000000, -0.5000000000000001100, 0.0000000000000000000 ) ) ;
#1367 = DIRECTION ( 'NONE',  ( -0.0000000000000000000, -1.000000000000000000, -0.0000000000000000000 ) ) ;
#1368 =( CONVERSION_BASED_UNIT ( 'INCH', #282 ) LENGTH_UNIT ( ) NAMED_UNIT ( #1293 ) );
#1369 = CARTESIAN_POINT ( 'NONE',  ( 0.0000000000000000000, 0.0000000000000000000, -0.6249999999999998900 ) ) ;
#1370 = CARTESIAN_POINT ( 'NONE',  ( 1.176183336030360300E-016, 0.5000000000000001100, 0.0000000000000000000 ) ) ;
#1371 = SURFACE_SIDE_STYLE ('',( #2015 ) ) ;
#1372 =( CONVERSION_BASED_UNIT ( 'INCH', #1235 ) LENGTH_UNIT ( ) NAMED_UNIT ( #1289 ) );
#1373 = CARTESIAN_POINT ( 'NONE',  ( 1.176183336030360300E-016, 0.5000000000000001100, 0.0000000000000000000 ) ) ;
#1374 = CARTESIAN_POINT ( 'NONE',  ( 0.0000000000000000000, -0.4700000000000002000, 0.0000000000000000000 ) ) ;
#1375 = DIRECTION ( 'NONE',  ( 0.0000000000000000000, 0.0000000000000000000, 1.000000000000000000 ) ) ;
#1376 =( LENGTH_UNIT ( ) NAMED_UNIT ( * ) SI_UNIT ( $, .METRE. ) );
#1377 = SURFACE_STYLE_USAGE ( .BOTH. , #1391 ) ;
#1378 =( CONVERSION_BASED_UNIT ( 'INCH', #285 ) LENGTH_UNIT ( ) NAMED_UNIT ( #1294 ) );
#1379 =( NAMED_UNIT ( * ) SI_UNIT ( $, .STERADIAN. ) SOLID_ANGLE_UNIT ( ) );
#1380 = FILL_AREA_STYLE ('',( #1443 ) ) ;
#1381 =( NAMED_UNIT ( * ) SI_UNIT ( $, .STERADIAN. ) SOLID_ANGLE_UNIT ( ) );
#1382 = CARTESIAN_POINT ( 'NONE',  ( 0.03106757257416632000, -0.1175013878623517300, -0.4912392350603851900 ) ) ;
#1383 = SURFACE_STYLE_USAGE ( .BOTH. , #1340 ) ;
#1384 = CARTESIAN_POINT ( 'NONE',  ( 0.1118311754122885100, 0.06455557437828807200, -0.4873093561457356700 ) ) ;
#1385 =( NAMED_UNIT ( * ) SI_UNIT ( $, .STERADIAN. ) SOLID_ANGLE_UNIT ( ) );
#1386 = CARTESIAN_POINT ( 'NONE',  ( 0.1119088842830104800, -0.06445241327008091600, -0.4872889507773532900 ) ) ;
#1387 = CARTESIAN_POINT ( 'NONE',  ( 1.176183336030360300E-016, -0.4800000000000001500, 0.0000000000000000000 ) ) ;
#1388 = CARTESIAN_POINT ( 'NONE',  ( 0.0000000000000000000, 0.0000000000000000000, -0.6249999999999998900 ) ) ;
#1389 = DIRECTION ( 'NONE',  ( 0.0000000000000000000, 0.0000000000000000000, -1.000000000000000000 ) ) ;
#1390 = CARTESIAN_POINT ( 'NONE',  ( 0.1174999999999999900, 2.134256245050205600E-017, -0.4754832643871460000 ) ) ;
#1391 = SURFACE_SIDE_STYLE ('',( #288 ) ) ;
#1392 =( NAMED_UNIT ( * ) PLANE_ANGLE_UNIT ( ) SI_UNIT ( $, .RADIAN. ) );
#1393 =( NAMED_UNIT ( * ) SI_UNIT ( $, .STERADIAN. ) SOLID_ANGLE_UNIT ( ) );
#1394 = SURFACE_STYLE_USAGE ( .BOTH. , #1466 ) ;
#1395 =( CONVERSION_BASED_UNIT ( 'INCH', #1223 ) LENGTH_UNIT ( ) NAMED_UNIT ( #1278 ) );
#1396 = FILL_AREA_STYLE_COLOUR ( '', #346 ) ;
#1397 = FILL_AREA_STYLE ('',( #1450 ) ) ;
#1398 = SURFACE_STYLE_USAGE ( .BOTH. , #1428 ) ;
#1399 =( LENGTH_UNIT ( ) NAMED_UNIT ( * ) SI_UNIT ( $, .METRE. ) );
#1400 = CARTESIAN_POINT ( 'NONE',  ( -0.06550728368822231200, -0.1100515379981190900, -0.4958184513504983500 ) ) ;
#1401 = DIRECTION ( 'NONE',  ( -0.0000000000000000000, 1.000000000000000000, -0.0000000000000000000 ) ) ;
#1402 =( CONVERSION_BASED_UNIT ( 'INCH', #2044 ) LENGTH_UNIT ( ) NAMED_UNIT ( #1297 ) );
#1403 = DIRECTION ( 'NONE',  ( 0.0000000000000000000, -0.0000000000000000000, -1.000000000000000000 ) ) ;
#1404 = SURFACE_SIDE_STYLE ('',( #2009 ) ) ;
#1405 = DIRECTION ( 'NONE',  ( 0.0000000000000000000, 0.0000000000000000000, 1.000000000000000000 ) ) ;
#1406 = FILL_AREA_STYLE ('',( #1469 ) ) ;
#1407 = SURFACE_SIDE_STYLE ('',( #2059 ) ) ;
#1408 = SURFACE_SIDE_STYLE ('',( #2032 ) ) ;
#1409 = FILL_AREA_STYLE ('',( #1555 ) ) ;
#1410 = DIRECTION ( 'NONE',  ( -0.0000000000000000000, -1.000000000000000000, -0.0000000000000000000 ) ) ;
#1411 =( LENGTH_UNIT ( ) NAMED_UNIT ( * ) SI_UNIT ( $, .METRE. ) );
#1412 = SURFACE_SIDE_STYLE ('',( #1226 ) ) ;
#1413 = DIRECTION ( 'NONE',  ( -0.0000000000000000000, 1.000000000000000000, -0.0000000000000000000 ) ) ;
#1414 = FILL_AREA_STYLE ('',( #1545 ) ) ;
#1415 = FILL_AREA_STYLE ('',( #1544 ) ) ;
#1416 = SURFACE_STYLE_USAGE ( .BOTH. , #1334 ) ;
#1417 = FILL_AREA_STYLE ('',( #1341 ) ) ;
#1418 = CARTESIAN_POINT ( 'NONE',  ( -0.1118749208654229300, 0.06451634650178189600, -0.4872995216151789800 ) ) ;
#1419 =( NAMED_UNIT ( * ) PLANE_ANGLE_UNIT ( ) SI_UNIT ( $, .RADIAN. ) );
#1420 =( CONVERSION_BASED_UNIT ( 'INCH', #1222 ) LENGTH_UNIT ( ) NAMED_UNIT ( #1279 ) );
#1421 = CARTESIAN_POINT ( 'NONE',  ( 1.176183336030360300E-016, 0.4800000000000002000, 0.4994999999999998900 ) ) ;
#1422 = CARTESIAN_POINT ( 'NONE',  ( 0.01648306572527760300, 0.1234200424577852800, -0.4995000000000022200 ) ) ;
#1423 = DIRECTION ( 'NONE',  ( -0.0000000000000000000, 1.000000000000000000, -0.0000000000000000000 ) ) ;
#1424 = FILL_AREA_STYLE ('',( #1396 ) ) ;
#1425 =( NAMED_UNIT ( * ) SI_UNIT ( $, .STERADIAN. ) SOLID_ANGLE_UNIT ( ) );
#1426 = CARTESIAN_POINT ( 'NONE',  ( 1.787894412204463300E-016, 0.4800000000000002000, -0.4994999999999998900 ) ) ;
#1427 = CARTESIAN_POINT ( 'NONE',  ( -0.06143656745650628900, 0.1047341609726331500, -0.4876077220025916700 ) ) ;
#1428 = SURFACE_SIDE_STYLE ('',( #1220 ) ) ;
#1429 =( NAMED_UNIT ( * ) PLANE_ANGLE_UNIT ( ) SI_UNIT ( $, .RADIAN. ) );
#1430 =( CONVERSION_BASED_UNIT ( 'INCH', #2040 ) LENGTH_UNIT ( ) NAMED_UNIT ( #1276 ) );
#1431 = SURFACE_STYLE_USAGE ( .BOTH. , #1407 ) ;
#1432 = FILL_AREA_STYLE_COLOUR ( '', #275 ) ;
#1433 = CARTESIAN_POINT ( 'NONE',  ( -0.1255044489398949600, 0.03240932625944763200, -0.4834743949159214200 ) ) ;
#1434 = CARTESIAN_POINT ( 'NONE',  ( -0.1175088294108422900, 0.03085483052382249900, -0.4754794404599249100 ) ) ;
#1435 = SURFACE_SIDE_STYLE ('',( #2049 ) ) ;
#1436 = DIRECTION ( 'NONE',  ( 0.0000000000000000000, -0.0000000000000000000, -1.000000000000000000 ) ) ;
#1437 = DIRECTION ( 'NONE',  ( 0.0000000000000000000, 0.0000000000000000000, 1.000000000000000000 ) ) ;
#1438 = CARTESIAN_POINT ( 'NONE',  ( -1.355904058943556400E-013, 0.1234197760270221800, -0.4995000000750476300 ) ) ;
#1439 = CARTESIAN_POINT ( 'NONE',  ( 1.787894412204463300E-016, 0.4800000000000002000, -0.4994999999999998900 ) ) ;
#1440 = CARTESIAN_POINT ( 'NONE',  ( -0.03088116070816342200, -0.1174985382027777000, -0.4912408229978277300 ) ) ;
#1441 =( LENGTH_UNIT ( ) NAMED_UNIT ( * ) SI_UNIT ( $, .METRE. ) );
#1442 = DIRECTION ( 'NONE',  ( 0.0000000000000000000, 0.0000000000000000000, 1.000000000000000000 ) ) ;
#1443 = FILL_AREA_STYLE_COLOUR ( '', #2052 ) ;
#1444 = CARTESIAN_POINT ( 'NONE',  ( -0.1047476090908694100, 0.06142184844403169400, -0.4792413131622912900 ) ) ;
#1445 = CARTESIAN_POINT ( 'NONE',  ( 0.06135334864941099900, 0.1048209202752527600, -0.4876215897244964800 ) ) ;
#1446 = PLANE ( 'NONE',  #842 ) ;
#1447 = CARTESIAN_POINT ( 'NONE',  ( 0.09966816625357534400, 0.07540153145064713800, -0.4894770313471598600 ) ) ;
#1448 = CARTESIAN_POINT ( 'NONE',  ( 0.1125090573195507400, 0.05501081062684583200, -0.4866755604017246100 ) ) ;
#1449 = FILL_AREA_STYLE ('',( #1547 ) ) ;
#1450 = FILL_AREA_STYLE_COLOUR ( '', #1244 ) ;
#1451 = DIRECTION ( 'NONE',  ( 0.0000000000000000000, 0.0000000000000000000, 1.000000000000000000 ) ) ;
#1452 =( NAMED_UNIT ( * ) SI_UNIT ( $, .STERADIAN. ) SOLID_ANGLE_UNIT ( ) );
#1453 =( NAMED_UNIT ( * ) PLANE_ANGLE_UNIT ( ) SI_UNIT ( $, .RADIAN. ) );
#1454 =( CONVERSION_BASED_UNIT ( 'INCH', #2055 ) LENGTH_UNIT ( ) NAMED_UNIT ( #1299 ) );
#1455 = DIRECTION ( 'NONE',  ( -0.0000000000000000000, 1.000000000000000000, -0.0000000000000000000 ) ) ;
#1456 = SURFACE_SIDE_STYLE ('',( #1249 ) ) ;
#1457 = DIRECTION ( 'NONE',  ( -0.0000000000000000000, 1.000000000000000000, 0.0000000000000000000 ) ) ;
#1458 = CARTESIAN_POINT ( 'NONE',  ( 0.1175198337232624700, -0.03097533102500311600, -0.4754787560676532200 ) ) ;
#1459 = DIRECTION ( 'NONE',  ( -0.0000000000000000000, 1.000000000000000000, -0.0000000000000000000 ) ) ;
#1460 = CARTESIAN_POINT ( 'NONE',  ( -0.03304921645416154800, 0.1234128986715357600, -0.4994987076630452200 ) ) ;
#1461 = SURFACE_STYLE_USAGE ( .BOTH. , #1456 ) ;
#1462 =( NAMED_UNIT ( * ) PLANE_ANGLE_UNIT ( ) SI_UNIT ( $, .RADIAN. ) );
#1463 = PLANE ( 'NONE',  #861 ) ;
#1464 =( NAMED_UNIT ( * ) SI_UNIT ( $, .STERADIAN. ) SOLID_ANGLE_UNIT ( ) );
#1465 = DIRECTION ( 'NONE',  ( -0.0000000000000000000, 1.000000000000000000, -0.0000000000000000000 ) ) ;
#1466 = SURFACE_SIDE_STYLE ('',( #279 ) ) ;
#1467 = CARTESIAN_POINT ( 'NONE',  ( 0.1222490591829942400, 0.03195074620942738700, -0.4843552145006179700 ) ) ;
#1468 = FILL_AREA_STYLE ('',( #1509 ) ) ;
#1469 = FILL_AREA_STYLE_COLOUR ( '', #2051 ) ;
#1470 = CARTESIAN_POINT ( 'NONE',  ( 1.365923996832131600E-016, -0.3100000000000000000, 0.0000000000000000000 ) ) ;
#1471 = CARTESIAN_POINT ( 'NONE',  ( 1.176183336030360300E-016, 0.4800000000000001500, 0.0000000000000000000 ) ) ;
#1472 = DIRECTION ( 'NONE',  ( -0.0000000000000000000, 1.000000000000000000, -0.0000000000000000000 ) ) ;
#1473 = FILL_AREA_STYLE ('',( #1317 ) ) ;
#1474 = CARTESIAN_POINT ( 'NONE',  ( 0.0000000000000000000, 0.5000000000000001100, 0.0000000000000000000 ) ) ;
#1475 = FILL_AREA_STYLE ('',( #1358 ) ) ;
#1476 = SURFACE_SIDE_STYLE ('',( #2028 ) ) ;
#1477 = SURFACE_SIDE_STYLE ('',( #2029 ) ) ;
#1478 = DIRECTION ( 'NONE',  ( 0.0000000000000000000, 0.0000000000000000000, 1.000000000000000000 ) ) ;
#1479 = DIRECTION ( 'NONE',  ( 0.0000000000000000000, -0.0000000000000000000, -1.000000000000000000 ) ) ;
#1480 = CARTESIAN_POINT ( 'NONE',  ( 0.03256299931573274100, 0.1202360988107782200, -0.4986804271746842500 ) ) ;
#1481 = CARTESIAN_POINT ( 'NONE',  ( -0.03298237510281384900, -0.1234182400915453100, -0.4995007973986347300 ) ) ;
#1482 = DIRECTION ( 'NONE',  ( -0.0000000000000000000, -1.000000000000000000, -0.0000000000000000000 ) ) ;
#1483 =( NAMED_UNIT ( * ) SI_UNIT ( $, .STERADIAN. ) SOLID_ANGLE_UNIT ( ) );
#1484 =( NAMED_UNIT ( * ) PLANE_ANGLE_UNIT ( ) SI_UNIT ( $, .RADIAN. ) );
#1485 =( NAMED_UNIT ( * ) SI_UNIT ( $, .STERADIAN. ) SOLID_ANGLE_UNIT ( ) );
#1486 =( NAMED_UNIT ( * ) PLANE_ANGLE_UNIT ( ) SI_UNIT ( $, .RADIAN. ) );
#1487 =( NAMED_UNIT ( * ) PLANE_ANGLE_UNIT ( ) SI_UNIT ( $, .RADIAN. ) );
#1488 = CARTESIAN_POINT ( 'NONE',  ( 0.1254950187530335900, 0.0000000000000000000, -0.4834782831401796000 ) ) ;
#1489 = SURFACE_STYLE_USAGE ( .BOTH. , #1404 ) ;
#1490 = SURFACE_STYLE_USAGE ( .BOTH. , #1412 ) ;
#1491 =( NAMED_UNIT ( * ) SI_UNIT ( $, .STERADIAN. ) SOLID_ANGLE_UNIT ( ) );
#1492 =( LENGTH_UNIT ( ) NAMED_UNIT ( * ) SI_UNIT ( $, .METRE. ) );
#1493 = SURFACE_STYLE_USAGE ( .BOTH. , #1371 ) ;
#1494 = DIRECTION ( 'NONE',  ( -0.0000000000000000000, 1.000000000000000000, -0.0000000000000000000 ) ) ;
#1495 = DIRECTION ( 'NONE',  ( 1.000000000000000000, 0.0000000000000000000, 0.0000000000000000000 ) ) ;
#1496 = DIRECTION ( 'NONE',  ( 0.0000000000000000000, 0.0000000000000000000, -1.000000000000000000 ) ) ;
#1497 =( NAMED_UNIT ( * ) SI_UNIT ( $, .STERADIAN. ) SOLID_ANGLE_UNIT ( ) );
#1498 =( LENGTH_UNIT ( ) NAMED_UNIT ( * ) SI_UNIT ( $, .METRE. ) );
#1499 =( CONVERSION_BASED_UNIT ( 'INCH', #2002 ) LENGTH_UNIT ( ) NAMED_UNIT ( #1274 ) );
#1500 =( LENGTH_UNIT ( ) NAMED_UNIT ( * ) SI_UNIT ( $, .METRE. ) );
#1501 = SURFACE_SIDE_STYLE ('',( #2037 ) ) ;
#1502 =( NAMED_UNIT ( * ) PLANE_ANGLE_UNIT ( ) SI_UNIT ( $, .RADIAN. ) );
#1503 = SURFACE_STYLE_USAGE ( .BOTH. , #1501 ) ;
#1504 = FILL_AREA_STYLE ('',( #1529 ) ) ;
#1505 = SURFACE_STYLE_USAGE ( .BOTH. , #1531 ) ;
#1506 = CARTESIAN_POINT ( 'NONE',  ( 0.0000000000000000000, -0.4800000000000001500, 0.0000000000000000000 ) ) ;
#1507 = FILL_AREA_STYLE ('',( #1337 ) ) ;
#1508 =( NAMED_UNIT ( * ) PLANE_ANGLE_UNIT ( ) SI_UNIT ( $, .RADIAN. ) );
#1509 = FILL_AREA_STYLE_COLOUR ( '', #281 ) ;
#1510 =( NAMED_UNIT ( * ) PLANE_ANGLE_UNIT ( ) SI_UNIT ( $, .RADIAN. ) );
#1511 = SURFACE_STYLE_USAGE ( .BOTH. , #1477 ) ;
#1512 =( LENGTH_UNIT ( ) NAMED_UNIT ( * ) SI_UNIT ( $, .METRE. ) );
#1513 = DIRECTION ( 'NONE',  ( 0.0000000000000000000, -1.000000000000000000, 0.0000000000000000000 ) ) ;
#1514 = CARTESIAN_POINT ( 'NONE',  ( 0.5045000000000000600, -0.3150000000000000600, 0.0000000000000000000 ) ) ;
#1515 =( LENGTH_UNIT ( ) NAMED_UNIT ( * ) SI_UNIT ( $, .METRE. ) );
#1516 = CARTESIAN_POINT ( 'NONE',  ( 0.1254950187530335900, -4.268512490100411300E-018, -0.4834782831401796000 ) ) ;
#1517 = FILL_AREA_STYLE_COLOUR ( '', #1216 ) ;
#1518 = CARTESIAN_POINT ( 'NONE',  ( 0.1047794087420494700, -0.06136098177207109000, -0.4792309171345181500 ) ) ;
#1519 = CARTESIAN_POINT ( 'NONE',  ( 1.176183336030360300E-016, 0.4800000000000002000, 0.0000000000000000000 ) ) ;
#1520 = DIRECTION ( 'NONE',  ( 0.0000000000000000000, 0.0000000000000000000, 1.000000000000000000 ) ) ;
#1521 =( CONVERSION_BASED_UNIT ( 'INCH', #2006 ) LENGTH_UNIT ( ) NAMED_UNIT ( #1280 ) );
#1522 = CARTESIAN_POINT ( 'NONE',  ( -0.1118762822692760000, -0.06458198484297812700, -0.4873072122999840300 ) ) ;
#1523 =( NAMED_UNIT ( * ) PLANE_ANGLE_UNIT ( ) SI_UNIT ( $, .RADIAN. ) );
#1524 = DIRECTION ( 'NONE',  ( -0.0000000000000000000, -0.0000000000000000000, 1.000000000000000000 ) ) ;
#1525 = DIRECTION ( 'NONE',  ( 1.000000000000000000, 0.0000000000000000000, 0.0000000000000000000 ) ) ;
#1526 =( NAMED_UNIT ( * ) SI_UNIT ( $, .STERADIAN. ) SOLID_ANGLE_UNIT ( ) );
#1527 =( NAMED_UNIT ( * ) SI_UNIT ( $, .STERADIAN. ) SOLID_ANGLE_UNIT ( ) );
#1528 = CARTESIAN_POINT ( 'NONE',  ( 0.1254795524139588600, 0.01617603871352529500, -0.4834822976917734200 ) ) ;
#1529 = FILL_AREA_STYLE_COLOUR ( '', #2046 ) ;
#1530 = CARTESIAN_POINT ( 'NONE',  ( 0.03318147093787624000, -0.1234212333178820200, -0.4994991827619496600 ) ) ;
#1531 = SURFACE_SIDE_STYLE ('',( #271 ) ) ;
#1532 =( NAMED_UNIT ( * ) SI_UNIT ( $, .STERADIAN. ) SOLID_ANGLE_UNIT ( ) );
#1533 = CARTESIAN_POINT ( 'NONE',  ( 1.365923996832131600E-016, -0.3100000000000000000, 0.0000000000000000000 ) ) ;
#1534 = SURFACE_SIDE_STYLE ('',( #2026 ) ) ;
#1535 = DIRECTION ( 'NONE',  ( 0.0000000000000000000, 0.0000000000000000000, 1.000000000000000000 ) ) ;
#1536 = CARTESIAN_POINT ( 'NONE',  ( 0.03303830781079385200, 0.1234266521645417900, -0.4995012922773955900 ) ) ;
#1537 = DIRECTION ( 'NONE',  ( 0.0000000000000000000, 0.0000000000000000000, 1.000000000000000000 ) ) ;
#1538 = CARTESIAN_POINT ( 'NONE',  ( -0.06561687787730352600, 0.1100107801869921500, -0.4958066076399847400 ) ) ;
#1539 = CARTESIAN_POINT ( 'NONE',  ( 0.0000000000000000000, 0.4800000000000001500, 0.0000000000000000000 ) ) ;
#1540 = CARTESIAN_POINT ( 'NONE',  ( 0.1047066506447611500, 0.06145919469469642700, -0.4792509850494644500 ) ) ;
#1541 =( LENGTH_UNIT ( ) NAMED_UNIT ( * ) SI_UNIT ( $, .METRE. ) );
#1542 =( NAMED_UNIT ( * ) SI_UNIT ( $, .STERADIAN. ) SOLID_ANGLE_UNIT ( ) );
#1543 = DIRECTION ( 'NONE',  ( -0.0000000000000000000, 1.000000000000000000, -0.0000000000000000000 ) ) ;
#1544 = FILL_AREA_STYLE_COLOUR ( '', #2031 ) ;
#1545 = FILL_AREA_STYLE_COLOUR ( '', #1232 ) ;
#1546 = CARTESIAN_POINT ( 'NONE',  ( 0.0000000000000000000, 0.1500000000000001100, 0.0000000000000000000 ) ) ;
#1547 = FILL_AREA_STYLE_COLOUR ( '', #1227 ) ;
#1548 = CARTESIAN_POINT ( 'NONE',  ( 0.1255162020133061000, -0.03253589618798388700, -0.4834736990162172300 ) ) ;
#1549 = SURFACE_STYLE_USAGE ( .BOTH. , #1435 ) ;
#1550 =( LENGTH_UNIT ( ) NAMED_UNIT ( * ) SI_UNIT ( $, .METRE. ) );
#1551 = CARTESIAN_POINT ( 'NONE',  ( 0.1174999999999999900, 2.134256245050205600E-017, -0.4754832643871460000 ) ) ;
#1552 =( CONVERSION_BASED_UNIT ( 'INCH', #2007 ) LENGTH_UNIT ( ) NAMED_UNIT ( #1260 ) );
#1553 = CARTESIAN_POINT ( 'NONE',  ( 1.176183336030360300E-016, -0.4800000000000000900, 0.0000000000000000000 ) ) ;
#1554 = CARTESIAN_POINT ( 'NONE',  ( -0.1254854839996041600, -0.03263464529598432400, -0.4834821985064645100 ) ) ;
#1555 = FILL_AREA_STYLE_COLOUR ( '', #284 ) ;
#1556 = CARTESIAN_POINT ( 'NONE',  ( 0.1254738354927610900, 0.03253589618798388000, -0.4834828672641419700 ) ) ;
#1557 =( CONVERSION_BASED_UNIT ( 'INCH', #2042 ) LENGTH_UNIT ( ) NAMED_UNIT ( #1268 ) );
#1558 =( NAMED_UNIT ( * ) PLANE_ANGLE_UNIT ( ) SI_UNIT ( $, .RADIAN. ) );
#1559 =( NAMED_UNIT ( * ) PLANE_ANGLE_UNIT ( ) SI_UNIT ( $, .RADIAN. ) );
#1560 = FACE_OUTER_BOUND ( 'NONE', #146, .T. ) ;
#1561 = CYLINDRICAL_SURFACE ( 'NONE', #897, 0.06799999999999990800 ) ;
#1562 = SURFACE_STYLE_FILL_AREA ( #962 ) ;
#1563 = COLOUR_RGB ( '',0.7529411764705882200, 0.7529411764705882200, 0.7529411764705882200 ) ;
#1564 = SURFACE_STYLE_FILL_AREA ( #942 ) ;
#1565 = PRESENTATION_STYLE_ASSIGNMENT (( #938 ) ) ;
#1566 = LENGTH_MEASURE_WITH_UNIT ( LENGTH_MEASURE( 0.02539999999999999900 ), #1005 );
#1567 = LENGTH_MEASURE_WITH_UNIT ( LENGTH_MEASURE( 0.02539999999999999900 ), #1157 );
#1568 = LENGTH_MEASURE_WITH_UNIT ( LENGTH_MEASURE( 0.02539999999999999900 ), #941 );
#1569 = LENGTH_MEASURE_WITH_UNIT ( LENGTH_MEASURE( 0.02539999999999999900 ), #1123 );
#1570 = CONICAL_SURFACE ( 'NONE', #1956, 0.07799999999999955600, 0.7853981633974321800 ) ;
#1571 = COLOUR_RGB ( '',0.7529411764705882200, 0.7529411764705882200, 0.7529411764705882200 ) ;
#1572 = CONICAL_SURFACE ( 'NONE', #885, 0.6249999999999998900, 0.7853981633974551600 ) ;
#1573 = FACE_OUTER_BOUND ( 'NONE', #150, .T. ) ;
#1574 = LENGTH_MEASURE_WITH_UNIT ( LENGTH_MEASURE( 0.02539999999999999900 ), #956 );
#1575 = PRESENTATION_STYLE_ASSIGNMENT (( #1065 ) ) ;
#1576 = CONICAL_SURFACE ( 'NONE', #1965, 0.06799999999999989400, 1.029744258676653200 ) ;
#1577 = SURFACE_STYLE_FILL_AREA ( #1080 ) ;
#1578 = COLOUR_RGB ( '',1.000000000000000000, 1.000000000000000000, 1.000000000000000000 ) ;
#1579 = PRESENTATION_STYLE_ASSIGNMENT (( #939 ) ) ;
#1580 = COLOUR_RGB ( '',0.7529411764705882200, 0.7529411764705882200, 0.7529411764705882200 ) ;
#1581 = LENGTH_MEASURE_WITH_UNIT ( LENGTH_MEASURE( 0.02539999999999999900 ), #977 );
#1582 = LENGTH_MEASURE_WITH_UNIT ( LENGTH_MEASURE( 0.02539999999999999900 ), #1077 );
#1583 = FACE_OUTER_BOUND ( 'NONE', #117, .T. ) ;
#1584 = PRESENTATION_STYLE_ASSIGNMENT (( #1158 ) ) ;
#1585 = PRESENTATION_STYLE_ASSIGNMENT (( #979 ) ) ;
#1586 = FACE_OUTER_BOUND ( 'NONE', #84, .T. ) ;
#1587 = COLOUR_RGB ( '',0.7529411764705882200, 0.7529411764705882200, 0.7529411764705882200 ) ;
#1588 = CONICAL_SURFACE ( 'NONE', #1951, 0.07799999999999955600, 0.7853981633974321800 ) ;
#1589 = FACE_OUTER_BOUND ( 'NONE', #204, .T. ) ;
#1590 = LENGTH_MEASURE_WITH_UNIT ( LENGTH_MEASURE( 0.02539999999999999900 ), #1131 );
#1591 = SURFACE_STYLE_FILL_AREA ( #1007 ) ;
#1592 = FACE_OUTER_BOUND ( 'NONE', #236, .T. ) ;
#1593 = CONICAL_SURFACE ( 'NONE', #1970, 0.06799999999999989400, 1.029744258676653200 ) ;
#1594 = PRESENTATION_STYLE_ASSIGNMENT (( #1006 ) ) ;
#1595 = SURFACE_STYLE_FILL_AREA ( #960 ) ;
#1596 = COLOUR_RGB ( '',0.7529411764705882200, 0.7529411764705882200, 0.7529411764705882200 ) ;
#1597 = COLOUR_RGB ( '',0.7529411764705882200, 0.7529411764705882200, 0.7529411764705882200 ) ;
#1598 = PRESENTATION_STYLE_ASSIGNMENT (( #1072 ) ) ;
#1599 = SURFACE_STYLE_FILL_AREA ( #1132 ) ;
#1600 = SURFACE_STYLE_FILL_AREA ( #1067 ) ;
#1601 = FACE_OUTER_BOUND ( 'NONE', #149, .T. ) ;
#1602 = CONICAL_SURFACE ( 'NONE', #890, 0.1799999999999998800, 0.7853981633974482800 ) ;
#1603 = PRESENTATION_STYLE_ASSIGNMENT (( #1078 ) ) ;
#1604 = COLOUR_RGB ( '',0.7529411764705882200, 0.7529411764705882200, 0.7529411764705882200 ) ;
#1605 = SURFACE_STYLE_FILL_AREA ( #1156 ) ;
#1606 = FACE_OUTER_BOUND ( 'NONE', #177, .T. ) ;
#1607 = EDGE_CURVE ( 'NONE', #78, #88, #16, .T. ) ;
#1608 = EDGE_CURVE ( 'NONE', #88, #159, #320, .T. ) ;
#1609 = EDGE_CURVE ( 'NONE', #159, #157, #322, .T. ) ;
#1610 = EDGE_CURVE ( 'NONE', #78, #157, #319, .T. ) ;
#1611 = EDGE_CURVE ( 'NONE', #159, #163, #314, .T. ) ;
#1612 = EDGE_CURVE ( 'NONE', #157, #211, #317, .T. ) ;
#1613 = EDGE_CURVE ( 'NONE', #225, #89, #315, .T. ) ;
#1614 = EDGE_CURVE ( 'NONE', #222, #212, #311, .T. ) ;
#1615 = EDGE_CURVE ( 'NONE', #137, #116, #309, .T. ) ;
#1616 = EDGE_CURVE ( 'NONE', #116, #147, #313, .T. ) ;
#1617 = EDGE_CURVE ( 'NONE', #154, #147, #289, .T. ) ;
#1618 = EDGE_CURVE ( 'NONE', #137, #154, #307, .T. ) ;
#1619 = EDGE_CURVE ( 'NONE', #125, #145, #291, .T. ) ;
#1620 = EDGE_CURVE ( 'NONE', #125, #165, #292, .T. ) ;
#1621 = EDGE_CURVE ( 'NONE', #165, #164, #294, .T. ) ;
#1622 = EDGE_CURVE ( 'NONE', #145, #164, #299, .T. ) ;
#1623 = EDGE_CURVE ( 'NONE', #175, #171, #295, .T. ) ;
#1624 = EDGE_CURVE ( 'NONE', #171, #83, #296, .T. ) ;
#1625 = EDGE_CURVE ( 'NONE', #73, #205, #10, .T. ) ;
#1626 = EDGE_CURVE ( 'NONE', #205, #47, #301, .T. ) ;
#1627 = EDGE_CURVE ( 'NONE', #74, #208, #302, .T. ) ;
#1628 = EDGE_CURVE ( 'NONE', #219, #180, #306, .T. ) ;
#1629 = AXIS2_PLACEMENT_3D ( 'NONE', #672, #626, #748 ) ;
#1630 = AXIS2_PLACEMENT_3D ( 'NONE', #784, #694, #378 ) ;
#1631 = AXIS2_PLACEMENT_3D ( 'NONE', #689, #529, #422 ) ;
#1632 = AXIS2_PLACEMENT_3D ( 'NONE', #369, #523, #798 ) ;
#1633 = AXIS2_PLACEMENT_3D ( 'NONE', #414, #551, #706 ) ;
#1634 = AXIS2_PLACEMENT_3D ( 'NONE', #770, #771, #617 ) ;
#1635 = AXIS2_PLACEMENT_3D ( 'NONE', #602, #618, #644 ) ;
#1636 = AXIS2_PLACEMENT_3D ( 'NONE', #603, #367, #463 ) ;
#1637 = AXIS2_PLACEMENT_3D ( 'NONE', #781, #778, #375 ) ;
#1638 = CARTESIAN_POINT ( 'NONE',  ( 0.01151481709464461200, -0.1169571323683302000, 0.006976540075441663200 ) ) ;
#1639 = CARTESIAN_POINT ( 'NONE',  ( -0.006899620615795792400, -0.1173197941335612500, 0.01223097545095364600 ) ) ;
#1640 = CARTESIAN_POINT ( 'NONE',  ( 0.006919541969797277600, -0.1173187187258472300, 0.01222294765253610600 ) ) ;
#1641 = CARTESIAN_POINT ( 'NONE',  ( 3.293856065519506700E-014, -0.1175000000000261500, 0.01391091682387247300 ) ) ;
#1642 = CARTESIAN_POINT ( 'NONE',  ( -0.1174999999998698300, -0.01136226347900943400, 0.4754826506703773200 ) ) ;
#1643 = CARTESIAN_POINT ( 'NONE',  ( -0.01274705846379266800, -0.1168065176613439500, 0.003520679789234300400 ) ) ;
#1644 = CARTESIAN_POINT ( 'NONE',  ( -0.003481279749041766000, -0.1175000000000014600, 0.01391091682362230100 ) ) ;
#1645 = CARTESIAN_POINT ( 'NONE',  ( -0.01154006123526010400, -0.1169548892683604500, -0.006939990948558242400 ) ) ;
#1646 = CARTESIAN_POINT ( 'NONE',  ( -0.1175000002905009500, -1.320469126708707600E-012, 0.4754832641706261400 ) ) ;
#1647 = CARTESIAN_POINT ( 'NONE',  ( -0.01148502816476183400, -0.1169599631850050100, 0.007025107402951385900 ) ) ;
#1648 = CARTESIAN_POINT ( 'NONE',  ( -0.01276340881043391500, -0.1168047321951766700, -0.003449967561508658500 ) ) ;
#1649 = DIRECTION ( 'NONE',  ( -0.0000000000000000000, -0.0000000000000000000, 1.000000000000000000 ) ) ;
#1650 = CARTESIAN_POINT ( 'NONE',  ( 1.176183336030360300E-016, -0.3150000000000000600, 0.0000000000000000000 ) ) ;
#1651 = CARTESIAN_POINT ( 'NONE',  ( 0.07619878839875927900, 0.08955753001309470200, -0.4846906582568651400 ) ) ;
#1652 = DIRECTION ( 'NONE',  ( 0.0000000000000000000, 0.0000000000000000000, 1.000000000000000000 ) ) ;
#1653 = CARTESIAN_POINT ( 'NONE',  ( -0.1046317119135876700, 0.05416768713018611100, -0.4789687704535320900 ) ) ;
#1654 = DIRECTION ( 'NONE',  ( -0.0000000000000000000, 1.000000000000000000, -0.0000000000000000000 ) ) ;
#1655 = DIRECTION ( 'NONE',  ( 0.0000000000000000000, 0.0000000000000000000, -1.000000000000000000 ) ) ;
#1656 = CARTESIAN_POINT ( 'NONE',  ( 0.006910507174798437600, 0.1173190687186147900, 0.01222245752697733900 ) ) ;
#1657 = CARTESIAN_POINT ( 'NONE',  ( 0.01276017653211390800, 0.1168050851604055100, -0.003454605379724386800 ) ) ;
#1658 = DIRECTION ( 'NONE',  ( -0.0000000000000000000, 1.000000000000000000, -0.0000000000000000000 ) ) ;
#1659 = CARTESIAN_POINT ( 'NONE',  ( 0.006912803509767945200, 0.1173192397727446200, -0.01223036526090366500 ) ) ;
#1660 = CARTESIAN_POINT ( 'NONE',  ( -0.1174999999637701500, 0.01140707796733441900, -0.4754854757133656900 ) ) ;
#1661 = CARTESIAN_POINT ( 'NONE',  ( 0.01152062798611135600, 0.1169566843067339200, -0.006970181412906451000 ) ) ;
#1662 = CARTESIAN_POINT ( 'NONE',  ( 0.0000000000000000000, -0.5000000000000001100, -0.06799999999999990800 ) ) ;
#1663 = CARTESIAN_POINT ( 'NONE',  ( -0.05429843804807457700, -0.1053323961220366300, 0.4879785951297586600 ) ) ;
#1664 = CARTESIAN_POINT ( 'NONE',  ( -0.06964377834000863600, -0.09654499893887630300, 0.4860226516454044200 ) ) ;
#1665 = CARTESIAN_POINT ( 'NONE',  ( 0.01149148400188637400, -0.1169592834054570500, -0.007012614339555904600 ) ) ;
#1666 = CARTESIAN_POINT ( 'NONE',  ( 0.01275086273002771200, -0.1168061022345728100, -0.003495104496803875100 ) ) ;
#1667 = APPLICATION_PROTOCOL_DEFINITION ( 'draft international standard', 'automotive_design', 1998, #1739 ) ;
#1668 = DIRECTION ( 'NONE',  ( 1.049727191138618000E-016, -0.5150380749100552700, 0.8571673007021116700 ) ) ;
#1669 =( LENGTH_UNIT ( ) NAMED_UNIT ( * ) SI_UNIT ( $, .METRE. ) );
#1670 =( CONVERSION_BASED_UNIT ( 'INCH', #2176 ) LENGTH_UNIT ( ) NAMED_UNIT ( #1284 ) );
#1671 = CARTESIAN_POINT ( 'NONE',  ( 0.01275966331996457500, -0.1168051412034360900, 0.003456941648508199200 ) ) ;
#1672 = CARTESIAN_POINT ( 'NONE',  ( 0.1174999999999999900, 0.0000000000000000000, -0.6249999999999998900 ) ) ;
#1673 = CARTESIAN_POINT ( 'NONE',  ( 8.327598234201989500E-018, -0.1500000000000001100, 0.06799999999999989400 ) ) ;
#1674 = CARTESIAN_POINT ( 'NONE',  ( 0.0000000000000000000, 0.0000000000000000000, 0.0000000000000000000 ) ) ;
#1675 = DIRECTION ( 'NONE',  ( 1.000000000000000000, 0.0000000000000000000, 0.0000000000000000000 ) ) ;
#1676 = APPLICATION_CONTEXT ( 'automotive_design' ) ;
#1677 = APPLICATION_PROTOCOL_DEFINITION ( 'draft international standard', 'automotive_design', 1998, #1676 ) ;
#1678 = CARTESIAN_POINT ( 'NONE',  ( 0.04703811735367081900, 0.1079476772718108200, -0.4886352169681476000 ) ) ;
#1679 = CARTESIAN_POINT ( 'NONE',  ( -0.1174999653636959900, 3.500855753101729900E-010, -0.4754832791815541400 ) ) ;
#1680 = CARTESIAN_POINT ( 'NONE',  ( 0.003477150172461276600, 0.1174999999999999900, -0.01391091682360802100 ) ) ;
#1681 = CARTESIAN_POINT ( 'NONE',  ( 0.01275034351633153900, 0.1168061589329768300, 0.003497246418226810300 ) ) ;
#1682 = CARTESIAN_POINT ( 'NONE',  ( 0.01148727473882440700, 0.1169596576324109000, 0.007018704088214621100 ) ) ;
#1683 = CARTESIAN_POINT ( 'NONE',  ( 0.003506198128249270000, 0.1175000000000000100, 0.01391091682360804500 ) ) ;
#1684 = DIRECTION ( 'NONE',  ( -0.0000000000000000000, -1.000000000000000000, -0.0000000000000000000 ) ) ;
#1685 = DIRECTION ( 'NONE',  ( 0.0000000000000000000, 0.0000000000000000000, -1.000000000000000000 ) ) ;
#1686 = CARTESIAN_POINT ( 'NONE',  ( -0.01160666984625693300, 0.1175107591726465600, 0.4912417320424420400 ) ) ;
#1687 = CARTESIAN_POINT ( 'NONE',  ( 1.176183336030360300E-016, -0.5000000000000000000, 0.0000000000000000000 ) ) ;
#1688 = DIRECTION ( 'NONE',  ( 0.0000000000000000000, 0.0000000000000000000, 1.000000000000000000 ) ) ;
#1689 = DIRECTION ( 'NONE',  ( -0.0000000000000000000, -1.000000000000000000, -0.0000000000000000000 ) ) ;
#1690 = DIRECTION ( 'NONE',  ( -0.0000000000000000000, 1.000000000000000000, -0.0000000000000000000 ) ) ;
#1691 = CARTESIAN_POINT ( 'NONE',  ( 1.703470948979237400E-018, 0.1174999999999999900, -0.01391091682360802300 ) ) ;
#1692 = DIRECTION ( 'NONE',  ( -0.0000000000000000000, 1.000000000000000000, -0.0000000000000000000 ) ) ;
#1693 = CARTESIAN_POINT ( 'NONE',  ( 0.0000000000000000000, 0.1500000000000001100, 0.0000000000000000000 ) ) ;
#1694 = CARTESIAN_POINT ( 'NONE',  ( 0.003480574600717103000, -0.1174999999999985400, 0.01391091682359375300 ) ) ;
#1695 = CARTESIAN_POINT ( 'NONE',  ( 0.0000000000000000000, -0.1500000000000001100, 0.0000000000000000000 ) ) ;
#1696 = CARTESIAN_POINT ( 'NONE',  ( -0.05419609927193637400, 0.1053812926295139300, -0.4879927485513698100 ) ) ;
#1697 = CARTESIAN_POINT ( 'NONE',  ( 0.05445477571466105600, 0.1044748650504435400, -0.4878218164189033200 ) ) ;
#1698 = DIRECTION ( 'NONE',  ( -0.0000000000000000000, -1.000000000000000000, -0.0000000000000000000 ) ) ;
#1699 = DIRECTION ( 'NONE',  ( -0.0000000000000000000, -1.000000000000000000, -0.0000000000000000000 ) ) ;
#1700 = CARTESIAN_POINT ( 'NONE',  ( 1.885431673020128200E-016, -0.1175000000000000800, 0.4912400387847781800 ) ) ;
#1701 = CARTESIAN_POINT ( 'NONE',  ( -0.01168509935405936400, -0.1174999999999999800, 0.4912393797071656900 ) ) ;
#1702 = CARTESIAN_POINT ( 'NONE',  ( 0.003524065751596514500, -0.1174999999999999900, -0.01391091682360801700 ) ) ;
#1703 = CARTESIAN_POINT ( 'NONE',  ( -0.006920102065050770300, -0.1173189299495068500, -0.01222999317371697500 ) ) ;
#1704 = CARTESIAN_POINT ( 'NONE',  ( 0.0000000000000000000, -0.1500000000000001100, 0.0000000000000000000 ) ) ;
#1705 = CARTESIAN_POINT ( 'NONE',  ( 0.006910735898193223200, -0.1173190943905937800, -0.01222350005293368700 ) ) ;
#1706 = CARTESIAN_POINT ( 'NONE',  ( -0.08651731617998860400, -0.07964805659029369800, 0.4827630204538189100 ) ) ;
#1707 = CARTESIAN_POINT ( 'NONE',  ( -0.08968583140752119100, -0.07605126290103729500, 0.4821340313516487800 ) ) ;
#1708 = CARTESIAN_POINT ( 'NONE',  ( -0.09534834892639512700, -0.06881885861529102300, 0.4809770961534021700 ) ) ;
#1709 = CARTESIAN_POINT ( 'NONE',  ( -0.09788989136501205500, -0.06513582428387240700, 0.4804399586213443100 ) ) ;
#1710 = CARTESIAN_POINT ( 'NONE',  ( -0.1047010923815570200, -0.05403107439688852700, 0.4789525362263664100 ) ) ;
#1711 = CARTESIAN_POINT ( 'NONE',  ( -0.1081542685208519400, -0.04656115932047403400, 0.4781262415646427300 ) ) ;
#1712 = CARTESIAN_POINT ( 'NONE',  ( -0.1158680396921807400, -0.02483942036521253100, 0.4761433183842560500 ) ) ;
#1713 = CARTESIAN_POINT ( 'NONE',  ( 0.0000000000000000000, -0.1500000000000001100, -0.06799999999999989400 ) ) ;
#1714 = CARTESIAN_POINT ( 'NONE',  ( -0.02527021258909405800, 0.1157749988912236100, -0.4905918034551025000 ) ) ;
#1715 = PRODUCT_CONTEXT ( 'NONE', #1739, 'mechanical' ) ;
#1716 = CARTESIAN_POINT ( 'NONE',  ( 3.293856065519506700E-014, -0.1175000000000261500, 0.01391091682387247300 ) ) ;
#1717 = FILL_AREA_STYLE ('',( #1738 ) ) ;
#1718 = CARTESIAN_POINT ( 'NONE',  ( -0.02533130463665350700, -0.1157651029139406400, 0.4905869591606393800 ) ) ;
#1719 = DIRECTION ( 'NONE',  ( -0.0000000000000000000, -1.000000000000000000, -0.0000000000000000000 ) ) ;
#1720 = DIRECTION ( 'NONE',  ( 0.0000000000000000000, -0.5150380749100552700, -0.8571673007021116700 ) ) ;
#1721 = DIRECTION ( 'NONE',  ( -0.0000000000000000000, -0.0000000000000000000, 1.000000000000000000 ) ) ;
#1722 = CARTESIAN_POINT ( 'NONE',  ( -0.1174999999999999900, 1.438959988998139900E-017, -0.6249999999999998900 ) ) ;
#1723 = CARTESIAN_POINT ( 'NONE',  ( -0.1055575850741113800, 0.05385502978230435900, 0.4787930651741347200 ) ) ;
#1724 = CARTESIAN_POINT ( 'NONE',  ( -0.1175000002905009500, -1.320469126708707600E-012, 0.4754832641706261400 ) ) ;
#1725 = CARTESIAN_POINT ( 'NONE',  ( -3.111714638421402400E-024, -0.1174999999999999900, -0.01391091682360802800 ) ) ;
#1726 = CARTESIAN_POINT ( 'NONE',  ( 8.327598234201991100E-018, -0.5000000000000001100, 0.06799999999999990800 ) ) ;
#1727 = CARTESIAN_POINT ( 'NONE',  ( -0.1175000000001301000, 0.01136330195230989900, 0.4754838774447700500 ) ) ;
#1728 = CARTESIAN_POINT ( 'NONE',  ( 0.0000000000000000000, -0.4700000000000002000, 0.0000000000000000000 ) ) ;
#1729 = CARTESIAN_POINT ( 'NONE',  ( 0.0001084139952355151700, 0.1174999499846941800, 0.4912400255857873900 ) ) ;
#1730 = CARTESIAN_POINT ( 'NONE',  ( -1.655529536305872000E-018, 0.1174999999999999900, 0.01391091682360806400 ) ) ;
#1731 = CARTESIAN_POINT ( 'NONE',  ( 0.0000000000000000000, 0.4700000000000002000, 0.0000000000000000000 ) ) ;
#1732 =( NAMED_UNIT ( * ) SI_UNIT ( $, .STERADIAN. ) SOLID_ANGLE_UNIT ( ) );
#1733 =( CONVERSION_BASED_UNIT ( 'INCH', #2179 ) LENGTH_UNIT ( ) NAMED_UNIT ( #1259 ) );
#1734 =( NAMED_UNIT ( * ) PLANE_ANGLE_UNIT ( ) SI_UNIT ( $, .RADIAN. ) );
#1735 = SURFACE_STYLE_USAGE ( .BOTH. , #1736 ) ;
#1736 = SURFACE_SIDE_STYLE ('',( #2181 ) ) ;
#1737 =( LENGTH_UNIT ( ) NAMED_UNIT ( * ) SI_UNIT ( $, .METRE. ) );
#1738 = FILL_AREA_STYLE_COLOUR ( '', #2177 ) ;
#1739 = APPLICATION_CONTEXT ( 'automotive_design' ) ;
#1740 =( NAMED_UNIT ( * ) PLANE_ANGLE_UNIT ( ) SI_UNIT ( $, .RADIAN. ) );
#1741 =( NAMED_UNIT ( * ) SI_UNIT ( $, .STERADIAN. ) SOLID_ANGLE_UNIT ( ) );
#1742 = DIRECTION ( 'NONE',  ( 0.0000000000000000000, 0.0000000000000000000, -1.000000000000000000 ) ) ;
#1743 = CARTESIAN_POINT ( 'NONE',  ( 0.1055550778212508800, 0.05386192543945581700, -0.4787969125129280500 ) ) ;
#1744 = CARTESIAN_POINT ( 'NONE',  ( -0.06951225993538738500, 0.09662919767096100900, -0.4860429478994161600 ) ) ;
#1745 = DIRECTION ( 'NONE',  ( -0.0000000000000000000, 1.000000000000000000, -0.0000000000000000000 ) ) ;
#1746 = DIRECTION ( 'NONE',  ( 0.0000000000000000000, 0.0000000000000000000, 1.000000000000000000 ) ) ;
#1747 = DIRECTION ( 'NONE',  ( 0.0000000000000000000, 0.0000000000000000000, -1.000000000000000000 ) ) ;
#1748 = CARTESIAN_POINT ( 'NONE',  ( 1.176183336030360300E-016, -0.4800000000000000900, 0.0000000000000000000 ) ) ;
#1749 = DIRECTION ( 'NONE',  ( -0.0000000000000000000, 1.000000000000000000, -0.0000000000000000000 ) ) ;
#1750 = DIRECTION ( 'NONE',  ( 0.0000000000000000000, 0.0000000000000000000, 1.000000000000000000 ) ) ;
#1751 = DIRECTION ( 'NONE',  ( 0.0000000000000000000, 0.0000000000000000000, 1.000000000000000000 ) ) ;
#1752 = CARTESIAN_POINT ( 'NONE',  ( 1.176183336030360300E-016, -0.4900000000000001000, 0.0000000000000000000 ) ) ;
#1753 = DIRECTION ( 'NONE',  ( -0.0000000000000000000, 1.000000000000000000, -0.0000000000000000000 ) ) ;
#1754 = CARTESIAN_POINT ( 'NONE',  ( -0.06908288663091061200, 0.09515474818824146100, 0.4858276440027616800 ) ) ;
#1755 = CARTESIAN_POINT ( 'NONE',  ( -0.1158544114621180400, 0.02492433734947730300, -0.4761499019326176900 ) ) ;
#1756 = DIRECTION ( 'NONE',  ( 0.0000000000000000000, 0.0000000000000000000, 1.000000000000000000 ) ) ;
#1757 = CARTESIAN_POINT ( 'NONE',  ( -3.111714638421402400E-024, -0.1174999999999999900, -0.01391091682360802800 ) ) ;
#1758 = CARTESIAN_POINT ( 'NONE',  ( -0.003524779711123773200, -0.1175000000000000200, -0.01391091682360802100 ) ) ;
#1759 = CARTESIAN_POINT ( 'NONE',  ( 0.1174999999999999800, -1.584062419680166500E-018, -0.4754832643871458900 ) ) ;
#1760 = CARTESIAN_POINT ( 'NONE',  ( 0.1158644058026076600, 0.02486807057060261300, -0.4761479806668408900 ) ) ;
#1761 = CARTESIAN_POINT ( 'NONE',  ( 0.1174999999999999900, 0.01137476356495290500, -0.4754849199325947900 ) ) ;
#1762 = DIRECTION ( 'NONE',  ( 0.0000000000000000000, 0.0000000000000000000, 1.000000000000000000 ) ) ;
#1763 = CARTESIAN_POINT ( 'NONE',  ( -0.06544219974903649200, 0.09768393417327783700, 0.4863570811499657300 ) ) ;
#1764 = CARTESIAN_POINT ( 'NONE',  ( -0.05444151844987119000, 0.1044830181566392400, 0.4878231163389540300 ) ) ;
#1765 = CARTESIAN_POINT ( 'NONE',  ( -0.04700957751997922300, 0.1079612998644354400, 0.4886374381281152800 ) ) ;
#1766 = CARTESIAN_POINT ( 'NONE',  ( -0.02527206071840838000, 0.1157788561661715200, 0.4905912984851059100 ) ) ;
#1767 = DIRECTION ( 'NONE',  ( 0.0000000000000000000, -1.000000000000000000, 0.0000000000000000000 ) ) ;
#1768 = DIRECTION ( 'NONE',  ( 0.0000000000000000000, 0.0000000000000000000, 1.000000000000000000 ) ) ;
#1769 = CARTESIAN_POINT ( 'NONE',  ( 1.176183336030360300E-016, -0.5000000000000001100, 0.0000000000000000000 ) ) ;
#1770 = CARTESIAN_POINT ( 'NONE',  ( -0.09679211837197417000, 0.06937577209259643300, 0.4807780850483386300 ) ) ;
#1771 = CARTESIAN_POINT ( 'NONE',  ( -0.07966662624471468300, 0.08650401744172678300, 0.4840861953109904000 ) ) ;
#1772 = CARTESIAN_POINT ( 'NONE',  ( -0.07622082776069796800, 0.08953913526219083000, 0.4846872522066052500 ) ) ;
#1773 = DIRECTION ( 'NONE',  ( 0.0000000000000000000, -1.000000000000000000, 0.0000000000000000000 ) ) ;
#1774 = CARTESIAN_POINT ( 'NONE',  ( 1.176183336030360300E-016, -0.3250000000000000700, 0.0000000000000000000 ) ) ;
#1775 = CARTESIAN_POINT ( 'NONE',  ( 0.07963232945895251700, 0.08653587864579985500, -0.4840918790005668300 ) ) ;
#1776 = CARTESIAN_POINT ( 'NONE',  ( 0.02535098681029001800, 0.1157571575237204800, -0.4905876846057822800 ) ) ;
#1777 = CARTESIAN_POINT ( 'NONE',  ( -0.01162536539151927200, 0.1175049375491848800, -0.4912410598137310100 ) ) ;
#1778 = DIRECTION ( 'NONE',  ( 0.0000000000000000000, 0.0000000000000000000, -1.000000000000000000 ) ) ;
#1779 = CARTESIAN_POINT ( 'NONE',  ( 0.06907104140774281100, 0.09516300633300280000, -0.4858292148128415300 ) ) ;
#1780 = CARTESIAN_POINT ( 'NONE',  ( 0.01172496175312307200, 0.1174950413456328500, -0.4912390176840745200 ) ) ;
#1781 = CARTESIAN_POINT ( 'NONE',  ( 0.06543617397874973400, 0.09768763811958711100, -0.4863578485899879800 ) ) ;
#1782 = CARTESIAN_POINT ( 'NONE',  ( -0.1081011236027854500, 0.04668727222382317000, -0.4781398853164359800 ) ) ;
#1783 = CARTESIAN_POINT ( 'NONE',  ( -0.1158621656161104200, 0.02487421512884669500, 0.4761459620975619400 ) ) ;
#1784 = CARTESIAN_POINT ( 'NONE',  ( -0.08636815397843405900, 0.07980898202018779600, -0.4827928555843645200 ) ) ;
#1785 = CARTESIAN_POINT ( 'NONE',  ( -0.08955930579716857300, 0.07620063003220664500, -0.4821590445704030400 ) ) ;
#1786 = CARTESIAN_POINT ( 'NONE',  ( -0.09524181626457732500, 0.06896667098534242600, -0.4809990447483268300 ) ) ;
#1787 = CARTESIAN_POINT ( 'NONE',  ( -0.09779302989991794900, 0.06528165262724419700, -0.4804604341729112300 ) ) ;
#1788 = CARTESIAN_POINT ( 'NONE',  ( 0.09678206556668149400, 0.06939553871541499800, -0.4807827836247691200 ) ) ;
#1789 = ADVANCED_FACE ( 'NONE', ( #298 ), #272, .F. ) ;
#1790 = ADVANCED_FACE ( 'NONE', ( #276, #274 ), #277, .F. ) ;
#1791 = ADVANCED_FACE ( 'NONE', ( #278 ), #341, .F. ) ;
#1792 = ADVANCED_FACE ( 'NONE', ( #344, #340 ), #2020, .F. ) ;
#1793 = ADVANCED_FACE ( 'NONE', ( #2022 ), #2024, .F. ) ;
#1794 = ADVANCED_FACE ( 'NONE', ( #2045 ), #2025, .F. ) ;
#1795 = ADVANCED_FACE ( 'NONE', ( #2041 ), #2030, .F. ) ;
#1796 = ADVANCED_FACE ( 'NONE', ( #2004, #2048 ), #1359, .F. ) ;
#1797 = ADVANCED_FACE ( 'NONE', ( #2033, #2056 ), #1313, .F. ) ;
#1798 = ADVANCED_FACE ( 'NONE', ( #2018 ), #2023, .F. ) ;
#1799 = ADVANCED_FACE ( 'NONE', ( #2035 ), #2057, .T. ) ;
#1800 = ADVANCED_FACE ( 'NONE', ( #2039 ), #2047, .F. ) ;
#1801 = ADVANCED_FACE ( 'NONE', ( #2014, #2054 ), #1446, .F. ) ;
#1802 = ADVANCED_FACE ( 'NONE', ( #2019 ), #838, .T. ) ;
#1803 = ADVANCED_FACE ( 'NONE', ( #1219 ), #1215, .F. ) ;
#1804 = ADVANCED_FACE ( 'NONE', ( #1228 ), #1242, .F. ) ;
#1805 = ADVANCED_FACE ( 'NONE', ( #1230, #1209 ), #1463, .F. ) ;
#1806 = ADVANCED_FACE ( 'NONE', ( #1245 ), #1213, .T. ) ;
#1807 = ADVANCED_FACE ( 'NONE', ( #1237 ), #1212, .F. ) ;
#1808 = ADVANCED_FACE ( 'NONE', ( #1211, #1229 ), #1128, .F. ) ;
#1809 = ADVANCED_FACE ( 'NONE', ( #1248 ), #1241, .T. ) ;
#1810 = ADVANCED_FACE ( 'NONE', ( #1247 ), #1572, .T. ) ;
#1811 = ADVANCED_FACE ( 'NONE', ( #1583 ), #1602, .F. ) ;
#1812 = ADVANCED_FACE ( 'NONE', ( #1606 ), #1561, .F. ) ;
#1813 = ADVANCED_FACE ( 'NONE', ( #1601 ), #1588, .F. ) ;
#1814 = ADVANCED_FACE ( 'NONE', ( #1589 ), #1570, .F. ) ;
#1815 = ADVANCED_FACE ( 'NONE', ( #1560 ), #836, .T. ) ;
#1816 = ADVANCED_FACE ( 'NONE', ( #1573 ), #1576, .F. ) ;
#1817 = ADVANCED_FACE ( 'NONE', ( #1592 ), #1593, .F. ) ;
#1818 = ADVANCED_FACE ( 'NONE', ( #1586 ), #2157, .T. ) ;
#1819 = COLOUR_RGB ( '',0.7921568627450980000, 0.8196078431372548800, 0.9333333333333333500 ) ;
#1820 = ORIENTED_EDGE ( 'NONE', *, *, #1621, .F. ) ;
#1821 = CIRCLE ( 'NONE', #1633, 0.4994999999999998900 ) ;
#1822 = PRESENTATION_STYLE_ASSIGNMENT (( #513 ) ) ;
#1823 = ORIENTED_EDGE ( 'NONE', *, *, #1620, .F. ) ;
#1824 = ORIENTED_EDGE ( 'NONE', *, *, #920, .T. ) ;
#1825 = FACE_OUTER_BOUND ( 'NONE', #110, .T. ) ;
#1826 = VECTOR ( 'NONE', #664, 39.37007874015748900 ) ;
#1827 = ORIENTED_EDGE ( 'NONE', *, *, #2145, .F. ) ;
#1828 = VECTOR ( 'NONE', #492, 39.37007874015748900 ) ;
#1829 = SURFACE_STYLE_FILL_AREA ( #611 ) ;
#1830 = ORIENTED_EDGE ( 'NONE', *, *, #1617, .F. ) ;
#1831 = VECTOR ( 'NONE', #650, 39.37007874015748900 ) ;
#1832 = FACE_OUTER_BOUND ( 'NONE', #188, .T. ) ;
#1833 = ORIENTED_EDGE ( 'NONE', *, *, #1612, .T. ) ;
#1834 = LENGTH_MEASURE_WITH_UNIT ( LENGTH_MEASURE( 0.02539999999999999900 ), #658 );
#1835 = CIRCLE ( 'NONE', #1635, 0.07799999999999955600 ) ;
#1836 = VECTOR ( 'NONE', #604, 39.37007874015748100 ) ;
#1837 = COLOUR_RGB ( '',0.7529411764705882200, 0.7529411764705882200, 0.7529411764705882200 ) ;
#1838 = ORIENTED_EDGE ( 'NONE', *, *, #2134, .T. ) ;
#1839 = SURFACE_STYLE_FILL_AREA ( #508 ) ;
#1840 = ORIENTED_EDGE ( 'NONE', *, *, #1627, .F. ) ;
#1841 = LENGTH_MEASURE_WITH_UNIT ( LENGTH_MEASURE( 0.02539999999999999900 ), #512 );
#1842 = LINE ( 'NONE', #688, #1826 ) ;
#1843 = VECTOR ( 'NONE', #403, 39.37007874015748100 ) ;
#1844 = VECTOR ( 'NONE', #640, 39.37007874015748100 ) ;
#1845 = ORIENTED_EDGE ( 'NONE', *, *, #2135, .F. ) ;
#1846 = VECTOR ( 'NONE', #732, 39.37007874015748900 ) ;
#1847 = LINE ( 'NONE', #715, #1846 ) ;
#1848 = ORIENTED_EDGE ( 'NONE', *, *, #908, .F. ) ;
#1849 = CIRCLE ( 'NONE', #1637, 0.4994999999999998900 ) ;
#1850 = PRESENTATION_STYLE_ASSIGNMENT (( #398 ) ) ;
#1851 = VECTOR ( 'NONE', #679, 39.37007874015748100 ) ;
#1852 = COLOUR_RGB ( '',0.7529411764705882200, 0.7529411764705882200, 0.7529411764705882200 ) ;
#1853 = ORIENTED_EDGE ( 'NONE', *, *, #898, .T. ) ;
#1854 = LENGTH_MEASURE_WITH_UNIT ( LENGTH_MEASURE( 0.02539999999999999900 ), #656 );
#1855 = ORIENTED_EDGE ( 'NONE', *, *, #2133, .F. ) ;
#1856 = VECTOR ( 'NONE', #755, 39.37007874015748900 ) ;
#1857 = LINE ( 'NONE', #801, #1831 ) ;
#1858 = CIRCLE ( 'NONE', #1629, 0.6149999999999997700 ) ;
#1859 = ORIENTED_EDGE ( 'NONE', *, *, #2150, .T. ) ;
#1860 = ORIENTED_EDGE ( 'NONE', *, *, #2132, .F. ) ;
#1861 = ORIENTED_EDGE ( 'NONE', *, *, #2125, .T. ) ;
#1862 = CIRCLE ( 'NONE', #1632, 0.4894999999999997700 ) ;
#1863 = COLOUR_RGB ( '',0.7529411764705882200, 0.7529411764705882200, 0.7529411764705882200 ) ;
#1864 = ORIENTED_EDGE ( 'NONE', *, *, #2150, .F. ) ;
#1865 = LENGTH_MEASURE_WITH_UNIT ( LENGTH_MEASURE( 0.02539999999999999900 ), #700 );
#1866 = SURFACE_STYLE_FILL_AREA ( #654 ) ;
#1867 = PRESENTATION_STYLE_ASSIGNMENT (( #571 ) ) ;
#1868 = ORIENTED_EDGE ( 'NONE', *, *, #902, .T. ) ;
#1869 = ORIENTED_EDGE ( 'NONE', *, *, #2122, .F. ) ;
#1870 = CIRCLE ( 'NONE', #805, 0.005000000000000014800 ) ;
#1871 = ORIENTED_EDGE ( 'NONE', *, *, #2126, .F. ) ;
#1872 = PRESENTATION_STYLE_ASSIGNMENT (( #619 ) ) ;
#1873 = LINE ( 'NONE', #600, #1856 ) ;
#1874 = ORIENTED_EDGE ( 'NONE', *, *, #2136, .F. ) ;
#1875 = LINE ( 'NONE', #764, #1836 ) ;
#1876 = VECTOR ( 'NONE', #359, 39.37007874015748100 ) ;
#1877 = ORIENTED_EDGE ( 'NONE', *, *, #1614, .F. ) ;
#1878 = ORIENTED_EDGE ( 'NONE', *, *, #1612, .F. ) ;
#1879 = CIRCLE ( 'NONE', #1631, 0.6249999999999998900 ) ;
#1880 = LINE ( 'NONE', #705, #1898 ) ;
#1881 = ORIENTED_EDGE ( 'NONE', *, *, #911, .F. ) ;
#1882 = ORIENTED_EDGE ( 'NONE', *, *, #2152, .F. ) ;
#1883 = ORIENTED_EDGE ( 'NONE', *, *, #1610, .T. ) ;
#1884 = CIRCLE ( 'NONE', #806, 0.5044999999999999500 ) ;
#1885 = ORIENTED_EDGE ( 'NONE', *, *, #924, .T. ) ;
#1886 = ORIENTED_EDGE ( 'NONE', *, *, #2142, .T. ) ;
#1887 = PRESENTATION_STYLE_ASSIGNMENT (( #381 ) ) ;
#1888 = CIRCLE ( 'NONE', #1636, 0.07799999999999955600 ) ;
#1889 = ORIENTED_EDGE ( 'NONE', *, *, #926, .T. ) ;
#1890 = ORIENTED_EDGE ( 'NONE', *, *, #1610, .F. ) ;
#1891 = ORIENTED_EDGE ( 'NONE', *, *, #1611, .F. ) ;
#1892 = ORIENTED_EDGE ( 'NONE', *, *, #2138, .F. ) ;
#1893 = LINE ( 'NONE', #490, #1828 ) ;
#1894 = CONICAL_SURFACE ( 'NONE', #827, 0.6249999999999998900, 0.7853981633974551600 ) ;
#1895 = ORIENTED_EDGE ( 'NONE', *, *, #926, .F. ) ;
#1896 = ORIENTED_EDGE ( 'NONE', *, *, #900, .T. ) ;
#1897 = ORIENTED_EDGE ( 'NONE', *, *, #1618, .F. ) ;
#1898 = VECTOR ( 'NONE', #358, 39.37007874015748900 ) ;
#1899 = ORIENTED_EDGE ( 'NONE', *, *, #2147, .F. ) ;
#1900 = VERTEX_POINT ( 'NONE', #1019 ) ;
#1901 = LENGTH_MEASURE_WITH_UNIT ( LENGTH_MEASURE( 0.02539999999999999900 ), #601 );
#1902 = SURFACE_STYLE_FILL_AREA ( #516 ) ;
#1903 = LENGTH_MEASURE_WITH_UNIT ( LENGTH_MEASURE( 0.02539999999999999900 ), #399 );
#1904 = ORIENTED_EDGE ( 'NONE', *, *, #910, .T. ) ;
#1905 = PRESENTATION_STYLE_ASSIGNMENT (( #682 ) ) ;
#1906 = CONICAL_SURFACE ( 'NONE', #832, 0.6149999999999998800, 0.7853981633974482800 ) ;
#1907 = LINE ( 'NONE', #405, #1843 ) ;
#1908 = ORIENTED_EDGE ( 'NONE', *, *, #2139, .T. ) ;
#1909 = CIRCLE ( 'NONE', #808, 0.5044999999999999500 ) ;
#1910 = CIRCLE ( 'NONE', #807, 0.005000000000000014800 ) ;
#1911 = COLOUR_RGB ( '',0.7529411764705882200, 0.7529411764705882200, 0.7529411764705882200 ) ;
#1912 = CIRCLE ( 'NONE', #1630, 0.6149999999999998800 ) ;
#1913 = ORIENTED_EDGE ( 'NONE', *, *, #1622, .T. ) ;
#1914 = ORIENTED_EDGE ( 'NONE', *, *, #1627, .T. ) ;
#1915 = ORIENTED_EDGE ( 'NONE', *, *, #927, .T. ) ;
#1916 = LINE ( 'NONE', #703, #1876 ) ;
#1917 = ORIENTED_EDGE ( 'NONE', *, *, #928, .F. ) ;
#1918 = ORIENTED_EDGE ( 'NONE', *, *, #2146, .F. ) ;
#1919 = ORIENTED_EDGE ( 'NONE', *, *, #2140, .T. ) ;
#1920 = ORIENTED_EDGE ( 'NONE', *, *, #2133, .T. ) ;
#1921 = ORIENTED_EDGE ( 'NONE', *, *, #2134, .F. ) ;
#1922 = SURFACE_STYLE_FILL_AREA ( #385 ) ;
#1923 = FACE_OUTER_BOUND ( 'NONE', #206, .T. ) ;
#1924 = CONICAL_SURFACE ( 'NONE', #822, 0.4894999999999997700, 0.7853981633974449500 ) ;
#1925 = ORIENTED_EDGE ( 'NONE', *, *, #2123, .F. ) ;
#1926 = ORIENTED_EDGE ( 'NONE', *, *, #1608, .T. ) ;
#1927 = ORIENTED_EDGE ( 'NONE', *, *, #917, .T. ) ;
#1928 = LINE ( 'NONE', #499, #1844 ) ;
#1929 = ORIENTED_EDGE ( 'NONE', *, *, #2135, .T. ) ;
#1930 = FACE_OUTER_BOUND ( 'NONE', #234, .T. ) ;
#1931 = ORIENTED_EDGE ( 'NONE', *, *, #2126, .T. ) ;
#1932 = CIRCLE ( 'NONE', #1634, 0.06799999999999990800 ) ;
#1933 = ORIENTED_EDGE ( 'NONE', *, *, #2142, .F. ) ;
#1934 = ORIENTED_EDGE ( 'NONE', *, *, #931, .T. ) ;
#1935 = COLOUR_RGB ( '',0.7529411764705882200, 0.7529411764705882200, 0.7529411764705882200 ) ;
#1936 = SURFACE_STYLE_FILL_AREA ( #574 ) ;
#1937 = ORIENTED_EDGE ( 'NONE', *, *, #2125, .F. ) ;
#1938 = ORIENTED_EDGE ( 'NONE', *, *, #923, .F. ) ;
#1939 = ORIENTED_EDGE ( 'NONE', *, *, #2144, .T. ) ;
#1940 = ORIENTED_EDGE ( 'NONE', *, *, #1607, .T. ) ;
#1941 = LINE ( 'NONE', #465, #1851 ) ;
#1942 = ORIENTED_EDGE ( 'NONE', *, *, #2128, .T. ) ;
#1943 = ORIENTED_EDGE ( 'NONE', *, *, #927, .F. ) ;
#1944 = ORIENTED_EDGE ( 'NONE', *, *, #913, .T. ) ;
#1945 = CIRCLE ( 'NONE', #809, 0.6249999999999998900 ) ;
#1946 = ORIENTED_EDGE ( 'NONE', *, *, #2148, .F. ) ;
#1947 = FACE_OUTER_BOUND ( 'NONE', #69, .T. ) ;
#1948 = ORIENTED_EDGE ( 'NONE', *, *, #915, .F. ) ;
#1949 = MECHANICAL_DESIGN_GEOMETRIC_PRESENTATION_REPRESENTATION (  '', ( #896 ), #1950 ) ;
#1950 =( GEOMETRIC_REPRESENTATION_CONTEXT ( 3 ) GLOBAL_UNCERTAINTY_ASSIGNED_CONTEXT ( ( #1192 ) ) GLOBAL_UNIT_ASSIGNED_CONTEXT ( ( #1022, #1161, #1074 ) ) REPRESENTATION_CONTEXT ( 'NONE', 'WORKASPACE' ) );
#1951 = AXIS2_PLACEMENT_3D ( 'NONE', #943, #958, #945 ) ;
#1952 = STYLED_ITEM ( 'NONE', ( #1598 ), #1814 ) ;
#1953 = PRESENTATION_LAYER_ASSIGNMENT (  '', '', ( #1952 ) ) ;
#1954 = MECHANICAL_DESIGN_GEOMETRIC_PRESENTATION_REPRESENTATION (  '', ( #1952 ), #1955 ) ;
#1955 =( GEOMETRIC_REPRESENTATION_CONTEXT ( 3 ) GLOBAL_UNCERTAINTY_ASSIGNED_CONTEXT ( ( #1185 ) ) GLOBAL_UNIT_ASSIGNED_CONTEXT ( ( #1051, #1130, #964 ) ) REPRESENTATION_CONTEXT ( 'NONE', 'WORKASPACE' ) );
#1956 = AXIS2_PLACEMENT_3D ( 'NONE', #1120, #1159, #1162 ) ;
#1957 = STYLED_ITEM ( 'NONE', ( #1585 ), #1815 ) ;
#1958 = PRESENTATION_LAYER_ASSIGNMENT (  '', '', ( #1957 ) ) ;
#1959 = MECHANICAL_DESIGN_GEOMETRIC_PRESENTATION_REPRESENTATION (  '', ( #1957 ), #1960 ) ;
#1960 =( GEOMETRIC_REPRESENTATION_CONTEXT ( 3 ) GLOBAL_UNCERTAINTY_ASSIGNED_CONTEXT ( ( #1188 ) ) GLOBAL_UNIT_ASSIGNED_CONTEXT ( ( #978, #1017, #1122 ) ) REPRESENTATION_CONTEXT ( 'NONE', 'WORKASPACE' ) );
#1961 = STYLED_ITEM ( 'NONE', ( #1603 ), #1816 ) ;
#1962 = PRESENTATION_LAYER_ASSIGNMENT (  '', '', ( #1961 ) ) ;
#1963 = MECHANICAL_DESIGN_GEOMETRIC_PRESENTATION_REPRESENTATION (  '', ( #1961 ), #1964 ) ;
#1964 =( GEOMETRIC_REPRESENTATION_CONTEXT ( 3 ) GLOBAL_UNCERTAINTY_ASSIGNED_CONTEXT ( ( #1197 ) ) GLOBAL_UNIT_ASSIGNED_CONTEXT ( ( #1076, #1124, #1075 ) ) REPRESENTATION_CONTEXT ( 'NONE', 'WORKASPACE' ) );
#1965 = AXIS2_PLACEMENT_3D ( 'NONE', #1090, #1089, #1092 ) ;
#1966 = STYLED_ITEM ( 'NONE', ( #1575 ), #1817 ) ;
#1967 = PRESENTATION_LAYER_ASSIGNMENT (  '', '', ( #1966 ) ) ;
#1968 = MECHANICAL_DESIGN_GEOMETRIC_PRESENTATION_REPRESENTATION (  '', ( #1966 ), #1969 ) ;
#1969 =( GEOMETRIC_REPRESENTATION_CONTEXT ( 3 ) GLOBAL_UNCERTAINTY_ASSIGNED_CONTEXT ( ( #1201 ) ) GLOBAL_UNIT_ASSIGNED_CONTEXT ( ( #1043, #1042, #1041 ) ) REPRESENTATION_CONTEXT ( 'NONE', 'WORKASPACE' ) );
#1970 = AXIS2_PLACEMENT_3D ( 'NONE', #1091, #1069, #1030 ) ;
#1971 = STYLED_ITEM ( 'NONE', ( #1594 ), #1818 ) ;
#1972 = PRESENTATION_LAYER_ASSIGNMENT (  '', '', ( #1971 ) ) ;
#1973 = MECHANICAL_DESIGN_GEOMETRIC_PRESENTATION_REPRESENTATION (  '', ( #1971 ), #1974 ) ;
#1974 =( GEOMETRIC_REPRESENTATION_CONTEXT ( 3 ) GLOBAL_UNCERTAINTY_ASSIGNED_CONTEXT ( ( #1196 ) ) GLOBAL_UNIT_ASSIGNED_CONTEXT ( ( #1034, #1032, #1031 ) ) REPRESENTATION_CONTEXT ( 'NONE', 'WORKASPACE' ) );
#1975 = AXIS2_PLACEMENT_3D ( 'NONE', #1050, #937, #1036 ) ;
#1976 = AXIS2_PLACEMENT_3D ( 'NONE', #1038, #1013, #1028 ) ;
#1977 = AXIS2_PLACEMENT_3D ( 'NONE', #1029, #1004, #992 ) ;
#1978 = AXIS2_PLACEMENT_3D ( 'NONE', #1046, #1045, #1044 ) ;
#1979 = AXIS2_PLACEMENT_3D ( 'NONE', #954, #973, #976 ) ;
#1980 = AXIS2_PLACEMENT_3D ( 'NONE', #972, #974, #940 ) ;
#1981 = AXIS2_PLACEMENT_3D ( 'NONE', #949, #1745, #1751 ) ;
#1982 = AXIS2_PLACEMENT_3D ( 'NONE', #1748, #1749, #1750 ) ;
#1983 = AXIS2_PLACEMENT_3D ( 'NONE', #1687, #1690, #1768 ) ;
#1984 = AXIS2_PLACEMENT_3D ( 'NONE', #1769, #1767, #1762 ) ;
#1985 = AXIS2_PLACEMENT_3D ( 'NONE', #1752, #1753, #1756 ) ;
#1986 = AXIS2_PLACEMENT_3D ( 'NONE', #1774, #1773, #1778 ) ;
#1987 = AXIS2_PLACEMENT_3D ( 'NONE', #1650, #1658, #1747 ) ;
#1988 = AXIS2_PLACEMENT_3D ( 'NONE', #1693, #1692, #1746 ) ;
#1989 = AXIS2_PLACEMENT_3D ( 'NONE', #1731, #1654, #1655 ) ;
#1990 = AXIS2_PLACEMENT_3D ( 'NONE', #1695, #1684, #1685 ) ;
#1991 = AXIS2_PLACEMENT_3D ( 'NONE', #1728, #1689, #1688 ) ;
#1992 = AXIS2_PLACEMENT_3D ( 'NONE', #1704, #1699, #1742 ) ;
#1993 =( GEOMETRIC_REPRESENTATION_CONTEXT ( 3 ) GLOBAL_UNCERTAINTY_ASSIGNED_CONTEXT ( ( #1177 ) ) GLOBAL_UNIT_ASSIGNED_CONTEXT ( ( #1670, #1740, #1741 ) ) REPRESENTATION_CONTEXT ( 'NONE', 'WORKASPACE' ) );
#1994 = STYLED_ITEM ( 'NONE', ( #2173 ), #1176 ) ;
#1995 = PRESENTATION_LAYER_ASSIGNMENT (  '', '', ( #1994 ) ) ;
#1996 = MECHANICAL_DESIGN_GEOMETRIC_PRESENTATION_REPRESENTATION (  '', ( #1994 ), #1997 ) ;
#1997 =( GEOMETRIC_REPRESENTATION_CONTEXT ( 3 ) GLOBAL_UNCERTAINTY_ASSIGNED_CONTEXT ( ( #1179 ) ) GLOBAL_UNIT_ASSIGNED_CONTEXT ( ( #1733, #1734, #1732 ) ) REPRESENTATION_CONTEXT ( 'NONE', 'WORKASPACE' ) );
#1998 = AXIS2_PLACEMENT_3D ( 'NONE', #1674, #1652, #1675 ) ;
#1999 = PRODUCT_DEFINITION ( 'UNKNOWN', '', #2000, #2060 ) ;
#2000 = PRODUCT_DEFINITION_FORMATION_WITH_SPECIFIED_SOURCE ( 'ANY', '', #933, .NOT_KNOWN. ) ;
#2001 = PRODUCT_RELATED_PRODUCT_CATEGORY ( 'part', '', ( #933 ) ) ;
#2002 = LENGTH_MEASURE_WITH_UNIT ( LENGTH_MEASURE( 0.02539999999999999900 ), #1500 );
#2003 = COLOUR_RGB ( '',0.7529411764705882200, 0.7529411764705882200, 0.7529411764705882200 ) ;
#2004 = FACE_BOUND ( 'NONE', #100, .T. ) ;
#2005 = PRESENTATION_STYLE_ASSIGNMENT (( #1431 ) ) ;
#2006 = LENGTH_MEASURE_WITH_UNIT ( LENGTH_MEASURE( 0.02539999999999999900 ), #1319 );
#2007 = LENGTH_MEASURE_WITH_UNIT ( LENGTH_MEASURE( 0.02539999999999999900 ), #1411 );
#2008 = COLOUR_RGB ( '',0.7529411764705882200, 0.7529411764705882200, 0.7529411764705882200 ) ;
#2009 = SURFACE_STYLE_FILL_AREA ( #1380 ) ;
#2010 = SURFACE_STYLE_FILL_AREA ( #1415 ) ;
#2011 = COLOUR_RGB ( '',0.7529411764705882200, 0.7529411764705882200, 0.7529411764705882200 ) ;
#2012 = PRESENTATION_STYLE_ASSIGNMENT (( #1489 ) ) ;
#2013 = COLOUR_RGB ( '',0.7529411764705882200, 0.7529411764705882200, 0.7529411764705882200 ) ;
#2014 = FACE_OUTER_BOUND ( 'NONE', #238, .T. ) ;
#2015 = SURFACE_STYLE_FILL_AREA ( #1475 ) ;
#2016 = PRESENTATION_STYLE_ASSIGNMENT (( #1383 ) ) ;
#2017 = PRESENTATION_STYLE_ASSIGNMENT (( #1493 ) ) ;
#2018 = FACE_OUTER_BOUND ( 'NONE', #229, .T. ) ;
#2019 = FACE_OUTER_BOUND ( 'NONE', #135, .T. ) ;
#2020 = CYLINDRICAL_SURFACE ( 'NONE', #2081, 0.1174999999999999900 ) ;
#2021 = PRESENTATION_STYLE_ASSIGNMENT (( #1503 ) ) ;
#2022 = FACE_OUTER_BOUND ( 'NONE', #109, .T. ) ;
#2023 = CONICAL_SURFACE ( 'NONE', #2109, 0.07799999999999955600, 0.7853981633974321800 ) ;
#2024 = CYLINDRICAL_SURFACE ( 'NONE', #2086, 0.06799999999999990800 ) ;
#2025 = CONICAL_SURFACE ( 'NONE', #2089, 0.07799999999999955600, 0.7853981633974321800 ) ;
#2026 = SURFACE_STYLE_FILL_AREA ( #1312 ) ;
#2027 = LENGTH_MEASURE_WITH_UNIT ( LENGTH_MEASURE( 0.02539999999999999900 ), #1512 );
#2028 = SURFACE_STYLE_FILL_AREA ( #1417 ) ;
#2029 = SURFACE_STYLE_FILL_AREA ( #1406 ) ;
#2030 = TOROIDAL_SURFACE ( 'NONE', #2095, 0.5044999999999999500, 0.005000000000000049500 ) ;
#2031 = COLOUR_RGB ( '',0.7529411764705882200, 0.7529411764705882200, 0.7529411764705882200 ) ;
#2032 = SURFACE_STYLE_FILL_AREA ( #1311 ) ;
#2033 = FACE_BOUND ( 'NONE', #126, .T. ) ;
#2034 = COLOUR_RGB ( '',0.7529411764705882200, 0.7529411764705882200, 0.7529411764705882200 ) ;
#2035 = FACE_OUTER_BOUND ( 'NONE', #94, .T. ) ;
#2036 = PRESENTATION_STYLE_ASSIGNMENT (( #1355 ) ) ;
#2037 = SURFACE_STYLE_FILL_AREA ( #1504 ) ;
#2038 = LENGTH_MEASURE_WITH_UNIT ( LENGTH_MEASURE( 0.02539999999999999900 ), #1492 );
#2039 = FACE_OUTER_BOUND ( 'NONE', #66, .T. ) ;
#2040 = LENGTH_MEASURE_WITH_UNIT ( LENGTH_MEASURE( 0.02539999999999999900 ), #1333 );
#2041 = FACE_OUTER_BOUND ( 'NONE', #102, .T. ) ;
#2042 = LENGTH_MEASURE_WITH_UNIT ( LENGTH_MEASURE( 0.02539999999999999900 ), #1515 );
#2043 = PRESENTATION_STYLE_ASSIGNMENT (( #1345 ) ) ;
#2044 = LENGTH_MEASURE_WITH_UNIT ( LENGTH_MEASURE( 0.02539999999999999900 ), #1325 );
#2045 = FACE_OUTER_BOUND ( 'NONE', #97, .T. ) ;
#2046 = COLOUR_RGB ( '',0.7529411764705882200, 0.7529411764705882200, 0.7529411764705882200 ) ;
#2047 = CONICAL_SURFACE ( 'NONE', #2119, 0.1999999999999998200, 0.7853981633974466100 ) ;
#2048 = FACE_OUTER_BOUND ( 'NONE', #152, .T. ) ;
#2049 = SURFACE_STYLE_FILL_AREA ( #1473 ) ;
#2050 = PRESENTATION_STYLE_ASSIGNMENT (( #1549 ) ) ;
#2051 = COLOUR_RGB ( '',0.7529411764705882200, 0.7529411764705882200, 0.7529411764705882200 ) ;
#2052 = COLOUR_RGB ( '',0.7529411764705882200, 0.7529411764705882200, 0.7529411764705882200 ) ;
#2053 = PRESENTATION_STYLE_ASSIGNMENT (( #1346 ) ) ;
#2054 = FACE_BOUND ( 'NONE', #48, .T. ) ;
#2055 = LENGTH_MEASURE_WITH_UNIT ( LENGTH_MEASURE( 0.02539999999999999900 ), #1321 );
#2056 = FACE_OUTER_BOUND ( 'NONE', #221, .T. ) ;
#2057 = CONICAL_SURFACE ( 'NONE', #2114, 0.6149999999999998800, 0.7853981633974482800 ) ;
#2058 = PRESENTATION_STYLE_ASSIGNMENT (( #1511 ) ) ;
#2059 = SURFACE_STYLE_FILL_AREA ( #1507 ) ;
#2060 = PRODUCT_DEFINITION_CONTEXT ( 'detailed design', #1676, 'design' ) ;
#2061 = PRESENTATION_LAYER_ASSIGNMENT (  '', '', ( #268 ) ) ;
#2062 = MECHANICAL_DESIGN_GEOMETRIC_PRESENTATION_REPRESENTATION (  '', ( #268 ), #2063 ) ;
#2063 =( GEOMETRIC_REPRESENTATION_CONTEXT ( 3 ) GLOBAL_UNCERTAINTY_ASSIGNED_CONTEXT ( ( #1 ) ) GLOBAL_UNIT_ASSIGNED_CONTEXT ( ( #1378, #1392, #1393 ) ) REPRESENTATION_CONTEXT ( 'NONE', 'WORKASPACE' ) );
#2064 = AXIS2_PLACEMENT_3D ( 'NONE', #1553, #1347, #1389 ) ;
#2065 = STYLED_ITEM ( 'NONE', ( #273 ), #1790 ) ;
#2066 = PRESENTATION_LAYER_ASSIGNMENT (  '', '', ( #2065 ) ) ;
#2067 = MECHANICAL_DESIGN_GEOMETRIC_PRESENTATION_REPRESENTATION (  '', ( #2065 ), #2068 ) ;
#2068 =( GEOMETRIC_REPRESENTATION_CONTEXT ( 3 ) GLOBAL_UNCERTAINTY_ASSIGNED_CONTEXT ( ( #6 ) ) GLOBAL_UNIT_ASSIGNED_CONTEXT ( ( #1357, #1508, #1491 ) ) REPRESENTATION_CONTEXT ( 'NONE', 'WORKASPACE' ) );
#2069 = PRESENTATION_LAYER_ASSIGNMENT (  '', '', ( #2070 ) ) ;
#2070 = STYLED_ITEM ( 'NONE', ( #280 ), #1791 ) ;
#2071 = AXIS2_PLACEMENT_3D ( 'NONE', #1388, #1524, #1495 ) ;
#2072 = MECHANICAL_DESIGN_GEOMETRIC_PRESENTATION_REPRESENTATION (  '', ( #2070 ), #2073 ) ;
#2073 =( GEOMETRIC_REPRESENTATION_CONTEXT ( 3 ) GLOBAL_UNCERTAINTY_ASSIGNED_CONTEXT ( ( #19 ) ) GLOBAL_UNIT_ASSIGNED_CONTEXT ( ( #1368, #1558, #1365 ) ) REPRESENTATION_CONTEXT ( 'NONE', 'WORKASPACE' ) );
#2074 = PRESENTATION_LAYER_ASSIGNMENT (  '', '', ( #2075 ) ) ;
#2075 = STYLED_ITEM ( 'NONE', ( #343 ), #1792 ) ;
#2076 = AXIS2_PLACEMENT_3D ( 'NONE', #1366, #1482, #1335 ) ;
#2077 = MECHANICAL_DESIGN_GEOMETRIC_PRESENTATION_REPRESENTATION (  '', ( #2075 ), #2078 ) ;
#2078 =( GEOMETRIC_REPRESENTATION_CONTEXT ( 3 ) GLOBAL_UNCERTAINTY_ASSIGNED_CONTEXT ( ( #14 ) ) GLOBAL_UNIT_ASSIGNED_CONTEXT ( ( #1315, #1523, #1526 ) ) REPRESENTATION_CONTEXT ( 'NONE', 'WORKASPACE' ) );
#2079 = PRESENTATION_LAYER_ASSIGNMENT (  '', '', ( #2080 ) ) ;
#2080 = STYLED_ITEM ( 'NONE', ( #2036 ), #1793 ) ;
#2081 = AXIS2_PLACEMENT_3D ( 'NONE', #1369, #1316, #1525 ) ;
#2082 = MECHANICAL_DESIGN_GEOMETRIC_PRESENTATION_REPRESENTATION (  '', ( #2080 ), #2083 ) ;
#2083 =( GEOMETRIC_REPRESENTATION_CONTEXT ( 3 ) GLOBAL_UNCERTAINTY_ASSIGNED_CONTEXT ( ( #15 ) ) GLOBAL_UNIT_ASSIGNED_CONTEXT ( ( #1402, #1354, #1532 ) ) REPRESENTATION_CONTEXT ( 'NONE', 'WORKASPACE' ) );
#2084 = PRESENTATION_LAYER_ASSIGNMENT (  '', '', ( #2085 ) ) ;
#2085 = STYLED_ITEM ( 'NONE', ( #2021 ), #1794 ) ;
#2086 = AXIS2_PLACEMENT_3D ( 'NONE', #1474, #1336, #1375 ) ;
#2087 = MECHANICAL_DESIGN_GEOMETRIC_PRESENTATION_REPRESENTATION (  '', ( #2085 ), #2088 ) ;
#2088 =( GEOMETRIC_REPRESENTATION_CONTEXT ( 3 ) GLOBAL_UNCERTAINTY_ASSIGNED_CONTEXT ( ( #2 ) ) GLOBAL_UNIT_ASSIGNED_CONTEXT ( ( #1499, #1502, #1497 ) ) REPRESENTATION_CONTEXT ( 'NONE', 'WORKASPACE' ) );
#2089 = AXIS2_PLACEMENT_3D ( 'NONE', #1506, #1367, #1496 ) ;
#2090 = STYLED_ITEM ( 'NONE', ( #2016 ), #1795 ) ;
#2091 = PRESENTATION_LAYER_ASSIGNMENT (  '', '', ( #2090 ) ) ;
#2092 = MECHANICAL_DESIGN_GEOMETRIC_PRESENTATION_REPRESENTATION (  '', ( #2090 ), #2093 ) ;
#2093 =( GEOMETRIC_REPRESENTATION_CONTEXT ( 3 ) GLOBAL_UNCERTAINTY_ASSIGNED_CONTEXT ( ( #21 ) ) GLOBAL_UNIT_ASSIGNED_CONTEXT ( ( #1332, #1510, #1485 ) ) REPRESENTATION_CONTEXT ( 'NONE', 'WORKASPACE' ) );
#2094 = STYLED_ITEM ( 'NONE', ( #2053 ), #1796 ) ;
#2095 = AXIS2_PLACEMENT_3D ( 'NONE', #1533, #1327, #1537 ) ;
#2096 = PRESENTATION_LAYER_ASSIGNMENT (  '', '', ( #2094 ) ) ;
#2097 = MECHANICAL_DESIGN_GEOMETRIC_PRESENTATION_REPRESENTATION (  '', ( #2094 ), #2098 ) ;
#2098 =( GEOMETRIC_REPRESENTATION_CONTEXT ( 3 ) GLOBAL_UNCERTAINTY_ASSIGNED_CONTEXT ( ( #12 ) ) GLOBAL_UNIT_ASSIGNED_CONTEXT ( ( #1326, #1429, #1542 ) ) REPRESENTATION_CONTEXT ( 'NONE', 'WORKASPACE' ) );
#2099 = STYLED_ITEM ( 'NONE', ( #2005 ), #1797 ) ;
#2100 = AXIS2_PLACEMENT_3D ( 'NONE', #1387, #1457, #1442 ) ;
#2101 = PRESENTATION_LAYER_ASSIGNMENT (  '', '', ( #2099 ) ) ;
#2102 = MECHANICAL_DESIGN_GEOMETRIC_PRESENTATION_REPRESENTATION (  '', ( #2099 ), #2103 ) ;
#2103 =( GEOMETRIC_REPRESENTATION_CONTEXT ( 3 ) GLOBAL_UNCERTAINTY_ASSIGNED_CONTEXT ( ( #20 ) ) GLOBAL_UNIT_ASSIGNED_CONTEXT ( ( #1521, #1322, #1328 ) ) REPRESENTATION_CONTEXT ( 'NONE', 'WORKASPACE' ) );
#2104 = STYLED_ITEM ( 'NONE', ( #2012 ), #1798 ) ;
#2105 = AXIS2_PLACEMENT_3D ( 'NONE', #1471, #1350, #1436 ) ;
#2106 = PRESENTATION_LAYER_ASSIGNMENT (  '', '', ( #2104 ) ) ;
#2107 = MECHANICAL_DESIGN_GEOMETRIC_PRESENTATION_REPRESENTATION (  '', ( #2104 ), #2108 ) ;
#2108 =( GEOMETRIC_REPRESENTATION_CONTEXT ( 3 ) GLOBAL_UNCERTAINTY_ASSIGNED_CONTEXT ( ( #1205 ) ) GLOBAL_UNIT_ASSIGNED_CONTEXT ( ( #1552, #1486, #1379 ) ) REPRESENTATION_CONTEXT ( 'NONE', 'WORKASPACE' ) );
#2109 = AXIS2_PLACEMENT_3D ( 'NONE', #1539, #1314, #1437 ) ;
#2110 = STYLED_ITEM ( 'NONE', ( #2043 ), #1799 ) ;
#2111 = PRESENTATION_LAYER_ASSIGNMENT (  '', '', ( #2110 ) ) ;
#2112 = MECHANICAL_DESIGN_GEOMETRIC_PRESENTATION_REPRESENTATION (  '', ( #2110 ), #2113 ) ;
#2113 =( GEOMETRIC_REPRESENTATION_CONTEXT ( 3 ) GLOBAL_UNCERTAINTY_ASSIGNED_CONTEXT ( ( #1194 ) ) GLOBAL_UNIT_ASSIGNED_CONTEXT ( ( #1430, #1487, #1381 ) ) REPRESENTATION_CONTEXT ( 'NONE', 'WORKASPACE' ) );
#2114 = AXIS2_PLACEMENT_3D ( 'NONE', #1362, #1330, #1329 ) ;
#2115 = STYLED_ITEM ( 'NONE', ( #2058 ), #1800 ) ;
#2116 = PRESENTATION_LAYER_ASSIGNMENT (  '', '', ( #2115 ) ) ;
#2117 = MECHANICAL_DESIGN_GEOMETRIC_PRESENTATION_REPRESENTATION (  '', ( #2115 ), #2118 ) ;
#2118 =( GEOMETRIC_REPRESENTATION_CONTEXT ( 3 ) GLOBAL_UNCERTAINTY_ASSIGNED_CONTEXT ( ( #1187 ) ) GLOBAL_UNIT_ASSIGNED_CONTEXT ( ( #1454, #1559, #1483 ) ) REPRESENTATION_CONTEXT ( 'NONE', 'WORKASPACE' ) );
#2119 = AXIS2_PLACEMENT_3D ( 'NONE', #1373, #1494, #1478 ) ;
#2120 = STYLED_ITEM ( 'NONE', ( #2050 ), #1801 ) ;
#2121 = PRESENTATION_LAYER_ASSIGNMENT (  '', '', ( #2120 ) ) ;
#2122 = EDGE_CURVE ( 'NONE', #195, #74, #1199, .T. ) ;
#2123 = EDGE_CURVE ( 'NONE', #208, #47, #2155, .T. ) ;
#2124 = EDGE_CURVE ( 'NONE', #205, #202, #1193, .T. ) ;
#2125 = EDGE_CURVE ( 'NONE', #217, #64, #2162, .T. ) ;
#2126 = EDGE_CURVE ( 'NONE', #164, #165, #2159, .T. ) ;
#2127 = EDGE_CURVE ( 'NONE', #145, #125, #2167, .T. ) ;
#2128 = EDGE_CURVE ( 'NONE', #158, #201, #2160, .T. ) ;
#2129 = EDGE_CURVE ( 'NONE', #185, #186, #2156, .T. ) ;
#2130 = EDGE_CURVE ( 'NONE', #116, #137, #2161, .T. ) ;
#2131 = EDGE_CURVE ( 'NONE', #147, #154, #2163, .T. ) ;
#2132 = EDGE_CURVE ( 'NONE', #230, #213, #2178, .T. ) ;
#2133 = EDGE_CURVE ( 'NONE', #225, #222, #2169, .T. ) ;
#2134 = EDGE_CURVE ( 'NONE', #212, #89, #2174, .T. ) ;
#2135 = EDGE_CURVE ( 'NONE', #178, #199, #2182, .T. ) ;
#2136 = EDGE_CURVE ( 'NONE', #157, #159, #2158, .T. ) ;
#2137 = EDGE_CURVE ( 'NONE', #211, #163, #2154, .T. ) ;
#2138 = EDGE_CURVE ( 'NONE', #88, #78, #1182, .T. ) ;
#2139 = EDGE_CURVE ( 'NONE', #130, #112, #2184, .T. ) ;
#2140 = EDGE_CURVE ( 'NONE', #180, #219, #2183, .T. ) ;
#2141 = EDGE_CURVE ( 'NONE', #233, #200, #1180, .T. ) ;
#2142 = EDGE_CURVE ( 'NONE', #207, #143, #1181, .T. ) ;
#2143 = EDGE_CURVE ( 'NONE', #189, #103, #1178, .T. ) ;
#2144 = EDGE_CURVE ( 'NONE', #103, #189, #1175, .T. ) ;
#2145 = EDGE_CURVE ( 'NONE', #233, #143, #2185, .T. ) ;
#2146 = EDGE_CURVE ( 'NONE', #143, #1900, #1174, .T. ) ;
#2147 = EDGE_CURVE ( 'NONE', #200, #197, #2153, .T. ) ;
#2148 = EDGE_CURVE ( 'NONE', #103, #112, #2166, .T. ) ;
#2149 = EDGE_CURVE ( 'NONE', #112, #130, #2170, .T. ) ;
#2150 = EDGE_CURVE ( 'NONE', #189, #130, #2168, .T. ) ;
#2151 = EDGE_CURVE ( 'NONE', #112, #219, #2187, .T. ) ;
#2152 = EDGE_CURVE ( 'NONE', #130, #180, #2171, .T. ) ;
#2153 = LINE ( 'NONE', #1672, #2175 ) ;
#2154 = CIRCLE ( 'NONE', #1989, 0.06799999999999990800 ) ;
#2155 = CIRCLE ( 'NONE', #1976, 0.4994999999999998900 ) ;
#2156 = CIRCLE ( 'NONE', #1981, 0.07799999999999955600 ) ;
#2157 = CYLINDRICAL_SURFACE ( 'NONE', #1977, 0.4994999999999998900 ) ;
#2158 = CIRCLE ( 'NONE', #1988, 0.06799999999999989400 ) ;
#2159 = CIRCLE ( 'NONE', #1978, 0.1999999999999998200 ) ;
#2160 = CIRCLE ( 'NONE', #1980, 0.07799999999999955600 ) ;
#2161 = CIRCLE ( 'NONE', #1982, 0.1799999999999998800 ) ;
#2162 = CIRCLE ( 'NONE', #1975, 0.4894999999999997700 ) ;
#2163 = CIRCLE ( 'NONE', #1983, 0.1999999999999998200 ) ;
#2164 = SHAPE_DEFINITION_REPRESENTATION ( #1305, #1176 ) ;
#2165 = VECTOR ( 'NONE', #1668, 39.37007874015748100 ) ;
#2166 = LINE ( 'NONE', #1673, #2165 ) ;
#2167 = CIRCLE ( 'NONE', #1979, 0.1799999999999998800 ) ;
#2168 = LINE ( 'NONE', #1713, #2172 ) ;
#2169 = CIRCLE ( 'NONE', #1985, 0.6249999999999998900 ) ;
#2170 = CIRCLE ( 'NONE', #1992, 0.06799999999999989400 ) ;
#2171 = LINE ( 'NONE', #1662, #2186 ) ;
#2172 = VECTOR ( 'NONE', #1720, 39.37007874015748100 ) ;
#2173 = PRESENTATION_STYLE_ASSIGNMENT (( #1735 ) ) ;
#2174 = CIRCLE ( 'NONE', #1986, 0.6249999999999998900 ) ;
#2175 = VECTOR ( 'NONE', #1649, 39.37007874015748100 ) ;
#2176 = LENGTH_MEASURE_WITH_UNIT ( LENGTH_MEASURE( 0.02539999999999999900 ), #1669 );
#2177 = COLOUR_RGB ( '',0.7921568627450980000, 0.8196078431372548800, 0.9333333333333333500 ) ;
#2178 = CIRCLE ( 'NONE', #1984, 0.6149999999999997700 ) ;
#2179 = LENGTH_MEASURE_WITH_UNIT ( LENGTH_MEASURE( 0.02539999999999999900 ), #1737 );
#2180 = VECTOR ( 'NONE', #1721, 39.37007874015748100 ) ;
#2181 = SURFACE_STYLE_FILL_AREA ( #1717 ) ;
#2182 = CIRCLE ( 'NONE', #1987, 0.6149999999999998800 ) ;
#2183 = CIRCLE ( 'NONE', #1991, 0.06799999999999990800 ) ;
#2184 = CIRCLE ( 'NONE', #1990, 0.06799999999999989400 ) ;
#2185 = LINE ( 'NONE', #1722, #2180 ) ;
#2186 = VECTOR ( 'NONE', #1719, 39.37007874015748100 ) ;
#2187 = LINE ( 'NONE', #1726, #2188 ) ;
#2188 = VECTOR ( 'NONE', #1698, 39.37007874015748100 ) ;
ENDSEC;
END-ISO-10303-21;
