ISO-10303-21;
HEADER;
FILE_DESCRIPTION (( 'STEP AP214' ),
    '1' );
FILE_NAME ('0657-E0W.STEP',
    '2016-06-02T12:45:33',
    ( 'admin' ),
    ( '' ),
    'SwSTEP 2.0',
    'SolidWorks 2016',
    '' );
FILE_SCHEMA (( 'AUTOMOTIVE_DESIGN' ));
ENDSEC;

DATA;
#1 =( LENGTH_UNIT ( ) NAMED_UNIT ( * ) SI_UNIT ( $, .METRE. ) );
#2 = ORIENTED_EDGE ( 'NONE', *, *, #707, .T. ) ;
#3 = AXIS2_PLACEMENT_3D ( 'NONE', #1426, #1598, #1080 ) ;
#4 =( NAMED_UNIT ( * ) SI_UNIT ( $, .STERADIAN. ) SOLID_ANGLE_UNIT ( ) );
#5 = CARTESIAN_POINT ( 'NONE',  ( -0.1202930527460808900, -0.08798134937418103400, -0.7332181718525560000 ) ) ;
#6 = VERTEX_POINT ( 'NONE', #38 ) ;
#7 = EDGE_CURVE ( 'NONE', #629, #1230, #1518, .T. ) ;
#8 = SURFACE_STYLE_USAGE ( .BOTH. , #822 ) ;
#9 = CARTESIAN_POINT ( 'NONE',  ( 0.1283312989141483800, 0.07642525461508545300, -0.7318385707080893300 ) ) ;
#10 = EDGE_LOOP ( 'NONE', ( #347, #1258 ) ) ;
#11 = CARTESIAN_POINT ( 'NONE',  ( -0.01164456192238565200, 0.1175023525831272700, 0.7084913387637575800 ) ) ;
#12 = LENGTH_MEASURE_WITH_UNIT ( LENGTH_MEASURE( 0.02539999999999999900 ), #573 );
#13 = CARTESIAN_POINT ( 'NONE',  ( -4.944986541478254800E-013, 0.1442585428222945300, 0.7429999941482905400 ) ) ;
#14 = MECHANICAL_DESIGN_GEOMETRIC_PRESENTATION_REPRESENTATION (  '', ( #1696 ), #880 ) ;
#15 =( LENGTH_UNIT ( ) NAMED_UNIT ( * ) SI_UNIT ( $, .METRE. ) );
#16 = EDGE_CURVE ( 'NONE', #1349, #1601, #618, .T. ) ;
#17 = CARTESIAN_POINT ( 'NONE',  ( 1.530808498934190300E-017, -0.5899999999999997500, 0.1249999999999998800 ) ) ;
#18 =( LENGTH_UNIT ( ) NAMED_UNIT ( * ) SI_UNIT ( $, .METRE. ) );
#19 = VERTEX_POINT ( 'NONE', #818 ) ;
#20 = CARTESIAN_POINT ( 'NONE',  ( -0.01986150812206908700, -0.1442652966497891000, 0.7429999999999936700 ) ) ;
#22 = ORIENTED_EDGE ( 'NONE', *, *, #1736, .T. ) ;
#21 = SURFACE_STYLE_FILL_AREA ( #840 ) ;
#23 = COLOUR_RGB ( '',0.9019607843137255100, 0.9019607843137255100, 0.9019607843137255100 ) ;
#24 = DIRECTION ( 'NONE',  ( 0.0000000000000000000, 0.0000000000000000000, -1.000000000000000000 ) ) ;
#25 = CARTESIAN_POINT ( 'NONE',  ( -7.391720721624669400E-017, 0.1442586111360690000, -0.7429999999999999900 ) ) ;
#26 = FILL_AREA_STYLE ('',( #844 ) ) ;
#27 = CARTESIAN_POINT ( 'NONE',  ( -0.03969523960969995000, 0.1442660355479246600, 0.7430023997558203900 ) ) ;
#28 = FILL_AREA_STYLE ('',( #846 ) ) ;
#29 = AXIS2_PLACEMENT_3D ( 'NONE', #1077, #1289, #206 ) ;
#30 = SURFACE_STYLE_USAGE ( .BOTH. , #352 ) ;
#31 = CARTESIAN_POINT ( 'NONE',  ( 0.1174999999999999800, 0.0000000000000000000, 0.6936502913514042100 ) ) ;
#32 = LENGTH_MEASURE_WITH_UNIT ( LENGTH_MEASURE( 0.02539999999999999900 ), #591 );
#33 = FACE_OUTER_BOUND ( 'NONE', #236, .T. ) ;
#34 = VERTEX_POINT ( 'NONE', #123 ) ;
#35 = CARTESIAN_POINT ( 'NONE',  ( 0.1174914292448467300, 0.03099502217906369500, -0.6936530974710084500 ) ) ;
#36 = CARTESIAN_POINT ( 'NONE',  ( -0.1174999999999999900, 1.438959988998139600E-017, -0.7429999999999999900 ) ) ;
#37 = EDGE_LOOP ( 'NONE', ( #1814, #1683 ) ) ;
#38 = CARTESIAN_POINT ( 'NONE',  ( 0.0000000000000000000, 0.9899999999999997700, 0.1650000000000000100 ) ) ;
#39 = PRESENTATION_STYLE_ASSIGNMENT (( #859 ) ) ;
#40 = CARTESIAN_POINT ( 'NONE',  ( -0.1175000000225532300, 0.005746038589766892600, 0.6936487786638949600 ) ) ;
#41 = CARTESIAN_POINT ( 'NONE',  ( 0.1048261860989888100, 0.06132639347464109000, 0.6971509510457619700 ) ) ;
#42 = CARTESIAN_POINT ( 'NONE',  ( 0.1503310387928220600, 0.01877417297988689300, 0.7276355553641604700 ) ) ;
#43 = AXIS2_PLACEMENT_3D ( 'NONE', #437, #1513, #671 ) ;
#44 = EDGE_CURVE ( 'NONE', #1706, #491, #1268, .T. ) ;
#45 = AXIS2_PLACEMENT_3D ( 'NONE', #1661, #842, #24 ) ;
#46 = CARTESIAN_POINT ( 'NONE',  ( 0.0000000000000000000, 0.9999999999999998900, 2.407746065943349800E-019 ) ) ;
#47 = MECHANICAL_DESIGN_GEOMETRIC_PRESENTATION_REPRESENTATION (  '', ( #699 ), #563 ) ;
#48 =( LENGTH_UNIT ( ) NAMED_UNIT ( * ) SI_UNIT ( $, .METRE. ) );
#49 = AXIS2_PLACEMENT_3D ( 'NONE', #1776, #953, #122 ) ;
#50 = CARTESIAN_POINT ( 'NONE',  ( 0.0000000000000000000, -0.9899999999999997700, 0.0000000000000000000 ) ) ;
#51 = CARTESIAN_POINT ( 'NONE',  ( 3.414809992080329000E-017, 0.1175000000000000600, -0.7084922537182710700 ) ) ;
#52 = PRESENTATION_LAYER_ASSIGNMENT (  '', '', ( #509 ) ) ;
#53 = SURFACE_STYLE_FILL_AREA ( #1428 ) ;
#54 = ORIENTED_EDGE ( 'NONE', *, *, #1902, .F. ) ;
#55 = ORIENTED_EDGE ( 'NONE', *, *, #1458, .F. ) ;
#56 = CARTESIAN_POINT ( 'NONE',  ( -7.391720721624669400E-017, 0.1442586111360690000, -0.7429999999999999900 ) ) ;
#57 = DIRECTION ( 'NONE',  ( 0.0000000000000000000, -0.7071067811865469100, -0.7071067811865481300 ) ) ;
#58 = EDGE_CURVE ( 'NONE', #641, #1334, #731, .T. ) ;
#59 = CARTESIAN_POINT ( 'NONE',  ( 0.0000000000000000000, 0.9999999999999998900, 2.407746065943349800E-019 ) ) ;
#60 = SURFACE_SIDE_STYLE ('',( #874 ) ) ;
#61 = CARTESIAN_POINT ( 'NONE',  ( -0.07906821785890423600, 0.1286230053342951300, -0.7393936329140131700 ) ) ;
#62 =( NAMED_UNIT ( * ) SI_UNIT ( $, .STERADIAN. ) SOLID_ANGLE_UNIT ( ) );
#63 = B_SPLINE_CURVE_WITH_KNOTS ( 'NONE', 3,
 ( #1625, #1790, #284, #576, #1393, #697, #1267, #895, #1296, #1142, #484, #487, #1177, #930 ),
 .UNSPECIFIED., .F., .F.,
 ( 4, 2, 2, 2, 2, 2, 4 ),
 ( 0.7500377333042604900, 0.8125282999781954200, 0.8437735833151629400, 0.8593962249836466500, 0.8750188666521303600, 0.9375094333260651800, 1.000000000000000000 ),
 .UNSPECIFIED. ) ;
#64 = CARTESIAN_POINT ( 'NONE',  ( 0.1158421172179435700, -0.02496580421488460400, -0.6942732114010460300 ) ) ;
#65 = FILL_AREA_STYLE ('',( #877 ) ) ;
#66 = ORIENTED_EDGE ( 'NONE', *, *, #464, .F. ) ;
#67 = CARTESIAN_POINT ( 'NONE',  ( -0.03964994157383171900, -0.1442606674214630700, -0.7430020999845755600 ) ) ;
#68 =( GEOMETRIC_REPRESENTATION_CONTEXT ( 3 ) GLOBAL_UNCERTAINTY_ASSIGNED_CONTEXT ( ( #664 ) ) GLOBAL_UNIT_ASSIGNED_CONTEXT ( ( #1306, #708, #150 ) ) REPRESENTATION_CONTEXT ( 'NONE', 'WORKASPACE' ) );
#69 = ORIENTED_EDGE ( 'NONE', *, *, #1149, .F. ) ;
#70 = VECTOR ( 'NONE', #1576, 39.37007874015748100 ) ;
#71 = UNCERTAINTY_MEASURE_WITH_UNIT (LENGTH_MEASURE( 1.000000000000000100E-005 ), #95, 'distance_accuracy_value', 'NONE');
#72 = CARTESIAN_POINT ( 'NONE',  ( 0.0000000000000000000, -0.4899999999999998200, 0.0000000000000000000 ) ) ;
#73 = ORIENTED_EDGE ( 'NONE', *, *, #440, .T. ) ;
#74 = UNCERTAINTY_MEASURE_WITH_UNIT (LENGTH_MEASURE( 1.000000000000000100E-005 ), #1095, 'distance_accuracy_value', 'NONE');
#75 = AXIS2_PLACEMENT_3D ( 'NONE', #1554, #717, #1809 ) ;
#76 = CARTESIAN_POINT ( 'NONE',  ( -0.1349002475850439600, 0.07545480733828974200, 0.7311256018859115800 ) ) ;
#77 = UNCERTAINTY_MEASURE_WITH_UNIT (LENGTH_MEASURE( 1.000000000000000100E-005 ), #686, 'distance_accuracy_value', 'NONE');
#78 = CARTESIAN_POINT ( 'NONE',  ( 0.06957798867031443600, 0.09659880314233883200, 0.7035696603981708200 ) ) ;
#79 = CARTESIAN_POINT ( 'NONE',  ( 0.0000000000000000000, -0.5899999999999997500, 0.0000000000000000000 ) ) ;
#80 = CARTESIAN_POINT ( 'NONE',  ( 0.0000000000000000000, 0.4899999999999998200, 0.0000000000000000000 ) ) ;
#81 = CARTESIAN_POINT ( 'NONE',  ( 0.1158453500651797900, -0.02495457478885056800, 0.6942748805137768400 ) ) ;
#82 = AXIS2_PLACEMENT_3D ( 'NONE', #1015, #199, #1260 ) ;
#83 = ORIENTED_EDGE ( 'NONE', *, *, #1327, .F. ) ;
#84 = STYLED_ITEM ( 'NONE', ( #1459 ), #746 ) ;
#86 = EDGE_LOOP ( 'NONE', ( #256, #249, #807 ) ) ;
#85 = LINE ( 'NONE', #1145, #1004 ) ;
#87 = DIRECTION ( 'NONE',  ( 0.0000000000000000000, 0.7071067811865469100, 0.7071067811865481300 ) ) ;
#89 = VERTEX_POINT ( 'NONE', #537 ) ;
#88 =( NAMED_UNIT ( * ) SI_UNIT ( $, .STERADIAN. ) SOLID_ANGLE_UNIT ( ) );
#90 = SURFACE_STYLE_FILL_AREA ( #900 ) ;
#91 = PRESENTATION_STYLE_ASSIGNMENT (( #903 ) ) ;
#92 = PRESENTATION_LAYER_ASSIGNMENT (  '', '', ( #966 ) ) ;
#93 = CARTESIAN_POINT ( 'NONE',  ( -0.1047743939252189500, 0.06145865302438673800, 0.6971693479039116100 ) ) ;
#94 = CARTESIAN_POINT ( 'NONE',  ( 0.0000000000000000000, -0.9899999999999997700, 0.0000000000000000000 ) ) ;
#95 =( CONVERSION_BASED_UNIT ( 'INCH', #914 ) LENGTH_UNIT ( ) NAMED_UNIT ( #1064 ) );
#96 = FILL_AREA_STYLE ('',( #915 ) ) ;
#97 = DIRECTION ( 'NONE',  ( 0.0000000000000000000, 0.0000000000000000000, 1.000000000000000000 ) ) ;
#98 = LENGTH_MEASURE_WITH_UNIT ( LENGTH_MEASURE( 0.02539999999999999900 ), #642 );
#99 = CARTESIAN_POINT ( 'NONE',  ( -0.1318688829261680200, 0.07304258094922519400, -0.7312467324980197500 ) ) ;
#100 = DIRECTION ( 'NONE',  ( -0.0000000000000000000, 1.000000000000000000, -0.0000000000000000000 ) ) ;
#101 =( NAMED_UNIT ( * ) PLANE_ANGLE_UNIT ( ) SI_UNIT ( $, .RADIAN. ) );
#102 = CARTESIAN_POINT ( 'NONE',  ( 0.1503053035489959600, -0.01877183453904943800, -0.7276408920643440100 ) ) ;
#103 = EDGE_LOOP ( 'NONE', ( #1893, #1603 ) ) ;
#104 =( NAMED_UNIT ( * ) PLANE_ANGLE_UNIT ( ) SI_UNIT ( $, .RADIAN. ) );
#105 = CARTESIAN_POINT ( 'NONE',  ( 0.01169199132679162600, 0.1174976426305994200, 0.7084931545674295600 ) ) ;
#106 = PRESENTATION_LAYER_ASSIGNMENT (  '', '', ( #421 ) ) ;
#107 = SURFACE_STYLE_USAGE ( .BOTH. , #924 ) ;
#108 = STYLED_ITEM ( 'NONE', ( #1864 ), #1106 ) ;
#109 =( NAMED_UNIT ( * ) PLANE_ANGLE_UNIT ( ) SI_UNIT ( $, .RADIAN. ) );
#110 = PRESENTATION_LAYER_ASSIGNMENT (  '', '', ( #712 ) ) ;
#111 = VERTEX_POINT ( 'NONE', #868 ) ;
#112 = ORIENTED_EDGE ( 'NONE', *, *, #1038, .F. ) ;
#113 = DIRECTION ( 'NONE',  ( 0.0000000000000000000, 0.0000000000000000000, 1.000000000000000000 ) ) ;
#114 = CARTESIAN_POINT ( 'NONE',  ( -0.03978195194352828600, -0.1442613727126467500, 0.7430004219242318800 ) ) ;
#115 = APPLICATION_CONTEXT ( 'automotive_design' ) ;
#116 = CARTESIAN_POINT ( 'NONE',  ( -0.1349277852490566900, -0.07535343440384154000, -0.7311144248035961200 ) ) ;
#117 = B_SPLINE_CURVE_WITH_KNOTS ( 'NONE', 3,
 ( #1119, #289, #1369, #516, #1602, #774, #1862, #1035, #215, #1271, #433, #1509 ),
 .UNSPECIFIED., .F., .F.,
 ( 4, 2, 2, 2, 2, 4 ),
 ( 0.5000000000000000000, 0.5625094333260651800, 0.5937641499890977700, 0.6250188666521303600, 0.6875282999781954200, 0.7500377333042604900 ),
 .UNSPECIFIED. ) ;
#118 = SURFACE_STYLE_USAGE ( .BOTH. , #950 ) ;
#119 = ORIENTED_EDGE ( 'NONE', *, *, #1163, .F. ) ;
#120 = LINE ( 'NONE', #1196, #250 ) ;
#121 = CARTESIAN_POINT ( 'NONE',  ( -0.1047957816914916300, -0.06137608401489853100, -0.6971586899645336700 ) ) ;
#122 = DIRECTION ( 'NONE',  ( 0.0000000000000000000, 0.0000000000000000000, 1.000000000000000000 ) ) ;
#123 = CARTESIAN_POINT ( 'NONE',  ( 2.285493574451650900E-010, -0.1442584418539823200, -0.7429999846546587700 ) ) ;
#124 = ADVANCED_FACE ( 'NONE', ( #237 ), #1798, .F. ) ;
#125 = DIRECTION ( 'NONE',  ( -0.0000000000000000000, 1.000000000000000000, -0.0000000000000000000 ) ) ;
#126 = CARTESIAN_POINT ( 'NONE',  ( 0.1158459543521869600, 0.02495211894075627000, -0.6942709005440496100 ) ) ;
#127 = DIRECTION ( 'NONE',  ( 0.0000000000000000000, 0.0000000000000000000, 1.000000000000000000 ) ) ;
#128 = DIRECTION ( 'NONE',  ( 0.0000000000000000000, -0.5150380749100550400, -0.8571673007021117800 ) ) ;
#129 = ADVANCED_FACE ( 'NONE', ( #1371 ), #993, .F. ) ;
#130 = FACE_OUTER_BOUND ( 'NONE', #346, .T. ) ;
#131 = CARTESIAN_POINT ( 'NONE',  ( -0.1175040614069137500, -0.03079110978993647400, 0.6936475241633093300 ) ) ;
#132 = SURFACE_SIDE_STYLE ('',( #760 ) ) ;
#133 = PRESENTATION_STYLE_ASSIGNMENT (( #927 ) ) ;
#134 = SURFACE_STYLE_USAGE ( .BOTH. , #510 ) ;
#135 = LENGTH_MEASURE_WITH_UNIT ( LENGTH_MEASURE( 0.02539999999999999900 ), #690 );
#136 = MANIFOLD_SOLID_BREP ( '0657-001-1-solid1', #959 ) ;
#137 =( NAMED_UNIT ( * ) PLANE_ANGLE_UNIT ( ) SI_UNIT ( $, .RADIAN. ) );
#138 = EDGE_CURVE ( 'NONE', #361, #629, #945, .T. ) ;
#139 = CARTESIAN_POINT ( 'NONE',  ( -0.08633509405467973400, -0.07984529520366279200, 0.7005203399584422100 ) ) ;
#140 = DIMENSIONAL_EXPONENTS ( 1.000000000000000000, 0.0000000000000000000, 0.0000000000000000000, 0.0000000000000000000, 0.0000000000000000000, 0.0000000000000000000, 0.0000000000000000000 ) ;
#141 = FILL_AREA_STYLE_COLOUR ( '', #1387 ) ;
#142 = CARTESIAN_POINT ( 'NONE',  ( -0.09994123793658932200, -0.1087068283875370600, 0.7362817673362909200 ) ) ;
#143 = VERTEX_POINT ( 'NONE', #56 ) ;
#144 = EDGE_CURVE ( 'NONE', #1587, #390, #1526, .T. ) ;
#145 = ORIENTED_EDGE ( 'NONE', *, *, #559, .T. ) ;
#146 = CARTESIAN_POINT ( 'NONE',  ( 0.07659342752727491000, -0.1257618909965176900, 0.7392796836390335100 ) ) ;
#147 = DIMENSIONAL_EXPONENTS ( 1.000000000000000000, 0.0000000000000000000, 0.0000000000000000000, 0.0000000000000000000, 0.0000000000000000000, 0.0000000000000000000, 0.0000000000000000000 ) ;
#148 = DIRECTION ( 'NONE',  ( -0.0000000000000000000, -1.000000000000000000, -0.0000000000000000000 ) ) ;
#149 = CARTESIAN_POINT ( 'NONE',  ( 1.230770033143088600E-017, -0.5899999999999997500, 0.1004999999999998900 ) ) ;
#150 =( NAMED_UNIT ( * ) SI_UNIT ( $, .STERADIAN. ) SOLID_ANGLE_UNIT ( ) );
#151 = SURFACE_STYLE_FILL_AREA ( #1508 ) ;
#152 = DIRECTION ( 'NONE',  ( -0.0000000000000000000, -1.000000000000000000, -0.0000000000000000000 ) ) ;
#153 = FACE_OUTER_BOUND ( 'NONE', #1305, .T. ) ;
#154 = VECTOR ( 'NONE', #784, 39.37007874015748100 ) ;
#155 = CIRCLE ( 'NONE', #1368, 0.1004999999999998900 ) ;
#156 = EDGE_CURVE ( 'NONE', #19, #1587, #1216, .T. ) ;
#157 = AXIS2_PLACEMENT_3D ( 'NONE', #1051, #229, #1284 ) ;
#158 = VERTEX_POINT ( 'NONE', #1085 ) ;
#159 = CARTESIAN_POINT ( 'NONE',  ( -0.03978652718023977000, 0.1442289403952653200, -0.7429948206474299400 ) ) ;
#160 = DIRECTION ( 'NONE',  ( -0.0000000000000000000, 1.000000000000000000, -0.0000000000000000000 ) ) ;
#161 = PLANE ( 'NONE',  #1654 ) ;
#162 = CARTESIAN_POINT ( 'NONE',  ( -0.004955770312036888500, -0.1441953235252160000, -0.7429875653014934600 ) ) ;
#163 = AXIS2_PLACEMENT_3D ( 'NONE', #253, #1081, #994 ) ;
#164 = UNCERTAINTY_MEASURE_WITH_UNIT (LENGTH_MEASURE( 1.000000000000000100E-005 ), #343, 'distance_accuracy_value', 'NONE');
#165 = ORIENTED_EDGE ( 'NONE', *, *, #268, .T. ) ;
#166 = COLOUR_RGB ( '',0.9019607843137255100, 0.9019607843137255100, 0.9019607843137255100 ) ;
#167 = DIRECTION ( 'NONE',  ( 0.0000000000000000000, 0.0000000000000000000, 1.000000000000000000 ) ) ;
#168 = UNCERTAINTY_MEASURE_WITH_UNIT (LENGTH_MEASURE( 1.000000000000000100E-005 ), #1761, 'distance_accuracy_value', 'NONE');
#169 = CARTESIAN_POINT ( 'NONE',  ( 0.07894857127010024300, -0.1287308215359654300, 0.7394105362373272200 ) ) ;
#170 = DIMENSIONAL_EXPONENTS ( 1.000000000000000000, 0.0000000000000000000, 0.0000000000000000000, 0.0000000000000000000, 0.0000000000000000000, 0.0000000000000000000, 0.0000000000000000000 ) ;
#171 = EDGE_CURVE ( 'NONE', #1656, #111, #1075, .T. ) ;
#172 = PRESENTATION_LAYER_ASSIGNMENT (  '', '', ( #301 ) ) ;
#173 = UNCERTAINTY_MEASURE_WITH_UNIT (LENGTH_MEASURE( 1.000000000000000100E-005 ), #471, 'distance_accuracy_value', 'NONE');
#174 = DIRECTION ( 'NONE',  ( -0.0000000000000000000, 1.000000000000000000, -0.0000000000000000000 ) ) ;
#175 = SURFACE_SIDE_STYLE ('',( #1751 ) ) ;
#176 = DIRECTION ( 'NONE',  ( 0.0000000000000000000, 0.0000000000000000000, -1.000000000000000000 ) ) ;
#177 = DIMENSIONAL_EXPONENTS ( 1.000000000000000000, 0.0000000000000000000, 0.0000000000000000000, 0.0000000000000000000, 0.0000000000000000000, 0.0000000000000000000, 0.0000000000000000000 ) ;
#178 = ORIENTED_EDGE ( 'NONE', *, *, #1736, .F. ) ;
#179 = CARTESIAN_POINT ( 'NONE',  ( 0.1318866084343740500, 0.07302915592339315200, 0.7312435323670891700 ) ) ;
#181 = EDGE_LOOP ( 'NONE', ( #565, #1120 ) ) ;
#180 = LENGTH_MEASURE_WITH_UNIT ( LENGTH_MEASURE( 0.02539999999999999900 ), #737 );
#182 = DIRECTION ( 'NONE',  ( 0.0000000000000000000, 0.0000000000000000000, 1.000000000000000000 ) ) ;
#183 = EDGE_CURVE ( 'NONE', #1633, #1130, #1047, .T. ) ;
#184 = STYLED_ITEM ( 'NONE', ( #1658 ), #129 ) ;
#185 = CARTESIAN_POINT ( 'NONE',  ( 0.06131781775940759600, -0.1048524684409525400, 0.7050694982322394100 ) ) ;
#186 = CARTESIAN_POINT ( 'NONE',  ( 0.07913832517513164100, -0.1286254892578160300, -0.7393913125868399900 ) ) ;
#187 = CARTESIAN_POINT ( 'NONE',  ( 0.1047251773921979700, 0.06145485578001736600, -0.6971719071055324500 ) ) ;
#188 = DIRECTION ( 'NONE',  ( 0.0000000000000000000, -0.0000000000000000000, 1.000000000000000000 ) ) ;
#189 = DIRECTION ( 'NONE',  ( 0.0000000000000000000, 0.0000000000000000000, 1.000000000000000000 ) ) ;
#190 = DIMENSIONAL_EXPONENTS ( 1.000000000000000000, 0.0000000000000000000, 0.0000000000000000000, 0.0000000000000000000, 0.0000000000000000000, 0.0000000000000000000, 0.0000000000000000000 ) ;
#191 = PRESENTATION_STYLE_ASSIGNMENT (( #1010 ) ) ;
#192 = FACE_BOUND ( 'NONE', #1562, .T. ) ;
#193 = ORIENTED_EDGE ( 'NONE', *, *, #293, .T. ) ;
#194 =( GEOMETRIC_REPRESENTATION_CONTEXT ( 3 ) GLOBAL_UNCERTAINTY_ASSIGNED_CONTEXT ( ( #173 ) ) GLOBAL_UNIT_ASSIGNED_CONTEXT ( ( #471, #1810, #1224 ) ) REPRESENTATION_CONTEXT ( 'NONE', 'WORKASPACE' ) );
#195 = AXIS2_PLACEMENT_3D ( 'NONE', #1836, #1001, #182 ) ;
#196 = SURFACE_STYLE_USAGE ( .BOTH. , #1012 ) ;
#197 = ORIENTED_EDGE ( 'NONE', *, *, #1717, .F. ) ;
#198 =( LENGTH_UNIT ( ) NAMED_UNIT ( * ) SI_UNIT ( $, .METRE. ) );
#199 = DIRECTION ( 'NONE',  ( -0.0000000000000000000, -0.0000000000000000000, 1.000000000000000000 ) ) ;
#200 = CARTESIAN_POINT ( 'NONE',  ( 0.07603820170457198400, -0.1250184155793022100, -0.7391446144623264900 ) ) ;
#201 = ORIENTED_EDGE ( 'NONE', *, *, #816, .T. ) ;
#202 = AXIS2_PLACEMENT_3D ( 'NONE', #1878, #278, #888 ) ;
#203 =( LENGTH_UNIT ( ) NAMED_UNIT ( * ) SI_UNIT ( $, .METRE. ) );
#204 = DIMENSIONAL_EXPONENTS ( 1.000000000000000000, 0.0000000000000000000, 0.0000000000000000000, 0.0000000000000000000, 0.0000000000000000000, 0.0000000000000000000, 0.0000000000000000000 ) ;
#205 = PRODUCT ( '0657-E0W', '0657-E0W', '', ( #1269 ) ) ;
#206 = DIRECTION ( 'NONE',  ( 0.0000000000000000000, 0.0000000000000000000, -1.000000000000000000 ) ) ;
#207 = CARTESIAN_POINT ( 'NONE',  ( 0.1174999999999999800, 0.0000000000000000000, 0.6936502913514042100 ) ) ;
#208 = APPLICATION_PROTOCOL_DEFINITION ( 'draft international standard', 'automotive_design', 1998, #115 ) ;
#209 =( NAMED_UNIT ( * ) SI_UNIT ( $, .STERADIAN. ) SOLID_ANGLE_UNIT ( ) );
#210 = EDGE_CURVE ( 'NONE', #1399, #1846, #638, .T. ) ;
#211 = FILL_AREA_STYLE ('',( #1631 ) ) ;
#212 = VECTOR ( 'NONE', #1429, 39.37007874015748100 ) ;
#213 = ORIENTED_EDGE ( 'NONE', *, *, #1637, .T. ) ;
#214 = FILL_AREA_STYLE_COLOUR ( '', #687 ) ;
#216 = ORIENTED_EDGE ( 'NONE', *, *, #524, .T. ) ;
#215 = CARTESIAN_POINT ( 'NONE',  ( -0.1055281052237400700, -0.05391092333953410900, -0.6967551779316295500 ) ) ;
#217 = STYLED_ITEM ( 'NONE', ( #1400 ), #1733 ) ;
#218 = CONICAL_SURFACE ( 'NONE', #527, 0.1004999999999998900, 1.029744258676653400 ) ;
#219 =( CONVERSION_BASED_UNIT ( 'INCH', #1039 ) LENGTH_UNIT ( ) NAMED_UNIT ( #459 ) );
#220 = B_SPLINE_CURVE_WITH_KNOTS ( 'NONE', 3,
 ( #342, #1297, #735, #1885, #835, #1179, #663, #513, #139, #1364, #893, #286, #894, #1363, #1792, #1539, #344, #968, #1479, #803, #932, #1211, #696, #81, #1210, #967 ),
 .UNSPECIFIED., .F., .F.,
 ( 4, 2, 2, 2, 2, 2, 2, 2, 2, 2, 2, 2, 4 ),
 ( 0.5002319852501609900, 0.5627029870938908800, 0.5939384880157558800, 0.6095562384766882700, 0.6251739889376207700, 0.6876449907813506600, 0.7501159926250804400, 0.8125869944688104400, 0.8438224953906754400, 0.8594402458516078300, 0.8750579963125402200, 0.9375289981562702200, 1.000000000000000000 ),
 .UNSPECIFIED. ) ;
#221 = CARTESIAN_POINT ( 'NONE',  ( 0.03255564919163445000, -0.1131608950238974900, -0.7072595443543227000 ) ) ;
#222 = CARTESIAN_POINT ( 'NONE',  ( -0.06141074493544318400, 0.1047646511259526100, -0.7050533799633148500 ) ) ;
#223 = DIMENSIONAL_EXPONENTS ( 1.000000000000000000, 0.0000000000000000000, 0.0000000000000000000, 0.0000000000000000000, 0.0000000000000000000, 0.0000000000000000000, 0.0000000000000000000 ) ;
#224 = ORIENTED_EDGE ( 'NONE', *, *, #183, .F. ) ;
#225 = CARTESIAN_POINT ( 'NONE',  ( 3.414809992080329000E-017, 0.1442586111360690000, -0.7429999999999999900 ) ) ;
#226 = EDGE_LOOP ( 'NONE', ( #1370, #1740, #1682 ) ) ;
#227 = AXIS2_PLACEMENT_3D ( 'NONE', #1548, #711, #1802 ) ;
#228 = CARTESIAN_POINT ( 'NONE',  ( 0.05439509358195693900, 0.1045071998929897700, -0.7052652224704736300 ) ) ;
#229 = DIRECTION ( 'NONE',  ( 0.0000000000000000000, 1.000000000000000000, 0.0000000000000000000 ) ) ;
#230 = CARTESIAN_POINT ( 'NONE',  ( 0.1174758300439813400, -0.03090908250760065700, 0.6936553175214818000 ) ) ;
#231 = CARTESIAN_POINT ( 'NONE',  ( 0.0000000000000000000, -0.9999999999999998900, 0.4873205080756886100 ) ) ;
#232 = PRESENTATION_STYLE_ASSIGNMENT (( #1623 ) ) ;
#233 = DIMENSIONAL_EXPONENTS ( 1.000000000000000000, 0.0000000000000000000, 0.0000000000000000000, 0.0000000000000000000, 0.0000000000000000000, 0.0000000000000000000, 0.0000000000000000000 ) ;
#234 =( LENGTH_UNIT ( ) NAMED_UNIT ( * ) SI_UNIT ( $, .METRE. ) );
#235 =( CONVERSION_BASED_UNIT ( 'INCH', #661 ) LENGTH_UNIT ( ) NAMED_UNIT ( #1463 ) );
#236 = EDGE_LOOP ( 'NONE', ( #1471, #996, #957, #474, #178 ) ) ;
#237 = FACE_OUTER_BOUND ( 'NONE', #632, .T. ) ;
#238 = ORIENTED_EDGE ( 'NONE', *, *, #1621, .F. ) ;
#239 = CARTESIAN_POINT ( 'NONE',  ( 0.1512644089041133300, -0.01890930626431055700, 0.7274393988745903000 ) ) ;
#240 = EDGE_LOOP ( 'NONE', ( #580, #307, #869, #1660 ) ) ;
#241 = LENGTH_MEASURE_WITH_UNIT ( LENGTH_MEASURE( 0.02539999999999999900 ), #808 );
#242 = FILL_AREA_STYLE_COLOUR ( '', #766 ) ;
#243 = DIMENSIONAL_EXPONENTS ( 1.000000000000000000, 0.0000000000000000000, 0.0000000000000000000, 0.0000000000000000000, 0.0000000000000000000, 0.0000000000000000000, 0.0000000000000000000 ) ;
#244 = MECHANICAL_DESIGN_GEOMETRIC_PRESENTATION_REPRESENTATION (  '', ( #913 ), #764 ) ;
#245 = ORIENTED_EDGE ( 'NONE', *, *, #1050, .T. ) ;
#246 = CARTESIAN_POINT ( 'NONE',  ( -0.09307392845452899800, -0.1152774458199522200, -0.7372832317243290800 ) ) ;
#247 = ORIENTED_EDGE ( 'NONE', *, *, #1155, .F. ) ;
#248 = CARTESIAN_POINT ( 'NONE',  ( 0.1139456952223728600, 0.09535975334716494100, -0.7342449764705129000 ) ) ;
#249 = ORIENTED_EDGE ( 'NONE', *, *, #451, .T. ) ;
#250 = VECTOR ( 'NONE', #357, 39.37007874015748100 ) ;
#251 = UNCERTAINTY_MEASURE_WITH_UNIT (LENGTH_MEASURE( 1.000000000000000100E-005 ), #485, 'distance_accuracy_value', 'NONE');
#252 = FACE_BOUND ( 'NONE', #855, .T. ) ;
#253 = CARTESIAN_POINT ( 'NONE',  ( 0.0000000000000000000, -0.4899999999999998200, 0.0000000000000000000 ) ) ;
#254 = SURFACE_STYLE_FILL_AREA ( #1749 ) ;
#255 = CIRCLE ( 'NONE', #1830, 0.4699999999999999700 ) ;
#256 = ORIENTED_EDGE ( 'NONE', *, *, #848, .F. ) ;
#257 = COLOUR_RGB ( '',0.9019607843137255100, 0.9019607843137255100, 0.9019607843137255100 ) ;
#258 = DIRECTION ( 'NONE',  ( -0.0000000000000000000, 1.000000000000000000, -0.0000000000000000000 ) ) ;
#259 = SURFACE_STYLE_USAGE ( .BOTH. , #1087 ) ;
#260 = SURFACE_SIDE_STYLE ('',( #1090 ) ) ;
#261 = MECHANICAL_DESIGN_GEOMETRIC_PRESENTATION_REPRESENTATION (  '', ( #949 ), #796 ) ;
#262 = CARTESIAN_POINT ( 'NONE',  ( 0.07913206645605107300, 0.1285770143739215500, 0.7393893962155421200 ) ) ;
#263 = SURFACE_SIDE_STYLE ('',( #1092 ) ) ;
#264 = CYLINDRICAL_SURFACE ( 'NONE', #1842, 0.1249999999999998300 ) ;
#265 =( LENGTH_UNIT ( ) NAMED_UNIT ( * ) SI_UNIT ( $, .METRE. ) );
#266 = MECHANICAL_DESIGN_GEOMETRIC_PRESENTATION_REPRESENTATION (  '', ( #1007 ), #1669 ) ;
#267 = CARTESIAN_POINT ( 'NONE',  ( 0.07896529952769090800, 0.1287023344168118900, -0.7394106046448575300 ) ) ;
#268 = EDGE_CURVE ( 'NONE', #1861, #1230, #482, .T. ) ;
#269 = ORIENTED_EDGE ( 'NONE', *, *, #1637, .F. ) ;
#270 = CARTESIAN_POINT ( 'NONE',  ( 0.06133081048064664700, 0.1048292652044400700, -0.7050695634244984500 ) ) ;
#271 = FILL_AREA_STYLE ('',( #1102 ) ) ;
#272 = CARTESIAN_POINT ( 'NONE',  ( 2.285493574451650900E-010, -0.1442584418539823200, -0.7429999846546587700 ) ) ;
#273 = VERTEX_POINT ( 'NONE', #1787 ) ;
#274 = FILL_AREA_STYLE ('',( #1105 ) ) ;
#275 = FILL_AREA_STYLE_COLOUR ( '', #257 ) ;
#276 = CARTESIAN_POINT ( 'NONE',  ( 0.1174999999999999900, 2.134256245050205600E-018, 0.6936502913514045500 ) ) ;
#277 = ADVANCED_FACE ( 'NONE', ( #130 ), #1529, .T. ) ;
#278 = DIRECTION ( 'NONE',  ( 0.0000000000000000000, -1.000000000000000000, 0.0000000000000000000 ) ) ;
#279 = DIRECTION ( 'NONE',  ( -0.0000000000000000000, 1.000000000000000000, -0.0000000000000000000 ) ) ;
#280 = CARTESIAN_POINT ( 'NONE',  ( 0.0000000000000000000, -1.000000000000000000, 0.0000000000000000000 ) ) ;
#281 =( NAMED_UNIT ( * ) SI_UNIT ( $, .STERADIAN. ) SOLID_ANGLE_UNIT ( ) );
#282 = FACE_OUTER_BOUND ( 'NONE', #469, .T. ) ;
#283 = CARTESIAN_POINT ( 'NONE',  ( 0.0000000000000000000, 0.0000000000000000000, 0.0000000000000000000 ) ) ;
#284 = CARTESIAN_POINT ( 'NONE',  ( -0.1158460730032818100, 0.02494546448811231200, -0.6942725087722763100 ) ) ;
#285 = STYLED_ITEM ( 'NONE', ( #975 ), #124 ) ;
#286 = CARTESIAN_POINT ( 'NONE',  ( -0.02518304968708935700, -0.1157926275324745000, 0.7078819477647443300 ) ) ;
#287 = FILL_AREA_STYLE ('',( #376 ) ) ;
#288 = ORIENTED_EDGE ( 'NONE', *, *, #1176, .F. ) ;
#290 = VERTEX_POINT ( 'NONE', #886 ) ;
#289 = CARTESIAN_POINT ( 'NONE',  ( -0.01155047784212848100, -0.1175127584733078500, -0.7084935097499802700 ) ) ;
#291 = FILL_AREA_STYLE_COLOUR ( '', #424 ) ;
#292 = PRODUCT_DEFINITION_FORMATION_WITH_SPECIFIED_SOURCE ( 'ANY', '', #205, .NOT_KNOWN. ) ;
#293 = EDGE_CURVE ( 'NONE', #980, #89, #989, .T. ) ;
#294 = PLANE ( 'NONE',  #1276 ) ;
#295 = FILL_AREA_STYLE ('',( #1860 ) ) ;
#296 = DIRECTION ( 'NONE',  ( 0.0000000000000000000, 0.0000000000000000000, 1.000000000000000000 ) ) ;
#297 = PRESENTATION_STYLE_ASSIGNMENT (( #1124 ) ) ;
#298 =( GEOMETRIC_REPRESENTATION_CONTEXT ( 3 ) GLOBAL_UNCERTAINTY_ASSIGNED_CONTEXT ( ( #400 ) ) GLOBAL_UNIT_ASSIGNED_CONTEXT ( ( #1685, #1122, #521 ) ) REPRESENTATION_CONTEXT ( 'NONE', 'WORKASPACE' ) );
#299 = CARTESIAN_POINT ( 'NONE',  ( 0.1046369827590045300, -0.05415296425256261500, -0.6969141730644165000 ) ) ;
#300 = CARTESIAN_POINT ( 'NONE',  ( 0.03105354655103803200, -0.1174981833582639500, -0.7084902158191005400 ) ) ;
#301 = STYLED_ITEM ( 'NONE', ( #454 ), #340 ) ;
#302 = DIRECTION ( 'NONE',  ( 0.0000000000000000000, 1.000000000000000000, 0.0000000000000000000 ) ) ;
#303 = SURFACE_SIDE_STYLE ('',( #1129 ) ) ;
#304 = ORIENTED_EDGE ( 'NONE', *, *, #415, .T. ) ;
#305 = CARTESIAN_POINT ( 'NONE',  ( 0.07913832517513164100, -0.1286254892578160300, -0.7393913125868399900 ) ) ;
#306 = FILL_AREA_STYLE_COLOUR ( '', #23 ) ;
#307 = ORIENTED_EDGE ( 'NONE', *, *, #1294, .F. ) ;
#308 = ADVANCED_FACE ( 'NONE', ( #757 ), #770, .F. ) ;
#309 = DIRECTION ( 'NONE',  ( 0.0000000000000000000, 0.0000000000000000000, -1.000000000000000000 ) ) ;
#310 = ORIENTED_EDGE ( 'NONE', *, *, #1762, .T. ) ;
#311 = CARTESIAN_POINT ( 'NONE',  ( -0.03969523960969995000, 0.1442660355479246600, 0.7430023997558203900 ) ) ;
#312 = CARTESIAN_POINT ( 'NONE',  ( -0.1356948933357018400, 0.06429784747040409600, 0.7305146721134144800 ) ) ;
#313 = DIRECTION ( 'NONE',  ( 0.0000000000000000000, 0.0000000000000000000, -1.000000000000000000 ) ) ;
#314 = FILL_AREA_STYLE ('',( #1141 ) ) ;
#315 = AXIS2_PLACEMENT_3D ( 'NONE', #1768, #1867, #381 ) ;
#316 =( GEOMETRIC_REPRESENTATION_CONTEXT ( 3 ) GLOBAL_UNCERTAINTY_ASSIGNED_CONTEXT ( ( #77 ) ) GLOBAL_UNIT_ASSIGNED_CONTEXT ( ( #686, #1651, #862 ) ) REPRESENTATION_CONTEXT ( 'NONE', 'WORKASPACE' ) );
#317 = DIRECTION ( 'NONE',  ( 1.049727191138618000E-016, 0.5150380749100550400, -0.8571673007021117800 ) ) ;
#318 = CARTESIAN_POINT ( 'NONE',  ( 0.03090149480241160700, 0.1175241671563898900, -0.7084971925338651200 ) ) ;
#319 = ADVANCED_FACE ( 'NONE', ( #282 ), #1829, .F. ) ;
#320 = UNCERTAINTY_MEASURE_WITH_UNIT (LENGTH_MEASURE( 1.000000000000000100E-005 ), #1074, 'distance_accuracy_value', 'NONE');
#321 = ORIENTED_EDGE ( 'NONE', *, *, #1023, .F. ) ;
#323 = ORIENTED_EDGE ( 'NONE', *, *, #1577, .F. ) ;
#322 = DIRECTION ( 'NONE',  ( -0.0000000000000000000, -1.000000000000000000, -0.0000000000000000000 ) ) ;
#324 = STYLED_ITEM ( 'NONE', ( #564 ), #1313 ) ;
#325 = VERTEX_POINT ( 'NONE', #1055 ) ;
#326 = SURFACE_STYLE_USAGE ( .BOTH. , #1150 ) ;
#327 = CARTESIAN_POINT ( 'NONE',  ( -0.03083058806707717300, 0.1175060472670346500, 0.7084945420254092900 ) ) ;
#328 = DIRECTION ( 'NONE',  ( 0.0000000000000000000, 0.0000000000000000000, 1.000000000000000000 ) ) ;
#329 = LINE ( 'NONE', #1190, #70 ) ;
#330 = EDGE_CURVE ( 'NONE', #1230, #1861, #220, .T. ) ;
#331 = DIRECTION ( 'NONE',  ( -0.0000000000000000000, -1.000000000000000000, -0.0000000000000000000 ) ) ;
#332 = SURFACE_SIDE_STYLE ('',( #1158 ) ) ;
#333 = CARTESIAN_POINT ( 'NONE',  ( -0.1512665857035580800, 0.01895185424646169500, -0.7274389461637524900 ) ) ;
#334 = EDGE_LOOP ( 'NONE', ( #916, #1213, #1510, #1560 ) ) ;
#335 = CARTESIAN_POINT ( 'NONE',  ( 0.1512937841332184200, 0.01894479493007881000, -0.7274332897020203700 ) ) ;
#336 = AXIS2_PLACEMENT_3D ( 'NONE', #1655, #1111, #1029 ) ;
#337 = UNCERTAINTY_MEASURE_WITH_UNIT (LENGTH_MEASURE( 1.000000000000000100E-005 ), #1851, 'distance_accuracy_value', 'NONE');
#338 = VECTOR ( 'NONE', #1743, 39.37007874015748100 ) ;
#339 = DIRECTION ( 'NONE',  ( -0.0000000000000000000, 1.000000000000000000, -0.0000000000000000000 ) ) ;
#340 = ADVANCED_FACE ( 'NONE', ( #1054 ), #1515, .F. ) ;
#341 =( NAMED_UNIT ( * ) PLANE_ANGLE_UNIT ( ) SI_UNIT ( $, .RADIAN. ) );
#342 = CARTESIAN_POINT ( 'NONE',  ( -0.1174999374567698000, -3.984688658387947200E-010, 0.6936503176335601100 ) ) ;
#343 =( CONVERSION_BASED_UNIT ( 'INCH', #1600 ) LENGTH_UNIT ( ) NAMED_UNIT ( #170 ) );
#344 = CARTESIAN_POINT ( 'NONE',  ( 0.05441019648895213000, -0.1044992047688147900, 0.7052607324697705000 ) ) ;
#345 = COLOUR_RGB ( '',1.000000000000000000, 1.000000000000000000, 1.000000000000000000 ) ;
#346 = EDGE_LOOP ( 'NONE', ( #1011, #201, #1302, #538, #850, #704, #119, #387, #1796 ) ) ;
#347 = ORIENTED_EDGE ( 'NONE', *, *, #1294, .T. ) ;
#348 = FACE_OUTER_BOUND ( 'NONE', #726, .T. ) ;
#349 = CARTESIAN_POINT ( 'NONE',  ( -0.1348790751393279000, -0.07540051328891549100, 0.7311215137270473700 ) ) ;
#350 = FACE_OUTER_BOUND ( 'NONE', #1430, .T. ) ;
#351 = AXIS2_PLACEMENT_3D ( 'NONE', #72, #1134, #309 ) ;
#352 = SURFACE_SIDE_STYLE ('',( #847 ) ) ;
#353 =( LENGTH_UNIT ( ) NAMED_UNIT ( * ) SI_UNIT ( $, .METRE. ) );
#354 =( GEOMETRIC_REPRESENTATION_CONTEXT ( 3 ) GLOBAL_UNCERTAINTY_ASSIGNED_CONTEXT ( ( #1377 ) ) GLOBAL_UNIT_ASSIGNED_CONTEXT ( ( #923, #1854, #795 ) ) REPRESENTATION_CONTEXT ( 'NONE', 'WORKASPACE' ) );
#355 = STYLED_ITEM ( 'NONE', ( #1450 ), #398 ) ;
#356 = CARTESIAN_POINT ( 'NONE',  ( 0.0000000000000000000, 1.000000000000000000, -0.7429999999999999900 ) ) ;
#357 = DIRECTION ( 'NONE',  ( -0.0000000000000000000, -0.0000000000000000000, 1.000000000000000000 ) ) ;
#358 = CARTESIAN_POINT ( 'NONE',  ( -0.03079541168835729600, -0.1175016748680606800, -0.7084942561764394600 ) ) ;
#359 = ORIENTED_EDGE ( 'NONE', *, *, #415, .F. ) ;
#360 = CARTESIAN_POINT ( 'NONE',  ( 0.1174999854433179000, -2.514027889634268500E-011, -0.6936502978639741400 ) ) ;
#361 = VERTEX_POINT ( 'NONE', #1568 ) ;
#362 = FILL_AREA_STYLE_COLOUR ( '', #1695 ) ;
#363 = DIRECTION ( 'NONE',  ( -0.0000000000000000000, -1.000000000000000000, -0.0000000000000000000 ) ) ;
#364 =( GEOMETRIC_REPRESENTATION_CONTEXT ( 3 ) GLOBAL_UNCERTAINTY_ASSIGNED_CONTEXT ( ( #655 ) ) GLOBAL_UNIT_ASSIGNED_CONTEXT ( ( #583, #1635, #490 ) ) REPRESENTATION_CONTEXT ( 'NONE', 'WORKASPACE' ) );
#365 = CARTESIAN_POINT ( 'NONE',  ( -0.1047743939252189500, 0.06145865302438673800, 0.6971693479039116100 ) ) ;
#366 =( GEOMETRIC_REPRESENTATION_CONTEXT ( 3 ) GLOBAL_UNCERTAINTY_ASSIGNED_CONTEXT ( ( #1698 ) ) GLOBAL_UNIT_ASSIGNED_CONTEXT ( ( #965, #369, #281 ) ) REPRESENTATION_CONTEXT ( 'NONE', 'WORKASPACE' ) );
#367 = CIRCLE ( 'NONE', #43, 0.1249999999999998300 ) ;
#368 = CARTESIAN_POINT ( 'NONE',  ( 0.0000000000000000000, 0.9499999999999997300, 0.1249999999999998300 ) ) ;
#369 =( NAMED_UNIT ( * ) PLANE_ANGLE_UNIT ( ) SI_UNIT ( $, .RADIAN. ) );
#370 = PRESENTATION_LAYER_ASSIGNMENT (  '', '', ( #699 ) ) ;
#371 = SURFACE_STYLE_FILL_AREA ( #1680 ) ;
#372 = DIMENSIONAL_EXPONENTS ( 1.000000000000000000, 0.0000000000000000000, 0.0000000000000000000, 0.0000000000000000000, 0.0000000000000000000, 0.0000000000000000000, 0.0000000000000000000 ) ;
#373 = CIRCLE ( 'NONE', #49, 0.7429999999999999900 ) ;
#374 = DIRECTION ( 'NONE',  ( -0.0000000000000000000, 1.000000000000000000, -0.0000000000000000000 ) ) ;
#375 = ORIENTED_EDGE ( 'NONE', *, *, #1735, .F. ) ;
#376 = FILL_AREA_STYLE_COLOUR ( '', #472 ) ;
#377 = ORIENTED_EDGE ( 'NONE', *, *, #44, .T. ) ;
#379 =( GEOMETRIC_REPRESENTATION_CONTEXT ( 3 ) GLOBAL_UNCERTAINTY_ASSIGNED_CONTEXT ( ( #1461 ) ) GLOBAL_UNIT_ASSIGNED_CONTEXT ( ( #1833, #1028, #209 ) ) REPRESENTATION_CONTEXT ( 'NONE', 'WORKASPACE' ) );
#378 = CARTESIAN_POINT ( 'NONE',  ( 0.01985759600280553500, -0.1442519110888694500, 0.7430000000000058800 ) ) ;
#380 = SURFACE_SIDE_STYLE ('',( #151 ) ) ;
#381 = DIRECTION ( 'NONE',  ( 0.0000000000000000000, 0.0000000000000000000, 1.000000000000000000 ) ) ;
#382 = CARTESIAN_POINT ( 'NONE',  ( 1.530808498934189400E-017, -0.9499999999999997300, 0.1249999999999998300 ) ) ;
#383 = CARTESIAN_POINT ( 'NONE',  ( -0.1047957816914916300, -0.06137608401489853100, -0.6971586899645336700 ) ) ;
#384 = FACE_OUTER_BOUND ( 'NONE', #666, .T. ) ;
#385 = ORIENTED_EDGE ( 'NONE', *, *, #902, .F. ) ;
#386 = CARTESIAN_POINT ( 'NONE',  ( -0.1349935294420840100, 0.07528200129818411700, -0.7311074953896843400 ) ) ;
#387 = ORIENTED_EDGE ( 'NONE', *, *, #1448, .T. ) ;
#388 = DIRECTION ( 'NONE',  ( 0.0000000000000000000, -1.000000000000000000, 0.0000000000000000000 ) ) ;
#389 = CARTESIAN_POINT ( 'NONE',  ( 2.285493574451650900E-010, -0.1442584418539823200, -0.7429999846546587700 ) ) ;
#390 = VERTEX_POINT ( 'NONE', #1713 ) ;
#391 =( NAMED_UNIT ( * ) PLANE_ANGLE_UNIT ( ) SI_UNIT ( $, .RADIAN. ) );
#392 = PRESENTATION_LAYER_ASSIGNMENT (  '', '', ( #1557 ) ) ;
#393 = AXIS2_PLACEMENT_3D ( 'NONE', #1389, #539, #1618 ) ;
#394 = CARTESIAN_POINT ( 'NONE',  ( -0.03978195194352828600, -0.1442613727126467500, 0.7430004219242318800 ) ) ;
#395 = COLOUR_RGB ( '',1.000000000000000000, 1.000000000000000000, 1.000000000000000000 ) ;
#396 = CARTESIAN_POINT ( 'NONE',  ( 0.08963502351894234200, 0.07611055661557887500, 0.6999022354538390100 ) ) ;
#397 = CIRCLE ( 'NONE', #75, 0.1249999999999999000 ) ;
#398 = ADVANCED_FACE ( 'NONE', ( #1333 ), #1361, .T. ) ;
#399 = FACE_OUTER_BOUND ( 'NONE', #86, .T. ) ;
#400 = UNCERTAINTY_MEASURE_WITH_UNIT (LENGTH_MEASURE( 1.000000000000000100E-005 ), #1685, 'distance_accuracy_value', 'NONE');
#401 = ORIENTED_EDGE ( 'NONE', *, *, #138, .T. ) ;
#402 = DIRECTION ( 'NONE',  ( 0.0000000000000000000, 1.000000000000000000, 0.0000000000000000000 ) ) ;
#403 = ORIENTED_EDGE ( 'NONE', *, *, #1610, .F. ) ;
#404 = EDGE_LOOP ( 'NONE', ( #1863, #1541, #1781, #216 ) ) ;
#405 = FILL_AREA_STYLE_COLOUR ( '', #1666 ) ;
#406 =( CONVERSION_BASED_UNIT ( 'INCH', #1249 ) LENGTH_UNIT ( ) NAMED_UNIT ( #1103 ) );
#407 = CARTESIAN_POINT ( 'NONE',  ( -0.03089795220365072400, -0.1175022493363852700, 0.7084926560478471700 ) ) ;
#408 =( CONVERSION_BASED_UNIT ( 'INCH', #1251 ) LENGTH_UNIT ( ) NAMED_UNIT ( #1789 ) );
#409 = CARTESIAN_POINT ( 'NONE',  ( -0.1349935294420840100, 0.07528200129818411700, -0.7311074953896843400 ) ) ;
#410 = EDGE_CURVE ( 'NONE', #1701, #1706, #1181, .T. ) ;
#411 = CARTESIAN_POINT ( 'NONE',  ( 0.1175085216727550400, -0.03084313826035001800, -0.6936474977640991700 ) ) ;
#412 = FACE_OUTER_BOUND ( 'NONE', #10, .T. ) ;
#413 = CARTESIAN_POINT ( 'NONE',  ( -0.01984101836299040400, 0.1442438147274640900, -0.7429999999999999900 ) ) ;
#414 = CARTESIAN_POINT ( 'NONE',  ( 1.530808498934189400E-017, 0.9899999999999997700, -0.1249999999999998300 ) ) ;
#415 = EDGE_CURVE ( 'NONE', #1246, #1494, #63, .T. ) ;
#416 = CARTESIAN_POINT ( 'NONE',  ( 0.09995669846164852200, -0.1087033452846593600, -0.7362796772308557400 ) ) ;
#417 = COLOUR_RGB ( '',1.000000000000000000, 1.000000000000000000, 1.000000000000000000 ) ;
#418 = EDGE_CURVE ( 'NONE', #791, #89, #1116, .T. ) ;
#419 = CARTESIAN_POINT ( 'NONE',  ( -0.06547297666647222700, 0.09766356256199378000, 0.7038702365664500900 ) ) ;
#420 = CARTESIAN_POINT ( 'NONE',  ( -0.09291243580947923500, 0.1153849672261226400, 0.7373042850261438700 ) ) ;
#421 = STYLED_ITEM ( 'NONE', ( #1799 ), #1591 ) ;
#422 = CARTESIAN_POINT ( 'NONE',  ( 0.0000000000000000000, 0.9899999999999997700, 0.0000000000000000000 ) ) ;
#423 = DIMENSIONAL_EXPONENTS ( 1.000000000000000000, 0.0000000000000000000, 0.0000000000000000000, 0.0000000000000000000, 0.0000000000000000000, 0.0000000000000000000, 0.0000000000000000000 ) ;
#424 = COLOUR_RGB ( '',0.9019607843137255100, 0.9019607843137255100, 0.9019607843137255100 ) ;
#425 = DIRECTION ( 'NONE',  ( -0.0000000000000000000, 1.000000000000000000, -0.0000000000000000000 ) ) ;
#426 = VECTOR ( 'NONE', #1439, 39.37007874015748100 ) ;
#427 =( NAMED_UNIT ( * ) SI_UNIT ( $, .STERADIAN. ) SOLID_ANGLE_UNIT ( ) );
#428 = APPLICATION_PROTOCOL_DEFINITION ( 'draft international standard', 'automotive_design', 1998, #1096 ) ;
#429 = ADVANCED_FACE ( 'NONE', ( #1298, #1114 ), #1630, .T. ) ;
#430 = CARTESIAN_POINT ( 'NONE',  ( 0.0000000000000000000, 0.9999999999999998900, 0.4873205080756886100 ) ) ;
#431 = AXIS2_PLACEMENT_3D ( 'NONE', #50, #1115, #176 ) ;
#432 =( GEOMETRIC_REPRESENTATION_CONTEXT ( 3 ) GLOBAL_UNCERTAINTY_ASSIGNED_CONTEXT ( ( #1034 ) ) GLOBAL_UNIT_ASSIGNED_CONTEXT ( ( #235, #341, #1057 ) ) REPRESENTATION_CONTEXT ( 'NONE', 'WORKASPACE' ) );
#434 = ORIENTED_EDGE ( 'NONE', *, *, #856, .T. ) ;
#433 = CARTESIAN_POINT ( 'NONE',  ( -0.1175000000012425700, -0.01143517704804144000, -0.6936496305520504200 ) ) ;
#435 =( NAMED_UNIT ( * ) SI_UNIT ( $, .STERADIAN. ) SOLID_ANGLE_UNIT ( ) );
#436 = CARTESIAN_POINT ( 'NONE',  ( 0.1512848552846972100, 2.134256245050205600E-018, 0.7274351466361026500 ) ) ;
#437 = CARTESIAN_POINT ( 'NONE',  ( 0.0000000000000000000, 0.9499999999999997300, 0.0000000000000000000 ) ) ;
#438 = CARTESIAN_POINT ( 'NONE',  ( 0.01221179200656690100, -0.1170580518981109200, -0.7083372792163579200 ) ) ;
#439 = PRESENTATION_LAYER_ASSIGNMENT (  '', '', ( #184 ) ) ;
#440 = EDGE_CURVE ( 'NONE', #1484, #1701, #441, .T. ) ;
#441 = CIRCLE ( 'NONE', #787, 0.4699999999999999700 ) ;
#442 =( CONVERSION_BASED_UNIT ( 'INCH', #1278 ) LENGTH_UNIT ( ) NAMED_UNIT ( #1067 ) );
#443 = VERTEX_POINT ( 'NONE', #694 ) ;
#444 = CARTESIAN_POINT ( 'NONE',  ( -0.03090149480241154200, 0.1174758328436102400, -0.7084873149026770200 ) ) ;
#445 = EDGE_LOOP ( 'NONE', ( #1453, #434 ) ) ;
#446 = DIMENSIONAL_EXPONENTS ( 1.000000000000000000, 0.0000000000000000000, 0.0000000000000000000, 0.0000000000000000000, 0.0000000000000000000, 0.0000000000000000000, 0.0000000000000000000 ) ;
#447 = CARTESIAN_POINT ( 'NONE',  ( 0.06904197882239879200, 0.09518457784826851700, -0.7033816633295543200 ) ) ;
#448 = CARTESIAN_POINT ( 'NONE',  ( 0.0000000000000000000, -0.9899999999999997700, 0.4699999999999999700 ) ) ;
#449 = CARTESIAN_POINT ( 'NONE',  ( 0.06131781775940759600, -0.1048524684409525400, 0.7050694982322394100 ) ) ;
#450 = CARTESIAN_POINT ( 'NONE',  ( -0.03923006363665820800, 0.1405081050770267700, 0.7422003640073203700 ) ) ;
#451 = EDGE_CURVE ( 'NONE', #443, #19, #577, .T. ) ;
#452 = CARTESIAN_POINT ( 'NONE',  ( 0.0001290674313403834000, -0.1174999291131623000, -0.7084922359977700000 ) ) ;
#453 = AXIS2_PLACEMENT_3D ( 'NONE', #94, #1154, #328 ) ;
#454 = PRESENTATION_STYLE_ASSIGNMENT (( #1295 ) ) ;
#455 = CARTESIAN_POINT ( 'NONE',  ( 1.230770033143088600E-017, 0.4899999999999998200, -0.1004999999999998900 ) ) ;
#456 = DIRECTION ( 'NONE',  ( -0.0000000000000000000, -1.000000000000000000, -0.0000000000000000000 ) ) ;
#457 =( NAMED_UNIT ( * ) PLANE_ANGLE_UNIT ( ) SI_UNIT ( $, .RADIAN. ) );
#458 = ORIENTED_EDGE ( 'NONE', *, *, #848, .T. ) ;
#459 = DIMENSIONAL_EXPONENTS ( 1.000000000000000000, 0.0000000000000000000, 0.0000000000000000000, 0.0000000000000000000, 0.0000000000000000000, 0.0000000000000000000, 0.0000000000000000000 ) ;
#460 = ORIENTED_EDGE ( 'NONE', *, *, #330, .T. ) ;
#461 = CARTESIAN_POINT ( 'NONE',  ( 0.1356729683788789100, -0.06422047223531056300, 0.7305187275585632900 ) ) ;
#462 = DIRECTION ( 'NONE',  ( 0.0000000000000000000, -1.000000000000000000, 0.0000000000000000000 ) ) ;
#463 = SURFACE_STYLE_FILL_AREA ( #1307 ) ;
#464 = EDGE_CURVE ( 'NONE', #935, #390, #771, .T. ) ;
#465 = CYLINDRICAL_SURFACE ( 'NONE', #227, 0.1174999999999999900 ) ;
#466 = CYLINDRICAL_SURFACE ( 'NONE', #1317, 0.1004999999999998900 ) ;
#467 = CARTESIAN_POINT ( 'NONE',  ( 0.0000000000000000000, 0.9899999999999997700, 2.407746065943349800E-019 ) ) ;
#468 = UNCERTAINTY_MEASURE_WITH_UNIT (LENGTH_MEASURE( 1.000000000000000100E-005 ), #406, 'distance_accuracy_value', 'NONE');
#469 = EDGE_LOOP ( 'NONE', ( #1146, #2, #1165, #323 ) ) ;
#470 = CARTESIAN_POINT ( 'NONE',  ( 0.0000000000000000000, 0.4899999999999998200, 0.0000000000000000000 ) ) ;
#471 =( CONVERSION_BASED_UNIT ( 'INCH', #1318 ) LENGTH_UNIT ( ) NAMED_UNIT ( #1707 ) );
#472 = COLOUR_RGB ( '',0.9019607843137255100, 0.9019607843137255100, 0.9019607843137255100 ) ;
#473 = CARTESIAN_POINT ( 'NONE',  ( -0.04862300301299402000, -0.1367732534645475800, -0.7414669817550962900 ) ) ;
#474 = ORIENTED_EDGE ( 'NONE', *, *, #1445, .F. ) ;
#475 =( LENGTH_UNIT ( ) NAMED_UNIT ( * ) SI_UNIT ( $, .METRE. ) );
#476 = CARTESIAN_POINT ( 'NONE',  ( 0.07659972198779285700, 0.1257631317599367500, -0.7392785068019563900 ) ) ;
#477 = ADVANCED_FACE ( 'NONE', ( #1891 ), #1221, .F. ) ;
#478 = AXIS2_PLACEMENT_3D ( 'NONE', #79, #1140, #313 ) ;
#479 = CARTESIAN_POINT ( 'NONE',  ( -0.04702239154289812600, 0.1079557098716173900, 0.7060262969742757700 ) ) ;
#480 = AXIS2_PLACEMENT_3D ( 'NONE', #1764, #941, #113 ) ;
#481 =( NAMED_UNIT ( * ) PLANE_ANGLE_UNIT ( ) SI_UNIT ( $, .RADIAN. ) );
#482 = B_SPLINE_CURVE_WITH_KNOTS ( 'NONE', 3,
 ( #207, #1788, #652, #1169, #1674, #797, #1821, #396, #1824, #78, #1678, #1328, #105, #11, #685, #479, #925, #419, #1881, #574, #1473, #1650, #1357, #1711, #1423, #1672, #40, #1356 ),
 .UNSPECIFIED., .F., .F.,
 ( 4, 2, 2, 2, 2, 2, 2, 2, 2, 2, 2, 2, 2, 4 ),
 ( 0.0000000000000000000, 0.06252899815627001300, 0.09379349723440501300, 0.1094257467734725400, 0.1250579963125400500, 0.1875869944688102500, 0.2501159926250804400, 0.3126449907813506600, 0.3439094898594857200, 0.3595417393985532700, 0.3751739889376208800, 0.4377029870938909400, 0.4689674861720259400, 0.5002319852501609900 ),
 .UNSPECIFIED. ) ;
#483 = UNCERTAINTY_MEASURE_WITH_UNIT (LENGTH_MEASURE( 1.000000000000000100E-005 ), #1245, 'distance_accuracy_value', 'NONE');
#484 = CARTESIAN_POINT ( 'NONE',  ( -0.05421563432428828200, 0.1053741419907273200, -0.7054129512987698000 ) ) ;
#485 =( CONVERSION_BASED_UNIT ( 'INCH', #1331 ) LENGTH_UNIT ( ) NAMED_UNIT ( #1745 ) );
#486 = STYLED_ITEM ( 'NONE', ( #1857 ), #319 ) ;
#487 = CARTESIAN_POINT ( 'NONE',  ( -0.02525245287596072200, 0.1157815116035988600, -0.7078753822494096000 ) ) ;
#488 = PRESENTATION_STYLE_ASSIGNMENT (( #698 ) ) ;
#489 = STYLED_ITEM ( 'NONE', ( #1254 ), #922 ) ;
#490 =( NAMED_UNIT ( * ) SI_UNIT ( $, .STERADIAN. ) SOLID_ANGLE_UNIT ( ) );
#491 = VERTEX_POINT ( 'NONE', #231 ) ;
#492 = DIRECTION ( 'NONE',  ( 0.0000000000000000000, -1.000000000000000000, 0.0000000000000000000 ) ) ;
#493 = LINE ( 'NONE', #1573, #917 ) ;
#494 = PRESENTATION_STYLE_ASSIGNMENT (( #1339 ) ) ;
#495 = CARTESIAN_POINT ( 'NONE',  ( 0.1513159748219380100, 0.03794806855193186300, 0.7274298756657876500 ) ) ;
#496 = PRESENTATION_STYLE_ASSIGNMENT (( #1341 ) ) ;
#497 = DIRECTION ( 'NONE',  ( -0.0000000000000000000, 1.000000000000000000, -0.0000000000000000000 ) ) ;
#498 = SURFACE_STYLE_FILL_AREA ( #523 ) ;
#499 = CARTESIAN_POINT ( 'NONE',  ( 3.414809992080329000E-017, 0.1175000000000000600, -0.7084922537182710700 ) ) ;
#500 =( NAMED_UNIT ( * ) PLANE_ANGLE_UNIT ( ) SI_UNIT ( $, .RADIAN. ) );
#501 = FILL_AREA_STYLE_COLOUR ( '', #1649 ) ;
#502 = CARTESIAN_POINT ( 'NONE',  ( 0.0000000000000000000, -0.9999999999999998900, 2.407746065943349800E-019 ) ) ;
#503 = CARTESIAN_POINT ( 'NONE',  ( 3.414809992080329000E-017, 0.1175000000000000600, -0.7084922537182710700 ) ) ;
#504 = SURFACE_SIDE_STYLE ('',( #1350 ) ) ;
#505 = CARTESIAN_POINT ( 'NONE',  ( 0.009913057809154737400, -0.1440356325012860900, -0.7429500096964332100 ) ) ;
#506 = CONICAL_SURFACE ( 'NONE', #195, 0.4873205080756886100, 1.047197551196592300 ) ;
#507 = SURFACE_SIDE_STYLE ('',( #1354 ) ) ;
#508 = SURFACE_STYLE_FILL_AREA ( #1355 ) ;
#509 = STYLED_ITEM ( 'NONE', ( #1232 ), #308 ) ;
#510 = SURFACE_SIDE_STYLE ('',( #620 ) ) ;
#511 = DIRECTION ( 'NONE',  ( 0.0000000000000000000, 0.0000000000000000000, 1.000000000000000000 ) ) ;
#512 = DIRECTION ( 'NONE',  ( 1.000000000000000000, 0.0000000000000000000, 0.0000000000000000000 ) ) ;
#513 = CARTESIAN_POINT ( 'NONE',  ( -0.08950487858246550200, -0.07626396733574750100, 0.6999273794616610600 ) ) ;
#514 = ORIENTED_EDGE ( 'NONE', *, *, #1646, .F. ) ;
#515 = CARTESIAN_POINT ( 'NONE',  ( 5.125902245539823000E-014, -0.1442586045874400300, 0.7429999994814862100 ) ) ;
#517 = ORIENTED_EDGE ( 'NONE', *, *, #552, .T. ) ;
#516 = CARTESIAN_POINT ( 'NONE',  ( -0.04695994074211722700, -0.1079832531125796800, -0.7060315416004071500 ) ) ;
#518 = CARTESIAN_POINT ( 'NONE',  ( -5.861897479865049300E-017, -0.9899999999999997700, -0.4699999999999999700 ) ) ;
#519 = SURFACE_STYLE_FILL_AREA ( #1372 ) ;
#520 = DIRECTION ( 'NONE',  ( 0.0000000000000000000, -1.000000000000000000, 0.0000000000000000000 ) ) ;
#521 =( NAMED_UNIT ( * ) SI_UNIT ( $, .STERADIAN. ) SOLID_ANGLE_UNIT ( ) );
#522 = CARTESIAN_POINT ( 'NONE',  ( 0.0001290674313403834000, -0.1174999291131623000, -0.7084922359977700000 ) ) ;
#523 = FILL_AREA_STYLE ('',( #1608 ) ) ;
#524 = EDGE_CURVE ( 'NONE', #390, #1587, #1729, .T. ) ;
#525 = CARTESIAN_POINT ( 'NONE',  ( 0.09528460429856153200, -0.06890633931012511700, -0.6988167831839617900 ) ) ;
#526 = COLOUR_RGB ( '',1.000000000000000000, 1.000000000000000000, 1.000000000000000000 ) ;
#527 = AXIS2_PLACEMENT_3D ( 'NONE', #1157, #331, #1411 ) ;
#528 = COLOUR_RGB ( '',1.000000000000000000, 1.000000000000000000, 1.000000000000000000 ) ;
#529 = PRESENTATION_STYLE_ASSIGNMENT (( #1381 ) ) ;
#530 = ORIENTED_EDGE ( 'NONE', *, *, #549, .F. ) ;
#531 = ADVANCED_BREP_SHAPE_REPRESENTATION ( '0657-E0W', ( #136, #1315 ), #1622 ) ;
#532 = LINE ( 'NONE', #1613, #154 ) ;
#533 = CARTESIAN_POINT ( 'NONE',  ( 0.1512958271913305600, -0.03786710499901478600, -0.7274322169869114100 ) ) ;
#534 = CARTESIAN_POINT ( 'NONE',  ( 0.1004999999999998900, -0.5899999999999997500, 0.0000000000000000000 ) ) ;
#535 = CARTESIAN_POINT ( 'NONE',  ( 5.967955003737538900E-017, 0.9999999999999998900, -0.4873205080756886100 ) ) ;
#536 = SURFACE_STYLE_FILL_AREA ( #1385 ) ;
#537 = CARTESIAN_POINT ( 'NONE',  ( 0.0000000000000000000, 0.9999999999999998900, 0.4873205080756886100 ) ) ;
#538 = ORIENTED_EDGE ( 'NONE', *, *, #1646, .T. ) ;
#539 = DIRECTION ( 'NONE',  ( 0.0000000000000000000, 1.000000000000000000, 0.0000000000000000000 ) ) ;
#540 = CARTESIAN_POINT ( 'NONE',  ( 0.07913206645605107300, 0.1285770143739215500, 0.7393893962155421200 ) ) ;
#541 = AXIS2_PLACEMENT_3D ( 'NONE', #1783, #958, #127 ) ;
#542 = CARTESIAN_POINT ( 'NONE',  ( 0.1512848552846972100, 1.067128122525102800E-018, 0.7274351466361026500 ) ) ;
#543 = SURFACE_SIDE_STYLE ('',( #758 ) ) ;
#544 = COLOUR_RGB ( '',0.9019607843137255100, 0.9019607843137255100, 0.9019607843137255100 ) ;
#545 = FILL_AREA_STYLE_COLOUR ( '', #395 ) ;
#546 =( LENGTH_UNIT ( ) NAMED_UNIT ( * ) SI_UNIT ( $, .METRE. ) );
#547 = LENGTH_MEASURE_WITH_UNIT ( LENGTH_MEASURE( 0.02539999999999999900 ), #892 );
#548 = SURFACE_SIDE_STYLE ('',( #1394 ) ) ;
#549 = EDGE_CURVE ( 'NONE', #1601, #1895, #792, .T. ) ;
#550 = DIRECTION ( 'NONE',  ( -0.0000000000000000000, -1.000000000000000000, -0.0000000000000000000 ) ) ;
#551 = ORIENTED_EDGE ( 'NONE', *, *, #1391, .T. ) ;
#552 = EDGE_CURVE ( 'NONE', #1270, #1895, #1136, .T. ) ;
#553 = CARTESIAN_POINT ( 'NONE',  ( -0.1512847657622835600, 0.0001569368183612192500, 0.7274351652540939100 ) ) ;
#554 = ORIENTED_EDGE ( 'NONE', *, *, #596, .T. ) ;
#555 = VERTEX_POINT ( 'NONE', #1024 ) ;
#556 = CARTESIAN_POINT ( 'NONE',  ( 1.230770033143088600E-017, 0.5899999999999997500, -0.1004999999999998900 ) ) ;
#557 = CARTESIAN_POINT ( 'NONE',  ( 0.06146033514401789300, 0.1047271908073582900, 0.7050493399881619900 ) ) ;
#558 = MECHANICAL_DESIGN_GEOMETRIC_PRESENTATION_REPRESENTATION (  '', ( #1259 ), #1113 ) ;
#559 = EDGE_CURVE ( 'NONE', #629, #1656, #589, .T. ) ;
#560 = AXIS2_PLACEMENT_3D ( 'NONE', #926, #1326, #1594 ) ;
#561 = PRESENTATION_LAYER_ASSIGNMENT (  '', '', ( #913 ) ) ;
#562 = LINE ( 'NONE', #1640, #819 ) ;
#563 =( GEOMETRIC_REPRESENTATION_CONTEXT ( 3 ) GLOBAL_UNCERTAINTY_ASSIGNED_CONTEXT ( ( #483 ) ) GLOBAL_UNIT_ASSIGNED_CONTEXT ( ( #1245, #631, #88 ) ) REPRESENTATION_CONTEXT ( 'NONE', 'WORKASPACE' ) );
#564 = PRESENTATION_STYLE_ASSIGNMENT (( #1413 ) ) ;
#565 = ORIENTED_EDGE ( 'NONE', *, *, #1458, .T. ) ;
#566 = VECTOR ( 'NONE', #1100, 39.37007874015748100 ) ;
#567 =( NAMED_UNIT ( * ) PLANE_ANGLE_UNIT ( ) SI_UNIT ( $, .RADIAN. ) );
#568 = CARTESIAN_POINT ( 'NONE',  ( -0.1474367478245390800, -0.03721467257887363400, -0.7282679959247182500 ) ) ;
#569 = ORIENTED_EDGE ( 'NONE', *, *, #1449, .F. ) ;
#570 = FILL_AREA_STYLE ('',( #1418 ) ) ;
#571 = CARTESIAN_POINT ( 'NONE',  ( 0.1376255243046974600, 0.05977546734421505800, -0.7301453147144868500 ) ) ;
#572 =( NAMED_UNIT ( * ) SI_UNIT ( $, .STERADIAN. ) SOLID_ANGLE_UNIT ( ) );
#573 =( LENGTH_UNIT ( ) NAMED_UNIT ( * ) SI_UNIT ( $, .METRE. ) );
#574 = CARTESIAN_POINT ( 'NONE',  ( -0.07626782797362792500, 0.08949954457560893600, 0.7022918423052201300 ) ) ;
#575 = UNCERTAINTY_MEASURE_WITH_UNIT (LENGTH_MEASURE( 1.000000000000000100E-005 ), #1159, 'distance_accuracy_value', 'NONE');
#576 = CARTESIAN_POINT ( 'NONE',  ( -0.1081082339230424500, 0.04666845256962217500, -0.6961361809480929300 ) ) ;
#577 = LINE ( 'NONE', #455, #938 ) ;
#578 = CARTESIAN_POINT ( 'NONE',  ( 1.530808498934189400E-017, -0.9899999999999997700, 0.1249999999999998300 ) ) ;
#579 = ORIENTED_EDGE ( 'NONE', *, *, #7, .T. ) ;
#580 = ORIENTED_EDGE ( 'NONE', *, *, #707, .F. ) ;
#581 = CYLINDRICAL_SURFACE ( 'NONE', #45, 0.1249999999999998300 ) ;
#582 = AXIS2_PLACEMENT_3D ( 'NONE', #1653, #1235, #1076 ) ;
#583 =( CONVERSION_BASED_UNIT ( 'INCH', #974 ) LENGTH_UNIT ( ) NAMED_UNIT ( #233 ) );
#584 =( NAMED_UNIT ( * ) SI_UNIT ( $, .STERADIAN. ) SOLID_ANGLE_UNIT ( ) );
#585 = EDGE_CURVE ( 'NONE', #1633, #158, #654, .T. ) ;
#586 = CARTESIAN_POINT ( 'NONE',  ( -0.1512794470575095600, 0.03811710483692546500, 0.7274380858365326900 ) ) ;
#587 = PRESENTATION_LAYER_ASSIGNMENT (  '', '', ( #949 ) ) ;
#588 = CARTESIAN_POINT ( 'NONE',  ( 0.06146519612682624400, -0.1047666740988533300, -0.7050511673635273500 ) ) ;
#589 = B_SPLINE_CURVE_WITH_KNOTS ( 'NONE', 3,
 ( #1173, #1022, #1530, #312, #759, #1564, #827, #420, #1288, #450, #1447, #13 ),
 .UNSPECIFIED., .F., .F.,
 ( 4, 2, 2, 2, 2, 4 ),
 ( 0.5000000000000000000, 0.5624700760123022600, 0.5937051140184533800, 0.6249401520246045100, 0.6874102280369067700, 0.7498803040492089100 ),
 .UNSPECIFIED. ) ;
#590 =( NAMED_UNIT ( * ) SI_UNIT ( $, .STERADIAN. ) SOLID_ANGLE_UNIT ( ) );
#591 =( LENGTH_UNIT ( ) NAMED_UNIT ( * ) SI_UNIT ( $, .METRE. ) );
#592 = CARTESIAN_POINT ( 'NONE',  ( 0.06146519612682624400, -0.1047666740988533300, -0.7050511673635273500 ) ) ;
#593 = FACE_OUTER_BOUND ( 'NONE', #1720, .T. ) ;
#594 =( NAMED_UNIT ( * ) SI_UNIT ( $, .STERADIAN. ) SOLID_ANGLE_UNIT ( ) );
#595 = EDGE_LOOP ( 'NONE', ( #1322, #458, #1036 ) ) ;
#596 = EDGE_CURVE ( 'NONE', #273, #1399, #329, .T. ) ;
#597 = SURFACE_STYLE_FILL_AREA ( #1442 ) ;
#598 = FACE_OUTER_BOUND ( 'NONE', #1643, .T. ) ;
#599 = MECHANICAL_DESIGN_GEOMETRIC_PRESENTATION_REPRESENTATION (  '', ( #1291 ), #821 ) ;
#600 = CARTESIAN_POINT ( 'NONE',  ( -0.03083058806707717300, 0.1175060472670346500, 0.7084945420254092900 ) ) ;
#601 = DIRECTION ( 'NONE',  ( 0.0000000000000000000, 0.0000000000000000000, 1.000000000000000000 ) ) ;
#602 = EDGE_CURVE ( 'NONE', #1846, #701, #1343, .T. ) ;
#603 = DIRECTION ( 'NONE',  ( 0.0000000000000000000, 0.5000000000000046600, 0.8660254037844359300 ) ) ;
#604 = ORIENTED_EDGE ( 'NONE', *, *, #602, .T. ) ;
#605 = ORIENTED_EDGE ( 'NONE', *, *, #902, .T. ) ;
#606 = CARTESIAN_POINT ( 'NONE',  ( 2.020667218593133200E-017, 0.9899999999999997700, -0.1650000000000000100 ) ) ;
#607 = LENGTH_MEASURE_WITH_UNIT ( LENGTH_MEASURE( 0.02539999999999999900 ), #1217 );
#608 = FILL_AREA_STYLE_COLOUR ( '', #1772 ) ;
#609 = CARTESIAN_POINT ( 'NONE',  ( 0.1512848552846972100, 1.067128122525102800E-018, 0.7274351466361026500 ) ) ;
#610 = VECTOR ( 'NONE', #550, 39.37007874015748100 ) ;
#611 = CARTESIAN_POINT ( 'NONE',  ( -0.1512924583599115600, -0.03793694759100739400, -0.7274339485015731700 ) ) ;
#612 = ADVANCED_FACE ( 'NONE', ( #1730 ), #906, .T. ) ;
#613 = MECHANICAL_DESIGN_GEOMETRIC_PRESENTATION_REPRESENTATION (  '', ( #1325 ), #1180 ) ;
#614 =( GEOMETRIC_REPRESENTATION_CONTEXT ( 3 ) GLOBAL_UNCERTAINTY_ASSIGNED_CONTEXT ( ( #763 ) ) GLOBAL_UNIT_ASSIGNED_CONTEXT ( ( #1175, #964, #1880 ) ) REPRESENTATION_CONTEXT ( 'NONE', 'WORKASPACE' ) );
#615 = ORIENTED_EDGE ( 'NONE', *, *, #1807, .T. ) ;
#616 = CARTESIAN_POINT ( 'NONE',  ( 0.0000000000000000000, 1.000000000000000000, -0.7429999999999999900 ) ) ;
#617 = CARTESIAN_POINT ( 'NONE',  ( -0.1512924583599115600, -0.03793694759100739400, -0.7274339485015731700 ) ) ;
#618 = LINE ( 'NONE', #414, #928 ) ;
#619 = CARTESIAN_POINT ( 'NONE',  ( -0.1348790751393279000, -0.07540051328891549100, 0.7311215137270473700 ) ) ;
#620 = SURFACE_STYLE_FILL_AREA ( #1236 ) ;
#621 =( LENGTH_UNIT ( ) NAMED_UNIT ( * ) SI_UNIT ( $, .METRE. ) );
#622 = FILL_AREA_STYLE_COLOUR ( '', #675 ) ;
#623 = CARTESIAN_POINT ( 'NONE',  ( 0.0000000000000000000, -0.5899999999999997500, -0.1004999999999998900 ) ) ;
#624 = SURFACE_STYLE_FILL_AREA ( #211 ) ;
#625 = COLOUR_RGB ( '',0.9019607843137255100, 0.9019607843137255100, 0.9019607843137255100 ) ;
#626 = ORIENTED_EDGE ( 'NONE', *, *, #1006, .T. ) ;
#627 = MECHANICAL_DESIGN_GEOMETRIC_PRESENTATION_REPRESENTATION (  '', ( #1344 ), #1202 ) ;
#628 = PRODUCT_DEFINITION_CONTEXT ( 'detailed design', #1096, 'design' ) ;
#629 = VERTEX_POINT ( 'NONE', #831 ) ;
#630 = CARTESIAN_POINT ( 'NONE',  ( 0.1435041091172283300, 0.04633428851412432800, 0.7290206553621958500 ) ) ;
#632 = EDGE_LOOP ( 'NONE', ( #112, #569, #604, #718 ) ) ;
#631 =( NAMED_UNIT ( * ) PLANE_ANGLE_UNIT ( ) SI_UNIT ( $, .RADIAN. ) );
#633 = LINE ( 'NONE', #1722, #1456 ) ;
#634 = SURFACE_STYLE_FILL_AREA ( #1485 ) ;
#635 = COLOUR_RGB ( '',1.000000000000000000, 1.000000000000000000, 1.000000000000000000 ) ;
#636 = CARTESIAN_POINT ( 'NONE',  ( -0.1047579494839609900, -0.06141443022521563000, 0.6971654496539997400 ) ) ;
#637 = CARTESIAN_POINT ( 'NONE',  ( 0.1512738201829745300, 0.03805357787703636500, -0.7274380894279897100 ) ) ;
#638 = CIRCLE ( 'NONE', #29, 0.1004999999999998900 ) ;
#639 = CARTESIAN_POINT ( 'NONE',  ( 0.0000000000000000000, -1.000000000000000000, -0.7429999999999999900 ) ) ;
#640 = AXIS2_PLACEMENT_3D ( 'NONE', #467, #1550, #715 ) ;
#641 = VERTEX_POINT ( 'NONE', #17 ) ;
#642 =( LENGTH_UNIT ( ) NAMED_UNIT ( * ) SI_UNIT ( $, .METRE. ) );
#643 = CARTESIAN_POINT ( 'NONE',  ( -0.07670233040337218200, 0.1256801682442306200, -0.7392699440352049600 ) ) ;
#644 = ORIENTED_EDGE ( 'NONE', *, *, #876, .F. ) ;
#645 =( CONVERSION_BASED_UNIT ( 'INCH', #1497 ) LENGTH_UNIT ( ) NAMED_UNIT ( #140 ) );
#646 = FACE_BOUND ( 'NONE', #445, .T. ) ;
#647 = CARTESIAN_POINT ( 'NONE',  ( 0.1318343794843400100, -0.07304897742431860900, -0.7312530441341150700 ) ) ;
#648 = ORIENTED_EDGE ( 'NONE', *, *, #1352, .F. ) ;
#649 =( CONVERSION_BASED_UNIT ( 'INCH', #1500 ) LENGTH_UNIT ( ) NAMED_UNIT ( #1855 ) );
#650 = LENGTH_MEASURE_WITH_UNIT ( LENGTH_MEASURE( 0.02539999999999999900 ), #1265 );
#651 = FILL_AREA_STYLE ('',( #1502 ) ) ;
#652 = CARTESIAN_POINT ( 'NONE',  ( 0.1158452920702465600, 0.02495071174428930800, 0.6942689001558697300 ) ) ;
#653 = CARTESIAN_POINT ( 'NONE',  ( 0.0000000000000000000, 0.5899999999999997500, 0.0000000000000000000 ) ) ;
#654 = LINE ( 'NONE', #1078, #338 ) ;
#655 = UNCERTAINTY_MEASURE_WITH_UNIT (LENGTH_MEASURE( 1.000000000000000100E-005 ), #583, 'distance_accuracy_value', 'NONE');
#656 = CARTESIAN_POINT ( 'NONE',  ( 0.0000000000000000000, -0.5899999999999997500, 0.0000000000000000000 ) ) ;
#657 = MECHANICAL_DESIGN_GEOMETRIC_PRESENTATION_REPRESENTATION (  '', ( #1166 ), #1758 ) ;
#658 =( CONVERSION_BASED_UNIT ( 'INCH', #799 ) LENGTH_UNIT ( ) NAMED_UNIT ( #204 ) );
#659 = FILL_AREA_STYLE_COLOUR ( '', #625 ) ;
#660 = MECHANICAL_DESIGN_GEOMETRIC_PRESENTATION_REPRESENTATION (  '', ( #1374 ), #1229 ) ;
#661 = LENGTH_MEASURE_WITH_UNIT ( LENGTH_MEASURE( 0.02539999999999999900 ), #546 );
#662 = DIRECTION ( 'NONE',  ( -0.0000000000000000000, 1.000000000000000000, -0.0000000000000000000 ) ) ;
#663 = CARTESIAN_POINT ( 'NONE',  ( -0.09518110784591579700, -0.06904978430867111900, 0.6988371203686907200 ) ) ;
#664 = UNCERTAINTY_MEASURE_WITH_UNIT (LENGTH_MEASURE( 1.000000000000000100E-005 ), #1306, 'distance_accuracy_value', 'NONE');
#665 = DIRECTION ( 'NONE',  ( 0.0000000000000000000, 0.0000000000000000000, -1.000000000000000000 ) ) ;
#666 = EDGE_LOOP ( 'NONE', ( #73, #1397, #1583, #644 ) ) ;
#667 = CARTESIAN_POINT ( 'NONE',  ( 0.0000000000000000000, 0.9899999999999997700, 0.0000000000000000000 ) ) ;
#668 = LENGTH_MEASURE_WITH_UNIT ( LENGTH_MEASURE( 0.02539999999999999900 ), #1273 );
#669 = CARTESIAN_POINT ( 'NONE',  ( 0.0000000000000000000, -0.9899999999999997700, 2.407746065943349800E-019 ) ) ;
#670 = CARTESIAN_POINT ( 'NONE',  ( 0.1348812934789860600, -0.07539529140933028100, 0.7311243286813483600 ) ) ;
#671 = DIRECTION ( 'NONE',  ( 0.0000000000000000000, 0.0000000000000000000, -1.000000000000000000 ) ) ;
#672 = FILL_AREA_STYLE ('',( #780 ) ) ;
#673 = CARTESIAN_POINT ( 'NONE',  ( 0.0001290674313403834000, -0.1174999291131623000, -0.7084922359977700000 ) ) ;
#674 = CIRCLE ( 'NONE', #351, 0.1004999999999998900 ) ;
#675 = COLOUR_RGB ( '',0.9019607843137255100, 0.9019607843137255100, 0.9019607843137255100 ) ;
#676 = FILL_AREA_STYLE ('',( #1521 ) ) ;
#677 = EDGE_CURVE ( 'NONE', #935, #19, #155, .T. ) ;
#678 = ORIENTED_EDGE ( 'NONE', *, *, #602, .F. ) ;
#679 = CARTESIAN_POINT ( 'NONE',  ( -0.1048468441704366600, 0.06131790083150136900, -0.6971520823343262400 ) ) ;
#680 = LENGTH_MEASURE_WITH_UNIT ( LENGTH_MEASURE( 0.02539999999999999900 ), #1282 );
#681 = CARTESIAN_POINT ( 'NONE',  ( 0.07964853520412648600, 0.08652015713324645600, -0.7017355961573549200 ) ) ;
#682 = DIRECTION ( 'NONE',  ( 0.0000000000000000000, 0.0000000000000000000, -1.000000000000000000 ) ) ;
#683 = CARTESIAN_POINT ( 'NONE',  ( -0.03089795220365072400, -0.1175022493363852700, 0.7084926560478471700 ) ) ;
#684 = ADVANCED_FACE ( 'NONE', ( #891 ), #910, .F. ) ;
#685 = CARTESIAN_POINT ( 'NONE',  ( -0.02528618701648492300, 0.1157757364362719700, 0.7078747378531988800 ) ) ;
#686 =( CONVERSION_BASED_UNIT ( 'INCH', #547 ) LENGTH_UNIT ( ) NAMED_UNIT ( #802 ) );
#687 = COLOUR_RGB ( '',1.000000000000000000, 1.000000000000000000, 1.000000000000000000 ) ;
#688 = LENGTH_MEASURE_WITH_UNIT ( LENGTH_MEASURE( 0.02539999999999999900 ), #1565 );
#689 = ADVANCED_FACE ( 'NONE', ( #399 ), #1859, .F. ) ;
#690 =( LENGTH_UNIT ( ) NAMED_UNIT ( * ) SI_UNIT ( $, .METRE. ) );
#691 = SURFACE_SIDE_STYLE ('',( #371 ) ) ;
#692 =( CONVERSION_BASED_UNIT ( 'INCH', #1535 ) LENGTH_UNIT ( ) NAMED_UNIT ( #372 ) );
#693 = SURFACE_STYLE_USAGE ( .BOTH. , #1597 ) ;
#694 = CARTESIAN_POINT ( 'NONE',  ( -1.372551047946338700E-016, 0.4296135077877300000, 0.0000000000000000000 ) ) ;
#695 = SURFACE_STYLE_FILL_AREA ( #1536 ) ;
#696 = CARTESIAN_POINT ( 'NONE',  ( 0.1055174876068389600, -0.05393455055673469100, 0.6967620808838442800 ) ) ;
#697 = CARTESIAN_POINT ( 'NONE',  ( -0.09783834607196598100, 0.06521279915167488300, -0.6983101343608364400 ) ) ;
#698 = SURFACE_STYLE_USAGE ( .BOTH. , #1748 ) ;
#699 = STYLED_ITEM ( 'NONE', ( #1336 ), #1066 ) ;
#700 =( NAMED_UNIT ( * ) SI_UNIT ( $, .STERADIAN. ) SOLID_ANGLE_UNIT ( ) );
#701 = VERTEX_POINT ( 'NONE', #623 ) ;
#702 = LENGTH_MEASURE_WITH_UNIT ( LENGTH_MEASURE( 0.02539999999999999900 ), #1760 );
#704 = ORIENTED_EDGE ( 'NONE', *, *, #1896, .T. ) ;
#703 = CARTESIAN_POINT ( 'NONE',  ( 0.0000000000000000000, 0.5899999999999997500, 0.0000000000000000000 ) ) ;
#705 = CARTESIAN_POINT ( 'NONE',  ( 0.1201656475973127400, -0.08811733014390697700, 0.7332391639255339000 ) ) ;
#706 = AXIS2_PLACEMENT_3D ( 'NONE', #1636, #810, #1898 ) ;
#707 = EDGE_CURVE ( 'NONE', #641, #1633, #1505, .T. ) ;
#708 =( NAMED_UNIT ( * ) PLANE_ANGLE_UNIT ( ) SI_UNIT ( $, .RADIAN. ) );
#709 = SURFACE_STYLE_USAGE ( .BOTH. , #1546 ) ;
#710 =( NAMED_UNIT ( * ) SI_UNIT ( $, .STERADIAN. ) SOLID_ANGLE_UNIT ( ) );
#711 = DIRECTION ( 'NONE',  ( -0.0000000000000000000, -0.0000000000000000000, 1.000000000000000000 ) ) ;
#712 = STYLED_ITEM ( 'NONE', ( #133 ), #277 ) ;
#713 = LINE ( 'NONE', #1803, #733 ) ;
#714 = DIRECTION ( 'NONE',  ( -0.0000000000000000000, 1.000000000000000000, -0.0000000000000000000 ) ) ;
#715 = DIRECTION ( 'NONE',  ( 0.0000000000000000000, 0.0000000000000000000, 1.000000000000000000 ) ) ;
#716 = CARTESIAN_POINT ( 'NONE',  ( 0.0000000000000000000, 0.4899999999999998200, 0.1004999999999998900 ) ) ;
#717 = DIRECTION ( 'NONE',  ( -0.0000000000000000000, -1.000000000000000000, -0.0000000000000000000 ) ) ;
#718 = ORIENTED_EDGE ( 'NONE', *, *, #1879, .T. ) ;
#719 = DIRECTION ( 'NONE',  ( 0.0000000000000000000, 0.0000000000000000000, 1.000000000000000000 ) ) ;
#720 = ORIENTED_EDGE ( 'NONE', *, *, #156, .T. ) ;
#721 = CARTESIAN_POINT ( 'NONE',  ( -0.02456356900054929000, -0.1423763332015499900, -0.7426096151350630700 ) ) ;
#722 = CARTESIAN_POINT ( 'NONE',  ( 0.0000000000000000000, 0.9999999999999998900, 2.407746065943349800E-019 ) ) ;
#723 = CARTESIAN_POINT ( 'NONE',  ( 0.0000000000000000000, -0.9999999999999998900, 2.407746065943349800E-019 ) ) ;
#724 = EDGE_CURVE ( 'NONE', #1396, #1279, #1112, .T. ) ;
#725 = CARTESIAN_POINT ( 'NONE',  ( 0.01985101558959732200, 0.1442734150000900300, -0.7429999999999999900 ) ) ;
#726 = EDGE_LOOP ( 'NONE', ( #615, #1017, #1201, #460, #385 ) ) ;
#727 = CYLINDRICAL_SURFACE ( 'NONE', #1756, 0.1249999999999998300 ) ;
#728 = CARTESIAN_POINT ( 'NONE',  ( 0.1512848552846972100, 2.134256245050205600E-018, 0.7274351466361026500 ) ) ;
#729 = VECTOR ( 'NONE', #339, 39.37007874015748100 ) ;
#730 = CIRCLE ( 'NONE', #393, 0.7429999999999999900 ) ;
#731 = CIRCLE ( 'NONE', #1767, 0.1249999999999999000 ) ;
#732 = FILL_AREA_STYLE_COLOUR ( '', #1220 ) ;
#733 = VECTOR ( 'NONE', #977, 39.37007874015748100 ) ;
#734 = EDGE_CURVE ( 'NONE', #111, #1861, #1476, .T. ) ;
#735 = CARTESIAN_POINT ( 'NONE',  ( -0.1158308685739230000, -0.02503946234179061200, 0.6942785943652072200 ) ) ;
#736 = EDGE_LOOP ( 'NONE', ( #879, #1499, #1483, #678 ) ) ;
#738 = ORIENTED_EDGE ( 'NONE', *, *, #1139, .F. ) ;
#737 =( LENGTH_UNIT ( ) NAMED_UNIT ( * ) SI_UNIT ( $, .METRE. ) );
#739 = MECHANICAL_DESIGN_GEOMETRIC_PRESENTATION_REPRESENTATION (  '', ( #1436 ), #1286 ) ;
#740 = DIRECTION ( 'NONE',  ( -0.0000000000000000000, -1.000000000000000000, -0.0000000000000000000 ) ) ;
#741 = CARTESIAN_POINT ( 'NONE',  ( 0.1174999999999999900, 2.134256245050205600E-018, 0.6936502913514045500 ) ) ;
#742 = MECHANICAL_DESIGN_GEOMETRIC_PRESENTATION_REPRESENTATION (  '', ( #1437 ), #1290 ) ;
#743 = LENGTH_MEASURE_WITH_UNIT ( LENGTH_MEASURE( 0.02539999999999999900 ), #353 );
#744 = COLOUR_RGB ( '',1.000000000000000000, 1.000000000000000000, 1.000000000000000000 ) ;
#745 =( NAMED_UNIT ( * ) PLANE_ANGLE_UNIT ( ) SI_UNIT ( $, .RADIAN. ) );
#746 = ADVANCED_FACE ( 'NONE', ( #944 ), #1359, .F. ) ;
#747 = SURFACE_STYLE_FILL_AREA ( #1578 ) ;
#748 = DIRECTION ( 'NONE',  ( 0.0000000000000000000, 0.0000000000000000000, 1.000000000000000000 ) ) ;
#749 = ORIENTED_EDGE ( 'NONE', *, *, #1176, .T. ) ;
#750 = FILL_AREA_STYLE ('',( #1581 ) ) ;
#751 = PRESENTATION_STYLE_ASSIGNMENT (( #1585 ) ) ;
#752 = CARTESIAN_POINT ( 'NONE',  ( 0.03429570341572144700, -0.1410366537468260300, -0.7423186118389012400 ) ) ;
#753 = LENGTH_MEASURE_WITH_UNIT ( LENGTH_MEASURE( 0.02539999999999999900 ), #1353 );
#754 = PRESENTATION_STYLE_ASSIGNMENT (( #1588 ) ) ;
#755 = SURFACE_STYLE_USAGE ( .BOTH. , #1590 ) ;
#756 = B_SPLINE_CURVE_WITH_KNOTS ( 'NONE', 3,
 ( #1060, #239, #1303, #461, #1544, #705, #1797, #973, #146, #1215, #378, #1457 ),
 .UNSPECIFIED., .F., .F.,
 ( 4, 2, 2, 2, 2, 4 ),
 ( 0.0000000000000000000, 0.06249384408509256500, 0.09374076612763883300, 0.1249876881701850700, 0.1874815322552775600, 0.2499753763403700400 ),
 .UNSPECIFIED. ) ;
#757 = FACE_OUTER_BOUND ( 'NONE', #736, .T. ) ;
#758 = SURFACE_STYLE_FILL_AREA ( #1172 ) ;
#759 = CARTESIAN_POINT ( 'NONE',  ( -0.1310764176018932600, 0.07255517957806365000, 0.7313674979142262800 ) ) ;
#760 = SURFACE_STYLE_FILL_AREA ( #1205 ) ;
#761 = ADVANCED_FACE ( 'NONE', ( #252, #992 ), #908, .F. ) ;
#762 = CARTESIAN_POINT ( 'NONE',  ( 0.1464497035411537200, 0.03718509401544718700, 0.7284266654834565800 ) ) ;
#763 = UNCERTAINTY_MEASURE_WITH_UNIT (LENGTH_MEASURE( 1.000000000000000100E-005 ), #1175, 'distance_accuracy_value', 'NONE');
#764 =( GEOMETRIC_REPRESENTATION_CONTEXT ( 3 ) GLOBAL_UNCERTAINTY_ASSIGNED_CONTEXT ( ( #1040 ) ) GLOBAL_UNIT_ASSIGNED_CONTEXT ( ( #408, #1728, #1153 ) ) REPRESENTATION_CONTEXT ( 'NONE', 'WORKASPACE' ) );
#765 =( CONVERSION_BASED_UNIT ( 'INCH', #1856 ) LENGTH_UNIT ( ) NAMED_UNIT ( #190 ) );
#766 = COLOUR_RGB ( '',0.9019607843137255100, 0.9019607843137255100, 0.9019607843137255100 ) ;
#767 = DIRECTION ( 'NONE',  ( 0.0000000000000000000, 1.000000000000000000, 0.0000000000000000000 ) ) ;
#768 = AXIS2_PLACEMENT_3D ( 'NONE', #1304, #462, #1545 ) ;
#769 = AXIS2_PLACEMENT_3D ( 'NONE', #919, #100, #1161 ) ;
#770 = CYLINDRICAL_SURFACE ( 'NONE', #431, 0.1004999999999998900 ) ;
#771 = LINE ( 'NONE', #830, #1079 ) ;
#772 = CARTESIAN_POINT ( 'NONE',  ( -0.1318137617357372800, -0.07307459903261981400, 0.7312569673201305700 ) ) ;
#773 = ORIENTED_EDGE ( 'NONE', *, *, #585, .F. ) ;
#775 = VERTEX_POINT ( 'NONE', #639 ) ;
#774 = CARTESIAN_POINT ( 'NONE',  ( -0.06910089971168419100, -0.09542498256963823100, -0.7034142276654924400 ) ) ;
#777 = AXIS2_PLACEMENT_3D ( 'NONE', #1889, #767, #1506 ) ;
#776 = CARTESIAN_POINT ( 'NONE',  ( -5.967955003737538900E-017, -0.9999999999999998900, -0.4873205080756886100 ) ) ;
#778 = SURFACE_STYLE_USAGE ( .BOTH. , #1605 ) ;
#779 = PRESENTATION_STYLE_ASSIGNMENT (( #813 ) ) ;
#780 = FILL_AREA_STYLE_COLOUR ( '', #744 ) ;
#781 = CARTESIAN_POINT ( 'NONE',  ( 0.08648188521371105700, -0.07968675841781219800, -0.7004923996023576500 ) ) ;
#782 = DIMENSIONAL_EXPONENTS ( 1.000000000000000000, 0.0000000000000000000, 0.0000000000000000000, 0.0000000000000000000, 0.0000000000000000000, 0.0000000000000000000, 0.0000000000000000000 ) ;
#783 = CARTESIAN_POINT ( 'NONE',  ( -0.1048468441704366600, 0.06131790083150136900, -0.6971520823343262400 ) ) ;
#784 = DIRECTION ( 'NONE',  ( 0.0000000000000000000, -0.5000000000000046600, 0.8660254037844359300 ) ) ;
#785 = CARTESIAN_POINT ( 'NONE',  ( 0.1348368799999779500, 0.07545014513382532200, -0.7311282857042616900 ) ) ;
#786 = DIRECTION ( 'NONE',  ( 0.0000000000000000000, -0.0000000000000000000, 1.000000000000000000 ) ) ;
#787 = AXIS2_PLACEMENT_3D ( 'NONE', #1330, #425, #833 ) ;
#788 = SURFACE_STYLE_USAGE ( .BOTH. , #1616 ) ;
#789 = DIMENSIONAL_EXPONENTS ( 1.000000000000000000, 0.0000000000000000000, 0.0000000000000000000, 0.0000000000000000000, 0.0000000000000000000, 0.0000000000000000000, 0.0000000000000000000 ) ;
#790 = CARTESIAN_POINT ( 'NONE',  ( 0.01164361039387677700, 0.1174999999999999700, -0.7084930969030491800 ) ) ;
#791 = VERTEX_POINT ( 'NONE', #909 ) ;
#792 = CIRCLE ( 'NONE', #582, 0.1249999999999998300 ) ;
#793 = CARTESIAN_POINT ( 'NONE',  ( 0.1513159748219380100, 0.03794806855193186300, 0.7274298756657876500 ) ) ;
#794 = STYLED_ITEM ( 'NONE', ( #232 ), #684 ) ;
#795 =( NAMED_UNIT ( * ) SI_UNIT ( $, .STERADIAN. ) SOLID_ANGLE_UNIT ( ) );
#796 =( GEOMETRIC_REPRESENTATION_CONTEXT ( 3 ) GLOBAL_UNCERTAINTY_ASSIGNED_CONTEXT ( ( #912 ) ) GLOBAL_UNIT_ASSIGNED_CONTEXT ( ( #442, #1774, #1195 ) ) REPRESENTATION_CONTEXT ( 'NONE', 'WORKASPACE' ) );
#797 = CARTESIAN_POINT ( 'NONE',  ( 0.09783145257143754900, 0.06522318427135323500, 0.6983089157320326900 ) ) ;
#798 = SURFACE_STYLE_FILL_AREA ( #1392 ) ;
#799 = LENGTH_MEASURE_WITH_UNIT ( LENGTH_MEASURE( 0.02539999999999999900 ), #18 );
#800 = PRESENTATION_STYLE_ASSIGNMENT (( #1626 ) ) ;
#801 = SURFACE_STYLE_USAGE ( .BOTH. , #1892 ) ;
#802 = DIMENSIONAL_EXPONENTS ( 1.000000000000000000, 0.0000000000000000000, 0.0000000000000000000, 0.0000000000000000000, 0.0000000000000000000, 0.0000000000000000000, 0.0000000000000000000 ) ;
#803 = CARTESIAN_POINT ( 'NONE',  ( 0.07619682102280485300, -0.08955969320948807500, 0.7023026769421326600 ) ) ;
#804 = DIRECTION ( 'NONE',  ( 0.0000000000000000000, 0.0000000000000000000, 1.000000000000000000 ) ) ;
#805 = CIRCLE ( 'NONE', #453, 0.1650000000000000100 ) ;
#806 = ORIENTED_EDGE ( 'NONE', *, *, #1712, .T. ) ;
#807 = ORIENTED_EDGE ( 'NONE', *, *, #867, .T. ) ;
#808 =( LENGTH_UNIT ( ) NAMED_UNIT ( * ) SI_UNIT ( $, .METRE. ) );
#809 = CARTESIAN_POINT ( 'NONE',  ( 0.03917988514742508400, 0.1405575710315428200, 0.7422054704911673600 ) ) ;
#810 = DIRECTION ( 'NONE',  ( 0.0000000000000000000, -1.000000000000000000, 0.0000000000000000000 ) ) ;
#811 = LENGTH_MEASURE_WITH_UNIT ( LENGTH_MEASURE( 0.02539999999999999900 ), #1404 );
#812 = CARTESIAN_POINT ( 'NONE',  ( 0.1175241699560186500, 0.03090908250760066000, 0.6936452651813273000 ) ) ;
#813 = SURFACE_STYLE_USAGE ( .BOTH. , #1345 ) ;
#814 = UNCERTAINTY_MEASURE_WITH_UNIT (LENGTH_MEASURE( 1.000000000000000100E-005 ), #1452, 'distance_accuracy_value', 'NONE');
#815 = DIRECTION ( 'NONE',  ( -0.0000000000000000000, -1.000000000000000000, -0.0000000000000000000 ) ) ;
#816 = EDGE_CURVE ( 'NONE', #1396, #1656, #562, .T. ) ;
#817 =( NAMED_UNIT ( * ) SI_UNIT ( $, .STERADIAN. ) SOLID_ANGLE_UNIT ( ) );
#818 = CARTESIAN_POINT ( 'NONE',  ( 1.230770033143088600E-017, 0.4899999999999998200, -0.1004999999999998900 ) ) ;
#819 = VECTOR ( 'NONE', #815, 39.37007874015748100 ) ;
#820 = CARTESIAN_POINT ( 'NONE',  ( -0.1311444873688977200, -0.07239702138422732200, -0.7313552006422906500 ) ) ;
#821 =( GEOMETRIC_REPRESENTATION_CONTEXT ( 3 ) GLOBAL_UNCERTAINTY_ASSIGNED_CONTEXT ( ( #1481 ) ) GLOBAL_UNIT_ASSIGNED_CONTEXT ( ( #987, #391, #1708 ) ) REPRESENTATION_CONTEXT ( 'NONE', 'WORKASPACE' ) );
#822 = SURFACE_SIDE_STYLE ('',( #1644 ) ) ;
#823 = CARTESIAN_POINT ( 'NONE',  ( 0.1308548229558751700, 0.07239034583808690000, -0.7313901933188287100 ) ) ;
#824 = EDGE_LOOP ( 'NONE', ( #1468, #554, #1068 ) ) ;
#825 = AXIS2_PLACEMENT_3D ( 'NONE', #1243, #148, #665 ) ;
#826 = CIRCLE ( 'NONE', #478, 0.1004999999999998900 ) ;
#827 = CARTESIAN_POINT ( 'NONE',  ( -0.1139743622895242600, 0.09534677158527606100, 0.7342405444417975400 ) ) ;
#828 = CONICAL_SURFACE ( 'NONE', #480, 0.4873205080756886100, 1.047197551196592300 ) ;
#829 = DIMENSIONAL_EXPONENTS ( 1.000000000000000000, 0.0000000000000000000, 0.0000000000000000000, 0.0000000000000000000, 0.0000000000000000000, 0.0000000000000000000, 0.0000000000000000000 ) ;
#830 = CARTESIAN_POINT ( 'NONE',  ( 0.0000000000000000000, 0.9899999999999997700, 0.1004999999999998900 ) ) ;
#831 = CARTESIAN_POINT ( 'NONE',  ( -0.1512847657622835600, 0.0001569368183612192500, 0.7274351652540939100 ) ) ;
#832 = B_SPLINE_CURVE_WITH_KNOTS ( 'NONE', 1,
 ( #1292, #452 ),
 .UNSPECIFIED., .F., .F.,
 ( 2, 2 ),
 ( 0.0000000000000000000, 1.000000000000000000 ),
 .UNSPECIFIED. ) ;
#833 = DIRECTION ( 'NONE',  ( 0.0000000000000000000, 0.0000000000000000000, 1.000000000000000000 ) ) ;
#834 = AXIS2_PLACEMENT_3D ( 'NONE', #46, #279, #1233 ) ;
#835 = CARTESIAN_POINT ( 'NONE',  ( -0.1045721271933846700, -0.05428081103811012400, 0.6969287825725611900 ) ) ;
#836 = MECHANICAL_DESIGN_GEOMETRIC_PRESENTATION_REPRESENTATION (  '', ( #301 ), #432 ) ;
#837 = EDGE_LOOP ( 'NONE', ( #997, #883, #213, #1835 ) ) ;
#838 = UNCERTAINTY_MEASURE_WITH_UNIT (LENGTH_MEASURE( 1.000000000000000100E-005 ), #1692, 'distance_accuracy_value', 'NONE');
#839 = PRESENTATION_STYLE_ASSIGNMENT (( #1335 ) ) ;
#841 = ORIENTED_EDGE ( 'NONE', *, *, #7, .F. ) ;
#840 = FILL_AREA_STYLE ('',( #1659 ) ) ;
#842 = DIRECTION ( 'NONE',  ( -0.0000000000000000000, -1.000000000000000000, -0.0000000000000000000 ) ) ;
#843 = MECHANICAL_DESIGN_GEOMETRIC_PRESENTATION_REPRESENTATION (  '', ( #489 ), #929 ) ;
#844 = FILL_AREA_STYLE_COLOUR ( '', #166 ) ;
#845 = CARTESIAN_POINT ( 'NONE',  ( -0.07892646364749039700, 0.1286743092692644600, 0.7394097215808450600 ) ) ;
#846 = FILL_AREA_STYLE_COLOUR ( '', #1262 ) ;
#847 = SURFACE_STYLE_FILL_AREA ( #672 ) ;
#848 = EDGE_CURVE ( 'NONE', #443, #935, #1553, .T. ) ;
#849 = DIMENSIONAL_EXPONENTS ( 1.000000000000000000, 0.0000000000000000000, 0.0000000000000000000, 0.0000000000000000000, 0.0000000000000000000, 0.0000000000000000000, 0.0000000000000000000 ) ;
#850 = ORIENTED_EDGE ( 'NONE', *, *, #1149, .T. ) ;
#851 = FACE_BOUND ( 'NONE', #1440, .T. ) ;
#852 = CARTESIAN_POINT ( 'NONE',  ( 0.1175085216727550400, -0.03084313826035001800, -0.6936474977640991700 ) ) ;
#853 = PRESENTATION_LAYER_ASSIGNMENT (  '', '', ( #1257 ) ) ;
#854 = LINE ( 'NONE', #36, #566 ) ;
#855 = EDGE_LOOP ( 'NONE', ( #626, #377 ) ) ;
#856 = EDGE_CURVE ( 'NONE', #158, #290, #972, .T. ) ;
#857 = ORIENTED_EDGE ( 'NONE', *, *, #1584, .T. ) ;
#858 = MECHANICAL_DESIGN_GEOMETRIC_PRESENTATION_REPRESENTATION (  '', ( #1531 ), #1405 ) ;
#859 = SURFACE_STYLE_USAGE ( .BOTH. , #1670 ) ;
#860 = ADVANCED_FACE ( 'NONE', ( #1045 ), #218, .F. ) ;
#861 = CARTESIAN_POINT ( 'NONE',  ( 0.06146033514401789300, 0.1047271908073582900, 0.7050493399881619900 ) ) ;
#862 =( NAMED_UNIT ( * ) SI_UNIT ( $, .STERADIAN. ) SOLID_ANGLE_UNIT ( ) );
#863 = DIRECTION ( 'NONE',  ( 0.0000000000000000000, 0.0000000000000000000, 1.000000000000000000 ) ) ;
#864 =( GEOMETRIC_REPRESENTATION_CONTEXT ( 3 ) GLOBAL_UNCERTAINTY_ASSIGNED_CONTEXT ( ( #1522 ) ) GLOBAL_UNIT_ASSIGNED_CONTEXT ( ( #1019, #1676, #427 ) ) REPRESENTATION_CONTEXT ( 'NONE', 'WORKASPACE' ) );
#865 = PRESENTATION_LAYER_ASSIGNMENT (  '', '', ( #355 ) ) ;
#866 = PRESENTATION_STYLE_ASSIGNMENT (( #134 ) ) ;
#867 = EDGE_CURVE ( 'NONE', #19, #935, #1755, .T. ) ;
#868 = CARTESIAN_POINT ( 'NONE',  ( 0.1512848552846972100, 1.067128122525102800E-018, 0.7274351466361026500 ) ) ;
#869 = ORIENTED_EDGE ( 'NONE', *, *, #1577, .T. ) ;
#870 = EDGE_CURVE ( 'NONE', #1279, #143, #1466, .T. ) ;
#871 = ORIENTED_EDGE ( 'NONE', *, *, #1717, .T. ) ;
#872 = CARTESIAN_POINT ( 'NONE',  ( -4.944986541478254800E-013, 0.1442585428222945300, 0.7429999941482905400 ) ) ;
#873 = CARTESIAN_POINT ( 'NONE',  ( 0.0000000000000000000, -0.9499999999999997300, -0.1249999999999998300 ) ) ;
#874 = SURFACE_STYLE_FILL_AREA ( #1690 ) ;
#875 = CARTESIAN_POINT ( 'NONE',  ( 0.1174999999969891500, -0.01144431442152773500, -0.6936512857147939500 ) ) ;
#876 = EDGE_CURVE ( 'NONE', #1484, #491, #532, .T. ) ;
#877 = FILL_AREA_STYLE_COLOUR ( '', #1280 ) ;
#878 = CARTESIAN_POINT ( 'NONE',  ( -0.07907746628213983800, -0.1286054866522096400, -0.7393949265155542700 ) ) ;
#879 = ORIENTED_EDGE ( 'NONE', *, *, #210, .F. ) ;
#880 =( GEOMETRIC_REPRESENTATION_CONTEXT ( 3 ) GLOBAL_UNCERTAINTY_ASSIGNED_CONTEXT ( ( #814 ) ) GLOBAL_UNIT_ASSIGNED_CONTEXT ( ( #1452, #457, #700 ) ) REPRESENTATION_CONTEXT ( 'NONE', 'WORKASPACE' ) );
#881 = CARTESIAN_POINT ( 'NONE',  ( 0.0000000000000000000, 0.4899999999999998200, 0.1004999999999998900 ) ) ;
#882 = CARTESIAN_POINT ( 'NONE',  ( 1.230770033143088600E-017, -0.4899999999999998200, 0.1004999999999998900 ) ) ;
#883 = ORIENTED_EDGE ( 'NONE', *, *, #1762, .F. ) ;
#884 = ORIENTED_EDGE ( 'NONE', *, *, #138, .F. ) ;
#885 = CARTESIAN_POINT ( 'NONE',  ( -0.1512794470575095600, 0.03811710483692546500, 0.7274380858365326900 ) ) ;
#886 = CARTESIAN_POINT ( 'NONE',  ( 0.0000000000000000000, -0.9899999999999997700, -0.1650000000000000100 ) ) ;
#887 = DIRECTION ( 'NONE',  ( -0.0000000000000000000, 1.000000000000000000, -0.0000000000000000000 ) ) ;
#888 = DIRECTION ( 'NONE',  ( 0.0000000000000000000, 0.0000000000000000000, 1.000000000000000000 ) ) ;
#889 = CIRCLE ( 'NONE', #541, 0.4699999999999999700 ) ;
#890 = MECHANICAL_DESIGN_GEOMETRIC_PRESENTATION_REPRESENTATION (  '', ( #1569 ), #1438 ) ;
#891 = FACE_OUTER_BOUND ( 'NONE', #226, .T. ) ;
#892 =( LENGTH_UNIT ( ) NAMED_UNIT ( * ) SI_UNIT ( $, .METRE. ) );
#893 = CARTESIAN_POINT ( 'NONE',  ( -0.05409829019276497800, -0.1054300411677629200, 0.7054292006512052900 ) ) ;
#894 = CARTESIAN_POINT ( 'NONE',  ( -0.01158645561578769200, -0.1175045992507061800, 0.7084941726735800600 ) ) ;
#895 = CARTESIAN_POINT ( 'NONE',  ( -0.08964436224143648700, 0.07609951706083369100, -0.6999016695441142600 ) ) ;
#896 = ORIENTED_EDGE ( 'NONE', *, *, #1445, .T. ) ;
#897 = CARTESIAN_POINT ( 'NONE',  ( 0.0000000000000000000, 0.5899999999999997500, 0.0000000000000000000 ) ) ;
#898 = CARTESIAN_POINT ( 'NONE',  ( 0.0000000000000000000, 0.9499999999999997300, 0.1249999999999998300 ) ) ;
#899 = EDGE_LOOP ( 'NONE', ( #224, #1086, #403, #247 ) ) ;
#900 = FILL_AREA_STYLE ('',( #1721 ) ) ;
#901 = DIRECTION ( 'NONE',  ( 8.659560562354940300E-017, 0.7071067811865469100, -0.7071067811865481300 ) ) ;
#902 = EDGE_CURVE ( 'NONE', #555, #1861, #120, .T. ) ;
#903 = SURFACE_STYLE_USAGE ( .BOTH. , #1725 ) ;
#904 = CARTESIAN_POINT ( 'NONE',  ( -0.1174957995324572800, 0.03104676282877020400, 0.6936530940461017600 ) ) ;
#905 = CARTESIAN_POINT ( 'NONE',  ( 0.1349383578921533000, -0.07526525927630801900, -0.7311076414307783300 ) ) ;
#906 = B_SPLINE_SURFACE_WITH_KNOTS ( 'NONE', 1, 3, ( 
 ( #1312, #1663, #61, #409, #978, #611, #116, #947, #1551, #1376, #186, #905, #1665, #637, #1865, #267, #1901, #1433 ),
 ( #499, #1516, #222, #783, #1487, #1805, #383, #1126, #1520, #300, #588, #1769, #411, #1041, #187, #1083, #318, #51 ) ),
 .UNSPECIFIED., .F., .T., .F.,
 ( 2, 2 ),
 ( 4, 2, 2, 2, 2, 2, 2, 2, 4 ),
 ( 0.0000000000000000000, 1.000000000000000000 ),
 ( 0.0008867619288366462800, 0.003757097301630155800, 0.006627432674423665300, 0.009497768047217174800, 0.01236810342001068400, 0.01523843879280419400, 0.01810877416559770300, 0.02097910953839121300, 0.02384944491118472200 ),
 .UNSPECIFIED. ) ;
#907 = MECHANICAL_DESIGN_GEOMETRIC_PRESENTATION_REPRESENTATION (  '', ( #184 ), #364 ) ;
#908 = PLANE ( 'NONE',  #1679 ) ;
#909 = CARTESIAN_POINT ( 'NONE',  ( 0.0000000000000000000, 0.9899999999999997700, 0.4699999999999999700 ) ) ;
#910 = CONICAL_SURFACE ( 'NONE', #163, 0.1004999999999998900, 1.029744258676653400 ) ;
#911 = PRESENTATION_LAYER_ASSIGNMENT (  '', '', ( #1259 ) ) ;
#912 = UNCERTAINTY_MEASURE_WITH_UNIT (LENGTH_MEASURE( 1.000000000000000100E-005 ), #442, 'distance_accuracy_value', 'NONE');
#913 = STYLED_ITEM ( 'NONE', ( #496 ), #1791 ) ;
#914 = LENGTH_MEASURE_WITH_UNIT ( LENGTH_MEASURE( 0.02539999999999999900 ), #1493 );
#915 = FILL_AREA_STYLE_COLOUR ( '', #635 ) ;
#916 = ORIENTED_EDGE ( 'NONE', *, *, #410, .F. ) ;
#917 = VECTOR ( 'NONE', #740, 39.37007874015748100 ) ;
#918 = CARTESIAN_POINT ( 'NONE',  ( -0.1210206831677917400, 0.08862376110824643500, -0.7332145582374349800 ) ) ;
#919 = CARTESIAN_POINT ( 'NONE',  ( 0.0000000000000000000, 0.5899999999999997500, 0.0000000000000000000 ) ) ;
#920 = FACE_OUTER_BOUND ( 'NONE', #1556, .T. ) ;
#921 = CARTESIAN_POINT ( 'NONE',  ( 0.1464094022018134200, -0.03719254501558964100, -0.7284347870784710900 ) ) ;
#922 = ADVANCED_FACE ( 'NONE', ( #851, #1098 ), #161, .F. ) ;
#923 =( CONVERSION_BASED_UNIT ( 'INCH', #1823 ) LENGTH_UNIT ( ) NAMED_UNIT ( #1478 ) );
#924 = SURFACE_SIDE_STYLE ('',( #1742 ) ) ;
#925 = CARTESIAN_POINT ( 'NONE',  ( -0.05445942179255956700, 0.1044746375035379400, 0.7052562267624539200 ) ) ;
#926 = CARTESIAN_POINT ( 'NONE',  ( 0.0000000000000000000, -0.9499999999999997300, 0.0000000000000000000 ) ) ;
#927 = SURFACE_STYLE_USAGE ( .BOTH. , #132 ) ;
#928 = VECTOR ( 'NONE', #1228, 39.37007874015748100 ) ;
#929 =( GEOMETRIC_REPRESENTATION_CONTEXT ( 3 ) GLOBAL_UNCERTAINTY_ASSIGNED_CONTEXT ( ( #575 ) ) GLOBAL_UNIT_ASSIGNED_CONTEXT ( ( #1159, #567, #4 ) ) REPRESENTATION_CONTEXT ( 'NONE', 'WORKASPACE' ) );
#930 = CARTESIAN_POINT ( 'NONE',  ( 3.371657047224258700E-017, 0.1175000000000000100, -0.7084922537182710700 ) ) ;
#931 = DIRECTION ( 'NONE',  ( 0.0000000000000000000, 0.0000000000000000000, -1.000000000000000000 ) ) ;
#932 = CARTESIAN_POINT ( 'NONE',  ( 0.07965925739489337900, -0.08651015957605748300, 0.7017332277091470300 ) ) ;
#933 = SURFACE_STYLE_USAGE ( .BOTH. , #175 ) ;
#934 = UNCERTAINTY_MEASURE_WITH_UNIT (LENGTH_MEASURE( 1.000000000000000100E-005 ), #645, 'distance_accuracy_value', 'NONE');
#935 = VERTEX_POINT ( 'NONE', #881 ) ;
#936 = ORIENTED_EDGE ( 'NONE', *, *, #1879, .F. ) ;
#937 = DIRECTION ( 'NONE',  ( 0.0000000000000000000, 0.0000000000000000000, -1.000000000000000000 ) ) ;
#938 = VECTOR ( 'NONE', #317, 39.37007874015748100 ) ;
#939 = SURFACE_STYLE_USAGE ( .BOTH. , #1604 ) ;
#940 = DIRECTION ( 'NONE',  ( 0.0000000000000000000, 0.0000000000000000000, 1.000000000000000000 ) ) ;
#941 = DIRECTION ( 'NONE',  ( -0.0000000000000000000, 1.000000000000000000, -0.0000000000000000000 ) ) ;
#942 = CARTESIAN_POINT ( 'NONE',  ( 0.03973500601276597900, -0.1442558460866311100, 0.7429995773342068500 ) ) ;
#943 =( NAMED_UNIT ( * ) SI_UNIT ( $, .STERADIAN. ) SOLID_ANGLE_UNIT ( ) );
#944 = FACE_OUTER_BOUND ( 'NONE', #404, .T. ) ;
#945 = B_SPLINE_CURVE_WITH_KNOTS ( 'NONE', 3,
 ( #515, #20, #1794, #1062, #1719, #1454, #142, #970, #772, #1398, #1757, #553 ),
 .UNSPECIFIED., .F., .F.,
 ( 4, 2, 2, 2, 2, 4 ),
 ( 0.2499753763403700400, 0.3124815322552776400, 0.3437346102127313800, 0.3749876881701851300, 0.4374938440850926200, 0.5000000000000000000 ),
 .UNSPECIFIED. ) ;
#946 = VECTOR ( 'NONE', #128, 39.37007874015748100 ) ;
#947 = CARTESIAN_POINT ( 'NONE',  ( -0.07907746628213983800, -0.1286054866522096400, -0.7393949265155542700 ) ) ;
#948 = MECHANICAL_DESIGN_GEOMETRIC_PRESENTATION_REPRESENTATION (  '', ( #1026 ), #1687 ) ;
#949 = STYLED_ITEM ( 'NONE', ( #529 ), #1300 ) ;
#950 = SURFACE_SIDE_STYLE ('',( #1773 ) ) ;
#951 = EDGE_LOOP ( 'NONE', ( #321, #55, #1416, #551 ) ) ;
#952 = CARTESIAN_POINT ( 'NONE',  ( -0.1175059051637003100, -0.03090001901132497300, -0.6936491488621627800 ) ) ;
#953 = DIRECTION ( 'NONE',  ( 0.0000000000000000000, 1.000000000000000000, 0.0000000000000000000 ) ) ;
#954 = ORIENTED_EDGE ( 'NONE', *, *, #867, .F. ) ;
#955 = CARTESIAN_POINT ( 'NONE',  ( 0.0000000000000000000, -0.9999999999999998900, 2.407746065943349800E-019 ) ) ;
#956 = CARTESIAN_POINT ( 'NONE',  ( 0.1055181919604844000, 0.05393333426363516200, -0.6967586173936278800 ) ) ;
#957 = ORIENTED_EDGE ( 'NONE', *, *, #1807, .F. ) ;
#958 = DIRECTION ( 'NONE',  ( -0.0000000000000000000, 1.000000000000000000, -0.0000000000000000000 ) ) ;
#959 = CLOSED_SHELL ( 'NONE', ( #1503, #1168, #129, #1066, #319, #308, #860, #1300, #689, #1791, #1462, #1744, #1592, #277, #398, #429, #761, #1192, #1591, #922, #1599, #1733, #746, #1218, #1106, #1207, #684, #124, #1313, #1571, #612, #1009, #477, #340 ) ) ;
#960 = CARTESIAN_POINT ( 'NONE',  ( 0.0000000000000000000, -0.4899999999999998200, -0.1004999999999998900 ) ) ;
#961 = CARTESIAN_POINT ( 'NONE',  ( -0.1047579494839609900, -0.06141443022521563000, 0.6971654496539997400 ) ) ;
#962 = PRESENTATION_LAYER_ASSIGNMENT (  '', '', ( #1291 ) ) ;
#963 = COLOUR_RGB ( '',0.9019607843137255100, 0.9019607843137255100, 0.9019607843137255100 ) ;
#964 =( NAMED_UNIT ( * ) PLANE_ANGLE_UNIT ( ) SI_UNIT ( $, .RADIAN. ) );
#965 =( CONVERSION_BASED_UNIT ( 'INCH', #135 ) LENGTH_UNIT ( ) NAMED_UNIT ( #789 ) );
#966 = STYLED_ITEM ( 'NONE', ( #995 ), #429 ) ;
#967 = CARTESIAN_POINT ( 'NONE',  ( 0.1174999999999999800, 0.0000000000000000000, 0.6936502913514042100 ) ) ;
#968 = CARTESIAN_POINT ( 'NONE',  ( 0.06541102224236726400, -0.09770477976552020800, 0.7038776517844502800 ) ) ;
#969 =( NAMED_UNIT ( * ) SI_UNIT ( $, .STERADIAN. ) SOLID_ANGLE_UNIT ( ) );
#970 = CARTESIAN_POINT ( 'NONE',  ( -0.1209528395388132500, -0.08868926170977883800, 0.7332255985821115600 ) ) ;
#971 = DIRECTION ( 'NONE',  ( 0.0000000000000000000, 0.0000000000000000000, 1.000000000000000000 ) ) ;
#972 = CIRCLE ( 'NONE', #1853, 0.1650000000000000100 ) ;
#973 = CARTESIAN_POINT ( 'NONE',  ( 0.09288782867905091800, -0.1154390384190695500, 0.7373072694447000400 ) ) ;
#974 = LENGTH_MEASURE_WITH_UNIT ( LENGTH_MEASURE( 0.02539999999999999900 ), #1753 );
#975 = PRESENTATION_STYLE_ASSIGNMENT (( #1272 ) ) ;
#976 = CARTESIAN_POINT ( 'NONE',  ( 9.099125717664833900E-017, 1.000000000000000000, 0.7429999999999999900 ) ) ;
#977 = DIRECTION ( 'NONE',  ( 1.060575238724903700E-016, 0.5000000000000046600, -0.8660254037844359300 ) ) ;
#978 = CARTESIAN_POINT ( 'NONE',  ( -0.1512772475114597400, 0.03788610451490697500, -0.7274363457476811200 ) ) ;
#979 = AXIS2_PLACEMENT_3D ( 'NONE', #80, #1832, #804 ) ;
#980 = VERTEX_POINT ( 'NONE', #535 ) ;
#981 = CARTESIAN_POINT ( 'NONE',  ( 3.414809992080329000E-017, 0.1442586111360690000, -0.7429999999999999900 ) ) ;
#982 = AXIS2_PLACEMENT_3D ( 'NONE', #722, #1813, #985 ) ;
#983 = PRESENTATION_LAYER_ASSIGNMENT (  '', '', ( #1325 ) ) ;
#984 = CARTESIAN_POINT ( 'NONE',  ( -0.009887806477755561500, -0.1439581479147781800, -0.7429382969904602100 ) ) ;
#985 = DIRECTION ( 'NONE',  ( 0.0000000000000000000, 0.0000000000000000000, 1.000000000000000000 ) ) ;
#986 = ORIENTED_EDGE ( 'NONE', *, *, #549, .T. ) ;
#987 =( CONVERSION_BASED_UNIT ( 'INCH', #1815 ) LENGTH_UNIT ( ) NAMED_UNIT ( #1697 ) );
#988 = ORIENTED_EDGE ( 'NONE', *, *, #330, .F. ) ;
#989 = CIRCLE ( 'NONE', #834, 0.4873205080756886100 ) ;
#990 = DIRECTION ( 'NONE',  ( -0.0000000000000000000, 1.000000000000000000, -0.0000000000000000000 ) ) ;
#991 = CARTESIAN_POINT ( 'NONE',  ( 0.1348812934789860600, -0.07539529140933028100, 0.7311243286813483600 ) ) ;
#992 = FACE_OUTER_BOUND ( 'NONE', #37, .T. ) ;
#993 = CONICAL_SURFACE ( 'NONE', #1274, 0.1249999999999998300, 0.7853981633974491700 ) ;
#994 = DIRECTION ( 'NONE',  ( 0.0000000000000000000, 0.0000000000000000000, -1.000000000000000000 ) ) ;
#995 = PRESENTATION_STYLE_ASSIGNMENT (( #1534 ) ) ;
#996 = ORIENTED_EDGE ( 'NONE', *, *, #1882, .T. ) ;
#997 = ORIENTED_EDGE ( 'NONE', *, *, #1584, .F. ) ;
#998 = FACE_BOUND ( 'NONE', #103, .T. ) ;
#999 = SURFACE_STYLE_FILL_AREA ( #295 ) ;
#1000 = PRESENTATION_LAYER_ASSIGNMENT (  '', '', ( #1344 ) ) ;
#1001 = DIRECTION ( 'NONE',  ( 0.0000000000000000000, -1.000000000000000000, 0.0000000000000000000 ) ) ;
#1002 = CARTESIAN_POINT ( 'NONE',  ( 0.1047596726855931400, -0.06141017669466014600, 0.6971681338236508400 ) ) ;
#1003 = CARTESIAN_POINT ( 'NONE',  ( 1.530808498934189400E-017, 0.9499999999999997300, -0.1249999999999998300 ) ) ;
#1004 = VECTOR ( 'NONE', #322, 39.37007874015748100 ) ;
#1005 = AXIS2_PLACEMENT_3D ( 'NONE', #502, #1579, #748 ) ;
#1006 = EDGE_CURVE ( 'NONE', #491, #1706, #1869, .T. ) ;
#1007 = STYLED_ITEM ( 'NONE', ( #751 ), #1009 ) ;
#1008 = DIRECTION ( 'NONE',  ( -0.0000000000000000000, 1.000000000000000000, -0.0000000000000000000 ) ) ;
#1009 = ADVANCED_FACE ( 'NONE', ( #593 ), #1107, .T. ) ;
#1010 = SURFACE_STYLE_USAGE ( .BOTH. , #1845 ) ;
#1011 = ORIENTED_EDGE ( 'NONE', *, *, #724, .F. ) ;
#1012 = SURFACE_SIDE_STYLE ('',( #1847 ) ) ;
#1013 = CARTESIAN_POINT ( 'NONE',  ( 1.530808498934190300E-017, 0.5899999999999997500, -0.1249999999999998800 ) ) ;
#1014 = CIRCLE ( 'NONE', #640, 0.4699999999999999700 ) ;
#1015 = CARTESIAN_POINT ( 'NONE',  ( 0.0000000000000000000, 0.0000000000000000000, -0.7429999999999999900 ) ) ;
#1016 = CARTESIAN_POINT ( 'NONE',  ( 0.06733215603176655200, -0.1294424923737226800, -0.7400026071481392600 ) ) ;
#1017 = ORIENTED_EDGE ( 'NONE', *, *, #1056, .T. ) ;
#1018 = DIMENSIONAL_EXPONENTS ( 1.000000000000000000, 0.0000000000000000000, 0.0000000000000000000, 0.0000000000000000000, 0.0000000000000000000, 0.0000000000000000000, 0.0000000000000000000 ) ;
#1019 =( CONVERSION_BASED_UNIT ( 'INCH', #688 ) LENGTH_UNIT ( ) NAMED_UNIT ( #223 ) );
#1020 = FACE_OUTER_BOUND ( 'NONE', #240, .T. ) ;
#1021 = FILL_AREA_STYLE_COLOUR ( '', #1570 ) ;
#1022 = CARTESIAN_POINT ( 'NONE',  ( -0.1512870124980894300, 0.01903371809987048500, 0.7274346980002183200 ) ) ;
#1023 = EDGE_CURVE ( 'NONE', #1032, #980, #713, .T. ) ;
#1024 = CARTESIAN_POINT ( 'NONE',  ( 0.1174999854433179000, -2.514027889634268500E-011, -0.6936502978639741400 ) ) ;
#1025 = AXIS2_PLACEMENT_3D ( 'NONE', #667, #1759, #937 ) ;
#1026 = STYLED_ITEM ( 'NONE', ( #779 ), #612 ) ;
#1027 = VECTOR ( 'NONE', #1808, 39.37007874015748100 ) ;
#1028 =( NAMED_UNIT ( * ) PLANE_ANGLE_UNIT ( ) SI_UNIT ( $, .RADIAN. ) );
#1029 = DIRECTION ( 'NONE',  ( 0.0000000000000000000, 0.0000000000000000000, -1.000000000000000000 ) ) ;
#1030 = PRODUCT_DEFINITION_SHAPE ( 'NONE', 'NONE',  #1537 ) ;
#1031 =( CONVERSION_BASED_UNIT ( 'INCH', #1147 ) LENGTH_UNIT ( ) NAMED_UNIT ( #243 ) );
#1032 = VERTEX_POINT ( 'NONE', #1460 ) ;
#1033 = PRESENTATION_LAYER_ASSIGNMENT (  '', '', ( #1374 ) ) ;
#1034 = UNCERTAINTY_MEASURE_WITH_UNIT (LENGTH_MEASURE( 1.000000000000000100E-005 ), #235, 'distance_accuracy_value', 'NONE');
#1036 = ORIENTED_EDGE ( 'NONE', *, *, #677, .T. ) ;
#1035 = CARTESIAN_POINT ( 'NONE',  ( -0.09676880593772972700, -0.06939003988017666800, -0.6986190361519656300 ) ) ;
#1037 = CARTESIAN_POINT ( 'NONE',  ( 0.06735686019623235400, 0.1293963792516531500, 0.7400005468520278700 ) ) ;
#1038 = EDGE_CURVE ( 'NONE', #1399, #1070, #85, .T. ) ;
#1039 = LENGTH_MEASURE_WITH_UNIT ( LENGTH_MEASURE( 0.02539999999999999900 ), #1607 );
#1040 = UNCERTAINTY_MEASURE_WITH_UNIT (LENGTH_MEASURE( 1.000000000000000100E-005 ), #408, 'distance_accuracy_value', 'NONE');
#1041 = CARTESIAN_POINT ( 'NONE',  ( 0.1174914292448467300, 0.03099502217906369500, -0.6936530974710084500 ) ) ;
#1042 = CARTESIAN_POINT ( 'NONE',  ( 0.05423960561947976900, -0.1053581938428925500, -0.7054133552287253900 ) ) ;
#1043 = MECHANICAL_DESIGN_GEOMETRIC_PRESENTATION_REPRESENTATION (  '', ( #1257 ), #1314 ) ;
#1044 = MECHANICAL_DESIGN_GEOMETRIC_PRESENTATION_REPRESENTATION (  '', ( #1704 ), #1567 ) ;
#1045 = FACE_OUTER_BOUND ( 'NONE', #824, .T. ) ;
#1046 = CARTESIAN_POINT ( 'NONE',  ( 0.03978652718023983900, 0.1442882818768726500, -0.7430051793525700400 ) ) ;
#1047 = CIRCLE ( 'NONE', #202, 0.1249999999999998300 ) ;
#1048 = ORIENTED_EDGE ( 'NONE', *, *, #816, .F. ) ;
#1049 = CARTESIAN_POINT ( 'NONE',  ( 0.04696677146512702500, 0.1079790827367784100, -0.7060339446844916500 ) ) ;
#1050 = EDGE_CURVE ( 'NONE', #1270, #1349, #1532, .T. ) ;
#1051 = CARTESIAN_POINT ( 'NONE',  ( 0.0000000000000000000, -0.9899999999999997700, -2.208518991700411600E-018 ) ) ;
#1052 = CARTESIAN_POINT ( 'NONE',  ( 0.1174999999999999900, 2.134256245050205600E-018, 0.6936502913514045500 ) ) ;
#1053 = AXIS2_PLACEMENT_3D ( 'NONE', #897, #258, #1542 ) ;
#1054 = FACE_OUTER_BOUND ( 'NONE', #837, .T. ) ;
#1055 = CARTESIAN_POINT ( 'NONE',  ( 9.099125717664833900E-017, -1.000000000000000000, 0.7429999999999999900 ) ) ;
#1056 = EDGE_CURVE ( 'NONE', #1754, #1246, #117, .T. ) ;
#1057 =( NAMED_UNIT ( * ) SI_UNIT ( $, .STERADIAN. ) SOLID_ANGLE_UNIT ( ) );
#1058 = ORIENTED_EDGE ( 'NONE', *, *, #1050, .F. ) ;
#1059 = ORIENTED_EDGE ( 'NONE', *, *, #418, .F. ) ;
#1060 = CARTESIAN_POINT ( 'NONE',  ( 0.1512848552846972100, 1.067128122525102800E-018, 0.7274351466361026500 ) ) ;
#1061 = COLOUR_RGB ( '',0.9019607843137255100, 0.9019607843137255100, 0.9019607843137255100 ) ;
#1062 = CARTESIAN_POINT ( 'NONE',  ( -0.06729870248224767400, -0.1294235771828781100, 0.7400057485829401000 ) ) ;
#1063 = CIRCLE ( 'NONE', #706, 0.1249999999999998300 ) ;
#1064 = DIMENSIONAL_EXPONENTS ( 1.000000000000000000, 0.0000000000000000000, 0.0000000000000000000, 0.0000000000000000000, 0.0000000000000000000, 0.0000000000000000000, 0.0000000000000000000 ) ;
#1065 = CARTESIAN_POINT ( 'NONE',  ( 0.0000000000000000000, -1.000000000000000000, 0.0000000000000000000 ) ) ;
#1066 = ADVANCED_FACE ( 'NONE', ( #1185 ), #1117, .F. ) ;
#1067 = DIMENSIONAL_EXPONENTS ( 1.000000000000000000, 0.0000000000000000000, 0.0000000000000000000, 0.0000000000000000000, 0.0000000000000000000, 0.0000000000000000000, 0.0000000000000000000 ) ;
#1068 = ORIENTED_EDGE ( 'NONE', *, *, #210, .T. ) ;
#1069 = CARTESIAN_POINT ( 'NONE',  ( -0.1140824606261259500, -0.09522029057856693000, -0.7342235845860887200 ) ) ;
#1070 = VERTEX_POINT ( 'NONE', #149 ) ;
#1071 = PRESENTATION_STYLE_ASSIGNMENT (( #8 ) ) ;
#1072 = CARTESIAN_POINT ( 'NONE',  ( 0.1201714164225837800, 0.08811663256177641700, -0.7332382246604409700 ) ) ;
#1073 =( GEOMETRIC_REPRESENTATION_CONTEXT ( 3 ) GLOBAL_UNCERTAINTY_ASSIGNED_CONTEXT ( ( #1191 ) ) GLOBAL_UNIT_ASSIGNED_CONTEXT ( ( #765, #109, #969 ) ) REPRESENTATION_CONTEXT ( 'NONE', 'WORKASPACE' ) );
#1074 =( CONVERSION_BASED_UNIT ( 'INCH', #12 ) LENGTH_UNIT ( ) NAMED_UNIT ( #446 ) );
#1075 = B_SPLINE_CURVE_WITH_KNOTS ( 'NONE', 3,
 ( #1182, #1688, #809, #1037, #1366, #1402, #1183, #1897, #179, #630, #762, #42, #1501, #542 ),
 .UNSPECIFIED., .F., .F.,
 ( 4, 2, 2, 2, 2, 2, 4 ),
 ( 0.7498803040492089100, 0.8124102280369066600, 0.8436751900307555300, 0.8749401520246044000, 0.9374700760123022600, 0.9687350380061510200, 1.000000000000000000 ),
 .UNSPECIFIED. ) ;
#1076 = DIRECTION ( 'NONE',  ( 0.0000000000000000000, 0.0000000000000000000, -1.000000000000000000 ) ) ;
#1077 = CARTESIAN_POINT ( 'NONE',  ( 0.0000000000000000000, -0.4899999999999998200, 0.0000000000000000000 ) ) ;
#1078 = CARTESIAN_POINT ( 'NONE',  ( 1.530808498934189400E-017, -0.9499999999999997300, 0.1249999999999998300 ) ) ;
#1079 = VECTOR ( 'NONE', #662, 39.37007874015748100 ) ;
#1080 = DIRECTION ( 'NONE',  ( 0.0000000000000000000, -0.0000000000000000000, 1.000000000000000000 ) ) ;
#1081 = DIRECTION ( 'NONE',  ( -0.0000000000000000000, -1.000000000000000000, -0.0000000000000000000 ) ) ;
#1082 =( LENGTH_UNIT ( ) NAMED_UNIT ( * ) SI_UNIT ( $, .METRE. ) );
#1083 = CARTESIAN_POINT ( 'NONE',  ( 0.06133081048064664700, 0.1048292652044400700, -0.7050695634244984500 ) ) ;
#1084 = DIMENSIONAL_EXPONENTS ( 1.000000000000000000, 0.0000000000000000000, 0.0000000000000000000, 0.0000000000000000000, 0.0000000000000000000, 0.0000000000000000000, 0.0000000000000000000 ) ;
#1085 = CARTESIAN_POINT ( 'NONE',  ( 2.020667218593133200E-017, -0.9899999999999997700, 0.1650000000000000100 ) ) ;
#1086 = ORIENTED_EDGE ( 'NONE', *, *, #585, .T. ) ;
#1087 = SURFACE_SIDE_STYLE ('',( #21 ) ) ;
#1088 = SURFACE_STYLE_FILL_AREA ( #287 ) ;
#1089 = CARTESIAN_POINT ( 'NONE',  ( 3.371657047224258700E-017, 0.1175000000000000100, -0.7084922537182710700 ) ) ;
#1090 = SURFACE_STYLE_FILL_AREA ( #26 ) ;
#1091 = CARTESIAN_POINT ( 'NONE',  ( 0.03992346765639766300, 0.1442511046457991000, 0.7429975827179204900 ) ) ;
#1092 = SURFACE_STYLE_FILL_AREA ( #28 ) ;
#1093 = PRESENTATION_LAYER_ASSIGNMENT (  '', '', ( #1436 ) ) ;
#1094 = PRESENTATION_LAYER_ASSIGNMENT (  '', '', ( #1437 ) ) ;
#1095 =( CONVERSION_BASED_UNIT ( 'INCH', #32 ) LENGTH_UNIT ( ) NAMED_UNIT ( #1422 ) );
#1096 = APPLICATION_CONTEXT ( 'automotive_design' ) ;
#1097 = ORIENTED_EDGE ( 'NONE', *, *, #268, .F. ) ;
#1098 = FACE_OUTER_BOUND ( 'NONE', #181, .T. ) ;
#1099 = CARTESIAN_POINT ( 'NONE',  ( 0.1047251773921979700, 0.06145485578001736600, -0.6971719071055324500 ) ) ;
#1100 = DIRECTION ( 'NONE',  ( -0.0000000000000000000, -0.0000000000000000000, 1.000000000000000000 ) ) ;
#1101 = EDGE_LOOP ( 'NONE', ( #530, #857, #197, #269 ) ) ;
#1102 = FILL_AREA_STYLE_COLOUR ( '', #1143 ) ;
#1103 = DIMENSIONAL_EXPONENTS ( 1.000000000000000000, 0.0000000000000000000, 0.0000000000000000000, 0.0000000000000000000, 0.0000000000000000000, 0.0000000000000000000, 0.0000000000000000000 ) ;
#1104 = VERTEX_POINT ( 'NONE', #606 ) ;
#1105 = FILL_AREA_STYLE_COLOUR ( '', #1778 ) ;
#1106 = ADVANCED_FACE ( 'NONE', ( #1684 ), #506, .F. ) ;
#1107 = B_SPLINE_SURFACE_WITH_KNOTS ( 'NONE', 1, 3, ( 
 ( #436, #1512, #670, #1766, #942, #114, #1188, #349, #1432, #586, #1662, #845, #27, #1091, #262, #1340, #495, #1574 ),
 ( #741, #1839, #1002, #185, #1250, #407, #1486, #636, #1727, #904, #93, #1152, #327, #1406, #557, #1638, #812, #1900 ) ),
 .UNSPECIFIED., .F., .T., .F.,
 ( 2, 2 ),
 ( 4, 2, 2, 2, 2, 2, 2, 2, 4 ),
 ( 0.0000000000000000000, 1.000000000000000000 ),
 ( 0.0009253354795578927500, 0.003795570580349679200, 0.006665805681141465600, 0.009536040781933251600, 0.01240627588272503800, 0.01527651098351682400, 0.01814674608430861000, 0.02101698118510039700, 0.02388721628589218400 ),
 .UNSPECIFIED. ) ;
#1108 = CARTESIAN_POINT ( 'NONE',  ( 0.1175241699560186500, 0.03090908250760066000, 0.6936452651813273000 ) ) ;
#1109 = SURFACE_STYLE_USAGE ( .BOTH. , #543 ) ;
#1110 = DIMENSIONAL_EXPONENTS ( 1.000000000000000000, 0.0000000000000000000, 0.0000000000000000000, 0.0000000000000000000, 0.0000000000000000000, 0.0000000000000000000, 0.0000000000000000000 ) ;
#1111 = DIRECTION ( 'NONE',  ( -0.0000000000000000000, -1.000000000000000000, -0.0000000000000000000 ) ) ;
#1112 = CIRCLE ( 'NONE', #315, 0.7429999999999999900 ) ;
#1113 =( GEOMETRIC_REPRESENTATION_CONTEXT ( 3 ) GLOBAL_UNCERTAINTY_ASSIGNED_CONTEXT ( ( #1709 ) ) GLOBAL_UNIT_ASSIGNED_CONTEXT ( ( #692, #137, #1451 ) ) REPRESENTATION_CONTEXT ( 'NONE', 'WORKASPACE' ) );
#1114 = FACE_OUTER_BOUND ( 'NONE', #1244, .T. ) ;
#1115 = DIRECTION ( 'NONE',  ( -0.0000000000000000000, -1.000000000000000000, -0.0000000000000000000 ) ) ;
#1116 = LINE ( 'NONE', #430, #1552 ) ;
#1117 = CONICAL_SURFACE ( 'NONE', #768, 0.1249999999999998300, 0.7853981633974491700 ) ;
#1118 = ORIENTED_EDGE ( 'NONE', *, *, #1056, .F. ) ;
#1120 = ORIENTED_EDGE ( 'NONE', *, *, #1621, .T. ) ;
#1119 = CARTESIAN_POINT ( 'NONE',  ( 0.0001290674313403834000, -0.1174999291131623000, -0.7084922359977700000 ) ) ;
#1121 = CIRCLE ( 'NONE', #769, 0.1249999999999999000 ) ;
#1122 =( NAMED_UNIT ( * ) PLANE_ANGLE_UNIT ( ) SI_UNIT ( $, .RADIAN. ) );
#1123 = DIRECTION ( 'NONE',  ( -0.0000000000000000000, 1.000000000000000000, -0.0000000000000000000 ) ) ;
#1124 = SURFACE_STYLE_USAGE ( .BOTH. , #60 ) ;
#1125 = COLOUR_RGB ( '',0.9019607843137255100, 0.9019607843137255100, 0.9019607843137255100 ) ;
#1126 = CARTESIAN_POINT ( 'NONE',  ( -0.06141792825055492100, -0.1047503817492933100, -0.7050546134404431800 ) ) ;
#1127 = CARTESIAN_POINT ( 'NONE',  ( 0.1080982813440137500, -0.04669176528980641100, -0.6961375067910015000 ) ) ;
#1128 = CARTESIAN_POINT ( 'NONE',  ( 0.0000000000000000000, -0.9899999999999997700, 0.0000000000000000000 ) ) ;
#1129 = SURFACE_STYLE_FILL_AREA ( #65 ) ;
#1130 = VERTEX_POINT ( 'NONE', #1724 ) ;
#1131 = B_SPLINE_CURVE_WITH_KNOTS ( 'NONE', 3,
 ( #1693, #875, #64, #1127, #299, #1375, #525, #1609, #781, #1868, #1042, #221, #1275, #438, #1519, #673 ),
 .UNSPECIFIED., .F., .F.,
 ( 4, 2, 2, 2, 2, 2, 2, 4 ),
 ( 0.2501220703687463400, 0.3125915527765596400, 0.3438262939804663200, 0.3594436645824197200, 0.3750610351843730600, 0.4375305175921865300, 0.4687652587960932600, 0.5000000000000000000 ),
 .UNSPECIFIED. ) ;
#1132 = CARTESIAN_POINT ( 'NONE',  ( 0.03998229812995612200, -0.1442563807904745900, -0.7429978628482365500 ) ) ;
#1133 = EDGE_LOOP ( 'NONE', ( #83, #304, #896, #605, #165 ) ) ;
#1134 = DIRECTION ( 'NONE',  ( -0.0000000000000000000, -1.000000000000000000, -0.0000000000000000000 ) ) ;
#1135 = CARTESIAN_POINT ( 'NONE',  ( -0.07892646364749039700, 0.1286743092692644600, 0.7394097215808450600 ) ) ;
#1136 = LINE ( 'NONE', #1675, #729 ) ;
#1137 = MECHANICAL_DESIGN_GEOMETRIC_PRESENTATION_REPRESENTATION (  '', ( #1831 ), #1667 ) ;
#1138 = PRESENTATION_LAYER_ASSIGNMENT (  '', '', ( #794 ) ) ;
#1139 = EDGE_CURVE ( 'NONE', #1130, #1633, #1063, .T. ) ;
#1140 = DIRECTION ( 'NONE',  ( -0.0000000000000000000, -1.000000000000000000, -0.0000000000000000000 ) ) ;
#1141 = FILL_AREA_STYLE_COLOUR ( '', #1589 ) ;
#1142 = CARTESIAN_POINT ( 'NONE',  ( -0.06958602549111023200, 0.09659431941466682700, -0.7035665493295244500 ) ) ;
#1143 = COLOUR_RGB ( '',0.9019607843137255100, 0.9019607843137255100, 0.9019607843137255100 ) ;
#1144 = EDGE_LOOP ( 'NONE', ( #1777, #288, #22, #359, #1118 ) ) ;
#1146 = ORIENTED_EDGE ( 'NONE', *, *, #58, .F. ) ;
#1145 = CARTESIAN_POINT ( 'NONE',  ( 1.230770033143088600E-017, -0.9899999999999997700, 0.1004999999999998900 ) ) ;
#1147 = LENGTH_MEASURE_WITH_UNIT ( LENGTH_MEASURE( 0.02539999999999999900 ), #1248 );
#1148 = EDGE_LOOP ( 'NONE', ( #245, #1299 ) ) ;
#1149 = EDGE_CURVE ( 'NONE', #361, #325, #1801, .T. ) ;
#1150 = SURFACE_SIDE_STYLE ('',( #90 ) ) ;
#1151 =( NAMED_UNIT ( * ) SI_UNIT ( $, .STERADIAN. ) SOLID_ANGLE_UNIT ( ) );
#1152 = CARTESIAN_POINT ( 'NONE',  ( -0.06130064724490863500, 0.1048064386224782500, 0.7050687214033423100 ) ) ;
#1153 =( NAMED_UNIT ( * ) SI_UNIT ( $, .STERADIAN. ) SOLID_ANGLE_UNIT ( ) );
#1154 = DIRECTION ( 'NONE',  ( 0.0000000000000000000, 1.000000000000000000, 0.0000000000000000000 ) ) ;
#1155 = EDGE_CURVE ( 'NONE', #1130, #290, #1689, .T. ) ;
#1156 = MECHANICAL_DESIGN_GEOMETRIC_PRESENTATION_REPRESENTATION (  '', ( #1628 ), #614 ) ;
#1157 = CARTESIAN_POINT ( 'NONE',  ( 0.0000000000000000000, -0.4899999999999998200, 0.0000000000000000000 ) ) ;
#1158 = SURFACE_STYLE_FILL_AREA ( #96 ) ;
#1159 =( CONVERSION_BASED_UNIT ( 'INCH', #98 ) LENGTH_UNIT ( ) NAMED_UNIT ( #147 ) );
#1160 = CARTESIAN_POINT ( 'NONE',  ( -0.1473595722355903700, 0.03741316891288482700, -0.7282831472331140500 ) ) ;
#1161 = DIRECTION ( 'NONE',  ( 0.0000000000000000000, 0.0000000000000000000, 1.000000000000000000 ) ) ;
#1162 = EDGE_LOOP ( 'NONE', ( #1225, #579, #1097, #1834, #1738 ) ) ;
#1163 = EDGE_CURVE ( 'NONE', #34, #775, #1194, .T. ) ;
#1164 = CARTESIAN_POINT ( 'NONE',  ( 0.1512803201991106400, -0.009436449512772546200, -0.7274360897985936400 ) ) ;
#1165 = ORIENTED_EDGE ( 'NONE', *, *, #183, .T. ) ;
#1166 = STYLED_ITEM ( 'NONE', ( #1193 ), #860 ) ;
#1167 =( NAMED_UNIT ( * ) PLANE_ANGLE_UNIT ( ) SI_UNIT ( $, .RADIAN. ) );
#1168 = ADVANCED_FACE ( 'NONE', ( #33 ), #1301, .T. ) ;
#1169 = CARTESIAN_POINT ( 'NONE',  ( 0.1081046802201455800, 0.04667690052206666100, 0.6961330936484969600 ) ) ;
#1170 = MECHANICAL_DESIGN_GEOMETRIC_PRESENTATION_REPRESENTATION (  '', ( #285 ), #1524 ) ;
#1171 = PRESENTATION_STYLE_ASSIGNMENT (( #107 ) ) ;
#1172 = FILL_AREA_STYLE ('',( #1021 ) ) ;
#1173 = CARTESIAN_POINT ( 'NONE',  ( -0.1512847657622835600, 0.0001569368183612192500, 0.7274351652540939100 ) ) ;
#1174 = FILL_AREA_STYLE_COLOUR ( '', #1125 ) ;
#1175 =( CONVERSION_BASED_UNIT ( 'INCH', #1677 ) LENGTH_UNIT ( ) NAMED_UNIT ( #1424 ) );
#1176 = EDGE_CURVE ( 'NONE', #143, #34, #1434, .T. ) ;
#1177 = CARTESIAN_POINT ( 'NONE',  ( -0.01163398117660477900, 0.1174999999999999400, -0.7084914112308031700 ) ) ;
#1178 =( LENGTH_UNIT ( ) NAMED_UNIT ( * ) SI_UNIT ( $, .METRE. ) );
#1179 = CARTESIAN_POINT ( 'NONE',  ( -0.09773138633636593900, -0.06537352432711658600, 0.6983308737350360000 ) ) ;
#1180 =( GEOMETRIC_REPRESENTATION_CONTEXT ( 3 ) GLOBAL_UNCERTAINTY_ASSIGNED_CONTEXT ( ( #71 ) ) GLOBAL_UNIT_ASSIGNED_CONTEXT ( ( #95, #1412, #817 ) ) REPRESENTATION_CONTEXT ( 'NONE', 'WORKASPACE' ) );
#1181 = LINE ( 'NONE', #1887, #212 ) ;
#1182 = CARTESIAN_POINT ( 'NONE',  ( -4.944986541478254800E-013, 0.1442585428222945300, 0.7429999941482905400 ) ) ;
#1183 = CARTESIAN_POINT ( 'NONE',  ( 0.09999795118171149500, 0.1086548871246224600, 0.7362741399991434800 ) ) ;
#1184 = MECHANICAL_DESIGN_GEOMETRIC_PRESENTATION_REPRESENTATION (  '', ( #509 ), #864 ) ;
#1186 = EDGE_LOOP ( 'NONE', ( #1817, #1715 ) ) ;
#1185 = FACE_OUTER_BOUND ( 'NONE', #899, .T. ) ;
#1187 =( NAMED_UNIT ( * ) PLANE_ANGLE_UNIT ( ) SI_UNIT ( $, .RADIAN. ) );
#1188 = CARTESIAN_POINT ( 'NONE',  ( -0.07902768920376808400, -0.1286523269104938000, 0.7394021672003519000 ) ) ;
#1189 = AXIS2_PLACEMENT_3D ( 'NONE', #955, #125, #1198 ) ;
#1190 = CARTESIAN_POINT ( 'NONE',  ( 1.230770033143088600E-017, -0.4899999999999998200, 0.1004999999999998900 ) ) ;
#1191 = UNCERTAINTY_MEASURE_WITH_UNIT (LENGTH_MEASURE( 1.000000000000000100E-005 ), #765, 'distance_accuracy_value', 'NONE');
#1192 = ADVANCED_FACE ( 'NONE', ( #1705 ), #1849, .F. ) ;
#1193 = PRESENTATION_STYLE_ASSIGNMENT (( #118 ) ) ;
#1194 = LINE ( 'NONE', #356, #426 ) ;
#1195 =( NAMED_UNIT ( * ) SI_UNIT ( $, .STERADIAN. ) SOLID_ANGLE_UNIT ( ) );
#1196 = CARTESIAN_POINT ( 'NONE',  ( 0.1174999999999999900, 0.0000000000000000000, -0.7429999999999999900 ) ) ;
#1197 = CARTESIAN_POINT ( 'NONE',  ( -0.06141792825055492100, -0.1047503817492933100, -0.7050546134404431800 ) ) ;
#1198 = DIRECTION ( 'NONE',  ( 0.0000000000000000000, 0.0000000000000000000, 1.000000000000000000 ) ) ;
#1199 =( NAMED_UNIT ( * ) PLANE_ANGLE_UNIT ( ) SI_UNIT ( $, .RADIAN. ) );
#1200 = CARTESIAN_POINT ( 'NONE',  ( 0.1175000000030137900, 0.01145549591286923500, -0.6936493091912913100 ) ) ;
#1201 = ORIENTED_EDGE ( 'NONE', *, *, #1327, .T. ) ;
#1202 =( GEOMETRIC_REPRESENTATION_CONTEXT ( 3 ) GLOBAL_UNCERTAINTY_ASSIGNED_CONTEXT ( ( #1818 ) ) GLOBAL_UNIT_ASSIGNED_CONTEXT ( ( #1899, #1309, #710 ) ) REPRESENTATION_CONTEXT ( 'NONE', 'WORKASPACE' ) );
#1203 = PRESENTATION_LAYER_ASSIGNMENT (  '', '', ( #1531 ) ) ;
#1204 = CARTESIAN_POINT ( 'NONE',  ( -0.1174957995324572800, 0.03104676282877020400, 0.6936530940461017600 ) ) ;
#1205 = FILL_AREA_STYLE ('',( #1174 ) ) ;
#1206 = AXIS2_PLACEMENT_3D ( 'NONE', #703, #1795, #971 ) ;
#1207 = ADVANCED_FACE ( 'NONE', ( #646, #920 ), #1876, .F. ) ;
#1208 = DIRECTION ( 'NONE',  ( -0.0000000000000000000, 1.000000000000000000, -0.0000000000000000000 ) ) ;
#1209 = MECHANICAL_DESIGN_GEOMETRIC_PRESENTATION_REPRESENTATION (  '', ( #486 ), #379 ) ;
#1210 = CARTESIAN_POINT ( 'NONE',  ( 0.1174999999999999700, -0.01143449703874001600, 0.6936521507313079300 ) ) ;
#1211 = CARTESIAN_POINT ( 'NONE',  ( 0.09674712490591869100, -0.06942567104271663000, 0.6986265514714429200 ) ) ;
#1212 = VECTOR ( 'NONE', #87, 39.37007874015748100 ) ;
#1213 = ORIENTED_EDGE ( 'NONE', *, *, #1735, .T. ) ;
#1214 = ORIENTED_EDGE ( 'NONE', *, *, #1163, .T. ) ;
#1215 = CARTESIAN_POINT ( 'NONE',  ( 0.03918396270680987700, -0.1405454215696020900, 0.7422032207208461000 ) ) ;
#1216 = LINE ( 'NONE', #1718, #1332 ) ;
#1217 =( LENGTH_UNIT ( ) NAMED_UNIT ( * ) SI_UNIT ( $, .METRE. ) );
#1218 = ADVANCED_FACE ( 'NONE', ( #1782 ), #1765, .F. ) ;
#1219 = CARTESIAN_POINT ( 'NONE',  ( 0.1174999999999999800, 0.0000000000000000000, 0.6936502913514042100 ) ) ;
#1220 = COLOUR_RGB ( '',0.9019607843137255100, 0.9019607843137255100, 0.9019607843137255100 ) ;
#1221 = CONICAL_SURFACE ( 'NONE', #560, 0.1249999999999998300, 0.7853981633974491700 ) ;
#1222 = AXIS2_PLACEMENT_3D ( 'NONE', #1338, #492, #1572 ) ;
#1223 = CARTESIAN_POINT ( 'NONE',  ( -0.07906821785890423600, 0.1286230053342951300, -0.7393936329140131700 ) ) ;
#1224 =( NAMED_UNIT ( * ) SI_UNIT ( $, .STERADIAN. ) SOLID_ANGLE_UNIT ( ) );
#1225 = ORIENTED_EDGE ( 'NONE', *, *, #559, .F. ) ;
#1226 = CARTESIAN_POINT ( 'NONE',  ( 0.0000000000000000000, 0.9899999999999997700, -2.208518991700411600E-018 ) ) ;
#1227 = CARTESIAN_POINT ( 'NONE',  ( -0.002536460643313238100, -0.1442558359894132400, -0.7430000000007709300 ) ) ;
#1228 = DIRECTION ( 'NONE',  ( -0.0000000000000000000, 1.000000000000000000, -0.0000000000000000000 ) ) ;
#1229 =( GEOMETRIC_REPRESENTATION_CONTEXT ( 3 ) GLOBAL_UNCERTAINTY_ASSIGNED_CONTEXT ( ( #337 ) ) GLOBAL_UNIT_ASSIGNED_CONTEXT ( ( #1851, #1264, #590 ) ) REPRESENTATION_CONTEXT ( 'NONE', 'WORKASPACE' ) );
#1230 = VERTEX_POINT ( 'NONE', #1491 ) ;
#1231 = CARTESIAN_POINT ( 'NONE',  ( 0.03973500601276597900, -0.1442558460866311100, 0.7429995773342068500 ) ) ;
#1232 = PRESENTATION_STYLE_ASSIGNMENT (( #1109 ) ) ;
#1233 = DIRECTION ( 'NONE',  ( 0.0000000000000000000, 0.0000000000000000000, 1.000000000000000000 ) ) ;
#1234 = AXIS2_PLACEMENT_3D ( 'NONE', #280, #1360, #511 ) ;
#1235 = DIRECTION ( 'NONE',  ( 0.0000000000000000000, 1.000000000000000000, 0.0000000000000000000 ) ) ;
#1236 = FILL_AREA_STYLE ('',( #1826 ) ) ;
#1237 = CARTESIAN_POINT ( 'NONE',  ( 0.0000000000000000000, 0.4899999999999998200, 0.0000000000000000000 ) ) ;
#1238 =( NAMED_UNIT ( * ) SI_UNIT ( $, .STERADIAN. ) SOLID_ANGLE_UNIT ( ) );
#1239 = PRESENTATION_LAYER_ASSIGNMENT (  '', '', ( #1569 ) ) ;
#1240 = PRESENTATION_STYLE_ASSIGNMENT (( #933 ) ) ;
#1241 = AXIS2_PLACEMENT_3D ( 'NONE', #1624, #456, #1747 ) ;
#1242 = ORIENTED_EDGE ( 'NONE', *, *, #1480, .F. ) ;
#1243 = CARTESIAN_POINT ( 'NONE',  ( 0.0000000000000000000, -0.9899999999999997700, 0.0000000000000000000 ) ) ;
#1244 = EDGE_LOOP ( 'NONE', ( #1455, #1848 ) ) ;
#1246 = VERTEX_POINT ( 'NONE', #1734 ) ;
#1245 =( CONVERSION_BASED_UNIT ( 'INCH', #180 ) LENGTH_UNIT ( ) NAMED_UNIT ( #1110 ) );
#1247 = FACE_OUTER_BOUND ( 'NONE', #1148, .T. ) ;
#1248 =( LENGTH_UNIT ( ) NAMED_UNIT ( * ) SI_UNIT ( $, .METRE. ) );
#1249 = LENGTH_MEASURE_WITH_UNIT ( LENGTH_MEASURE( 0.02539999999999999900 ), #1838 );
#1250 = CARTESIAN_POINT ( 'NONE',  ( 0.03086149021375607400, -0.1174977478349408400, 0.7084918506815758300 ) ) ;
#1251 = LENGTH_MEASURE_WITH_UNIT ( LENGTH_MEASURE( 0.02539999999999999900 ), #1840 );
#1252 =( CONVERSION_BASED_UNIT ( 'INCH', #1517 ) LENGTH_UNIT ( ) NAMED_UNIT ( #782 ) );
#1253 = ORIENTED_EDGE ( 'NONE', *, *, #1023, .T. ) ;
#1254 = PRESENTATION_STYLE_ASSIGNMENT (( #196 ) ) ;
#1255 = UNCERTAINTY_MEASURE_WITH_UNIT (LENGTH_MEASURE( 1.000000000000000100E-005 ), #658, 'distance_accuracy_value', 'NONE');
#1256 = CARTESIAN_POINT ( 'NONE',  ( -7.391720721624669400E-017, 0.1442586111360690000, -0.7429999999999999900 ) ) ;
#1257 = STYLED_ITEM ( 'NONE', ( #488 ), #689 ) ;
#1258 = ORIENTED_EDGE ( 'NONE', *, *, #58, .T. ) ;
#1259 = STYLED_ITEM ( 'NONE', ( #800 ), #531 ) ;
#1260 = DIRECTION ( 'NONE',  ( 1.000000000000000000, 0.0000000000000000000, 0.0000000000000000000 ) ) ;
#1261 = CARTESIAN_POINT ( 'NONE',  ( 0.09237238017268559200, -0.1146401693771911000, -0.7372814337743486300 ) ) ;
#1262 = COLOUR_RGB ( '',1.000000000000000000, 1.000000000000000000, 1.000000000000000000 ) ;
#1263 = ORIENTED_EDGE ( 'NONE', *, *, #552, .F. ) ;
#1264 =( NAMED_UNIT ( * ) PLANE_ANGLE_UNIT ( ) SI_UNIT ( $, .RADIAN. ) );
#1265 =( LENGTH_UNIT ( ) NAMED_UNIT ( * ) SI_UNIT ( $, .METRE. ) );
#1266 = VECTOR ( 'NONE', #152, 39.37007874015748100 ) ;
#1267 = CARTESIAN_POINT ( 'NONE',  ( -0.09529868192764443000, 0.06888693200759962700, -0.6988147755358363700 ) ) ;
#1268 = CIRCLE ( 'NONE', #1414, 0.4873205080756886100 ) ;
#1269 = PRODUCT_CONTEXT ( 'NONE', #115, 'mechanical' ) ;
#1270 = VERTEX_POINT ( 'NONE', #1410 ) ;
#1271 = CARTESIAN_POINT ( 'NONE',  ( -0.1158453579409205600, -0.02494838052807962800, -0.6942704750013771700 ) ) ;
#1272 = SURFACE_STYLE_USAGE ( .BOTH. , #380 ) ;
#1273 =( LENGTH_UNIT ( ) NAMED_UNIT ( * ) SI_UNIT ( $, .METRE. ) );
#1274 = AXIS2_PLACEMENT_3D ( 'NONE', #1800, #402, #1540 ) ;
#1275 = CARTESIAN_POINT ( 'NONE',  ( 0.02552241049942608600, -0.1148926539883698300, -0.7077212498768091800 ) ) ;
#1276 = AXIS2_PLACEMENT_3D ( 'NONE', #1373, #520, #1606 ) ;
#1277 = MECHANICAL_DESIGN_GEOMETRIC_PRESENTATION_REPRESENTATION (  '', ( #794 ), #366 ) ;
#1278 = LENGTH_MEASURE_WITH_UNIT ( LENGTH_MEASURE( 0.02539999999999999900 ), #1870 );
#1279 = VERTEX_POINT ( 'NONE', #1641 ) ;
#1280 = COLOUR_RGB ( '',0.9019607843137255100, 0.9019607843137255100, 0.9019607843137255100 ) ;
#1281 = CARTESIAN_POINT ( 'NONE',  ( 3.414809992080329000E-017, 0.1175000000000000600, -0.7084922537182710700 ) ) ;
#1282 =( LENGTH_UNIT ( ) NAMED_UNIT ( * ) SI_UNIT ( $, .METRE. ) );
#1283 = CARTESIAN_POINT ( 'NONE',  ( 0.06539886677711420600, 0.09771295197201374000, -0.7038813960075245300 ) ) ;
#1284 = DIRECTION ( 'NONE',  ( 0.0000000000000000000, 0.0000000000000000000, -1.000000000000000000 ) ) ;
#1285 = CARTESIAN_POINT ( 'NONE',  ( 0.1047596726855931400, -0.06141017669466014600, 0.6971681338236508400 ) ) ;
#1286 =( GEOMETRIC_REPRESENTATION_CONTEXT ( 3 ) GLOBAL_UNCERTAINTY_ASSIGNED_CONTEXT ( ( #1464 ) ) GLOBAL_UNIT_ASSIGNED_CONTEXT ( ( #219, #1514, #943 ) ) REPRESENTATION_CONTEXT ( 'NONE', 'WORKASPACE' ) );
#1287 = CARTESIAN_POINT ( 'NONE',  ( 0.0000000000000000000, 1.000000000000000000, 0.0000000000000000000 ) ) ;
#1288 = CARTESIAN_POINT ( 'NONE',  ( -0.07660615692441892500, 0.1257141940689795500, 0.7392779416070837100 ) ) ;
#1289 = DIRECTION ( 'NONE',  ( -0.0000000000000000000, -1.000000000000000000, -0.0000000000000000000 ) ) ;
#1290 =( GEOMETRIC_REPRESENTATION_CONTEXT ( 3 ) GLOBAL_UNCERTAINTY_ASSIGNED_CONTEXT ( ( #1379 ) ) GLOBAL_UNIT_ASSIGNED_CONTEXT ( ( #649, #104, #1421 ) ) REPRESENTATION_CONTEXT ( 'NONE', 'WORKASPACE' ) );
#1291 = STYLED_ITEM ( 'NONE', ( #1071 ), #1207 ) ;
#1292 = CARTESIAN_POINT ( 'NONE',  ( 2.285493574451650900E-010, -0.1442584418539823200, -0.7429999846546587700 ) ) ;
#1293 = FILL_AREA_STYLE_COLOUR ( '', #345 ) ;
#1294 = EDGE_CURVE ( 'NONE', #1334, #641, #397, .T. ) ;
#1295 = SURFACE_STYLE_USAGE ( .BOTH. , #1629 ) ;
#1296 = CARTESIAN_POINT ( 'NONE',  ( -0.08649916865328616300, 0.07966834716634556300, -0.7004895637505599300 ) ) ;
#1297 = CARTESIAN_POINT ( 'NONE',  ( -0.1174999999549354200, -0.01148141953811787300, 0.6936533926924740600 ) ) ;
#1298 = FACE_BOUND ( 'NONE', #1186, .T. ) ;
#1299 = ORIENTED_EDGE ( 'NONE', *, *, #1352, .T. ) ;
#1300 = ADVANCED_FACE ( 'NONE', ( #384 ), #1346, .F. ) ;
#1301 = B_SPLINE_SURFACE_WITH_KNOTS ( 'NONE', 1, 3, ( 
 ( #981, #159, #1223, #386, #1467, #617, #1703, #878, #67, #1132, #305, #1383, #533, #1614, #785, #1872, #1046, #225 ),
 ( #1281, #444, #1523, #679, #1775, #952, #121, #1197, #358, #1441, #592, #1668, #852, #35, #1099, #270, #1348, #503 ) ),
 .UNSPECIFIED., .F., .T., .F.,
 ( 2, 2 ),
 ( 4, 2, 2, 2, 2, 2, 2, 2, 4 ),
 ( 0.0000000000000000000, 1.000000000000000000 ),
 ( 0.0008867619288366462800, 0.003757097301630155800, 0.006627432674423665300, 0.009497768047217174800, 0.01236810342001068400, 0.01523843879280419400, 0.01810877416559770300, 0.02097910953839121300, 0.02384944491118472200 ),
 .UNSPECIFIED. ) ;
#1302 = ORIENTED_EDGE ( 'NONE', *, *, #171, .T. ) ;
#1303 = CARTESIAN_POINT ( 'NONE',  ( 0.1473727095774353100, -0.03732808760617693800, 0.7282810907348062900 ) ) ;
#1305 = EDGE_LOOP ( 'NONE', ( #1873, #1058, #517, #310 ) ) ;
#1304 = CARTESIAN_POINT ( 'NONE',  ( 0.0000000000000000000, -0.9499999999999997300, 0.0000000000000000000 ) ) ;
#1306 =( CONVERSION_BASED_UNIT ( 'INCH', #241 ) LENGTH_UNIT ( ) NAMED_UNIT ( #1771 ) );
#1307 = FILL_AREA_STYLE ('',( #242 ) ) ;
#1308 = COLOUR_RGB ( '',0.9019607843137255100, 0.9019607843137255100, 0.9019607843137255100 ) ;
#1309 =( NAMED_UNIT ( * ) PLANE_ANGLE_UNIT ( ) SI_UNIT ( $, .RADIAN. ) );
#1310 =( NAMED_UNIT ( * ) PLANE_ANGLE_UNIT ( ) SI_UNIT ( $, .RADIAN. ) );
#1311 = B_SPLINE_CURVE_WITH_KNOTS ( 'NONE', 1,
 ( #25, #1089 ),
 .UNSPECIFIED., .F., .F.,
 ( 2, 2 ),
 ( 0.0000000000000000000, 1.000000000000000000 ),
 .UNSPECIFIED. ) ;
#1312 = CARTESIAN_POINT ( 'NONE',  ( 3.414809992080329000E-017, 0.1442586111360690000, -0.7429999999999999900 ) ) ;
#1313 = ADVANCED_FACE ( 'NONE', ( #192, #412 ), #1384, .F. ) ;
#1314 =( GEOMETRIC_REPRESENTATION_CONTEXT ( 3 ) GLOBAL_UNCERTAINTY_ASSIGNED_CONTEXT ( ( #164 ) ) GLOBAL_UNIT_ASSIGNED_CONTEXT ( ( #343, #1714, #1793 ) ) REPRESENTATION_CONTEXT ( 'NONE', 'WORKASPACE' ) );
#1315 = AXIS2_PLACEMENT_3D ( 'NONE', #283, #1362, #512 ) ;
#1316 = EDGE_CURVE ( 'NONE', #775, #325, #373, .T. ) ;
#1317 = AXIS2_PLACEMENT_3D ( 'NONE', #1549, #714, #1804 ) ;
#1318 = LENGTH_MEASURE_WITH_UNIT ( LENGTH_MEASURE( 0.02539999999999999900 ), #1 );
#1319 = EDGE_LOOP ( 'NONE', ( #773, #738, #1386, #1367 ) ) ;
#1320 = CARTESIAN_POINT ( 'NONE',  ( -0.07675626417839480400, -0.1256263273458488300, -0.7392640947113779900 ) ) ;
#1321 = MECHANICAL_DESIGN_GEOMETRIC_PRESENTATION_REPRESENTATION (  '', ( #108 ), #1890 ) ;
#1322 = ORIENTED_EDGE ( 'NONE', *, *, #451, .F. ) ;
#1323 = CARTESIAN_POINT ( 'NONE',  ( 0.09288897783628967400, 0.1154357221661140700, -0.7373071717568645500 ) ) ;
#1324 = CIRCLE ( 'NONE', #982, 0.4873205080756886100 ) ;
#1325 = STYLED_ITEM ( 'NONE', ( #191 ), #1168 ) ;
#1326 = DIRECTION ( 'NONE',  ( 0.0000000000000000000, -1.000000000000000000, 0.0000000000000000000 ) ) ;
#1327 = EDGE_CURVE ( 'NONE', #1246, #1230, #854, .T. ) ;
#1328 = CARTESIAN_POINT ( 'NONE',  ( 0.02526283942351137700, 0.1157783743996590700, 0.7078781771221840400 ) ) ;
#1329 = PRESENTATION_LAYER_ASSIGNMENT (  '', '', ( #489 ) ) ;
#1330 = CARTESIAN_POINT ( 'NONE',  ( 0.0000000000000000000, -0.9899999999999997700, 2.407746065943349800E-019 ) ) ;
#1331 = LENGTH_MEASURE_WITH_UNIT ( LENGTH_MEASURE( 0.02539999999999999900 ), #15 );
#1332 = VECTOR ( 'NONE', #374, 39.37007874015748100 ) ;
#1333 = FACE_OUTER_BOUND ( 'NONE', #1496, .T. ) ;
#1334 = VERTEX_POINT ( 'NONE', #1582 ) ;
#1335 = SURFACE_STYLE_USAGE ( .BOTH. , #1547 ) ;
#1337 = ORIENTED_EDGE ( 'NONE', *, *, #734, .T. ) ;
#1336 = PRESENTATION_STYLE_ASSIGNMENT (( #259 ) ) ;
#1338 = CARTESIAN_POINT ( 'NONE',  ( 0.0000000000000000000, 0.9899999999999997700, 0.0000000000000000000 ) ) ;
#1339 = SURFACE_STYLE_USAGE ( .BOTH. , #260 ) ;
#1340 = CARTESIAN_POINT ( 'NONE',  ( 0.1349669318592166000, 0.07529242769150026900, 0.7311063089534325400 ) ) ;
#1341 = SURFACE_STYLE_USAGE ( .BOTH. , #263 ) ;
#1342 = CARTESIAN_POINT ( 'NONE',  ( 0.0000000000000000000, 0.9899999999999997700, 0.0000000000000000000 ) ) ;
#1343 = LINE ( 'NONE', #1488, #1477 ) ;
#1344 = STYLED_ITEM ( 'NONE', ( #91 ), #1744 ) ;
#1345 = SURFACE_SIDE_STYLE ('',( #498 ) ) ;
#1346 = CONICAL_SURFACE ( 'NONE', #1005, 0.4873205080756886100, 1.047197551196592300 ) ;
#1347 = UNCERTAINTY_MEASURE_WITH_UNIT (LENGTH_MEASURE( 1.000000000000000100E-005 ), #1031, 'distance_accuracy_value', 'NONE');
#1348 = CARTESIAN_POINT ( 'NONE',  ( 0.03090149480241160700, 0.1175241671563898900, -0.7084971925338651200 ) ) ;
#1349 = VERTEX_POINT ( 'NONE', #1013 ) ;
#1350 = SURFACE_STYLE_FILL_AREA ( #271 ) ;
#1351 = CARTESIAN_POINT ( 'NONE',  ( 0.005076019170236301800, -0.1442636558805948700, -0.7429999999984574500 ) ) ;
#1352 = EDGE_CURVE ( 'NONE', #1349, #1270, #1121, .T. ) ;
#1353 =( LENGTH_UNIT ( ) NAMED_UNIT ( * ) SI_UNIT ( $, .METRE. ) );
#1354 = SURFACE_STYLE_FILL_AREA ( #274 ) ;
#1355 = FILL_AREA_STYLE ('',( #275 ) ) ;
#1356 = CARTESIAN_POINT ( 'NONE',  ( -0.1174999374567698000, -3.984688658387947200E-010, 0.6936503176335601100 ) ) ;
#1357 = CARTESIAN_POINT ( 'NONE',  ( -0.1055629066277456200, 0.05384051797372637500, 0.6967490125947198900 ) ) ;
#1358 = PRESENTATION_LAYER_ASSIGNMENT (  '', '', ( #1628 ) ) ;
#1359 = CYLINDRICAL_SURFACE ( 'NONE', #1903, 0.1004999999999998900 ) ;
#1360 = DIRECTION ( 'NONE',  ( 0.0000000000000000000, 1.000000000000000000, 0.0000000000000000000 ) ) ;
#1361 = CYLINDRICAL_SURFACE ( 'NONE', #336, 0.7429999999999999900 ) ;
#1362 = DIRECTION ( 'NONE',  ( 0.0000000000000000000, 0.0000000000000000000, 1.000000000000000000 ) ) ;
#1363 = CARTESIAN_POINT ( 'NONE',  ( 0.01167955199769687300, -0.1174953823090030100, 0.7084903253270796700 ) ) ;
#1364 = CARTESIAN_POINT ( 'NONE',  ( -0.06943817637432850300, -0.09668972937833089600, 0.7035886784687126500 ) ) ;
#1365 = CIRCLE ( 'NONE', #1025, 0.1650000000000000100 ) ;
#1366 = CARTESIAN_POINT ( 'NONE',  ( 0.07606035817935813400, 0.1249722348065521500, 0.7391424060630981100 ) ) ;
#1367 = ORIENTED_EDGE ( 'NONE', *, *, #856, .F. ) ;
#1368 = AXIS2_PLACEMENT_3D ( 'NONE', #1237, #174, #1474 ) ;
#1370 = ORIENTED_EDGE ( 'NONE', *, *, #596, .F. ) ;
#1369 = CARTESIAN_POINT ( 'NONE',  ( -0.02520450343630657700, -0.1157949003870364100, -0.7078784953696657400 ) ) ;
#1371 = FACE_OUTER_BOUND ( 'NONE', #1101, .T. ) ;
#1372 = FILL_AREA_STYLE ('',( #291 ) ) ;
#1373 = CARTESIAN_POINT ( 'NONE',  ( 0.1004999999999998900, 0.5899999999999997500, 0.0000000000000000000 ) ) ;
#1374 = STYLED_ITEM ( 'NONE', ( #39 ), #1218 ) ;
#1375 = CARTESIAN_POINT ( 'NONE',  ( 0.09782466698081605800, -0.06523329253268085600, -0.6983120241896823000 ) ) ;
#1376 = CARTESIAN_POINT ( 'NONE',  ( 0.03998229812995612200, -0.1442563807904745900, -0.7429978628482365500 ) ) ;
#1377 = UNCERTAINTY_MEASURE_WITH_UNIT (LENGTH_MEASURE( 1.000000000000000100E-005 ), #923, 'distance_accuracy_value', 'NONE');
#1378 = PRESENTATION_LAYER_ASSIGNMENT (  '', '', ( #1704 ) ) ;
#1379 = UNCERTAINTY_MEASURE_WITH_UNIT (LENGTH_MEASURE( 1.000000000000000100E-005 ), #649, 'distance_accuracy_value', 'NONE');
#1380 = DIRECTION ( 'NONE',  ( 0.0000000000000000000, 0.0000000000000000000, 1.000000000000000000 ) ) ;
#1381 = SURFACE_STYLE_USAGE ( .BOTH. , #303 ) ;
#1382 = CARTESIAN_POINT ( 'NONE',  ( 0.0000000000000000000, -0.5899999999999997500, 0.0000000000000000000 ) ) ;
#1383 = CARTESIAN_POINT ( 'NONE',  ( 0.1349383578921533000, -0.07526525927630801900, -0.7311076414307783300 ) ) ;
#1384 = PLANE ( 'NONE',  #1407 ) ;
#1385 = FILL_AREA_STYLE ('',( #306 ) ) ;
#1386 = ORIENTED_EDGE ( 'NONE', *, *, #1155, .T. ) ;
#1387 = COLOUR_RGB ( '',1.000000000000000000, 1.000000000000000000, 1.000000000000000000 ) ;
#1388 = PRESENTATION_LAYER_ASSIGNMENT (  '', '', ( #486 ) ) ;
#1389 = CARTESIAN_POINT ( 'NONE',  ( 0.0000000000000000000, 1.000000000000000000, 0.0000000000000000000 ) ) ;
#1390 = CARTESIAN_POINT ( 'NONE',  ( 0.03992346765639766300, 0.1442511046457991000, 0.7429975827179204900 ) ) ;
#1391 = EDGE_CURVE ( 'NONE', #89, #980, #1324, .T. ) ;
#1392 = FILL_AREA_STYLE ('',( #545 ) ) ;
#1393 = CARTESIAN_POINT ( 'NONE',  ( -0.1046488864586186100, 0.05413007578185200000, -0.6969126283232562900 ) ) ;
#1394 = SURFACE_STYLE_FILL_AREA ( #314 ) ;
#1395 = DIMENSIONAL_EXPONENTS ( 1.000000000000000000, 0.0000000000000000000, 0.0000000000000000000, 0.0000000000000000000, 0.0000000000000000000, 0.0000000000000000000, 0.0000000000000000000 ) ;
#1396 = VERTEX_POINT ( 'NONE', #1470 ) ;
#1397 = ORIENTED_EDGE ( 'NONE', *, *, #410, .T. ) ;
#1398 = CARTESIAN_POINT ( 'NONE',  ( -0.1473585222073999800, -0.03730614824763886500, 0.7282836576293682000 ) ) ;
#1399 = VERTEX_POINT ( 'NONE', #882 ) ;
#1400 = PRESENTATION_STYLE_ASSIGNMENT (( #326 ) ) ;
#1401 = PRODUCT_RELATED_PRODUCT_CATEGORY ( 'part', '', ( #205 ) ) ;
#1402 = CARTESIAN_POINT ( 'NONE',  ( 0.09240718976011480500, 0.1145910713379301400, 0.7372771431475118000 ) ) ;
#1403 = AXIS2_PLACEMENT_3D ( 'NONE', #59, #1123, #296 ) ;
#1404 =( LENGTH_UNIT ( ) NAMED_UNIT ( * ) SI_UNIT ( $, .METRE. ) );
#1405 =( GEOMETRIC_REPRESENTATION_CONTEXT ( 3 ) GLOBAL_UNCERTAINTY_ASSIGNED_CONTEXT ( ( #320 ) ) GLOBAL_UNIT_ASSIGNED_CONTEXT ( ( #1074, #481, #1822 ) ) REPRESENTATION_CONTEXT ( 'NONE', 'WORKASPACE' ) );
#1406 = CARTESIAN_POINT ( 'NONE',  ( 0.03100784834495835500, 0.1174938858793258300, 0.7084899486988603900 ) ) ;
#1407 = AXIS2_PLACEMENT_3D ( 'NONE', #534, #1615, #786 ) ;
#1408 = DIRECTION ( 'NONE',  ( 0.0000000000000000000, 1.000000000000000000, 0.0000000000000000000 ) ) ;
#1409 = AXIS2_PLACEMENT_3D ( 'NONE', #1287, #363, #1595 ) ;
#1410 = CARTESIAN_POINT ( 'NONE',  ( 0.0000000000000000000, 0.5899999999999997500, 0.1249999999999999000 ) ) ;
#1411 = DIRECTION ( 'NONE',  ( 0.0000000000000000000, 0.0000000000000000000, -1.000000000000000000 ) ) ;
#1412 =( NAMED_UNIT ( * ) PLANE_ANGLE_UNIT ( ) SI_UNIT ( $, .RADIAN. ) );
#1413 = SURFACE_STYLE_USAGE ( .BOTH. , #332 ) ;
#1414 = AXIS2_PLACEMENT_3D ( 'NONE', #723, #160, #97 ) ;
#1415 = CARTESIAN_POINT ( 'NONE',  ( -0.1513030212792496300, -0.01886416426969885600, -0.7274313686513755900 ) ) ;
#1416 = ORIENTED_EDGE ( 'NONE', *, *, #418, .T. ) ;
#1417 =( NAMED_UNIT ( * ) SI_UNIT ( $, .STERADIAN. ) SOLID_ANGLE_UNIT ( ) );
#1418 = FILL_AREA_STYLE_COLOUR ( '', #1627 ) ;
#1419 = CARTESIAN_POINT ( 'NONE',  ( 0.1474050787128732300, 0.03732698897115890900, -0.7282748048671043900 ) ) ;
#1420 = DIRECTION ( 'NONE',  ( -0.0000000000000000000, -1.000000000000000000, -0.0000000000000000000 ) ) ;
#1421 =( NAMED_UNIT ( * ) SI_UNIT ( $, .STERADIAN. ) SOLID_ANGLE_UNIT ( ) );
#1422 = DIMENSIONAL_EXPONENTS ( 1.000000000000000000, 0.0000000000000000000, 0.0000000000000000000, 0.0000000000000000000, 0.0000000000000000000, 0.0000000000000000000, 0.0000000000000000000 ) ;
#1423 = CARTESIAN_POINT ( 'NONE',  ( -0.1149803207993803800, 0.02511034058398252700, 0.6944219122830240800 ) ) ;
#1424 = DIMENSIONAL_EXPONENTS ( 1.000000000000000000, 0.0000000000000000000, 0.0000000000000000000, 0.0000000000000000000, 0.0000000000000000000, 0.0000000000000000000, 0.0000000000000000000 ) ;
#1425 = AXIS2_PLACEMENT_3D ( 'NONE', #653, #887, #863 ) ;
#1426 = CARTESIAN_POINT ( 'NONE',  ( 0.0000000000000000000, 1.000000000000000000, 0.0000000000000000000 ) ) ;
#1427 = MECHANICAL_DESIGN_GEOMETRIC_PRESENTATION_REPRESENTATION (  '', ( #217 ), #68 ) ;
#1428 = FILL_AREA_STYLE ('',( #622 ) ) ;
#1429 = DIRECTION ( 'NONE',  ( -1.060575238724903700E-016, -0.5000000000000046600, -0.8660254037844359300 ) ) ;
#1430 = EDGE_LOOP ( 'NONE', ( #954, #720, #1894, #66 ) ) ;
#1431 = AXIS2_PLACEMENT_3D ( 'NONE', #1843, #1008, #189 ) ;
#1432 = CARTESIAN_POINT ( 'NONE',  ( -0.1512900844670576100, -0.03780323120020304800, 0.7274322446716553500 ) ) ;
#1433 = CARTESIAN_POINT ( 'NONE',  ( 3.414809992080329000E-017, 0.1442586111360690000, -0.7429999999999999900 ) ) ;
#1434 = B_SPLINE_CURVE_WITH_KNOTS ( 'NONE', 3,
 ( #1256, #413, #1495, #643, #1737, #918, #99, #1160, #333, #1415, #568, #1642, #820, #5, #1069, #246, #1320, #473, #1558, #721, #1812, #984, #162, #1227, #389 ),
 .UNSPECIFIED., .F., .F.,
 ( 4, 2, 2, 2, 2, 2, 2, 2, 2, 2, 1, 2, 4 ),
 ( 0.0000000000000000000, 0.06248092654264200000, 0.1249618530852840000, 0.1874427796279259900, 0.2499237061705680000, 0.3124046327132100100, 0.3436450959845310200, 0.3748855592558519900, 0.4373664857984940200, 0.4686069490698149800, 0.4842271807054754900, 0.4920372965233057400, 0.4998474123411360000 ),
 .UNSPECIFIED. ) ;
#1435 = AXIS2_PLACEMENT_3D ( 'NONE', #656, #1746, #931 ) ;
#1436 = STYLED_ITEM ( 'NONE', ( #297 ), #1599 ) ;
#1437 = STYLED_ITEM ( 'NONE', ( #754 ), #1462 ) ;
#1438 =( GEOMETRIC_REPRESENTATION_CONTEXT ( 3 ) GLOBAL_UNCERTAINTY_ASSIGNED_CONTEXT ( ( #1611 ) ) GLOBAL_UNIT_ASSIGNED_CONTEXT ( ( #1779, #1199, #594 ) ) REPRESENTATION_CONTEXT ( 'NONE', 'WORKASPACE' ) );
#1439 = DIRECTION ( 'NONE',  ( -0.0000000000000000000, -1.000000000000000000, -0.0000000000000000000 ) ) ;
#1440 = EDGE_LOOP ( 'NONE', ( #871, #806 ) ) ;
#1441 = CARTESIAN_POINT ( 'NONE',  ( 0.03105354655103803200, -0.1174981833582639500, -0.7084902158191005400 ) ) ;
#1442 = FILL_AREA_STYLE ('',( #362 ) ) ;
#1443 = CARTESIAN_POINT ( 'NONE',  ( 3.371657047224258700E-017, 0.1175000000000000100, -0.7084922537182710700 ) ) ;
#1444 = CARTESIAN_POINT ( 'NONE',  ( -0.06130064724490863500, 0.1048064386224782500, 0.7050687214033423100 ) ) ;
#1445 = EDGE_CURVE ( 'NONE', #1494, #555, #1563, .T. ) ;
#1446 = PRESENTATION_LAYER_ASSIGNMENT (  '', '', ( #1026 ) ) ;
#1447 = CARTESIAN_POINT ( 'NONE',  ( -0.01985127026608925600, 0.1442456614664783800, 0.7430000000000581700 ) ) ;
#1448 = EDGE_CURVE ( 'NONE', #34, #143, #1866, .T. ) ;
#1449 = EDGE_CURVE ( 'NONE', #1846, #1399, #674, .T. ) ;
#1450 = PRESENTATION_STYLE_ASSIGNMENT (( #801 ) ) ;
#1451 =( NAMED_UNIT ( * ) SI_UNIT ( $, .STERADIAN. ) SOLID_ANGLE_UNIT ( ) );
#1452 =( CONVERSION_BASED_UNIT ( 'INCH', #702 ) LENGTH_UNIT ( ) NAMED_UNIT ( #849 ) );
#1453 = ORIENTED_EDGE ( 'NONE', *, *, #1610, .T. ) ;
#1454 = CARTESIAN_POINT ( 'NONE',  ( -0.09235525494702757900, -0.1146347986406767300, 0.7372836262651159000 ) ) ;
#1455 = ORIENTED_EDGE ( 'NONE', *, *, #1480, .T. ) ;
#1456 = VECTOR ( 'NONE', #901, 39.37007874015748100 ) ;
#1457 = CARTESIAN_POINT ( 'NONE',  ( 5.125902245539823000E-014, -0.1442586045874400300, 0.7429999994814862100 ) ) ;
#1458 = EDGE_CURVE ( 'NONE', #791, #1032, #889, .T. ) ;
#1459 = PRESENTATION_STYLE_ASSIGNMENT (( #30 ) ) ;
#1460 = CARTESIAN_POINT ( 'NONE',  ( 5.861897479865049300E-017, 0.9899999999999997700, -0.4699999999999999700 ) ) ;
#1461 = UNCERTAINTY_MEASURE_WITH_UNIT (LENGTH_MEASURE( 1.000000000000000100E-005 ), #1833, 'distance_accuracy_value', 'NONE');
#1462 = ADVANCED_FACE ( 'NONE', ( #598 ), #727, .F. ) ;
#1463 = DIMENSIONAL_EXPONENTS ( 1.000000000000000000, 0.0000000000000000000, 0.0000000000000000000, 0.0000000000000000000, 0.0000000000000000000, 0.0000000000000000000, 0.0000000000000000000 ) ;
#1464 = UNCERTAINTY_MEASURE_WITH_UNIT (LENGTH_MEASURE( 1.000000000000000100E-005 ), #219, 'distance_accuracy_value', 'NONE');
#1465 = COLOUR_RGB ( '',0.9019607843137255100, 0.9019607843137255100, 0.9019607843137255100 ) ;
#1466 = LINE ( 'NONE', #616, #1612 ) ;
#1467 = CARTESIAN_POINT ( 'NONE',  ( -0.1512772475114597400, 0.03788610451490697500, -0.7274363457476811200 ) ) ;
#1468 = ORIENTED_EDGE ( 'NONE', *, *, #1490, .F. ) ;
#1469 = DIRECTION ( 'NONE',  ( 0.0000000000000000000, -0.0000000000000000000, -1.000000000000000000 ) ) ;
#1470 = CARTESIAN_POINT ( 'NONE',  ( 9.099125717664833900E-017, 1.000000000000000000, 0.7429999999999999900 ) ) ;
#1471 = ORIENTED_EDGE ( 'NONE', *, *, #1448, .F. ) ;
#1472 = CARTESIAN_POINT ( 'NONE',  ( -0.07902768920376808400, -0.1286523269104938000, 0.7394021672003519000 ) ) ;
#1473 = CARTESIAN_POINT ( 'NONE',  ( -0.07973637065913247200, 0.08643915326975835900, 0.7017197028343381500 ) ) ;
#1474 = DIRECTION ( 'NONE',  ( 0.0000000000000000000, 0.0000000000000000000, 1.000000000000000000 ) ) ;
#1475 = PRESENTATION_LAYER_ASSIGNMENT (  '', '', ( #1831 ) ) ;
#1476 = B_SPLINE_CURVE_WITH_KNOTS ( 'NONE', 1,
 ( #609, #1219 ),
 .UNSPECIFIED., .F., .F.,
 ( 2, 2 ),
 ( 0.0000000000000000000, 1.000000000000000000 ),
 .UNSPECIFIED. ) ;
#1477 = VECTOR ( 'NONE', #1732, 39.37007874015748100 ) ;
#1478 = DIMENSIONAL_EXPONENTS ( 1.000000000000000000, 0.0000000000000000000, 0.0000000000000000000, 0.0000000000000000000, 0.0000000000000000000, 0.0000000000000000000, 0.0000000000000000000 ) ;
#1479 = CARTESIAN_POINT ( 'NONE',  ( 0.06905329559655293300, -0.09517634448230327700, 0.7033782460579441900 ) ) ;
#1480 = EDGE_CURVE ( 'NONE', #1279, #1396, #730, .T. ) ;
#1481 = UNCERTAINTY_MEASURE_WITH_UNIT (LENGTH_MEASURE( 1.000000000000000100E-005 ), #987, 'distance_accuracy_value', 'NONE');
#1482 = ORIENTED_EDGE ( 'NONE', *, *, #1316, .T. ) ;
#1483 = ORIENTED_EDGE ( 'NONE', *, *, #1902, .T. ) ;
#1484 = VERTEX_POINT ( 'NONE', #448 ) ;
#1485 = FILL_AREA_STYLE ('',( #405 ) ) ;
#1486 = CARTESIAN_POINT ( 'NONE',  ( -0.06137926737766779400, -0.1047885335674680900, 0.7050615178377112000 ) ) ;
#1487 = CARTESIAN_POINT ( 'NONE',  ( -0.1174940911874327600, 0.03085860684608407500, -0.6936514347723170500 ) ) ;
#1488 = CARTESIAN_POINT ( 'NONE',  ( 0.0000000000000000000, -0.9899999999999997700, -0.1004999999999998900 ) ) ;
#1489 = MECHANICAL_DESIGN_GEOMETRIC_PRESENTATION_REPRESENTATION (  '', ( #84 ), #1511 ) ;
#1490 = EDGE_CURVE ( 'NONE', #273, #1846, #1785, .T. ) ;
#1491 = CARTESIAN_POINT ( 'NONE',  ( -0.1174999374567698000, -3.984688658387947200E-010, 0.6936503176335601100 ) ) ;
#1492 = B_SPLINE_SURFACE_WITH_KNOTS ( 'NONE', 1, 3, ( 
 ( #728, #1820, #991, #169, #1231, #394, #1472, #619, #1710, #885, #76, #1135, #311, #1390, #540, #1620, #793, #1877 ),
 ( #1052, #230, #1285, #449, #1528, #683, #1786, #961, #131, #1204, #365, #1444, #600, #1673, #861, #41, #1108, #276 ) ),
 .UNSPECIFIED., .F., .T., .F.,
 ( 2, 2 ),
 ( 4, 2, 2, 2, 2, 2, 2, 2, 4 ),
 ( 0.0000000000000000000, 1.000000000000000000 ),
 ( 0.0009253354795578927500, 0.003795570580349679200, 0.006665805681141465600, 0.009536040781933251600, 0.01240627588272503800, 0.01527651098351682400, 0.01814674608430861000, 0.02101698118510039700, 0.02388721628589218400 ),
 .UNSPECIFIED. ) ;
#1493 =( LENGTH_UNIT ( ) NAMED_UNIT ( * ) SI_UNIT ( $, .METRE. ) );
#1494 = VERTEX_POINT ( 'NONE', #1443 ) ;
#1495 = CARTESIAN_POINT ( 'NONE',  ( -0.03917136334609024100, 0.1405251668673755100, -0.7422054310881399700 ) ) ;
#1496 = EDGE_LOOP ( 'NONE', ( #1048, #1242, #1543, #749, #1214, #1482, #69, #401, #145 ) ) ;
#1497 = LENGTH_MEASURE_WITH_UNIT ( LENGTH_MEASURE( 0.02539999999999999900 ), #198 );
#1498 = CARTESIAN_POINT ( 'NONE',  ( 0.1209708994456295800, -0.08864977003263581300, -0.7332226538844937000 ) ) ;
#1499 = ORIENTED_EDGE ( 'NONE', *, *, #1038, .T. ) ;
#1500 = LENGTH_MEASURE_WITH_UNIT ( LENGTH_MEASURE( 0.02539999999999999900 ), #203 );
#1501 = CARTESIAN_POINT ( 'NONE',  ( 0.1512950708793271700, 0.009447628480664606700, 0.7274330220965306000 ) ) ;
#1502 = FILL_AREA_STYLE_COLOUR ( '', #1884 ) ;
#1503 = ADVANCED_FACE ( 'NONE', ( #1671 ), #1492, .T. ) ;
#1504 = SHAPE_DEFINITION_REPRESENTATION ( #1030, #531 ) ;
#1505 = LINE ( 'NONE', #578, #610 ) ;
#1506 = DIRECTION ( 'NONE',  ( 0.0000000000000000000, 0.0000000000000000000, 1.000000000000000000 ) ) ;
#1507 = EDGE_LOOP ( 'NONE', ( #238, #1253, #193, #1059 ) ) ;
#1508 = FILL_AREA_STYLE ('',( #214 ) ) ;
#1510 = ORIENTED_EDGE ( 'NONE', *, *, #876, .T. ) ;
#1509 = CARTESIAN_POINT ( 'NONE',  ( -0.1174999961599954000, 1.129728268153878200E-011, -0.6936502927223313600 ) ) ;
#1511 =( GEOMETRIC_REPRESENTATION_CONTEXT ( 3 ) GLOBAL_UNCERTAINTY_ASSIGNED_CONTEXT ( ( #1700 ) ) GLOBAL_UNIT_ASSIGNED_CONTEXT ( ( #1252, #1310, #62 ) ) REPRESENTATION_CONTEXT ( 'NONE', 'WORKASPACE' ) );
#1512 = CARTESIAN_POINT ( 'NONE',  ( 0.1512537357474564000, -0.03794806855193186300, 0.7274404176064176400 ) ) ;
#1513 = DIRECTION ( 'NONE',  ( 0.0000000000000000000, 1.000000000000000000, 0.0000000000000000000 ) ) ;
#1514 =( NAMED_UNIT ( * ) PLANE_ANGLE_UNIT ( ) SI_UNIT ( $, .RADIAN. ) );
#1515 = CONICAL_SURFACE ( 'NONE', #777, 0.1249999999999998300, 0.7853981633974491700 ) ;
#1516 = CARTESIAN_POINT ( 'NONE',  ( -0.03090149480241154200, 0.1174758328436102400, -0.7084873149026770200 ) ) ;
#1517 = LENGTH_MEASURE_WITH_UNIT ( LENGTH_MEASURE( 0.02539999999999999900 ), #265 );
#1518 = B_SPLINE_CURVE_WITH_KNOTS ( 'NONE', 1,
 ( #1811, #1871 ),
 .UNSPECIFIED., .F., .F.,
 ( 2, 2 ),
 ( 0.0000000000000000000, 1.000000000000000000 ),
 .UNSPECIFIED. ) ;
#1519 = CARTESIAN_POINT ( 'NONE',  ( 0.005965107762936165500, -0.1174935185328284800, -0.7084915995287040000 ) ) ;
#1520 = CARTESIAN_POINT ( 'NONE',  ( -0.03079541168835729600, -0.1175016748680606800, -0.7084942561764394600 ) ) ;
#1521 = FILL_AREA_STYLE_COLOUR ( '', #528 ) ;
#1522 = UNCERTAINTY_MEASURE_WITH_UNIT (LENGTH_MEASURE( 1.000000000000000100E-005 ), #1019, 'distance_accuracy_value', 'NONE');
#1523 = CARTESIAN_POINT ( 'NONE',  ( -0.06141074493544318400, 0.1047646511259526100, -0.7050533799633148500 ) ) ;
#1524 =( GEOMETRIC_REPRESENTATION_CONTEXT ( 3 ) GLOBAL_UNCERTAINTY_ASSIGNED_CONTEXT ( ( #1347 ) ) GLOBAL_UNIT_ASSIGNED_CONTEXT ( ( #1031, #1723, #435 ) ) REPRESENTATION_CONTEXT ( 'NONE', 'WORKASPACE' ) );
#1525 = CARTESIAN_POINT ( 'NONE',  ( 0.07618693067662601900, 0.08956813213381556400, -0.7023052835929732800 ) ) ;
#1526 = CIRCLE ( 'NONE', #1053, 0.1004999999999998900 ) ;
#1527 = UNCERTAINTY_MEASURE_WITH_UNIT (LENGTH_MEASURE( 1.000000000000000100E-005 ), #1741, 'distance_accuracy_value', 'NONE');
#1528 = CARTESIAN_POINT ( 'NONE',  ( 0.03086149021375607400, -0.1174977478349408400, 0.7084918506815758300 ) ) ;
#1529 = CYLINDRICAL_SURFACE ( 'NONE', #1409, 0.7429999999999999900 ) ;
#1530 = CARTESIAN_POINT ( 'NONE',  ( -0.1474036777947591300, 0.03742854342306983100, 0.7282748909402319000 ) ) ;
#1531 = STYLED_ITEM ( 'NONE', ( #1171 ), #1571 ) ;
#1532 = CIRCLE ( 'NONE', #1206, 0.1249999999999999000 ) ;
#1533 = MECHANICAL_DESIGN_GEOMETRIC_PRESENTATION_REPRESENTATION (  '', ( #324 ), #194 ) ;
#1534 = SURFACE_STYLE_USAGE ( .BOTH. , #691 ) ;
#1535 = LENGTH_MEASURE_WITH_UNIT ( LENGTH_MEASURE( 0.02539999999999999900 ), #234 );
#1536 = FILL_AREA_STYLE ('',( #1293 ) ) ;
#1537 = PRODUCT_DEFINITION ( 'UNKNOWN', '', #292, #628 ) ;
#1538 = MECHANICAL_DESIGN_GEOMETRIC_PRESENTATION_REPRESENTATION (  '', ( #355 ), #1784 ) ;
#1539 = CARTESIAN_POINT ( 'NONE',  ( 0.04698442234721123000, -0.1079712013126259100, 0.7060292709343862800 ) ) ;
#1540 = DIRECTION ( 'NONE',  ( 0.0000000000000000000, 0.0000000000000000000, 1.000000000000000000 ) ) ;
#1541 = ORIENTED_EDGE ( 'NONE', *, *, #677, .F. ) ;
#1542 = DIRECTION ( 'NONE',  ( 0.0000000000000000000, 0.0000000000000000000, 1.000000000000000000 ) ) ;
#1543 = ORIENTED_EDGE ( 'NONE', *, *, #870, .T. ) ;
#1544 = CARTESIAN_POINT ( 'NONE',  ( 0.1310438911881987600, -0.07251774046313258500, 0.7313733335027692300 ) ) ;
#1545 = DIRECTION ( 'NONE',  ( 0.0000000000000000000, 0.0000000000000000000, -1.000000000000000000 ) ) ;
#1546 = SURFACE_SIDE_STYLE ('',( #463 ) ) ;
#1547 = SURFACE_SIDE_STYLE ('',( #999 ) ) ;
#1548 = CARTESIAN_POINT ( 'NONE',  ( 0.0000000000000000000, 0.0000000000000000000, -0.7429999999999999900 ) ) ;
#1549 = CARTESIAN_POINT ( 'NONE',  ( 0.0000000000000000000, 0.9899999999999997700, 0.0000000000000000000 ) ) ;
#1550 = DIRECTION ( 'NONE',  ( -0.0000000000000000000, 1.000000000000000000, -0.0000000000000000000 ) ) ;
#1551 = CARTESIAN_POINT ( 'NONE',  ( -0.03964994157383171900, -0.1442606674214630700, -0.7430020999845755600 ) ) ;
#1552 = VECTOR ( 'NONE', #603, 39.37007874015748100 ) ;
#1553 = LINE ( 'NONE', #716, #1027 ) ;
#1554 = CARTESIAN_POINT ( 'NONE',  ( 0.0000000000000000000, -0.5899999999999997500, 0.0000000000000000000 ) ) ;
#1555 = DIRECTION ( 'NONE',  ( -0.0000000000000000000, 1.000000000000000000, -0.0000000000000000000 ) ) ;
#1556 = EDGE_LOOP ( 'NONE', ( #1580, #375 ) ) ;
#1557 = STYLED_ITEM ( 'NONE', ( #1240 ), #477 ) ;
#1558 = CARTESIAN_POINT ( 'NONE',  ( -0.03906718526623733500, -0.1395761154536411800, -0.7420353042057636900 ) ) ;
#1559 = CIRCLE ( 'NONE', #1222, 0.1650000000000000100 ) ;
#1560 = ORIENTED_EDGE ( 'NONE', *, *, #44, .F. ) ;
#1561 = CARTESIAN_POINT ( 'NONE',  ( 0.03923160816653483600, 0.1405500112076918700, -0.7422001811833547300 ) ) ;
#1562 = EDGE_LOOP ( 'NONE', ( #936, #54 ) ) ;
#1563 = B_SPLINE_CURVE_WITH_KNOTS ( 'NONE', 3,
 ( #1617, #790, #1875, #1049, #228, #1283, #447, #1525, #681, #1780, #956, #126, #1200, #360 ),
 .UNSPECIFIED., .F., .F.,
 ( 4, 2, 2, 2, 2, 2, 4 ),
 ( 0.0000000000000000000, 0.06253051759218650200, 0.09379577638827975300, 0.1094284057863263900, 0.1250610351843730000, 0.1875915527765596700, 0.2501220703687463400 ),
 .UNSPECIFIED. ) ;
#1564 = CARTESIAN_POINT ( 'NONE',  ( -0.1202000668720499000, 0.08811669376505409900, 0.7332335154509894700 ) ) ;
#1565 =( LENGTH_UNIT ( ) NAMED_UNIT ( * ) SI_UNIT ( $, .METRE. ) );
#1566 = CIRCLE ( 'NONE', #1234, 0.7429999999999999900 ) ;
#1567 =( GEOMETRIC_REPRESENTATION_CONTEXT ( 3 ) GLOBAL_UNCERTAINTY_ASSIGNED_CONTEXT ( ( #468 ) ) GLOBAL_UNIT_ASSIGNED_CONTEXT ( ( #406, #1726, #1151 ) ) REPRESENTATION_CONTEXT ( 'NONE', 'WORKASPACE' ) );
#1568 = CARTESIAN_POINT ( 'NONE',  ( 5.125902245539823000E-014, -0.1442586045874400300, 0.7429999994814862100 ) ) ;
#1569 = STYLED_ITEM ( 'NONE', ( #1874 ), #1192 ) ;
#1570 = COLOUR_RGB ( '',1.000000000000000000, 1.000000000000000000, 1.000000000000000000 ) ;
#1571 = ADVANCED_FACE ( 'NONE', ( #1020 ), #581, .F. ) ;
#1572 = DIRECTION ( 'NONE',  ( 0.0000000000000000000, 0.0000000000000000000, -1.000000000000000000 ) ) ;
#1573 = CARTESIAN_POINT ( 'NONE',  ( 0.0000000000000000000, -0.9899999999999997700, -0.1249999999999998300 ) ) ;
#1574 = CARTESIAN_POINT ( 'NONE',  ( 0.1512848552846972100, 2.134256245050205600E-018, 0.7274351466361026500 ) ) ;
#1575 = DIRECTION ( 'NONE',  ( 0.0000000000000000000, 0.0000000000000000000, 1.000000000000000000 ) ) ;
#1576 = DIRECTION ( 'NONE',  ( 1.049727191138618000E-016, -0.5150380749100550400, 0.8571673007021117800 ) ) ;
#1577 = EDGE_CURVE ( 'NONE', #1334, #1130, #493, .T. ) ;
#1578 = FILL_AREA_STYLE ('',( #501 ) ) ;
#1579 = DIRECTION ( 'NONE',  ( 0.0000000000000000000, -1.000000000000000000, 0.0000000000000000000 ) ) ;
#1580 = ORIENTED_EDGE ( 'NONE', *, *, #440, .F. ) ;
#1581 = FILL_AREA_STYLE_COLOUR ( '', #1465 ) ;
#1582 = CARTESIAN_POINT ( 'NONE',  ( 0.0000000000000000000, -0.5899999999999997500, -0.1249999999999999000 ) ) ;
#1583 = ORIENTED_EDGE ( 'NONE', *, *, #1006, .F. ) ;
#1584 = EDGE_CURVE ( 'NONE', #1601, #1104, #633, .T. ) ;
#1585 = SURFACE_STYLE_USAGE ( .BOTH. , #504 ) ;
#1586 = CARTESIAN_POINT ( 'NONE',  ( 0.01970613572840779600, -0.1431151199095722600, -0.7427547736889419400 ) ) ;
#1587 = VERTEX_POINT ( 'NONE', #556 ) ;
#1588 = SURFACE_STYLE_USAGE ( .BOTH. , #507 ) ;
#1589 = COLOUR_RGB ( '',1.000000000000000000, 1.000000000000000000, 1.000000000000000000 ) ;
#1590 = SURFACE_SIDE_STYLE ('',( #508 ) ) ;
#1591 = ADVANCED_FACE ( 'NONE', ( #1634 ), #828, .F. ) ;
#1592 = ADVANCED_FACE ( 'NONE', ( #348 ), #465, .F. ) ;
#1593 =( LENGTH_UNIT ( ) NAMED_UNIT ( * ) SI_UNIT ( $, .METRE. ) );
#1594 = DIRECTION ( 'NONE',  ( 0.0000000000000000000, 0.0000000000000000000, -1.000000000000000000 ) ) ;
#1595 = DIRECTION ( 'NONE',  ( 0.0000000000000000000, 0.0000000000000000000, -1.000000000000000000 ) ) ;
#1596 = MECHANICAL_DESIGN_GEOMETRIC_PRESENTATION_REPRESENTATION (  '', ( #712 ), #354 ) ;
#1597 = SURFACE_SIDE_STYLE ('',( #254 ) ) ;
#1598 = DIRECTION ( 'NONE',  ( 0.0000000000000000000, 1.000000000000000000, 0.0000000000000000000 ) ) ;
#1599 = ADVANCED_FACE ( 'NONE', ( #153 ), #264, .F. ) ;
#1600 = LENGTH_MEASURE_WITH_UNIT ( LENGTH_MEASURE( 0.02539999999999999900 ), #1178 );
#1601 = VERTEX_POINT ( 'NONE', #1003 ) ;
#1603 = ORIENTED_EDGE ( 'NONE', *, *, #144, .F. ) ;
#1602 = CARTESIAN_POINT ( 'NONE',  ( -0.05440346351369602900, -0.1045041855482063400, -0.7052618183108566600 ) ) ;
#1604 = SURFACE_SIDE_STYLE ('',( #1088 ) ) ;
#1605 = SURFACE_SIDE_STYLE ('',( #519 ) ) ;
#1606 = DIRECTION ( 'NONE',  ( 0.0000000000000000000, -0.0000000000000000000, -1.000000000000000000 ) ) ;
#1607 =( LENGTH_UNIT ( ) NAMED_UNIT ( * ) SI_UNIT ( $, .METRE. ) );
#1608 = FILL_AREA_STYLE_COLOUR ( '', #1308 ) ;
#1609 = CARTESIAN_POINT ( 'NONE',  ( 0.08963005329891664300, -0.07611631204340438300, -0.6999039184109021600 ) ) ;
#1610 = EDGE_CURVE ( 'NONE', #290, #158, #805, .T. ) ;
#1611 = UNCERTAINTY_MEASURE_WITH_UNIT (LENGTH_MEASURE( 1.000000000000000100E-005 ), #1779, 'distance_accuracy_value', 'NONE');
#1612 = VECTOR ( 'NONE', #1702, 39.37007874015748100 ) ;
#1613 = CARTESIAN_POINT ( 'NONE',  ( 0.0000000000000000000, -0.9999999999999998900, 0.4873205080756886100 ) ) ;
#1614 = CARTESIAN_POINT ( 'NONE',  ( 0.1512738201829745300, 0.03805357787703636500, -0.7274380894279897100 ) ) ;
#1615 = DIRECTION ( 'NONE',  ( 0.0000000000000000000, 1.000000000000000000, 0.0000000000000000000 ) ) ;
#1616 = SURFACE_SIDE_STYLE ('',( #536 ) ) ;
#1617 = CARTESIAN_POINT ( 'NONE',  ( 3.371657047224258700E-017, 0.1175000000000000100, -0.7084922537182710700 ) ) ;
#1618 = DIRECTION ( 'NONE',  ( 0.0000000000000000000, 0.0000000000000000000, 1.000000000000000000 ) ) ;
#1619 = PRESENTATION_LAYER_ASSIGNMENT (  '', '', ( #1007 ) ) ;
#1620 = CARTESIAN_POINT ( 'NONE',  ( 0.1349669318592166000, 0.07529242769150026900, 0.7311063089534325400 ) ) ;
#1621 = EDGE_CURVE ( 'NONE', #1032, #791, #1014, .T. ) ;
#1622 =( GEOMETRIC_REPRESENTATION_CONTEXT ( 3 ) GLOBAL_UNCERTAINTY_ASSIGNED_CONTEXT ( ( #251 ) ) GLOBAL_UNIT_ASSIGNED_CONTEXT ( ( #485, #1828, #1238 ) ) REPRESENTATION_CONTEXT ( 'NONE', 'WORKASPACE' ) );
#1623 = SURFACE_STYLE_USAGE ( .BOTH. , #1883 ) ;
#1624 = CARTESIAN_POINT ( 'NONE',  ( 0.0000000000000000000, -0.9899999999999997700, 0.0000000000000000000 ) ) ;
#1625 = CARTESIAN_POINT ( 'NONE',  ( -0.1174999961599954000, 1.129728268153878200E-011, -0.6936502927223313600 ) ) ;
#1626 = SURFACE_STYLE_USAGE ( .BOTH. , #548 ) ;
#1627 = COLOUR_RGB ( '',0.9019607843137255100, 0.9019607843137255100, 0.9019607843137255100 ) ;
#1628 = STYLED_ITEM ( 'NONE', ( #866 ), #761 ) ;
#1629 = SURFACE_SIDE_STYLE ('',( #53 ) ) ;
#1630 = PLANE ( 'NONE',  #3 ) ;
#1631 = FILL_AREA_STYLE_COLOUR ( '', #544 ) ;
#1632 = ORIENTED_EDGE ( 'NONE', *, *, #16, .T. ) ;
#1633 = VERTEX_POINT ( 'NONE', #382 ) ;
#1634 = FACE_OUTER_BOUND ( 'NONE', #951, .T. ) ;
#1635 =( NAMED_UNIT ( * ) PLANE_ANGLE_UNIT ( ) SI_UNIT ( $, .RADIAN. ) );
#1636 = CARTESIAN_POINT ( 'NONE',  ( 0.0000000000000000000, -0.9499999999999997300, 0.0000000000000000000 ) ) ;
#1637 = EDGE_CURVE ( 'NONE', #1895, #6, #1694, .T. ) ;
#1638 = CARTESIAN_POINT ( 'NONE',  ( 0.1048261860989888100, 0.06132639347464109000, 0.6971509510457619700 ) ) ;
#1639 = PRESENTATION_LAYER_ASSIGNMENT (  '', '', ( #285 ) ) ;
#1640 = CARTESIAN_POINT ( 'NONE',  ( 9.099125717664833900E-017, 1.000000000000000000, 0.7429999999999999900 ) ) ;
#1641 = CARTESIAN_POINT ( 'NONE',  ( 0.0000000000000000000, 1.000000000000000000, -0.7429999999999999900 ) ) ;
#1642 = CARTESIAN_POINT ( 'NONE',  ( -0.1357552640556449200, -0.06412121800027037500, -0.7305034054715298100 ) ) ;
#1643 = EDGE_LOOP ( 'NONE', ( #648, #1632, #986, #1263 ) ) ;
#1644 = SURFACE_STYLE_FILL_AREA ( #570 ) ;
#1645 = CARTESIAN_POINT ( 'NONE',  ( 0.1355108539150198500, 0.06404496269455407800, -0.7305418592010922700 ) ) ;
#1646 = EDGE_CURVE ( 'NONE', #111, #361, #756, .T. ) ;
#1647 = MECHANICAL_DESIGN_GEOMETRIC_PRESENTATION_REPRESENTATION (  '', ( #421 ), #298 ) ;
#1648 = PRESENTATION_LAYER_ASSIGNMENT (  '', '', ( #108 ) ) ;
#1649 = COLOUR_RGB ( '',0.9019607843137255100, 0.9019607843137255100, 0.9019607843137255100 ) ;
#1650 = CARTESIAN_POINT ( 'NONE',  ( -0.09681286622693431600, 0.06933523862408774700, 0.6986125403208366400 ) ) ;
#1651 =( NAMED_UNIT ( * ) PLANE_ANGLE_UNIT ( ) SI_UNIT ( $, .RADIAN. ) );
#1652 = PRESENTATION_LAYER_ASSIGNMENT (  '', '', ( #84 ) ) ;
#1653 = CARTESIAN_POINT ( 'NONE',  ( 0.0000000000000000000, 0.9499999999999997300, 0.0000000000000000000 ) ) ;
#1654 = AXIS2_PLACEMENT_3D ( 'NONE', #1226, #388, #1469 ) ;
#1655 = CARTESIAN_POINT ( 'NONE',  ( 0.0000000000000000000, 1.000000000000000000, 0.0000000000000000000 ) ) ;
#1656 = VERTEX_POINT ( 'NONE', #872 ) ;
#1657 = PRESENTATION_LAYER_ASSIGNMENT (  '', '', ( #1696 ) ) ;
#1658 = PRESENTATION_STYLE_ASSIGNMENT (( #939 ) ) ;
#1660 = ORIENTED_EDGE ( 'NONE', *, *, #1139, .T. ) ;
#1659 = FILL_AREA_STYLE_COLOUR ( '', #1061 ) ;
#1661 = CARTESIAN_POINT ( 'NONE',  ( 0.0000000000000000000, -0.9899999999999997700, 0.0000000000000000000 ) ) ;
#1662 = CARTESIAN_POINT ( 'NONE',  ( -0.1349002475850439600, 0.07545480733828974200, 0.7311256018859115800 ) ) ;
#1663 = CARTESIAN_POINT ( 'NONE',  ( -0.03978652718023977000, 0.1442289403952653200, -0.7429948206474299400 ) ) ;
#1664 = CARTESIAN_POINT ( 'NONE',  ( 0.0000000000000000000, -0.4899999999999998200, -0.1004999999999998900 ) ) ;
#1665 = CARTESIAN_POINT ( 'NONE',  ( 0.1512958271913305600, -0.03786710499901478600, -0.7274322169869114100 ) ) ;
#1666 = COLOUR_RGB ( '',0.9019607843137255100, 0.9019607843137255100, 0.9019607843137255100 ) ;
#1667 =( GEOMETRIC_REPRESENTATION_CONTEXT ( 3 ) GLOBAL_UNCERTAINTY_ASSIGNED_CONTEXT ( ( #1527 ) ) GLOBAL_UNIT_ASSIGNED_CONTEXT ( ( #1741, #1167, #572 ) ) REPRESENTATION_CONTEXT ( 'NONE', 'WORKASPACE' ) );
#1668 = CARTESIAN_POINT ( 'NONE',  ( 0.1048039932977809500, -0.06130426450295042200, -0.6971522216301505600 ) ) ;
#1669 =( GEOMETRIC_REPRESENTATION_CONTEXT ( 3 ) GLOBAL_UNCERTAINTY_ASSIGNED_CONTEXT ( ( #934 ) ) GLOBAL_UNIT_ASSIGNED_CONTEXT ( ( #645, #101, #1417 ) ) REPRESENTATION_CONTEXT ( 'NONE', 'WORKASPACE' ) );
#1670 = SURFACE_SIDE_STYLE ('',( #597 ) ) ;
#1671 = FACE_OUTER_BOUND ( 'NONE', #1162, .T. ) ;
#1672 = CARTESIAN_POINT ( 'NONE',  ( -0.1170873526578980500, 0.01189769822012028500, 0.6938027891262753500 ) ) ;
#1673 = CARTESIAN_POINT ( 'NONE',  ( 0.03100784834495835500, 0.1174938858793258300, 0.7084899486988603900 ) ) ;
#1674 = CARTESIAN_POINT ( 'NONE',  ( 0.1046441457801982100, 0.05413945205542782700, 0.6969100733559594500 ) ) ;
#1675 = CARTESIAN_POINT ( 'NONE',  ( 0.0000000000000000000, 0.9899999999999997700, 0.1249999999999998300 ) ) ;
#1676 =( NAMED_UNIT ( * ) PLANE_ANGLE_UNIT ( ) SI_UNIT ( $, .RADIAN. ) );
#1677 = LENGTH_MEASURE_WITH_UNIT ( LENGTH_MEASURE( 0.02539999999999999900 ), #48 );
#1678 = CARTESIAN_POINT ( 'NONE',  ( 0.05421329980501156400, 0.1053743856856005600, 0.7054164280866038700 ) ) ;
#1679 = AXIS2_PLACEMENT_3D ( 'NONE', #1065, #1408, #188 ) ;
#1680 = FILL_AREA_STYLE ('',( #732 ) ) ;
#1681 = LENGTH_MEASURE_WITH_UNIT ( LENGTH_MEASURE( 0.02539999999999999900 ), #621 );
#1682 = ORIENTED_EDGE ( 'NONE', *, *, #1449, .T. ) ;
#1683 = ORIENTED_EDGE ( 'NONE', *, *, #1896, .F. ) ;
#1684 = FACE_OUTER_BOUND ( 'NONE', #334, .T. ) ;
#1685 =( CONVERSION_BASED_UNIT ( 'INCH', #607 ) LENGTH_UNIT ( ) NAMED_UNIT ( #1716 ) );
#1686 = AXIS2_PLACEMENT_3D ( 'NONE', #470, #1555, #719 ) ;
#1687 =( GEOMETRIC_REPRESENTATION_CONTEXT ( 3 ) GLOBAL_UNCERTAINTY_ASSIGNED_CONTEXT ( ( #838 ) ) GLOBAL_UNIT_ASSIGNED_CONTEXT ( ( #1692, #745, #1841 ) ) REPRESENTATION_CONTEXT ( 'NONE', 'WORKASPACE' ) );
#1688 = CARTESIAN_POINT ( 'NONE',  ( 0.01987028830935235600, 0.1442714246094166700, 0.7429999999999414900 ) ) ;
#1689 = LINE ( 'NONE', #873, #1806 ) ;
#1690 = FILL_AREA_STYLE ('',( #608 ) ) ;
#1691 = PRESENTATION_LAYER_ASSIGNMENT (  '', '', ( #1166 ) ) ;
#1692 =( CONVERSION_BASED_UNIT ( 'INCH', #743 ) LENGTH_UNIT ( ) NAMED_UNIT ( #177 ) );
#1693 = CARTESIAN_POINT ( 'NONE',  ( 0.1174999854433179000, -2.514027889634268500E-011, -0.6936502978639741400 ) ) ;
#1694 = LINE ( 'NONE', #898, #1212 ) ;
#1695 = COLOUR_RGB ( '',1.000000000000000000, 1.000000000000000000, 1.000000000000000000 ) ;
#1696 = STYLED_ITEM ( 'NONE', ( #839 ), #136 ) ;
#1697 = DIMENSIONAL_EXPONENTS ( 1.000000000000000000, 0.0000000000000000000, 0.0000000000000000000, 0.0000000000000000000, 0.0000000000000000000, 0.0000000000000000000, 0.0000000000000000000 ) ;
#1698 = UNCERTAINTY_MEASURE_WITH_UNIT (LENGTH_MEASURE( 1.000000000000000100E-005 ), #965, 'distance_accuracy_value', 'NONE');
#1699 = DIMENSIONAL_EXPONENTS ( 1.000000000000000000, 0.0000000000000000000, 0.0000000000000000000, 0.0000000000000000000, 0.0000000000000000000, 0.0000000000000000000, 0.0000000000000000000 ) ;
#1700 = UNCERTAINTY_MEASURE_WITH_UNIT (LENGTH_MEASURE( 1.000000000000000100E-005 ), #1252, 'distance_accuracy_value', 'NONE');
#1701 = VERTEX_POINT ( 'NONE', #518 ) ;
#1702 = DIRECTION ( 'NONE',  ( -0.0000000000000000000, -1.000000000000000000, -0.0000000000000000000 ) ) ;
#1703 = CARTESIAN_POINT ( 'NONE',  ( -0.1349277852490566900, -0.07535343440384154000, -0.7311144248035961200 ) ) ;
#1704 = STYLED_ITEM ( 'NONE', ( #494 ), #1592 ) ;
#1705 = FACE_OUTER_BOUND ( 'NONE', #1133, .T. ) ;
#1706 = VERTEX_POINT ( 'NONE', #776 ) ;
#1707 = DIMENSIONAL_EXPONENTS ( 1.000000000000000000, 0.0000000000000000000, 0.0000000000000000000, 0.0000000000000000000, 0.0000000000000000000, 0.0000000000000000000, 0.0000000000000000000 ) ;
#1708 =( NAMED_UNIT ( * ) SI_UNIT ( $, .STERADIAN. ) SOLID_ANGLE_UNIT ( ) );
#1709 = UNCERTAINTY_MEASURE_WITH_UNIT (LENGTH_MEASURE( 1.000000000000000100E-005 ), #692, 'distance_accuracy_value', 'NONE');
#1710 = CARTESIAN_POINT ( 'NONE',  ( -0.1512900844670576100, -0.03780323120020304800, 0.7274322446716553500 ) ) ;
#1711 = CARTESIAN_POINT ( 'NONE',  ( -0.1132839450514324000, 0.03212502842688808000, 0.6948870244325698900 ) ) ;
#1712 = EDGE_CURVE ( 'NONE', #1104, #6, #1365, .T. ) ;
#1713 = CARTESIAN_POINT ( 'NONE',  ( 0.0000000000000000000, 0.5899999999999997500, 0.1004999999999998900 ) ) ;
#1714 =( NAMED_UNIT ( * ) PLANE_ANGLE_UNIT ( ) SI_UNIT ( $, .RADIAN. ) );
#1715 = ORIENTED_EDGE ( 'NONE', *, *, #293, .F. ) ;
#1716 = DIMENSIONAL_EXPONENTS ( 1.000000000000000000, 0.0000000000000000000, 0.0000000000000000000, 0.0000000000000000000, 0.0000000000000000000, 0.0000000000000000000, 0.0000000000000000000 ) ;
#1717 = EDGE_CURVE ( 'NONE', #6, #1104, #1559, .T. ) ;
#1718 = CARTESIAN_POINT ( 'NONE',  ( 1.230770033143088600E-017, 0.9899999999999997700, -0.1004999999999998900 ) ) ;
#1719 = CARTESIAN_POINT ( 'NONE',  ( -0.07601262815391504600, -0.1250016352013963700, 0.7391472918411485800 ) ) ;
#1720 = EDGE_LOOP ( 'NONE', ( #841, #884, #514, #1337, #988 ) ) ;
#1721 = FILL_AREA_STYLE_COLOUR ( '', #526 ) ;
#1722 = CARTESIAN_POINT ( 'NONE',  ( 1.530808498934189400E-017, 0.9499999999999997300, -0.1249999999999998300 ) ) ;
#1723 =( NAMED_UNIT ( * ) PLANE_ANGLE_UNIT ( ) SI_UNIT ( $, .RADIAN. ) );
#1724 = CARTESIAN_POINT ( 'NONE',  ( 0.0000000000000000000, -0.9499999999999997300, -0.1249999999999998300 ) ) ;
#1725 = SURFACE_SIDE_STYLE ('',( #634 ) ) ;
#1726 =( NAMED_UNIT ( * ) PLANE_ANGLE_UNIT ( ) SI_UNIT ( $, .RADIAN. ) );
#1727 = CARTESIAN_POINT ( 'NONE',  ( -0.1175040614069137500, -0.03079110978993647400, 0.6936475241633093300 ) ) ;
#1728 =( NAMED_UNIT ( * ) PLANE_ANGLE_UNIT ( ) SI_UNIT ( $, .RADIAN. ) );
#1729 = CIRCLE ( 'NONE', #1425, 0.1004999999999998900 ) ;
#1730 = FACE_OUTER_BOUND ( 'NONE', #1144, .T. ) ;
#1731 = CONICAL_SURFACE ( 'NONE', #1403, 0.4873205080756886100, 1.047197551196592300 ) ;
#1732 = DIRECTION ( 'NONE',  ( -0.0000000000000000000, -1.000000000000000000, -0.0000000000000000000 ) ) ;
#1733 = ADVANCED_FACE ( 'NONE', ( #998, #1247 ), #294, .F. ) ;
#1734 = CARTESIAN_POINT ( 'NONE',  ( -0.1174999961599954000, 1.129728268153878200E-011, -0.6936502927223313600 ) ) ;
#1735 = EDGE_CURVE ( 'NONE', #1701, #1484, #255, .T. ) ;
#1736 = EDGE_CURVE ( 'NONE', #143, #1494, #1311, .T. ) ;
#1737 = CARTESIAN_POINT ( 'NONE',  ( -0.09298972754620142600, 0.1153301679295747300, -0.7372940422494945700 ) ) ;
#1738 = ORIENTED_EDGE ( 'NONE', *, *, #171, .F. ) ;
#1739 = CARTESIAN_POINT ( 'NONE',  ( 0.1434648094290434900, -0.04633202824576496100, -0.7290284137109102100 ) ) ;
#1740 = ORIENTED_EDGE ( 'NONE', *, *, #1490, .T. ) ;
#1741 =( CONVERSION_BASED_UNIT ( 'INCH', #650 ) LENGTH_UNIT ( ) NAMED_UNIT ( #1084 ) );
#1742 = SURFACE_STYLE_FILL_AREA ( #651 ) ;
#1743 = DIRECTION ( 'NONE',  ( 8.659560562354940300E-017, -0.7071067811865469100, 0.7071067811865481300 ) ) ;
#1744 = ADVANCED_FACE ( 'NONE', ( #1837 ), #1731, .F. ) ;
#1745 = DIMENSIONAL_EXPONENTS ( 1.000000000000000000, 0.0000000000000000000, 0.0000000000000000000, 0.0000000000000000000, 0.0000000000000000000, 0.0000000000000000000, 0.0000000000000000000 ) ;
#1746 = DIRECTION ( 'NONE',  ( -0.0000000000000000000, -1.000000000000000000, -0.0000000000000000000 ) ) ;
#1747 = DIRECTION ( 'NONE',  ( 0.0000000000000000000, 0.0000000000000000000, -1.000000000000000000 ) ) ;
#1748 = SURFACE_SIDE_STYLE ('',( #695 ) ) ;
#1749 = FILL_AREA_STYLE ('',( #141 ) ) ;
#1750 = MECHANICAL_DESIGN_GEOMETRIC_PRESENTATION_REPRESENTATION (  '', ( #1557 ), #316 ) ;
#1751 = SURFACE_STYLE_FILL_AREA ( #1886 ) ;
#1752 = PRESENTATION_LAYER_ASSIGNMENT (  '', '', ( #217 ) ) ;
#1753 =( LENGTH_UNIT ( ) NAMED_UNIT ( * ) SI_UNIT ( $, .METRE. ) );
#1754 = VERTEX_POINT ( 'NONE', #522 ) ;
#1755 = CIRCLE ( 'NONE', #1686, 0.1004999999999998900 ) ;
#1756 = AXIS2_PLACEMENT_3D ( 'NONE', #1819, #990, #167 ) ;
#1757 = CARTESIAN_POINT ( 'NONE',  ( -0.1512825177288642500, -0.01873074684191259100, 0.7274356327778345200 ) ) ;
#1758 =( GEOMETRIC_REPRESENTATION_CONTEXT ( 3 ) GLOBAL_UNCERTAINTY_ASSIGNED_CONTEXT ( ( #74 ) ) GLOBAL_UNIT_ASSIGNED_CONTEXT ( ( #1095, #500, #1844 ) ) REPRESENTATION_CONTEXT ( 'NONE', 'WORKASPACE' ) );
#1759 = DIRECTION ( 'NONE',  ( 0.0000000000000000000, -1.000000000000000000, 0.0000000000000000000 ) ) ;
#1760 =( LENGTH_UNIT ( ) NAMED_UNIT ( * ) SI_UNIT ( $, .METRE. ) );
#1761 =( CONVERSION_BASED_UNIT ( 'INCH', #668 ) LENGTH_UNIT ( ) NAMED_UNIT ( #1395 ) );
#1762 = EDGE_CURVE ( 'NONE', #1895, #1601, #367, .T. ) ;
#1763 = DIRECTION ( 'NONE',  ( -0.0000000000000000000, 1.000000000000000000, -0.0000000000000000000 ) ) ;
#1764 = CARTESIAN_POINT ( 'NONE',  ( 0.0000000000000000000, 0.9999999999999998900, 2.407746065943349800E-019 ) ) ;
#1765 = CONICAL_SURFACE ( 'NONE', #1431, 0.1004999999999998900, 1.029744258676653400 ) ;
#1766 = CARTESIAN_POINT ( 'NONE',  ( 0.07894857127010024300, -0.1287308215359654300, 0.7394105362373272200 ) ) ;
#1767 = AXIS2_PLACEMENT_3D ( 'NONE', #1382, #1420, #682 ) ;
#1768 = CARTESIAN_POINT ( 'NONE',  ( 0.0000000000000000000, 1.000000000000000000, 0.0000000000000000000 ) ) ;
#1769 = CARTESIAN_POINT ( 'NONE',  ( 0.1048039932977809500, -0.06130426450295042200, -0.6971522216301505600 ) ) ;
#1770 = CIRCLE ( 'NONE', #1435, 0.1004999999999998900 ) ;
#1771 = DIMENSIONAL_EXPONENTS ( 1.000000000000000000, 0.0000000000000000000, 0.0000000000000000000, 0.0000000000000000000, 0.0000000000000000000, 0.0000000000000000000, 0.0000000000000000000 ) ;
#1772 = COLOUR_RGB ( '',1.000000000000000000, 1.000000000000000000, 1.000000000000000000 ) ;
#1773 = SURFACE_STYLE_FILL_AREA ( #676 ) ;
#1774 =( NAMED_UNIT ( * ) PLANE_ANGLE_UNIT ( ) SI_UNIT ( $, .RADIAN. ) );
#1775 = CARTESIAN_POINT ( 'NONE',  ( -0.1174940911874327600, 0.03085860684608407500, -0.6936514347723170500 ) ) ;
#1776 = CARTESIAN_POINT ( 'NONE',  ( 0.0000000000000000000, -1.000000000000000000, 0.0000000000000000000 ) ) ;
#1777 = ORIENTED_EDGE ( 'NONE', *, *, #1882, .F. ) ;
#1778 = COLOUR_RGB ( '',1.000000000000000000, 1.000000000000000000, 1.000000000000000000 ) ;
#1779 =( CONVERSION_BASED_UNIT ( 'INCH', #680 ) LENGTH_UNIT ( ) NAMED_UNIT ( #423 ) );
#1780 = CARTESIAN_POINT ( 'NONE',  ( 0.09674616222780445300, 0.06942951895689246400, -0.6986248464778320700 ) ) ;
#1781 = ORIENTED_EDGE ( 'NONE', *, *, #464, .T. ) ;
#1782 = FACE_OUTER_BOUND ( 'NONE', #595, .T. ) ;
#1783 = CARTESIAN_POINT ( 'NONE',  ( 0.0000000000000000000, 0.9899999999999997700, 2.407746065943349800E-019 ) ) ;
#1784 =( GEOMETRIC_REPRESENTATION_CONTEXT ( 3 ) GLOBAL_UNCERTAINTY_ASSIGNED_CONTEXT ( ( #1255 ) ) GLOBAL_UNIT_ASSIGNED_CONTEXT ( ( #658, #1858, #1827 ) ) REPRESENTATION_CONTEXT ( 'NONE', 'WORKASPACE' ) );
#1785 = LINE ( 'NONE', #960, #946 ) ;
#1786 = CARTESIAN_POINT ( 'NONE',  ( -0.06137926737766779400, -0.1047885335674680900, 0.7050615178377112000 ) ) ;
#1787 = CARTESIAN_POINT ( 'NONE',  ( -1.372551047946338700E-016, -0.4296135077877300000, 0.0000000000000000000 ) ) ;
#1788 = CARTESIAN_POINT ( 'NONE',  ( 0.1175000000000000200, 0.01143431892226744900, 0.6936484320004638900 ) ) ;
#1789 = DIMENSIONAL_EXPONENTS ( 1.000000000000000000, 0.0000000000000000000, 0.0000000000000000000, 0.0000000000000000000, 0.0000000000000000000, 0.0000000000000000000, 0.0000000000000000000 ) ;
#1790 = CARTESIAN_POINT ( 'NONE',  ( -0.1174999999987577400, 0.01143172569838311900, -0.6936509539212946100 ) ) ;
#1791 = ADVANCED_FACE ( 'NONE', ( #350 ), #466, .F. ) ;
#1792 = CARTESIAN_POINT ( 'NONE',  ( 0.02528762711512512100, -0.1157715463300771500, 0.7078743403514373700 ) ) ;
#1793 =( NAMED_UNIT ( * ) SI_UNIT ( $, .STERADIAN. ) SOLID_ANGLE_UNIT ( ) );
#1794 = CARTESIAN_POINT ( 'NONE',  ( -0.03914264145324151300, -0.1405573839117246800, 0.7422070781031598900 ) ) ;
#1796 = ORIENTED_EDGE ( 'NONE', *, *, #870, .F. ) ;
#1795 = DIRECTION ( 'NONE',  ( -0.0000000000000000000, 1.000000000000000000, -0.0000000000000000000 ) ) ;
#1797 = CARTESIAN_POINT ( 'NONE',  ( 0.1139409277060652600, -0.09536320054338173800, 0.7342457044931609600 ) ) ;
#1798 = CYLINDRICAL_SURFACE ( 'NONE', #825, 0.1004999999999998900 ) ;
#1799 = PRESENTATION_STYLE_ASSIGNMENT (( #709 ) ) ;
#1800 = CARTESIAN_POINT ( 'NONE',  ( 0.0000000000000000000, 0.9499999999999997300, 0.0000000000000000000 ) ) ;
#1801 = LINE ( 'NONE', #976, #1266 ) ;
#1802 = DIRECTION ( 'NONE',  ( 1.000000000000000000, 0.0000000000000000000, 0.0000000000000000000 ) ) ;
#1803 = CARTESIAN_POINT ( 'NONE',  ( 5.967955003737538900E-017, 0.9999999999999998900, -0.4873205080756886100 ) ) ;
#1804 = DIRECTION ( 'NONE',  ( 0.0000000000000000000, 0.0000000000000000000, 1.000000000000000000 ) ) ;
#1805 = CARTESIAN_POINT ( 'NONE',  ( -0.1175059051637003100, -0.03090001901132497300, -0.6936491488621627800 ) ) ;
#1806 = VECTOR ( 'NONE', #57, 39.37007874015748100 ) ;
#1807 = EDGE_CURVE ( 'NONE', #555, #1754, #1131, .T. ) ;
#1808 = DIRECTION ( 'NONE',  ( 0.0000000000000000000, 0.5150380749100550400, 0.8571673007021117800 ) ) ;
#1809 = DIRECTION ( 'NONE',  ( 0.0000000000000000000, 0.0000000000000000000, -1.000000000000000000 ) ) ;
#1810 =( NAMED_UNIT ( * ) PLANE_ANGLE_UNIT ( ) SI_UNIT ( $, .RADIAN. ) );
#1811 = CARTESIAN_POINT ( 'NONE',  ( -0.1512847657622835600, 0.0001569368183612192500, 0.7274351652540939100 ) ) ;
#1812 = CARTESIAN_POINT ( 'NONE',  ( -0.01726200637388714300, -0.1434283269227386600, -0.7428277959312694600 ) ) ;
#1813 = DIRECTION ( 'NONE',  ( -0.0000000000000000000, 1.000000000000000000, -0.0000000000000000000 ) ) ;
#1814 = ORIENTED_EDGE ( 'NONE', *, *, #1316, .F. ) ;
#1815 = LENGTH_MEASURE_WITH_UNIT ( LENGTH_MEASURE( 0.02539999999999999900 ), #475 );
#1816 = CARTESIAN_POINT ( 'NONE',  ( -7.391720721624669400E-017, 0.1442586111360690000, -0.7429999999999999900 ) ) ;
#1817 = ORIENTED_EDGE ( 'NONE', *, *, #1391, .F. ) ;
#1818 = UNCERTAINTY_MEASURE_WITH_UNIT (LENGTH_MEASURE( 1.000000000000000100E-005 ), #1899, 'distance_accuracy_value', 'NONE');
#1819 = CARTESIAN_POINT ( 'NONE',  ( 0.0000000000000000000, 0.9899999999999997700, 0.0000000000000000000 ) ) ;
#1820 = CARTESIAN_POINT ( 'NONE',  ( 0.1512537357474564000, -0.03794806855193186300, 0.7274404176064176400 ) ) ;
#1821 = CARTESIAN_POINT ( 'NONE',  ( 0.09529100949673786900, 0.06889758906280543700, 0.6988140919932039900 ) ) ;
#1822 =( NAMED_UNIT ( * ) SI_UNIT ( $, .STERADIAN. ) SOLID_ANGLE_UNIT ( ) );
#1823 = LENGTH_MEASURE_WITH_UNIT ( LENGTH_MEASURE( 0.02539999999999999900 ), #1593 );
#1824 = CARTESIAN_POINT ( 'NONE',  ( 0.08648753364828550000, 0.07968087899981306200, 0.7004913343243257500 ) ) ;
#1825 = MECHANICAL_DESIGN_GEOMETRIC_PRESENTATION_REPRESENTATION (  '', ( #966 ), #1073 ) ;
#1826 = FILL_AREA_STYLE_COLOUR ( '', #963 ) ;
#1827 =( NAMED_UNIT ( * ) SI_UNIT ( $, .STERADIAN. ) SOLID_ANGLE_UNIT ( ) );
#1828 =( NAMED_UNIT ( * ) PLANE_ANGLE_UNIT ( ) SI_UNIT ( $, .RADIAN. ) );
#1829 = CYLINDRICAL_SURFACE ( 'NONE', #1241, 0.1249999999999998300 ) ;
#1830 = AXIS2_PLACEMENT_3D ( 'NONE', #669, #1763, #940 ) ;
#1831 = STYLED_ITEM ( 'NONE', ( #1852 ), #1503 ) ;
#1832 = DIRECTION ( 'NONE',  ( -0.0000000000000000000, 1.000000000000000000, -0.0000000000000000000 ) ) ;
#1833 =( CONVERSION_BASED_UNIT ( 'INCH', #1681 ) LENGTH_UNIT ( ) NAMED_UNIT ( #829 ) );
#1834 = ORIENTED_EDGE ( 'NONE', *, *, #734, .F. ) ;
#1835 = ORIENTED_EDGE ( 'NONE', *, *, #1712, .F. ) ;
#1836 = CARTESIAN_POINT ( 'NONE',  ( 0.0000000000000000000, -0.9999999999999998900, 2.407746065943349800E-019 ) ) ;
#1837 = FACE_OUTER_BOUND ( 'NONE', #1507, .T. ) ;
#1838 =( LENGTH_UNIT ( ) NAMED_UNIT ( * ) SI_UNIT ( $, .METRE. ) );
#1839 = CARTESIAN_POINT ( 'NONE',  ( 0.1174758300439813400, -0.03090908250760065700, 0.6936553175214818000 ) ) ;
#1840 =( LENGTH_UNIT ( ) NAMED_UNIT ( * ) SI_UNIT ( $, .METRE. ) );
#1841 =( NAMED_UNIT ( * ) SI_UNIT ( $, .STERADIAN. ) SOLID_ANGLE_UNIT ( ) );
#1842 = AXIS2_PLACEMENT_3D ( 'NONE', #1342, #497, #1575 ) ;
#1843 = CARTESIAN_POINT ( 'NONE',  ( 0.0000000000000000000, 0.4899999999999998200, 0.0000000000000000000 ) ) ;
#1844 =( NAMED_UNIT ( * ) SI_UNIT ( $, .STERADIAN. ) SOLID_ANGLE_UNIT ( ) );
#1845 = SURFACE_SIDE_STYLE ('',( #747 ) ) ;
#1846 = VERTEX_POINT ( 'NONE', #1664 ) ;
#1847 = SURFACE_STYLE_FILL_AREA ( #750 ) ;
#1848 = ORIENTED_EDGE ( 'NONE', *, *, #724, .T. ) ;
#1849 = CYLINDRICAL_SURFACE ( 'NONE', #82, 0.1174999999999999900 ) ;
#1850 = CARTESIAN_POINT ( 'NONE',  ( 0.04857694207287376700, -0.1368650957585536000, -0.7414699983956044600 ) ) ;
#1851 =( CONVERSION_BASED_UNIT ( 'INCH', #753 ) LENGTH_UNIT ( ) NAMED_UNIT ( #1699 ) );
#1852 = PRESENTATION_STYLE_ASSIGNMENT (( #755 ) ) ;
#1853 = AXIS2_PLACEMENT_3D ( 'NONE', #1128, #302, #1380 ) ;
#1854 =( NAMED_UNIT ( * ) PLANE_ANGLE_UNIT ( ) SI_UNIT ( $, .RADIAN. ) );
#1855 = DIMENSIONAL_EXPONENTS ( 1.000000000000000000, 0.0000000000000000000, 0.0000000000000000000, 0.0000000000000000000, 0.0000000000000000000, 0.0000000000000000000, 0.0000000000000000000 ) ;
#1856 = LENGTH_MEASURE_WITH_UNIT ( LENGTH_MEASURE( 0.02539999999999999900 ), #1082 );
#1857 = PRESENTATION_STYLE_ASSIGNMENT (( #693 ) ) ;
#1858 =( NAMED_UNIT ( * ) PLANE_ANGLE_UNIT ( ) SI_UNIT ( $, .RADIAN. ) );
#1859 = CONICAL_SURFACE ( 'NONE', #979, 0.1004999999999998900, 1.029744258676653400 ) ;
#1860 = FILL_AREA_STYLE_COLOUR ( '', #417 ) ;
#1861 = VERTEX_POINT ( 'NONE', #31 ) ;
#1863 = ORIENTED_EDGE ( 'NONE', *, *, #156, .F. ) ;
#1862 = CARTESIAN_POINT ( 'NONE',  ( -0.07629442023015055300, -0.08988127614270846600, -0.7023470836152846400 ) ) ;
#1864 = PRESENTATION_STYLE_ASSIGNMENT (( #778 ) ) ;
#1865 = CARTESIAN_POINT ( 'NONE',  ( 0.1348368799999779500, 0.07545014513382532200, -0.7311282857042616900 ) ) ;
#1866 = B_SPLINE_CURVE_WITH_KNOTS ( 'NONE', 3,
 ( #272, #1351, #505, #1586, #752, #1850, #1016, #200, #1261, #416, #1498, #647, #1739, #921, #102, #1164, #335, #1419, #571, #1645, #823, #9, #1072, #248, #1323, #476, #1561, #725, #1816 ),
 .UNSPECIFIED., .F., .F.,
 ( 4, 2, 1, 2, 2, 2, 2, 2, 2, 2, 2, 2, 2, 2, 4 ),
 ( 0.4998474123411360000, 0.5154771807054755500, 0.5311069490698150400, 0.5623664857984940200, 0.5936260225271730000, 0.6248855592558521000, 0.6874046327132100600, 0.7186641694418891600, 0.7499237061705681400, 0.8124427796279261000, 0.8280725479922657100, 0.8437023163566050900, 0.8749618530852840700, 0.9374809265426420300, 1.000000000000000000 ),
 .UNSPECIFIED. ) ;
#1867 = DIRECTION ( 'NONE',  ( 0.0000000000000000000, 1.000000000000000000, 0.0000000000000000000 ) ) ;
#1868 = CARTESIAN_POINT ( 'NONE',  ( 0.06958655970182003900, -0.09658931465211456600, -0.7035677990674783500 ) ) ;
#1869 = CIRCLE ( 'NONE', #1189, 0.4873205080756886100 ) ;
#1870 =( LENGTH_UNIT ( ) NAMED_UNIT ( * ) SI_UNIT ( $, .METRE. ) );
#1871 = CARTESIAN_POINT ( 'NONE',  ( -0.1174999374567698000, -3.984688658387947200E-010, 0.6936503176335601100 ) ) ;
#1872 = CARTESIAN_POINT ( 'NONE',  ( 0.07896529952769090800, 0.1287023344168118900, -0.7394106046448575300 ) ) ;
#1873 = ORIENTED_EDGE ( 'NONE', *, *, #16, .F. ) ;
#1874 = PRESENTATION_STYLE_ASSIGNMENT (( #788 ) ) ;
#1875 = CARTESIAN_POINT ( 'NONE',  ( 0.02526048784548523900, 0.1157782253964109600, -0.7078786250427016000 ) ) ;
#1876 = PLANE ( 'NONE',  #157 ) ;
#1877 = CARTESIAN_POINT ( 'NONE',  ( 0.1512848552846972100, 2.134256245050205600E-018, 0.7274351466361026500 ) ) ;
#1878 = CARTESIAN_POINT ( 'NONE',  ( 0.0000000000000000000, -0.9499999999999997300, 0.0000000000000000000 ) ) ;
#1879 = EDGE_CURVE ( 'NONE', #701, #1070, #826, .T. ) ;
#1880 =( NAMED_UNIT ( * ) SI_UNIT ( $, .STERADIAN. ) SOLID_ANGLE_UNIT ( ) );
#1881 = CARTESIAN_POINT ( 'NONE',  ( -0.06911879997204625800, 0.09512907838027537300, 0.7033697590214037500 ) ) ;
#1882 = EDGE_CURVE ( 'NONE', #34, #1754, #832, .T. ) ;
#1883 = SURFACE_SIDE_STYLE ('',( #798 ) ) ;
#1884 = COLOUR_RGB ( '',1.000000000000000000, 1.000000000000000000, 1.000000000000000000 ) ;
#1885 = CARTESIAN_POINT ( 'NONE',  ( -0.1080493729415172300, -0.04680770987971714200, 0.6961495867822321500 ) ) ;
#1886 = FILL_AREA_STYLE ('',( #659 ) ) ;
#1887 = CARTESIAN_POINT ( 'NONE',  ( -5.967955003737538900E-017, -0.9999999999999998900, -0.4873205080756886100 ) ) ;
#1888 = PRESENTATION_LAYER_ASSIGNMENT (  '', '', ( #324 ) ) ;
#1889 = CARTESIAN_POINT ( 'NONE',  ( 0.0000000000000000000, 0.9499999999999997300, 0.0000000000000000000 ) ) ;
#1890 =( GEOMETRIC_REPRESENTATION_CONTEXT ( 3 ) GLOBAL_UNCERTAINTY_ASSIGNED_CONTEXT ( ( #168 ) ) GLOBAL_UNIT_ASSIGNED_CONTEXT ( ( #1761, #1187, #584 ) ) REPRESENTATION_CONTEXT ( 'NONE', 'WORKASPACE' ) );
#1891 = FACE_OUTER_BOUND ( 'NONE', #1319, .T. ) ;
#1892 = SURFACE_SIDE_STYLE ('',( #624 ) ) ;
#1893 = ORIENTED_EDGE ( 'NONE', *, *, #524, .F. ) ;
#1894 = ORIENTED_EDGE ( 'NONE', *, *, #144, .T. ) ;
#1895 = VERTEX_POINT ( 'NONE', #368 ) ;
#1896 = EDGE_CURVE ( 'NONE', #325, #775, #1566, .T. ) ;
#1897 = CARTESIAN_POINT ( 'NONE',  ( 0.1210318239148484300, 0.08860952704770967700, 0.7332128582396234600 ) ) ;
#1898 = DIRECTION ( 'NONE',  ( 0.0000000000000000000, 0.0000000000000000000, 1.000000000000000000 ) ) ;
#1899 =( CONVERSION_BASED_UNIT ( 'INCH', #811 ) LENGTH_UNIT ( ) NAMED_UNIT ( #1018 ) );
#1900 = CARTESIAN_POINT ( 'NONE',  ( 0.1174999999999999900, 2.134256245050205600E-018, 0.6936502913514045500 ) ) ;
#1901 = CARTESIAN_POINT ( 'NONE',  ( 0.03978652718023983900, 0.1442882818768726500, -0.7430051793525700400 ) ) ;
#1902 = EDGE_CURVE ( 'NONE', #1070, #701, #1770, .T. ) ;
#1903 = AXIS2_PLACEMENT_3D ( 'NONE', #422, #1208, #601 ) ;
ENDSEC;
END-ISO-10303-21;
