ISO-10303-21;
HEADER;
FILE_DESCRIPTION (( 'STEP AP203' ),
    '1' );
FILE_NAME ('18356-E01.STEP',
    '2013-04-04T13:37:06',
    ( '' ),
    ( '' ),
    'SwSTEP 2.0',
    'SolidWorks 2012',
    '' );
FILE_SCHEMA (( 'CONFIG_CONTROL_DESIGN' ));
ENDSEC;

DATA;
#1 = SHAPE_REPRESENTATION_RELATIONSHIP ( 'NONE' , 'NONE' ,  #3661, #9154 ) ;
#2 = SHAPE_REPRESENTATION_RELATIONSHIP ( 'NONE' , 'NONE' ,  #3653, #9152 ) ;
#3 = SHAPE_REPRESENTATION_RELATIONSHIP ( 'NONE' , 'NONE' ,  #3655, #9148 ) ;
#4 = SHAPE_REPRESENTATION_RELATIONSHIP ( 'NONE' , 'NONE' ,  #3662, #9146 ) ;
#5 = SHAPE_REPRESENTATION_RELATIONSHIP ( 'NONE' , 'NONE' ,  #3663, #9145 ) ;
#6 = SHAPE_REPRESENTATION_RELATIONSHIP ( 'NONE' , 'NONE' ,  #3656, #9143 ) ;
#7 = SHAPE_REPRESENTATION_RELATIONSHIP ( 'NONE' , 'NONE' ,  #3660, #9141 ) ;
#8 = SHAPE_DEFINITION_REPRESENTATION ( #7917, #3657 ) ;
#9 = SHAPE_DEFINITION_REPRESENTATION ( #7916, #3660 ) ;
#10 = SHAPE_DEFINITION_REPRESENTATION ( #7920, #3656 ) ;
#11 = SHAPE_DEFINITION_REPRESENTATION ( #7919, #3663 ) ;
#12 = SHAPE_DEFINITION_REPRESENTATION ( #7924, #3662 ) ;
#13 = SHAPE_DEFINITION_REPRESENTATION ( #7921, #3655 ) ;
#14 = SHAPE_DEFINITION_REPRESENTATION ( #7923, #3654 ) ;
#15 = SHAPE_DEFINITION_REPRESENTATION ( #7922, #3653 ) ;
#16 = SHAPE_DEFINITION_REPRESENTATION ( #7925, #3661 ) ;
#17 = SHAPE_DEFINITION_REPRESENTATION ( #7929, #3659 ) ;
#18 = SHAPE_DEFINITION_REPRESENTATION ( #7926, #3658 ) ;
#19 = ORGANIZATION ( 'UNSPECIFIED', 'UNSPECIFIED', '' ) ;
#20 = PERSON_AND_ORGANIZATION ( #7480, #19 ) ;
#21 = PERSON_AND_ORGANIZATION ( #7480, #19 ) ;
#22 = APPROVAL_PERSON_ORGANIZATION ( #21, #7654, #919 ) ;
#23 = COORDINATED_UNIVERSAL_TIME_OFFSET ( 1, 0, .AHEAD. ) ;
#24 = LOCAL_TIME ( 15, 37, 6.000000000000000000, #23 ) ;
#25 = CALENDAR_DATE ( 2013, 4, 4 ) ;
#26 = DATE_AND_TIME ( #25, #24 ) ;
#27 = APPROVAL_DATE_TIME ( #26, #7654 ) ;
#28 = PERSON_AND_ORGANIZATION ( #7480, #19 ) ;
#29 = COORDINATED_UNIVERSAL_TIME_OFFSET ( 1, 0, .AHEAD. ) ;
#30 = LOCAL_TIME ( 15, 37, 6.000000000000000000, #29 ) ;
#31 = CALENDAR_DATE ( 2013, 4, 4 ) ;
#32 = DATE_AND_TIME ( #31, #30 ) ;
#33 = PERSON_AND_ORGANIZATION ( #7480, #19 ) ;
#34 = APPROVAL_PERSON_ORGANIZATION ( #33, #7659, #923 ) ;
#35 = COORDINATED_UNIVERSAL_TIME_OFFSET ( 1, 0, .AHEAD. ) ;
#36 = LOCAL_TIME ( 15, 37, 6.000000000000000000, #35 ) ;
#37 = CALENDAR_DATE ( 2013, 4, 4 ) ;
#38 = DATE_AND_TIME ( #37, #36 ) ;
#39 = APPROVAL_DATE_TIME ( #38, #7659 ) ;
#40 = PERSON_AND_ORGANIZATION ( #7480, #19 ) ;
#41 = PERSON_AND_ORGANIZATION ( #7480, #19 ) ;
#42 = PERSON_AND_ORGANIZATION ( #7480, #19 ) ;
#43 = COORDINATED_UNIVERSAL_TIME_OFFSET ( 1, 0, .AHEAD. ) ;
#44 = LOCAL_TIME ( 15, 37, 6.000000000000000000, #43 ) ;
#45 = CALENDAR_DATE ( 2013, 4, 4 ) ;
#46 = DATE_AND_TIME ( #45, #44 ) ;
#47 = PERSON_AND_ORGANIZATION ( #7480, #19 ) ;
#48 = APPROVAL_PERSON_ORGANIZATION ( #47, #7666, #930 ) ;
#49 = COORDINATED_UNIVERSAL_TIME_OFFSET ( 1, 0, .AHEAD. ) ;
#50 = LOCAL_TIME ( 15, 37, 6.000000000000000000, #49 ) ;
#51 = CALENDAR_DATE ( 2013, 4, 4 ) ;
#52 = DATE_AND_TIME ( #51, #50 ) ;
#53 = APPROVAL_DATE_TIME ( #52, #7666 ) ;
#54 = PERSON_AND_ORGANIZATION ( #7480, #19 ) ;
#55 = PERSON_AND_ORGANIZATION ( #7480, #19 ) ;
#56 = APPROVAL_PERSON_ORGANIZATION ( #55, #7671, #937 ) ;
#57 = COORDINATED_UNIVERSAL_TIME_OFFSET ( 1, 0, .AHEAD. ) ;
#58 = LOCAL_TIME ( 15, 37, 6.000000000000000000, #57 ) ;
#59 = CALENDAR_DATE ( 2013, 4, 4 ) ;
#60 = DATE_AND_TIME ( #59, #58 ) ;
#61 = APPROVAL_DATE_TIME ( #60, #7671 ) ;
#62 = PERSON_AND_ORGANIZATION ( #7480, #19 ) ;
#63 = COORDINATED_UNIVERSAL_TIME_OFFSET ( 1, 0, .AHEAD. ) ;
#64 = LOCAL_TIME ( 15, 37, 6.000000000000000000, #63 ) ;
#65 = CALENDAR_DATE ( 2013, 4, 4 ) ;
#66 = DATE_AND_TIME ( #65, #64 ) ;
#67 = PERSON_AND_ORGANIZATION ( #7480, #19 ) ;
#68 = APPROVAL_PERSON_ORGANIZATION ( #67, #7676, #941 ) ;
#69 = COORDINATED_UNIVERSAL_TIME_OFFSET ( 1, 0, .AHEAD. ) ;
#70 = LOCAL_TIME ( 15, 37, 6.000000000000000000, #69 ) ;
#71 = CALENDAR_DATE ( 2013, 4, 4 ) ;
#72 = DATE_AND_TIME ( #71, #70 ) ;
#73 = APPROVAL_DATE_TIME ( #72, #7676 ) ;
#74 = PERSON_AND_ORGANIZATION ( #7480, #19 ) ;
#75 = PERSON_AND_ORGANIZATION ( #7480, #19 ) ;
#76 = PERSON_AND_ORGANIZATION ( #7480, #19 ) ;
#77 = COORDINATED_UNIVERSAL_TIME_OFFSET ( 1, 0, .AHEAD. ) ;
#78 = LOCAL_TIME ( 15, 37, 6.000000000000000000, #77 ) ;
#79 = CALENDAR_DATE ( 2013, 4, 4 ) ;
#80 = DATE_AND_TIME ( #79, #78 ) ;
#81 = PERSON_AND_ORGANIZATION ( #7480, #19 ) ;
#82 = APPROVAL_PERSON_ORGANIZATION ( #81, #7683, #948 ) ;
#83 = COORDINATED_UNIVERSAL_TIME_OFFSET ( 1, 0, .AHEAD. ) ;
#84 = LOCAL_TIME ( 15, 37, 6.000000000000000000, #83 ) ;
#85 = CALENDAR_DATE ( 2013, 4, 4 ) ;
#86 = DATE_AND_TIME ( #85, #84 ) ;
#87 = APPROVAL_DATE_TIME ( #86, #7683 ) ;
#88 = PERSON_AND_ORGANIZATION ( #7480, #19 ) ;
#89 = PERSON_AND_ORGANIZATION ( #7480, #19 ) ;
#90 = APPROVAL_PERSON_ORGANIZATION ( #89, #7688, #955 ) ;
#91 = COORDINATED_UNIVERSAL_TIME_OFFSET ( 1, 0, .AHEAD. ) ;
#92 = LOCAL_TIME ( 15, 37, 6.000000000000000000, #91 ) ;
#93 = CALENDAR_DATE ( 2013, 4, 4 ) ;
#94 = DATE_AND_TIME ( #93, #92 ) ;
#95 = APPROVAL_DATE_TIME ( #94, #7688 ) ;
#96 = PERSON_AND_ORGANIZATION ( #7480, #19 ) ;
#97 = COORDINATED_UNIVERSAL_TIME_OFFSET ( 1, 0, .AHEAD. ) ;
#98 = LOCAL_TIME ( 15, 37, 6.000000000000000000, #97 ) ;
#99 = CALENDAR_DATE ( 2013, 4, 4 ) ;
#100 = DATE_AND_TIME ( #99, #98 ) ;
#101 = PERSON_AND_ORGANIZATION ( #7480, #19 ) ;
#102 = APPROVAL_PERSON_ORGANIZATION ( #101, #7693, #959 ) ;
#103 = COORDINATED_UNIVERSAL_TIME_OFFSET ( 1, 0, .AHEAD. ) ;
#104 = LOCAL_TIME ( 15, 37, 6.000000000000000000, #103 ) ;
#105 = CALENDAR_DATE ( 2013, 4, 4 ) ;
#106 = DATE_AND_TIME ( #105, #104 ) ;
#107 = APPROVAL_DATE_TIME ( #106, #7693 ) ;
#108 = PERSON_AND_ORGANIZATION ( #7480, #19 ) ;
#109 = PERSON_AND_ORGANIZATION ( #7480, #19 ) ;
#110 = PERSON_AND_ORGANIZATION ( #7480, #19 ) ;
#111 = COORDINATED_UNIVERSAL_TIME_OFFSET ( 1, 0, .AHEAD. ) ;
#112 = LOCAL_TIME ( 15, 37, 6.000000000000000000, #111 ) ;
#113 = CALENDAR_DATE ( 2013, 4, 4 ) ;
#114 = DATE_AND_TIME ( #113, #112 ) ;
#115 = PERSON_AND_ORGANIZATION ( #7480, #19 ) ;
#116 = APPROVAL_PERSON_ORGANIZATION ( #115, #7700, #966 ) ;
#117 = COORDINATED_UNIVERSAL_TIME_OFFSET ( 1, 0, .AHEAD. ) ;
#118 = LOCAL_TIME ( 15, 37, 6.000000000000000000, #117 ) ;
#119 = CALENDAR_DATE ( 2013, 4, 4 ) ;
#120 = DATE_AND_TIME ( #119, #118 ) ;
#121 = APPROVAL_DATE_TIME ( #120, #7700 ) ;
#122 = PERSON_AND_ORGANIZATION ( #7480, #19 ) ;
#123 = PERSON_AND_ORGANIZATION ( #7480, #19 ) ;
#124 = APPROVAL_PERSON_ORGANIZATION ( #123, #7705, #973 ) ;
#125 = COORDINATED_UNIVERSAL_TIME_OFFSET ( 1, 0, .AHEAD. ) ;
#126 = LOCAL_TIME ( 15, 37, 6.000000000000000000, #125 ) ;
#127 = CALENDAR_DATE ( 2013, 4, 4 ) ;
#128 = DATE_AND_TIME ( #127, #126 ) ;
#129 = APPROVAL_DATE_TIME ( #128, #7705 ) ;
#130 = PERSON_AND_ORGANIZATION ( #7480, #19 ) ;
#131 = COORDINATED_UNIVERSAL_TIME_OFFSET ( 1, 0, .AHEAD. ) ;
#132 = LOCAL_TIME ( 15, 37, 6.000000000000000000, #131 ) ;
#133 = CALENDAR_DATE ( 2013, 4, 4 ) ;
#134 = DATE_AND_TIME ( #133, #132 ) ;
#135 = PERSON_AND_ORGANIZATION ( #7480, #19 ) ;
#136 = APPROVAL_PERSON_ORGANIZATION ( #135, #7710, #977 ) ;
#137 = COORDINATED_UNIVERSAL_TIME_OFFSET ( 1, 0, .AHEAD. ) ;
#138 = LOCAL_TIME ( 15, 37, 6.000000000000000000, #137 ) ;
#139 = CALENDAR_DATE ( 2013, 4, 4 ) ;
#140 = DATE_AND_TIME ( #139, #138 ) ;
#141 = APPROVAL_DATE_TIME ( #140, #7710 ) ;
#142 = PERSON_AND_ORGANIZATION ( #7480, #19 ) ;
#143 = PERSON_AND_ORGANIZATION ( #7480, #19 ) ;
#144 = PERSON_AND_ORGANIZATION ( #7480, #19 ) ;
#145 = COORDINATED_UNIVERSAL_TIME_OFFSET ( 1, 0, .AHEAD. ) ;
#146 = LOCAL_TIME ( 15, 37, 6.000000000000000000, #145 ) ;
#147 = CALENDAR_DATE ( 2013, 4, 4 ) ;
#148 = DATE_AND_TIME ( #147, #146 ) ;
#149 = PERSON_AND_ORGANIZATION ( #7480, #19 ) ;
#150 = APPROVAL_PERSON_ORGANIZATION ( #149, #7717, #984 ) ;
#151 = COORDINATED_UNIVERSAL_TIME_OFFSET ( 1, 0, .AHEAD. ) ;
#152 = LOCAL_TIME ( 15, 37, 6.000000000000000000, #151 ) ;
#153 = CALENDAR_DATE ( 2013, 4, 4 ) ;
#154 = DATE_AND_TIME ( #153, #152 ) ;
#155 = APPROVAL_DATE_TIME ( #154, #7717 ) ;
#156 = PERSON_AND_ORGANIZATION ( #7480, #19 ) ;
#157 = PERSON_AND_ORGANIZATION ( #7480, #19 ) ;
#158 = APPROVAL_PERSON_ORGANIZATION ( #157, #7722, #991 ) ;
#159 = COORDINATED_UNIVERSAL_TIME_OFFSET ( 1, 0, .AHEAD. ) ;
#160 = LOCAL_TIME ( 15, 37, 6.000000000000000000, #159 ) ;
#161 = CALENDAR_DATE ( 2013, 4, 4 ) ;
#162 = DATE_AND_TIME ( #161, #160 ) ;
#163 = APPROVAL_DATE_TIME ( #162, #7722 ) ;
#164 = PERSON_AND_ORGANIZATION ( #7480, #19 ) ;
#165 = COORDINATED_UNIVERSAL_TIME_OFFSET ( 1, 0, .AHEAD. ) ;
#166 = LOCAL_TIME ( 15, 37, 6.000000000000000000, #165 ) ;
#167 = CALENDAR_DATE ( 2013, 4, 4 ) ;
#168 = DATE_AND_TIME ( #167, #166 ) ;
#169 = PERSON_AND_ORGANIZATION ( #7480, #19 ) ;
#170 = APPROVAL_PERSON_ORGANIZATION ( #169, #7727, #995 ) ;
#171 = COORDINATED_UNIVERSAL_TIME_OFFSET ( 1, 0, .AHEAD. ) ;
#172 = LOCAL_TIME ( 15, 37, 6.000000000000000000, #171 ) ;
#173 = CALENDAR_DATE ( 2013, 4, 4 ) ;
#174 = DATE_AND_TIME ( #173, #172 ) ;
#175 = APPROVAL_DATE_TIME ( #174, #7727 ) ;
#176 = PERSON_AND_ORGANIZATION ( #7480, #19 ) ;
#177 = PERSON_AND_ORGANIZATION ( #7480, #19 ) ;
#178 = PERSON_AND_ORGANIZATION ( #7480, #19 ) ;
#179 = COORDINATED_UNIVERSAL_TIME_OFFSET ( 1, 0, .AHEAD. ) ;
#180 = LOCAL_TIME ( 15, 37, 6.000000000000000000, #179 ) ;
#181 = CALENDAR_DATE ( 2013, 4, 4 ) ;
#182 = DATE_AND_TIME ( #181, #180 ) ;
#183 = PERSON_AND_ORGANIZATION ( #7480, #19 ) ;
#184 = APPROVAL_PERSON_ORGANIZATION ( #183, #7734, #1002 ) ;
#185 = COORDINATED_UNIVERSAL_TIME_OFFSET ( 1, 0, .AHEAD. ) ;
#186 = LOCAL_TIME ( 15, 37, 6.000000000000000000, #185 ) ;
#187 = CALENDAR_DATE ( 2013, 4, 4 ) ;
#188 = DATE_AND_TIME ( #187, #186 ) ;
#189 = APPROVAL_DATE_TIME ( #188, #7734 ) ;
#190 = PERSON_AND_ORGANIZATION ( #7480, #19 ) ;
#191 = PERSON_AND_ORGANIZATION ( #7480, #19 ) ;
#192 = APPROVAL_PERSON_ORGANIZATION ( #191, #7739, #1009 ) ;
#193 = COORDINATED_UNIVERSAL_TIME_OFFSET ( 1, 0, .AHEAD. ) ;
#194 = LOCAL_TIME ( 15, 37, 6.000000000000000000, #193 ) ;
#195 = CALENDAR_DATE ( 2013, 4, 4 ) ;
#196 = DATE_AND_TIME ( #195, #194 ) ;
#197 = APPROVAL_DATE_TIME ( #196, #7739 ) ;
#198 = PERSON_AND_ORGANIZATION ( #7480, #19 ) ;
#199 = COORDINATED_UNIVERSAL_TIME_OFFSET ( 1, 0, .AHEAD. ) ;
#200 = LOCAL_TIME ( 15, 37, 6.000000000000000000, #199 ) ;
#201 = CALENDAR_DATE ( 2013, 4, 4 ) ;
#202 = DATE_AND_TIME ( #201, #200 ) ;
#203 = PERSON_AND_ORGANIZATION ( #7480, #19 ) ;
#204 = APPROVAL_PERSON_ORGANIZATION ( #203, #7744, #1013 ) ;
#205 = COORDINATED_UNIVERSAL_TIME_OFFSET ( 1, 0, .AHEAD. ) ;
#206 = LOCAL_TIME ( 15, 37, 6.000000000000000000, #205 ) ;
#207 = CALENDAR_DATE ( 2013, 4, 4 ) ;
#208 = DATE_AND_TIME ( #207, #206 ) ;
#209 = APPROVAL_DATE_TIME ( #208, #7744 ) ;
#210 = PERSON_AND_ORGANIZATION ( #7480, #19 ) ;
#211 = PERSON_AND_ORGANIZATION ( #7480, #19 ) ;
#212 = PERSON_AND_ORGANIZATION ( #7480, #19 ) ;
#213 = COORDINATED_UNIVERSAL_TIME_OFFSET ( 1, 0, .AHEAD. ) ;
#214 = LOCAL_TIME ( 15, 37, 6.000000000000000000, #213 ) ;
#215 = CALENDAR_DATE ( 2013, 4, 4 ) ;
#216 = DATE_AND_TIME ( #215, #214 ) ;
#217 = PERSON_AND_ORGANIZATION ( #7480, #19 ) ;
#218 = APPROVAL_PERSON_ORGANIZATION ( #217, #7751, #1020 ) ;
#219 = COORDINATED_UNIVERSAL_TIME_OFFSET ( 1, 0, .AHEAD. ) ;
#220 = LOCAL_TIME ( 15, 37, 6.000000000000000000, #219 ) ;
#221 = CALENDAR_DATE ( 2013, 4, 4 ) ;
#222 = DATE_AND_TIME ( #221, #220 ) ;
#223 = APPROVAL_DATE_TIME ( #222, #7751 ) ;
#224 = PERSON_AND_ORGANIZATION ( #7480, #19 ) ;
#225 = PERSON_AND_ORGANIZATION ( #7480, #19 ) ;
#226 = APPROVAL_PERSON_ORGANIZATION ( #225, #7756, #1027 ) ;
#227 = COORDINATED_UNIVERSAL_TIME_OFFSET ( 1, 0, .AHEAD. ) ;
#228 = LOCAL_TIME ( 15, 37, 6.000000000000000000, #227 ) ;
#229 = CALENDAR_DATE ( 2013, 4, 4 ) ;
#230 = DATE_AND_TIME ( #229, #228 ) ;
#231 = APPROVAL_DATE_TIME ( #230, #7756 ) ;
#232 = PERSON_AND_ORGANIZATION ( #7480, #19 ) ;
#233 = COORDINATED_UNIVERSAL_TIME_OFFSET ( 1, 0, .AHEAD. ) ;
#234 = LOCAL_TIME ( 15, 37, 6.000000000000000000, #233 ) ;
#235 = CALENDAR_DATE ( 2013, 4, 4 ) ;
#236 = DATE_AND_TIME ( #235, #234 ) ;
#237 = PERSON_AND_ORGANIZATION ( #7480, #19 ) ;
#238 = APPROVAL_PERSON_ORGANIZATION ( #237, #7761, #1031 ) ;
#239 = COORDINATED_UNIVERSAL_TIME_OFFSET ( 1, 0, .AHEAD. ) ;
#240 = LOCAL_TIME ( 15, 37, 6.000000000000000000, #239 ) ;
#241 = CALENDAR_DATE ( 2013, 4, 4 ) ;
#242 = DATE_AND_TIME ( #241, #240 ) ;
#243 = APPROVAL_DATE_TIME ( #242, #7761 ) ;
#244 = PERSON_AND_ORGANIZATION ( #7480, #19 ) ;
#245 = PERSON_AND_ORGANIZATION ( #7480, #19 ) ;
#246 = PERSON_AND_ORGANIZATION ( #7480, #19 ) ;
#247 = COORDINATED_UNIVERSAL_TIME_OFFSET ( 1, 0, .AHEAD. ) ;
#248 = LOCAL_TIME ( 15, 37, 6.000000000000000000, #247 ) ;
#249 = CALENDAR_DATE ( 2013, 4, 4 ) ;
#250 = DATE_AND_TIME ( #249, #248 ) ;
#251 = PERSON_AND_ORGANIZATION ( #7480, #19 ) ;
#252 = APPROVAL_PERSON_ORGANIZATION ( #251, #7768, #1038 ) ;
#253 = COORDINATED_UNIVERSAL_TIME_OFFSET ( 1, 0, .AHEAD. ) ;
#254 = LOCAL_TIME ( 15, 37, 6.000000000000000000, #253 ) ;
#255 = CALENDAR_DATE ( 2013, 4, 4 ) ;
#256 = DATE_AND_TIME ( #255, #254 ) ;
#257 = APPROVAL_DATE_TIME ( #256, #7768 ) ;
#258 = PERSON_AND_ORGANIZATION ( #7480, #19 ) ;
#259 = PERSON_AND_ORGANIZATION ( #7480, #19 ) ;
#260 = APPROVAL_PERSON_ORGANIZATION ( #259, #7773, #1045 ) ;
#261 = COORDINATED_UNIVERSAL_TIME_OFFSET ( 1, 0, .AHEAD. ) ;
#262 = LOCAL_TIME ( 15, 37, 6.000000000000000000, #261 ) ;
#263 = CALENDAR_DATE ( 2013, 4, 4 ) ;
#264 = DATE_AND_TIME ( #263, #262 ) ;
#265 = APPROVAL_DATE_TIME ( #264, #7773 ) ;
#266 = PERSON_AND_ORGANIZATION ( #7480, #19 ) ;
#267 = COORDINATED_UNIVERSAL_TIME_OFFSET ( 1, 0, .AHEAD. ) ;
#268 = LOCAL_TIME ( 15, 37, 6.000000000000000000, #267 ) ;
#269 = CALENDAR_DATE ( 2013, 4, 4 ) ;
#270 = DATE_AND_TIME ( #269, #268 ) ;
#271 = PERSON_AND_ORGANIZATION ( #7480, #19 ) ;
#272 = APPROVAL_PERSON_ORGANIZATION ( #271, #7778, #1049 ) ;
#273 = COORDINATED_UNIVERSAL_TIME_OFFSET ( 1, 0, .AHEAD. ) ;
#274 = LOCAL_TIME ( 15, 37, 6.000000000000000000, #273 ) ;
#275 = CALENDAR_DATE ( 2013, 4, 4 ) ;
#276 = DATE_AND_TIME ( #275, #274 ) ;
#277 = APPROVAL_DATE_TIME ( #276, #7778 ) ;
#278 = PERSON_AND_ORGANIZATION ( #7480, #19 ) ;
#279 = PERSON_AND_ORGANIZATION ( #7480, #19 ) ;
#280 = PERSON_AND_ORGANIZATION ( #7480, #19 ) ;
#281 = COORDINATED_UNIVERSAL_TIME_OFFSET ( 1, 0, .AHEAD. ) ;
#282 = LOCAL_TIME ( 15, 37, 6.000000000000000000, #281 ) ;
#283 = CALENDAR_DATE ( 2013, 4, 4 ) ;
#284 = DATE_AND_TIME ( #283, #282 ) ;
#285 = PERSON_AND_ORGANIZATION ( #7480, #19 ) ;
#286 = APPROVAL_PERSON_ORGANIZATION ( #285, #7785, #1056 ) ;
#287 = COORDINATED_UNIVERSAL_TIME_OFFSET ( 1, 0, .AHEAD. ) ;
#288 = LOCAL_TIME ( 15, 37, 6.000000000000000000, #287 ) ;
#289 = CALENDAR_DATE ( 2013, 4, 4 ) ;
#290 = DATE_AND_TIME ( #289, #288 ) ;
#291 = APPROVAL_DATE_TIME ( #290, #7785 ) ;
#292 = PERSON_AND_ORGANIZATION ( #7480, #19 ) ;
#293 = PERSON_AND_ORGANIZATION ( #7480, #19 ) ;
#294 = APPROVAL_PERSON_ORGANIZATION ( #293, #7790, #1063 ) ;
#295 = COORDINATED_UNIVERSAL_TIME_OFFSET ( 1, 0, .AHEAD. ) ;
#296 = LOCAL_TIME ( 15, 37, 6.000000000000000000, #295 ) ;
#297 = CALENDAR_DATE ( 2013, 4, 4 ) ;
#298 = DATE_AND_TIME ( #297, #296 ) ;
#299 = APPROVAL_DATE_TIME ( #298, #7790 ) ;
#300 = PERSON_AND_ORGANIZATION ( #7480, #19 ) ;
#301 = COORDINATED_UNIVERSAL_TIME_OFFSET ( 1, 0, .AHEAD. ) ;
#302 = LOCAL_TIME ( 15, 37, 6.000000000000000000, #301 ) ;
#303 = CALENDAR_DATE ( 2013, 4, 4 ) ;
#304 = DATE_AND_TIME ( #303, #302 ) ;
#305 = PERSON_AND_ORGANIZATION ( #7480, #19 ) ;
#306 = APPROVAL_PERSON_ORGANIZATION ( #305, #7795, #1067 ) ;
#307 = COORDINATED_UNIVERSAL_TIME_OFFSET ( 1, 0, .AHEAD. ) ;
#308 = LOCAL_TIME ( 15, 37, 6.000000000000000000, #307 ) ;
#309 = CALENDAR_DATE ( 2013, 4, 4 ) ;
#310 = DATE_AND_TIME ( #309, #308 ) ;
#311 = APPROVAL_DATE_TIME ( #310, #7795 ) ;
#312 = PERSON_AND_ORGANIZATION ( #7480, #19 ) ;
#313 = PERSON_AND_ORGANIZATION ( #7480, #19 ) ;
#314 = PERSON_AND_ORGANIZATION ( #7480, #19 ) ;
#315 = COORDINATED_UNIVERSAL_TIME_OFFSET ( 1, 0, .AHEAD. ) ;
#316 = LOCAL_TIME ( 15, 37, 6.000000000000000000, #315 ) ;
#317 = CALENDAR_DATE ( 2013, 4, 4 ) ;
#318 = DATE_AND_TIME ( #317, #316 ) ;
#319 = PERSON_AND_ORGANIZATION ( #7480, #19 ) ;
#320 = APPROVAL_PERSON_ORGANIZATION ( #319, #7802, #1074 ) ;
#321 = COORDINATED_UNIVERSAL_TIME_OFFSET ( 1, 0, .AHEAD. ) ;
#322 = LOCAL_TIME ( 15, 37, 6.000000000000000000, #321 ) ;
#323 = CALENDAR_DATE ( 2013, 4, 4 ) ;
#324 = DATE_AND_TIME ( #323, #322 ) ;
#325 = APPROVAL_DATE_TIME ( #324, #7802 ) ;
#326 = PERSON_AND_ORGANIZATION ( #7480, #19 ) ;
#327 = PERSON_AND_ORGANIZATION ( #7480, #19 ) ;
#328 = APPROVAL_PERSON_ORGANIZATION ( #327, #7807, #1081 ) ;
#329 = COORDINATED_UNIVERSAL_TIME_OFFSET ( 1, 0, .AHEAD. ) ;
#330 = LOCAL_TIME ( 15, 37, 6.000000000000000000, #329 ) ;
#331 = CALENDAR_DATE ( 2013, 4, 4 ) ;
#332 = DATE_AND_TIME ( #331, #330 ) ;
#333 = APPROVAL_DATE_TIME ( #332, #7807 ) ;
#334 = PERSON_AND_ORGANIZATION ( #7480, #19 ) ;
#335 = COORDINATED_UNIVERSAL_TIME_OFFSET ( 1, 0, .AHEAD. ) ;
#336 = LOCAL_TIME ( 15, 37, 6.000000000000000000, #335 ) ;
#337 = CALENDAR_DATE ( 2013, 4, 4 ) ;
#338 = DATE_AND_TIME ( #337, #336 ) ;
#339 = PERSON_AND_ORGANIZATION ( #7480, #19 ) ;
#340 = APPROVAL_PERSON_ORGANIZATION ( #339, #7812, #1085 ) ;
#341 = COORDINATED_UNIVERSAL_TIME_OFFSET ( 1, 0, .AHEAD. ) ;
#342 = LOCAL_TIME ( 15, 37, 6.000000000000000000, #341 ) ;
#343 = CALENDAR_DATE ( 2013, 4, 4 ) ;
#344 = DATE_AND_TIME ( #343, #342 ) ;
#345 = APPROVAL_DATE_TIME ( #344, #7812 ) ;
#346 = PERSON_AND_ORGANIZATION ( #7480, #19 ) ;
#347 = PERSON_AND_ORGANIZATION ( #7480, #19 ) ;
#348 = PERSON_AND_ORGANIZATION ( #7480, #19 ) ;
#349 = COORDINATED_UNIVERSAL_TIME_OFFSET ( 1, 0, .AHEAD. ) ;
#350 = LOCAL_TIME ( 15, 37, 6.000000000000000000, #349 ) ;
#351 = CALENDAR_DATE ( 2013, 4, 4 ) ;
#352 = DATE_AND_TIME ( #351, #350 ) ;
#353 = PERSON_AND_ORGANIZATION ( #7480, #19 ) ;
#354 = APPROVAL_PERSON_ORGANIZATION ( #353, #7819, #1092 ) ;
#355 = COORDINATED_UNIVERSAL_TIME_OFFSET ( 1, 0, .AHEAD. ) ;
#356 = LOCAL_TIME ( 15, 37, 6.000000000000000000, #355 ) ;
#357 = CALENDAR_DATE ( 2013, 4, 4 ) ;
#358 = DATE_AND_TIME ( #357, #356 ) ;
#359 = APPROVAL_DATE_TIME ( #358, #7819 ) ;
#360 = PERSON_AND_ORGANIZATION ( #7480, #19 ) ;
#361 = PERSON_AND_ORGANIZATION ( #7480, #19 ) ;
#362 = APPROVAL_PERSON_ORGANIZATION ( #361, #7824, #1099 ) ;
#363 = COORDINATED_UNIVERSAL_TIME_OFFSET ( 1, 0, .AHEAD. ) ;
#364 = LOCAL_TIME ( 15, 37, 6.000000000000000000, #363 ) ;
#365 = CALENDAR_DATE ( 2013, 4, 4 ) ;
#366 = DATE_AND_TIME ( #365, #364 ) ;
#367 = APPROVAL_DATE_TIME ( #366, #7824 ) ;
#368 = PERSON_AND_ORGANIZATION ( #7480, #19 ) ;
#369 = COORDINATED_UNIVERSAL_TIME_OFFSET ( 1, 0, .AHEAD. ) ;
#370 = LOCAL_TIME ( 15, 37, 6.000000000000000000, #369 ) ;
#371 = CALENDAR_DATE ( 2013, 4, 4 ) ;
#372 = DATE_AND_TIME ( #371, #370 ) ;
#373 = PERSON_AND_ORGANIZATION ( #7480, #19 ) ;
#374 = APPROVAL_PERSON_ORGANIZATION ( #373, #7829, #1103 ) ;
#375 = COORDINATED_UNIVERSAL_TIME_OFFSET ( 1, 0, .AHEAD. ) ;
#376 = LOCAL_TIME ( 15, 37, 6.000000000000000000, #375 ) ;
#377 = CALENDAR_DATE ( 2013, 4, 4 ) ;
#378 = DATE_AND_TIME ( #377, #376 ) ;
#379 = APPROVAL_DATE_TIME ( #378, #7829 ) ;
#380 = PERSON_AND_ORGANIZATION ( #7480, #19 ) ;
#381 = PERSON_AND_ORGANIZATION ( #7480, #19 ) ;
#382 = PERSON_AND_ORGANIZATION ( #7480, #19 ) ;
#383 = COORDINATED_UNIVERSAL_TIME_OFFSET ( 1, 0, .AHEAD. ) ;
#384 = LOCAL_TIME ( 15, 37, 6.000000000000000000, #383 ) ;
#385 = CALENDAR_DATE ( 2013, 4, 4 ) ;
#386 = DATE_AND_TIME ( #385, #384 ) ;
#387 = PERSON_AND_ORGANIZATION ( #7480, #19 ) ;
#388 = APPROVAL_PERSON_ORGANIZATION ( #387, #7836, #1110 ) ;
#389 = COORDINATED_UNIVERSAL_TIME_OFFSET ( 1, 0, .AHEAD. ) ;
#390 = LOCAL_TIME ( 15, 37, 6.000000000000000000, #389 ) ;
#391 = CALENDAR_DATE ( 2013, 4, 4 ) ;
#392 = DATE_AND_TIME ( #391, #390 ) ;
#393 = APPROVAL_DATE_TIME ( #392, #7836 ) ;
#394 = ITEM_DEFINED_TRANSFORMATION ( 'NONE', 'NONE', #7632,  #7611 ) ;
#395 = ORIENTED_EDGE ( 'NONE', *, *, #3070, .F. ) ;
#396 = COORDINATED_UNIVERSAL_TIME_OFFSET ( 1, 0, .AHEAD. ) ;
#397 = LOCAL_TIME ( 15, 37, 6.000000000000000000, #396 ) ;
#398 = CALENDAR_DATE ( 2013, 4, 4 ) ;
#399 = DATE_AND_TIME ( #398, #397 ) ;
#400 = COORDINATED_UNIVERSAL_TIME_OFFSET ( 1, 0, .AHEAD. ) ;
#401 = LOCAL_TIME ( 15, 37, 6.000000000000000000, #400 ) ;
#402 = CALENDAR_DATE ( 2013, 4, 4 ) ;
#403 = DATE_AND_TIME ( #402, #401 ) ;
#404 = APPROVAL_DATE_TIME ( #403, #7841 ) ;
#405 = ORGANIZATION ( 'NAUO-ORG1', 'UNSPECIFIED', 'UNSPECIFIED' ) ;
#406 = PERSON_AND_ORGANIZATION ( #7491, #405 ) ;
#407 = APPROVAL_PERSON_ORGANIZATION ( #406, #7841, #1114 ) ;
#408 = CONTEXT_DEPENDENT_SHAPE_REPRESENTATION ( #1111, #7918 ) ;
#409 = ITEM_DEFINED_TRANSFORMATION ( 'NONE', 'NONE', #7633,  #7620 ) ;
#410 = ORIENTED_EDGE ( 'NONE', *, *, #4031, .T. ) ;
#411 = COORDINATED_UNIVERSAL_TIME_OFFSET ( 1, 0, .AHEAD. ) ;
#412 = LOCAL_TIME ( 15, 37, 6.000000000000000000, #411 ) ;
#413 = CALENDAR_DATE ( 2013, 4, 4 ) ;
#414 = DATE_AND_TIME ( #413, #412 ) ;
#415 = COORDINATED_UNIVERSAL_TIME_OFFSET ( 1, 0, .AHEAD. ) ;
#416 = LOCAL_TIME ( 15, 37, 6.000000000000000000, #415 ) ;
#417 = CALENDAR_DATE ( 2013, 4, 4 ) ;
#418 = DATE_AND_TIME ( #417, #416 ) ;
#419 = APPROVAL_DATE_TIME ( #418, #7847 ) ;
#420 = ORGANIZATION ( 'NAUO-ORG2', 'UNSPECIFIED', 'UNSPECIFIED' ) ;
#421 = PERSON_AND_ORGANIZATION ( #7492, #420 ) ;
#422 = APPROVAL_PERSON_ORGANIZATION ( #421, #7847, #1120 ) ;
#423 = CONTEXT_DEPENDENT_SHAPE_REPRESENTATION ( #1117, #7928 ) ;
#424 = ITEM_DEFINED_TRANSFORMATION ( 'NONE', 'NONE', #7634,  #7611 ) ;
#425 = ORIENTED_EDGE ( 'NONE', *, *, #2837, .T. ) ;
#426 = COORDINATED_UNIVERSAL_TIME_OFFSET ( 1, 0, .AHEAD. ) ;
#427 = LOCAL_TIME ( 15, 37, 6.000000000000000000, #426 ) ;
#428 = CALENDAR_DATE ( 2013, 4, 4 ) ;
#429 = DATE_AND_TIME ( #428, #427 ) ;
#430 = COORDINATED_UNIVERSAL_TIME_OFFSET ( 1, 0, .AHEAD. ) ;
#431 = LOCAL_TIME ( 15, 37, 6.000000000000000000, #430 ) ;
#432 = CALENDAR_DATE ( 2013, 4, 4 ) ;
#433 = DATE_AND_TIME ( #432, #431 ) ;
#434 = APPROVAL_DATE_TIME ( #433, #7853 ) ;
#435 = ORGANIZATION ( 'NAUO-ORG3', 'UNSPECIFIED', 'UNSPECIFIED' ) ;
#436 = PERSON_AND_ORGANIZATION ( #7493, #435 ) ;
#437 = APPROVAL_PERSON_ORGANIZATION ( #436, #7853, #1126 ) ;
#438 = CONTEXT_DEPENDENT_SHAPE_REPRESENTATION ( #1123, #7927 ) ;
#439 = ITEM_DEFINED_TRANSFORMATION ( 'NONE', 'NONE', #7635,  #7611 ) ;
#440 = ORIENTED_EDGE ( 'NONE', *, *, #8044, .T. ) ;
#441 = COORDINATED_UNIVERSAL_TIME_OFFSET ( 1, 0, .AHEAD. ) ;
#442 = LOCAL_TIME ( 15, 37, 6.000000000000000000, #441 ) ;
#443 = CALENDAR_DATE ( 2013, 4, 4 ) ;
#444 = DATE_AND_TIME ( #443, #442 ) ;
#445 = COORDINATED_UNIVERSAL_TIME_OFFSET ( 1, 0, .AHEAD. ) ;
#446 = LOCAL_TIME ( 15, 37, 6.000000000000000000, #445 ) ;
#447 = CALENDAR_DATE ( 2013, 4, 4 ) ;
#448 = DATE_AND_TIME ( #447, #446 ) ;
#449 = APPROVAL_DATE_TIME ( #448, #7859 ) ;
#450 = ORGANIZATION ( 'NAUO-ORG4', 'UNSPECIFIED', 'UNSPECIFIED' ) ;
#451 = PERSON_AND_ORGANIZATION ( #7494, #450 ) ;
#452 = APPROVAL_PERSON_ORGANIZATION ( #451, #7859, #1132 ) ;
#453 = CONTEXT_DEPENDENT_SHAPE_REPRESENTATION ( #1129, #7931 ) ;
#454 = ITEM_DEFINED_TRANSFORMATION ( 'NONE', 'NONE', #7636,  #7611 ) ;
#455 = ORIENTED_EDGE ( 'NONE', *, *, #2845, .T. ) ;
#456 = COORDINATED_UNIVERSAL_TIME_OFFSET ( 1, 0, .AHEAD. ) ;
#457 = LOCAL_TIME ( 15, 37, 6.000000000000000000, #456 ) ;
#458 = CALENDAR_DATE ( 2013, 4, 4 ) ;
#459 = DATE_AND_TIME ( #458, #457 ) ;
#460 = COORDINATED_UNIVERSAL_TIME_OFFSET ( 1, 0, .AHEAD. ) ;
#461 = LOCAL_TIME ( 15, 37, 6.000000000000000000, #460 ) ;
#462 = CALENDAR_DATE ( 2013, 4, 4 ) ;
#463 = DATE_AND_TIME ( #462, #461 ) ;
#464 = APPROVAL_DATE_TIME ( #463, #7865 ) ;
#465 = ORGANIZATION ( 'NAUO-ORG5', 'UNSPECIFIED', 'UNSPECIFIED' ) ;
#466 = PERSON_AND_ORGANIZATION ( #7495, #465 ) ;
#467 = APPROVAL_PERSON_ORGANIZATION ( #466, #7865, #1138 ) ;
#468 = CONTEXT_DEPENDENT_SHAPE_REPRESENTATION ( #1135, #7930 ) ;
#469 = ITEM_DEFINED_TRANSFORMATION ( 'NONE', 'NONE', #7637,  #7611 ) ;
#470 = ORIENTED_EDGE ( 'NONE', *, *, #2907, .F. ) ;
#471 = COORDINATED_UNIVERSAL_TIME_OFFSET ( 1, 0, .AHEAD. ) ;
#472 = LOCAL_TIME ( 15, 37, 6.000000000000000000, #471 ) ;
#473 = CALENDAR_DATE ( 2013, 4, 4 ) ;
#474 = DATE_AND_TIME ( #473, #472 ) ;
#475 = COORDINATED_UNIVERSAL_TIME_OFFSET ( 1, 0, .AHEAD. ) ;
#476 = LOCAL_TIME ( 15, 37, 6.000000000000000000, #475 ) ;
#477 = CALENDAR_DATE ( 2013, 4, 4 ) ;
#478 = DATE_AND_TIME ( #477, #476 ) ;
#479 = APPROVAL_DATE_TIME ( #478, #7871 ) ;
#480 = ORGANIZATION ( 'NAUO-ORG6', 'UNSPECIFIED', 'UNSPECIFIED' ) ;
#481 = PERSON_AND_ORGANIZATION ( #7496, #480 ) ;
#482 = APPROVAL_PERSON_ORGANIZATION ( #481, #7871, #1144 ) ;
#483 = CONTEXT_DEPENDENT_SHAPE_REPRESENTATION ( #1141, #7934 ) ;
#484 = ITEM_DEFINED_TRANSFORMATION ( 'NONE', 'NONE', #7638,  #7611 ) ;
#485 = ORIENTED_EDGE ( 'NONE', *, *, #2923, .F. ) ;
#486 = COORDINATED_UNIVERSAL_TIME_OFFSET ( 1, 0, .AHEAD. ) ;
#487 = LOCAL_TIME ( 15, 37, 6.000000000000000000, #486 ) ;
#488 = CALENDAR_DATE ( 2013, 4, 4 ) ;
#489 = DATE_AND_TIME ( #488, #487 ) ;
#490 = COORDINATED_UNIVERSAL_TIME_OFFSET ( 1, 0, .AHEAD. ) ;
#491 = LOCAL_TIME ( 15, 37, 6.000000000000000000, #490 ) ;
#492 = CALENDAR_DATE ( 2013, 4, 4 ) ;
#493 = DATE_AND_TIME ( #492, #491 ) ;
#494 = APPROVAL_DATE_TIME ( #493, #7877 ) ;
#495 = ORGANIZATION ( 'NAUO-ORG7', 'UNSPECIFIED', 'UNSPECIFIED' ) ;
#496 = PERSON_AND_ORGANIZATION ( #7497, #495 ) ;
#497 = APPROVAL_PERSON_ORGANIZATION ( #496, #7877, #1150 ) ;
#498 = CONTEXT_DEPENDENT_SHAPE_REPRESENTATION ( #1147, #7932 ) ;
#499 = ITEM_DEFINED_TRANSFORMATION ( 'NONE', 'NONE', #7621,  #7611 ) ;
#500 = ORIENTED_EDGE ( 'NONE', *, *, #3104, .F. ) ;
#501 = COORDINATED_UNIVERSAL_TIME_OFFSET ( 1, 0, .AHEAD. ) ;
#502 = LOCAL_TIME ( 15, 37, 6.000000000000000000, #501 ) ;
#503 = CALENDAR_DATE ( 2013, 4, 4 ) ;
#504 = DATE_AND_TIME ( #503, #502 ) ;
#505 = COORDINATED_UNIVERSAL_TIME_OFFSET ( 1, 0, .AHEAD. ) ;
#506 = LOCAL_TIME ( 15, 37, 6.000000000000000000, #505 ) ;
#507 = CALENDAR_DATE ( 2013, 4, 4 ) ;
#508 = DATE_AND_TIME ( #507, #506 ) ;
#509 = APPROVAL_DATE_TIME ( #508, #7883 ) ;
#510 = ORGANIZATION ( 'NAUO-ORG8', 'UNSPECIFIED', 'UNSPECIFIED' ) ;
#511 = PERSON_AND_ORGANIZATION ( #7498, #510 ) ;
#512 = APPROVAL_PERSON_ORGANIZATION ( #511, #7883, #1156 ) ;
#513 = CONTEXT_DEPENDENT_SHAPE_REPRESENTATION ( #1153, #7933 ) ;
#514 = ITEM_DEFINED_TRANSFORMATION ( 'NONE', 'NONE', #7622,  #7611 ) ;
#515 = ORIENTED_EDGE ( 'NONE', *, *, #2919, .F. ) ;
#516 = COORDINATED_UNIVERSAL_TIME_OFFSET ( 1, 0, .AHEAD. ) ;
#517 = LOCAL_TIME ( 15, 37, 6.000000000000000000, #516 ) ;
#518 = CALENDAR_DATE ( 2013, 4, 4 ) ;
#519 = DATE_AND_TIME ( #518, #517 ) ;
#520 = COORDINATED_UNIVERSAL_TIME_OFFSET ( 1, 0, .AHEAD. ) ;
#521 = LOCAL_TIME ( 15, 37, 6.000000000000000000, #520 ) ;
#522 = CALENDAR_DATE ( 2013, 4, 4 ) ;
#523 = DATE_AND_TIME ( #522, #521 ) ;
#524 = APPROVAL_DATE_TIME ( #523, #7889 ) ;
#525 = ORGANIZATION ( 'NAUO-ORG9', 'UNSPECIFIED', 'UNSPECIFIED' ) ;
#526 = PERSON_AND_ORGANIZATION ( #7499, #525 ) ;
#527 = APPROVAL_PERSON_ORGANIZATION ( #526, #7889, #1162 ) ;
#528 = CONTEXT_DEPENDENT_SHAPE_REPRESENTATION ( #1159, #7935 ) ;
#529 = ITEM_DEFINED_TRANSFORMATION ( 'NONE', 'NONE', #7623,  #7611 ) ;
#530 = ORIENTED_EDGE ( 'NONE', *, *, #3109, .T. ) ;
#531 = COORDINATED_UNIVERSAL_TIME_OFFSET ( 1, 0, .AHEAD. ) ;
#532 = LOCAL_TIME ( 15, 37, 6.000000000000000000, #531 ) ;
#533 = CALENDAR_DATE ( 2013, 4, 4 ) ;
#534 = DATE_AND_TIME ( #533, #532 ) ;
#535 = COORDINATED_UNIVERSAL_TIME_OFFSET ( 1, 0, .AHEAD. ) ;
#536 = LOCAL_TIME ( 15, 37, 6.000000000000000000, #535 ) ;
#537 = CALENDAR_DATE ( 2013, 4, 4 ) ;
#538 = DATE_AND_TIME ( #537, #536 ) ;
#539 = APPROVAL_DATE_TIME ( #538, #7895 ) ;
#540 = ORGANIZATION ( 'NAUO-ORG10', 'UNSPECIFIED', 'UNSPECIFIED' ) ;
#541 = PERSON_AND_ORGANIZATION ( #7500, #540 ) ;
#542 = APPROVAL_PERSON_ORGANIZATION ( #541, #7895, #1168 ) ;
#543 = CONTEXT_DEPENDENT_SHAPE_REPRESENTATION ( #1165, #7937 ) ;
#544 = ITEM_DEFINED_TRANSFORMATION ( 'NONE', 'NONE', #7624,  #7611 ) ;
#545 = ORIENTED_EDGE ( 'NONE', *, *, #7313, .T. ) ;
#546 = COORDINATED_UNIVERSAL_TIME_OFFSET ( 1, 0, .AHEAD. ) ;
#547 = LOCAL_TIME ( 15, 37, 6.000000000000000000, #546 ) ;
#548 = CALENDAR_DATE ( 2013, 4, 4 ) ;
#549 = DATE_AND_TIME ( #548, #547 ) ;
#550 = COORDINATED_UNIVERSAL_TIME_OFFSET ( 1, 0, .AHEAD. ) ;
#551 = LOCAL_TIME ( 15, 37, 6.000000000000000000, #550 ) ;
#552 = CALENDAR_DATE ( 2013, 4, 4 ) ;
#553 = DATE_AND_TIME ( #552, #551 ) ;
#554 = APPROVAL_DATE_TIME ( #553, #7901 ) ;
#555 = ORGANIZATION ( 'NAUO-ORG11', 'UNSPECIFIED', 'UNSPECIFIED' ) ;
#556 = PERSON_AND_ORGANIZATION ( #7501, #555 ) ;
#557 = APPROVAL_PERSON_ORGANIZATION ( #556, #7901, #1174 ) ;
#558 = CONTEXT_DEPENDENT_SHAPE_REPRESENTATION ( #1171, #7936 ) ;
#559 = VECTOR ( 'NONE', #9677, 1000.000000000000100 ) ;
#560 = DIRECTION ( 'NONE',  ( 0.0000000000000000000, 0.0000000000000000000, -1.000000000000000000 ) ) ;
#561 = DIRECTION ( 'NONE',  ( -1.000000000000000000, 0.0000000000000000000, 0.0000000000000000000 ) ) ;
#562 = CARTESIAN_POINT ( 'NONE',  ( 0.0000000000000000000, 0.0000000000000000000, 4.317999999999998700 ) ) ;
#563 = DIRECTION ( 'NONE',  ( -1.000000000000000000, 1.110223024625156800E-016, 0.0000000000000000000 ) ) ;
#564 = DIRECTION ( 'NONE',  ( 0.0000000000000000000, -0.0000000000000000000, -1.000000000000000000 ) ) ;
#565 = DIRECTION ( 'NONE',  ( 1.000000000000000000, 0.0000000000000000000, 0.0000000000000000000 ) ) ;
#566 = CARTESIAN_POINT ( 'NONE',  ( 0.0000000000000000000, 0.0000000000000000000, 1.500000000000001300 ) ) ;
#567 = DIRECTION ( 'NONE',  ( 0.0000000000000000000, 0.0000000000000000000, 1.000000000000000000 ) ) ;
#568 = DIRECTION ( 'NONE',  ( 1.000000000000000000, 0.0000000000000000000, 0.0000000000000000000 ) ) ;
#569 = CARTESIAN_POINT ( 'NONE',  ( 10.53025884418231900, -2.398676442232260200, 0.8179999999999992800 ) ) ;
#570 = DIRECTION ( 'NONE',  ( 0.0000000000000000000, 0.0000000000000000000, 1.000000000000000000 ) ) ;
#571 = CARTESIAN_POINT ( 'NONE',  ( 0.0000000000000000000, 0.0000000000000000000, 0.0000000000000000000 ) ) ;
#572 = CARTESIAN_POINT ( 'NONE',  ( -10.53025884418233500, 2.398676442232187300, 0.8179999999999992800 ) ) ;
#573 = PLANE ( 'NONE',  #7544 ) ;
#574 = CARTESIAN_POINT ( 'NONE',  ( 0.0000000000000000000, 0.0000000000000000000, 1.500000000000001300 ) ) ;
#575 = DIRECTION ( 'NONE',  ( -1.000000000000000000, 1.110223024625156800E-016, 0.0000000000000000000 ) ) ;
#576 = DIRECTION ( 'NONE',  ( 0.0000000000000000000, 0.0000000000000000000, 1.000000000000000000 ) ) ;
#577 = DIRECTION ( 'NONE',  ( 1.000000000000000000, 0.0000000000000000000, 0.0000000000000000000 ) ) ;
#578 = PLANE ( 'NONE',  #7545 ) ;
#579 = DIRECTION ( 'NONE',  ( 1.000000000000000000, -1.110223024625156800E-016, 0.0000000000000000000 ) ) ;
#580 = DIRECTION ( 'NONE',  ( 0.0000000000000000000, 0.0000000000000000000, 1.000000000000000000 ) ) ;
#581 = DIRECTION ( 'NONE',  ( 1.000000000000000000, 0.0000000000000000000, 0.0000000000000000000 ) ) ;
#582 = DIRECTION ( 'NONE',  ( 0.0000000000000000000, 0.0000000000000000000, -1.000000000000000000 ) ) ;
#583 = CARTESIAN_POINT ( 'NONE',  ( 0.0000000000000000000, 0.0000000000000000000, 4.317999999999998700 ) ) ;
#584 = DIRECTION ( 'NONE',  ( 0.0000000000000000000, 0.0000000000000000000, 1.000000000000000000 ) ) ;
#585 = DIRECTION ( 'NONE',  ( -1.000000000000000000, 1.110223024625156800E-016, 0.0000000000000000000 ) ) ;
#586 = CARTESIAN_POINT ( 'NONE',  ( 0.0000000000000000000, 0.0000000000000000000, 2.267999999999999300 ) ) ;
#587 = DIRECTION ( 'NONE',  ( 0.0000000000000000000, 0.0000000000000000000, -1.000000000000000000 ) ) ;
#588 = DIRECTION ( 'NONE',  ( 1.000000000000000000, -1.110223024625156800E-016, 0.0000000000000000000 ) ) ;
#589 = CARTESIAN_POINT ( 'NONE',  ( 0.0000000000000000000, 0.0000000000000000000, 1.688000000000001900 ) ) ;
#590 = DIRECTION ( 'NONE',  ( 0.0000000000000000000, 0.0000000000000000000, 1.000000000000000000 ) ) ;
#591 = CARTESIAN_POINT ( 'NONE',  ( 0.0000000000000000000, 0.0000000000000000000, 0.4879999999999988800 ) ) ;
#592 = CARTESIAN_POINT ( 'NONE',  ( 0.0000000000000000000, 0.0000000000000000000, 2.267999999999999300 ) ) ;
#593 = DIRECTION ( 'NONE',  ( 0.0000000000000000000, 0.0000000000000000000, 1.000000000000000000 ) ) ;
#594 = PLANE ( 'NONE',  #7550 ) ;
#595 = DIRECTION ( 'NONE',  ( -1.000000000000000000, 1.110223024625156800E-016, 0.0000000000000000000 ) ) ;
#596 = DIRECTION ( 'NONE',  ( 0.0000000000000000000, 0.0000000000000000000, -1.000000000000000000 ) ) ;
#597 = DIRECTION ( 'NONE',  ( -1.000000000000000000, 1.110223024625156800E-016, 0.0000000000000000000 ) ) ;
#598 = DIRECTION ( 'NONE',  ( 0.0000000000000000000, 0.0000000000000000000, -1.000000000000000000 ) ) ;
#599 = CARTESIAN_POINT ( 'NONE',  ( 0.0000000000000000000, 0.0000000000000000000, 0.4879999999999988800 ) ) ;
#600 = DIRECTION ( 'NONE',  ( -0.0000000000000000000, 1.000000000000000000, -0.0000000000000000000 ) ) ;
#601 = CARTESIAN_POINT ( 'NONE',  ( -11.43477309068267700, 1.260000000000000700, -1.694392033916209500 ) ) ;
#602 = CARTESIAN_POINT ( 'NONE',  ( -5.996281292110201600, 3.910000000000000100, 3.985863854409639600 ) ) ;
#603 = PLANE ( 'NONE',  #7554 ) ;
#604 = DIRECTION ( 'NONE',  ( 0.0000000000000000000, 0.0000000000000000000, 1.000000000000000000 ) ) ;
#605 = DIRECTION ( 'NONE',  ( 0.0000000000000000000, 0.0000000000000000000, 1.000000000000000000 ) ) ;
#606 = DIRECTION ( 'NONE',  ( -0.5000000000000037700, 0.0000000000000000000, 0.8660254037844366000 ) ) ;
#607 = DIRECTION ( 'NONE',  ( 0.8660254037844364900, 0.0000000000000000000, 0.5000000000000036600 ) ) ;
#608 = DIRECTION ( 'NONE',  ( -0.0000000000000000000, 1.000000000000000000, -0.0000000000000000000 ) ) ;
#609 = CARTESIAN_POINT ( 'NONE',  ( -7.684773090682672800, 1.260000000000000700, -8.189582562299499100 ) ) ;
#610 = DIRECTION ( 'NONE',  ( -0.0000000000000000000, 1.000000000000000000, -0.0000000000000000000 ) ) ;
#611 = DIRECTION ( 'NONE',  ( 0.0000000000000000000, 0.0000000000000000000, 1.000000000000000000 ) ) ;
#612 = CARTESIAN_POINT ( 'NONE',  ( 11.00000000000000400, 7.859999999999998500, 0.0000000000000000000 ) ) ;
#613 = DIRECTION ( 'NONE',  ( -0.0000000000000000000, 1.000000000000000000, -0.0000000000000000000 ) ) ;
#614 = DIRECTION ( 'NONE',  ( 0.0000000000000000000, 0.0000000000000000000, -1.000000000000000000 ) ) ;
#615 = CARTESIAN_POINT ( 'NONE',  ( 5.996281292110215800, 0.7100000000000023000, -3.985863854409618800 ) ) ;
#616 = DIRECTION ( 'NONE',  ( 0.0000000000000000000, -1.000000000000000000, 0.0000000000000000000 ) ) ;
#617 = DIRECTION ( 'NONE',  ( 0.0000000000000000000, 0.0000000000000000000, 1.000000000000000000 ) ) ;
#618 = CARTESIAN_POINT ( 'NONE',  ( -8.037658773652724500, 1.260000000000000700, 1.421633369868238600 ) ) ;
#619 = DIRECTION ( 'NONE',  ( 0.0000000000000000000, 1.000000000000000000, 0.0000000000000000000 ) ) ;
#620 = DIRECTION ( 'NONE',  ( 0.0000000000000000000, 0.0000000000000000000, 1.000000000000000000 ) ) ;
#621 = CARTESIAN_POINT ( 'NONE',  ( -2.787658773652699700, 1.260000000000000700, -7.671633369868348300 ) ) ;
#622 = DIRECTION ( 'NONE',  ( -0.0000000000000000000, 1.000000000000000000, -0.0000000000000000000 ) ) ;
#623 = DIRECTION ( 'NONE',  ( 0.0000000000000000000, 0.0000000000000000000, 1.000000000000000000 ) ) ;
#624 = CARTESIAN_POINT ( 'NONE',  ( 5.305607966083866400, 1.260000000000000700, -0.6895825622994268300 ) ) ;
#625 = DIRECTION ( 'NONE',  ( -0.0000000000000000000, 1.000000000000000000, -0.0000000000000000000 ) ) ;
#626 = CARTESIAN_POINT ( 'NONE',  ( -1.659455543377253300, -16.26796789124274400, 6.374261314031178600 ) ) ;
#627 = CARTESIAN_POINT ( 'NONE',  ( -5.996281292110201600, 3.910000000000000100, 3.985863854409639600 ) ) ;
#628 = PLANE ( 'NONE',  #7561 ) ;
#629 = CARTESIAN_POINT ( 'NONE',  ( 2.921633369868313700, 1.260000000000000700, 5.439582562299408500 ) ) ;
#630 = DIRECTION ( 'NONE',  ( 0.0000000000000000000, 0.0000000000000000000, 1.000000000000000000 ) ) ;
#631 = DIRECTION ( 'NONE',  ( 0.8660254037844371500, 0.0000000000000000000, 0.5000000000000027800 ) ) ;
#632 = DIRECTION ( 'NONE',  ( 0.5000000000000026600, 0.0000000000000000000, -0.8660254037844370400 ) ) ;
#633 = PLANE ( 'NONE',  #7562 ) ;
#634 = DIRECTION ( 'NONE',  ( 1.000000000000000000, 0.0000000000000000000, 0.0000000000000000000 ) ) ;
#635 = DIRECTION ( 'NONE',  ( 0.8660254037844387100, 0.0000000000000000000, 0.5000000000000000000 ) ) ;
#636 = DIRECTION ( 'NONE',  ( 0.4999999999999999400, 0.0000000000000000000, -0.8660254037844386000 ) ) ;
#637 = DIRECTION ( 'NONE',  ( -0.0000000000000000000, 1.000000000000000000, -0.0000000000000000000 ) ) ;
#638 = CARTESIAN_POINT ( 'NONE',  ( -3.175000000000017600, -16.26796789124274400, 5.499261314031174100 ) ) ;
#639 = DIRECTION ( 'NONE',  ( 0.0000000000000000000, 0.0000000000000000000, 1.000000000000000000 ) ) ;
#640 = CARTESIAN_POINT ( 'NONE',  ( -4.690544456622782300, -16.26796789124274400, 4.624261314031170600 ) ) ;
#641 = CARTESIAN_POINT ( 'NONE',  ( 6.349999999999999600, -8.673617379884035500E-016, -1.999999999999998200 ) ) ;
#642 = PLANE ( 'NONE',  #7565 ) ;
#643 = CARTESIAN_POINT ( 'NONE',  ( -5.000000000000000900, 4.999999999999998200, 16.39213562373094700 ) ) ;
#644 = DIRECTION ( 'NONE',  ( 3.469446951953613600E-017, -1.000000000000000000, 4.163336342344335800E-017 ) ) ;
#645 = DIRECTION ( 'NONE',  ( -0.8660254037844371500, 0.0000000000000000000, -0.5000000000000027800 ) ) ;
#646 = DIRECTION ( 'NONE',  ( -0.5000000000000026600, 0.0000000000000000000, 0.8660254037844370400 ) ) ;
#647 = PLANE ( 'NONE',  #7566 ) ;
#648 = CARTESIAN_POINT ( 'NONE',  ( -7.684773090682672800, 1.260000000000000700, -8.189582562299499100 ) ) ;
#649 = DIRECTION ( 'NONE',  ( 0.0000000000000000000, -1.000000000000000000, 0.0000000000000000000 ) ) ;
#650 = DIRECTION ( 'NONE',  ( 0.0000000000000000000, -0.0000000000000000000, -1.000000000000000000 ) ) ;
#651 = CARTESIAN_POINT ( 'NONE',  ( -61.11549814728771000, -8.673617379884035500E-015, 42.64705882352941300 ) ) ;
#652 = PLANE ( 'NONE',  #7568 ) ;
#653 = DIRECTION ( 'NONE',  ( 1.000000000000000000, 3.469446951953614800E-017, 2.205782075399927400E-016 ) ) ;
#654 = CARTESIAN_POINT ( 'NONE',  ( -7.250000000000000900, -6.500000000000000900, 0.7500000000000006700 ) ) ;
#655 = CARTESIAN_POINT ( 'NONE',  ( -8.250000000000000000, 7.499999999999999100, 2.249999999999998700 ) ) ;
#656 = DIRECTION ( 'NONE',  ( 0.0000000000000000000, -1.000000000000000000, 0.0000000000000000000 ) ) ;
#657 = DIRECTION ( 'NONE',  ( 0.0000000000000000000, -0.0000000000000000000, -1.000000000000000000 ) ) ;
#658 = PLANE ( 'NONE',  #7569 ) ;
#659 = CARTESIAN_POINT ( 'NONE',  ( -7.250000000000000000, 6.499999999999998200, 0.7500000000000006700 ) ) ;
#660 = DIRECTION ( 'NONE',  ( 0.0000000000000000000, -1.000000000000000000, 0.0000000000000000000 ) ) ;
#661 = DIRECTION ( 'NONE',  ( 0.0000000000000000000, -0.0000000000000000000, -1.000000000000000000 ) ) ;
#662 = PLANE ( 'NONE',  #7570 ) ;
#663 = CARTESIAN_POINT ( 'NONE',  ( 4.999999999999999100, 4.999999999999998200, 16.39213562373094700 ) ) ;
#664 = DIRECTION ( 'NONE',  ( 1.000000000000000000, 0.0000000000000000000, 0.0000000000000000000 ) ) ;
#665 = DIRECTION ( 'NONE',  ( -0.0000000000000000000, 0.0000000000000000000, -1.000000000000000000 ) ) ;
#666 = PLANE ( 'NONE',  #7571 ) ;
#667 = CARTESIAN_POINT ( 'NONE',  ( 6.349999999999999600, -8.673617379884035500E-016, -1.999999999999998200 ) ) ;
#668 = DIRECTION ( 'NONE',  ( -1.000000000000000000, 0.0000000000000000000, 0.0000000000000000000 ) ) ;
#669 = DIRECTION ( 'NONE',  ( 0.0000000000000000000, 0.0000000000000000000, 1.000000000000000000 ) ) ;
#670 = PLANE ( 'NONE',  #7572 ) ;
#671 = DIRECTION ( 'NONE',  ( 1.000000000000000000, 0.0000000000000000000, 0.0000000000000000000 ) ) ;
#672 = DIRECTION ( 'NONE',  ( -1.000000000000000000, 0.0000000000000000000, 0.0000000000000000000 ) ) ;
#673 = DIRECTION ( 'NONE',  ( 0.0000000000000000000, 0.0000000000000000000, 1.000000000000000000 ) ) ;
#674 = PLANE ( 'NONE',  #7573 ) ;
#675 = CARTESIAN_POINT ( 'NONE',  ( -8.250000000000000000, -7.500000000000001800, 2.249999999999998700 ) ) ;
#676 = DIRECTION ( 'NONE',  ( 0.0000000000000000000, 0.0000000000000000000, -1.000000000000000000 ) ) ;
#677 = DIRECTION ( 'NONE',  ( -1.000000000000000000, 0.0000000000000000000, 0.0000000000000000000 ) ) ;
#678 = DIRECTION ( 'NONE',  ( 0.0000000000000000000, 0.0000000000000000000, 1.000000000000000000 ) ) ;
#679 = CARTESIAN_POINT ( 'NONE',  ( 6.349999999999999600, -8.673617379884035500E-016, -1.999999999999998200 ) ) ;
#680 = PLANE ( 'NONE',  #7575 ) ;
#681 = CARTESIAN_POINT ( 'NONE',  ( -5.000000000000000900, -5.000000000000001800, 16.39213562373094700 ) ) ;
#682 = CARTESIAN_POINT ( 'NONE',  ( -5.000000000000000900, 4.999999999999998200, 16.39213562373094700 ) ) ;
#683 = DIRECTION ( 'NONE',  ( 0.0000000000000000000, 1.000000000000000000, 0.0000000000000000000 ) ) ;
#684 = DIRECTION ( 'NONE',  ( 0.0000000000000000000, 0.0000000000000000000, 1.000000000000000000 ) ) ;
#685 = PLANE ( 'NONE',  #7576 ) ;
#686 = DIRECTION ( 'NONE',  ( 0.0000000000000000000, 0.0000000000000000000, 1.000000000000000000 ) ) ;
#687 = DIRECTION ( 'NONE',  ( 0.0000000000000000000, 1.000000000000000000, 0.0000000000000000000 ) ) ;
#688 = DIRECTION ( 'NONE',  ( 0.0000000000000000000, 0.0000000000000000000, 1.000000000000000000 ) ) ;
#689 = PLANE ( 'NONE',  #7577 ) ;
#690 = DIRECTION ( 'NONE',  ( 1.000000000000000000, 0.0000000000000000000, 0.0000000000000000000 ) ) ;
#691 = DIRECTION ( 'NONE',  ( -0.0000000000000000000, 0.0000000000000000000, -1.000000000000000000 ) ) ;
#692 = CARTESIAN_POINT ( 'NONE',  ( 8.250000000000001800, -7.500000000000000900, 0.0000000000000000000 ) ) ;
#693 = CARTESIAN_POINT ( 'NONE',  ( -8.250000000000000000, 7.499999999999999100, 2.249999999999998700 ) ) ;
#694 = PLANE ( 'NONE',  #7578 ) ;
#695 = CARTESIAN_POINT ( 'NONE',  ( -8.250000000000000000, 7.499999999999999100, 2.249999999999998700 ) ) ;
#696 = DIRECTION ( 'NONE',  ( 1.000000000000000000, 0.0000000000000000000, 0.0000000000000000000 ) ) ;
#697 = PLANE ( 'NONE',  #7579 ) ;
#698 = CARTESIAN_POINT ( 'NONE',  ( 8.250000000000001800, -7.500000000000000900, 2.249999999999998700 ) ) ;
#699 = DIRECTION ( 'NONE',  ( 0.0000000000000000000, -1.000000000000000000, 0.0000000000000000000 ) ) ;
#700 = DIRECTION ( 'NONE',  ( 0.0000000000000000000, -0.0000000000000000000, -1.000000000000000000 ) ) ;
#701 = PLANE ( 'NONE',  #7580 ) ;
#702 = PLANE ( 'NONE',  #7581 ) ;
#703 = DIRECTION ( 'NONE',  ( 1.000000000000000000, 0.0000000000000000000, 0.0000000000000000000 ) ) ;
#704 = DIRECTION ( 'NONE',  ( -0.0000000000000000000, 0.0000000000000000000, -1.000000000000000000 ) ) ;
#705 = CARTESIAN_POINT ( 'NONE',  ( 7.250000000000004400, -6.500000000000001800, 0.7500000000000006700 ) ) ;
#706 = CARTESIAN_POINT ( 'NONE',  ( 7.249999999999997300, 6.499999999999998200, 0.7500000000000006700 ) ) ;
#707 = DIRECTION ( 'NONE',  ( 0.0000000000000000000, 0.0000000000000000000, 1.000000000000000000 ) ) ;
#708 = DIRECTION ( 'NONE',  ( 1.000000000000000000, 0.0000000000000000000, 0.0000000000000000000 ) ) ;
#709 = PLANE ( 'NONE',  #7582 ) ;
#710 = PLANE ( 'NONE',  #7583 ) ;
#711 = DIRECTION ( 'NONE',  ( 0.0000000000000000000, 1.000000000000000000, 0.0000000000000000000 ) ) ;
#712 = DIRECTION ( 'NONE',  ( 0.0000000000000000000, 0.0000000000000000000, 1.000000000000000000 ) ) ;
#713 = CARTESIAN_POINT ( 'NONE',  ( 8.250000000000001800, -7.500000000000000900, 1.250000000000001100 ) ) ;
#714 = CARTESIAN_POINT ( 'NONE',  ( 7.250000000000004400, -6.500000000000001800, 0.7500000000000006700 ) ) ;
#715 = DIRECTION ( 'NONE',  ( 0.0000000000000000000, 0.0000000000000000000, 1.000000000000000000 ) ) ;
#716 = DIRECTION ( 'NONE',  ( 1.000000000000000000, 0.0000000000000000000, 0.0000000000000000000 ) ) ;
#717 = PLANE ( 'NONE',  #7584 ) ;
#718 = DIRECTION ( 'NONE',  ( 1.000000000000000000, 0.0000000000000000000, 0.0000000000000000000 ) ) ;
#719 = DIRECTION ( 'NONE',  ( 1.000000000000000000, 2.775557561562891400E-016, 0.0000000000000000000 ) ) ;
#720 = DIRECTION ( 'NONE',  ( -2.775557561562891400E-016, 1.000000000000000000, 0.0000000000000000000 ) ) ;
#721 = PLANE ( 'NONE',  #7586 ) ;
#722 = DIRECTION ( 'NONE',  ( 3.469446951953613600E-017, -1.000000000000000000, 4.163336342344335800E-017 ) ) ;
#723 = DIRECTION ( 'NONE',  ( 0.0000000000000000000, 0.0000000000000000000, 1.000000000000000000 ) ) ;
#724 = DIRECTION ( 'NONE',  ( 1.000000000000000000, 0.0000000000000000000, 0.0000000000000000000 ) ) ;
#725 = DIRECTION ( 'NONE',  ( 0.0000000000000000000, 0.0000000000000000000, 1.000000000000000000 ) ) ;
#726 = CARTESIAN_POINT ( 'NONE',  ( -6.350000000000000500, 8.673617379884035500E-016, -1.999999999999998200 ) ) ;
#727 = CARTESIAN_POINT ( 'NONE',  ( -61.11549814728771000, -8.673617379884035500E-015, 42.64705882352941300 ) ) ;
#728 = DIRECTION ( 'NONE',  ( 1.000000000000000000, 0.0000000000000000000, 0.0000000000000000000 ) ) ;
#729 = DIRECTION ( 'NONE',  ( 0.0000000000000000000, 0.0000000000000000000, 1.000000000000000000 ) ) ;
#730 = DIRECTION ( 'NONE',  ( 1.000000000000000000, 3.469446951953614800E-017, 2.205782075399927400E-016 ) ) ;
#731 = DIRECTION ( 'NONE',  ( -1.000000000000000000, 0.0000000000000000000, 0.0000000000000000000 ) ) ;
#732 = CARTESIAN_POINT ( 'NONE',  ( -6.350000000000000500, 8.673617379884035500E-016, -1.999999999999998200 ) ) ;
#733 = DIRECTION ( 'NONE',  ( 0.0000000000000000000, -0.0000000000000000000, -1.000000000000000000 ) ) ;
#734 = CARTESIAN_POINT ( 'NONE',  ( -6.350000000000000500, 8.673617379884035500E-016, -1.999999999999998200 ) ) ;
#735 = CARTESIAN_POINT ( 'NONE',  ( -8.250000000000000000, -8.673617379884035500E-016, 2.249999999999998700 ) ) ;
#736 = PLANE ( 'NONE',  #7590 ) ;
#737 = CARTESIAN_POINT ( 'NONE',  ( 1.000000000000000900, -0.6250000000000005600, 0.0000000000000000000 ) ) ;
#738 = DIRECTION ( 'NONE',  ( -1.110223024625156400E-016, -2.020597628449898300E-017, -1.000000000000000000 ) ) ;
#739 = DIRECTION ( 'NONE',  ( 0.0000000000000000000, 0.0000000000000000000, 1.000000000000000000 ) ) ;
#740 = DIRECTION ( 'NONE',  ( 1.000000000000000000, 0.0000000000000000000, 0.0000000000000000000 ) ) ;
#741 = PLANE ( 'NONE',  #7591 ) ;
#742 = CARTESIAN_POINT ( 'NONE',  ( -0.9999999999999974500, 0.6250000000000005600, 0.3499999999999961500 ) ) ;
#743 = DIRECTION ( 'NONE',  ( 0.0000000000000000000, 0.0000000000000000000, 1.000000000000000000 ) ) ;
#744 = DIRECTION ( 'NONE',  ( 1.000000000000000000, 0.0000000000000000000, 0.0000000000000000000 ) ) ;
#745 = DIRECTION ( 'NONE',  ( -1.486164610904928800E-018, -1.000000000000000000, -1.390432168732589800E-017 ) ) ;
#746 = CARTESIAN_POINT ( 'NONE',  ( 0.0000000000000000000, 1.066799999999999700, 0.0000000000000000000 ) ) ;
#747 = PLANE ( 'NONE',  #7593 ) ;
#748 = CARTESIAN_POINT ( 'NONE',  ( 1.000000000000000900, 0.6250000000000005600, 0.3499999999999961500 ) ) ;
#749 = DIRECTION ( 'NONE',  ( 0.0000000000000000000, 0.0000000000000000000, 1.000000000000000000 ) ) ;
#750 = DIRECTION ( 'NONE',  ( 0.0000000000000000000, -1.000000000000000000, 0.0000000000000000000 ) ) ;
#751 = DIRECTION ( 'NONE',  ( 0.0000000000000000000, 0.0000000000000000000, -1.000000000000000000 ) ) ;
#752 = PLANE ( 'NONE',  #7594 ) ;
#753 = CARTESIAN_POINT ( 'NONE',  ( 6.621281292110214000, 1.109999999999999900, -3.985863854409618800 ) ) ;
#754 = DIRECTION ( 'NONE',  ( -1.000000000000000000, -1.665334536937734300E-016, 0.0000000000000000000 ) ) ;
#755 = DIRECTION ( 'NONE',  ( 1.665334536937734300E-016, -1.000000000000000000, 0.0000000000000000000 ) ) ;
#756 = DIRECTION ( 'NONE',  ( -0.0000000000000000000, 1.000000000000000000, -0.0000000000000000000 ) ) ;
#757 = CARTESIAN_POINT ( 'NONE',  ( 5.996281292110215800, 3.910000000000000100, -3.985863854409618800 ) ) ;
#758 = DIRECTION ( 'NONE',  ( 0.5000000000000040000, 0.0000000000000000000, -0.8660254037844363800 ) ) ;
#759 = PLANE ( 'NONE',  #7596 ) ;
#760 = DIRECTION ( 'NONE',  ( -1.110223024625156300E-016, 0.0000000000000000000, -1.000000000000000000 ) ) ;
#761 = DIRECTION ( 'NONE',  ( 0.0000000000000000000, -1.000000000000000000, 0.0000000000000000000 ) ) ;
#762 = DIRECTION ( 'NONE',  ( 0.0000000000000000000, -0.0000000000000000000, -1.000000000000000000 ) ) ;
#763 = DIRECTION ( 'NONE',  ( -1.486164610904928800E-018, -1.000000000000000000, -1.390432168732589800E-017 ) ) ;
#764 = CARTESIAN_POINT ( 'NONE',  ( 0.0000000000000000000, 1.066799999999999700, 0.0000000000000000000 ) ) ;
#765 = DIRECTION ( 'NONE',  ( 0.8660254037844363800, -0.0000000000000000000, 0.5000000000000041100 ) ) ;
#766 = CARTESIAN_POINT ( 'NONE',  ( 8.250000000000001800, 7.499999999999999100, 2.249999999999998700 ) ) ;
#767 = CARTESIAN_POINT ( 'NONE',  ( 13.02502207291794900, 5.080000000000004500, 7.520000000000040400 ) ) ;
#768 = PLANE ( 'NONE',  #7599 ) ;
#769 = CARTESIAN_POINT ( 'NONE',  ( -1.000000000000000900, -0.6250000000000005600, -0.09999999999999939500 ) ) ;
#770 = CARTESIAN_POINT ( 'NONE',  ( -1.000000000000000900, -0.6250000000000005600, 0.3499999999999961500 ) ) ;
#771 = DIRECTION ( 'NONE',  ( -1.000000000000000000, -2.775557561562891400E-016, 0.0000000000000000000 ) ) ;
#772 = DIRECTION ( 'NONE',  ( 2.775557561562891400E-016, -1.000000000000000000, 0.0000000000000000000 ) ) ;
#773 = PLANE ( 'NONE',  #7600 ) ;
#774 = DIRECTION ( 'NONE',  ( 0.5000000000000008900, 0.0000000000000000000, -0.8660254037844381500 ) ) ;
#775 = DIRECTION ( 'NONE',  ( 0.0000000000000000000, 0.0000000000000000000, 1.000000000000000000 ) ) ;
#776 = DIRECTION ( 'NONE',  ( 1.000000000000000000, 0.0000000000000000000, 0.0000000000000000000 ) ) ;
#777 = PLANE ( 'NONE',  #7601 ) ;
#778 = DIRECTION ( 'NONE',  ( 0.5000000000000008900, 0.0000000000000000000, -0.8660254037844381500 ) ) ;
#779 = DIRECTION ( 'NONE',  ( 0.0000000000000000000, 1.000000000000000000, 0.0000000000000000000 ) ) ;
#780 = DIRECTION ( 'NONE',  ( 0.0000000000000000000, 0.0000000000000000000, 1.000000000000000000 ) ) ;
#781 = DIRECTION ( 'NONE',  ( 0.8660254037844380400, -0.0000000000000000000, 0.5000000000000010000 ) ) ;
#782 = CARTESIAN_POINT ( 'NONE',  ( 13.19822715367483400, 5.080000000000001000, 7.620000000000015200 ) ) ;
#783 = DIRECTION ( 'NONE',  ( 0.8660254037844380400, -0.0000000000000000000, 0.5000000000000010000 ) ) ;
#784 = CARTESIAN_POINT ( 'NONE',  ( 8.694895053995765000, 6.729999999999999500, 5.020000000000020900 ) ) ;
#785 = CARTESIAN_POINT ( 'NONE',  ( 8.002074730968203700, 5.080000000000001000, 4.620000000000009900 ) ) ;
#786 = CARTESIAN_POINT ( 'NONE',  ( -0.5999999999999963100, 0.6250000000000005600, -0.09999999999999939500 ) ) ;
#787 = PLANE ( 'NONE',  #7604 ) ;
#788 = CARTESIAN_POINT ( 'NONE',  ( 1.000000000000000900, -0.6250000000000005600, 0.3499999999999961500 ) ) ;
#789 = DIRECTION ( 'NONE',  ( -0.8660254037844363800, 0.0000000000000000000, -0.5000000000000041100 ) ) ;
#790 = DIRECTION ( 'NONE',  ( -0.5000000000000041100, 0.0000000000000000000, 0.8660254037844363800 ) ) ;
#791 = PLANE ( 'NONE',  #7605 ) ;
#792 = CARTESIAN_POINT ( 'NONE',  ( 0.6000000000000015300, 0.6250000000000005600, -0.09999999999999939500 ) ) ;
#793 = DIRECTION ( 'NONE',  ( 0.0000000000000000000, 0.0000000000000000000, 1.000000000000000000 ) ) ;
#794 = DIRECTION ( 'NONE',  ( 1.000000000000000000, 0.0000000000000000000, 0.0000000000000000000 ) ) ;
#795 = PLANE ( 'NONE',  #7606 ) ;
#796 = DIRECTION ( 'NONE',  ( -1.110223024625156300E-016, 0.0000000000000000000, -1.000000000000000000 ) ) ;
#797 = DIRECTION ( 'NONE',  ( -1.000000000000000000, 1.665334536937734800E-016, 0.0000000000000000000 ) ) ;
#798 = DIRECTION ( 'NONE',  ( -1.665334536937734800E-016, -1.000000000000000000, 0.0000000000000000000 ) ) ;
#799 = PLANE ( 'NONE',  #7608 ) ;
#800 = CARTESIAN_POINT ( 'NONE',  ( -0.9999999999999974500, 0.6250000000000005600, 0.3499999999999961500 ) ) ;
#801 = DIRECTION ( 'NONE',  ( 1.000000000000000000, -1.665334536937734800E-016, 0.0000000000000000000 ) ) ;
#802 = DIRECTION ( 'NONE',  ( 1.665334536937734800E-016, 1.000000000000000000, 0.0000000000000000000 ) ) ;
#803 = DIRECTION ( 'NONE',  ( -1.486164610904928800E-018, -1.000000000000000000, -1.390432168732589800E-017 ) ) ;
#804 = CARTESIAN_POINT ( 'NONE',  ( 0.0000000000000000000, 1.066799999999999700, 0.0000000000000000000 ) ) ;
#805 = PLANE ( 'NONE',  #7610 ) ;
#806 = DIRECTION ( 'NONE',  ( 0.5000000000000042200, 0.0000000000000000000, -0.8660254037844361500 ) ) ;
#807 = DIRECTION ( 'NONE',  ( -1.110223024625156400E-016, -2.020597628449898300E-017, -1.000000000000000000 ) ) ;
#808 = DIRECTION ( 'NONE',  ( 1.000000000000000000, 0.0000000000000000000, 0.0000000000000000000 ) ) ;
#809 = DIRECTION ( 'NONE',  ( 0.0000000000000000000, 0.0000000000000000000, -1.000000000000000000 ) ) ;
#810 = DIRECTION ( 'NONE',  ( 0.8660254037844363800, -0.0000000000000000000, 0.5000000000000041100 ) ) ;
#811 = CARTESIAN_POINT ( 'NONE',  ( 7.828869650211327500, 5.080000000000004500, 4.520000000000015600 ) ) ;
#812 = DIRECTION ( 'NONE',  ( -1.486164610904928800E-018, -1.000000000000000000, -1.390432168732589800E-017 ) ) ;
#813 = DIRECTION ( 'NONE',  ( 0.0000000000000000000, 0.0000000000000000000, 1.000000000000000000 ) ) ;
#814 = CARTESIAN_POINT ( 'NONE',  ( 0.0000000000000000000, 1.066799999999999700, 0.0000000000000000000 ) ) ;
#815 = DIRECTION ( 'NONE',  ( -0.0000000000000000000, 1.000000000000000000, -0.0000000000000000000 ) ) ;
#816 = CARTESIAN_POINT ( 'NONE',  ( 1.000000000000000900, -0.6250000000000005600, -0.09999999999999939500 ) ) ;
#817 = CARTESIAN_POINT ( 'NONE',  ( 5.996281292110215800, 3.910000000000000100, -3.985863854409618800 ) ) ;
#818 = PLANE ( 'NONE',  #7614 ) ;
#819 = DIRECTION ( 'NONE',  ( 0.5000000000000042200, 0.0000000000000000000, -0.8660254037844361500 ) ) ;
#820 =( NAMED_UNIT ( * ) PLANE_ANGLE_UNIT ( ) SI_UNIT ( $, .RADIAN. ) );
#821 = DIRECTION ( 'NONE',  ( 0.0000000000000000000, 0.0000000000000000000, -1.000000000000000000 ) ) ;
#822 = DIRECTION ( 'NONE',  ( -1.000000000000000000, 0.0000000000000000000, 0.0000000000000000000 ) ) ;
#823 = DIRECTION ( 'NONE',  ( 0.8660254037844363800, -0.0000000000000000000, 0.5000000000000041100 ) ) ;
#824 = CARTESIAN_POINT ( 'NONE',  ( 13.02502207291794900, 5.080000000000004500, 7.520000000000040400 ) ) ;
#825 =( LENGTH_UNIT ( ) NAMED_UNIT ( * ) SI_UNIT ( .MILLI., .METRE. ) );
#826 =( LENGTH_UNIT ( ) NAMED_UNIT ( * ) SI_UNIT ( .MILLI., .METRE. ) );
#827 =( NAMED_UNIT ( * ) SI_UNIT ( $, .STERADIAN. ) SOLID_ANGLE_UNIT ( ) );
#828 = CARTESIAN_POINT ( 'NONE',  ( 0.0000000000000000000, 0.0000000000000000000, 0.0000000000000000000 ) ) ;
#829 = DIRECTION ( 'NONE',  ( 0.0000000000000000000, 0.0000000000000000000, 1.000000000000000000 ) ) ;
#830 = DIRECTION ( 'NONE',  ( 1.000000000000000000, 0.0000000000000000000, 0.0000000000000000000 ) ) ;
#831 =( LENGTH_UNIT ( ) NAMED_UNIT ( * ) SI_UNIT ( .MILLI., .METRE. ) );
#832 =( NAMED_UNIT ( * ) PLANE_ANGLE_UNIT ( ) SI_UNIT ( $, .RADIAN. ) );
#833 =( NAMED_UNIT ( * ) SI_UNIT ( $, .STERADIAN. ) SOLID_ANGLE_UNIT ( ) );
#834 =( LENGTH_UNIT ( ) NAMED_UNIT ( * ) SI_UNIT ( .MILLI., .METRE. ) );
#835 =( NAMED_UNIT ( * ) PLANE_ANGLE_UNIT ( ) SI_UNIT ( $, .RADIAN. ) );
#836 =( NAMED_UNIT ( * ) SI_UNIT ( $, .STERADIAN. ) SOLID_ANGLE_UNIT ( ) );
#837 =( NAMED_UNIT ( * ) PLANE_ANGLE_UNIT ( ) SI_UNIT ( $, .RADIAN. ) );
#838 =( NAMED_UNIT ( * ) SI_UNIT ( $, .STERADIAN. ) SOLID_ANGLE_UNIT ( ) );
#839 = CARTESIAN_POINT ( 'NONE',  ( 0.0000000000000000000, 0.0000000000000000000, 0.0000000000000000000 ) ) ;
#840 = DIRECTION ( 'NONE',  ( 0.0000000000000000000, 0.0000000000000000000, 1.000000000000000000 ) ) ;
#841 = DIRECTION ( 'NONE',  ( 1.000000000000000000, 0.0000000000000000000, 0.0000000000000000000 ) ) ;
#842 = CARTESIAN_POINT ( 'NONE',  ( 47.05737149154742800, 30.42365527517176800, -44.83676164660481300 ) ) ;
#843 = DIRECTION ( 'NONE',  ( 0.0000000000000000000, 0.0000000000000000000, 0.9999999999999995600 ) ) ;
#844 = DIRECTION ( 'NONE',  ( 1.000000000000000000, 0.0000000000000000000, 0.0000000000000000000 ) ) ;
#845 = CARTESIAN_POINT ( 'NONE',  ( 50.30737149154742100, 36.77365527517177700, -43.43676164660481500 ) ) ;
#846 = DIRECTION ( 'NONE',  ( 0.0000000000000000000, 0.0000000000000000000, 0.9999999999999995600 ) ) ;
#847 = DIRECTION ( 'NONE',  ( 1.000000000000000000, 0.0000000000000000000, 0.0000000000000000000 ) ) ;
#848 = CARTESIAN_POINT ( 'NONE',  ( 50.30737149154742100, 24.07365527517176700, -43.43676164660481500 ) ) ;
#849 = DIRECTION ( 'NONE',  ( 0.0000000000000000000, 0.0000000000000000000, 0.9999999999999995600 ) ) ;
#850 = DIRECTION ( 'NONE',  ( 1.000000000000000000, 0.0000000000000000000, 0.0000000000000000000 ) ) ;
#851 = CARTESIAN_POINT ( 'NONE',  ( 41.73128566340226800, 31.82692675345793300, -43.73676164660481200 ) ) ;
#852 = DIRECTION ( 'NONE',  ( 0.0000000000000000000, 0.0000000000000000000, 0.9999999999999995600 ) ) ;
#853 = DIRECTION ( 'NONE',  ( 1.665334536937734800E-016, -1.000000000000000000, 0.0000000000000000000 ) ) ;
#854 =( LENGTH_UNIT ( ) NAMED_UNIT ( * ) SI_UNIT ( .MILLI., .METRE. ) );
#855 =( NAMED_UNIT ( * ) PLANE_ANGLE_UNIT ( ) SI_UNIT ( $, .RADIAN. ) );
#856 =( NAMED_UNIT ( * ) SI_UNIT ( $, .STERADIAN. ) SOLID_ANGLE_UNIT ( ) );
#857 =( LENGTH_UNIT ( ) NAMED_UNIT ( * ) SI_UNIT ( .MILLI., .METRE. ) );
#858 =( NAMED_UNIT ( * ) PLANE_ANGLE_UNIT ( ) SI_UNIT ( $, .RADIAN. ) );
#859 =( NAMED_UNIT ( * ) SI_UNIT ( $, .STERADIAN. ) SOLID_ANGLE_UNIT ( ) );
#860 =( LENGTH_UNIT ( ) NAMED_UNIT ( * ) SI_UNIT ( .MILLI., .METRE. ) );
#861 =( NAMED_UNIT ( * ) PLANE_ANGLE_UNIT ( ) SI_UNIT ( $, .RADIAN. ) );
#862 =( NAMED_UNIT ( * ) SI_UNIT ( $, .STERADIAN. ) SOLID_ANGLE_UNIT ( ) );
#863 =( LENGTH_UNIT ( ) NAMED_UNIT ( * ) SI_UNIT ( .MILLI., .METRE. ) );
#864 =( NAMED_UNIT ( * ) PLANE_ANGLE_UNIT ( ) SI_UNIT ( $, .RADIAN. ) );
#865 =( NAMED_UNIT ( * ) SI_UNIT ( $, .STERADIAN. ) SOLID_ANGLE_UNIT ( ) );
#866 =( LENGTH_UNIT ( ) NAMED_UNIT ( * ) SI_UNIT ( .MILLI., .METRE. ) );
#867 =( NAMED_UNIT ( * ) PLANE_ANGLE_UNIT ( ) SI_UNIT ( $, .RADIAN. ) );
#868 =( NAMED_UNIT ( * ) SI_UNIT ( $, .STERADIAN. ) SOLID_ANGLE_UNIT ( ) );
#869 =( LENGTH_UNIT ( ) NAMED_UNIT ( * ) SI_UNIT ( .MILLI., .METRE. ) );
#870 =( NAMED_UNIT ( * ) PLANE_ANGLE_UNIT ( ) SI_UNIT ( $, .RADIAN. ) );
#871 =( NAMED_UNIT ( * ) SI_UNIT ( $, .STERADIAN. ) SOLID_ANGLE_UNIT ( ) );
#872 = CARTESIAN_POINT ( 'NONE',  ( 0.0000000000000000000, 0.0000000000000000000, 0.0000000000000000000 ) ) ;
#873 = DIRECTION ( 'NONE',  ( 0.0000000000000000000, 0.0000000000000000000, 1.000000000000000000 ) ) ;
#874 = DIRECTION ( 'NONE',  ( 1.000000000000000000, 0.0000000000000000000, 0.0000000000000000000 ) ) ;
#875 = CARTESIAN_POINT ( 'NONE',  ( 0.4020458039803998000, 18.17563493575460100, -16.08148331450820500 ) ) ;
#876 = DIRECTION ( 'NONE',  ( 0.0000000000000000000, 0.0000000000000000000, 1.000000000000000000 ) ) ;
#877 = DIRECTION ( 'NONE',  ( 1.000000000000000000, 0.0000000000000000000, 0.0000000000000000000 ) ) ;
#878 = CARTESIAN_POINT ( 'NONE',  ( -58.37724354290661200, 66.92239658235942600, -14.88751071600291600 ) ) ;
#879 = DIRECTION ( 'NONE',  ( 0.0000000000000000000, 0.9999999999999997800, 0.0000000000000000000 ) ) ;
#880 = DIRECTION ( 'NONE',  ( 0.8660254037844369300, 0.0000000000000000000, 0.5000000000000030000 ) ) ;
#881 = CARTESIAN_POINT ( 'NONE',  ( 0.4020458039804067400, 23.68563493575460300, -16.08148331450822600 ) ) ;
#882 = DIRECTION ( 'NONE',  ( 0.0000000000000000000, 0.9999999999999998900, 0.0000000000000000000 ) ) ;
#883 = DIRECTION ( 'NONE',  ( 0.5000000000000030000, 0.0000000000000000000, -0.8660254037844369300 ) ) ;
#884 = CARTESIAN_POINT ( 'NONE',  ( 0.4020458039803998000, 26.54763493575459800, -16.08148331450820500 ) ) ;
#885 = DIRECTION ( 'NONE',  ( 0.0000000000000000000, 1.000000000000000000, 0.0000000000000000000 ) ) ;
#886 = DIRECTION ( 'NONE',  ( 1.000000000000000000, 0.0000000000000000000, 0.0000000000000000000 ) ) ;
#887 = CARTESIAN_POINT ( 'NONE',  ( 0.4020458039803998000, 28.81563493575459800, -16.08148331450820500 ) ) ;
#888 = DIRECTION ( 'NONE',  ( 0.0000000000000000000, 0.0000000000000000000, 1.000000000000000000 ) ) ;
#889 = DIRECTION ( 'NONE',  ( 1.000000000000000000, 0.0000000000000000000, 0.0000000000000000000 ) ) ;
#890 = CARTESIAN_POINT ( 'NONE',  ( 0.4020458039803998000, 26.73563493575460000, -16.08148331450820500 ) ) ;
#891 = DIRECTION ( 'NONE',  ( 0.0000000000000000000, 1.000000000000000000, 0.0000000000000000000 ) ) ;
#892 = DIRECTION ( 'NONE',  ( 1.000000000000000000, 0.0000000000000000000, 0.0000000000000000000 ) ) ;
#893 = CARTESIAN_POINT ( 'NONE',  ( 9.730172808326189600, 21.72600668096406900, -2.882538460997140300 ) ) ;
#894 = DIRECTION ( 'NONE',  ( 0.8606832271168186600, -1.433983289693147700E-005, -0.5091408276244873100 ) ) ;
#895 = DIRECTION ( 'NONE',  ( 0.5091408278264263300, 2.424094273995036600E-005, 0.8606832267754484000 ) ) ;
#896 =( LENGTH_UNIT ( ) NAMED_UNIT ( * ) SI_UNIT ( .MILLI., .METRE. ) );
#897 =( NAMED_UNIT ( * ) PLANE_ANGLE_UNIT ( ) SI_UNIT ( $, .RADIAN. ) );
#898 =( NAMED_UNIT ( * ) SI_UNIT ( $, .STERADIAN. ) SOLID_ANGLE_UNIT ( ) );
#899 = CARTESIAN_POINT ( 'NONE',  ( 0.0000000000000000000, 0.0000000000000000000, 0.0000000000000000000 ) ) ;
#900 = DIRECTION ( 'NONE',  ( 0.0000000000000000000, 0.0000000000000000000, 1.000000000000000000 ) ) ;
#901 = DIRECTION ( 'NONE',  ( 1.000000000000000000, 0.0000000000000000000, 0.0000000000000000000 ) ) ;
#902 = APPLICATION_CONTEXT ( 'configuration controlled 3d designs of mechanical parts and assemblies' ) ;
#903 = APPLICATION_CONTEXT ( 'configuration controlled 3d designs of mechanical parts and assemblies' ) ;
#904 = APPLICATION_CONTEXT ( 'configuration controlled 3d designs of mechanical parts and assemblies' ) ;
#905 = APPLICATION_CONTEXT ( 'configuration controlled 3d designs of mechanical parts and assemblies' ) ;
#906 = APPLICATION_CONTEXT ( 'configuration controlled 3d designs of mechanical parts and assemblies' ) ;
#907 = APPLICATION_CONTEXT ( 'configuration controlled 3d designs of mechanical parts and assemblies' ) ;
#908 = APPLICATION_CONTEXT ( 'configuration controlled 3d designs of mechanical parts and assemblies' ) ;
#909 = APPLICATION_CONTEXT ( 'configuration controlled 3d designs of mechanical parts and assemblies' ) ;
#910 = APPLICATION_CONTEXT ( 'configuration controlled 3d designs of mechanical parts and assemblies' ) ;
#911 = APPLICATION_CONTEXT ( 'configuration controlled 3d designs of mechanical parts and assemblies' ) ;
#912 = APPLICATION_CONTEXT ( 'configuration controlled 3d designs of mechanical parts and assemblies' ) ;
#913 = APPLICATION_PROTOCOL_DEFINITION ( 'international standard', 'config_control_design', 1994, #912 ) ;
#914 = MECHANICAL_CONTEXT ( 'NONE', #912, 'mechanical' ) ;
#915 = PERSON_AND_ORGANIZATION_ROLE ( 'design_owner' ) ;
#916 = APPLICATION_CONTEXT ( 'configuration controlled 3d designs of mechanical parts and assemblies' ) ;
#917 = APPLICATION_PROTOCOL_DEFINITION ( 'international standard', 'config_control_design', 1994, #916 ) ;
#918 = APPROVAL_STATUS ( 'not_yet_approved' ) ;
#919 = APPROVAL_ROLE ( '' ) ;
#920 = PERSON_AND_ORGANIZATION_ROLE ( 'creator' ) ;
#921 = DATE_TIME_ROLE ( 'creation_date' ) ;
#922 = APPROVAL_STATUS ( 'not_yet_approved' ) ;
#923 = APPROVAL_ROLE ( '' ) ;
#924 = PERSON_AND_ORGANIZATION_ROLE ( 'creator' ) ;
#925 = PERSON_AND_ORGANIZATION_ROLE ( 'design_supplier' ) ;
#926 = SECURITY_CLASSIFICATION_LEVEL ( 'unclassified' ) ;
#927 = PERSON_AND_ORGANIZATION_ROLE ( 'classification_officer' ) ;
#928 = DATE_TIME_ROLE ( 'classification_date' ) ;
#929 = APPROVAL_STATUS ( 'not_yet_approved' ) ;
#930 = APPROVAL_ROLE ( '' ) ;
#931 = APPLICATION_PROTOCOL_DEFINITION ( 'international standard', 'config_control_design', 1994, #902 ) ;
#932 = MECHANICAL_CONTEXT ( 'NONE', #902, 'mechanical' ) ;
#933 = PERSON_AND_ORGANIZATION_ROLE ( 'design_owner' ) ;
#934 = APPLICATION_CONTEXT ( 'configuration controlled 3d designs of mechanical parts and assemblies' ) ;
#935 = APPLICATION_PROTOCOL_DEFINITION ( 'international standard', 'config_control_design', 1994, #934 ) ;
#936 = APPROVAL_STATUS ( 'not_yet_approved' ) ;
#937 = APPROVAL_ROLE ( '' ) ;
#938 = PERSON_AND_ORGANIZATION_ROLE ( 'creator' ) ;
#939 = DATE_TIME_ROLE ( 'creation_date' ) ;
#940 = APPROVAL_STATUS ( 'not_yet_approved' ) ;
#941 = APPROVAL_ROLE ( '' ) ;
#942 = PERSON_AND_ORGANIZATION_ROLE ( 'creator' ) ;
#943 = PERSON_AND_ORGANIZATION_ROLE ( 'design_supplier' ) ;
#944 = SECURITY_CLASSIFICATION_LEVEL ( 'unclassified' ) ;
#945 = PERSON_AND_ORGANIZATION_ROLE ( 'classification_officer' ) ;
#946 = DATE_TIME_ROLE ( 'classification_date' ) ;
#947 = APPROVAL_STATUS ( 'not_yet_approved' ) ;
#948 = APPROVAL_ROLE ( '' ) ;
#949 = APPLICATION_PROTOCOL_DEFINITION ( 'international standard', 'config_control_design', 1994, #903 ) ;
#950 = MECHANICAL_CONTEXT ( 'NONE', #903, 'mechanical' ) ;
#951 = PERSON_AND_ORGANIZATION_ROLE ( 'design_owner' ) ;
#952 = APPLICATION_CONTEXT ( 'configuration controlled 3d designs of mechanical parts and assemblies' ) ;
#953 = APPLICATION_PROTOCOL_DEFINITION ( 'international standard', 'config_control_design', 1994, #952 ) ;
#954 = APPROVAL_STATUS ( 'not_yet_approved' ) ;
#955 = APPROVAL_ROLE ( '' ) ;
#956 = PERSON_AND_ORGANIZATION_ROLE ( 'creator' ) ;
#957 = DATE_TIME_ROLE ( 'creation_date' ) ;
#958 = APPROVAL_STATUS ( 'not_yet_approved' ) ;
#959 = APPROVAL_ROLE ( '' ) ;
#960 = PERSON_AND_ORGANIZATION_ROLE ( 'creator' ) ;
#961 = PERSON_AND_ORGANIZATION_ROLE ( 'design_supplier' ) ;
#962 = SECURITY_CLASSIFICATION_LEVEL ( 'unclassified' ) ;
#963 = PERSON_AND_ORGANIZATION_ROLE ( 'classification_officer' ) ;
#964 = DATE_TIME_ROLE ( 'classification_date' ) ;
#965 = APPROVAL_STATUS ( 'not_yet_approved' ) ;
#966 = APPROVAL_ROLE ( '' ) ;
#967 = APPLICATION_PROTOCOL_DEFINITION ( 'international standard', 'config_control_design', 1994, #904 ) ;
#968 = MECHANICAL_CONTEXT ( 'NONE', #904, 'mechanical' ) ;
#969 = PERSON_AND_ORGANIZATION_ROLE ( 'design_owner' ) ;
#970 = APPLICATION_CONTEXT ( 'configuration controlled 3d designs of mechanical parts and assemblies' ) ;
#971 = APPLICATION_PROTOCOL_DEFINITION ( 'international standard', 'config_control_design', 1994, #970 ) ;
#972 = APPROVAL_STATUS ( 'not_yet_approved' ) ;
#973 = APPROVAL_ROLE ( '' ) ;
#974 = PERSON_AND_ORGANIZATION_ROLE ( 'creator' ) ;
#975 = DATE_TIME_ROLE ( 'creation_date' ) ;
#976 = APPROVAL_STATUS ( 'not_yet_approved' ) ;
#977 = APPROVAL_ROLE ( '' ) ;
#978 = PERSON_AND_ORGANIZATION_ROLE ( 'creator' ) ;
#979 = PERSON_AND_ORGANIZATION_ROLE ( 'design_supplier' ) ;
#980 = SECURITY_CLASSIFICATION_LEVEL ( 'unclassified' ) ;
#981 = PERSON_AND_ORGANIZATION_ROLE ( 'classification_officer' ) ;
#982 = DATE_TIME_ROLE ( 'classification_date' ) ;
#983 = APPROVAL_STATUS ( 'not_yet_approved' ) ;
#984 = APPROVAL_ROLE ( '' ) ;
#985 = APPLICATION_PROTOCOL_DEFINITION ( 'international standard', 'config_control_design', 1994, #905 ) ;
#986 = MECHANICAL_CONTEXT ( 'NONE', #905, 'mechanical' ) ;
#987 = PERSON_AND_ORGANIZATION_ROLE ( 'design_owner' ) ;
#988 = APPLICATION_CONTEXT ( 'configuration controlled 3d designs of mechanical parts and assemblies' ) ;
#989 = APPLICATION_PROTOCOL_DEFINITION ( 'international standard', 'config_control_design', 1994, #988 ) ;
#990 = APPROVAL_STATUS ( 'not_yet_approved' ) ;
#991 = APPROVAL_ROLE ( '' ) ;
#992 = PERSON_AND_ORGANIZATION_ROLE ( 'creator' ) ;
#993 = DATE_TIME_ROLE ( 'creation_date' ) ;
#994 = APPROVAL_STATUS ( 'not_yet_approved' ) ;
#995 = APPROVAL_ROLE ( '' ) ;
#996 = PERSON_AND_ORGANIZATION_ROLE ( 'creator' ) ;
#997 = PERSON_AND_ORGANIZATION_ROLE ( 'design_supplier' ) ;
#998 = SECURITY_CLASSIFICATION_LEVEL ( 'unclassified' ) ;
#999 = PERSON_AND_ORGANIZATION_ROLE ( 'classification_officer' ) ;
#1000 = DATE_TIME_ROLE ( 'classification_date' ) ;
#1001 = APPROVAL_STATUS ( 'not_yet_approved' ) ;
#1002 = APPROVAL_ROLE ( '' ) ;
#1003 = APPLICATION_PROTOCOL_DEFINITION ( 'international standard', 'config_control_design', 1994, #906 ) ;
#1004 = MECHANICAL_CONTEXT ( 'NONE', #906, 'mechanical' ) ;
#1005 = PERSON_AND_ORGANIZATION_ROLE ( 'design_owner' ) ;
#1006 = APPLICATION_CONTEXT ( 'configuration controlled 3d designs of mechanical parts and assemblies' ) ;
#1007 = APPLICATION_PROTOCOL_DEFINITION ( 'international standard', 'config_control_design', 1994, #1006 ) ;
#1008 = APPROVAL_STATUS ( 'not_yet_approved' ) ;
#1009 = APPROVAL_ROLE ( '' ) ;
#1010 = PERSON_AND_ORGANIZATION_ROLE ( 'creator' ) ;
#1011 = DATE_TIME_ROLE ( 'creation_date' ) ;
#1012 = APPROVAL_STATUS ( 'not_yet_approved' ) ;
#1013 = APPROVAL_ROLE ( '' ) ;
#1014 = PERSON_AND_ORGANIZATION_ROLE ( 'creator' ) ;
#1015 = PERSON_AND_ORGANIZATION_ROLE ( 'design_supplier' ) ;
#1016 = SECURITY_CLASSIFICATION_LEVEL ( 'unclassified' ) ;
#1017 = PERSON_AND_ORGANIZATION_ROLE ( 'classification_officer' ) ;
#1018 = DATE_TIME_ROLE ( 'classification_date' ) ;
#1019 = APPROVAL_STATUS ( 'not_yet_approved' ) ;
#1020 = APPROVAL_ROLE ( '' ) ;
#1021 = APPLICATION_PROTOCOL_DEFINITION ( 'international standard', 'config_control_design', 1994, #907 ) ;
#1022 = MECHANICAL_CONTEXT ( 'NONE', #907, 'mechanical' ) ;
#1023 = PERSON_AND_ORGANIZATION_ROLE ( 'design_owner' ) ;
#1024 = APPLICATION_CONTEXT ( 'configuration controlled 3d designs of mechanical parts and assemblies' ) ;
#1025 = APPLICATION_PROTOCOL_DEFINITION ( 'international standard', 'config_control_design', 1994, #1024 ) ;
#1026 = APPROVAL_STATUS ( 'not_yet_approved' ) ;
#1027 = APPROVAL_ROLE ( '' ) ;
#1028 = PERSON_AND_ORGANIZATION_ROLE ( 'creator' ) ;
#1029 = DATE_TIME_ROLE ( 'creation_date' ) ;
#1030 = APPROVAL_STATUS ( 'not_yet_approved' ) ;
#1031 = APPROVAL_ROLE ( '' ) ;
#1032 = PERSON_AND_ORGANIZATION_ROLE ( 'creator' ) ;
#1033 = PERSON_AND_ORGANIZATION_ROLE ( 'design_supplier' ) ;
#1034 = SECURITY_CLASSIFICATION_LEVEL ( 'unclassified' ) ;
#1035 = PERSON_AND_ORGANIZATION_ROLE ( 'classification_officer' ) ;
#1036 = DATE_TIME_ROLE ( 'classification_date' ) ;
#1037 = APPROVAL_STATUS ( 'not_yet_approved' ) ;
#1038 = APPROVAL_ROLE ( '' ) ;
#1039 = APPLICATION_PROTOCOL_DEFINITION ( 'international standard', 'config_control_design', 1994, #908 ) ;
#1040 = MECHANICAL_CONTEXT ( 'NONE', #908, 'mechanical' ) ;
#1041 = PERSON_AND_ORGANIZATION_ROLE ( 'design_owner' ) ;
#1042 = APPLICATION_CONTEXT ( 'configuration controlled 3d designs of mechanical parts and assemblies' ) ;
#1043 = APPLICATION_PROTOCOL_DEFINITION ( 'international standard', 'config_control_design', 1994, #1042 ) ;
#1044 = APPROVAL_STATUS ( 'not_yet_approved' ) ;
#1045 = APPROVAL_ROLE ( '' ) ;
#1046 = PERSON_AND_ORGANIZATION_ROLE ( 'creator' ) ;
#1047 = DATE_TIME_ROLE ( 'creation_date' ) ;
#1048 = APPROVAL_STATUS ( 'not_yet_approved' ) ;
#1049 = APPROVAL_ROLE ( '' ) ;
#1050 = PERSON_AND_ORGANIZATION_ROLE ( 'creator' ) ;
#1051 = PERSON_AND_ORGANIZATION_ROLE ( 'design_supplier' ) ;
#1052 = SECURITY_CLASSIFICATION_LEVEL ( 'unclassified' ) ;
#1053 = PERSON_AND_ORGANIZATION_ROLE ( 'classification_officer' ) ;
#1054 = DATE_TIME_ROLE ( 'classification_date' ) ;
#1055 = APPROVAL_STATUS ( 'not_yet_approved' ) ;
#1056 = APPROVAL_ROLE ( '' ) ;
#1057 = APPLICATION_PROTOCOL_DEFINITION ( 'international standard', 'config_control_design', 1994, #909 ) ;
#1058 = MECHANICAL_CONTEXT ( 'NONE', #909, 'mechanical' ) ;
#1059 = PERSON_AND_ORGANIZATION_ROLE ( 'design_owner' ) ;
#1060 = APPLICATION_CONTEXT ( 'configuration controlled 3d designs of mechanical parts and assemblies' ) ;
#1061 = APPLICATION_PROTOCOL_DEFINITION ( 'international standard', 'config_control_design', 1994, #1060 ) ;
#1062 = APPROVAL_STATUS ( 'not_yet_approved' ) ;
#1063 = APPROVAL_ROLE ( '' ) ;
#1064 = PERSON_AND_ORGANIZATION_ROLE ( 'creator' ) ;
#1065 = DATE_TIME_ROLE ( 'creation_date' ) ;
#1066 = APPROVAL_STATUS ( 'not_yet_approved' ) ;
#1067 = APPROVAL_ROLE ( '' ) ;
#1068 = PERSON_AND_ORGANIZATION_ROLE ( 'creator' ) ;
#1069 = PERSON_AND_ORGANIZATION_ROLE ( 'design_supplier' ) ;
#1070 = SECURITY_CLASSIFICATION_LEVEL ( 'unclassified' ) ;
#1071 = PERSON_AND_ORGANIZATION_ROLE ( 'classification_officer' ) ;
#1072 = DATE_TIME_ROLE ( 'classification_date' ) ;
#1073 = APPROVAL_STATUS ( 'not_yet_approved' ) ;
#1074 = APPROVAL_ROLE ( '' ) ;
#1075 = APPLICATION_PROTOCOL_DEFINITION ( 'international standard', 'config_control_design', 1994, #910 ) ;
#1076 = MECHANICAL_CONTEXT ( 'NONE', #910, 'mechanical' ) ;
#1077 = PERSON_AND_ORGANIZATION_ROLE ( 'design_owner' ) ;
#1078 = APPLICATION_CONTEXT ( 'configuration controlled 3d designs of mechanical parts and assemblies' ) ;
#1079 = APPLICATION_PROTOCOL_DEFINITION ( 'international standard', 'config_control_design', 1994, #1078 ) ;
#1080 = APPROVAL_STATUS ( 'not_yet_approved' ) ;
#1081 = APPROVAL_ROLE ( '' ) ;
#1082 = PERSON_AND_ORGANIZATION_ROLE ( 'creator' ) ;
#1083 = DATE_TIME_ROLE ( 'creation_date' ) ;
#1084 = APPROVAL_STATUS ( 'not_yet_approved' ) ;
#1085 = APPROVAL_ROLE ( '' ) ;
#1086 = PERSON_AND_ORGANIZATION_ROLE ( 'creator' ) ;
#1087 = PERSON_AND_ORGANIZATION_ROLE ( 'design_supplier' ) ;
#1088 = SECURITY_CLASSIFICATION_LEVEL ( 'unclassified' ) ;
#1089 = PERSON_AND_ORGANIZATION_ROLE ( 'classification_officer' ) ;
#1090 = DATE_TIME_ROLE ( 'classification_date' ) ;
#1091 = APPROVAL_STATUS ( 'not_yet_approved' ) ;
#1092 = APPROVAL_ROLE ( '' ) ;
#1093 = APPLICATION_PROTOCOL_DEFINITION ( 'international standard', 'config_control_design', 1994, #911 ) ;
#1094 = MECHANICAL_CONTEXT ( 'NONE', #911, 'mechanical' ) ;
#1095 = PERSON_AND_ORGANIZATION_ROLE ( 'design_owner' ) ;
#1096 = APPLICATION_CONTEXT ( 'configuration controlled 3d designs of mechanical parts and assemblies' ) ;
#1097 = APPLICATION_PROTOCOL_DEFINITION ( 'international standard', 'config_control_design', 1994, #1096 ) ;
#1098 = APPROVAL_STATUS ( 'not_yet_approved' ) ;
#1099 = APPROVAL_ROLE ( '' ) ;
#1100 = PERSON_AND_ORGANIZATION_ROLE ( 'creator' ) ;
#1101 = DATE_TIME_ROLE ( 'creation_date' ) ;
#1102 = APPROVAL_STATUS ( 'not_yet_approved' ) ;
#1103 = APPROVAL_ROLE ( '' ) ;
#1104 = PERSON_AND_ORGANIZATION_ROLE ( 'creator' ) ;
#1105 = PERSON_AND_ORGANIZATION_ROLE ( 'design_supplier' ) ;
#1106 = SECURITY_CLASSIFICATION_LEVEL ( 'unclassified' ) ;
#1107 = PERSON_AND_ORGANIZATION_ROLE ( 'classification_officer' ) ;
#1108 = DATE_TIME_ROLE ( 'classification_date' ) ;
#1109 = APPROVAL_STATUS ( 'not_yet_approved' ) ;
#1110 = APPROVAL_ROLE ( '' ) ;
#1111 =( REPRESENTATION_RELATIONSHIP ('NONE','NONE', #3657, #3658 ) REPRESENTATION_RELATIONSHIP_WITH_TRANSFORMATION ( #394 )SHAPE_REPRESENTATION_RELATIONSHIP( ) );
#1112 = SECURITY_CLASSIFICATION_LEVEL ( 'unclassified' ) ;
#1113 = APPROVAL_STATUS ( 'not_yet_approved' ) ;
#1114 = APPROVAL_ROLE ( '' ) ;
#1115 = DATE_TIME_ROLE ( 'classification_date' ) ;
#1116 = PERSON_AND_ORGANIZATION_ROLE ( 'classification_officer' ) ;
#1117 =( REPRESENTATION_RELATIONSHIP ('NONE','NONE', #3657, #3654 ) REPRESENTATION_RELATIONSHIP_WITH_TRANSFORMATION ( #409 )SHAPE_REPRESENTATION_RELATIONSHIP( ) );
#1118 = SECURITY_CLASSIFICATION_LEVEL ( 'unclassified' ) ;
#1119 = APPROVAL_STATUS ( 'not_yet_approved' ) ;
#1120 = APPROVAL_ROLE ( '' ) ;
#1121 = DATE_TIME_ROLE ( 'classification_date' ) ;
#1122 = PERSON_AND_ORGANIZATION_ROLE ( 'classification_officer' ) ;
#1123 =( REPRESENTATION_RELATIONSHIP ('NONE','NONE', #3657, #3655 ) REPRESENTATION_RELATIONSHIP_WITH_TRANSFORMATION ( #424 )SHAPE_REPRESENTATION_RELATIONSHIP( ) );
#1124 = SECURITY_CLASSIFICATION_LEVEL ( 'unclassified' ) ;
#1125 = APPROVAL_STATUS ( 'not_yet_approved' ) ;
#1126 = APPROVAL_ROLE ( '' ) ;
#1127 = DATE_TIME_ROLE ( 'classification_date' ) ;
#1128 = PERSON_AND_ORGANIZATION_ROLE ( 'classification_officer' ) ;
#1129 =( REPRESENTATION_RELATIONSHIP ('NONE','NONE', #3657, #3662 ) REPRESENTATION_RELATIONSHIP_WITH_TRANSFORMATION ( #439 )SHAPE_REPRESENTATION_RELATIONSHIP( ) );
#1130 = SECURITY_CLASSIFICATION_LEVEL ( 'unclassified' ) ;
#1131 = APPROVAL_STATUS ( 'not_yet_approved' ) ;
#1132 = APPROVAL_ROLE ( '' ) ;
#1133 = DATE_TIME_ROLE ( 'classification_date' ) ;
#1134 = PERSON_AND_ORGANIZATION_ROLE ( 'classification_officer' ) ;
#1135 =( REPRESENTATION_RELATIONSHIP ('NONE','NONE', #3657, #3663 ) REPRESENTATION_RELATIONSHIP_WITH_TRANSFORMATION ( #454 )SHAPE_REPRESENTATION_RELATIONSHIP( ) );
#1136 = SECURITY_CLASSIFICATION_LEVEL ( 'unclassified' ) ;
#1137 = APPROVAL_STATUS ( 'not_yet_approved' ) ;
#1138 = APPROVAL_ROLE ( '' ) ;
#1139 = DATE_TIME_ROLE ( 'classification_date' ) ;
#1140 = PERSON_AND_ORGANIZATION_ROLE ( 'classification_officer' ) ;
#1141 =( REPRESENTATION_RELATIONSHIP ('NONE','NONE', #3657, #3656 ) REPRESENTATION_RELATIONSHIP_WITH_TRANSFORMATION ( #469 )SHAPE_REPRESENTATION_RELATIONSHIP( ) );
#1142 = SECURITY_CLASSIFICATION_LEVEL ( 'unclassified' ) ;
#1143 = APPROVAL_STATUS ( 'not_yet_approved' ) ;
#1144 = APPROVAL_ROLE ( '' ) ;
#1145 = DATE_TIME_ROLE ( 'classification_date' ) ;
#1146 = PERSON_AND_ORGANIZATION_ROLE ( 'classification_officer' ) ;
#1147 =( REPRESENTATION_RELATIONSHIP ('NONE','NONE', #3657, #3660 ) REPRESENTATION_RELATIONSHIP_WITH_TRANSFORMATION ( #484 )SHAPE_REPRESENTATION_RELATIONSHIP( ) );
#1148 = SECURITY_CLASSIFICATION_LEVEL ( 'unclassified' ) ;
#1149 = APPROVAL_STATUS ( 'not_yet_approved' ) ;
#1150 = APPROVAL_ROLE ( '' ) ;
#1151 = DATE_TIME_ROLE ( 'classification_date' ) ;
#1152 = PERSON_AND_ORGANIZATION_ROLE ( 'classification_officer' ) ;
#1153 =( REPRESENTATION_RELATIONSHIP ('NONE','NONE', #3654, #3659 ) REPRESENTATION_RELATIONSHIP_WITH_TRANSFORMATION ( #499 )SHAPE_REPRESENTATION_RELATIONSHIP( ) );
#1154 = SECURITY_CLASSIFICATION_LEVEL ( 'unclassified' ) ;
#1155 = APPROVAL_STATUS ( 'not_yet_approved' ) ;
#1156 = APPROVAL_ROLE ( '' ) ;
#1157 = DATE_TIME_ROLE ( 'classification_date' ) ;
#1158 = PERSON_AND_ORGANIZATION_ROLE ( 'classification_officer' ) ;
#1159 =( REPRESENTATION_RELATIONSHIP ('NONE','NONE', #3654, #3661 ) REPRESENTATION_RELATIONSHIP_WITH_TRANSFORMATION ( #514 )SHAPE_REPRESENTATION_RELATIONSHIP( ) );
#1160 = SECURITY_CLASSIFICATION_LEVEL ( 'unclassified' ) ;
#1161 = APPROVAL_STATUS ( 'not_yet_approved' ) ;
#1162 = APPROVAL_ROLE ( '' ) ;
#1163 = DATE_TIME_ROLE ( 'classification_date' ) ;
#1164 = PERSON_AND_ORGANIZATION_ROLE ( 'classification_officer' ) ;
#1165 =( REPRESENTATION_RELATIONSHIP ('NONE','NONE', #3654, #3661 ) REPRESENTATION_RELATIONSHIP_WITH_TRANSFORMATION ( #529 )SHAPE_REPRESENTATION_RELATIONSHIP( ) );
#1166 = SECURITY_CLASSIFICATION_LEVEL ( 'unclassified' ) ;
#1167 = APPROVAL_STATUS ( 'not_yet_approved' ) ;
#1168 = APPROVAL_ROLE ( '' ) ;
#1169 = DATE_TIME_ROLE ( 'classification_date' ) ;
#1170 = PERSON_AND_ORGANIZATION_ROLE ( 'classification_officer' ) ;
#1171 =( REPRESENTATION_RELATIONSHIP ('NONE','NONE', #3654, #3653 ) REPRESENTATION_RELATIONSHIP_WITH_TRANSFORMATION ( #544 )SHAPE_REPRESENTATION_RELATIONSHIP( ) );
#1172 = SECURITY_CLASSIFICATION_LEVEL ( 'unclassified' ) ;
#1173 = APPROVAL_STATUS ( 'not_yet_approved' ) ;
#1174 = APPROVAL_ROLE ( '' ) ;
#1175 = DATE_TIME_ROLE ( 'classification_date' ) ;
#1176 = PERSON_AND_ORGANIZATION_ROLE ( 'classification_officer' ) ;
#1177 = EDGE_CURVE ( 'NONE', #3745, #3175, #6038, .T. ) ;
#1178 = EDGE_CURVE ( 'NONE', #3854, #3695, #5589, .T. ) ;
#1179 = EDGE_CURVE ( 'NONE', #3844, #3873, #5579, .T. ) ;
#1180 = EDGE_CURVE ( 'NONE', #3831, #3777, #5595, .T. ) ;
#1181 = EDGE_CURVE ( 'NONE', #3838, #3720, #5801, .T. ) ;
#1182 = EDGE_CURVE ( 'NONE', #3716, #3720, #5783, .T. ) ;
#1183 = CARTESIAN_POINT ( 'NONE',  ( 15.12872099647149000, 2.932828515177449400, 1.839001543015961000 ) ) ;
#1184 = CARTESIAN_POINT ( 'NONE',  ( 15.12406338103389000, 3.054285014520087900, 1.876416643819277500 ) ) ;
#1185 = EDGE_CURVE ( 'NONE', #3837, #3813, #5554, .T. ) ;
#1186 = EDGE_CURVE ( 'NONE', #6485, #6463, #6153, .T. ) ;
#1187 = EDGE_CURVE ( 'NONE', #3174, #3920, #5873, .T. ) ;
#1188 = EDGE_CURVE ( 'NONE', #6456, #3702, #5574, .T. ) ;
#1189 = EDGE_CURVE ( 'NONE', #3174, #3678, #5572, .T. ) ;
#1190 = EDGE_CURVE ( 'NONE', #6356, #6378, #5587, .T. ) ;
#1191 = EDGE_CURVE ( 'NONE', #6478, #6456, #5592, .T. ) ;
#1192 = EDGE_CURVE ( 'NONE', #6473, #6477, #5628, .T. ) ;
#1193 = EDGE_CURVE ( 'NONE', #3748, #3678, #5558, .T. ) ;
#1194 = EDGE_CURVE ( 'NONE', #3749, #3888, #5578, .T. ) ;
#1195 = EDGE_CURVE ( 'NONE', #6374, #3675, #5586, .T. ) ;
#1196 = EDGE_CURVE ( 'NONE', #6446, #3802, #5591, .T. ) ;
#1197 = EDGE_CURVE ( 'NONE', #3167, #3172, #5565, .T. ) ;
#1198 = EDGE_CURVE ( 'NONE', #3676, #3732, #5843, .T. ) ;
#1199 = EDGE_CURVE ( 'NONE', #6455, #6489, #5537, .T. ) ;
#1200 = EDGE_CURVE ( 'NONE', #6486, #6446, #5566, .T. ) ;
#1201 = EDGE_CURVE ( 'NONE', #3810, #3888, #5613, .T. ) ;
#1202 = EDGE_CURVE ( 'NONE', #3920, #3748, #5582, .T. ) ;
#1203 = EDGE_CURVE ( 'NONE', #3967, #3666, #5609, .T. ) ;
#1204 = EDGE_CURVE ( 'NONE', #6452, #6478, #5547, .T. ) ;
#1205 = EDGE_CURVE ( 'NONE', #3817, #3755, #5544, .T. ) ;
#1206 = EDGE_CURVE ( 'NONE', #3919, #6378, #6114, .T. ) ;
#1207 = EDGE_CURVE ( 'NONE', #3852, #6356, #5631, .T. ) ;
#1208 = EDGE_CURVE ( 'NONE', #3669, #6365, #5553, .T. ) ;
#1209 = EDGE_CURVE ( 'NONE', #3817, #3881, #5559, .T. ) ;
#1210 = EDGE_CURVE ( 'NONE', #3669, #6485, #5581, .T. ) ;
#1211 = VECTOR ( 'NONE', #9861, 1000.000000000000000 ) ;
#1212 = CIRCLE ( 'NONE', #6219, 0.9999999999999922300 ) ;
#1213 = LINE ( 'NONE', #9864, #1211 ) ;
#1214 = EDGE_CURVE ( 'NONE', #3776, #3758, #5563, .T. ) ;
#1215 = EDGE_CURVE ( 'NONE', #3756, #3924, #5940, .T. ) ;
#1216 = EDGE_CURVE ( 'NONE', #3785, #3743, #5768, .T. ) ;
#1217 = EDGE_CURVE ( 'NONE', #3700, #3764, #5754, .T. ) ;
#1218 = EDGE_CURVE ( 'NONE', #3700, #3795, #2055, .T. ) ;
#1219 = CIRCLE ( 'NONE', #6218, 0.9999999999999991100 ) ;
#1220 = ADVANCED_FACE ( 'NONE', ( #5717 ), #2082, .T. ) ;
#1221 = ADVANCED_FACE ( 'NONE', ( #5671 ), #5730, .T. ) ;
#1222 = ADVANCED_FACE ( 'NONE', ( #5659 ), #10110, .F. ) ;
#1223 = ADVANCED_FACE ( 'NONE', ( #5767 ), #10130, .F. ) ;
#1224 = ADVANCED_FACE ( 'NONE', ( #5748 ), #5668, .T. ) ;
#1225 = ADVANCED_FACE ( 'NONE', ( #5729 ), #9708, .F. ) ;
#1226 = ADVANCED_FACE ( 'NONE', ( #5753 ), #9703, .F. ) ;
#1227 = ADVANCED_FACE ( 'NONE', ( #5727 ), #5684, .F. ) ;
#1228 = ADVANCED_FACE ( 'NONE', ( #5666 ), #5689, .F. ) ;
#1229 = ADVANCED_FACE ( 'NONE', ( #5661 ), #5695, .F. ) ;
#1230 = ADVANCED_FACE ( 'NONE', ( #5677 ), #5704, .F. ) ;
#1231 = ADVANCED_FACE ( 'NONE', ( #5681 ), #5712, .F. ) ;
#1232 = ADVANCED_FACE ( 'NONE', ( #5687 ), #5720, .F. ) ;
#1233 = ADVANCED_FACE ( 'NONE', ( #5691 ), #5674, .F. ) ;
#1234 = ADVANCED_FACE ( 'NONE', ( #5697 ), #5699, .F. ) ;
#1235 = ADVANCED_FACE ( 'NONE', ( #5710 ), #9576, .F. ) ;
#1236 = ADVANCED_FACE ( 'NONE', ( #5722 ), #9572, .F. ) ;
#1237 = ADVANCED_FACE ( 'NONE', ( #5714 ), #5693, .F. ) ;
#1238 = ADVANCED_FACE ( 'NONE', ( #5769 ), #5765, .F. ) ;
#1239 = ADVANCED_FACE ( 'NONE', ( #5759 ), #5726, .F. ) ;
#1240 = ADVANCED_FACE ( 'NONE', ( #5775 ), #9561, .F. ) ;
#1241 = ADVANCED_FACE ( 'NONE', ( #5755 ), #9557, .F. ) ;
#1242 = ADVANCED_FACE ( 'NONE', ( #5701 ), #5929, .T. ) ;
#1243 = ADVANCED_FACE ( 'NONE', ( #5718 ), #9552, .F. ) ;
#1244 = ADVANCED_FACE ( 'NONE', ( #5708 ), #6084, .F. ) ;
#1245 = ADVANCED_FACE ( 'NONE', ( #5927 ), #5840, .T. ) ;
#1246 = ADVANCED_FACE ( 'NONE', ( #5734 ), #5841, .T. ) ;
#1247 = ADVANCED_FACE ( 'NONE', ( #5931 ), #9540, .F. ) ;
#1248 = ADVANCED_FACE ( 'NONE', ( #5825, #5829 ), #9538, .T. ) ;
#1249 = ADVANCED_FACE ( 'NONE', ( #5812 ), #5849, .F. ) ;
#1250 = ADVANCED_FACE ( 'NONE', ( #5834 ), #5751, .F. ) ;
#1251 = ADVANCED_FACE ( 'NONE', ( #5752 ), #5758, .F. ) ;
#1252 = ADVANCED_FACE ( 'NONE', ( #5822 ), #5739, .F. ) ;
#1253 = ADVANCED_FACE ( 'NONE', ( #5844 ), #5723, .T. ) ;
#1254 = ADVANCED_FACE ( 'NONE', ( #5818 ), #9511, .F. ) ;
#1255 = ADVANCED_FACE ( 'NONE', ( #5747 ), #5698, .F. ) ;
#1256 = ADVANCED_FACE ( 'NONE', ( #5716 ), #5672, .F. ) ;
#1257 = ADVANCED_FACE ( 'NONE', ( #5750 ), #5781, .T. ) ;
#1258 = ADVANCED_FACE ( 'NONE', ( #5725 ), #9535, .F. ) ;
#1259 = ADVANCED_FACE ( 'NONE', ( #5660 ), #5678, .F. ) ;
#1260 = ADVANCED_FACE ( 'NONE', ( #5732 ), #5662, .F. ) ;
#1261 = ADVANCED_FACE ( 'NONE', ( #5705, #5667, #5778, #5665, #5669, #5683, #5685, #5688, #5690 ), #10068, .T. ) ;
#1262 = ADVANCED_FACE ( 'NONE', ( #5692 ), #10066, .F. ) ;
#1263 = ADVANCED_FACE ( 'NONE', ( #5696 ), #5715, .F. ) ;
#1264 = ADVANCED_FACE ( 'NONE', ( #5711 ), #5663, .F. ) ;
#1265 = ADVANCED_FACE ( 'NONE', ( #5707 ), #5694, .F. ) ;
#1266 = ADVANCED_FACE ( 'NONE', ( #5700 ), #5772, .F. ) ;
#1267 = ADVANCED_FACE ( 'NONE', ( #5713, #5702 ), #5670, .F. ) ;
#1268 = ADVANCED_FACE ( 'NONE', ( #5731, #5740, #5675, #5721 ), #10247, .T. ) ;
#1269 = ADVANCED_FACE ( 'NONE', ( #5706 ), #5928, .T. ) ;
#1270 = ADVANCED_FACE ( 'NONE', ( #5736, #5757 ), #10243, .F. ) ;
#1271 = ADVANCED_FACE ( 'NONE', ( #5709, #5926 ), #6094, .T. ) ;
#1272 = CARTESIAN_POINT ( 'NONE',  ( 11.08651080908760100, 9.234563333333326800, -6.400799999998634200 ) ) ;
#1273 = CARTESIAN_POINT ( 'NONE',  ( 1.538157622105185100E-012, 8.493729999999997600, -12.80159999999995100 ) ) ;
#1274 = CARTESIAN_POINT ( 'NONE',  ( -11.08651080908605700, 8.387896666666664600, -6.400800000001309400 ) ) ;
#1275 = CARTESIAN_POINT ( 'NONE',  ( 11.08651080908605600, 8.705396666666663600, 6.400800000001313000 ) ) ;
#1276 = CARTESIAN_POINT ( 'NONE',  ( -14.78201441211576900, 8.334979999999998100, -1.776737398773147200E-012 ) ) ;
#1277 = CARTESIAN_POINT ( 'NONE',  ( -11.08651080908759600, 8.282063333333331600, 6.400799999998641400 ) ) ;
#1278 = CARTESIAN_POINT ( 'NONE',  ( 14.78201441211576900, 8.652479999999998800, 1.778740484904796600E-012 ) ) ;
#1279 = CARTESIAN_POINT ( 'NONE',  ( 7.391007206056343600, 8.758313333333331800, 12.80160000000084100 ) ) ;
#1280 = CARTESIAN_POINT ( 'NONE',  ( -11.08651080908605700, 9.022896666666662600, -6.400800000001309400 ) ) ;
#1281 = CARTESIAN_POINT ( 'NONE',  ( 7.391007206059430100, 9.816646666666660100, -12.80159999999905900 ) ) ;
#1282 = CARTESIAN_POINT ( 'NONE',  ( 7.391007206056343600, 9.393313333333329900, 12.80160000000084100 ) ) ;
#1283 = CARTESIAN_POINT ( 'NONE',  ( 7.391007206059430100, 9.181646666666662100, -12.80159999999905900 ) ) ;
#1284 = CARTESIAN_POINT ( 'NONE',  ( 11.08651080908760100, 8.599563333333330600, -6.400799999998634200 ) ) ;
#1285 = CARTESIAN_POINT ( 'NONE',  ( -7.391007206056344500, 8.440813333333331100, -12.80160000000084100 ) ) ;
#1286 = CARTESIAN_POINT ( 'NONE',  ( 1.538157622105185100E-012, 9.128729999999993800, -12.80159999999995100 ) ) ;
#1287 = CARTESIAN_POINT ( 'NONE',  ( -11.08651080908605700, 9.657896666666658800, -6.400800000001309400 ) ) ;
#1288 = CARTESIAN_POINT ( 'NONE',  ( -7.391007206059426500, 9.499146666666662900, 12.80159999999905900 ) ) ;
#1289 = CARTESIAN_POINT ( 'NONE',  ( -7.391007206059426500, 8.229146666666661500, 12.80159999999905900 ) ) ;
#1290 = CARTESIAN_POINT ( 'NONE',  ( -14.78201441211576900, 8.969979999999996100, -1.776737398773147200E-012 ) ) ;
#1291 = CARTESIAN_POINT ( 'NONE',  ( -1.539729715255289100E-012, 9.446229999999992800, 12.80159999999995100 ) ) ;
#1292 = CARTESIAN_POINT ( 'NONE',  ( -14.78201441211576900, 9.604979999999994100, -1.776737398773147200E-012 ) ) ;
#1293 = CARTESIAN_POINT ( 'NONE',  ( 14.78201441211576900, 9.287479999999995100, 1.778740484904796600E-012 ) ) ;
#1294 = CARTESIAN_POINT ( 'NONE',  ( -1.539729715255289100E-012, 8.176229999999996800, 12.80159999999995100 ) ) ;
#1295 = CARTESIAN_POINT ( 'NONE',  ( 1.538157622105185100E-012, 9.763729999999995400, -12.80159999999995100 ) ) ;
#1296 = CARTESIAN_POINT ( 'NONE',  ( -11.08651080908759600, 8.917063333333329600, 6.400799999998641400 ) ) ;
#1297 = CARTESIAN_POINT ( 'NONE',  ( -1.539729715255289100E-012, 8.811229999999996600, 12.80159999999995100 ) ) ;
#1298 = CARTESIAN_POINT ( 'NONE',  ( 11.08651080908760100, 9.869563333333328400, -6.400799999998634200 ) ) ;
#1299 = CARTESIAN_POINT ( 'NONE',  ( -7.391007206056344500, 9.075813333333330800, -12.80160000000084100 ) ) ;
#1300 = CARTESIAN_POINT ( 'NONE',  ( -7.391007206059426500, 8.864146666666664800, 12.80159999999905900 ) ) ;
#1301 = CARTESIAN_POINT ( 'NONE',  ( 7.391007206059430100, 8.546646666666664100, -12.80159999999905900 ) ) ;
#1302 = CARTESIAN_POINT ( 'NONE',  ( -11.08651080908759600, 9.552063333333325800, 6.400799999998641400 ) ) ;
#1303 = CARTESIAN_POINT ( 'NONE',  ( -7.391007206056344500, 9.710813333333327100, -12.80160000000084100 ) ) ;
#1304 = CARTESIAN_POINT ( 'NONE',  ( 11.08651080908605600, 9.340396666666659800, 6.400800000001313000 ) ) ;
#1305 = CARTESIAN_POINT ( 'NONE',  ( -11.08651080908605700, 10.92789666666665800, -6.400800000001309400 ) ) ;
#1306 = CARTESIAN_POINT ( 'NONE',  ( -7.391007206056344500, 10.98081333333332300, -12.80160000000084100 ) ) ;
#1307 = CARTESIAN_POINT ( 'NONE',  ( -7.391007206059426500, 10.76914666666665700, 12.80159999999905900 ) ) ;
#1308 = CARTESIAN_POINT ( 'NONE',  ( -14.78201441211576900, 10.87497999999999000, -1.776737398773147200E-012 ) ) ;
#1309 = CARTESIAN_POINT ( 'NONE',  ( 11.08651080908605600, 10.61039666666666100, 6.400800000001313000 ) ) ;
#1310 = CARTESIAN_POINT ( 'NONE',  ( 7.391007206056343600, 8.123313333333330300, 12.80160000000084100 ) ) ;
#1311 = CARTESIAN_POINT ( 'NONE',  ( -1.539729715255289100E-012, 10.71622999999999200, 12.80159999999995100 ) ) ;
#1312 = CARTESIAN_POINT ( 'NONE',  ( 7.391007206056343600, 10.66331333333332600, 12.80160000000084100 ) ) ;
#1313 = CARTESIAN_POINT ( 'NONE',  ( 11.08651080908605600, 8.070396666666663800, 6.400800000001313000 ) ) ;
#1314 = CARTESIAN_POINT ( 'NONE',  ( -7.391007206059426500, 10.13414666666666100, 12.80159999999905900 ) ) ;
#1315 = CARTESIAN_POINT ( 'NONE',  ( 7.391007206056343600, 10.02831333333332800, 12.80160000000084100 ) ) ;
#1316 = CARTESIAN_POINT ( 'NONE',  ( -1.539729715255289100E-012, 10.08122999999999300, 12.80159999999995100 ) ) ;
#1317 = CARTESIAN_POINT ( 'NONE',  ( -11.08651080908605700, 10.29289666666665900, -6.400800000001309400 ) ) ;
#1318 = CARTESIAN_POINT ( 'NONE',  ( -11.08651080908759600, 10.18706333333332600, 6.400799999998641400 ) ) ;
#1319 = CARTESIAN_POINT ( 'NONE',  ( -14.78201441211576900, 10.23997999999999200, -1.776737398773147200E-012 ) ) ;
#1320 = CARTESIAN_POINT ( 'NONE',  ( 11.08651080908605600, 9.975396666666659600, 6.400800000001313000 ) ) ;
#1321 = CARTESIAN_POINT ( 'NONE',  ( -7.391007206056344500, 10.34581333333332500, -12.80160000000084100 ) ) ;
#1322 = CARTESIAN_POINT ( 'NONE',  ( 1.538157622105185100E-012, 10.39872999999999200, -12.80159999999995100 ) ) ;
#1323 = CARTESIAN_POINT ( 'NONE',  ( 7.391007206059430100, 10.45164666666665800, -12.80159999999905900 ) ) ;
#1324 = CARTESIAN_POINT ( 'NONE',  ( 11.08651080908760100, 10.50456333333332800, -6.400799999998634200 ) ) ;
#1325 = CARTESIAN_POINT ( 'NONE',  ( 14.78201441211576900, 10.55747999999999300, 1.778740484904796600E-012 ) ) ;
#1326 = CARTESIAN_POINT ( 'NONE',  ( 14.78201441211576900, 9.922479999999994900, 1.778740484904796600E-012 ) ) ;
#1327 = CARTESIAN_POINT ( 'NONE',  ( -11.08651080908759600, 10.82206333333332500, 6.400799999998641400 ) ) ;
#1328 = LINE ( 'NONE', #9595, #1329 ) ;
#1329 = VECTOR ( 'NONE', #9600, 1000.000000000000000 ) ;
#1330 = LINE ( 'NONE', #9602, #1334 ) ;
#1331 = LINE ( 'NONE', #9594, #1332 ) ;
#1332 = VECTOR ( 'NONE', #9601, 1000.000000000000000 ) ;
#1333 = CIRCLE ( 'NONE', #6221, 14.73999999999999700 ) ;
#1334 = VECTOR ( 'NONE', #9604, 1000.000000000000000 ) ;
#1335 = LINE ( 'NONE', #9605, #1339 ) ;
#1336 = LINE ( 'NONE', #9599, #1337 ) ;
#1337 = VECTOR ( 'NONE', #9603, 1000.000000000000000 ) ;
#1338 = LINE ( 'NONE', #9607, #1341 ) ;
#1339 = VECTOR ( 'NONE', #9606, 1000.000000000000000 ) ;
#1340 = CIRCLE ( 'NONE', #6222, 12.80160000000000100 ) ;
#1341 = VECTOR ( 'NONE', #9455, 1000.000000000000000 ) ;
#1342 = LINE ( 'NONE', #9734, #1343 ) ;
#1343 = VECTOR ( 'NONE', #9772, 1000.000000000000000 ) ;
#1344 = LINE ( 'NONE', #10125, #1345 ) ;
#1345 = VECTOR ( 'NONE', #9736, 1000.000000000000000 ) ;
#1346 = LINE ( 'NONE', #5184, #1347 ) ;
#1347 = VECTOR ( 'NONE', #5172, 1000.000000000000000 ) ;
#1348 = CIRCLE ( 'NONE', #6223, 13.14449999999999400 ) ;
#1349 = LINE ( 'NONE', #5193, #1356 ) ;
#1350 = LINE ( 'NONE', #5160, #1352 ) ;
#1351 = CIRCLE ( 'NONE', #6224, 1.000000000000004400 ) ;
#1352 = VECTOR ( 'NONE', #5190, 1000.000000000000200 ) ;
#1353 = LINE ( 'NONE', #5158, #1355 ) ;
#1354 = CIRCLE ( 'NONE', #6225, 1.000000000000004400 ) ;
#1355 = VECTOR ( 'NONE', #5163, 1000.000000000000100 ) ;
#1356 = VECTOR ( 'NONE', #5185, 1000.000000000000000 ) ;
#1357 = LINE ( 'NONE', #9189, #1362 ) ;
#1358 = LINE ( 'NONE', #3611, #1360 ) ;
#1359 = CIRCLE ( 'NONE', #6226, 1.000000000000004400 ) ;
#1360 = VECTOR ( 'NONE', #3180, 1000.000000000000100 ) ;
#1361 = CIRCLE ( 'NONE', #6227, 13.14449999999999400 ) ;
#1362 = VECTOR ( 'NONE', #3177, 1000.000000000000000 ) ;
#1363 = LINE ( 'NONE', #6495, #1366 ) ;
#1364 = LINE ( 'NONE', #6494, #1368 ) ;
#1365 = CIRCLE ( 'NONE', #6228, 1.000000000000000900 ) ;
#1366 = VECTOR ( 'NONE', #6499, 1000.000000000000100 ) ;
#1367 = LINE ( 'NONE', #6501, #1372 ) ;
#1368 = VECTOR ( 'NONE', #6500, 1000.000000000000000 ) ;
#1369 = CIRCLE ( 'NONE', #6230, 1.249999999999999300 ) ;
#1370 = CIRCLE ( 'NONE', #6229, 13.48999999999998100 ) ;
#1371 = LINE ( 'NONE', #6568, #1377 ) ;
#1372 = VECTOR ( 'NONE', #6507, 1000.000000000000100 ) ;
#1373 = LINE ( 'NONE', #6570, #1376 ) ;
#1374 = CIRCLE ( 'NONE', #6231, 0.7999999999999933800 ) ;
#1375 = CIRCLE ( 'NONE', #6234, 0.5000000000000026600 ) ;
#1376 = VECTOR ( 'NONE', #6513, 1000.000000000000000 ) ;
#1377 = VECTOR ( 'NONE', #6575, 1000.000000000000100 ) ;
#1378 = CIRCLE ( 'NONE', #6232, 0.5000000000000022200 ) ;
#1379 = CIRCLE ( 'NONE', #6233, 10.79999999999999700 ) ;
#1380 = LINE ( 'NONE', #6576, #1382 ) ;
#1381 = LINE ( 'NONE', #6609, #1387 ) ;
#1382 = VECTOR ( 'NONE', #6577, 1000.000000000000100 ) ;
#1383 = LINE ( 'NONE', #6610, #1389 ) ;
#1384 = LINE ( 'NONE', #6611, #1385 ) ;
#1385 = VECTOR ( 'NONE', #6582, 1000.000000000000000 ) ;
#1386 = CIRCLE ( 'NONE', #6236, 12.89049999999999800 ) ;
#1387 = VECTOR ( 'NONE', #6615, 1000.000000000000000 ) ;
#1388 = CIRCLE ( 'NONE', #6235, 0.5000000000000022200 ) ;
#1389 = VECTOR ( 'NONE', #6616, 1000.000000000000000 ) ;
#1390 = LINE ( 'NONE', #6622, #1395 ) ;
#1391 = LINE ( 'NONE', #6618, #1393 ) ;
#1392 = CIRCLE ( 'NONE', #6237, 0.5000000000000022200 ) ;
#1393 = VECTOR ( 'NONE', #6617, 1000.000000000000000 ) ;
#1394 = CIRCLE ( 'NONE', #6238, 10.79999999999999900 ) ;
#1395 = VECTOR ( 'NONE', #6627, 1000.000000000000000 ) ;
#1396 = LINE ( 'NONE', #6628, #1398 ) ;
#1397 = LINE ( 'NONE', #6648, #1404 ) ;
#1398 = VECTOR ( 'NONE', #6626, 1000.000000000000100 ) ;
#1399 = LINE ( 'NONE', #6633, #1400 ) ;
#1400 = VECTOR ( 'NONE', #6629, 1000.000000000000100 ) ;
#1401 = CIRCLE ( 'NONE', #6239, 1.000000000000000900 ) ;
#1402 = LINE ( 'NONE', #6647, #1406 ) ;
#1403 = CIRCLE ( 'NONE', #6240, 10.79999999999999900 ) ;
#1404 = VECTOR ( 'NONE', #6639, 1000.000000000000000 ) ;
#1405 = LINE ( 'NONE', #6659, #1410 ) ;
#1406 = VECTOR ( 'NONE', #6653, 1000.000000000000100 ) ;
#1407 = CIRCLE ( 'NONE', #6241, 0.9999999999999974500 ) ;
#1408 = LINE ( 'NONE', #6764, #1413 ) ;
#1409 = CIRCLE ( 'NONE', #6242, 4.749999999999999100 ) ;
#1410 = VECTOR ( 'NONE', #6654, 1000.000000000000000 ) ;
#1411 = VECTOR ( 'NONE', #6760, 1000.000000000000000 ) ;
#1412 = LINE ( 'NONE', #6714, #1411 ) ;
#1413 = VECTOR ( 'NONE', #6765, 1000.000000000000000 ) ;
#1414 = LINE ( 'NONE', #6766, #1416 ) ;
#1415 = CIRCLE ( 'NONE', #6243, 0.5000000000000022200 ) ;
#1416 = VECTOR ( 'NONE', #6767, 1000.000000000000000 ) ;
#1417 = LINE ( 'NONE', #6761, #1418 ) ;
#1418 = VECTOR ( 'NONE', #6793, 1000.000000000000000 ) ;
#1419 = CIRCLE ( 'NONE', #6244, 0.7999999999999882800 ) ;
#1420 = LINE ( 'NONE', #6839, #1423 ) ;
#1421 = CIRCLE ( 'NONE', #6245, 1.000000000000004400 ) ;
#1422 = LINE ( 'NONE', #6843, #1425 ) ;
#1423 = VECTOR ( 'NONE', #6663, 1000.000000000000000 ) ;
#1424 = LINE ( 'NONE', #6848, #1428 ) ;
#1425 = VECTOR ( 'NONE', #6845, 1000.000000000000000 ) ;
#1426 = CIRCLE ( 'NONE', #6248, 1.000000000000004400 ) ;
#1427 = CIRCLE ( 'NONE', #6246, 4.749999999999999100 ) ;
#1428 = VECTOR ( 'NONE', #6844, 1000.000000000000000 ) ;
#1429 = LINE ( 'NONE', #6846, #1431 ) ;
#1430 = LINE ( 'NONE', #6855, #1433 ) ;
#1431 = VECTOR ( 'NONE', #6847, 1000.000000000000100 ) ;
#1432 = LINE ( 'NONE', #6857, #1435 ) ;
#1433 = VECTOR ( 'NONE', #6856, 1000.000000000000000 ) ;
#1434 = CIRCLE ( 'NONE', #6247, 0.4999999999999995600 ) ;
#1435 = VECTOR ( 'NONE', #6858, 1000.000000000000000 ) ;
#1436 = LINE ( 'NONE', #6867, #1440 ) ;
#1437 = CIRCLE ( 'NONE', #6249, 1.727199999999998500 ) ;
#1438 = LINE ( 'NONE', #6882, #1450 ) ;
#1439 = LINE ( 'NONE', #6871, #1442 ) ;
#1440 = VECTOR ( 'NONE', #6862, 1000.000000000000000 ) ;
#1441 = LINE ( 'NONE', #6873, #1444 ) ;
#1442 = VECTOR ( 'NONE', #6872, 1000.000000000000100 ) ;
#1443 = LINE ( 'NONE', #6875, #1446 ) ;
#1444 = VECTOR ( 'NONE', #6874, 1000.000000000000100 ) ;
#1445 = CIRCLE ( 'NONE', #6250, 1.000000000000004400 ) ;
#1446 = VECTOR ( 'NONE', #6876, 1000.000000000000000 ) ;
#1447 = CIRCLE ( 'NONE', #6251, 0.5000000000000022200 ) ;
#1448 = CIRCLE ( 'NONE', #6253, 1.000000000000000900 ) ;
#1449 = CIRCLE ( 'NONE', #6252, 0.5000000000000022200 ) ;
#1450 = VECTOR ( 'NONE', #6877, 1000.000000000000100 ) ;
#1451 = LINE ( 'NONE', #6866, #1453 ) ;
#1452 = LINE ( 'NONE', #6890, #1455 ) ;
#1453 = VECTOR ( 'NONE', #6881, 1000.000000000000000 ) ;
#1454 = LINE ( 'NONE', #6892, #1457 ) ;
#1455 = VECTOR ( 'NONE', #6891, 1000.000000000000000 ) ;
#1456 = LINE ( 'NONE', #6894, #1459 ) ;
#1457 = VECTOR ( 'NONE', #6893, 1000.000000000000000 ) ;
#1458 = CIRCLE ( 'NONE', #6254, 2.082799999999997100 ) ;
#1459 = VECTOR ( 'NONE', #6896, 1000.000000000000000 ) ;
#1460 = LINE ( 'NONE', #6895, #1462 ) ;
#1461 = LINE ( 'NONE', #6900, #1464 ) ;
#1462 = VECTOR ( 'NONE', #6886, 1000.000000000000000 ) ;
#1463 = LINE ( 'NONE', #6902, #1466 ) ;
#1464 = VECTOR ( 'NONE', #6901, 1000.000000000000000 ) ;
#1465 = CIRCLE ( 'NONE', #6255, 1.000000000000000900 ) ;
#1466 = VECTOR ( 'NONE', #6904, 1000.000000000000000 ) ;
#1467 = CIRCLE ( 'NONE', #6256, 0.7999999999999882800 ) ;
#1468 = LINE ( 'NONE', #6920, #1478 ) ;
#1469 = LINE ( 'NONE', #6903, #1471 ) ;
#1470 = LINE ( 'NONE', #6917, #1473 ) ;
#1471 = VECTOR ( 'NONE', #6908, 1000.000000000000000 ) ;
#1472 = CIRCLE ( 'NONE', #6257, 1.000000000000000900 ) ;
#1473 = VECTOR ( 'NONE', #6918, 1000.000000000000200 ) ;
#1474 = LINE ( 'NONE', #6912, #1476 ) ;
#1475 = LINE ( 'NONE', #6919, #1484 ) ;
#1476 = VECTOR ( 'NONE', #6913, 1000.000000000000000 ) ;
#1477 = LINE ( 'NONE', #6925, #1480 ) ;
#1478 = VECTOR ( 'NONE', #6924, 1000.000000000000000 ) ;
#1479 = LINE ( 'NONE', #6927, #1482 ) ;
#1480 = VECTOR ( 'NONE', #6926, 1000.000000000000000 ) ;
#1481 = CIRCLE ( 'NONE', #6258, 0.9999999999999974500 ) ;
#1482 = VECTOR ( 'NONE', #6929, 1000.000000000000000 ) ;
#1483 = LINE ( 'NONE', #6936, #1490 ) ;
#1484 = VECTOR ( 'NONE', #6930, 1000.000000000000000 ) ;
#1485 = LINE ( 'NONE', #6931, #1487 ) ;
#1486 = CIRCLE ( 'NONE', #6259, 1.800000000000000000 ) ;
#1487 = VECTOR ( 'NONE', #6928, 1000.000000000000000 ) ;
#1488 = CIRCLE ( 'NONE', #6260, 1.000000000000000900 ) ;
#1489 = LINE ( 'NONE', #6950, #1497 ) ;
#1490 = VECTOR ( 'NONE', #6932, 1000.000000000000100 ) ;
#1491 = CIRCLE ( 'NONE', #6261, 12.70455909487750300 ) ;
#1492 = LINE ( 'NONE', #6940, #1494 ) ;
#1493 = CIRCLE ( 'NONE', #6262, 0.5000000000000000000 ) ;
#1494 = VECTOR ( 'NONE', #6941, 1000.000000000000000 ) ;
#1495 = LINE ( 'NONE', #6955, #1500 ) ;
#1496 = CIRCLE ( 'NONE', #6263, 8.999999999999998200 ) ;
#1497 = VECTOR ( 'NONE', #6945, 1000.000000000000100 ) ;
#1498 = CIRCLE ( 'NONE', #6267, 0.7999999999999994900 ) ;
#1499 = CIRCLE ( 'NONE', #6264, 1.749999999999999300 ) ;
#1500 = VECTOR ( 'NONE', #6949, 999.9999999999998900 ) ;
#1501 = LINE ( 'NONE', #6983, #1505 ) ;
#1502 = LINE ( 'NONE', #6981, #1503 ) ;
#1503 = VECTOR ( 'NONE', #6982, 999.9999999999998900 ) ;
#1504 = CIRCLE ( 'NONE', #6265, 1.749999999999998900 ) ;
#1505 = VECTOR ( 'NONE', #6984, 999.9999999999998900 ) ;
#1506 = LINE ( 'NONE', #6954, #1508 ) ;
#1507 = CIRCLE ( 'NONE', #6266, 0.4999999999999995600 ) ;
#1508 = VECTOR ( 'NONE', #6964, 999.9999999999998900 ) ;
#1509 = CIRCLE ( 'NONE', #6268, 0.5000000000000000000 ) ;
#1510 = LINE ( 'NONE', #6996, #1513 ) ;
#1511 = CIRCLE ( 'NONE', #6269, 1.250000004876497900 ) ;
#1512 = LINE ( 'NONE', #7005, #1517 ) ;
#1513 = VECTOR ( 'NONE', #6985, 1000.000000000000200 ) ;
#1514 = CIRCLE ( 'NONE', #6270, 1.749999999999999800 ) ;
#1515 = LINE ( 'NONE', #7004, #1519 ) ;
#1516 = LINE ( 'NONE', #6989, #1521 ) ;
#1517 = VECTOR ( 'NONE', #7000, 1000.000000000000000 ) ;
#1518 = CIRCLE ( 'NONE', #6271, 1.000000000000000000 ) ;
#1519 = VECTOR ( 'NONE', #7009, 1000.000000000000200 ) ;
#1520 = CIRCLE ( 'NONE', #6276, 1.000000000000000000 ) ;
#1521 = VECTOR ( 'NONE', #7010, 1000.000000000000000 ) ;
#1522 = CIRCLE ( 'NONE', #6272, 1.250000004876497900 ) ;
#1523 = LINE ( 'NONE', #7011, #1525 ) ;
#1524 = LINE ( 'NONE', #7019, #1527 ) ;
#1525 = VECTOR ( 'NONE', #7012, 999.9999999999998900 ) ;
#1526 = CIRCLE ( 'NONE', #6273, 0.9999999999999991100 ) ;
#1527 = VECTOR ( 'NONE', #7020, 1000.000000000000000 ) ;
#1528 = CIRCLE ( 'NONE', #6274, 1.000000000000000900 ) ;
#1529 = LINE ( 'NONE', #7021, #1531 ) ;
#1530 = LINE ( 'NONE', #7031, #1533 ) ;
#1531 = VECTOR ( 'NONE', #7022, 1000.000000000000000 ) ;
#1532 = LINE ( 'NONE', #7033, #1535 ) ;
#1533 = VECTOR ( 'NONE', #7032, 1000.000000000000000 ) ;
#1534 = LINE ( 'NONE', #7035, #1537 ) ;
#1535 = VECTOR ( 'NONE', #7034, 1000.000000000000000 ) ;
#1536 = LINE ( 'NONE', #7037, #1539 ) ;
#1537 = VECTOR ( 'NONE', #7036, 999.9999999999998900 ) ;
#1538 = CIRCLE ( 'NONE', #6275, 0.7999999999999994900 ) ;
#1539 = VECTOR ( 'NONE', #7038, 1000.000000000000000 ) ;
#1540 = LINE ( 'NONE', #7026, #1542 ) ;
#1541 = CIRCLE ( 'NONE', #6279, 1.749999999999998900 ) ;
#1542 = VECTOR ( 'NONE', #7027, 999.9999999999998900 ) ;
#1543 = CIRCLE ( 'NONE', #6277, 0.9999999999999991100 ) ;
#1544 = CIRCLE ( 'NONE', #6278, 1.000000000000000000 ) ;
#1545 = LINE ( 'NONE', #7045, #1547 ) ;
#1546 = LINE ( 'NONE', #7054, #1550 ) ;
#1547 = VECTOR ( 'NONE', #7046, 1000.000000000000200 ) ;
#1548 = CIRCLE ( 'NONE', #6281, 0.6249999999999987800 ) ;
#1549 = LINE ( 'NONE', #7058, #1552 ) ;
#1550 = VECTOR ( 'NONE', #7053, 1000.000000000000000 ) ;
#1551 = LINE ( 'NONE', #7060, #1554 ) ;
#1552 = VECTOR ( 'NONE', #7059, 1000.000000000000000 ) ;
#1553 = CIRCLE ( 'NONE', #6280, 0.6249999999999987800 ) ;
#1554 = VECTOR ( 'NONE', #7061, 1000.000000000000000 ) ;
#1555 = CIRCLE ( 'NONE', #6282, 0.7999999999999994900 ) ;
#1556 = CIRCLE ( 'NONE', #6283, 0.6249999999999987800 ) ;
#1557 = CIRCLE ( 'NONE', #6286, 1.999999999999999100 ) ;
#1558 = CIRCLE ( 'NONE', #6284, 0.6249999999999987800 ) ;
#1559 = CIRCLE ( 'NONE', #6285, 0.7999999999999994900 ) ;
#1560 = CIRCLE ( 'NONE', #6293, 1.799999999999999600 ) ;
#1561 = CIRCLE ( 'NONE', #6287, 1.249999995123492100 ) ;
#1562 = CIRCLE ( 'NONE', #6288, 1.727199999999998700 ) ;
#1563 = CIRCLE ( 'NONE', #6289, 1.727199999999998500 ) ;
#1564 = CIRCLE ( 'NONE', #6290, 1.649999999999998400 ) ;
#1565 = CIRCLE ( 'NONE', #6291, 1.249999995123492100 ) ;
#1566 = CIRCLE ( 'NONE', #6292, 59.31549814728773400 ) ;
#1567 = LINE ( 'NONE', #7095, #1569 ) ;
#1568 = CIRCLE ( 'NONE', #6294, 1.799999999999999600 ) ;
#1569 = VECTOR ( 'NONE', #7096, 1000.000000000000100 ) ;
#1570 = LINE ( 'NONE', #7104, #1572 ) ;
#1571 = CIRCLE ( 'NONE', #6296, 0.3500000000000004800 ) ;
#1572 = VECTOR ( 'NONE', #7100, 1000.000000000000000 ) ;
#1573 = CIRCLE ( 'NONE', #6295, 0.2500000000000000000 ) ;
#1574 = CIRCLE ( 'NONE', #6297, 1.800000000000000300 ) ;
#1575 = LINE ( 'NONE', #7118, #1578 ) ;
#1576 = CIRCLE ( 'NONE', #6299, 1.800000000000000000 ) ;
#1577 = CIRCLE ( 'NONE', #6298, 62.91549814728773500 ) ;
#1578 = VECTOR ( 'NONE', #7108, 1000.000000000000000 ) ;
#1579 = CIRCLE ( 'NONE', #6300, 1.800000000000000300 ) ;
#1580 = CIRCLE ( 'NONE', #6302, 1.799999999999999600 ) ;
#1581 = CIRCLE ( 'NONE', #6301, 59.31549814728773400 ) ;
#1582 = LINE ( 'NONE', #7140, #1588 ) ;
#1583 = CIRCLE ( 'NONE', #6303, 62.91549814728773500 ) ;
#1584 = LINE ( 'NONE', #7134, #1586 ) ;
#1585 = LINE ( 'NONE', #7139, #1590 ) ;
#1586 = VECTOR ( 'NONE', #7135, 1000.000000000000000 ) ;
#1587 = LINE ( 'NONE', #7144, #1592 ) ;
#1588 = VECTOR ( 'NONE', #7145, 1000.000000000000000 ) ;
#1589 = LINE ( 'NONE', #7146, #1598 ) ;
#1590 = VECTOR ( 'NONE', #7147, 1000.000000000000000 ) ;
#1591 = LINE ( 'NONE', #7150, #1594 ) ;
#1592 = VECTOR ( 'NONE', #7149, 1000.000000000000000 ) ;
#1593 = LINE ( 'NONE', #7152, #1596 ) ;
#1594 = VECTOR ( 'NONE', #7151, 1000.000000000000000 ) ;
#1595 = LINE ( 'NONE', #7148, #1600 ) ;
#1596 = VECTOR ( 'NONE', #7153, 1000.000000000000000 ) ;
#1597 = CIRCLE ( 'NONE', #6304, 0.3500000000000004800 ) ;
#1598 = VECTOR ( 'NONE', #7154, 1000.000000000000000 ) ;
#1599 = LINE ( 'NONE', #7157, #1602 ) ;
#1600 = VECTOR ( 'NONE', #7156, 1000.000000000000000 ) ;
#1601 = LINE ( 'NONE', #7160, #1607 ) ;
#1602 = VECTOR ( 'NONE', #7159, 1000.000000000000000 ) ;
#1603 = LINE ( 'NONE', #7158, #1605 ) ;
#1604 = LINE ( 'NONE', #7172, #1614 ) ;
#1605 = VECTOR ( 'NONE', #7155, 1000.000000000000000 ) ;
#1606 = LINE ( 'NONE', #7166, #1609 ) ;
#1607 = VECTOR ( 'NONE', #7165, 1000.000000000000000 ) ;
#1608 = LINE ( 'NONE', #7168, #1611 ) ;
#1609 = VECTOR ( 'NONE', #7167, 1000.000000000000000 ) ;
#1610 = CIRCLE ( 'NONE', #6305, 0.2500000000000002200 ) ;
#1611 = VECTOR ( 'NONE', #7169, 1000.000000000000000 ) ;
#1612 = LINE ( 'NONE', #7170, #1624 ) ;
#1613 = LINE ( 'NONE', #7176, #1616 ) ;
#1614 = VECTOR ( 'NONE', #7164, 1000.000000000000000 ) ;
#1615 = LINE ( 'NONE', #7178, #1618 ) ;
#1616 = VECTOR ( 'NONE', #7177, 1000.000000000000000 ) ;
#1617 = LINE ( 'NONE', #7180, #1620 ) ;
#1618 = VECTOR ( 'NONE', #7179, 1000.000000000000000 ) ;
#1619 = LINE ( 'NONE', #7182, #1622 ) ;
#1620 = VECTOR ( 'NONE', #7181, 1000.000000000000000 ) ;
#1621 = LINE ( 'NONE', #7171, #1628 ) ;
#1622 = VECTOR ( 'NONE', #7184, 1000.000000000000000 ) ;
#1623 = LINE ( 'NONE', #7186, #1626 ) ;
#1624 = VECTOR ( 'NONE', #7185, 1000.000000000000000 ) ;
#1625 = LINE ( 'NONE', #7183, #1630 ) ;
#1626 = VECTOR ( 'NONE', #7187, 1000.000000000000000 ) ;
#1627 = CIRCLE ( 'NONE', #6307, 0.2250000000000003700 ) ;
#1628 = VECTOR ( 'NONE', #7188, 1000.000000000000000 ) ;
#1629 = LINE ( 'NONE', #7190, #1632 ) ;
#1630 = VECTOR ( 'NONE', #7189, 1000.000000000000000 ) ;
#1631 = CIRCLE ( 'NONE', #6306, 0.2250000000000003700 ) ;
#1632 = VECTOR ( 'NONE', #7191, 1000.000000000000000 ) ;
#1633 = CIRCLE ( 'NONE', #6308, 0.4899999999999999900 ) ;
#1634 = CIRCLE ( 'NONE', #6309, 0.7249999999999999800 ) ;
#1635 = CIRCLE ( 'NONE', #6310, 0.4899999999999999900 ) ;
#1636 = LINE ( 'NONE', #7208, #1640 ) ;
#1637 = CIRCLE ( 'NONE', #6311, 0.2999999999999999300 ) ;
#1638 = CIRCLE ( 'NONE', #6313, 0.4899999999999999900 ) ;
#1639 = CIRCLE ( 'NONE', #6312, 0.2500000000000000000 ) ;
#1640 = VECTOR ( 'NONE', #7204, 1000.000000000000000 ) ;
#1641 = CIRCLE ( 'NONE', #6315, 0.2500000000000002200 ) ;
#1642 = CIRCLE ( 'NONE', #6314, 0.2500000000000000000 ) ;
#1643 = CIRCLE ( 'NONE', #6316, 0.2250000000000003700 ) ;
#1644 = LINE ( 'NONE', #7227, #1647 ) ;
#1645 = LINE ( 'NONE', #7226, #1649 ) ;
#1646 = LINE ( 'NONE', #7212, #1651 ) ;
#1647 = VECTOR ( 'NONE', #7216, 1000.000000000000000 ) ;
#1648 = LINE ( 'NONE', #7231, #1661 ) ;
#1649 = VECTOR ( 'NONE', #7232, 1000.000000000000000 ) ;
#1650 = LINE ( 'NONE', #7234, #1653 ) ;
#1651 = VECTOR ( 'NONE', #7233, 1000.000000000000000 ) ;
#1652 = LINE ( 'NONE', #7236, #1655 ) ;
#1653 = VECTOR ( 'NONE', #7235, 1000.000000000000000 ) ;
#1654 = LINE ( 'NONE', #7238, #1657 ) ;
#1655 = VECTOR ( 'NONE', #7237, 1000.000000000000000 ) ;
#1656 = LINE ( 'NONE', #7240, #1659 ) ;
#1657 = VECTOR ( 'NONE', #7239, 1000.000000000000000 ) ;
#1658 = LINE ( 'NONE', #7252, #1670 ) ;
#1659 = VECTOR ( 'NONE', #7242, 1000.000000000000000 ) ;
#1660 = LINE ( 'NONE', #7244, #1663 ) ;
#1661 = VECTOR ( 'NONE', #7243, 1000.000000000000000 ) ;
#1662 = LINE ( 'NONE', #7246, #1665 ) ;
#1663 = VECTOR ( 'NONE', #7245, 1000.000000000000000 ) ;
#1664 = LINE ( 'NONE', #7248, #1667 ) ;
#1665 = VECTOR ( 'NONE', #7247, 1000.000000000000000 ) ;
#1666 = CIRCLE ( 'NONE', #6317, 0.2250000000000003700 ) ;
#1667 = VECTOR ( 'NONE', #7249, 1000.000000000000000 ) ;
#1668 = LINE ( 'NONE', #7261, #1676 ) ;
#1669 = CIRCLE ( 'NONE', #6318, 4.889500000000000800 ) ;
#1670 = VECTOR ( 'NONE', #7241, 1000.000000000000000 ) ;
#1671 = LINE ( 'NONE', #7251, #1673 ) ;
#1672 = CIRCLE ( 'NONE', #6319, 0.2250000000000003700 ) ;
#1673 = VECTOR ( 'NONE', #7250, 1000.000000000000000 ) ;
#1674 = LINE ( 'NONE', #7260, #1678 ) ;
#1675 = LINE ( 'NONE', #7274, #1688 ) ;
#1676 = VECTOR ( 'NONE', #7256, 1000.000000000000000 ) ;
#1677 = LINE ( 'NONE', #7266, #1680 ) ;
#1678 = VECTOR ( 'NONE', #7265, 1000.000000000000000 ) ;
#1679 = CIRCLE ( 'NONE', #6320, 10.73150000000000200 ) ;
#1680 = VECTOR ( 'NONE', #7267, 1000.000000000000000 ) ;
#1681 = CIRCLE ( 'NONE', #6321, 0.2250000000000003700 ) ;
#1682 = LINE ( 'NONE', #7268, #1684 ) ;
#1683 = LINE ( 'NONE', #7278, #1686 ) ;
#1684 = VECTOR ( 'NONE', #7269, 1000.000000000000000 ) ;
#1685 = LINE ( 'NONE', #7273, #1694 ) ;
#1686 = VECTOR ( 'NONE', #7279, 1000.000000000000000 ) ;
#1687 = LINE ( 'NONE', #7281, #1690 ) ;
#1688 = VECTOR ( 'NONE', #7280, 1000.000000000000000 ) ;
#1689 = LINE ( 'NONE', #7283, #1692 ) ;
#1690 = VECTOR ( 'NONE', #7282, 1000.000000000000000 ) ;
#1691 = LINE ( 'NONE', #7292, #1700 ) ;
#1692 = VECTOR ( 'NONE', #7284, 1000.000000000000100 ) ;
#1693 = LINE ( 'NONE', #7286, #1696 ) ;
#1694 = VECTOR ( 'NONE', #7285, 1000.000000000000000 ) ;
#1695 = CIRCLE ( 'NONE', #6322, 10.73150000000000200 ) ;
#1696 = VECTOR ( 'NONE', #7287, 1000.000000000000000 ) ;
#1697 = CIRCLE ( 'NONE', #6323, 0.2250000000000003700 ) ;
#1698 = LINE ( 'NONE', #7307, #1706 ) ;
#1699 = LINE ( 'NONE', #7297, #1702 ) ;
#1700 = VECTOR ( 'NONE', #7288, 1000.000000000000000 ) ;
#1701 = CIRCLE ( 'NONE', #6324, 0.2250000000000003700 ) ;
#1702 = VECTOR ( 'NONE', #7300, 1000.000000000000000 ) ;
#1703 = CIRCLE ( 'NONE', #6325, 2.082799999999999300 ) ;
#1704 = CIRCLE ( 'NONE', #6330, 1.999999999999998700 ) ;
#1705 = LINE ( 'NONE', #7312, #1708 ) ;
#1706 = VECTOR ( 'NONE', #7302, 1000.000000000000000 ) ;
#1707 = CIRCLE ( 'NONE', #6326, 4.889500000000000800 ) ;
#1708 = VECTOR ( 'NONE', #7314, 1000.000000000000000 ) ;
#1709 = CIRCLE ( 'NONE', #6327, 10.73150000000000200 ) ;
#1710 = CIRCLE ( 'NONE', #6328, 0.2500000000000000000 ) ;
#1711 = LINE ( 'NONE', #7318, #1713 ) ;
#1712 = LINE ( 'NONE', #7327, #1715 ) ;
#1713 = VECTOR ( 'NONE', #7319, 1000.000000000000000 ) ;
#1714 = LINE ( 'NONE', #7329, #1717 ) ;
#1715 = VECTOR ( 'NONE', #7328, 1000.000000000000000 ) ;
#1716 = LINE ( 'NONE', #7331, #1719 ) ;
#1717 = VECTOR ( 'NONE', #7330, 1000.000000000000100 ) ;
#1718 = LINE ( 'NONE', #7333, #1721 ) ;
#1719 = VECTOR ( 'NONE', #7332, 1000.000000000000000 ) ;
#1720 = CIRCLE ( 'NONE', #6329, 0.7249999999999999800 ) ;
#1721 = VECTOR ( 'NONE', #7334, 1000.000000000000000 ) ;
#1722 = LINE ( 'NONE', #7340, #1725 ) ;
#1723 = CIRCLE ( 'NONE', #6333, 1.000000000000008400 ) ;
#1724 = CIRCLE ( 'NONE', #6331, 0.7249999999999999800 ) ;
#1725 = VECTOR ( 'NONE', #7335, 1000.000000000000000 ) ;
#1726 = LINE ( 'NONE', #7323, #1728 ) ;
#1727 = LINE ( 'NONE', #7347, #1730 ) ;
#1728 = VECTOR ( 'NONE', #7339, 1000.000000000000000 ) ;
#1729 = CIRCLE ( 'NONE', #6332, 0.1900000000000000000 ) ;
#1730 = VECTOR ( 'NONE', #7348, 1000.000000000000000 ) ;
#1731 = LINE ( 'NONE', #4379, #1758 ) ;
#1732 = LINE ( 'NONE', #7350, #1734 ) ;
#1733 = LINE ( 'NONE', #7357, #1736 ) ;
#1734 = VECTOR ( 'NONE', #7349, 1000.000000000000200 ) ;
#1735 = CIRCLE ( 'NONE', #6334, 0.5000000000000022200 ) ;
#1736 = VECTOR ( 'NONE', #7358, 1000.000000000000000 ) ;
#1737 = CIRCLE ( 'NONE', #6335, 1.000000000000000900 ) ;
#1738 = LINE ( 'NONE', #7359, #1740 ) ;
#1739 = CIRCLE ( 'NONE', #6336, 1.000000000000000000 ) ;
#1740 = VECTOR ( 'NONE', #7360, 1000.000000000000100 ) ;
#1741 = LINE ( 'NONE', #7364, #1743 ) ;
#1742 = LINE ( 'NONE', #7374, #1745 ) ;
#1743 = VECTOR ( 'NONE', #7365, 1000.000000000000000 ) ;
#1744 = LINE ( 'NONE', #7376, #1747 ) ;
#1745 = VECTOR ( 'NONE', #7375, 1000.000000000000000 ) ;
#1746 = LINE ( 'NONE', #7378, #1749 ) ;
#1747 = VECTOR ( 'NONE', #7377, 1000.000000000000100 ) ;
#1748 = LINE ( 'NONE', #7380, #1751 ) ;
#1749 = VECTOR ( 'NONE', #7379, 1000.000000000000000 ) ;
#1750 = CIRCLE ( 'NONE', #6337, 0.5000000000000026600 ) ;
#1751 = VECTOR ( 'NONE', #7381, 1000.000000000000000 ) ;
#1752 = LINE ( 'NONE', #7369, #1754 ) ;
#1753 = CIRCLE ( 'NONE', #6339, 14.73999999999999700 ) ;
#1754 = VECTOR ( 'NONE', #7370, 1000.000000000000000 ) ;
#1755 = CIRCLE ( 'NONE', #6340, 1.000000000000000000 ) ;
#1756 = CIRCLE ( 'NONE', #6342, 1.250000004162000100 ) ;
#1757 = CIRCLE ( 'NONE', #6338, 1.000000000000000000 ) ;
#1758 = VECTOR ( 'NONE', #4380, 1000.000000000000000 ) ;
#1759 = VECTOR ( 'NONE', #4387, 1000.000000000000000 ) ;
#1760 = LINE ( 'NONE', #4395, #1764 ) ;
#1761 = LINE ( 'NONE', #4391, #1759 ) ;
#1762 = CIRCLE ( 'NONE', #6341, 1.000000000000000000 ) ;
#1763 = LINE ( 'NONE', #4399, #1767 ) ;
#1764 = VECTOR ( 'NONE', #4397, 1000.000000000000000 ) ;
#1765 = LINE ( 'NONE', #4398, #1771 ) ;
#1766 = LINE ( 'NONE', #4403, #1769 ) ;
#1767 = VECTOR ( 'NONE', #4396, 1000.000000000000000 ) ;
#1768 = CIRCLE ( 'NONE', #6343, 0.9999999999999995600 ) ;
#1769 = VECTOR ( 'NONE', #4405, 1000.000000000000000 ) ;
#1770 = LINE ( 'NONE', #4414, #1777 ) ;
#1771 = VECTOR ( 'NONE', #4406, 1000.000000000000000 ) ;
#1772 = LINE ( 'NONE', #4407, #1774 ) ;
#1773 = CIRCLE ( 'NONE', #6344, 0.5000000000000004400 ) ;
#1774 = VECTOR ( 'NONE', #4404, 1000.000000000000000 ) ;
#1775 = LINE ( 'NONE', #4412, #1781 ) ;
#1776 = LINE ( 'NONE', #4424, #1783 ) ;
#1777 = VECTOR ( 'NONE', #4408, 1000.000000000000000 ) ;
#1778 = LINE ( 'NONE', #4419, #1779 ) ;
#1779 = VECTOR ( 'NONE', #4420, 1000.000000000000000 ) ;
#1780 = LINE ( 'NONE', #4425, #1785 ) ;
#1781 = VECTOR ( 'NONE', #4426, 1000.000000000000000 ) ;
#1782 = CIRCLE ( 'NONE', #3158, 15.23999999999999700 ) ;
#1783 = VECTOR ( 'NONE', #4427, 1000.000000000000000 ) ;
#1784 = LINE ( 'NONE', #4430, #1787 ) ;
#1785 = VECTOR ( 'NONE', #4429, 1000.000000000000000 ) ;
#1786 = CIRCLE ( 'NONE', #6345, 1.000000000000000900 ) ;
#1787 = VECTOR ( 'NONE', #4431, 1000.000000000000000 ) ;
#1788 = LINE ( 'NONE', #4442, #1791 ) ;
#1789 = CIRCLE ( 'NONE', #2500, 1.000000000000000900 ) ;
#1790 = LINE ( 'NONE', #4446, #1793 ) ;
#1791 = VECTOR ( 'NONE', #4428, 1000.000000000000000 ) ;
#1792 = CIRCLE ( 'NONE', #2498, 1.250000004162000100 ) ;
#1793 = VECTOR ( 'NONE', #4447, 1000.000000000000000 ) ;
#1794 = CIRCLE ( 'NONE', #2499, 0.4999999999999995600 ) ;
#1795 = CIRCLE ( 'NONE', #2501, 0.5000000000000026600 ) ;
#1796 = CIRCLE ( 'NONE', #2502, 0.5000000000000022200 ) ;
#1797 = LINE ( 'NONE', #4464, #1801 ) ;
#1798 = CIRCLE ( 'NONE', #2503, 0.5000000000000004400 ) ;
#1799 = CIRCLE ( 'NONE', #2505, 0.5000000000000026600 ) ;
#1800 = CIRCLE ( 'NONE', #2504, 0.4999999999999995600 ) ;
#1801 = VECTOR ( 'NONE', #4460, 1000.000000000000000 ) ;
#1802 = CIRCLE ( 'NONE', #2506, 1.299999999999998900 ) ;
#1803 = LINE ( 'NONE', #4469, #1805 ) ;
#1804 = CIRCLE ( 'NONE', #2510, 0.5000000000000000000 ) ;
#1805 = VECTOR ( 'NONE', #4468, 1000.000000000000000 ) ;
#1806 = LINE ( 'NONE', #4477, #1808 ) ;
#1807 = CIRCLE ( 'NONE', #2507, 0.4999999999999995600 ) ;
#1808 = VECTOR ( 'NONE', #4473, 1000.000000000000000 ) ;
#1809 = LINE ( 'NONE', #4478, #1811 ) ;
#1810 = CIRCLE ( 'NONE', #2508, 0.9999999999999991100 ) ;
#1811 = VECTOR ( 'NONE', #4479, 1000.000000000000000 ) ;
#1812 = LINE ( 'NONE', #4498, #1813 ) ;
#1813 = VECTOR ( 'NONE', #4500, 1000.000000000000000 ) ;
#1814 = LINE ( 'NONE', #4517, #1825 ) ;
#1815 = CIRCLE ( 'NONE', #2509, 0.5000000000000026600 ) ;
#1816 = LINE ( 'NONE', #4489, #1818 ) ;
#1817 = LINE ( 'NONE', #4515, #1820 ) ;
#1818 = VECTOR ( 'NONE', #4506, 1000.000000000000000 ) ;
#1819 = CIRCLE ( 'NONE', #2511, 0.5000000000000026600 ) ;
#1820 = VECTOR ( 'NONE', #4516, 1000.000000000000000 ) ;
#1821 = LINE ( 'NONE', #4510, #1823 ) ;
#1822 = CIRCLE ( 'NONE', #2513, 1.000000000000000900 ) ;
#1823 = VECTOR ( 'NONE', #4511, 1000.000000000000000 ) ;
#1824 = LINE ( 'NONE', #4522, #1827 ) ;
#1825 = VECTOR ( 'NONE', #4521, 1000.000000000000000 ) ;
#1826 = LINE ( 'NONE', #4524, #1829 ) ;
#1827 = VECTOR ( 'NONE', #4523, 1000.000000000000000 ) ;
#1828 = LINE ( 'NONE', #4526, #1831 ) ;
#1829 = VECTOR ( 'NONE', #4525, 1000.000000000000000 ) ;
#1830 = CIRCLE ( 'NONE', #2512, 1.000000000000000000 ) ;
#1831 = VECTOR ( 'NONE', #4527, 1000.000000000000000 ) ;
#1832 = CIRCLE ( 'NONE', #2514, 15.23999999999999700 ) ;
#1833 = CIRCLE ( 'NONE', #2516, 1.000000000000000900 ) ;
#1834 = CIRCLE ( 'NONE', #2515, 0.9999999999999995600 ) ;
#1835 = LINE ( 'NONE', #4534, #1837 ) ;
#1836 = LINE ( 'NONE', #4547, #1841 ) ;
#1837 = VECTOR ( 'NONE', #4535, 1000.000000000000000 ) ;
#1838 = CIRCLE ( 'NONE', #2517, 15.23999999999999700 ) ;
#1839 = CIRCLE ( 'NONE', #2518, 0.4999999999999995600 ) ;
#1840 = CIRCLE ( 'NONE', #2519, 0.5000000000000000000 ) ;
#1841 = VECTOR ( 'NONE', #4543, 1000.000000000000000 ) ;
#1842 = LINE ( 'NONE', #4551, #1844 ) ;
#1843 = LINE ( 'NONE', #4558, #1848 ) ;
#1844 = VECTOR ( 'NONE', #4539, 1000.000000000000000 ) ;
#1845 = LINE ( 'NONE', #4556, #1847 ) ;
#1846 = CIRCLE ( 'NONE', #2520, 1.250000000000001100 ) ;
#1847 = VECTOR ( 'NONE', #4552, 1000.000000000000000 ) ;
#1848 = VECTOR ( 'NONE', #4563, 1000.000000000000000 ) ;
#1849 = LINE ( 'NONE', #4569, #1851 ) ;
#1850 = LINE ( 'NONE', #4574, #1853 ) ;
#1851 = VECTOR ( 'NONE', #4571, 1000.000000000000000 ) ;
#1852 = LINE ( 'NONE', #4580, #1856 ) ;
#1853 = VECTOR ( 'NONE', #4570, 1000.000000000000000 ) ;
#1854 = LINE ( 'NONE', #4579, #1858 ) ;
#1855 = LINE ( 'NONE', #4589, #1865 ) ;
#1856 = VECTOR ( 'NONE', #4586, 1000.000000000000000 ) ;
#1857 = CIRCLE ( 'NONE', #2521, 15.23999999999999700 ) ;
#1858 = VECTOR ( 'NONE', #4588, 1000.000000000000000 ) ;
#1859 = LINE ( 'NONE', #4587, #1861 ) ;
#1860 = LINE ( 'NONE', #4593, #1863 ) ;
#1861 = VECTOR ( 'NONE', #4573, 1000.000000000000000 ) ;
#1862 = LINE ( 'NONE', #4611, #1876 ) ;
#1863 = VECTOR ( 'NONE', #4594, 1000.000000000000000 ) ;
#1864 = CIRCLE ( 'NONE', #2522, 0.5000000000000000000 ) ;
#1865 = VECTOR ( 'NONE', #4595, 1000.000000000000000 ) ;
#1866 = CIRCLE ( 'NONE', #2523, 2.082799999999997100 ) ;
#1867 = CIRCLE ( 'NONE', #2524, 2.082799999999999300 ) ;
#1868 = LINE ( 'NONE', #4599, #1870 ) ;
#1869 = LINE ( 'NONE', #4609, #1871 ) ;
#1870 = VECTOR ( 'NONE', #4600, 1000.000000000000000 ) ;
#1871 = VECTOR ( 'NONE', #4610, 1000.000000000000000 ) ;
#1872 = LINE ( 'NONE', #4618, #1874 ) ;
#1873 = LINE ( 'NONE', #4612, #1878 ) ;
#1874 = VECTOR ( 'NONE', #4620, 1000.000000000000000 ) ;
#1875 = LINE ( 'NONE', #4619, #1880 ) ;
#1876 = VECTOR ( 'NONE', #4621, 1000.000000000000000 ) ;
#1877 = LINE ( 'NONE', #4622, #1881 ) ;
#1878 = VECTOR ( 'NONE', #4623, 1000.000000000000000 ) ;
#1879 = LINE ( 'NONE', #4628, #1883 ) ;
#1880 = VECTOR ( 'NONE', #4625, 1000.000000000000000 ) ;
#1881 = VECTOR ( 'NONE', #4627, 1000.000000000000000 ) ;
#1882 = LINE ( 'NONE', #4636, #1885 ) ;
#1883 = VECTOR ( 'NONE', #4635, 1000.000000000000000 ) ;
#1884 = CIRCLE ( 'NONE', #2525, 1.000000000000000400 ) ;
#1885 = VECTOR ( 'NONE', #4637, 1000.000000000000000 ) ;
#1886 = LINE ( 'NONE', #4648, #1888 ) ;
#1887 = LINE ( 'NONE', #4650, #1890 ) ;
#1888 = VECTOR ( 'NONE', #4649, 1000.000000000000000 ) ;
#1889 = LINE ( 'NONE', #4652, #1892 ) ;
#1890 = VECTOR ( 'NONE', #4651, 1000.000000000000000 ) ;
#1891 = CIRCLE ( 'NONE', #2530, 1.299999999999999200 ) ;
#1892 = VECTOR ( 'NONE', #4654, 1000.000000000000000 ) ;
#1893 = LINE ( 'NONE', #4662, #1894 ) ;
#1894 = VECTOR ( 'NONE', #4663, 1000.000000000000000 ) ;
#1895 = LINE ( 'NONE', #4684, #1897 ) ;
#1896 = CIRCLE ( 'NONE', #2526, 12.80160000000000100 ) ;
#1897 = VECTOR ( 'NONE', #4685, 1000.000000000000000 ) ;
#1898 = CIRCLE ( 'NONE', #2527, 0.1900000000000000000 ) ;
#1899 = LINE ( 'NONE', #4678, #1900 ) ;
#1900 = VECTOR ( 'NONE', #4691, 1000.000000000000000 ) ;
#1901 = LINE ( 'NONE', #4715, #1903 ) ;
#1902 = CIRCLE ( 'NONE', #2528, 1.000000000000000900 ) ;
#1903 = VECTOR ( 'NONE', #4716, 1000.000000000000000 ) ;
#1904 = CIRCLE ( 'NONE', #2529, 15.23999999999999700 ) ;
#1905 = LINE ( 'NONE', #4709, #1907 ) ;
#1906 = CIRCLE ( 'NONE', #2532, 1.299999999999998300 ) ;
#1907 = VECTOR ( 'NONE', #4722, 1000.000000000000100 ) ;
#1908 = LINE ( 'NONE', #4732, #1910 ) ;
#1909 = LINE ( 'NONE', #4736, #1912 ) ;
#1910 = VECTOR ( 'NONE', #4728, 1000.000000000000000 ) ;
#1911 = LINE ( 'NONE', #4738, #1914 ) ;
#1912 = VECTOR ( 'NONE', #4737, 1000.000000000000000 ) ;
#1913 = CIRCLE ( 'NONE', #2531, 0.6249999999999987800 ) ;
#1914 = VECTOR ( 'NONE', #4739, 1000.000000000000000 ) ;
#1915 = LINE ( 'NONE', #4753, #1925 ) ;
#1916 = LINE ( 'NONE', #4741, #1918 ) ;
#1917 = CIRCLE ( 'NONE', #2533, 1.000000000000000900 ) ;
#1918 = VECTOR ( 'NONE', #4740, 1000.000000000000000 ) ;
#1919 = MANIFOLD_SOLID_BREP ( 'Fase1', #3617 ) ;
#1920 = CIRCLE ( 'NONE', #2534, 1.299999999999998300 ) ;
#1921 = LINE ( 'NONE', #4748, #1923 ) ;
#1922 = CIRCLE ( 'NONE', #2536, 6.250000000000000000 ) ;
#1923 = VECTOR ( 'NONE', #4749, 1000.000000000000000 ) ;
#1924 = LINE ( 'NONE', #4758, #1927 ) ;
#1925 = VECTOR ( 'NONE', #4757, 1000.000000000000000 ) ;
#1926 = LINE ( 'NONE', #4760, #1929 ) ;
#1927 = VECTOR ( 'NONE', #4759, 1000.000000000000000 ) ;
#1928 = LINE ( 'NONE', #4762, #1931 ) ;
#1929 = VECTOR ( 'NONE', #4761, 1000.000000000000000 ) ;
#1930 = CIRCLE ( 'NONE', #2535, 1.727199999999998700 ) ;
#1931 = VECTOR ( 'NONE', #4763, 1000.000000000000000 ) ;
#1932 = LINE ( 'NONE', #4769, #1935 ) ;
#1933 = LINE ( 'NONE', #4768, #1937 ) ;
#1934 = LINE ( 'NONE', #4852, #1968 ) ;
#1935 = VECTOR ( 'NONE', #4764, 1000.000000000000000 ) ;
#1936 = CIRCLE ( 'NONE', #2537, 6.250000000000000000 ) ;
#1937 = VECTOR ( 'NONE', #4773, 1000.000000000000000 ) ;
#1938 = CIRCLE ( 'NONE', #2538, 8.999999999999998200 ) ;
#1939 = LINE ( 'NONE', #4774, #1941 ) ;
#1940 = LINE ( 'NONE', #4784, #1943 ) ;
#1941 = VECTOR ( 'NONE', #4775, 1000.000000000000000 ) ;
#1942 = LINE ( 'NONE', #4786, #1945 ) ;
#1943 = VECTOR ( 'NONE', #4785, 1000.000000000000000 ) ;
#1944 = LINE ( 'NONE', #4788, #1947 ) ;
#1945 = VECTOR ( 'NONE', #4787, 1000.000000000000000 ) ;
#1946 = CIRCLE ( 'NONE', #2539, 6.250000000000000000 ) ;
#1947 = VECTOR ( 'NONE', #4789, 1000.000000000000000 ) ;
#1948 = LINE ( 'NONE', #4779, #1950 ) ;
#1949 = LINE ( 'NONE', #4795, #1952 ) ;
#1950 = VECTOR ( 'NONE', #4780, 1000.000000000000000 ) ;
#1951 = CIRCLE ( 'NONE', #2540, 6.250000000000000000 ) ;
#1952 = VECTOR ( 'NONE', #4796, 1000.000000000000000 ) ;
#1953 =( BOUNDED_CURVE ( )  B_SPLINE_CURVE ( 2, ( #9984, #9979, #10124 ),
 .UNSPECIFIED., .F., .T. ) 
 B_SPLINE_CURVE_WITH_KNOTS ( ( 3, 3 ),
 ( 0.5472619745839789600, 0.5625000000000000000 ),
 .UNSPECIFIED. ) 
 CURVE ( )  GEOMETRIC_REPRESENTATION_ITEM ( )  RATIONAL_B_SPLINE_CURVE ( ( 0.9473634262524248700, 0.9020076014927740400, 1.000000000000000000 ) ) 
 REPRESENTATION_ITEM ( '' )  );
#1954 = LINE ( 'NONE', #4790, #1956 ) ;
#1955 = CIRCLE ( 'NONE', #2541, 1.999999999999998700 ) ;
#1956 = VECTOR ( 'NONE', #4791, 1000.000000000000100 ) ;
#1957 = LINE ( 'NONE', #4797, #1959 ) ;
#1958 = CIRCLE ( 'NONE', #2542, 1.250000004876497900 ) ;
#1959 = VECTOR ( 'NONE', #4798, 1000.000000000000000 ) ;
#1960 = VECTOR ( 'NONE', #4950, 1000.000000000000000 ) ;
#1961 = LINE ( 'NONE', #4854, #1963 ) ;
#1962 = VECTOR ( 'NONE', #4851, 1000.000000000000000 ) ;
#1963 = VECTOR ( 'NONE', #4856, 999.9999999999998900 ) ;
#1964 = LINE ( 'NONE', #4947, #1980 ) ;
#1965 = VECTOR ( 'NONE', #4848, 1000.000000000000000 ) ;
#1966 = LINE ( 'NONE', #4849, #1962 ) ;
#1967 = LINE ( 'NONE', #4847, #1965 ) ;
#1968 = VECTOR ( 'NONE', #4853, 1000.000000000000000 ) ;
#1969 = LINE ( 'NONE', #4904, #1976 ) ;
#1970 = LINE ( 'NONE', #4951, #1978 ) ;
#1971 = VECTOR ( 'NONE', #4882, 1000.000000000000000 ) ;
#1972 = LINE ( 'NONE', #4946, #1974 ) ;
#1973 = LINE ( 'NONE', #4881, #1971 ) ;
#1974 = VECTOR ( 'NONE', #4948, 1000.000000000000000 ) ;
#1975 = LINE ( 'NONE', #4949, #1960 ) ;
#1976 = VECTOR ( 'NONE', #4905, 1000.000000000000000 ) ;
#1977 = LINE ( 'NONE', #4962, #1988 ) ;
#1978 = VECTOR ( 'NONE', #4953, 1000.000000000000000 ) ;
#1979 = LINE ( 'NONE', #4955, #1982 ) ;
#1980 = VECTOR ( 'NONE', #4954, 1000.000000000000000 ) ;
#1981 = CIRCLE ( 'NONE', #2543, 0.5000000000000004400 ) ;
#1982 = VECTOR ( 'NONE', #4956, 1000.000000000000000 ) ;
#1983 = LINE ( 'NONE', #4952, #1985 ) ;
#1984 = CIRCLE ( 'NONE', #2544, 0.6249999999999987800 ) ;
#1985 = VECTOR ( 'NONE', #4945, 1000.000000000000000 ) ;
#1986 = LINE ( 'NONE', #4969, #1993 ) ;
#1987 = LINE ( 'NONE', #4966, #1990 ) ;
#1988 = VECTOR ( 'NONE', #4957, 1000.000000000000000 ) ;
#1989 = CIRCLE ( 'NONE', #2545, 0.6249999999999987800 ) ;
#1990 = VECTOR ( 'NONE', #4967, 1000.000000000000000 ) ;
#1991 = LINE ( 'NONE', #4975, #1996 ) ;
#1992 = CIRCLE ( 'NONE', #2546, 0.7999999999999994900 ) ;
#1993 = VECTOR ( 'NONE', #4961, 1000.000000000000000 ) ;
#1994 = CIRCLE ( 'NONE', #2551, 1.000000000000000000 ) ;
#1995 = CIRCLE ( 'NONE', #2547, 0.7999999999999994900 ) ;
#1996 = VECTOR ( 'NONE', #4968, 1000.000000000000000 ) ;
#1997 = LINE ( 'NONE', #4974, #2000 ) ;
#1998 =( BOUNDED_CURVE ( )  B_SPLINE_CURVE ( 2, ( #9502, #9753, #9991, #9986, #10108, #9990, #9988, #9989, #9726 ),
 .UNSPECIFIED., .F., .T. ) 
 B_SPLINE_CURVE_WITH_KNOTS ( ( 3, 2, 2, 2, 3 ),
 ( 0.4166666666666666300, 0.4259259259259259300, 0.4444444444444444200, 0.4629629629629629100, 0.4722222222222221500 ),
 .UNSPECIFIED. ) 
 CURVE ( )  GEOMETRIC_REPRESENTATION_ITEM ( )  RATIONAL_B_SPLINE_CURVE ( ( 0.9330127018922194100, 0.9330127018922191900, 1.000000000000000000, 0.8660254037844387100, 1.000000000000000000, 0.8660254037844387100, 1.000000000000000000, 0.9330127018922196300, 0.9330127018922194100 ) ) 
 REPRESENTATION_ITEM ( '' )  );
#1999 = CIRCLE ( 'NONE', #2548, 1.000000000000000000 ) ;
#2000 = VECTOR ( 'NONE', #4973, 1000.000000000000000 ) ;
#2001 = CIRCLE ( 'NONE', #2549, 0.5000000000000022200 ) ;
#2002 = CIRCLE ( 'NONE', #2550, 1.649999999999998400 ) ;
#2003 = LINE ( 'NONE', #4985, #2005 ) ;
#2004 = LINE ( 'NONE', #4994, #2007 ) ;
#2005 = VECTOR ( 'NONE', #4986, 1000.000000000000000 ) ;
#2006 = LINE ( 'NONE', #4998, #2012 ) ;
#2007 = VECTOR ( 'NONE', #4996, 1000.000000000000000 ) ;
#2008 = LINE ( 'NONE', #4995, #2010 ) ;
#2009 = LINE ( 'NONE', #4997, #2014 ) ;
#2010 = VECTOR ( 'NONE', #4990, 1000.000000000000000 ) ;
#2011 = CIRCLE ( 'NONE', #2552, 1.649999999999999000 ) ;
#2012 = VECTOR ( 'NONE', #5002, 1000.000000000000000 ) ;
#2013 = CIRCLE ( 'NONE', #2553, 0.7999999999999933800 ) ;
#2014 = VECTOR ( 'NONE', #5003, 1000.000000000000000 ) ;
#2015 = LINE ( 'NONE', #5148, #2054 ) ;
#2016 = CIRCLE ( 'NONE', #2554, 0.4999999999999995600 ) ;
#2017 = CIRCLE ( 'NONE', #2555, 0.4999999999999995600 ) ;
#2018 = CIRCLE ( 'NONE', #2556, 0.4999999999999995600 ) ;
#2019 = LINE ( 'NONE', #5047, #2023 ) ;
#2020 = LINE ( 'NONE', #5045, #2021 ) ;
#2021 = VECTOR ( 'NONE', #5046, 1000.000000000000000 ) ;
#2022 = CIRCLE ( 'NONE', #2557, 1.749999999999999800 ) ;
#2023 = VECTOR ( 'NONE', #5048, 1000.000000000000200 ) ;
#2024 = LINE ( 'NONE', #5013, #2026 ) ;
#2025 = CIRCLE ( 'NONE', #2558, 1.749999999999999300 ) ;
#2026 = VECTOR ( 'NONE', #5022, 1000.000000000000000 ) ;
#2027 = CIRCLE ( 'NONE', #2559, 1.249999999999999300 ) ;
#2028 = LINE ( 'NONE', #5052, #2030 ) ;
#2029 = LINE ( 'NONE', #5060, #2032 ) ;
#2030 = VECTOR ( 'NONE', #5053, 1000.000000000000000 ) ;
#2031 = LINE ( 'NONE', #5062, #2034 ) ;
#2032 = VECTOR ( 'NONE', #5061, 1000.000000000000000 ) ;
#2033 = LINE ( 'NONE', #5064, #2036 ) ;
#2034 = VECTOR ( 'NONE', #5063, 1000.000000000000000 ) ;
#2035 = CIRCLE ( 'NONE', #2560, 0.7999999999999994900 ) ;
#2036 = VECTOR ( 'NONE', #5065, 1000.000000000000000 ) ;
#2037 = CIRCLE ( 'NONE', #2561, 1.250000000000001100 ) ;
#2038 =( BOUNDED_CURVE ( )  B_SPLINE_CURVE ( 2, ( #10218, #10223, #10214, #10213, #10212, #10210, #9629, #9636, #9608 ),
 .UNSPECIFIED., .F., .F. ) 
 B_SPLINE_CURVE_WITH_KNOTS ( ( 3, 2, 2, 2, 3 ),
 ( 0.08333333333333331500, 0.09259259259259258700, 0.1111111111111111000, 0.1296296296296296200, 0.1388888888888888700 ),
 .UNSPECIFIED. ) 
 CURVE ( )  GEOMETRIC_REPRESENTATION_ITEM ( )  RATIONAL_B_SPLINE_CURVE ( ( 0.9330127018922193000, 0.9330127018922191900, 1.000000000000000000, 0.8660254037844387100, 1.000000000000000000, 0.8660254037844387100, 1.000000000000000000, 0.9330127018922194100, 0.9330127018922193000 ) ) 
 REPRESENTATION_ITEM ( '' )  );
#2039 = CIRCLE ( 'NONE', #2562, 1.000000000000000000 ) ;
#2040 = LINE ( 'NONE', #5069, #2042 ) ;
#2041 = CIRCLE ( 'NONE', #2563, 0.5000000000000000000 ) ;
#2042 = VECTOR ( 'NONE', #5070, 1000.000000000000000 ) ;
#2043 = CIRCLE ( 'NONE', #2564, 0.5000000000000000000 ) ;
#2044 = LINE ( 'NONE', #5144, #2052 ) ;
#2045 = VECTOR ( 'NONE', #5139, 999.9999999999998900 ) ;
#2046 = VECTOR ( 'NONE', #5140, 1000.000000000000000 ) ;
#2047 = LINE ( 'NONE', #5138, #2046 ) ;
#2048 = CIRCLE ( 'NONE', #2565, 1.000000000000000400 ) ;
#2049 = CIRCLE ( 'NONE', #2567, 1.000000000000004400 ) ;
#2050 = CIRCLE ( 'NONE', #2566, 15.23999999999999700 ) ;
#2051 = LINE ( 'NONE', #5145, #2045 ) ;
#2052 = VECTOR ( 'NONE', #5146, 1000.000000000000100 ) ;
#2053 = FACE_OUTER_BOUND ( 'NONE', #5833, .T. ) ;
#2054 = VECTOR ( 'NONE', #7939, 1000.000000000000000 ) ;
#2055 =( BOUNDED_CURVE ( )  B_SPLINE_CURVE ( 3, ( #5340, #5338, #5465, #5521 ),
 .UNSPECIFIED., .F., .F. ) 
 B_SPLINE_CURVE_WITH_KNOTS ( ( 4, 4 ),
 ( 3.141592653589793100, 3.713501862904948300 ),
 .UNSPECIFIED. ) 
 CURVE ( )  GEOMETRIC_REPRESENTATION_ITEM ( )  RATIONAL_B_SPLINE_CURVE ( ( 1.000000000000000000, 0.9729285474868107900, 0.9729285474868107900, 1.000000000000000000 ) ) 
 REPRESENTATION_ITEM ( '' )  );
#2056 = LINE ( 'NONE', #7940, #2058 ) ;
#2057 = B_SPLINE_CURVE_WITH_KNOTS ( 'NONE', 3,
 ( #9970, #9640, #9682, #9973, #9968, #9969, #10328, #9951, #9954, #9949, #9950, #9946, #9947, #9945, #9948, #9943, #9944, #9941, #9942, #10000, #9939, #9940, #10001, #10004, #10003, #10007, #10005, #9966, #9967, #10008, #10006, #10011, #10010, #10012, #10009, #10015, #10013, #10017, #10018, #10014, #10016, #10020 ),
 .UNSPECIFIED., .F., .F.,
 ( 4, 2, 2, 2, 2, 2, 2, 2, 2, 2, 2, 2, 2, 2, 2, 2, 2, 2, 2, 2, 4 ),
 ( 0.04177105597048847600, 0.04390828350809853500, 0.04497689727690355700, 0.04604551104570858700, 0.04711412481451361700, 0.04818273858331863900, 0.05031996612092869800, 0.05138857988973372800, 0.05245719365853875700, 0.05459442119614881000, 0.05566303496495383200, 0.05673164873375885500, 0.05886887627136890000, 0.06100610380897894500, 0.06314333134658899100, 0.06528055888419903600, 0.06741778642180908100, 0.06955501395941912600, 0.07169224149702917200, 0.07382946903463921700, 0.07596669657224926200 ),
 .UNSPECIFIED. ) ;
#2058 = VECTOR ( 'NONE', #7938, 1000.000000000000000 ) ;
#2059 = B_SPLINE_CURVE_WITH_KNOTS ( 'NONE', 3,
 ( #10408, #10427, #10280, #10282, #10283, #10281, #10284, #10285, #10286, #10412, #10287, #10262, #9777, #10291 ),
 .UNSPECIFIED., .F., .F.,
 ( 4, 2, 2, 2, 2, 2, 4 ),
 ( 1.251167428013634700E-016, 0.002776216140176053200, 0.005552432280351981600, 0.006940540350439945500, 0.008328648420527908600, 0.009716756490615874300, 0.01110486456070384000 ),
 .UNSPECIFIED. ) ;
#2060 = CIRCLE ( 'NONE', #2568, 1.000000000000000000 ) ;
#2061 = LINE ( 'NONE', #7947, #2064 ) ;
#2062 =( BOUNDED_CURVE ( )  B_SPLINE_CURVE ( 2, ( #9749, #10347, #10363, #9747, #9744, #9745, #10311, #9743, #9741, #9742, #10332, #9739, #9740, #10366, #10365, #10368, #10367, #10373, #10370, #10374, #10310, #10375, #10372, #10355, #10354, #10351, #10353, #10288, #10350, #10309, #10300, #10331, #10290, #10298, #10371, #10289, #10348, #10263, #10352, #10302, #10299, #10295, #10297, #10308, #10369, #10377, #10279, #10356, #10278, #10277, #10276, #10275, #10333, #10307, #10271, #10273, #10272, #10269, #10274, #10266, #10270, #10267, #10268, #10265, #10264, #9862, #10306, #9859, #9860, #10131, #9857, #10158, #10155, #10330, #10156, #10061, #10305, #10157, #9761, #10403, #10055, #10053, #10060, #10054, #10058, #10059, #10056, #10057, #9999, #9998, #9932, #9996, #9938 ),
 .UNSPECIFIED., .F., .F. ) 
 B_SPLINE_CURVE_WITH_KNOTS ( ( 3, 2, 2, 2, 2, 2, 2, 2, 2, 2, 2, 2, 2, 2, 2, 2, 2, 2, 2, 2, 2, 2, 2, 2, 2, 2, 2, 2, 2, 2, 2, 2, 2, 2, 2, 2, 2, 2, 2, 2, 2, 2, 2, 2, 2, 2, 3 ),
 ( 0.02176461869347770900, 0.03703703703703703500, 0.05555555555555555200, 0.07407407407407407000, 0.09259259259259258700, 0.1111111111111111000, 0.1296296296296296200, 0.1481481481481481400, 0.1666666666666666600, 0.1851851851851851700, 0.2037037037037036900, 0.2222222222222221800, 0.2407407407407407300, 0.2592592592592592400, 0.2777777777777777900, 0.2962962962962962800, 0.3148148148148147700, 0.3333333333333333100, 0.3518518518518519200, 0.3703703703703703500, 0.3888888888888888400, 0.4074074074074073800, 0.4259259259259259300, 0.4444444444444444200, 0.4629629629629629100, 0.4814814814814814500, 0.5000000000000000000, 0.5185185185185184900, 0.5370370370370369800, 0.5555555555555555800, 0.5740740740740740700, 0.5925925925925925600, 0.6111111111111110500, 0.6296296296296295400, 0.6481481481481481400, 0.6666666666666666300, 0.6851851851851851200, 0.7037037037037037200, 0.7222222222222223200, 0.7407407407407407000, 0.7592592592592591900, 0.7777777777777776800, 0.7962962962962962800, 0.8148148148148147700, 0.8333333333333332600, 0.8518518518518518600, 0.8631400415902472600 ),
 .UNSPECIFIED. ) 
 CURVE ( )  GEOMETRIC_REPRESENTATION_ITEM ( )  RATIONAL_B_SPLINE_CURVE ( ( 0.9612644522175166600, 0.8895097316360713900, 1.000000000000000000, 0.8660254037844387100, 1.000000000000000000, 0.8660254037844387100, 1.000000000000000000, 0.8660254037844387100, 1.000000000000000000, 0.8660254037844387100, 1.000000000000000000, 0.8660254037844387100, 1.000000000000000000, 0.8660254037844387100, 1.000000000000000000, 0.8660254037844387100, 1.000000000000000000, 0.8660254037844387100, 1.000000000000000000, 0.8660254037844387100, 1.000000000000000000, 0.8660254037844387100, 1.000000000000000000, 0.8660254037844387100, 1.000000000000000000, 0.8660254037844387100, 1.000000000000000000, 0.8660254037844387100, 1.000000000000000000, 0.8660254037844387100, 1.000000000000000000, 0.8660254037844387100, 1.000000000000000000, 0.8660254037844387100, 1.000000000000000000, 0.8660254037844387100, 1.000000000000000000, 0.8660254037844387100, 1.000000000000000000, 0.8660254037844387100, 1.000000000000000000, 0.8660254037844387100, 1.000000000000000000, 0.8660254037844387100, 1.000000000000000000, 0.8660254037844387100, 1.000000000000000000, 0.8660254037844387100, 1.000000000000000000, 0.8660254037844387100, 1.000000000000000000, 0.8660254037844387100, 1.000000000000000000, 0.8660254037844387100, 1.000000000000000000, 0.8660254037844387100, 1.000000000000000000, 0.8660254037844387100, 1.000000000000000000, 0.8660254037844387100, 1.000000000000000000, 0.8660254037844387100, 1.000000000000000000, 0.8660254037844387100, 1.000000000000000000, 0.8660254037844387100, 1.000000000000000000, 0.8660254037844387100, 1.000000000000000000, 0.8660254037844387100, 1.000000000000000000, 0.8660254037844387100, 1.000000000000000000, 0.8660254037844387100, 1.000000000000000000, 0.8660254037844387100, 1.000000000000000000, 0.8660254037844387100, 1.000000000000000000, 0.8660254037844387100, 1.000000000000000000, 0.8660254037844387100, 1.000000000000000000, 0.8660254037844387100, 1.000000000000000000, 0.8660254037844387100, 1.000000000000000000, 0.8660254037844387100, 1.000000000000000000, 0.8660254037844387100, 1.000000000000000000, 0.9183341442408669000, 0.9362291333771466400 ) ) 
 REPRESENTATION_ITEM ( '' )  );
#2063 = CIRCLE ( 'NONE', #2569, 1.000000000000004400 ) ;
#2064 = VECTOR ( 'NONE', #7946, 1000.000000000000000 ) ;
#2065 = FACE_OUTER_BOUND ( 'NONE', #5896, .T. ) ;
#2066 = MANIFOLD_SOLID_BREP ( 'Verbiegen1', #5305 ) ;
#2067 = FACE_OUTER_BOUND ( 'NONE', #5728, .T. ) ;
#2068 = FACE_OUTER_BOUND ( 'NONE', #6135, .T. ) ;
#2069 = FACE_OUTER_BOUND ( 'NONE', #5910, .T. ) ;
#2070 = FACE_OUTER_BOUND ( 'NONE', #6058, .T. ) ;
#2072 = MANIFOLD_SOLID_BREP ( 'Extrude1', #3540 ) ;
#2071 = CYLINDRICAL_SURFACE ( 'NONE', #2571, 0.9999999999999922300 ) ;
#2073 = FACE_OUTER_BOUND ( 'NONE', #5878, .T. ) ;
#2074 = FACE_OUTER_BOUND ( 'NONE', #5785, .T. ) ;
#2075 = CYLINDRICAL_SURFACE ( 'NONE', #2573, 12.80160000000000100 ) ;
#2076 = FACE_OUTER_BOUND ( 'NONE', #5912, .T. ) ;
#2077 = FACE_BOUND ( 'NONE', #5971, .T. ) ;
#2078 = FACE_OUTER_BOUND ( 'NONE', #5793, .T. ) ;
#2079 = FACE_OUTER_BOUND ( 'NONE', #6028, .T. ) ;
#2080 = CYLINDRICAL_SURFACE ( 'NONE', #2576, 12.80160000000000100 ) ;
#2081 = FACE_OUTER_BOUND ( 'NONE', #6161, .T. ) ;
#2082 =( BOUNDED_SURFACE ( )  B_SPLINE_SURFACE ( 1, 2, ( 
 ( #5485, #5329, #5336, #5468, #5317, #5417, #5315, #5493, #5487, #5313, #5405, #5337, #5320, #5496, #5316, #5418, #5491, #5484, #5463, #5331, #5319, #5479, #5425, #5467, #5505, #5508, #5499, #5404, #5464, #5513, #5516, #5510, #5472, #5511, #5512, #5469, #5461, #5478, #5507, #5490, #5382, #5351, #5482, #5473, #5481, #5522, #5420, #5509, #5518, #5362, #5470, #5476, #5503, #5455, #5480, #5523, #5466, #5520, #5457, #5514, #5519, #5497, #5445, #5475, #5458, #5515, #5501, #5339, #5462, #5483, #5517, #5498, #5486, #5500, #5504, #5387, #5385, #5380, #5474, #5477, #5471, #5381, #5456, #5312, #5450, #5327, #5422, #5421, #5341, #5332, #5389, #5335, #5454, #5413, #5366, #5424, #5427 ),
 ( #5395, #5325, #5447, #5435, #5409, #5346, #5400, #5436, #5390, #5451, #5314, #5401, #5437, #5441, #5350, #5372, #3604, #3591, #3590, #3587, #3585, #3597, #3599, #3588, #3586, #3601, #3603, #3592, #3600, #3594, #3598, #3595, #3596, #3589, #3602, #3593, #3605, #1306, #1305, #1308, #1327, #1307, #1311, #1312, #1309, #1325, #1324, #1323, #1322, #1321, #1317, #1319, #1318, #1314, #1316, #1315, #1320, #1326, #1298, #1281, #1295, #1303, #1287, #1292, #1302, #1288, #1291, #1282, #1304, #1293, #1272, #1283, #1286, #1299, #1280, #1290, #1296, #1300, #1297, #1279, #1275, #1278, #1284, #1301, #1273, #1285, #1274, #1276, #1277, #1289, #1294, #1310, #1313, #10123, #10121, #10094, #10086 ) ),
 .UNSPECIFIED., .F., .F., .F. ) 
 B_SPLINE_SURFACE_WITH_KNOTS ( ( 2, 2 ),
 ( 3, 2, 2, 2, 2, 2, 2, 2, 2, 2, 2, 2, 2, 2, 2, 2, 2, 2, 2, 2, 2, 2, 2, 2, 2, 2, 2, 2, 2, 2, 2, 2, 2, 2, 2, 2, 2, 2, 2, 2, 2, 2, 2, 2, 2, 2, 2, 2, 3 ),
 ( 0.0000000000000000000, 1.000000000000000000 ),
 ( 0.0000000000000000000, 0.02083333333333333200, 0.04166666666666666400, 0.06250000000000000000, 0.08333333333333332900, 0.1041666666666666700, 0.1250000000000000000, 0.1458333333333333400, 0.1666666666666666600, 0.1875000000000000000, 0.2083333333333333400, 0.2291666666666666600, 0.2500000000000000000, 0.2708333333333333100, 0.2916666666666666900, 0.3125000000000000000, 0.3333333333333333100, 0.3541666666666666900, 0.3750000000000000000, 0.3958333333333333100, 0.4166666666666666900, 0.4375000000000000000, 0.4583333333333333100, 0.4791666666666666900, 0.5000000000000000000, 0.5208333333333333700, 0.5416666666666666300, 0.5625000000000000000, 0.5833333333333333700, 0.6041666666666666300, 0.6250000000000000000, 0.6458333333333333700, 0.6666666666666666300, 0.6875000000000000000, 0.7083333333333333700, 0.7291666666666666300, 0.7500000000000000000, 0.7708333333333333700, 0.7916666666666666300, 0.8125000000000000000, 0.8333333333333333700, 0.8541666666666666300, 0.8750000000000000000, 0.8958333333333333700, 0.9166666666666666300, 0.9375000000000000000, 0.9583333333333333700, 0.9791666666666666300, 1.000000000000000000 ),
 .UNSPECIFIED. ) 
 GEOMETRIC_REPRESENTATION_ITEM ( )  RATIONAL_B_SPLINE_SURFACE ( (
 ( 1.000000000000000000, 0.8660254037844387100, 1.000000000000000000, 0.8660254037844387100, 1.000000000000000000, 0.8660254037844387100, 1.000000000000000000, 0.8660254037844387100, 1.000000000000000000, 0.8660254037844387100, 1.000000000000000000, 0.8660254037844387100, 1.000000000000000000, 0.8660254037844387100, 1.000000000000000000, 0.8660254037844387100, 1.000000000000000000, 0.8660254037844387100, 1.000000000000000000, 0.8660254037844387100, 1.000000000000000000, 0.8660254037844387100, 1.000000000000000000, 0.8660254037844387100, 1.000000000000000000, 0.8660254037844387100, 1.000000000000000000, 0.8660254037844387100, 1.000000000000000000, 0.8660254037844387100, 1.000000000000000000, 0.8660254037844387100, 1.000000000000000000, 0.8660254037844387100, 1.000000000000000000, 0.8660254037844387100, 1.000000000000000000, 0.8660254037844387100, 1.000000000000000000, 0.8660254037844387100, 1.000000000000000000, 0.8660254037844387100, 1.000000000000000000, 0.8660254037844387100, 1.000000000000000000, 0.8660254037844387100, 1.000000000000000000, 0.8660254037844387100, 1.000000000000000000, 0.8660254037844387100, 1.000000000000000000, 0.8660254037844387100, 1.000000000000000000, 0.8660254037844387100, 1.000000000000000000, 0.8660254037844387100, 1.000000000000000000, 0.8660254037844387100, 1.000000000000000000, 0.8660254037844387100, 1.000000000000000000, 0.8660254037844387100, 1.000000000000000000, 0.8660254037844387100, 1.000000000000000000, 0.8660254037844387100, 1.000000000000000000, 0.8660254037844387100, 1.000000000000000000, 0.8660254037844387100, 1.000000000000000000, 0.8660254037844387100, 1.000000000000000000, 0.8660254037844387100, 1.000000000000000000, 0.8660254037844387100, 1.000000000000000000, 0.8660254037844387100, 1.000000000000000000, 0.8660254037844387100, 1.000000000000000000, 0.8660254037844387100, 1.000000000000000000, 0.8660254037844387100, 1.000000000000000000, 0.8660254037844387100, 1.000000000000000000, 0.8660254037844387100, 1.000000000000000000, 0.8660254037844387100, 1.000000000000000000, 0.8660254037844387100, 1.000000000000000000, 0.8660254037844387100, 1.000000000000000000, 0.8660254037844387100, 1.000000000000000000),
 ( 1.000000000000000000, 0.8660254037844387100, 1.000000000000000000, 0.8660254037844387100, 1.000000000000000000, 0.8660254037844387100, 1.000000000000000000, 0.8660254037844387100, 1.000000000000000000, 0.8660254037844387100, 1.000000000000000000, 0.8660254037844387100, 1.000000000000000000, 0.8660254037844387100, 1.000000000000000000, 0.8660254037844387100, 1.000000000000000000, 0.8660254037844387100, 1.000000000000000000, 0.8660254037844387100, 1.000000000000000000, 0.8660254037844387100, 1.000000000000000000, 0.8660254037844387100, 1.000000000000000000, 0.8660254037844387100, 1.000000000000000000, 0.8660254037844387100, 1.000000000000000000, 0.8660254037844387100, 1.000000000000000000, 0.8660254037844387100, 1.000000000000000000, 0.8660254037844387100, 1.000000000000000000, 0.8660254037844387100, 1.000000000000000000, 0.8660254037844387100, 1.000000000000000000, 0.8660254037844387100, 1.000000000000000000, 0.8660254037844387100, 1.000000000000000000, 0.8660254037844387100, 1.000000000000000000, 0.8660254037844387100, 1.000000000000000000, 0.8660254037844387100, 1.000000000000000000, 0.8660254037844387100, 1.000000000000000000, 0.8660254037844387100, 1.000000000000000000, 0.8660254037844387100, 1.000000000000000000, 0.8660254037844387100, 1.000000000000000000, 0.8660254037844387100, 1.000000000000000000, 0.8660254037844387100, 1.000000000000000000, 0.8660254037844387100, 1.000000000000000000, 0.8660254037844387100, 1.000000000000000000, 0.8660254037844387100, 1.000000000000000000, 0.8660254037844387100, 1.000000000000000000, 0.8660254037844387100, 1.000000000000000000, 0.8660254037844387100, 1.000000000000000000, 0.8660254037844387100, 1.000000000000000000, 0.8660254037844387100, 1.000000000000000000, 0.8660254037844387100, 1.000000000000000000, 0.8660254037844387100, 1.000000000000000000, 0.8660254037844387100, 1.000000000000000000, 0.8660254037844387100, 1.000000000000000000, 0.8660254037844387100, 1.000000000000000000, 0.8660254037844387100, 1.000000000000000000, 0.8660254037844387100, 1.000000000000000000, 0.8660254037844387100, 1.000000000000000000, 0.8660254037844387100, 1.000000000000000000, 0.8660254037844387100, 1.000000000000000000) ) ) 
 REPRESENTATION_ITEM ( '' )  SURFACE ( )  );
#2083 = CYLINDRICAL_SURFACE ( 'NONE', #2577, 12.80160000000000100 ) ;
#2085 = MANIFOLD_SOLID_BREP ( 'Aufsatz-Linear austragen2', #3508 ) ;
#2084 = FACE_OUTER_BOUND ( 'NONE', #5939, .T. ) ;
#2086 = CYLINDRICAL_SURFACE ( 'NONE', #2578, 12.80160000000000100 ) ;
#2087 = FACE_OUTER_BOUND ( 'NONE', #6129, .T. ) ;
#2088 = CYLINDRICAL_SURFACE ( 'NONE', #2579, 12.80160000000000100 ) ;
#2089 = FACE_OUTER_BOUND ( 'NONE', #6044, .T. ) ;
#2090 = CYLINDRICAL_SURFACE ( 'NONE', #2580, 12.80160000000000100 ) ;
#2091 = FACE_OUTER_BOUND ( 'NONE', #5860, .T. ) ;
#2092 = CYLINDRICAL_SURFACE ( 'NONE', #2581, 12.80160000000000100 ) ;
#2093 = FACE_OUTER_BOUND ( 'NONE', #5539, .T. ) ;
#2094 = CYLINDRICAL_SURFACE ( 'NONE', #2582, 12.80160000000000100 ) ;
#2095 = FACE_OUTER_BOUND ( 'NONE', #5983, .T. ) ;
#2096 = FACE_OUTER_BOUND ( 'NONE', #5917, .T. ) ;
#2097 = FACE_OUTER_BOUND ( 'NONE', #5875, .T. ) ;
#2098 = CYLINDRICAL_SURFACE ( 'NONE', #2586, 15.23999999999999700 ) ;
#2099 = FACE_OUTER_BOUND ( 'NONE', #5641, .T. ) ;
#2100 = CYLINDRICAL_SURFACE ( 'NONE', #2587, 15.23999999999999700 ) ;
#2101 = CYLINDRICAL_SURFACE ( 'NONE', #2588, 1.000000000000004400 ) ;
#2102 = FACE_OUTER_BOUND ( 'NONE', #5876, .T. ) ;
#2103 = CYLINDRICAL_SURFACE ( 'NONE', #2589, 13.14449999999999400 ) ;
#2104 = FACE_BOUND ( 'NONE', #6076, .T. ) ;
#2105 = FACE_OUTER_BOUND ( 'NONE', #6060, .T. ) ;
#2106 = FACE_OUTER_BOUND ( 'NONE', #6014, .T. ) ;
#2107 = CYLINDRICAL_SURFACE ( 'NONE', #2590, 0.9999999999999922300 ) ;
#2108 =( BOUNDED_CURVE ( )  B_SPLINE_CURVE ( 2, ( #10126, #9727, #5186, #5171, #5192, #5162, #5170, #5175, #5188 ),
 .UNSPECIFIED., .F., .F. ) 
 B_SPLINE_CURVE_WITH_KNOTS ( ( 3, 2, 2, 2, 3 ),
 ( 0.5277777777777779000, 0.5370370370370370900, 0.5555555555555555800, 0.5740740740740740700, 0.5833333333333333700 ),
 .UNSPECIFIED. ) 
 CURVE ( )  GEOMETRIC_REPRESENTATION_ITEM ( )  RATIONAL_B_SPLINE_CURVE ( ( 0.9330127018922193000, 0.9330127018922196300, 1.000000000000000000, 0.8660254037844386000, 1.000000000000000000, 0.8660254037844386000, 1.000000000000000000, 0.9330127018922189700, 0.9330127018922193000 ) ) 
 REPRESENTATION_ITEM ( '' )  );
#2109 = FACE_OUTER_BOUND ( 'NONE', #5879, .T. ) ;
#2110 = CYLINDRICAL_SURFACE ( 'NONE', #2591, 0.5000000000000022200 ) ;
#2111 = B_SPLINE_CURVE_WITH_KNOTS ( 'NONE', 3,
 ( #5531, #5524, #5532, #5529, #5526, #5530, #5535, #5527, #5534, #5528, #5533, #5525, #5330, #5489, #9138, #9137, #1183, #1184, #5180, #5178, #5176, #5183, #5174, #5173 ),
 .UNSPECIFIED., .F., .F.,
 ( 4, 2, 2, 2, 2, 1, 2, 2, 2, 2, 1, 2, 4 ),
 ( 0.0000000000000000000, 0.1249999999999999200, 0.2499999999999998300, 0.3124999999999997800, 0.3437499999999997800, 0.3593749999999997800, 0.3671874999999997200, 0.3749999999999996700, 0.4374999999999997800, 0.4687499999999997800, 0.4843749999999998900, 0.4921874999999999400, 0.5000000000000000000 ),
 .UNSPECIFIED. ) ;
#2112 = FACE_OUTER_BOUND ( 'NONE', #6080, .T. ) ;
#2113 =( BOUNDED_CURVE ( )  B_SPLINE_CURVE ( 2, ( #5187, #5156, #5194 ),
 .UNSPECIFIED., .F., .T. ) 
 B_SPLINE_CURVE_WITH_KNOTS ( ( 3, 3 ),
 ( 0.4225056580421736000, 0.4375000000000000000 ),
 .UNSPECIFIED. ) 
 CURVE ( )  GEOMETRIC_REPRESENTATION_ITEM ( )  RATIONAL_B_SPLINE_CURVE ( ( 0.9459494432169477400, 0.9035746763527435800, 1.000000000000000000 ) ) 
 REPRESENTATION_ITEM ( '' )  );
#2114 = FACE_OUTER_BOUND ( 'NONE', #5903, .T. ) ;
#2115 = FACE_OUTER_BOUND ( 'NONE', #6072, .T. ) ;
#2116 = CONICAL_SURFACE ( 'NONE', #2584, 1.649999999999998800, 1.029744258676653400 ) ;
#2117 = FACE_OUTER_BOUND ( 'NONE', #5895, .T. ) ;
#2118 = FACE_OUTER_BOUND ( 'NONE', #5869, .T. ) ;
#2119 = CYLINDRICAL_SURFACE ( 'NONE', #2594, 1.000000000000000900 ) ;
#2120 = FACE_OUTER_BOUND ( 'NONE', #5645, .T. ) ;
#2121 = TOROIDAL_SURFACE ( 'NONE', #2598, 61.11549814728773800, 1.800000000000000000 ) ;
#2122 = FACE_OUTER_BOUND ( 'NONE', #5649, .T. ) ;
#2123 = FACE_OUTER_BOUND ( 'NONE', #5887, .T. ) ;
#2124 = CYLINDRICAL_SURFACE ( 'NONE', #2599, 0.7999999999999933800 ) ;
#2125 = FACE_OUTER_BOUND ( 'NONE', #5975, .T. ) ;
#2126 = CYLINDRICAL_SURFACE ( 'NONE', #2600, 0.9999999999999991100 ) ;
#2127 = FACE_OUTER_BOUND ( 'NONE', #6130, .T. ) ;
#2128 =( BOUNDED_CURVE ( )  B_SPLINE_CURVE ( 2, ( #5152, #5177, #5157, #5154, #5179, #5182, #5155, #5189, #5159 ),
 .UNSPECIFIED., .F., .T. ) 
 B_SPLINE_CURVE_WITH_KNOTS ( ( 3, 2, 2, 2, 3 ),
 ( 0.5277777777777776800, 0.5370370370370369800, 0.5555555555555555800, 0.5740740740740740700, 0.5833333333333332600 ),
 .UNSPECIFIED. ) 
 CURVE ( )  GEOMETRIC_REPRESENTATION_ITEM ( )  RATIONAL_B_SPLINE_CURVE ( ( 0.9330127018922194100, 0.9330127018922189700, 1.000000000000000000, 0.8660254037844387100, 1.000000000000000000, 0.8660254037844387100, 1.000000000000000000, 0.9330127018922197400, 0.9330127018922194100 ) ) 
 REPRESENTATION_ITEM ( '' )  );
#2129 = FACE_OUTER_BOUND ( 'NONE', #5540, .T. ) ;
#2130 = TOROIDAL_SURFACE ( 'NONE', #2596, 0.1900000000000000000, 0.2999999999999999900 ) ;
#2131 = CYLINDRICAL_SURFACE ( 'NONE', #2601, 0.7249999999999999800 ) ;
#2133 =( BOUNDED_CURVE ( )  B_SPLINE_CURVE ( 2, ( #5199, #5191, #5202, #5198, #5153, #5166, #5196, #5181, #5167 ),
 .UNSPECIFIED., .F., .F. ) 
 B_SPLINE_CURVE_WITH_KNOTS ( ( 3, 2, 2, 2, 3 ),
 ( 0.6388888888888888400, 0.6481481481481481400, 0.6666666666666666300, 0.6851851851851851200, 0.6944444444444444200 ),
 .UNSPECIFIED. ) 
 CURVE ( )  GEOMETRIC_REPRESENTATION_ITEM ( )  RATIONAL_B_SPLINE_CURVE ( ( 0.9330127018922194100, 0.9330127018922194100, 1.000000000000000000, 0.8660254037844387100, 1.000000000000000000, 0.8660254037844387100, 1.000000000000000000, 0.9330127018922194100, 0.9330127018922194100 ) ) 
 REPRESENTATION_ITEM ( '' )  );
#2132 = FACE_OUTER_BOUND ( 'NONE', #5766, .T. ) ;
#2134 = CYLINDRICAL_SURFACE ( 'NONE', #2608, 0.4899999999999999900 ) ;
#2135 = B_SPLINE_CURVE_WITH_KNOTS ( 'NONE', 3,
 ( #5164, #5203, #5197, #5161 ),
 .UNSPECIFIED., .F., .F.,
 ( 4, 4 ),
 ( 6.236690998440013300E-017, 0.0004749503179281306800 ),
 .UNSPECIFIED. ) ;
#2136 = CYLINDRICAL_SURFACE ( 'NONE', #2604, 0.2500000000000000000 ) ;
#2137 = FACE_OUTER_BOUND ( 'NONE', #5853, .T. ) ;
#2138 = FACE_OUTER_BOUND ( 'NONE', #5657, .T. ) ;
#2139 = FACE_OUTER_BOUND ( 'NONE', #6035, .T. ) ;
#2140 = CYLINDRICAL_SURFACE ( 'NONE', #2605, 1.799999999999999600 ) ;
#2141 =( BOUNDED_CURVE ( )  B_SPLINE_CURVE ( 2, ( #9664, #9661, #9590, #9457, #9589, #9497, #9592, #9591, #9593 ),
 .UNSPECIFIED., .F., .T. ) 
 B_SPLINE_CURVE_WITH_KNOTS ( ( 3, 2, 2, 2, 3 ),
 ( 0.3055555555555555200, 0.3148148148148147700, 0.3333333333333333100, 0.3518518518518518600, 0.3611111111111111000 ),
 .UNSPECIFIED. ) 
 CURVE ( )  GEOMETRIC_REPRESENTATION_ITEM ( )  RATIONAL_B_SPLINE_CURVE ( ( 0.9330127018922194100, 0.9330127018922194100, 1.000000000000000000, 0.8660254037844387100, 1.000000000000000000, 0.8660254037844387100, 1.000000000000000000, 0.9330127018922194100, 0.9330127018922194100 ) ) 
 REPRESENTATION_ITEM ( '' )  );
#2142 = FACE_BOUND ( 'NONE', #6051, .T. ) ;
#2143 = B_SPLINE_CURVE_WITH_KNOTS ( 'NONE', 3,
 ( #6502, #6503, #6508, #6509 ),
 .UNSPECIFIED., .F., .F.,
 ( 4, 4 ),
 ( 0.05873471529942137600, 0.06023016669851603100 ),
 .UNSPECIFIED. ) ;
#2144 = FACE_OUTER_BOUND ( 'NONE', #5813, .T. ) ;
#2145 = FACE_OUTER_BOUND ( 'NONE', #6052, .T. ) ;
#2146 =( BOUNDED_CURVE ( )  B_SPLINE_CURVE ( 2, ( #5204, #9192, #3607, #3613, #3606, #3608, #3610, #3609, #3612 ),
 .UNSPECIFIED., .F., .T. ) 
 B_SPLINE_CURVE_WITH_KNOTS ( ( 3, 2, 2, 2, 3 ),
 ( 0.3055555555555555800, 0.3148148148148148800, 0.3333333333333333700, 0.3518518518518518600, 0.3611111111111111600 ),
 .UNSPECIFIED. ) 
 CURVE ( )  GEOMETRIC_REPRESENTATION_ITEM ( )  RATIONAL_B_SPLINE_CURVE ( ( 0.9330127018922193000, 0.9330127018922193000, 1.000000000000000000, 0.8660254037844386000, 1.000000000000000000, 0.8660254037844386000, 1.000000000000000000, 0.9330127018922193000, 0.9330127018922193000 ) ) 
 REPRESENTATION_ITEM ( '' )  );
#2147 = FACE_OUTER_BOUND ( 'NONE', #5915, .T. ) ;
#2148 = TOROIDAL_SURFACE ( 'NONE', #2607, 61.11549814728773800, 1.800000000000000000 ) ;
#2149 = CONICAL_SURFACE ( 'NONE', #2603, 0.2500000000000000000, 0.7853981633974485000 ) ;
#2150 = FACE_OUTER_BOUND ( 'NONE', #5850, .T. ) ;
#2151 = FACE_OUTER_BOUND ( 'NONE', #5774, .T. ) ;
#2152 = B_SPLINE_CURVE_WITH_KNOTS ( 'NONE', 3,
 ( #6586, #6581, #6587, #6588, #6589, #6590, #6591, #6592, #6593, #6594, #6595, #6596, #6597, #6598, #6599, #6600, #6601, #6602, #6603, #6604, #6605, #6606, #6607, #6608 ),
 .UNSPECIFIED., .F., .F.,
 ( 4, 2, 2, 2, 2, 2, 2, 2, 2, 2, 2, 4 ),
 ( 0.0000000000000000000, 0.0009898408250226227800, 0.001979681650045245600, 0.003959363300090491100, 0.005939044950135736700, 0.007918726600180982200, 0.009898408250226227800, 0.01187808990027147300, 0.01286793072529409900, 0.01385777155031672100, 0.01484761237533934600, 0.01583745320036197100 ),
 .UNSPECIFIED. ) ;
#2153 = FACE_OUTER_BOUND ( 'NONE', #6152, .T. ) ;
#2154 = CYLINDRICAL_SURFACE ( 'NONE', #2609, 1.799999999999999600 ) ;
#2155 = FACE_OUTER_BOUND ( 'NONE', #6138, .T. ) ;
#2156 = B_SPLINE_CURVE_WITH_KNOTS ( 'NONE', 3,
 ( #6514, #6515, #6519, #6520, #6521, #6522, #6523, #6524, #6525, #6526, #6527, #6528, #6529, #6530, #6531, #6532, #6533, #6534, #6535, #6536, #6537, #6538, #6539, #6540, #6541, #6542, #6543, #6544, #6545, #6546, #6547, #6548, #6549, #6550, #6551, #6552, #6553, #6554, #6555, #6556, #6557, #6558, #6559, #6560, #6561, #6562, #6563, #6564, #6565, #6566, #6567 ),
 .UNSPECIFIED., .F., .F.,
 ( 4, 2, 2, 2, 2, 2, 2, 2, 2, 2, 2, 2, 2, 2, 2, 2, 2, 2, 1, 2, 2, 2, 2, 2, 2, 4 ),
 ( 0.0004749503179281306800, 0.001765453619570641500, 0.003055956921213152100, 0.005636963524498175000, 0.008217970127783197000, 0.01079897673106822200, 0.01208948003271073100, 0.01337998333435324300, 0.01596098993763826400, 0.01854199654092328700, 0.01983249984256579800, 0.02112300314420831300, 0.02241350644585082100, 0.02370400974749333300, 0.02628501635077835600, 0.02757551965242086700, 0.02886602295406337900, 0.03015652625570588600, 0.03144702955734839800, 0.03273753285899090600, 0.03402803616063342100, 0.03660904276391843700, 0.03789954606556094500, 0.03919004936720346000, 0.04048055266884596800, 0.04177105597048847600 ),
 .UNSPECIFIED. ) ;
#2157 = FACE_OUTER_BOUND ( 'NONE', #5901, .T. ) ;
#2158 = CYLINDRICAL_SURFACE ( 'NONE', #2611, 1.000000000000000000 ) ;
#2159 = FACE_OUTER_BOUND ( 'NONE', #5546, .T. ) ;
#2160 = B_SPLINE_CURVE_WITH_KNOTS ( 'NONE', 3,
 ( #9732, #9612, #9617, #9756, #9754, #9624, #9823, #9866, #9821, #9822, #9819, #9820, #9817, #9818, #9815, #9816, #9623, #9813, #9814, #9811, #9812, #9809, #9810, #9492, #9807, #9808, #9805, #9627, #9806, #9803, #9804, #9801, #9802, #9799, #9800, #9797, #9798, #9795, #9625, #9796, #9793, #9794, #9791, #9792, #9789, #9790, #9483 ),
 .UNSPECIFIED., .F., .F.,
 ( 4, 2, 2, 2, 2, 2, 2, 2, 2, 2, 2, 2, 2, 2, 2, 1, 2, 2, 2, 2, 2, 2, 2, 4 ),
 ( 7.736555535437560800E-017, 0.002578652774989907200, 0.005157305549979739800, 0.006446631937474656500, 0.007735958324969572300, 0.01031461109995940300, 0.01289326387494923500, 0.01547191664993906800, 0.01676124303743398200, 0.01805056942492889700, 0.02062922219991872700, 0.02320787497490855700, 0.02449720136240347200, 0.02578652774989838700, 0.02707585413739330100, 0.02836518052488821600, 0.02965450691238313100, 0.03094383329987805000, 0.03223315968737296100, 0.03352248607486788000, 0.03610113884985771000, 0.03739046523735262100, 0.03867979162484752600, 0.04125844439983734900 ),
 .UNSPECIFIED. ) ;
#2161 = CYLINDRICAL_SURFACE ( 'NONE', #2612, 1.749999999999998900 ) ;
#2162 = FACE_BOUND ( 'NONE', #5933, .T. ) ;
#2163 = FACE_OUTER_BOUND ( 'NONE', #5943, .T. ) ;
#2164 = B_SPLINE_CURVE_WITH_KNOTS ( 'NONE', 3,
 ( #6664, #6652, #6658, #6665, #6666, #6667, #6668, #6669, #6670, #6671, #6672, #6673, #6674, #6675, #6676, #6677, #6678, #6679, #6680, #6681, #6682, #6683, #6684, #6685, #6686, #6687, #6688, #6689, #6690, #6691, #6692, #6693, #6694, #6695, #6696, #6697, #6698, #6699, #6700, #6701, #6702, #6703, #6704, #6705, #6706, #6707 ),
 .UNSPECIFIED., .F., .F.,
 ( 4, 2, 2, 2, 2, 2, 2, 2, 2, 2, 2, 2, 2, 2, 2, 2, 2, 2, 2, 2, 2, 2, 4 ),
 ( 2.198369991972680700E-017, 0.002575954670166593800, 0.005151909340333165000, 0.006439886675416451600, 0.007727864010499739200, 0.01030381868066631300, 0.01159179601574960100, 0.01287977335083288400, 0.01545572802099945800, 0.01803168269116602700, 0.01931966002624931400, 0.02060763736133260100, 0.02318359203149917400, 0.02447156936658245700, 0.02575954670166574100, 0.02833550137183231100, 0.02962347870691559700, 0.03091145604199888400, 0.03348741071216545400, 0.03606336538233202700, 0.03735134271741531700, 0.03863932005249860700, 0.04121527472266518800 ),
 .UNSPECIFIED. ) ;
#2165 = FACE_OUTER_BOUND ( 'NONE', #5919, .T. ) ;
#2166 = CYLINDRICAL_SURFACE ( 'NONE', #2615, 1.000000000000000900 ) ;
#2167 = FACE_BOUND ( 'NONE', #5790, .T. ) ;
#2168 = CYLINDRICAL_SURFACE ( 'NONE', #2616, 0.9999999999999991100 ) ;
#2169 = FACE_OUTER_BOUND ( 'NONE', #5784, .T. ) ;
#2170 = TOROIDAL_SURFACE ( 'NONE', #2619, 0.1900000000000000000, 0.2999999999999999900 ) ;
#2171 = FACE_OUTER_BOUND ( 'NONE', #5643, .T. ) ;
#2172 = FACE_OUTER_BOUND ( 'NONE', #5538, .T. ) ;
#2173 = FACE_OUTER_BOUND ( 'NONE', #5858, .T. ) ;
#2174 = FACE_OUTER_BOUND ( 'NONE', #5956, .T. ) ;
#2175 = CYLINDRICAL_SURFACE ( 'NONE', #2622, 0.7249999999999999800 ) ;
#2176 =( BOUNDED_CURVE ( )  B_SPLINE_CURVE ( 1, ( #6574, #6569 ),
 .UNSPECIFIED., .F., .T. ) 
 B_SPLINE_CURVE_WITH_KNOTS ( ( 2, 2 ),
 ( 3.903127820947806700E-018, 0.0004692702987973237800 ),
 .UNSPECIFIED. ) 
 CURVE ( )  GEOMETRIC_REPRESENTATION_ITEM ( )  RATIONAL_B_SPLINE_CURVE ( ( 0.9362291333771473000, 0.9362291333771473000 ) ) 
 REPRESENTATION_ITEM ( '' )  );
#2177 = FACE_OUTER_BOUND ( 'NONE', #5981, .T. ) ;
#2178 = FACE_OUTER_BOUND ( 'NONE', #5987, .T. ) ;
#2179 = B_SPLINE_CURVE_WITH_KNOTS ( 'NONE', 3,
 ( #9730, #9773, #9774, #9775, #9873, #9876, #9874, #9870, #9626, #9875, #9893, #9877, #9872, #9878, #9879, #9880, #9881, #9787, #9788, #9633, #9882, #9883, #9884, #9885, #9886, #9887, #9888, #9889, #9890, #9891, #9637, #9867, #9892, #10349, #9865, #9785, #9786, #9782, #9784, #9783, #9781, #9755, #9993, #9987, #9981, #9982, #9983, #9980, #9985, #10107 ),
 .UNSPECIFIED., .F., .F.,
 ( 4, 2, 2, 2, 2, 2, 2, 2, 2, 2, 2, 2, 2, 2, 2, 2, 2, 2, 2, 2, 2, 2, 2, 2, 4 ),
 ( 4.540205825292465600E-017, 0.002578841830504737600, 0.005157683661009430900, 0.006447104576261778300, 0.007736525491514125600, 0.009025946406766472900, 0.01031536732201882000, 0.01160478823727116400, 0.01289420915252351100, 0.01547305098302820400, 0.01805189281353289400, 0.01934131372878524300, 0.02063073464403758800, 0.02320957647454228300, 0.02449899738979463200, 0.02578841830504697800, 0.02836726013555167200, 0.02965668105080401800, 0.03094610196605636700, 0.03352494379656106200, 0.03481436471181341400, 0.03610378562706576000, 0.03739320654231811200, 0.03868262745757045800, 0.04126146928807515600 ),
 .UNSPECIFIED. ) ;
#2180 = FACE_OUTER_BOUND ( 'NONE', #5655, .T. ) ;
#2181 = FACE_OUTER_BOUND ( 'NONE', #5780, .T. ) ;
#2182 = FACE_OUTER_BOUND ( 'NONE', #5862, .T. ) ;
#2183 = CONICAL_SURFACE ( 'NONE', #2621, 0.2500000000000000000, 0.7853981633974485000 ) ;
#2184 = CYLINDRICAL_SURFACE ( 'NONE', #2624, 0.4899999999999999900 ) ;
#2185 = FACE_BOUND ( 'NONE', #5548, .T. ) ;
#2186 = CYLINDRICAL_SURFACE ( 'NONE', #2625, 0.5000000000000022200 ) ;
#2187 = FACE_OUTER_BOUND ( 'NONE', #5564, .T. ) ;
#2188 = CYLINDRICAL_SURFACE ( 'NONE', #2626, 1.000000000000000900 ) ;
#2189 = FACE_OUTER_BOUND ( 'NONE', #6034, .T. ) ;
#2190 = CYLINDRICAL_SURFACE ( 'NONE', #2627, 1.000000000000000000 ) ;
#2191 = FACE_OUTER_BOUND ( 'NONE', #6031, .T. ) ;
#2192 = CYLINDRICAL_SURFACE ( 'NONE', #2628, 0.2500000000000000000 ) ;
#2193 = FACE_OUTER_BOUND ( 'NONE', #5974, .T. ) ;
#2194 = FACE_OUTER_BOUND ( 'NONE', #5580, .T. ) ;
#2195 = FACE_OUTER_BOUND ( 'NONE', #5936, .T. ) ;
#2196 = CYLINDRICAL_SURFACE ( 'NONE', #2630, 13.14449999999999400 ) ;
#2197 = FACE_OUTER_BOUND ( 'NONE', #6015, .T. ) ;
#2198 = CYLINDRICAL_SURFACE ( 'NONE', #2631, 13.14449999999999400 ) ;
#2199 = CYLINDRICAL_SURFACE ( 'NONE', #2637, 1.249999999999999300 ) ;
#2200 = CYLINDRICAL_SURFACE ( 'NONE', #2632, 4.749999999999999100 ) ;
#2201 = FACE_OUTER_BOUND ( 'NONE', #6049, .T. ) ;
#2202 = B_SPLINE_CURVE_WITH_KNOTS ( 'NONE', 3,
 ( #6773, #6768, #6769, #6774, #6775, #6776, #6777, #6778, #6779, #6780, #6781, #6782, #6783, #6784, #6785, #6786, #6787, #6788, #6789, #6790, #6791, #6792 ),
 .UNSPECIFIED., .F., .F.,
 ( 4, 2, 2, 2, 2, 2, 2, 2, 2, 2, 4 ),
 ( 0.0000000000000000000, 0.0002525691461202166900, 0.0005051382922404333800, 0.001010276584480872200, 0.001515414876721310900, 0.002020553168961750000, 0.002525691461202189300, 0.003030829753442628200, 0.003535968045683067600, 0.003788537191803289200, 0.004041106337923511300 ),
 .UNSPECIFIED. ) ;
#2203 = FACE_OUTER_BOUND ( 'NONE', #6064, .T. ) ;
#2204 =( BOUNDED_CURVE ( )  B_SPLINE_CURVE ( 2, ( #10416, #10417, #9668, #10402, #9673, #10194, #10399, #10400, #10401 ),
 .UNSPECIFIED., .F., .F. ) 
 B_SPLINE_CURVE_WITH_KNOTS ( ( 3, 2, 2, 2, 3 ),
 ( 0.8055555555555555800, 0.8148148148148148800, 0.8333333333333333700, 0.8518518518518518600, 0.8604862774105905800 ),
 .UNSPECIFIED. ) 
 CURVE ( )  GEOMETRIC_REPRESENTATION_ITEM ( )  RATIONAL_B_SPLINE_CURVE ( ( 0.9330127018922193000, 0.9330127018922193000, 1.000000000000000000, 0.8660254037844386000, 1.000000000000000000, 0.8660254037844386000, 1.000000000000000000, 0.9375331413995914300, 0.9333177503703193900 ) ) 
 REPRESENTATION_ITEM ( '' )  );
#2205 = FACE_OUTER_BOUND ( 'NONE', #5583, .T. ) ;
#2206 = FACE_OUTER_BOUND ( 'NONE', #6151, .T. ) ;
#2207 = FACE_OUTER_BOUND ( 'NONE', #6071, .T. ) ;
#2208 = CONICAL_SURFACE ( 'NONE', #2634, 0.6249999999999987800, 1.029744258676652800 ) ;
#2209 = CYLINDRICAL_SURFACE ( 'NONE', #2640, 0.6249999999999987800 ) ;
#2210 = CYLINDRICAL_SURFACE ( 'NONE', #2638, 2.082799999999997500 ) ;
#2211 = FACE_OUTER_BOUND ( 'NONE', #5618, .T. ) ;
#2212 = FACE_OUTER_BOUND ( 'NONE', #6066, .T. ) ;
#2213 = FACE_OUTER_BOUND ( 'NONE', #6083, .T. ) ;
#2214 = CONICAL_SURFACE ( 'NONE', #2636, 14.73999999999999700, 0.7853981633974482800 ) ;
#2215 = FACE_OUTER_BOUND ( 'NONE', #5906, .T. ) ;
#2216 = FACE_OUTER_BOUND ( 'NONE', #6117, .T. ) ;
#2217 = FACE_OUTER_BOUND ( 'NONE', #6032, .T. ) ;
#2218 = CONICAL_SURFACE ( 'NONE', #2639, 0.6249999999999987800, 1.029744258676652800 ) ;
#2219 = CYLINDRICAL_SURFACE ( 'NONE', #2643, 1.000000000000000000 ) ;
#2220 = CYLINDRICAL_SURFACE ( 'NONE', #2645, 1.299999999999998300 ) ;
#2221 = CYLINDRICAL_SURFACE ( 'NONE', #2644, 0.7999999999999994900 ) ;
#2222 = FACE_OUTER_BOUND ( 'NONE', #6125, .T. ) ;
#2223 = FACE_OUTER_BOUND ( 'NONE', #5982, .T. ) ;
#2224 = FACE_OUTER_BOUND ( 'NONE', #6036, .T. ) ;
#2225 = CONICAL_SURFACE ( 'NONE', #2641, 0.6249999999999987800, 1.029744258676652800 ) ;
#2226 = FACE_BOUND ( 'NONE', #6158, .T. ) ;
#2227 = CYLINDRICAL_SURFACE ( 'NONE', #2646, 0.4999999999999995600 ) ;
#2228 = FACE_BOUND ( 'NONE', #5791, .T. ) ;
#2229 = CYLINDRICAL_SURFACE ( 'NONE', #2647, 0.4999999999999995600 ) ;
#2230 = FACE_BOUND ( 'NONE', #5805, .T. ) ;
#2231 = CYLINDRICAL_SURFACE ( 'NONE', #2648, 0.5000000000000004400 ) ;
#2232 = FACE_BOUND ( 'NONE', #5808, .T. ) ;
#2233 = CYLINDRICAL_SURFACE ( 'NONE', #2649, 0.4999999999999995600 ) ;
#2234 = FACE_BOUND ( 'NONE', #5573, .T. ) ;
#2235 = FACE_BOUND ( 'NONE', #5654, .T. ) ;
#2236 = FACE_BOUND ( 'NONE', #5988, .T. ) ;
#2237 = FACE_OUTER_BOUND ( 'NONE', #6085, .T. ) ;
#2238 = FACE_BOUND ( 'NONE', #6079, .T. ) ;
#2239 = FACE_BOUND ( 'NONE', #5884, .T. ) ;
#2240 = FACE_OUTER_BOUND ( 'NONE', #6054, .T. ) ;
#2241 = FACE_OUTER_BOUND ( 'NONE', #6061, .T. ) ;
#2242 = FACE_OUTER_BOUND ( 'NONE', #5604, .T. ) ;
#2243 = FACE_OUTER_BOUND ( 'NONE', #5905, .T. ) ;
#2244 = FACE_OUTER_BOUND ( 'NONE', #5920, .T. ) ;
#2245 = FACE_OUTER_BOUND ( 'NONE', #5804, .T. ) ;
#2246 = CYLINDRICAL_SURFACE ( 'NONE', #2653, 0.5000000000000000000 ) ;
#2247 = CYLINDRICAL_SURFACE ( 'NONE', #2655, 1.649999999999998800 ) ;
#2248 = CYLINDRICAL_SURFACE ( 'NONE', #2654, 0.5000000000000000000 ) ;
#2249 = MANIFOLD_SOLID_BREP ( 'Schnitt-Linear austragen2', #5233 ) ;
#2250 = FACE_OUTER_BOUND ( 'NONE', #6143, .T. ) ;
#2251 = FACE_BOUND ( 'NONE', #5965, .T. ) ;
#2252 = MANIFOLD_SOLID_BREP ( 'Aufsatz-Linear austragen2', #11054 ) ;
#2253 = FACE_OUTER_BOUND ( 'NONE', #6018, .T. ) ;
#2254 = MANIFOLD_SOLID_BREP ( 'M4x0.7 Gewindebohrung1', #3477 ) ;
#2255 = CONICAL_SURFACE ( 'NONE', #2651, 1.727199999999998500, 1.029744258676653900 ) ;
#2256 = FACE_BOUND ( 'NONE', #5830, .T. ) ;
#2257 = FACE_OUTER_BOUND ( 'NONE', #6019, .T. ) ;
#2259 = MANIFOLD_SOLID_BREP ( 'Linear austragen1', #10897 ) ;
#2258 = FACE_OUTER_BOUND ( 'NONE', #5871, .T. ) ;
#2260 = FACE_OUTER_BOUND ( 'NONE', #6047, .T. ) ;
#2261 = MANIFOLD_SOLID_BREP ( 'Cut-Extrude7', #10945 ) ;
#2262 = FACE_OUTER_BOUND ( 'NONE', #5921, .T. ) ;
#2263 = FACE_OUTER_BOUND ( 'NONE', #5607, .T. ) ;
#2264 = FACE_OUTER_BOUND ( 'NONE', #6093, .T. ) ;
#2265 = FACE_OUTER_BOUND ( 'NONE', #5632, .T. ) ;
#2266 = FACE_OUTER_BOUND ( 'NONE', #5647, .T. ) ;
#2267 = CYLINDRICAL_SURFACE ( 'NONE', #2662, 0.6249999999999987800 ) ;
#2268 = FACE_OUTER_BOUND ( 'NONE', #5624, .T. ) ;
#2269 = CYLINDRICAL_SURFACE ( 'NONE', #2663, 0.7999999999999994900 ) ;
#2270 = FACE_OUTER_BOUND ( 'NONE', #5777, .T. ) ;
#2271 = CYLINDRICAL_SURFACE ( 'NONE', #2664, 0.9999999999999995600 ) ;
#2272 = FACE_OUTER_BOUND ( 'NONE', #5761, .T. ) ;
#2273 = FACE_OUTER_BOUND ( 'NONE', #5576, .T. ) ;
#2274 = CYLINDRICAL_SURFACE ( 'NONE', #2666, 1.299999999999998300 ) ;
#2275 = FACE_OUTER_BOUND ( 'NONE', #5795, .T. ) ;
#2276 = CYLINDRICAL_SURFACE ( 'NONE', #2668, 1.249999995123492100 ) ;
#2277 = FACE_OUTER_BOUND ( 'NONE', #5648, .T. ) ;
#2278 = CYLINDRICAL_SURFACE ( 'NONE', #2670, 1.250000004876497900 ) ;
#2279 = FACE_OUTER_BOUND ( 'NONE', #5820, .T. ) ;
#2280 = FACE_BOUND ( 'NONE', #5762, .T. ) ;
#2281 = FACE_OUTER_BOUND ( 'NONE', #5567, .T. ) ;
#2282 = FACE_OUTER_BOUND ( 'NONE', #6059, .T. ) ;
#2283 = FACE_OUTER_BOUND ( 'NONE', #5763, .T. ) ;
#2284 = FACE_OUTER_BOUND ( 'NONE', #5629, .T. ) ;
#2285 = FACE_OUTER_BOUND ( 'NONE', #6045, .T. ) ;
#2286 = CYLINDRICAL_SURFACE ( 'NONE', #2673, 1.249999999999999300 ) ;
#2287 = FACE_OUTER_BOUND ( 'NONE', #5770, .T. ) ;
#2288 = FACE_OUTER_BOUND ( 'NONE', #5776, .T. ) ;
#2289 = FACE_OUTER_BOUND ( 'NONE', #6099, .T. ) ;
#2290 = FACE_OUTER_BOUND ( 'NONE', #5601, .T. ) ;
#2291 = FACE_OUTER_BOUND ( 'NONE', #6107, .T. ) ;
#2292 = FACE_OUTER_BOUND ( 'NONE', #5852, .T. ) ;
#2293 =( BOUNDED_CURVE ( )  B_SPLINE_CURVE ( 2, ( #9839, #9843, #9844, #9838, #9837, #9836, #9835, #9834, #9833 ),
 .UNSPECIFIED., .F., .T. ) 
 B_SPLINE_CURVE_WITH_KNOTS ( ( 3, 2, 2, 2, 3 ),
 ( 0.2500000000000001100, 0.2592592592592593000, 0.2777777777777777900, 0.2962962962962962800, 0.3055555555555555800 ),
 .UNSPECIFIED. ) 
 CURVE ( )  GEOMETRIC_REPRESENTATION_ITEM ( )  RATIONAL_B_SPLINE_CURVE ( ( 0.9330127018922193000, 0.9330127018922196300, 1.000000000000000000, 0.8660254037844386000, 1.000000000000000000, 0.8660254037844386000, 1.000000000000000000, 0.9330127018922193000, 0.9330127018922193000 ) ) 
 REPRESENTATION_ITEM ( '' )  );
#2294 = FACE_OUTER_BOUND ( 'NONE', #5792, .T. ) ;
#2295 = CONICAL_SURFACE ( 'NONE', #7503, 12.70455909487750300, 1.047197551196592300 ) ;
#2296 = CYLINDRICAL_SURFACE ( 'NONE', #7507, 0.5000000000000022200 ) ;
#2297 = CYLINDRICAL_SURFACE ( 'NONE', #7509, 1.250000004162000100 ) ;
#2298 = CYLINDRICAL_SURFACE ( 'NONE', #7508, 2.082799999999997500 ) ;
#2299 = FACE_OUTER_BOUND ( 'NONE', #6102, .T. ) ;
#2300 = FACE_OUTER_BOUND ( 'NONE', #5622, .T. ) ;
#2301 = FACE_OUTER_BOUND ( 'NONE', #5627, .T. ) ;
#2302 = CONICAL_SURFACE ( 'NONE', #7505, 13.14449999999999400, 0.5235987755982988200 ) ;
#2303 = FACE_OUTER_BOUND ( 'NONE', #5633, .T. ) ;
#2304 = CYLINDRICAL_SURFACE ( 'NONE', #7510, 0.5000000000000026600 ) ;
#2305 = FACE_OUTER_BOUND ( 'NONE', #5555, .T. ) ;
#2306 = FACE_OUTER_BOUND ( 'NONE', #5603, .T. ) ;
#2307 =( BOUNDED_CURVE ( )  B_SPLINE_CURVE ( 2, ( #10215, #10216, #9670, #9674, #9464, #9660, #9666, #9858, #9658 ),
 .UNSPECIFIED., .F., .T. ) 
 B_SPLINE_CURVE_WITH_KNOTS ( ( 3, 2, 2, 2, 3 ),
 ( 0.6388888888888888400, 0.6481481481481481400, 0.6666666666666667400, 0.6851851851851852300, 0.6944444444444444200 ),
 .UNSPECIFIED. ) 
 CURVE ( )  GEOMETRIC_REPRESENTATION_ITEM ( )  RATIONAL_B_SPLINE_CURVE ( ( 0.9330127018922193000, 0.9330127018922189700, 1.000000000000000000, 0.8660254037844386000, 1.000000000000000000, 0.8660254037844386000, 1.000000000000000000, 0.9330127018922196300, 0.9330127018922193000 ) ) 
 REPRESENTATION_ITEM ( '' )  );
#2308 = CYLINDRICAL_SURFACE ( 'NONE', #7512, 0.5000000000000022200 ) ;
#2309 = FACE_OUTER_BOUND ( 'NONE', #6150, .T. ) ;
#2310 = FACE_BOUND ( 'NONE', #6055, .T. ) ;
#2311 = FACE_OUTER_BOUND ( 'NONE', #5861, .T. ) ;
#2312 = FACE_OUTER_BOUND ( 'NONE', #5590, .T. ) ;
#2313 = FACE_OUTER_BOUND ( 'NONE', #5800, .T. ) ;
#2314 = FACE_OUTER_BOUND ( 'NONE', #5552, .T. ) ;
#2315 = FACE_OUTER_BOUND ( 'NONE', #5676, .T. ) ;
#2316 = CYLINDRICAL_SURFACE ( 'NONE', #7518, 13.14449999999999400 ) ;
#2317 = FACE_OUTER_BOUND ( 'NONE', #5802, .T. ) ;
#2318 = CYLINDRICAL_SURFACE ( 'NONE', #7519, 13.14449999999999400 ) ;
#2319 =( BOUNDED_CURVE ( )  B_SPLINE_CURVE ( 2, ( #10041, #9757, #9902, #9760, #10394, #10393, #10395, #10392, #10391 ),
 .UNSPECIFIED., .F., .F. ) 
 B_SPLINE_CURVE_WITH_KNOTS ( ( 3, 2, 2, 2, 3 ),
 ( 0.4722222222222221500, 0.4814814814814814500, 0.5000000000000000000, 0.5185185185185184900, 0.5277777777777776800 ),
 .UNSPECIFIED. ) 
 CURVE ( )  GEOMETRIC_REPRESENTATION_ITEM ( )  RATIONAL_B_SPLINE_CURVE ( ( 0.9330127018922194100, 0.9330127018922191900, 1.000000000000000000, 0.8660254037844387100, 1.000000000000000000, 0.8660254037844387100, 1.000000000000000000, 0.9330127018922197400, 0.9330127018922194100 ) ) 
 REPRESENTATION_ITEM ( '' )  );
#2320 = FACE_OUTER_BOUND ( 'NONE', #5922, .T. ) ;
#2321 = CYLINDRICAL_SURFACE ( 'NONE', #7520, 13.14449999999999400 ) ;
#2322 = FACE_BOUND ( 'NONE', #6087, .T. ) ;
#2323 = FACE_OUTER_BOUND ( 'NONE', #5615, .T. ) ;
#2324 =( BOUNDED_CURVE ( )  B_SPLINE_CURVE ( 2, ( #9662, #9733, #9652, #9678, #9586 ),
 .UNSPECIFIED., .F., .T. ) 
 B_SPLINE_CURVE_WITH_KNOTS ( ( 3, 2, 3 ),
 ( 0.05764386722031751600, 0.07407407407407407000, 0.08333333333333331500 ),
 .UNSPECIFIED. ) 
 CURVE ( )  GEOMETRIC_REPRESENTATION_ITEM ( )  RATIONAL_B_SPLINE_CURVE ( ( 0.9731911417985357200, 0.8811335622356101200, 1.000000000000000000, 0.9330127018922194100, 0.9330127018922193000 ) ) 
 REPRESENTATION_ITEM ( '' )  );
#2325 = FACE_BOUND ( 'NONE', #5809, .T. ) ;
#2326 = CYLINDRICAL_SURFACE ( 'NONE', #7523, 13.14449999999999400 ) ;
#2327 = FACE_OUTER_BOUND ( 'NONE', #5568, .T. ) ;
#2328 = CYLINDRICAL_SURFACE ( 'NONE', #7524, 13.14449999999999400 ) ;
#2329 = FACE_BOUND ( 'NONE', #5703, .T. ) ;
#2330 =( BOUNDED_CURVE ( )  B_SPLINE_CURVE ( 2, ( #10187, #10159, #10166, #10174, #10175, #10177, #10176 ),
 .UNSPECIFIED., .F., .F. ) 
 B_SPLINE_CURVE_WITH_KNOTS ( ( 3, 2, 2, 3 ),
 ( 0.7499999999999998900, 0.7592592592592591900, 0.7777777777777776800, 0.7814144601704528000 ),
 .UNSPECIFIED. ) 
 CURVE ( )  GEOMETRIC_REPRESENTATION_ITEM ( )  RATIONAL_B_SPLINE_CURVE ( ( 0.9330127018922194100, 0.9330127018922189700, 1.000000000000000000, 0.8660254037844387100, 1.000000000000000000, 0.9736899550233640800, 0.9577134879969664300 ) ) 
 REPRESENTATION_ITEM ( '' )  );
#2331 = CYLINDRICAL_SURFACE ( 'NONE', #7525, 13.14449999999999400 ) ;
#2332 = FACE_OUTER_BOUND ( 'NONE', #5597, .T. ) ;
#2333 = CYLINDRICAL_SURFACE ( 'NONE', #7526, 13.14449999999999400 ) ;
#2334 = FACE_OUTER_BOUND ( 'NONE', #5773, .T. ) ;
#2335 = FACE_OUTER_BOUND ( 'NONE', #5542, .T. ) ;
#2336 = FACE_OUTER_BOUND ( 'NONE', #5594, .T. ) ;
#2337 = CYLINDRICAL_SURFACE ( 'NONE', #7528, 13.14449999999999400 ) ;
#2338 = FACE_BOUND ( 'NONE', #5637, .T. ) ;
#2339 =( BOUNDED_CURVE ( )  B_SPLINE_CURVE ( 2, ( #9851, #9752, #9850, #9849, #9848, #9847, #9846, #9763, #9845 ),
 .UNSPECIFIED., .F., .F. ) 
 B_SPLINE_CURVE_WITH_KNOTS ( ( 3, 2, 2, 2, 3 ),
 ( 0.6944444444444444200, 0.7037037037037037200, 0.7222222222222222100, 0.7407407407407407000, 0.7499999999999998900 ),
 .UNSPECIFIED. ) 
 CURVE ( )  GEOMETRIC_REPRESENTATION_ITEM ( )  RATIONAL_B_SPLINE_CURVE ( ( 0.9330127018922194100, 0.9330127018922194100, 1.000000000000000000, 0.8660254037844387100, 1.000000000000000000, 0.8660254037844387100, 1.000000000000000000, 0.9330127018922197400, 0.9330127018922194100 ) ) 
 REPRESENTATION_ITEM ( '' )  );
#2340 = FACE_OUTER_BOUND ( 'NONE', #6025, .T. ) ;
#2342 =( BOUNDED_CURVE ( )  B_SPLINE_CURVE ( 2, ( #10146, #10151, #10152, #10148, #10144, #10143, #10145, #10142, #10141 ),
 .UNSPECIFIED., .F., .T. ) 
 B_SPLINE_CURVE_WITH_KNOTS ( ( 3, 2, 2, 2, 3 ),
 ( 0.3611111111111111600, 0.3703703703703704600, 0.3888888888888889500, 0.4074074074074074400, 0.4166666666666667400 ),
 .UNSPECIFIED. ) 
 CURVE ( )  GEOMETRIC_REPRESENTATION_ITEM ( )  RATIONAL_B_SPLINE_CURVE ( ( 0.9330127018922193000, 0.9330127018922193000, 1.000000000000000000, 0.8660254037844386000, 1.000000000000000000, 0.8660254037844386000, 1.000000000000000000, 0.9330127018922189700, 0.9330127018922193000 ) ) 
 REPRESENTATION_ITEM ( '' )  );
#2341 = FACE_OUTER_BOUND ( 'NONE', #5585, .T. ) ;
#2343 = CYLINDRICAL_SURFACE ( 'NONE', #7530, 13.14449999999999400 ) ;
#2344 =( BOUNDED_CURVE ( )  B_SPLINE_CURVE ( 2, ( #9829, #9832, #9842, #9828, #9830, #9827, #9826, #9770, #9825 ),
 .UNSPECIFIED., .F., .T. ) 
 B_SPLINE_CURVE_WITH_KNOTS ( ( 3, 2, 2, 2, 3 ),
 ( 0.5833333333333332600, 0.5925925925925925600, 0.6111111111111110500, 0.6296296296296295400, 0.6388888888888888400 ),
 .UNSPECIFIED. ) 
 CURVE ( )  GEOMETRIC_REPRESENTATION_ITEM ( )  RATIONAL_B_SPLINE_CURVE ( ( 0.9330127018922194100, 0.9330127018922189700, 1.000000000000000000, 0.8660254037844387100, 1.000000000000000000, 0.8660254037844387100, 1.000000000000000000, 0.9330127018922194100, 0.9330127018922194100 ) ) 
 REPRESENTATION_ITEM ( '' )  );
#2345 = FACE_OUTER_BOUND ( 'NONE', #5545, .T. ) ;
#2346 = CYLINDRICAL_SURFACE ( 'NONE', #7531, 8.999999999999998200 ) ;
#2347 =( BOUNDED_CURVE ( )  B_SPLINE_CURVE ( 2, ( #10238, #10235, #10231, #10230, #10229, #10227, #10226, #10228, #10225 ),
 .UNSPECIFIED., .F., .T. ) 
 B_SPLINE_CURVE_WITH_KNOTS ( ( 3, 2, 2, 2, 3 ),
 ( 0.7500000000000000000, 0.7592592592592593000, 0.7777777777777777900, 0.7962962962962962800, 0.8055555555555555800 ),
 .UNSPECIFIED. ) 
 CURVE ( )  GEOMETRIC_REPRESENTATION_ITEM ( )  RATIONAL_B_SPLINE_CURVE ( ( 0.9330127018922193000, 0.9330127018922193000, 1.000000000000000000, 0.8660254037844386000, 1.000000000000000000, 0.8660254037844386000, 1.000000000000000000, 0.9330127018922193000, 0.9330127018922193000 ) ) 
 REPRESENTATION_ITEM ( '' )  );
#2348 = FACE_OUTER_BOUND ( 'NONE', #5735, .T. ) ;
#2349 = CYLINDRICAL_SURFACE ( 'NONE', #7532, 6.349999999999997900 ) ;
#2350 = FACE_OUTER_BOUND ( 'NONE', #5623, .T. ) ;
#2351 = FACE_OUTER_BOUND ( 'NONE', #5787, .T. ) ;
#2352 =( BOUNDED_CURVE ( )  B_SPLINE_CURVE ( 2, ( #10133, #10134, #9721, #9720, #9853, #9719, #9718, #9717, #9716 ),
 .UNSPECIFIED., .F., .T. ) 
 B_SPLINE_CURVE_WITH_KNOTS ( ( 3, 2, 2, 2, 3 ),
 ( 0.1944444444444444200, 0.2037037037037036900, 0.2222222222222222100, 0.2407407407407407300, 0.2499999999999999700 ),
 .UNSPECIFIED. ) 
 CURVE ( )  GEOMETRIC_REPRESENTATION_ITEM ( )  RATIONAL_B_SPLINE_CURVE ( ( 0.9330127018922193000, 0.9330127018922191900, 1.000000000000000000, 0.8660254037844387100, 1.000000000000000000, 0.8660254037844387100, 1.000000000000000000, 0.9330127018922194100, 0.9330127018922193000 ) ) 
 REPRESENTATION_ITEM ( '' )  );
#2353 = FACE_OUTER_BOUND ( 'NONE', #6075, .T. ) ;
#2354 = CYLINDRICAL_SURFACE ( 'NONE', #7535, 10.79999999999999900 ) ;
#2355 = FACE_OUTER_BOUND ( 'NONE', #5614, .T. ) ;
#2356 = FACE_OUTER_BOUND ( 'NONE', #5745, .T. ) ;
#2357 = FACE_OUTER_BOUND ( 'NONE', #5562, .T. ) ;
#2358 = CONICAL_SURFACE ( 'NONE', #7534, 13.14449999999999400, 0.5235987755982988200 ) ;
#2359 = CYLINDRICAL_SURFACE ( 'NONE', #7537, 1.250000004162000100 ) ;
#2360 = CONICAL_SURFACE ( 'NONE', #7522, 12.70455909487750300, 1.047197551196592300 ) ;
#2361 = FACE_OUTER_BOUND ( 'NONE', #5964, .T. ) ;
#2362 = CONICAL_SURFACE ( 'NONE', #7536, 13.14449999999999400, 0.5235987755982988200 ) ;
#2363 = FACE_OUTER_BOUND ( 'NONE', #5909, .T. ) ;
#2364 = CYLINDRICAL_SURFACE ( 'NONE', #7538, 6.250000000000000000 ) ;
#2365 = FACE_OUTER_BOUND ( 'NONE', #5602, .T. ) ;
#2366 = CYLINDRICAL_SURFACE ( 'NONE', #7539, 4.749999999999999100 ) ;
#2367 = FACE_OUTER_BOUND ( 'NONE', #5557, .T. ) ;
#2368 = CYLINDRICAL_SURFACE ( 'NONE', #7540, 13.14449999999999400 ) ;
#2369 = FACE_OUTER_BOUND ( 'NONE', #5571, .T. ) ;
#2370 = CYLINDRICAL_SURFACE ( 'NONE', #7541, 6.250000000000000000 ) ;
#2371 = FACE_OUTER_BOUND ( 'NONE', #6162, .T. ) ;
#2372 = CYLINDRICAL_SURFACE ( 'NONE', #7542, 1.250000004876497900 ) ;
#2373 = FACE_OUTER_BOUND ( 'NONE', #5577, .T. ) ;
#2374 = CYLINDRICAL_SURFACE ( 'NONE', #7543, 1.249999995123492100 ) ;
#2375 = FACE_OUTER_BOUND ( 'NONE', #5561, .T. ) ;
#2376 = FACE_OUTER_BOUND ( 'NONE', #5686, .T. ) ;
#2377 = FACE_OUTER_BOUND ( 'NONE', #5892, .T. ) ;
#2378 = CYLINDRICAL_SURFACE ( 'NONE', #7546, 13.14449999999999400 ) ;
#2379 = FACE_OUTER_BOUND ( 'NONE', #5642, .T. ) ;
#2380 = CYLINDRICAL_SURFACE ( 'NONE', #7547, 10.79999999999999900 ) ;
#2381 = FACE_OUTER_BOUND ( 'NONE', #6041, .T. ) ;
#2382 =( BOUNDED_CURVE ( )  B_SPLINE_CURVE ( 2, ( #9900, #9759, #10387, #10384, #10383, #10382, #10381, #10042, #10380 ),
 .UNSPECIFIED., .F., .F. ) 
 B_SPLINE_CURVE_WITH_KNOTS ( ( 3, 2, 2, 2, 3 ),
 ( 0.1388888888888889500, 0.1481481481481481400, 0.1666666666666667400, 0.1851851851851852300, 0.1944444444444445300 ),
 .UNSPECIFIED. ) 
 CURVE ( )  GEOMETRIC_REPRESENTATION_ITEM ( )  RATIONAL_B_SPLINE_CURVE ( ( 0.9330127018922193000, 0.9330127018922196300, 1.000000000000000000, 0.8660254037844386000, 1.000000000000000000, 0.8660254037844386000, 1.000000000000000000, 0.9330127018922189700, 0.9330127018922193000 ) ) 
 REPRESENTATION_ITEM ( '' )  );
#2383 = CYLINDRICAL_SURFACE ( 'NONE', #7548, 6.349999999999997900 ) ;
#2384 = FACE_OUTER_BOUND ( 'NONE', #5771, .T. ) ;
#2385 = CYLINDRICAL_SURFACE ( 'NONE', #7549, 10.79999999999999900 ) ;
#2386 = B_SPLINE_CURVE_WITH_KNOTS ( 'NONE', 3,
 ( #6709, #6710, #6715, #6716, #6717, #6718, #6719, #6720, #6721, #6722, #6723, #6724, #6725, #6726, #6727, #6728, #6729, #6730, #6731, #6732, #6733, #6734, #6735, #6736, #6737, #6738, #6739, #6740, #6741, #6742, #6743, #6744, #6745, #6746, #6747, #6748, #6749, #6750, #6751, #6752, #6753, #6754, #6755, #6756, #6757, #6758 ),
 .UNSPECIFIED., .F., .F.,
 ( 4, 2, 2, 2, 2, 2, 2, 2, 2, 2, 2, 2, 2, 2, 2, 2, 2, 2, 2, 2, 2, 2, 4 ),
 ( 0.0000000000000000000, 0.002577796467205715300, 0.005155592934411432400, 0.006444491168014288400, 0.007733389401617144300, 0.01031118586882286000, 0.01288898233602857200, 0.01546677880323428700, 0.01675567703683714800, 0.01804457527044000400, 0.02062237173764571900, 0.02320016820485143500, 0.02448906643845429100, 0.02577796467205715000, 0.02835576113926286500, 0.02964465937286572100, 0.03093355760646857700, 0.03222245584007144000, 0.03351135407367429600, 0.03608915054088001500, 0.03737804877448287100, 0.03866694700808572700, 0.04124474347529143900 ),
 .UNSPECIFIED. ) ;
#2387 = FACE_BOUND ( 'NONE', #5621, .T. ) ;
#2388 = FACE_OUTER_BOUND ( 'NONE', #6070, .T. ) ;
#2389 = FACE_OUTER_BOUND ( 'NONE', #5837, .T. ) ;
#2390 = B_SPLINE_CURVE_WITH_KNOTS ( 'NONE', 3,
 ( #10111, #10096, #10102, #10104, #10105, #10103, #10114, #10113, #10186, #10116, #10089, #10115, #10112, #9978 ),
 .UNSPECIFIED., .F., .F.,
 ( 4, 2, 2, 2, 2, 2, 4 ),
 ( 0.004571160636273424000, 0.005975812189655456800, 0.007380463743037489500, 0.01018976684980155100, 0.01159441840318357700, 0.01299906995656560600, 0.01580837306332966200 ),
 .UNSPECIFIED. ) ;
#2391 = CYLINDRICAL_SURFACE ( 'NONE', #7552, 8.999999999999998200 ) ;
#2393 =( BOUNDED_CURVE ( )  B_SPLINE_CURVE ( 2, ( #10171, #10185, #10169 ),
 .UNSPECIFIED., .F., .T. ) 
 B_SPLINE_CURVE_WITH_KNOTS ( ( 3, 3 ),
 ( 0.1368599584097529600, 0.1388888888888889500 ),
 .UNSPECIFIED. ) 
 CURVE ( )  GEOMETRIC_REPRESENTATION_ITEM ( )  RATIONAL_B_SPLINE_CURVE ( ( 0.9362291333771458600, 0.9330127018922190800, 0.9330127018922191900 ) ) 
 REPRESENTATION_ITEM ( '' )  );
#2392 = FACE_OUTER_BOUND ( 'NONE', #6159, .T. ) ;
#2394 = CYLINDRICAL_SURFACE ( 'NONE', #7553, 0.7999999999999994900 ) ;
#2395 = FACE_OUTER_BOUND ( 'NONE', #5882, .T. ) ;
#2396 = FACE_OUTER_BOUND ( 'NONE', #5868, .T. ) ;
#2397 = CYLINDRICAL_SURFACE ( 'NONE', #7555, 0.9999999999999974500 ) ;
#2398 = CYLINDRICAL_SURFACE ( 'NONE', #7557, 1.000000000000000000 ) ;
#2399 = CYLINDRICAL_SURFACE ( 'NONE', #7556, 1.249999999999999300 ) ;
#2400 = FACE_OUTER_BOUND ( 'NONE', #6027, .T. ) ;
#2401 = FACE_OUTER_BOUND ( 'NONE', #6063, .T. ) ;
#2402 = FACE_OUTER_BOUND ( 'NONE', #5797, .T. ) ;
#2403 = CONICAL_SURFACE ( 'NONE', #7551, 0.6249999999999987800, 1.029744258676652800 ) ;
#2405 = B_SPLINE_CURVE_WITH_KNOTS ( 'NONE', 3,
 ( #9962, #9642, #9646, #9963, #9961, #9959, #9960, #9957, #9958, #9955, #9956, #9952, #9953, #9869, #9465, #9482, #9467, #9461, #9863, #9471, #9485, #9479, #9496, #9779, #9459, #9474, #9494, #9475, #9491, #9477, #9487, #9469, #9488, #9463, #9780, #9501, #9687, #9926, #9925, #9924, #10406, #10433, #10434, #10407, #10398, #9778, #9751, #9731, #10431, #10432, #10429, #10415, #10396 ),
 .UNSPECIFIED., .F., .F.,
 ( 4, 2, 2, 2, 2, 2, 2, 2, 2, 2, 2, 2, 2, 2, 2, 2, 2, 2, 2, 2, 2, 2, 2, 2, 1, 2, 4 ),
 ( 0.01800447670103615100, 0.02055011661343523300, 0.02182293656963477800, 0.02309575652583431900, 0.02436857648203385700, 0.02564139643823339400, 0.02691421639443293500, 0.02818703635063247300, 0.02945985630683201100, 0.03073267626303154800, 0.03327831617543063100, 0.03582395608782970600, 0.03709677604402923700, 0.03836959600022878100, 0.04091523591262785600, 0.04218805586882738700, 0.04346087582502693200, 0.04600651573742600700, 0.04727933569362554500, 0.04855215564982508200, 0.05109779556222415800, 0.05237061551842369500, 0.05364343547462323300, 0.05491625543082277000, 0.05618907538702230100, 0.05746189534322184600, 0.05873471529942137600 ),
 .UNSPECIFIED. ) ;
#2404 = FACE_OUTER_BOUND ( 'NONE', #5977, .T. ) ;
#2406 = CYLINDRICAL_SURFACE ( 'NONE', #7558, 1.000000000000000000 ) ;
#2407 = FACE_OUTER_BOUND ( 'NONE', #5959, .T. ) ;
#2408 = CYLINDRICAL_SURFACE ( 'NONE', #7559, 1.000000000000008400 ) ;
#2409 = FACE_OUTER_BOUND ( 'NONE', #5626, .T. ) ;
#2410 = CYLINDRICAL_SURFACE ( 'NONE', #7560, 0.6249999999999987800 ) ;
#2411 = FACE_OUTER_BOUND ( 'NONE', #6131, .T. ) ;
#2412 =( BOUNDED_CURVE ( )  B_SPLINE_CURVE ( 2, ( #9615, #9614, #9620, #9619, #9622, #9621, #9470, #9723, #9735 ),
 .UNSPECIFIED., .F., .T. ) 
 B_SPLINE_CURVE_WITH_KNOTS ( ( 3, 2, 2, 2, 3 ),
 ( 0.4166666666666667400, 0.4259259259259259300, 0.4444444444444444200, 0.4629629629629630200, 0.4722222222222223200 ),
 .UNSPECIFIED. ) 
 CURVE ( )  GEOMETRIC_REPRESENTATION_ITEM ( )  RATIONAL_B_SPLINE_CURVE ( ( 0.9330127018922193000, 0.9330127018922196300, 1.000000000000000000, 0.8660254037844386000, 1.000000000000000000, 0.8660254037844386000, 1.000000000000000000, 0.9330127018922189700, 0.9330127018922193000 ) ) 
 REPRESENTATION_ITEM ( '' )  );
#2413 = FACE_OUTER_BOUND ( 'NONE', #6145, .T. ) ;
#2414 = FACE_OUTER_BOUND ( 'NONE', #6136, .T. ) ;
#2415 = CYLINDRICAL_SURFACE ( 'NONE', #7563, 1.749999999999999800 ) ;
#2416 = FACE_OUTER_BOUND ( 'NONE', #5651, .T. ) ;
#2417 = CYLINDRICAL_SURFACE ( 'NONE', #7564, 0.2250000000000003700 ) ;
#2418 = TOROIDAL_SURFACE ( 'NONE', #7567, 61.11549814728773800, 1.800000000000000000 ) ;
#2419 = FACE_OUTER_BOUND ( 'NONE', #5966, .T. ) ;
#2420 = FACE_OUTER_BOUND ( 'NONE', #5945, .T. ) ;
#2421 = FACE_OUTER_BOUND ( 'NONE', #5886, .T. ) ;
#2422 = FACE_OUTER_BOUND ( 'NONE', #6037, .T. ) ;
#2423 = FACE_OUTER_BOUND ( 'NONE', #5935, .T. ) ;
#2424 = FACE_OUTER_BOUND ( 'NONE', #5786, .T. ) ;
#2425 = FACE_OUTER_BOUND ( 'NONE', #5569, .T. ) ;
#2426 = FACE_OUTER_BOUND ( 'NONE', #5744, .T. ) ;
#2427 = FACE_OUTER_BOUND ( 'NONE', #5897, .T. ) ;
#2428 = FACE_OUTER_BOUND ( 'NONE', #6137, .T. ) ;
#2429 = CYLINDRICAL_SURFACE ( 'NONE', #7574, 0.2250000000000003700 ) ;
#2430 = FACE_BOUND ( 'NONE', #5950, .T. ) ;
#2431 = FACE_BOUND ( 'NONE', #5962, .T. ) ;
#2432 = FACE_OUTER_BOUND ( 'NONE', #5881, .T. ) ;
#2433 = FACE_OUTER_BOUND ( 'NONE', #6140, .T. ) ;
#2434 = FACE_OUTER_BOUND ( 'NONE', #6160, .T. ) ;
#2435 = FACE_OUTER_BOUND ( 'NONE', #5885, .T. ) ;
#2436 = FACE_OUTER_BOUND ( 'NONE', #5960, .T. ) ;
#2437 = FACE_OUTER_BOUND ( 'NONE', #5914, .T. ) ;
#2438 = FACE_BOUND ( 'NONE', #5924, .T. ) ;
#2439 = TOROIDAL_SURFACE ( 'NONE', #7585, 61.11549814728773800, 1.800000000000000000 ) ;
#2440 = FACE_OUTER_BOUND ( 'NONE', #5593, .T. ) ;
#2441 = FACE_BOUND ( 'NONE', #5839, .T. ) ;
#2442 = FACE_OUTER_BOUND ( 'NONE', #5616, .T. ) ;
#2443 =( BOUNDED_CURVE ( )  B_SPLINE_CURVE ( 2, ( #9462, #10419, #9503, #9466, #9498, #9676, #9724, #9489, #9460 ),
 .UNSPECIFIED., .F., .F. ) 
 B_SPLINE_CURVE_WITH_KNOTS ( ( 3, 2, 2, 2, 3 ),
 ( 0.3611111111111111000, 0.3703703703703703500, 0.3888888888888888400, 0.4074074074074073800, 0.4166666666666666300 ),
 .UNSPECIFIED. ) 
 CURVE ( )  GEOMETRIC_REPRESENTATION_ITEM ( )  RATIONAL_B_SPLINE_CURVE ( ( 0.9330127018922194100, 0.9330127018922194100, 1.000000000000000000, 0.8660254037844387100, 1.000000000000000000, 0.8660254037844387100, 1.000000000000000000, 0.9330127018922196300, 0.9330127018922194100 ) ) 
 REPRESENTATION_ITEM ( '' )  );
#2444 = FACE_OUTER_BOUND ( 'NONE', #5638, .T. ) ;
#2445 =( BOUNDED_CURVE ( )  B_SPLINE_CURVE ( 3, ( #9634, #9650, #9931, #9930 ),
 .UNSPECIFIED., .F., .F. ) 
 B_SPLINE_CURVE_WITH_KNOTS ( ( 4, 4 ),
 ( 2.945748526652419000, 3.141592653589793100 ),
 .UNSPECIFIED. ) 
 CURVE ( )  GEOMETRIC_REPRESENTATION_ITEM ( )  RATIONAL_B_SPLINE_CURVE ( ( 1.000000000000000000, 0.9968063096723014400, 0.9968063096723014400, 1.000000000000000000 ) ) 
 REPRESENTATION_ITEM ( '' )  );
#2446 = FACE_OUTER_BOUND ( 'NONE', #5617, .T. ) ;
#2447 = FACE_OUTER_BOUND ( 'NONE', #5816, .T. ) ;
#2448 = CYLINDRICAL_SURFACE ( 'NONE', #7587, 0.2250000000000003700 ) ;
#2449 =( BOUNDED_CURVE ( )  B_SPLINE_CURVE ( 2, ( #9490, #9478, #10397, #10154, #9480, #9495, #9500, #9468, #9484 ),
 .UNSPECIFIED., .F., .F. ) 
 B_SPLINE_CURVE_WITH_KNOTS ( ( 3, 2, 2, 2, 3 ),
 ( 0.4722222222222223200, 0.4814814814814815100, 0.5000000000000000000, 0.5185185185185186000, 0.5277777777777779000 ),
 .UNSPECIFIED. ) 
 CURVE ( )  GEOMETRIC_REPRESENTATION_ITEM ( )  RATIONAL_B_SPLINE_CURVE ( ( 0.9330127018922193000, 0.9330127018922196300, 1.000000000000000000, 0.8660254037844386000, 1.000000000000000000, 0.8660254037844386000, 1.000000000000000000, 0.9330127018922189700, 0.9330127018922193000 ) ) 
 REPRESENTATION_ITEM ( '' )  );
#2450 = FACE_OUTER_BOUND ( 'NONE', #6011, .T. ) ;
#2451 = FACE_OUTER_BOUND ( 'NONE', #5877, .T. ) ;
#2452 =( BOUNDED_CURVE ( )  B_SPLINE_CURVE ( 2, ( #9921, #9679, #10045, #9923, #9916, #9919, #10038, #9920, #9915 ),
 .UNSPECIFIED., .F., .F. ) 
 B_SPLINE_CURVE_WITH_KNOTS ( ( 3, 2, 2, 2, 3 ),
 ( 0.2499999999999999700, 0.2592592592592592400, 0.2777777777777777900, 0.2962962962962962800, 0.3055555555555555200 ),
 .UNSPECIFIED. ) 
 CURVE ( )  GEOMETRIC_REPRESENTATION_ITEM ( )  RATIONAL_B_SPLINE_CURVE ( ( 0.9330127018922193000, 0.9330127018922191900, 1.000000000000000000, 0.8660254037844387100, 1.000000000000000000, 0.8660254037844387100, 1.000000000000000000, 0.9330127018922194100, 0.9330127018922194100 ) ) 
 REPRESENTATION_ITEM ( '' )  );
#2453 = FACE_OUTER_BOUND ( 'NONE', #6030, .T. ) ;
#2454 = CYLINDRICAL_SURFACE ( 'NONE', #7588, 0.2250000000000003700 ) ;
#2455 = FACE_OUTER_BOUND ( 'NONE', #5543, .T. ) ;
#2456 = CYLINDRICAL_SURFACE ( 'NONE', #7589, 0.2500000000000002200 ) ;
#2457 = FACE_OUTER_BOUND ( 'NONE', #6148, .T. ) ;
#2458 =( BOUNDED_CURVE ( )  B_SPLINE_CURVE ( 2, ( #10044, #9486, #9476, #10046, #10047, #10048, #10049, #10050, #10051 ),
 .UNSPECIFIED., .F., .F. ) 
 B_SPLINE_CURVE_WITH_KNOTS ( ( 3, 2, 2, 2, 3 ),
 ( 0.5833333333333333700, 0.5925925925925925600, 0.6111111111111111600, 0.6296296296296296500, 0.6388888888888888400 ),
 .UNSPECIFIED. ) 
 CURVE ( )  GEOMETRIC_REPRESENTATION_ITEM ( )  RATIONAL_B_SPLINE_CURVE ( ( 0.9330127018922193000, 0.9330127018922196300, 1.000000000000000000, 0.8660254037844386000, 1.000000000000000000, 0.8660254037844386000, 1.000000000000000000, 0.9330127018922196300, 0.9330127018922193000 ) ) 
 REPRESENTATION_ITEM ( '' )  );
#2459 = FACE_OUTER_BOUND ( 'NONE', #6128, .T. ) ;
#2460 = FACE_OUTER_BOUND ( 'NONE', #5913, .T. ) ;
#2461 = CYLINDRICAL_SURFACE ( 'NONE', #7592, 10.73150000000000200 ) ;
#2462 = FACE_OUTER_BOUND ( 'NONE', #5979, .T. ) ;
#2463 = FACE_BOUND ( 'NONE', #5864, .T. ) ;
#2464 = FACE_OUTER_BOUND ( 'NONE', #5911, .T. ) ;
#2465 =( BOUNDED_CURVE ( )  B_SPLINE_CURVE ( 2, ( #9901, #9913, #9912, #9898, #9897, #9899, #9896, #10039, #9895 ),
 .UNSPECIFIED., .F., .T. ) 
 B_SPLINE_CURVE_WITH_KNOTS ( ( 3, 2, 2, 2, 3 ),
 ( 0.1388888888888888700, 0.1481481481481481400, 0.1666666666666666600, 0.1851851851851851700, 0.1944444444444444200 ),
 .UNSPECIFIED. ) 
 CURVE ( )  GEOMETRIC_REPRESENTATION_ITEM ( )  RATIONAL_B_SPLINE_CURVE ( ( 0.9330127018922193000, 0.9330127018922191900, 1.000000000000000000, 0.8660254037844387100, 1.000000000000000000, 0.8660254037844387100, 1.000000000000000000, 0.9330127018922194100, 0.9330127018922193000 ) ) 
 REPRESENTATION_ITEM ( '' )  );
#2466 = CYLINDRICAL_SURFACE ( 'NONE', #7595, 0.6249999999999987800 ) ;
#2467 = FACE_OUTER_BOUND ( 'NONE', #6164, .T. ) ;
#2468 = FACE_OUTER_BOUND ( 'NONE', #5976, .T. ) ;
#2469 = FACE_OUTER_BOUND ( 'NONE', #5854, .T. ) ;
#2470 = CYLINDRICAL_SURFACE ( 'NONE', #7597, 4.889500000000000800 ) ;
#2471 = FACE_OUTER_BOUND ( 'NONE', #6134, .T. ) ;
#2472 = CYLINDRICAL_SURFACE ( 'NONE', #7598, 1.999999999999999800 ) ;
#2473 = FACE_OUTER_BOUND ( 'NONE', #5836, .T. ) ;
#2474 =( BOUNDED_CURVE ( )  B_SPLINE_CURVE ( 2, ( #9910, #9922, #9918, #9908, #9907, #9909, #9905, #9904, #9906 ),
 .UNSPECIFIED., .F., .F. ) 
 B_SPLINE_CURVE_WITH_KNOTS ( ( 3, 2, 2, 2, 3 ),
 ( 0.6944444444444444200, 0.7037037037037037200, 0.7222222222222222100, 0.7407407407407407000, 0.7500000000000000000 ),
 .UNSPECIFIED. ) 
 CURVE ( )  GEOMETRIC_REPRESENTATION_ITEM ( )  RATIONAL_B_SPLINE_CURVE ( ( 0.9330127018922193000, 0.9330127018922189700, 1.000000000000000000, 0.8660254037844386000, 1.000000000000000000, 0.8660254037844386000, 1.000000000000000000, 0.9330127018922193000, 0.9330127018922193000 ) ) 
 REPRESENTATION_ITEM ( '' )  );
#2475 = FACE_OUTER_BOUND ( 'NONE', #5880, .T. ) ;
#2476 = FACE_OUTER_BOUND ( 'NONE', #5656, .T. ) ;
#2477 = FACE_BOUND ( 'NONE', #5890, .T. ) ;
#2478 = CYLINDRICAL_SURFACE ( 'NONE', #7603, 1.727199999999998500 ) ;
#2479 = FACE_OUTER_BOUND ( 'NONE', #5588, .T. ) ;
#2480 = FACE_OUTER_BOUND ( 'NONE', #5821, .T. ) ;
#2481 = FACE_OUTER_BOUND ( 'NONE', #5634, .T. ) ;
#2482 = CONICAL_SURFACE ( 'NONE', #7602, 1.727199999999998500, 1.029744258676653900 ) ;
#2483 = FACE_OUTER_BOUND ( 'NONE', #6074, .T. ) ;
#2484 = FACE_OUTER_BOUND ( 'NONE', #5957, .T. ) ;
#2485 = FACE_OUTER_BOUND ( 'NONE', #5630, .T. ) ;
#2486 = CYLINDRICAL_SURFACE ( 'NONE', #7612, 10.73150000000000200 ) ;
#2487 = CYLINDRICAL_SURFACE ( 'NONE', #7609, 4.889500000000000800 ) ;
#2488 = FACE_OUTER_BOUND ( 'NONE', #5646, .T. ) ;
#2489 = FACE_OUTER_BOUND ( 'NONE', #5644, .T. ) ;
#2490 = FACE_OUTER_BOUND ( 'NONE', #6077, .T. ) ;
#2491 = CONICAL_SURFACE ( 'NONE', #7607, 1.649999999999998800, 1.029744258676653400 ) ;
#2492 = CYLINDRICAL_SURFACE ( 'NONE', #7613, 0.7999999999999994900 ) ;
#2493 = CYLINDRICAL_SURFACE ( 'NONE', #7616, 1.649999999999998800 ) ;
#2494 = SHAPE_REPRESENTATION_RELATIONSHIP ( 'NONE' , 'NONE' ,  #3658, #9158 ) ;
#2495 =( BOUNDED_CURVE ( )  B_SPLINE_CURVE ( 3, ( #6762, #6759, #6708, #6763 ),
 .UNSPECIFIED., .F., .T. ) 
 B_SPLINE_CURVE_WITH_KNOTS ( ( 4, 4 ),
 ( 3.141592653589793100, 6.087341180242212600 ),
 .UNSPECIFIED. ) 
 CURVE ( )  GEOMETRIC_REPRESENTATION_ITEM ( )  RATIONAL_B_SPLINE_CURVE ( ( 1.000000000000000000, 0.3985104313997208700, 0.3985104313997208700, 1.000000000000000000 ) ) 
 REPRESENTATION_ITEM ( '' )  );
#2496 = SHAPE_REPRESENTATION_RELATIONSHIP ( 'NONE' , 'NONE' ,  #3659, #9156 ) ;
#2497 =( BOUNDED_CURVE ( )  B_SPLINE_CURVE ( 2, ( #6634, #6635, #6640, #6641, #6642, #6643, #6644, #6645, #6646 ),
 .UNSPECIFIED., .F., .T. ) 
 B_SPLINE_CURVE_WITH_KNOTS ( ( 3, 2, 2, 2, 3 ),
 ( 0.1944444444444445300, 0.2037037037037037200, 0.2222222222222223200, 0.2407407407407408100, 0.2500000000000001100 ),
 .UNSPECIFIED. ) 
 CURVE ( )  GEOMETRIC_REPRESENTATION_ITEM ( )  RATIONAL_B_SPLINE_CURVE ( ( 0.9330127018922193000, 0.9330127018922196300, 1.000000000000000000, 0.8660254037844386000, 1.000000000000000000, 0.8660254037844386000, 1.000000000000000000, 0.9330127018922189700, 0.9330127018922193000 ) ) 
 REPRESENTATION_ITEM ( '' )  );
#2498 = AXIS2_PLACEMENT_3D ( 'NONE', #4448, #4449, #4450 ) ;
#2499 = AXIS2_PLACEMENT_3D ( 'NONE', #4451, #4452, #4453 ) ;
#2500 = AXIS2_PLACEMENT_3D ( 'NONE', #4454, #4455, #4456 ) ;
#2501 = AXIS2_PLACEMENT_3D ( 'NONE', #4457, #4458, #4459 ) ;
#2502 = AXIS2_PLACEMENT_3D ( 'NONE', #4461, #4462, #4463 ) ;
#2503 = AXIS2_PLACEMENT_3D ( 'NONE', #4465, #4466, #4467 ) ;
#2504 = AXIS2_PLACEMENT_3D ( 'NONE', #4470, #4471, #4472 ) ;
#2505 = AXIS2_PLACEMENT_3D ( 'NONE', #4474, #4475, #4476 ) ;
#2506 = AXIS2_PLACEMENT_3D ( 'NONE', #4480, #4481, #4482 ) ;
#2507 = AXIS2_PLACEMENT_3D ( 'NONE', #4484, #4485, #4486 ) ;
#2508 = AXIS2_PLACEMENT_3D ( 'NONE', #4503, #4504, #4505 ) ;
#2509 = AXIS2_PLACEMENT_3D ( 'NONE', #4507, #4508, #4509 ) ;
#2510 = AXIS2_PLACEMENT_3D ( 'NONE', #4512, #4513, #4514 ) ;
#2511 = AXIS2_PLACEMENT_3D ( 'NONE', #4518, #4519, #4520 ) ;
#2512 = AXIS2_PLACEMENT_3D ( 'NONE', #4528, #4529, #4530 ) ;
#2513 = AXIS2_PLACEMENT_3D ( 'NONE', #4531, #4532, #4533 ) ;
#2514 = AXIS2_PLACEMENT_3D ( 'NONE', #4536, #4537, #4538 ) ;
#2515 = AXIS2_PLACEMENT_3D ( 'NONE', #4540, #4541, #4542 ) ;
#2516 = AXIS2_PLACEMENT_3D ( 'NONE', #4544, #4545, #4546 ) ;
#2517 = AXIS2_PLACEMENT_3D ( 'NONE', #4548, #4549, #4550 ) ;
#2518 = AXIS2_PLACEMENT_3D ( 'NONE', #4553, #4554, #4555 ) ;
#2519 = AXIS2_PLACEMENT_3D ( 'NONE', #4559, #4560, #4561 ) ;
#2520 = AXIS2_PLACEMENT_3D ( 'NONE', #4575, #4576, #4577 ) ;
#2521 = AXIS2_PLACEMENT_3D ( 'NONE', #4590, #4591, #4592 ) ;
#2522 = AXIS2_PLACEMENT_3D ( 'NONE', #4596, #4597, #4598 ) ;
#2523 = AXIS2_PLACEMENT_3D ( 'NONE', #4601, #4602, #4603 ) ;
#2524 = AXIS2_PLACEMENT_3D ( 'NONE', #4606, #4607, #4608 ) ;
#2525 = AXIS2_PLACEMENT_3D ( 'NONE', #4640, #4641, #4642 ) ;
#2526 = AXIS2_PLACEMENT_3D ( 'NONE', #4688, #4689, #4690 ) ;
#2527 = AXIS2_PLACEMENT_3D ( 'NONE', #4699, #4700, #4701 ) ;
#2528 = AXIS2_PLACEMENT_3D ( 'NONE', #4719, #4720, #4721 ) ;
#2529 = AXIS2_PLACEMENT_3D ( 'NONE', #4729, #4730, #4731 ) ;
#2530 = AXIS2_PLACEMENT_3D ( 'NONE', #4733, #4734, #4735 ) ;
#2531 = AXIS2_PLACEMENT_3D ( 'NONE', #4742, #4743, #4744 ) ;
#2532 = AXIS2_PLACEMENT_3D ( 'NONE', #4745, #4746, #4747 ) ;
#2533 = AXIS2_PLACEMENT_3D ( 'NONE', #4750, #4751, #4752 ) ;
#2534 = AXIS2_PLACEMENT_3D ( 'NONE', #4754, #4755, #4756 ) ;
#2535 = AXIS2_PLACEMENT_3D ( 'NONE', #4765, #4766, #4767 ) ;
#2536 = AXIS2_PLACEMENT_3D ( 'NONE', #4770, #4771, #4772 ) ;
#2537 = AXIS2_PLACEMENT_3D ( 'NONE', #4776, #4777, #4778 ) ;
#2538 = AXIS2_PLACEMENT_3D ( 'NONE', #4781, #4782, #4783 ) ;
#2539 = AXIS2_PLACEMENT_3D ( 'NONE', #4792, #4793, #4794 ) ;
#2540 = AXIS2_PLACEMENT_3D ( 'NONE', #4799, #4800, #4801 ) ;
#2541 = AXIS2_PLACEMENT_3D ( 'NONE', #4803, #4804, #4805 ) ;
#2542 = AXIS2_PLACEMENT_3D ( 'NONE', #4809, #4810, #4811 ) ;
#2543 = AXIS2_PLACEMENT_3D ( 'NONE', #4958, #4959, #4960 ) ;
#2544 = AXIS2_PLACEMENT_3D ( 'NONE', #4963, #4964, #4965 ) ;
#2545 = AXIS2_PLACEMENT_3D ( 'NONE', #4970, #4971, #4972 ) ;
#2546 = AXIS2_PLACEMENT_3D ( 'NONE', #4976, #4977, #4978 ) ;
#2547 = AXIS2_PLACEMENT_3D ( 'NONE', #4979, #4980, #4981 ) ;
#2548 = AXIS2_PLACEMENT_3D ( 'NONE', #4982, #4983, #4984 ) ;
#2549 = AXIS2_PLACEMENT_3D ( 'NONE', #4987, #4988, #4989 ) ;
#2550 = AXIS2_PLACEMENT_3D ( 'NONE', #4991, #4992, #4993 ) ;
#2551 = AXIS2_PLACEMENT_3D ( 'NONE', #4999, #5000, #5001 ) ;
#2552 = AXIS2_PLACEMENT_3D ( 'NONE', #5004, #5005, #5006 ) ;
#2553 = AXIS2_PLACEMENT_3D ( 'NONE', #5007, #5008, #5009 ) ;
#2554 = AXIS2_PLACEMENT_3D ( 'NONE', #5010, #5011, #5012 ) ;
#2555 = AXIS2_PLACEMENT_3D ( 'NONE', #5014, #5015, #5016 ) ;
#2556 = AXIS2_PLACEMENT_3D ( 'NONE', #5019, #5020, #5021 ) ;
#2557 = AXIS2_PLACEMENT_3D ( 'NONE', #5049, #5050, #5051 ) ;
#2558 = AXIS2_PLACEMENT_3D ( 'NONE', #5054, #5055, #5056 ) ;
#2559 = AXIS2_PLACEMENT_3D ( 'NONE', #5057, #5058, #5059 ) ;
#2560 = AXIS2_PLACEMENT_3D ( 'NONE', #5066, #5067, #5068 ) ;
#2561 = AXIS2_PLACEMENT_3D ( 'NONE', #5071, #5072, #5073 ) ;
#2562 = AXIS2_PLACEMENT_3D ( 'NONE', #5075, #5076, #5077 ) ;
#2563 = AXIS2_PLACEMENT_3D ( 'NONE', #5080, #5081, #5082 ) ;
#2564 = AXIS2_PLACEMENT_3D ( 'NONE', #5085, #5086, #5087 ) ;
#2565 = AXIS2_PLACEMENT_3D ( 'NONE', #5141, #5142, #5143 ) ;
#2566 = AXIS2_PLACEMENT_3D ( 'NONE', #5149, #5150, #5151 ) ;
#2567 = AXIS2_PLACEMENT_3D ( 'NONE', #7943, #7944, #7945 ) ;
#2568 = AXIS2_PLACEMENT_3D ( 'NONE', #7952, #7953, #7954 ) ;
#2569 = AXIS2_PLACEMENT_3D ( 'NONE', #7957, #7958, #7959 ) ;
#2570 = AXIS2_PLACEMENT_3D ( 'NONE', #7951, #7960, #7961 ) ;
#2571 = AXIS2_PLACEMENT_3D ( 'NONE', #7963, #7962, #7956 ) ;
#2572 = AXIS2_PLACEMENT_3D ( 'NONE', #7950, #7967, #7968 ) ;
#2573 = AXIS2_PLACEMENT_3D ( 'NONE', #7970, #7969, #7965 ) ;
#2574 = AXIS2_PLACEMENT_3D ( 'NONE', #7966, #7974, #7975 ) ;
#2575 = AXIS2_PLACEMENT_3D ( 'NONE', #7972, #7978, #7979 ) ;
#2576 = AXIS2_PLACEMENT_3D ( 'NONE', #7981, #7980, #7977 ) ;
#2577 = AXIS2_PLACEMENT_3D ( 'NONE', #7984, #7982, #7976 ) ;
#2578 = AXIS2_PLACEMENT_3D ( 'NONE', #7987, #7985, #7983 ) ;
#2579 = AXIS2_PLACEMENT_3D ( 'NONE', #7990, #7988, #7986 ) ;
#2580 = AXIS2_PLACEMENT_3D ( 'NONE', #7993, #7991, #7989 ) ;
#2581 = AXIS2_PLACEMENT_3D ( 'NONE', #7996, #7994, #7992 ) ;
#2582 = AXIS2_PLACEMENT_3D ( 'NONE', #7999, #7997, #7995 ) ;
#2583 = AXIS2_PLACEMENT_3D ( 'NONE', #7998, #8003, #8004 ) ;
#2584 = AXIS2_PLACEMENT_3D ( 'NONE', #8226, #8224, #8222 ) ;
#2585 = AXIS2_PLACEMENT_3D ( 'NONE', #8001, #8007, #8008 ) ;
#2586 = AXIS2_PLACEMENT_3D ( 'NONE', #8010, #8009, #8002 ) ;
#2587 = AXIS2_PLACEMENT_3D ( 'NONE', #8013, #8011, #8006 ) ;
#2588 = AXIS2_PLACEMENT_3D ( 'NONE', #8016, #8014, #8012 ) ;
#2589 = AXIS2_PLACEMENT_3D ( 'NONE', #8020, #8017, #8015 ) ;
#2590 = AXIS2_PLACEMENT_3D ( 'NONE', #8220, #8024, #8023 ) ;
#2591 = AXIS2_PLACEMENT_3D ( 'NONE', #8223, #8221, #8219 ) ;
#2592 = AXIS2_PLACEMENT_3D ( 'NONE', #8225, #8230, #8231 ) ;
#2593 = AXIS2_PLACEMENT_3D ( 'NONE', #8229, #8234, #8235 ) ;
#2594 = AXIS2_PLACEMENT_3D ( 'NONE', #8237, #8236, #8227 ) ;
#2595 = AXIS2_PLACEMENT_3D ( 'NONE', #8233, #8241, #8242 ) ;
#2596 = AXIS2_PLACEMENT_3D ( 'NONE', #8301, #8296, #8304 ) ;
#2597 = AXIS2_PLACEMENT_3D ( 'NONE', #8239, #8245, #8246 ) ;
#2598 = AXIS2_PLACEMENT_3D ( 'NONE', #8288, #8286, #8291 ) ;
#2599 = AXIS2_PLACEMENT_3D ( 'NONE', #8284, #8248, #8244 ) ;
#2600 = AXIS2_PLACEMENT_3D ( 'NONE', #8287, #8285, #8283 ) ;
#2601 = AXIS2_PLACEMENT_3D ( 'NONE', #8293, #8290, #8289 ) ;
#2602 = AXIS2_PLACEMENT_3D ( 'NONE', #8292, #8297, #8298 ) ;
#2603 = AXIS2_PLACEMENT_3D ( 'NONE', #8313, #8312, #8309 ) ;
#2604 = AXIS2_PLACEMENT_3D ( 'NONE', #8300, #8299, #8295 ) ;
#2605 = AXIS2_PLACEMENT_3D ( 'NONE', #8306, #8303, #8302 ) ;
#2606 = AXIS2_PLACEMENT_3D ( 'NONE', #8305, #8310, #8311 ) ;
#2607 = AXIS2_PLACEMENT_3D ( 'NONE', #8317, #8315, #8320 ) ;
#2608 = AXIS2_PLACEMENT_3D ( 'NONE', #8316, #8314, #8307 ) ;
#2609 = AXIS2_PLACEMENT_3D ( 'NONE', #8322, #8319, #8318 ) ;
#2610 = AXIS2_PLACEMENT_3D ( 'NONE', #8321, #8326, #8327 ) ;
#2611 = AXIS2_PLACEMENT_3D ( 'NONE', #8329, #8328, #8324 ) ;
#2612 = AXIS2_PLACEMENT_3D ( 'NONE', #8332, #8330, #8325 ) ;
#2613 = AXIS2_PLACEMENT_3D ( 'NONE', #8331, #8336, #8337 ) ;
#2614 = AXIS2_PLACEMENT_3D ( 'NONE', #8334, #8340, #8341 ) ;
#2615 = AXIS2_PLACEMENT_3D ( 'NONE', #8343, #8342, #8335 ) ;
#2616 = AXIS2_PLACEMENT_3D ( 'NONE', #8346, #8344, #8339 ) ;
#2617 = AXIS2_PLACEMENT_3D ( 'NONE', #8345, #8350, #8351 ) ;
#2618 = AXIS2_PLACEMENT_3D ( 'NONE', #8349, #8354, #8355 ) ;
#2619 = AXIS2_PLACEMENT_3D ( 'NONE', #8362, #8356, #8365 ) ;
#2620 = AXIS2_PLACEMENT_3D ( 'NONE', #8347, #8358, #8359 ) ;
#2621 = AXIS2_PLACEMENT_3D ( 'NONE', #8367, #8364, #8363 ) ;
#2622 = AXIS2_PLACEMENT_3D ( 'NONE', #8361, #8360, #8357 ) ;
#2623 = AXIS2_PLACEMENT_3D ( 'NONE', #8366, #8371, #8372 ) ;
#2624 = AXIS2_PLACEMENT_3D ( 'NONE', #8374, #8373, #8369 ) ;
#2625 = AXIS2_PLACEMENT_3D ( 'NONE', #8377, #8375, #8370 ) ;
#2626 = AXIS2_PLACEMENT_3D ( 'NONE', #8380, #8378, #8376 ) ;
#2627 = AXIS2_PLACEMENT_3D ( 'NONE', #8383, #8381, #8379 ) ;
#2628 = AXIS2_PLACEMENT_3D ( 'NONE', #8386, #8384, #8382 ) ;
#2629 = AXIS2_PLACEMENT_3D ( 'NONE', #8385, #8390, #8391 ) ;
#2630 = AXIS2_PLACEMENT_3D ( 'NONE', #8393, #8392, #8389 ) ;
#2631 = AXIS2_PLACEMENT_3D ( 'NONE', #8396, #8394, #8387 ) ;
#2632 = AXIS2_PLACEMENT_3D ( 'NONE', #8399, #8397, #8395 ) ;
#2633 = AXIS2_PLACEMENT_3D ( 'NONE', #8398, #8403, #8404 ) ;
#2634 = AXIS2_PLACEMENT_3D ( 'NONE', #8410, #8409, #8402 ) ;
#2635 = AXIS2_PLACEMENT_3D ( 'NONE', #8401, #8407, #8408 ) ;
#2636 = AXIS2_PLACEMENT_3D ( 'NONE', #8419, #8417, #8415 ) ;
#2637 = AXIS2_PLACEMENT_3D ( 'NONE', #8413, #8411, #8406 ) ;
#2638 = AXIS2_PLACEMENT_3D ( 'NONE', #8416, #8414, #8412 ) ;
#2639 = AXIS2_PLACEMENT_3D ( 'NONE', #8425, #8423, #8421 ) ;
#2640 = AXIS2_PLACEMENT_3D ( 'NONE', #8422, #8420, #8418 ) ;
#2641 = AXIS2_PLACEMENT_3D ( 'NONE', #8438, #8436, #8434 ) ;
#2642 = AXIS2_PLACEMENT_3D ( 'NONE', #8424, #8429, #8430 ) ;
#2643 = AXIS2_PLACEMENT_3D ( 'NONE', #8432, #8431, #8427 ) ;
#2644 = AXIS2_PLACEMENT_3D ( 'NONE', #8435, #8433, #8428 ) ;
#2645 = AXIS2_PLACEMENT_3D ( 'NONE', #8441, #8439, #8437 ) ;
#2646 = AXIS2_PLACEMENT_3D ( 'NONE', #8444, #8442, #8440 ) ;
#2647 = AXIS2_PLACEMENT_3D ( 'NONE', #8447, #8445, #8443 ) ;
#2648 = AXIS2_PLACEMENT_3D ( 'NONE', #8450, #8448, #8446 ) ;
#2649 = AXIS2_PLACEMENT_3D ( 'NONE', #8453, #8451, #8449 ) ;
#2650 = AXIS2_PLACEMENT_3D ( 'NONE', #8456, #8452, #8458 ) ;
#2651 = AXIS2_PLACEMENT_3D ( 'NONE', #8470, #8468, #8466 ) ;
#2652 = AXIS2_PLACEMENT_3D ( 'NONE', #8455, #8461, #8462 ) ;
#2653 = AXIS2_PLACEMENT_3D ( 'NONE', #8464, #8463, #8457 ) ;
#2654 = AXIS2_PLACEMENT_3D ( 'NONE', #8467, #8465, #8460 ) ;
#2655 = AXIS2_PLACEMENT_3D ( 'NONE', #8473, #8471, #8469 ) ;
#2656 = AXIS2_PLACEMENT_3D ( 'NONE', #8472, #8477, #8478 ) ;
#2657 = AXIS2_PLACEMENT_3D ( 'NONE', #8476, #8481, #8482 ) ;
#2658 = AXIS2_PLACEMENT_3D ( 'NONE', #8480, #8485, #8486 ) ;
#2659 = AXIS2_PLACEMENT_3D ( 'NONE', #8479, #8489, #8490 ) ;
#2660 = AXIS2_PLACEMENT_3D ( 'NONE', #8484, #8493, #8494 ) ;
#2661 = AXIS2_PLACEMENT_3D ( 'NONE', #8488, #8497, #8498 ) ;
#2662 = AXIS2_PLACEMENT_3D ( 'NONE', #8500, #8499, #8492 ) ;
#2663 = AXIS2_PLACEMENT_3D ( 'NONE', #8503, #8501, #8496 ) ;
#2664 = AXIS2_PLACEMENT_3D ( 'NONE', #8506, #8504, #8502 ) ;
#2665 = AXIS2_PLACEMENT_3D ( 'NONE', #8505, #8510, #8511 ) ;
#2666 = AXIS2_PLACEMENT_3D ( 'NONE', #8513, #8512, #8508 ) ;
#2667 = AXIS2_PLACEMENT_3D ( 'NONE', #8509, #8517, #8518 ) ;
#2668 = AXIS2_PLACEMENT_3D ( 'NONE', #8520, #8519, #8515 ) ;
#2669 = AXIS2_PLACEMENT_3D ( 'NONE', #8516, #8524, #8525 ) ;
#2670 = AXIS2_PLACEMENT_3D ( 'NONE', #8527, #8526, #8522 ) ;
#2671 = AXIS2_PLACEMENT_3D ( 'NONE', #8747, #8967, #8968 ) ;
#2672 = AXIS2_PLACEMENT_3D ( 'NONE', #8965, #8971, #8972 ) ;
#2673 = AXIS2_PLACEMENT_3D ( 'NONE', #8974, #8973, #8966 ) ;
#2674 = EDGE_CURVE ( 'NONE', #3671, #3810, #5930, .T. ) ;
#2675 = EDGE_CURVE ( 'NONE', #3842, #3956, #5799, .T. ) ;
#2676 = EDGE_CURVE ( 'NONE', #3749, #3671, #5719, .T. ) ;
#2677 = EDGE_CURVE ( 'NONE', #3921, #3904, #5819, .T. ) ;
#2678 = EDGE_CURVE ( 'NONE', #5640, #3727, #5826, .T. ) ;
#2679 = EDGE_CURVE ( 'NONE', #3956, #3929, #5827, .T. ) ;
#2680 = EDGE_CURVE ( 'NONE', #3960, #3714, #5838, .T. ) ;
#2681 = EDGE_CURVE ( 'NONE', #3767, #3842, #5847, .T. ) ;
#2682 = EDGE_CURVE ( 'NONE', #3738, #3988, #5851, .T. ) ;
#2683 = EDGE_CURVE ( 'NONE', #3929, #3767, #5855, .T. ) ;
#2684 = EDGE_CURVE ( 'NONE', #6364, #3176, #5664, .T. ) ;
#2685 = EDGE_CURVE ( 'NONE', #3904, #3709, #6078, .T. ) ;
#2686 = EDGE_CURVE ( 'NONE', #3705, #3176, #5782, .T. ) ;
#2687 = EDGE_CURVE ( 'NONE', #3820, #3709, #5619, .T. ) ;
#2688 = EDGE_CURVE ( 'NONE', #3176, #3945, #5846, .T. ) ;
#2689 = EDGE_CURVE ( 'NONE', #3762, #3820, #5842, .T. ) ;
#2690 = EDGE_CURVE ( 'NONE', #3918, #3945, #5610, .T. ) ;
#2691 = EDGE_CURVE ( 'NONE', #3875, #3835, #5605, .T. ) ;
#2692 = EDGE_CURVE ( 'NONE', #3170, #3945, #6139, .T. ) ;
#2693 = EDGE_CURVE ( 'NONE', #3904, #3762, #6149, .T. ) ;
#2694 = EDGE_CURVE ( 'NONE', #3173, #6377, #2062, .T. ) ;
#2695 = EDGE_CURVE ( 'NONE', #3730, #3820, #6046, .T. ) ;
#2696 = EDGE_CURVE ( 'NONE', #3950, #3802, #5984, .T. ) ;
#2697 = EDGE_CURVE ( 'NONE', #3730, #3929, #5967, .T. ) ;
#2698 = EDGE_CURVE ( 'NONE', #3972, #3936, #6121, .T. ) ;
#2699 = EDGE_CURVE ( 'NONE', #3729, #3767, #5985, .T. ) ;
#2700 = EDGE_CURVE ( 'NONE', #3168, #6371, #5991, .T. ) ;
#2701 = EDGE_CURVE ( 'NONE', #3862, #3729, #5993, .T. ) ;
#2702 = EDGE_CURVE ( 'NONE', #6368, #3647, #5990, .T. ) ;
#2703 = EDGE_CURVE ( 'NONE', #3747, #3862, #5994, .T. ) ;
#2704 = EDGE_CURVE ( 'NONE', #3618, #3972, #2057, .T. ) ;
#2705 = EDGE_CURVE ( 'NONE', #3762, #3747, #5997, .T. ) ;
#2706 = EDGE_CURVE ( 'NONE', #6448, #3941, #2405, .T. ) ;
#2707 = EDGE_CURVE ( 'NONE', #3801, #3862, #6000, .T. ) ;
#2708 = EDGE_CURVE ( 'NONE', #6454, #6457, #6002, .T. ) ;
#2709 = EDGE_CURVE ( 'NONE', #3921, #3801, #5999, .T. ) ;
#2710 = EDGE_CURVE ( 'NONE', #3173, #3972, #2059, .T. ) ;
#2711 = EDGE_CURVE ( 'NONE', #3747, #3921, #6006, .T. ) ;
#2712 = EDGE_CURVE ( 'NONE', #6380, #3918, #6004, .T. ) ;
#2713 = EDGE_CURVE ( 'NONE', #3963, #3801, #6008, .T. ) ;
#2714 = EDGE_CURVE ( 'NONE', #3652, #3772, #6009, .T. ) ;
#2715 = EDGE_CURVE ( 'NONE', #3963, #3842, #6003, .T. ) ;
#2716 = EDGE_CURVE ( 'NONE', #3651, #3702, #5948, .T. ) ;
#2717 = EDGE_CURVE ( 'NONE', #3757, #3956, #5941, .T. ) ;
#2718 = EDGE_CURVE ( 'NONE', #6367, #6361, #6141, .T. ) ;
#2719 = EDGE_CURVE ( 'NONE', #3709, #3757, #5980, .T. ) ;
#2720 = EDGE_CURVE ( 'NONE', #3804, #6355, #6124, .T. ) ;
#2721 = EDGE_CURVE ( 'NONE', #3729, #3963, #6095, .T. ) ;
#2722 = EDGE_CURVE ( 'NONE', #6363, #3173, #2390, .T. ) ;
#2723 = EDGE_CURVE ( 'NONE', #3757, #3730, #5989, .T. ) ;
#2724 = EDGE_CURVE ( 'NONE', #3705, #3918, #6024, .T. ) ;
#2725 = EDGE_CURVE ( 'NONE', #3955, #3834, #6105, .T. ) ;
#2726 = EDGE_CURVE ( 'NONE', #3629, #3642, #5733, .T. ) ;
#2727 = EDGE_CURVE ( 'NONE', #3774, #3955, #5934, .T. ) ;
#2728 = EDGE_CURVE ( 'NONE', #3168, #6359, #6065, .T. ) ;
#2729 = EDGE_CURVE ( 'NONE', #3958, #3834, #6012, .T. ) ;
#2730 = EDGE_CURVE ( 'NONE', #3168, #3170, #5831, .T. ) ;
#2731 = EDGE_CURVE ( 'NONE', #3774, #3958, #5942, .T. ) ;
#2732 = EDGE_CURVE ( 'NONE', #3170, #6375, #6097, .T. ) ;
#2733 = EDGE_CURVE ( 'NONE', #3807, #3800, #6042, .T. ) ;
#2734 = EDGE_CURVE ( 'NONE', #6440, #6456, #6016, .T. ) ;
#2735 = EDGE_CURVE ( 'NONE', #3807, #3901, #6147, .T. ) ;
#2736 = EDGE_CURVE ( 'NONE', #6362, #3705, #6082, .T. ) ;
#2737 = EDGE_CURVE ( 'NONE', #6376, #6366, #6133, .T. ) ;
#2738 = EDGE_CURVE ( 'NONE', #3732, #3875, #5823, .T. ) ;
#2739 = EDGE_CURVE ( 'NONE', #6486, #6470, #6116, .T. ) ;
#2740 = EDGE_CURVE ( 'NONE', #3676, #3835, #6043, .T. ) ;
#2741 = EDGE_CURVE ( 'NONE', #6446, #6454, #6098, .T. ) ;
#2742 = EDGE_CURVE ( 'NONE', #3652, #6454, #6127, .T. ) ;
#2743 = EDGE_CURVE ( 'NONE', #3892, #3984, #5946, .T. ) ;
#2744 = EDGE_CURVE ( 'NONE', #3652, #6465, #6069, .T. ) ;
#2745 = EDGE_CURVE ( 'NONE', #3758, #3791, #6062, .T. ) ;
#2746 = EDGE_CURVE ( 'NONE', #6475, #6437, #2393, .T. ) ;
#2747 = EDGE_CURVE ( 'NONE', #3892, #3793, #6112, .T. ) ;
#2748 = EDGE_CURVE ( 'NONE', #3620, #6358, #2330, .T. ) ;
#2749 = EDGE_CURVE ( 'NONE', #3949, #3769, #6067, .T. ) ;
#2750 = EDGE_CURVE ( 'NONE', #3628, #3638, #6017, .T. ) ;
#2751 = EDGE_CURVE ( 'NONE', #3856, #3795, #5835, .T. ) ;
#2752 = EDGE_CURVE ( 'NONE', #6450, #3630, #2324, .T. ) ;
#2753 = EDGE_CURVE ( 'NONE', #3668, #3742, #6088, .T. ) ;
#2754 = EDGE_CURVE ( 'NONE', #3622, #6369, #6110, .T. ) ;
#2755 = EDGE_CURVE ( 'NONE', #3868, #3907, #5944, .T. ) ;
#2756 = EDGE_CURVE ( 'NONE', #3622, #3628, #5682, .T. ) ;
#2757 = EDGE_CURVE ( 'NONE', #3984, #3700, #2445, .T. ) ;
#2758 = EDGE_CURVE ( 'NONE', #3638, #3628, #5958, .T. ) ;
#2759 = EDGE_CURVE ( 'NONE', #3809, #3927, #5673, .T. ) ;
#2760 = EDGE_CURVE ( 'NONE', #6369, #3638, #5972, .T. ) ;
#2761 = EDGE_CURVE ( 'NONE', #3991, #3737, #6057, .T. ) ;
#2762 = EDGE_CURVE ( 'NONE', #6369, #3622, #5937, .T. ) ;
#2763 = EDGE_CURVE ( 'NONE', #3809, #3987, #5969, .T. ) ;
#2764 = EDGE_CURVE ( 'NONE', #6445, #6379, #2204, .T. ) ;
#2765 = EDGE_CURVE ( 'NONE', #5894, #3742, #5796, .T. ) ;
#2766 = EDGE_CURVE ( 'NONE', #6464, #6453, #2449, .T. ) ;
#2767 = EDGE_CURVE ( 'NONE', #3668, #3769, #5978, .T. ) ;
#2768 = EDGE_CURVE ( 'NONE', #6471, #6468, #2443, .T. ) ;
#2769 = EDGE_CURVE ( 'NONE', #3732, #3759, #6113, .T. ) ;
#2770 = EDGE_CURVE ( 'NONE', #6461, #6472, #2458, .T. ) ;
#2771 = EDGE_CURVE ( 'NONE', #3670, #3875, #5788, .T. ) ;
#2772 = EDGE_CURVE ( 'NONE', #3645, #6451, #2452, .T. ) ;
#2773 = EDGE_CURVE ( 'NONE', #3737, #3736, #5817, .T. ) ;
#2774 = EDGE_CURVE ( 'NONE', #6447, #6459, #2474, .T. ) ;
#2775 = EDGE_CURVE ( 'NONE', #3949, #3741, #9439, .T. ) ;
#2776 = EDGE_CURVE ( 'NONE', #3623, #6469, #2465, .T. ) ;
#2777 = EDGE_CURVE ( 'NONE', #3868, #3789, #6086, .T. ) ;
#2778 = EDGE_CURVE ( 'NONE', #6467, #6462, #2319, .T. ) ;
#2779 = EDGE_CURVE ( 'NONE', #3968, #3789, #9437, .T. ) ;
#2780 = EDGE_CURVE ( 'NONE', #6437, #6360, #2382, .T. ) ;
#2781 = EDGE_CURVE ( 'NONE', #3907, #3968, #9447, .T. ) ;
#2782 = EDGE_CURVE ( 'NONE', #6437, #3620, #9428, .T. ) ;
#2783 = EDGE_CURVE ( 'NONE', #3923, #3728, #9421, .T. ) ;
#2784 = EDGE_CURVE ( 'NONE', #3626, #3620, #2339, .T. ) ;
#2785 = EDGE_CURVE ( 'NONE', #3751, #3728, #9442, .T. ) ;
#2786 = EDGE_CURVE ( 'NONE', #6357, #3646, #2293, .T. ) ;
#2787 = EDGE_CURVE ( 'NONE', #3872, #3707, #9444, .T. ) ;
#2788 = EDGE_CURVE ( 'NONE', #6444, #3633, #2344, .T. ) ;
#2789 = EDGE_CURVE ( 'NONE', #3775, #3923, #9440, .T. ) ;
#2790 = EDGE_CURVE ( 'NONE', #6466, #3636, #2342, .T. ) ;
#2791 = EDGE_CURVE ( 'NONE', #3775, #3913, #9445, .T. ) ;
#2792 = EDGE_CURVE ( 'NONE', #6445, #3630, #9438, .T. ) ;
#2793 = EDGE_CURVE ( 'NONE', #3910, #3975, #9429, .T. ) ;
#2794 = EDGE_CURVE ( 'NONE', #6472, #3645, #9450, .T. ) ;
#2795 = EDGE_CURVE ( 'NONE', #3665, #3707, #9423, .T. ) ;
#2796 = EDGE_CURVE ( 'NONE', #6469, #3645, #2352, .T. ) ;
#2797 = EDGE_CURVE ( 'NONE', #3665, #3913, #9431, .T. ) ;
#2798 = EDGE_CURVE ( 'NONE', #6447, #6469, #9449, .T. ) ;
#2799 = EDGE_CURVE ( 'NONE', #3910, #5894, #9425, .T. ) ;
#2800 = EDGE_CURVE ( 'NONE', #6459, #6445, #2347, .T. ) ;
#2801 = EDGE_CURVE ( 'NONE', #3806, #6092, #6346, .T. ) ;
#2802 = EDGE_CURVE ( 'NONE', #6459, #3623, #6349, .T. ) ;
#2803 = EDGE_CURVE ( 'NONE', #3974, #6092, #6347, .T. ) ;
#2804 = EDGE_CURVE ( 'NONE', #3630, #3623, #2038, .T. ) ;
#2805 = EDGE_CURVE ( 'NONE', #3974, #5894, #9420, .T. ) ;
#2806 = EDGE_CURVE ( 'NONE', #6472, #6447, #2307, .T. ) ;
#2807 = EDGE_CURVE ( 'NONE', #3681, #5859, #1213, .T. ) ;
#2808 = EDGE_CURVE ( 'NONE', #3754, #3753, #9435, .T. ) ;
#2809 = EDGE_CURVE ( 'NONE', #3975, #5859, #1219, .T. ) ;
#2810 = EDGE_CURVE ( 'NONE', #6453, #6471, #6348, .T. ) ;
#2811 = EDGE_CURVE ( 'NONE', #3907, #3676, #1212, .T. ) ;
#2812 = EDGE_CURVE ( 'NONE', #6451, #6471, #2141, .T. ) ;
#2813 = EDGE_CURVE ( 'NONE', #3835, #3968, #9419, .T. ) ;
#2814 = EDGE_CURVE ( 'NONE', #3912, #3854, #3664, .T. ) ;
#2815 = EDGE_CURVE ( 'NONE', #3973, #3978, #5832, .T. ) ;
#2816 = EDGE_CURVE ( 'NONE', #3727, #5908, #1328, .T. ) ;
#2817 = EDGE_CURVE ( 'NONE', #3978, #3707, #1331, .T. ) ;
#2818 = EDGE_CURVE ( 'NONE', #6461, #6451, #1330, .T. ) ;
#2819 = EDGE_CURVE ( 'NONE', #3665, #3973, #1336, .T. ) ;
#2820 = EDGE_CURVE ( 'NONE', #3874, #3753, #1335, .T. ) ;
#2821 = EDGE_CURVE ( 'NONE', #3799, #3761, #1333, .T. ) ;
#2822 = EDGE_CURVE ( 'NONE', #6466, #6462, #1338, .T. ) ;
#2823 = EDGE_CURVE ( 'NONE', #3911, #3708, #1340, .T. ) ;
#2824 = EDGE_CURVE ( 'NONE', #3636, #6464, #2412, .T. ) ;
#2825 = EDGE_CURVE ( 'NONE', #3787, #3708, #2160, .T. ) ;
#2826 = EDGE_CURVE ( 'NONE', #3636, #6467, #1342, .T. ) ;
#2827 = EDGE_CURVE ( 'NONE', #3911, #3787, #2179, .T. ) ;
#2828 = EDGE_CURVE ( 'NONE', #6468, #6467, #1998, .T. ) ;
#2829 = EDGE_CURVE ( 'NONE', #3911, #3731, #1953, .T. ) ;
#2830 = EDGE_CURVE ( 'NONE', #6464, #6468, #1344, .T. ) ;
#2831 = EDGE_CURVE ( 'NONE', #3876, #3672, #2111, .T. ) ;
#2832 = EDGE_CURVE ( 'NONE', #6453, #6461, #2108, .T. ) ;
#2833 = EDGE_CURVE ( 'NONE', #3797, #3825, #1346, .T. ) ;
#2834 = EDGE_CURVE ( 'NONE', #6462, #6444, #2128, .T. ) ;
#2835 = EDGE_CURVE ( 'NONE', #3708, #3937, #2113, .T. ) ;
#2836 = EDGE_CURVE ( 'NONE', #6450, #6379, #1348, .T. ) ;
#2837 = EDGE_CURVE ( 'NONE', #3684, #3865, #1350, .T. ) ;
#2838 = EDGE_CURVE ( 'NONE', #6379, #6460, #2135, .T. ) ;
#2839 = EDGE_CURVE ( 'NONE', #3899, #3684, #1351, .T. ) ;
#2840 = EDGE_CURVE ( 'NONE', #3633, #3626, #2133, .T. ) ;
#2841 = EDGE_CURVE ( 'NONE', #3798, #3899, #1353, .T. ) ;
#2842 = EDGE_CURVE ( 'NONE', #6357, #3633, #1349, .T. ) ;
#2843 = EDGE_CURVE ( 'NONE', #3833, #3798, #1354, .T. ) ;
#2844 = EDGE_CURVE ( 'NONE', #3646, #6466, #2146, .T. ) ;
#2845 = EDGE_CURVE ( 'NONE', #3746, #3833, #1358, .T. ) ;
#2846 = EDGE_CURVE ( 'NONE', #3646, #6444, #1357, .T. ) ;
#2847 = EDGE_CURVE ( 'NONE', #3887, #3979, #1359, .T. ) ;
#2848 = EDGE_CURVE ( 'NONE', #6475, #6358, #1361, .T. ) ;
#2849 = EDGE_CURVE ( 'NONE', #3673, #3887, #1363, .T. ) ;
#2850 = EDGE_CURVE ( 'NONE', #6359, #6375, #1364, .T. ) ;
#2851 = EDGE_CURVE ( 'NONE', #3865, #3673, #1365, .T. ) ;
#2852 = EDGE_CURVE ( 'NONE', #3941, #6377, #2143, .T. ) ;
#2853 = EDGE_CURVE ( 'NONE', #3666, #3967, #1370, .T. ) ;
#2854 = EDGE_CURVE ( 'NONE', #6367, #3941, #1367, .T. ) ;
#2855 = EDGE_CURVE ( 'NONE', #3829, #3735, #1369, .T. ) ;
#2856 = EDGE_CURVE ( 'NONE', #6460, #3618, #2156, .T. ) ;
#2857 = EDGE_CURVE ( 'NONE', #3939, #3895, #1374, .T. ) ;
#2858 = EDGE_CURVE ( 'NONE', #3936, #3618, #1373, .T. ) ;
#2859 = EDGE_CURVE ( 'NONE', #3978, #3934, #1371, .T. ) ;
#2860 = EDGE_CURVE ( 'NONE', #6377, #6475, #2176, .T. ) ;
#2861 = EDGE_CURVE ( 'NONE', #3932, #3973, #1378, .T. ) ;
#2862 = EDGE_CURVE ( 'NONE', #6375, #6364, #1379, .T. ) ;
#2863 = EDGE_CURVE ( 'NONE', #3692, #3932, #1380, .T. ) ;
#2864 = EDGE_CURVE ( 'NONE', #6363, #3770, #2152, .T. ) ;
#2865 = EDGE_CURVE ( 'NONE', #3699, #3935, #1375, .T. ) ;
#2866 = EDGE_CURVE ( 'NONE', #3770, #6460, #1384, .T. ) ;
#2867 = EDGE_CURVE ( 'NONE', #3944, #3688, #1381, .T. ) ;
#2868 = EDGE_CURVE ( 'NONE', #6362, #6364, #1383, .T. ) ;
#2869 = EDGE_CURVE ( 'NONE', #3688, #3931, #1388, .T. ) ;
#2870 = EDGE_CURVE ( 'NONE', #3936, #6363, #1386, .T. ) ;
#2871 = EDGE_CURVE ( 'NONE', #3693, #3699, #1391, .T. ) ;
#2872 = EDGE_CURVE ( 'NONE', #3976, #3960, #1390, .T. ) ;
#2873 = EDGE_CURVE ( 'NONE', #3948, #3838, #1392, .T. ) ;
#2874 = EDGE_CURVE ( 'NONE', #3993, #3948, #1396, .T. ) ;
#2875 = EDGE_CURVE ( 'NONE', #6359, #3647, #1394, .T. ) ;
#2876 = EDGE_CURVE ( 'NONE', #3741, #3993, #1399, .T. ) ;
#2877 = EDGE_CURVE ( 'NONE', #6360, #6357, #2497, .T. ) ;
#2878 = EDGE_CURVE ( 'NONE', #3763, #3741, #1401, .T. ) ;
#2879 = EDGE_CURVE ( 'NONE', #6360, #3626, #1397, .T. ) ;
#2880 = EDGE_CURVE ( 'NONE', #3733, #3763, #1402, .T. ) ;
#2881 = EDGE_CURVE ( 'NONE', #6362, #6440, #1403, .T. ) ;
#2882 = EDGE_CURVE ( 'NONE', #3934, #3733, #1407, .T. ) ;
#2883 = EDGE_CURVE ( 'NONE', #6440, #3647, #1405, .T. ) ;
#2884 = EDGE_CURVE ( 'NONE', #3744, #3691, #2164, .T. ) ;
#2885 = EDGE_CURVE ( 'NONE', #6366, #6376, #1409, .T. ) ;
#2886 = EDGE_CURVE ( 'NONE', #3691, #3750, #2386, .T. ) ;
#2887 = EDGE_CURVE ( 'NONE', #6366, #3642, #1412, .T. ) ;
#2888 = EDGE_CURVE ( 'NONE', #3851, #3991, #2495, .T. ) ;
#2889 = EDGE_CURVE ( 'NONE', #6376, #3629, #1408, .T. ) ;
#2890 = EDGE_CURVE ( 'NONE', #3984, #3991, #1414, .T. ) ;
#2891 = EDGE_CURVE ( 'NONE', #3716, #3806, #1415, .T. ) ;
#2892 = EDGE_CURVE ( 'NONE', #3840, #3890, #2202, .T. ) ;
#2893 = EDGE_CURVE ( 'NONE', #3964, #3619, #1417, .T. ) ;
#2894 = EDGE_CURVE ( 'NONE', #3787, #3691, #9139, .T. ) ;
#2895 = EDGE_CURVE ( 'NONE', #3712, #3943, #1419, .T. ) ;
#2896 = EDGE_CURVE ( 'NONE', #3703, #3684, #1420, .T. ) ;
#2897 = EDGE_CURVE ( 'NONE', #3794, #3695, #1422, .T. ) ;
#2898 = EDGE_CURVE ( 'NONE', #3726, #3703, #1421, .T. ) ;
#2899 = EDGE_CURVE ( 'NONE', #3726, #3899, #1424, .T. ) ;
#2900 = EDGE_CURVE ( 'NONE', #3642, #3629, #1427, .T. ) ;
#2901 = EDGE_CURVE ( 'NONE', #3721, #3726, #1429, .T. ) ;
#2902 = EDGE_CURVE ( 'NONE', #3792, #3693, #1430, .T. ) ;
#2903 = EDGE_CURVE ( 'NONE', #3721, #3798, #1432, .T. ) ;
#2904 = EDGE_CURVE ( 'NONE', #3852, #3919, #1434, .T. ) ;
#2905 = EDGE_CURVE ( 'NONE', #3773, #3721, #1426, .T. ) ;
#2906 = EDGE_CURVE ( 'NONE', #3900, #3960, #1437, .T. ) ;
#2907 = EDGE_CURVE ( 'NONE', #3773, #3833, #1436, .T. ) ;
#2908 = EDGE_CURVE ( 'NONE', #3805, #3900, #1439, .T. ) ;
#2909 = EDGE_CURVE ( 'NONE', #6026, #3773, #1441, .T. ) ;
#2910 = EDGE_CURVE ( 'NONE', #3806, #3838, #1443, .T. ) ;
#2911 = EDGE_CURVE ( 'NONE', #3826, #5598, #1445, .T. ) ;
#2912 = EDGE_CURVE ( 'NONE', #3792, #3752, #1447, .T. ) ;
#2913 = EDGE_CURVE ( 'NONE', #3962, #3826, #1438, .T. ) ;
#2914 = EDGE_CURVE ( 'NONE', #3931, #3693, #1449, .T. ) ;
#2915 = EDGE_CURVE ( 'NONE', #3826, #3887, #1451, .T. ) ;
#2916 = EDGE_CURVE ( 'NONE', #3752, #3931, #1452, .T. ) ;
#2917 = EDGE_CURVE ( 'NONE', #3962, #3673, #1454, .T. ) ;
#2918 = EDGE_CURVE ( 'NONE', #3753, #3871, #1456, .T. ) ;
#2919 = EDGE_CURVE ( 'NONE', #3878, #3962, #1448, .T. ) ;
#2920 = EDGE_CURVE ( 'NONE', #3702, #3802, #1460, .T. ) ;
#2921 = EDGE_CURVE ( 'NONE', #3878, #3865, #1461, .T. ) ;
#2922 = EDGE_CURVE ( 'NONE', #5640, #3788, #1463, .T. ) ;
#2923 = EDGE_CURVE ( 'NONE', #5599, #3760, #1458, .T. ) ;
#2924 = EDGE_CURVE ( 'NONE', #3885, #3970, #1465, .T. ) ;
#2925 = EDGE_CURVE ( 'NONE', #3943, #3712, #1467, .T. ) ;
#2926 = EDGE_CURVE ( 'NONE', #3823, #3885, #1469, .T. ) ;
#2927 = EDGE_CURVE ( 'NONE', #3703, #3878, #1470, .T. ) ;
#2928 = EDGE_CURVE ( 'NONE', #3823, #3670, #1472, .T. ) ;
#2929 = EDGE_CURVE ( 'NONE', #3759, #3952, #1474, .T. ) ;
#2930 = EDGE_CURVE ( 'NONE', #3670, #3970, #1468, .T. ) ;
#2931 = EDGE_CURVE ( 'NONE', #3701, #3733, #1477, .T. ) ;
#2932 = EDGE_CURVE ( 'NONE', #3758, #3976, #1479, .T. ) ;
#2933 = EDGE_CURVE ( 'NONE', #6479, #6489, #1475, .T. ) ;
#2934 = EDGE_CURVE ( 'NONE', #3855, #3701, #1481, .T. ) ;
#2935 = EDGE_CURVE ( 'NONE', #6484, #6455, #1485, .T. ) ;
#2936 = EDGE_CURVE ( 'NONE', #3706, #3723, #1486, .T. ) ;
#2937 = EDGE_CURVE ( 'NONE', #6361, #6448, #1483, .T. ) ;
#2938 = EDGE_CURVE ( 'NONE', #3946, #3949, #1488, .T. ) ;
#2939 = EDGE_CURVE ( 'NONE', #6361, #6367, #1491, .T. ) ;
#2940 = EDGE_CURVE ( 'NONE', #3946, #3763, #1492, .T. ) ;
#2941 = EDGE_CURVE ( 'NONE', #6484, #6479, #1493, .T. ) ;
#2942 = EDGE_CURVE ( 'NONE', #3701, #3946, #1489, .T. ) ;
#2943 = EDGE_CURVE ( 'NONE', #6355, #3804, #1496, .T. ) ;
#2944 = EDGE_CURVE ( 'NONE', #3769, #3905, #1495, .T. ) ;
#2945 = EDGE_CURVE ( 'NONE', #3905, #3734, #1499, .T. ) ;
#2946 = EDGE_CURVE ( 'NONE', #6358, #6448, #9187, .T. ) ;
#2947 = EDGE_CURVE ( 'NONE', #3982, #3868, #1502, .T. ) ;
#2948 = EDGE_CURVE ( 'NONE', #3793, #3677, #1501, .T. ) ;
#2949 = EDGE_CURVE ( 'NONE', #3677, #3722, #1504, .T. ) ;
#2950 = EDGE_CURVE ( 'NONE', #3722, #3922, #1506, .T. ) ;
#2951 = EDGE_CURVE ( 'NONE', #6442, #6436, #1507, .T. ) ;
#2952 = EDGE_CURVE ( 'NONE', #3771, #3841, #1498, .T. ) ;
#2953 = EDGE_CURVE ( 'NONE', #6482, #6458, #1509, .T. ) ;
#2954 = EDGE_CURVE ( 'NONE', #3667, #3789, #1510, .T. ) ;
#2955 = EDGE_CURVE ( 'NONE', #3988, #3738, #1511, .T. ) ;
#2956 = EDGE_CURVE ( 'NONE', #3969, #3902, #1514, .T. ) ;
#2957 = EDGE_CURVE ( 'NONE', #6441, #6436, #1512, .T. ) ;
#2958 = EDGE_CURVE ( 'NONE', #3668, #3969, #1515, .T. ) ;
#2959 = EDGE_CURVE ( 'NONE', #3988, #6371, #1516, .T. ) ;
#2960 = EDGE_CURVE ( 'NONE', #3742, #3719, #1518, .T. ) ;
#2961 = EDGE_CURVE ( 'NONE', #6371, #6470, #1522, .T. ) ;
#2962 = EDGE_CURVE ( 'NONE', #3719, #3916, #1523, .T. ) ;
#2963 = EDGE_CURVE ( 'NONE', #6465, #6470, #1524, .T. ) ;
#2964 = EDGE_CURVE ( 'NONE', #3916, #3863, #1526, .T. ) ;
#2965 = EDGE_CURVE ( 'NONE', #3781, #3823, #1528, .T. ) ;
#2966 = EDGE_CURVE ( 'NONE', #3719, #3910, #1529, .T. ) ;
#2967 = EDGE_CURVE ( 'NONE', #3916, #3975, #1530, .T. ) ;
#2968 = EDGE_CURVE ( 'NONE', #3728, #3954, #1532, .T. ) ;
#2969 = EDGE_CURVE ( 'NONE', #3977, #3954, #1534, .T. ) ;
#2970 = EDGE_CURVE ( 'NONE', #3977, #3923, #1536, .T. ) ;
#2971 = EDGE_CURVE ( 'NONE', #3695, #3854, #1538, .T. ) ;
#2972 = EDGE_CURVE ( 'NONE', #3892, #3985, #1540, .T. ) ;
#2973 = EDGE_CURVE ( 'NONE', #3737, #3861, #1520, .T. ) ;
#2974 = EDGE_CURVE ( 'NONE', #3947, #3977, #1543, .T. ) ;
#2975 = EDGE_CURVE ( 'NONE', #3954, #3824, #1544, .T. ) ;
#2976 = EDGE_CURVE ( 'NONE', #3886, #3942, #1545, .T. ) ;
#2977 = EDGE_CURVE ( 'NONE', #3985, #3886, #1541, .T. ) ;
#2978 = EDGE_CURVE ( 'NONE', #3722, #3886, #1546, .T. ) ;
#2979 = EDGE_CURVE ( 'NONE', #3677, #3985, #1549, .T. ) ;
#2980 = EDGE_CURVE ( 'NONE', #3905, #3969, #1551, .T. ) ;
#2981 = EDGE_CURVE ( 'NONE', #3821, #3711, #1553, .T. ) ;
#2982 = EDGE_CURVE ( 'NONE', #3903, #3725, #1548, .T. ) ;
#2983 = EDGE_CURVE ( 'NONE', #3951, #5918, #1555, .T. ) ;
#2984 = EDGE_CURVE ( 'NONE', #3753, #3754, #1556, .T. ) ;
#2985 = EDGE_CURVE ( 'NONE', #3871, #3780, #1558, .T. ) ;
#2986 = EDGE_CURVE ( 'NONE', #3794, #3912, #1559, .T. ) ;
#2987 = EDGE_CURVE ( 'NONE', #3727, #5640, #1557, .T. ) ;
#2988 = EDGE_CURVE ( 'NONE', #6478, #6452, #1561, .T. ) ;
#2989 = EDGE_CURVE ( 'NONE', #3714, #3879, #1562, .T. ) ;
#2990 = EDGE_CURVE ( 'NONE', #3960, #3900, #1563, .T. ) ;
#2991 = EDGE_CURVE ( 'NONE', #3805, #3976, #1564, .T. ) ;
#2992 = EDGE_CURVE ( 'NONE', #6486, #6368, #1565, .T. ) ;
#2993 = EDGE_CURVE ( 'NONE', #3990, #3706, #1566, .T. ) ;
#2994 = EDGE_CURVE ( 'NONE', #3686, #3778, #1567, .T. ) ;
#2995 = EDGE_CURVE ( 'NONE', #3981, #3990, #1560, .T. ) ;
#2996 = EDGE_CURVE ( 'NONE', #3981, #3777, #1570, .T. ) ;
#2997 = EDGE_CURVE ( 'NONE', #3777, #3831, #1568, .T. ) ;
#2998 = EDGE_CURVE ( 'NONE', #3686, #3837, #1573, .T. ) ;
#2999 = EDGE_CURVE ( 'NONE', #3813, #3778, #1571, .T. ) ;
#3000 = EDGE_CURVE ( 'NONE', #3784, #3866, #1574, .T. ) ;
#3001 = EDGE_CURVE ( 'NONE', #3990, #3831, #1575, .T. ) ;
#3002 = EDGE_CURVE ( 'NONE', #3723, #3784, #1577, .T. ) ;
#3003 = EDGE_CURVE ( 'NONE', #3723, #3706, #1576, .T. ) ;
#3004 = EDGE_CURVE ( 'NONE', #3866, #3784, #1579, .T. ) ;
#3005 = EDGE_CURVE ( 'NONE', #3706, #3866, #1581, .T. ) ;
#3006 = EDGE_CURVE ( 'NONE', #3990, #3981, #1580, .T. ) ;
#3007 = EDGE_CURVE ( 'NONE', #3981, #3723, #1583, .T. ) ;
#3008 = EDGE_CURVE ( 'NONE', #3880, #3849, #1584, .T. ) ;
#3009 = EDGE_CURVE ( 'NONE', #3933, #3891, #1582, .T. ) ;
#3010 = EDGE_CURVE ( 'NONE', #3715, #3857, #1585, .T. ) ;
#3011 = EDGE_CURVE ( 'NONE', #3674, #3809, #1587, .T. ) ;
#3012 = EDGE_CURVE ( 'NONE', #3683, #3674, #1591, .T. ) ;
#3013 = EDGE_CURVE ( 'NONE', #3674, #3818, #1593, .T. ) ;
#3014 = EDGE_CURVE ( 'NONE', #3683, #3790, #1589, .T. ) ;
#3015 = EDGE_CURVE ( 'NONE', #3987, #3683, #1595, .T. ) ;
#3016 = EDGE_CURVE ( 'NONE', #3987, #3830, #1599, .T. ) ;
#3017 = EDGE_CURVE ( 'NONE', #3778, #3813, #1597, .T. ) ;
#3018 = EDGE_CURVE ( 'NONE', #3687, #3689, #1603, .T. ) ;
#3019 = EDGE_CURVE ( 'NONE', #3689, #3849, #1601, .T. ) ;
#3020 = EDGE_CURVE ( 'NONE', #3857, #3891, #1606, .T. ) ;
#3021 = EDGE_CURVE ( 'NONE', #3849, #3857, #1608, .T. ) ;
#3022 = EDGE_CURVE ( 'NONE', #3718, #3704, #1610, .T. ) ;
#3023 = EDGE_CURVE ( 'NONE', #3891, #3689, #1604, .T. ) ;
#3024 = EDGE_CURVE ( 'NONE', #3679, #3718, #1613, .T. ) ;
#3025 = EDGE_CURVE ( 'NONE', #3853, #3822, #1615, .T. ) ;
#3026 = EDGE_CURVE ( 'NONE', #3822, #3940, #1617, .T. ) ;
#3027 = EDGE_CURVE ( 'NONE', #3717, #3718, #1619, .T. ) ;
#3028 = EDGE_CURVE ( 'NONE', #3940, #3679, #1612, .T. ) ;
#3029 = EDGE_CURVE ( 'NONE', #3940, #3815, #1623, .T. ) ;
#3030 = EDGE_CURVE ( 'NONE', #3822, #3786, #1621, .T. ) ;
#3031 = EDGE_CURVE ( 'NONE', #3818, #3927, #1625, .T. ) ;
#3032 = EDGE_CURVE ( 'NONE', #3679, #3959, #1629, .T. ) ;
#3033 = EDGE_CURVE ( 'NONE', #3765, #3869, #1631, .T. ) ;
#3034 = EDGE_CURVE ( 'NONE', #3953, #3808, #1627, .T. ) ;
#3035 = EDGE_CURVE ( 'NONE', #3980, #3848, #1633, .T. ) ;
#3036 = EDGE_CURVE ( 'NONE', #3877, #3870, #1634, .T. ) ;
#3037 = EDGE_CURVE ( 'NONE', #3848, #3980, #1635, .T. ) ;
#3038 = EDGE_CURVE ( 'NONE', #3881, #3697, #1637, .T. ) ;
#3039 = EDGE_CURVE ( 'NONE', #3881, #3848, #1636, .T. ) ;
#3040 = EDGE_CURVE ( 'NONE', #3827, #3682, #1639, .T. ) ;
#3041 = EDGE_CURVE ( 'NONE', #3881, #3817, #1638, .T. ) ;
#3042 = EDGE_CURVE ( 'NONE', #3837, #3686, #1642, .T. ) ;
#3043 = EDGE_CURVE ( 'NONE', #3717, #3893, #1641, .T. ) ;
#3044 = EDGE_CURVE ( 'NONE', #3986, #3989, #1643, .T. ) ;
#3045 = EDGE_CURVE ( 'NONE', #3853, #3928, #1644, .T. ) ;
#3046 = EDGE_CURVE ( 'NONE', #3893, #3928, #1645, .T. ) ;
#3047 = EDGE_CURVE ( 'NONE', #3704, #3893, #1646, .T. ) ;
#3048 = EDGE_CURVE ( 'NONE', #3927, #3830, #1650, .T. ) ;
#3049 = EDGE_CURVE ( 'NONE', #3830, #3790, #1652, .T. ) ;
#3050 = EDGE_CURVE ( 'NONE', #3790, #3818, #1654, .T. ) ;
#3051 = EDGE_CURVE ( 'NONE', #3715, #3933, #1656, .T. ) ;
#3052 = EDGE_CURVE ( 'NONE', #3880, #3715, #1648, .T. ) ;
#3053 = EDGE_CURVE ( 'NONE', #3687, #3880, #1660, .T. ) ;
#3054 = EDGE_CURVE ( 'NONE', #3704, #3853, #1662, .T. ) ;
#3055 = EDGE_CURVE ( 'NONE', #3765, #3986, #1664, .T. ) ;
#3056 = EDGE_CURVE ( 'NONE', #3989, #3986, #1666, .T. ) ;
#3057 = EDGE_CURVE ( 'NONE', #3933, #3687, #1658, .T. ) ;
#3058 = EDGE_CURVE ( 'NONE', #3955, #3774, #1669, .T. ) ;
#3059 = EDGE_CURVE ( 'NONE', #3869, #3989, #1671, .T. ) ;
#3060 = EDGE_CURVE ( 'NONE', #3864, #3847, #1672, .T. ) ;
#3061 = EDGE_CURVE ( 'NONE', #3781, #3782, #1668, .T. ) ;
#3062 = EDGE_CURVE ( 'NONE', #3863, #3781, #1674, .T. ) ;
#3063 = EDGE_CURVE ( 'NONE', #3863, #5859, #1677, .T. ) ;
#3064 = EDGE_CURVE ( 'NONE', #3800, #3807, #1679, .T. ) ;
#3065 = EDGE_CURVE ( 'NONE', #3869, #3765, #1681, .T. ) ;
#3066 = EDGE_CURVE ( 'NONE', #3928, #3786, #1682, .T. ) ;
#3067 = EDGE_CURVE ( 'NONE', #3800, #3896, #1683, .T. ) ;
#3068 = EDGE_CURVE ( 'NONE', #3974, #3993, #1675, .T. ) ;
#3069 = EDGE_CURVE ( 'NONE', #3948, #6092, #1687, .T. ) ;
#3070 = EDGE_CURVE ( 'NONE', #3860, #3816, #1689, .T. ) ;
#3071 = EDGE_CURVE ( 'NONE', #3953, #3864, #1685, .T. ) ;
#3072 = EDGE_CURVE ( 'NONE', #3786, #3815, #1693, .T. ) ;
#3073 = EDGE_CURVE ( 'NONE', #3901, #3896, #1695, .T. ) ;
#3074 = EDGE_CURVE ( 'NONE', #3847, #3864, #1697, .T. ) ;
#3075 = EDGE_CURVE ( 'NONE', #3815, #3959, #1691, .T. ) ;
#3076 = EDGE_CURVE ( 'NONE', #3959, #3717, #1699, .T. ) ;
#3077 = EDGE_CURVE ( 'NONE', #3808, #3953, #1701, .T. ) ;
#3078 = EDGE_CURVE ( 'NONE', #3779, #3926, #1703, .T. ) ;
#3079 = EDGE_CURVE ( 'NONE', #3688, #3783, #1698, .T. ) ;
#3080 = EDGE_CURVE ( 'NONE', #3808, #3847, #1705, .T. ) ;
#3081 = EDGE_CURVE ( 'NONE', #3834, #3958, #1707, .T. ) ;
#3082 = EDGE_CURVE ( 'NONE', #3896, #3901, #1709, .T. ) ;
#3083 = EDGE_CURVE ( 'NONE', #3682, #3827, #1710, .T. ) ;
#3084 = EDGE_CURVE ( 'NONE', #3682, #3686, #1711, .T. ) ;
#3085 = EDGE_CURVE ( 'NONE', #3827, #3837, #1712, .T. ) ;
#3086 = EDGE_CURVE ( 'NONE', #3922, #3855, #1714, .T. ) ;
#3087 = EDGE_CURVE ( 'NONE', #3782, #3783, #1716, .T. ) ;
#3088 = EDGE_CURVE ( 'NONE', #3922, #3942, #1718, .T. ) ;
#3089 = EDGE_CURVE ( 'NONE', #3873, #3844, #1720, .T. ) ;
#3090 = EDGE_CURVE ( 'NONE', #3788, #5908, #1704, .T. ) ;
#3091 = EDGE_CURVE ( 'NONE', #3844, #3877, #1722, .T. ) ;
#3092 = EDGE_CURVE ( 'NONE', #3870, #3877, #1724, .T. ) ;
#3093 = EDGE_CURVE ( 'NONE', #3873, #3870, #1726, .T. ) ;
#3094 = EDGE_CURVE ( 'NONE', #3817, #3980, #1727, .T. ) ;
#3095 = EDGE_CURVE ( 'NONE', #3755, #3697, #1729, .T. ) ;
#3096 = EDGE_CURVE ( 'NONE', #3759, #3856, #1723, .T. ) ;
#3097 = EDGE_CURVE ( 'NONE', #3861, #3947, #1732, .T. ) ;
#3098 = EDGE_CURVE ( 'NONE', #3861, #3816, #1733, .T. ) ;
#3099 = EDGE_CURVE ( 'NONE', #3752, #3783, #1735, .T. ) ;
#3100 = EDGE_CURVE ( 'NONE', #3782, #3885, #1737, .T. ) ;
#3101 = EDGE_CURVE ( 'NONE', #3970, #3736, #1738, .T. ) ;
#3102 = EDGE_CURVE ( 'NONE', #3736, #3816, #1739, .T. ) ;
#3103 = EDGE_CURVE ( 'NONE', #3699, #3897, #1741, .T. ) ;
#3104 = EDGE_CURVE ( 'NONE', #3792, #3897, #1742, .T. ) ;
#3105 = EDGE_CURVE ( 'NONE', #3710, #3942, #1744, .T. ) ;
#3106 = EDGE_CURVE ( 'NONE', #3855, #3934, #1746, .T. ) ;
#3107 = EDGE_CURVE ( 'NONE', #3947, #3775, #1748, .T. ) ;
#3108 = EDGE_CURVE ( 'NONE', #3846, #3897, #1750, .T. ) ;
#3109 = EDGE_CURVE ( 'NONE', #3932, #3913, #1752, .T. ) ;
#3110 = AXIS2_PLACEMENT_3D ( 'NONE', #5403, #5326, #5402 ) ;
#3111 = AXIS2_PLACEMENT_3D ( 'NONE', #5429, #5412, #5378 ) ;
#3112 = AXIS2_PLACEMENT_3D ( 'NONE', #5364, #5363, #5355 ) ;
#3113 = AXIS2_PLACEMENT_3D ( 'NONE', #5379, #5384, #5342 ) ;
#3114 = AXIS2_PLACEMENT_3D ( 'NONE', #5370, #5367, #5359 ) ;
#3115 = AXIS2_PLACEMENT_3D ( 'NONE', #5406, #5423, #5407 ) ;
#3116 = AXIS2_PLACEMENT_3D ( 'NONE', #5414, #5411, #5410 ) ;
#3117 = AXIS2_PLACEMENT_3D ( 'NONE', #5439, #5440, #5452 ) ;
#3118 = AXIS2_PLACEMENT_3D ( 'NONE', #5352, #5415, #5353 ) ;
#3119 = AXIS2_PLACEMENT_3D ( 'NONE', #5431, #5361, #5328 ) ;
#3120 = AXIS2_PLACEMENT_3D ( 'NONE', #5446, #5426, #5344 ) ;
#3121 = AXIS2_PLACEMENT_3D ( 'NONE', #5322, #5388, #5399 ) ;
#3122 = AXIS2_PLACEMENT_3D ( 'NONE', #5443, #5444, #5448 ) ;
#3123 = AXIS2_PLACEMENT_3D ( 'NONE', #5398, #5397, #5396 ) ;
#3124 = AXIS2_PLACEMENT_3D ( 'NONE', #5460, #5323, #5432 ) ;
#3125 = AXIS2_PLACEMENT_3D ( 'NONE', #5348, #5502, #5416 ) ;
#3126 = AXIS2_PLACEMENT_3D ( 'NONE', #5369, #5333, #5368 ) ;
#3127 = AXIS2_PLACEMENT_3D ( 'NONE', #5383, #5371, #5374 ) ;
#3128 = AXIS2_PLACEMENT_3D ( 'NONE', #5393, #5392, #5376 ) ;
#3129 = AXIS2_PLACEMENT_3D ( 'NONE', #5358, #5408, #5434 ) ;
#3130 = AXIS2_PLACEMENT_3D ( 'NONE', #5345, #5354, #5506 ) ;
#3131 = AXIS2_PLACEMENT_3D ( 'NONE', #10091, #10120, #10092 ) ;
#3132 = AXIS2_PLACEMENT_3D ( 'NONE', #10084, #10127, #9729 ) ;
#3133 = AXIS2_PLACEMENT_3D ( 'NONE', #10090, #9737, #10129 ) ;
#3134 = AXIS2_PLACEMENT_3D ( 'NONE', #10119, #9725, #10093 ) ;
#3135 = AXIS2_PLACEMENT_3D ( 'NONE', #10128, #9705, #9704 ) ;
#3136 = AXIS2_PLACEMENT_3D ( 'NONE', #9707, #9701, #9700 ) ;
#3137 = AXIS2_PLACEMENT_3D ( 'NONE', #9698, #9699, #9706 ) ;
#3138 = AXIS2_PLACEMENT_3D ( 'NONE', #9695, #9697, #9702 ) ;
#3139 = AXIS2_PLACEMENT_3D ( 'NONE', #9691, #9694, #9696 ) ;
#3140 = AXIS2_PLACEMENT_3D ( 'NONE', #9689, #9693, #9692 ) ;
#3141 = AXIS2_PLACEMENT_3D ( 'NONE', #9585, #9653, #9690 ) ;
#3142 = AXIS2_PLACEMENT_3D ( 'NONE', #9715, #9584, #9688 ) ;
#3143 = AXIS2_PLACEMENT_3D ( 'NONE', #9580, #9582, #9583 ) ;
#3144 = AXIS2_PLACEMENT_3D ( 'NONE', #9577, #9579, #9581 ) ;
#3145 = AXIS2_PLACEMENT_3D ( 'NONE', #9578, #9574, #9573 ) ;
#3146 = AXIS2_PLACEMENT_3D ( 'NONE', #9714, #9570, #9569 ) ;
#3147 = AXIS2_PLACEMENT_3D ( 'NONE', #9713, #9568, #9575 ) ;
#3148 = AXIS2_PLACEMENT_3D ( 'NONE', #9565, #9567, #9571 ) ;
#3149 = AXIS2_PLACEMENT_3D ( 'NONE', #9562, #9564, #9566 ) ;
#3150 = AXIS2_PLACEMENT_3D ( 'NONE', #9563, #9559, #9558 ) ;
#3151 = AXIS2_PLACEMENT_3D ( 'NONE', #9541, #9543, #9545 ) ;
#3152 = AXIS2_PLACEMENT_3D ( 'NONE', #9712, #9555, #9554 ) ;
#3153 = AXIS2_PLACEMENT_3D ( 'NONE', #9711, #9553, #9560 ) ;
#3154 = AXIS2_PLACEMENT_3D ( 'NONE', #9556, #9549, #9548 ) ;
#3155 = AXIS2_PLACEMENT_3D ( 'NONE', #9546, #9547, #9551 ) ;
#3156 = AXIS2_PLACEMENT_3D ( 'NONE', #9544, #9710, #9550 ) ;
#3157 = AXIS2_PLACEMENT_3D ( 'NONE', #9542, #9709, #9529 ) ;
#3158 = AXIS2_PLACEMENT_3D ( 'NONE', #4443, #4444, #4445 ) ;
#3159 = AXIS2_PLACEMENT_3D ( 'NONE', #9539, #9526, #9525 ) ;
#3160 = AXIS2_PLACEMENT_3D ( 'NONE', #9523, #9524, #9527 ) ;
#3161 = AXIS2_PLACEMENT_3D ( 'NONE', #9521, #9537, #9528 ) ;
#3162 = AXIS2_PLACEMENT_3D ( 'NONE', #9518, #9520, #9522 ) ;
#3163 = AXIS2_PLACEMENT_3D ( 'NONE', #9515, #9517, #9519 ) ;
#3164 = AXIS2_PLACEMENT_3D ( 'NONE', #9512, #9514, #9516 ) ;
#3165 = AXIS2_PLACEMENT_3D ( 'NONE', #9513, #9508, #9507 ) ;
#3166 = AXIS2_PLACEMENT_3D ( 'NONE', #9506, #9536, #9510 ) ;
#3167 = VERTEX_POINT ( 'NONE', #7382 ) ;
#3168 = VERTEX_POINT ( 'NONE', #7387 ) ;
#3169 = VERTEX_POINT ( 'NONE', #7389 ) ;
#3170 = VERTEX_POINT ( 'NONE', #7390 ) ;
#3171 = VERTEX_POINT ( 'NONE', #7391 ) ;
#3172 = VERTEX_POINT ( 'NONE', #7388 ) ;
#3173 = VERTEX_POINT ( 'NONE', #7392 ) ;
#3174 = VERTEX_POINT ( 'NONE', #7393 ) ;
#3175 = VERTEX_POINT ( 'NONE', #7383 ) ;
#3176 = VERTEX_POINT ( 'NONE', #7394 ) ;
#3177 = DIRECTION ( 'NONE',  ( 0.0000000000000000000, 0.0000000000000000000, -1.000000000000000000 ) ) ;
#3178 = CARTESIAN_POINT ( 'NONE',  ( 0.6000000000000015300, 0.6250000000000005600, -0.09999999999999939500 ) ) ;
#3179 = CARTESIAN_POINT ( 'NONE',  ( -1.597734531483263600E-012, 10.08122999999999300, 12.80159999999995100 ) ) ;
#3180 = DIRECTION ( 'NONE',  ( 0.8660254037844377100, 0.0000000000000000000, 0.5000000000000015500 ) ) ;
#3181 = ORIENTED_EDGE ( 'NONE', *, *, #3024, .T. ) ;
#3182 = ORIENTED_EDGE ( 'NONE', *, *, #6402, .T. ) ;
#3183 = ORIENTED_EDGE ( 'NONE', *, *, #2975, .T. ) ;
#3184 = ORIENTED_EDGE ( 'NONE', *, *, #6404, .T. ) ;
#3185 = ORIENTED_EDGE ( 'NONE', *, *, #2989, .T. ) ;
#3186 = ORIENTED_EDGE ( 'NONE', *, *, #2679, .F. ) ;
#3187 = ORIENTED_EDGE ( 'NONE', *, *, #2924, .F. ) ;
#3188 = ORIENTED_EDGE ( 'NONE', *, *, #2713, .F. ) ;
#3189 = ORIENTED_EDGE ( 'NONE', *, *, #2982, .F. ) ;
#3190 = ORIENTED_EDGE ( 'NONE', *, *, #3057, .F. ) ;
#3191 = ORIENTED_EDGE ( 'NONE', *, *, #6387, .T. ) ;
#3192 = ORIENTED_EDGE ( 'NONE', *, *, #2735, .T. ) ;
#3193 = ORIENTED_EDGE ( 'NONE', *, *, #2777, .F. ) ;
#3194 = ORIENTED_EDGE ( 'NONE', *, *, #2745, .T. ) ;
#3195 = ORIENTED_EDGE ( 'NONE', *, *, #2675, .T. ) ;
#3196 = ORIENTED_EDGE ( 'NONE', *, *, #4110, .F. ) ;
#3197 = ORIENTED_EDGE ( 'NONE', *, *, #2695, .T. ) ;
#3198 = ORIENTED_EDGE ( 'NONE', *, *, #3029, .F. ) ;
#3199 = ORIENTED_EDGE ( 'NONE', *, *, #3064, .T. ) ;
#3200 = ORIENTED_EDGE ( 'NONE', *, *, #3097, .T. ) ;
#3201 = ORIENTED_EDGE ( 'NONE', *, *, #2743, .T. ) ;
#3202 = ORIENTED_EDGE ( 'NONE', *, *, #3103, .F. ) ;
#3203 = ORIENTED_EDGE ( 'NONE', *, *, #3014, .F. ) ;
#3204 = ORIENTED_EDGE ( 'NONE', *, *, #2910, .F. ) ;
#3205 = ORIENTED_EDGE ( 'NONE', *, *, #1214, .T. ) ;
#3206 = ORIENTED_EDGE ( 'NONE', *, *, #2979, .F. ) ;
#3207 = ORIENTED_EDGE ( 'NONE', *, *, #2689, .T. ) ;
#3208 = ORIENTED_EDGE ( 'NONE', *, *, #2912, .F. ) ;
#3209 = ORIENTED_EDGE ( 'NONE', *, *, #3072, .T. ) ;
#3210 = ORIENTED_EDGE ( 'NONE', *, *, #2721, .T. ) ;
#3211 = ORIENTED_EDGE ( 'NONE', *, *, #3061, .T. ) ;
#3212 = ORIENTED_EDGE ( 'NONE', *, *, #3043, .F. ) ;
#3213 = ORIENTED_EDGE ( 'NONE', *, *, #3067, .T. ) ;
#3214 = ORIENTED_EDGE ( 'NONE', *, *, #2703, .F. ) ;
#3215 = ORIENTED_EDGE ( 'NONE', *, *, #2771, .F. ) ;
#3216 = ORIENTED_EDGE ( 'NONE', *, *, #2958, .T. ) ;
#3217 = ORIENTED_EDGE ( 'NONE', *, *, #3059, .T. ) ;
#3218 = ORIENTED_EDGE ( 'NONE', *, *, #2685, .T. ) ;
#3219 = ORIENTED_EDGE ( 'NONE', *, *, #2797, .T. ) ;
#3220 = ORIENTED_EDGE ( 'NONE', *, *, #3063, .F. ) ;
#3221 = ORIENTED_EDGE ( 'NONE', *, *, #6412, .F. ) ;
#3222 = ORIENTED_EDGE ( 'NONE', *, *, #2717, .F. ) ;
#3223 = ORIENTED_EDGE ( 'NONE', *, *, #2944, .F. ) ;
#3224 = ORIENTED_EDGE ( 'NONE', *, *, #2719, .F. ) ;
#3225 = ORIENTED_EDGE ( 'NONE', *, *, #2689, .F. ) ;
#3226 = ORIENTED_EDGE ( 'NONE', *, *, #3021, .F. ) ;
#3227 = ORIENTED_EDGE ( 'NONE', *, *, #2693, .F. ) ;
#3228 = ORIENTED_EDGE ( 'NONE', *, *, #2990, .F. ) ;
#3229 = ORIENTED_EDGE ( 'NONE', *, *, #2779, .T. ) ;
#3230 = ORIENTED_EDGE ( 'NONE', *, *, #2952, .F. ) ;
#3231 = ORIENTED_EDGE ( 'NONE', *, *, #6407, .F. ) ;
#3232 = ORIENTED_EDGE ( 'NONE', *, *, #2892, .F. ) ;
#3233 = ORIENTED_EDGE ( 'NONE', *, *, #2715, .F. ) ;
#3234 = ORIENTED_EDGE ( 'NONE', *, *, #2703, .T. ) ;
#3235 = ORIENTED_EDGE ( 'NONE', *, *, #2964, .F. ) ;
#3236 = ORIENTED_EDGE ( 'NONE', *, *, #4034, .F. ) ;
#3237 = ORIENTED_EDGE ( 'NONE', *, *, #3030, .T. ) ;
#3238 = ORIENTED_EDGE ( 'NONE', *, *, #3011, .F. ) ;
#3239 = ORIENTED_EDGE ( 'NONE', *, *, #2954, .T. ) ;
#3240 = ORIENTED_EDGE ( 'NONE', *, *, #2983, .F. ) ;
#3241 = ORIENTED_EDGE ( 'NONE', *, *, #2930, .T. ) ;
#3242 = ORIENTED_EDGE ( 'NONE', *, *, #2785, .F. ) ;
#3243 = ORIENTED_EDGE ( 'NONE', *, *, #2968, .T. ) ;
#3244 = ORIENTED_EDGE ( 'NONE', *, *, #2960, .T. ) ;
#3245 = ORIENTED_EDGE ( 'NONE', *, *, #2683, .F. ) ;
#3246 = ORIENTED_EDGE ( 'NONE', *, *, #2813, .T. ) ;
#3247 = ORIENTED_EDGE ( 'NONE', *, *, #2989, .F. ) ;
#3248 = ORIENTED_EDGE ( 'NONE', *, *, #3020, .F. ) ;
#3249 = ORIENTED_EDGE ( 'NONE', *, *, #3025, .T. ) ;
#3250 = ORIENTED_EDGE ( 'NONE', *, *, #2983, .T. ) ;
#3251 = ORIENTED_EDGE ( 'NONE', *, *, #2984, .F. ) ;
#3252 = ORIENTED_EDGE ( 'NONE', *, *, #2799, .F. ) ;
#3253 = ORIENTED_EDGE ( 'NONE', *, *, #3086, .T. ) ;
#3254 = ORIENTED_EDGE ( 'NONE', *, *, #2793, .T. ) ;
#3255 = ORIENTED_EDGE ( 'NONE', *, *, #3023, .F. ) ;
#3256 = ORIENTED_EDGE ( 'NONE', *, *, #2991, .T. ) ;
#3257 = ORIENTED_EDGE ( 'NONE', *, *, #2982, .T. ) ;
#3258 = ORIENTED_EDGE ( 'NONE', *, *, #2925, .T. ) ;
#3259 = ORIENTED_EDGE ( 'NONE', *, *, #3052, .T. ) ;
#3260 = ORIENTED_EDGE ( 'NONE', *, *, #3088, .F. ) ;
#3261 = ORIENTED_EDGE ( 'NONE', *, *, #3102, .F. ) ;
#3262 = ORIENTED_EDGE ( 'NONE', *, *, #2677, .F. ) ;
#3263 = ORIENTED_EDGE ( 'NONE', *, *, #3075, .T. ) ;
#3264 = ORIENTED_EDGE ( 'NONE', *, *, #3105, .F. ) ;
#3265 = ORIENTED_EDGE ( 'NONE', *, *, #2972, .T. ) ;
#3266 = ORIENTED_EDGE ( 'NONE', *, *, #3049, .T. ) ;
#3267 = ORIENTED_EDGE ( 'NONE', *, *, #4112, .F. ) ;
#3268 = ORIENTED_EDGE ( 'NONE', *, *, #2705, .T. ) ;
#3269 = ORIENTED_EDGE ( 'NONE', *, *, #2814, .F. ) ;
#3270 = ORIENTED_EDGE ( 'NONE', *, *, #2755, .T. ) ;
#3271 = ORIENTED_EDGE ( 'NONE', *, *, #3025, .F. ) ;
#3272 = ORIENTED_EDGE ( 'NONE', *, *, #2979, .T. ) ;
#3273 = ORIENTED_EDGE ( 'NONE', *, *, #2880, .T. ) ;
#3274 = ORIENTED_EDGE ( 'NONE', *, *, #3015, .F. ) ;
#3275 = ORIENTED_EDGE ( 'NONE', *, *, #4028, .F. ) ;
#3276 = ORIENTED_EDGE ( 'NONE', *, *, #2681, .T. ) ;
#3277 = ORIENTED_EDGE ( 'NONE', *, *, #2857, .T. ) ;
#3278 = ORIENTED_EDGE ( 'NONE', *, *, #3103, .T. ) ;
#3279 = ORIENTED_EDGE ( 'NONE', *, *, #2761, .F. ) ;
#3280 = ORIENTED_EDGE ( 'NONE', *, *, #2985, .F. ) ;
#3281 = ORIENTED_EDGE ( 'NONE', *, *, #2683, .T. ) ;
#3282 = ORIENTED_EDGE ( 'NONE', *, *, #2709, .T. ) ;
#3283 = ORIENTED_EDGE ( 'NONE', *, *, #6422, .T. ) ;
#3284 = ORIENTED_EDGE ( 'NONE', *, *, #2973, .F. ) ;
#3285 = ORIENTED_EDGE ( 'NONE', *, *, #3058, .T. ) ;
#3286 = ORIENTED_EDGE ( 'NONE', *, *, #2966, .T. ) ;
#3287 = ORIENTED_EDGE ( 'NONE', *, *, #3028, .T. ) ;
#3288 = ORIENTED_EDGE ( 'NONE', *, *, #5207, .F. ) ;
#3289 = ORIENTED_EDGE ( 'NONE', *, *, #3028, .F. ) ;
#3290 = ORIENTED_EDGE ( 'NONE', *, *, #2981, .F. ) ;
#3291 = ORIENTED_EDGE ( 'NONE', *, *, #6421, .F. ) ;
#3292 = ORIENTED_EDGE ( 'NONE', *, *, #3023, .T. ) ;
#3293 = ORIENTED_EDGE ( 'NONE', *, *, #2985, .T. ) ;
#3294 = ORIENTED_EDGE ( 'NONE', *, *, #2948, .F. ) ;
#3295 = ORIENTED_EDGE ( 'NONE', *, *, #2753, .T. ) ;
#3296 = ORIENTED_EDGE ( 'NONE', *, *, #2970, .T. ) ;
#3297 = ORIENTED_EDGE ( 'NONE', *, *, #2969, .F. ) ;
#3298 = ORIENTED_EDGE ( 'NONE', *, *, #2725, .T. ) ;
#3299 = ORIENTED_EDGE ( 'NONE', *, *, #2967, .T. ) ;
#3300 = ORIENTED_EDGE ( 'NONE', *, *, #2984, .T. ) ;
#3301 = ORIENTED_EDGE ( 'NONE', *, *, #4042, .F. ) ;
#3302 = ORIENTED_EDGE ( 'NONE', *, *, #3045, .T. ) ;
#3303 = ORIENTED_EDGE ( 'NONE', *, *, #2719, .T. ) ;
#3304 = ORIENTED_EDGE ( 'NONE', *, *, #2981, .T. ) ;
#3305 = ORIENTED_EDGE ( 'NONE', *, *, #2972, .F. ) ;
#3306 = ORIENTED_EDGE ( 'NONE', *, *, #2697, .T. ) ;
#3307 = ORIENTED_EDGE ( 'NONE', *, *, #3067, .F. ) ;
#3308 = ORIENTED_EDGE ( 'NONE', *, *, #2950, .F. ) ;
#3309 = ORIENTED_EDGE ( 'NONE', *, *, #3082, .T. ) ;
#3310 = ORIENTED_EDGE ( 'NONE', *, *, #3019, .F. ) ;
#3311 = ORIENTED_EDGE ( 'NONE', *, *, #2733, .T. ) ;
#3312 = ORIENTED_EDGE ( 'NONE', *, *, #3073, .F. ) ;
#3313 = ORIENTED_EDGE ( 'NONE', *, *, #3100, .F. ) ;
#3314 = ORIENTED_EDGE ( 'NONE', *, *, #2962, .T. ) ;
#3315 = ORIENTED_EDGE ( 'NONE', *, *, #2687, .F. ) ;
#3316 = ORIENTED_EDGE ( 'NONE', *, *, #2965, .T. ) ;
#3317 = ORIENTED_EDGE ( 'NONE', *, *, #3054, .F. ) ;
#3318 = ORIENTED_EDGE ( 'NONE', *, *, #2717, .T. ) ;
#3319 = ORIENTED_EDGE ( 'NONE', *, *, #3048, .T. ) ;
#3320 = ORIENTED_EDGE ( 'NONE', *, *, #2987, .F. ) ;
#3321 = ORIENTED_EDGE ( 'NONE', *, *, #6399, .T. ) ;
#3322 = ORIENTED_EDGE ( 'NONE', *, *, #2970, .F. ) ;
#3323 = ORIENTED_EDGE ( 'NONE', *, *, #2968, .F. ) ;
#3324 = ORIENTED_EDGE ( 'NONE', *, *, #2967, .F. ) ;
#3325 = ORIENTED_EDGE ( 'NONE', *, *, #3066, .F. ) ;
#3326 = ORIENTED_EDGE ( 'NONE', *, *, #2908, .F. ) ;
#3327 = ORIENTED_EDGE ( 'NONE', *, *, #3081, .T. ) ;
#3328 = ORIENTED_EDGE ( 'NONE', *, *, #3064, .F. ) ;
#3329 = ORIENTED_EDGE ( 'NONE', *, *, #2761, .T. ) ;
#3330 = ORIENTED_EDGE ( 'NONE', *, *, #3076, .T. ) ;
#3331 = ORIENTED_EDGE ( 'NONE', *, *, #3062, .T. ) ;
#3332 = ORIENTED_EDGE ( 'NONE', *, *, #2952, .T. ) ;
#3333 = ORIENTED_EDGE ( 'NONE', *, *, #2956, .F. ) ;
#3334 = ORIENTED_EDGE ( 'NONE', *, *, #6384, .F. ) ;
#3335 = ORIENTED_EDGE ( 'NONE', *, *, #1178, .F. ) ;
#3336 = ORIENTED_EDGE ( 'NONE', *, *, #3099, .F. ) ;
#3337 = ORIENTED_EDGE ( 'NONE', *, *, #2949, .F. ) ;
#3338 = ORIENTED_EDGE ( 'NONE', *, *, #2965, .F. ) ;
#3339 = ORIENTED_EDGE ( 'NONE', *, *, #3047, .T. ) ;
#3340 = ORIENTED_EDGE ( 'NONE', *, *, #3050, .F. ) ;
#3341 = ORIENTED_EDGE ( 'NONE', *, *, #2723, .F. ) ;
#3342 = ORIENTED_EDGE ( 'NONE', *, *, #3054, .T. ) ;
#3343 = ORIENTED_EDGE ( 'NONE', *, *, #2723, .T. ) ;
#3344 = ORIENTED_EDGE ( 'NONE', *, *, #2729, .F. ) ;
#3345 = ORIENTED_EDGE ( 'NONE', *, *, #3090, .F. ) ;
#3346 = ORIENTED_EDGE ( 'NONE', *, *, #3022, .T. ) ;
#3347 = ORIENTED_EDGE ( 'NONE', *, *, #2897, .T. ) ;
#3348 = ORIENTED_EDGE ( 'NONE', *, *, #2890, .T. ) ;
#3349 = ORIENTED_EDGE ( 'NONE', *, *, #3105, .T. ) ;
#3350 = ORIENTED_EDGE ( 'NONE', *, *, #3030, .F. ) ;
#3351 = ORIENTED_EDGE ( 'NONE', *, *, #2966, .F. ) ;
#3352 = ORIENTED_EDGE ( 'NONE', *, *, #2973, .T. ) ;
#3353 = ORIENTED_EDGE ( 'NONE', *, *, #2731, .F. ) ;
#3354 = ORIENTED_EDGE ( 'NONE', *, *, #3087, .T. ) ;
#3355 = ORIENTED_EDGE ( 'NONE', *, *, #2811, .T. ) ;
#3356 = ORIENTED_EDGE ( 'NONE', *, *, #3096, .F. ) ;
#3357 = ORIENTED_EDGE ( 'NONE', *, *, #2873, .T. ) ;
#3358 = ORIENTED_EDGE ( 'NONE', *, *, #2969, .T. ) ;
#3359 = ORIENTED_EDGE ( 'NONE', *, *, #2735, .F. ) ;
#3360 = ORIENTED_EDGE ( 'NONE', *, *, #3077, .F. ) ;
#3361 = ORIENTED_EDGE ( 'NONE', *, *, #2687, .T. ) ;
#3362 = ORIENTED_EDGE ( 'NONE', *, *, #3086, .F. ) ;
#3363 = ORIENTED_EDGE ( 'NONE', *, *, #6419, .T. ) ;
#3364 = ORIENTED_EDGE ( 'NONE', *, *, #2801, .T. ) ;
#3365 = ORIENTED_EDGE ( 'NONE', *, *, #3081, .F. ) ;
#3366 = ORIENTED_EDGE ( 'NONE', *, *, #3051, .T. ) ;
#3367 = ORIENTED_EDGE ( 'NONE', *, *, #3099, .T. ) ;
#3368 = ORIENTED_EDGE ( 'NONE', *, *, #3106, .F. ) ;
#3369 = ORIENTED_EDGE ( 'NONE', *, *, #3053, .T. ) ;
#3370 = ORIENTED_EDGE ( 'NONE', *, *, #2947, .F. ) ;
#3371 = ORIENTED_EDGE ( 'NONE', *, *, #3102, .T. ) ;
#3372 = ORIENTED_EDGE ( 'NONE', *, *, #2819, .F. ) ;
#3373 = ORIENTED_EDGE ( 'NONE', *, *, #3013, .T. ) ;
#3374 = ORIENTED_EDGE ( 'NONE', *, *, #2759, .F. ) ;
#3375 = ORIENTED_EDGE ( 'NONE', *, *, #3026, .T. ) ;
#3376 = ORIENTED_EDGE ( 'NONE', *, *, #3073, .T. ) ;
#3377 = ORIENTED_EDGE ( 'NONE', *, *, #2711, .F. ) ;
#3378 = ORIENTED_EDGE ( 'NONE', *, *, #6397, .F. ) ;
#3379 = ORIENTED_EDGE ( 'NONE', *, *, #3058, .F. ) ;
#3380 = ORIENTED_EDGE ( 'NONE', *, *, #2932, .T. ) ;
#3381 = ORIENTED_EDGE ( 'NONE', *, *, #2681, .F. ) ;
#3382 = ORIENTED_EDGE ( 'NONE', *, *, #3108, .T. ) ;
#3383 = ORIENTED_EDGE ( 'NONE', *, *, #2675, .F. ) ;
#3384 = ORIENTED_EDGE ( 'NONE', *, *, #3106, .T. ) ;
#3385 = ORIENTED_EDGE ( 'NONE', *, *, #3027, .T. ) ;
#3386 = ORIENTED_EDGE ( 'NONE', *, *, #2709, .F. ) ;
#3387 = ORIENTED_EDGE ( 'NONE', *, *, #2678, .T. ) ;
#3388 = ORIENTED_EDGE ( 'NONE', *, *, #2769, .T. ) ;
#3389 = ORIENTED_EDGE ( 'NONE', *, *, #6423, .T. ) ;
#3390 = ORIENTED_EDGE ( 'NONE', *, *, #3065, .F. ) ;
#3391 = ORIENTED_EDGE ( 'NONE', *, *, #3013, .F. ) ;
#3392 = ORIENTED_EDGE ( 'NONE', *, *, #3012, .F. ) ;
#3393 = ORIENTED_EDGE ( 'NONE', *, *, #3108, .F. ) ;
#3394 = ORIENTED_EDGE ( 'NONE', *, *, #6427, .T. ) ;
#3395 = ORIENTED_EDGE ( 'NONE', *, *, #3032, .F. ) ;
#3396 = ORIENTED_EDGE ( 'NONE', *, *, #2805, .T. ) ;
#3397 = ORIENTED_EDGE ( 'NONE', *, *, #2677, .T. ) ;
#3398 = ORIENTED_EDGE ( 'NONE', *, *, #2962, .F. ) ;
#3399 = ORIENTED_EDGE ( 'NONE', *, *, #2751, .F. ) ;
#3400 = ORIENTED_EDGE ( 'NONE', *, *, #2759, .T. ) ;
#3401 = ORIENTED_EDGE ( 'NONE', *, *, #2980, .T. ) ;
#3402 = ORIENTED_EDGE ( 'NONE', *, *, #2960, .F. ) ;
#3403 = ORIENTED_EDGE ( 'NONE', *, *, #2693, .T. ) ;
#3404 = ORIENTED_EDGE ( 'NONE', *, *, #2931, .F. ) ;
#3405 = ORIENTED_EDGE ( 'NONE', *, *, #2949, .T. ) ;
#3406 = ORIENTED_EDGE ( 'NONE', *, *, #3074, .T. ) ;
#3407 = ORIENTED_EDGE ( 'NONE', *, *, #6411, .F. ) ;
#3408 = ORIENTED_EDGE ( 'NONE', *, *, #3050, .T. ) ;
#3409 = ORIENTED_EDGE ( 'NONE', *, *, #2787, .T. ) ;
#3410 = ORIENTED_EDGE ( 'NONE', *, *, #2727, .F. ) ;
#3411 = ORIENTED_EDGE ( 'NONE', *, *, #2771, .T. ) ;
#3412 = ORIENTED_EDGE ( 'NONE', *, *, #2731, .T. ) ;
#3413 = ORIENTED_EDGE ( 'NONE', *, *, #2701, .F. ) ;
#3414 = ORIENTED_EDGE ( 'NONE', *, *, #2701, .T. ) ;
#3415 = ORIENTED_EDGE ( 'NONE', *, *, #2705, .F. ) ;
#3416 = ORIENTED_EDGE ( 'NONE', *, *, #3104, .T. ) ;
#3417 = ORIENTED_EDGE ( 'NONE', *, *, #2950, .T. ) ;
#3418 = ORIENTED_EDGE ( 'NONE', *, *, #3049, .F. ) ;
#3419 = ORIENTED_EDGE ( 'NONE', *, *, #2695, .F. ) ;
#3420 = ORIENTED_EDGE ( 'NONE', *, *, #2738, .T. ) ;
#3421 = ORIENTED_EDGE ( 'NONE', *, *, #6410, .F. ) ;
#3422 = ORIENTED_EDGE ( 'NONE', *, *, #3096, .T. ) ;
#3423 = ORIENTED_EDGE ( 'NONE', *, *, #2971, .T. ) ;
#3424 = ORIENTED_EDGE ( 'NONE', *, *, #3056, .F. ) ;
#3425 = ORIENTED_EDGE ( 'NONE', *, *, #2859, .T. ) ;
#3426 = ORIENTED_EDGE ( 'NONE', *, *, #2707, .F. ) ;
#3427 = ORIENTED_EDGE ( 'NONE', *, *, #2929, .T. ) ;
#3428 = ORIENTED_EDGE ( 'NONE', *, *, #2773, .T. ) ;
#3429 = ORIENTED_EDGE ( 'NONE', *, *, #2685, .F. ) ;
#3430 = ORIENTED_EDGE ( 'NONE', *, *, #2945, .T. ) ;
#3431 = ORIENTED_EDGE ( 'NONE', *, *, #3055, .F. ) ;
#3432 = ORIENTED_EDGE ( 'NONE', *, *, #2816, .T. ) ;
#3433 = ORIENTED_EDGE ( 'NONE', *, *, #2948, .T. ) ;
#3434 = ORIENTED_EDGE ( 'NONE', *, *, #3109, .F. ) ;
#3435 = ORIENTED_EDGE ( 'NONE', *, *, #6420, .F. ) ;
#3436 = ORIENTED_EDGE ( 'NONE', *, *, #3018, .F. ) ;
#3437 = ORIENTED_EDGE ( 'NONE', *, *, #3068, .F. ) ;
#3438 = ORIENTED_EDGE ( 'NONE', *, *, #2934, .F. ) ;
#3439 = ORIENTED_EDGE ( 'NONE', *, *, #2747, .F. ) ;
#3440 = ORIENTED_EDGE ( 'NONE', *, *, #2964, .T. ) ;
#3441 = ORIENTED_EDGE ( 'NONE', *, *, #2922, .F. ) ;
#3442 = ORIENTED_EDGE ( 'NONE', *, *, #2820, .T. ) ;
#3443 = ORIENTED_EDGE ( 'NONE', *, *, #3101, .F. ) ;
#3444 = ORIENTED_EDGE ( 'NONE', *, *, #1198, .T. ) ;
#3445 = ORIENTED_EDGE ( 'NONE', *, *, #6432, .T. ) ;
#3446 = ORIENTED_EDGE ( 'NONE', *, *, #3014, .T. ) ;
#3447 = ORIENTED_EDGE ( 'NONE', *, *, #5210, .F. ) ;
#3448 = ORIENTED_EDGE ( 'NONE', *, *, #2942, .T. ) ;
#3449 = ORIENTED_EDGE ( 'NONE', *, *, #3010, .T. ) ;
#3450 = ORIENTED_EDGE ( 'NONE', *, *, #3070, .T. ) ;
#3451 = ORIENTED_EDGE ( 'NONE', *, *, #2888, .F. ) ;
#3452 = ORIENTED_EDGE ( 'NONE', *, *, #2707, .T. ) ;
#3453 = ORIENTED_EDGE ( 'NONE', *, *, #2711, .T. ) ;
#3454 = ORIENTED_EDGE ( 'NONE', *, *, #2916, .F. ) ;
#3455 = ORIENTED_EDGE ( 'NONE', *, *, #2773, .F. ) ;
#3456 = ORIENTED_EDGE ( 'NONE', *, *, #2987, .T. ) ;
#3457 = ORIENTED_EDGE ( 'NONE', *, *, #3029, .T. ) ;
#3458 = ORIENTED_EDGE ( 'NONE', *, *, #2971, .F. ) ;
#3459 = ORIENTED_EDGE ( 'NONE', *, *, #2749, .T. ) ;
#3460 = ORIENTED_EDGE ( 'NONE', *, *, #2727, .T. ) ;
#3461 = ORIENTED_EDGE ( 'NONE', *, *, #3048, .F. ) ;
#3462 = ORIENTED_EDGE ( 'NONE', *, *, #6382, .F. ) ;
#3463 = ORIENTED_EDGE ( 'NONE', *, *, #3031, .T. ) ;
#3464 = ORIENTED_EDGE ( 'NONE', *, *, #2929, .F. ) ;
#3465 = ORIENTED_EDGE ( 'NONE', *, *, #6408, .F. ) ;
#3466 = ORIENTED_EDGE ( 'NONE', *, *, #3079, .F. ) ;
#3467 = ORIENTED_EDGE ( 'NONE', *, *, #2958, .F. ) ;
#3468 = ORIENTED_EDGE ( 'NONE', *, *, #3010, .F. ) ;
#3469 = ORIENTED_EDGE ( 'NONE', *, *, #2775, .T. ) ;
#3470 = ORIENTED_EDGE ( 'NONE', *, *, #2945, .F. ) ;
#3471 = ORIENTED_EDGE ( 'NONE', *, *, #2831, .F. ) ;
#3472 = ORIENTED_EDGE ( 'NONE', *, *, #2956, .T. ) ;
#3473 = ORIENTED_EDGE ( 'NONE', *, *, #2767, .F. ) ;
#3474 = ORIENTED_EDGE ( 'NONE', *, *, #2729, .T. ) ;
#3475 = ORIENTED_EDGE ( 'NONE', *, *, #2679, .T. ) ;
#3476 = ORIENTED_EDGE ( 'NONE', *, *, #3066, .T. ) ;
#3477 = CLOSED_SHELL ( 'NONE', ( #9301, #9215, #9280, #9279, #1231, #1230, #9288, #9287, #9269, #9268, #9264, #9265, #9252, #9261, #1239, #1238, #9251, #9250, #1229, #1228, #1252, #1251, #9262, #9263, #1266, #1265, #1221, #9208, #9209, #9201, #9204, #9203, #9202, #9196, #9200, #9205, #9213, #9197, #9206, #9207, #9195, #9194, #9193, #9198, #9199, #1271, #1270, #1269, #1268, #1267, #1220, #9212, #9210, #9283, #1234, #9284, #1233, #1235, #1232, #1247, #1248, #1246, #9281, #9282, #9307, #9315, #9311, #9317, #9313, #9316, #9312, #9310, #9306, #9214, #9220, #9359, #9362, #9353, #9354, #9218, #9239, #9368, #9242, #9217, #9240, #9223, #9243, #9244, #9241, #9236, #9221, #9222, #9238, #9237, #9219, #9361, #9365, #9363, #9355, #9358, #9357, #9260, #9360, #9216, #9352, #9356, #9395, #9396, #9412, #9398, #9404, #9402, #9403, #9414, #9410 ) ) ;
#3478 = ORIENTED_EDGE ( 'NONE', *, *, #3071, .F. ) ;
#3479 = ORIENTED_EDGE ( 'NONE', *, *, #2938, .T. ) ;
#3480 = ORIENTED_EDGE ( 'NONE', *, *, #3056, .T. ) ;
#3481 = ORIENTED_EDGE ( 'NONE', *, *, #2974, .F. ) ;
#3482 = ORIENTED_EDGE ( 'NONE', *, *, #3074, .F. ) ;
#3483 = ORIENTED_EDGE ( 'NONE', *, *, #3101, .T. ) ;
#3484 = ORIENTED_EDGE ( 'NONE', *, *, #2767, .T. ) ;
#3485 = ORIENTED_EDGE ( 'NONE', *, *, #2931, .T. ) ;
#3486 = ORIENTED_EDGE ( 'NONE', *, *, #3076, .F. ) ;
#3487 = ORIENTED_EDGE ( 'NONE', *, *, #4114, .T. ) ;
#3488 = ORIENTED_EDGE ( 'NONE', *, *, #2769, .F. ) ;
#3489 = ORIENTED_EDGE ( 'NONE', *, *, #2855, .T. ) ;
#3490 = ORIENTED_EDGE ( 'NONE', *, *, #4026, .F. ) ;
#3491 = ORIENTED_EDGE ( 'NONE', *, *, #3075, .F. ) ;
#3492 = ORIENTED_EDGE ( 'NONE', *, *, #3008, .F. ) ;
#3493 = ORIENTED_EDGE ( 'NONE', *, *, #2713, .T. ) ;
#3494 = ORIENTED_EDGE ( 'NONE', *, *, #2947, .T. ) ;
#3495 = ORIENTED_EDGE ( 'NONE', *, *, #2954, .F. ) ;
#3496 = ORIENTED_EDGE ( 'NONE', *, *, #4111, .T. ) ;
#3497 = ORIENTED_EDGE ( 'NONE', *, *, #2976, .T. ) ;
#3498 = ORIENTED_EDGE ( 'NONE', *, *, #2872, .T. ) ;
#3499 = ORIENTED_EDGE ( 'NONE', *, *, #2977, .F. ) ;
#3500 = ORIENTED_EDGE ( 'NONE', *, *, #3016, .T. ) ;
#3501 = ORIENTED_EDGE ( 'NONE', *, *, #2749, .F. ) ;
#3502 = ORIENTED_EDGE ( 'NONE', *, *, #2980, .F. ) ;
#3503 = ORIENTED_EDGE ( 'NONE', *, *, #8021, .F. ) ;
#3504 = ORIENTED_EDGE ( 'NONE', *, *, #2715, .T. ) ;
#3505 = ORIENTED_EDGE ( 'NONE', *, *, #2878, .T. ) ;
#3506 = ORIENTED_EDGE ( 'NONE', *, *, #3057, .T. ) ;
#3507 = ORIENTED_EDGE ( 'NONE', *, *, #2817, .F. ) ;
#3508 = CLOSED_SHELL ( 'NONE', ( #9391, #9394, #9393, #9409, #9401, #9405, #9406, #9400, #9407, #9413 ) ) ;
#3509 = ORIENTED_EDGE ( 'NONE', *, *, #2753, .F. ) ;
#3510 = ORIENTED_EDGE ( 'NONE', *, *, #6403, .F. ) ;
#3511 = ORIENTED_EDGE ( 'NONE', *, *, #2680, .T. ) ;
#3512 = ORIENTED_EDGE ( 'NONE', *, *, #3026, .F. ) ;
#3513 = ORIENTED_EDGE ( 'NONE', *, *, #3009, .F. ) ;
#3514 = ORIENTED_EDGE ( 'NONE', *, *, #6395, .F. ) ;
#3515 = ORIENTED_EDGE ( 'NONE', *, *, #2978, .F. ) ;
#3516 = ORIENTED_EDGE ( 'NONE', *, *, #2733, .F. ) ;
#3517 = ORIENTED_EDGE ( 'NONE', *, *, #2869, .T. ) ;
#3518 = ORIENTED_EDGE ( 'NONE', *, *, #5224, .T. ) ;
#3519 = ORIENTED_EDGE ( 'NONE', *, *, #2745, .F. ) ;
#3520 = ORIENTED_EDGE ( 'NONE', *, *, #3060, .F. ) ;
#3521 = ORIENTED_EDGE ( 'NONE', *, *, #3080, .T. ) ;
#3522 = ORIENTED_EDGE ( 'NONE', *, *, #2775, .F. ) ;
#3523 = ORIENTED_EDGE ( 'NONE', *, *, #2938, .F. ) ;
#3524 = ORIENTED_EDGE ( 'NONE', *, *, #6401, .F. ) ;
#3525 = ORIENTED_EDGE ( 'NONE', *, *, #2940, .T. ) ;
#3526 = ORIENTED_EDGE ( 'NONE', *, *, #6429, .T. ) ;
#3527 = ORIENTED_EDGE ( 'NONE', *, *, #3069, .F. ) ;
#3528 = ORIENTED_EDGE ( 'NONE', *, *, #2725, .F. ) ;
#3529 = ORIENTED_EDGE ( 'NONE', *, *, #3008, .T. ) ;
#3530 = ORIENTED_EDGE ( 'NONE', *, *, #2765, .T. ) ;
#3531 = ORIENTED_EDGE ( 'NONE', *, *, #2974, .T. ) ;
#3532 = ORIENTED_EDGE ( 'NONE', *, *, #2978, .T. ) ;
#3533 = ORIENTED_EDGE ( 'NONE', *, *, #3046, .F. ) ;
#3534 = ORIENTED_EDGE ( 'NONE', *, *, #2942, .F. ) ;
#3535 = ORIENTED_EDGE ( 'NONE', *, *, #2944, .T. ) ;
#3536 = ORIENTED_EDGE ( 'NONE', *, *, #2940, .F. ) ;
#3537 = ORIENTED_EDGE ( 'NONE', *, *, #3053, .F. ) ;
#3538 = ORIENTED_EDGE ( 'NONE', *, *, #2861, .T. ) ;
#3539 = ORIENTED_EDGE ( 'NONE', *, *, #3024, .F. ) ;
#3540 = CLOSED_SHELL ( 'NONE', ( #9408, #9392, #9314, #9321, #9411, #9397 ) ) ;
#3541 = ORIENTED_EDGE ( 'NONE', *, *, #2763, .F. ) ;
#3542 = ORIENTED_EDGE ( 'NONE', *, *, #2976, .F. ) ;
#3543 = ORIENTED_EDGE ( 'NONE', *, *, #3020, .T. ) ;
#3544 = ORIENTED_EDGE ( 'NONE', *, *, #3021, .T. ) ;
#3545 = ORIENTED_EDGE ( 'NONE', *, *, #3107, .T. ) ;
#3546 = ORIENTED_EDGE ( 'NONE', *, *, #2783, .T. ) ;
#3547 = ORIENTED_EDGE ( 'NONE', *, *, #3009, .T. ) ;
#3548 = ORIENTED_EDGE ( 'NONE', *, *, #2986, .T. ) ;
#3549 = ORIENTED_EDGE ( 'NONE', *, *, #2977, .T. ) ;
#3550 = ORIENTED_EDGE ( 'NONE', *, *, #2926, .F. ) ;
#3551 = ORIENTED_EDGE ( 'NONE', *, *, #2991, .F. ) ;
#3552 = ORIENTED_EDGE ( 'NONE', *, *, #2986, .F. ) ;
#3553 = ORIENTED_EDGE ( 'NONE', *, *, #3031, .F. ) ;
#3554 = ORIENTED_EDGE ( 'NONE', *, *, #3072, .F. ) ;
#3555 = ORIENTED_EDGE ( 'NONE', *, *, #3082, .F. ) ;
#3556 = ORIENTED_EDGE ( 'NONE', *, *, #2697, .F. ) ;
#3557 = ORIENTED_EDGE ( 'NONE', *, *, #3032, .T. ) ;
#3558 = ORIENTED_EDGE ( 'NONE', *, *, #2809, .T. ) ;
#3559 = ORIENTED_EDGE ( 'NONE', *, *, #2928, .T. ) ;
#3560 = ORIENTED_EDGE ( 'NONE', *, *, #2765, .F. ) ;
#3561 = ORIENTED_EDGE ( 'NONE', *, *, #2882, .T. ) ;
#3562 = ORIENTED_EDGE ( 'NONE', *, *, #2789, .T. ) ;
#3563 = ORIENTED_EDGE ( 'NONE', *, *, #3098, .F. ) ;
#3564 = ORIENTED_EDGE ( 'NONE', *, *, #2865, .T. ) ;
#3565 = ORIENTED_EDGE ( 'NONE', *, *, #2934, .T. ) ;
#3566 = ORIENTED_EDGE ( 'NONE', *, *, #3045, .F. ) ;
#3567 = ORIENTED_EDGE ( 'NONE', *, *, #2876, .T. ) ;
#3568 = ORIENTED_EDGE ( 'NONE', *, *, #3052, .F. ) ;
#3569 = ORIENTED_EDGE ( 'NONE', *, *, #2918, .T. ) ;
#3570 = ORIENTED_EDGE ( 'NONE', *, *, #3018, .T. ) ;
#3571 = ORIENTED_EDGE ( 'NONE', *, *, #2975, .F. ) ;
#3572 = ORIENTED_EDGE ( 'NONE', *, *, #3088, .T. ) ;
#3573 = ORIENTED_EDGE ( 'NONE', *, *, #2691, .T. ) ;
#3574 = ORIENTED_EDGE ( 'NONE', *, *, #3019, .T. ) ;
#3575 = ORIENTED_EDGE ( 'NONE', *, *, #2699, .T. ) ;
#3576 = ORIENTED_EDGE ( 'NONE', *, *, #2721, .F. ) ;
#3577 = ORIENTED_EDGE ( 'NONE', *, *, #3051, .F. ) ;
#3578 = ORIENTED_EDGE ( 'NONE', *, *, #3046, .T. ) ;
#3579 = ORIENTED_EDGE ( 'NONE', *, *, #6400, .F. ) ;
#3580 = ORIENTED_EDGE ( 'NONE', *, *, #5216, .F. ) ;
#3581 = ORIENTED_EDGE ( 'NONE', *, *, #2990, .T. ) ;
#3582 = ORIENTED_EDGE ( 'NONE', *, *, #2699, .F. ) ;
#3583 = ORIENTED_EDGE ( 'NONE', *, *, #3044, .F. ) ;
#3584 = ORIENTED_EDGE ( 'NONE', *, *, #3100, .T. ) ;
#3585 = CARTESIAN_POINT ( 'NONE',  ( 11.08651080908605600, 11.88039666666665400, 6.400800000001313000 ) ) ;
#3586 = CARTESIAN_POINT ( 'NONE',  ( 1.538157622105185100E-012, 11.66872999999998800, -12.80159999999995100 ) ) ;
#3587 = CARTESIAN_POINT ( 'NONE',  ( 7.391007206056343600, 11.93331333333332000, 12.80160000000084100 ) ) ;
#3588 = CARTESIAN_POINT ( 'NONE',  ( 7.391007206059430100, 11.72164666666665600, -12.80159999999905900 ) ) ;
#3589 = CARTESIAN_POINT ( 'NONE',  ( 14.78201441211576900, 11.19247999999999100, 1.778740484904796600E-012 ) ) ;
#3590 = CARTESIAN_POINT ( 'NONE',  ( -1.539729715255289100E-012, 11.98622999999998700, 12.80159999999995100 ) ) ;
#3591 = CARTESIAN_POINT ( 'NONE',  ( -7.391007206059426500, 12.03914666666665300, 12.80159999999905900 ) ) ;
#3592 = CARTESIAN_POINT ( 'NONE',  ( -14.78201441211576900, 11.50997999999998800, -1.776737398773147200E-012 ) ) ;
#3593 = CARTESIAN_POINT ( 'NONE',  ( 7.391007206059430100, 11.08664666666665600, -12.80159999999905900 ) ) ;
#3594 = CARTESIAN_POINT ( 'NONE',  ( -7.391007206059426500, 11.40414666666665500, 12.80159999999905900 ) ) ;
#3595 = CARTESIAN_POINT ( 'NONE',  ( 7.391007206056343600, 11.29831333333332200, 12.80160000000084100 ) ) ;
#3596 = CARTESIAN_POINT ( 'NONE',  ( 11.08651080908605600, 11.24539666666665700, 6.400800000001313000 ) ) ;
#3597 = CARTESIAN_POINT ( 'NONE',  ( 14.78201441211576900, 11.82747999999998900, 1.778740484904796600E-012 ) ) ;
#3598 = CARTESIAN_POINT ( 'NONE',  ( -1.539729715255289100E-012, 11.35122999999999000, 12.80159999999995100 ) ) ;
#3599 = CARTESIAN_POINT ( 'NONE',  ( 11.08651080908760100, 11.77456333333332100, -6.400799999998634200 ) ) ;
#3600 = CARTESIAN_POINT ( 'NONE',  ( -11.08651080908759600, 11.45706333333332300, 6.400799999998641400 ) ) ;
#3601 = CARTESIAN_POINT ( 'NONE',  ( -7.391007206056344500, 11.61581333333332100, -12.80160000000084100 ) ) ;
#3602 = CARTESIAN_POINT ( 'NONE',  ( 11.08651080908760100, 11.13956333333332400, -6.400799999998634200 ) ) ;
#3603 = CARTESIAN_POINT ( 'NONE',  ( -11.08651080908605700, 11.56289666666665600, -6.400800000001309400 ) ) ;
#3604 = CARTESIAN_POINT ( 'NONE',  ( -11.08651080908759600, 12.09206333333332300, 6.400799999998641400 ) ) ;
#3605 = CARTESIAN_POINT ( 'NONE',  ( 1.538157622105185100E-012, 11.03372999999999100, -12.80159999999995100 ) ) ;
#3606 = CARTESIAN_POINT ( 'NONE',  ( 1.127570259384924600E-014, 13.14450000000000100, 2.940364850601330000 ) ) ;
#3607 = CARTESIAN_POINT ( 'NONE',  ( 11.38347092004455500, 6.572249999999984400, 3.046198183934662600 ) ) ;
#3608 = CARTESIAN_POINT ( 'NONE',  ( -7.588980613363026400, 13.14450000000000100, 2.887448183934663100 ) ) ;
#3609 = CARTESIAN_POINT ( 'NONE',  ( -13.14449999999999500, 3.522058159910900900, 2.809972806800290300 ) ) ;
#3610 = CARTESIAN_POINT ( 'NONE',  ( -11.38347092004454600, 6.572250000000002100, 2.834531517267997000 ) ) ;
#3611 = CARTESIAN_POINT ( 'NONE',  ( 3.280463044020566400, 0.0000000000000000000, -11.26376559003944200 ) ) ;
#3612 = CARTESIAN_POINT ( 'NONE',  ( -13.14449999999999700, 1.022599059854450300E-014, 2.781614850601330100 ) ) ;
#3613 = CARTESIAN_POINT ( 'NONE',  ( 7.588980613363044200, 13.14449999999999400, 2.993281517267995600 ) ) ;
#3614 = ORIENTED_EDGE ( 'NONE', *, *, #3041, .F. ) ;
#3615 = ORIENTED_EDGE ( 'NONE', *, *, #3042, .F. ) ;
#3616 = ORIENTED_EDGE ( 'NONE', *, *, #1185, .T. ) ;
#3617 = CLOSED_SHELL ( 'NONE', ( #9231, #9228, #9232, #9227, #9225, #9230, #9245, #9254, #9253, #9249, #9259, #9248, #9246, #9247 ) ) ;
#3618 = VERTEX_POINT ( 'NONE', #7399 ) ;
#3619 = VERTEX_POINT ( 'NONE', #7400 ) ;
#3620 = VERTEX_POINT ( 'NONE', #7401 ) ;
#3621 = ORIENTED_EDGE ( 'NONE', *, *, #1205, .F. ) ;
#3622 = VERTEX_POINT ( 'NONE', #7396 ) ;
#3623 = VERTEX_POINT ( 'NONE', #7395 ) ;
#3624 = VERTEX_POINT ( 'NONE', #7403 ) ;
#3625 = ORIENTED_EDGE ( 'NONE', *, *, #3038, .T. ) ;
#3626 = VERTEX_POINT ( 'NONE', #7397 ) ;
#3627 = ORIENTED_EDGE ( 'NONE', *, *, #3094, .T. ) ;
#3628 = VERTEX_POINT ( 'NONE', #7398 ) ;
#3629 = VERTEX_POINT ( 'NONE', #7402 ) ;
#3630 = VERTEX_POINT ( 'NONE', #7406 ) ;
#3631 = ORIENTED_EDGE ( 'NONE', *, *, #4099, .T. ) ;
#3632 = ORIENTED_EDGE ( 'NONE', *, *, #3039, .F. ) ;
#3633 = VERTEX_POINT ( 'NONE', #7404 ) ;
#3634 = ORIENTED_EDGE ( 'NONE', *, *, #3095, .F. ) ;
#3635 = ORIENTED_EDGE ( 'NONE', *, *, #3083, .T. ) ;
#3636 = VERTEX_POINT ( 'NONE', #7410 ) ;
#3637 = ORIENTED_EDGE ( 'NONE', *, *, #2994, .F. ) ;
#3638 = VERTEX_POINT ( 'NONE', #7407 ) ;
#3639 = ORIENTED_EDGE ( 'NONE', *, *, #3040, .T. ) ;
#3640 = ORIENTED_EDGE ( 'NONE', *, *, #3040, .F. ) ;
#3641 = ORIENTED_EDGE ( 'NONE', *, *, #3042, .T. ) ;
#3642 = VERTEX_POINT ( 'NONE', #7411 ) ;
#3643 = ORIENTED_EDGE ( 'NONE', *, *, #3017, .F. ) ;
#3644 = ORIENTED_EDGE ( 'NONE', *, *, #3095, .T. ) ;
#3645 = VERTEX_POINT ( 'NONE', #7412 ) ;
#3646 = VERTEX_POINT ( 'NONE', #7414 ) ;
#3647 = VERTEX_POINT ( 'NONE', #7408 ) ;
#3648 = ORIENTED_EDGE ( 'NONE', *, *, #3085, .T. ) ;
#3649 = ORIENTED_EDGE ( 'NONE', *, *, #3035, .T. ) ;
#3650 = ORIENTED_EDGE ( 'NONE', *, *, #3041, .T. ) ;
#3651 = VERTEX_POINT ( 'NONE', #7413 ) ;
#3652 = VERTEX_POINT ( 'NONE', #7405 ) ;
#3653 = SHAPE_REPRESENTATION ( 'Thermistor0805', ( #7611 ), #7619 ) ;
#3654 = SHAPE_REPRESENTATION ( 'pcb_Assy', ( #7620, #7621, #7622, #7623, #7624 ), #7625 ) ;
#3655 = SHAPE_REPRESENTATION ( 'Diodenpackage_UV100-D', ( #7611 ), #7626 ) ;
#3656 = SHAPE_REPRESENTATION ( 'ND-Filter ND1', ( #7611 ), #7629 ) ;
#3657 = SHAPE_REPRESENTATION ( '18356-E01', ( #7640, #7632, #7633, #7634, #7635, #7636, #7637, #7638 ), #7639 ) ;
#3658 = SHAPE_REPRESENTATION ( 'UV-100D Mechanik', ( #7611 ), #7615 ) ;
#3659 = SHAPE_REPRESENTATION ( 'PCB_S120', ( #7611 ), #7617 ) ;
#3660 = SHAPE_REPRESENTATION ( 'Sensorkabel', ( #7611 ), #7630 ) ;
#3661 = SHAPE_REPRESENTATION ( 'SB1', ( #7611 ), #7618 ) ;
#3662 = SHAPE_REPRESENTATION ( 'S12xB Filter Mount', ( #7611 ), #7627 ) ;
#3663 = SHAPE_REPRESENTATION ( 'disc ring', ( #7611 ), #7628 ) ;
#3664 = LINE ( 'NONE', #9452, #9430 ) ;
#3665 = VERTEX_POINT ( 'NONE', #7417 ) ;
#3666 = VERTEX_POINT ( 'NONE', #7415 ) ;
#3667 = VERTEX_POINT ( 'NONE', #7418 ) ;
#3668 = VERTEX_POINT ( 'NONE', #7409 ) ;
#3669 = VERTEX_POINT ( 'NONE', #7419 ) ;
#3670 = VERTEX_POINT ( 'NONE', #7416 ) ;
#3671 = VERTEX_POINT ( 'NONE', #7420 ) ;
#3672 = VERTEX_POINT ( 'NONE', #7421 ) ;
#3673 = VERTEX_POINT ( 'NONE', #7422 ) ;
#3674 = VERTEX_POINT ( 'NONE', #7423 ) ;
#3675 = VERTEX_POINT ( 'NONE', #7424 ) ;
#3676 = VERTEX_POINT ( 'NONE', #7425 ) ;
#3677 = VERTEX_POINT ( 'NONE', #7426 ) ;
#3678 = VERTEX_POINT ( 'NONE', #7427 ) ;
#3679 = VERTEX_POINT ( 'NONE', #7428 ) ;
#3680 = VERTEX_POINT ( 'NONE', #7429 ) ;
#3681 = VERTEX_POINT ( 'NONE', #7430 ) ;
#3682 = VERTEX_POINT ( 'NONE', #7431 ) ;
#3683 = VERTEX_POINT ( 'NONE', #7432 ) ;
#3684 = VERTEX_POINT ( 'NONE', #7433 ) ;
#3685 = VERTEX_POINT ( 'NONE', #7434 ) ;
#3686 = VERTEX_POINT ( 'NONE', #7435 ) ;
#3687 = VERTEX_POINT ( 'NONE', #7436 ) ;
#3688 = VERTEX_POINT ( 'NONE', #7437 ) ;
#3689 = VERTEX_POINT ( 'NONE', #7438 ) ;
#3690 = VERTEX_POINT ( 'NONE', #7439 ) ;
#3691 = VERTEX_POINT ( 'NONE', #7440 ) ;
#3692 = VERTEX_POINT ( 'NONE', #7441 ) ;
#3693 = VERTEX_POINT ( 'NONE', #7442 ) ;
#3694 = VERTEX_POINT ( 'NONE', #7443 ) ;
#3695 = VERTEX_POINT ( 'NONE', #7444 ) ;
#3696 = VERTEX_POINT ( 'NONE', #7445 ) ;
#3697 = VERTEX_POINT ( 'NONE', #7446 ) ;
#3698 = VERTEX_POINT ( 'NONE', #7447 ) ;
#3699 = VERTEX_POINT ( 'NONE', #7448 ) ;
#3700 = VERTEX_POINT ( 'NONE', #7449 ) ;
#3701 = VERTEX_POINT ( 'NONE', #7450 ) ;
#3702 = VERTEX_POINT ( 'NONE', #7451 ) ;
#3703 = VERTEX_POINT ( 'NONE', #7452 ) ;
#3704 = VERTEX_POINT ( 'NONE', #7453 ) ;
#3705 = VERTEX_POINT ( 'NONE', #7454 ) ;
#3706 = VERTEX_POINT ( 'NONE', #7455 ) ;
#3707 = VERTEX_POINT ( 'NONE', #7456 ) ;
#3708 = VERTEX_POINT ( 'NONE', #7457 ) ;
#3709 = VERTEX_POINT ( 'NONE', #7458 ) ;
#3710 = VERTEX_POINT ( 'NONE', #7459 ) ;
#3711 = VERTEX_POINT ( 'NONE', #7460 ) ;
#3712 = VERTEX_POINT ( 'NONE', #7461 ) ;
#3713 = VERTEX_POINT ( 'NONE', #7462 ) ;
#3714 = VERTEX_POINT ( 'NONE', #7463 ) ;
#3715 = VERTEX_POINT ( 'NONE', #7464 ) ;
#3716 = VERTEX_POINT ( 'NONE', #7465 ) ;
#3717 = VERTEX_POINT ( 'NONE', #7466 ) ;
#3718 = VERTEX_POINT ( 'NONE', #7467 ) ;
#3719 = VERTEX_POINT ( 'NONE', #7468 ) ;
#3720 = VERTEX_POINT ( 'NONE', #7469 ) ;
#3721 = VERTEX_POINT ( 'NONE', #7470 ) ;
#3722 = VERTEX_POINT ( 'NONE', #7471 ) ;
#3723 = VERTEX_POINT ( 'NONE', #7472 ) ;
#3724 = VERTEX_POINT ( 'NONE', #7473 ) ;
#3725 = VERTEX_POINT ( 'NONE', #7474 ) ;
#3726 = VERTEX_POINT ( 'NONE', #7475 ) ;
#3727 = VERTEX_POINT ( 'NONE', #7476 ) ;
#3728 = VERTEX_POINT ( 'NONE', #7477 ) ;
#3729 = VERTEX_POINT ( 'NONE', #7478 ) ;
#3730 = VERTEX_POINT ( 'NONE', #3178 ) ;
#3731 = VERTEX_POINT ( 'NONE', #3179 ) ;
#3732 = VERTEX_POINT ( 'NONE', #5205 ) ;
#3733 = VERTEX_POINT ( 'NONE', #4118 ) ;
#3734 = VERTEX_POINT ( 'NONE', #4119 ) ;
#3735 = VERTEX_POINT ( 'NONE', #4120 ) ;
#3736 = VERTEX_POINT ( 'NONE', #4121 ) ;
#3737 = VERTEX_POINT ( 'NONE', #4122 ) ;
#3738 = VERTEX_POINT ( 'NONE', #4123 ) ;
#3739 = VERTEX_POINT ( 'NONE', #4124 ) ;
#3740 = VERTEX_POINT ( 'NONE', #4125 ) ;
#3741 = VERTEX_POINT ( 'NONE', #4126 ) ;
#3742 = VERTEX_POINT ( 'NONE', #4127 ) ;
#3743 = VERTEX_POINT ( 'NONE', #4128 ) ;
#3744 = VERTEX_POINT ( 'NONE', #4129 ) ;
#3745 = VERTEX_POINT ( 'NONE', #4130 ) ;
#3746 = VERTEX_POINT ( 'NONE', #4131 ) ;
#3747 = VERTEX_POINT ( 'NONE', #4132 ) ;
#3748 = VERTEX_POINT ( 'NONE', #4133 ) ;
#3749 = VERTEX_POINT ( 'NONE', #4134 ) ;
#3750 = VERTEX_POINT ( 'NONE', #4135 ) ;
#3751 = VERTEX_POINT ( 'NONE', #4136 ) ;
#3752 = VERTEX_POINT ( 'NONE', #4137 ) ;
#3753 = VERTEX_POINT ( 'NONE', #4138 ) ;
#3754 = VERTEX_POINT ( 'NONE', #4139 ) ;
#3755 = VERTEX_POINT ( 'NONE', #4140 ) ;
#3756 = VERTEX_POINT ( 'NONE', #4141 ) ;
#3757 = VERTEX_POINT ( 'NONE', #4142 ) ;
#3758 = VERTEX_POINT ( 'NONE', #4143 ) ;
#3759 = VERTEX_POINT ( 'NONE', #4144 ) ;
#3760 = VERTEX_POINT ( 'NONE', #4145 ) ;
#3761 = VERTEX_POINT ( 'NONE', #4146 ) ;
#3762 = VERTEX_POINT ( 'NONE', #4147 ) ;
#3763 = VERTEX_POINT ( 'NONE', #4148 ) ;
#3764 = VERTEX_POINT ( 'NONE', #4149 ) ;
#3765 = VERTEX_POINT ( 'NONE', #4150 ) ;
#3766 = VERTEX_POINT ( 'NONE', #4151 ) ;
#3767 = VERTEX_POINT ( 'NONE', #4152 ) ;
#3768 = VERTEX_POINT ( 'NONE', #4153 ) ;
#3769 = VERTEX_POINT ( 'NONE', #4154 ) ;
#3770 = VERTEX_POINT ( 'NONE', #4155 ) ;
#3771 = VERTEX_POINT ( 'NONE', #4156 ) ;
#3772 = VERTEX_POINT ( 'NONE', #4157 ) ;
#3773 = VERTEX_POINT ( 'NONE', #4158 ) ;
#3774 = VERTEX_POINT ( 'NONE', #4159 ) ;
#3775 = VERTEX_POINT ( 'NONE', #4160 ) ;
#3776 = VERTEX_POINT ( 'NONE', #4161 ) ;
#3777 = VERTEX_POINT ( 'NONE', #4162 ) ;
#3778 = VERTEX_POINT ( 'NONE', #4163 ) ;
#3779 = VERTEX_POINT ( 'NONE', #4164 ) ;
#3780 = VERTEX_POINT ( 'NONE', #4165 ) ;
#3781 = VERTEX_POINT ( 'NONE', #4166 ) ;
#3782 = VERTEX_POINT ( 'NONE', #4167 ) ;
#3783 = VERTEX_POINT ( 'NONE', #4168 ) ;
#3784 = VERTEX_POINT ( 'NONE', #4169 ) ;
#3785 = VERTEX_POINT ( 'NONE', #4170 ) ;
#3786 = VERTEX_POINT ( 'NONE', #4171 ) ;
#3787 = VERTEX_POINT ( 'NONE', #4172 ) ;
#3788 = VERTEX_POINT ( 'NONE', #4173 ) ;
#3789 = VERTEX_POINT ( 'NONE', #4174 ) ;
#3790 = VERTEX_POINT ( 'NONE', #4175 ) ;
#3791 = VERTEX_POINT ( 'NONE', #4176 ) ;
#3792 = VERTEX_POINT ( 'NONE', #4177 ) ;
#3793 = VERTEX_POINT ( 'NONE', #4178 ) ;
#3794 = VERTEX_POINT ( 'NONE', #4179 ) ;
#3795 = VERTEX_POINT ( 'NONE', #4180 ) ;
#3796 = VERTEX_POINT ( 'NONE', #4181 ) ;
#3797 = VERTEX_POINT ( 'NONE', #4182 ) ;
#3798 = VERTEX_POINT ( 'NONE', #4183 ) ;
#3799 = VERTEX_POINT ( 'NONE', #4184 ) ;
#3800 = VERTEX_POINT ( 'NONE', #4185 ) ;
#3801 = VERTEX_POINT ( 'NONE', #4186 ) ;
#3802 = VERTEX_POINT ( 'NONE', #4187 ) ;
#3803 = VERTEX_POINT ( 'NONE', #4188 ) ;
#3804 = VERTEX_POINT ( 'NONE', #4189 ) ;
#3805 = VERTEX_POINT ( 'NONE', #4190 ) ;
#3806 = VERTEX_POINT ( 'NONE', #4191 ) ;
#3807 = VERTEX_POINT ( 'NONE', #4192 ) ;
#3808 = VERTEX_POINT ( 'NONE', #4193 ) ;
#3809 = VERTEX_POINT ( 'NONE', #4194 ) ;
#3810 = VERTEX_POINT ( 'NONE', #4195 ) ;
#3811 = VERTEX_POINT ( 'NONE', #4196 ) ;
#3812 = VERTEX_POINT ( 'NONE', #4197 ) ;
#3813 = VERTEX_POINT ( 'NONE', #4198 ) ;
#3814 = VERTEX_POINT ( 'NONE', #4199 ) ;
#3815 = VERTEX_POINT ( 'NONE', #4200 ) ;
#3816 = VERTEX_POINT ( 'NONE', #4201 ) ;
#3817 = VERTEX_POINT ( 'NONE', #4202 ) ;
#3818 = VERTEX_POINT ( 'NONE', #4203 ) ;
#3819 = VERTEX_POINT ( 'NONE', #4204 ) ;
#3820 = VERTEX_POINT ( 'NONE', #4205 ) ;
#3821 = VERTEX_POINT ( 'NONE', #4206 ) ;
#3822 = VERTEX_POINT ( 'NONE', #4207 ) ;
#3823 = VERTEX_POINT ( 'NONE', #4208 ) ;
#3824 = VERTEX_POINT ( 'NONE', #4209 ) ;
#3825 = VERTEX_POINT ( 'NONE', #4210 ) ;
#3826 = VERTEX_POINT ( 'NONE', #4211 ) ;
#3827 = VERTEX_POINT ( 'NONE', #4212 ) ;
#3828 = VERTEX_POINT ( 'NONE', #4213 ) ;
#3829 = VERTEX_POINT ( 'NONE', #4214 ) ;
#3830 = VERTEX_POINT ( 'NONE', #4215 ) ;
#3831 = VERTEX_POINT ( 'NONE', #4216 ) ;
#3832 = VERTEX_POINT ( 'NONE', #4217 ) ;
#3833 = VERTEX_POINT ( 'NONE', #4218 ) ;
#3834 = VERTEX_POINT ( 'NONE', #4219 ) ;
#3835 = VERTEX_POINT ( 'NONE', #4220 ) ;
#3836 = VERTEX_POINT ( 'NONE', #4221 ) ;
#3837 = VERTEX_POINT ( 'NONE', #4222 ) ;
#3838 = VERTEX_POINT ( 'NONE', #4223 ) ;
#3839 = VERTEX_POINT ( 'NONE', #4224 ) ;
#3840 = VERTEX_POINT ( 'NONE', #4225 ) ;
#3841 = VERTEX_POINT ( 'NONE', #4226 ) ;
#3842 = VERTEX_POINT ( 'NONE', #4227 ) ;
#3843 = VERTEX_POINT ( 'NONE', #4228 ) ;
#3844 = VERTEX_POINT ( 'NONE', #4229 ) ;
#3845 = VERTEX_POINT ( 'NONE', #4230 ) ;
#3846 = VERTEX_POINT ( 'NONE', #4231 ) ;
#3847 = VERTEX_POINT ( 'NONE', #4232 ) ;
#3848 = VERTEX_POINT ( 'NONE', #4233 ) ;
#3849 = VERTEX_POINT ( 'NONE', #4234 ) ;
#3850 = VERTEX_POINT ( 'NONE', #4235 ) ;
#3851 = VERTEX_POINT ( 'NONE', #4236 ) ;
#3852 = VERTEX_POINT ( 'NONE', #4237 ) ;
#3853 = VERTEX_POINT ( 'NONE', #4238 ) ;
#3854 = VERTEX_POINT ( 'NONE', #4239 ) ;
#3855 = VERTEX_POINT ( 'NONE', #4240 ) ;
#3856 = VERTEX_POINT ( 'NONE', #4241 ) ;
#3857 = VERTEX_POINT ( 'NONE', #4242 ) ;
#3858 = VERTEX_POINT ( 'NONE', #4243 ) ;
#3859 = VERTEX_POINT ( 'NONE', #4244 ) ;
#3860 = VERTEX_POINT ( 'NONE', #4245 ) ;
#3861 = VERTEX_POINT ( 'NONE', #4246 ) ;
#3862 = VERTEX_POINT ( 'NONE', #4247 ) ;
#3863 = VERTEX_POINT ( 'NONE', #4248 ) ;
#3864 = VERTEX_POINT ( 'NONE', #4249 ) ;
#3865 = VERTEX_POINT ( 'NONE', #4250 ) ;
#3866 = VERTEX_POINT ( 'NONE', #4251 ) ;
#3867 = VERTEX_POINT ( 'NONE', #4252 ) ;
#3868 = VERTEX_POINT ( 'NONE', #4253 ) ;
#3869 = VERTEX_POINT ( 'NONE', #4254 ) ;
#3870 = VERTEX_POINT ( 'NONE', #4255 ) ;
#3871 = VERTEX_POINT ( 'NONE', #4256 ) ;
#3872 = VERTEX_POINT ( 'NONE', #4257 ) ;
#3873 = VERTEX_POINT ( 'NONE', #4258 ) ;
#3874 = VERTEX_POINT ( 'NONE', #4259 ) ;
#3875 = VERTEX_POINT ( 'NONE', #4260 ) ;
#3876 = VERTEX_POINT ( 'NONE', #4261 ) ;
#3877 = VERTEX_POINT ( 'NONE', #4262 ) ;
#3878 = VERTEX_POINT ( 'NONE', #4263 ) ;
#3879 = VERTEX_POINT ( 'NONE', #4264 ) ;
#3880 = VERTEX_POINT ( 'NONE', #4265 ) ;
#3881 = VERTEX_POINT ( 'NONE', #4266 ) ;
#3882 = VERTEX_POINT ( 'NONE', #4267 ) ;
#3883 = VERTEX_POINT ( 'NONE', #4268 ) ;
#3884 = VERTEX_POINT ( 'NONE', #4269 ) ;
#3885 = VERTEX_POINT ( 'NONE', #4270 ) ;
#3886 = VERTEX_POINT ( 'NONE', #4271 ) ;
#3887 = VERTEX_POINT ( 'NONE', #4272 ) ;
#3888 = VERTEX_POINT ( 'NONE', #4273 ) ;
#3889 = VERTEX_POINT ( 'NONE', #4274 ) ;
#3890 = VERTEX_POINT ( 'NONE', #4275 ) ;
#3891 = VERTEX_POINT ( 'NONE', #4276 ) ;
#3892 = VERTEX_POINT ( 'NONE', #4277 ) ;
#3893 = VERTEX_POINT ( 'NONE', #4278 ) ;
#3894 = VERTEX_POINT ( 'NONE', #4279 ) ;
#3895 = VERTEX_POINT ( 'NONE', #4280 ) ;
#3896 = VERTEX_POINT ( 'NONE', #4281 ) ;
#3897 = VERTEX_POINT ( 'NONE', #4282 ) ;
#3898 = VERTEX_POINT ( 'NONE', #4283 ) ;
#3899 = VERTEX_POINT ( 'NONE', #4284 ) ;
#3900 = VERTEX_POINT ( 'NONE', #4285 ) ;
#3901 = VERTEX_POINT ( 'NONE', #4286 ) ;
#3902 = VERTEX_POINT ( 'NONE', #4287 ) ;
#3903 = VERTEX_POINT ( 'NONE', #4288 ) ;
#3904 = VERTEX_POINT ( 'NONE', #4289 ) ;
#3905 = VERTEX_POINT ( 'NONE', #4290 ) ;
#3906 = VERTEX_POINT ( 'NONE', #4291 ) ;
#3907 = VERTEX_POINT ( 'NONE', #4292 ) ;
#3908 = VERTEX_POINT ( 'NONE', #4293 ) ;
#3909 = VERTEX_POINT ( 'NONE', #4294 ) ;
#3910 = VERTEX_POINT ( 'NONE', #4295 ) ;
#3911 = VERTEX_POINT ( 'NONE', #4296 ) ;
#3912 = VERTEX_POINT ( 'NONE', #4297 ) ;
#3913 = VERTEX_POINT ( 'NONE', #4298 ) ;
#3914 = VERTEX_POINT ( 'NONE', #4299 ) ;
#3915 = VERTEX_POINT ( 'NONE', #4300 ) ;
#3916 = VERTEX_POINT ( 'NONE', #4301 ) ;
#3917 = VERTEX_POINT ( 'NONE', #4302 ) ;
#3918 = VERTEX_POINT ( 'NONE', #4303 ) ;
#3919 = VERTEX_POINT ( 'NONE', #4304 ) ;
#3920 = VERTEX_POINT ( 'NONE', #4305 ) ;
#3921 = VERTEX_POINT ( 'NONE', #4306 ) ;
#3922 = VERTEX_POINT ( 'NONE', #4307 ) ;
#3923 = VERTEX_POINT ( 'NONE', #4308 ) ;
#3924 = VERTEX_POINT ( 'NONE', #4309 ) ;
#3925 = VERTEX_POINT ( 'NONE', #4310 ) ;
#3926 = VERTEX_POINT ( 'NONE', #4311 ) ;
#3927 = VERTEX_POINT ( 'NONE', #4312 ) ;
#3928 = VERTEX_POINT ( 'NONE', #4313 ) ;
#3929 = VERTEX_POINT ( 'NONE', #4314 ) ;
#3930 = VERTEX_POINT ( 'NONE', #4315 ) ;
#3931 = VERTEX_POINT ( 'NONE', #4316 ) ;
#3932 = VERTEX_POINT ( 'NONE', #4317 ) ;
#3933 = VERTEX_POINT ( 'NONE', #4318 ) ;
#3934 = VERTEX_POINT ( 'NONE', #4319 ) ;
#3935 = VERTEX_POINT ( 'NONE', #4320 ) ;
#3936 = VERTEX_POINT ( 'NONE', #4321 ) ;
#3937 = VERTEX_POINT ( 'NONE', #4322 ) ;
#3938 = VERTEX_POINT ( 'NONE', #4323 ) ;
#3939 = VERTEX_POINT ( 'NONE', #4324 ) ;
#3940 = VERTEX_POINT ( 'NONE', #4325 ) ;
#3941 = VERTEX_POINT ( 'NONE', #4326 ) ;
#3942 = VERTEX_POINT ( 'NONE', #4327 ) ;
#3943 = VERTEX_POINT ( 'NONE', #4328 ) ;
#3944 = VERTEX_POINT ( 'NONE', #4329 ) ;
#3945 = VERTEX_POINT ( 'NONE', #4330 ) ;
#3946 = VERTEX_POINT ( 'NONE', #4331 ) ;
#3947 = VERTEX_POINT ( 'NONE', #4332 ) ;
#3948 = VERTEX_POINT ( 'NONE', #4333 ) ;
#3949 = VERTEX_POINT ( 'NONE', #4334 ) ;
#3950 = VERTEX_POINT ( 'NONE', #4335 ) ;
#3951 = VERTEX_POINT ( 'NONE', #4336 ) ;
#3952 = VERTEX_POINT ( 'NONE', #4337 ) ;
#3953 = VERTEX_POINT ( 'NONE', #4338 ) ;
#3954 = VERTEX_POINT ( 'NONE', #4339 ) ;
#3955 = VERTEX_POINT ( 'NONE', #4340 ) ;
#3956 = VERTEX_POINT ( 'NONE', #4341 ) ;
#3957 = VERTEX_POINT ( 'NONE', #4342 ) ;
#3958 = VERTEX_POINT ( 'NONE', #4343 ) ;
#3959 = VERTEX_POINT ( 'NONE', #4344 ) ;
#3960 = VERTEX_POINT ( 'NONE', #4345 ) ;
#3961 = VERTEX_POINT ( 'NONE', #4346 ) ;
#3962 = VERTEX_POINT ( 'NONE', #4347 ) ;
#3963 = VERTEX_POINT ( 'NONE', #4348 ) ;
#3964 = VERTEX_POINT ( 'NONE', #4349 ) ;
#3965 = VERTEX_POINT ( 'NONE', #4350 ) ;
#3966 = VERTEX_POINT ( 'NONE', #4351 ) ;
#3967 = VERTEX_POINT ( 'NONE', #4352 ) ;
#3968 = VERTEX_POINT ( 'NONE', #4353 ) ;
#3969 = VERTEX_POINT ( 'NONE', #4354 ) ;
#3970 = VERTEX_POINT ( 'NONE', #4355 ) ;
#3971 = VERTEX_POINT ( 'NONE', #4356 ) ;
#3972 = VERTEX_POINT ( 'NONE', #4357 ) ;
#3973 = VERTEX_POINT ( 'NONE', #4358 ) ;
#3974 = VERTEX_POINT ( 'NONE', #4359 ) ;
#3975 = VERTEX_POINT ( 'NONE', #4360 ) ;
#3976 = VERTEX_POINT ( 'NONE', #4361 ) ;
#3977 = VERTEX_POINT ( 'NONE', #4362 ) ;
#3978 = VERTEX_POINT ( 'NONE', #4363 ) ;
#3979 = VERTEX_POINT ( 'NONE', #4364 ) ;
#3980 = VERTEX_POINT ( 'NONE', #4365 ) ;
#3981 = VERTEX_POINT ( 'NONE', #4366 ) ;
#3982 = VERTEX_POINT ( 'NONE', #4367 ) ;
#3983 = VERTEX_POINT ( 'NONE', #4368 ) ;
#3984 = VERTEX_POINT ( 'NONE', #4369 ) ;
#3985 = VERTEX_POINT ( 'NONE', #4370 ) ;
#3986 = VERTEX_POINT ( 'NONE', #4371 ) ;
#3987 = VERTEX_POINT ( 'NONE', #4372 ) ;
#3988 = VERTEX_POINT ( 'NONE', #4373 ) ;
#3989 = VERTEX_POINT ( 'NONE', #4374 ) ;
#3990 = VERTEX_POINT ( 'NONE', #4375 ) ;
#3991 = VERTEX_POINT ( 'NONE', #4376 ) ;
#3992 = VERTEX_POINT ( 'NONE', #4377 ) ;
#3993 = VERTEX_POINT ( 'NONE', #4378 ) ;
#3994 = EDGE_CURVE ( 'NONE', #6487, #6476, #1731, .T. ) ;
#3995 = EDGE_CURVE ( 'NONE', #3743, #3619, #1757, .T. ) ;
#3996 = EDGE_CURVE ( 'NONE', #3761, #3799, #1753, .T. ) ;
#3997 = EDGE_CURVE ( 'NONE', #6490, #6487, #1755, .T. ) ;
#3998 = EDGE_CURVE ( 'NONE', #3925, #3696, #1762, .T. ) ;
#3999 = EDGE_CURVE ( 'NONE', #3738, #6380, #1761, .T. ) ;
#4000 = EDGE_CURVE ( 'NONE', #3690, #3925, #1760, .T. ) ;
#4001 = EDGE_CURVE ( 'NONE', #6457, #3950, #1756, .T. ) ;
#4002 = EDGE_CURVE ( 'NONE', #6480, #6490, #1763, .T. ) ;
#4003 = EDGE_CURVE ( 'NONE', #3731, #3937, #1766, .T. ) ;
#4004 = EDGE_CURVE ( 'NONE', #3685, #3724, #1765, .T. ) ;
#4005 = EDGE_CURVE ( 'NONE', #6476, #6474, #1768, .T. ) ;
#4006 = EDGE_CURVE ( 'NONE', #3924, #3743, #1772, .T. ) ;
#4007 = EDGE_CURVE ( 'NONE', #6449, #6438, #1773, .T. ) ;
#4008 = EDGE_CURVE ( 'NONE', #3843, #3832, #1770, .T. ) ;
#4009 = EDGE_CURVE ( 'NONE', #3797, #5824, #9182, .T. ) ;
#4010 = EDGE_CURVE ( 'NONE', #3696, #3882, #1778, .T. ) ;
#4011 = EDGE_CURVE ( 'NONE', #6476, #3882, #1775, .T. ) ;
#4012 = EDGE_CURVE ( 'NONE', #3858, #3909, #1776, .T. ) ;
#4013 = EDGE_CURVE ( 'NONE', #3175, #3740, #1780, .T. ) ;
#4014 = EDGE_CURVE ( 'NONE', #3619, #3740, #1784, .T. ) ;
#4015 = EDGE_CURVE ( 'NONE', #3983, #6480, #1786, .T. ) ;
#4016 = EDGE_CURVE ( 'NONE', #3814, #3812, #9185, .T. ) ;
#4017 = EDGE_CURVE ( 'NONE', #3713, #6118, #1782, .T. ) ;
#4018 = EDGE_CURVE ( 'NONE', #3832, #3740, #1788, .T. ) ;
#4019 = EDGE_CURVE ( 'NONE', #6474, #6439, #1790, .T. ) ;
#4020 = EDGE_CURVE ( 'NONE', #3772, #3651, #1792, .T. ) ;
#4021 = EDGE_CURVE ( 'NONE', #6481, #6441, #1794, .T. ) ;
#4022 = EDGE_CURVE ( 'NONE', #3739, #3690, #1789, .T. ) ;
#4023 = EDGE_CURVE ( 'NONE', #3935, #3836, #1795, .T. ) ;
#4024 = EDGE_CURVE ( 'NONE', #3720, #3944, #1796, .T. ) ;
#4025 = EDGE_CURVE ( 'NONE', #6438, #6449, #1798, .T. ) ;
#4026 = EDGE_CURVE ( 'NONE', #3846, #3935, #1797, .T. ) ;
#4027 = EDGE_CURVE ( 'NONE', #6463, #6485, #1800, .T. ) ;
#4028 = EDGE_CURVE ( 'NONE', #3894, #3846, #1799, .T. ) ;
#4029 = EDGE_CURVE ( 'NONE', #3811, #3992, #1803, .T. ) ;
#4030 = EDGE_CURVE ( 'NONE', #3678, #3748, #1802, .T. ) ;
#4031 = EDGE_CURVE ( 'NONE', #3860, #3692, #1806, .T. ) ;
#4032 = EDGE_CURVE ( 'NONE', #6378, #6356, #1807, .T. ) ;
#4033 = EDGE_CURVE ( 'NONE', #6458, #6370, #1809, .T. ) ;
#4034 = EDGE_CURVE ( 'NONE', #3795, #3952, #9188, .T. ) ;
#4035 = EDGE_CURVE ( 'NONE', #6482, #3796, #1812, .T. ) ;
#4036 = EDGE_CURVE ( 'NONE', #6118, #3825, #9183, .T. ) ;
#4037 = EDGE_CURVE ( 'NONE', #3850, #3843, #1810, .T. ) ;
#4038 = EDGE_CURVE ( 'NONE', #3836, #3692, #1815, .T. ) ;
#4039 = EDGE_CURVE ( 'NONE', #3796, #6370, #1804, .T. ) ;
#4040 = EDGE_CURVE ( 'NONE', #3894, #3836, #1816, .T. ) ;
#4041 = EDGE_CURVE ( 'NONE', #3175, #3843, #1817, .T. ) ;
#4042 = EDGE_CURVE ( 'NONE', #3860, #3894, #1819, .T. ) ;
#4043 = EDGE_CURVE ( 'NONE', #3961, #3850, #1821, .T. ) ;
#4044 = EDGE_CURVE ( 'NONE', #3171, #3961, #1814, .T. ) ;
#4045 = EDGE_CURVE ( 'NONE', #3681, #3944, #1824, .T. ) ;
#4046 = EDGE_CURVE ( 'NONE', #3745, #3850, #1826, .T. ) ;
#4047 = EDGE_CURVE ( 'NONE', #6474, #3858, #1828, .T. ) ;
#4048 = EDGE_CURVE ( 'NONE', #3930, #3961, #1830, .T. ) ;
#4049 = EDGE_CURVE ( 'NONE', #3909, #3883, #1822, .T. ) ;
#4050 = EDGE_CURVE ( 'NONE', #3825, #3917, #1832, .T. ) ;
#4051 = EDGE_CURVE ( 'NONE', #3882, #3858, #1834, .T. ) ;
#4052 = EDGE_CURVE ( 'NONE', #3624, #3685, #1835, .T. ) ;
#4053 = EDGE_CURVE ( 'NONE', #3811, #6488, #1833, .T. ) ;
#4054 = EDGE_CURVE ( 'NONE', #6056, #5635, #1838, .T. ) ;
#4055 = EDGE_CURVE ( 'NONE', #3889, #3803, #1836, .T. ) ;
#4056 = EDGE_CURVE ( 'NONE', #6436, #6442, #1839, .T. ) ;
#4057 = EDGE_CURVE ( 'NONE', #3845, #3694, #1842, .T. ) ;
#4058 = EDGE_CURVE ( 'NONE', #6489, #6455, #1840, .T. ) ;
#4059 = EDGE_CURVE ( 'NONE', #6050, #6373, #1845, .T. ) ;
#4060 = EDGE_CURVE ( 'NONE', #5635, #3917, #1843, .T. ) ;
#4061 = EDGE_CURVE ( 'NONE', #3803, #3859, #9184, .T. ) ;
#4062 = EDGE_CURVE ( 'NONE', #3883, #3992, #1849, .T. ) ;
#4063 = EDGE_CURVE ( 'NONE', #3698, #3924, #1846, .T. ) ;
#4064 = EDGE_CURVE ( 'NONE', #3724, #3867, #1850, .T. ) ;
#4065 = EDGE_CURVE ( 'NONE', #3812, #3914, #9186, .T. ) ;
#4066 = EDGE_CURVE ( 'NONE', #3867, #3624, #1852, .T. ) ;
#4067 = EDGE_CURVE ( 'NONE', #3779, #5599, #1854, .T. ) ;
#4068 = EDGE_CURVE ( 'NONE', #3917, #3713, #1857, .T. ) ;
#4069 = EDGE_CURVE ( 'NONE', #6373, #3698, #1859, .T. ) ;
#4070 = EDGE_CURVE ( 'NONE', #3926, #3760, #1860, .T. ) ;
#4071 = EDGE_CURVE ( 'NONE', #6373, #3983, #1855, .T. ) ;
#4072 = EDGE_CURVE ( 'NONE', #6370, #3796, #1864, .T. ) ;
#4073 = EDGE_CURVE ( 'NONE', #3760, #5599, #1866, .T. ) ;
#4074 = EDGE_CURVE ( 'NONE', #3926, #3779, #1867, .T. ) ;
#4075 = EDGE_CURVE ( 'NONE', #3965, #3812, #1868, .T. ) ;
#4076 = EDGE_CURVE ( 'NONE', #6443, #3883, #1869, .T. ) ;
#4077 = EDGE_CURVE ( 'NONE', #3965, #3971, #9175, .T. ) ;
#4078 = EDGE_CURVE ( 'NONE', #3169, #3839, #1872, .T. ) ;
#4079 = EDGE_CURVE ( 'NONE', #3884, #3859, #1862, .T. ) ;
#4080 = EDGE_CURVE ( 'NONE', #6050, #3739, #1873, .T. ) ;
#4081 = EDGE_CURVE ( 'NONE', #3971, #3914, #1875, .T. ) ;
#4082 = EDGE_CURVE ( 'NONE', #3983, #3739, #1877, .T. ) ;
#4083 = EDGE_CURVE ( 'NONE', #3680, #3814, #9181, .T. ) ;
#4084 = EDGE_CURVE ( 'NONE', #6488, #3845, #1879, .T. ) ;
#4085 = EDGE_CURVE ( 'NONE', #3915, #3814, #1882, .T. ) ;
#4086 = EDGE_CURVE ( 'NONE', #3694, #3839, #1884, .T. ) ;
#4087 = EDGE_CURVE ( 'NONE', #3766, #3915, #9180, .T. ) ;
#4088 = EDGE_CURVE ( 'NONE', #6439, #3909, #1886, .T. ) ;
#4089 = EDGE_CURVE ( 'NONE', #3766, #3680, #1887, .T. ) ;
#4090 = EDGE_CURVE ( 'NONE', #3906, #3908, #1889, .T. ) ;
#4091 = EDGE_CURVE ( 'NONE', #3884, #3750, #9179, .T. ) ;
#4092 = EDGE_CURVE ( 'NONE', #3898, #3930, #1893, .T. ) ;
#4093 = EDGE_CURVE ( 'NONE', #3914, #3803, #9178, .T. ) ;
#4094 = EDGE_CURVE ( 'NONE', #3971, #3889, #9177, .T. ) ;
#4095 = EDGE_CURVE ( 'NONE', #3889, #3884, #9176, .T. ) ;
#4096 = EDGE_CURVE ( 'NONE', #6480, #3690, #1895, .T. ) ;
#4097 = EDGE_CURVE ( 'NONE', #3750, #3744, #1896, .T. ) ;
#4098 = EDGE_CURVE ( 'NONE', #3859, #3744, #9174, .T. ) ;
#4099 = EDGE_CURVE ( 'NONE', #3697, #3755, #1898, .T. ) ;
#4100 = EDGE_CURVE ( 'NONE', #3839, #3930, #1899, .T. ) ;
#4101 = EDGE_CURVE ( 'NONE', #3915, #3965, #9173, .T. ) ;
#4102 = EDGE_CURVE ( 'NONE', #3937, #3680, #9172, .T. ) ;
#4103 = EDGE_CURVE ( 'NONE', #6443, #3811, #1901, .T. ) ;
#4104 = EDGE_CURVE ( 'NONE', #6439, #6443, #1902, .T. ) ;
#4105 = EDGE_CURVE ( 'NONE', #3731, #3766, #9171, .T. ) ;
#4106 = EDGE_CURVE ( 'NONE', #5635, #3797, #1904, .T. ) ;
#4107 = EDGE_CURVE ( 'NONE', #3761, #6056, #1905, .T. ) ;
#4108 = EDGE_CURVE ( 'NONE', #3888, #3810, #1891, .T. ) ;
#4109 = EDGE_CURVE ( 'NONE', #6490, #3925, #1908, .T. ) ;
#4110 = EDGE_CURVE ( 'NONE', #3939, #3712, #1909, .T. ) ;
#4111 = EDGE_CURVE ( 'NONE', #3819, #3821, #1911, .T. ) ;
#4112 = EDGE_CURVE ( 'NONE', #3780, #3871, #1913, .T. ) ;
#4113 = EDGE_CURVE ( 'NONE', #3671, #3749, #1906, .T. ) ;
#4114 = EDGE_CURVE ( 'NONE', #3895, #3943, #1916, .T. ) ;
#4115 = EDGE_CURVE ( 'NONE', #3992, #3966, #1917, .T. ) ;
#4116 = EDGE_CURVE ( 'NONE', #3920, #3174, #1920, .T. ) ;
#4117 = EDGE_CURVE ( 'NONE', #6488, #3966, #1921, .T. ) ;
#4118 = CARTESIAN_POINT ( 'NONE',  ( -8.550798494467112900, 7.859999999999998500, -8.689582562299499100 ) ) ;
#4119 = CARTESIAN_POINT ( 'NONE',  ( -3.175000000000017600, 1.260000000000000700, 7.249261314031174100 ) ) ;
#4120 = CARTESIAN_POINT ( 'NONE',  ( 11.00000000000000400, 7.859999999999998500, -1.249999999999999300 ) ) ;
#4121 = CARTESIAN_POINT ( 'NONE',  ( 8.221633369868293100, 5.510000000000000700, -3.740286717815556100 ) ) ;
#4122 = CARTESIAN_POINT ( 'NONE',  ( 8.221633369868293100, 3.910000000000000100, -3.740286717815556100 ) ) ;
#4123 = CARTESIAN_POINT ( 'NONE',  ( 11.78025884905881600, -2.398676442232260200, 0.8179999999999992800 ) ) ;
#4124 = CARTESIAN_POINT ( 'NONE',  ( 8.249999999999996400, 7.249999999999997300, 0.0000000000000000000 ) ) ;
#4125 = CARTESIAN_POINT ( 'NONE',  ( 8.250000000000003600, -0.2368602791855863000, 1.000000000000000900 ) ) ;
#4126 = CARTESIAN_POINT ( 'NONE',  ( -11.43477309068267700, 7.859999999999998500, -1.694392033916213100 ) ) ;
#4127 = CARTESIAN_POINT ( 'NONE',  ( -7.537658773652721000, 3.910000000000000100, 0.5556079660838011400 ) ) ;
#4128 = CARTESIAN_POINT ( 'NONE',  ( 4.785898384862248300, 0.7631397208144146100, 1.000000000000000900 ) ) ;
#4129 = CARTESIAN_POINT ( 'NONE',  ( 1.560112716098016600E-012, 7.859999999999998500, -12.80159999999995100 ) ) ;
#4130 = CARTESIAN_POINT ( 'NONE',  ( 7.249999999999997300, -8.250000000000000000, 1.000000000000000900 ) ) ;
#4131 = CARTESIAN_POINT ( 'NONE',  ( 3.280463044020566000, 0.0000000000000000000, -11.26376559003944200 ) ) ;
#4132 = CARTESIAN_POINT ( 'NONE',  ( -0.9999999999999974500, 0.6250000000000005600, 0.3499999999999961500 ) ) ;
#4133 = CARTESIAN_POINT ( 'NONE',  ( -1.250000000000002700, -6.450000000000001100, 1.000000000000000900 ) ) ;
#4134 = CARTESIAN_POINT ( 'NONE',  ( 7.750000000000000000, 6.450000000000002800, 2.888894916580853800E-031 ) ) ;
#4135 = CARTESIAN_POINT ( 'NONE',  ( 0.1766802231558806100, 7.859999999999998500, -12.80038072319513600 ) ) ;
#4136 = CARTESIAN_POINT ( 'NONE',  ( -2.787658773652699700, 5.510000000000000700, -6.671633369868348300 ) ) ;
#4137 = CARTESIAN_POINT ( 'NONE',  ( 2.406793068761699400, 5.510000000000000700, 11.53131212160007400 ) ) ;
#4138 = CARTESIAN_POINT ( 'NONE',  ( 5.996281292110215800, 0.7100000000000023000, -3.360863854409619700 ) ) ;
#4139 = CARTESIAN_POINT ( 'NONE',  ( 5.996281292110215800, 0.7100000000000023000, -4.610863854409617900 ) ) ;
#4140 = CARTESIAN_POINT ( 'NONE',  ( 0.1900000000000000000, 4.163799117100997800E-017, -3.599999999999992100 ) ) ;
#4141 = CARTESIAN_POINT ( 'NONE',  ( 4.785898384862248300, 2.441451884327381400, 0.0000000000000000000 ) ) ;
#4142 = CARTESIAN_POINT ( 'NONE',  ( 0.6000000000000015300, -0.6250000000000005600, -0.09999999999999939500 ) ) ;
#4143 = CARTESIAN_POINT ( 'NONE',  ( 8.653869650211333900, 5.080000000000004500, 3.091058083755696000 ) ) ;
#4144 = CARTESIAN_POINT ( 'NONE',  ( 6.171633369868313700, 1.260000000000000700, -0.1895825622994437600 ) ) ;
#4145 = CARTESIAN_POINT ( 'NONE',  ( 11.98362207291794600, 5.080000000000001000, 9.323757711002242500 ) ) ;
#4146 = CARTESIAN_POINT ( 'NONE',  ( 1.835745551921882000E-015, 10.16000000000000200, 14.73999999999999700 ) ) ;
#4147 = CARTESIAN_POINT ( 'NONE',  ( 1.000000000000000900, 0.6250000000000005600, 0.3499999999999961500 ) ) ;
#4148 = CARTESIAN_POINT ( 'NONE',  ( -11.80079849446711300, 7.859999999999998500, -3.060417437700649200 ) ) ;
#4149 = CARTESIAN_POINT ( 'NONE',  ( 15.02729651826802700, 3.550000000000000300, -1.849999999999999900 ) ) ;
#4150 = CARTESIAN_POINT ( 'NONE',  ( 6.575000000000000200, -8.673617379884035500E-016, -1.999999999999998200 ) ) ;
#4151 = CARTESIAN_POINT ( 'NONE',  ( 1.599306624633367600E-012, 9.763729999999995400, -12.80159999999995100 ) ) ;
#4152 = CARTESIAN_POINT ( 'NONE',  ( -0.5999999999999963100, 0.6250000000000005600, 0.0000000000000000000 ) ) ;
#4153 = CARTESIAN_POINT ( 'NONE',  ( 15.02729673967379400, 3.549999994059764900, 1.849998979418312300 ) ) ;
#4154 = CARTESIAN_POINT ( 'NONE',  ( -3.640544456622756700, 1.260000000000000700, 2.805607966083818900 ) ) ;
#4155 = CARTESIAN_POINT ( 'NONE',  ( 12.99766040818511900, 2.464882070228256100E-011, -0.3263927284635555500 ) ) ;
#4156 = CARTESIAN_POINT ( 'NONE',  ( -5.996281292110201600, 3.910000000000000100, 4.785863854409639000 ) ) ;
#4157 = CARTESIAN_POINT ( 'NONE',  ( -10.65493276417713100, -1.659133819999998300, 4.317999999999998700 ) ) ;
#4158 = CARTESIAN_POINT ( 'NONE',  ( 7.177577361050554200, 0.1500000000000008300, -9.013765590039426500 ) ) ;
#4159 = CARTESIAN_POINT ( 'NONE',  ( -5.436362680939268400E-016, 1.066799999999999700, -4.889500000000000000 ) ) ;
#4160 = CARTESIAN_POINT ( 'NONE',  ( 0.4943920339161413400, 5.510000000000000700, -9.356312121600026900 ) ) ;
#4161 = CARTESIAN_POINT ( 'NONE',  ( 6.970274725862338100, 5.080000000000001000, 4.024289989302274300 ) ) ;
#4162 = CARTESIAN_POINT ( 'NONE',  ( -12.05659244448276400, -3.242941534217673900E-015, 2.007377742538428000 ) ) ;
#4163 = CARTESIAN_POINT ( 'NONE',  ( -0.3499999999999926500, 4.286263797015642300E-017, 0.0000000000000000000 ) ) ;
#4164 = CARTESIAN_POINT ( 'NONE',  ( 9.909500134752644100, 5.080000000000001000, 3.316242288997785200 ) ) ;
#4165 = CARTESIAN_POINT ( 'NONE',  ( 5.996281292110215800, 1.109999999999999900, -4.610863854409617900 ) ) ;
#4166 = CARTESIAN_POINT ( 'NONE',  ( -0.4943920339161680400, 3.910000000000000100, 9.356312121600048200 ) ) ;
#4167 = CARTESIAN_POINT ( 'NONE',  ( -0.4943920339161680400, 5.510000000000000700, 9.356312121600048200 ) ) ;
#4168 = CARTESIAN_POINT ( 'NONE',  ( 1.973780366869477100, 5.510000000000000700, 10.78131212160007400 ) ) ;
#4169 = CARTESIAN_POINT ( 'NONE',  ( 1.213284418446329400, -6.154263430966892700E-015, 51.21926804839175400 ) ) ;
#4170 = CARTESIAN_POINT ( 'NONE',  ( 4.785898384862248300, 0.7631397208144146100, 0.0000000000000000000 ) ) ;
#4171 = CARTESIAN_POINT ( 'NONE',  ( 8.250000000000001800, -7.500000000000000900, 0.0000000000000000000 ) ) ;
#4172 = CARTESIAN_POINT ( 'NONE',  ( 9.237925704300247200, 10.16000000000000200, -9.638185021910910400 ) ) ;
#4173 = CARTESIAN_POINT ( 'NONE',  ( 7.868100134752639400, 5.080000000000004500, 6.852050807568888400 ) ) ;
#4174 = CARTESIAN_POINT ( 'NONE',  ( -0.6094555433772292900, 3.910000000000000100, 4.555607966083830900 ) ) ;
#4175 = CARTESIAN_POINT ( 'NONE',  ( 4.999999999999999100, 4.999999999999998200, 0.7500000000000006700 ) ) ;
#4176 = CARTESIAN_POINT ( 'NONE',  ( 7.003869650211323800, 5.080000000000004500, 5.948941916244333300 ) ) ;
#4177 = CARTESIAN_POINT ( 'NONE',  ( 2.656793068761700300, 5.510000000000000700, 10.59829941970785000 ) ) ;
#4178 = CARTESIAN_POINT ( 'NONE',  ( 3.640544456622793100, 1.260000000000000700, -2.805607966083884600 ) ) ;
#4179 = CARTESIAN_POINT ( 'NONE',  ( 5.996281292110215800, 1.109999999999999900, -3.185863854409618900 ) ) ;
#4180 = CARTESIAN_POINT ( 'NONE',  ( 5.805607966083873500, 2.548708905534259100, -1.555607966083869800 ) ) ;
#4181 = CARTESIAN_POINT ( 'NONE',  ( 2.749999999999997800, 6.349999999999999600, 1.000000000000000900 ) ) ;
#4182 = CARTESIAN_POINT ( 'NONE',  ( 14.25546914613968100, 9.660000000000001900, 5.388803153155567600 ) ) ;
#4183 = CARTESIAN_POINT ( 'NONE',  ( 7.543602764834997000, 0.0000000000000000000, -7.647740186254980100 ) ) ;
#4184 = CARTESIAN_POINT ( 'NONE',  ( 0.0000000000000000000, 10.16000000000000200, -14.73999999999999700 ) ) ;
#4185 = CARTESIAN_POINT ( 'NONE',  ( -1.192228559079943200E-015, 1.066800000000000000, -10.73150000000000000 ) ) ;
#4186 = CARTESIAN_POINT ( 'NONE',  ( -1.000000000000000900, -0.6250000000000005600, -0.09999999999999939500 ) ) ;
#4187 = CARTESIAN_POINT ( 'NONE',  ( -10.54599999999999800, 1.148775559756492400, 3.352799999999999300 ) ) ;
#4188 = CARTESIAN_POINT ( 'NONE',  ( 1.556968529797808600E-012, 8.494999999999995700, -12.80159999999995100 ) ) ;
#4189 = CARTESIAN_POINT ( 'NONE',  ( -8.999999999999998200, 9.992007221626408900E-016, -0.5119999999999985700 ) ) ;
#4190 = CARTESIAN_POINT ( 'NONE',  ( 7.136902895719874400, 5.080000000000001000, 6.025748696349865000 ) ) ;
#4191 = CARTESIAN_POINT ( 'NONE',  ( -10.75679306876173800, 5.510000000000000700, 2.931312121600011100 ) ) ;
#4192 = CARTESIAN_POINT ( 'NONE',  ( 2.504872831178011800E-015, 1.066799999999999500, 10.73150000000000000 ) ) ;
#4193 = CARTESIAN_POINT ( 'NONE',  ( -6.575000000000001100, 8.949162909692189900E-016, -1.999999999999998200 ) ) ;
#4194 = CARTESIAN_POINT ( 'NONE',  ( -5.000000000000000900, -5.000000000000001800, 1.249999999999997600 ) ) ;
#4195 = CARTESIAN_POINT ( 'NONE',  ( 5.150000000000003000, 6.450000000000002800, 1.000000000000000900 ) ) ;
#4196 = CARTESIAN_POINT ( 'NONE',  ( -8.250000000000003600, -3.049999999999997200, 1.000000000000000900 ) ) ;
#4197 = CARTESIAN_POINT ( 'NONE',  ( 1.599306624633367600E-012, 9.129999999999995500, -12.80159999999995100 ) ) ;
#4198 = CARTESIAN_POINT ( 'NONE',  ( 0.3499999999999926500, 0.0000000000000000000, 0.0000000000000000000 ) ) ;
#4199 = CARTESIAN_POINT ( 'NONE',  ( -1.597734531483263600E-012, 9.447499999999994500, 12.80159999999995100 ) ) ;
#4200 = CARTESIAN_POINT ( 'NONE',  ( 8.250000000000001800, 7.499999999999999100, 0.0000000000000000000 ) ) ;
#4201 = CARTESIAN_POINT ( 'NONE',  ( 7.855607966083855600, 5.510000000000000700, -5.106312121600006500 ) ) ;
#4202 = CARTESIAN_POINT ( 'NONE',  ( 0.4899999999999999900, 0.0000000000000000000, -3.299999999999994000 ) ) ;
#4203 = CARTESIAN_POINT ( 'NONE',  ( -5.000000000000000900, 4.999999999999998200, 0.7500000000000006700 ) ) ;
#4204 = CARTESIAN_POINT ( 'NONE',  ( -5.996281292110202400, 0.3344621131077738000, 3.985863854409639600 ) ) ;
#4205 = CARTESIAN_POINT ( 'NONE',  ( 1.000000000000000900, 0.6250000000000005600, -0.09999999999999939500 ) ) ;
#4206 = CARTESIAN_POINT ( 'NONE',  ( -5.996281292110201600, 0.7100000000000023000, 4.610863854409638300 ) ) ;
#4207 = CARTESIAN_POINT ( 'NONE',  ( 8.250000000000001800, -7.500000000000000900, 2.249999999999998700 ) ) ;
#4208 = CARTESIAN_POINT ( 'NONE',  ( 0.005607966083841155200, 3.910000000000000100, 9.490286717815614300 ) ) ;
#4209 = CARTESIAN_POINT ( 'NONE',  ( -2.787658773652699700, 3.910000000000000100, -6.671633369868348300 ) ) ;
#4210 = CARTESIAN_POINT ( 'NONE',  ( 14.25546914613966900, 1.010362971081847600, 5.388803153155604000 ) ) ;
#4211 = CARTESIAN_POINT ( 'NONE',  ( 1.914437640236120700, 0.1500000000000008300, -10.89774018625500000 ) ) ;
#4212 = CARTESIAN_POINT ( 'NONE',  ( 0.2500000000000000000, 0.0000000000000000000, -3.249999999999992500 ) ) ;
#4213 = CARTESIAN_POINT ( 'NONE',  ( 5.410898384862250100, 3.523983639057931300, 0.0000000000000000000 ) ) ;
#4214 = CARTESIAN_POINT ( 'NONE',  ( 11.00000000000000400, 7.859999999999998500, 1.249999999999999300 ) ) ;
#4215 = CARTESIAN_POINT ( 'NONE',  ( 4.999999999999999100, -5.000000000000001800, 0.7500000000000006700 ) ) ;
#4216 = CARTESIAN_POINT ( 'NONE',  ( -15.15505206210328600, -3.413417921956065200E-015, 3.840284722713609000 ) ) ;
#4217 = CARTESIAN_POINT ( 'NONE',  ( 8.250000000000000000, -0.2368602791855845500, 0.0000000000000000000 ) ) ;
#4218 = CARTESIAN_POINT ( 'NONE',  ( 7.177577361050554200, 0.0000000000000000000, -9.013765590039426500 ) ) ;
#4219 = CARTESIAN_POINT ( 'NONE',  ( 1.140841880130111600E-015, -6.798518089017998300E-017, 4.889500000000000000 ) ) ;
#4220 = CARTESIAN_POINT ( 'NONE',  ( 2.055607966083866400, 3.910000000000000100, 5.939582562299415600 ) ) ;
#4221 = CARTESIAN_POINT ( 'NONE',  ( 10.75679306876174300, 7.859999999999998500, -3.931312121600026200 ) ) ;
#4222 = CARTESIAN_POINT ( 'NONE',  ( 0.2500000000000000000, 0.0000000000000000000, -0.09999999999999245600 ) ) ;
#4223 = CARTESIAN_POINT ( 'NONE',  ( -10.75679306876173800, 7.859999999999998500, 2.931312121600011100 ) ) ;
#4224 = CARTESIAN_POINT ( 'NONE',  ( -1.750000000000005100, -5.050000000000000700, 0.0000000000000000000 ) ) ;
#4225 = CARTESIAN_POINT ( 'NONE',  ( 11.00000000000000400, 4.913818169698588500, 1.249999999999999300 ) ) ;
#4226 = CARTESIAN_POINT ( 'NONE',  ( -5.996281292110201600, 3.910000000000000100, 3.185863854409639800 ) ) ;
#4227 = CARTESIAN_POINT ( 'NONE',  ( -0.5999999999999963100, -0.6249999999999971100, 0.0000000000000000000 ) ) ;
#4228 = CARTESIAN_POINT ( 'NONE',  ( 8.250000000000000000, -7.250000000000000900, 0.0000000000000000000 ) ) ;
#4229 = CARTESIAN_POINT ( 'NONE',  ( -0.7249999999999999800, 8.878689293818303400E-017, -0.3999999999999941400 ) ) ;
#4230 = CARTESIAN_POINT ( 'NONE',  ( -2.750000000000005800, -4.049999999999999800, 1.000000000000000900 ) ) ;
#4231 = CARTESIAN_POINT ( 'NONE',  ( 10.75679306876174300, 5.510000000000000700, -2.931312121600021300 ) ) ;
#4232 = CARTESIAN_POINT ( 'NONE',  ( -6.575000000000001100, 8.949162909692189900E-016, -1.925929944387233400E-031 ) ) ;
#4233 = CARTESIAN_POINT ( 'NONE',  ( -0.4899999999999999900, 6.000769315822026100E-017, -0.3999999999999941400 ) ) ;
#4234 = CARTESIAN_POINT ( 'NONE',  ( 7.249999999999997300, 6.499999999999998200, 2.249999999999998700 ) ) ;
#4235 = CARTESIAN_POINT ( 'NONE',  ( 7.249999999999997300, -8.250000000000000000, 0.0000000000000000000 ) ) ;
#4236 = CARTESIAN_POINT ( 'NONE',  ( 4.994079828490263200, 3.550000000000001600, 1.850000000000000300 ) ) ;
#4237 = CARTESIAN_POINT ( 'NONE',  ( -5.550000000000001600, -1.269999999999998500, 0.0000000000000000000 ) ) ;
#4238 = CARTESIAN_POINT ( 'NONE',  ( -8.250000000000000000, -7.500000000000001800, 2.249999999999998700 ) ) ;
#4239 = CARTESIAN_POINT ( 'NONE',  ( 5.996281292110215800, 3.910000000000000100, -4.785863854409618600 ) ) ;
#4240 = CARTESIAN_POINT ( 'NONE',  ( -7.184773090682671900, 1.260000000000000700, -9.055607966083934800 ) ) ;
#4241 = CARTESIAN_POINT ( 'NONE',  ( 5.805607966083873500, 1.260000000000000700, -1.555607966083869800 ) ) ;
#4242 = CARTESIAN_POINT ( 'NONE',  ( -7.250000000000000000, 6.499999999999998200, 2.249999999999998700 ) ) ;
#4243 = CARTESIAN_POINT ( 'NONE',  ( -2.750000000000004000, 4.049999999999999800, 0.0000000000000000000 ) ) ;
#4244 = CARTESIAN_POINT ( 'NONE',  ( -1.604022904083679500E-012, 8.177499999999996700, 12.80159999999995100 ) ) ;
#4245 = CARTESIAN_POINT ( 'NONE',  ( 10.32378036686952200, 5.510000000000000700, -3.681312121600024400 ) ) ;
#4246 = CARTESIAN_POINT ( 'NONE',  ( 7.855607966083855600, 3.910000000000000100, -5.106312121600006500 ) ) ;
#4247 = CARTESIAN_POINT ( 'NONE',  ( -0.9999999999999974500, 0.6250000000000005600, -0.09999999999999939500 ) ) ;
#4248 = CARTESIAN_POINT ( 'NONE',  ( -7.855607966083869800, 3.910000000000000100, 5.106312121600018000 ) ) ;
#4249 = CARTESIAN_POINT ( 'NONE',  ( -6.125000000000000000, 8.673617379884035500E-016, 0.0000000000000000000 ) ) ;
#4250 = CARTESIAN_POINT ( 'NONE',  ( -7.969536955979450900, 0.0000000000000000000, 8.221805995110468500 ) ) ;
#4251 = CARTESIAN_POINT ( 'NONE',  ( -2.353143947285615900, -6.077983446840024700E-015, 50.72876961607767000 ) ) ;
#4252 = CARTESIAN_POINT ( 'NONE',  ( -5.030281241405139900, 0.5848911423046980800, 1.000000000000000900 ) ) ;
#4253 = CARTESIAN_POINT ( 'NONE',  ( -0.6094555433772299600, 1.260000000000000700, 4.555607966083830900 ) ) ;
#4254 = CARTESIAN_POINT ( 'NONE',  ( 6.124999999999999100, -8.398071850075881000E-016, -1.999999999999998200 ) ) ;
#4255 = CARTESIAN_POINT ( 'NONE',  ( 0.7249999999999999800, 0.0000000000000000000, 0.0000000000000000000 ) ) ;
#4256 = CARTESIAN_POINT ( 'NONE',  ( 5.996281292110215800, 1.109999999999999900, -3.360863854409619700 ) ) ;
#4257 = CARTESIAN_POINT ( 'NONE',  ( -3.287658773652703200, 5.510000000000000700, -6.805607966083912600 ) ) ;
#4258 = CARTESIAN_POINT ( 'NONE',  ( 0.7249999999999999800, 0.0000000000000000000, -0.3999999999999941400 ) ) ;
#4259 = CARTESIAN_POINT ( 'NONE',  ( 5.996281292110214900, 0.3344621131077738000, -3.985863854409618800 ) ) ;
#4260 = CARTESIAN_POINT ( 'NONE',  ( 2.921633369868306600, 3.910000000000000100, 5.439582562299403200 ) ) ;
#4261 = CARTESIAN_POINT ( 'NONE',  ( 15.11616337866982800, 3.549999999999998500, -1.938866862206143300 ) ) ;
#4262 = CARTESIAN_POINT ( 'NONE',  ( -0.7249999999999999800, 8.878689293818303400E-017, 0.0000000000000000000 ) ) ;
#4263 = CARTESIAN_POINT ( 'NONE',  ( -7.969536955979450900, 0.1500000000000008300, 8.221805995110468500 ) ) ;
#4264 = CARTESIAN_POINT ( 'NONE',  ( 7.831295053995761500, 5.080000000000001000, 6.515799077416494000 ) ) ;
#4265 = CARTESIAN_POINT ( 'NONE',  ( 7.249999999999997300, 6.499999999999998200, 0.7500000000000006700 ) ) ;
#4266 = CARTESIAN_POINT ( 'NONE',  ( -0.4899999999999999900, 6.000769315822026100E-017, -3.299999999999994000 ) ) ;
#4267 = CARTESIAN_POINT ( 'NONE',  ( -1.750000000000006700, 5.050000000000000700, 0.0000000000000000000 ) ) ;
#4268 = CARTESIAN_POINT ( 'NONE',  ( -8.250000000000003600, 3.049999999999998900, 0.0000000000000000000 ) ) ;
#4269 = CARTESIAN_POINT ( 'NONE',  ( -1.607167090383887500E-012, 8.176229999999996800, 12.80159999999995100 ) ) ;
#4270 = CARTESIAN_POINT ( 'NONE',  ( 0.005607966083841155200, 5.510000000000000700, 9.490286717815614300 ) ) ;
#4271 = CARTESIAN_POINT ( 'NONE',  ( 1.659455543377250900, 3.910000000000000100, -6.374261314031182100 ) ) ;
#4272 = CARTESIAN_POINT ( 'NONE',  ( 1.914437640236120700, 0.0000000000000000000, -10.89774018625500000 ) ) ;
#4273 = CARTESIAN_POINT ( 'NONE',  ( 7.750000000000000900, 6.450000000000002800, 1.000000000000000900 ) ) ;
#4274 = CARTESIAN_POINT ( 'NONE',  ( 1.560112716098016600E-012, 8.493729999999997600, -12.80159999999995100 ) ) ;
#4275 = CARTESIAN_POINT ( 'NONE',  ( 11.00000000000000400, 4.913818169698586800, -1.249999999999999300 ) ) ;
#4276 = CARTESIAN_POINT ( 'NONE',  ( -7.250000000000000900, -6.500000000000000900, 2.249999999999998700 ) ) ;
#4277 = CARTESIAN_POINT ( 'NONE',  ( 3.640544456622792200, 3.910000000000000100, -2.805607966083884600 ) ) ;
#4278 = CARTESIAN_POINT ( 'NONE',  ( -8.250000000000000000, -0.2500000000000011100, 0.0000000000000000000 ) ) ;
#4279 = CARTESIAN_POINT ( 'NONE',  ( 10.75679306876174300, 5.510000000000000700, -3.931312121600026200 ) ) ;
#4280 = CARTESIAN_POINT ( 'NONE',  ( 2.850223126611654200, 7.859999999999998500, -10.93739201368484400 ) ) ;
#4281 = CARTESIAN_POINT ( 'NONE',  ( -1.192228559079943200E-015, 1.492142281875378800E-016, -10.73150000000000000 ) ) ;
#4282 = CARTESIAN_POINT ( 'NONE',  ( 10.50679306876174100, 5.510000000000000700, -2.998299419707802600 ) ) ;
#4283 = CARTESIAN_POINT ( 'NONE',  ( -1.750000000000005100, -7.250000000000000900, 1.000000000000000900 ) ) ;
#4284 = CARTESIAN_POINT ( 'NONE',  ( -2.706397235165021600, 0.0000000000000000000, 10.10578059132602700 ) ) ;
#4285 = CARTESIAN_POINT ( 'NONE',  ( 7.138474730968203700, 5.080000000000001000, 6.115799077416490100 ) ) ;
#4286 = CARTESIAN_POINT ( 'NONE',  ( 2.504872831178011800E-015, -1.492142281875378800E-016, 10.73150000000000000 ) ) ;
#4287 = CARTESIAN_POINT ( 'NONE',  ( -3.175000000000017600, 3.910000000000000100, 7.249261314031174100 ) ) ;
#4288 = CARTESIAN_POINT ( 'NONE',  ( -5.996281292110201600, 1.109999999999999900, 4.610863854409638300 ) ) ;
#4289 = CARTESIAN_POINT ( 'NONE',  ( 1.000000000000000900, -0.6250000000000005600, 0.3499999999999961500 ) ) ;
#4290 = CARTESIAN_POINT ( 'NONE',  ( -4.690544456622782300, 1.260000000000000700, 4.624261314031170600 ) ) ;
#4291 = CARTESIAN_POINT ( 'NONE',  ( -5.030281241405139900, 2.184891142304699100, 1.999999999999994900 ) ) ;
#4292 = CARTESIAN_POINT ( 'NONE',  ( 1.555607966083869800, 1.260000000000000700, 5.805607966083844200 ) ) ;
#4293 = CARTESIAN_POINT ( 'NONE',  ( -5.830281241405142400, 2.184891142304699100, 1.999999999999994900 ) ) ;
#4294 = CARTESIAN_POINT ( 'NONE',  ( -7.250000000000006200, 4.050000000000003400, 0.0000000000000000000 ) ) ;
#4295 = CARTESIAN_POINT ( 'NONE',  ( -7.171633369868287900, 5.510000000000000700, 1.921633369868240800 ) ) ;
#4296 = CARTESIAN_POINT ( 'NONE',  ( -8.915131779870167300, 10.16000000000000200, 9.187022798902145100 ) ) ;
#4297 = CARTESIAN_POINT ( 'NONE',  ( 5.996281292110215800, 1.109999999999999900, -4.785863854409618600 ) ) ;
#4298 = CARTESIAN_POINT ( 'NONE',  ( -1.973780366869472900, 5.510000000000000700, -10.78131212160007900 ) ) ;
#4299 = CARTESIAN_POINT ( 'NONE',  ( -1.600878717783471600E-012, 8.812499999999994700, 12.80159999999995100 ) ) ;
#4300 = CARTESIAN_POINT ( 'NONE',  ( -1.600878717783471600E-012, 9.446229999999992800, 12.80159999999995100 ) ) ;
#4301 = CARTESIAN_POINT ( 'NONE',  ( -8.221633369868305500, 3.910000000000000100, 3.740286717815578300 ) ) ;
#4302 = CARTESIAN_POINT ( 'NONE',  ( 0.0000000000000000000, 1.010362971081847600, -15.23999999999999700 ) ) ;
#4303 = CARTESIAN_POINT ( 'NONE',  ( 10.54599999999999900, -1.148775554879679900, 4.317999999999998700 ) ) ;
#4304 = CARTESIAN_POINT ( 'NONE',  ( -4.550000000000002500, -1.269999999999998500, 0.0000000000000000000 ) ) ;
#4305 = CARTESIAN_POINT ( 'NONE',  ( -1.250000000000002000, -6.450000000000001100, 2.888894916580853800E-031 ) ) ;
#4306 = CARTESIAN_POINT ( 'NONE',  ( -1.000000000000000900, -0.6250000000000005600, 0.3499999999999961500 ) ) ;
#4307 = CARTESIAN_POINT ( 'NONE',  ( 0.6094555433772668200, 1.260000000000000700, -4.555607966083900200 ) ) ;
#4308 = CARTESIAN_POINT ( 'NONE',  ( -0.8716333698683003100, 5.510000000000000700, -8.990286717815591200 ) ) ;
#4309 = CARTESIAN_POINT ( 'NONE',  ( 4.785898384862248300, 2.441451884327381400, 1.000000000000000900 ) ) ;
#4310 = CARTESIAN_POINT ( 'NONE',  ( -0.7500000000000041100, 8.249999999999998200, 0.0000000000000000000 ) ) ;
#4311 = CARTESIAN_POINT ( 'NONE',  ( 7.826700134752641700, 5.080000000000001000, 6.923757711002235900 ) ) ;
#4312 = CARTESIAN_POINT ( 'NONE',  ( -5.000000000000000900, -5.000000000000001800, 0.7500000000000006700 ) ) ;
#4313 = CARTESIAN_POINT ( 'NONE',  ( -8.250000000000000000, -7.500000000000001800, 0.0000000000000000000 ) ) ;
#4314 = CARTESIAN_POINT ( 'NONE',  ( 0.6000000000000015300, 0.6250000000000005600, 0.0000000000000000000 ) ) ;
#4315 = CARTESIAN_POINT ( 'NONE',  ( -1.750000000000005100, -7.250000000000000900, 0.0000000000000000000 ) ) ;
#4316 = CARTESIAN_POINT ( 'NONE',  ( 2.406793068761699400, 7.859999999999998500, 11.53131212160007400 ) ) ;
#4317 = CARTESIAN_POINT ( 'NONE',  ( -1.973780366869472900, 7.859999999999998500, -10.78131212160007900 ) ) ;
#4318 = CARTESIAN_POINT ( 'NONE',  ( -7.250000000000000900, -6.500000000000000900, 0.7500000000000006700 ) ) ;
#4319 = CARTESIAN_POINT ( 'NONE',  ( -7.184773090682671900, 7.859999999999998500, -9.055607966083934800 ) ) ;
#4320 = CARTESIAN_POINT ( 'NONE',  ( 10.75679306876174300, 7.859999999999998500, -2.931312121600021300 ) ) ;
#4321 = CARTESIAN_POINT ( 'NONE',  ( -12.89050000000000300, 3.039400137233446700E-015, -0.5119999999999985700 ) ) ;
#4322 = CARTESIAN_POINT ( 'NONE',  ( -1.549108064047288700E-012, 10.08249999999999400, 12.80159999999995100 ) ) ;
#4323 = CARTESIAN_POINT ( 'NONE',  ( -5.830281241405142400, 0.5848911423047016300, 1.999999999999994900 ) ) ;
#4324 = CARTESIAN_POINT ( 'NONE',  ( 2.850223126611654200, 7.859999999999998500, -9.337392013684857200 ) ) ;
#4325 = CARTESIAN_POINT ( 'NONE',  ( 8.250000000000001800, 7.499999999999999100, 2.249999999999998700 ) ) ;
#4326 = CARTESIAN_POINT ( 'NONE',  ( -12.74882585400891900, 5.020031748376391700E-014, 4.292442574699326700 ) ) ;
#4327 = CARTESIAN_POINT ( 'NONE',  ( 0.6094555433772668200, 3.910000000000000100, -4.555607966083896600 ) ) ;
#4328 = CARTESIAN_POINT ( 'NONE',  ( 2.850223126611654200, 0.1499999999999973600, -10.93739201368483900 ) ) ;
#4329 = CARTESIAN_POINT ( 'NONE',  ( -10.32378036686951900, 7.859999999999998500, 3.681312121600015500 ) ) ;
#4330 = CARTESIAN_POINT ( 'NONE',  ( 10.54599999999999800, -1.148775549528840300, 3.352799999999999300 ) ) ;
#4331 = CARTESIAN_POINT ( 'NONE',  ( -11.80079849446711300, 1.260000000000000700, -3.060417437700649200 ) ) ;
#4332 = CARTESIAN_POINT ( 'NONE',  ( 0.4943920339161413400, 3.910000000000000100, -9.356312121600026900 ) ) ;
#4333 = CARTESIAN_POINT ( 'NONE',  ( -10.50679306876173400, 7.859999999999998500, 2.998299419707792300 ) ) ;
#4334 = CARTESIAN_POINT ( 'NONE',  ( -11.43477309068267700, 1.260000000000000700, -1.694392033916213100 ) ) ;
#4335 = CARTESIAN_POINT ( 'NONE',  ( -10.54599999999999800, -1.148775549528840300, 3.352799999999999300 ) ) ;
#4336 = CARTESIAN_POINT ( 'NONE',  ( -5.996281292110201600, 1.109999999999999900, 4.785863854409639000 ) ) ;
#4337 = CARTESIAN_POINT ( 'NONE',  ( 6.171633369868313700, 1.709739569497843000, -0.1895825622994437600 ) ) ;
#4338 = CARTESIAN_POINT ( 'NONE',  ( -6.125000000000000000, 8.673617379884035500E-016, -1.999999999999998200 ) ) ;
#4339 = CARTESIAN_POINT ( 'NONE',  ( -1.921633369868262600, 3.910000000000000100, -7.171633369868348300 ) ) ;
#4340 = CARTESIAN_POINT ( 'NONE',  ( 1.140841880130111600E-015, 1.066799999999999700, 4.889500000000000000 ) ) ;
#4341 = CARTESIAN_POINT ( 'NONE',  ( 0.6000000000000015300, -0.6250000000000005600, 0.0000000000000000000 ) ) ;
#4342 = CARTESIAN_POINT ( 'NONE',  ( -5.030281241405139900, 0.5848911423046980800, 1.999999999999994900 ) ) ;
#4343 = CARTESIAN_POINT ( 'NONE',  ( -5.436362680939268400E-016, 6.798518089017998300E-017, -4.889500000000000000 ) ) ;
#4344 = CARTESIAN_POINT ( 'NONE',  ( -8.250000000000000000, 7.499999999999999100, 0.0000000000000000000 ) ) ;
#4345 = CARTESIAN_POINT ( 'NONE',  ( 8.865674730968205400, 5.080000000000001000, 3.124200922583528800 ) ) ;
#4346 = CARTESIAN_POINT ( 'NONE',  ( -0.7500000000000041100, -8.250000000000000000, 0.0000000000000000000 ) ) ;
#4347 = CARTESIAN_POINT ( 'NONE',  ( -8.335562359763892800, 0.1500000000000008300, 6.855780591326024800 ) ) ;
#4348 = CARTESIAN_POINT ( 'NONE',  ( -0.5999999999999963100, -0.6249999999999971100, -0.09999999999999939500 ) ) ;
#4349 = CARTESIAN_POINT ( 'NONE',  ( 5.785898384862249200, -0.2368602791855863000, 0.0000000000000000000 ) ) ;
#4350 = CARTESIAN_POINT ( 'NONE',  ( 1.556968529797808600E-012, 9.128729999999993800, -12.80159999999995100 ) ) ;
#4351 = CARTESIAN_POINT ( 'NONE',  ( -7.250000000000002700, -4.049999999999999800, 0.0000000000000000000 ) ) ;
#4352 = CARTESIAN_POINT ( 'NONE',  ( 1.759205126975171200E-015, 0.0000000000000000000, -13.48999999999998100 ) ) ;
#4353 = CARTESIAN_POINT ( 'NONE',  ( 1.555607966083865300, 3.910000000000000100, 5.805607966083852200 ) ) ;
#4354 = CARTESIAN_POINT ( 'NONE',  ( -4.690544456622782300, 3.910000000000000100, 4.624261314031170600 ) ) ;
#4355 = CARTESIAN_POINT ( 'NONE',  ( 0.8716333698682815500, 5.510000000000000700, 8.990286717815610700 ) ) ;
#4356 = CARTESIAN_POINT ( 'NONE',  ( -1.604022904083679500E-012, 8.811229999999996600, 12.80159999999995100 ) ) ;
#4357 = CARTESIAN_POINT ( 'NONE',  ( 11.21080632813821300, -6.362610448784066900, -0.5119999999999985700 ) ) ;
#4358 = CARTESIAN_POINT ( 'NONE',  ( -2.656793068761693200, 7.859999999999998500, -10.59829941970786400 ) ) ;
#4359 = CARTESIAN_POINT ( 'NONE',  ( -8.706793068761708600, 5.510000000000000700, -0.1193920339162025900 ) ) ;
#4360 = CARTESIAN_POINT ( 'NONE',  ( -8.221633369868305500, 5.510000000000000700, 3.740286717815578300 ) ) ;
#4361 = CARTESIAN_POINT ( 'NONE',  ( 8.786902895719876500, 5.080000000000001000, 3.167864863861223200 ) ) ;
#4362 = CARTESIAN_POINT ( 'NONE',  ( -0.8716333698683003100, 3.910000000000000100, -8.990286717815591200 ) ) ;
#4363 = CARTESIAN_POINT ( 'NONE',  ( -4.456793068761688100, 7.859999999999998500, -7.480607966083914200 ) ) ;
#4364 = CARTESIAN_POINT ( 'NONE',  ( 2.780463044020562400, 0.0000000000000000000, -11.39774018625500500 ) ) ;
#4365 = CARTESIAN_POINT ( 'NONE',  ( 0.4899999999999999900, 0.0000000000000000000, -0.3999999999999941400 ) ) ;
#4366 = CARTESIAN_POINT ( 'NONE',  ( -6.965184166218390900, -3.553431653652502800E-015, 10.61421001370651100 ) ) ;
#4367 = CARTESIAN_POINT ( 'NONE',  ( -1.659455543377253100, 1.260000000000000700, 6.374261314031178600 ) ) ;
#4368 = CARTESIAN_POINT ( 'NONE',  ( 8.249999999999996400, 7.249999999999997300, 1.000000000000000900 ) ) ;
#4369 = CARTESIAN_POINT ( 'NONE',  ( 5.356960070250488900, 3.910000000000000100, -1.814634949514646500 ) ) ;
#4370 = CARTESIAN_POINT ( 'NONE',  ( 4.690544456622782300, 3.910000000000000100, -4.624261314031173200 ) ) ;
#4371 = CARTESIAN_POINT ( 'NONE',  ( 6.575000000000000200, -8.673617379884035500E-016, 0.0000000000000000000 ) ) ;
#4372 = CARTESIAN_POINT ( 'NONE',  ( 4.999999999999999100, -5.000000000000001800, 1.249999999999997600 ) ) ;
#4373 = CARTESIAN_POINT ( 'NONE',  ( 9.280258839305821200, -2.398676442232259700, 0.8179999999999992800 ) ) ;
#4374 = CARTESIAN_POINT ( 'NONE',  ( 6.124999999999999100, -8.398071850075881000E-016, -1.925929944387233400E-031 ) ) ;
#4375 = CARTESIAN_POINT ( 'NONE',  ( -10.06364378383891100, -3.723908041390894100E-015, 12.44711699388168900 ) ) ;
#4376 = CARTESIAN_POINT ( 'NONE',  ( 7.109857803074271000, 3.910000000000000100, -1.814634949514639400 ) ) ;
#4377 = CARTESIAN_POINT ( 'NONE',  ( -8.250000000000003600, -3.049999999999997200, 0.0000000000000000000 ) ) ;
#4378 = CARTESIAN_POINT ( 'NONE',  ( -8.706793068761712100, 7.859999999999998500, -0.1193920339162025900 ) ) ;
#4379 = CARTESIAN_POINT ( 'NONE',  ( -1.750000000000005100, 7.250000000000000900, 1.000000000000000900 ) ) ;
#4380 = DIRECTION ( 'NONE',  ( -7.771561172376095800E-016, -1.000000000000000000, 0.0000000000000000000 ) ) ;
#4381 = CARTESIAN_POINT ( 'NONE',  ( 5.785898384862248300, 0.7631397208144146100, 1.000000000000000900 ) ) ;
#4382 = DIRECTION ( 'NONE',  ( 0.0000000000000000000, 0.0000000000000000000, 1.000000000000000000 ) ) ;
#4383 = DIRECTION ( 'NONE',  ( -1.000000000000000000, 0.0000000000000000000, 0.0000000000000000000 ) ) ;
#4384 = CARTESIAN_POINT ( 'NONE',  ( 0.0000000000000000000, 10.16000000000000200, 0.0000000000000000000 ) ) ;
#4385 = DIRECTION ( 'NONE',  ( 0.0000000000000000000, 1.000000000000000000, 0.0000000000000000000 ) ) ;
#4386 = DIRECTION ( 'NONE',  ( 0.0000000000000000000, 0.0000000000000000000, 1.000000000000000000 ) ) ;
#4387 = DIRECTION ( 'NONE',  ( 0.0000000000000000000, 0.0000000000000000000, 1.000000000000000000 ) ) ;
#4388 = CARTESIAN_POINT ( 'NONE',  ( -0.7500000000000041100, 7.249999999999997300, 1.000000000000000900 ) ) ;
#4389 = DIRECTION ( 'NONE',  ( 0.0000000000000000000, 0.0000000000000000000, 1.000000000000000000 ) ) ;
#4390 = DIRECTION ( 'NONE',  ( 1.000000000000000000, 0.0000000000000000000, 0.0000000000000000000 ) ) ;
#4391 = CARTESIAN_POINT ( 'NONE',  ( 11.78025884905881600, -2.398676442232260200, 0.8179999999999992800 ) ) ;
#4392 = CARTESIAN_POINT ( 'NONE',  ( -0.7500000000000041100, 7.249999999999997300, 0.0000000000000000000 ) ) ;
#4393 = DIRECTION ( 'NONE',  ( 0.0000000000000000000, 0.0000000000000000000, 1.000000000000000000 ) ) ;
#4394 = DIRECTION ( 'NONE',  ( 1.000000000000000000, 0.0000000000000000000, 0.0000000000000000000 ) ) ;
#4395 = CARTESIAN_POINT ( 'NONE',  ( -0.7500000000000041100, 8.249999999999998200, 0.0000000000000000000 ) ) ;
#4396 = DIRECTION ( 'NONE',  ( -1.000000000000000000, 0.0000000000000000000, -0.0000000000000000000 ) ) ;
#4397 = DIRECTION ( 'NONE',  ( -1.000000000000000000, 0.0000000000000000000, -0.0000000000000000000 ) ) ;
#4398 = CARTESIAN_POINT ( 'NONE',  ( -5.830281241405142400, 2.184891142304699100, 1.000000000000000900 ) ) ;
#4399 = CARTESIAN_POINT ( 'NONE',  ( -0.7500000000000041100, 8.249999999999998200, 1.000000000000000900 ) ) ;
#4400 = CARTESIAN_POINT ( 'NONE',  ( -9.404932760015130500, -1.659133819999998500, 3.352799999999999300 ) ) ;
#4401 = DIRECTION ( 'NONE',  ( 0.0000000000000000000, 0.0000000000000000000, -1.000000000000000000 ) ) ;
#4402 = DIRECTION ( 'NONE',  ( 1.000000000000000000, -1.734723470200871800E-016, 0.0000000000000000000 ) ) ;
#4403 = CARTESIAN_POINT ( 'NONE',  ( 0.0000000000000000000, 7.859999999999998500, 12.80160000000000100 ) ) ;
#4404 = DIRECTION ( 'NONE',  ( 0.0000000000000000000, -1.000000000000000000, 0.0000000000000000000 ) ) ;
#4405 = DIRECTION ( 'NONE',  ( -0.0000000000000000000, 1.000000000000000000, -0.0000000000000000000 ) ) ;
#4406 = DIRECTION ( 'NONE',  ( 5.551115123125783900E-017, -1.000000000000000000, 0.0000000000000000000 ) ) ;
#4407 = CARTESIAN_POINT ( 'NONE',  ( 4.785898384862248300, 2.441451884327381400, 1.000000000000000900 ) ) ;
#4408 = DIRECTION ( 'NONE',  ( -5.551115123125783900E-017, 1.000000000000000000, 0.0000000000000000000 ) ) ;
#4409 = CARTESIAN_POINT ( 'NONE',  ( -2.750000000000005800, 5.049999999999997200, 1.000000000000000900 ) ) ;
#4410 = DIRECTION ( 'NONE',  ( 0.0000000000000000000, -0.0000000000000000000, -1.000000000000000000 ) ) ;
#4411 = DIRECTION ( 'NONE',  ( 1.000000000000000000, 0.0000000000000000000, 0.0000000000000000000 ) ) ;
#4412 = CARTESIAN_POINT ( 'NONE',  ( -1.750000000000006700, 5.050000000000000700, 1.000000000000000900 ) ) ;
#4413 = CARTESIAN_POINT ( 'NONE',  ( 13.84532012173243000, 9.792458442694663000, 6.099202102103733500 ) ) ;
#4414 = CARTESIAN_POINT ( 'NONE',  ( 8.249999999999998200, 7.250000000000000900, 0.0000000000000000000 ) ) ;
#4415 = CARTESIAN_POINT ( 'NONE',  ( -7.050000000000000700, 0.0000000000000000000, 1.000000000000000900 ) ) ;
#4416 = DIRECTION ( 'NONE',  ( 0.0000000000000000000, 0.0000000000000000000, 1.000000000000000000 ) ) ;
#4417 = DIRECTION ( 'NONE',  ( 1.000000000000000000, 0.0000000000000000000, 0.0000000000000000000 ) ) ;
#4418 = CARTESIAN_POINT ( 'NONE',  ( 14.25546914613968100, 9.660000000000001900, 5.388803153155567600 ) ) ;
#4419 = CARTESIAN_POINT ( 'NONE',  ( -1.750000000000005100, 7.250000000000000900, 0.0000000000000000000 ) ) ;
#4420 = DIRECTION ( 'NONE',  ( -7.771561172376095800E-016, -1.000000000000000000, 0.0000000000000000000 ) ) ;
#4421 = CARTESIAN_POINT ( 'NONE',  ( 13.02502207291792600, 9.927541557305328700, 7.520000000000056400 ) ) ;
#4422 = CARTESIAN_POINT ( 'NONE',  ( 12.20472402410342400, 9.792458442694666600, 8.940797897896386500 ) ) ;
#4423 = CARTESIAN_POINT ( 'NONE',  ( 11.79457499969616700, 9.659999999999998400, 9.651196846844547000 ) ) ;
#4424 = CARTESIAN_POINT ( 'NONE',  ( -7.250000000000006200, 4.050000000000003400, 0.0000000000000000000 ) ) ;
#4425 = CARTESIAN_POINT ( 'NONE',  ( 8.249999999999998200, 7.250000000000000900, 1.000000000000000900 ) ) ;
#4426 = DIRECTION ( 'NONE',  ( 0.0000000000000000000, -0.0000000000000000000, -1.000000000000000000 ) ) ;
#4427 = DIRECTION ( 'NONE',  ( -1.000000000000000000, -2.775557561562891400E-016, -0.0000000000000000000 ) ) ;
#4428 = DIRECTION ( 'NONE',  ( 0.0000000000000000000, 0.0000000000000000000, 1.000000000000000000 ) ) ;
#4429 = DIRECTION ( 'NONE',  ( -5.551115123125783900E-017, 1.000000000000000000, 0.0000000000000000000 ) ) ;
#4430 = CARTESIAN_POINT ( 'NONE',  ( 5.785898384862249200, -0.2368602791855863000, 1.000000000000000900 ) ) ;
#4431 = DIRECTION ( 'NONE',  ( 1.000000000000000000, 0.0000000000000000000, 0.0000000000000000000 ) ) ;
#4432 = CARTESIAN_POINT ( 'NONE',  ( -1.597734531483263600E-012, 9.447499999999994500, 12.80159999999995100 ) ) ;
#4433 = CARTESIAN_POINT ( 'NONE',  ( 7.391007206056324100, 9.394583333333329700, 12.80160000000085100 ) ) ;
#4434 = CARTESIAN_POINT ( 'NONE',  ( 7.249999999999997300, 7.250000000000000900, 1.000000000000000900 ) ) ;
#4435 = DIRECTION ( 'NONE',  ( 0.0000000000000000000, 0.0000000000000000000, 1.000000000000000000 ) ) ;
#4436 = DIRECTION ( 'NONE',  ( -1.000000000000000000, 0.0000000000000000000, 0.0000000000000000000 ) ) ;
#4437 = CARTESIAN_POINT ( 'NONE',  ( 11.08651080908604300, 9.341666666666661500, 6.400800000001334300 ) ) ;
#4438 = CARTESIAN_POINT ( 'NONE',  ( 14.78201441211576900, 9.288749999999998500, 1.818802207537787500E-012 ) ) ;
#4439 = CARTESIAN_POINT ( 'NONE',  ( 11.08651080908761900, 9.235833333333328500, -6.400799999998603200 ) ) ;
#4440 = CARTESIAN_POINT ( 'NONE',  ( 7.391007206059475400, 9.182916666666663700, -12.80159999999903200 ) ) ;
#4441 = CARTESIAN_POINT ( 'NONE',  ( 1.599306624633367600E-012, 9.129999999999995500, -12.80159999999995100 ) ) ;
#4442 = CARTESIAN_POINT ( 'NONE',  ( 8.250000000000003600, -0.2368602791855863000, 0.0000000000000000000 ) ) ;
#4443 = CARTESIAN_POINT ( 'NONE',  ( 0.0000000000000000000, 1.010362971081847600, 0.0000000000000000000 ) ) ;
#4444 = DIRECTION ( 'NONE',  ( -0.0000000000000000000, 1.000000000000000000, -0.0000000000000000000 ) ) ;
#4445 = DIRECTION ( 'NONE',  ( 0.0000000000000000000, 0.0000000000000000000, 1.000000000000000000 ) ) ;
#4446 = CARTESIAN_POINT ( 'NONE',  ( -7.250000000000006200, 4.050000000000003400, 1.000000000000000900 ) ) ;
#4447 = DIRECTION ( 'NONE',  ( -1.000000000000000000, -2.775557561562891400E-016, -0.0000000000000000000 ) ) ;
#4448 = CARTESIAN_POINT ( 'NONE',  ( -9.404932760015130500, -1.659133819999998500, 4.317999999999998700 ) ) ;
#4449 = DIRECTION ( 'NONE',  ( -0.0000000000000000000, -0.0000000000000000000, -1.000000000000000000 ) ) ;
#4450 = DIRECTION ( 'NONE',  ( 1.000000000000000000, -3.642919287421830400E-015, 0.0000000000000000000 ) ) ;
#4451 = CARTESIAN_POINT ( 'NONE',  ( -7.050000000000000700, 2.539999999999998700, 0.0000000000000000000 ) ) ;
#4452 = DIRECTION ( 'NONE',  ( 0.0000000000000000000, 0.0000000000000000000, 1.000000000000000000 ) ) ;
#4453 = DIRECTION ( 'NONE',  ( -1.000000000000000000, 0.0000000000000000000, 0.0000000000000000000 ) ) ;
#4454 = CARTESIAN_POINT ( 'NONE',  ( 7.249999999999997300, 7.250000000000000900, 0.0000000000000000000 ) ) ;
#4455 = DIRECTION ( 'NONE',  ( 0.0000000000000000000, 0.0000000000000000000, 1.000000000000000000 ) ) ;
#4456 = DIRECTION ( 'NONE',  ( -1.000000000000000000, 0.0000000000000000000, 0.0000000000000000000 ) ) ;
#4457 = CARTESIAN_POINT ( 'NONE',  ( 10.75679306876174300, 7.859999999999998500, -3.431312121600024000 ) ) ;
#4458 = DIRECTION ( 'NONE',  ( 0.0000000000000000000, 1.000000000000000000, 0.0000000000000000000 ) ) ;
#4459 = DIRECTION ( 'NONE',  ( 0.0000000000000000000, 0.0000000000000000000, 1.000000000000000000 ) ) ;
#4460 = DIRECTION ( 'NONE',  ( -0.0000000000000000000, 1.000000000000000000, -0.0000000000000000000 ) ) ;
#4461 = CARTESIAN_POINT ( 'NONE',  ( -10.75679306876173800, 7.859999999999998500, 3.431312121600013800 ) ) ;
#4462 = DIRECTION ( 'NONE',  ( 0.0000000000000000000, 1.000000000000000000, 0.0000000000000000000 ) ) ;
#4463 = DIRECTION ( 'NONE',  ( 0.0000000000000000000, 0.0000000000000000000, 1.000000000000000000 ) ) ;
#4464 = CARTESIAN_POINT ( 'NONE',  ( 10.75679306876174300, 4.095786437626896900, -2.931312121600021300 ) ) ;
#4465 = CARTESIAN_POINT ( 'NONE',  ( -7.050000000000000700, 0.0000000000000000000, 1.000000000000000900 ) ) ;
#4466 = DIRECTION ( 'NONE',  ( 0.0000000000000000000, 0.0000000000000000000, 1.000000000000000000 ) ) ;
#4467 = DIRECTION ( 'NONE',  ( 1.000000000000000000, 0.0000000000000000000, 0.0000000000000000000 ) ) ;
#4468 = DIRECTION ( 'NONE',  ( 0.0000000000000000000, -0.0000000000000000000, -1.000000000000000000 ) ) ;
#4469 = CARTESIAN_POINT ( 'NONE',  ( -8.250000000000003600, -3.049999999999997200, 1.000000000000000900 ) ) ;
#4470 = CARTESIAN_POINT ( 'NONE',  ( -7.050000000000004300, -2.540000000000002300, 1.000000000000000900 ) ) ;
#4471 = DIRECTION ( 'NONE',  ( 0.0000000000000000000, 0.0000000000000000000, 1.000000000000000000 ) ) ;
#4472 = DIRECTION ( 'NONE',  ( 1.000000000000000000, 0.0000000000000000000, 0.0000000000000000000 ) ) ;
#4473 = DIRECTION ( 'NONE',  ( -0.0000000000000000000, 1.000000000000000000, -0.0000000000000000000 ) ) ;
#4474 = CARTESIAN_POINT ( 'NONE',  ( 10.75679306876174300, 5.510000000000000700, -3.431312121600024000 ) ) ;
#4475 = DIRECTION ( 'NONE',  ( -0.0000000000000000000, -1.000000000000000000, -0.0000000000000000000 ) ) ;
#4476 = DIRECTION ( 'NONE',  ( 0.0000000000000000000, 0.0000000000000000000, 1.000000000000000000 ) ) ;
#4477 = CARTESIAN_POINT ( 'NONE',  ( 10.32378036686952200, 4.095786437626896900, -3.681312121600024400 ) ) ;
#4478 = CARTESIAN_POINT ( 'NONE',  ( 3.749999999999997800, 6.349999999999999600, 0.0000000000000000000 ) ) ;
#4479 = DIRECTION ( 'NONE',  ( 0.0000000000000000000, 0.0000000000000000000, 1.000000000000000000 ) ) ;
#4480 = CARTESIAN_POINT ( 'NONE',  ( 0.04999999999999622800, -6.450000000000001100, 1.000000000000000900 ) ) ;
#4481 = DIRECTION ( 'NONE',  ( 0.0000000000000000000, 0.0000000000000000000, 1.000000000000000000 ) ) ;
#4482 = DIRECTION ( 'NONE',  ( 1.000000000000000000, 0.0000000000000000000, 0.0000000000000000000 ) ) ;
#4483 = CARTESIAN_POINT ( 'NONE',  ( 5.909647181309601600, 2.455388579983755400, -1.495540897167018100 ) ) ;
#4484 = CARTESIAN_POINT ( 'NONE',  ( -5.050000000000002500, -1.269999999999998500, 1.000000000000000900 ) ) ;
#4485 = DIRECTION ( 'NONE',  ( 0.0000000000000000000, 0.0000000000000000000, 1.000000000000000000 ) ) ;
#4486 = DIRECTION ( 'NONE',  ( 1.000000000000000000, 0.0000000000000000000, 0.0000000000000000000 ) ) ;
#4487 = CARTESIAN_POINT ( 'NONE',  ( 5.805607966083873500, 2.548708905534259100, -1.555607966083869800 ) ) ;
#4488 = CARTESIAN_POINT ( 'NONE',  ( 12.61487304851068600, 0.8574131359894512400, 8.230398948948211700 ) ) ;
#4489 = CARTESIAN_POINT ( 'NONE',  ( 10.75679306876174300, 4.095786437626896900, -3.931312121600026200 ) ) ;
#4490 = CARTESIAN_POINT ( 'NONE',  ( 5.997434822082135900, 2.358559694893387300, -1.421307377629798400 ) ) ;
#4491 = CARTESIAN_POINT ( 'NONE',  ( 6.149306925337284300, 2.170247802217059300, -1.239325838934451000 ) ) ;
#4492 = CARTESIAN_POINT ( 'NONE',  ( 6.210949899846032600, 2.080599129327301200, -1.133411197406889700 ) ) ;
#4493 = CARTESIAN_POINT ( 'NONE',  ( 6.293924996290244600, 1.921185159697018200, -0.8892255490873929300 ) ) ;
#4494 = CARTESIAN_POINT ( 'NONE',  ( 6.313854267624656700, 1.852895796949334300, -0.7517294333652283500 ) ) ;
#4495 = CARTESIAN_POINT ( 'NONE',  ( 6.290903124747430300, 1.753524421074753100, -0.4668354220975983200 ) ) ;
#4496 = CARTESIAN_POINT ( 'NONE',  ( 6.247778927415659200, 1.723326592137077500, -0.3214705367420913100 ) ) ;
#4497 = CARTESIAN_POINT ( 'NONE',  ( 6.171633369868313700, 1.709739569497843000, -0.1895825622994437600 ) ) ;
#4498 = CARTESIAN_POINT ( 'NONE',  ( 2.749999999999997800, 6.349999999999999600, 0.0000000000000000000 ) ) ;
#4499 = CARTESIAN_POINT ( 'NONE',  ( 11.79457499969619000, 1.010362971081847600, 9.651196846844515100 ) ) ;
#4500 = DIRECTION ( 'NONE',  ( 0.0000000000000000000, 0.0000000000000000000, 1.000000000000000000 ) ) ;
#4501 = CARTESIAN_POINT ( 'NONE',  ( 13.43517109732517800, 0.8574131359894515700, 6.809601051051905600 ) ) ;
#4502 = CARTESIAN_POINT ( 'NONE',  ( 14.25546914613966900, 1.010362971081847600, 5.388803153155604000 ) ) ;
#4503 = CARTESIAN_POINT ( 'NONE',  ( 7.249999999999997300, -7.250000000000000900, 0.0000000000000000000 ) ) ;
#4504 = DIRECTION ( 'NONE',  ( 0.0000000000000000000, 0.0000000000000000000, 1.000000000000000000 ) ) ;
#4505 = DIRECTION ( 'NONE',  ( 1.000000000000000000, 0.0000000000000000000, 0.0000000000000000000 ) ) ;
#4506 = DIRECTION ( 'NONE',  ( -0.0000000000000000000, 1.000000000000000000, -0.0000000000000000000 ) ) ;
#4507 = CARTESIAN_POINT ( 'NONE',  ( 10.75679306876174300, 7.859999999999998500, -3.431312121600024000 ) ) ;
#4508 = DIRECTION ( 'NONE',  ( 0.0000000000000000000, 1.000000000000000000, 0.0000000000000000000 ) ) ;
#4509 = DIRECTION ( 'NONE',  ( 0.0000000000000000000, 0.0000000000000000000, 1.000000000000000000 ) ) ;
#4510 = CARTESIAN_POINT ( 'NONE',  ( -0.7500000000000041100, -8.250000000000000000, 0.0000000000000000000 ) ) ;
#4511 = DIRECTION ( 'NONE',  ( 1.000000000000000000, 0.0000000000000000000, 0.0000000000000000000 ) ) ;
#4512 = CARTESIAN_POINT ( 'NONE',  ( 3.249999999999997800, 6.349999999999999600, 1.000000000000000900 ) ) ;
#4513 = DIRECTION ( 'NONE',  ( 0.0000000000000000000, 0.0000000000000000000, 1.000000000000000000 ) ) ;
#4514 = DIRECTION ( 'NONE',  ( 1.000000000000000000, 0.0000000000000000000, 0.0000000000000000000 ) ) ;
#4515 = CARTESIAN_POINT ( 'NONE',  ( 8.250000000000000000, -7.250000000000000900, 1.000000000000000900 ) ) ;
#4516 = DIRECTION ( 'NONE',  ( 0.0000000000000000000, -0.0000000000000000000, -1.000000000000000000 ) ) ;
#4517 = CARTESIAN_POINT ( 'NONE',  ( -0.7500000000000041100, -8.250000000000000000, 1.000000000000000900 ) ) ;
#4518 = CARTESIAN_POINT ( 'NONE',  ( 10.75679306876174300, 5.510000000000000700, -3.431312121600024000 ) ) ;
#4519 = DIRECTION ( 'NONE',  ( -0.0000000000000000000, -1.000000000000000000, -0.0000000000000000000 ) ) ;
#4520 = DIRECTION ( 'NONE',  ( 3.469446951953595700E-015, 0.0000000000000000000, 1.000000000000000000 ) ) ;
#4521 = DIRECTION ( 'NONE',  ( 0.0000000000000000000, -0.0000000000000000000, -1.000000000000000000 ) ) ;
#4522 = CARTESIAN_POINT ( 'NONE',  ( -10.32378036686951900, 4.095786437626896900, 3.681312121600015500 ) ) ;
#4523 = DIRECTION ( 'NONE',  ( -0.0000000000000000000, 1.000000000000000000, -0.0000000000000000000 ) ) ;
#4524 = CARTESIAN_POINT ( 'NONE',  ( 7.249999999999997300, -8.250000000000000000, 1.000000000000000900 ) ) ;
#4525 = DIRECTION ( 'NONE',  ( 0.0000000000000000000, -0.0000000000000000000, -1.000000000000000000 ) ) ;
#4526 = CARTESIAN_POINT ( 'NONE',  ( -2.750000000000004000, 4.049999999999999800, 1.000000000000000900 ) ) ;
#4527 = DIRECTION ( 'NONE',  ( 0.0000000000000000000, -0.0000000000000000000, -1.000000000000000000 ) ) ;
#4528 = CARTESIAN_POINT ( 'NONE',  ( -0.7500000000000041100, -7.250000000000001800, 0.0000000000000000000 ) ) ;
#4529 = DIRECTION ( 'NONE',  ( 0.0000000000000000000, 0.0000000000000000000, 1.000000000000000000 ) ) ;
#4530 = DIRECTION ( 'NONE',  ( -1.000000000000000000, 0.0000000000000000000, 0.0000000000000000000 ) ) ;
#4531 = CARTESIAN_POINT ( 'NONE',  ( -7.250000000000002700, 3.049999999999998900, 0.0000000000000000000 ) ) ;
#4532 = DIRECTION ( 'NONE',  ( 0.0000000000000000000, 0.0000000000000000000, 1.000000000000000000 ) ) ;
#4533 = DIRECTION ( 'NONE',  ( -1.000000000000000000, 0.0000000000000000000, 0.0000000000000000000 ) ) ;
#4534 = CARTESIAN_POINT ( 'NONE',  ( -5.830281241405142400, 2.184891142304699100, 1.000000000000000900 ) ) ;
#4535 = DIRECTION ( 'NONE',  ( -1.000000000000000000, 0.0000000000000000000, -0.0000000000000000000 ) ) ;
#4536 = CARTESIAN_POINT ( 'NONE',  ( 0.0000000000000000000, 1.010362971081847600, 0.0000000000000000000 ) ) ;
#4537 = DIRECTION ( 'NONE',  ( -0.0000000000000000000, 1.000000000000000000, -0.0000000000000000000 ) ) ;
#4538 = DIRECTION ( 'NONE',  ( 0.0000000000000000000, 0.0000000000000000000, 1.000000000000000000 ) ) ;
#4539 = DIRECTION ( 'NONE',  ( 0.0000000000000000000, -0.0000000000000000000, -1.000000000000000000 ) ) ;
#4540 = CARTESIAN_POINT ( 'NONE',  ( -2.750000000000005800, 5.049999999999997200, 0.0000000000000000000 ) ) ;
#4541 = DIRECTION ( 'NONE',  ( 0.0000000000000000000, -0.0000000000000000000, -1.000000000000000000 ) ) ;
#4542 = DIRECTION ( 'NONE',  ( 1.000000000000000000, 0.0000000000000000000, 0.0000000000000000000 ) ) ;
#4543 = DIRECTION ( 'NONE',  ( -0.0000000000000000000, 1.000000000000000000, -0.0000000000000000000 ) ) ;
#4544 = CARTESIAN_POINT ( 'NONE',  ( -7.250000000000002700, -3.050000000000000700, 1.000000000000000900 ) ) ;
#4545 = DIRECTION ( 'NONE',  ( 0.0000000000000000000, 0.0000000000000000000, 1.000000000000000000 ) ) ;
#4546 = DIRECTION ( 'NONE',  ( 1.000000000000000000, 0.0000000000000000000, 0.0000000000000000000 ) ) ;
#4547 = CARTESIAN_POINT ( 'NONE',  ( 1.567743846396475700E-015, 7.859999999999998500, -12.80160000000000100 ) ) ;
#4548 = CARTESIAN_POINT ( 'NONE',  ( 0.0000000000000000000, 9.660000000000001900, 0.0000000000000000000 ) ) ;
#4549 = DIRECTION ( 'NONE',  ( 0.0000000000000000000, -1.000000000000000000, 0.0000000000000000000 ) ) ;
#4550 = DIRECTION ( 'NONE',  ( 0.0000000000000000000, 0.0000000000000000000, 1.000000000000000000 ) ) ;
#4551 = CARTESIAN_POINT ( 'NONE',  ( -2.750000000000005800, -4.049999999999999800, 1.000000000000000900 ) ) ;
#4552 = DIRECTION ( 'NONE',  ( 0.0000000000000000000, 0.0000000000000000000, 1.000000000000000000 ) ) ;
#4553 = CARTESIAN_POINT ( 'NONE',  ( -7.050000000000000700, 2.539999999999998700, 1.000000000000000900 ) ) ;
#4554 = DIRECTION ( 'NONE',  ( 0.0000000000000000000, 0.0000000000000000000, 1.000000000000000000 ) ) ;
#4555 = DIRECTION ( 'NONE',  ( -1.000000000000000000, 0.0000000000000000000, 0.0000000000000000000 ) ) ;
#4556 = CARTESIAN_POINT ( 'NONE',  ( 8.250000000000000000, 5.163139720814417200, 0.0000000000000000000 ) ) ;
#4557 = CARTESIAN_POINT ( 'NONE',  ( -7.391007206056274400, 8.442083333333329200, -12.80160000000088200 ) ) ;
#4558 = CARTESIAN_POINT ( 'NONE',  ( 0.0000000000000000000, 10.16000000000000200, -15.23999999999999700 ) ) ;
#4559 = CARTESIAN_POINT ( 'NONE',  ( 3.249999999999997800, -6.349999999999999600, 1.000000000000000900 ) ) ;
#4560 = DIRECTION ( 'NONE',  ( 0.0000000000000000000, 0.0000000000000000000, 1.000000000000000000 ) ) ;
#4561 = DIRECTION ( 'NONE',  ( -1.000000000000000000, 0.0000000000000000000, 0.0000000000000000000 ) ) ;
#4562 = CARTESIAN_POINT ( 'NONE',  ( 1.556968529797808600E-012, 8.494999999999995700, -12.80159999999995100 ) ) ;
#4563 = DIRECTION ( 'NONE',  ( -0.0000000000000000000, -1.000000000000000000, -0.0000000000000000000 ) ) ;
#4564 = CARTESIAN_POINT ( 'NONE',  ( -11.08651080908604100, 8.389166666666662700, -6.400800000001337000 ) ) ;
#4565 = CARTESIAN_POINT ( 'NONE',  ( -14.78201441211576900, 8.336249999999994400, -1.876891705355624000E-012 ) ) ;
#4566 = CARTESIAN_POINT ( 'NONE',  ( -11.08651080908762100, 8.283333333333329700, 6.400799999998599600 ) ) ;
#4567 = CARTESIAN_POINT ( 'NONE',  ( -7.391007206059434500, 8.230416666666661400, 12.80159999999905600 ) ) ;
#4568 = CARTESIAN_POINT ( 'NONE',  ( -1.604022904083679500E-012, 8.177499999999996700, 12.80159999999995100 ) ) ;
#4569 = CARTESIAN_POINT ( 'NONE',  ( -8.250000000000003600, 3.049999999999998900, 0.0000000000000000000 ) ) ;
#4570 = DIRECTION ( 'NONE',  ( 1.000000000000000000, -1.110223024625156500E-016, 0.0000000000000000000 ) ) ;
#4571 = DIRECTION ( 'NONE',  ( 0.0000000000000000000, -1.000000000000000000, 0.0000000000000000000 ) ) ;
#4572 = CARTESIAN_POINT ( 'NONE',  ( -7.391007206056323200, 9.077083333333329000, -12.80160000000085300 ) ) ;
#4573 = DIRECTION ( 'NONE',  ( -0.8660254037844383700, -0.5000000000000004400, 0.0000000000000000000 ) ) ;
#4574 = CARTESIAN_POINT ( 'NONE',  ( -5.830281241405142400, 0.5848911423047016300, 1.000000000000000900 ) ) ;
#4575 = CARTESIAN_POINT ( 'NONE',  ( 6.035898384862249200, 2.441451884327381400, 1.000000000000000900 ) ) ;
#4576 = DIRECTION ( 'NONE',  ( 0.0000000000000000000, 0.0000000000000000000, 1.000000000000000000 ) ) ;
#4577 = DIRECTION ( 'NONE',  ( 1.000000000000000000, 0.0000000000000000000, 0.0000000000000000000 ) ) ;
#4578 = CARTESIAN_POINT ( 'NONE',  ( 1.599306624633367600E-012, 9.129999999999995500, -12.80159999999995100 ) ) ;
#4579 = CARTESIAN_POINT ( 'NONE',  ( 14.23962715367483500, 5.080000000000001000, 5.816242288997790100 ) ) ;
#4580 = CARTESIAN_POINT ( 'NONE',  ( -5.030281241405139900, 2.184891142304699100, 1.000000000000000900 ) ) ;
#4581 = CARTESIAN_POINT ( 'NONE',  ( -11.08651080908604100, 9.024166666666658900, -6.400800000001334300 ) ) ;
#4582 = CARTESIAN_POINT ( 'NONE',  ( -14.78201441211576900, 8.971249999999995900, -1.872885533092325300E-012 ) ) ;
#4583 = CARTESIAN_POINT ( 'NONE',  ( -11.08651080908761900, 8.918333333333325900, 6.400799999998601400 ) ) ;
#4584 = CARTESIAN_POINT ( 'NONE',  ( -7.391007206059431800, 8.865416666666662900, 12.80159999999905600 ) ) ;
#4585 = CARTESIAN_POINT ( 'NONE',  ( -1.600878717783471600E-012, 8.812499999999994700, 12.80159999999995100 ) ) ;
#4586 = DIRECTION ( 'NONE',  ( -5.551115123125783900E-017, 1.000000000000000000, 0.0000000000000000000 ) ) ;
#4587 = CARTESIAN_POINT ( 'NONE',  ( 8.250000000000000000, 5.163139720814417200, 1.000000000000000900 ) ) ;
#4588 = DIRECTION ( 'NONE',  ( 0.8660254037844380400, -0.0000000000000000000, 0.5000000000000010000 ) ) ;
#4589 = CARTESIAN_POINT ( 'NONE',  ( 8.249999999999998200, 7.250000000000000900, 1.000000000000000900 ) ) ;
#4590 = CARTESIAN_POINT ( 'NONE',  ( 0.0000000000000000000, 1.010362971081847600, 0.0000000000000000000 ) ) ;
#4591 = DIRECTION ( 'NONE',  ( -0.0000000000000000000, 1.000000000000000000, -0.0000000000000000000 ) ) ;
#4592 = DIRECTION ( 'NONE',  ( 0.0000000000000000000, 0.0000000000000000000, 1.000000000000000000 ) ) ;
#4593 = CARTESIAN_POINT ( 'NONE',  ( 12.15682715367483300, 5.080000000000001000, 9.423757711002240400 ) ) ;
#4594 = DIRECTION ( 'NONE',  ( 0.8660254037844380400, -0.0000000000000000000, 0.5000000000000010000 ) ) ;
#4595 = DIRECTION ( 'NONE',  ( -5.551115123125783900E-017, 1.000000000000000000, 0.0000000000000000000 ) ) ;
#4596 = CARTESIAN_POINT ( 'NONE',  ( 3.249999999999997800, 6.349999999999999600, 1.000000000000000900 ) ) ;
#4597 = DIRECTION ( 'NONE',  ( 0.0000000000000000000, 0.0000000000000000000, 1.000000000000000000 ) ) ;
#4598 = DIRECTION ( 'NONE',  ( 1.000000000000000000, 0.0000000000000000000, 0.0000000000000000000 ) ) ;
#4599 = CARTESIAN_POINT ( 'NONE',  ( 1.567743846396475700E-015, 7.859999999999998500, -12.80160000000000100 ) ) ;
#4600 = DIRECTION ( 'NONE',  ( -0.0000000000000000000, 1.000000000000000000, -0.0000000000000000000 ) ) ;
#4601 = CARTESIAN_POINT ( 'NONE',  ( 13.02502207291795200, 5.080000000000001000, 7.520000000000020000 ) ) ;
#4602 = DIRECTION ( 'NONE',  ( 0.8660254037844363800, 6.527685457279756500E-016, 0.5000000000000037700 ) ) ;
#4603 = DIRECTION ( 'NONE',  ( -0.5000000000000038900, 0.0000000000000000000, 0.8660254037844366000 ) ) ;
#4604 = CARTESIAN_POINT ( 'NONE',  ( 1.556968529797808600E-012, 9.128729999999993800, -12.80159999999995100 ) ) ;
#4605 = CARTESIAN_POINT ( 'NONE',  ( -7.391007206056274400, 9.075813333333330800, -12.80160000000088200 ) ) ;
#4606 = CARTESIAN_POINT ( 'NONE',  ( 8.868100134752642900, 5.080000000000001000, 5.120000000000009900 ) ) ;
#4607 = DIRECTION ( 'NONE',  ( 0.8660254037844380400, -0.0000000000000000000, 0.5000000000000010000 ) ) ;
#4608 = DIRECTION ( 'NONE',  ( 0.5000000000000008900, 0.0000000000000000000, -0.8660254037844381500 ) ) ;
#4609 = CARTESIAN_POINT ( 'NONE',  ( -8.250000000000003600, 3.049999999999998900, 1.000000000000000900 ) ) ;
#4610 = DIRECTION ( 'NONE',  ( 0.0000000000000000000, -0.0000000000000000000, -1.000000000000000000 ) ) ;
#4611 = CARTESIAN_POINT ( 'NONE',  ( 0.0000000000000000000, 7.859999999999998500, 12.80160000000000100 ) ) ;
#4612 = CARTESIAN_POINT ( 'NONE',  ( 8.249999999999998200, 7.250000000000000900, 0.0000000000000000000 ) ) ;
#4613 = CARTESIAN_POINT ( 'NONE',  ( -11.08651080908604100, 9.022896666666662600, -6.400800000001337000 ) ) ;
#4614 = CARTESIAN_POINT ( 'NONE',  ( -14.78201441211576900, 8.969979999999997800, -1.876891705355624000E-012 ) ) ;
#4615 = CARTESIAN_POINT ( 'NONE',  ( -11.08651080908762100, 8.917063333333329600, 6.400799999998599600 ) ) ;
#4616 = CARTESIAN_POINT ( 'NONE',  ( -7.391007206059434500, 8.864146666666664800, 12.80159999999905600 ) ) ;
#4617 = CARTESIAN_POINT ( 'NONE',  ( -1.604022904083679500E-012, 8.811229999999996600, 12.80159999999995100 ) ) ;
#4618 = CARTESIAN_POINT ( 'NONE',  ( -1.750000000000005100, -5.050000000000000700, 1.000000000000000900 ) ) ;
#4619 = CARTESIAN_POINT ( 'NONE',  ( 0.0000000000000000000, 7.859999999999998500, 12.80160000000000100 ) ) ;
#4620 = DIRECTION ( 'NONE',  ( 0.0000000000000000000, -0.0000000000000000000, -1.000000000000000000 ) ) ;
#4621 = DIRECTION ( 'NONE',  ( -0.0000000000000000000, 1.000000000000000000, -0.0000000000000000000 ) ) ;
#4622 = CARTESIAN_POINT ( 'NONE',  ( 8.249999999999996400, 7.249999999999997300, 1.000000000000000900 ) ) ;
#4623 = DIRECTION ( 'NONE',  ( -5.551115123125783900E-017, 1.000000000000000000, 0.0000000000000000000 ) ) ;
#4624 = CARTESIAN_POINT ( 'NONE',  ( -7.391007206056326800, 9.712083333333327000, -12.80160000000085000 ) ) ;
#4625 = DIRECTION ( 'NONE',  ( -0.0000000000000000000, 1.000000000000000000, -0.0000000000000000000 ) ) ;
#4626 = CARTESIAN_POINT ( 'NONE',  ( 1.550680157197392700E-012, 9.764999999999991700, -12.80159999999995100 ) ) ;
#4627 = DIRECTION ( 'NONE',  ( 0.0000000000000000000, -0.0000000000000000000, -1.000000000000000000 ) ) ;
#4628 = CARTESIAN_POINT ( 'NONE',  ( -7.250000000000002700, -4.049999999999999800, 1.000000000000000900 ) ) ;
#4629 = CARTESIAN_POINT ( 'NONE',  ( 7.391007206056316100, 8.123313333333330300, 12.80160000000085500 ) ) ;
#4630 = CARTESIAN_POINT ( 'NONE',  ( -11.08651080908604300, 9.659166666666660500, -6.400800000001330800 ) ) ;
#4631 = CARTESIAN_POINT ( 'NONE',  ( -14.78201441211576900, 9.606249999999995700, -1.816799121406137900E-012 ) ) ;
#4632 = CARTESIAN_POINT ( 'NONE',  ( -11.08651080908761900, 9.553333333333327500, 6.400799999998604900 ) ) ;
#4633 = CARTESIAN_POINT ( 'NONE',  ( -7.391007206059473600, 9.500416666666662700, 12.80159999999903200 ) ) ;
#4634 = CARTESIAN_POINT ( 'NONE',  ( -1.597734531483263600E-012, 9.447499999999994500, 12.80159999999995100 ) ) ;
#4635 = DIRECTION ( 'NONE',  ( 1.000000000000000000, 2.775557561562891400E-016, 0.0000000000000000000 ) ) ;
#4636 = CARTESIAN_POINT ( 'NONE',  ( 0.0000000000000000000, 7.859999999999998500, 12.80160000000000100 ) ) ;
#4637 = DIRECTION ( 'NONE',  ( -0.0000000000000000000, 1.000000000000000000, -0.0000000000000000000 ) ) ;
#4638 = CARTESIAN_POINT ( 'NONE',  ( 1.599306624633367600E-012, 9.763729999999995400, -12.80159999999995100 ) ) ;
#4639 = CARTESIAN_POINT ( 'NONE',  ( -7.391007206056323200, 9.710813333333328900, -12.80160000000085300 ) ) ;
#4640 = CARTESIAN_POINT ( 'NONE',  ( -2.750000000000005800, -5.050000000000000700, 0.0000000000000000000 ) ) ;
#4641 = DIRECTION ( 'NONE',  ( 0.0000000000000000000, -0.0000000000000000000, -1.000000000000000000 ) ) ;
#4642 = DIRECTION ( 'NONE',  ( -1.000000000000000000, 0.0000000000000000000, 0.0000000000000000000 ) ) ;
#4643 = CARTESIAN_POINT ( 'NONE',  ( -11.08651080908604100, 9.657896666666658800, -6.400800000001334300 ) ) ;
#4644 = CARTESIAN_POINT ( 'NONE',  ( -14.78201441211576900, 9.604979999999995900, -1.872885533092325300E-012 ) ) ;
#4645 = CARTESIAN_POINT ( 'NONE',  ( -11.08651080908761900, 9.552063333333325800, 6.400799999998601400 ) ) ;
#4646 = CARTESIAN_POINT ( 'NONE',  ( -7.391007206059431800, 9.499146666666661100, 12.80159999999905600 ) ) ;
#4647 = CARTESIAN_POINT ( 'NONE',  ( -1.600878717783471600E-012, 9.446229999999992800, 12.80159999999995100 ) ) ;
#4648 = CARTESIAN_POINT ( 'NONE',  ( -7.250000000000006200, 4.050000000000003400, 1.000000000000000900 ) ) ;
#4649 = DIRECTION ( 'NONE',  ( 0.0000000000000000000, -0.0000000000000000000, -1.000000000000000000 ) ) ;
#4650 = CARTESIAN_POINT ( 'NONE',  ( 1.567743846396475700E-015, 7.859999999999998500, -12.80160000000000100 ) ) ;
#4651 = DIRECTION ( 'NONE',  ( -0.0000000000000000000, 1.000000000000000000, -0.0000000000000000000 ) ) ;
#4652 = CARTESIAN_POINT ( 'NONE',  ( -5.830281241405142400, 2.184891142304699100, 1.999999999999994900 ) ) ;
#4653 = CARTESIAN_POINT ( 'NONE',  ( -1.607167090383887500E-012, 8.176229999999996800, 12.80159999999995100 ) ) ;
#4654 = DIRECTION ( 'NONE',  ( -1.000000000000000000, 0.0000000000000000000, -0.0000000000000000000 ) ) ;
#4655 = CARTESIAN_POINT ( 'NONE',  ( -1.600878717783471600E-012, 8.812499999999994700, 12.80159999999995100 ) ) ;
#4656 = CARTESIAN_POINT ( 'NONE',  ( 7.391007206056321400, 8.759583333333331700, 12.80160000000085300 ) ) ;
#4657 = CARTESIAN_POINT ( 'NONE',  ( 11.08651080908601800, 8.070396666666663800, 6.400800000001382300 ) ) ;
#4658 = CARTESIAN_POINT ( 'NONE',  ( 14.78201441211576900, 8.017479999999997300, 1.830820724327684400E-012 ) ) ;
#4659 = CARTESIAN_POINT ( 'NONE',  ( 11.08651080908764700, 7.964563333333330800, -6.400799999998555200 ) ) ;
#4660 = CARTESIAN_POINT ( 'NONE',  ( 7.449669688683794500, 7.912486666669998700, -12.69999359959556000 ) ) ;
#4661 = CARTESIAN_POINT ( 'NONE',  ( 0.1766802231558806100, 7.859999999999998500, -12.80038072319513600 ) ) ;
#4662 = CARTESIAN_POINT ( 'NONE',  ( -1.750000000000005100, -7.250000000000000900, 1.000000000000000900 ) ) ;
#4663 = DIRECTION ( 'NONE',  ( 0.0000000000000000000, -0.0000000000000000000, -1.000000000000000000 ) ) ;
#4664 = CARTESIAN_POINT ( 'NONE',  ( 7.391007206056319700, 8.758313333333331800, 12.80160000000085300 ) ) ;
#4665 = CARTESIAN_POINT ( 'NONE',  ( -1.604022904083679500E-012, 8.811229999999996600, 12.80159999999995100 ) ) ;
#4666 = CARTESIAN_POINT ( 'NONE',  ( 11.08651080908602000, 8.706666666666661700, 6.400800000001375200 ) ) ;
#4667 = CARTESIAN_POINT ( 'NONE',  ( 14.78201441211576900, 8.653749999999995200, 1.822808379801086200E-012 ) ) ;
#4668 = CARTESIAN_POINT ( 'NONE',  ( 11.08651080908764200, 8.600833333333328700, -6.400799999998561400 ) ) ;
#4669 = CARTESIAN_POINT ( 'NONE',  ( 7.391007206059476300, 8.547916666666662200, -12.80159999999903200 ) ) ;
#4670 = CARTESIAN_POINT ( 'NONE',  ( 1.556968529797808600E-012, 8.494999999999995700, -12.80159999999995100 ) ) ;
#4671 = CARTESIAN_POINT ( 'NONE',  ( -7.391007206056273500, 8.440813333333331100, -12.80160000000088200 ) ) ;
#4672 = CARTESIAN_POINT ( 'NONE',  ( 1.560112716098016600E-012, 8.493729999999997600, -12.80159999999995100 ) ) ;
#4673 = CARTESIAN_POINT ( 'NONE',  ( 11.08651080908601800, 8.705396666666663600, 6.400800000001378700 ) ) ;
#4674 = CARTESIAN_POINT ( 'NONE',  ( 14.78201441211576900, 8.652479999999998800, 1.826814552064385700E-012 ) ) ;
#4675 = CARTESIAN_POINT ( 'NONE',  ( 11.08651080908764500, 8.599563333333330600, -6.400799999998558800 ) ) ;
#4676 = CARTESIAN_POINT ( 'NONE',  ( 7.391007206059480700, 8.546646666666664100, -12.80159999999903200 ) ) ;
#4677 = CARTESIAN_POINT ( 'NONE',  ( 1.560112716098016600E-012, 8.493729999999997600, -12.80159999999995100 ) ) ;
#4678 = CARTESIAN_POINT ( 'NONE',  ( -1.750000000000005100, -7.250000000000000900, 0.0000000000000000000 ) ) ;
#4679 = CARTESIAN_POINT ( 'NONE',  ( -11.08651080908604000, 8.387896666666664600, -6.400800000001340500 ) ) ;
#4680 = CARTESIAN_POINT ( 'NONE',  ( -14.78201441211576900, 8.334979999999998100, -1.880897877618923500E-012 ) ) ;
#4681 = CARTESIAN_POINT ( 'NONE',  ( -11.08651080908762200, 8.282063333333331600, 6.400799999998596900 ) ) ;
#4682 = CARTESIAN_POINT ( 'NONE',  ( -7.391007206059528700, 8.229146666666663300, 12.80159999999899900 ) ) ;
#4683 = CARTESIAN_POINT ( 'NONE',  ( -1.607167090383887500E-012, 8.176229999999996800, 12.80159999999995100 ) ) ;
#4684 = CARTESIAN_POINT ( 'NONE',  ( 7.249999999999997300, 8.249999999999998200, 1.000000000000000900 ) ) ;
#4685 = DIRECTION ( 'NONE',  ( 0.0000000000000000000, -0.0000000000000000000, -1.000000000000000000 ) ) ;
#4686 = CARTESIAN_POINT ( 'NONE',  ( -1.604022904083679500E-012, 8.177499999999996700, 12.80159999999995100 ) ) ;
#4687 = CARTESIAN_POINT ( 'NONE',  ( 7.391007206056319700, 8.124583333333331900, 12.80160000000085300 ) ) ;
#4688 = CARTESIAN_POINT ( 'NONE',  ( 0.0000000000000000000, 7.859999999999998500, 0.0000000000000000000 ) ) ;
#4689 = DIRECTION ( 'NONE',  ( 0.0000000000000000000, 1.000000000000000000, 0.0000000000000000000 ) ) ;
#4690 = DIRECTION ( 'NONE',  ( 0.0000000000000000000, 0.0000000000000000000, 1.000000000000000000 ) ) ;
#4691 = DIRECTION ( 'NONE',  ( 8.326672684688674100E-016, -1.000000000000000000, 0.0000000000000000000 ) ) ;
#4692 = CARTESIAN_POINT ( 'NONE',  ( 11.08651080908601800, 8.071666666666663700, 6.400800000001378700 ) ) ;
#4693 = CARTESIAN_POINT ( 'NONE',  ( 14.78201441211576900, 8.018750000000000700, 1.826814552064385700E-012 ) ) ;
#4694 = CARTESIAN_POINT ( 'NONE',  ( 11.08651080908764500, 7.965833333333331500, -6.400799999998558800 ) ) ;
#4695 = CARTESIAN_POINT ( 'NONE',  ( 7.391007206059480700, 7.912916666666663300, -12.80159999999903200 ) ) ;
#4696 = CARTESIAN_POINT ( 'NONE',  ( 1.560112716098016600E-012, 7.859999999999998500, -12.80159999999995100 ) ) ;
#4697 = CARTESIAN_POINT ( 'NONE',  ( -1.600878717783471600E-012, 9.446229999999992800, 12.80159999999995100 ) ) ;
#4698 = CARTESIAN_POINT ( 'NONE',  ( 7.391007206056321400, 9.393313333333326300, 12.80160000000085300 ) ) ;
#4699 = CARTESIAN_POINT ( 'NONE',  ( 0.0000000000000000000, 0.0000000000000000000, -3.599999999999992100 ) ) ;
#4700 = DIRECTION ( 'NONE',  ( 0.0000000000000000000, 0.0000000000000000000, -1.000000000000000000 ) ) ;
#4701 = DIRECTION ( 'NONE',  ( -1.000000000000000000, 0.0000000000000000000, 0.0000000000000000000 ) ) ;
#4702 = CARTESIAN_POINT ( 'NONE',  ( 7.391007206056327700, 10.02958333333332800, 12.80160000000084800 ) ) ;
#4703 = CARTESIAN_POINT ( 'NONE',  ( -1.549108064047288700E-012, 10.08249999999999400, 12.80159999999995100 ) ) ;
#4704 = CARTESIAN_POINT ( 'NONE',  ( 11.08651080908602000, 9.340396666666659800, 6.400800000001375200 ) ) ;
#4705 = CARTESIAN_POINT ( 'NONE',  ( 14.78201441211576900, 9.287479999999995100, 1.822808379801086200E-012 ) ) ;
#4706 = CARTESIAN_POINT ( 'NONE',  ( 11.08651080908764200, 9.234563333333326800, -6.400799999998561400 ) ) ;
#4707 = CARTESIAN_POINT ( 'NONE',  ( 7.391007206059476300, 9.181646666666662100, -12.80159999999903200 ) ) ;
#4708 = CARTESIAN_POINT ( 'NONE',  ( 1.556968529797808600E-012, 9.128729999999993800, -12.80159999999995100 ) ) ;
#4709 = CARTESIAN_POINT ( 'NONE',  ( 1.805129381943197800E-015, 10.16000000000000200, 14.73999999999999700 ) ) ;
#4710 = CARTESIAN_POINT ( 'NONE',  ( 11.08651080908604500, 9.976666666666661200, 6.400800000001330800 ) ) ;
#4711 = CARTESIAN_POINT ( 'NONE',  ( 14.78201441211576900, 9.923749999999993000, 1.816799121406137900E-012 ) ) ;
#4712 = CARTESIAN_POINT ( 'NONE',  ( 11.08651080908761700, 9.870833333333328200, -6.400799999998606700 ) ) ;
#4713 = CARTESIAN_POINT ( 'NONE',  ( 7.391007206059473600, 9.817916666666660000, -12.80159999999903200 ) ) ;
#4714 = CARTESIAN_POINT ( 'NONE',  ( 1.550680157197392700E-012, 9.764999999999991700, -12.80159999999995100 ) ) ;
#4715 = CARTESIAN_POINT ( 'NONE',  ( -8.250000000000003600, 3.049999999999998900, 1.000000000000000900 ) ) ;
#4716 = DIRECTION ( 'NONE',  ( 0.0000000000000000000, -1.000000000000000000, 0.0000000000000000000 ) ) ;
#4717 = CARTESIAN_POINT ( 'NONE',  ( -1.597734531483263600E-012, 10.08122999999999300, 12.80159999999995100 ) ) ;
#4718 = CARTESIAN_POINT ( 'NONE',  ( 7.391007206056324100, 10.02831333333332600, 12.80160000000085100 ) ) ;
#4719 = CARTESIAN_POINT ( 'NONE',  ( -7.250000000000002700, 3.049999999999998900, 1.000000000000000900 ) ) ;
#4720 = DIRECTION ( 'NONE',  ( 0.0000000000000000000, 0.0000000000000000000, 1.000000000000000000 ) ) ;
#4721 = DIRECTION ( 'NONE',  ( -1.000000000000000000, 0.0000000000000000000, 0.0000000000000000000 ) ) ;
#4722 = DIRECTION ( 'NONE',  ( 8.659560562354932900E-017, -0.7071067811865474600, 0.7071067811865474600 ) ) ;
#4723 = CARTESIAN_POINT ( 'NONE',  ( 11.08651080908604300, 9.975396666666659600, 6.400800000001334300 ) ) ;
#4724 = CARTESIAN_POINT ( 'NONE',  ( 14.78201441211576900, 9.922479999999994900, 1.818802207537787500E-012 ) ) ;
#4725 = CARTESIAN_POINT ( 'NONE',  ( 11.08651080908761900, 9.869563333333328400, -6.400799999998603200 ) ) ;
#4726 = CARTESIAN_POINT ( 'NONE',  ( 7.391007206059475400, 9.816646666666661900, -12.80159999999903200 ) ) ;
#4727 = CARTESIAN_POINT ( 'NONE',  ( 1.599306624633367600E-012, 9.763729999999995400, -12.80159999999995100 ) ) ;
#4728 = DIRECTION ( 'NONE',  ( 0.0000000000000000000, -0.0000000000000000000, -1.000000000000000000 ) ) ;
#4729 = CARTESIAN_POINT ( 'NONE',  ( 0.0000000000000000000, 9.660000000000001900, 0.0000000000000000000 ) ) ;
#4730 = DIRECTION ( 'NONE',  ( 0.0000000000000000000, -1.000000000000000000, 0.0000000000000000000 ) ) ;
#4731 = DIRECTION ( 'NONE',  ( -8.881784197001252300E-016, 0.0000000000000000000, 1.000000000000000000 ) ) ;
#4732 = CARTESIAN_POINT ( 'NONE',  ( -0.7500000000000041100, 8.249999999999998200, 1.000000000000000900 ) ) ;
#4733 = CARTESIAN_POINT ( 'NONE',  ( 6.450000000000002000, 6.450000000000002800, 1.000000000000000900 ) ) ;
#4734 = DIRECTION ( 'NONE',  ( 0.0000000000000000000, 0.0000000000000000000, 1.000000000000000000 ) ) ;
#4735 = DIRECTION ( 'NONE',  ( 1.000000000000000000, 0.0000000000000000000, 0.0000000000000000000 ) ) ;
#4736 = CARTESIAN_POINT ( 'NONE',  ( 2.850223126611654200, 0.1500000000000008300, -9.337392013684857200 ) ) ;
#4737 = DIRECTION ( 'NONE',  ( -0.0000000000000000000, -1.000000000000000000, -0.0000000000000000000 ) ) ;
#4738 = CARTESIAN_POINT ( 'NONE',  ( -5.996281292110201600, 0.7100000000000023000, 4.610863854409638300 ) ) ;
#4739 = DIRECTION ( 'NONE',  ( 0.0000000000000000000, 0.5150380749100556000, 0.8571673007021114500 ) ) ;
#4740 = DIRECTION ( 'NONE',  ( -0.0000000000000000000, -1.000000000000000000, -0.0000000000000000000 ) ) ;
#4741 = CARTESIAN_POINT ( 'NONE',  ( 2.850223126611654200, 0.1500000000000008300, -10.93739201368484400 ) ) ;
#4742 = CARTESIAN_POINT ( 'NONE',  ( 5.996281292110215800, 1.109999999999999900, -3.985863854409618800 ) ) ;
#4743 = DIRECTION ( 'NONE',  ( -0.0000000000000000000, 1.000000000000000000, -0.0000000000000000000 ) ) ;
#4744 = DIRECTION ( 'NONE',  ( 0.0000000000000000000, 0.0000000000000000000, 1.000000000000000000 ) ) ;
#4745 = CARTESIAN_POINT ( 'NONE',  ( 6.450000000000002000, 6.450000000000002800, 0.0000000000000000000 ) ) ;
#4746 = DIRECTION ( 'NONE',  ( 0.0000000000000000000, -0.0000000000000000000, -1.000000000000000000 ) ) ;
#4747 = DIRECTION ( 'NONE',  ( -1.000000000000000000, 0.0000000000000000000, 0.0000000000000000000 ) ) ;
#4748 = CARTESIAN_POINT ( 'NONE',  ( -7.250000000000002700, -4.049999999999999800, 1.000000000000000900 ) ) ;
#4749 = DIRECTION ( 'NONE',  ( 0.0000000000000000000, -0.0000000000000000000, -1.000000000000000000 ) ) ;
#4750 = CARTESIAN_POINT ( 'NONE',  ( -7.250000000000002700, -3.050000000000000700, 0.0000000000000000000 ) ) ;
#4751 = DIRECTION ( 'NONE',  ( 0.0000000000000000000, 0.0000000000000000000, 1.000000000000000000 ) ) ;
#4752 = DIRECTION ( 'NONE',  ( 1.000000000000000000, 0.0000000000000000000, 0.0000000000000000000 ) ) ;
#4753 = CARTESIAN_POINT ( 'NONE',  ( -6.550000000000000700, 0.0000000000000000000, 0.0000000000000000000 ) ) ;
#4754 = CARTESIAN_POINT ( 'NONE',  ( 0.04999999999999622800, -6.450000000000001100, 0.0000000000000000000 ) ) ;
#4755 = DIRECTION ( 'NONE',  ( 0.0000000000000000000, -0.0000000000000000000, -1.000000000000000000 ) ) ;
#4756 = DIRECTION ( 'NONE',  ( -1.000000000000000000, 0.0000000000000000000, 0.0000000000000000000 ) ) ;
#4757 = DIRECTION ( 'NONE',  ( 0.0000000000000000000, 0.0000000000000000000, 1.000000000000000000 ) ) ;
#4758 = CARTESIAN_POINT ( 'NONE',  ( 5.996281292110215800, 3.910000000000000100, -4.610863854409617900 ) ) ;
#4759 = DIRECTION ( 'NONE',  ( -0.0000000000000000000, 1.000000000000000000, -0.0000000000000000000 ) ) ;
#4760 = CARTESIAN_POINT ( 'NONE',  ( -6.550000000000004300, -2.540000000000002300, 0.0000000000000000000 ) ) ;
#4761 = DIRECTION ( 'NONE',  ( 0.0000000000000000000, 0.0000000000000000000, 1.000000000000000000 ) ) ;
#4762 = CARTESIAN_POINT ( 'NONE',  ( -7.550000000000000700, 6.123233995736773400E-017, 0.0000000000000000000 ) ) ;
#4763 = DIRECTION ( 'NONE',  ( 0.0000000000000000000, 0.0000000000000000000, 1.000000000000000000 ) ) ;
#4764 = DIRECTION ( 'NONE',  ( 0.0000000000000000000, -0.0000000000000000000, -1.000000000000000000 ) ) ;
#4765 = CARTESIAN_POINT ( 'NONE',  ( 8.694895053995766800, 5.080000000000001000, 5.020000000000017300 ) ) ;
#4766 = DIRECTION ( 'NONE',  ( 0.8660254037844363800, -0.0000000000000000000, 0.5000000000000041100 ) ) ;
#4767 = DIRECTION ( 'NONE',  ( -0.5000000000000038900, 0.0000000000000000000, 0.8660254037844364900 ) ) ;
#4768 = CARTESIAN_POINT ( 'NONE',  ( -8.999999999999998200, 9.992007221626408900E-016, 0.4879999999999988800 ) ) ;
#4769 = CARTESIAN_POINT ( 'NONE',  ( -6.250000000000000000, 0.0000000000000000000, 1.500000000000001300 ) ) ;
#4770 = CARTESIAN_POINT ( 'NONE',  ( 0.0000000000000000000, 0.0000000000000000000, 1.500000000000001300 ) ) ;
#4771 = DIRECTION ( 'NONE',  ( 0.0000000000000000000, 0.0000000000000000000, 1.000000000000000000 ) ) ;
#4772 = DIRECTION ( 'NONE',  ( 1.000000000000000000, 0.0000000000000000000, 0.0000000000000000000 ) ) ;
#4773 = DIRECTION ( 'NONE',  ( 0.0000000000000000000, 0.0000000000000000000, -1.000000000000000000 ) ) ;
#4774 = CARTESIAN_POINT ( 'NONE',  ( 12.33462715367483200, 5.080000000000001000, 9.115799077416495400 ) ) ;
#4775 = DIRECTION ( 'NONE',  ( 0.8660254037844380400, -0.0000000000000000000, 0.5000000000000010000 ) ) ;
#4776 = CARTESIAN_POINT ( 'NONE',  ( 0.0000000000000000000, 0.0000000000000000000, 0.0000000000000000000 ) ) ;
#4777 = DIRECTION ( 'NONE',  ( 0.0000000000000000000, 0.0000000000000000000, 1.000000000000000000 ) ) ;
#4778 = DIRECTION ( 'NONE',  ( 1.000000000000000000, 0.0000000000000000000, 0.0000000000000000000 ) ) ;
#4779 = CARTESIAN_POINT ( 'NONE',  ( -10.54599999999999800, -1.148775549528840300, 8.037808214890210600 ) ) ;
#4780 = DIRECTION ( 'NONE',  ( 0.0000000000000000000, 0.0000000000000000000, -1.000000000000000000 ) ) ;
#4781 = CARTESIAN_POINT ( 'NONE',  ( 0.0000000000000000000, 0.0000000000000000000, 0.4879999999999988800 ) ) ;
#4782 = DIRECTION ( 'NONE',  ( 0.0000000000000000000, 0.0000000000000000000, -1.000000000000000000 ) ) ;
#4783 = DIRECTION ( 'NONE',  ( -1.000000000000000000, 1.110223024625156800E-016, 0.0000000000000000000 ) ) ;
#4784 = CARTESIAN_POINT ( 'NONE',  ( -5.030281241405139900, 2.184891142304699100, 1.999999999999994900 ) ) ;
#4785 = DIRECTION ( 'NONE',  ( -5.551115123125783900E-017, 1.000000000000000000, 0.0000000000000000000 ) ) ;
#4786 = CARTESIAN_POINT ( 'NONE',  ( -9.280258849058842700, 2.398676442232187300, 0.8179999999999992800 ) ) ;
#4787 = DIRECTION ( 'NONE',  ( 0.0000000000000000000, 0.0000000000000000000, 1.000000000000000000 ) ) ;
#4788 = CARTESIAN_POINT ( 'NONE',  ( -7.550000000000000700, 2.539999999999998700, 0.0000000000000000000 ) ) ;
#4789 = DIRECTION ( 'NONE',  ( 0.0000000000000000000, 0.0000000000000000000, 1.000000000000000000 ) ) ;
#4790 = CARTESIAN_POINT ( 'NONE',  ( -7.184773090682671900, 1.260000000000000700, -9.055607966083934800 ) ) ;
#4791 = DIRECTION ( 'NONE',  ( -0.8660254037844366000, -0.0000000000000000000, -0.5000000000000036600 ) ) ;
#4792 = CARTESIAN_POINT ( 'NONE',  ( 0.0000000000000000000, 0.0000000000000000000, 1.500000000000001300 ) ) ;
#4793 = DIRECTION ( 'NONE',  ( 0.0000000000000000000, 0.0000000000000000000, 1.000000000000000000 ) ) ;
#4794 = DIRECTION ( 'NONE',  ( 1.000000000000000000, 0.0000000000000000000, 0.0000000000000000000 ) ) ;
#4795 = CARTESIAN_POINT ( 'NONE',  ( 8.999999999999998200, 1.029813970699767700E-016, 0.4879999999999988800 ) ) ;
#4796 = DIRECTION ( 'NONE',  ( 0.0000000000000000000, 0.0000000000000000000, -1.000000000000000000 ) ) ;
#4797 = CARTESIAN_POINT ( 'NONE',  ( -10.65493276417713100, -1.659133819999998300, 8.037808214890210600 ) ) ;
#4798 = DIRECTION ( 'NONE',  ( 0.0000000000000000000, 0.0000000000000000000, -1.000000000000000000 ) ) ;
#4799 = CARTESIAN_POINT ( 'NONE',  ( 0.0000000000000000000, 0.0000000000000000000, 0.0000000000000000000 ) ) ;
#4800 = DIRECTION ( 'NONE',  ( 0.0000000000000000000, 0.0000000000000000000, 1.000000000000000000 ) ) ;
#4801 = DIRECTION ( 'NONE',  ( 1.000000000000000000, 0.0000000000000000000, 0.0000000000000000000 ) ) ;
#4802 = CARTESIAN_POINT ( 'NONE',  ( 12.99766040818511900, 2.464882070228256100E-011, -0.3263927284635555500 ) ) ;
#4803 = CARTESIAN_POINT ( 'NONE',  ( 8.868100134752639400, 5.080000000000004500, 5.120000000000013400 ) ) ;
#4804 = DIRECTION ( 'NONE',  ( -0.8660254037844380400, 0.0000000000000000000, -0.5000000000000010000 ) ) ;
#4805 = DIRECTION ( 'NONE',  ( -0.5000000000000007800, 0.0000000000000000000, 0.8660254037844381500 ) ) ;
#4806 = CARTESIAN_POINT ( 'NONE',  ( 2.780463044020562400, 0.1500000000000008300, -11.39774018625500500 ) ) ;
#4807 = CARTESIAN_POINT ( 'NONE',  ( 13.00410058324990800, -0.9132922076959243400, -0.3152380180447207900 ) ) ;
#4808 = CARTESIAN_POINT ( 'NONE',  ( 14.06642207291795900, 5.080000000000001000, 5.716242288997796600 ) ) ;
#4809 = CARTESIAN_POINT ( 'NONE',  ( 10.53025884418231900, -2.398676442232260200, 4.317999999999998700 ) ) ;
#4810 = DIRECTION ( 'NONE',  ( 0.0000000000000000000, 0.0000000000000000000, 1.000000000000000000 ) ) ;
#4811 = DIRECTION ( 'NONE',  ( -1.000000000000000000, 0.0000000000000000000, 0.0000000000000000000 ) ) ;
#4812 = CARTESIAN_POINT ( 'NONE',  ( -5.996281292110201600, 1.109999999999999900, 3.185863854409639800 ) ) ;
#4813 = CARTESIAN_POINT ( 'NONE',  ( 12.91530620491214300, -1.820943856584894500, -0.3041687809556918300 ) ) ;
#4814 = CARTESIAN_POINT ( 'NONE',  ( 12.54244040393574100, -3.624681243026940600, -0.2822032073965842200 ) ) ;
#4815 = CARTESIAN_POINT ( 'NONE',  ( 12.25841202826808600, -4.510510446980328300, -0.2714320727332126800 ) ) ;
#4816 = CARTESIAN_POINT ( 'NONE',  ( 11.51275873085218700, -6.194969197729804500, -0.2509769979943832800 ) ) ;
#4817 = CARTESIAN_POINT ( 'NONE',  ( 11.05700471175054200, -6.984983010399322900, -0.2416576085391034000 ) ) ;
#4818 = CARTESIAN_POINT ( 'NONE',  ( 9.985519765592325600, -8.464235329801660200, -0.2213185386509363400 ) ) ;
#4819 = CARTESIAN_POINT ( 'NONE',  ( 9.364111940668763600, -9.156675436169591000, -0.2105460209534034100 ) ) ;
#4820 = CARTESIAN_POINT ( 'NONE',  ( 8.337006758241946300, -10.08151896358716600, -0.1941033035186967300 ) ) ;
#4821 = CARTESIAN_POINT ( 'NONE',  ( 7.976428663101152900, -10.37312532795119100, -0.1885360378821873700 ) ) ;
#4822 = CARTESIAN_POINT ( 'NONE',  ( 7.233347142392762700, -10.91197958182411500, -0.1774485163258010800 ) ) ;
#4823 = CARTESIAN_POINT ( 'NONE',  ( 6.850032641739975500, -11.16021074581747500, -0.1719137053579158900 ) ) ;
#4824 = CARTESIAN_POINT ( 'NONE',  ( 6.060355230675863700, -11.61517961472305900, -0.1608616983454525500 ) ) ;
#4825 = CARTESIAN_POINT ( 'NONE',  ( 5.653991689839025400, -11.82191618469280000, -0.1553445026393184300 ) ) ;
#4826 = CARTESIAN_POINT ( 'NONE',  ( 4.817948382954139900, -12.19341372001422900, -0.1443277598671814100 ) ) ;
#4827 = CARTESIAN_POINT ( 'NONE',  ( 4.386417924527870900, -12.35873875115567000, -0.1388054292783786100 ) ) ;
#4828 = CARTESIAN_POINT ( 'NONE',  ( 3.508545420730221100, -12.64255991002662900, -0.1278967135405196200 ) ) ;
#4829 = CARTESIAN_POINT ( 'NONE',  ( 3.063448415687304300, -12.76090358260143800, -0.1225242472764300100 ) ) ;
#4830 = CARTESIAN_POINT ( 'NONE',  ( 2.160949360116246200, -12.95052005053180200, -0.1119421958572136700 ) ) ;
#4831 = CARTESIAN_POINT ( 'NONE',  ( 1.703580257615650000, -13.02152829221931500, -0.1067345876377498900 ) ) ;
#4832 = CARTESIAN_POINT ( 'NONE',  ( 0.3345313406707157200, -13.16097152645626200, -0.09159747331015741200 ) ) ;
#4833 = CARTESIAN_POINT ( 'NONE',  ( -0.5812434396022065900, -13.15822347698310500, -0.08229964491378061200 ) ) ;
#4834 = CARTESIAN_POINT ( 'NONE',  ( -1.500111490356387700, -13.05861959651557700, -0.07205909487751488400 ) ) ;
#4835 = CARTESIAN_POINT ( 'NONE',  ( -7.537658773652721000, 5.510000000000000700, 0.5556079660838011400 ) ) ;
#4836 = CARTESIAN_POINT ( 'NONE',  ( 0.0000000000000000000, 9.660000000000001900, -15.23999999999999700 ) ) ;
#4837 = CARTESIAN_POINT ( 'NONE',  ( 7.694895053995756100, 5.080000000000004500, 6.752050807568891400 ) ) ;
#4838 = CARTESIAN_POINT ( 'NONE',  ( 11.79457499969616700, 9.659999999999998400, 9.651196846844547000 ) ) ;
#4839 = CARTESIAN_POINT ( 'NONE',  ( -7.855607966083869800, 5.510000000000000700, 5.106312121600018000 ) ) ;
#4840 = CARTESIAN_POINT ( 'NONE',  ( 9.868100134752641100, 5.080000000000004500, 3.387949192431137100 ) ) ;
#4841 = CARTESIAN_POINT ( 'NONE',  ( 3.280463044020566000, 0.1500000000000008300, -11.26376559003944200 ) ) ;
#4842 = CARTESIAN_POINT ( 'NONE',  ( 8.250000000000000000, 5.163139720814417200, 0.0000000000000000000 ) ) ;
#4843 = CARTESIAN_POINT ( 'NONE',  ( 1.866361721900565800E-015, 9.660000000000001900, 15.23999999999999700 ) ) ;
#4844 = CARTESIAN_POINT ( 'NONE',  ( -10.50679306876173400, 5.510000000000000700, 2.998299419707792300 ) ) ;
#4845 = CARTESIAN_POINT ( 'NONE',  ( 11.79457499969619000, 1.010362971081847600, 9.651196846844515100 ) ) ;
#4846 = CARTESIAN_POINT ( 'NONE',  ( -4.750000000000000000, 1.109063166291942300E-015, 1.688000000000001900 ) ) ;
#4847 = CARTESIAN_POINT ( 'NONE',  ( 1.866361721900565800E-015, 10.16000000000000200, 15.23999999999999700 ) ) ;
#4848 = DIRECTION ( 'NONE',  ( -0.0000000000000000000, -1.000000000000000000, -0.0000000000000000000 ) ) ;
#4849 = CARTESIAN_POINT ( 'NONE',  ( 11.79457499969618300, 10.16000000000000900, 9.651196846844525700 ) ) ;
#4850 = CARTESIAN_POINT ( 'NONE',  ( 10.63940248311153300, 1.855563203547683200, 3.352799999999999300 ) ) ;
#4851 = DIRECTION ( 'NONE',  ( 0.0000000000000000000, 1.000000000000000000, 0.0000000000000000000 ) ) ;
#4852 = CARTESIAN_POINT ( 'NONE',  ( -1.750000000000005100, 7.250000000000000900, 1.000000000000000900 ) ) ;
#4853 = DIRECTION ( 'NONE',  ( 0.0000000000000000000, -0.0000000000000000000, -1.000000000000000000 ) ) ;
#4854 = CARTESIAN_POINT ( 'NONE',  ( 0.0000000000000000000, 1.010362971081847600, 15.23999999999999700 ) ) ;
#4855 = CARTESIAN_POINT ( 'NONE',  ( 9.000000000000000000, 1.029813970699767900E-016, -0.5119999999999985700 ) ) ;
#4856 = DIRECTION ( 'NONE',  ( 0.0000000000000000000, 0.4999999999999983300, 0.8660254037844397100 ) ) ;
#4857 = CARTESIAN_POINT ( 'NONE',  ( 12.70455909487750500, 1.478873454741597000E-016, 4.317999999999998700 ) ) ;
#4858 = CARTESIAN_POINT ( 'NONE',  ( -5.550000000000001600, -1.269999999999998500, 1.000000000000000900 ) ) ;
#4859 = CARTESIAN_POINT ( 'NONE',  ( -13.14449999999999500, -3.160760730459210000E-014, 3.416614850601326700 ) ) ;
#4860 = CARTESIAN_POINT ( 'NONE',  ( 2.624389492455733800, 12.87984705040738700, 4.063999999999998300 ) ) ;
#4861 = CARTESIAN_POINT ( 'NONE',  ( 10.80000000000000100, -1.199040866595169300E-015, 2.267999999999999300 ) ) ;
#4862 = CARTESIAN_POINT ( 'NONE',  ( 13.14449999999999700, 2.881870077771632400E-014, 3.734114850601326600 ) ) ;
#4863 = CARTESIAN_POINT ( 'NONE',  ( 10.63940248311157100, 1.855563203547426500, 4.318000000000002300 ) ) ;
#4864 = CARTESIAN_POINT ( 'NONE',  ( 4.463705940605605900, 12.09298637747595600, -0.5120000000011261100 ) ) ;
#4865 = CARTESIAN_POINT ( 'NONE',  ( -6.550000000000004300, -2.540000000000002300, 0.0000000000000000000 ) ) ;
#4866 = CARTESIAN_POINT ( 'NONE',  ( -12.70455909487750500, 1.434911028601465500E-015, 4.317999999999998700 ) ) ;
#4867 = CARTESIAN_POINT ( 'NONE',  ( -9.280258849058842700, 2.398676442232187300, 2.267999999999999300 ) ) ;
#4868 = CARTESIAN_POINT ( 'NONE',  ( -6.349999999999997900, 7.049916206369743600E-016, 1.688000000000001900 ) ) ;
#4869 = CARTESIAN_POINT ( 'NONE',  ( 3.749999999999997800, 6.349999999999999600, 1.000000000000000900 ) ) ;
#4870 = CARTESIAN_POINT ( 'NONE',  ( 9.280258839305821200, -2.398676442232259700, 2.267999999999999300 ) ) ;
#4871 = CARTESIAN_POINT ( 'NONE',  ( -6.250000000000000000, 0.0000000000000000000, 1.500000000000001300 ) ) ;
#4872 = CARTESIAN_POINT ( 'NONE',  ( 8.250000000000000000, 5.163139720814417200, 1.000000000000000900 ) ) ;
#4873 = CARTESIAN_POINT ( 'NONE',  ( -8.999999999999998200, 9.992007221626408900E-016, 0.4879999999999988800 ) ) ;
#4874 = CARTESIAN_POINT ( 'NONE',  ( 10.79999999999999900, -1.199040866595169300E-015, 3.352799999999999300 ) ) ;
#4875 = CARTESIAN_POINT ( 'NONE',  ( 4.750000000000000000, -5.273559366969494600E-016, 1.688000000000001900 ) ) ;
#4876 = CARTESIAN_POINT ( 'NONE',  ( -12.65057607142845900, 1.490676581623849600, 4.298635149398658800 ) ) ;
#4877 = CARTESIAN_POINT ( 'NONE',  ( -4.550000000000002500, -1.269999999999998500, 1.000000000000000900 ) ) ;
#4878 = CARTESIAN_POINT ( 'NONE',  ( 13.13590762142625600, -0.4751959715269260500, -0.07205909487751488400 ) ) ;
#4879 = CARTESIAN_POINT ( 'NONE',  ( 11.78025884905881600, -2.398676442232260200, 4.317999999999998700 ) ) ;
#4880 = CARTESIAN_POINT ( 'NONE',  ( 15.02729673967379400, 3.549999994059764900, 1.849998979418312300 ) ) ;
#4881 = CARTESIAN_POINT ( 'NONE',  ( -0.7500000000000041100, -8.250000000000000000, 1.000000000000000900 ) ) ;
#4882 = DIRECTION ( 'NONE',  ( 1.000000000000000000, 0.0000000000000000000, 0.0000000000000000000 ) ) ;
#4883 = CARTESIAN_POINT ( 'NONE',  ( 15.02732085686733400, 3.368151415120969700, 1.849999999313636900 ) ) ;
#4884 = CARTESIAN_POINT ( 'NONE',  ( 15.02729673967379400, 3.549999994059764900, 1.849998979418312300 ) ) ;
#4885 = CARTESIAN_POINT ( 'NONE',  ( 15.11616353197957700, 3.552140227573039200, 1.938865666943068200 ) ) ;
#4886 = CARTESIAN_POINT ( 'NONE',  ( 15.03249133747803300, 3.154136108092288700, 1.823376005964874000 ) ) ;
#4887 = CARTESIAN_POINT ( 'NONE',  ( 15.04796658042746000, 2.811429222559978800, 1.700511769063309400 ) ) ;
#4888 = CARTESIAN_POINT ( 'NONE',  ( 15.05441158174950000, 2.693914398775916700, 1.645681914209510700 ) ) ;
#4889 = CARTESIAN_POINT ( 'NONE',  ( 15.06987475840470500, 2.461536740519590700, 1.502131569517385100 ) ) ;
#4890 = CARTESIAN_POINT ( 'NONE',  ( 15.07898474222710700, 2.345903002548188200, 1.412569241542911400 ) ) ;
#4891 = CARTESIAN_POINT ( 'NONE',  ( 15.10961960324963400, 2.026847021594462300, 1.092387646431743200 ) ) ;
#4892 = CARTESIAN_POINT ( 'NONE',  ( 15.12493194736608400, 1.889321783709036400, 0.8503432321831083700 ) ) ;
#4893 = CARTESIAN_POINT ( 'NONE',  ( 15.14533484246852000, 1.726584731110578900, 0.3950854436243803600 ) ) ;
#4894 = CARTESIAN_POINT ( 'NONE',  ( 15.15042539530300700, 1.699933028969419400, 0.1816523180708480000 ) ) ;
#4895 = CARTESIAN_POINT ( 'NONE',  ( 15.15038470043777600, 1.700067221547858500, -0.1830138715155698600 ) ) ;
#4896 = CARTESIAN_POINT ( 'NONE',  ( 15.14525293025241500, 1.726935084469205700, -0.3969366085458485000 ) ) ;
#4897 = CARTESIAN_POINT ( 'NONE',  ( 15.12476654437619500, 1.890489184457578900, -0.8527298578922346600 ) ) ;
#4898 = CARTESIAN_POINT ( 'NONE',  ( 15.10948161990037700, 2.027778666602403600, -1.094176973993411100 ) ) ;
#4899 = CARTESIAN_POINT ( 'NONE',  ( 15.06840971091320100, 2.456556738224622700, -1.522748459709009300 ) ) ;
#4900 = CARTESIAN_POINT ( 'NONE',  ( 15.05300430473817700, 2.699671791838337900, -1.660737659404798000 ) ) ;
#4901 = CARTESIAN_POINT ( 'NONE',  ( 15.03245458902525500, 3.155632937337571800, -1.823617902645112500 ) ) ;
#4902 = CARTESIAN_POINT ( 'NONE',  ( 15.02731027948735900, 3.368938575538845500, -1.850000000000000300 ) ) ;
#4903 = CARTESIAN_POINT ( 'NONE',  ( 15.02729651826802700, 3.550000000000000300, -1.849999999999999900 ) ) ;
#4904 = CARTESIAN_POINT ( 'NONE',  ( 5.410898384862250100, 3.523983639057931300, 0.0000000000000000000 ) ) ;
#4905 = DIRECTION ( 'NONE',  ( 0.0000000000000000000, 0.0000000000000000000, 1.000000000000000000 ) ) ;
#4906 = CARTESIAN_POINT ( 'NONE',  ( 15.11616353197957700, 3.552140227573039200, 1.938865666943068200 ) ) ;
#4907 = CARTESIAN_POINT ( 'NONE',  ( 15.11613895428350900, 4.082846242432664100, 1.939057284381713800 ) ) ;
#4908 = CARTESIAN_POINT ( 'NONE',  ( 15.02729651826802700, 3.550000000000000300, -1.849999999999999900 ) ) ;
#4909 = CARTESIAN_POINT ( 'NONE',  ( 15.02728275709801800, 3.731060775509394700, -1.850000000000001000 ) ) ;
#4910 = CARTESIAN_POINT ( 'NONE',  ( 15.14405419664759500, 4.537628906633060000, 1.749300778998236900 ) ) ;
#4911 = CARTESIAN_POINT ( 'NONE',  ( 15.21249000502668000, 5.289633986241164500, 0.9912510143081718600 ) ) ;
#4912 = CARTESIAN_POINT ( 'NONE',  ( 15.24003962737666700, 5.477579387067201800, 0.5331320162804181800 ) ) ;
#4913 = CARTESIAN_POINT ( 'NONE',  ( 15.23998012329635900, 5.477412414676007500, -0.2682633766105032000 ) ) ;
#4914 = CARTESIAN_POINT ( 'NONE',  ( 15.23297352974317300, 5.430263292248831400, -0.5161919092562317100 ) ) ;
#4915 = CARTESIAN_POINT ( 'NONE',  ( 15.21620538013777600, 5.288899411162898200, -0.8589400390747155000 ) ) ;
#4916 = CARTESIAN_POINT ( 'NONE',  ( 15.20956630365506800, 5.230004751226727100, -0.9683362395162304900 ) ) ;
#4917 = CARTESIAN_POINT ( 'NONE',  ( 15.19850008209367000, 5.124002711961174400, -1.125140350849043400 ) ) ;
#4918 = CARTESIAN_POINT ( 'NONE',  ( 15.19268942889721400, 5.066586679988075700, -1.201720141695239900 ) ) ;
#4919 = CARTESIAN_POINT ( 'NONE',  ( 15.18654419496849300, 5.002548129504496000, -1.275566861623562900 ) ) ;
#4920 = CARTESIAN_POINT ( 'NONE',  ( 15.18238169873861800, 4.958384091735333700, -1.324190831417427500 ) ) ;
#4921 = CARTESIAN_POINT ( 'NONE',  ( 15.18015222046912300, 4.934297524236017200, -1.349476079806293000 ) ) ;
#4922 = CARTESIAN_POINT ( 'NONE',  ( 15.16190740432071000, 4.733732736275932500, -1.551328451400938700 ) ) ;
#4923 = CARTESIAN_POINT ( 'NONE',  ( 15.14629651720333200, 4.525889447782550900, -1.690373832147464600 ) ) ;
#4924 = CARTESIAN_POINT ( 'NONE',  ( 15.12273328768868900, 4.047920971662402500, -1.889603077073843000 ) ) ;
#4925 = CARTESIAN_POINT ( 'NONE',  ( 15.11612456917528700, 3.802285901754910200, -1.939169436184541500 ) ) ;
#4926 = CARTESIAN_POINT ( 'NONE',  ( 15.11616337866982800, 3.549999999999998500, -1.938866862206143300 ) ) ;
#4927 = CARTESIAN_POINT ( 'NONE',  ( 15.02729651826802700, 3.550000000000000300, -1.849999999999999900 ) ) ;
#4928 = CARTESIAN_POINT ( 'NONE',  ( 15.11616337866982800, 3.549999999999998500, -1.938866862206143300 ) ) ;
#4929 = CARTESIAN_POINT ( 'NONE',  ( 15.03241382808417700, 3.944371657090465900, -1.823618282380329100 ) ) ;
#4930 = CARTESIAN_POINT ( 'NONE',  ( 15.05296563436883000, 4.400351005555697800, -1.660727494533187600 ) ) ;
#4931 = CARTESIAN_POINT ( 'NONE',  ( 15.06846674129835700, 4.644196232445406000, -1.522009556138551400 ) ) ;
#4932 = CARTESIAN_POINT ( 'NONE',  ( 15.10943673255627200, 5.071552326098360400, -1.094831951954026600 ) ) ;
#4933 = CARTESIAN_POINT ( 'NONE',  ( 15.12480034583246500, 5.209713547111183700, -0.8523624329067806000 ) ) ;
#4934 = CARTESIAN_POINT ( 'NONE',  ( 15.14528480767933300, 5.373206644387608800, -0.3963436732887690700 ) ) ;
#4935 = CARTESIAN_POINT ( 'NONE',  ( 15.15040566806777100, 5.399995199271518100, -0.1827170522114890900 ) ) ;
#4936 = CARTESIAN_POINT ( 'NONE',  ( 15.15040457687413200, 5.400004799451036100, 0.1826198250592201100 ) ) ;
#4937 = CARTESIAN_POINT ( 'NONE',  ( 15.14527608547335200, 5.373118519801225000, 0.3968824945079563700 ) ) ;
#4938 = CARTESIAN_POINT ( 'NONE',  ( 15.12476321106384200, 5.209291236324930600, 0.8532464150199269300 ) ) ;
#4939 = CARTESIAN_POINT ( 'NONE',  ( 15.10941317337983800, 5.071616034143679600, 1.095051551626310000 ) ) ;
#4940 = CARTESIAN_POINT ( 'NONE',  ( 15.06831874298238300, 4.642399483547990300, 1.523521127003629500 ) ) ;
#4941 = CARTESIAN_POINT ( 'NONE',  ( 15.05291436592105100, 4.399201037764114200, 1.661285675354917700 ) ) ;
#4942 = CARTESIAN_POINT ( 'NONE',  ( 15.03239128807318000, 3.943517892843419600, 1.823775250871434900 ) ) ;
#4943 = CARTESIAN_POINT ( 'NONE',  ( 15.02727256895869300, 3.732019863532960000, 1.850000000687011000 ) ) ;
#4944 = CARTESIAN_POINT ( 'NONE',  ( 15.02729673967379400, 3.549999994059764900, 1.849998979418312300 ) ) ;
#4945 = DIRECTION ( 'NONE',  ( 0.0000000000000000000, -0.0000000000000000000, -1.000000000000000000 ) ) ;
#4946 = CARTESIAN_POINT ( 'NONE',  ( -5.030281241405139900, 2.184891142304699100, 1.999999999999994900 ) ) ;
#4947 = CARTESIAN_POINT ( 'NONE',  ( -5.830281241405142400, 0.5848911423047016300, 1.999999999999994900 ) ) ;
#4948 = DIRECTION ( 'NONE',  ( 0.0000000000000000000, -0.0000000000000000000, -1.000000000000000000 ) ) ;
#4949 = CARTESIAN_POINT ( 'NONE',  ( -5.830281241405142400, 0.5848911423047016300, 1.999999999999994900 ) ) ;
#4950 = DIRECTION ( 'NONE',  ( 1.000000000000000000, -1.110223024625156500E-016, 0.0000000000000000000 ) ) ;
#4951 = CARTESIAN_POINT ( 'NONE',  ( 8.250000000000000000, 5.163139720814417200, 0.0000000000000000000 ) ) ;
#4952 = CARTESIAN_POINT ( 'NONE',  ( -5.830281241405142400, 2.184891142304699100, 1.999999999999994900 ) ) ;
#4953 = DIRECTION ( 'NONE',  ( -0.8660254037844383700, -0.5000000000000004400, 0.0000000000000000000 ) ) ;
#4954 = DIRECTION ( 'NONE',  ( 0.0000000000000000000, -0.0000000000000000000, -1.000000000000000000 ) ) ;
#4955 = CARTESIAN_POINT ( 'NONE',  ( -5.830281241405142400, 2.184891142304699100, 1.999999999999994900 ) ) ;
#4956 = DIRECTION ( 'NONE',  ( 5.551115123125783900E-017, -1.000000000000000000, 0.0000000000000000000 ) ) ;
#4957 = DIRECTION ( 'NONE',  ( 0.0000000000000000000, -0.0000000000000000000, -1.000000000000000000 ) ) ;
#4958 = CARTESIAN_POINT ( 'NONE',  ( -7.050000000000000700, 0.0000000000000000000, 0.0000000000000000000 ) ) ;
#4959 = DIRECTION ( 'NONE',  ( 0.0000000000000000000, 0.0000000000000000000, 1.000000000000000000 ) ) ;
#4960 = DIRECTION ( 'NONE',  ( 1.000000000000000000, 0.0000000000000000000, 0.0000000000000000000 ) ) ;
#4961 = DIRECTION ( 'NONE',  ( -0.0000000000000000000, 1.000000000000000000, -0.0000000000000000000 ) ) ;
#4962 = CARTESIAN_POINT ( 'NONE',  ( -5.030281241405139900, 0.5848911423046980800, 1.999999999999994900 ) ) ;
#4963 = CARTESIAN_POINT ( 'NONE',  ( -5.996281292110201600, 1.109999999999999900, 3.985863854409639600 ) ) ;
#4964 = DIRECTION ( 'NONE',  ( -0.0000000000000000000, 1.000000000000000000, -0.0000000000000000000 ) ) ;
#4965 = DIRECTION ( 'NONE',  ( 0.0000000000000000000, 0.0000000000000000000, 1.000000000000000000 ) ) ;
#4966 = CARTESIAN_POINT ( 'NONE',  ( -5.996281292110201600, 3.910000000000000100, 3.360863854409640500 ) ) ;
#4967 = DIRECTION ( 'NONE',  ( -0.0000000000000000000, 1.000000000000000000, -0.0000000000000000000 ) ) ;
#4968 = DIRECTION ( 'NONE',  ( -0.0000000000000000000, 1.000000000000000000, -0.0000000000000000000 ) ) ;
#4969 = CARTESIAN_POINT ( 'NONE',  ( -5.996281292110201600, 3.910000000000000100, 4.785863854409639000 ) ) ;
#4970 = CARTESIAN_POINT ( 'NONE',  ( -5.996281292110201600, 0.7100000000000023000, 3.985863854409639600 ) ) ;
#4971 = DIRECTION ( 'NONE',  ( -0.0000000000000000000, 1.000000000000000000, -0.0000000000000000000 ) ) ;
#4972 = DIRECTION ( 'NONE',  ( 0.0000000000000000000, 0.0000000000000000000, 1.000000000000000000 ) ) ;
#4973 = DIRECTION ( 'NONE',  ( 1.049727191138617600E-016, 0.5150380749100556000, -0.8571673007021114500 ) ) ;
#4974 = CARTESIAN_POINT ( 'NONE',  ( 5.996281292110215800, 0.7100000000000023000, -4.610863854409617900 ) ) ;
#4975 = CARTESIAN_POINT ( 'NONE',  ( -5.996281292110201600, 3.910000000000000100, 3.185863854409639800 ) ) ;
#4976 = CARTESIAN_POINT ( 'NONE',  ( -5.996281292110201600, 3.910000000000000100, 3.985863854409639600 ) ) ;
#4977 = DIRECTION ( 'NONE',  ( -0.0000000000000000000, 1.000000000000000000, -0.0000000000000000000 ) ) ;
#4978 = DIRECTION ( 'NONE',  ( 0.0000000000000000000, 0.0000000000000000000, 1.000000000000000000 ) ) ;
#4979 = CARTESIAN_POINT ( 'NONE',  ( -5.996281292110201600, 1.109999999999999900, 3.985863854409639600 ) ) ;
#4980 = DIRECTION ( 'NONE',  ( -0.0000000000000000000, 1.000000000000000000, -0.0000000000000000000 ) ) ;
#4981 = DIRECTION ( 'NONE',  ( 0.0000000000000000000, 0.0000000000000000000, 1.000000000000000000 ) ) ;
#4982 = CARTESIAN_POINT ( 'NONE',  ( -2.787658773652699700, 3.910000000000000100, -7.671633369868348300 ) ) ;
#4983 = DIRECTION ( 'NONE',  ( -0.0000000000000000000, -1.000000000000000000, -0.0000000000000000000 ) ) ;
#4984 = DIRECTION ( 'NONE',  ( 0.0000000000000000000, 0.0000000000000000000, 1.000000000000000000 ) ) ;
#4985 = CARTESIAN_POINT ( 'NONE',  ( -5.996281292110201600, 0.7100000000000023000, 3.360863854409640500 ) ) ;
#4986 = DIRECTION ( 'NONE',  ( 1.049727191138617600E-016, 0.5150380749100556000, -0.8571673007021114500 ) ) ;
#4987 = CARTESIAN_POINT ( 'NONE',  ( -10.75679306876173800, 5.510000000000000700, 3.431312121600013800 ) ) ;
#4988 = DIRECTION ( 'NONE',  ( -0.0000000000000000000, -1.000000000000000000, -0.0000000000000000000 ) ) ;
#4989 = DIRECTION ( 'NONE',  ( 3.469446951953598800E-015, 0.0000000000000000000, 1.000000000000000000 ) ) ;
#4990 = DIRECTION ( 'NONE',  ( 0.0000000000000000000, 1.000000000000000000, 0.0000000000000000000 ) ) ;
#4991 = CARTESIAN_POINT ( 'NONE',  ( 7.961902895719874500, 5.080000000000001000, 4.596806780105544600 ) ) ;
#4992 = DIRECTION ( 'NONE',  ( -0.8660254037844380400, 0.0000000000000000000, -0.5000000000000010000 ) ) ;
#4993 = DIRECTION ( 'NONE',  ( 0.5000000000000011100, 0.0000000000000000000, -0.8660254037844380400 ) ) ;
#4994 = CARTESIAN_POINT ( 'NONE',  ( 12.20002207291794200, 5.080000000000004500, 8.948941916244358200 ) ) ;
#4995 = CARTESIAN_POINT ( 'NONE',  ( -2.787658773652699700, 1.260000000000000700, -6.671633369868348300 ) ) ;
#4996 = DIRECTION ( 'NONE',  ( 0.8660254037844363800, -0.0000000000000000000, 0.5000000000000041100 ) ) ;
#4997 = CARTESIAN_POINT ( 'NONE',  ( -3.175000000000017600, -16.26796789124274400, 7.249261314031174100 ) ) ;
#4998 = CARTESIAN_POINT ( 'NONE',  ( 11.00000000000000400, 7.859999999999998500, -1.249999999999999300 ) ) ;
#4999 = CARTESIAN_POINT ( 'NONE',  ( -2.787658773652699700, 5.510000000000000700, -7.671633369868348300 ) ) ;
#5000 = DIRECTION ( 'NONE',  ( 0.0000000000000000000, 1.000000000000000000, 0.0000000000000000000 ) ) ;
#5001 = DIRECTION ( 'NONE',  ( 0.0000000000000000000, 0.0000000000000000000, 1.000000000000000000 ) ) ;
#5002 = DIRECTION ( 'NONE',  ( -0.0000000000000000000, 1.000000000000000000, -0.0000000000000000000 ) ) ;
#5003 = DIRECTION ( 'NONE',  ( -0.0000000000000000000, 1.000000000000000000, -0.0000000000000000000 ) ) ;
#5004 = CARTESIAN_POINT ( 'NONE',  ( 7.828869650211327500, 5.080000000000004500, 4.520000000000015600 ) ) ;
#5005 = DIRECTION ( 'NONE',  ( 0.8660254037844363800, -0.0000000000000000000, 0.5000000000000041100 ) ) ;
#5006 = DIRECTION ( 'NONE',  ( 0.5000000000000041100, 0.0000000000000000000, -0.8660254037844363800 ) ) ;
#5007 = CARTESIAN_POINT ( 'NONE',  ( 2.850223126611654200, 7.859999999999998500, -10.13739201368485100 ) ) ;
#5008 = DIRECTION ( 'NONE',  ( 0.0000000000000000000, 1.000000000000000000, 0.0000000000000000000 ) ) ;
#5009 = DIRECTION ( 'NONE',  ( 0.0000000000000000000, 0.0000000000000000000, 1.000000000000000000 ) ) ;
#5010 = CARTESIAN_POINT ( 'NONE',  ( -7.050000000000004300, -2.540000000000002300, 0.0000000000000000000 ) ) ;
#5011 = DIRECTION ( 'NONE',  ( 0.0000000000000000000, 0.0000000000000000000, 1.000000000000000000 ) ) ;
#5012 = DIRECTION ( 'NONE',  ( 1.000000000000000000, 0.0000000000000000000, 0.0000000000000000000 ) ) ;
#5013 = CARTESIAN_POINT ( 'NONE',  ( 11.00000000000000400, 7.859999999999998500, 1.249999999999999300 ) ) ;
#5014 = CARTESIAN_POINT ( 'NONE',  ( -5.050000000000002500, -1.269999999999998500, 0.0000000000000000000 ) ) ;
#5015 = DIRECTION ( 'NONE',  ( 0.0000000000000000000, 0.0000000000000000000, 1.000000000000000000 ) ) ;
#5016 = DIRECTION ( 'NONE',  ( 1.000000000000000000, 0.0000000000000000000, 0.0000000000000000000 ) ) ;
#5017 = CARTESIAN_POINT ( 'NONE',  ( 11.00000000000000400, 4.913818169698586800, -1.249999999999999300 ) ) ;
#5018 = CARTESIAN_POINT ( 'NONE',  ( 10.91580702659535800, 4.913818169698588500, -1.249999999999999800 ) ) ;
#5019 = CARTESIAN_POINT ( 'NONE',  ( -7.050000000000000700, 2.539999999999998700, 0.0000000000000000000 ) ) ;
#5020 = DIRECTION ( 'NONE',  ( 0.0000000000000000000, 0.0000000000000000000, 1.000000000000000000 ) ) ;
#5021 = DIRECTION ( 'NONE',  ( -1.000000000000000000, 0.0000000000000000000, 0.0000000000000000000 ) ) ;
#5022 = DIRECTION ( 'NONE',  ( -0.0000000000000000000, 1.000000000000000000, -0.0000000000000000000 ) ) ;
#5023 = CARTESIAN_POINT ( 'NONE',  ( 10.83063994792708800, 4.921924524038439900, -1.241300789250607400 ) ) ;
#5024 = CARTESIAN_POINT ( 'NONE',  ( 10.66660388459190900, 4.951658675351871400, -1.207624737599852600 ) ) ;
#5025 = CARTESIAN_POINT ( 'NONE',  ( 10.58817784415794000, 4.972877243036292000, -1.183035478348356100 ) ) ;
#5026 = CARTESIAN_POINT ( 'NONE',  ( 10.36252337624600600, 5.048767856829527100, -1.087568516674015000 ) ) ;
#5027 = CARTESIAN_POINT ( 'NONE',  ( 10.23166907900736100, 5.112499455213455900, -0.9986474551950030900 ) ) ;
#5028 = CARTESIAN_POINT ( 'NONE',  ( 10.06294893893645400, 5.204035285865074900, -0.8310942154421867600 ) ) ;
#5029 = CARTESIAN_POINT ( 'NONE',  ( 10.01238800535138500, 5.233475444668595600, -0.7703915387501710800 ) ) ;
#5030 = CARTESIAN_POINT ( 'NONE',  ( 9.922361242863026100, 5.287819729348253600, -0.6384162310498937600 ) ) ;
#5031 = CARTESIAN_POINT ( 'NONE',  ( 9.882571200696819600, 5.312963363243293100, -0.5662104425718315100 ) ) ;
#5032 = CARTESIAN_POINT ( 'NONE',  ( 9.785877592839519000, 5.375284639192924100, -0.3396650226153383700 ) ) ;
#5033 = CARTESIAN_POINT ( 'NONE',  ( 9.750237626550523700, 5.399839441605450000, -0.1703770226109222200 ) ) ;
#5034 = CARTESIAN_POINT ( 'NONE',  ( 9.749883029264808000, 5.400079034238103800, 0.08255991437027533600 ) ) ;
#5035 = CARTESIAN_POINT ( 'NONE',  ( 9.758548360116362700, 5.394192258750568000, 0.1683842154643831500 ) ) ;
#5036 = CARTESIAN_POINT ( 'NONE',  ( 9.792237612310541900, 5.371684082980110000, 0.3329646123388881900 ) ) ;
#5037 = CARTESIAN_POINT ( 'NONE',  ( 9.817057301060563300, 5.355197754375650400, 0.4123444897978989500 ) ) ;
#5038 = CARTESIAN_POINT ( 'NONE',  ( 9.914351946563929400, 5.292461967919105200, 0.6413999789786182200 ) ) ;
#5039 = CARTESIAN_POINT ( 'NONE',  ( 10.00677796857072700, 5.234527640885761300, 0.7752195005757310800 ) ) ;
#5040 = CARTESIAN_POINT ( 'NONE',  ( 10.23086646576646300, 5.112917068393015200, 0.9979423251404917500 ) ) ;
#5041 = CARTESIAN_POINT ( 'NONE',  ( 10.36411815781204700, 5.048253805358577000, 1.088205925227882600 ) ) ;
#5042 = CARTESIAN_POINT ( 'NONE',  ( 10.66131160339561900, 4.948259124068767900, 1.214013188944407200 ) ) ;
#5043 = CARTESIAN_POINT ( 'NONE',  ( 10.82872756599946700, 4.913818169698585900, 1.249999999999999800 ) ) ;
#5044 = CARTESIAN_POINT ( 'NONE',  ( 11.00000000000000400, 4.913818169698588500, 1.249999999999999300 ) ) ;
#5045 = CARTESIAN_POINT ( 'NONE',  ( -3.287658773652702800, 1.260000000000000700, -6.805607966083912600 ) ) ;
#5046 = DIRECTION ( 'NONE',  ( 0.0000000000000000000, 1.000000000000000000, 0.0000000000000000000 ) ) ;
#5047 = CARTESIAN_POINT ( 'NONE',  ( 7.003869650211322000, 5.080000000000004500, 5.948941916244334200 ) ) ;
#5048 = DIRECTION ( 'NONE',  ( 0.01745240643727979600, 1.049727191138618300E-016, 0.9998476951563912700 ) ) ;
#5049 = CARTESIAN_POINT ( 'NONE',  ( -3.175000000000017600, 3.910000000000000100, 5.499261314031174100 ) ) ;
#5050 = DIRECTION ( 'NONE',  ( 0.0000000000000000000, 1.000000000000000000, 0.0000000000000000000 ) ) ;
#5051 = DIRECTION ( 'NONE',  ( 0.0000000000000000000, 0.0000000000000000000, 1.000000000000000000 ) ) ;
#5052 = CARTESIAN_POINT ( 'NONE',  ( -7.250000000000002700, -4.049999999999999800, 0.0000000000000000000 ) ) ;
#5053 = DIRECTION ( 'NONE',  ( 1.000000000000000000, 2.775557561562891400E-016, 0.0000000000000000000 ) ) ;
#5054 = CARTESIAN_POINT ( 'NONE',  ( -3.175000000000017600, 1.260000000000000700, 5.499261314031174100 ) ) ;
#5055 = DIRECTION ( 'NONE',  ( -0.0000000000000000000, 1.000000000000000000, -0.0000000000000000000 ) ) ;
#5056 = DIRECTION ( 'NONE',  ( 0.0000000000000000000, 0.0000000000000000000, -1.000000000000000000 ) ) ;
#5057 = CARTESIAN_POINT ( 'NONE',  ( 11.00000000000000400, 7.859999999999998500, 0.0000000000000000000 ) ) ;
#5058 = DIRECTION ( 'NONE',  ( -0.0000000000000000000, 1.000000000000000000, -0.0000000000000000000 ) ) ;
#5059 = DIRECTION ( 'NONE',  ( 0.0000000000000000000, 0.0000000000000000000, 1.000000000000000000 ) ) ;
#5060 = CARTESIAN_POINT ( 'NONE',  ( 5.785898384862249200, -0.2368602791855863000, 0.0000000000000000000 ) ) ;
#5061 = DIRECTION ( 'NONE',  ( 1.000000000000000000, 0.0000000000000000000, 0.0000000000000000000 ) ) ;
#5062 = CARTESIAN_POINT ( 'NONE',  ( -5.996281292110201600, 3.910000000000000100, 4.610863854409638300 ) ) ;
#5063 = DIRECTION ( 'NONE',  ( -0.0000000000000000000, 1.000000000000000000, -0.0000000000000000000 ) ) ;
#5064 = CARTESIAN_POINT ( 'NONE',  ( 4.785898384862248300, 2.441451884327381400, 0.0000000000000000000 ) ) ;
#5065 = DIRECTION ( 'NONE',  ( 0.0000000000000000000, -1.000000000000000000, 0.0000000000000000000 ) ) ;
#5066 = CARTESIAN_POINT ( 'NONE',  ( 5.996281292110215800, 1.109999999999999900, -3.985863854409618800 ) ) ;
#5067 = DIRECTION ( 'NONE',  ( -0.0000000000000000000, 1.000000000000000000, -0.0000000000000000000 ) ) ;
#5068 = DIRECTION ( 'NONE',  ( 0.0000000000000000000, 0.0000000000000000000, 1.000000000000000000 ) ) ;
#5069 = CARTESIAN_POINT ( 'NONE',  ( -1.659455543377253300, -16.26796789124274400, 6.374261314031178600 ) ) ;
#5070 = DIRECTION ( 'NONE',  ( -0.0000000000000000000, 1.000000000000000000, -0.0000000000000000000 ) ) ;
#5071 = CARTESIAN_POINT ( 'NONE',  ( 6.035898384862249200, 2.441451884327381400, 0.0000000000000000000 ) ) ;
#5072 = DIRECTION ( 'NONE',  ( 0.0000000000000000000, 0.0000000000000000000, 1.000000000000000000 ) ) ;
#5073 = DIRECTION ( 'NONE',  ( 1.000000000000000000, 0.0000000000000000000, 0.0000000000000000000 ) ) ;
#5074 = CARTESIAN_POINT ( 'NONE',  ( -6.550000000000000700, 2.539999999999998700, 1.000000000000000900 ) ) ;
#5075 = CARTESIAN_POINT ( 'NONE',  ( 5.785898384862248300, 0.7631397208144146100, 0.0000000000000000000 ) ) ;
#5076 = DIRECTION ( 'NONE',  ( 0.0000000000000000000, 0.0000000000000000000, 1.000000000000000000 ) ) ;
#5077 = DIRECTION ( 'NONE',  ( -1.000000000000000000, 0.0000000000000000000, 0.0000000000000000000 ) ) ;
#5078 = CARTESIAN_POINT ( 'NONE',  ( -7.550000000000000700, 2.539999999999998700, 1.000000000000000900 ) ) ;
#5079 = CARTESIAN_POINT ( 'NONE',  ( -10.18256827940774100, 3.599347612443022800, 4.317999999999998700 ) ) ;
#5080 = CARTESIAN_POINT ( 'NONE',  ( 3.249999999999997800, 6.349999999999999600, 0.0000000000000000000 ) ) ;
#5081 = DIRECTION ( 'NONE',  ( 0.0000000000000000000, 0.0000000000000000000, 1.000000000000000000 ) ) ;
#5082 = DIRECTION ( 'NONE',  ( 1.000000000000000000, 0.0000000000000000000, 0.0000000000000000000 ) ) ;
#5083 = CARTESIAN_POINT ( 'NONE',  ( -13.14449999999999500, -3.160760730459210000E-014, 4.051614850601328800 ) ) ;
#5084 = CARTESIAN_POINT ( 'NONE',  ( -10.73688691482406400, 1.165872796783488300, 3.352799999999999300 ) ) ;
#5085 = CARTESIAN_POINT ( 'NONE',  ( 3.249999999999997800, -6.349999999999999600, 0.0000000000000000000 ) ) ;
#5086 = DIRECTION ( 'NONE',  ( 0.0000000000000000000, 0.0000000000000000000, 1.000000000000000000 ) ) ;
#5087 = DIRECTION ( 'NONE',  ( -1.000000000000000000, 0.0000000000000000000, 0.0000000000000000000 ) ) ;
#5088 = CARTESIAN_POINT ( 'NONE',  ( -6.550000000000000700, 0.0000000000000000000, 1.000000000000000900 ) ) ;
#5089 = CARTESIAN_POINT ( 'NONE',  ( -7.250000000000006200, 4.050000000000003400, 1.000000000000000900 ) ) ;
#5090 = CARTESIAN_POINT ( 'NONE',  ( -6.550000000000000700, 2.539999999999998700, 0.0000000000000000000 ) ) ;
#5091 = CARTESIAN_POINT ( 'NONE',  ( -8.250000000000003600, 3.049999999999998900, 1.000000000000000900 ) ) ;
#5092 = CARTESIAN_POINT ( 'NONE',  ( 13.14449999999999400, 2.881870077771631800E-014, 2.933385149398649800 ) ) ;
#5093 = CARTESIAN_POINT ( 'NONE',  ( -13.14449999999999500, -9.296355089585910700E-016, 0.2416148506013345600 ) ) ;
#5094 = CARTESIAN_POINT ( 'NONE',  ( -13.14449999999999700, 1.022599059854450300E-014, 0.8766148506013347100 ) ) ;
#5095 = CARTESIAN_POINT ( 'NONE',  ( 13.02378891971058600, 1.592883962825098000E-011, 4.133692574699257900 ) ) ;
#5096 = CARTESIAN_POINT ( 'NONE',  ( -7.550000000000000700, 6.123233995736777100E-017, 1.000000000000000900 ) ) ;
#5097 = CARTESIAN_POINT ( 'NONE',  ( -1.500111490356387700, -13.05861959651557700, -0.07205909487751488400 ) ) ;
#5098 = CARTESIAN_POINT ( 'NONE',  ( -13.14449999999999200, 7.437084071668728600E-015, 1.345885149398652800 ) ) ;
#5099 = CARTESIAN_POINT ( 'NONE',  ( -9.280258849058842700, 2.398676442232187300, 0.8179999999999992800 ) ) ;
#5100 = CARTESIAN_POINT ( 'NONE',  ( 13.14449999999999700, 7.901901826148025100E-015, 1.829114850601332200 ) ) ;
#5101 = CARTESIAN_POINT ( 'NONE',  ( -10.63940253137256100, -1.855562926829267700, 3.352799999999999300 ) ) ;
#5102 = CARTESIAN_POINT ( 'NONE',  ( 2.749999999999997800, -6.349999999999999600, 1.000000000000000900 ) ) ;
#5103 = CARTESIAN_POINT ( 'NONE',  ( -11.78025883930582700, 2.398676442232187800, 4.317999999999998700 ) ) ;
#5104 = CARTESIAN_POINT ( 'NONE',  ( -10.65493276417713100, -1.659133819999998300, 3.352799999999999300 ) ) ;
#5105 = CARTESIAN_POINT ( 'NONE',  ( 3.749999999999997800, 6.349999999999999600, 0.0000000000000000000 ) ) ;
#5106 = CARTESIAN_POINT ( 'NONE',  ( 13.14449999999999700, -1.859271017917182100E-015, 0.5591148506013340300 ) ) ;
#5107 = CARTESIAN_POINT ( 'NONE',  ( 13.14284326979420600, -2.556497649636125300E-015, -0.07492863576837662000 ) ) ;
#5108 = CARTESIAN_POINT ( 'NONE',  ( -13.14449999999999700, -1.069080835302379900E-014, 1.511614850601333600 ) ) ;
#5109 = CARTESIAN_POINT ( 'NONE',  ( -13.14449999999999400, -3.439651383146786400E-014, 2.615885149398649500 ) ) ;
#5110 = CARTESIAN_POINT ( 'NONE',  ( -6.550000000000004300, -2.540000000000002300, 1.000000000000000900 ) ) ;
#5111 = CARTESIAN_POINT ( 'NONE',  ( -13.14449999999999500, -3.160760730459210000E-014, 2.146614850601330700 ) ) ;
#5112 = CARTESIAN_POINT ( 'NONE',  ( 10.18256827615184600, -3.599347621653956600, 4.317999999999998700 ) ) ;
#5113 = CARTESIAN_POINT ( 'NONE',  ( -13.14449999999999700, 1.022599059854450300E-014, 2.781614850601330100 ) ) ;
#5114 = CARTESIAN_POINT ( 'NONE',  ( 13.14449999999999400, 7.901901826148025100E-015, 2.298385149398649600 ) ) ;
#5115 = CARTESIAN_POINT ( 'NONE',  ( -13.14449999999999200, -1.347971487989957100E-014, 1.980885149398651000 ) ) ;
#5116 = CARTESIAN_POINT ( 'NONE',  ( -13.14449999999999500, -3.718542035834364300E-015, 0.7108851493986546600 ) ) ;
#5117 = CARTESIAN_POINT ( 'NONE',  ( 10.18256827615185000, -3.599347621653944600, 2.267999999999999300 ) ) ;
#5118 = CARTESIAN_POINT ( 'NONE',  ( 13.14449999999999400, -1.301489712542027400E-014, 1.663385149398652500 ) ) ;
#5119 = CARTESIAN_POINT ( 'NONE',  ( 13.14449999999999500, -1.301489712542027600E-014, 1.194114850601333300 ) ) ;
#5120 = CARTESIAN_POINT ( 'NONE',  ( -7.550000000000000700, 6.123233995736777100E-017, 0.0000000000000000000 ) ) ;
#5121 = CARTESIAN_POINT ( 'NONE',  ( -2.750000000000004000, 4.049999999999999800, 1.000000000000000900 ) ) ;
#5122 = CARTESIAN_POINT ( 'NONE',  ( -13.05418368287981700, 1.538235555314654300, 4.063999999999998300 ) ) ;
#5123 = CARTESIAN_POINT ( 'NONE',  ( -1.750000000000006700, 5.050000000000000700, 1.000000000000000900 ) ) ;
#5124 = CARTESIAN_POINT ( 'NONE',  ( -6.550000000000000700, 0.0000000000000000000, 0.0000000000000000000 ) ) ;
#5125 = CARTESIAN_POINT ( 'NONE',  ( -11.78025883930582700, 2.398676442232187800, 0.8179999999999992800 ) ) ;
#5126 = CARTESIAN_POINT ( 'NONE',  ( 3.749999999999997800, -6.349999999999999600, 0.0000000000000000000 ) ) ;
#5127 = CARTESIAN_POINT ( 'NONE',  ( 7.249999999999997300, 8.249999999999998200, 1.000000000000000900 ) ) ;
#5128 = CARTESIAN_POINT ( 'NONE',  ( -7.550000000000000700, 2.539999999999998700, 0.0000000000000000000 ) ) ;
#5129 = CARTESIAN_POINT ( 'NONE',  ( 2.749999999999997800, 6.349999999999999600, 0.0000000000000000000 ) ) ;
#5130 = CARTESIAN_POINT ( 'NONE',  ( -6.250000000000000000, 0.0000000000000000000, 0.0000000000000000000 ) ) ;
#5131 = CARTESIAN_POINT ( 'NONE',  ( 2.749999999999997800, -6.349999999999999600, 0.0000000000000000000 ) ) ;
#5132 = CARTESIAN_POINT ( 'NONE',  ( -7.550000000000003400, -2.540000000000002300, 1.000000000000000900 ) ) ;
#5133 = CARTESIAN_POINT ( 'NONE',  ( -10.73688691482406400, 1.165872796783488300, 2.267999999999999300 ) ) ;
#5134 = CARTESIAN_POINT ( 'NONE',  ( -1.750000000000005100, 7.250000000000000900, 1.000000000000000900 ) ) ;
#5135 = CARTESIAN_POINT ( 'NONE',  ( -7.250000000000002700, -4.049999999999999800, 1.000000000000000900 ) ) ;
#5136 = CARTESIAN_POINT ( 'NONE',  ( 3.749999999999997800, -6.349999999999999600, 1.000000000000000900 ) ) ;
#5137 = CARTESIAN_POINT ( 'NONE',  ( -0.7500000000000041100, 8.249999999999998200, 1.000000000000000900 ) ) ;
#5138 = CARTESIAN_POINT ( 'NONE',  ( -1.750000000000005100, -7.250000000000000900, 1.000000000000000900 ) ) ;
#5139 = DIRECTION ( 'NONE',  ( 1.060575238724908100E-016, 0.4999999999999983300, -0.8660254037844397100 ) ) ;
#5140 = DIRECTION ( 'NONE',  ( 8.326672684688674100E-016, -1.000000000000000000, 0.0000000000000000000 ) ) ;
#5141 = CARTESIAN_POINT ( 'NONE',  ( -2.750000000000005800, -5.050000000000000700, 1.000000000000000900 ) ) ;
#5142 = DIRECTION ( 'NONE',  ( 0.0000000000000000000, -0.0000000000000000000, -1.000000000000000000 ) ) ;
#5143 = DIRECTION ( 'NONE',  ( -1.000000000000000000, 0.0000000000000000000, 0.0000000000000000000 ) ) ;
#5144 = CARTESIAN_POINT ( 'NONE',  ( 0.0000000000000000000, 10.16000000000000200, -14.73999999999999700 ) ) ;
#5145 = CARTESIAN_POINT ( 'NONE',  ( 1.866361721900565800E-015, 1.010362971081847600, -15.23999999999999700 ) ) ;
#5146 = DIRECTION ( 'NONE',  ( 0.0000000000000000000, -0.7071067811865474600, -0.7071067811865474600 ) ) ;
#5147 = CARTESIAN_POINT ( 'NONE',  ( 0.0000000000000000000, 0.0000000000000000000, -0.5119999999999985700 ) ) ;
#5148 = CARTESIAN_POINT ( 'NONE',  ( 2.780463044020562400, 0.1500000000000008300, -11.39774018625500500 ) ) ;
#5149 = CARTESIAN_POINT ( 'NONE',  ( 0.0000000000000000000, 9.660000000000001900, 0.0000000000000000000 ) ) ;
#5150 = DIRECTION ( 'NONE',  ( 0.0000000000000000000, -1.000000000000000000, 0.0000000000000000000 ) ) ;
#5151 = DIRECTION ( 'NONE',  ( 3.552713678800500900E-015, 0.0000000000000000000, 1.000000000000000000 ) ) ;
#5152 = CARTESIAN_POINT ( 'NONE',  ( -13.14449999999999400, -3.439651383146786400E-014, 2.615885149398649500 ) ) ;
#5153 = CARTESIAN_POINT ( 'NONE',  ( 1.127570259384924600E-014, 13.14450000000000100, 3.409635149398647400 ) ) ;
#5154 = CARTESIAN_POINT ( 'NONE',  ( -7.588980613363023800, 13.14449999999999900, 2.721718482731985600 ) ) ;
#5155 = CARTESIAN_POINT ( 'NONE',  ( 11.38347092004455300, 6.572249999999987900, 2.880468482731983300 ) ) ;
#5156 = CARTESIAN_POINT ( 'NONE',  ( -5.098458105059168400, 10.11900292856407000, 12.80159999999932000 ) ) ;
#5157 = CARTESIAN_POINT ( 'NONE',  ( -11.38347092004454600, 6.572250000000002100, 2.668801816065317700 ) ) ;
#5158 = CARTESIAN_POINT ( 'NONE',  ( 7.543602764834998800, 0.0000000000000000000, -7.647740186254976500 ) ) ;
#5159 = CARTESIAN_POINT ( 'NONE',  ( 13.14449999999999400, 2.881870077771631800E-014, 2.933385149398650200 ) ) ;
#5160 = CARTESIAN_POINT ( 'NONE',  ( -7.969536955979450900, 0.0000000000000000000, 8.221805995110468500 ) ) ;
#5161 = CARTESIAN_POINT ( 'NONE',  ( 13.14284326979420600, -2.556497649636125300E-015, -0.07492863576837662000 ) ) ;
#5162 = CARTESIAN_POINT ( 'NONE',  ( -7.588980613363026400, 13.14450000000000100, 1.617448183934666800 ) ) ;
#5163 = DIRECTION ( 'NONE',  ( -0.5000000000000004400, 0.0000000000000000000, 0.8660254037844383700 ) ) ;
#5164 = CARTESIAN_POINT ( 'NONE',  ( 13.13590762142625600, -0.4751959715269260500, -0.07205909487751488400 ) ) ;
#5165 = DIRECTION ( 'NONE',  ( 1.000000000000000000, -1.110223024625156800E-016, 0.0000000000000000000 ) ) ;
#5166 = CARTESIAN_POINT ( 'NONE',  ( 7.588980613363041500, 13.14449999999998800, 3.462551816065316100 ) ) ;
#5167 = CARTESIAN_POINT ( 'NONE',  ( 13.14449999999999400, -1.301489712542027400E-014, 3.568385149398647400 ) ) ;
#5168 = DIRECTION ( 'NONE',  ( 0.0000000000000000000, 0.0000000000000000000, 1.000000000000000000 ) ) ;
#5169 = DIRECTION ( 'NONE',  ( 0.0000000000000000000, -1.000000000000000000, 0.0000000000000000000 ) ) ;
#5170 = CARTESIAN_POINT ( 'NONE',  ( -11.38347092004454600, 6.572250000000002100, 1.564531517268000100 ) ) ;
#5171 = CARTESIAN_POINT ( 'NONE',  ( 7.588980613363044200, 13.14449999999999400, 1.723281517267999800 ) ) ;
#5172 = DIRECTION ( 'NONE',  ( -0.0000000000000000000, -1.000000000000000000, -0.0000000000000000000 ) ) ;
#5173 = CARTESIAN_POINT ( 'NONE',  ( 15.11616353197957700, 3.552140227573039200, 1.938865666943068200 ) ) ;
#5174 = CARTESIAN_POINT ( 'NONE',  ( 15.11616506808558900, 3.518971101644313900, 1.938853690853153700 ) ) ;
#5175 = CARTESIAN_POINT ( 'NONE',  ( -13.14450000000000400, 3.522058159910880900, 1.539972806800293800 ) ) ;
#5176 = CARTESIAN_POINT ( 'NONE',  ( 15.11666801205283200, 3.426065368638052000, 1.934929123150741700 ) ) ;
#5177 = CARTESIAN_POINT ( 'NONE',  ( -13.14450000000000400, 3.522058159910878200, 2.644243105597610100 ) ) ;
#5178 = CARTESIAN_POINT ( 'NONE',  ( 15.11756868062729900, 3.332073093921922500, 1.927891188470784600 ) ) ;
#5179 = CARTESIAN_POINT ( 'NONE',  ( 1.127570259384924600E-014, 13.14450000000000100, 2.774635149398650700 ) ) ;
#5180 = CARTESIAN_POINT ( 'NONE',  ( 15.11935654448847400, 3.239047452608845300, 1.913848432952978800 ) ) ;
#5181 = CARTESIAN_POINT ( 'NONE',  ( 13.14449999999999700, 3.522058159910878200, 3.540027193199687600 ) ) ;
#5182 = CARTESIAN_POINT ( 'NONE',  ( 7.588980613363041500, 13.14449999999998800, 2.827551816065314600 ) ) ;
#5183 = CARTESIAN_POINT ( 'NONE',  ( 15.11626633339230500, 3.488941692538372500, 1.938064662540593700 ) ) ;
#5184 = CARTESIAN_POINT ( 'NONE',  ( 14.25546914613967600, 10.16000000000000900, 5.388803153155593300 ) ) ;
#5185 = DIRECTION ( 'NONE',  ( 0.0000000000000000000, 0.0000000000000000000, -1.000000000000000000 ) ) ;
#5186 = CARTESIAN_POINT ( 'NONE',  ( 11.38347092004455500, 6.572249999999984400, 1.776198183934665700 ) ) ;
#5187 = CARTESIAN_POINT ( 'NONE',  ( -8.800939315206996100, 10.16000000000000200, 9.296474048263810600 ) ) ;
#5188 = CARTESIAN_POINT ( 'NONE',  ( -13.14449999999999700, -1.069080835302379900E-014, 1.511614850601333600 ) ) ;
#5189 = CARTESIAN_POINT ( 'NONE',  ( 13.14449999999998300, 3.522058159910897800, 2.905027193199690000 ) ) ;
#5190 = DIRECTION ( 'NONE',  ( -0.8660254037844402600, -0.0000000000000000000, -0.4999999999999973400 ) ) ;
#5191 = CARTESIAN_POINT ( 'NONE',  ( -13.14449999999999000, 3.522058159910898200, 3.279243105597609500 ) ) ;
#5192 = CARTESIAN_POINT ( 'NONE',  ( 1.127570259384924600E-014, 13.14450000000000100, 1.670364850601333100 ) ) ;
#5193 = CARTESIAN_POINT ( 'NONE',  ( -13.14449999999999400, 1.459332654718536700E-015, 4.317999999999998700 ) ) ;
#5194 = CARTESIAN_POINT ( 'NONE',  ( -1.549108064047288700E-012, 10.08249999999999400, 12.80159999999995100 ) ) ;
#5195 = CARTESIAN_POINT ( 'NONE',  ( -3.572422638949464900, 0.0000000000000000000, 9.605780591326020400 ) ) ;
#5196 = CARTESIAN_POINT ( 'NONE',  ( 11.38347092004455300, 6.572249999999987900, 3.515468482731980000 ) ) ;
#5197 = CARTESIAN_POINT ( 'NONE',  ( 13.14339537077093700, -0.1583378463088101200, -0.07397236882576929700 ) ) ;
#5198 = CARTESIAN_POINT ( 'NONE',  ( -7.588980613363023800, 13.14449999999999900, 3.356718482731983600 ) ) ;
#5199 = CARTESIAN_POINT ( 'NONE',  ( -13.14449999999999200, 7.437084071668728600E-015, 3.250885149398649300 ) ) ;
#5200 = CARTESIAN_POINT ( 'NONE',  ( 0.0000000000000000000, 0.0000000000000000000, -0.07205909487751488400 ) ) ;
#5201 = DIRECTION ( 'NONE',  ( 0.0000000000000000000, 0.0000000000000000000, -1.000000000000000000 ) ) ;
#5202 = CARTESIAN_POINT ( 'NONE',  ( -11.38347092004454600, 6.572250000000002100, 3.303801816065314400 ) ) ;
#5203 = CARTESIAN_POINT ( 'NONE',  ( 13.14108720259091700, -0.3167364246129130700, -0.07301585560952099400 ) ) ;
#5204 = CARTESIAN_POINT ( 'NONE',  ( 13.14449999999999500, -1.301489712542027600E-014, 3.099114850601329100 ) ) ;
#5205 = CARTESIAN_POINT ( 'NONE',  ( 2.921633369868306600, 1.260000000000000700, 5.439582562299403200 ) ) ;
#5206 = EDGE_CURVE ( 'NONE', #6477, #6438, #1915, .T. ) ;
#5207 = EDGE_CURVE ( 'NONE', #3754, #3780, #1924, .T. ) ;
#5208 = EDGE_CURVE ( 'NONE', #6365, #6463, #1926, .T. ) ;
#5209 = EDGE_CURVE ( 'NONE', #6473, #6449, #1928, .T. ) ;
#5210 = EDGE_CURVE ( 'NONE', #3879, #3714, #1930, .T. ) ;
#5211 = EDGE_CURVE ( 'NONE', #6372, #3167, #1922, .T. ) ;
#5212 = EDGE_CURVE ( 'NONE', #6372, #6483, #1932, .T. ) ;
#5213 = EDGE_CURVE ( 'NONE', #6374, #3804, #1933, .T. ) ;
#5214 = EDGE_CURVE ( 'NONE', #6483, #3172, #1936, .T. ) ;
#5215 = EDGE_CURVE ( 'NONE', #3675, #6374, #1938, .T. ) ;
#5216 = EDGE_CURVE ( 'NONE', #3900, #3879, #1939, .T. ) ;
#5217 = EDGE_CURVE ( 'NONE', #3957, #3906, #1940, .T. ) ;
#5218 = EDGE_CURVE ( 'NONE', #6452, #6368, #1942, .T. ) ;
#5219 = EDGE_CURVE ( 'NONE', #6481, #6442, #1944, .T. ) ;
#5220 = EDGE_CURVE ( 'NONE', #3167, #6372, #1946, .T. ) ;
#5221 = EDGE_CURVE ( 'NONE', #3651, #3950, #1948, .T. ) ;
#5222 = EDGE_CURVE ( 'NONE', #3675, #6355, #1949, .T. ) ;
#5223 = EDGE_CURVE ( 'NONE', #3172, #6483, #1951, .T. ) ;
#5224 = EDGE_CURVE ( 'NONE', #3856, #3793, #1954, .T. ) ;
#5225 = EDGE_CURVE ( 'NONE', #5908, #3788, #1955, .T. ) ;
#5226 = EDGE_CURVE ( 'NONE', #3772, #6457, #1957, .T. ) ;
#5227 = EDGE_CURVE ( 'NONE', #6465, #6380, #1958, .T. ) ;
#5228 = ORIENTED_EDGE ( 'NONE', *, *, #3004, .F. ) ;
#5229 = ORIENTED_EDGE ( 'NONE', *, *, #3055, .T. ) ;
#5230 = ORIENTED_EDGE ( 'NONE', *, *, #2997, .F. ) ;
#5231 = ORIENTED_EDGE ( 'NONE', *, *, #3003, .F. ) ;
#5232 = ORIENTED_EDGE ( 'NONE', *, *, #3036, .T. ) ;
#5233 = CLOSED_SHELL ( 'NONE', ( #9388, #9374, #9370, #9378, #9383, #9399, #9379, #9380, #9375, #9381, #9369, #9371, #9382, #9384, #9372, #9366, #9377, #9376, #9385, #9364, #9373, #9386, #9390, #9389 ) ) ;
#5234 = ORIENTED_EDGE ( 'NONE', *, *, #3093, .F. ) ;
#5235 = ORIENTED_EDGE ( 'NONE', *, *, #3085, .F. ) ;
#5236 = ORIENTED_EDGE ( 'NONE', *, *, #3083, .F. ) ;
#5237 = ORIENTED_EDGE ( 'NONE', *, *, #3084, .T. ) ;
#5238 = ORIENTED_EDGE ( 'NONE', *, *, #3080, .F. ) ;
#5239 = ORIENTED_EDGE ( 'NONE', *, *, #3017, .T. ) ;
#5240 = ORIENTED_EDGE ( 'NONE', *, *, #2995, .T. ) ;
#5241 = ORIENTED_EDGE ( 'NONE', *, *, #2996, .F. ) ;
#5242 = ORIENTED_EDGE ( 'NONE', *, *, #2763, .T. ) ;
#5243 = ORIENTED_EDGE ( 'NONE', *, *, #1209, .F. ) ;
#5244 = ORIENTED_EDGE ( 'NONE', *, *, #2995, .F. ) ;
#5245 = ORIENTED_EDGE ( 'NONE', *, *, #3089, .T. ) ;
#5246 = ORIENTED_EDGE ( 'NONE', *, *, #3000, .F. ) ;
#5247 = ORIENTED_EDGE ( 'NONE', *, *, #3037, .T. ) ;
#5248 = ORIENTED_EDGE ( 'NONE', *, *, #2999, .T. ) ;
#5249 = ORIENTED_EDGE ( 'NONE', *, *, #1179, .F. ) ;
#5250 = ORIENTED_EDGE ( 'NONE', *, *, #3005, .F. ) ;
#5251 = ORIENTED_EDGE ( 'NONE', *, *, #3006, .F. ) ;
#5252 = ORIENTED_EDGE ( 'NONE', *, *, #3002, .T. ) ;
#5253 = ORIENTED_EDGE ( 'NONE', *, *, #3071, .T. ) ;
#5254 = ORIENTED_EDGE ( 'NONE', *, *, #3003, .T. ) ;
#5255 = ORIENTED_EDGE ( 'NONE', *, *, #3034, .T. ) ;
#5256 = ORIENTED_EDGE ( 'NONE', *, *, #3059, .F. ) ;
#5257 = ORIENTED_EDGE ( 'NONE', *, *, #3036, .F. ) ;
#5258 = ORIENTED_EDGE ( 'NONE', *, *, #3005, .T. ) ;
#5259 = ORIENTED_EDGE ( 'NONE', *, *, #3092, .T. ) ;
#5260 = ORIENTED_EDGE ( 'NONE', *, *, #3015, .T. ) ;
#5261 = ORIENTED_EDGE ( 'NONE', *, *, #3077, .T. ) ;
#5262 = ORIENTED_EDGE ( 'NONE', *, *, #3084, .F. ) ;
#5263 = ORIENTED_EDGE ( 'NONE', *, *, #3000, .T. ) ;
#5264 = ORIENTED_EDGE ( 'NONE', *, *, #3001, .F. ) ;
#5265 = ORIENTED_EDGE ( 'NONE', *, *, #3038, .F. ) ;
#5266 = ORIENTED_EDGE ( 'NONE', *, *, #2998, .F. ) ;
#5267 = ORIENTED_EDGE ( 'NONE', *, *, #3065, .T. ) ;
#5268 = ORIENTED_EDGE ( 'NONE', *, *, #1205, .T. ) ;
#5269 = ORIENTED_EDGE ( 'NONE', *, *, #3047, .F. ) ;
#5270 = ORIENTED_EDGE ( 'NONE', *, *, #3027, .F. ) ;
#5271 = ORIENTED_EDGE ( 'NONE', *, *, #3037, .F. ) ;
#5272 = ORIENTED_EDGE ( 'NONE', *, *, #3044, .T. ) ;
#5273 = ORIENTED_EDGE ( 'NONE', *, *, #2999, .F. ) ;
#5274 = ORIENTED_EDGE ( 'NONE', *, *, #3094, .F. ) ;
#5275 = ORIENTED_EDGE ( 'NONE', *, *, #1185, .F. ) ;
#5276 = ORIENTED_EDGE ( 'NONE', *, *, #4099, .F. ) ;
#5277 = ORIENTED_EDGE ( 'NONE', *, *, #3007, .T. ) ;
#5278 = ORIENTED_EDGE ( 'NONE', *, *, #3093, .T. ) ;
#5279 = ORIENTED_EDGE ( 'NONE', *, *, #3089, .F. ) ;
#5280 = ORIENTED_EDGE ( 'NONE', *, *, #3004, .T. ) ;
#5281 = ORIENTED_EDGE ( 'NONE', *, *, #3016, .F. ) ;
#5282 = ORIENTED_EDGE ( 'NONE', *, *, #3012, .T. ) ;
#5283 = ORIENTED_EDGE ( 'NONE', *, *, #3034, .F. ) ;
#5284 = ORIENTED_EDGE ( 'NONE', *, *, #1180, .F. ) ;
#5285 = ORIENTED_EDGE ( 'NONE', *, *, #3060, .T. ) ;
#5286 = ORIENTED_EDGE ( 'NONE', *, *, #3043, .T. ) ;
#5287 = ORIENTED_EDGE ( 'NONE', *, *, #3011, .T. ) ;
#5288 = ORIENTED_EDGE ( 'NONE', *, *, #3006, .T. ) ;
#5289 = ORIENTED_EDGE ( 'NONE', *, *, #3022, .F. ) ;
#5290 = ORIENTED_EDGE ( 'NONE', *, *, #3091, .T. ) ;
#5291 = ORIENTED_EDGE ( 'NONE', *, *, #2997, .T. ) ;
#5292 = ORIENTED_EDGE ( 'NONE', *, *, #3033, .T. ) ;
#5293 = ORIENTED_EDGE ( 'NONE', *, *, #3035, .F. ) ;
#5294 = ORIENTED_EDGE ( 'NONE', *, *, #2936, .T. ) ;
#5295 = ORIENTED_EDGE ( 'NONE', *, *, #2993, .F. ) ;
#5296 = ORIENTED_EDGE ( 'NONE', *, *, #1209, .T. ) ;
#5297 = ORIENTED_EDGE ( 'NONE', *, *, #1180, .T. ) ;
#5298 = ORIENTED_EDGE ( 'NONE', *, *, #3092, .F. ) ;
#5299 = ORIENTED_EDGE ( 'NONE', *, *, #3001, .T. ) ;
#5300 = ORIENTED_EDGE ( 'NONE', *, *, #2994, .T. ) ;
#5301 = ORIENTED_EDGE ( 'NONE', *, *, #3033, .F. ) ;
#5302 = ORIENTED_EDGE ( 'NONE', *, *, #3039, .T. ) ;
#5303 = ORIENTED_EDGE ( 'NONE', *, *, #2998, .T. ) ;
#5304 = ORIENTED_EDGE ( 'NONE', *, *, #3002, .F. ) ;
#5305 = CLOSED_SHELL ( 'NONE', ( #9367, #9387, #9229, #9233, #9224, #9234, #9226, #9235 ) ) ;
#5306 = ORIENTED_EDGE ( 'NONE', *, *, #2936, .F. ) ;
#5307 = ORIENTED_EDGE ( 'NONE', *, *, #2993, .T. ) ;
#5308 = ORIENTED_EDGE ( 'NONE', *, *, #3007, .F. ) ;
#5309 = ORIENTED_EDGE ( 'NONE', *, *, #3091, .F. ) ;
#5310 = ORIENTED_EDGE ( 'NONE', *, *, #1179, .T. ) ;
#5311 = ORIENTED_EDGE ( 'NONE', *, *, #2996, .T. ) ;
#5312 = CARTESIAN_POINT ( 'NONE',  ( 7.707872206059498400, 8.229781666666662300, -13.35042627913933400 ) ) ;
#5313 = CARTESIAN_POINT ( 'NONE',  ( 15.41574441211577500, 12.14561499999998700, 1.854857757907479100E-012 ) ) ;
#5314 = CARTESIAN_POINT ( 'NONE',  ( 11.08651080908760100, 12.40956333333332000, -6.400799999998634200 ) ) ;
#5315 = CARTESIAN_POINT ( 'NONE',  ( -1.605703417451032100E-012, 12.30436499999998300, 13.35042627914026900 ) ) ;
#5316 = CARTESIAN_POINT ( 'NONE',  ( -11.56180830908602900, 11.88103166666665300, -6.675213139571527100 ) ) ;
#5317 = CARTESIAN_POINT ( 'NONE',  ( -11.56180830908763300, 12.41019833333331900, 6.675213139568740800 ) ) ;
#5318 = CARTESIAN_POINT ( 'NONE',  ( 8.653869650211333900, 5.080000000000004500, 3.091058083755696500 ) ) ;
#5319 = CARTESIAN_POINT ( 'NONE',  ( 11.56180830908602700, 11.56353166666665400, 6.675213139571530600 ) ) ;
#5320 = CARTESIAN_POINT ( 'NONE',  ( 1.604077114192303800E-012, 11.98686499999998600, -13.35042627914026900 ) ) ;
#5321 = DIRECTION ( 'NONE',  ( -0.0000000000000000000, 1.000000000000000000, -0.0000000000000000000 ) ) ;
#5322 = CARTESIAN_POINT ( 'NONE',  ( 0.0000000000000000000, 0.0000000000000000000, 0.4879999999999988800 ) ) ;
#5323 = DIRECTION ( 'NONE',  ( 0.0000000000000000000, 0.0000000000000000000, 1.000000000000000000 ) ) ;
#5324 = CARTESIAN_POINT ( 'NONE',  ( 4.785898384862248300, 2.441451884327381400, 0.0000000000000000000 ) ) ;
#5325 = CARTESIAN_POINT ( 'NONE',  ( -7.391007206056344500, 12.88581333333332200, -12.80160000000084100 ) ) ;
#5326 = DIRECTION ( 'NONE',  ( 0.0000000000000000000, 0.0000000000000000000, 1.000000000000000000 ) ) ;
#5327 = CARTESIAN_POINT ( 'NONE',  ( -7.707872206056282300, 8.123948333333329300, -13.35042627914119300 ) ) ;
#5328 = DIRECTION ( 'NONE',  ( 1.000000000000000000, 0.0000000000000000000, 0.0000000000000000000 ) ) ;
#5329 = CARTESIAN_POINT ( 'NONE',  ( -7.707872206056282300, 12.56894833333331900, -13.35042627914119300 ) ) ;
#5330 = CARTESIAN_POINT ( 'NONE',  ( 15.18250285256736400, 2.140245648569273600, 1.322800585069872100 ) ) ;
#5331 = CARTESIAN_POINT ( 'NONE',  ( 7.707872206056278800, 11.61644833333332200, 13.35042627914119600 ) ) ;
#5332 = CARTESIAN_POINT ( 'NONE',  ( -7.707872206059495700, 7.912281666666663300, 13.35042627913933800 ) ) ;
#5333 = DIRECTION ( 'NONE',  ( -0.0000000000000000000, -1.000000000000000000, -0.0000000000000000000 ) ) ;
#5334 = DIRECTION ( 'NONE',  ( 0.7071067811865480200, 0.0000000000000000000, 0.7071067811865470200 ) ) ;
#5335 = CARTESIAN_POINT ( 'NONE',  ( 7.707872206056278800, 7.806448333333330300, 13.35042627914119600 ) ) ;
#5336 = CARTESIAN_POINT ( 'NONE',  ( -11.56180830908602900, 12.51603166666665200, -6.675213139571527100 ) ) ;
#5337 = CARTESIAN_POINT ( 'NONE',  ( 7.707872206059498400, 12.03978166666665400, -13.35042627913933400 ) ) ;
#5338 = CARTESIAN_POINT ( 'NONE',  ( 5.295706005997616600, 3.192429495063169800, -1.850000000000000500 ) ) ;
#5339 = CARTESIAN_POINT ( 'NONE',  ( 7.707872206056278800, 9.076448333333326300, 13.35042627914119600 ) ) ;
#5340 = CARTESIAN_POINT ( 'NONE',  ( 5.295706005997616600, 3.550000000000001200, -1.850000000000000300 ) ) ;
#5341 = CARTESIAN_POINT ( 'NONE',  ( -11.56180830908763300, 7.965198333333329800, 6.675213139568740800 ) ) ;
#5342 = DIRECTION ( 'NONE',  ( -0.8606832271168108900, 1.387778780781442900E-017, 0.5091408278264395500 ) ) ;
#5343 = CARTESIAN_POINT ( 'NONE',  ( -7.550000000000003400, -2.540000000000002300, 0.0000000000000000000 ) ) ;
#5344 = DIRECTION ( 'NONE',  ( 1.000000000000000000, 0.0000000000000000000, 0.0000000000000000000 ) ) ;
#5345 = CARTESIAN_POINT ( 'NONE',  ( 0.0000000000000000000, 0.0000000000000000000, -3.299999999999994000 ) ) ;
#5346 = CARTESIAN_POINT ( 'NONE',  ( -7.391007206059426500, 12.67414666666665500, 12.80159999999905900 ) ) ;
#5347 = DIRECTION ( 'NONE',  ( 0.0000000000000000000, 0.0000000000000000000, 1.000000000000000000 ) ) ;
#5348 = CARTESIAN_POINT ( 'NONE',  ( 6.450000000000002000, 6.450000000000002800, 1.000000000000000900 ) ) ;
#5349 = CARTESIAN_POINT ( 'NONE',  ( -1.250000000000002000, -6.450000000000001100, 1.000000000000000900 ) ) ;
#5350 = CARTESIAN_POINT ( 'NONE',  ( -11.08651080908605700, 12.19789666666665600, -6.400800000001309400 ) ) ;
#5351 = CARTESIAN_POINT ( 'NONE',  ( -7.707872206059495700, 10.45228166666665900, 13.35042627913933800 ) ) ;
#5352 = CARTESIAN_POINT ( 'NONE',  ( -5.050000000000002500, -1.269999999999998500, 1.000000000000000900 ) ) ;
#5353 = DIRECTION ( 'NONE',  ( 1.000000000000000000, 0.0000000000000000000, 0.0000000000000000000 ) ) ;
#5354 = DIRECTION ( 'NONE',  ( -0.0000000000000000000, -0.0000000000000000000, 1.000000000000000000 ) ) ;
#5355 = DIRECTION ( 'NONE',  ( 1.000000000000000000, 0.0000000000000000000, 0.0000000000000000000 ) ) ;
#5356 = DIRECTION ( 'NONE',  ( 0.0000000000000000000, 0.0000000000000000000, 1.000000000000000000 ) ) ;
#5357 = DIRECTION ( 'NONE',  ( 0.0000000000000000000, 0.0000000000000000000, 1.000000000000000000 ) ) ;
#5358 = CARTESIAN_POINT ( 'NONE',  ( -7.050000000000004300, -2.540000000000002300, 0.0000000000000000000 ) ) ;
#5359 = DIRECTION ( 'NONE',  ( 0.0000000000000000000, 0.0000000000000000000, 1.000000000000000000 ) ) ;
#5360 = CARTESIAN_POINT ( 'NONE',  ( 4.785898384862248300, 0.7631397208144146100, 0.0000000000000000000 ) ) ;
#5361 = DIRECTION ( 'NONE',  ( 0.0000000000000000000, 0.0000000000000000000, 1.000000000000000000 ) ) ;
#5362 = CARTESIAN_POINT ( 'NONE',  ( -7.707872206056282300, 10.02894833333332700, -13.35042627914119300 ) ) ;
#5363 = DIRECTION ( 'NONE',  ( 0.0000000000000000000, 0.0000000000000000000, 1.000000000000000000 ) ) ;
#5364 = CARTESIAN_POINT ( 'NONE',  ( 0.0000000000000000000, 0.0000000000000000000, -0.3999999999999941400 ) ) ;
#5365 = CARTESIAN_POINT ( 'NONE',  ( -10.75679306876173800, 4.095786437626896900, 3.931312121600016000 ) ) ;
#5366 = CARTESIAN_POINT ( 'NONE',  ( 11.56180830908763800, 7.647698333333327300, -6.675213139568734600 ) ) ;
#5367 = DIRECTION ( 'NONE',  ( 0.0000000000000000000, 1.000000000000000000, 0.0000000000000000000 ) ) ;
#5368 = DIRECTION ( 'NONE',  ( 0.0000000000000000000, 0.0000000000000000000, 1.000000000000000000 ) ) ;
#5369 = CARTESIAN_POINT ( 'NONE',  ( 0.0000000000000000000, 0.0000000000000000000, 0.0000000000000000000 ) ) ;
#5370 = CARTESIAN_POINT ( 'NONE',  ( -10.75679306876173800, 7.859999999999998500, 3.431312121600013800 ) ) ;
#5371 = DIRECTION ( 'NONE',  ( 0.0000000000000000000, 0.0000000000000000000, 1.000000000000000000 ) ) ;
#5372 = CARTESIAN_POINT ( 'NONE',  ( -14.78201441211576900, 12.14497999999998600, -1.776737398773147200E-012 ) ) ;
#5373 = CARTESIAN_POINT ( 'NONE',  ( -5.550000000000001600, -1.269999999999998500, 0.0000000000000000000 ) ) ;
#5374 = DIRECTION ( 'NONE',  ( 1.000000000000000000, 0.0000000000000000000, 0.0000000000000000000 ) ) ;
#5375 = DIRECTION ( 'NONE',  ( 0.0000000000000000000, 0.0000000000000000000, 1.000000000000000000 ) ) ;
#5376 = DIRECTION ( 'NONE',  ( -1.000000000000000000, -1.224646799147352200E-016, 0.0000000000000000000 ) ) ;
#5377 = CARTESIAN_POINT ( 'NONE',  ( -11.78025883930582700, 2.398676442232187800, 0.8179999999999992800 ) ) ;
#5378 = DIRECTION ( 'NONE',  ( 0.0000000000000000000, 0.0000000000000000000, 1.000000000000000000 ) ) ;
#5379 = CARTESIAN_POINT ( 'NONE',  ( -13.60582225329302000, -3.035766082959412400E-015, 2.923831232626015600 ) ) ;
#5380 = CARTESIAN_POINT ( 'NONE',  ( -7.707872206059495700, 8.547281666666661300, 13.35042627913933800 ) ) ;
#5381 = CARTESIAN_POINT ( 'NONE',  ( 15.41574441211577500, 8.335614999999997100, 1.854857757907479100E-012 ) ) ;
#5382 = CARTESIAN_POINT ( 'NONE',  ( -11.56180830908763300, 10.50519833333332400, 6.675213139568740800 ) ) ;
#5383 = CARTESIAN_POINT ( 'NONE',  ( -10.53025884418233500, 2.398676442232187300, 0.8179999999999992800 ) ) ;
#5384 = DIRECTION ( 'NONE',  ( 0.5091408278264391000, -3.104901194348299300E-017, 0.8606832271168111100 ) ) ;
#5385 = CARTESIAN_POINT ( 'NONE',  ( -11.56180830908763300, 8.600198333333329600, 6.675213139568740800 ) ) ;
#5386 = CARTESIAN_POINT ( 'NONE',  ( 0.2500000000000000000, 0.0000000000000000000, -0.09999999999999245600 ) ) ;
#5387 = CARTESIAN_POINT ( 'NONE',  ( -15.41574441211577500, 8.653114999999994300, -1.852854671775829700E-012 ) ) ;
#5388 = DIRECTION ( 'NONE',  ( 0.0000000000000000000, 0.0000000000000000000, -1.000000000000000000 ) ) ;
#5389 = CARTESIAN_POINT ( 'NONE',  ( -1.605703417451032100E-012, 7.859364999999996800, 13.35042627914026900 ) ) ;
#5390 = CARTESIAN_POINT ( 'NONE',  ( 11.08651080908605600, 12.51539666666665300, 6.400800000001313000 ) ) ;
#5391 = DIRECTION ( 'NONE',  ( 0.0000000000000000000, 0.0000000000000000000, 1.000000000000000000 ) ) ;
#5392 = DIRECTION ( 'NONE',  ( -1.224646799147352200E-016, 1.000000000000000000, 0.0000000000000000000 ) ) ;
#5393 = CARTESIAN_POINT ( 'NONE',  ( 0.1900000000000000000, 2.326828918379969300E-017, -3.299999999999994000 ) ) ;
#5394 = CARTESIAN_POINT ( 'NONE',  ( -4.550000000000002500, -1.269999999999998500, 0.0000000000000000000 ) ) ;
#5395 = CARTESIAN_POINT ( 'NONE',  ( 1.538157622105185100E-012, 12.93872999999998900, -12.80159999999995100 ) ) ;
#5396 = DIRECTION ( 'NONE',  ( 0.0000000000000000000, 0.0000000000000000000, -1.000000000000000000 ) ) ;
#5397 = DIRECTION ( 'NONE',  ( -0.0000000000000000000, 1.000000000000000000, -0.0000000000000000000 ) ) ;
#5398 = CARTESIAN_POINT ( 'NONE',  ( 2.055607966083866400, 1.260000000000000700, 4.939582562299423600 ) ) ;
#5399 = DIRECTION ( 'NONE',  ( -1.000000000000000000, 1.110223024625156800E-016, 0.0000000000000000000 ) ) ;
#5400 = CARTESIAN_POINT ( 'NONE',  ( -1.539729715255289100E-012, 12.62122999999998600, 12.80159999999995100 ) ) ;
#5401 = CARTESIAN_POINT ( 'NONE',  ( 7.391007206059430100, 12.35664666666665400, -12.80159999999905900 ) ) ;
#5402 = DIRECTION ( 'NONE',  ( 1.000000000000000000, 0.0000000000000000000, 0.0000000000000000000 ) ) ;
#5403 = CARTESIAN_POINT ( 'NONE',  ( 7.249999999999997300, -7.250000000000000900, 1.000000000000000900 ) ) ;
#5404 = CARTESIAN_POINT ( 'NONE',  ( -15.41574441211577500, 11.19311499999999000, -1.852854671775829700E-012 ) ) ;
#5405 = CARTESIAN_POINT ( 'NONE',  ( 11.56180830908763800, 12.09269833333331900, -6.675213139568734600 ) ) ;
#5406 = CARTESIAN_POINT ( 'NONE',  ( -7.050000000000004300, -2.540000000000002300, 1.000000000000000900 ) ) ;
#5407 = DIRECTION ( 'NONE',  ( 1.000000000000000000, 0.0000000000000000000, 0.0000000000000000000 ) ) ;
#5408 = DIRECTION ( 'NONE',  ( 0.0000000000000000000, 0.0000000000000000000, 1.000000000000000000 ) ) ;
#5409 = CARTESIAN_POINT ( 'NONE',  ( -11.08651080908759600, 12.72706333333332300, 6.400799999998641400 ) ) ;
#5410 = DIRECTION ( 'NONE',  ( -1.000000000000000000, 0.0000000000000000000, 0.0000000000000000000 ) ) ;
#5411 = DIRECTION ( 'NONE',  ( 0.0000000000000000000, -0.0000000000000000000, -1.000000000000000000 ) ) ;
#5412 = DIRECTION ( 'NONE',  ( -0.0000000000000000000, 1.000000000000000000, -0.0000000000000000000 ) ) ;
#5413 = CARTESIAN_POINT ( 'NONE',  ( 15.41574441211577500, 7.700614999999997300, 1.854857757907479100E-012 ) ) ;
#5414 = CARTESIAN_POINT ( 'NONE',  ( 0.04999999999999622800, -6.450000000000001100, 0.0000000000000000000 ) ) ;
#5415 = DIRECTION ( 'NONE',  ( 0.0000000000000000000, 0.0000000000000000000, 1.000000000000000000 ) ) ;
#5416 = DIRECTION ( 'NONE',  ( 1.000000000000000000, 0.0000000000000000000, 0.0000000000000000000 ) ) ;
#5417 = CARTESIAN_POINT ( 'NONE',  ( -7.707872206059495700, 12.35728166666665300, 13.35042627913933800 ) ) ;
#5418 = CARTESIAN_POINT ( 'NONE',  ( -15.41574441211577500, 11.82811499999998800, -1.852854671775829700E-012 ) ) ;
#5419 = DIRECTION ( 'NONE',  ( 0.0000000000000000000, 0.0000000000000000000, 1.000000000000000000 ) ) ;
#5420 = CARTESIAN_POINT ( 'NONE',  ( 11.56180830908763800, 10.18769833333332500, -6.675213139568734600 ) ) ;
#5421 = CARTESIAN_POINT ( 'NONE',  ( -15.41574441211577500, 8.018114999999996300, -1.852854671775829700E-012 ) ) ;
#5422 = CARTESIAN_POINT ( 'NONE',  ( -11.56180830908602900, 8.071031666666662800, -6.675213139571527100 ) ) ;
#5423 = DIRECTION ( 'NONE',  ( 0.0000000000000000000, 0.0000000000000000000, 1.000000000000000000 ) ) ;
#5424 = CARTESIAN_POINT ( 'NONE',  ( 7.707872206059498400, 7.594781666666664300, -13.35042627913933400 ) ) ;
#5425 = CARTESIAN_POINT ( 'NONE',  ( 11.56180830908763800, 11.45769833333332200, -6.675213139568734600 ) ) ;
#5426 = DIRECTION ( 'NONE',  ( 0.0000000000000000000, 0.0000000000000000000, 1.000000000000000000 ) ) ;
#5427 = CARTESIAN_POINT ( 'NONE',  ( 1.604077114192303800E-012, 7.541864999999995200, -13.35042627914026900 ) ) ;
#5428 = CARTESIAN_POINT ( 'NONE',  ( 6.250000000000000000, 7.654042494670957600E-016, 1.500000000000001300 ) ) ;
#5429 = CARTESIAN_POINT ( 'NONE',  ( 5.996281292110215800, 3.910000000000000100, -3.985863854409618800 ) ) ;
#5430 = CARTESIAN_POINT ( 'NONE',  ( 7.750000000000000000, 6.450000000000002800, 1.000000000000000900 ) ) ;
#5431 = CARTESIAN_POINT ( 'NONE',  ( -7.050000000000000700, 0.0000000000000000000, 0.0000000000000000000 ) ) ;
#5432 = DIRECTION ( 'NONE',  ( -1.000000000000000000, 0.0000000000000000000, 0.0000000000000000000 ) ) ;
#5433 = DIRECTION ( 'NONE',  ( 0.0000000000000000000, 0.0000000000000000000, 1.000000000000000000 ) ) ;
#5434 = DIRECTION ( 'NONE',  ( 1.000000000000000000, 0.0000000000000000000, 0.0000000000000000000 ) ) ;
#5435 = CARTESIAN_POINT ( 'NONE',  ( -14.78201441211576900, 12.77997999999998900, -1.776737398773147200E-012 ) ) ;
#5436 = CARTESIAN_POINT ( 'NONE',  ( 7.391007206056343600, 12.56831333333331800, 12.80160000000084100 ) ) ;
#5437 = CARTESIAN_POINT ( 'NONE',  ( 1.538157622105185100E-012, 12.30372999999998900, -12.80159999999995100 ) ) ;
#5438 = CARTESIAN_POINT ( 'NONE',  ( 1.349999999999994500, -6.450000000000001100, 1.000000000000000900 ) ) ;
#5439 = CARTESIAN_POINT ( 'NONE',  ( -10.53025884418233500, 2.398676442232187300, 4.317999999999998700 ) ) ;
#5440 = DIRECTION ( 'NONE',  ( 0.0000000000000000000, 0.0000000000000000000, 1.000000000000000000 ) ) ;
#5441 = CARTESIAN_POINT ( 'NONE',  ( -7.391007206056344500, 12.25081333333331900, -12.80160000000084100 ) ) ;
#5442 = DIRECTION ( 'NONE',  ( 0.0000000000000000000, -0.0000000000000000000, -1.000000000000000000 ) ) ;
#5443 = CARTESIAN_POINT ( 'NONE',  ( -10.53025884418233500, 2.398676442232187300, 3.352799999999999300 ) ) ;
#5444 = DIRECTION ( 'NONE',  ( 0.0000000000000000000, 0.0000000000000000000, 1.000000000000000000 ) ) ;
#5445 = CARTESIAN_POINT ( 'NONE',  ( -11.56180830908602900, 9.341031666666658900, -6.675213139571527100 ) ) ;
#5446 = CARTESIAN_POINT ( 'NONE',  ( 0.04999999999999622800, -6.450000000000001100, 1.000000000000000900 ) ) ;
#5447 = CARTESIAN_POINT ( 'NONE',  ( -11.08651080908605700, 12.83289666666665600, -6.400800000001309400 ) ) ;
#5448 = DIRECTION ( 'NONE',  ( 1.000000000000000000, 0.0000000000000000000, 0.0000000000000000000 ) ) ;
#5449 = DIRECTION ( 'NONE',  ( 0.0000000000000000000, 0.0000000000000000000, 1.000000000000000000 ) ) ;
#5450 = CARTESIAN_POINT ( 'NONE',  ( 1.604077114192303800E-012, 8.176864999999995800, -13.35042627914026900 ) ) ;
#5451 = CARTESIAN_POINT ( 'NONE',  ( 14.78201441211576900, 12.46247999999998500, 1.778740484904796600E-012 ) ) ;
#5452 = DIRECTION ( 'NONE',  ( 1.000000000000000000, 0.0000000000000000000, 0.0000000000000000000 ) ) ;
#5453 = DIRECTION ( 'NONE',  ( 0.0000000000000000000, 0.0000000000000000000, 1.000000000000000000 ) ) ;
#5454 = CARTESIAN_POINT ( 'NONE',  ( 11.56180830908602700, 7.753531666666663800, 6.675213139571530600 ) ) ;
#5455 = CARTESIAN_POINT ( 'NONE',  ( -7.707872206059495700, 9.817281666666660900, 13.35042627913933800 ) ) ;
#5456 = CARTESIAN_POINT ( 'NONE',  ( 11.56180830908763800, 8.282698333333327100, -6.675213139568734600 ) ) ;
#5457 = CARTESIAN_POINT ( 'NONE',  ( 11.56180830908763800, 9.552698333333324900, -6.675213139568734600 ) ) ;
#5458 = CARTESIAN_POINT ( 'NONE',  ( -11.56180830908763300, 9.235198333333325800, 6.675213139568740800 ) ) ;
#5459 = CARTESIAN_POINT ( 'NONE',  ( -10.73688691482406700, 1.165872796783488300, 2.568000000000000900 ) ) ;
#5460 = CARTESIAN_POINT ( 'NONE',  ( 3.249999999999997800, -6.349999999999999600, 1.000000000000000900 ) ) ;
#5461 = CARTESIAN_POINT ( 'NONE',  ( 1.604077114192303800E-012, 10.71686499999999100, -13.35042627914026900 ) ) ;
#5462 = CARTESIAN_POINT ( 'NONE',  ( 11.56180830908602700, 9.023531666666659800, 6.675213139571530600 ) ) ;
#5463 = CARTESIAN_POINT ( 'NONE',  ( -1.605703417451032100E-012, 11.66936499999998700, 13.35042627914026900 ) ) ;
#5464 = CARTESIAN_POINT ( 'NONE',  ( -11.56180830908763300, 11.14019833333332300, 6.675213139568740800 ) ) ;
#5465 = CARTESIAN_POINT ( 'NONE',  ( 5.470402617036320700, 2.849378919543109800, -1.749138864590287900 ) ) ;
#5466 = CARTESIAN_POINT ( 'NONE',  ( 11.56180830908602700, 9.658531666666657900, 6.675213139571530600 ) ) ;
#5467 = CARTESIAN_POINT ( 'NONE',  ( 7.707872206059498400, 11.40478166666665600, -13.35042627913933400 ) ) ;
#5468 = CARTESIAN_POINT ( 'NONE',  ( -15.41574441211577500, 12.46311499999998600, -1.852854671775829700E-012 ) ) ;
#5469 = CARTESIAN_POINT ( 'NONE',  ( 7.707872206059498400, 10.76978166666665800, -13.35042627913933400 ) ) ;
#5470 = CARTESIAN_POINT ( 'NONE',  ( -11.56180830908602900, 9.976031666666655100, -6.675213139571527100 ) ) ;
#5471 = CARTESIAN_POINT ( 'NONE',  ( 11.56180830908602700, 8.388531666666660100, 6.675213139571530600 ) ) ;
#5472 = CARTESIAN_POINT ( 'NONE',  ( 11.56180830908602700, 10.92853166666665700, 6.675213139571530600 ) ) ;
#5473 = CARTESIAN_POINT ( 'NONE',  ( 7.707872206056278800, 10.34644833333332600, 13.35042627914119600 ) ) ;
#5474 = CARTESIAN_POINT ( 'NONE',  ( -1.605703417451032100E-012, 8.494364999999993100, 13.35042627914026900 ) ) ;
#5475 = CARTESIAN_POINT ( 'NONE',  ( -15.41574441211577500, 9.288114999999992300, -1.852854671775829700E-012 ) ) ;
#5476 = CARTESIAN_POINT ( 'NONE',  ( -15.41574441211577500, 9.923114999999995700, -1.852854671775829700E-012 ) ) ;
#5477 = CARTESIAN_POINT ( 'NONE',  ( 7.707872206056278800, 8.441448333333328300, 13.35042627914119600 ) ) ;
#5478 = CARTESIAN_POINT ( 'NONE',  ( -7.707872206056282300, 10.66394833333332500, -13.35042627914119300 ) ) ;
#5479 = CARTESIAN_POINT ( 'NONE',  ( 15.41574441211577500, 11.51061499999998900, 1.854857757907479100E-012 ) ) ;
#5480 = CARTESIAN_POINT ( 'NONE',  ( -1.605703417451032100E-012, 9.764364999999990900, 13.35042627914026900 ) ) ;
#5481 = CARTESIAN_POINT ( 'NONE',  ( 11.56180830908602700, 10.29353166666665800, 6.675213139571530600 ) ) ;
#5482 = CARTESIAN_POINT ( 'NONE',  ( -1.605703417451032100E-012, 10.39936499999999100, 13.35042627914026900 ) ) ;
#5483 = CARTESIAN_POINT ( 'NONE',  ( 15.41574441211577500, 8.970614999999993300, 1.854857757907479100E-012 ) ) ;
#5484 = CARTESIAN_POINT ( 'NONE',  ( -7.707872206059495700, 11.72228166666665300, 13.35042627913933800 ) ) ;
#5485 = CARTESIAN_POINT ( 'NONE',  ( 1.604077114192303800E-012, 12.62186499999998500, -13.35042627914026900 ) ) ;
#5486 = CARTESIAN_POINT ( 'NONE',  ( 1.604077114192303800E-012, 8.811864999999995600, -13.35042627914026900 ) ) ;
#5487 = CARTESIAN_POINT ( 'NONE',  ( 11.56180830908602700, 12.19853166666665200, 6.675213139571530600 ) ) ;
#5488 = DIRECTION ( 'NONE',  ( 1.000000000000000000, -0.0000000000000000000, -0.0000000000000000000 ) ) ;
#5489 = CARTESIAN_POINT ( 'NONE',  ( 15.18027907689984900, 2.164288010729711800, 1.348048136067079700 ) ) ;
#5490 = CARTESIAN_POINT ( 'NONE',  ( -15.41574441211577500, 10.55811499999999000, -1.852854671775829700E-012 ) ) ;
#5491 = CARTESIAN_POINT ( 'NONE',  ( -11.56180830908763300, 11.77519833333332000, 6.675213139568740800 ) ) ;
#5492 = CARTESIAN_POINT ( 'NONE',  ( 2.539999999999998700, 3.550000000000001200, -1.850000000000000300 ) ) ;
#5493 = CARTESIAN_POINT ( 'NONE',  ( 7.707872206056278800, 12.25144833333331800, 13.35042627914119600 ) ) ;
#5494 = DIRECTION ( 'NONE',  ( 0.8746197071393985200, 0.0000000000000000000, -0.4848096202463320100 ) ) ;
#5495 = DIRECTION ( 'NONE',  ( 0.0000000000000000000, 0.0000000000000000000, 1.000000000000000000 ) ) ;
#5496 = CARTESIAN_POINT ( 'NONE',  ( -7.707872206056282300, 11.93394833333332100, -13.35042627914119300 ) ) ;
#5497 = CARTESIAN_POINT ( 'NONE',  ( -7.707872206056282300, 9.393948333333323600, -13.35042627914119300 ) ) ;
#5498 = CARTESIAN_POINT ( 'NONE',  ( 7.707872206059498400, 8.864781666666660300, -13.35042627913933400 ) ) ;
#5499 = CARTESIAN_POINT ( 'NONE',  ( -11.56180830908602900, 11.24603166666665600, -6.675213139571527100 ) ) ;
#5500 = CARTESIAN_POINT ( 'NONE',  ( -7.707872206056282300, 8.758948333333327300, -13.35042627914119300 ) ) ;
#5501 = CARTESIAN_POINT ( 'NONE',  ( -1.605703417451032100E-012, 9.129364999999992800, 13.35042627914026900 ) ) ;
#5502 = DIRECTION ( 'NONE',  ( 0.0000000000000000000, 0.0000000000000000000, 1.000000000000000000 ) ) ;
#5503 = CARTESIAN_POINT ( 'NONE',  ( -11.56180830908763300, 9.870198333333322100, 6.675213139568740800 ) ) ;
#5504 = CARTESIAN_POINT ( 'NONE',  ( -11.56180830908602900, 8.706031666666662600, -6.675213139571527100 ) ) ;
#5505 = CARTESIAN_POINT ( 'NONE',  ( 1.604077114192303800E-012, 11.35186499999998900, -13.35042627914026900 ) ) ;
#5506 = DIRECTION ( 'NONE',  ( -1.000000000000000000, 0.0000000000000000000, 0.0000000000000000000 ) ) ;
#5507 = CARTESIAN_POINT ( 'NONE',  ( -11.56180830908602900, 10.61103166666665700, -6.675213139571527100 ) ) ;
#5508 = CARTESIAN_POINT ( 'NONE',  ( -7.707872206056282300, 11.29894833333332300, -13.35042627914119300 ) ) ;
#5509 = CARTESIAN_POINT ( 'NONE',  ( 7.707872206059498400, 10.13478166666666000, -13.35042627913933400 ) ) ;
#5510 = CARTESIAN_POINT ( 'NONE',  ( 7.707872206056278800, 10.98144833333332400, 13.35042627914119600 ) ) ;
#5511 = CARTESIAN_POINT ( 'NONE',  ( 15.41574441211577500, 10.87561499999999100, 1.854857757907479100E-012 ) ) ;
#5512 = CARTESIAN_POINT ( 'NONE',  ( 11.56180830908763800, 10.82269833333332400, -6.675213139568734600 ) ) ;
#5513 = CARTESIAN_POINT ( 'NONE',  ( -7.707872206059495700, 11.08728166666665500, 13.35042627913933800 ) ) ;
#5514 = CARTESIAN_POINT ( 'NONE',  ( 7.707872206059498400, 9.499781666666656600, -13.35042627913933400 ) ) ;
#5515 = CARTESIAN_POINT ( 'NONE',  ( -7.707872206059495700, 9.182281666666659300, 13.35042627913933800 ) ) ;
#5516 = CARTESIAN_POINT ( 'NONE',  ( -1.605703417451032100E-012, 11.03436499999999000, 13.35042627914026900 ) ) ;
#5517 = CARTESIAN_POINT ( 'NONE',  ( 11.56180830908763800, 8.917698333333328600, -6.675213139568734600 ) ) ;
#5518 = CARTESIAN_POINT ( 'NONE',  ( 1.604077114192303800E-012, 10.08186499999999200, -13.35042627914026900 ) ) ;
#5519 = CARTESIAN_POINT ( 'NONE',  ( 1.604077114192303800E-012, 9.446864999999991900, -13.35042627914026900 ) ) ;
#5520 = CARTESIAN_POINT ( 'NONE',  ( 15.41574441211577500, 9.605614999999994900, 1.854857757907479100E-012 ) ) ;
#5521 = CARTESIAN_POINT ( 'NONE',  ( 5.805607966083873500, 2.548708905534259100, -1.555607966083869800 ) ) ;
#5522 = CARTESIAN_POINT ( 'NONE',  ( 15.41574441211577500, 10.24061499999999300, 1.854857757907479100E-012 ) ) ;
#5523 = CARTESIAN_POINT ( 'NONE',  ( 7.707872206056278800, 9.711448333333327900, 13.35042627914119600 ) ) ;
#5524 = CARTESIAN_POINT ( 'NONE',  ( 15.11624523773645000, 3.017865049901519800, -1.938228656948630400 ) ) ;
#5525 = CARTESIAN_POINT ( 'NONE',  ( 15.18665696041088600, 2.096141968633092700, 1.274223144853708900 ) ) ;
#5526 = CARTESIAN_POINT ( 'NONE',  ( 15.24001283143607900, 1.622890193715744900, -0.5338426703872111200 ) ) ;
#5527 = CARTESIAN_POINT ( 'NONE',  ( 15.21626313361862300, 1.810271087332650000, 0.8579087739145798700 ) ) ;
#5528 = CARTESIAN_POINT ( 'NONE',  ( 15.19858976858643200, 1.974868053800762800, 1.123926382013387600 ) ) ;
#5529 = CARTESIAN_POINT ( 'NONE',  ( 15.21237033063806800, 1.810971127639607000, -0.9926893286326549100 ) ) ;
#5530 = CARTESIAN_POINT ( 'NONE',  ( 15.23999357768304800, 1.622352354091897600, 0.2674706094978707700 ) ) ;
#5531 = CARTESIAN_POINT ( 'NONE',  ( 15.11616337866982800, 3.549999999999998500, -1.938866862206143300 ) ) ;
#5532 = CARTESIAN_POINT ( 'NONE',  ( 15.14410064671458400, 2.562571585806741000, -1.748673434874957500 ) ) ;
#5533 = CARTESIAN_POINT ( 'NONE',  ( 15.19279003882740000, 2.032193873724062300, 1.200444252747837800 ) ) ;
#5534 = CARTESIAN_POINT ( 'NONE',  ( 15.20963563352968300, 1.869046113935122000, 0.9672382121938063500 ) ) ;
#5535 = CARTESIAN_POINT ( 'NONE',  ( 15.23300104085302700, 1.669264807449104800, 0.5153291694579748000 ) ) ;
#5536 = EDGE_CURVE ( 'NONE', #3770, #6450, #9170, .T. ) ;
#5537 = CIRCLE ( 'NONE', #3124, 0.5000000000000000000 ) ;
#5538 = EDGE_LOOP ( 'NONE', ( #3305, #3201, #3348, #3329, #3352, #3200, #3531, #3358, #3183, #3184, #3349, #3542, #3499 ) ) ;
#5539 = EDGE_LOOP ( 'NONE', ( #11029, #10996, #11044, #10988 ) ) ;
#5540 = EDGE_LOOP ( 'NONE', ( #5245, #5290, #5298, #5234 ) ) ;
#5541 = VECTOR ( 'NONE', #10322, 1000.000000000000000 ) ;
#5542 = EDGE_LOOP ( 'NONE', ( #10756, #10925, #10759, #10896, #11019, #10946, #10437 ) ) ;
#5543 = EDGE_LOOP ( 'NONE', ( #3218, #3315, #3225, #3227 ) ) ;
#5544 = CIRCLE ( 'NONE', #3128, 0.2999999999999999900 ) ;
#5545 = EDGE_LOOP ( 'NONE', ( #11039, #10956, #10992, #11055, #11022 ) ) ;
#5546 = EDGE_LOOP ( 'NONE', ( #3546, #3243, #3297, #3296 ) ) ;
#5547 = CIRCLE ( 'NONE', #3127, 1.249999995123492100 ) ;
#5548 = EDGE_LOOP ( 'NONE', ( #5248, #5239 ) ) ;
#5549 = EDGE_LOOP ( 'NONE', ( #10493, #10492, #10557, #10494 ) ) ;
#5550 = VECTOR ( 'NONE', #10304, 1000.000000000000000 ) ;
#5551 = VECTOR ( 'NONE', #5357, 1000.000000000000000 ) ;
#5552 = EDGE_LOOP ( 'NONE', ( #10952, #11007, #10762, #10914 ) ) ;
#5553 = CIRCLE ( 'NONE', #3129, 0.4999999999999995600 ) ;
#5554 = LINE ( 'NONE', #5386, #5963 ) ;
#5555 = EDGE_LOOP ( 'NONE', ( #500, #11120, #11119, #3278 ) ) ;
#5556 = EDGE_LOOP ( 'NONE', ( #10590, #10595, #10594, #10593 ) ) ;
#5557 = EDGE_LOOP ( 'NONE', ( #10787, #10953 ) ) ;
#5558 = CIRCLE ( 'NONE', #3120, 1.299999999999998900 ) ;
#5559 = CIRCLE ( 'NONE', #3130, 0.4899999999999999900 ) ;
#5560 = VECTOR ( 'NONE', #10315, 1000.000000000000000 ) ;
#5561 = EDGE_LOOP ( 'NONE', ( #10923, #11026, #10979, #10902 ) ) ;
#5562 = EDGE_LOOP ( 'NONE', ( #10791, #10989, #10913, #10789 ) ) ;
#5563 = LINE ( 'NONE', #5318, #5756 ) ;
#5564 = EDGE_LOOP ( 'NONE', ( #10978, #11032, #11008, #11045 ) ) ;
#5565 = LINE ( 'NONE', #5428, #5742 ) ;
#5566 = LINE ( 'NONE', #5459, #5639 ) ;
#5567 = EDGE_LOOP ( 'NONE', ( #10776, #10879, #10782, #10852, #10876, #10864, #10784, #10785, #10786, #10790, #10868, #10793, #10977, #10867, #10796, #10799, #10866, #10865, #10800, #10802 ) ) ;
#5568 = EDGE_LOOP ( 'NONE', ( #10966, #11018, #10909, #11036 ) ) ;
#5569 = EDGE_LOOP ( 'NONE', ( #3390, #3217, #3480, #3431 ) ) ;
#5570 = VECTOR ( 'NONE', #5375, 1000.000000000000000 ) ;
#5571 = EDGE_LOOP ( 'NONE', ( #10990, #11057, #10886, #11014 ) ) ;
#5572 = LINE ( 'NONE', #5438, #5612 ) ;
#5573 = EDGE_LOOP ( 'NONE', ( #10614, #10613 ) ) ;
#5574 = CIRCLE ( 'NONE', #3117, 1.249999995123492100 ) ;
#5575 = EDGE_LOOP ( 'NONE', ( #10574, #10575, #10576, #10579 ) ) ;
#5576 = EDGE_LOOP ( 'NONE', ( #10820, #10821, #10822, #10823, #10824, #10825, #10830, #10829 ) ) ;
#5577 = EDGE_LOOP ( 'NONE', ( #10788, #10984, #11021, #11016 ) ) ;
#5578 = LINE ( 'NONE', #5430, #5611 ) ;
#5579 = CIRCLE ( 'NONE', #3112, 0.7249999999999999800 ) ;
#5580 = EDGE_LOOP ( 'NONE', ( #10959, #11011, #10904, #10975 ) ) ;
#5581 = LINE ( 'NONE', #5343, #5741 ) ;
#5582 = LINE ( 'NONE', #5349, #5650 ) ;
#5583 = EDGE_LOOP ( 'NONE', ( #10512, #10511, #10520 ) ) ;
#5584 = EDGE_LOOP ( 'NONE', ( #10582, #10589, #10584, #10588 ) ) ;
#5585 = EDGE_LOOP ( 'NONE', ( #10798, #10795, #10797, #10794, #10792, #10935 ) ) ;
#5586 = CIRCLE ( 'NONE', #3121, 8.999999999999998200 ) ;
#5587 = CIRCLE ( 'NONE', #3118, 0.4999999999999995600 ) ;
#5588 = EDGE_LOOP ( 'NONE', ( #3475, #3556, #3341, #3318 ) ) ;
#5589 = CIRCLE ( 'NONE', #3111, 0.7999999999999994900 ) ;
#5590 = EDGE_LOOP ( 'NONE', ( #10985, #10997, #10884, #10942 ) ) ;
#5591 = CIRCLE ( 'NONE', #3122, 1.249999995123492100 ) ;
#5592 = LINE ( 'NONE', #5377, #5743 ) ;
#5593 = EDGE_LOOP ( 'NONE', ( #3574, #3492, #3537, #3570 ) ) ;
#5594 = EDGE_LOOP ( 'NONE', ( #11012, #10967, #10981, #10781 ) ) ;
#5595 = CIRCLE ( 'NONE', #3113, 1.799999999999999600 ) ;
#5596 = EDGE_LOOP ( 'NONE', ( #11098, #11096, #11095, #11160, #11213, #11212 ) ) ;
#5597 = EDGE_LOOP ( 'NONE', ( #10899, #10994, #11005, #11004 ) ) ;
#5598 = VERTEX_POINT ( 'NONE', #4806 ) ;
#5599 = VERTEX_POINT ( 'NONE', #4808 ) ;
#5600 = EDGE_LOOP ( 'NONE', ( #10626, #10627 ) ) ;
#5601 = EDGE_LOOP ( 'NONE', ( #10924, #10920, #10922, #10919, #10916 ) ) ;
#5602 = EDGE_LOOP ( 'NONE', ( #11047, #11031, #11040, #10917, #11052, #10949, #10987, #11041 ) ) ;
#5603 = EDGE_LOOP ( 'NONE', ( #3261, #3443, #3187, #3313, #3354, #3336, #3208, #3416, #3393, #3275, #3301, #3450 ) ) ;
#5604 = EDGE_LOOP ( 'NONE', ( #10484, #10483, #10550, #10485 ) ) ;
#5605 = CIRCLE ( 'NONE', #6185, 0.9999999999999922300 ) ;
#5606 = VECTOR ( 'NONE', #5321, 1000.000000000000000 ) ;
#5607 = EDGE_LOOP ( 'NONE', ( #10499, #10500, #10501, #10502 ) ) ;
#5608 = EDGE_LOOP ( 'NONE', ( #10457, #10458, #10453, #10454 ) ) ;
#5609 = CIRCLE ( 'NONE', #3126, 13.48999999999998100 ) ;
#5610 = LINE ( 'NONE', #10261, #6033 ) ;
#5611 = VECTOR ( 'NONE', #5391, 1000.000000000000000 ) ;
#5612 = VECTOR ( 'NONE', #5419, 1000.000000000000000 ) ;
#5613 = CIRCLE ( 'NONE', #3125, 1.299999999999999200 ) ;
#5614 = EDGE_LOOP ( 'NONE', ( #10963, #11003, #11058, #10775 ) ) ;
#5615 = EDGE_LOOP ( 'NONE', ( #10962, #10921, #11024, #10993 ) ) ;
#5616 = EDGE_LOOP ( 'NONE', ( #5238, #5283, #5253, #5285 ) ) ;
#5617 = EDGE_LOOP ( 'NONE', ( #5288, #5277, #5254, #5295 ) ) ;
#5618 = EDGE_LOOP ( 'NONE', ( #10853, #10854, #10855, #10856 ) ) ;
#5619 = LINE ( 'NONE', #10320, #5550 ) ;
#5620 = EDGE_LOOP ( 'NONE', ( #11221, #11224, #11227, #11228, #11229, #11231, #11200, #11097, #11102, #11105, #11106 ) ) ;
#5621 = EDGE_LOOP ( 'NONE', ( #10836, #10845 ) ) ;
#5622 = EDGE_LOOP ( 'NONE', ( #11130, #11131, #11129, #11127 ) ) ;
#5623 = EDGE_LOOP ( 'NONE', ( #10869, #10777 ) ) ;
#5624 = EDGE_LOOP ( 'NONE', ( #10846, #10847, #10863, #10858 ) ) ;
#5625 = EDGE_LOOP ( 'NONE', ( #10540, #10541, #10542, #10533 ) ) ;
#5626 = EDGE_LOOP ( 'NONE', ( #5231, #5252, #5228, #5250 ) ) ;
#5627 = EDGE_LOOP ( 'NONE', ( #3555, #3312 ) ) ;
#5628 = CIRCLE ( 'NONE', #3119, 0.5000000000000004400 ) ;
#5629 = EDGE_LOOP ( 'NONE', ( #10477, #10552, #10479, #10481 ) ) ;
#5630 = EDGE_LOOP ( 'NONE', ( #3234, #3426, #3386, #3377 ) ) ;
#5631 = LINE ( 'NONE', #5373, #5551 ) ;
#5632 = EDGE_LOOP ( 'NONE', ( #10495, #10496, #10497, #10498 ) ) ;
#5633 = EDGE_LOOP ( 'NONE', ( #3199, #3311 ) ) ;
#5634 = EDGE_LOOP ( 'NONE', ( #3276, #3233, #3576, #3575 ) ) ;
#5635 = VERTEX_POINT ( 'NONE', #4836 ) ;
#5636 = EDGE_LOOP ( 'NONE', ( #11126, #11123, #11141, #11080 ) ) ;
#5637 = EDGE_LOOP ( 'NONE', ( #10954, #10755 ) ) ;
#5638 = EDGE_LOOP ( 'NONE', ( #5255, #5261 ) ) ;
#5639 = VECTOR ( 'NONE', #5449, 1000.000000000000000 ) ;
#5640 = VERTEX_POINT ( 'NONE', #4837 ) ;
#5641 = EDGE_LOOP ( 'NONE', ( #3398, #3286, #3254, #3324 ) ) ;
#5642 = EDGE_LOOP ( 'NONE', ( #10844, #10843, #10842, #10841 ) ) ;
#5643 = EDGE_LOOP ( 'NONE', ( #5309, #5310, #5278, #5257 ) ) ;
#5644 = EDGE_LOOP ( 'NONE', ( #3465, #3519, #3380, #3551 ) ) ;
#5645 = EDGE_LOOP ( 'NONE', ( #3196, #3277, #3487, #3258 ) ) ;
#5646 = EDGE_LOOP ( 'NONE', ( #3359, #3328, #3213, #3309 ) ) ;
#5647 = EDGE_LOOP ( 'NONE', ( #10758, #10761 ) ) ;
#5648 = EDGE_LOOP ( 'NONE', ( #10801, #10874, #10803, #10805, #10804, #10873, #10806, #10808, #10807, #10872, #10809, #10810, #10811, #10812, #10813, #10814, #10815, #10816, #10817, #10818, #10819 ) ) ;
#5649 = EDGE_LOOP ( 'NONE', ( #5266, #5300, #5273, #5275 ) ) ;
#5650 = VECTOR ( 'NONE', #5433, 1000.000000000000000 ) ;
#5651 = EDGE_LOOP ( 'NONE', ( #3541, #3400, #3319, #5281 ) ) ;
#5652 = VECTOR ( 'NONE', #9937, 1000.000000000000000 ) ;
#5653 = EDGE_LOOP ( 'NONE', ( #11113, #11304, #515, #11147 ) ) ;
#5654 = EDGE_LOOP ( 'NONE', ( #10619, #10622 ) ) ;
#5655 = EDGE_LOOP ( 'NONE', ( #10546, #10547, #10538, #10539 ) ) ;
#5656 = EDGE_LOOP ( 'NONE', ( #3326, #3256, #3498, #3581 ) ) ;
#5657 = EDGE_LOOP ( 'NONE', ( #5244, #5311, #5291, #5264 ) ) ;
#5658 = EDGE_LOOP ( 'NONE', ( #10490, #10489, #10558, #10491 ) ) ;
#5659 = FACE_OUTER_BOUND ( 'NONE', #5679, .T. ) ;
#5660 = FACE_OUTER_BOUND ( 'NONE', #5798, .T. ) ;
#5661 = FACE_OUTER_BOUND ( 'NONE', #5625, .T. ) ;
#5662 = CYLINDRICAL_SURFACE ( 'NONE', #6169, 0.4999999999999995600 ) ;
#5663 = CYLINDRICAL_SURFACE ( 'NONE', #6174, 0.5000000000000000000 ) ;
#5664 = CIRCLE ( 'NONE', #6184, 1.249999999999999300 ) ;
#5665 = FACE_BOUND ( 'NONE', #5600, .T. ) ;
#5666 = FACE_OUTER_BOUND ( 'NONE', #5874, .T. ) ;
#5667 = FACE_BOUND ( 'NONE', #5947, .T. ) ;
#5668 = CYLINDRICAL_SURFACE ( 'NONE', #3134, 1.000000000000000900 ) ;
#5669 = FACE_BOUND ( 'NONE', #5870, .T. ) ;
#5670 = CYLINDRICAL_SURFACE ( 'NONE', #6177, 1.850000000000000300 ) ;
#5671 = FACE_OUTER_BOUND ( 'NONE', #5596, .T. ) ;
#5672 = CYLINDRICAL_SURFACE ( 'NONE', #6165, 0.4999999999999995600 ) ;
#5673 = LINE ( 'NONE', #9665, #6081 ) ;
#5674 = CYLINDRICAL_SURFACE ( 'NONE', #3143, 1.000000000000004400 ) ;
#5675 = FACE_BOUND ( 'NONE', #5738, .T. ) ;
#5676 = EDGE_LOOP ( 'NONE', ( #10957, #10986, #10932, #11037 ) ) ;
#5677 = FACE_OUTER_BOUND ( 'NONE', #5549, .T. ) ;
#5678 = CYLINDRICAL_SURFACE ( 'NONE', #6168, 0.4999999999999995600 ) ;
#5679 = EDGE_LOOP ( 'NONE', ( #10591, #10607, #11063, #10549 ) ) ;
#5680 = EDGE_LOOP ( 'NONE', ( #10699, #10698, #10697, #10696 ) ) ;
#5681 = FACE_OUTER_BOUND ( 'NONE', #5658, .T. ) ;
#5682 = LINE ( 'NONE', #9635, #5951 ) ;
#5683 = FACE_BOUND ( 'NONE', #5866, .T. ) ;
#5684 = CYLINDRICAL_SURFACE ( 'NONE', #3137, 1.000000000000000000 ) ;
#5685 = FACE_BOUND ( 'NONE', #5867, .T. ) ;
#5686 = EDGE_LOOP ( 'NONE', ( #10931, #10928, #10908, #10885, #11013, #10964 ) ) ;
#5687 = FACE_OUTER_BOUND ( 'NONE', #5653, .T. ) ;
#5688 = FACE_BOUND ( 'NONE', #5872, .T. ) ;
#5689 = CYLINDRICAL_SURFACE ( 'NONE', #3138, 0.5000000000000022200 ) ;
#5690 = FACE_BOUND ( 'NONE', #5889, .T. ) ;
#5691 = FACE_OUTER_BOUND ( 'NONE', #6146, .T. ) ;
#5692 = FACE_OUTER_BOUND ( 'NONE', #5883, .T. ) ;
#5693 = CYLINDRICAL_SURFACE ( 'NONE', #3147, 1.250000000000001100 ) ;
#5694 = CYLINDRICAL_SURFACE ( 'NONE', #6175, 1.850000000000000300 ) ;
#5695 = CYLINDRICAL_SURFACE ( 'NONE', #3139, 0.5000000000000022200 ) ;
#5696 = FACE_OUTER_BOUND ( 'NONE', #5888, .T. ) ;
#5697 = FACE_OUTER_BOUND ( 'NONE', #5636, .T. ) ;
#5698 = CYLINDRICAL_SURFACE ( 'NONE', #3166, 0.5000000000000004400 ) ;
#5699 = CYLINDRICAL_SURFACE ( 'NONE', #3144, 1.000000000000004400 ) ;
#5700 = FACE_OUTER_BOUND ( 'NONE', #5848, .T. ) ;
#5701 = FACE_OUTER_BOUND ( 'NONE', #5953, .T. ) ;
#5702 = FACE_BOUND ( 'NONE', #6013, .T. ) ;
#5703 = EDGE_LOOP ( 'NONE', ( #10947, #10995, #11034, #10970, #10951, #10910, #11035, #11017, #10998, #11060, #10887 ) ) ;
#5704 = CYLINDRICAL_SURFACE ( 'NONE', #3140, 1.999999999999999800 ) ;
#5705 = FACE_BOUND ( 'NONE', #5904, .T. ) ;
#5706 = FACE_OUTER_BOUND ( 'NONE', #6039, .T. ) ;
#5707 = FACE_OUTER_BOUND ( 'NONE', #6154, .T. ) ;
#5708 = FACE_OUTER_BOUND ( 'NONE', #6157, .T. ) ;
#5709 = FACE_OUTER_BOUND ( 'NONE', #5863, .T. ) ;
#5710 = FACE_OUTER_BOUND ( 'NONE', #6142, .T. ) ;
#5711 = FACE_OUTER_BOUND ( 'NONE', #5902, .T. ) ;
#5712 = CYLINDRICAL_SURFACE ( 'NONE', #3141, 1.727199999999998500 ) ;
#5713 = FACE_OUTER_BOUND ( 'NONE', #5938, .T. ) ;
#5714 = FACE_OUTER_BOUND ( 'NONE', #5584, .T. ) ;
#5715 = CYLINDRICAL_SURFACE ( 'NONE', #6173, 0.5000000000000000000 ) ;
#5716 = FACE_OUTER_BOUND ( 'NONE', #5891, .T. ) ;
#5717 = FACE_OUTER_BOUND ( 'NONE', #5620, .T. ) ;
#5718 = FACE_OUTER_BOUND ( 'NONE', #5680, .T. ) ;
#5719 = CIRCLE ( 'NONE', #6181, 1.299999999999998300 ) ;
#5720 = CYLINDRICAL_SURFACE ( 'NONE', #3142, 1.000000000000000900 ) ;
#5721 = FACE_OUTER_BOUND ( 'NONE', #5973, .T. ) ;
#5722 = FACE_OUTER_BOUND ( 'NONE', #6053, .T. ) ;
#5723 = CYLINDRICAL_SURFACE ( 'NONE', #3164, 1.000000000000000000 ) ;
#5724 = VECTOR ( 'NONE', #5488, 1000.000000000000000 ) ;
#5725 = FACE_OUTER_BOUND ( 'NONE', #5794, .T. ) ;
#5726 = CYLINDRICAL_SURFACE ( 'NONE', #3149, 1.749999999999999800 ) ;
#5727 = FACE_OUTER_BOUND ( 'NONE', #5575, .T. ) ;
#5728 = EDGE_LOOP ( 'NONE', ( #11173, #11180, #11178, #11175 ) ) ;
#5729 = FACE_OUTER_BOUND ( 'NONE', #5955, .T. ) ;
#5730 = CONICAL_SURFACE ( 'NONE', #3131, 15.23999999999999700, 1.047197551196599600 ) ;
#5731 = FACE_BOUND ( 'NONE', #5856, .T. ) ;
#5732 = FACE_OUTER_BOUND ( 'NONE', #5779, .T. ) ;
#5733 = CIRCLE ( 'NONE', #6195, 4.749999999999999100 ) ;
#5734 = FACE_OUTER_BOUND ( 'NONE', #5916, .T. ) ;
#5735 = EDGE_LOOP ( 'NONE', ( #11001, #10929, #10938, #10976, #11043, #11053, #11051 ) ) ;
#5736 = FACE_BOUND ( 'NONE', #5807, .T. ) ;
#5737 = VECTOR ( 'NONE', #10303, 1000.000000000000000 ) ;
#5738 = EDGE_LOOP ( 'NONE', ( #11267, #11266, #11275, #11274, #11273, #11272, #11271, #11280, #11279, #11278, #11277, #11276, #11281, #11282, #11301, #11287, #11108, #11112, #11157 ) ) ;
#5739 = CYLINDRICAL_SURFACE ( 'NONE', #3163, 0.5000000000000026600 ) ;
#5740 = FACE_BOUND ( 'NONE', #5865, .T. ) ;
#5741 = VECTOR ( 'NONE', #5347, 1000.000000000000000 ) ;
#5742 = VECTOR ( 'NONE', #5442, 1000.000000000000000 ) ;
#5743 = VECTOR ( 'NONE', #5453, 1000.000000000000000 ) ;
#5744 = EDGE_LOOP ( 'NONE', ( #3238, #3373, #3463, #3374 ) ) ;
#5745 = EDGE_LOOP ( 'NONE', ( #11030, #10972, #10936, #11050 ) ) ;
#5746 = VECTOR ( 'NONE', #5495, 1000.000000000000000 ) ;
#5747 = FACE_OUTER_BOUND ( 'NONE', #6115, .T. ) ;
#5748 = FACE_OUTER_BOUND ( 'NONE', #6040, .T. ) ;
#5749 = VECTOR ( 'NONE', #10023, 1000.000000000000000 ) ;
#5750 = FACE_OUTER_BOUND ( 'NONE', #5760, .T. ) ;
#5751 = CYLINDRICAL_SURFACE ( 'NONE', #3161, 1.299999999999998300 ) ;
#5752 = FACE_OUTER_BOUND ( 'NONE', #5608, .T. ) ;
#5753 = FACE_OUTER_BOUND ( 'NONE', #5923, .T. ) ;
#5754 = LINE ( 'NONE', #5492, #5724 ) ;
#5755 = FACE_OUTER_BOUND ( 'NONE', #5810, .T. ) ;
#5756 = VECTOR ( 'NONE', #5494, 1000.000000000000100 ) ;
#5757 = FACE_OUTER_BOUND ( 'NONE', #6023, .T. ) ;
#5758 = CYLINDRICAL_SURFACE ( 'NONE', #3162, 0.5000000000000026600 ) ;
#5759 = FACE_OUTER_BOUND ( 'NONE', #6163, .T. ) ;
#5760 = EDGE_LOOP ( 'NONE', ( #10693, #10692, #10691, #10690 ) ) ;
#5761 = EDGE_LOOP ( 'NONE', ( #10840, #10839 ) ) ;
#5762 = EDGE_LOOP ( 'NONE', ( #10730, #10774 ) ) ;
#5763 = EDGE_LOOP ( 'NONE', ( #10903, #10898, #10900, #10894 ) ) ;
#5764 = VECTOR ( 'NONE', #5356, 1000.000000000000000 ) ;
#5765 = CYLINDRICAL_SURFACE ( 'NONE', #3148, 0.7999999999999933800 ) ;
#5766 = EDGE_LOOP ( 'NONE', ( #5243, #5268, #5276, #5265 ) ) ;
#5767 = FACE_OUTER_BOUND ( 'NONE', #5789, .T. ) ;
#5768 = LINE ( 'NONE', #5360, #5746 ) ;
#5769 = FACE_OUTER_BOUND ( 'NONE', #5925, .T. ) ;
#5770 = EDGE_LOOP ( 'NONE', ( #10934, #10881, #10950, #10961 ) ) ;
#5771 = EDGE_LOOP ( 'NONE', ( #3396, #3530, #3509, #3484, #3501, #3469, #3567, #3437 ) ) ;
#5772 = CYLINDRICAL_SURFACE ( 'NONE', #6176, 1.000000000000004400 ) ;
#5773 = EDGE_LOOP ( 'NONE', ( #10783, #10757, #10778, #10780 ) ) ;
#5774 = EDGE_LOOP ( 'NONE', ( #5241, #5251, #5299, #5297 ) ) ;
#5775 = FACE_OUTER_BOUND ( 'NONE', #5556, .T. ) ;
#5776 = EDGE_LOOP ( 'NONE', ( #10930, #10937, #10927, #10926 ) ) ;
#5777 = EDGE_LOOP ( 'NONE', ( #10826, #10835, #10834, #10833, #10832, #10831 ) ) ;
#5778 = FACE_OUTER_BOUND ( 'NONE', #5900, .T. ) ;
#5779 = EDGE_LOOP ( 'NONE', ( #10566, #10569, #10568, #10567 ) ) ;
#5780 = EDGE_LOOP ( 'NONE', ( #3632, #3650, #3627, #3649 ) ) ;
#5781 = CYLINDRICAL_SURFACE ( 'NONE', #6166, 1.000000000000000900 ) ;
#5782 = LINE ( 'NONE', #10318, #5560 ) ;
#5783 = LINE ( 'NONE', #5365, #5606 ) ;
#5784 = EDGE_LOOP ( 'NONE', ( #3495, #3291, #3333, #3467, #3295, #3244, #3314, #3440, #3331, #3316, #3559, #3411, #3573, #3246, #3229 ) ) ;
#5785 = EDGE_LOOP ( 'NONE', ( #11202, #11159, #11179, #11184 ) ) ;
#5786 = EDGE_LOOP ( 'NONE', ( #5292, #5267 ) ) ;
#5787 = EDGE_LOOP ( 'NONE', ( #10890, #11056, #11002, #11006 ) ) ;
#5788 = LINE ( 'NONE', #10052, #6109 ) ;
#5789 = EDGE_LOOP ( 'NONE', ( #10596, #10604, #10606, #10605 ) ) ;
#5790 = EDGE_LOOP ( 'NONE', ( #3458, #3335 ) ) ;
#5791 = EDGE_LOOP ( 'NONE', ( #10616, #10638 ) ) ;
#5792 = EDGE_LOOP ( 'NONE', ( #10958, #10999, #10955, #10983 ) ) ;
#5793 = EDGE_LOOP ( 'NONE', ( #11187, #11186, #11195, #11192 ) ) ;
#5794 = EDGE_LOOP ( 'NONE', ( #10687, #10686, #10685, #10694 ) ) ;
#5795 = EDGE_LOOP ( 'NONE', ( #10828, #10827 ) ) ;
#5796 = LINE ( 'NONE', #9473, #6068 ) ;
#5797 = EDGE_LOOP ( 'NONE', ( #3378, #3290, #3394, #3257 ) ) ;
#5798 = EDGE_LOOP ( 'NONE', ( #10570, #10571, #10573, #10572 ) ) ;
#5799 = LINE ( 'NONE', #10033, #5811 ) ;
#5800 = EDGE_LOOP ( 'NONE', ( #10944, #10895, #10943, #11046 ) ) ;
#5801 = CIRCLE ( 'NONE', #3114, 0.5000000000000022200 ) ;
#5802 = EDGE_LOOP ( 'NONE', ( #11000, #11009, #11061, #11015 ) ) ;
#5803 = VECTOR ( 'NONE', #9976, 1000.000000000000000 ) ;
#5804 = EDGE_LOOP ( 'NONE', ( #11121, #11116, #11068, #11076 ) ) ;
#5805 = EDGE_LOOP ( 'NONE', ( #10610, #10615 ) ) ;
#5806 = VECTOR ( 'NONE', #10028, 1000.000000000000000 ) ;
#5807 = EDGE_LOOP ( 'NONE', ( #11250, #11251, #11252, #11253, #11254, #11255, #11256, #11257, #11258 ) ) ;
#5808 = EDGE_LOOP ( 'NONE', ( #10620, #10617 ) ) ;
#5809 = EDGE_LOOP ( 'NONE', ( #10968, #10969 ) ) ;
#5810 = EDGE_LOOP ( 'NONE', ( #10587, #10586, #10583, #10585 ) ) ;
#5811 = VECTOR ( 'NONE', #10032, 1000.000000000000000 ) ;
#5812 = FACE_OUTER_BOUND ( 'NONE', #5898, .T. ) ;
#5813 = EDGE_LOOP ( 'NONE', ( #5296, #5302, #5247, #5274 ) ) ;
#5814 = VECTOR ( 'NONE', #10345, 1000.000000000000000 ) ;
#5815 = EDGE_LOOP ( 'NONE', ( #425, #11033, #11153, #11152 ) ) ;
#5816 = EDGE_LOOP ( 'NONE', ( #3516, #3192, #3376, #3307 ) ) ;
#5817 = LINE ( 'NONE', #9911, #6106 ) ;
#5818 = FACE_OUTER_BOUND ( 'NONE', #6144, .T. ) ;
#5819 = LINE ( 'NONE', #10021, #5749 ) ;
#5820 = EDGE_LOOP ( 'NONE', ( #10893, #10892, #10639, #10447, #10752 ) ) ;
#5821 = EDGE_LOOP ( 'NONE', ( #3435, #3205, #3194 ) ) ;
#5822 = FACE_OUTER_BOUND ( 'NONE', #5857, .T. ) ;
#5823 = LINE ( 'NONE', #10207, #6103 ) ;
#5824 = VERTEX_POINT ( 'NONE', #4838 ) ;
#5825 = FACE_BOUND ( 'NONE', #6091, .T. ) ;
#5826 = CIRCLE ( 'NONE', #6179, 1.999999999999999100 ) ;
#5827 = LINE ( 'NONE', #10025, #5806 ) ;
#5828 = VECTOR ( 'NONE', #10327, 1000.000000000000000 ) ;
#5829 = FACE_OUTER_BOUND ( 'NONE', #5899, .T. ) ;
#5830 = EDGE_LOOP ( 'NONE', ( #485, #11303 ) ) ;
#5831 = LINE ( 'NONE', #10106, #6120 ) ;
#5832 = LINE ( 'NONE', #9598, #559 ) ;
#5833 = EDGE_LOOP ( 'NONE', ( #11219, #11232, #11234, #11233 ) ) ;
#5834 = FACE_OUTER_BOUND ( 'NONE', #5893, .T. ) ;
#5835 = LINE ( 'NONE', #9654, #6090 ) ;
#5836 = EDGE_LOOP ( 'NONE', ( #3580, #3228, #3511, #3185 ) ) ;
#5837 = EDGE_LOOP ( 'NONE', ( #3561, #3404, #3438, #3384 ) ) ;
#5838 = LINE ( 'NONE', #10026, #5828 ) ;
#5839 = EDGE_LOOP ( 'NONE', ( #3340, #3418, #3461, #3553 ) ) ;
#5840 = CYLINDRICAL_SURFACE ( 'NONE', #3156, 1.000000000000000000 ) ;
#5841 = CONICAL_SURFACE ( 'NONE', #3151, 14.73999999999999700, 0.7853981633974482800 ) ;
#5842 = LINE ( 'NONE', #10301, #5907 ) ;
#5843 = CIRCLE ( 'NONE', #3123, 0.9999999999999922300 ) ;
#5844 = FACE_OUTER_BOUND ( 'NONE', #6029, .T. ) ;
#5845 = VECTOR ( 'NONE', #10326, 1000.000000000000000 ) ;
#5846 = LINE ( 'NONE', #10314, #5737 ) ;
#5847 = LINE ( 'NONE', #10027, #5845 ) ;
#5848 = EDGE_LOOP ( 'NONE', ( #11082, #11083, #11084, #11156 ) ) ;
#5849 = CYLINDRICAL_SURFACE ( 'NONE', #3160, 1.299999999999998300 ) ;
#5850 = EDGE_LOOP ( 'NONE', ( #5280, #5263 ) ) ;
#5851 = CIRCLE ( 'NONE', #6183, 1.250000004876497900 ) ;
#5852 = EDGE_LOOP ( 'NONE', ( #3204, #3364, #3527, #3357 ) ) ;
#5853 = EDGE_LOOP ( 'NONE', ( #5279, #5249 ) ) ;
#5854 = EDGE_LOOP ( 'NONE', ( #3452, #3414, #3210, #3493 ) ) ;
#5855 = LINE ( 'NONE', #10324, #6156 ) ;
#5856 = EDGE_LOOP ( 'NONE', ( #11261, #11270 ) ) ;
#5857 = EDGE_LOOP ( 'NONE', ( #10608, #10609, #10455, #10456 ) ) ;
#5858 = EDGE_LOOP ( 'NONE', ( #3621, #3614, #3625, #3634 ) ) ;
#5859 = VERTEX_POINT ( 'NONE', #4839 ) ;
#5860 = EDGE_LOOP ( 'NONE', ( #11294, #11293, #11298, #11292, #11283, #11284, #11285, #11299 ) ) ;
#5861 = EDGE_LOOP ( 'NONE', ( #395, #410, #11122, #530, #10880, #10449, #11225, #11059 ) ) ;
#5862 = EDGE_LOOP ( 'NONE', ( #10519, #10518, #10517, #10516 ) ) ;
#5863 = EDGE_LOOP ( 'NONE', ( #11244, #11245, #11246, #11247 ) ) ;
#5864 = EDGE_LOOP ( 'NONE', ( #3280, #3267 ) ) ;
#5865 = EDGE_LOOP ( 'NONE', ( #11269, #11268 ) ) ;
#5866 = EDGE_LOOP ( 'NONE', ( #10439, #10436 ) ) ;
#5867 = EDGE_LOOP ( 'NONE', ( #10438, #10440 ) ) ;
#5868 = EDGE_LOOP ( 'NONE', ( #3421, #3571, #3323, #3242 ) ) ;
#5869 = EDGE_LOOP ( 'NONE', ( #5304, #5306, #5258, #5246 ) ) ;
#5870 = EDGE_LOOP ( 'NONE', ( #10624, #10445 ) ) ;
#5871 = EDGE_LOOP ( 'NONE', ( #11154, #11114 ) ) ;
#5872 = EDGE_LOOP ( 'NONE', ( #10441, #10442 ) ) ;
#5873 = CIRCLE ( 'NONE', #3116, 1.299999999999998300 ) ;
#5874 = EDGE_LOOP ( 'NONE', ( #10534, #10536, #10535, #10556 ) ) ;
#5875 = EDGE_LOOP ( 'NONE', ( #11107, #11103, #11104, #11100, #11101, #11099, #11075, #11027, #10882, #11117, #11070 ) ) ;
#5876 = EDGE_LOOP ( 'NONE', ( #10480, #10551, #10482 ) ) ;
#5877 = EDGE_LOOP ( 'NONE', ( #3360, #3521, #3406, #3478 ) ) ;
#5878 = EDGE_LOOP ( 'NONE', ( #11166, #11300, #11286, #11291, #11290, #11289 ) ) ;
#5879 = EDGE_LOOP ( 'NONE', ( #3250, #3182 ) ) ;
#5880 = EDGE_LOOP ( 'NONE', ( #3456, #3387 ) ) ;
#5881 = EDGE_LOOP ( 'NONE', ( #3263, #3395, #3289, #3457 ) ) ;
#5882 = EDGE_LOOP ( 'NONE', ( #3407, #3232, #3283, #3489 ) ) ;
#5883 = EDGE_LOOP ( 'NONE', ( #10701, #10700, #10705, #10706 ) ) ;
#5884 = EDGE_LOOP ( 'NONE', ( #10643, #10729, #10644, #10646 ) ) ;
#5885 = EDGE_LOOP ( 'NONE', ( #3346, #3342, #3249, #3375, #3287, #3181 ) ) ;
#5886 = EDGE_LOOP ( 'NONE', ( #3459, #3535, #3430, #3389, #3494, #3270, #3355, #3444, #3388, #3422, #3518, #3433, #3405, #3417, #3253, #3565, #3448, #3479 ) ) ;
#5887 = EDGE_LOOP ( 'NONE', ( #3558, #3220, #3235, #3299 ) ) ;
#5888 = EDGE_LOOP ( 'NONE', ( #10460, #10461, #10465, #10562 ) ) ;
#5889 = EDGE_LOOP ( 'NONE', ( #10443, #10463 ) ) ;
#5890 = EDGE_LOOP ( 'NONE', ( #3247, #3447 ) ) ;
#5891 = EDGE_LOOP ( 'NONE', ( #10468, #10467, #10466, #10537 ) ) ;
#5892 = EDGE_LOOP ( 'NONE', ( #10838, #10837 ) ) ;
#5893 = EDGE_LOOP ( 'NONE', ( #10592, #10597, #10602, #10603 ) ) ;
#5894 = VERTEX_POINT ( 'NONE', #4835 ) ;
#5895 = EDGE_LOOP ( 'NONE', ( #3265, #3206, #3294, #3439 ) ) ;
#5896 = EDGE_LOOP ( 'NONE', ( #11226, #11094, #11223, #11216 ) ) ;
#5897 = EDGE_LOOP ( 'NONE', ( #3476, #3350, #3271, #3302 ) ) ;
#5898 = EDGE_LOOP ( 'NONE', ( #10600, #10601, #10598, #10599 ) ) ;
#5899 = EDGE_LOOP ( 'NONE', ( #11149, #10611, #11148, #11146, #11144, #545, #11135, #11137, #11139 ) ) ;
#5900 = EDGE_LOOP ( 'NONE', ( #10719, #10720, #10721, #10712, #10713, #10714, #10715, #10716, #10707, #10709, #10708, #10731, #10612, #10749, #10623, #10630, #10631, #10632, #10633, #10628, #10629, #10625 ) ) ;
#5901 = EDGE_LOOP ( 'NONE', ( #3273, #3536, #3534, #3485 ) ) ;
#5902 = EDGE_LOOP ( 'NONE', ( #10448, #10444, #10446, #10459 ) ) ;
#5903 = EDGE_LOOP ( 'NONE', ( #3264, #3363, #3409, #3507, #3425, #3368, #3362, #3572 ) ) ;
#5904 = EDGE_LOOP ( 'NONE', ( #10723, #10722 ) ) ;
#5905 = EDGE_LOOP ( 'NONE', ( #10487, #10486, #10559, #10488 ) ) ;
#5906 = EDGE_LOOP ( 'NONE', ( #10506, #10507, #10508, #10509 ) ) ;
#5907 = VECTOR ( 'NONE', #10313, 1000.000000000000000 ) ;
#5908 = VERTEX_POINT ( 'NONE', #4840 ) ;
#5909 = EDGE_LOOP ( 'NONE', ( #10941, #11028, #10933, #11065, #10971, #10982 ) ) ;
#5910 = EDGE_LOOP ( 'NONE', ( #11109, #11115, #11138, #11220, #11222, #11215, #11188, #11177, #11207 ) ) ;
#5911 = EDGE_LOOP ( 'NONE', ( #3209, #3198, #3512, #3237 ) ) ;
#5912 = EDGE_LOOP ( 'NONE', ( #11239, #11241, #11243, #11242 ) ) ;
#5913 = EDGE_LOOP ( 'NONE', ( #3282, #3188, #3504, #3195, #3222, #3224, #3429, #3262 ) ) ;
#5914 = EDGE_LOOP ( 'NONE', ( #3544, #3468, #3568, #3529 ) ) ;
#5915 = EDGE_LOOP ( 'NONE', ( #3308, #3532, #3497, #3260 ) ) ;
#5916 = EDGE_LOOP ( 'NONE', ( #11218, #11077, #11125, #11128 ) ) ;
#5917 = EDGE_LOOP ( 'NONE', ( #11205, #11208, #11204, #11203 ) ) ;
#5918 = VERTEX_POINT ( 'NONE', #4812 ) ;
#5919 = EDGE_LOOP ( 'NONE', ( #10548, #10543, #10544, #10545 ) ) ;
#5920 = EDGE_LOOP ( 'NONE', ( #10766, #10767, #10764, #10618 ) ) ;
#5921 = EDGE_LOOP ( 'NONE', ( #10462, #10469, #10554, #10470 ) ) ;
#5922 = EDGE_LOOP ( 'NONE', ( #10907, #11038, #10883, #10918 ) ) ;
#5923 = EDGE_LOOP ( 'NONE', ( #10578, #10577, #10580, #10581 ) ) ;
#5924 = EDGE_LOOP ( 'NONE', ( #3255, #3248, #3226, #3310 ) ) ;
#5925 = EDGE_LOOP ( 'NONE', ( #10527, #10526, #10531, #10532 ) ) ;
#5926 = FACE_BOUND ( 'NONE', #5949, .T. ) ;
#5927 = FACE_OUTER_BOUND ( 'NONE', #6020, .T. ) ;
#5928 = CONICAL_SURFACE ( 'NONE', #6171, 15.23999999999999700, 1.047197551196599600 ) ;
#5929 = CYLINDRICAL_SURFACE ( 'NONE', #3153, 1.000000000000000900 ) ;
#5930 = LINE ( 'NONE', #10034, #6101 ) ;
#5931 = FACE_OUTER_BOUND ( 'NONE', #5815, .T. ) ;
#5932 = VECTOR ( 'NONE', #9992, 1000.000000000000000 ) ;
#5933 = EDGE_LOOP ( 'NONE', ( #3230, #3579 ) ) ;
#5934 = CIRCLE ( 'NONE', #6196, 4.889500000000000800 ) ;
#5935 = EDGE_LOOP ( 'NONE', ( #3274, #3500, #3266, #3203 ) ) ;
#5936 = EDGE_LOOP ( 'NONE', ( #3231, #3496, #3304 ) ) ;
#5937 = CIRCLE ( 'NONE', #6211, 6.349999999999997900 ) ;
#5938 = EDGE_LOOP ( 'NONE', ( #11162, #11155, #11158, #11161, #11193, #11183 ) ) ;
#5939 = EDGE_LOOP ( 'NONE', ( #11191, #11176, #11196, #11198 ) ) ;
#5940 = LINE ( 'NONE', #5324, #5764 ) ;
#5941 = LINE ( 'NONE', #10339, #6122 ) ;
#5942 = LINE ( 'NONE', #9971, #6119 ) ;
#5943 = EDGE_LOOP ( 'NONE', ( #3562, #3322, #3481, #3545 ) ) ;
#5944 = LINE ( 'NONE', #9651, #6111 ) ;
#5945 = EDGE_LOOP ( 'NONE', ( #3317, #3339, #3578, #3566 ) ) ;
#5946 = LINE ( 'NONE', #10167, #6022 ) ;
#5947 = EDGE_LOOP ( 'NONE', ( #10717, #10718 ) ) ;
#5948 = LINE ( 'NONE', #10411, #6104 ) ;
#5949 = EDGE_LOOP ( 'NONE', ( #11248, #11249 ) ) ;
#5950 = EDGE_LOOP ( 'NONE', ( #3583, #3424 ) ) ;
#5951 = VECTOR ( 'NONE', #9609, 1000.000000000000000 ) ;
#5952 = VECTOR ( 'NONE', #10423, 1000.000000000000100 ) ;
#5953 = EDGE_LOOP ( 'NONE', ( #10695, #10704, #10703, #10702 ) ) ;
#5954 = VECTOR ( 'NONE', #9481, 1000.000000000000200 ) ;
#5955 = EDGE_LOOP ( 'NONE', ( #10733, #10665, #10667, #10666 ) ) ;
#5956 = EDGE_LOOP ( 'NONE', ( #5262, #3640, #3648, #3641 ) ) ;
#5957 = EDGE_LOOP ( 'NONE', ( #3269, #3552, #3347, #3423 ) ) ;
#5958 = CIRCLE ( 'NONE', #6210, 6.349999999999997900 ) ;
#5959 = EDGE_LOOP ( 'NONE', ( #3279, #3451, #3503, #3464, #3488, #3420, #3215, #3241, #3483, #3455 ) ) ;
#5960 = EDGE_LOOP ( 'NONE', ( #5242, #5260, #5282, #5287 ) ) ;
#5961 = VECTOR ( 'NONE', #10122, 1000.000000000000000 ) ;
#5962 = EDGE_LOOP ( 'NONE', ( #3520, #3482 ) ) ;
#5963 = VECTOR ( 'NONE', #5334, 1000.000000000000100 ) ;
#5964 = EDGE_LOOP ( 'NONE', ( #11042, #10877, #10960, #11023 ) ) ;
#5965 = EDGE_LOOP ( 'NONE', ( #11062, #11073 ) ) ;
#5966 = EDGE_LOOP ( 'NONE', ( #3292, #3436, #3190, #3547 ) ) ;
#5967 = LINE ( 'NONE', #9748, #5970 ) ;
#5968 = VECTOR ( 'NONE', #10424, 1000.000000000000000 ) ;
#5969 = LINE ( 'NONE', #10422, #5968 ) ;
#5970 = VECTOR ( 'NONE', #9762, 1000.000000000000000 ) ;
#5971 = EDGE_LOOP ( 'NONE', ( #11236, #11238, #11240 ) ) ;
#5972 = LINE ( 'NONE', #9928, #6089 ) ;
#5973 = EDGE_LOOP ( 'NONE', ( #11165, #11164, #11163 ) ) ;
#5974 = EDGE_LOOP ( 'NONE', ( #5259, #5232 ) ) ;
#5975 = EDGE_LOOP ( 'NONE', ( #5236, #5237, #5303, #5235 ) ) ;
#5976 = EDGE_LOOP ( 'NONE', ( #3441, #3320, #3432, #3345 ) ) ;
#5977 = EDGE_LOOP ( 'NONE', ( #3221, #3470, #3401, #3472 ) ) ;
#5978 = LINE ( 'NONE', #9458, #6126 ) ;
#5979 = EDGE_LOOP ( 'NONE', ( #3528, #3285, #3412, #3365 ) ) ;
#5980 = LINE ( 'NONE', #10336, #5814 ) ;
#5981 = EDGE_LOOP ( 'NONE', ( #3639, #3635 ) ) ;
#5982 = EDGE_LOOP ( 'NONE', ( #10857, #10848, #10849, #10851 ) ) ;
#5983 = EDGE_LOOP ( 'NONE', ( #11069, #11092, #11071, #11151 ) ) ;
#5984 = LINE ( 'NONE', #9994, #5986 ) ;
#5985 = LINE ( 'NONE', #9767, #5992 ) ;
#5986 = VECTOR ( 'NONE', #9997, 1000.000000000000000 ) ;
#5987 = EDGE_LOOP ( 'NONE', ( #3637, #3615, #3616, #3643 ) ) ;
#5988 = EDGE_LOOP ( 'NONE', ( #10634, #10635 ) ) ;
#5989 = LINE ( 'NONE', #10101, #5803 ) ;
#5990 = CIRCLE ( 'NONE', #6189, 1.249999995123492100 ) ;
#5991 = CIRCLE ( 'NONE', #6188, 1.250000004876497900 ) ;
#5992 = VECTOR ( 'NONE', #9995, 1000.000000000000000 ) ;
#5993 = LINE ( 'NONE', #9764, #5995 ) ;
#5994 = LINE ( 'NONE', #9681, #5998 ) ;
#5995 = VECTOR ( 'NONE', #9765, 1000.000000000000000 ) ;
#5996 = VECTOR ( 'NONE', #9964, 1000.000000000000000 ) ;
#5997 = LINE ( 'NONE', #10019, #5996 ) ;
#5998 = VECTOR ( 'NONE', #9684, 1000.000000000000000 ) ;
#5999 = LINE ( 'NONE', #10430, #6005 ) ;
#6000 = LINE ( 'NONE', #9965, #6001 ) ;
#6001 = VECTOR ( 'NONE', #10405, 1000.000000000000000 ) ;
#6002 = CIRCLE ( 'NONE', #6190, 1.250000004162000100 ) ;
#6003 = LINE ( 'NONE', #10344, #6073 ) ;
#6004 = CIRCLE ( 'NONE', #6191, 1.250000004876497900 ) ;
#6005 = VECTOR ( 'NONE', #10404, 1000.000000000000000 ) ;
#6006 = LINE ( 'NONE', #10293, #6007 ) ;
#6007 = VECTOR ( 'NONE', #10296, 1000.000000000000000 ) ;
#6008 = LINE ( 'NONE', #9776, #5961 ) ;
#6009 = CIRCLE ( 'NONE', #6192, 1.250000004162000100 ) ;
#6010 = VECTOR ( 'NONE', #10337, 1000.000000000000000 ) ;
#6011 = EDGE_LOOP ( 'NONE', ( #5289, #5270, #5286, #5269 ) ) ;
#6012 = CIRCLE ( 'NONE', #6198, 4.889500000000000800 ) ;
#6013 = EDGE_LOOP ( 'NONE', ( #11214, #11217 ) ) ;
#6014 = EDGE_LOOP ( 'NONE', ( #11197, #11201, #11199, #11167 ) ) ;
#6015 = EDGE_LOOP ( 'NONE', ( #3631, #3644 ) ) ;
#6016 = CIRCLE ( 'NONE', #6201, 1.249999995123492100 ) ;
#6017 = CIRCLE ( 'NONE', #6208, 6.349999999999997900 ) ;
#6018 = EDGE_LOOP ( 'NONE', ( #455, #470, #10875, #440 ) ) ;
#6019 = EDGE_LOOP ( 'NONE', ( #11124, #11064, #11074, #10621 ) ) ;
#6020 = EDGE_LOOP ( 'NONE', ( #10726, #10656, #10658, #10657 ) ) ;
#6021 = VECTOR ( 'NONE', #10180, 1000.000000000000000 ) ;
#6022 = VECTOR ( 'NONE', #10193, 1000.000000000000100 ) ;
#6023 = EDGE_LOOP ( 'NONE', ( #11259, #11260 ) ) ;
#6024 = LINE ( 'NONE', #10178, #6123 ) ;
#6025 = EDGE_LOOP ( 'NONE', ( #11010, #10980, #11049, #10940 ) ) ;
#6026 = VERTEX_POINT ( 'NONE', #4841 ) ;
#6027 = EDGE_LOOP ( 'NONE', ( #3370, #3445, #3239, #3193 ) ) ;
#6028 = EDGE_LOOP ( 'NONE', ( #11169, #11172, #11171, #11174 ) ) ;
#6029 = EDGE_LOOP ( 'NONE', ( #10734, #10662, #10664, #10663 ) ) ;
#6030 = EDGE_LOOP ( 'NONE', ( #3186, #3383, #3381, #3245 ) ) ;
#6031 = EDGE_LOOP ( 'NONE', ( #10906, #10965, #10991, #10948 ) ) ;
#6032 = EDGE_LOOP ( 'NONE', ( #10859, #10860, #10861, #10862 ) ) ;
#6033 = VECTOR ( 'NONE', #10357, 1000.000000000000000 ) ;
#6034 = EDGE_LOOP ( 'NONE', ( #10474, #10553, #10476, #10478 ) ) ;
#6035 = EDGE_LOOP ( 'NONE', ( #5308, #5240, #5307, #5294 ) ) ;
#6036 = EDGE_LOOP ( 'NONE', ( #10850, #10779, #10753, #10871 ) ) ;
#6037 = EDGE_LOOP ( 'NONE', ( #3543, #3513, #3577, #3449 ) ) ;
#6038 = CIRCLE ( 'NONE', #3110, 0.9999999999999991100 ) ;
#6039 = EDGE_LOOP ( 'NONE', ( #11265, #11264, #11263, #11262 ) ) ;
#6040 = EDGE_LOOP ( 'NONE', ( #10732, #10668, #10669, #10670 ) ) ;
#6041 = EDGE_LOOP ( 'NONE', ( #3510, #3442, #3300 ) ) ;
#6042 = CIRCLE ( 'NONE', #6200, 10.73150000000000200 ) ;
#6043 = LINE ( 'NONE', #10203, #6132 ) ;
#6044 = EDGE_LOOP ( 'NONE', ( #11211, #11210, #11209, #11206 ) ) ;
#6045 = EDGE_LOOP ( 'NONE', ( #3490, #3382, #3202, #3564 ) ) ;
#6046 = LINE ( 'NONE', #9746, #5652 ) ;
#6047 = EDGE_LOOP ( 'NONE', ( #10472, #10471, #10473, #10475 ) ) ;
#6048 = VECTOR ( 'NONE', #9632, 1000.000000000000100 ) ;
#6049 = EDGE_LOOP ( 'NONE', ( #10450, #10451, #10452, #11088 ) ) ;
#6050 = VERTEX_POINT ( 'NONE', #4842 ) ;
#6051 = EDGE_LOOP ( 'NONE', ( #5293, #5271 ) ) ;
#6052 = EDGE_LOOP ( 'NONE', ( #3371, #3563, #3284, #3428 ) ) ;
#6053 = EDGE_LOOP ( 'NONE', ( #10727, #10653, #10655, #10654 ) ) ;
#6054 = EDGE_LOOP ( 'NONE', ( #10645, #10647, #10649, #10648 ) ) ;
#6055 = EDGE_LOOP ( 'NONE', ( #3410, #3379 ) ) ;
#6056 = VERTEX_POINT ( 'NONE', #4843 ) ;
#6057 = LINE ( 'NONE', #9929, #5952 ) ;
#6058 = EDGE_LOOP ( 'NONE', ( #11235, #11237 ) ) ;
#6059 = EDGE_LOOP ( 'NONE', ( #10912, #10915, #10911, #10905 ) ) ;
#6060 = EDGE_LOOP ( 'NONE', ( #3454, #3367, #3466, #3517 ) ) ;
#6061 = EDGE_LOOP ( 'NONE', ( #10773, #10768, #10769, #10765 ) ) ;
#6062 = CIRCLE ( 'NONE', #6207, 1.649999999999999000 ) ;
#6063 = EDGE_LOOP ( 'NONE', ( #3399, #3356, #3427, #3236 ) ) ;
#6064 = EDGE_LOOP ( 'NONE', ( #10525, #10524, #10523, #10522 ) ) ;
#6065 = CIRCLE ( 'NONE', #6197, 10.79999999999999900 ) ;
#6066 = EDGE_LOOP ( 'NONE', ( #10671, #10672, #10673, #10674 ) ) ;
#6067 = LINE ( 'NONE', #10170, #6100 ) ;
#6068 = VECTOR ( 'NONE', #9672, 1000.000000000000000 ) ;
#6069 = CIRCLE ( 'NONE', #6206, 10.79999999999999900 ) ;
#6070 = EDGE_LOOP ( 'NONE', ( #3524, #3240, #3321, #3332 ) ) ;
#6071 = EDGE_LOOP ( 'NONE', ( #10510, #10515, #10514, #10513 ) ) ;
#6072 = EDGE_LOOP ( 'NONE', ( #3505, #3522, #3523, #3525 ) ) ;
#6073 = VECTOR ( 'NONE', #10292, 1000.000000000000000 ) ;
#6074 = EDGE_LOOP ( 'NONE', ( #3460, #3298, #3344, #3353 ) ) ;
#6075 = EDGE_LOOP ( 'NONE', ( #10901, #11025, #10891, #10973 ) ) ;
#6076 = EDGE_LOOP ( 'NONE', ( #3189, #3514 ) ) ;
#6077 = EDGE_LOOP ( 'NONE', ( #3361, #3303, #3343, #3197 ) ) ;
#6078 = LINE ( 'NONE', #10319, #5541 ) ;
#6079 = EDGE_LOOP ( 'NONE', ( #10724, #10637 ) ) ;
#6080 = EDGE_LOOP ( 'NONE', ( #3334, #3471, #3191, #3462 ) ) ;
#6081 = VECTOR ( 'NONE', #9628, 1000.000000000000000 ) ;
#6082 = CIRCLE ( 'NONE', #6202, 1.249999999999999300 ) ;
#6083 = EDGE_LOOP ( 'NONE', ( #10503, #10504, #10505 ) ) ;
#6084 = CYLINDRICAL_SURFACE ( 'NONE', #3155, 1.000000000000000400 ) ;
#6085 = EDGE_LOOP ( 'NONE', ( #10636, #10640, #10737, #10642, #10641, #10711, #10710, #10736, #10738, #10742, #10743, #10735, #10739, #10740, #10741, #10745, #10744, #10747, #10746, #10748, #10750, #10751 ) ) ;
#6086 = LINE ( 'NONE', #9894, #9432 ) ;
#6087 = EDGE_LOOP ( 'NONE', ( #3474, #3327 ) ) ;
#6088 = LINE ( 'NONE', #9649, #6048 ) ;
#6089 = VECTOR ( 'NONE', #10426, 1000.000000000000000 ) ;
#6090 = VECTOR ( 'NONE', #10168, 1000.000000000000000 ) ;
#6091 = EDGE_LOOP ( 'NONE', ( #11072, #11150 ) ) ;
#6092 = VERTEX_POINT ( 'NONE', #4844 ) ;
#6093 = EDGE_LOOP ( 'NONE', ( #10683, #10684, #10689, #10688 ) ) ;
#6094 = CYLINDRICAL_SURFACE ( 'NONE', #6182, 15.23999999999999700 ) ;
#6095 = LINE ( 'NONE', #10097, #6010 ) ;
#6096 = VECTOR ( 'NONE', #10165, 1000.000000000000000 ) ;
#6097 = CIRCLE ( 'NONE', #6199, 10.79999999999999700 ) ;
#6098 = CIRCLE ( 'NONE', #6205, 10.79999999999999900 ) ;
#6099 = EDGE_LOOP ( 'NONE', ( #11048, #10760, #10878 ) ) ;
#6100 = VECTOR ( 'NONE', #10002, 1000.000000000000100 ) ;
#6101 = VECTOR ( 'NONE', #10035, 1000.000000000000000 ) ;
#6102 = EDGE_LOOP ( 'NONE', ( #3219, #3434, #3538, #3372 ) ) ;
#6103 = VECTOR ( 'NONE', #9738, 1000.000000000000000 ) ;
#6104 = VECTOR ( 'NONE', #10340, 1000.000000000000000 ) ;
#6105 = LINE ( 'NONE', #10109, #5932 ) ;
#6106 = VECTOR ( 'NONE', #9914, 1000.000000000000000 ) ;
#6107 = EDGE_LOOP ( 'NONE', ( #11111, #11145, #11143, #11142 ) ) ;
#6108 = VECTOR ( 'NONE', #10202, 1000.000000000000000 ) ;
#6109 = VECTOR ( 'NONE', #9917, 1000.000000000000100 ) ;
#6110 = CIRCLE ( 'NONE', #6209, 6.349999999999997900 ) ;
#6111 = VECTOR ( 'NONE', #9663, 1000.000000000000100 ) ;
#6112 = LINE ( 'NONE', #10182, #6021 ) ;
#6113 = LINE ( 'NONE', #9493, #5954 ) ;
#6114 = LINE ( 'NONE', #5394, #5570 ) ;
#6115 = EDGE_LOOP ( 'NONE', ( #10565, #10560, #10561, #10563 ) ) ;
#6116 = CIRCLE ( 'NONE', #6204, 10.79999999999999900 ) ;
#6117 = EDGE_LOOP ( 'NONE', ( #10675, #10676, #10677, #10678 ) ) ;
#6118 = VERTEX_POINT ( 'NONE', #4845 ) ;
#6119 = VECTOR ( 'NONE', #9657, 1000.000000000000000 ) ;
#6120 = VECTOR ( 'NONE', #9935, 1000.000000000000000 ) ;
#6121 = CIRCLE ( 'NONE', #6187, 12.89049999999999800 ) ;
#6122 = VECTOR ( 'NONE', #10338, 1000.000000000000000 ) ;
#6123 = VECTOR ( 'NONE', #9936, 1000.000000000000000 ) ;
#6124 = CIRCLE ( 'NONE', #6194, 8.999999999999998200 ) ;
#6125 = EDGE_LOOP ( 'NONE', ( #10763, #10770, #10771, #10772 ) ) ;
#6126 = VECTOR ( 'NONE', #9499, 1000.000000000000000 ) ;
#6127 = LINE ( 'NONE', #10199, #6108 ) ;
#6128 = EDGE_LOOP ( 'NONE', ( #3207, #3419, #3306, #3281, #3582, #3413, #3214, #3415 ) ) ;
#6129 = EDGE_LOOP ( 'NONE', ( #11288, #11296, #11295, #11297 ) ) ;
#6130 = EDGE_LOOP ( 'NONE', ( #5284, #5230 ) ) ;
#6131 = EDGE_LOOP ( 'NONE', ( #3216, #3502, #3223, #3473 ) ) ;
#6132 = VECTOR ( 'NONE', #10188, 1000.000000000000000 ) ;
#6133 = CIRCLE ( 'NONE', #6203, 4.749999999999999100 ) ;
#6134 = EDGE_LOOP ( 'NONE', ( #3403, #3268, #3453, #3397 ) ) ;
#6135 = EDGE_LOOP ( 'NONE', ( #11185, #11182, #11181, #11190 ) ) ;
#6136 = EDGE_LOOP ( 'NONE', ( #3392, #3446, #3408, #3391 ) ) ;
#6137 = EDGE_LOOP ( 'NONE', ( #3330, #3385, #3539, #3557 ) ) ;
#6138 = EDGE_LOOP ( 'NONE', ( #3272, #3549, #3515, #3337 ) ) ;
#6139 = CIRCLE ( 'NONE', #6186, 1.250000004876497900 ) ;
#6140 = EDGE_LOOP ( 'NONE', ( #3533, #3212, #3486, #3491, #3554, #3325 ) ) ;
#6141 = CIRCLE ( 'NONE', #6193, 12.70455909487750300 ) ;
#6142 = EDGE_LOOP ( 'NONE', ( #10435, #10870, #11078, #11118 ) ) ;
#6143 = EDGE_LOOP ( 'NONE', ( #10679, #10680, #10681, #10682 ) ) ;
#6144 = EDGE_LOOP ( 'NONE', ( #10725, #10659, #10661, #10660 ) ) ;
#6145 = EDGE_LOOP ( 'NONE', ( #5256, #5301, #5229, #5272 ) ) ;
#6146 = EDGE_LOOP ( 'NONE', ( #10888, #10754, #10555, #11066 ) ) ;
#6147 = LINE ( 'NONE', #10190, #6096 ) ;
#6148 = EDGE_LOOP ( 'NONE', ( #3288, #3251, #3569, #3293 ) ) ;
#6149 = LINE ( 'NONE', #10362, #6155 ) ;
#6150 = EDGE_LOOP ( 'NONE', ( #11140, #11230, #11134, #11136, #11133, #11110, #10889, #11132 ) ) ;
#6151 = EDGE_LOOP ( 'NONE', ( #11087, #11091, #11067, #11020, #11079, #11081 ) ) ;
#6152 = EDGE_LOOP ( 'NONE', ( #3550, #3338, #3211, #3584 ) ) ;
#6153 = CIRCLE ( 'NONE', #3115, 0.4999999999999995600 ) ;
#6154 = EDGE_LOOP ( 'NONE', ( #11090, #11085, #11086, #11089, #11302, #11093 ) ) ;
#6155 = VECTOR ( 'NONE', #10358, 1000.000000000000000 ) ;
#6156 = VECTOR ( 'NONE', #10325, 1000.000000000000000 ) ;
#6157 = EDGE_LOOP ( 'NONE', ( #10728, #10650, #10652, #10651 ) ) ;
#6158 = EDGE_LOOP ( 'NONE', ( #10564, #10464 ) ) ;
#6159 = EDGE_LOOP ( 'NONE', ( #3252, #3351, #3402, #3560 ) ) ;
#6160 = EDGE_LOOP ( 'NONE', ( #3506, #3369, #3259, #3366 ) ) ;
#6161 = EDGE_LOOP ( 'NONE', ( #11189, #11194, #11168, #11170 ) ) ;
#6162 = EDGE_LOOP ( 'NONE', ( #10974, #10939 ) ) ;
#6163 = EDGE_LOOP ( 'NONE', ( #10521, #10530, #10529, #10528 ) ) ;
#6164 = EDGE_LOOP ( 'NONE', ( #3548, #3526 ) ) ;
#6165 = AXIS2_PLACEMENT_3D ( 'NONE', #10083, #9505, #9509 ) ;
#6166 = AXIS2_PLACEMENT_3D ( 'NONE', #10080, #10082, #9504 ) ;
#6167 = AXIS2_PLACEMENT_3D ( 'NONE', #10081, #10077, #10076 ) ;
#6168 = AXIS2_PLACEMENT_3D ( 'NONE', #10074, #10075, #10078 ) ;
#6169 = AXIS2_PLACEMENT_3D ( 'NONE', #9534, #10072, #10079 ) ;
#6170 = AXIS2_PLACEMENT_3D ( 'NONE', #10070, #10071, #10067 ) ;
#6171 = AXIS2_PLACEMENT_3D ( 'NONE', #10244, #10245, #10249 ) ;
#6172 = AXIS2_PLACEMENT_3D ( 'NONE', #10073, #10064, #9533 ) ;
#6173 = AXIS2_PLACEMENT_3D ( 'NONE', #10062, #10063, #10069 ) ;
#6174 = AXIS2_PLACEMENT_3D ( 'NONE', #10258, #10259, #10065 ) ;
#6175 = AXIS2_PLACEMENT_3D ( 'NONE', #9532, #10257, #10260 ) ;
#6176 = AXIS2_PLACEMENT_3D ( 'NONE', #10253, #10255, #10256 ) ;
#6177 = AXIS2_PLACEMENT_3D ( 'NONE', #10252, #10251, #10254 ) ;
#6178 = AXIS2_PLACEMENT_3D ( 'NONE', #10248, #10250, #10246 ) ;
#6179 = AXIS2_PLACEMENT_3D ( 'NONE', #10024, #10031, #10329 ) ;
#6180 = AXIS2_PLACEMENT_3D ( 'NONE', #9531, #9530, #10030 ) ;
#6181 = AXIS2_PLACEMENT_3D ( 'NONE', #10036, #10037, #10022 ) ;
#6182 = AXIS2_PLACEMENT_3D ( 'NONE', #10029, #10242, #10241 ) ;
#6183 = AXIS2_PLACEMENT_3D ( 'NONE', #10409, #10323, #10321 ) ;
#6184 = AXIS2_PLACEMENT_3D ( 'NONE', #10410, #10316, #10317 ) ;
#6185 = AXIS2_PLACEMENT_3D ( 'NONE', #10359, #10361, #10360 ) ;
#6186 = AXIS2_PLACEMENT_3D ( 'NONE', #10364, #10312, #9750 ) ;
#6187 = AXIS2_PLACEMENT_3D ( 'NONE', #9766, #9686, #9768 ) ;
#6188 = AXIS2_PLACEMENT_3D ( 'NONE', #9685, #9680, #9683 ) ;
#6189 = AXIS2_PLACEMENT_3D ( 'NONE', #9639, #9643, #9647 ) ;
#6190 = AXIS2_PLACEMENT_3D ( 'NONE', #10428, #10211, #10413 ) ;
#6191 = AXIS2_PLACEMENT_3D ( 'NONE', #10414, #10346, #9871 ) ;
#6192 = AXIS2_PLACEMENT_3D ( 'NONE', #10343, #10342, #10341 ) ;
#6193 = AXIS2_PLACEMENT_3D ( 'NONE', #10335, #10334, #9728 ) ;
#6194 = AXIS2_PLACEMENT_3D ( 'NONE', #10098, #10100, #10099 ) ;
#6195 = AXIS2_PLACEMENT_3D ( 'NONE', #9934, #10117, #10095 ) ;
#6196 = AXIS2_PLACEMENT_3D ( 'NONE', #10118, #9933, #9824 ) ;
#6197 = AXIS2_PLACEMENT_3D ( 'NONE', #9975, #9977, #9972 ) ;
#6198 = AXIS2_PLACEMENT_3D ( 'NONE', #10179, #9974, #10181 ) ;
#6199 = AXIS2_PLACEMENT_3D ( 'NONE', #10163, #10162, #10088 ) ;
#6200 = AXIS2_PLACEMENT_3D ( 'NONE', #10153, #10191, #10164 ) ;
#6201 = AXIS2_PLACEMENT_3D ( 'NONE', #10192, #10208, #10209 ) ;
#6202 = AXIS2_PLACEMENT_3D ( 'NONE', #10206, #10205, #10189 ) ;
#6203 = AXIS2_PLACEMENT_3D ( 'NONE', #10200, #10087, #10204 ) ;
#6204 = AXIS2_PLACEMENT_3D ( 'NONE', #10198, #10161, #10201 ) ;
#6205 = AXIS2_PLACEMENT_3D ( 'NONE', #10197, #10196, #10195 ) ;
#6206 = AXIS2_PLACEMENT_3D ( 'NONE', #10160, #10172, #10183 ) ;
#6207 = AXIS2_PLACEMENT_3D ( 'NONE', #10184, #10173, #10085 ) ;
#6208 = AXIS2_PLACEMENT_3D ( 'NONE', #9655, #9659, #10294 ) ;
#6209 = AXIS2_PLACEMENT_3D ( 'NONE', #9645, #9644, #9638 ) ;
#6210 = AXIS2_PLACEMENT_3D ( 'NONE', #9669, #9927, #10425 ) ;
#6211 = AXIS2_PLACEMENT_3D ( 'NONE', #10421, #10420, #10418 ) ;
#6212 = AXIS2_PLACEMENT_3D ( 'NONE', #9841, #9840, #9769 ) ;
#6213 = AXIS2_PLACEMENT_3D ( 'NONE', #10149, #9855, #10147 ) ;
#6214 = AXIS2_PLACEMENT_3D ( 'NONE', #10240, #10239, #10237 ) ;
#6215 = AXIS2_PLACEMENT_3D ( 'NONE', #10234, #10233, #10232 ) ;
#6216 = AXIS2_PLACEMENT_3D ( 'NONE', #10221, #10220, #10219 ) ;
#6217 = AXIS2_PLACEMENT_3D ( 'NONE', #9630, #9856, #9656 ) ;
#6218 = AXIS2_PLACEMENT_3D ( 'NONE', #9631, #9648, #9456 ) ;
#6219 = AXIS2_PLACEMENT_3D ( 'NONE', #9671, #9667, #9587 ) ;
#6220 = AXIS2_PLACEMENT_3D ( 'NONE', #9588, #9597, #9596 ) ;
#6221 = AXIS2_PLACEMENT_3D ( 'NONE', #9611, #9610, #9613 ) ;
#6222 = AXIS2_PLACEMENT_3D ( 'NONE', #9616, #9472, #9618 ) ;
#6223 = AXIS2_PLACEMENT_3D ( 'NONE', #5200, #5168, #5165 ) ;
#6224 = AXIS2_PLACEMENT_3D ( 'NONE', #5195, #5169, #5201 ) ;
#6225 = AXIS2_PLACEMENT_3D ( 'NONE', #9190, #9191, #11305 ) ;
#6226 = AXIS2_PLACEMENT_3D ( 'NONE', #6491, #6492, #6493 ) ;
#6227 = AXIS2_PLACEMENT_3D ( 'NONE', #6496, #6497, #6498 ) ;
#6228 = AXIS2_PLACEMENT_3D ( 'NONE', #6504, #6505, #6506 ) ;
#6229 = AXIS2_PLACEMENT_3D ( 'NONE', #6510, #6511, #6512 ) ;
#6230 = AXIS2_PLACEMENT_3D ( 'NONE', #6516, #6517, #6518 ) ;
#6231 = AXIS2_PLACEMENT_3D ( 'NONE', #6571, #6572, #6573 ) ;
#6232 = AXIS2_PLACEMENT_3D ( 'NONE', #6578, #6579, #6580 ) ;
#6233 = AXIS2_PLACEMENT_3D ( 'NONE', #6583, #6584, #6585 ) ;
#6234 = AXIS2_PLACEMENT_3D ( 'NONE', #6612, #6613, #6614 ) ;
#6235 = AXIS2_PLACEMENT_3D ( 'NONE', #6619, #6620, #6621 ) ;
#6236 = AXIS2_PLACEMENT_3D ( 'NONE', #6623, #6624, #6625 ) ;
#6237 = AXIS2_PLACEMENT_3D ( 'NONE', #6630, #6631, #6632 ) ;
#6238 = AXIS2_PLACEMENT_3D ( 'NONE', #6636, #6637, #6638 ) ;
#6239 = AXIS2_PLACEMENT_3D ( 'NONE', #6649, #6650, #6651 ) ;
#6240 = AXIS2_PLACEMENT_3D ( 'NONE', #6655, #6656, #6657 ) ;
#6241 = AXIS2_PLACEMENT_3D ( 'NONE', #6660, #6661, #6662 ) ;
#6242 = AXIS2_PLACEMENT_3D ( 'NONE', #6711, #6712, #6713 ) ;
#6243 = AXIS2_PLACEMENT_3D ( 'NONE', #6770, #6771, #6772 ) ;
#6244 = AXIS2_PLACEMENT_3D ( 'NONE', #6840, #6841, #6842 ) ;
#6245 = AXIS2_PLACEMENT_3D ( 'NONE', #6849, #6850, #6851 ) ;
#6246 = AXIS2_PLACEMENT_3D ( 'NONE', #6852, #6853, #6854 ) ;
#6247 = AXIS2_PLACEMENT_3D ( 'NONE', #6859, #6860, #6861 ) ;
#6248 = AXIS2_PLACEMENT_3D ( 'NONE', #6863, #6864, #6865 ) ;
#6249 = AXIS2_PLACEMENT_3D ( 'NONE', #6868, #6869, #6870 ) ;
#6250 = AXIS2_PLACEMENT_3D ( 'NONE', #6878, #6879, #6880 ) ;
#6251 = AXIS2_PLACEMENT_3D ( 'NONE', #6883, #6884, #6885 ) ;
#6252 = AXIS2_PLACEMENT_3D ( 'NONE', #6887, #6888, #6889 ) ;
#6253 = AXIS2_PLACEMENT_3D ( 'NONE', #6897, #6898, #6899 ) ;
#6254 = AXIS2_PLACEMENT_3D ( 'NONE', #6905, #6906, #6907 ) ;
#6255 = AXIS2_PLACEMENT_3D ( 'NONE', #6909, #6910, #6911 ) ;
#6256 = AXIS2_PLACEMENT_3D ( 'NONE', #6914, #6915, #6916 ) ;
#6257 = AXIS2_PLACEMENT_3D ( 'NONE', #6921, #6922, #6923 ) ;
#6258 = AXIS2_PLACEMENT_3D ( 'NONE', #6933, #6934, #6935 ) ;
#6259 = AXIS2_PLACEMENT_3D ( 'NONE', #6937, #6938, #6939 ) ;
#6260 = AXIS2_PLACEMENT_3D ( 'NONE', #6942, #6943, #6944 ) ;
#6261 = AXIS2_PLACEMENT_3D ( 'NONE', #6946, #6947, #6948 ) ;
#6262 = AXIS2_PLACEMENT_3D ( 'NONE', #6951, #6952, #6953 ) ;
#6263 = AXIS2_PLACEMENT_3D ( 'NONE', #6956, #6957, #6958 ) ;
#6264 = AXIS2_PLACEMENT_3D ( 'NONE', #6961, #6962, #6963 ) ;
#6265 = AXIS2_PLACEMENT_3D ( 'NONE', #6986, #6987, #6988 ) ;
#6266 = AXIS2_PLACEMENT_3D ( 'NONE', #6990, #6991, #6992 ) ;
#6267 = AXIS2_PLACEMENT_3D ( 'NONE', #6993, #6994, #6995 ) ;
#6268 = AXIS2_PLACEMENT_3D ( 'NONE', #6997, #6998, #6999 ) ;
#6269 = AXIS2_PLACEMENT_3D ( 'NONE', #7001, #7002, #7003 ) ;
#6270 = AXIS2_PLACEMENT_3D ( 'NONE', #7006, #7007, #7008 ) ;
#6271 = AXIS2_PLACEMENT_3D ( 'NONE', #7013, #7014, #7015 ) ;
#6272 = AXIS2_PLACEMENT_3D ( 'NONE', #7016, #7017, #7018 ) ;
#6273 = AXIS2_PLACEMENT_3D ( 'NONE', #7023, #7024, #7025 ) ;
#6274 = AXIS2_PLACEMENT_3D ( 'NONE', #7028, #7029, #7030 ) ;
#6275 = AXIS2_PLACEMENT_3D ( 'NONE', #7039, #7040, #7041 ) ;
#6276 = AXIS2_PLACEMENT_3D ( 'NONE', #7042, #7043, #7044 ) ;
#6277 = AXIS2_PLACEMENT_3D ( 'NONE', #7047, #7048, #7049 ) ;
#6278 = AXIS2_PLACEMENT_3D ( 'NONE', #7050, #7051, #7052 ) ;
#6279 = AXIS2_PLACEMENT_3D ( 'NONE', #7055, #7056, #7057 ) ;
#6280 = AXIS2_PLACEMENT_3D ( 'NONE', #7062, #7063, #7064 ) ;
#6281 = AXIS2_PLACEMENT_3D ( 'NONE', #7065, #7066, #7067 ) ;
#6282 = AXIS2_PLACEMENT_3D ( 'NONE', #7068, #7069, #7070 ) ;
#6283 = AXIS2_PLACEMENT_3D ( 'NONE', #7071, #7072, #7073 ) ;
#6284 = AXIS2_PLACEMENT_3D ( 'NONE', #7074, #7075, #7076 ) ;
#6285 = AXIS2_PLACEMENT_3D ( 'NONE', #7077, #7078, #7079 ) ;
#6286 = AXIS2_PLACEMENT_3D ( 'NONE', #7080, #7081, #7082 ) ;
#6287 = AXIS2_PLACEMENT_3D ( 'NONE', #7083, #7084, #7085 ) ;
#6288 = AXIS2_PLACEMENT_3D ( 'NONE', #7086, #7087, #7088 ) ;
#6289 = AXIS2_PLACEMENT_3D ( 'NONE', #7089, #7090, #7091 ) ;
#6290 = AXIS2_PLACEMENT_3D ( 'NONE', #7092, #7093, #7094 ) ;
#6291 = AXIS2_PLACEMENT_3D ( 'NONE', #7097, #7098, #7099 ) ;
#6292 = AXIS2_PLACEMENT_3D ( 'NONE', #7101, #7102, #7103 ) ;
#6293 = AXIS2_PLACEMENT_3D ( 'NONE', #7105, #7106, #7107 ) ;
#6294 = AXIS2_PLACEMENT_3D ( 'NONE', #7109, #7110, #7111 ) ;
#6295 = AXIS2_PLACEMENT_3D ( 'NONE', #7112, #7113, #7114 ) ;
#6296 = AXIS2_PLACEMENT_3D ( 'NONE', #7115, #7116, #7117 ) ;
#6297 = AXIS2_PLACEMENT_3D ( 'NONE', #7119, #7120, #7121 ) ;
#6298 = AXIS2_PLACEMENT_3D ( 'NONE', #7122, #7123, #7124 ) ;
#6299 = AXIS2_PLACEMENT_3D ( 'NONE', #7125, #7126, #7127 ) ;
#6300 = AXIS2_PLACEMENT_3D ( 'NONE', #7128, #7129, #7130 ) ;
#6301 = AXIS2_PLACEMENT_3D ( 'NONE', #7131, #7132, #7133 ) ;
#6302 = AXIS2_PLACEMENT_3D ( 'NONE', #7136, #7137, #7138 ) ;
#6303 = AXIS2_PLACEMENT_3D ( 'NONE', #7141, #7142, #7143 ) ;
#6304 = AXIS2_PLACEMENT_3D ( 'NONE', #7161, #7162, #7163 ) ;
#6305 = AXIS2_PLACEMENT_3D ( 'NONE', #7173, #7174, #7175 ) ;
#6306 = AXIS2_PLACEMENT_3D ( 'NONE', #7192, #7193, #7194 ) ;
#6307 = AXIS2_PLACEMENT_3D ( 'NONE', #7195, #7196, #7197 ) ;
#6308 = AXIS2_PLACEMENT_3D ( 'NONE', #7198, #7199, #7200 ) ;
#6309 = AXIS2_PLACEMENT_3D ( 'NONE', #7201, #7202, #7203 ) ;
#6310 = AXIS2_PLACEMENT_3D ( 'NONE', #7205, #7206, #7207 ) ;
#6311 = AXIS2_PLACEMENT_3D ( 'NONE', #7209, #7210, #7211 ) ;
#6312 = AXIS2_PLACEMENT_3D ( 'NONE', #7213, #7214, #7215 ) ;
#6313 = AXIS2_PLACEMENT_3D ( 'NONE', #7217, #7218, #7219 ) ;
#6314 = AXIS2_PLACEMENT_3D ( 'NONE', #7220, #7221, #7222 ) ;
#6315 = AXIS2_PLACEMENT_3D ( 'NONE', #7223, #7224, #7225 ) ;
#6316 = AXIS2_PLACEMENT_3D ( 'NONE', #7228, #7229, #7230 ) ;
#6317 = AXIS2_PLACEMENT_3D ( 'NONE', #7253, #7254, #7255 ) ;
#6318 = AXIS2_PLACEMENT_3D ( 'NONE', #7257, #7258, #7259 ) ;
#6319 = AXIS2_PLACEMENT_3D ( 'NONE', #7262, #7263, #7264 ) ;
#6320 = AXIS2_PLACEMENT_3D ( 'NONE', #7270, #7271, #7272 ) ;
#6321 = AXIS2_PLACEMENT_3D ( 'NONE', #7275, #7276, #7277 ) ;
#6322 = AXIS2_PLACEMENT_3D ( 'NONE', #7289, #7290, #7291 ) ;
#6323 = AXIS2_PLACEMENT_3D ( 'NONE', #7293, #7294, #7296 ) ;
#6324 = AXIS2_PLACEMENT_3D ( 'NONE', #7304, #7305, #7306 ) ;
#6325 = AXIS2_PLACEMENT_3D ( 'NONE', #7308, #7309, #7311 ) ;
#6326 = AXIS2_PLACEMENT_3D ( 'NONE', #7315, #7316, #7317 ) ;
#6327 = AXIS2_PLACEMENT_3D ( 'NONE', #7320, #7321, #7322 ) ;
#6328 = AXIS2_PLACEMENT_3D ( 'NONE', #7324, #7325, #7326 ) ;
#6329 = AXIS2_PLACEMENT_3D ( 'NONE', #7336, #7337, #7338 ) ;
#6330 = AXIS2_PLACEMENT_3D ( 'NONE', #7341, #7342, #7343 ) ;
#6331 = AXIS2_PLACEMENT_3D ( 'NONE', #7344, #7345, #7346 ) ;
#6332 = AXIS2_PLACEMENT_3D ( 'NONE', #7351, #7352, #7353 ) ;
#6333 = AXIS2_PLACEMENT_3D ( 'NONE', #7354, #7355, #7356 ) ;
#6334 = AXIS2_PLACEMENT_3D ( 'NONE', #7361, #7362, #7363 ) ;
#6335 = AXIS2_PLACEMENT_3D ( 'NONE', #7366, #7367, #7368 ) ;
#6336 = AXIS2_PLACEMENT_3D ( 'NONE', #7371, #7372, #7373 ) ;
#6337 = AXIS2_PLACEMENT_3D ( 'NONE', #7384, #7385, #7386 ) ;
#6338 = AXIS2_PLACEMENT_3D ( 'NONE', #4381, #4382, #4383 ) ;
#6339 = AXIS2_PLACEMENT_3D ( 'NONE', #4384, #4385, #4386 ) ;
#6340 = AXIS2_PLACEMENT_3D ( 'NONE', #4388, #4389, #4390 ) ;
#6341 = AXIS2_PLACEMENT_3D ( 'NONE', #4392, #4393, #4394 ) ;
#6342 = AXIS2_PLACEMENT_3D ( 'NONE', #4400, #4401, #4402 ) ;
#6343 = AXIS2_PLACEMENT_3D ( 'NONE', #4409, #4410, #4411 ) ;
#6344 = AXIS2_PLACEMENT_3D ( 'NONE', #4415, #4416, #4417 ) ;
#6345 = AXIS2_PLACEMENT_3D ( 'NONE', #4434, #4435, #4436 ) ;
#6346 = CIRCLE ( 'NONE', #6216, 0.5000000000000022200 ) ;
#6347 = LINE ( 'NONE', #10224, #9418 ) ;
#6348 = LINE ( 'NONE', #9641, #6435 ) ;
#6349 = LINE ( 'NONE', #10222, #6350 ) ;
#6350 = VECTOR ( 'NONE', #10236, 1000.000000000000000 ) ;
#6351 = EDGE_CURVE ( 'NONE', #6056, #3713, #1967, .T. ) ;
#6352 = EDGE_CURVE ( 'NONE', #6118, #5824, #1966, .T. ) ;
#6353 = EDGE_CURVE ( 'NONE', #6487, #3696, #1934, .T. ) ;
#6354 = EDGE_CURVE ( 'NONE', #3666, #3713, #1961, .T. ) ;
#6355 = VERTEX_POINT ( 'NONE', #4855 ) ;
#6356 = VERTEX_POINT ( 'NONE', #4858 ) ;
#6357 = VERTEX_POINT ( 'NONE', #4859 ) ;
#6358 = VERTEX_POINT ( 'NONE', #4860 ) ;
#6359 = VERTEX_POINT ( 'NONE', #4861 ) ;
#6360 = VERTEX_POINT ( 'NONE', #4862 ) ;
#6361 = VERTEX_POINT ( 'NONE', #4857 ) ;
#6362 = VERTEX_POINT ( 'NONE', #4863 ) ;
#6363 = VERTEX_POINT ( 'NONE', #4864 ) ;
#6364 = VERTEX_POINT ( 'NONE', #4850 ) ;
#6365 = VERTEX_POINT ( 'NONE', #4865 ) ;
#6366 = VERTEX_POINT ( 'NONE', #4846 ) ;
#6367 = VERTEX_POINT ( 'NONE', #4866 ) ;
#6368 = VERTEX_POINT ( 'NONE', #4867 ) ;
#6369 = VERTEX_POINT ( 'NONE', #4868 ) ;
#6370 = VERTEX_POINT ( 'NONE', #4869 ) ;
#6371 = VERTEX_POINT ( 'NONE', #4870 ) ;
#6372 = VERTEX_POINT ( 'NONE', #4871 ) ;
#6373 = VERTEX_POINT ( 'NONE', #4872 ) ;
#6374 = VERTEX_POINT ( 'NONE', #4873 ) ;
#6375 = VERTEX_POINT ( 'NONE', #4874 ) ;
#6376 = VERTEX_POINT ( 'NONE', #4875 ) ;
#6377 = VERTEX_POINT ( 'NONE', #4876 ) ;
#6378 = VERTEX_POINT ( 'NONE', #4877 ) ;
#6379 = VERTEX_POINT ( 'NONE', #4878 ) ;
#6380 = VERTEX_POINT ( 'NONE', #4879 ) ;
#6381 = EDGE_CURVE ( 'NONE', #3171, #3745, #1973, .T. ) ;
#6382 = EDGE_CURVE ( 'NONE', #3768, #3764, #9169, .T. ) ;
#6383 = EDGE_CURVE ( 'NONE', #3828, #3698, #1969, .T. ) ;
#6384 = EDGE_CURVE ( 'NONE', #3672, #3768, #9168, .T. ) ;
#6385 = EDGE_CURVE ( 'NONE', #3672, #3876, #9167, .T. ) ;
#6386 = EDGE_CURVE ( 'NONE', #3764, #3768, #9166, .T. ) ;
#6387 = EDGE_CURVE ( 'NONE', #3876, #3764, #9165, .T. ) ;
#6388 = EDGE_CURVE ( 'NONE', #3906, #3624, #1972, .T. ) ;
#6389 = EDGE_CURVE ( 'NONE', #3938, #3957, #1975, .T. ) ;
#6390 = EDGE_CURVE ( 'NONE', #6050, #3828, #1970, .T. ) ;
#6391 = EDGE_CURVE ( 'NONE', #3938, #3724, #1964, .T. ) ;
#6392 = EDGE_CURVE ( 'NONE', #3908, #3938, #1979, .T. ) ;
#6393 = EDGE_CURVE ( 'NONE', #6477, #6473, #1981, .T. ) ;
#6394 = EDGE_CURVE ( 'NONE', #3908, #3685, #1983, .T. ) ;
#6395 = EDGE_CURVE ( 'NONE', #3725, #3903, #1984, .T. ) ;
#6396 = EDGE_CURVE ( 'NONE', #3957, #3867, #1977, .T. ) ;
#6397 = EDGE_CURVE ( 'NONE', #3711, #3725, #1987, .T. ) ;
#6398 = EDGE_CURVE ( 'NONE', #3711, #3821, #1989, .T. ) ;
#6399 = EDGE_CURVE ( 'NONE', #3951, #3771, #1986, .T. ) ;
#6400 = EDGE_CURVE ( 'NONE', #3841, #3771, #1992, .T. ) ;
#6401 = EDGE_CURVE ( 'NONE', #5918, #3841, #1991, .T. ) ;
#6402 = EDGE_CURVE ( 'NONE', #5918, #3951, #1995, .T. ) ;
#6403 = EDGE_CURVE ( 'NONE', #3874, #3754, #1997, .T. ) ;
#6404 = EDGE_CURVE ( 'NONE', #3824, #3710, #1999, .T. ) ;
#6405 = EDGE_CURVE ( 'NONE', #3681, #3716, #2001, .T. ) ;
#6406 = EDGE_CURVE ( 'NONE', #3976, #3805, #2002, .T. ) ;
#6407 = EDGE_CURVE ( 'NONE', #3819, #3711, #2003, .T. ) ;
#6408 = EDGE_CURVE ( 'NONE', #3791, #3805, #2004, .T. ) ;
#6409 = EDGE_CURVE ( 'NONE', #3872, #3751, #1994, .T. ) ;
#6410 = EDGE_CURVE ( 'NONE', #3824, #3751, #2008, .T. ) ;
#6411 = EDGE_CURVE ( 'NONE', #3890, #3735, #2006, .T. ) ;
#6412 = EDGE_CURVE ( 'NONE', #3734, #3902, #2009, .T. ) ;
#6413 = EDGE_CURVE ( 'NONE', #3791, #3758, #2011, .T. ) ;
#6414 = EDGE_CURVE ( 'NONE', #3895, #3939, #2013, .T. ) ;
#6415 = EDGE_CURVE ( 'NONE', #6365, #3669, #2016, .T. ) ;
#6416 = EDGE_CURVE ( 'NONE', #3919, #3852, #2017, .T. ) ;
#6417 = EDGE_CURVE ( 'NONE', #6441, #6481, #2018, .T. ) ;
#6418 = EDGE_CURVE ( 'NONE', #3890, #3840, #9164, .T. ) ;
#6419 = EDGE_CURVE ( 'NONE', #3710, #3872, #2020, .T. ) ;
#6420 = EDGE_CURVE ( 'NONE', #3776, #3791, #2019, .T. ) ;
#6421 = EDGE_CURVE ( 'NONE', #3902, #3667, #2022, .T. ) ;
#6422 = EDGE_CURVE ( 'NONE', #3840, #3829, #2024, .T. ) ;
#6423 = EDGE_CURVE ( 'NONE', #3734, #3982, #2025, .T. ) ;
#6424 = EDGE_CURVE ( 'NONE', #3735, #3829, #2027, .T. ) ;
#6425 = EDGE_CURVE ( 'NONE', #3966, #3694, #2028, .T. ) ;
#6426 = EDGE_CURVE ( 'NONE', #3964, #3832, #2029, .T. ) ;
#6427 = EDGE_CURVE ( 'NONE', #3821, #3903, #2031, .T. ) ;
#6428 = EDGE_CURVE ( 'NONE', #3756, #3785, #2033, .T. ) ;
#6429 = EDGE_CURVE ( 'NONE', #3912, #3794, #2035, .T. ) ;
#6430 = EDGE_CURVE ( 'NONE', #3828, #3756, #2037, .T. ) ;
#6431 = EDGE_CURVE ( 'NONE', #3785, #3964, #2039, .T. ) ;
#6432 = EDGE_CURVE ( 'NONE', #3982, #3667, #2040, .T. ) ;
#6433 = EDGE_CURVE ( 'NONE', #6458, #6482, #2041, .T. ) ;
#6434 = EDGE_CURVE ( 'NONE', #6479, #6484, #2043, .T. ) ;
#6435 = VECTOR ( 'NONE', #9868, 1000.000000000000000 ) ;
#6436 = VERTEX_POINT ( 'NONE', #5074 ) ;
#6437 = VERTEX_POINT ( 'NONE', #5083 ) ;
#6438 = VERTEX_POINT ( 'NONE', #5088 ) ;
#6439 = VERTEX_POINT ( 'NONE', #5089 ) ;
#6440 = VERTEX_POINT ( 'NONE', #5079 ) ;
#6441 = VERTEX_POINT ( 'NONE', #5090 ) ;
#6442 = VERTEX_POINT ( 'NONE', #5078 ) ;
#6443 = VERTEX_POINT ( 'NONE', #5091 ) ;
#6444 = VERTEX_POINT ( 'NONE', #5092 ) ;
#6445 = VERTEX_POINT ( 'NONE', #5093 ) ;
#6446 = VERTEX_POINT ( 'NONE', #5084 ) ;
#6447 = VERTEX_POINT ( 'NONE', #5094 ) ;
#6448 = VERTEX_POINT ( 'NONE', #5095 ) ;
#6449 = VERTEX_POINT ( 'NONE', #5096 ) ;
#6450 = VERTEX_POINT ( 'NONE', #5097 ) ;
#6451 = VERTEX_POINT ( 'NONE', #5098 ) ;
#6452 = VERTEX_POINT ( 'NONE', #5099 ) ;
#6453 = VERTEX_POINT ( 'NONE', #5100 ) ;
#6454 = VERTEX_POINT ( 'NONE', #5101 ) ;
#6455 = VERTEX_POINT ( 'NONE', #5102 ) ;
#6456 = VERTEX_POINT ( 'NONE', #5103 ) ;
#6457 = VERTEX_POINT ( 'NONE', #5104 ) ;
#6458 = VERTEX_POINT ( 'NONE', #5105 ) ;
#6459 = VERTEX_POINT ( 'NONE', #5106 ) ;
#6460 = VERTEX_POINT ( 'NONE', #5107 ) ;
#6461 = VERTEX_POINT ( 'NONE', #5108 ) ;
#6462 = VERTEX_POINT ( 'NONE', #5109 ) ;
#6463 = VERTEX_POINT ( 'NONE', #5110 ) ;
#6464 = VERTEX_POINT ( 'NONE', #5111 ) ;
#6465 = VERTEX_POINT ( 'NONE', #5112 ) ;
#6466 = VERTEX_POINT ( 'NONE', #5113 ) ;
#6467 = VERTEX_POINT ( 'NONE', #5114 ) ;
#6468 = VERTEX_POINT ( 'NONE', #5115 ) ;
#6469 = VERTEX_POINT ( 'NONE', #5116 ) ;
#6470 = VERTEX_POINT ( 'NONE', #5117 ) ;
#6471 = VERTEX_POINT ( 'NONE', #5118 ) ;
#6472 = VERTEX_POINT ( 'NONE', #5119 ) ;
#6473 = VERTEX_POINT ( 'NONE', #5120 ) ;
#6474 = VERTEX_POINT ( 'NONE', #5121 ) ;
#6475 = VERTEX_POINT ( 'NONE', #5122 ) ;
#6476 = VERTEX_POINT ( 'NONE', #5123 ) ;
#6477 = VERTEX_POINT ( 'NONE', #5124 ) ;
#6478 = VERTEX_POINT ( 'NONE', #5125 ) ;
#6479 = VERTEX_POINT ( 'NONE', #5126 ) ;
#6480 = VERTEX_POINT ( 'NONE', #5127 ) ;
#6481 = VERTEX_POINT ( 'NONE', #5128 ) ;
#6482 = VERTEX_POINT ( 'NONE', #5129 ) ;
#6483 = VERTEX_POINT ( 'NONE', #5130 ) ;
#6484 = VERTEX_POINT ( 'NONE', #5131 ) ;
#6485 = VERTEX_POINT ( 'NONE', #5132 ) ;
#6486 = VERTEX_POINT ( 'NONE', #5133 ) ;
#6487 = VERTEX_POINT ( 'NONE', #5134 ) ;
#6488 = VERTEX_POINT ( 'NONE', #5135 ) ;
#6489 = VERTEX_POINT ( 'NONE', #5136 ) ;
#6490 = VERTEX_POINT ( 'NONE', #5137 ) ;
#6491 = CARTESIAN_POINT ( 'NONE',  ( 2.780463044020562400, 0.0000000000000000000, -10.39774018625500000 ) ) ;
#6492 = DIRECTION ( 'NONE',  ( 0.0000000000000000000, -1.000000000000000000, 0.0000000000000000000 ) ) ;
#6493 = DIRECTION ( 'NONE',  ( 0.0000000000000000000, 0.0000000000000000000, -1.000000000000000000 ) ) ;
#6494 = CARTESIAN_POINT ( 'NONE',  ( 10.79999999999999900, -1.199040866595169100E-015, 2.267999999999999300 ) ) ;
#6495 = CARTESIAN_POINT ( 'NONE',  ( 1.914437640236120700, 0.0000000000000000000, -10.89774018625500000 ) ) ;
#6496 = CARTESIAN_POINT ( 'NONE',  ( 0.0000000000000000000, 0.0000000000000000000, 4.063999999999998300 ) ) ;
#6497 = DIRECTION ( 'NONE',  ( -0.0000000000000000000, -0.0000000000000000000, -1.000000000000000000 ) ) ;
#6498 = DIRECTION ( 'NONE',  ( 1.000000000000000000, -1.110223024625156800E-016, 0.0000000000000000000 ) ) ;
#6499 = DIRECTION ( 'NONE',  ( 0.4999999999999996100, -0.0000000000000000000, -0.8660254037844388200 ) ) ;
#6500 = DIRECTION ( 'NONE',  ( 0.0000000000000000000, 0.0000000000000000000, 1.000000000000000000 ) ) ;
#6501 = CARTESIAN_POINT ( 'NONE',  ( -12.70455909487750300, 1.410489402484394600E-015, 4.317999999999998700 ) ) ;
#6502 = CARTESIAN_POINT ( 'NONE',  ( -12.74882585400891900, 5.020031748376391700E-014, 4.292442574699326700 ) ) ;
#6503 = CARTESIAN_POINT ( 'NONE',  ( -12.74524328075449600, 0.4983244103704114700, 4.294510974332152600 ) ) ;
#6504 = CARTESIAN_POINT ( 'NONE',  ( -7.469536955979453600, 0.0000000000000000000, 7.355780591326023900 ) ) ;
#6505 = DIRECTION ( 'NONE',  ( 0.0000000000000000000, -1.000000000000000000, 0.0000000000000000000 ) ) ;
#6506 = DIRECTION ( 'NONE',  ( 0.0000000000000000000, 0.0000000000000000000, -1.000000000000000000 ) ) ;
#6507 = DIRECTION ( 'NONE',  ( -0.8660254037844359300, 9.614813431917792000E-017, -0.5000000000000046600 ) ) ;
#6508 = CARTESIAN_POINT ( 'NONE',  ( -12.71255075583963600, 0.9952194228658732800, 4.296575184710195400 ) ) ;
#6509 = CARTESIAN_POINT ( 'NONE',  ( -12.65057607142845900, 1.490676581623849600, 4.298635149398658800 ) ) ;
#6510 = CARTESIAN_POINT ( 'NONE',  ( 0.0000000000000000000, 0.0000000000000000000, 0.0000000000000000000 ) ) ;
#6511 = DIRECTION ( 'NONE',  ( -0.0000000000000000000, -1.000000000000000000, -0.0000000000000000000 ) ) ;
#6512 = DIRECTION ( 'NONE',  ( 0.0000000000000000000, 0.0000000000000000000, 1.000000000000000000 ) ) ;
#6513 = DIRECTION ( 'NONE',  ( -0.4999999999999998900, 1.167434911886254800E-016, 0.8660254037844387100 ) ) ;
#6514 = CARTESIAN_POINT ( 'NONE',  ( 13.14284326979420600, -2.556497649636125300E-015, -0.07492863576837662000 ) ) ;
#6515 = CARTESIAN_POINT ( 'NONE',  ( 13.14134313787215500, 0.4302250271731079000, -0.07752694047542109400 ) ) ;
#6516 = CARTESIAN_POINT ( 'NONE',  ( 11.00000000000000400, 7.859999999999998500, 0.0000000000000000000 ) ) ;
#6517 = DIRECTION ( 'NONE',  ( -0.0000000000000000000, 1.000000000000000000, -0.0000000000000000000 ) ) ;
#6518 = DIRECTION ( 'NONE',  ( 0.0000000000000000000, 0.0000000000000000000, 1.000000000000000000 ) ) ;
#6519 = CARTESIAN_POINT ( 'NONE',  ( 13.11858212909608500, 0.8615119591912011600, -0.08013255584486389500 ) ) ;
#6520 = CARTESIAN_POINT ( 'NONE',  ( 13.03148717973500600, 1.715075007287981000, -0.08529109929701607400 ) ) ;
#6521 = CARTESIAN_POINT ( 'NONE',  ( 12.96739964884773100, 2.136746901410948100, -0.08784036780281667700 ) ) ;
#6522 = CARTESIAN_POINT ( 'NONE',  ( 12.71518259032278800, 3.386848061807799800, -0.09540048945609844200 ) ) ;
#6523 = CARTESIAN_POINT ( 'NONE',  ( 12.46766589580606100, 4.200503929610619000, -0.1003245133483732100 ) ) ;
#6524 = CARTESIAN_POINT ( 'NONE',  ( 11.80893185894737500, 5.787092818629476600, -0.1099320633039763300 ) ) ;
#6525 = CARTESIAN_POINT ( 'NONE',  ( 11.40107731483104600, 6.549138091041142800, -0.1143791107082175300 ) ) ;
#6526 = CARTESIAN_POINT ( 'NONE',  ( 10.44412366734499100, 7.978396869670183900, -0.1237038116843752200 ) ) ;
#6527 = CARTESIAN_POINT ( 'NONE',  ( 9.903358073435525100, 8.635269716612331300, -0.1285204658917905000 ) ) ;
#6528 = CARTESIAN_POINT ( 'NONE',  ( 9.002019948921303100, 9.536951590684319400, -0.1359698809737308100 ) ) ;
#6529 = CARTESIAN_POINT ( 'NONE',  ( 8.686433049314445000, 9.823473028364524900, -0.1384906907194226000 ) ) ;
#6530 = CARTESIAN_POINT ( 'NONE',  ( 8.024198532585911500, 10.36771520879663700, -0.1436097025007097000 ) ) ;
#6531 = CARTESIAN_POINT ( 'NONE',  ( 7.677331162930849800, 10.62531027269367500, -0.1462086863379285800 ) ) ;
#6532 = CARTESIAN_POINT ( 'NONE',  ( 6.606587722334877500, 11.34138161012187500, -0.1539946859083480600 ) ) ;
#6533 = CARTESIAN_POINT ( 'NONE',  ( 5.841851024478838600, 11.74968750324850000, -0.1592468508050315600 ) ) ;
#6534 = CARTESIAN_POINT ( 'NONE',  ( 4.268389802892196300, 12.40195043989010600, -0.1694909151575823300 ) ) ;
#6535 = CARTESIAN_POINT ( 'NONE',  ( 3.455744857495805200, 12.64975382209243200, -0.1745149877162457100 ) ) ;
#6536 = CARTESIAN_POINT ( 'NONE',  ( 2.197355001203977300, 12.90230153117258300, -0.1819014071942563800 ) ) ;
#6537 = CARTESIAN_POINT ( 'NONE',  ( 1.770037384578793800, 12.96647272532492300, -0.1843449009938718200 ) ) ;
#6538 = CARTESIAN_POINT ( 'NONE',  ( 0.9149137731120337000, 13.05195327893065400, -0.1891057254459123600 ) ) ;
#6539 = CARTESIAN_POINT ( 'NONE',  ( 0.4857625503668488400, 13.07365229068162500, -0.1914313114859911000 ) ) ;
#6540 = CARTESIAN_POINT ( 'NONE',  ( -0.3757423093890563400, 13.07465563615012800, -0.1959718025297877400 ) ) ;
#6541 = CARTESIAN_POINT ( 'NONE',  ( -0.8050376908070935300, 13.05388685796290500, -0.1982782632341219000 ) ) ;
#6542 = CARTESIAN_POINT ( 'NONE',  ( -1.660267001704809300, 12.97011730881340200, -0.2030236353238136200 ) ) ;
#6543 = CARTESIAN_POINT ( 'NONE',  ( -2.087644915416308100, 12.90674934837953100, -0.2054609695984353800 ) ) ;
#6544 = CARTESIAN_POINT ( 'NONE',  ( -3.347687496416742900, 12.65599631944172500, -0.2128433231950203600 ) ) ;
#6545 = CARTESIAN_POINT ( 'NONE',  ( -4.162519414181939000, 12.40869864497956100, -0.2178788005813011600 ) ) ;
#6546 = CARTESIAN_POINT ( 'NONE',  ( -5.347199226672094200, 11.91827941832656600, -0.2256025660291725300 ) ) ;
#6547 = CARTESIAN_POINT ( 'NONE',  ( -5.737261651948514900, 11.73390166289664200, -0.2282161318153009300 ) ) ;
#6548 = CARTESIAN_POINT ( 'NONE',  ( -6.495295900792027200, 11.32841601260238000, -0.2334404353379653800 ) ) ;
#6549 = CARTESIAN_POINT ( 'NONE',  ( -6.863390398039340900, 11.10749254099595600, -0.2360512490922481400 ) ) ;
#6550 = CARTESIAN_POINT ( 'NONE',  ( -7.577737016913860500, 10.62928909642813800, -0.2412701956094416600 ) ) ;
#6551 = CARTESIAN_POINT ( 'NONE',  ( -7.923951224437201900, 10.37174837629787700, -0.2438789317991783600 ) ) ;
#6552 = CARTESIAN_POINT ( 'NONE',  ( -8.583354160302301100, 9.829086750092113100, -0.2490079929895283000 ) ) ;
#6553 = CARTESIAN_POINT ( 'NONE',  ( -9.212813756748108300, 9.256922334606223000, -0.2540707276250477900 ) ) ;
#6554 = CARTESIAN_POINT ( 'NONE',  ( -9.783351398215973700, 8.626702868926258800, -0.2590027383316631500 ) ) ;
#6555 = CARTESIAN_POINT ( 'NONE',  ( -10.32405837065138800, 7.967091624548253900, -0.2638684163171430800 ) ) ;
#6556 = CARTESIAN_POINT ( 'NONE',  ( -10.58064734306398500, 7.620814427415876200, -0.2662795869405074600 ) ) ;
#6557 = CARTESIAN_POINT ( 'NONE',  ( -11.29521546071095100, 6.549199572759751400, -0.2733236918407028200 ) ) ;
#6558 = CARTESIAN_POINT ( 'NONE',  ( -11.69484459365483700, 5.798630580243282000, -0.2777175475575152700 ) ) ;
#6559 = CARTESIAN_POINT ( 'NONE',  ( -12.18196276780837900, 4.619863427930472900, -0.2848923974553256900 ) ) ;
#6560 = CARTESIAN_POINT ( 'NONE',  ( -12.32550169554704100, 4.218068660787111800, -0.2873387769128700800 ) ) ;
#6561 = CARTESIAN_POINT ( 'NONE',  ( -12.57380542125240900, 3.396213085319451900, -0.2923444523285298500 ) ) ;
#6562 = CARTESIAN_POINT ( 'NONE',  ( -12.67801401803880200, 2.977352224053001700, -0.2948964477375151700 ) ) ;
#6563 = CARTESIAN_POINT ( 'NONE',  ( -12.84379965243869400, 2.134545064603646100, -0.3000332025583264900 ) ) ;
#6564 = CARTESIAN_POINT ( 'NONE',  ( -12.90597615382179200, 1.707700878649989000, -0.3026356231884277900 ) ) ;
#6565 = CARTESIAN_POINT ( 'NONE',  ( -12.98751334859575700, 0.8524056678328798500, -0.3078520882796613200 ) ) ;
#6566 = CARTESIAN_POINT ( 'NONE',  ( -13.00686188737477200, 0.4257298843519832200, -0.3104552990012836600 ) ) ;
#6567 = CARTESIAN_POINT ( 'NONE',  ( -13.00536173694348800, 1.769468227751782300E-011, -0.3130536357682685000 ) ) ;
#6568 = CARTESIAN_POINT ( 'NONE',  ( -7.184773090682671900, 7.859999999999998500, -9.055607966083934800 ) ) ;
#6569 = CARTESIAN_POINT ( 'NONE',  ( -13.05418368287981700, 1.538235555314654300, 4.063999999999998300 ) ) ;
#6570 = CARTESIAN_POINT ( 'NONE',  ( -13.14449999999999400, 3.069069639857774400E-015, -0.07205909487751488400 ) ) ;
#6571 = CARTESIAN_POINT ( 'NONE',  ( 2.850223126611654200, 7.859999999999998500, -10.13739201368485100 ) ) ;
#6572 = DIRECTION ( 'NONE',  ( 0.0000000000000000000, 1.000000000000000000, 0.0000000000000000000 ) ) ;
#6573 = DIRECTION ( 'NONE',  ( 0.0000000000000000000, 0.0000000000000000000, 1.000000000000000000 ) ) ;
#6574 = CARTESIAN_POINT ( 'NONE',  ( -12.65057607142845900, 1.490676581623849600, 4.298635149398658800 ) ) ;
#6575 = DIRECTION ( 'NONE',  ( -0.8660254037844366000, -0.0000000000000000000, -0.5000000000000036600 ) ) ;
#6576 = CARTESIAN_POINT ( 'NONE',  ( 10.75679306876174100, 7.859999999999998500, -3.431312121600024000 ) ) ;
#6577 = DIRECTION ( 'NONE',  ( -0.8660254037844364900, 0.0000000000000000000, -0.5000000000000037700 ) ) ;
#6578 = CARTESIAN_POINT ( 'NONE',  ( -2.406793068761691400, 7.859999999999998500, -11.03131212160008300 ) ) ;
#6579 = DIRECTION ( 'NONE',  ( 0.0000000000000000000, 1.000000000000000000, 0.0000000000000000000 ) ) ;
#6580 = DIRECTION ( 'NONE',  ( 0.0000000000000000000, 0.0000000000000000000, 1.000000000000000000 ) ) ;
#6581 = CARTESIAN_POINT ( 'NONE',  ( 4.774477895763407500, 11.98074384331526700, -0.5079895394041346000 ) ) ;
#6582 = DIRECTION ( 'NONE',  ( 0.4999999999999998900, -5.551115123125782700E-017, 0.8660254037844387100 ) ) ;
#6583 = CARTESIAN_POINT ( 'NONE',  ( 0.0000000000000000000, 0.0000000000000000000, 3.352799999999999300 ) ) ;
#6584 = DIRECTION ( 'NONE',  ( 0.0000000000000000000, 0.0000000000000000000, 1.000000000000000000 ) ) ;
#6585 = DIRECTION ( 'NONE',  ( -1.000000000000000000, 1.110223024625156800E-016, 0.0000000000000000000 ) ) ;
#6586 = CARTESIAN_POINT ( 'NONE',  ( 4.463705940605605900, 12.09298637747595600, -0.5120000000011261100 ) ) ;
#6587 = CARTESIAN_POINT ( 'NONE',  ( 5.080290565051318400, 11.85682060168209500, -0.5039621865397288000 ) ) ;
#6588 = CARTESIAN_POINT ( 'NONE',  ( 5.682035056436879100, 11.58570155294080500, -0.4958739504677485100 ) ) ;
#6589 = CARTESIAN_POINT ( 'NONE',  ( 5.978346386713369900, 11.43821821111151500, -0.4918072670180999600 ) ) ;
#6590 = CARTESIAN_POINT ( 'NONE',  ( 6.842690807613519300, 10.96607901415580600, -0.4796932029117254000 ) ) ;
#6591 = CARTESIAN_POINT ( 'NONE',  ( 7.389540812514792600, 10.61060427614067700, -0.4716884865091518500 ) ) ;
#6592 = CARTESIAN_POINT ( 'NONE',  ( 8.425787737281881500, 9.820034348207700600, -0.4558180206888306500 ) ) ;
#6593 = CARTESIAN_POINT ( 'NONE',  ( 8.916266626347724200, 9.383823353389161100, -0.4479339612713222300 ) ) ;
#6594 = CARTESIAN_POINT ( 'NONE',  ( 9.832471205632456800, 8.432711076949207300, -0.4323870736089468500 ) ) ;
#6595 = CARTESIAN_POINT ( 'NONE',  ( 10.25174191403483800, 7.924848769756033000, -0.4248358016333442200 ) ) ;
#6596 = CARTESIAN_POINT ( 'NONE',  ( 11.01248338083970600, 6.844398056721042100, -0.4101756725005009100 ) ) ;
#6597 = CARTESIAN_POINT ( 'NONE',  ( 11.34698408480295300, 6.281432681112401700, -0.4033734401327363500 ) ) ;
#6598 = CARTESIAN_POINT ( 'NONE',  ( 11.92754783790237900, 5.114549271030955200, -0.3890324927538458800 ) ) ;
#6599 = CARTESIAN_POINT ( 'NONE',  ( 12.17379205064993300, 4.510230223433193700, -0.3816123198713869400 ) ) ;
#6600 = CARTESIAN_POINT ( 'NONE',  ( 12.47538908902883700, 3.571623617529450900, -0.3700997992727365600 ) ) ;
#6601 = CARTESIAN_POINT ( 'NONE',  ( 12.56467643347534700, 3.252679486269324900, -0.3661897655834634400 ) ) ;
#6602 = CARTESIAN_POINT ( 'NONE',  ( 12.71801903722504300, 2.611647757855667200, -0.3583353436910473600 ) ) ;
#6603 = CARTESIAN_POINT ( 'NONE',  ( 12.78239339948880700, 2.288739027851383500, -0.3543808752412124200 ) ) ;
#6604 = CARTESIAN_POINT ( 'NONE',  ( 12.88657400864910800, 1.638140847481546200, -0.3464176571564482300 ) ) ;
#6605 = CARTESIAN_POINT ( 'NONE',  ( 12.92643861710213400, 1.309395189121656400, -0.3423959984135891400 ) ) ;
#6606 = CARTESIAN_POINT ( 'NONE',  ( 12.98077162663048700, 0.6535887193178585600, -0.3343776070236703600 ) ) ;
#6607 = CARTESIAN_POINT ( 'NONE',  ( 12.99535854919009700, 0.3264305492397089900, -0.3303796651937411800 ) ) ;
#6608 = CARTESIAN_POINT ( 'NONE',  ( 12.99766040818511900, 2.464882070228256100E-011, -0.3263927284635555500 ) ) ;
#6609 = CARTESIAN_POINT ( 'NONE',  ( 2.406793068761695900, 7.859999999999998500, 11.03131212160007400 ) ) ;
#6610 = CARTESIAN_POINT ( 'NONE',  ( 10.63940248311157100, 1.855563203547426500, 8.037808214890210600 ) ) ;
#6611 = CARTESIAN_POINT ( 'NONE',  ( 13.14449999999999400, -1.459332654718536700E-015, -0.07205909487751488400 ) ) ;
#6612 = CARTESIAN_POINT ( 'NONE',  ( 10.75679306876174300, 7.859999999999998500, -3.431312121600024000 ) ) ;
#6613 = DIRECTION ( 'NONE',  ( 0.0000000000000000000, 1.000000000000000000, 0.0000000000000000000 ) ) ;
#6614 = DIRECTION ( 'NONE',  ( 0.0000000000000000000, 0.0000000000000000000, 1.000000000000000000 ) ) ;
#6615 = DIRECTION ( 'NONE',  ( 0.8660254037844364900, -0.0000000000000000000, 0.5000000000000038900 ) ) ;
#6616 = DIRECTION ( 'NONE',  ( 0.0000000000000000000, 0.0000000000000000000, -1.000000000000000000 ) ) ;
#6617 = DIRECTION ( 'NONE',  ( 0.5000000000000027800, -0.0000000000000000000, -0.8660254037844370400 ) ) ;
#6618 = CARTESIAN_POINT ( 'NONE',  ( 10.75679306876174100, 7.859999999999998500, -3.431312121600024000 ) ) ;
#6619 = CARTESIAN_POINT ( 'NONE',  ( 2.406793068761699400, 7.859999999999998500, 11.03131212160007200 ) ) ;
#6620 = DIRECTION ( 'NONE',  ( 0.0000000000000000000, 1.000000000000000000, 0.0000000000000000000 ) ) ;
#6621 = DIRECTION ( 'NONE',  ( 0.0000000000000000000, 0.0000000000000000000, 1.000000000000000000 ) ) ;
#6622 = CARTESIAN_POINT ( 'NONE',  ( 8.865674730968205400, 5.080000000000001000, 3.124200922583529200 ) ) ;
#6623 = CARTESIAN_POINT ( 'NONE',  ( 0.0000000000000000000, 0.0000000000000000000, -0.5119999999999985700 ) ) ;
#6624 = DIRECTION ( 'NONE',  ( -0.0000000000000000000, -0.0000000000000000000, -1.000000000000000000 ) ) ;
#6625 = DIRECTION ( 'NONE',  ( 1.000000000000000000, -1.110223024625156800E-016, 0.0000000000000000000 ) ) ;
#6626 = DIRECTION ( 'NONE',  ( -0.5000000000000028900, 0.0000000000000000000, 0.8660254037844370400 ) ) ;
#6627 = DIRECTION ( 'NONE',  ( 0.8746197071393966300, 0.0000000000000000000, -0.4848096202463355000 ) ) ;
#6628 = CARTESIAN_POINT ( 'NONE',  ( -2.406793068761691400, 7.859999999999998500, -11.03131212160007900 ) ) ;
#6629 = DIRECTION ( 'NONE',  ( 0.8660254037844366000, 0.0000000000000000000, 0.5000000000000036600 ) ) ;
#6630 = CARTESIAN_POINT ( 'NONE',  ( -10.75679306876173800, 7.859999999999998500, 3.431312121600013800 ) ) ;
#6631 = DIRECTION ( 'NONE',  ( 0.0000000000000000000, 1.000000000000000000, 0.0000000000000000000 ) ) ;
#6632 = DIRECTION ( 'NONE',  ( 0.0000000000000000000, 0.0000000000000000000, 1.000000000000000000 ) ) ;
#6633 = CARTESIAN_POINT ( 'NONE',  ( -11.43477309068267700, 7.859999999999998500, -1.694392033916209500 ) ) ;
#6634 = CARTESIAN_POINT ( 'NONE',  ( 13.14449999999999700, 2.881870077771632400E-014, 3.734114850601326600 ) ) ;
#6635 = CARTESIAN_POINT ( 'NONE',  ( 13.14449999999999200, 3.522058159910897800, 3.705756894402366000 ) ) ;
#6636 = CARTESIAN_POINT ( 'NONE',  ( 0.0000000000000000000, 0.0000000000000000000, 2.267999999999999300 ) ) ;
#6637 = DIRECTION ( 'NONE',  ( 0.0000000000000000000, 0.0000000000000000000, 1.000000000000000000 ) ) ;
#6638 = DIRECTION ( 'NONE',  ( 1.000000000000000000, -1.110223024625156800E-016, 0.0000000000000000000 ) ) ;
#6639 = DIRECTION ( 'NONE',  ( 0.0000000000000000000, 0.0000000000000000000, -1.000000000000000000 ) ) ;
#6640 = CARTESIAN_POINT ( 'NONE',  ( 11.38347092004455500, 6.572249999999984400, 3.681198183934659300 ) ) ;
#6641 = CARTESIAN_POINT ( 'NONE',  ( 7.588980613363044200, 13.14449999999999400, 3.628281517267993600 ) ) ;
#6642 = CARTESIAN_POINT ( 'NONE',  ( 1.127570259384924600E-014, 13.14450000000000100, 3.575364850601326700 ) ) ;
#6643 = CARTESIAN_POINT ( 'NONE',  ( -7.588980613363026400, 13.14450000000000100, 3.522448183934661100 ) ) ;
#6644 = CARTESIAN_POINT ( 'NONE',  ( -11.38347092004454600, 6.572250000000002100, 3.469531517267993700 ) ) ;
#6645 = CARTESIAN_POINT ( 'NONE',  ( -13.14450000000000400, 3.522058159910880900, 3.444972806800287400 ) ) ;
#6646 = CARTESIAN_POINT ( 'NONE',  ( -13.14449999999999500, -3.160760730459210000E-014, 3.416614850601326700 ) ) ;
#6647 = CARTESIAN_POINT ( 'NONE',  ( -11.80079849446711300, 7.859999999999998500, -3.060417437700649200 ) ) ;
#6648 = CARTESIAN_POINT ( 'NONE',  ( 13.14449999999999400, 1.504043304207010500E-016, 4.317999999999998700 ) ) ;
#6649 = CARTESIAN_POINT ( 'NONE',  ( -10.93477309068267400, 7.859999999999998500, -2.560417437700648800 ) ) ;
#6650 = DIRECTION ( 'NONE',  ( -0.0000000000000000000, 1.000000000000000000, -0.0000000000000000000 ) ) ;
#6651 = DIRECTION ( 'NONE',  ( 0.0000000000000000000, 0.0000000000000000000, -1.000000000000000000 ) ) ;
#6652 = CARTESIAN_POINT ( 'NONE',  ( -0.8598889647304011100, 7.860000000000000300, -12.81226330561429100 ) ) ;
#6653 = DIRECTION ( 'NONE',  ( -0.4999999999999998300, -0.0000000000000000000, 0.8660254037844387100 ) ) ;
#6654 = DIRECTION ( 'NONE',  ( -0.0000000000000000000, -0.0000000000000000000, -1.000000000000000000 ) ) ;
#6655 = CARTESIAN_POINT ( 'NONE',  ( 0.0000000000000000000, 0.0000000000000000000, 4.317999999999998700 ) ) ;
#6656 = DIRECTION ( 'NONE',  ( 0.0000000000000000000, 0.0000000000000000000, 1.000000000000000000 ) ) ;
#6657 = DIRECTION ( 'NONE',  ( 1.000000000000000000, -1.110223024625156800E-016, 0.0000000000000000000 ) ) ;
#6658 = CARTESIAN_POINT ( 'NONE',  ( -1.721574976534899800, 7.859999999999998500, -12.73588200415052400 ) ) ;
#6659 = CARTESIAN_POINT ( 'NONE',  ( -10.18256827940774100, 3.599347612443022800, 2.568000000000000900 ) ) ;
#6660 = CARTESIAN_POINT ( 'NONE',  ( -7.684773090682672800, 7.859999999999998500, -8.189582562299499100 ) ) ;
#6661 = DIRECTION ( 'NONE',  ( -0.0000000000000000000, 1.000000000000000000, -0.0000000000000000000 ) ) ;
#6662 = DIRECTION ( 'NONE',  ( 0.0000000000000000000, 0.0000000000000000000, -1.000000000000000000 ) ) ;
#6663 = DIRECTION ( 'NONE',  ( -0.0000000000000000000, -1.000000000000000000, -0.0000000000000000000 ) ) ;
#6664 = CARTESIAN_POINT ( 'NONE',  ( 1.560112716098016600E-012, 7.859999999999998500, -12.80159999999995100 ) ) ;
#6665 = CARTESIAN_POINT ( 'NONE',  ( -3.392767779792458200, 7.860000000000000300, -12.41961738134434200 ) ) ;
#6666 = CARTESIAN_POINT ( 'NONE',  ( -4.206356965861976600, 7.860000000000002100, -12.18084491100727900 ) ) ;
#6667 = CARTESIAN_POINT ( 'NONE',  ( -5.393345327526647600, 7.860000000000002100, -11.70031671433324900 ) ) ;
#6668 = CARTESIAN_POINT ( 'NONE',  ( -5.784995166760205100, 7.860000000000000300, -11.51856340943958500 ) ) ;
#6669 = CARTESIAN_POINT ( 'NONE',  ( -6.540623761932090800, 7.859999999999998500, -11.12099876269387600 ) ) ;
#6670 = CARTESIAN_POINT ( 'NONE',  ( -6.906341853318710200, 7.859999999999992300, -10.90467863031855500 ) ) ;
#6671 = CARTESIAN_POINT ( 'NONE',  ( -7.967955440108306100, 7.859999999999995900, -10.20418920197054100 ) ) ;
#6672 = CARTESIAN_POINT ( 'NONE',  ( -8.629962591546009400, 7.860000000000000300, -9.667719667190807400 ) ) ;
#6673 = CARTESIAN_POINT ( 'NONE',  ( -9.545025996675745400, 7.860000000000003900, -8.759846049080584500 ) ) ;
#6674 = CARTESIAN_POINT ( 'NONE',  ( -9.833825956600042800, 7.860000000000000300, -8.443132104567121500 ) ) ;
#6675 = CARTESIAN_POINT ( 'NONE',  ( -10.37921919437400000, 7.859999999999998500, -7.781730102151656500 ) ) ;
#6676 = CARTESIAN_POINT ( 'NONE',  ( -10.63666093714777700, 7.859999999999996800, -7.435601695150031000 ) ) ;
#6677 = CARTESIAN_POINT ( 'NONE',  ( -11.34961048726775700, 7.860000000000000300, -6.370228830249739200 ) ) ;
#6678 = CARTESIAN_POINT ( 'NONE',  ( -11.74922891145758500, 7.859999999999998500, -5.622045887211133900 ) ) ;
#6679 = CARTESIAN_POINT ( 'NONE',  ( -12.40199513607164400, 7.859999999999998500, -4.052263290738364900 ) ) ;
#6680 = CARTESIAN_POINT ( 'NONE',  ( -12.65488471504110300, 7.860000000000003900, -3.224995441584424000 ) ) ;
#6681 = CARTESIAN_POINT ( 'NONE',  ( -12.90735474168322300, 7.860000000000002100, -1.964523974412045500 ) ) ;
#6682 = CARTESIAN_POINT ( 'NONE',  ( -12.97109782892141000, 7.860000000000000300, -1.538099252714776100 ) ) ;
#6683 = CARTESIAN_POINT ( 'NONE',  ( -13.05587276978224900, 7.860000000000000300, -0.6868544928940806300 ) ) ;
#6684 = CARTESIAN_POINT ( 'NONE',  ( -13.07714590862922700, 7.859999999999994100, -0.2619792367810175300 ) ) ;
#6685 = CARTESIAN_POINT ( 'NONE',  ( -13.07919979642371000, 7.859999999999996800, 1.010460978290831100 ) ) ;
#6686 = CARTESIAN_POINT ( 'NONE',  ( -12.99880915725028900, 7.860000000000003900, 1.855861407456295400 ) ) ;
#6687 = CARTESIAN_POINT ( 'NONE',  ( -12.75113525999690500, 7.860000000000003900, 3.119465085585537300 ) ) ;
#6688 = CARTESIAN_POINT ( 'NONE',  ( -12.64779688976513600, 7.859999999999995900, 3.536588057950801100 ) ) ;
#6689 = CARTESIAN_POINT ( 'NONE',  ( -12.40115949908378900, 7.859999999999995900, 4.357183967579803900 ) ) ;
#6690 = CARTESIAN_POINT ( 'NONE',  ( -12.25708284519722100, 7.860000000000000300, 4.762964284752717600 ) ) ;
#6691 = CARTESIAN_POINT ( 'NONE',  ( -11.76789036621821400, 7.859999999999996800, 5.951716086608999300 ) ) ;
#6692 = CARTESIAN_POINT ( 'NONE',  ( -11.36898254516151300, 7.859999999999992300, 6.700841784840047700 ) ) ;
#6693 = CARTESIAN_POINT ( 'NONE',  ( -10.66665598027712700, 7.859999999999995900, 7.762568834351557500 ) ) ;
#6694 = CARTESIAN_POINT ( 'NONE',  ( -10.41507253730433800, 7.859999999999995900, 8.106063255719060800 ) ) ;
#6695 = CARTESIAN_POINT ( 'NONE',  ( -9.875977233117060500, 7.859999999999996800, 8.771639294350382700 ) ) ;
#6696 = CARTESIAN_POINT ( 'NONE',  ( -9.589001034523702700, 7.860000000000000300, 9.092763739156181300 ) ) ;
#6697 = CARTESIAN_POINT ( 'NONE',  ( -8.687172230874939100, 7.859999999999998500, 10.00832708391441800 ) ) ;
#6698 = CARTESIAN_POINT ( 'NONE',  ( -8.023356882964336000, 7.859999999999998500, 10.56218745420955700 ) ) ;
#6699 = CARTESIAN_POINT ( 'NONE',  ( -6.620621564973152600, 7.859999999999998500, 11.52054713316554000 ) ) ;
#6700 = CARTESIAN_POINT ( 'NONE',  ( -5.878022726319273700, 7.860000000000000300, 11.92994850277034200 ) ) ;
#6701 = CARTESIAN_POINT ( 'NONE',  ( -4.701180456870694100, 7.859999999999998500, 12.43752591140492700 ) ) ;
#6702 = CARTESIAN_POINT ( 'NONE',  ( -4.297454565388285600, 7.859999999999995900, 12.58894930699436200 ) ) ;
#6703 = CARTESIAN_POINT ( 'NONE',  ( -3.481459086565839500, 7.859999999999995900, 12.85049714603230500 ) ) ;
#6704 = CARTESIAN_POINT ( 'NONE',  ( -3.067722078414557400, 7.860000000000002100, 12.96135424315879600 ) ) ;
#6705 = CARTESIAN_POINT ( 'NONE',  ( -1.809198720940398600, 7.860000000000002100, 13.23384703367318900 ) ) ;
#6706 = CARTESIAN_POINT ( 'NONE',  ( -0.9518077583452287900, 7.859999999999998500, 13.33390190325738100 ) ) ;
#6707 = CARTESIAN_POINT ( 'NONE',  ( -0.09231021162506487800, 7.860000000000002100, 13.35010714037864200 ) ) ;
#6708 = CARTESIAN_POINT ( 'NONE',  ( 6.763818508564932900, 6.931153666403208300, -1.215277310009210700 ) ) ;
#6709 = CARTESIAN_POINT ( 'NONE',  ( -0.09231021162506487800, 7.860000000000002100, 13.35010714037864200 ) ) ;
#6710 = CARTESIAN_POINT ( 'NONE',  ( 0.7681735261785045400, 7.860000000000003900, 13.34578475042646100 ) ) ;
#6711 = CARTESIAN_POINT ( 'NONE',  ( 0.0000000000000000000, 0.0000000000000000000, 1.688000000000001900 ) ) ;
#6712 = DIRECTION ( 'NONE',  ( -0.0000000000000000000, -0.0000000000000000000, 1.000000000000000000 ) ) ;
#6713 = DIRECTION ( 'NONE',  ( -1.000000000000000000, 1.110223024625156800E-016, 0.0000000000000000000 ) ) ;
#6714 = CARTESIAN_POINT ( 'NONE',  ( -4.749999999999999100, 1.109063166291942100E-015, -0.5119999999999985700 ) ) ;
#6715 = CARTESIAN_POINT ( 'NONE',  ( 1.629038311953604900, 7.859999999999994100, 13.25686104492132600 ) ) ;
#6716 = CARTESIAN_POINT ( 'NONE',  ( 3.297685365803034100, 7.859999999999995900, 12.92031729401367300 ) ) ;
#6717 = CARTESIAN_POINT ( 'NONE',  ( 4.109435502556002500, 7.859999999999994100, 12.67375246470003000 ) ) ;
#6718 = CARTESIAN_POINT ( 'NONE',  ( 5.292915353794698200, 7.859999999999996800, 12.18547637170116000 ) ) ;
#6719 = CARTESIAN_POINT ( 'NONE',  ( 5.683650343555506800, 7.860000000000002100, 12.00167548999254800 ) ) ;
#6720 = CARTESIAN_POINT ( 'NONE',  ( 6.439153885773511600, 7.860000000000000300, 11.60035202045971700 ) ) ;
#6721 = CARTESIAN_POINT ( 'NONE',  ( 6.804836257626124800, 7.859999999999998500, 11.38271551286779400 ) ) ;
#6722 = CARTESIAN_POINT ( 'NONE',  ( 7.866521837947423100, 7.860000000000000300, 10.68007244373666400 ) ) ;
#6723 = CARTESIAN_POINT ( 'NONE',  ( 8.527496075965570900, 7.860000000000002100, 10.14580006514420400 ) ) ;
#6724 = CARTESIAN_POINT ( 'NONE',  ( 9.752332357799474500, 7.860000000000003900, 8.940673743280592900 ) ) ;
#6725 = CARTESIAN_POINT ( 'NONE',  ( 10.30572414368069200, 7.860000000000000300, 8.278594683394203500 ) ) ;
#6726 = CARTESIAN_POINT ( 'NONE',  ( 11.27343771197517200, 7.860000000000000300, 6.861658028182859000 ) ) ;
#6727 = CARTESIAN_POINT ( 'NONE',  ( 11.68232152301558100, 7.860000000000000300, 6.117084056441911800 ) ) ;
#6728 = CARTESIAN_POINT ( 'NONE',  ( 12.18436764536791400, 7.860000000000000300, 4.946632834745806000 ) ) ;
#6729 = CARTESIAN_POINT ( 'NONE',  ( 12.33311522034220800, 7.860000000000000300, 4.547524454501931300 ) ) ;
#6730 = CARTESIAN_POINT ( 'NONE',  ( 12.59238026071478300, 7.859999999999998500, 3.730896756386817200 ) ) ;
#6731 = CARTESIAN_POINT ( 'NONE',  ( 12.70254472628452400, 7.859999999999998500, 3.313764292563151900 ) ) ;
#6732 = CARTESIAN_POINT ( 'NONE',  ( 12.96934250302312600, 7.860000000000000300, 2.055137453238260900 ) ) ;
#6733 = CARTESIAN_POINT ( 'NONE',  ( 13.06419531119348500, 7.859999999999998500, 1.194515212979868200 ) ) ;
#6734 = CARTESIAN_POINT ( 'NONE',  ( 13.08512197952173200, 7.859999999999998500, -0.5062928719098799300 ) ) ;
#6735 = CARTESIAN_POINT ( 'NONE',  ( 13.01332087312350800, 7.859999999999996800, -1.352012559571951700 ) ) ;
#6736 = CARTESIAN_POINT ( 'NONE',  ( 12.78015107641697900, 7.859999999999998500, -2.613447603554757600 ) ) ;
#6737 = CARTESIAN_POINT ( 'NONE',  ( 12.68094251161384600, 7.860000000000003900, -3.033604467448852500 ) ) ;
#6738 = CARTESIAN_POINT ( 'NONE',  ( 12.44276778053721000, 7.860000000000000300, -3.857883460936249300 ) ) ;
#6739 = CARTESIAN_POINT ( 'NONE',  ( 12.30360350968622600, 7.859999999999998500, -4.263620585468665100 ) ) ;
#6740 = CARTESIAN_POINT ( 'NONE',  ( 11.82549103974170100, 7.859999999999998500, -5.461500811964320700 ) ) ;
#6741 = CARTESIAN_POINT ( 'NONE',  ( 11.43244099262040000, 7.859999999999996800, -6.219255754765017100 ) ) ;
#6742 = CARTESIAN_POINT ( 'NONE',  ( 10.73928010080244500, 7.859999999999998500, -7.286616515628590000 ) ) ;
#6743 = CARTESIAN_POINT ( 'NONE',  ( 10.49053677327066000, 7.860000000000003900, -7.631288113643766000 ) ) ;
#6744 = CARTESIAN_POINT ( 'NONE',  ( 9.956984938821957300, 7.860000000000002100, -8.297969751741749900 ) ) ;
#6745 = CARTESIAN_POINT ( 'NONE',  ( 9.670921672327100500, 7.860000000000002100, -8.621121507923556100 ) ) ;
#6746 = CARTESIAN_POINT ( 'NONE',  ( 9.070338046623758600, 7.860000000000000300, -9.234581650093678800 ) ) ;
#6747 = CARTESIAN_POINT ( 'NONE',  ( 8.755364799779453500, 7.859999999999995900, -9.525734122015329300 ) ) ;
#6748 = CARTESIAN_POINT ( 'NONE',  ( 8.095969299526055700, 7.860000000000000300, -10.07679247099220500 ) ) ;
#6749 = CARTESIAN_POINT ( 'NONE',  ( 7.752329672204859400, 7.859999999999996800, -10.33578978273900600 ) ) ;
#6750 = CARTESIAN_POINT ( 'NONE',  ( 6.694606653976050500, 7.859999999999996800, -11.05383743371821300 ) ) ;
#6751 = CARTESIAN_POINT ( 'NONE',  ( 5.948898548574822700, 7.859999999999998500, -11.45889807989569000 ) ) ;
#6752 = CARTESIAN_POINT ( 'NONE',  ( 4.769280472545301700, 7.859999999999996800, -11.95563879540577200 ) ) ;
#6753 = CARTESIAN_POINT ( 'NONE',  ( 4.363480817746163300, 7.859999999999998500, -12.10323736480411900 ) ) ;
#6754 = CARTESIAN_POINT ( 'NONE',  ( 3.545222959716505300, 7.859999999999998500, -12.35527418327346000 ) ) ;
#6755 = CARTESIAN_POINT ( 'NONE',  ( 3.132505626314276100, 7.859999999999998500, -12.46013888874662700 ) ) ;
#6756 = CARTESIAN_POINT ( 'NONE',  ( 1.883846194760740600, 7.859999999999998500, -12.71279152198785000 ) ) ;
#6757 = CARTESIAN_POINT ( 'NONE',  ( 1.037501868501325100, 7.859999999999996800, -12.79925814142451300 ) ) ;
#6758 = CARTESIAN_POINT ( 'NONE',  ( 0.1766802231558806100, 7.859999999999998500, -12.80038072319513600 ) ) ;
#6759 = CARTESIAN_POINT ( 'NONE',  ( 4.994079828490263200, 6.630032314125142700, 1.850000000000001000 ) ) ;
#6760 = DIRECTION ( 'NONE',  ( 0.0000000000000000000, 0.0000000000000000000, 1.000000000000000000 ) ) ;
#6761 = CARTESIAN_POINT ( 'NONE',  ( 5.785898384862249200, -0.2368602791855863000, 0.0000000000000000000 ) ) ;
#6762 = CARTESIAN_POINT ( 'NONE',  ( 4.994079828490263200, 3.550000000000001600, 1.850000000000000300 ) ) ;
#6763 = CARTESIAN_POINT ( 'NONE',  ( 7.109857803074271000, 3.910000000000000100, -1.814634949514639400 ) ) ;
#6764 = CARTESIAN_POINT ( 'NONE',  ( 4.749999999999999100, -5.273559366969493600E-016, -0.5119999999999985700 ) ) ;
#6765 = DIRECTION ( 'NONE',  ( 0.0000000000000000000, 0.0000000000000000000, 1.000000000000000000 ) ) ;
#6766 = CARTESIAN_POINT ( 'NONE',  ( 2.539999999999998700, 3.910000000000000100, -1.814634949514639400 ) ) ;
#6767 = DIRECTION ( 'NONE',  ( 1.000000000000000000, -0.0000000000000000000, -0.0000000000000000000 ) ) ;
#6768 = CARTESIAN_POINT ( 'NONE',  ( 11.08575988076356600, 4.913818169698585900, 1.249999999999999600 ) ) ;
#6769 = CARTESIAN_POINT ( 'NONE',  ( 11.16920880437724300, 4.921938460176575900, 1.241281389799439000 ) ) ;
#6770 = CARTESIAN_POINT ( 'NONE',  ( -10.75679306876173800, 5.510000000000000700, 3.431312121600013800 ) ) ;
#6771 = DIRECTION ( 'NONE',  ( -0.0000000000000000000, -1.000000000000000000, -0.0000000000000000000 ) ) ;
#6772 = DIRECTION ( 'NONE',  ( 0.0000000000000000000, 0.0000000000000000000, 1.000000000000000000 ) ) ;
#6773 = CARTESIAN_POINT ( 'NONE',  ( 11.00000000000000400, 4.913818169698588500, 1.249999999999999300 ) ) ;
#6774 = CARTESIAN_POINT ( 'NONE',  ( 11.33209793192152800, 4.951382373022955400, 1.207941253436873900 ) ) ;
#6775 = CARTESIAN_POINT ( 'NONE',  ( 11.41191891812474600, 4.972938815284865500, 1.182946023832180900 ) ) ;
#6776 = CARTESIAN_POINT ( 'NONE',  ( 11.63538249997752900, 5.048005884173562700, 1.088550890110341600 ) ) ;
#6777 = CARTESIAN_POINT ( 'NONE',  ( 11.76839830714836100, 5.112549561512496500, 0.9985107792406320300 ) ) ;
#6778 = CARTESIAN_POINT ( 'NONE',  ( 11.99266857902756200, 5.234195974803117000, 0.7759309420944602300 ) ) ;
#6779 = CARTESIAN_POINT ( 'NONE',  ( 12.08465710496583200, 5.291852967004474300, 0.6425209127717979000 ) ) ;
#6780 = CARTESIAN_POINT ( 'NONE',  ( 12.21355807390889900, 5.374909291460506100, 0.3414541842656320100 ) ) ;
#6781 = CARTESIAN_POINT ( 'NONE',  ( 12.24978027616723300, 5.399851538017179200, 0.1719377704829960800 ) ) ;
#6782 = CARTESIAN_POINT ( 'NONE',  ( 12.25021766327641300, 5.400147069715327300, -0.1687279764798097200 ) ) ;
#6783 = CARTESIAN_POINT ( 'NONE',  ( 12.21474993362552800, 5.375708217786937300, -0.3374177236871490600 ) ) ;
#6784 = CARTESIAN_POINT ( 'NONE',  ( 12.08637638015975600, 5.292930501947953600, -0.6397300072158855800 ) ) ;
#6785 = CARTESIAN_POINT ( 'NONE',  ( 11.99409128546696300, 5.235007761722113400, -0.7743122554163891500 ) ) ;
#6786 = CARTESIAN_POINT ( 'NONE',  ( 11.76860641519614800, 5.112622633492514400, -0.9985094547617950900 ) ) ;
#6787 = CARTESIAN_POINT ( 'NONE',  ( 11.63785860606870200, 5.048918171169093600, -1.087370368402422300 ) ) ;
#6788 = CARTESIAN_POINT ( 'NONE',  ( 11.41198629413983500, 4.972921546393309600, -1.182984265869502700 ) ) ;
#6789 = CARTESIAN_POINT ( 'NONE',  ( 11.33372742832219900, 4.951748763674645600, -1.207520059666795900 ) ) ;
#6790 = CARTESIAN_POINT ( 'NONE',  ( 11.17007807245061300, 4.922024836064336400, -1.241189808282253200 ) ) ;
#6791 = CARTESIAN_POINT ( 'NONE',  ( 11.08431455303881600, 4.913818169698586800, -1.249999999999999600 ) ) ;
#6792 = CARTESIAN_POINT ( 'NONE',  ( 11.00000000000000400, 4.913818169698586800, -1.249999999999999300 ) ) ;
#6793 = DIRECTION ( 'NONE',  ( 0.0000000000000000000, 0.0000000000000000000, 1.000000000000000000 ) ) ;
#6794 = CARTESIAN_POINT ( 'NONE',  ( 5.364841071622789700, 10.11869611228588400, -13.35042627913960600 ) ) ;
#6795 = CARTESIAN_POINT ( 'NONE',  ( 9.237925704300247200, 10.16000000000000200, -9.638185021910910400 ) ) ;
#6796 = CARTESIAN_POINT ( 'NONE',  ( 1.617195960479378400E-012, 10.08186499999999200, -13.35042627914026900 ) ) ;
#6797 = CARTESIAN_POINT ( 'NONE',  ( -7.707872206056265400, 10.02894833333332700, -13.35042627914120800 ) ) ;
#6798 = CARTESIAN_POINT ( 'NONE',  ( -11.56180830908601500, 9.976031666666655100, -6.675213139571548400 ) ) ;
#6799 = CARTESIAN_POINT ( 'NONE',  ( -15.41574441211577500, 9.923114999999995700, -1.894919480540470100E-012 ) ) ;
#6800 = CARTESIAN_POINT ( 'NONE',  ( -11.56180830908765600, 9.870198333333322100, 6.675213139568704400 ) ) ;
#6801 = CARTESIAN_POINT ( 'NONE',  ( -7.707872206059544600, 9.817281666666660900, 13.35042627913931000 ) ) ;
#6802 = CARTESIAN_POINT ( 'NONE',  ( -1.666256108784347500E-012, 9.764364999999990900, 13.35042627914026900 ) ) ;
#6803 = CARTESIAN_POINT ( 'NONE',  ( 7.707872206056260100, 9.711448333333327900, 13.35042627914120700 ) ) ;
#6804 = CARTESIAN_POINT ( 'NONE',  ( 11.56180830908601500, 9.658531666666657900, 6.675213139571551900 ) ) ;
#6805 = CARTESIAN_POINT ( 'NONE',  ( 15.41574441211577500, 9.605614999999994900, 1.896922566672119500E-012 ) ) ;
#6806 = CARTESIAN_POINT ( 'NONE',  ( 11.56180830908765600, 9.552698333333324900, -6.675213139568702700 ) ) ;
#6807 = CARTESIAN_POINT ( 'NONE',  ( 7.707872206059545500, 9.499781666666656600, -13.35042627913931100 ) ) ;
#6808 = CARTESIAN_POINT ( 'NONE',  ( 1.667882412043075700E-012, 9.446864999999991900, -13.35042627914026900 ) ) ;
#6809 = CARTESIAN_POINT ( 'NONE',  ( -7.707872206056257400, 9.393948333333325400, -13.35042627914120800 ) ) ;
#6810 = CARTESIAN_POINT ( 'NONE',  ( -11.56180830908601300, 9.341031666666658900, -6.675213139571551900 ) ) ;
#6811 = CARTESIAN_POINT ( 'NONE',  ( -15.41574441211577500, 9.288114999999992300, -1.955012064489956800E-012 ) ) ;
#6812 = CARTESIAN_POINT ( 'NONE',  ( -11.56180830908765800, 9.235198333333325800, 6.675213139568701800 ) ) ;
#6813 = CARTESIAN_POINT ( 'NONE',  ( -7.707872206059501100, 9.182281666666659300, 13.35042627913933400 ) ) ;
#6814 = CARTESIAN_POINT ( 'NONE',  ( -1.669508715301804000E-012, 9.129364999999992800, 13.35042627914026900 ) ) ;
#6815 = CARTESIAN_POINT ( 'NONE',  ( 7.707872206056256600, 9.076448333333324600, 13.35042627914120800 ) ) ;
#6816 = CARTESIAN_POINT ( 'NONE',  ( 11.56180830908599000, 9.023531666666659800, 6.675213139571594600 ) ) ;
#6817 = CARTESIAN_POINT ( 'NONE',  ( 15.41574441211577500, 8.970614999999993300, 1.900928738935419000E-012 ) ) ;
#6818 = CARTESIAN_POINT ( 'NONE',  ( 11.56180830908768300, 8.917698333333328600, -6.675213139568661800 ) ) ;
#6819 = CARTESIAN_POINT ( 'NONE',  ( 7.707872206059549000, 8.864781666666660300, -13.35042627913930800 ) ) ;
#6820 = CARTESIAN_POINT ( 'NONE',  ( 1.623701173514291400E-012, 8.811864999999995600, -13.35042627914026900 ) ) ;
#6821 = CARTESIAN_POINT ( 'NONE',  ( -7.707872206056207700, 8.758948333333327300, -13.35042627914123300 ) ) ;
#6822 = CARTESIAN_POINT ( 'NONE',  ( -11.56180830908601100, 8.706031666666662600, -6.675213139571554600 ) ) ;
#6823 = CARTESIAN_POINT ( 'NONE',  ( -15.41574441211577500, 8.653114999999994300, -1.957015150621605700E-012 ) ) ;
#6824 = CARTESIAN_POINT ( 'NONE',  ( -11.56180830908766000, 8.600198333333329600, 6.675213139568700000 ) ) ;
#6825 = CARTESIAN_POINT ( 'NONE',  ( -7.707872206059504600, 8.547281666666661300, 13.35042627913933300 ) ) ;
#6826 = CARTESIAN_POINT ( 'NONE',  ( -1.672761321819260500E-012, 8.494364999999993100, 13.35042627914026900 ) ) ;
#6827 = CARTESIAN_POINT ( 'NONE',  ( 7.707872206056253900, 8.441448333333328300, 13.35042627914120800 ) ) ;
#6828 = CARTESIAN_POINT ( 'NONE',  ( 11.56180830908598800, 8.388531666666660100, 6.675213139571596300 ) ) ;
#6829 = CARTESIAN_POINT ( 'NONE',  ( 15.41574441211577500, 8.335614999999995300, 1.904934911198717700E-012 ) ) ;
#6830 = CARTESIAN_POINT ( 'NONE',  ( 11.56180830908768400, 8.282698333333327100, -6.675213139568654700 ) ) ;
#6831 = CARTESIAN_POINT ( 'NONE',  ( 7.707872206059553500, 8.229781666666662300, -13.35042627913930800 ) ) ;
#6832 = CARTESIAN_POINT ( 'NONE',  ( 1.627007990140372200E-012, 8.176864999999995800, -13.35042627914026900 ) ) ;
#6833 = CARTESIAN_POINT ( 'NONE',  ( -7.707872206056204200, 8.123948333333329300, -13.35042627914124200 ) ) ;
#6834 = CARTESIAN_POINT ( 'NONE',  ( -11.56180830908600900, 8.071031666666662800, -6.675213139571558200 ) ) ;
#6835 = CARTESIAN_POINT ( 'NONE',  ( -15.41574441211577500, 8.018114999999996300, -1.961021322884905200E-012 ) ) ;
#6836 = CARTESIAN_POINT ( 'NONE',  ( -11.56180830908766100, 7.965198333333329800, 6.675213139568696400 ) ) ;
#6837 = CARTESIAN_POINT ( 'NONE',  ( -7.738581347713919800, 7.912703320105926300, 13.29723648553715500 ) ) ;
#6838 = CARTESIAN_POINT ( 'NONE',  ( -0.09231021162506487800, 7.860000000000002100, 13.35010714037864200 ) ) ;
#6839 = CARTESIAN_POINT ( 'NONE',  ( -4.072422638949460900, 0.1500000000000008300, 10.47180599511046100 ) ) ;
#6840 = CARTESIAN_POINT ( 'NONE',  ( 2.850223126611654200, 0.1499999999999973600, -10.13739201368485100 ) ) ;
#6841 = DIRECTION ( 'NONE',  ( -0.0000000000000000000, -1.000000000000000000, -0.0000000000000000000 ) ) ;
#6842 = DIRECTION ( 'NONE',  ( 0.0000000000000000000, 0.0000000000000000000, -1.000000000000000000 ) ) ;
#6843 = CARTESIAN_POINT ( 'NONE',  ( 5.996281292110215800, 3.910000000000000100, -3.185863854409618900 ) ) ;
#6844 = DIRECTION ( 'NONE',  ( -0.0000000000000000000, -1.000000000000000000, -0.0000000000000000000 ) ) ;
#6845 = DIRECTION ( 'NONE',  ( -0.0000000000000000000, 1.000000000000000000, -0.0000000000000000000 ) ) ;
#6846 = CARTESIAN_POINT ( 'NONE',  ( 7.543602764834998800, 0.1500000000000008300, -7.647740186254976500 ) ) ;
#6847 = DIRECTION ( 'NONE',  ( -0.5000000000000004400, 0.0000000000000000000, 0.8660254037844383700 ) ) ;
#6848 = CARTESIAN_POINT ( 'NONE',  ( -2.706397235165021600, 0.1500000000000008300, 10.10578059132602700 ) ) ;
#6849 = CARTESIAN_POINT ( 'NONE',  ( -3.572422638949464900, 0.1500000000000008300, 9.605780591326020400 ) ) ;
#6850 = DIRECTION ( 'NONE',  ( 0.0000000000000000000, -1.000000000000000000, 0.0000000000000000000 ) ) ;
#6851 = DIRECTION ( 'NONE',  ( 0.0000000000000000000, 0.0000000000000000000, -1.000000000000000000 ) ) ;
#6852 = CARTESIAN_POINT ( 'NONE',  ( 0.0000000000000000000, 0.0000000000000000000, 2.267999999999999300 ) ) ;
#6853 = DIRECTION ( 'NONE',  ( 0.0000000000000000000, 0.0000000000000000000, 1.000000000000000000 ) ) ;
#6854 = DIRECTION ( 'NONE',  ( 1.000000000000000000, -1.110223024625156800E-016, 0.0000000000000000000 ) ) ;
#6855 = CARTESIAN_POINT ( 'NONE',  ( 2.656793068761699800, 4.095786437626896900, 10.59829941970785000 ) ) ;
#6856 = DIRECTION ( 'NONE',  ( -0.0000000000000000000, 1.000000000000000000, -0.0000000000000000000 ) ) ;
#6857 = CARTESIAN_POINT ( 'NONE',  ( 7.543602764834997000, 0.1500000000000008300, -7.647740186254980100 ) ) ;
#6858 = DIRECTION ( 'NONE',  ( -0.0000000000000000000, -1.000000000000000000, -0.0000000000000000000 ) ) ;
#6859 = CARTESIAN_POINT ( 'NONE',  ( -5.050000000000002500, -1.269999999999998500, 0.0000000000000000000 ) ) ;
#6860 = DIRECTION ( 'NONE',  ( 0.0000000000000000000, 0.0000000000000000000, 1.000000000000000000 ) ) ;
#6861 = DIRECTION ( 'NONE',  ( 1.000000000000000000, 0.0000000000000000000, 0.0000000000000000000 ) ) ;
#6862 = DIRECTION ( 'NONE',  ( -0.0000000000000000000, -1.000000000000000000, -0.0000000000000000000 ) ) ;
#6863 = CARTESIAN_POINT ( 'NONE',  ( 6.677577361050556000, 0.1500000000000008300, -8.147740186254983600 ) ) ;
#6864 = DIRECTION ( 'NONE',  ( 0.0000000000000000000, -1.000000000000000000, 0.0000000000000000000 ) ) ;
#6865 = DIRECTION ( 'NONE',  ( 0.0000000000000000000, 0.0000000000000000000, -1.000000000000000000 ) ) ;
#6866 = CARTESIAN_POINT ( 'NONE',  ( 1.914437640236120700, 0.1500000000000008300, -10.89774018625500000 ) ) ;
#6867 = CARTESIAN_POINT ( 'NONE',  ( 7.177577361050554200, 0.1500000000000008300, -9.013765590039426500 ) ) ;
#6868 = CARTESIAN_POINT ( 'NONE',  ( 8.002074730968203700, 5.080000000000001000, 4.620000000000009900 ) ) ;
#6869 = DIRECTION ( 'NONE',  ( 0.8660254037844380400, -0.0000000000000000000, 0.5000000000000010000 ) ) ;
#6870 = DIRECTION ( 'NONE',  ( 0.5000000000000008900, 0.0000000000000000000, -0.8660254037844381500 ) ) ;
#6871 = CARTESIAN_POINT ( 'NONE',  ( 7.138474730968202800, 5.080000000000001000, 6.115799077416490100 ) ) ;
#6872 = DIRECTION ( 'NONE',  ( 0.01745240643728296000, 1.049727191138618200E-016, 0.9998476951563911600 ) ) ;
#6873 = CARTESIAN_POINT ( 'NONE',  ( 3.280463044020566400, 0.1500000000000008300, -11.26376559003944200 ) ) ;
#6874 = DIRECTION ( 'NONE',  ( 0.8660254037844377100, 0.0000000000000000000, 0.5000000000000015500 ) ) ;
#6875 = CARTESIAN_POINT ( 'NONE',  ( -10.75679306876173800, 4.095786437626896900, 2.931312121600011100 ) ) ;
#6876 = DIRECTION ( 'NONE',  ( -0.0000000000000000000, 1.000000000000000000, -0.0000000000000000000 ) ) ;
#6877 = DIRECTION ( 'NONE',  ( 0.4999999999999996100, -0.0000000000000000000, -0.8660254037844388200 ) ) ;
#6878 = CARTESIAN_POINT ( 'NONE',  ( 2.780463044020562400, 0.1500000000000008300, -10.39774018625500000 ) ) ;
#6879 = DIRECTION ( 'NONE',  ( 0.0000000000000000000, -1.000000000000000000, 0.0000000000000000000 ) ) ;
#6880 = DIRECTION ( 'NONE',  ( 0.0000000000000000000, 0.0000000000000000000, -1.000000000000000000 ) ) ;
#6881 = DIRECTION ( 'NONE',  ( -0.0000000000000000000, -1.000000000000000000, -0.0000000000000000000 ) ) ;
#6882 = CARTESIAN_POINT ( 'NONE',  ( 1.914437640236120700, 0.1500000000000008300, -10.89774018625500000 ) ) ;
#6883 = CARTESIAN_POINT ( 'NONE',  ( 2.406793068761699400, 5.510000000000000700, 11.03131212160007200 ) ) ;
#6884 = DIRECTION ( 'NONE',  ( -0.0000000000000000000, -1.000000000000000000, -0.0000000000000000000 ) ) ;
#6885 = DIRECTION ( 'NONE',  ( -4.336808689941998800E-015, 0.0000000000000000000, 1.000000000000000000 ) ) ;
#6886 = DIRECTION ( 'NONE',  ( 0.0000000000000000000, 0.0000000000000000000, -1.000000000000000000 ) ) ;
#6887 = CARTESIAN_POINT ( 'NONE',  ( 2.406793068761699400, 7.859999999999998500, 11.03131212160007200 ) ) ;
#6888 = DIRECTION ( 'NONE',  ( 0.0000000000000000000, 1.000000000000000000, 0.0000000000000000000 ) ) ;
#6889 = DIRECTION ( 'NONE',  ( 0.0000000000000000000, 0.0000000000000000000, 1.000000000000000000 ) ) ;
#6890 = CARTESIAN_POINT ( 'NONE',  ( 2.406793068761699400, 4.095786437626896900, 11.53131212160007400 ) ) ;
#6891 = DIRECTION ( 'NONE',  ( -0.0000000000000000000, 1.000000000000000000, -0.0000000000000000000 ) ) ;
#6892 = CARTESIAN_POINT ( 'NONE',  ( -8.335562359763892800, 0.1500000000000008300, 6.855780591326024800 ) ) ;
#6893 = DIRECTION ( 'NONE',  ( -0.0000000000000000000, -1.000000000000000000, -0.0000000000000000000 ) ) ;
#6894 = CARTESIAN_POINT ( 'NONE',  ( 5.996281292110215800, 3.910000000000000100, -3.360863854409619700 ) ) ;
#6895 = CARTESIAN_POINT ( 'NONE',  ( -10.54599999999999800, 1.148775559756492400, 8.037808214890210600 ) ) ;
#6896 = DIRECTION ( 'NONE',  ( -0.0000000000000000000, 1.000000000000000000, -0.0000000000000000000 ) ) ;
#6897 = CARTESIAN_POINT ( 'NONE',  ( -7.469536955979453600, 0.1500000000000008300, 7.355780591326023900 ) ) ;
#6898 = DIRECTION ( 'NONE',  ( 0.0000000000000000000, -1.000000000000000000, 0.0000000000000000000 ) ) ;
#6899 = DIRECTION ( 'NONE',  ( 0.0000000000000000000, 0.0000000000000000000, -1.000000000000000000 ) ) ;
#6900 = CARTESIAN_POINT ( 'NONE',  ( -7.969536955979450900, 0.1500000000000008300, 8.221805995110468500 ) ) ;
#6901 = DIRECTION ( 'NONE',  ( -0.0000000000000000000, -1.000000000000000000, -0.0000000000000000000 ) ) ;
#6902 = CARTESIAN_POINT ( 'NONE',  ( 12.02502207291794000, 5.080000000000004500, 9.252050807568911800 ) ) ;
#6903 = CARTESIAN_POINT ( 'NONE',  ( 0.005607966083841155200, 3.910000000000000100, 9.490286717815614300 ) ) ;
#6904 = DIRECTION ( 'NONE',  ( 0.8660254037844363800, -0.0000000000000000000, 0.5000000000000041100 ) ) ;
#6905 = CARTESIAN_POINT ( 'NONE',  ( 13.02502207291795200, 5.080000000000001000, 7.520000000000020000 ) ) ;
#6906 = DIRECTION ( 'NONE',  ( 0.8660254037844363800, 6.527685457279756500E-016, 0.5000000000000037700 ) ) ;
#6907 = DIRECTION ( 'NONE',  ( -0.5000000000000038900, 0.0000000000000000000, 0.8660254037844366000 ) ) ;
#6908 = DIRECTION ( 'NONE',  ( -0.0000000000000000000, 1.000000000000000000, -0.0000000000000000000 ) ) ;
#6909 = CARTESIAN_POINT ( 'NONE',  ( 0.005607966083841155200, 5.510000000000000700, 8.490286717815614300 ) ) ;
#6910 = DIRECTION ( 'NONE',  ( -0.0000000000000000000, 1.000000000000000000, -0.0000000000000000000 ) ) ;
#6911 = DIRECTION ( 'NONE',  ( 0.0000000000000000000, 0.0000000000000000000, -1.000000000000000000 ) ) ;
#6912 = CARTESIAN_POINT ( 'NONE',  ( 6.171633369868313700, 1.260000000000000700, -0.1895825622994437600 ) ) ;
#6913 = DIRECTION ( 'NONE',  ( -0.0000000000000000000, 1.000000000000000000, -0.0000000000000000000 ) ) ;
#6914 = CARTESIAN_POINT ( 'NONE',  ( 2.850223126611654200, 0.1499999999999973600, -10.13739201368485100 ) ) ;
#6915 = DIRECTION ( 'NONE',  ( -0.0000000000000000000, -1.000000000000000000, -0.0000000000000000000 ) ) ;
#6916 = DIRECTION ( 'NONE',  ( 0.0000000000000000000, 0.0000000000000000000, -1.000000000000000000 ) ) ;
#6917 = CARTESIAN_POINT ( 'NONE',  ( -7.969536955979450900, 0.1500000000000008300, 8.221805995110468500 ) ) ;
#6918 = DIRECTION ( 'NONE',  ( -0.8660254037844402600, -0.0000000000000000000, -0.4999999999999973400 ) ) ;
#6919 = CARTESIAN_POINT ( 'NONE',  ( 3.749999999999997800, -6.349999999999999600, 0.0000000000000000000 ) ) ;
#6920 = CARTESIAN_POINT ( 'NONE',  ( 0.8716333698682815500, 3.910000000000000100, 8.990286717815610700 ) ) ;
#6921 = CARTESIAN_POINT ( 'NONE',  ( 0.005607966083841155200, 3.910000000000000100, 8.490286717815614300 ) ) ;
#6922 = DIRECTION ( 'NONE',  ( -0.0000000000000000000, 1.000000000000000000, -0.0000000000000000000 ) ) ;
#6923 = DIRECTION ( 'NONE',  ( 0.0000000000000000000, 0.0000000000000000000, -1.000000000000000000 ) ) ;
#6924 = DIRECTION ( 'NONE',  ( -0.0000000000000000000, 1.000000000000000000, -0.0000000000000000000 ) ) ;
#6925 = CARTESIAN_POINT ( 'NONE',  ( -8.550798494467112900, 1.260000000000000700, -8.689582562299499100 ) ) ;
#6926 = DIRECTION ( 'NONE',  ( -0.0000000000000000000, 1.000000000000000000, -0.0000000000000000000 ) ) ;
#6927 = CARTESIAN_POINT ( 'NONE',  ( 13.85002207291795500, 5.080000000000004500, 6.091058083755721800 ) ) ;
#6928 = DIRECTION ( 'NONE',  ( 0.0000000000000000000, 0.0000000000000000000, 1.000000000000000000 ) ) ;
#6929 = DIRECTION ( 'NONE',  ( 0.8660254037844363800, -0.0000000000000000000, 0.5000000000000041100 ) ) ;
#6930 = DIRECTION ( 'NONE',  ( 0.0000000000000000000, 0.0000000000000000000, 1.000000000000000000 ) ) ;
#6931 = CARTESIAN_POINT ( 'NONE',  ( 2.749999999999997800, -6.349999999999999600, 0.0000000000000000000 ) ) ;
#6932 = DIRECTION ( 'NONE',  ( 0.8660254037844359300, 9.909389553312442100E-018, -0.5000000000000046600 ) ) ;
#6933 = CARTESIAN_POINT ( 'NONE',  ( -7.684773090682672800, 1.260000000000000700, -8.189582562299499100 ) ) ;
#6934 = DIRECTION ( 'NONE',  ( -0.0000000000000000000, 1.000000000000000000, -0.0000000000000000000 ) ) ;
#6935 = DIRECTION ( 'NONE',  ( 0.0000000000000000000, 0.0000000000000000000, -1.000000000000000000 ) ) ;
#6936 = CARTESIAN_POINT ( 'NONE',  ( 12.70455909487750300, 1.453703605276183700E-016, 4.317999999999998700 ) ) ;
#6937 = CARTESIAN_POINT ( 'NONE',  ( 6.938893903907228400E-015, -1.036991320999790900E-014, 42.64705882352942700 ) ) ;
#6938 = DIRECTION ( 'NONE',  ( 2.224782857940256100E-016, -4.163336342344335800E-017, -1.000000000000000000 ) ) ;
#6939 = DIRECTION ( 'NONE',  ( -1.000000000000000000, 0.0000000000000000000, 0.0000000000000000000 ) ) ;
#6940 = CARTESIAN_POINT ( 'NONE',  ( -11.80079849446711300, 1.260000000000000700, -3.060417437700649200 ) ) ;
#6941 = DIRECTION ( 'NONE',  ( -0.0000000000000000000, 1.000000000000000000, -0.0000000000000000000 ) ) ;
#6942 = CARTESIAN_POINT ( 'NONE',  ( -10.93477309068267400, 1.260000000000000700, -2.560417437700648800 ) ) ;
#6943 = DIRECTION ( 'NONE',  ( -0.0000000000000000000, 1.000000000000000000, -0.0000000000000000000 ) ) ;
#6944 = DIRECTION ( 'NONE',  ( 0.0000000000000000000, 0.0000000000000000000, -1.000000000000000000 ) ) ;
#6945 = DIRECTION ( 'NONE',  ( -0.4999999999999998300, -0.0000000000000000000, 0.8660254037844387100 ) ) ;
#6946 = CARTESIAN_POINT ( 'NONE',  ( 0.0000000000000000000, 0.0000000000000000000, 4.317999999999998700 ) ) ;
#6947 = DIRECTION ( 'NONE',  ( 0.0000000000000000000, 0.0000000000000000000, 1.000000000000000000 ) ) ;
#6948 = DIRECTION ( 'NONE',  ( 1.000000000000000000, -1.110223024625156800E-016, 0.0000000000000000000 ) ) ;
#6949 = DIRECTION ( 'NONE',  ( -0.5000000000000027800, 0.0000000000000000000, 0.8660254037844371500 ) ) ;
#6950 = CARTESIAN_POINT ( 'NONE',  ( -11.80079849446711300, 1.260000000000000700, -3.060417437700649200 ) ) ;
#6951 = CARTESIAN_POINT ( 'NONE',  ( 3.249999999999997800, -6.349999999999999600, 0.0000000000000000000 ) ) ;
#6952 = DIRECTION ( 'NONE',  ( 0.0000000000000000000, 0.0000000000000000000, 1.000000000000000000 ) ) ;
#6953 = DIRECTION ( 'NONE',  ( -1.000000000000000000, 0.0000000000000000000, 0.0000000000000000000 ) ) ;
#6954 = CARTESIAN_POINT ( 'NONE',  ( -4.690544456622782300, 1.260000000000000700, 4.624261314031170600 ) ) ;
#6955 = CARTESIAN_POINT ( 'NONE',  ( -4.690544456622782300, 1.260000000000000700, 4.624261314031170600 ) ) ;
#6956 = CARTESIAN_POINT ( 'NONE',  ( 0.0000000000000000000, 0.0000000000000000000, -0.5119999999999985700 ) ) ;
#6957 = DIRECTION ( 'NONE',  ( 0.0000000000000000000, 0.0000000000000000000, -1.000000000000000000 ) ) ;
#6958 = DIRECTION ( 'NONE',  ( -1.000000000000000000, 1.110223024625156800E-016, 0.0000000000000000000 ) ) ;
#6959 = CARTESIAN_POINT ( 'NONE',  ( 2.624389492455733800, 12.87984705040738700, 4.063999999999998300 ) ) ;
#6960 = CARTESIAN_POINT ( 'NONE',  ( 3.359532115243205400, 12.72498456924554800, 4.066868391238926100 ) ) ;
#6961 = CARTESIAN_POINT ( 'NONE',  ( -3.175000000000017600, 1.260000000000000700, 5.499261314031174100 ) ) ;
#6962 = DIRECTION ( 'NONE',  ( -0.0000000000000000000, 1.000000000000000000, -0.0000000000000000000 ) ) ;
#6963 = DIRECTION ( 'NONE',  ( 0.0000000000000000000, 0.0000000000000000000, -1.000000000000000000 ) ) ;
#6964 = DIRECTION ( 'NONE',  ( -0.5000000000000027800, 0.0000000000000000000, 0.8660254037844371500 ) ) ;
#6965 = CARTESIAN_POINT ( 'NONE',  ( 4.080726664093591100, 12.50685492034319200, 4.069818610459735800 ) ) ;
#6966 = CARTESIAN_POINT ( 'NONE',  ( 5.471963664296292300, 11.95240446819427000, 4.075785734518549800 ) ) ;
#6967 = CARTESIAN_POINT ( 'NONE',  ( 6.147081617981538000, 11.61339177167068300, 4.078825793118444000 ) ) ;
#6968 = CARTESIAN_POINT ( 'NONE',  ( 7.415843846760049400, 10.83466257138952400, 4.084831657419089300 ) ) ;
#6969 = CARTESIAN_POINT ( 'NONE',  ( 8.011929063487892600, 10.39498633143117300, 4.087805838457065900 ) ) ;
#6970 = CARTESIAN_POINT ( 'NONE',  ( 9.128103929330929800, 9.415793870006831800, 4.093696795373778800 ) ) ;
#6971 = CARTESIAN_POINT ( 'NONE',  ( 9.651143340385996100, 8.871932338666798800, 4.096632766004235600 ) ) ;
#6972 = CARTESIAN_POINT ( 'NONE',  ( 10.59233769677778800, 7.707226018023759700, 4.102299011728750800 ) ) ;
#6973 = CARTESIAN_POINT ( 'NONE',  ( 11.01426499565073200, 7.082474011024110000, 4.105024307334762300 ) ) ;
#6974 = CARTESIAN_POINT ( 'NONE',  ( 11.74284274609562000, 5.774264803178203600, 4.110303116641684800 ) ) ;
#6975 = CARTESIAN_POINT ( 'NONE',  ( 12.05179909117250900, 5.084943141596314200, 4.113087448486121300 ) ) ;
#6976 = CARTESIAN_POINT ( 'NONE',  ( 12.54168982011668400, 3.681280492310556900, 4.118763814139555300 ) ) ;
#6977 = CARTESIAN_POINT ( 'NONE',  ( 12.72519992876096500, 2.963744477999306500, 4.121668702817556700 ) ) ;
#6978 = CARTESIAN_POINT ( 'NONE',  ( 12.96935608370055200, 1.497264722432841500, 4.127612812853760400 ) ) ;
#6979 = CARTESIAN_POINT ( 'NONE',  ( 13.02901769311502500, 0.7429918738492707900, 4.130673740966153100 ) ) ;
#6980 = CARTESIAN_POINT ( 'NONE',  ( 13.02378891971058600, 1.592883962825098000E-011, 4.133692574699257900 ) ) ;
#6981 = CARTESIAN_POINT ( 'NONE',  ( -1.659455543377253300, 1.260000000000000700, 6.374261314031178600 ) ) ;
#6982 = DIRECTION ( 'NONE',  ( 0.5000000000000027800, 0.0000000000000000000, -0.8660254037844371500 ) ) ;
#6983 = CARTESIAN_POINT ( 'NONE',  ( -1.659455543377253300, 1.260000000000000700, 6.374261314031178600 ) ) ;
#6984 = DIRECTION ( 'NONE',  ( 0.5000000000000027800, 0.0000000000000000000, -0.8660254037844371500 ) ) ;
#6985 = DIRECTION ( 'NONE',  ( 0.5000000000000026600, 0.0000000000000000000, -0.8660254037844370400 ) ) ;
#6986 = CARTESIAN_POINT ( 'NONE',  ( 3.175000000000017600, 1.260000000000000700, -5.499261314031174100 ) ) ;
#6987 = DIRECTION ( 'NONE',  ( -0.0000000000000000000, 1.000000000000000000, -0.0000000000000000000 ) ) ;
#6988 = DIRECTION ( 'NONE',  ( -1.734723475976808300E-015, 0.0000000000000000000, -1.000000000000000000 ) ) ;
#6989 = CARTESIAN_POINT ( 'NONE',  ( 9.280258839305821200, -2.398676442232259700, 0.8179999999999992800 ) ) ;
#6990 = CARTESIAN_POINT ( 'NONE',  ( -7.050000000000000700, 2.539999999999998700, 1.000000000000000900 ) ) ;
#6991 = DIRECTION ( 'NONE',  ( 0.0000000000000000000, 0.0000000000000000000, 1.000000000000000000 ) ) ;
#6992 = DIRECTION ( 'NONE',  ( -1.000000000000000000, 0.0000000000000000000, 0.0000000000000000000 ) ) ;
#6993 = CARTESIAN_POINT ( 'NONE',  ( -5.996281292110201600, 3.910000000000000100, 3.985863854409639600 ) ) ;
#6994 = DIRECTION ( 'NONE',  ( -0.0000000000000000000, 1.000000000000000000, -0.0000000000000000000 ) ) ;
#6995 = DIRECTION ( 'NONE',  ( 0.0000000000000000000, 0.0000000000000000000, 1.000000000000000000 ) ) ;
#6996 = CARTESIAN_POINT ( 'NONE',  ( -1.659455543377253300, 3.910000000000000100, 6.374261314031178600 ) ) ;
#6997 = CARTESIAN_POINT ( 'NONE',  ( 3.249999999999997800, 6.349999999999999600, 0.0000000000000000000 ) ) ;
#6998 = DIRECTION ( 'NONE',  ( 0.0000000000000000000, 0.0000000000000000000, 1.000000000000000000 ) ) ;
#6999 = DIRECTION ( 'NONE',  ( 1.000000000000000000, 0.0000000000000000000, 0.0000000000000000000 ) ) ;
#7000 = DIRECTION ( 'NONE',  ( 0.0000000000000000000, 0.0000000000000000000, 1.000000000000000000 ) ) ;
#7001 = CARTESIAN_POINT ( 'NONE',  ( 10.53025884418231900, -2.398676442232260200, 0.8179999999999992800 ) ) ;
#7002 = DIRECTION ( 'NONE',  ( 0.0000000000000000000, 0.0000000000000000000, 1.000000000000000000 ) ) ;
#7003 = DIRECTION ( 'NONE',  ( -1.000000000000000000, 0.0000000000000000000, 0.0000000000000000000 ) ) ;
#7004 = CARTESIAN_POINT ( 'NONE',  ( -4.690544456622782300, 3.910000000000000100, 4.624261314031170600 ) ) ;
#7005 = CARTESIAN_POINT ( 'NONE',  ( -6.550000000000000700, 2.539999999999998700, 0.0000000000000000000 ) ) ;
#7006 = CARTESIAN_POINT ( 'NONE',  ( -3.175000000000017600, 3.910000000000000100, 5.499261314031174100 ) ) ;
#7007 = DIRECTION ( 'NONE',  ( 0.0000000000000000000, 1.000000000000000000, 0.0000000000000000000 ) ) ;
#7008 = DIRECTION ( 'NONE',  ( 0.0000000000000000000, 0.0000000000000000000, 1.000000000000000000 ) ) ;
#7009 = DIRECTION ( 'NONE',  ( -0.5000000000000026600, -0.0000000000000000000, 0.8660254037844370400 ) ) ;
#7010 = DIRECTION ( 'NONE',  ( 0.0000000000000000000, 0.0000000000000000000, 1.000000000000000000 ) ) ;
#7011 = CARTESIAN_POINT ( 'NONE',  ( -8.221633369868305500, 3.910000000000000100, 3.740286717815578300 ) ) ;
#7012 = DIRECTION ( 'NONE',  ( -0.5000000000000026600, -0.0000000000000000000, 0.8660254037844372600 ) ) ;
#7013 = CARTESIAN_POINT ( 'NONE',  ( -8.037658773652724500, 3.910000000000000100, 1.421633369868238600 ) ) ;
#7014 = DIRECTION ( 'NONE',  ( -0.0000000000000000000, -1.000000000000000000, -0.0000000000000000000 ) ) ;
#7015 = DIRECTION ( 'NONE',  ( 1.734723475976807100E-015, 0.0000000000000000000, 1.000000000000000000 ) ) ;
#7016 = CARTESIAN_POINT ( 'NONE',  ( 10.53025884418231900, -2.398676442232260200, 2.267999999999999300 ) ) ;
#7017 = DIRECTION ( 'NONE',  ( 0.0000000000000000000, 0.0000000000000000000, 1.000000000000000000 ) ) ;
#7018 = DIRECTION ( 'NONE',  ( 1.000000000000000000, 0.0000000000000000000, 0.0000000000000000000 ) ) ;
#7019 = CARTESIAN_POINT ( 'NONE',  ( 10.18256827615184600, -3.599347621653956600, 2.568000000000000900 ) ) ;
#7020 = DIRECTION ( 'NONE',  ( -0.0000000000000000000, -0.0000000000000000000, -1.000000000000000000 ) ) ;
#7021 = CARTESIAN_POINT ( 'NONE',  ( -7.171633369868287900, 3.910000000000000100, 1.921633369868240800 ) ) ;
#7022 = DIRECTION ( 'NONE',  ( -0.0000000000000000000, 1.000000000000000000, -0.0000000000000000000 ) ) ;
#7023 = CARTESIAN_POINT ( 'NONE',  ( -7.355607966083868000, 3.910000000000000100, 4.240286717815580500 ) ) ;
#7024 = DIRECTION ( 'NONE',  ( 0.0000000000000000000, 1.000000000000000000, 0.0000000000000000000 ) ) ;
#7025 = DIRECTION ( 'NONE',  ( 0.0000000000000000000, 0.0000000000000000000, 1.000000000000000000 ) ) ;
#7026 = CARTESIAN_POINT ( 'NONE',  ( -2.159455543377246200, 3.910000000000000100, 7.240286717815597400 ) ) ;
#7027 = DIRECTION ( 'NONE',  ( 0.5000000000000027800, 0.0000000000000000000, -0.8660254037844371500 ) ) ;
#7028 = CARTESIAN_POINT ( 'NONE',  ( 0.005607966083841155200, 3.910000000000000100, 8.490286717815614300 ) ) ;
#7029 = DIRECTION ( 'NONE',  ( -0.0000000000000000000, 1.000000000000000000, -0.0000000000000000000 ) ) ;
#7030 = DIRECTION ( 'NONE',  ( 0.0000000000000000000, 0.0000000000000000000, -1.000000000000000000 ) ) ;
#7031 = CARTESIAN_POINT ( 'NONE',  ( -8.221633369868305500, 3.910000000000000100, 3.740286717815578300 ) ) ;
#7032 = DIRECTION ( 'NONE',  ( -0.0000000000000000000, 1.000000000000000000, -0.0000000000000000000 ) ) ;
#7033 = CARTESIAN_POINT ( 'NONE',  ( -1.921633369868262600, 3.910000000000000100, -7.171633369868348300 ) ) ;
#7034 = DIRECTION ( 'NONE',  ( -0.0000000000000000000, -1.000000000000000000, -0.0000000000000000000 ) ) ;
#7035 = CARTESIAN_POINT ( 'NONE',  ( -8.221633369868305500, 3.910000000000000100, 3.740286717815578300 ) ) ;
#7036 = DIRECTION ( 'NONE',  ( -0.5000000000000026600, -0.0000000000000000000, 0.8660254037844372600 ) ) ;
#7037 = CARTESIAN_POINT ( 'NONE',  ( -0.8716333698683003100, 3.910000000000000100, -8.990286717815591200 ) ) ;
#7038 = DIRECTION ( 'NONE',  ( -0.0000000000000000000, 1.000000000000000000, -0.0000000000000000000 ) ) ;
#7039 = CARTESIAN_POINT ( 'NONE',  ( 5.996281292110215800, 3.910000000000000100, -3.985863854409618800 ) ) ;
#7040 = DIRECTION ( 'NONE',  ( -0.0000000000000000000, 1.000000000000000000, -0.0000000000000000000 ) ) ;
#7041 = DIRECTION ( 'NONE',  ( 0.0000000000000000000, 0.0000000000000000000, 1.000000000000000000 ) ) ;
#7042 = CARTESIAN_POINT ( 'NONE',  ( 7.355607966083859100, 3.910000000000000100, -4.240286717815566300 ) ) ;
#7043 = DIRECTION ( 'NONE',  ( 0.0000000000000000000, 1.000000000000000000, 0.0000000000000000000 ) ) ;
#7044 = DIRECTION ( 'NONE',  ( 0.0000000000000000000, 0.0000000000000000000, 1.000000000000000000 ) ) ;
#7045 = CARTESIAN_POINT ( 'NONE',  ( -4.690544456622782300, 3.910000000000000100, 4.624261314031170600 ) ) ;
#7046 = DIRECTION ( 'NONE',  ( -0.5000000000000026600, -0.0000000000000000000, 0.8660254037844370400 ) ) ;
#7047 = CARTESIAN_POINT ( 'NONE',  ( -0.005607966083859369800, 3.910000000000000100, -8.490286717815587600 ) ) ;
#7048 = DIRECTION ( 'NONE',  ( -0.0000000000000000000, 1.000000000000000000, -0.0000000000000000000 ) ) ;
#7049 = DIRECTION ( 'NONE',  ( 0.0000000000000000000, 0.0000000000000000000, -1.000000000000000000 ) ) ;
#7050 = CARTESIAN_POINT ( 'NONE',  ( -2.787658773652699700, 3.910000000000000100, -7.671633369868348300 ) ) ;
#7051 = DIRECTION ( 'NONE',  ( -0.0000000000000000000, -1.000000000000000000, -0.0000000000000000000 ) ) ;
#7052 = DIRECTION ( 'NONE',  ( 0.0000000000000000000, 0.0000000000000000000, 1.000000000000000000 ) ) ;
#7053 = DIRECTION ( 'NONE',  ( -0.0000000000000000000, 1.000000000000000000, -0.0000000000000000000 ) ) ;
#7054 = CARTESIAN_POINT ( 'NONE',  ( 1.659455543377252200, -16.26796789124274400, -6.374261314031182100 ) ) ;
#7055 = CARTESIAN_POINT ( 'NONE',  ( 3.175000000000017600, 3.910000000000000100, -5.499261314031174100 ) ) ;
#7056 = DIRECTION ( 'NONE',  ( -0.0000000000000000000, 1.000000000000000000, -0.0000000000000000000 ) ) ;
#7057 = DIRECTION ( 'NONE',  ( 0.0000000000000000000, 0.0000000000000000000, -1.000000000000000000 ) ) ;
#7058 = CARTESIAN_POINT ( 'NONE',  ( 4.690544456622782300, -16.26796789124274400, -4.624261314031173200 ) ) ;
#7059 = DIRECTION ( 'NONE',  ( -0.0000000000000000000, 1.000000000000000000, -0.0000000000000000000 ) ) ;
#7060 = CARTESIAN_POINT ( 'NONE',  ( -4.690544456622782300, -16.26796789124274400, 4.624261314031170600 ) ) ;
#7061 = DIRECTION ( 'NONE',  ( -0.0000000000000000000, 1.000000000000000000, -0.0000000000000000000 ) ) ;
#7062 = CARTESIAN_POINT ( 'NONE',  ( -5.996281292110201600, 0.7100000000000023000, 3.985863854409639600 ) ) ;
#7063 = DIRECTION ( 'NONE',  ( -0.0000000000000000000, 1.000000000000000000, -0.0000000000000000000 ) ) ;
#7064 = DIRECTION ( 'NONE',  ( 0.0000000000000000000, 0.0000000000000000000, 1.000000000000000000 ) ) ;
#7065 = CARTESIAN_POINT ( 'NONE',  ( -5.996281292110201600, 1.109999999999999900, 3.985863854409639600 ) ) ;
#7066 = DIRECTION ( 'NONE',  ( -0.0000000000000000000, 1.000000000000000000, -0.0000000000000000000 ) ) ;
#7067 = DIRECTION ( 'NONE',  ( 0.0000000000000000000, 0.0000000000000000000, 1.000000000000000000 ) ) ;
#7068 = CARTESIAN_POINT ( 'NONE',  ( -5.996281292110201600, 1.109999999999999900, 3.985863854409639600 ) ) ;
#7069 = DIRECTION ( 'NONE',  ( -0.0000000000000000000, 1.000000000000000000, -0.0000000000000000000 ) ) ;
#7070 = DIRECTION ( 'NONE',  ( 0.0000000000000000000, 0.0000000000000000000, 1.000000000000000000 ) ) ;
#7071 = CARTESIAN_POINT ( 'NONE',  ( 5.996281292110215800, 0.7100000000000023000, -3.985863854409618800 ) ) ;
#7072 = DIRECTION ( 'NONE',  ( -0.0000000000000000000, 1.000000000000000000, -0.0000000000000000000 ) ) ;
#7073 = DIRECTION ( 'NONE',  ( 0.0000000000000000000, 0.0000000000000000000, 1.000000000000000000 ) ) ;
#7074 = CARTESIAN_POINT ( 'NONE',  ( 5.996281292110215800, 1.109999999999999900, -3.985863854409618800 ) ) ;
#7075 = DIRECTION ( 'NONE',  ( -0.0000000000000000000, 1.000000000000000000, -0.0000000000000000000 ) ) ;
#7076 = DIRECTION ( 'NONE',  ( 0.0000000000000000000, 0.0000000000000000000, 1.000000000000000000 ) ) ;
#7077 = CARTESIAN_POINT ( 'NONE',  ( 5.996281292110215800, 1.109999999999999900, -3.985863854409618800 ) ) ;
#7078 = DIRECTION ( 'NONE',  ( -0.0000000000000000000, 1.000000000000000000, -0.0000000000000000000 ) ) ;
#7079 = DIRECTION ( 'NONE',  ( 0.0000000000000000000, 0.0000000000000000000, 1.000000000000000000 ) ) ;
#7080 = CARTESIAN_POINT ( 'NONE',  ( 8.694895053995763200, 5.080000000000004500, 5.020000000000019100 ) ) ;
#7081 = DIRECTION ( 'NONE',  ( 0.8660254037844363800, -0.0000000000000000000, 0.5000000000000041100 ) ) ;
#7082 = DIRECTION ( 'NONE',  ( 0.5000000000000041100, 0.0000000000000000000, -0.8660254037844362700 ) ) ;
#7083 = CARTESIAN_POINT ( 'NONE',  ( -10.53025884418233500, 2.398676442232187300, 0.8179999999999992800 ) ) ;
#7084 = DIRECTION ( 'NONE',  ( 0.0000000000000000000, 0.0000000000000000000, 1.000000000000000000 ) ) ;
#7085 = DIRECTION ( 'NONE',  ( 1.000000000000000000, 0.0000000000000000000, 0.0000000000000000000 ) ) ;
#7086 = CARTESIAN_POINT ( 'NONE',  ( 8.694895053995766800, 5.080000000000001000, 5.020000000000017300 ) ) ;
#7087 = DIRECTION ( 'NONE',  ( 0.8660254037844363800, -0.0000000000000000000, 0.5000000000000041100 ) ) ;
#7088 = DIRECTION ( 'NONE',  ( -0.5000000000000038900, 0.0000000000000000000, 0.8660254037844364900 ) ) ;
#7089 = CARTESIAN_POINT ( 'NONE',  ( 8.002074730968203700, 5.080000000000001000, 4.620000000000009900 ) ) ;
#7090 = DIRECTION ( 'NONE',  ( 0.8660254037844380400, -0.0000000000000000000, 0.5000000000000010000 ) ) ;
#7091 = DIRECTION ( 'NONE',  ( 0.5000000000000008900, 0.0000000000000000000, -0.8660254037844381500 ) ) ;
#7092 = CARTESIAN_POINT ( 'NONE',  ( 7.961902895719874500, 5.080000000000001000, 4.596806780105544600 ) ) ;
#7093 = DIRECTION ( 'NONE',  ( -0.8660254037844380400, 0.0000000000000000000, -0.5000000000000010000 ) ) ;
#7094 = DIRECTION ( 'NONE',  ( 0.5000000000000011100, 0.0000000000000000000, -0.8660254037844380400 ) ) ;
#7095 = CARTESIAN_POINT ( 'NONE',  ( -0.2500000000000000000, 3.061616997868380600E-017, -0.09999999999999245600 ) ) ;
#7096 = DIRECTION ( 'NONE',  ( -0.7071067811865480200, 8.659560562354931600E-017, 0.7071067811865470200 ) ) ;
#7097 = CARTESIAN_POINT ( 'NONE',  ( -10.53025884418233500, 2.398676442232187300, 2.267999999999999300 ) ) ;
#7098 = DIRECTION ( 'NONE',  ( 0.0000000000000000000, 0.0000000000000000000, 1.000000000000000000 ) ) ;
#7099 = DIRECTION ( 'NONE',  ( 1.000000000000000000, 0.0000000000000000000, 0.0000000000000000000 ) ) ;
#7100 = DIRECTION ( 'NONE',  ( -0.5091408278264391000, 3.104901194348299300E-017, -0.8606832271168112200 ) ) ;
#7101 = CARTESIAN_POINT ( 'NONE',  ( -61.11549814728771000, -8.453180956037511900E-015, 42.64705882352941300 ) ) ;
#7102 = DIRECTION ( 'NONE',  ( 3.469446951953613600E-017, -1.000000000000000000, 4.163336342344335800E-017 ) ) ;
#7103 = DIRECTION ( 'NONE',  ( 0.0000000000000000000, -4.163336342344336400E-017, -1.000000000000000000 ) ) ;
#7104 = CARTESIAN_POINT ( 'NONE',  ( -11.54745161665632700, -3.273990546161156800E-015, 2.868060969655237300 ) ) ;
#7105 = CARTESIAN_POINT ( 'NONE',  ( -8.514413975028649200, -3.469446951953614200E-015, 11.53066350379410200 ) ) ;
#7106 = DIRECTION ( 'NONE',  ( 0.5091408278264393200, -4.140806982459597700E-017, 0.8606832271168112200 ) ) ;
#7107 = DIRECTION ( 'NONE',  ( -0.8606832271168108900, 0.0000000000000000000, 0.5091408278264397700 ) ) ;
#7108 = DIRECTION ( 'NONE',  ( -0.5091408278264391000, 3.104901194348299300E-017, -0.8606832271168112200 ) ) ;
#7109 = CARTESIAN_POINT ( 'NONE',  ( -13.60582225329302000, -3.035766082959412400E-015, 2.923831232626015600 ) ) ;
#7110 = DIRECTION ( 'NONE',  ( 0.5091408278264391000, -3.104901194348299300E-017, 0.8606832271168111100 ) ) ;
#7111 = DIRECTION ( 'NONE',  ( -0.8606832271168108900, 1.387778780781442900E-017, 0.5091408278264395500 ) ) ;
#7112 = CARTESIAN_POINT ( 'NONE',  ( 0.0000000000000000000, 0.0000000000000000000, -0.09999999999999245600 ) ) ;
#7113 = DIRECTION ( 'NONE',  ( 0.0000000000000000000, 0.0000000000000000000, 1.000000000000000000 ) ) ;
#7114 = DIRECTION ( 'NONE',  ( 1.000000000000000000, 0.0000000000000000000, 0.0000000000000000000 ) ) ;
#7115 = CARTESIAN_POINT ( 'NONE',  ( 0.0000000000000000000, 0.0000000000000000000, 0.0000000000000000000 ) ) ;
#7116 = DIRECTION ( 'NONE',  ( -0.0000000000000000000, -0.0000000000000000000, -1.000000000000000000 ) ) ;
#7117 = DIRECTION ( 'NONE',  ( 1.000000000000000000, 0.0000000000000000000, 0.0000000000000000000 ) ) ;
#7118 = CARTESIAN_POINT ( 'NONE',  ( -14.64591123427684500, -3.444466933899548400E-015, 4.700967949830419100 ) ) ;
#7119 = CARTESIAN_POINT ( 'NONE',  ( -0.5699297644196614800, -8.673617379884035500E-016, 50.97401883223470500 ) ) ;
#7120 = DIRECTION ( 'NONE',  ( -0.1362495645316903800, -2.775557561562890100E-017, 0.9906745460366510600 ) ) ;
#7121 = DIRECTION ( 'NONE',  ( -0.9906745460366507300, 2.775557561562890400E-017, -0.1362495645316925400 ) ) ;
#7122 = CARTESIAN_POINT ( 'NONE',  ( -61.11549814728771000, -8.673617379884035500E-015, 42.64705882352941300 ) ) ;
#7123 = DIRECTION ( 'NONE',  ( 3.469446951953613600E-017, -1.000000000000000000, 4.163336342344335800E-017 ) ) ;
#7124 = DIRECTION ( 'NONE',  ( 0.0000000000000000000, -4.163336342344334600E-017, -1.000000000000000000 ) ) ;
#7125 = CARTESIAN_POINT ( 'NONE',  ( 6.938893903907228400E-015, -1.036991320999790900E-014, 42.64705882352942700 ) ) ;
#7126 = DIRECTION ( 'NONE',  ( 2.224782857940256100E-016, -4.163336342344335800E-017, -1.000000000000000000 ) ) ;
#7127 = DIRECTION ( 'NONE',  ( -1.000000000000000000, 0.0000000000000000000, 0.0000000000000000000 ) ) ;
#7128 = CARTESIAN_POINT ( 'NONE',  ( -0.5699297644196614800, -8.673617379884035500E-016, 50.97401883223470500 ) ) ;
#7129 = DIRECTION ( 'NONE',  ( -0.1362495645316903800, -2.775557561562890100E-017, 0.9906745460366510600 ) ) ;
#7130 = DIRECTION ( 'NONE',  ( -0.9906745460366507300, 2.775557561562890400E-017, -0.1362495645316925400 ) ) ;
#7131 = CARTESIAN_POINT ( 'NONE',  ( -61.11549814728771000, -8.453180956037511900E-015, 42.64705882352941300 ) ) ;
#7132 = DIRECTION ( 'NONE',  ( 3.469446951953613600E-017, -1.000000000000000000, 4.163336342344335800E-017 ) ) ;
#7133 = DIRECTION ( 'NONE',  ( 0.0000000000000000000, -4.163336342344336400E-017, -1.000000000000000000 ) ) ;
#7134 = CARTESIAN_POINT ( 'NONE',  ( 7.249999999999997300, 6.499999999999998200, 0.7500000000000006700 ) ) ;
#7135 = DIRECTION ( 'NONE',  ( 0.0000000000000000000, 0.0000000000000000000, 1.000000000000000000 ) ) ;
#7136 = CARTESIAN_POINT ( 'NONE',  ( -8.514413975028649200, -3.469446951953614200E-015, 11.53066350379410200 ) ) ;
#7137 = DIRECTION ( 'NONE',  ( 0.5091408278264393200, -4.140806982459597700E-017, 0.8606832271168112200 ) ) ;
#7138 = DIRECTION ( 'NONE',  ( -0.8606832271168108900, 0.0000000000000000000, 0.5091408278264397700 ) ) ;
#7139 = CARTESIAN_POINT ( 'NONE',  ( -7.250000000000000000, 6.499999999999998200, 0.7500000000000006700 ) ) ;
#7140 = CARTESIAN_POINT ( 'NONE',  ( -7.250000000000000900, -6.500000000000000900, 0.7500000000000006700 ) ) ;
#7141 = CARTESIAN_POINT ( 'NONE',  ( -61.11549814728771000, -8.673617379884035500E-015, 42.64705882352941300 ) ) ;
#7142 = DIRECTION ( 'NONE',  ( 3.469446951953613600E-017, -1.000000000000000000, 4.163336342344335800E-017 ) ) ;
#7143 = DIRECTION ( 'NONE',  ( 0.0000000000000000000, -4.163336342344334600E-017, -1.000000000000000000 ) ) ;
#7144 = CARTESIAN_POINT ( 'NONE',  ( -5.000000000000000900, 4.999999999999998200, 1.249999999999997600 ) ) ;
#7145 = DIRECTION ( 'NONE',  ( 0.0000000000000000000, 0.0000000000000000000, 1.000000000000000000 ) ) ;
#7146 = CARTESIAN_POINT ( 'NONE',  ( 4.999999999999999100, 4.999999999999998200, 16.39213562373094700 ) ) ;
#7147 = DIRECTION ( 'NONE',  ( 0.0000000000000000000, 0.0000000000000000000, 1.000000000000000000 ) ) ;
#7148 = CARTESIAN_POINT ( 'NONE',  ( 4.999999999999999100, 4.999999999999998200, 1.249999999999997600 ) ) ;
#7149 = DIRECTION ( 'NONE',  ( 0.0000000000000000000, -1.000000000000000000, 0.0000000000000000000 ) ) ;
#7150 = CARTESIAN_POINT ( 'NONE',  ( -5.000000000000000900, 4.999999999999998200, 1.249999999999997600 ) ) ;
#7151 = DIRECTION ( 'NONE',  ( -1.000000000000000000, 0.0000000000000000000, 0.0000000000000000000 ) ) ;
#7152 = CARTESIAN_POINT ( 'NONE',  ( -5.000000000000000900, 4.999999999999998200, 16.39213562373094700 ) ) ;
#7153 = DIRECTION ( 'NONE',  ( 0.0000000000000000000, -0.0000000000000000000, -1.000000000000000000 ) ) ;
#7154 = DIRECTION ( 'NONE',  ( 0.0000000000000000000, -0.0000000000000000000, -1.000000000000000000 ) ) ;
#7155 = DIRECTION ( 'NONE',  ( 0.0000000000000000000, 0.0000000000000000000, 1.000000000000000000 ) ) ;
#7156 = DIRECTION ( 'NONE',  ( 0.0000000000000000000, 1.000000000000000000, 0.0000000000000000000 ) ) ;
#7157 = CARTESIAN_POINT ( 'NONE',  ( 4.999999999999999100, -5.000000000000001800, 16.39213562373094700 ) ) ;
#7158 = CARTESIAN_POINT ( 'NONE',  ( 7.250000000000004400, -6.500000000000001800, 0.7500000000000006700 ) ) ;
#7159 = DIRECTION ( 'NONE',  ( 0.0000000000000000000, -0.0000000000000000000, -1.000000000000000000 ) ) ;
#7160 = CARTESIAN_POINT ( 'NONE',  ( 7.250000000000004400, -6.500000000000001800, 2.249999999999998700 ) ) ;
#7161 = CARTESIAN_POINT ( 'NONE',  ( 0.0000000000000000000, 0.0000000000000000000, 0.0000000000000000000 ) ) ;
#7162 = DIRECTION ( 'NONE',  ( -0.0000000000000000000, -0.0000000000000000000, -1.000000000000000000 ) ) ;
#7163 = DIRECTION ( 'NONE',  ( 1.000000000000000000, 0.0000000000000000000, 0.0000000000000000000 ) ) ;
#7164 = DIRECTION ( 'NONE',  ( 1.000000000000000000, 0.0000000000000000000, 0.0000000000000000000 ) ) ;
#7165 = DIRECTION ( 'NONE',  ( -2.775557561562891800E-016, 1.000000000000000000, 0.0000000000000000000 ) ) ;
#7166 = CARTESIAN_POINT ( 'NONE',  ( -7.250000000000000000, 6.499999999999998200, 2.249999999999998700 ) ) ;
#7167 = DIRECTION ( 'NONE',  ( 5.551115123125783900E-017, -1.000000000000000000, 0.0000000000000000000 ) ) ;
#7168 = CARTESIAN_POINT ( 'NONE',  ( 7.249999999999997300, 6.499999999999998200, 2.249999999999998700 ) ) ;
#7169 = DIRECTION ( 'NONE',  ( -1.000000000000000000, -5.551115123125783900E-017, 0.0000000000000000000 ) ) ;
#7170 = CARTESIAN_POINT ( 'NONE',  ( -8.250000000000000000, 7.499999999999999100, 2.249999999999998700 ) ) ;
#7171 = CARTESIAN_POINT ( 'NONE',  ( 8.250000000000001800, -7.500000000000000900, 2.249999999999998700 ) ) ;
#7172 = CARTESIAN_POINT ( 'NONE',  ( -7.250000000000000900, -6.500000000000000900, 2.249999999999998700 ) ) ;
#7173 = CARTESIAN_POINT ( 'NONE',  ( -8.250000000000000000, -8.673617379884035500E-016, 2.249999999999998700 ) ) ;
#7174 = DIRECTION ( 'NONE',  ( 0.0000000000000000000, 0.0000000000000000000, -1.000000000000000000 ) ) ;
#7175 = DIRECTION ( 'NONE',  ( -1.000000000000000000, 0.0000000000000000000, 0.0000000000000000000 ) ) ;
#7176 = CARTESIAN_POINT ( 'NONE',  ( -8.250000000000000000, 7.499999999999999100, 2.249999999999998700 ) ) ;
#7177 = DIRECTION ( 'NONE',  ( 0.0000000000000000000, -1.000000000000000000, 0.0000000000000000000 ) ) ;
#7178 = CARTESIAN_POINT ( 'NONE',  ( -8.250000000000000000, -7.500000000000001800, 2.249999999999998700 ) ) ;
#7179 = DIRECTION ( 'NONE',  ( 1.000000000000000000, 0.0000000000000000000, 0.0000000000000000000 ) ) ;
#7180 = CARTESIAN_POINT ( 'NONE',  ( 8.250000000000001800, 7.499999999999999100, 2.249999999999998700 ) ) ;
#7181 = DIRECTION ( 'NONE',  ( -2.775557561562891400E-016, 1.000000000000000000, 0.0000000000000000000 ) ) ;
#7182 = CARTESIAN_POINT ( 'NONE',  ( -8.250000000000000000, 0.2499999999999976100, 2.249999999999998700 ) ) ;
#7183 = CARTESIAN_POINT ( 'NONE',  ( -5.000000000000000900, 4.999999999999998200, 0.7500000000000006700 ) ) ;
#7184 = DIRECTION ( 'NONE',  ( -0.0000000000000000000, 0.0000000000000000000, 1.000000000000000000 ) ) ;
#7185 = DIRECTION ( 'NONE',  ( -1.000000000000000000, 0.0000000000000000000, 0.0000000000000000000 ) ) ;
#7186 = CARTESIAN_POINT ( 'NONE',  ( 8.250000000000001800, 7.499999999999999100, 2.249999999999998700 ) ) ;
#7187 = DIRECTION ( 'NONE',  ( 0.0000000000000000000, -0.0000000000000000000, -1.000000000000000000 ) ) ;
#7188 = DIRECTION ( 'NONE',  ( 0.0000000000000000000, -0.0000000000000000000, -1.000000000000000000 ) ) ;
#7189 = DIRECTION ( 'NONE',  ( 0.0000000000000000000, -1.000000000000000000, 0.0000000000000000000 ) ) ;
#7190 = CARTESIAN_POINT ( 'NONE',  ( -8.250000000000000000, 7.499999999999999100, 2.249999999999998700 ) ) ;
#7191 = DIRECTION ( 'NONE',  ( 0.0000000000000000000, -0.0000000000000000000, -1.000000000000000000 ) ) ;
#7192 = CARTESIAN_POINT ( 'NONE',  ( 6.349999999999999600, -8.673617379884035500E-016, -1.999999999999998200 ) ) ;
#7193 = DIRECTION ( 'NONE',  ( 0.0000000000000000000, 0.0000000000000000000, -1.000000000000000000 ) ) ;
#7194 = DIRECTION ( 'NONE',  ( -1.000000000000000000, 0.0000000000000000000, 0.0000000000000000000 ) ) ;
#7195 = CARTESIAN_POINT ( 'NONE',  ( -6.350000000000000500, 8.673617379884035500E-016, -1.999999999999998200 ) ) ;
#7196 = DIRECTION ( 'NONE',  ( 0.0000000000000000000, -0.0000000000000000000, -1.000000000000000000 ) ) ;
#7197 = DIRECTION ( 'NONE',  ( 1.000000000000000000, 0.0000000000000000000, 0.0000000000000000000 ) ) ;
#7198 = CARTESIAN_POINT ( 'NONE',  ( 0.0000000000000000000, 0.0000000000000000000, -0.3999999999999941400 ) ) ;
#7199 = DIRECTION ( 'NONE',  ( -0.0000000000000000000, -0.0000000000000000000, -1.000000000000000000 ) ) ;
#7200 = DIRECTION ( 'NONE',  ( 1.000000000000000000, 0.0000000000000000000, 0.0000000000000000000 ) ) ;
#7201 = CARTESIAN_POINT ( 'NONE',  ( 0.0000000000000000000, 0.0000000000000000000, 0.0000000000000000000 ) ) ;
#7202 = DIRECTION ( 'NONE',  ( 0.0000000000000000000, 0.0000000000000000000, 1.000000000000000000 ) ) ;
#7203 = DIRECTION ( 'NONE',  ( 1.000000000000000000, 0.0000000000000000000, 0.0000000000000000000 ) ) ;
#7204 = DIRECTION ( 'NONE',  ( 0.0000000000000000000, 0.0000000000000000000, 1.000000000000000000 ) ) ;
#7205 = CARTESIAN_POINT ( 'NONE',  ( 0.0000000000000000000, 0.0000000000000000000, -0.3999999999999941400 ) ) ;
#7206 = DIRECTION ( 'NONE',  ( -0.0000000000000000000, -0.0000000000000000000, -1.000000000000000000 ) ) ;
#7207 = DIRECTION ( 'NONE',  ( 1.000000000000000000, 0.0000000000000000000, 0.0000000000000000000 ) ) ;
#7208 = CARTESIAN_POINT ( 'NONE',  ( -0.4899999999999999900, 6.000769315822026100E-017, -3.249999999999992500 ) ) ;
#7209 = CARTESIAN_POINT ( 'NONE',  ( -0.1900000000000000000, 0.0000000000000000000, -3.299999999999994000 ) ) ;
#7210 = DIRECTION ( 'NONE',  ( -0.0000000000000000000, -1.000000000000000000, -0.0000000000000000000 ) ) ;
#7211 = DIRECTION ( 'NONE',  ( 0.0000000000000000000, 0.0000000000000000000, -1.000000000000000000 ) ) ;
#7212 = CARTESIAN_POINT ( 'NONE',  ( -8.250000000000000000, -0.2500000000000011100, 2.249999999999998700 ) ) ;
#7213 = CARTESIAN_POINT ( 'NONE',  ( 0.0000000000000000000, 0.0000000000000000000, -3.249999999999992500 ) ) ;
#7214 = DIRECTION ( 'NONE',  ( -0.0000000000000000000, -0.0000000000000000000, 1.000000000000000000 ) ) ;
#7215 = DIRECTION ( 'NONE',  ( -1.000000000000000000, 0.0000000000000000000, 0.0000000000000000000 ) ) ;
#7216 = DIRECTION ( 'NONE',  ( 0.0000000000000000000, -0.0000000000000000000, -1.000000000000000000 ) ) ;
#7217 = CARTESIAN_POINT ( 'NONE',  ( 0.0000000000000000000, 0.0000000000000000000, -3.299999999999994000 ) ) ;
#7218 = DIRECTION ( 'NONE',  ( -0.0000000000000000000, -0.0000000000000000000, 1.000000000000000000 ) ) ;
#7219 = DIRECTION ( 'NONE',  ( -1.000000000000000000, 0.0000000000000000000, 0.0000000000000000000 ) ) ;
#7220 = CARTESIAN_POINT ( 'NONE',  ( 0.0000000000000000000, 0.0000000000000000000, -0.09999999999999245600 ) ) ;
#7221 = DIRECTION ( 'NONE',  ( 0.0000000000000000000, 0.0000000000000000000, 1.000000000000000000 ) ) ;
#7222 = DIRECTION ( 'NONE',  ( 1.000000000000000000, 0.0000000000000000000, 0.0000000000000000000 ) ) ;
#7223 = CARTESIAN_POINT ( 'NONE',  ( -8.250000000000000000, -8.673617379884035500E-016, 0.0000000000000000000 ) ) ;
#7224 = DIRECTION ( 'NONE',  ( 0.0000000000000000000, 0.0000000000000000000, -1.000000000000000000 ) ) ;
#7225 = DIRECTION ( 'NONE',  ( -1.000000000000000000, 0.0000000000000000000, 0.0000000000000000000 ) ) ;
#7226 = CARTESIAN_POINT ( 'NONE',  ( -8.250000000000000000, 7.499999999999999100, 0.0000000000000000000 ) ) ;
#7227 = CARTESIAN_POINT ( 'NONE',  ( -8.250000000000000000, -7.500000000000001800, 2.249999999999998700 ) ) ;
#7228 = CARTESIAN_POINT ( 'NONE',  ( 6.349999999999999600, -8.673617379884035500E-016, 0.0000000000000000000 ) ) ;
#7229 = DIRECTION ( 'NONE',  ( -0.0000000000000000000, -0.0000000000000000000, -1.000000000000000000 ) ) ;
#7230 = DIRECTION ( 'NONE',  ( 1.000000000000000000, 0.0000000000000000000, 0.0000000000000000000 ) ) ;
#7231 = CARTESIAN_POINT ( 'NONE',  ( 7.249999999999997300, 6.499999999999998200, 0.7500000000000006700 ) ) ;
#7232 = DIRECTION ( 'NONE',  ( 0.0000000000000000000, -1.000000000000000000, 0.0000000000000000000 ) ) ;
#7233 = DIRECTION ( 'NONE',  ( 0.0000000000000000000, -0.0000000000000000000, -1.000000000000000000 ) ) ;
#7234 = CARTESIAN_POINT ( 'NONE',  ( -5.000000000000000900, -5.000000000000001800, 0.7500000000000006700 ) ) ;
#7235 = DIRECTION ( 'NONE',  ( 1.000000000000000000, 0.0000000000000000000, 0.0000000000000000000 ) ) ;
#7236 = CARTESIAN_POINT ( 'NONE',  ( 4.999999999999999100, 4.999999999999998200, 0.7500000000000006700 ) ) ;
#7237 = DIRECTION ( 'NONE',  ( 0.0000000000000000000, 1.000000000000000000, 0.0000000000000000000 ) ) ;
#7238 = CARTESIAN_POINT ( 'NONE',  ( -5.000000000000000900, 4.999999999999998200, 0.7500000000000006700 ) ) ;
#7239 = DIRECTION ( 'NONE',  ( -1.000000000000000000, 0.0000000000000000000, 0.0000000000000000000 ) ) ;
#7240 = CARTESIAN_POINT ( 'NONE',  ( -7.250000000000000000, 6.499999999999998200, 0.7500000000000006700 ) ) ;
#7241 = DIRECTION ( 'NONE',  ( 1.000000000000000000, 0.0000000000000000000, 0.0000000000000000000 ) ) ;
#7242 = DIRECTION ( 'NONE',  ( 5.551115123125783900E-017, -1.000000000000000000, 0.0000000000000000000 ) ) ;
#7243 = DIRECTION ( 'NONE',  ( -1.000000000000000000, -5.551115123125783900E-017, 0.0000000000000000000 ) ) ;
#7244 = CARTESIAN_POINT ( 'NONE',  ( 7.250000000000004400, -6.500000000000001800, 0.7500000000000006700 ) ) ;
#7245 = DIRECTION ( 'NONE',  ( -2.775557561562891800E-016, 1.000000000000000000, 0.0000000000000000000 ) ) ;
#7246 = CARTESIAN_POINT ( 'NONE',  ( -8.250000000000000000, 7.499999999999999100, 2.249999999999998700 ) ) ;
#7247 = DIRECTION ( 'NONE',  ( 0.0000000000000000000, -1.000000000000000000, 0.0000000000000000000 ) ) ;
#7248 = CARTESIAN_POINT ( 'NONE',  ( 6.575000000000000200, -8.673617379884035500E-016, -1.999999999999998200 ) ) ;
#7249 = DIRECTION ( 'NONE',  ( 0.0000000000000000000, 0.0000000000000000000, 1.000000000000000000 ) ) ;
#7250 = DIRECTION ( 'NONE',  ( 0.0000000000000000000, 0.0000000000000000000, 1.000000000000000000 ) ) ;
#7251 = CARTESIAN_POINT ( 'NONE',  ( 6.124999999999999100, -8.398071850075881000E-016, -1.999999999999998200 ) ) ;
#7252 = CARTESIAN_POINT ( 'NONE',  ( -7.250000000000000900, -6.500000000000000900, 0.7500000000000006700 ) ) ;
#7253 = CARTESIAN_POINT ( 'NONE',  ( 6.349999999999999600, -8.673617379884035500E-016, 0.0000000000000000000 ) ) ;
#7254 = DIRECTION ( 'NONE',  ( -0.0000000000000000000, -0.0000000000000000000, -1.000000000000000000 ) ) ;
#7255 = DIRECTION ( 'NONE',  ( 1.000000000000000000, 0.0000000000000000000, 0.0000000000000000000 ) ) ;
#7256 = DIRECTION ( 'NONE',  ( -0.0000000000000000000, 1.000000000000000000, -0.0000000000000000000 ) ) ;
#7257 = CARTESIAN_POINT ( 'NONE',  ( 0.0000000000000000000, 1.066799999999999700, 0.0000000000000000000 ) ) ;
#7258 = DIRECTION ( 'NONE',  ( 1.486164610904928800E-018, 1.000000000000000000, 1.390432168732589800E-017 ) ) ;
#7259 = DIRECTION ( 'NONE',  ( 1.110223024625156300E-016, 0.0000000000000000000, 1.000000000000000000 ) ) ;
#7260 = CARTESIAN_POINT ( 'NONE',  ( -7.855607966083869800, 3.910000000000000100, 5.106312121600018000 ) ) ;
#7261 = CARTESIAN_POINT ( 'NONE',  ( -0.4943920339161680400, 3.910000000000000100, 9.356312121600048200 ) ) ;
#7262 = CARTESIAN_POINT ( 'NONE',  ( -6.350000000000000500, 8.673617379884035500E-016, 0.0000000000000000000 ) ) ;
#7263 = DIRECTION ( 'NONE',  ( -0.0000000000000000000, -0.0000000000000000000, -1.000000000000000000 ) ) ;
#7264 = DIRECTION ( 'NONE',  ( 1.000000000000000000, 0.0000000000000000000, 0.0000000000000000000 ) ) ;
#7265 = DIRECTION ( 'NONE',  ( 0.8660254037844363800, 0.0000000000000000000, 0.5000000000000041100 ) ) ;
#7266 = CARTESIAN_POINT ( 'NONE',  ( -7.855607966083869800, 3.910000000000000100, 5.106312121600018000 ) ) ;
#7267 = DIRECTION ( 'NONE',  ( -0.0000000000000000000, 1.000000000000000000, -0.0000000000000000000 ) ) ;
#7268 = CARTESIAN_POINT ( 'NONE',  ( -8.250000000000000000, -7.500000000000001800, 0.0000000000000000000 ) ) ;
#7269 = DIRECTION ( 'NONE',  ( 1.000000000000000000, 0.0000000000000000000, 0.0000000000000000000 ) ) ;
#7270 = CARTESIAN_POINT ( 'NONE',  ( 0.0000000000000000000, 1.066799999999999700, 0.0000000000000000000 ) ) ;
#7271 = DIRECTION ( 'NONE',  ( 1.486164610904928800E-018, 1.000000000000000000, 1.390432168732589800E-017 ) ) ;
#7272 = DIRECTION ( 'NONE',  ( 1.110223024625156400E-016, 2.020597628449898300E-017, 1.000000000000000000 ) ) ;
#7273 = CARTESIAN_POINT ( 'NONE',  ( -6.125000000000000000, 8.673617379884035500E-016, -1.999999999999998200 ) ) ;
#7274 = CARTESIAN_POINT ( 'NONE',  ( -8.706793068761708600, 5.510000000000000700, -0.1193920339162060600 ) ) ;
#7275 = CARTESIAN_POINT ( 'NONE',  ( 6.349999999999999600, -8.673617379884035500E-016, -1.999999999999998200 ) ) ;
#7276 = DIRECTION ( 'NONE',  ( 0.0000000000000000000, 0.0000000000000000000, -1.000000000000000000 ) ) ;
#7277 = DIRECTION ( 'NONE',  ( -1.000000000000000000, 0.0000000000000000000, 0.0000000000000000000 ) ) ;
#7278 = CARTESIAN_POINT ( 'NONE',  ( -1.191435838876486800E-015, 1.066799999999999500, -10.73150000000000200 ) ) ;
#7279 = DIRECTION ( 'NONE',  ( -1.486164610904928800E-018, -1.000000000000000000, -1.390432168732589800E-017 ) ) ;
#7280 = DIRECTION ( 'NONE',  ( 0.0000000000000000000, 1.000000000000000000, 0.0000000000000000000 ) ) ;
#7281 = CARTESIAN_POINT ( 'NONE',  ( -10.50679306876173400, 4.095786437626896900, 2.998299419707794100 ) ) ;
#7282 = DIRECTION ( 'NONE',  ( 0.0000000000000000000, -1.000000000000000000, 0.0000000000000000000 ) ) ;
#7283 = CARTESIAN_POINT ( 'NONE',  ( 10.75679306876174100, 5.510000000000000700, -3.431312121600024000 ) ) ;
#7284 = DIRECTION ( 'NONE',  ( -0.8660254037844364900, 0.0000000000000000000, -0.5000000000000037700 ) ) ;
#7285 = DIRECTION ( 'NONE',  ( 0.0000000000000000000, 0.0000000000000000000, 1.000000000000000000 ) ) ;
#7286 = CARTESIAN_POINT ( 'NONE',  ( 8.250000000000001800, 7.499999999999999100, 0.0000000000000000000 ) ) ;
#7287 = DIRECTION ( 'NONE',  ( -2.775557561562891400E-016, 1.000000000000000000, 0.0000000000000000000 ) ) ;
#7288 = DIRECTION ( 'NONE',  ( -1.000000000000000000, 0.0000000000000000000, 0.0000000000000000000 ) ) ;
#7289 = CARTESIAN_POINT ( 'NONE',  ( 0.0000000000000000000, 0.0000000000000000000, 0.0000000000000000000 ) ) ;
#7290 = DIRECTION ( 'NONE',  ( 1.486164610904928800E-018, 1.000000000000000000, 1.390432168732589800E-017 ) ) ;
#7291 = DIRECTION ( 'NONE',  ( 1.110223024625156400E-016, 1.390432168732589500E-017, 1.000000000000000000 ) ) ;
#7292 = CARTESIAN_POINT ( 'NONE',  ( -8.250000000000000000, 7.499999999999999100, 0.0000000000000000000 ) ) ;
#7293 = CARTESIAN_POINT ( 'NONE',  ( -6.350000000000000500, 8.673617379884035500E-016, 0.0000000000000000000 ) ) ;
#7294 = DIRECTION ( 'NONE',  ( -0.0000000000000000000, -0.0000000000000000000, -1.000000000000000000 ) ) ;
#7295 = EDGE_CURVE ( 'NONE', #3845, #3169, #2048, .T. ) ;
#7296 = DIRECTION ( 'NONE',  ( 1.000000000000000000, 0.0000000000000000000, 0.0000000000000000000 ) ) ;
#7297 = CARTESIAN_POINT ( 'NONE',  ( -8.250000000000000000, 7.499999999999999100, 0.0000000000000000000 ) ) ;
#7298 = EDGE_CURVE ( 'NONE', #3169, #3898, #2047, .T. ) ;
#7299 = EDGE_CURVE ( 'NONE', #3799, #5635, #2044, .T. ) ;
#7300 = DIRECTION ( 'NONE',  ( 0.0000000000000000000, -1.000000000000000000, 0.0000000000000000000 ) ) ;
#7301 = EDGE_CURVE ( 'NONE', #5824, #6056, #2050, .T. ) ;
#7302 = DIRECTION ( 'NONE',  ( 0.0000000000000000000, -1.000000000000000000, 0.0000000000000000000 ) ) ;
#7303 = EDGE_CURVE ( 'NONE', #3967, #3917, #2051, .T. ) ;
#7304 = CARTESIAN_POINT ( 'NONE',  ( -6.350000000000000500, 8.673617379884035500E-016, -1.999999999999998200 ) ) ;
#7305 = DIRECTION ( 'NONE',  ( 0.0000000000000000000, -0.0000000000000000000, -1.000000000000000000 ) ) ;
#7306 = DIRECTION ( 'NONE',  ( 1.000000000000000000, 0.0000000000000000000, 0.0000000000000000000 ) ) ;
#7307 = CARTESIAN_POINT ( 'NONE',  ( 1.973780366869478000, 4.095786437626896900, 10.78131212160007400 ) ) ;
#7308 = CARTESIAN_POINT ( 'NONE',  ( 8.868100134752642900, 5.080000000000001000, 5.120000000000009900 ) ) ;
#7309 = DIRECTION ( 'NONE',  ( 0.8660254037844380400, -0.0000000000000000000, 0.5000000000000010000 ) ) ;
#7310 = EDGE_CURVE ( 'NONE', #5598, #3979, #2015, .T. ) ;
#7311 = DIRECTION ( 'NONE',  ( 0.5000000000000008900, 0.0000000000000000000, -0.8660254037844381500 ) ) ;
#7312 = CARTESIAN_POINT ( 'NONE',  ( -6.575000000000001100, 8.949162909692189900E-016, -1.999999999999998200 ) ) ;
#7313 = EDGE_CURVE ( 'NONE', #5598, #6026, #2049, .T. ) ;
#7314 = DIRECTION ( 'NONE',  ( 0.0000000000000000000, 0.0000000000000000000, 1.000000000000000000 ) ) ;
#7315 = CARTESIAN_POINT ( 'NONE',  ( 0.0000000000000000000, 0.0000000000000000000, 0.0000000000000000000 ) ) ;
#7316 = DIRECTION ( 'NONE',  ( 1.486164610904928800E-018, 1.000000000000000000, 1.390432168732589800E-017 ) ) ;
#7317 = DIRECTION ( 'NONE',  ( 1.110223024625156300E-016, 1.390432168732589500E-017, 1.000000000000000000 ) ) ;
#7318 = CARTESIAN_POINT ( 'NONE',  ( -0.2500000000000000000, 3.061616997868380600E-017, -0.3999999999999941400 ) ) ;
#7319 = DIRECTION ( 'NONE',  ( 0.0000000000000000000, 0.0000000000000000000, 1.000000000000000000 ) ) ;
#7320 = CARTESIAN_POINT ( 'NONE',  ( 0.0000000000000000000, 0.0000000000000000000, 0.0000000000000000000 ) ) ;
#7321 = DIRECTION ( 'NONE',  ( 1.486164610904928800E-018, 1.000000000000000000, 1.390432168732589800E-017 ) ) ;
#7322 = DIRECTION ( 'NONE',  ( 1.110223024625156400E-016, 1.390432168732589500E-017, 1.000000000000000000 ) ) ;
#7323 = CARTESIAN_POINT ( 'NONE',  ( 0.7249999999999999800, 0.0000000000000000000, -0.3999999999999941400 ) ) ;
#7324 = CARTESIAN_POINT ( 'NONE',  ( 0.0000000000000000000, 0.0000000000000000000, -3.249999999999992500 ) ) ;
#7325 = DIRECTION ( 'NONE',  ( -0.0000000000000000000, -0.0000000000000000000, 1.000000000000000000 ) ) ;
#7326 = DIRECTION ( 'NONE',  ( -1.000000000000000000, 0.0000000000000000000, 0.0000000000000000000 ) ) ;
#7327 = CARTESIAN_POINT ( 'NONE',  ( 0.2500000000000000000, 0.0000000000000000000, -0.3999999999999941400 ) ) ;
#7328 = DIRECTION ( 'NONE',  ( 0.0000000000000000000, 0.0000000000000000000, 1.000000000000000000 ) ) ;
#7329 = CARTESIAN_POINT ( 'NONE',  ( -7.184773090682671900, 1.260000000000000700, -9.055607966083934800 ) ) ;
#7330 = DIRECTION ( 'NONE',  ( -0.8660254037844366000, -0.0000000000000000000, -0.5000000000000036600 ) ) ;
#7331 = CARTESIAN_POINT ( 'NONE',  ( 2.406793068761695900, 5.510000000000000700, 11.03131212160007400 ) ) ;
#7332 = DIRECTION ( 'NONE',  ( 0.8660254037844364900, -0.0000000000000000000, 0.5000000000000038900 ) ) ;
#7333 = CARTESIAN_POINT ( 'NONE',  ( 0.6094555433772660400, 1.260000000000000700, -4.555607966083896600 ) ) ;
#7334 = DIRECTION ( 'NONE',  ( 0.0000000000000000000, 1.000000000000000000, 0.0000000000000000000 ) ) ;
#7335 = DIRECTION ( 'NONE',  ( 0.0000000000000000000, 0.0000000000000000000, 1.000000000000000000 ) ) ;
#7336 = CARTESIAN_POINT ( 'NONE',  ( 0.0000000000000000000, 0.0000000000000000000, -0.3999999999999941400 ) ) ;
#7337 = DIRECTION ( 'NONE',  ( 0.0000000000000000000, 0.0000000000000000000, 1.000000000000000000 ) ) ;
#7338 = DIRECTION ( 'NONE',  ( 1.000000000000000000, 0.0000000000000000000, 0.0000000000000000000 ) ) ;
#7339 = DIRECTION ( 'NONE',  ( 0.0000000000000000000, 0.0000000000000000000, 1.000000000000000000 ) ) ;
#7340 = CARTESIAN_POINT ( 'NONE',  ( -0.7249999999999999800, 8.878689293818303400E-017, -0.3999999999999941400 ) ) ;
#7341 = CARTESIAN_POINT ( 'NONE',  ( 8.868100134752639400, 5.080000000000004500, 5.120000000000013400 ) ) ;
#7342 = DIRECTION ( 'NONE',  ( -0.8660254037844380400, 0.0000000000000000000, -0.5000000000000010000 ) ) ;
#7343 = DIRECTION ( 'NONE',  ( -0.5000000000000007800, 0.0000000000000000000, 0.8660254037844381500 ) ) ;
#7344 = CARTESIAN_POINT ( 'NONE',  ( 0.0000000000000000000, 0.0000000000000000000, 0.0000000000000000000 ) ) ;
#7345 = DIRECTION ( 'NONE',  ( 0.0000000000000000000, 0.0000000000000000000, 1.000000000000000000 ) ) ;
#7346 = DIRECTION ( 'NONE',  ( 1.000000000000000000, 0.0000000000000000000, 0.0000000000000000000 ) ) ;
#7347 = CARTESIAN_POINT ( 'NONE',  ( 0.4899999999999999900, 0.0000000000000000000, -3.249999999999992500 ) ) ;
#7348 = DIRECTION ( 'NONE',  ( 0.0000000000000000000, 0.0000000000000000000, 1.000000000000000000 ) ) ;
#7349 = DIRECTION ( 'NONE',  ( -0.8660254037844373800, -0.0000000000000000000, -0.5000000000000021100 ) ) ;
#7350 = CARTESIAN_POINT ( 'NONE',  ( 0.4943920339161398400, 3.910000000000000100, -9.356312121600019800 ) ) ;
#7351 = CARTESIAN_POINT ( 'NONE',  ( 0.0000000000000000000, 0.0000000000000000000, -3.599999999999992100 ) ) ;
#7352 = DIRECTION ( 'NONE',  ( 0.0000000000000000000, 0.0000000000000000000, -1.000000000000000000 ) ) ;
#7353 = DIRECTION ( 'NONE',  ( -1.000000000000000000, 0.0000000000000000000, 0.0000000000000000000 ) ) ;
#7354 = CARTESIAN_POINT ( 'NONE',  ( 5.305607966083866400, 1.260000000000000700, -0.6895825622994268300 ) ) ;
#7355 = DIRECTION ( 'NONE',  ( 0.0000000000000000000, 1.000000000000000000, 0.0000000000000000000 ) ) ;
#7356 = DIRECTION ( 'NONE',  ( 0.0000000000000000000, 0.0000000000000000000, 1.000000000000000000 ) ) ;
#7357 = CARTESIAN_POINT ( 'NONE',  ( 7.855607966083855600, 3.910000000000000100, -5.106312121600006500 ) ) ;
#7358 = DIRECTION ( 'NONE',  ( -0.0000000000000000000, 1.000000000000000000, -0.0000000000000000000 ) ) ;
#7359 = CARTESIAN_POINT ( 'NONE',  ( 0.3716333698683249000, 5.510000000000000700, 9.856312121600026900 ) ) ;
#7360 = DIRECTION ( 'NONE',  ( 0.4999999999999999400, 0.0000000000000000000, -0.8660254037844386000 ) ) ;
#7361 = CARTESIAN_POINT ( 'NONE',  ( 2.406793068761699400, 5.510000000000000700, 11.03131212160007200 ) ) ;
#7362 = DIRECTION ( 'NONE',  ( -0.0000000000000000000, -1.000000000000000000, -0.0000000000000000000 ) ) ;
#7363 = DIRECTION ( 'NONE',  ( 0.0000000000000000000, 0.0000000000000000000, 1.000000000000000000 ) ) ;
#7364 = CARTESIAN_POINT ( 'NONE',  ( 10.50679306876174100, 4.095786437626896900, -2.998299419707802600 ) ) ;
#7365 = DIRECTION ( 'NONE',  ( 0.0000000000000000000, -1.000000000000000000, 0.0000000000000000000 ) ) ;
#7366 = CARTESIAN_POINT ( 'NONE',  ( 0.005607966083841155200, 5.510000000000000700, 8.490286717815614300 ) ) ;
#7367 = DIRECTION ( 'NONE',  ( -0.0000000000000000000, 1.000000000000000000, -0.0000000000000000000 ) ) ;
#7368 = DIRECTION ( 'NONE',  ( 0.0000000000000000000, 0.0000000000000000000, -1.000000000000000000 ) ) ;
#7369 = CARTESIAN_POINT ( 'NONE',  ( -1.973780366869473300, 4.095786437626896900, -10.78131212160007900 ) ) ;
#7370 = DIRECTION ( 'NONE',  ( 0.0000000000000000000, -1.000000000000000000, 0.0000000000000000000 ) ) ;
#7371 = CARTESIAN_POINT ( 'NONE',  ( 7.355607966083859100, 5.510000000000000700, -4.240286717815566300 ) ) ;
#7372 = DIRECTION ( 'NONE',  ( 0.0000000000000000000, 1.000000000000000000, 0.0000000000000000000 ) ) ;
#7373 = DIRECTION ( 'NONE',  ( 0.0000000000000000000, 0.0000000000000000000, 1.000000000000000000 ) ) ;
#7374 = CARTESIAN_POINT ( 'NONE',  ( 10.75679306876174100, 5.510000000000000700, -3.431312121600024000 ) ) ;
#7375 = DIRECTION ( 'NONE',  ( 0.5000000000000027800, -0.0000000000000000000, -0.8660254037844370400 ) ) ;
#7376 = CARTESIAN_POINT ( 'NONE',  ( -7.184773090682671900, 3.910000000000000100, -9.055607966083934800 ) ) ;
#7377 = DIRECTION ( 'NONE',  ( 0.8660254037844364900, 0.0000000000000000000, 0.5000000000000036600 ) ) ;
#7378 = CARTESIAN_POINT ( 'NONE',  ( -7.184773090682671900, 1.260000000000000700, -9.055607966083934800 ) ) ;
#7379 = DIRECTION ( 'NONE',  ( -0.0000000000000000000, 1.000000000000000000, -0.0000000000000000000 ) ) ;
#7380 = CARTESIAN_POINT ( 'NONE',  ( 0.4943920339161413400, 3.910000000000000100, -9.356312121600026900 ) ) ;
#7381 = DIRECTION ( 'NONE',  ( -0.0000000000000000000, 1.000000000000000000, -0.0000000000000000000 ) ) ;
#7382 = CARTESIAN_POINT ( 'NONE',  ( 6.250000000000000000, 7.654042494670957600E-016, 1.500000000000001300 ) ) ;
#7383 = CARTESIAN_POINT ( 'NONE',  ( 8.250000000000000000, -7.250000000000000900, 1.000000000000000900 ) ) ;
#7384 = CARTESIAN_POINT ( 'NONE',  ( 10.75679306876174300, 5.510000000000000700, -3.431312121600024000 ) ) ;
#7385 = DIRECTION ( 'NONE',  ( -0.0000000000000000000, -1.000000000000000000, -0.0000000000000000000 ) ) ;
#7386 = DIRECTION ( 'NONE',  ( 0.0000000000000000000, 0.0000000000000000000, 1.000000000000000000 ) ) ;
#7387 = CARTESIAN_POINT ( 'NONE',  ( 10.73688691587867100, -1.165872787071274600, 2.267999999999999300 ) ) ;
#7388 = CARTESIAN_POINT ( 'NONE',  ( 6.250000000000000000, 7.654042494670957600E-016, 0.0000000000000000000 ) ) ;
#7389 = CARTESIAN_POINT ( 'NONE',  ( -1.750000000000005100, -5.050000000000000700, 1.000000000000000900 ) ) ;
#7390 = CARTESIAN_POINT ( 'NONE',  ( 10.73688691587866900, -1.165872787071264200, 3.352799999999999300 ) ) ;
#7391 = CARTESIAN_POINT ( 'NONE',  ( -0.7500000000000041100, -8.250000000000000000, 1.000000000000000900 ) ) ;
#7392 = CARTESIAN_POINT ( 'NONE',  ( 11.98934949749574800, 4.302869999999820100, -0.5119999999999985700 ) ) ;
#7393 = CARTESIAN_POINT ( 'NONE',  ( 1.349999999999994500, -6.450000000000001100, 2.888894916580853800E-031 ) ) ;
#7394 = CARTESIAN_POINT ( 'NONE',  ( 10.54599999999999600, 1.148775559756488800, 3.352799999999999300 ) ) ;
#7395 = CARTESIAN_POINT ( 'NONE',  ( 13.14449999999999500, -1.859271017917182100E-015, 0.3933851493986560400 ) ) ;
#7396 = CARTESIAN_POINT ( 'NONE',  ( 6.349999999999999600, 7.265909682159474200E-017, 1.688000000000001900 ) ) ;
#7397 = CARTESIAN_POINT ( 'NONE',  ( 13.14449999999999400, -1.301489712542027400E-014, 3.568385149398647800 ) ) ;
#7398 = CARTESIAN_POINT ( 'NONE',  ( 6.349999999999999600, 7.265909682159474200E-017, 0.4879999999999988800 ) ) ;
#7399 = CARTESIAN_POINT ( 'NONE',  ( -13.00536173694348800, 1.769468227751782300E-011, -0.3130536357682685000 ) ) ;
#7400 = CARTESIAN_POINT ( 'NONE',  ( 5.785898384862249200, -0.2368602791855863000, 1.000000000000000900 ) ) ;
#7401 = CARTESIAN_POINT ( 'NONE',  ( -13.14449999999999400, -3.439651383146786400E-014, 3.885885149398647300 ) ) ;
#7402 = CARTESIAN_POINT ( 'NONE',  ( 4.749999999999999100, -5.273559366969493600E-016, 2.267999999999999300 ) ) ;
#7403 = CARTESIAN_POINT ( 'NONE',  ( -5.030281241405143400, 2.184891142304702200, 1.000000000000000900 ) ) ;
#7404 = CARTESIAN_POINT ( 'NONE',  ( -13.14449999999999200, 7.437084071668728600E-015, 3.250885149398649300 ) ) ;
#7405 = CARTESIAN_POINT ( 'NONE',  ( -10.63940253137255900, -1.855562926829267700, 4.318000000000002300 ) ) ;
#7406 = CARTESIAN_POINT ( 'NONE',  ( -13.14449999999999500, -3.718542035834364300E-015, 0.07588514939865558000 ) ) ;
#7407 = CARTESIAN_POINT ( 'NONE',  ( -6.349999999999997900, 7.049916206369743600E-016, 0.4879999999999988800 ) ) ;
#7408 = CARTESIAN_POINT ( 'NONE',  ( -10.18256827940774100, 3.599347612443015700, 2.267999999999999300 ) ) ;
#7409 = CARTESIAN_POINT ( 'NONE',  ( -3.640544456622756300, 3.910000000000000100, 2.805607966083818900 ) ) ;
#7410 = CARTESIAN_POINT ( 'NONE',  ( 13.14449999999999700, 2.881870077771632400E-014, 2.464114850601329700 ) ) ;
#7411 = CARTESIAN_POINT ( 'NONE',  ( -4.750000000000000000, 1.109063166291942300E-015, 2.267999999999999300 ) ) ;
#7412 = CARTESIAN_POINT ( 'NONE',  ( 13.14449999999999500, -1.859271017917182100E-015, 1.028385149398653100 ) ) ;
#7413 = CARTESIAN_POINT ( 'NONE',  ( -10.54599999999999800, -1.148775549528840300, 4.318000000000002300 ) ) ;
#7414 = CARTESIAN_POINT ( 'NONE',  ( 13.14449999999999500, -1.301489712542027600E-014, 3.099114850601329100 ) ) ;
#7415 = CARTESIAN_POINT ( 'NONE',  ( 0.0000000000000000000, 0.0000000000000000000, 13.48999999999998100 ) ) ;
#7416 = CARTESIAN_POINT ( 'NONE',  ( 0.8716333698682815500, 3.910000000000000100, 8.990286717815610700 ) ) ;
#7417 = CARTESIAN_POINT ( 'NONE',  ( -2.656793068761693600, 5.510000000000000700, -10.59829941970786400 ) ) ;
#7418 = CARTESIAN_POINT ( 'NONE',  ( -1.659455543377253300, 3.910000000000000100, 6.374261314031178600 ) ) ;
#7419 = CARTESIAN_POINT ( 'NONE',  ( -7.550000000000003400, -2.540000000000002300, 0.0000000000000000000 ) ) ;
#7420 = CARTESIAN_POINT ( 'NONE',  ( 5.150000000000003900, 6.450000000000002800, 2.888894916580853800E-031 ) ) ;
#7421 = CARTESIAN_POINT ( 'NONE',  ( 15.11616353197957700, 3.552140227573039200, 1.938865666943068200 ) ) ;
#7422 = CARTESIAN_POINT ( 'NONE',  ( -8.335562359763892800, 0.0000000000000000000, 6.855780591326024800 ) ) ;
#7423 = CARTESIAN_POINT ( 'NONE',  ( -5.000000000000000900, 4.999999999999998200, 1.249999999999997600 ) ) ;
#7424 = CARTESIAN_POINT ( 'NONE',  ( 9.000000000000000000, 1.029813970699767900E-016, 0.4879999999999988800 ) ) ;
#7425 = CARTESIAN_POINT ( 'NONE',  ( 2.055607966083866400, 1.260000000000000700, 5.939582562299415600 ) ) ;
#7426 = CARTESIAN_POINT ( 'NONE',  ( 4.690544456622782300, 1.260000000000000700, -4.624261314031173200 ) ) ;
#7427 = CARTESIAN_POINT ( 'NONE',  ( 1.349999999999995000, -6.450000000000001100, 1.000000000000000900 ) ) ;
#7428 = CARTESIAN_POINT ( 'NONE',  ( -8.250000000000000000, 7.499999999999999100, 2.249999999999998700 ) ) ;
#7429 = CARTESIAN_POINT ( 'NONE',  ( 1.550680157197392700E-012, 9.764999999999991700, -12.80159999999995100 ) ) ;
#7430 = CARTESIAN_POINT ( 'NONE',  ( -10.32378036686951900, 5.510000000000000700, 3.681312121600017300 ) ) ;
#7431 = CARTESIAN_POINT ( 'NONE',  ( -0.2500000000000000000, 3.061616997868380600E-017, -3.249999999999992500 ) ) ;
#7432 = CARTESIAN_POINT ( 'NONE',  ( 4.999999999999999100, 4.999999999999998200, 1.249999999999997600 ) ) ;
#7433 = CARTESIAN_POINT ( 'NONE',  ( -4.072422638949461800, 0.0000000000000000000, 10.47180599511046000 ) ) ;
#7434 = CARTESIAN_POINT ( 'NONE',  ( -5.830281241405142400, 2.184891142304699100, 1.000000000000000900 ) ) ;
#7435 = CARTESIAN_POINT ( 'NONE',  ( -0.2500000000000000000, 3.061616997868380600E-017, -0.09999999999999245600 ) ) ;
#7436 = CARTESIAN_POINT ( 'NONE',  ( 7.250000000000004400, -6.500000000000001800, 0.7500000000000006700 ) ) ;
#7437 = CARTESIAN_POINT ( 'NONE',  ( 1.973780366869478000, 7.859999999999998500, 10.78131212160007400 ) ) ;
#7438 = CARTESIAN_POINT ( 'NONE',  ( 7.250000000000004400, -6.500000000000001800, 2.249999999999998700 ) ) ;
#7439 = CARTESIAN_POINT ( 'NONE',  ( 7.249999999999997300, 8.249999999999998200, 0.0000000000000000000 ) ) ;
#7440 = CARTESIAN_POINT ( 'NONE',  ( -0.09231021162506487800, 7.860000000000002100, 13.35010714037864200 ) ) ;
#7441 = CARTESIAN_POINT ( 'NONE',  ( 10.32378036686952200, 7.859999999999998500, -3.681312121600024400 ) ) ;
#7442 = CARTESIAN_POINT ( 'NONE',  ( 2.656793068761699800, 7.859999999999998500, 10.59829941970785000 ) ) ;
#7443 = CARTESIAN_POINT ( 'NONE',  ( -2.750000000000005800, -4.049999999999999800, 0.0000000000000000000 ) ) ;
#7444 = CARTESIAN_POINT ( 'NONE',  ( 5.996281292110215800, 3.910000000000000100, -3.185863854409618900 ) ) ;
#7445 = CARTESIAN_POINT ( 'NONE',  ( -1.750000000000005100, 7.250000000000000900, 0.0000000000000000000 ) ) ;
#7446 = CARTESIAN_POINT ( 'NONE',  ( -0.1900000000000000000, 0.0000000000000000000, -3.599999999999992100 ) ) ;
#7447 = CARTESIAN_POINT ( 'NONE',  ( 5.410898384862250100, 3.523983639057931300, 1.000000000000000900 ) ) ;
#7448 = CARTESIAN_POINT ( 'NONE',  ( 10.50679306876174100, 7.859999999999998500, -2.998299419707802600 ) ) ;
#7449 = CARTESIAN_POINT ( 'NONE',  ( 5.295706005997616600, 3.550000000000001200, -1.850000000000000300 ) ) ;
#7450 = CARTESIAN_POINT ( 'NONE',  ( -8.550798494467112900, 1.260000000000000700, -8.689582562299499100 ) ) ;
#7451 = CARTESIAN_POINT ( 'NONE',  ( -10.54599999999999800, 1.148775564633386400, 4.317999999999998700 ) ) ;
#7452 = CARTESIAN_POINT ( 'NONE',  ( -4.072422638949460900, 0.1500000000000008300, 10.47180599511046100 ) ) ;
#7453 = CARTESIAN_POINT ( 'NONE',  ( -8.250000000000000000, -0.2500000000000011100, 2.249999999999998700 ) ) ;
#7454 = CARTESIAN_POINT ( 'NONE',  ( 10.54599999999999600, 1.148775559756488800, 4.318000000000002300 ) ) ;
#7455 = CARTESIAN_POINT ( 'NONE',  ( -1.799999999999992900, -1.036991320999790900E-014, 42.64705882352942700 ) ) ;
#7456 = CARTESIAN_POINT ( 'NONE',  ( -4.456793068761687200, 5.510000000000000700, -7.480607966083914200 ) ) ;
#7457 = CARTESIAN_POINT ( 'NONE',  ( -8.800939315206996100, 10.16000000000000200, 9.296474048263810600 ) ) ;
#7458 = CARTESIAN_POINT ( 'NONE',  ( 1.000000000000000900, -0.6250000000000005600, -0.09999999999999939500 ) ) ;
#7459 = CARTESIAN_POINT ( 'NONE',  ( -3.287658773652701900, 3.910000000000000100, -6.805607966083912600 ) ) ;
#7460 = CARTESIAN_POINT ( 'NONE',  ( -5.996281292110201600, 0.7100000000000023000, 3.360863854409640500 ) ) ;
#7461 = CARTESIAN_POINT ( 'NONE',  ( 2.850223126611654200, 0.1499999999999973600, -9.337392013684862500 ) ) ;
#7462 = CARTESIAN_POINT ( 'NONE',  ( 1.866361721900565800E-015, 1.010362971081847600, 15.23999999999999700 ) ) ;
#7463 = CARTESIAN_POINT ( 'NONE',  ( 9.558495053995773800, 5.080000000000001000, 3.524200922583540200 ) ) ;
#7464 = CARTESIAN_POINT ( 'NONE',  ( -7.250000000000000000, 6.499999999999998200, 0.7500000000000006700 ) ) ;
#7465 = CARTESIAN_POINT ( 'NONE',  ( -10.75679306876173800, 5.510000000000000700, 3.931312121600016000 ) ) ;
#7466 = CARTESIAN_POINT ( 'NONE',  ( -8.250000000000000000, 0.2499999999999976100, 0.0000000000000000000 ) ) ;
#7467 = CARTESIAN_POINT ( 'NONE',  ( -8.250000000000000000, 0.2499999999999976100, 2.249999999999998700 ) ) ;
#7468 = CARTESIAN_POINT ( 'NONE',  ( -7.171633369868287900, 3.910000000000000100, 1.921633369868240800 ) ) ;
#7469 = CARTESIAN_POINT ( 'NONE',  ( -10.75679306876173800, 7.859999999999998500, 3.931312121600016000 ) ) ;
#7470 = CARTESIAN_POINT ( 'NONE',  ( 7.543602764834997000, 0.1500000000000008300, -7.647740186254980100 ) ) ;
#7471 = CARTESIAN_POINT ( 'NONE',  ( 1.659455543377253500, 1.260000000000000700, -6.374261314031178600 ) ) ;
#7472 = CARTESIAN_POINT ( 'NONE',  ( 1.800000000000025800, -6.490797547106530100E-015, 42.64705882352942700 ) ) ;
#7473 = CARTESIAN_POINT ( 'NONE',  ( -5.830281241405142400, 0.5848911423047016300, 1.000000000000000900 ) ) ;
#7474 = CARTESIAN_POINT ( 'NONE',  ( -5.996281292110201600, 1.109999999999999900, 3.360863854409640500 ) ) ;
#7475 = CARTESIAN_POINT ( 'NONE',  ( -2.706397235165021600, 0.1500000000000008300, 10.10578059132602700 ) ) ;
#7476 = CARTESIAN_POINT ( 'NONE',  ( 9.694895053995772100, 5.080000000000004500, 3.287949192431146400 ) ) ;
#7477 = CARTESIAN_POINT ( 'NONE',  ( -1.921633369868262600, 5.510000000000000700, -7.171633369868348300 ) ) ;
#7478 = CARTESIAN_POINT ( 'NONE',  ( -0.5999999999999963100, 0.6250000000000005600, -0.09999999999999939500 ) ) ;
#7479 = PRODUCT ( '18356-E01', '18356-E01', '', ( #914 ) ) ;
#7480 = PERSON ( 'UNSPECIFIED', 'UNSPECIFIED', 'UNSPECIFIED', ('UNSPECIFIED'), ('UNSPECIFIED'), ('UNSPECIFIED') ) ;
#7481 = PRODUCT ( 'Sensorkabel', 'Sensorkabel', '', ( #932 ) ) ;
#7482 = PRODUCT ( 'ND-Filter ND1', 'ND-Filter ND1', '', ( #950 ) ) ;
#7483 = PRODUCT ( 'disc ring', 'disc ring', '', ( #968 ) ) ;
#7484 = PRODUCT ( 'S12xB Filter Mount', 'S12xB Filter Mount', '', ( #986 ) ) ;
#7485 = PRODUCT ( 'Diodenpackage_UV100-D', 'Diodenpackage_UV100-D', '', ( #1004 ) ) ;
#7486 = PRODUCT ( 'pcb_Assy', 'pcb_Assy', '', ( #1022 ) ) ;
#7487 = PRODUCT ( 'Thermistor0805', 'Thermistor0805', '', ( #1040 ) ) ;
#7488 = PRODUCT ( 'SB1', 'SB1', '', ( #1058 ) ) ;
#7489 = PRODUCT ( 'PCB_S120', 'PCB_S120', '', ( #1076 ) ) ;
#7490 = PRODUCT ( 'UV-100D Mechanik', 'UV-100D Mechanik', '', ( #1094 ) ) ;
#7491 = PERSON ( 'NAUO-PER1', 'UNSPECIFIED', 'UNSPECIFIED', ('UNSPECIFIED'), ('UNSPECIFIED'), ('UNSPECIFIED') ) ;
#7492 = PERSON ( 'NAUO-PER2', 'UNSPECIFIED', 'UNSPECIFIED', ('UNSPECIFIED'), ('UNSPECIFIED'), ('UNSPECIFIED') ) ;
#7493 = PERSON ( 'NAUO-PER3', 'UNSPECIFIED', 'UNSPECIFIED', ('UNSPECIFIED'), ('UNSPECIFIED'), ('UNSPECIFIED') ) ;
#7494 = PERSON ( 'NAUO-PER4', 'UNSPECIFIED', 'UNSPECIFIED', ('UNSPECIFIED'), ('UNSPECIFIED'), ('UNSPECIFIED') ) ;
#7495 = PERSON ( 'NAUO-PER5', 'UNSPECIFIED', 'UNSPECIFIED', ('UNSPECIFIED'), ('UNSPECIFIED'), ('UNSPECIFIED') ) ;
#7496 = PERSON ( 'NAUO-PER6', 'UNSPECIFIED', 'UNSPECIFIED', ('UNSPECIFIED'), ('UNSPECIFIED'), ('UNSPECIFIED') ) ;
#7497 = PERSON ( 'NAUO-PER7', 'UNSPECIFIED', 'UNSPECIFIED', ('UNSPECIFIED'), ('UNSPECIFIED'), ('UNSPECIFIED') ) ;
#7498 = PERSON ( 'NAUO-PER8', 'UNSPECIFIED', 'UNSPECIFIED', ('UNSPECIFIED'), ('UNSPECIFIED'), ('UNSPECIFIED') ) ;
#7499 = PERSON ( 'NAUO-PER9', 'UNSPECIFIED', 'UNSPECIFIED', ('UNSPECIFIED'), ('UNSPECIFIED'), ('UNSPECIFIED') ) ;
#7500 = PERSON ( 'NAUO-PER10', 'UNSPECIFIED', 'UNSPECIFIED', ('UNSPECIFIED'), ('UNSPECIFIED'), ('UNSPECIFIED') ) ;
#7501 = PERSON ( 'NAUO-PER11', 'UNSPECIFIED', 'UNSPECIFIED', ('UNSPECIFIED'), ('UNSPECIFIED'), ('UNSPECIFIED') ) ;
#7502 = AXIS2_PLACEMENT_3D ( 'NONE', #8976, #9014, #9015 ) ;
#7503 = AXIS2_PLACEMENT_3D ( 'NONE', #9021, #9020, #9011 ) ;
#7504 = AXIS2_PLACEMENT_3D ( 'NONE', #9013, #9018, #9019 ) ;
#7505 = AXIS2_PLACEMENT_3D ( 'NONE', #9034, #9032, #9030 ) ;
#7506 = AXIS2_PLACEMENT_3D ( 'NONE', #9017, #9025, #9026 ) ;
#7507 = AXIS2_PLACEMENT_3D ( 'NONE', #9028, #9027, #9023 ) ;
#7508 = AXIS2_PLACEMENT_3D ( 'NONE', #9031, #9029, #9024 ) ;
#7509 = AXIS2_PLACEMENT_3D ( 'NONE', #9037, #9035, #9033 ) ;
#7510 = AXIS2_PLACEMENT_3D ( 'NONE', #9040, #9038, #9036 ) ;
#7511 = AXIS2_PLACEMENT_3D ( 'NONE', #9039, #9044, #9045 ) ;
#7512 = AXIS2_PLACEMENT_3D ( 'NONE', #9047, #9046, #9042 ) ;
#7513 = AXIS2_PLACEMENT_3D ( 'NONE', #9043, #9051, #9052 ) ;
#7514 = AXIS2_PLACEMENT_3D ( 'NONE', #9049, #9055, #9056 ) ;
#7515 = AXIS2_PLACEMENT_3D ( 'NONE', #9054, #9059, #9060 ) ;
#7516 = AXIS2_PLACEMENT_3D ( 'NONE', #9053, #9063, #9064 ) ;
#7517 = AXIS2_PLACEMENT_3D ( 'NONE', #9058, #9067, #9068 ) ;
#7518 = AXIS2_PLACEMENT_3D ( 'NONE', #9070, #9069, #9062 ) ;
#7519 = AXIS2_PLACEMENT_3D ( 'NONE', #9073, #9071, #9066 ) ;
#7520 = AXIS2_PLACEMENT_3D ( 'NONE', #9076, #9074, #9072 ) ;
#7521 = AXIS2_PLACEMENT_3D ( 'NONE', #9075, #9080, #9081 ) ;
#7522 = AXIS2_PLACEMENT_3D ( 'NONE', #9125, #9123, #9121 ) ;
#7523 = AXIS2_PLACEMENT_3D ( 'NONE', #9083, #9082, #9079 ) ;
#7524 = AXIS2_PLACEMENT_3D ( 'NONE', #9086, #9084, #9077 ) ;
#7525 = AXIS2_PLACEMENT_3D ( 'NONE', #9089, #9087, #9085 ) ;
#7526 = AXIS2_PLACEMENT_3D ( 'NONE', #9092, #9090, #9088 ) ;
#7527 = AXIS2_PLACEMENT_3D ( 'NONE', #9091, #9096, #9097 ) ;
#7528 = AXIS2_PLACEMENT_3D ( 'NONE', #9099, #9098, #9095 ) ;
#7529 = AXIS2_PLACEMENT_3D ( 'NONE', #9093, #9103, #9104 ) ;
#7530 = AXIS2_PLACEMENT_3D ( 'NONE', #9106, #9105, #9102 ) ;
#7531 = AXIS2_PLACEMENT_3D ( 'NONE', #9109, #9107, #9100 ) ;
#7532 = AXIS2_PLACEMENT_3D ( 'NONE', #9112, #9110, #9108 ) ;
#7533 = AXIS2_PLACEMENT_3D ( 'NONE', #9111, #9116, #9117 ) ;
#7534 = AXIS2_PLACEMENT_3D ( 'NONE', #9122, #9120, #9113 ) ;
#7535 = AXIS2_PLACEMENT_3D ( 'NONE', #9119, #9118, #9115 ) ;
#7536 = AXIS2_PLACEMENT_3D ( 'NONE', #9128, #9126, #9124 ) ;
#7537 = AXIS2_PLACEMENT_3D ( 'NONE', #9131, #9129, #9127 ) ;
#7538 = AXIS2_PLACEMENT_3D ( 'NONE', #9134, #9132, #9130 ) ;
#7539 = AXIS2_PLACEMENT_3D ( 'NONE', #5147, #9135, #9133 ) ;
#7540 = AXIS2_PLACEMENT_3D ( 'NONE', #562, #560, #563 ) ;
#7541 = AXIS2_PLACEMENT_3D ( 'NONE', #566, #564, #561 ) ;
#7542 = AXIS2_PLACEMENT_3D ( 'NONE', #569, #567, #565 ) ;
#7543 = AXIS2_PLACEMENT_3D ( 'NONE', #572, #570, #568 ) ;
#7544 = AXIS2_PLACEMENT_3D ( 'NONE', #571, #576, #577 ) ;
#7545 = AXIS2_PLACEMENT_3D ( 'NONE', #574, #580, #581 ) ;
#7546 = AXIS2_PLACEMENT_3D ( 'NONE', #583, #582, #575 ) ;
#7547 = AXIS2_PLACEMENT_3D ( 'NONE', #586, #584, #579 ) ;
#7548 = AXIS2_PLACEMENT_3D ( 'NONE', #589, #587, #585 ) ;
#7549 = AXIS2_PLACEMENT_3D ( 'NONE', #592, #590, #588 ) ;
#7550 = AXIS2_PLACEMENT_3D ( 'NONE', #591, #596, #597 ) ;
#7551 = AXIS2_PLACEMENT_3D ( 'NONE', #615, #613, #611 ) ;
#7552 = AXIS2_PLACEMENT_3D ( 'NONE', #599, #598, #595 ) ;
#7553 = AXIS2_PLACEMENT_3D ( 'NONE', #602, #600, #593 ) ;
#7554 = AXIS2_PLACEMENT_3D ( 'NONE', #601, #606, #607 ) ;
#7555 = AXIS2_PLACEMENT_3D ( 'NONE', #609, #608, #604 ) ;
#7556 = AXIS2_PLACEMENT_3D ( 'NONE', #612, #610, #605 ) ;
#7557 = AXIS2_PLACEMENT_3D ( 'NONE', #618, #616, #614 ) ;
#7558 = AXIS2_PLACEMENT_3D ( 'NONE', #621, #619, #617 ) ;
#7559 = AXIS2_PLACEMENT_3D ( 'NONE', #624, #622, #620 ) ;
#7560 = AXIS2_PLACEMENT_3D ( 'NONE', #627, #625, #623 ) ;
#7561 = AXIS2_PLACEMENT_3D ( 'NONE', #626, #631, #632 ) ;
#7562 = AXIS2_PLACEMENT_3D ( 'NONE', #629, #635, #636 ) ;
#7563 = AXIS2_PLACEMENT_3D ( 'NONE', #638, #637, #630 ) ;
#7564 = AXIS2_PLACEMENT_3D ( 'NONE', #641, #639, #634 ) ;
#7565 = AXIS2_PLACEMENT_3D ( 'NONE', #640, #645, #646 ) ;
#7566 = AXIS2_PLACEMENT_3D ( 'NONE', #643, #649, #650 ) ;
#7567 = AXIS2_PLACEMENT_3D ( 'NONE', #651, #644, #653 ) ;
#7568 = AXIS2_PLACEMENT_3D ( 'NONE', #648, #656, #657 ) ;
#7569 = AXIS2_PLACEMENT_3D ( 'NONE', #654, #660, #661 ) ;
#7570 = AXIS2_PLACEMENT_3D ( 'NONE', #655, #664, #665 ) ;
#7571 = AXIS2_PLACEMENT_3D ( 'NONE', #659, #668, #669 ) ;
#7572 = AXIS2_PLACEMENT_3D ( 'NONE', #663, #672, #673 ) ;
#7573 = AXIS2_PLACEMENT_3D ( 'NONE', #667, #676, #677 ) ;
#7574 = AXIS2_PLACEMENT_3D ( 'NONE', #679, #678, #671 ) ;
#7575 = AXIS2_PLACEMENT_3D ( 'NONE', #675, #683, #684 ) ;
#7576 = AXIS2_PLACEMENT_3D ( 'NONE', #681, #687, #688 ) ;
#7577 = AXIS2_PLACEMENT_3D ( 'NONE', #682, #690, #691 ) ;
#7578 = AXIS2_PLACEMENT_3D ( 'NONE', #692, #686, #696 ) ;
#7579 = AXIS2_PLACEMENT_3D ( 'NONE', #695, #699, #700 ) ;
#7580 = AXIS2_PLACEMENT_3D ( 'NONE', #693, #703, #704 ) ;
#7581 = AXIS2_PLACEMENT_3D ( 'NONE', #698, #707, #708 ) ;
#7582 = AXIS2_PLACEMENT_3D ( 'NONE', #706, #711, #712 ) ;
#7583 = AXIS2_PLACEMENT_3D ( 'NONE', #705, #715, #716 ) ;
#7584 = AXIS2_PLACEMENT_3D ( 'NONE', #714, #719, #720 ) ;
#7585 = AXIS2_PLACEMENT_3D ( 'NONE', #727, #722, #730 ) ;
#7586 = AXIS2_PLACEMENT_3D ( 'NONE', #713, #723, #724 ) ;
#7587 = AXIS2_PLACEMENT_3D ( 'NONE', #726, #725, #718 ) ;
#7588 = AXIS2_PLACEMENT_3D ( 'NONE', #732, #729, #728 ) ;
#7589 = AXIS2_PLACEMENT_3D ( 'NONE', #735, #733, #731 ) ;
#7590 = AXIS2_PLACEMENT_3D ( 'NONE', #734, #739, #740 ) ;
#7591 = AXIS2_PLACEMENT_3D ( 'NONE', #737, #743, #744 ) ;
#7592 = AXIS2_PLACEMENT_3D ( 'NONE', #746, #745, #738 ) ;
#7593 = AXIS2_PLACEMENT_3D ( 'NONE', #742, #750, #751 ) ;
#7594 = AXIS2_PLACEMENT_3D ( 'NONE', #748, #754, #755 ) ;
#7595 = AXIS2_PLACEMENT_3D ( 'NONE', #757, #756, #749 ) ;
#7596 = AXIS2_PLACEMENT_3D ( 'NONE', #753, #761, #762 ) ;
#7597 = AXIS2_PLACEMENT_3D ( 'NONE', #764, #763, #760 ) ;
#7598 = AXIS2_PLACEMENT_3D ( 'NONE', #767, #765, #758 ) ;
#7599 = AXIS2_PLACEMENT_3D ( 'NONE', #766, #771, #772 ) ;
#7600 = AXIS2_PLACEMENT_3D ( 'NONE', #769, #775, #776 ) ;
#7601 = AXIS2_PLACEMENT_3D ( 'NONE', #770, #779, #780 ) ;
#7602 = AXIS2_PLACEMENT_3D ( 'NONE', #785, #783, #778 ) ;
#7603 = AXIS2_PLACEMENT_3D ( 'NONE', #782, #781, #774 ) ;
#7604 = AXIS2_PLACEMENT_3D ( 'NONE', #784, #789, #790 ) ;
#7605 = AXIS2_PLACEMENT_3D ( 'NONE', #788, #793, #794 ) ;
#7606 = AXIS2_PLACEMENT_3D ( 'NONE', #786, #797, #798 ) ;
#7607 = AXIS2_PLACEMENT_3D ( 'NONE', #811, #810, #806 ) ;
#7608 = AXIS2_PLACEMENT_3D ( 'NONE', #792, #801, #802 ) ;
#7609 = AXIS2_PLACEMENT_3D ( 'NONE', #804, #803, #796 ) ;
#7610 = AXIS2_PLACEMENT_3D ( 'NONE', #800, #808, #809 ) ;
#7611 = AXIS2_PLACEMENT_3D ( 'NONE', #828, #829, #830 ) ;
#7612 = AXIS2_PLACEMENT_3D ( 'NONE', #814, #812, #807 ) ;
#7613 = AXIS2_PLACEMENT_3D ( 'NONE', #817, #815, #813 ) ;
#7614 = AXIS2_PLACEMENT_3D ( 'NONE', #816, #821, #822 ) ;
#7615 =( GEOMETRIC_REPRESENTATION_CONTEXT ( 3 ) GLOBAL_UNCERTAINTY_ASSIGNED_CONTEXT ( ( #9159 ) ) GLOBAL_UNIT_ASSIGNED_CONTEXT ( ( #826, #820, #827 ) ) REPRESENTATION_CONTEXT ( 'NONE', 'WORKASPACE' ) );
#7616 = AXIS2_PLACEMENT_3D ( 'NONE', #824, #823, #819 ) ;
#7617 =( GEOMETRIC_REPRESENTATION_CONTEXT ( 3 ) GLOBAL_UNCERTAINTY_ASSIGNED_CONTEXT ( ( #9157 ) ) GLOBAL_UNIT_ASSIGNED_CONTEXT ( ( #831, #832, #833 ) ) REPRESENTATION_CONTEXT ( 'NONE', 'WORKASPACE' ) );
#7618 =( GEOMETRIC_REPRESENTATION_CONTEXT ( 3 ) GLOBAL_UNCERTAINTY_ASSIGNED_CONTEXT ( ( #9155 ) ) GLOBAL_UNIT_ASSIGNED_CONTEXT ( ( #834, #835, #836 ) ) REPRESENTATION_CONTEXT ( 'NONE', 'WORKASPACE' ) );
#7619 =( GEOMETRIC_REPRESENTATION_CONTEXT ( 3 ) GLOBAL_UNCERTAINTY_ASSIGNED_CONTEXT ( ( #9153 ) ) GLOBAL_UNIT_ASSIGNED_CONTEXT ( ( #825, #837, #838 ) ) REPRESENTATION_CONTEXT ( 'NONE', 'WORKASPACE' ) );
#7620 = AXIS2_PLACEMENT_3D ( 'NONE', #839, #840, #841 ) ;
#7621 = AXIS2_PLACEMENT_3D ( 'NONE', #842, #843, #844 ) ;
#7622 = AXIS2_PLACEMENT_3D ( 'NONE', #845, #846, #847 ) ;
#7623 = AXIS2_PLACEMENT_3D ( 'NONE', #848, #849, #850 ) ;
#7624 = AXIS2_PLACEMENT_3D ( 'NONE', #851, #852, #853 ) ;
#7625 =( GEOMETRIC_REPRESENTATION_CONTEXT ( 3 ) GLOBAL_UNCERTAINTY_ASSIGNED_CONTEXT ( ( #9150 ) ) GLOBAL_UNIT_ASSIGNED_CONTEXT ( ( #854, #855, #856 ) ) REPRESENTATION_CONTEXT ( 'NONE', 'WORKASPACE' ) );
#7626 =( GEOMETRIC_REPRESENTATION_CONTEXT ( 3 ) GLOBAL_UNCERTAINTY_ASSIGNED_CONTEXT ( ( #9149 ) ) GLOBAL_UNIT_ASSIGNED_CONTEXT ( ( #857, #858, #859 ) ) REPRESENTATION_CONTEXT ( 'NONE', 'WORKASPACE' ) );
#7627 =( GEOMETRIC_REPRESENTATION_CONTEXT ( 3 ) GLOBAL_UNCERTAINTY_ASSIGNED_CONTEXT ( ( #9147 ) ) GLOBAL_UNIT_ASSIGNED_CONTEXT ( ( #860, #861, #862 ) ) REPRESENTATION_CONTEXT ( 'NONE', 'WORKASPACE' ) );
#7628 =( GEOMETRIC_REPRESENTATION_CONTEXT ( 3 ) GLOBAL_UNCERTAINTY_ASSIGNED_CONTEXT ( ( #9151 ) ) GLOBAL_UNIT_ASSIGNED_CONTEXT ( ( #863, #864, #865 ) ) REPRESENTATION_CONTEXT ( 'NONE', 'WORKASPACE' ) );
#7629 =( GEOMETRIC_REPRESENTATION_CONTEXT ( 3 ) GLOBAL_UNCERTAINTY_ASSIGNED_CONTEXT ( ( #9144 ) ) GLOBAL_UNIT_ASSIGNED_CONTEXT ( ( #866, #867, #868 ) ) REPRESENTATION_CONTEXT ( 'NONE', 'WORKASPACE' ) );
#7630 =( GEOMETRIC_REPRESENTATION_CONTEXT ( 3 ) GLOBAL_UNCERTAINTY_ASSIGNED_CONTEXT ( ( #9142 ) ) GLOBAL_UNIT_ASSIGNED_CONTEXT ( ( #869, #870, #871 ) ) REPRESENTATION_CONTEXT ( 'NONE', 'WORKASPACE' ) );
#7631 = AXIS2_PLACEMENT_3D ( 'NONE', #872, #873, #874 ) ;
#7632 = AXIS2_PLACEMENT_3D ( 'NONE', #875, #876, #877 ) ;
#7633 = AXIS2_PLACEMENT_3D ( 'NONE', #878, #879, #880 ) ;
#7634 = AXIS2_PLACEMENT_3D ( 'NONE', #881, #882, #883 ) ;
#7635 = AXIS2_PLACEMENT_3D ( 'NONE', #884, #885, #886 ) ;
#7636 = AXIS2_PLACEMENT_3D ( 'NONE', #887, #888, #889 ) ;
#7637 = AXIS2_PLACEMENT_3D ( 'NONE', #890, #891, #892 ) ;
#7638 = AXIS2_PLACEMENT_3D ( 'NONE', #893, #894, #895 ) ;
#7639 =( GEOMETRIC_REPRESENTATION_CONTEXT ( 3 ) GLOBAL_UNCERTAINTY_ASSIGNED_CONTEXT ( ( #9140 ) ) GLOBAL_UNIT_ASSIGNED_CONTEXT ( ( #896, #897, #898 ) ) REPRESENTATION_CONTEXT ( 'NONE', 'WORKASPACE' ) );
#7640 = AXIS2_PLACEMENT_3D ( 'NONE', #899, #900, #901 ) ;
#7641 = CC_DESIGN_PERSON_AND_ORGANIZATION_ASSIGNMENT ( #54, #933, ( #7481 ) ) ;
#7642 = CC_DESIGN_PERSON_AND_ORGANIZATION_ASSIGNMENT ( #88, #951, ( #7482 ) ) ;
#7643 = CC_DESIGN_PERSON_AND_ORGANIZATION_ASSIGNMENT ( #122, #969, ( #7483 ) ) ;
#7644 = CC_DESIGN_PERSON_AND_ORGANIZATION_ASSIGNMENT ( #156, #987, ( #7484 ) ) ;
#7645 = CC_DESIGN_PERSON_AND_ORGANIZATION_ASSIGNMENT ( #190, #1005, ( #7485 ) ) ;
#7646 = CC_DESIGN_PERSON_AND_ORGANIZATION_ASSIGNMENT ( #224, #1023, ( #7486 ) ) ;
#7647 = CC_DESIGN_PERSON_AND_ORGANIZATION_ASSIGNMENT ( #258, #1041, ( #7487 ) ) ;
#7648 = CC_DESIGN_PERSON_AND_ORGANIZATION_ASSIGNMENT ( #292, #1059, ( #7488 ) ) ;
#7649 = CC_DESIGN_PERSON_AND_ORGANIZATION_ASSIGNMENT ( #326, #1077, ( #7489 ) ) ;
#7650 = CC_DESIGN_PERSON_AND_ORGANIZATION_ASSIGNMENT ( #360, #1095, ( #7490 ) ) ;
#7651 = SECURITY_CLASSIFICATION ( '', '', #1112 ) ;
#7652 = CC_DESIGN_PERSON_AND_ORGANIZATION_ASSIGNMENT ( #20, #915, ( #7479 ) ) ;
#7653 = PRODUCT_DEFINITION ( 'UNKNOWN', '', #7658, #7915 ) ;
#7654 = APPROVAL ( #918, 'UNSPECIFIED' ) ;
#7655 = CC_DESIGN_APPROVAL ( #7654, ( #7653 ) ) ;
#7656 = CC_DESIGN_PERSON_AND_ORGANIZATION_ASSIGNMENT ( #28, #920, ( #7653 ) ) ;
#7657 = CC_DESIGN_DATE_AND_TIME_ASSIGNMENT ( #32, #921, ( #7653 ) ) ;
#7658 = PRODUCT_DEFINITION_FORMATION_WITH_SPECIFIED_SOURCE ( 'ANY', '', #7479, .NOT_KNOWN. ) ;
#7659 = APPROVAL ( #922, 'UNSPECIFIED' ) ;
#7660 = CC_DESIGN_APPROVAL ( #7659, ( #7658 ) ) ;
#7661 = CC_DESIGN_PERSON_AND_ORGANIZATION_ASSIGNMENT ( #40, #924, ( #7658 ) ) ;
#7662 = CC_DESIGN_PERSON_AND_ORGANIZATION_ASSIGNMENT ( #41, #925, ( #7658 ) ) ;
#7663 = SECURITY_CLASSIFICATION ( '', '', #926 ) ;
#7664 = CC_DESIGN_PERSON_AND_ORGANIZATION_ASSIGNMENT ( #42, #927, ( #7663 ) ) ;
#7665 = CC_DESIGN_DATE_AND_TIME_ASSIGNMENT ( #46, #928, ( #7663 ) ) ;
#7666 = APPROVAL ( #929, 'UNSPECIFIED' ) ;
#7667 = CC_DESIGN_APPROVAL ( #7666, ( #7663 ) ) ;
#7668 = CC_DESIGN_SECURITY_CLASSIFICATION ( #7663, ( #7658 ) ) ;
#7669 = PRODUCT_RELATED_PRODUCT_CATEGORY ( 'detail', '', ( #7479 ) ) ;
#7670 = PRODUCT_DEFINITION ( 'UNKNOWN', '', #7675, #7907 ) ;
#7671 = APPROVAL ( #936, 'UNSPECIFIED' ) ;
#7672 = CC_DESIGN_APPROVAL ( #7671, ( #7670 ) ) ;
#7673 = CC_DESIGN_PERSON_AND_ORGANIZATION_ASSIGNMENT ( #62, #938, ( #7670 ) ) ;
#7674 = CC_DESIGN_DATE_AND_TIME_ASSIGNMENT ( #66, #939, ( #7670 ) ) ;
#7675 = PRODUCT_DEFINITION_FORMATION_WITH_SPECIFIED_SOURCE ( 'ANY', '', #7481, .NOT_KNOWN. ) ;
#7676 = APPROVAL ( #940, 'UNSPECIFIED' ) ;
#7677 = CC_DESIGN_APPROVAL ( #7676, ( #7675 ) ) ;
#7678 = CC_DESIGN_PERSON_AND_ORGANIZATION_ASSIGNMENT ( #74, #942, ( #7675 ) ) ;
#7679 = CC_DESIGN_PERSON_AND_ORGANIZATION_ASSIGNMENT ( #75, #943, ( #7675 ) ) ;
#7680 = SECURITY_CLASSIFICATION ( '', '', #944 ) ;
#7681 = CC_DESIGN_PERSON_AND_ORGANIZATION_ASSIGNMENT ( #76, #945, ( #7680 ) ) ;
#7682 = CC_DESIGN_DATE_AND_TIME_ASSIGNMENT ( #80, #946, ( #7680 ) ) ;
#7683 = APPROVAL ( #947, 'UNSPECIFIED' ) ;
#7684 = CC_DESIGN_APPROVAL ( #7683, ( #7680 ) ) ;
#7685 = CC_DESIGN_SECURITY_CLASSIFICATION ( #7680, ( #7675 ) ) ;
#7686 = PRODUCT_RELATED_PRODUCT_CATEGORY ( 'detail', '', ( #7481 ) ) ;
#7687 = PRODUCT_DEFINITION ( 'UNKNOWN', '', #7692, #7905 ) ;
#7688 = APPROVAL ( #954, 'UNSPECIFIED' ) ;
#7689 = CC_DESIGN_APPROVAL ( #7688, ( #7687 ) ) ;
#7690 = CC_DESIGN_PERSON_AND_ORGANIZATION_ASSIGNMENT ( #96, #956, ( #7687 ) ) ;
#7691 = CC_DESIGN_DATE_AND_TIME_ASSIGNMENT ( #100, #957, ( #7687 ) ) ;
#7692 = PRODUCT_DEFINITION_FORMATION_WITH_SPECIFIED_SOURCE ( 'ANY', '', #7482, .NOT_KNOWN. ) ;
#7693 = APPROVAL ( #958, 'UNSPECIFIED' ) ;
#7694 = CC_DESIGN_APPROVAL ( #7693, ( #7692 ) ) ;
#7695 = CC_DESIGN_PERSON_AND_ORGANIZATION_ASSIGNMENT ( #108, #960, ( #7692 ) ) ;
#7696 = CC_DESIGN_PERSON_AND_ORGANIZATION_ASSIGNMENT ( #109, #961, ( #7692 ) ) ;
#7697 = SECURITY_CLASSIFICATION ( '', '', #962 ) ;
#7698 = CC_DESIGN_PERSON_AND_ORGANIZATION_ASSIGNMENT ( #110, #963, ( #7697 ) ) ;
#7699 = CC_DESIGN_DATE_AND_TIME_ASSIGNMENT ( #114, #964, ( #7697 ) ) ;
#7700 = APPROVAL ( #965, 'UNSPECIFIED' ) ;
#7701 = CC_DESIGN_APPROVAL ( #7700, ( #7697 ) ) ;
#7702 = CC_DESIGN_SECURITY_CLASSIFICATION ( #7697, ( #7692 ) ) ;
#7703 = PRODUCT_RELATED_PRODUCT_CATEGORY ( 'detail', '', ( #7482 ) ) ;
#7704 = PRODUCT_DEFINITION ( 'UNKNOWN', '', #7709, #7906 ) ;
#7705 = APPROVAL ( #972, 'UNSPECIFIED' ) ;
#7706 = CC_DESIGN_APPROVAL ( #7705, ( #7704 ) ) ;
#7707 = CC_DESIGN_PERSON_AND_ORGANIZATION_ASSIGNMENT ( #130, #974, ( #7704 ) ) ;
#7708 = CC_DESIGN_DATE_AND_TIME_ASSIGNMENT ( #134, #975, ( #7704 ) ) ;
#7709 = PRODUCT_DEFINITION_FORMATION_WITH_SPECIFIED_SOURCE ( 'ANY', '', #7483, .NOT_KNOWN. ) ;
#7710 = APPROVAL ( #976, 'UNSPECIFIED' ) ;
#7711 = CC_DESIGN_APPROVAL ( #7710, ( #7709 ) ) ;
#7712 = CC_DESIGN_PERSON_AND_ORGANIZATION_ASSIGNMENT ( #142, #978, ( #7709 ) ) ;
#7713 = CC_DESIGN_PERSON_AND_ORGANIZATION_ASSIGNMENT ( #143, #979, ( #7709 ) ) ;
#7714 = SECURITY_CLASSIFICATION ( '', '', #980 ) ;
#7715 = CC_DESIGN_PERSON_AND_ORGANIZATION_ASSIGNMENT ( #144, #981, ( #7714 ) ) ;
#7716 = CC_DESIGN_DATE_AND_TIME_ASSIGNMENT ( #148, #982, ( #7714 ) ) ;
#7717 = APPROVAL ( #983, 'UNSPECIFIED' ) ;
#7718 = CC_DESIGN_APPROVAL ( #7717, ( #7714 ) ) ;
#7719 = CC_DESIGN_SECURITY_CLASSIFICATION ( #7714, ( #7709 ) ) ;
#7720 = PRODUCT_RELATED_PRODUCT_CATEGORY ( 'detail', '', ( #7483 ) ) ;
#7721 = PRODUCT_DEFINITION ( 'UNKNOWN', '', #7726, #7909 ) ;
#7722 = APPROVAL ( #990, 'UNSPECIFIED' ) ;
#7723 = CC_DESIGN_APPROVAL ( #7722, ( #7721 ) ) ;
#7724 = CC_DESIGN_PERSON_AND_ORGANIZATION_ASSIGNMENT ( #164, #992, ( #7721 ) ) ;
#7725 = CC_DESIGN_DATE_AND_TIME_ASSIGNMENT ( #168, #993, ( #7721 ) ) ;
#7726 = PRODUCT_DEFINITION_FORMATION_WITH_SPECIFIED_SOURCE ( 'ANY', '', #7484, .NOT_KNOWN. ) ;
#7727 = APPROVAL ( #994, 'UNSPECIFIED' ) ;
#7728 = CC_DESIGN_APPROVAL ( #7727, ( #7726 ) ) ;
#7729 = CC_DESIGN_PERSON_AND_ORGANIZATION_ASSIGNMENT ( #176, #996, ( #7726 ) ) ;
#7730 = CC_DESIGN_PERSON_AND_ORGANIZATION_ASSIGNMENT ( #177, #997, ( #7726 ) ) ;
#7731 = SECURITY_CLASSIFICATION ( '', '', #998 ) ;
#7732 = CC_DESIGN_PERSON_AND_ORGANIZATION_ASSIGNMENT ( #178, #999, ( #7731 ) ) ;
#7733 = CC_DESIGN_DATE_AND_TIME_ASSIGNMENT ( #182, #1000, ( #7731 ) ) ;
#7734 = APPROVAL ( #1001, 'UNSPECIFIED' ) ;
#7735 = CC_DESIGN_APPROVAL ( #7734, ( #7731 ) ) ;
#7736 = CC_DESIGN_SECURITY_CLASSIFICATION ( #7731, ( #7726 ) ) ;
#7737 = PRODUCT_RELATED_PRODUCT_CATEGORY ( 'detail', '', ( #7484 ) ) ;
#7738 = PRODUCT_DEFINITION ( 'UNKNOWN', '', #7743, #7908 ) ;
#7739 = APPROVAL ( #1008, 'UNSPECIFIED' ) ;
#7740 = CC_DESIGN_APPROVAL ( #7739, ( #7738 ) ) ;
#7741 = CC_DESIGN_PERSON_AND_ORGANIZATION_ASSIGNMENT ( #198, #1010, ( #7738 ) ) ;
#7742 = CC_DESIGN_DATE_AND_TIME_ASSIGNMENT ( #202, #1011, ( #7738 ) ) ;
#7743 = PRODUCT_DEFINITION_FORMATION_WITH_SPECIFIED_SOURCE ( 'ANY', '', #7485, .NOT_KNOWN. ) ;
#7744 = APPROVAL ( #1012, 'UNSPECIFIED' ) ;
#7745 = CC_DESIGN_APPROVAL ( #7744, ( #7743 ) ) ;
#7746 = CC_DESIGN_PERSON_AND_ORGANIZATION_ASSIGNMENT ( #210, #1014, ( #7743 ) ) ;
#7747 = CC_DESIGN_PERSON_AND_ORGANIZATION_ASSIGNMENT ( #211, #1015, ( #7743 ) ) ;
#7748 = SECURITY_CLASSIFICATION ( '', '', #1016 ) ;
#7749 = CC_DESIGN_PERSON_AND_ORGANIZATION_ASSIGNMENT ( #212, #1017, ( #7748 ) ) ;
#7750 = CC_DESIGN_DATE_AND_TIME_ASSIGNMENT ( #216, #1018, ( #7748 ) ) ;
#7751 = APPROVAL ( #1019, 'UNSPECIFIED' ) ;
#7752 = CC_DESIGN_APPROVAL ( #7751, ( #7748 ) ) ;
#7753 = CC_DESIGN_SECURITY_CLASSIFICATION ( #7748, ( #7743 ) ) ;
#7754 = PRODUCT_RELATED_PRODUCT_CATEGORY ( 'detail', '', ( #7485 ) ) ;
#7755 = PRODUCT_DEFINITION ( 'UNKNOWN', '', #7760, #7912 ) ;
#7756 = APPROVAL ( #1026, 'UNSPECIFIED' ) ;
#7757 = CC_DESIGN_APPROVAL ( #7756, ( #7755 ) ) ;
#7758 = CC_DESIGN_PERSON_AND_ORGANIZATION_ASSIGNMENT ( #232, #1028, ( #7755 ) ) ;
#7759 = CC_DESIGN_DATE_AND_TIME_ASSIGNMENT ( #236, #1029, ( #7755 ) ) ;
#7760 = PRODUCT_DEFINITION_FORMATION_WITH_SPECIFIED_SOURCE ( 'ANY', '', #7486, .NOT_KNOWN. ) ;
#7761 = APPROVAL ( #1030, 'UNSPECIFIED' ) ;
#7762 = CC_DESIGN_APPROVAL ( #7761, ( #7760 ) ) ;
#7763 = CC_DESIGN_PERSON_AND_ORGANIZATION_ASSIGNMENT ( #244, #1032, ( #7760 ) ) ;
#7764 = CC_DESIGN_PERSON_AND_ORGANIZATION_ASSIGNMENT ( #245, #1033, ( #7760 ) ) ;
#7765 = SECURITY_CLASSIFICATION ( '', '', #1034 ) ;
#7766 = CC_DESIGN_PERSON_AND_ORGANIZATION_ASSIGNMENT ( #246, #1035, ( #7765 ) ) ;
#7767 = CC_DESIGN_DATE_AND_TIME_ASSIGNMENT ( #250, #1036, ( #7765 ) ) ;
#7768 = APPROVAL ( #1037, 'UNSPECIFIED' ) ;
#7769 = CC_DESIGN_APPROVAL ( #7768, ( #7765 ) ) ;
#7770 = CC_DESIGN_SECURITY_CLASSIFICATION ( #7765, ( #7760 ) ) ;
#7771 = PRODUCT_RELATED_PRODUCT_CATEGORY ( 'detail', '', ( #7486 ) ) ;
#7772 = PRODUCT_DEFINITION ( 'UNKNOWN', '', #7777, #7910 ) ;
#7773 = APPROVAL ( #1044, 'UNSPECIFIED' ) ;
#7774 = CC_DESIGN_APPROVAL ( #7773, ( #7772 ) ) ;
#7775 = CC_DESIGN_PERSON_AND_ORGANIZATION_ASSIGNMENT ( #266, #1046, ( #7772 ) ) ;
#7776 = CC_DESIGN_DATE_AND_TIME_ASSIGNMENT ( #270, #1047, ( #7772 ) ) ;
#7777 = PRODUCT_DEFINITION_FORMATION_WITH_SPECIFIED_SOURCE ( 'ANY', '', #7487, .NOT_KNOWN. ) ;
#7778 = APPROVAL ( #1048, 'UNSPECIFIED' ) ;
#7779 = CC_DESIGN_APPROVAL ( #7778, ( #7777 ) ) ;
#7780 = CC_DESIGN_PERSON_AND_ORGANIZATION_ASSIGNMENT ( #278, #1050, ( #7777 ) ) ;
#7781 = CC_DESIGN_PERSON_AND_ORGANIZATION_ASSIGNMENT ( #279, #1051, ( #7777 ) ) ;
#7782 = SECURITY_CLASSIFICATION ( '', '', #1052 ) ;
#7783 = CC_DESIGN_PERSON_AND_ORGANIZATION_ASSIGNMENT ( #280, #1053, ( #7782 ) ) ;
#7784 = CC_DESIGN_DATE_AND_TIME_ASSIGNMENT ( #284, #1054, ( #7782 ) ) ;
#7785 = APPROVAL ( #1055, 'UNSPECIFIED' ) ;
#7786 = CC_DESIGN_APPROVAL ( #7785, ( #7782 ) ) ;
#7787 = CC_DESIGN_SECURITY_CLASSIFICATION ( #7782, ( #7777 ) ) ;
#7788 = PRODUCT_RELATED_PRODUCT_CATEGORY ( 'detail', '', ( #7487 ) ) ;
#7789 = PRODUCT_DEFINITION ( 'UNKNOWN', '', #7794, #7911 ) ;
#7790 = APPROVAL ( #1062, 'UNSPECIFIED' ) ;
#7791 = CC_DESIGN_APPROVAL ( #7790, ( #7789 ) ) ;
#7792 = CC_DESIGN_PERSON_AND_ORGANIZATION_ASSIGNMENT ( #300, #1064, ( #7789 ) ) ;
#7793 = CC_DESIGN_DATE_AND_TIME_ASSIGNMENT ( #304, #1065, ( #7789 ) ) ;
#7794 = PRODUCT_DEFINITION_FORMATION_WITH_SPECIFIED_SOURCE ( 'ANY', '', #7488, .NOT_KNOWN. ) ;
#7795 = APPROVAL ( #1066, 'UNSPECIFIED' ) ;
#7796 = CC_DESIGN_APPROVAL ( #7795, ( #7794 ) ) ;
#7797 = CC_DESIGN_PERSON_AND_ORGANIZATION_ASSIGNMENT ( #312, #1068, ( #7794 ) ) ;
#7798 = CC_DESIGN_PERSON_AND_ORGANIZATION_ASSIGNMENT ( #313, #1069, ( #7794 ) ) ;
#7799 = SECURITY_CLASSIFICATION ( '', '', #1070 ) ;
#7800 = CC_DESIGN_PERSON_AND_ORGANIZATION_ASSIGNMENT ( #314, #1071, ( #7799 ) ) ;
#7801 = CC_DESIGN_DATE_AND_TIME_ASSIGNMENT ( #318, #1072, ( #7799 ) ) ;
#7802 = APPROVAL ( #1073, 'UNSPECIFIED' ) ;
#7803 = CC_DESIGN_APPROVAL ( #7802, ( #7799 ) ) ;
#7804 = CC_DESIGN_SECURITY_CLASSIFICATION ( #7799, ( #7794 ) ) ;
#7805 = PRODUCT_RELATED_PRODUCT_CATEGORY ( 'detail', '', ( #7488 ) ) ;
#7806 = PRODUCT_DEFINITION ( 'UNKNOWN', '', #7811, #7913 ) ;
#7807 = APPROVAL ( #1080, 'UNSPECIFIED' ) ;
#7808 = CC_DESIGN_APPROVAL ( #7807, ( #7806 ) ) ;
#7809 = CC_DESIGN_PERSON_AND_ORGANIZATION_ASSIGNMENT ( #334, #1082, ( #7806 ) ) ;
#7810 = CC_DESIGN_DATE_AND_TIME_ASSIGNMENT ( #338, #1083, ( #7806 ) ) ;
#7811 = PRODUCT_DEFINITION_FORMATION_WITH_SPECIFIED_SOURCE ( 'ANY', '', #7489, .NOT_KNOWN. ) ;
#7812 = APPROVAL ( #1084, 'UNSPECIFIED' ) ;
#7813 = CC_DESIGN_APPROVAL ( #7812, ( #7811 ) ) ;
#7814 = CC_DESIGN_PERSON_AND_ORGANIZATION_ASSIGNMENT ( #346, #1086, ( #7811 ) ) ;
#7815 = CC_DESIGN_PERSON_AND_ORGANIZATION_ASSIGNMENT ( #347, #1087, ( #7811 ) ) ;
#7816 = SECURITY_CLASSIFICATION ( '', '', #1088 ) ;
#7817 = CC_DESIGN_PERSON_AND_ORGANIZATION_ASSIGNMENT ( #348, #1089, ( #7816 ) ) ;
#7818 = CC_DESIGN_DATE_AND_TIME_ASSIGNMENT ( #352, #1090, ( #7816 ) ) ;
#7819 = APPROVAL ( #1091, 'UNSPECIFIED' ) ;
#7820 = CC_DESIGN_APPROVAL ( #7819, ( #7816 ) ) ;
#7821 = CC_DESIGN_SECURITY_CLASSIFICATION ( #7816, ( #7811 ) ) ;
#7822 = PRODUCT_RELATED_PRODUCT_CATEGORY ( 'detail', '', ( #7489 ) ) ;
#7823 = PRODUCT_DEFINITION ( 'UNKNOWN', '', #7828, #7914 ) ;
#7824 = APPROVAL ( #1098, 'UNSPECIFIED' ) ;
#7825 = CC_DESIGN_APPROVAL ( #7824, ( #7823 ) ) ;
#7826 = CC_DESIGN_PERSON_AND_ORGANIZATION_ASSIGNMENT ( #368, #1100, ( #7823 ) ) ;
#7827 = CC_DESIGN_DATE_AND_TIME_ASSIGNMENT ( #372, #1101, ( #7823 ) ) ;
#7828 = PRODUCT_DEFINITION_FORMATION_WITH_SPECIFIED_SOURCE ( 'ANY', '', #7490, .NOT_KNOWN. ) ;
#7829 = APPROVAL ( #1102, 'UNSPECIFIED' ) ;
#7830 = CC_DESIGN_APPROVAL ( #7829, ( #7828 ) ) ;
#7831 = CC_DESIGN_PERSON_AND_ORGANIZATION_ASSIGNMENT ( #380, #1104, ( #7828 ) ) ;
#7832 = CC_DESIGN_PERSON_AND_ORGANIZATION_ASSIGNMENT ( #381, #1105, ( #7828 ) ) ;
#7833 = SECURITY_CLASSIFICATION ( '', '', #1106 ) ;
#7834 = CC_DESIGN_PERSON_AND_ORGANIZATION_ASSIGNMENT ( #382, #1107, ( #7833 ) ) ;
#7835 = CC_DESIGN_DATE_AND_TIME_ASSIGNMENT ( #386, #1108, ( #7833 ) ) ;
#7836 = APPROVAL ( #1109, 'UNSPECIFIED' ) ;
#7837 = CC_DESIGN_APPROVAL ( #7836, ( #7833 ) ) ;
#7838 = CC_DESIGN_SECURITY_CLASSIFICATION ( #7833, ( #7828 ) ) ;
#7839 = PRODUCT_RELATED_PRODUCT_CATEGORY ( 'detail', '', ( #7490 ) ) ;
#7840 = CC_DESIGN_SECURITY_CLASSIFICATION ( #7651, ( #11306 ) ) ;
#7841 = APPROVAL ( #1113, 'UNKNOWN' ) ;
#7842 = CC_DESIGN_APPROVAL ( #7841, ( #7651 ) ) ;
#7843 = CC_DESIGN_DATE_AND_TIME_ASSIGNMENT ( #399, #1115, ( #7651 ) ) ;
#7844 = CC_DESIGN_PERSON_AND_ORGANIZATION_ASSIGNMENT ( #406, #1116, ( #7651 ) ) ;
#7845 = SECURITY_CLASSIFICATION ( '', '', #1118 ) ;
#7846 = CC_DESIGN_SECURITY_CLASSIFICATION ( #7845, ( #11307 ) ) ;
#7847 = APPROVAL ( #1119, 'UNKNOWN' ) ;
#7848 = CC_DESIGN_APPROVAL ( #7847, ( #7845 ) ) ;
#7849 = CC_DESIGN_DATE_AND_TIME_ASSIGNMENT ( #414, #1121, ( #7845 ) ) ;
#7850 = CC_DESIGN_PERSON_AND_ORGANIZATION_ASSIGNMENT ( #421, #1122, ( #7845 ) ) ;
#7851 = SECURITY_CLASSIFICATION ( '', '', #1124 ) ;
#7852 = CC_DESIGN_SECURITY_CLASSIFICATION ( #7851, ( #11308 ) ) ;
#7853 = APPROVAL ( #1125, 'UNKNOWN' ) ;
#7854 = CC_DESIGN_APPROVAL ( #7853, ( #7851 ) ) ;
#7855 = CC_DESIGN_DATE_AND_TIME_ASSIGNMENT ( #429, #1127, ( #7851 ) ) ;
#7856 = CC_DESIGN_PERSON_AND_ORGANIZATION_ASSIGNMENT ( #436, #1128, ( #7851 ) ) ;
#7857 = SECURITY_CLASSIFICATION ( '', '', #1130 ) ;
#7858 = CC_DESIGN_SECURITY_CLASSIFICATION ( #7857, ( #11309 ) ) ;
#7859 = APPROVAL ( #1131, 'UNKNOWN' ) ;
#7860 = CC_DESIGN_APPROVAL ( #7859, ( #7857 ) ) ;
#7861 = CC_DESIGN_DATE_AND_TIME_ASSIGNMENT ( #444, #1133, ( #7857 ) ) ;
#7862 = CC_DESIGN_PERSON_AND_ORGANIZATION_ASSIGNMENT ( #451, #1134, ( #7857 ) ) ;
#7863 = SECURITY_CLASSIFICATION ( '', '', #1136 ) ;
#7864 = CC_DESIGN_SECURITY_CLASSIFICATION ( #7863, ( #11310 ) ) ;
#7865 = APPROVAL ( #1137, 'UNKNOWN' ) ;
#7866 = CC_DESIGN_APPROVAL ( #7865, ( #7863 ) ) ;
#7867 = CC_DESIGN_DATE_AND_TIME_ASSIGNMENT ( #459, #1139, ( #7863 ) ) ;
#7868 = CC_DESIGN_PERSON_AND_ORGANIZATION_ASSIGNMENT ( #466, #1140, ( #7863 ) ) ;
#7869 = SECURITY_CLASSIFICATION ( '', '', #1142 ) ;
#7870 = CC_DESIGN_SECURITY_CLASSIFICATION ( #7869, ( #11311 ) ) ;
#7871 = APPROVAL ( #1143, 'UNKNOWN' ) ;
#7872 = CC_DESIGN_APPROVAL ( #7871, ( #7869 ) ) ;
#7873 = CC_DESIGN_DATE_AND_TIME_ASSIGNMENT ( #474, #1145, ( #7869 ) ) ;
#7874 = CC_DESIGN_PERSON_AND_ORGANIZATION_ASSIGNMENT ( #481, #1146, ( #7869 ) ) ;
#7875 = SECURITY_CLASSIFICATION ( '', '', #1148 ) ;
#7876 = CC_DESIGN_SECURITY_CLASSIFICATION ( #7875, ( #11312 ) ) ;
#7877 = APPROVAL ( #1149, 'UNKNOWN' ) ;
#7878 = CC_DESIGN_APPROVAL ( #7877, ( #7875 ) ) ;
#7879 = CC_DESIGN_DATE_AND_TIME_ASSIGNMENT ( #489, #1151, ( #7875 ) ) ;
#7880 = CC_DESIGN_PERSON_AND_ORGANIZATION_ASSIGNMENT ( #496, #1152, ( #7875 ) ) ;
#7881 = SECURITY_CLASSIFICATION ( '', '', #1154 ) ;
#7882 = CC_DESIGN_SECURITY_CLASSIFICATION ( #7881, ( #11313 ) ) ;
#7883 = APPROVAL ( #1155, 'UNKNOWN' ) ;
#7884 = CC_DESIGN_APPROVAL ( #7883, ( #7881 ) ) ;
#7885 = CC_DESIGN_DATE_AND_TIME_ASSIGNMENT ( #504, #1157, ( #7881 ) ) ;
#7886 = CC_DESIGN_PERSON_AND_ORGANIZATION_ASSIGNMENT ( #511, #1158, ( #7881 ) ) ;
#7887 = SECURITY_CLASSIFICATION ( '', '', #1160 ) ;
#7888 = CC_DESIGN_SECURITY_CLASSIFICATION ( #7887, ( #11314 ) ) ;
#7889 = APPROVAL ( #1161, 'UNKNOWN' ) ;
#7890 = CC_DESIGN_APPROVAL ( #7889, ( #7887 ) ) ;
#7891 = CC_DESIGN_DATE_AND_TIME_ASSIGNMENT ( #519, #1163, ( #7887 ) ) ;
#7892 = CC_DESIGN_PERSON_AND_ORGANIZATION_ASSIGNMENT ( #526, #1164, ( #7887 ) ) ;
#7893 = SECURITY_CLASSIFICATION ( '', '', #1166 ) ;
#7894 = CC_DESIGN_SECURITY_CLASSIFICATION ( #7893, ( #11315 ) ) ;
#7895 = APPROVAL ( #1167, 'UNKNOWN' ) ;
#7896 = CC_DESIGN_APPROVAL ( #7895, ( #7893 ) ) ;
#7897 = CC_DESIGN_DATE_AND_TIME_ASSIGNMENT ( #534, #1169, ( #7893 ) ) ;
#7898 = CC_DESIGN_PERSON_AND_ORGANIZATION_ASSIGNMENT ( #541, #1170, ( #7893 ) ) ;
#7899 = SECURITY_CLASSIFICATION ( '', '', #1172 ) ;
#7900 = CC_DESIGN_SECURITY_CLASSIFICATION ( #7899, ( #11316 ) ) ;
#7901 = APPROVAL ( #1173, 'UNKNOWN' ) ;
#7902 = CC_DESIGN_APPROVAL ( #7901, ( #7899 ) ) ;
#7903 = CC_DESIGN_DATE_AND_TIME_ASSIGNMENT ( #549, #1175, ( #7899 ) ) ;
#7904 = CC_DESIGN_PERSON_AND_ORGANIZATION_ASSIGNMENT ( #556, #1176, ( #7899 ) ) ;
#7905 = DESIGN_CONTEXT ( 'detailed design', #952, 'design' ) ;
#7906 = DESIGN_CONTEXT ( 'detailed design', #970, 'design' ) ;
#7907 = DESIGN_CONTEXT ( 'detailed design', #934, 'design' ) ;
#7908 = DESIGN_CONTEXT ( 'detailed design', #1006, 'design' ) ;
#7909 = DESIGN_CONTEXT ( 'detailed design', #988, 'design' ) ;
#7910 = DESIGN_CONTEXT ( 'detailed design', #1042, 'design' ) ;
#7911 = DESIGN_CONTEXT ( 'detailed design', #1060, 'design' ) ;
#7912 = DESIGN_CONTEXT ( 'detailed design', #1024, 'design' ) ;
#7913 = DESIGN_CONTEXT ( 'detailed design', #1078, 'design' ) ;
#7914 = DESIGN_CONTEXT ( 'detailed design', #1096, 'design' ) ;
#7915 = DESIGN_CONTEXT ( 'detailed design', #916, 'design' ) ;
#7916 = PRODUCT_DEFINITION_SHAPE ( 'NONE', 'NONE',  #7670 ) ;
#7917 = PRODUCT_DEFINITION_SHAPE ( 'NONE', 'NONE',  #7653 ) ;
#7918 = PRODUCT_DEFINITION_SHAPE ( 'NONE', 'NONE',  #11306 ) ;
#7919 = PRODUCT_DEFINITION_SHAPE ( 'NONE', 'NONE',  #7704 ) ;
#7920 = PRODUCT_DEFINITION_SHAPE ( 'NONE', 'NONE',  #7687 ) ;
#7921 = PRODUCT_DEFINITION_SHAPE ( 'NONE', 'NONE',  #7738 ) ;
#7922 = PRODUCT_DEFINITION_SHAPE ( 'NONE', 'NONE',  #7772 ) ;
#7923 = PRODUCT_DEFINITION_SHAPE ( 'NONE', 'NONE',  #7755 ) ;
#7924 = PRODUCT_DEFINITION_SHAPE ( 'NONE', 'NONE',  #7721 ) ;
#7925 = PRODUCT_DEFINITION_SHAPE ( 'NONE', 'NONE',  #7789 ) ;
#7926 = PRODUCT_DEFINITION_SHAPE ( 'NONE', 'NONE',  #7823 ) ;
#7927 = PRODUCT_DEFINITION_SHAPE ( 'NONE', 'NONE',  #11308 ) ;
#7928 = PRODUCT_DEFINITION_SHAPE ( 'NONE', 'NONE',  #11307 ) ;
#7929 = PRODUCT_DEFINITION_SHAPE ( 'NONE', 'NONE',  #7806 ) ;
#7930 = PRODUCT_DEFINITION_SHAPE ( 'NONE', 'NONE',  #11310 ) ;
#7931 = PRODUCT_DEFINITION_SHAPE ( 'NONE', 'NONE',  #11309 ) ;
#7932 = PRODUCT_DEFINITION_SHAPE ( 'NONE', 'NONE',  #11312 ) ;
#7933 = PRODUCT_DEFINITION_SHAPE ( 'NONE', 'NONE',  #11313 ) ;
#7934 = PRODUCT_DEFINITION_SHAPE ( 'NONE', 'NONE',  #11311 ) ;
#7935 = PRODUCT_DEFINITION_SHAPE ( 'NONE', 'NONE',  #11314 ) ;
#7936 = PRODUCT_DEFINITION_SHAPE ( 'NONE', 'NONE',  #11316 ) ;
#7937 = PRODUCT_DEFINITION_SHAPE ( 'NONE', 'NONE',  #11315 ) ;
#7938 = DIRECTION ( 'NONE',  ( 1.000000000000000000, -0.0000000000000000000, -0.0000000000000000000 ) ) ;
#7939 = DIRECTION ( 'NONE',  ( -0.0000000000000000000, -1.000000000000000000, -0.0000000000000000000 ) ) ;
#7940 = CARTESIAN_POINT ( 'NONE',  ( 2.539999999999998700, 3.550000000000001600, 1.850000000000000300 ) ) ;
#7941 = CARTESIAN_POINT ( 'NONE',  ( 6.171633369868313700, 1.709739569497843000, -0.1895825622994437600 ) ) ;
#7942 = CARTESIAN_POINT ( 'NONE',  ( 5.497352310067328500, 1.589424316450708900, 0.9783064918572519400 ) ) ;
#7943 = CARTESIAN_POINT ( 'NONE',  ( 2.780463044020562400, 0.1500000000000008300, -10.39774018625500000 ) ) ;
#7944 = DIRECTION ( 'NONE',  ( 0.0000000000000000000, -1.000000000000000000, 0.0000000000000000000 ) ) ;
#7945 = DIRECTION ( 'NONE',  ( 0.0000000000000000000, 0.0000000000000000000, -1.000000000000000000 ) ) ;
#7946 = DIRECTION ( 'NONE',  ( -0.0000000000000000000, -1.000000000000000000, -0.0000000000000000000 ) ) ;
#7947 = CARTESIAN_POINT ( 'NONE',  ( 3.280463044020566000, 0.1500000000000008300, -11.26376559003944200 ) ) ;
#7948 = CARTESIAN_POINT ( 'NONE',  ( 4.994079828490263200, 2.375929898628359900, 1.850000000000000100 ) ) ;
#7949 = CARTESIAN_POINT ( 'NONE',  ( 4.994079828490263200, 3.550000000000001600, 1.850000000000000300 ) ) ;
#7950 = CARTESIAN_POINT ( 'NONE',  ( -10.75679306876173600, 5.510000000000000700, 3.431312121600013800 ) ) ;
#7951 = CARTESIAN_POINT ( 'NONE',  ( -2.406793068761691400, 5.510000000000000700, -11.03131212160007900 ) ) ;
#7952 = CARTESIAN_POINT ( 'NONE',  ( -0.7500000000000041100, -7.250000000000001800, 1.000000000000000900 ) ) ;
#7953 = DIRECTION ( 'NONE',  ( 0.0000000000000000000, 0.0000000000000000000, 1.000000000000000000 ) ) ;
#7954 = DIRECTION ( 'NONE',  ( -1.000000000000000000, 0.0000000000000000000, 0.0000000000000000000 ) ) ;
#7955 = PLANE ( 'NONE',  #2570 ) ;
#7956 = DIRECTION ( 'NONE',  ( 0.0000000000000000000, 0.0000000000000000000, 1.000000000000000000 ) ) ;
#7957 = CARTESIAN_POINT ( 'NONE',  ( 2.780463044020562400, 0.0000000000000000000, -10.39774018625500000 ) ) ;
#7958 = DIRECTION ( 'NONE',  ( 0.0000000000000000000, -1.000000000000000000, 0.0000000000000000000 ) ) ;
#7959 = DIRECTION ( 'NONE',  ( 0.0000000000000000000, 0.0000000000000000000, -1.000000000000000000 ) ) ;
#7960 = DIRECTION ( 'NONE',  ( -0.8660254037844370400, 0.0000000000000000000, -0.5000000000000028900 ) ) ;
#7961 = DIRECTION ( 'NONE',  ( -0.5000000000000028900, 0.0000000000000000000, 0.8660254037844370400 ) ) ;
#7962 = DIRECTION ( 'NONE',  ( -0.0000000000000000000, 1.000000000000000000, -0.0000000000000000000 ) ) ;
#7963 = CARTESIAN_POINT ( 'NONE',  ( 2.055607966083866400, 1.260000000000000700, 4.939582562299423600 ) ) ;
#7964 = PLANE ( 'NONE',  #2572 ) ;
#7965 = DIRECTION ( 'NONE',  ( 0.0000000000000000000, 0.0000000000000000000, 1.000000000000000000 ) ) ;
#7966 = CARTESIAN_POINT ( 'NONE',  ( -7.184773090682671900, 1.260000000000000700, -9.055607966083934800 ) ) ;
#7967 = DIRECTION ( 'NONE',  ( 0.0000000000000000000, 1.000000000000000000, 0.0000000000000000000 ) ) ;
#7968 = DIRECTION ( 'NONE',  ( 0.0000000000000000000, -0.0000000000000000000, 1.000000000000000000 ) ) ;
#7969 = DIRECTION ( 'NONE',  ( -0.0000000000000000000, 1.000000000000000000, -0.0000000000000000000 ) ) ;
#7970 = CARTESIAN_POINT ( 'NONE',  ( 0.0000000000000000000, 7.859999999999998500, 0.0000000000000000000 ) ) ;
#7971 = PLANE ( 'NONE',  #2574 ) ;
#7972 = CARTESIAN_POINT ( 'NONE',  ( 0.0000000000000000000, 10.16000000000000200, 0.0000000000000000000 ) ) ;
#7973 = PLANE ( 'NONE',  #2575 ) ;
#7974 = DIRECTION ( 'NONE',  ( 0.5000000000000037700, 0.0000000000000000000, -0.8660254037844366000 ) ) ;
#7975 = DIRECTION ( 'NONE',  ( -0.8660254037844364900, 0.0000000000000000000, -0.5000000000000036600 ) ) ;
#7976 = DIRECTION ( 'NONE',  ( 0.0000000000000000000, 0.0000000000000000000, 1.000000000000000000 ) ) ;
#7977 = DIRECTION ( 'NONE',  ( 0.0000000000000000000, 0.0000000000000000000, 1.000000000000000000 ) ) ;
#7978 = DIRECTION ( 'NONE',  ( 0.0000000000000000000, 1.000000000000000000, 0.0000000000000000000 ) ) ;
#7979 = DIRECTION ( 'NONE',  ( 0.0000000000000000000, -0.0000000000000000000, 1.000000000000000000 ) ) ;
#7980 = DIRECTION ( 'NONE',  ( -0.0000000000000000000, 1.000000000000000000, -0.0000000000000000000 ) ) ;
#7981 = CARTESIAN_POINT ( 'NONE',  ( 0.0000000000000000000, 7.859999999999998500, 0.0000000000000000000 ) ) ;
#7982 = DIRECTION ( 'NONE',  ( -0.0000000000000000000, 1.000000000000000000, -0.0000000000000000000 ) ) ;
#7983 = DIRECTION ( 'NONE',  ( 0.0000000000000000000, 0.0000000000000000000, 1.000000000000000000 ) ) ;
#7984 = CARTESIAN_POINT ( 'NONE',  ( 0.0000000000000000000, 7.859999999999998500, 0.0000000000000000000 ) ) ;
#7985 = DIRECTION ( 'NONE',  ( -0.0000000000000000000, 1.000000000000000000, -0.0000000000000000000 ) ) ;
#7986 = DIRECTION ( 'NONE',  ( 0.0000000000000000000, 0.0000000000000000000, 1.000000000000000000 ) ) ;
#7987 = CARTESIAN_POINT ( 'NONE',  ( 0.0000000000000000000, 7.859999999999998500, 0.0000000000000000000 ) ) ;
#7988 = DIRECTION ( 'NONE',  ( -0.0000000000000000000, 1.000000000000000000, -0.0000000000000000000 ) ) ;
#7989 = DIRECTION ( 'NONE',  ( 0.0000000000000000000, 0.0000000000000000000, 1.000000000000000000 ) ) ;
#7990 = CARTESIAN_POINT ( 'NONE',  ( 0.0000000000000000000, 7.859999999999998500, 0.0000000000000000000 ) ) ;
#7991 = DIRECTION ( 'NONE',  ( -0.0000000000000000000, 1.000000000000000000, -0.0000000000000000000 ) ) ;
#7992 = DIRECTION ( 'NONE',  ( 0.0000000000000000000, 0.0000000000000000000, 1.000000000000000000 ) ) ;
#7993 = CARTESIAN_POINT ( 'NONE',  ( 0.0000000000000000000, 7.859999999999998500, 0.0000000000000000000 ) ) ;
#7994 = DIRECTION ( 'NONE',  ( -0.0000000000000000000, 1.000000000000000000, -0.0000000000000000000 ) ) ;
#7995 = DIRECTION ( 'NONE',  ( 0.0000000000000000000, 0.0000000000000000000, 1.000000000000000000 ) ) ;
#7996 = CARTESIAN_POINT ( 'NONE',  ( 0.0000000000000000000, 7.859999999999998500, 0.0000000000000000000 ) ) ;
#7997 = DIRECTION ( 'NONE',  ( -0.0000000000000000000, 1.000000000000000000, -0.0000000000000000000 ) ) ;
#7998 = CARTESIAN_POINT ( 'NONE',  ( -11.43477309068267700, 1.260000000000000700, -1.694392033916209500 ) ) ;
#7999 = CARTESIAN_POINT ( 'NONE',  ( 0.0000000000000000000, 7.859999999999998500, 0.0000000000000000000 ) ) ;
#8000 = PLANE ( 'NONE',  #2583 ) ;
#8001 = CARTESIAN_POINT ( 'NONE',  ( -10.75679306876173600, 5.510000000000000700, 3.431312121600013800 ) ) ;
#8002 = DIRECTION ( 'NONE',  ( 0.0000000000000000000, 0.0000000000000000000, -1.000000000000000000 ) ) ;
#8003 = DIRECTION ( 'NONE',  ( -0.5000000000000037700, 0.0000000000000000000, 0.8660254037844366000 ) ) ;
#8004 = DIRECTION ( 'NONE',  ( 0.8660254037844364900, 0.0000000000000000000, 0.5000000000000036600 ) ) ;
#8005 = PLANE ( 'NONE',  #2585 ) ;
#8006 = DIRECTION ( 'NONE',  ( 0.0000000000000000000, 0.0000000000000000000, -1.000000000000000000 ) ) ;
#8007 = DIRECTION ( 'NONE',  ( 0.0000000000000000000, 1.000000000000000000, 0.0000000000000000000 ) ) ;
#8008 = DIRECTION ( 'NONE',  ( 0.0000000000000000000, -0.0000000000000000000, 1.000000000000000000 ) ) ;
#8009 = DIRECTION ( 'NONE',  ( -0.0000000000000000000, -1.000000000000000000, -0.0000000000000000000 ) ) ;
#8010 = CARTESIAN_POINT ( 'NONE',  ( 0.0000000000000000000, 10.16000000000000200, 0.0000000000000000000 ) ) ;
#8011 = DIRECTION ( 'NONE',  ( -0.0000000000000000000, -1.000000000000000000, -0.0000000000000000000 ) ) ;
#8012 = DIRECTION ( 'NONE',  ( 0.0000000000000000000, 0.0000000000000000000, -1.000000000000000000 ) ) ;
#8013 = CARTESIAN_POINT ( 'NONE',  ( 0.0000000000000000000, 10.16000000000000200, 0.0000000000000000000 ) ) ;
#8014 = DIRECTION ( 'NONE',  ( -0.0000000000000000000, -1.000000000000000000, -0.0000000000000000000 ) ) ;
#8015 = DIRECTION ( 'NONE',  ( -1.000000000000000000, 1.110223024625156800E-016, 0.0000000000000000000 ) ) ;
#8016 = CARTESIAN_POINT ( 'NONE',  ( -3.572422638949464900, 0.1500000000000008300, 9.605780591326020400 ) ) ;
#8017 = DIRECTION ( 'NONE',  ( 0.0000000000000000000, 0.0000000000000000000, -1.000000000000000000 ) ) ;
#8018 = EDGE_CURVE ( 'NONE', #3851, #3768, #2056, .T. ) ;
#8019 = CARTESIAN_POINT ( 'NONE',  ( -7.391007206056344500, 12.25208333333331900, -12.80160000000084100 ) ) ;
#8020 = CARTESIAN_POINT ( 'NONE',  ( 0.0000000000000000000, 0.0000000000000000000, 4.317999999999998700 ) ) ;
#8021 = EDGE_CURVE ( 'NONE', #3952, #3851, #9163, .T. ) ;
#8022 = CARTESIAN_POINT ( 'NONE',  ( 1.538157622105185100E-012, 12.30499999999998900, -12.80159999999995100 ) ) ;
#8023 = DIRECTION ( 'NONE',  ( 0.0000000000000000000, 0.0000000000000000000, 1.000000000000000000 ) ) ;
#8024 = DIRECTION ( 'NONE',  ( -0.0000000000000000000, 1.000000000000000000, -0.0000000000000000000 ) ) ;
#8025 = EDGE_CURVE ( 'NONE', #3898, #3171, #2060, .T. ) ;
#8026 = CARTESIAN_POINT ( 'NONE',  ( -11.08651080908605700, 12.19916666666665600, -6.400800000001309400 ) ) ;
#8027 = CARTESIAN_POINT ( 'NONE',  ( -14.78201441211576900, 12.14624999999998600, -1.776737398773147200E-012 ) ) ;
#8028 = CARTESIAN_POINT ( 'NONE',  ( -11.08651080908759600, 12.09333333333332500, 6.400799999998641400 ) ) ;
#8029 = CARTESIAN_POINT ( 'NONE',  ( -7.391007206059426500, 12.04041666666665300, 12.80159999999905900 ) ) ;
#8030 = CARTESIAN_POINT ( 'NONE',  ( -1.539729715255289100E-012, 11.98749999999998800, 12.80159999999995100 ) ) ;
#8031 = CARTESIAN_POINT ( 'NONE',  ( 7.391007206056343600, 11.93458333333332200, 12.80160000000084100 ) ) ;
#8032 = CARTESIAN_POINT ( 'NONE',  ( 11.08651080908605600, 11.88166666666665500, 6.400800000001313000 ) ) ;
#8033 = CARTESIAN_POINT ( 'NONE',  ( 14.78201441211576900, 11.82874999999998900, 1.778740484904796600E-012 ) ) ;
#8034 = CARTESIAN_POINT ( 'NONE',  ( 11.08651080908760100, 11.77583333333332200, -6.400799999998634200 ) ) ;
#8035 = CARTESIAN_POINT ( 'NONE',  ( 7.391007206059430100, 11.72291666666665400, -12.80159999999905900 ) ) ;
#8036 = CARTESIAN_POINT ( 'NONE',  ( 1.538157622105185100E-012, 11.66999999999998900, -12.80159999999995100 ) ) ;
#8037 = CARTESIAN_POINT ( 'NONE',  ( -7.391007206056344500, 11.61708333333332100, -12.80160000000084100 ) ) ;
#8038 = CARTESIAN_POINT ( 'NONE',  ( -11.08651080908605700, 11.56416666666665600, -6.400800000001309400 ) ) ;
#8039 = CARTESIAN_POINT ( 'NONE',  ( -14.78201441211576900, 11.51124999999998800, -1.776737398773147200E-012 ) ) ;
#8040 = CARTESIAN_POINT ( 'NONE',  ( -11.08651080908759600, 11.45833333333332300, 6.400799999998641400 ) ) ;
#8041 = CARTESIAN_POINT ( 'NONE',  ( -7.391007206059426500, 11.40541666666665500, 12.80159999999905900 ) ) ;
#8042 = CARTESIAN_POINT ( 'NONE',  ( -1.539729715255289100E-012, 11.35249999999998800, 12.80159999999995100 ) ) ;
#8043 = CARTESIAN_POINT ( 'NONE',  ( 7.391007206056343600, 11.29958333333332400, 12.80160000000084100 ) ) ;
#8044 = EDGE_CURVE ( 'NONE', #6026, #3746, #2061, .T. ) ;
#8045 = CARTESIAN_POINT ( 'NONE',  ( 11.08651080908605600, 11.24666666666665500, 6.400800000001313000 ) ) ;
#8046 = CARTESIAN_POINT ( 'NONE',  ( 14.78201441211576900, 11.19374999999999100, 1.778740484904796600E-012 ) ) ;
#8047 = CARTESIAN_POINT ( 'NONE',  ( 11.08651080908760100, 11.14083333333332200, -6.400799999998634200 ) ) ;
#8048 = CARTESIAN_POINT ( 'NONE',  ( 7.391007206059430100, 11.08791666666665600, -12.80159999999905900 ) ) ;
#8049 = CARTESIAN_POINT ( 'NONE',  ( 1.538157622105185100E-012, 11.03499999999998900, -12.80159999999995100 ) ) ;
#8050 = CARTESIAN_POINT ( 'NONE',  ( -7.391007206056344500, 10.98208333333332300, -12.80160000000084100 ) ) ;
#8051 = CARTESIAN_POINT ( 'NONE',  ( -11.08651080908605700, 10.92916666666665600, -6.400800000001309400 ) ) ;
#8052 = CARTESIAN_POINT ( 'NONE',  ( -14.78201441211576900, 10.87624999999999000, -1.776737398773147200E-012 ) ) ;
#8053 = CARTESIAN_POINT ( 'NONE',  ( -11.08651080908759600, 10.82333333333332300, 6.400799999998641400 ) ) ;
#8054 = CARTESIAN_POINT ( 'NONE',  ( -7.391007206059426500, 10.77041666666665900, 12.80159999999905900 ) ) ;
#8055 = CARTESIAN_POINT ( 'NONE',  ( -1.539729715255289100E-012, 10.71749999999999000, 12.80159999999995100 ) ) ;
#8056 = CARTESIAN_POINT ( 'NONE',  ( 7.391007206056343600, 10.66458333333332600, 12.80160000000084100 ) ) ;
#8057 = CARTESIAN_POINT ( 'NONE',  ( 11.08651080908605600, 10.61166666666665700, 6.400800000001313000 ) ) ;
#8058 = CARTESIAN_POINT ( 'NONE',  ( 14.78201441211576900, 10.55874999999999300, 1.778740484904796600E-012 ) ) ;
#8059 = CARTESIAN_POINT ( 'NONE',  ( 11.08651080908760100, 10.50583333333332400, -6.400799999998634200 ) ) ;
#8060 = CARTESIAN_POINT ( 'NONE',  ( 7.391007206059430100, 10.45291666666665800, -12.80159999999905900 ) ) ;
#8061 = CARTESIAN_POINT ( 'NONE',  ( 1.538157622105185100E-012, 10.39999999999999300, -12.80159999999995100 ) ) ;
#8062 = CARTESIAN_POINT ( 'NONE',  ( -7.391007206056344500, 10.34708333333332500, -12.80160000000084100 ) ) ;
#8063 = CARTESIAN_POINT ( 'NONE',  ( -11.08651080908605700, 10.29416666666666000, -6.400800000001309400 ) ) ;
#8064 = CARTESIAN_POINT ( 'NONE',  ( -14.78201441211576900, 10.24124999999999400, -1.776737398773147200E-012 ) ) ;
#8065 = CARTESIAN_POINT ( 'NONE',  ( -11.08651080908759600, 10.18833333333332700, 6.400799999998641400 ) ) ;
#8066 = CARTESIAN_POINT ( 'NONE',  ( -7.391007206059426500, 10.13541666666666100, 12.80159999999905900 ) ) ;
#8067 = CARTESIAN_POINT ( 'NONE',  ( -1.539729715255289100E-012, 10.08249999999999400, 12.80159999999995100 ) ) ;
#8068 = CARTESIAN_POINT ( 'NONE',  ( 7.391007206056343600, 10.02958333333332800, 12.80160000000084100 ) ) ;
#8069 = CARTESIAN_POINT ( 'NONE',  ( 11.08651080908605600, 9.976666666666661200, 6.400800000001313000 ) ) ;
#8070 = CARTESIAN_POINT ( 'NONE',  ( 14.78201441211576900, 9.923749999999993000, 1.778740484904796600E-012 ) ) ;
#8071 = CARTESIAN_POINT ( 'NONE',  ( 11.08651080908760100, 9.870833333333328200, -6.400799999998634200 ) ) ;
#8072 = CARTESIAN_POINT ( 'NONE',  ( 7.391007206059430100, 9.817916666666660000, -12.80159999999905900 ) ) ;
#8073 = CARTESIAN_POINT ( 'NONE',  ( 1.538157622105185100E-012, 9.764999999999991700, -12.80159999999995100 ) ) ;
#8074 = CARTESIAN_POINT ( 'NONE',  ( -7.391007206056344500, 9.712083333333327000, -12.80160000000084100 ) ) ;
#8075 = CARTESIAN_POINT ( 'NONE',  ( -11.08651080908605700, 9.659166666666660500, -6.400800000001309400 ) ) ;
#8076 = CARTESIAN_POINT ( 'NONE',  ( -14.78201441211576900, 9.606249999999995700, -1.776737398773147200E-012 ) ) ;
#8077 = CARTESIAN_POINT ( 'NONE',  ( -11.08651080908759600, 9.553333333333327500, 6.400799999998641400 ) ) ;
#8078 = CARTESIAN_POINT ( 'NONE',  ( -7.391007206059426500, 9.500416666666662700, 12.80159999999905900 ) ) ;
#8079 = CARTESIAN_POINT ( 'NONE',  ( -1.539729715255289100E-012, 9.447499999999994500, 12.80159999999995100 ) ) ;
#8080 = CARTESIAN_POINT ( 'NONE',  ( 7.391007206056343600, 9.394583333333329700, 12.80160000000084100 ) ) ;
#8081 = CARTESIAN_POINT ( 'NONE',  ( 11.08651080908605600, 9.341666666666661500, 6.400800000001313000 ) ) ;
#8082 = CARTESIAN_POINT ( 'NONE',  ( 14.78201441211576900, 9.288749999999995000, 1.778740484904796600E-012 ) ) ;
#8083 = CARTESIAN_POINT ( 'NONE',  ( 11.08651080908760100, 9.235833333333328500, -6.400799999998634200 ) ) ;
#8084 = CARTESIAN_POINT ( 'NONE',  ( 7.391007206059430100, 9.182916666666663700, -12.80159999999905900 ) ) ;
#8085 = CARTESIAN_POINT ( 'NONE',  ( 1.538157622105185100E-012, 9.129999999999995500, -12.80159999999995100 ) ) ;
#8086 = CARTESIAN_POINT ( 'NONE',  ( -7.391007206056344500, 9.077083333333330700, -12.80160000000084100 ) ) ;
#8087 = CARTESIAN_POINT ( 'NONE',  ( -11.08651080908605700, 9.024166666666658900, -6.400800000001309400 ) ) ;
#8088 = CARTESIAN_POINT ( 'NONE',  ( -14.78201441211576900, 8.971249999999995900, -1.776737398773147200E-012 ) ) ;
#8089 = CARTESIAN_POINT ( 'NONE',  ( -11.08651080908759600, 8.918333333333325900, 6.400799999998641400 ) ) ;
#8090 = CARTESIAN_POINT ( 'NONE',  ( -7.391007206059426500, 8.865416666666664700, 12.80159999999905900 ) ) ;
#8091 = CARTESIAN_POINT ( 'NONE',  ( -1.539729715255289100E-012, 8.812499999999994700, 12.80159999999995100 ) ) ;
#8092 = CARTESIAN_POINT ( 'NONE',  ( 7.391007206056343600, 8.759583333333331700, 12.80160000000084100 ) ) ;
#8093 = CARTESIAN_POINT ( 'NONE',  ( 11.08651080908605600, 8.706666666666661700, 6.400800000001313000 ) ) ;
#8094 = CARTESIAN_POINT ( 'NONE',  ( 14.78201441211576900, 8.653749999999995200, 1.778740484904796600E-012 ) ) ;
#8095 = CARTESIAN_POINT ( 'NONE',  ( 11.08651080908760100, 8.600833333333328700, -6.400799999998634200 ) ) ;
#8096 = CARTESIAN_POINT ( 'NONE',  ( 7.391007206059430100, 8.547916666666662200, -12.80159999999905900 ) ) ;
#8097 = CARTESIAN_POINT ( 'NONE',  ( 1.538157622105185100E-012, 8.494999999999995700, -12.80159999999995100 ) ) ;
#8098 = CARTESIAN_POINT ( 'NONE',  ( -7.391007206056344500, 8.442083333333329200, -12.80160000000084100 ) ) ;
#8099 = CARTESIAN_POINT ( 'NONE',  ( -11.08651080908605700, 8.389166666666662700, -6.400800000001309400 ) ) ;
#8100 = CARTESIAN_POINT ( 'NONE',  ( -14.78201441211576900, 8.336249999999994400, -1.776737398773147200E-012 ) ) ;
#8101 = CARTESIAN_POINT ( 'NONE',  ( -11.08651080908759600, 8.283333333333329700, 6.400799999998641400 ) ) ;
#8102 = CARTESIAN_POINT ( 'NONE',  ( -7.391007206059426500, 8.230416666666661400, 12.80159999999905900 ) ) ;
#8103 = CARTESIAN_POINT ( 'NONE',  ( -1.539729715255289100E-012, 8.177499999999996700, 12.80159999999995100 ) ) ;
#8104 = CARTESIAN_POINT ( 'NONE',  ( 7.391007206056343600, 8.124583333333331900, 12.80160000000084100 ) ) ;
#8105 = CARTESIAN_POINT ( 'NONE',  ( 11.08651080908605600, 8.071666666666663700, 6.400800000001313000 ) ) ;
#8106 = CARTESIAN_POINT ( 'NONE',  ( 14.78201441211576900, 8.018749999999998900, 1.778740484904796600E-012 ) ) ;
#8107 = CARTESIAN_POINT ( 'NONE',  ( 11.08651080908760100, 7.965833333333331500, -6.400799999998634200 ) ) ;
#8108 = CARTESIAN_POINT ( 'NONE',  ( 7.391007206059430100, 7.912916666666663300, -12.80159999999905900 ) ) ;
#8109 = CARTESIAN_POINT ( 'NONE',  ( 1.538157622105185100E-012, 7.859999999999998500, -12.80159999999995100 ) ) ;
#8110 = CARTESIAN_POINT ( 'NONE',  ( -7.391007206056344500, 7.807083333333330300, -12.80160000000084100 ) ) ;
#8111 = CARTESIAN_POINT ( 'NONE',  ( -11.08651080908605700, 7.754166666666666400, -6.400800000001309400 ) ) ;
#8112 = CARTESIAN_POINT ( 'NONE',  ( -14.78201441211576900, 7.701249999999997300, -1.776737398773147200E-012 ) ) ;
#8113 = CARTESIAN_POINT ( 'NONE',  ( -11.08651080908759600, 7.648333333333333400, 6.400799999998641400 ) ) ;
#8114 = CARTESIAN_POINT ( 'NONE',  ( -7.391007206059426500, 7.595416666666665200, 12.80159999999905900 ) ) ;
#8115 = CARTESIAN_POINT ( 'NONE',  ( -1.539729715255289100E-012, 7.542499999999996900, 12.80159999999995100 ) ) ;
#8116 = CARTESIAN_POINT ( 'NONE',  ( 7.391007206056343600, 7.489583333333331300, 12.80160000000084100 ) ) ;
#8117 = CARTESIAN_POINT ( 'NONE',  ( 11.08651080908605600, 7.436666666666664800, 6.400800000001313000 ) ) ;
#8118 = CARTESIAN_POINT ( 'NONE',  ( 14.78201441211576900, 7.383749999999998300, 1.778740484904796600E-012 ) ) ;
#8119 = CARTESIAN_POINT ( 'NONE',  ( 11.08651080908760100, 7.330833333333331800, -6.400799999998634200 ) ) ;
#8120 = CARTESIAN_POINT ( 'NONE',  ( 7.391007206059430100, 7.277916666666666100, -12.80159999999905900 ) ) ;
#8121 = CARTESIAN_POINT ( 'NONE',  ( 1.538157622105185100E-012, 7.224999999999998800, -12.80159999999995100 ) ) ;
#8122 = CARTESIAN_POINT ( 'NONE',  ( 1.604077114192303800E-012, 12.62186499999998500, -13.35042627914026900 ) ) ;
#8123 = CARTESIAN_POINT ( 'NONE',  ( -7.707872206056282300, 12.56894833333331900, -13.35042627914119300 ) ) ;
#8124 = CARTESIAN_POINT ( 'NONE',  ( -11.56180830908602900, 12.51603166666665200, -6.675213139571527100 ) ) ;
#8125 = CARTESIAN_POINT ( 'NONE',  ( -15.41574441211577500, 12.46311499999998600, -1.852854671775829700E-012 ) ) ;
#8126 = CARTESIAN_POINT ( 'NONE',  ( -11.56180830908763300, 12.41019833333331900, 6.675213139568740800 ) ) ;
#8127 = CARTESIAN_POINT ( 'NONE',  ( -7.707872206059495700, 12.35728166666665300, 13.35042627913933800 ) ) ;
#8128 = CARTESIAN_POINT ( 'NONE',  ( -1.605703417451032100E-012, 12.30436499999998300, 13.35042627914026900 ) ) ;
#8129 = CARTESIAN_POINT ( 'NONE',  ( 7.707872206056278800, 12.25144833333331800, 13.35042627914119600 ) ) ;
#8130 = CARTESIAN_POINT ( 'NONE',  ( 11.56180830908602700, 12.19853166666665200, 6.675213139571530600 ) ) ;
#8131 = CARTESIAN_POINT ( 'NONE',  ( 15.41574441211577500, 12.14561499999998700, 1.854857757907479100E-012 ) ) ;
#8132 = CARTESIAN_POINT ( 'NONE',  ( 11.56180830908763800, 12.09269833333331900, -6.675213139568734600 ) ) ;
#8133 = CARTESIAN_POINT ( 'NONE',  ( 7.707872206059498400, 12.03978166666665400, -13.35042627913933400 ) ) ;
#8134 = CARTESIAN_POINT ( 'NONE',  ( 1.604077114192303800E-012, 11.98686499999998600, -13.35042627914026900 ) ) ;
#8135 = CARTESIAN_POINT ( 'NONE',  ( -7.707872206056282300, 11.93394833333332100, -13.35042627914119300 ) ) ;
#8136 = CARTESIAN_POINT ( 'NONE',  ( -11.56180830908602900, 11.88103166666665300, -6.675213139571527100 ) ) ;
#8137 = CARTESIAN_POINT ( 'NONE',  ( -15.41574441211577500, 11.82811499999998800, -1.852854671775829700E-012 ) ) ;
#8138 = CARTESIAN_POINT ( 'NONE',  ( -11.56180830908763300, 11.77519833333332000, 6.675213139568740800 ) ) ;
#8139 = CARTESIAN_POINT ( 'NONE',  ( -7.707872206059495700, 11.72228166666665300, 13.35042627913933800 ) ) ;
#8140 = CARTESIAN_POINT ( 'NONE',  ( -1.605703417451032100E-012, 11.66936499999998700, 13.35042627914026900 ) ) ;
#8141 = CARTESIAN_POINT ( 'NONE',  ( 7.707872206056278800, 11.61644833333332200, 13.35042627914119600 ) ) ;
#8142 = CARTESIAN_POINT ( 'NONE',  ( 11.56180830908602700, 11.56353166666665400, 6.675213139571530600 ) ) ;
#8143 = CARTESIAN_POINT ( 'NONE',  ( 15.41574441211577500, 11.51061499999998900, 1.854857757907479100E-012 ) ) ;
#8144 = CARTESIAN_POINT ( 'NONE',  ( 11.56180830908763800, 11.45769833333332200, -6.675213139568734600 ) ) ;
#8145 = CARTESIAN_POINT ( 'NONE',  ( 7.707872206059498400, 11.40478166666665600, -13.35042627913933400 ) ) ;
#8146 = CARTESIAN_POINT ( 'NONE',  ( 1.604077114192303800E-012, 11.35186499999998900, -13.35042627914026900 ) ) ;
#8147 = CARTESIAN_POINT ( 'NONE',  ( -7.707872206056282300, 11.29894833333332300, -13.35042627914119300 ) ) ;
#8148 = CARTESIAN_POINT ( 'NONE',  ( -11.56180830908602900, 11.24603166666665600, -6.675213139571527100 ) ) ;
#8149 = CARTESIAN_POINT ( 'NONE',  ( -15.41574441211577500, 11.19311499999999000, -1.852854671775829700E-012 ) ) ;
#8150 = CARTESIAN_POINT ( 'NONE',  ( -11.56180830908763300, 11.14019833333332300, 6.675213139568740800 ) ) ;
#8151 = CARTESIAN_POINT ( 'NONE',  ( -7.707872206059495700, 11.08728166666665500, 13.35042627913933800 ) ) ;
#8152 = CARTESIAN_POINT ( 'NONE',  ( -1.605703417451032100E-012, 11.03436499999999000, 13.35042627914026900 ) ) ;
#8153 = CARTESIAN_POINT ( 'NONE',  ( 7.707872206056278800, 10.98144833333332400, 13.35042627914119600 ) ) ;
#8154 = CARTESIAN_POINT ( 'NONE',  ( 11.56180830908602700, 10.92853166666665700, 6.675213139571530600 ) ) ;
#8155 = CARTESIAN_POINT ( 'NONE',  ( 15.41574441211577500, 10.87561499999999100, 1.854857757907479100E-012 ) ) ;
#8156 = CARTESIAN_POINT ( 'NONE',  ( 11.56180830908763800, 10.82269833333332400, -6.675213139568734600 ) ) ;
#8157 = CARTESIAN_POINT ( 'NONE',  ( 7.707872206059498400, 10.76978166666665800, -13.35042627913933400 ) ) ;
#8158 = CARTESIAN_POINT ( 'NONE',  ( 1.604077114192303800E-012, 10.71686499999999100, -13.35042627914026900 ) ) ;
#8159 = CARTESIAN_POINT ( 'NONE',  ( -7.707872206056282300, 10.66394833333332500, -13.35042627914119300 ) ) ;
#8160 = CARTESIAN_POINT ( 'NONE',  ( -11.56180830908602900, 10.61103166666665700, -6.675213139571527100 ) ) ;
#8161 = CARTESIAN_POINT ( 'NONE',  ( -15.41574441211577500, 10.55811499999999000, -1.852854671775829700E-012 ) ) ;
#8162 = CARTESIAN_POINT ( 'NONE',  ( -11.56180830908763300, 10.50519833333332400, 6.675213139568740800 ) ) ;
#8163 = CARTESIAN_POINT ( 'NONE',  ( -7.707872206059495700, 10.45228166666665900, 13.35042627913933800 ) ) ;
#8164 = CARTESIAN_POINT ( 'NONE',  ( -1.605703417451032100E-012, 10.39936499999999100, 13.35042627914026900 ) ) ;
#8165 = CARTESIAN_POINT ( 'NONE',  ( 7.707872206056278800, 10.34644833333332600, 13.35042627914119600 ) ) ;
#8166 = CARTESIAN_POINT ( 'NONE',  ( 11.56180830908602700, 10.29353166666665800, 6.675213139571530600 ) ) ;
#8167 = CARTESIAN_POINT ( 'NONE',  ( 15.41574441211577500, 10.24061499999999300, 1.854857757907479100E-012 ) ) ;
#8168 = CARTESIAN_POINT ( 'NONE',  ( 11.56180830908763800, 10.18769833333332500, -6.675213139568734600 ) ) ;
#8169 = CARTESIAN_POINT ( 'NONE',  ( 7.707872206059498400, 10.13478166666666000, -13.35042627913933400 ) ) ;
#8170 = CARTESIAN_POINT ( 'NONE',  ( 1.604077114192303800E-012, 10.08186499999999200, -13.35042627914026900 ) ) ;
#8171 = CARTESIAN_POINT ( 'NONE',  ( -7.707872206056282300, 10.02894833333332700, -13.35042627914119300 ) ) ;
#8172 = CARTESIAN_POINT ( 'NONE',  ( -11.56180830908602900, 9.976031666666655100, -6.675213139571527100 ) ) ;
#8173 = CARTESIAN_POINT ( 'NONE',  ( -15.41574441211577500, 9.923114999999995700, -1.852854671775829700E-012 ) ) ;
#8174 = CARTESIAN_POINT ( 'NONE',  ( -11.56180830908763300, 9.870198333333322100, 6.675213139568740800 ) ) ;
#8175 = CARTESIAN_POINT ( 'NONE',  ( -7.707872206059495700, 9.817281666666660900, 13.35042627913933800 ) ) ;
#8176 = CARTESIAN_POINT ( 'NONE',  ( -1.605703417451032100E-012, 9.764364999999990900, 13.35042627914026900 ) ) ;
#8177 = CARTESIAN_POINT ( 'NONE',  ( 7.707872206056278800, 9.711448333333327900, 13.35042627914119600 ) ) ;
#8178 = CARTESIAN_POINT ( 'NONE',  ( 11.56180830908602700, 9.658531666666657900, 6.675213139571530600 ) ) ;
#8179 = CARTESIAN_POINT ( 'NONE',  ( 15.41574441211577500, 9.605614999999994900, 1.854857757907479100E-012 ) ) ;
#8180 = CARTESIAN_POINT ( 'NONE',  ( 11.56180830908763800, 9.552698333333324900, -6.675213139568734600 ) ) ;
#8181 = CARTESIAN_POINT ( 'NONE',  ( 7.707872206059498400, 9.499781666666656600, -13.35042627913933400 ) ) ;
#8182 = CARTESIAN_POINT ( 'NONE',  ( 1.604077114192303800E-012, 9.446864999999991900, -13.35042627914026900 ) ) ;
#8183 = CARTESIAN_POINT ( 'NONE',  ( -7.707872206056282300, 9.393948333333323600, -13.35042627914119300 ) ) ;
#8184 = CARTESIAN_POINT ( 'NONE',  ( -11.56180830908602900, 9.341031666666658900, -6.675213139571527100 ) ) ;
#8185 = CARTESIAN_POINT ( 'NONE',  ( -15.41574441211577500, 9.288114999999992300, -1.852854671775829700E-012 ) ) ;
#8186 = CARTESIAN_POINT ( 'NONE',  ( -11.56180830908763300, 9.235198333333325800, 6.675213139568740800 ) ) ;
#8187 = CARTESIAN_POINT ( 'NONE',  ( -7.707872206059495700, 9.182281666666659300, 13.35042627913933800 ) ) ;
#8188 = CARTESIAN_POINT ( 'NONE',  ( -1.605703417451032100E-012, 9.129364999999992800, 13.35042627914026900 ) ) ;
#8189 = CARTESIAN_POINT ( 'NONE',  ( 7.707872206056278800, 9.076448333333326300, 13.35042627914119600 ) ) ;
#8190 = CARTESIAN_POINT ( 'NONE',  ( 11.56180830908602700, 9.023531666666659800, 6.675213139571530600 ) ) ;
#8191 = CARTESIAN_POINT ( 'NONE',  ( 15.41574441211577500, 8.970614999999993300, 1.854857757907479100E-012 ) ) ;
#8192 = CARTESIAN_POINT ( 'NONE',  ( 11.56180830908763800, 8.917698333333328600, -6.675213139568734600 ) ) ;
#8193 = CARTESIAN_POINT ( 'NONE',  ( 7.707872206059498400, 8.864781666666660300, -13.35042627913933400 ) ) ;
#8194 = CARTESIAN_POINT ( 'NONE',  ( 1.604077114192303800E-012, 8.811864999999995600, -13.35042627914026900 ) ) ;
#8195 = CARTESIAN_POINT ( 'NONE',  ( -7.707872206056282300, 8.758948333333327300, -13.35042627914119300 ) ) ;
#8196 = CARTESIAN_POINT ( 'NONE',  ( -11.56180830908602900, 8.706031666666662600, -6.675213139571527100 ) ) ;
#8197 = CARTESIAN_POINT ( 'NONE',  ( -15.41574441211577500, 8.653114999999994300, -1.852854671775829700E-012 ) ) ;
#8198 = CARTESIAN_POINT ( 'NONE',  ( -11.56180830908763300, 8.600198333333329600, 6.675213139568740800 ) ) ;
#8199 = CARTESIAN_POINT ( 'NONE',  ( -7.707872206059495700, 8.547281666666661300, 13.35042627913933800 ) ) ;
#8200 = CARTESIAN_POINT ( 'NONE',  ( -1.605703417451032100E-012, 8.494364999999993100, 13.35042627914026900 ) ) ;
#8201 = CARTESIAN_POINT ( 'NONE',  ( 7.707872206056278800, 8.441448333333328300, 13.35042627914119600 ) ) ;
#8202 = CARTESIAN_POINT ( 'NONE',  ( 11.56180830908602700, 8.388531666666660100, 6.675213139571530600 ) ) ;
#8203 = CARTESIAN_POINT ( 'NONE',  ( 15.41574441211577500, 8.335614999999997100, 1.854857757907479100E-012 ) ) ;
#8204 = CARTESIAN_POINT ( 'NONE',  ( 11.56180830908763800, 8.282698333333327100, -6.675213139568734600 ) ) ;
#8205 = CARTESIAN_POINT ( 'NONE',  ( 7.707872206059498400, 8.229781666666662300, -13.35042627913933400 ) ) ;
#8206 = CARTESIAN_POINT ( 'NONE',  ( 1.604077114192303800E-012, 8.176864999999995800, -13.35042627914026900 ) ) ;
#8207 = CARTESIAN_POINT ( 'NONE',  ( -7.707872206056282300, 8.123948333333329300, -13.35042627914119300 ) ) ;
#8208 = CARTESIAN_POINT ( 'NONE',  ( -11.56180830908602900, 8.071031666666662800, -6.675213139571527100 ) ) ;
#8209 = CARTESIAN_POINT ( 'NONE',  ( -15.41574441211577500, 8.018114999999996300, -1.852854671775829700E-012 ) ) ;
#8210 = CARTESIAN_POINT ( 'NONE',  ( -11.56180830908763300, 7.965198333333329800, 6.675213139568740800 ) ) ;
#8211 = CARTESIAN_POINT ( 'NONE',  ( -7.707872206059495700, 7.912281666666663300, 13.35042627913933800 ) ) ;
#8212 = CARTESIAN_POINT ( 'NONE',  ( -1.605703417451032100E-012, 7.859364999999996800, 13.35042627914026900 ) ) ;
#8213 = CARTESIAN_POINT ( 'NONE',  ( 7.707872206056278800, 7.806448333333330300, 13.35042627914119600 ) ) ;
#8214 = CARTESIAN_POINT ( 'NONE',  ( 11.56180830908602700, 7.753531666666663800, 6.675213139571530600 ) ) ;
#8215 = CARTESIAN_POINT ( 'NONE',  ( 15.41574441211577500, 7.700614999999997300, 1.854857757907479100E-012 ) ) ;
#8216 = CARTESIAN_POINT ( 'NONE',  ( 11.56180830908763800, 7.647698333333327300, -6.675213139568734600 ) ) ;
#8217 = CARTESIAN_POINT ( 'NONE',  ( 7.707872206059498400, 7.594781666666664300, -13.35042627913933400 ) ) ;
#8218 = CARTESIAN_POINT ( 'NONE',  ( 1.604077114192303800E-012, 7.541864999999995200, -13.35042627914026900 ) ) ;
#8219 = DIRECTION ( 'NONE',  ( 0.0000000000000000000, 0.0000000000000000000, 1.000000000000000000 ) ) ;
#8220 = CARTESIAN_POINT ( 'NONE',  ( 2.055607966083866400, 1.260000000000000700, 4.939582562299423600 ) ) ;
#8221 = DIRECTION ( 'NONE',  ( -0.0000000000000000000, 1.000000000000000000, -0.0000000000000000000 ) ) ;
#8222 = DIRECTION ( 'NONE',  ( 0.5000000000000042200, 0.0000000000000000000, -0.8660254037844361500 ) ) ;
#8223 = CARTESIAN_POINT ( 'NONE',  ( 2.406793068761699400, 4.095786437626896900, 11.03131212160007200 ) ) ;
#8224 = DIRECTION ( 'NONE',  ( 0.8660254037844363800, -0.0000000000000000000, 0.5000000000000041100 ) ) ;
#8225 = CARTESIAN_POINT ( 'NONE',  ( -5.371281292110202400, 1.109999999999999900, 3.985863854409639600 ) ) ;
#8226 = CARTESIAN_POINT ( 'NONE',  ( 7.828869650211327500, 5.080000000000004500, 4.520000000000015600 ) ) ;
#8227 = DIRECTION ( 'NONE',  ( 0.0000000000000000000, 0.0000000000000000000, 1.000000000000000000 ) ) ;
#8228 = PLANE ( 'NONE',  #2592 ) ;
#8229 = CARTESIAN_POINT ( 'NONE',  ( -8.221633369868305500, 3.910000000000000100, 3.740286717815578300 ) ) ;
#8230 = DIRECTION ( 'NONE',  ( 0.0000000000000000000, -1.000000000000000000, 0.0000000000000000000 ) ) ;
#8231 = DIRECTION ( 'NONE',  ( 0.0000000000000000000, -0.0000000000000000000, -1.000000000000000000 ) ) ;
#8232 = PLANE ( 'NONE',  #2593 ) ;
#8233 = CARTESIAN_POINT ( 'NONE',  ( -1.659455543377253300, -16.26796789124274400, 6.374261314031178600 ) ) ;
#8234 = DIRECTION ( 'NONE',  ( -0.8660254037844372600, 0.0000000000000000000, -0.5000000000000026600 ) ) ;
#8235 = DIRECTION ( 'NONE',  ( -0.5000000000000026600, 0.0000000000000000000, 0.8660254037844372600 ) ) ;
#8236 = DIRECTION ( 'NONE',  ( -0.0000000000000000000, 1.000000000000000000, -0.0000000000000000000 ) ) ;
#8237 = CARTESIAN_POINT ( 'NONE',  ( -10.93477309068267400, 1.260000000000000700, -2.560417437700648800 ) ) ;
#8238 = PLANE ( 'NONE',  #2595 ) ;
#8239 = CARTESIAN_POINT ( 'NONE',  ( -7.184773090682671900, 1.260000000000000700, -9.055607966083934800 ) ) ;
#8240 = CARTESIAN_POINT ( 'NONE',  ( 15.11620048448664000, 3.044331583154962700, -1.938514141380586600 ) ) ;
#8241 = DIRECTION ( 'NONE',  ( 0.8660254037844371500, 0.0000000000000000000, 0.5000000000000027800 ) ) ;
#8242 = DIRECTION ( 'NONE',  ( 0.5000000000000026600, 0.0000000000000000000, -0.8660254037844370400 ) ) ;
#8243 = PLANE ( 'NONE',  #2597 ) ;
#8244 = DIRECTION ( 'NONE',  ( 0.0000000000000000000, 0.0000000000000000000, -1.000000000000000000 ) ) ;
#8245 = DIRECTION ( 'NONE',  ( 0.5000000000000037700, 0.0000000000000000000, -0.8660254037844366000 ) ) ;
#8246 = DIRECTION ( 'NONE',  ( -0.8660254037844364900, 0.0000000000000000000, -0.5000000000000036600 ) ) ;
#8247 = CARTESIAN_POINT ( 'NONE',  ( 15.11616337866982800, 3.549999999999999400, -1.938866862206142500 ) ) ;
#8248 = DIRECTION ( 'NONE',  ( -0.0000000000000000000, -1.000000000000000000, -0.0000000000000000000 ) ) ;
#8249 = CARTESIAN_POINT ( 'NONE',  ( 15.14519822529358200, 2.543738063927159000, -1.729855765946229000 ) ) ;
#8250 = CARTESIAN_POINT ( 'NONE',  ( 15.21127275205906100, 1.829804649519185800, -1.011506997561383100 ) ) ;
#8251 = CARTESIAN_POINT ( 'NONE',  ( 15.23997875484297500, 1.622746642272646000, -0.5081768052171524700 ) ) ;
#8252 = CARTESIAN_POINT ( 'NONE',  ( 15.24002123635846800, 1.622316625660376300, 0.5089091709561729400 ) ) ;
#8253 = CARTESIAN_POINT ( 'NONE',  ( 15.21126133886144900, 1.830232145031262400, 1.012000512643378200 ) ) ;
#8254 = CARTESIAN_POINT ( 'NONE',  ( 15.14524864786660700, 2.542881361970124500, 1.728930246365207900 ) ) ;
#8255 = CARTESIAN_POINT ( 'NONE',  ( 15.11614259387434200, 3.045794244919991700, 1.938938298243906500 ) ) ;
#8256 = CARTESIAN_POINT ( 'NONE',  ( 15.11618447008481600, 4.058486210226083000, 1.938793035642231600 ) ) ;
#8257 = CARTESIAN_POINT ( 'NONE',  ( 15.14524709336555100, 4.557443317681070000, 1.729452309344093200 ) ) ;
#8258 = CARTESIAN_POINT ( 'NONE',  ( 15.21129710830873300, 5.269819575193151800, 1.011099483962316200 ) ) ;
#8259 = CARTESIAN_POINT ( 'NONE',  ( 15.24003184164210000, 5.477701255549284600, 0.5080321983609044100 ) ) ;
#8260 = CARTESIAN_POINT ( 'NONE',  ( 15.23996807433748300, 5.477234888730190900, -0.5102953563212963000 ) ) ;
#8261 = CARTESIAN_POINT ( 'NONE',  ( 15.21114844603390500, 5.268617135775782500, -1.013242563780131200 ) ) ;
#8262 = CARTESIAN_POINT ( 'NONE',  ( 15.14510159131580600, 4.555407959816227100, -1.730565678409040600 ) ) ;
#8263 = CARTESIAN_POINT ( 'NONE',  ( 15.11612627285301600, 4.055668416845035700, -1.939219583031698300 ) ) ;
#8264 = CARTESIAN_POINT ( 'NONE',  ( 15.11616337866982800, 3.549999999999999400, -1.938866862206142500 ) ) ;
#8265 = CARTESIAN_POINT ( 'NONE',  ( 15.02729651826802700, 3.549999999999999400, -1.849999999999999200 ) ) ;
#8266 = CARTESIAN_POINT ( 'NONE',  ( 15.02733340594238400, 3.064655300336165000, -1.849663445933024600 ) ) ;
#8267 = CARTESIAN_POINT ( 'NONE',  ( 15.05616067113725100, 2.584181529179295600, -1.650568808034064800 ) ) ;
#8268 = CARTESIAN_POINT ( 'NONE',  ( 15.12184675028146200, 1.898942376223112300, -0.9651451490957397800 ) ) ;
#8269 = CARTESIAN_POINT ( 'NONE',  ( 15.15038399255564400, 1.700206399781228200, -0.4848849243500250000 ) ) ;
#8270 = CARTESIAN_POINT ( 'NONE',  ( 15.15042622433526600, 1.699793666207809300, 0.4855837225210615800 ) ) ;
#8271 = CARTESIAN_POINT ( 'NONE',  ( 15.12183540413429000, 1.899352690415252700, 0.9656160446828311300 ) ) ;
#8272 = CARTESIAN_POINT ( 'NONE',  ( 15.05621079732646600, 2.583359259116436900, 1.649685708628974700 ) ) ;
#8273 = CARTESIAN_POINT ( 'NONE',  ( 15.02727585566474400, 3.066059172079388200, 1.850068161808004400 ) ) ;
#8274 = CARTESIAN_POINT ( 'NONE',  ( 15.02731748568821700, 4.038049243922945800, 1.849929557234258900 ) ) ;
#8275 = CARTESIAN_POINT ( 'NONE',  ( 15.05620925193535500, 4.516952370777558700, 1.650183843447151900 ) ) ;
#8276 = CARTESIAN_POINT ( 'NONE',  ( 15.12187096332436400, 5.200696951382536100, 0.9647563138403536500 ) ) ;
#8277 = CARTESIAN_POINT ( 'NONE',  ( 15.15043676727210300, 5.400223496317066100, 0.4847469214530400500 ) ) ;
#8278 = CARTESIAN_POINT ( 'NONE',  ( 15.15037337483917500, 5.399775873530625600, -0.4869063488527926000 ) ) ;
#8279 = CARTESIAN_POINT ( 'NONE',  ( 15.12172317501208200, 5.199542840023323000, -0.9668011669401871400 ) ) ;
#8280 = CARTESIAN_POINT ( 'NONE',  ( 15.05606460529442200, 4.514998817714975100, -1.651246181743764500 ) ) ;
#8281 = CARTESIAN_POINT ( 'NONE',  ( 15.02725963059367200, 4.035344699663833800, -1.850336554066973800 ) ) ;
#8282 = CARTESIAN_POINT ( 'NONE',  ( 15.02729651826802700, 3.549999999999999400, -1.849999999999999200 ) ) ;
#8283 = DIRECTION ( 'NONE',  ( 0.0000000000000000000, 0.0000000000000000000, 1.000000000000000000 ) ) ;
#8284 = CARTESIAN_POINT ( 'NONE',  ( 2.850223126611654200, 0.1500000000000008300, -10.13739201368485100 ) ) ;
#8285 = DIRECTION ( 'NONE',  ( -0.0000000000000000000, 1.000000000000000000, -0.0000000000000000000 ) ) ;
#8286 = DIRECTION ( 'NONE',  ( 3.469446951953613600E-017, -1.000000000000000000, 4.163336342344335800E-017 ) ) ;
#8287 = CARTESIAN_POINT ( 'NONE',  ( -7.355607966083868000, 3.910000000000000100, 4.240286717815580500 ) ) ;
#8288 = CARTESIAN_POINT ( 'NONE',  ( -61.11549814728771000, -8.673617379884035500E-015, 42.64705882352941300 ) ) ;
#8289 = DIRECTION ( 'NONE',  ( 1.000000000000000000, 0.0000000000000000000, 0.0000000000000000000 ) ) ;
#8290 = DIRECTION ( 'NONE',  ( 0.0000000000000000000, 0.0000000000000000000, 1.000000000000000000 ) ) ;
#8291 = DIRECTION ( 'NONE',  ( 1.000000000000000000, 3.469446951953614800E-017, 2.205782075399927400E-016 ) ) ;
#8292 = CARTESIAN_POINT ( 'NONE',  ( -13.60582225329302000, -3.035766082959412400E-015, 2.923831232626015600 ) ) ;
#8293 = CARTESIAN_POINT ( 'NONE',  ( 0.0000000000000000000, 0.0000000000000000000, -0.3999999999999941400 ) ) ;
#8294 = PLANE ( 'NONE',  #2602 ) ;
#8295 = DIRECTION ( 'NONE',  ( 1.000000000000000000, 0.0000000000000000000, 0.0000000000000000000 ) ) ;
#8296 = DIRECTION ( 'NONE',  ( 0.0000000000000000000, 0.0000000000000000000, -1.000000000000000000 ) ) ;
#8297 = DIRECTION ( 'NONE',  ( 0.5091408278264395500, -3.104901194348299900E-017, 0.8606832271168108900 ) ) ;
#8298 = DIRECTION ( 'NONE',  ( 0.8606832271168108900, -1.387778780781446000E-017, -0.5091408278264395500 ) ) ;
#8299 = DIRECTION ( 'NONE',  ( 0.0000000000000000000, 0.0000000000000000000, 1.000000000000000000 ) ) ;
#8300 = CARTESIAN_POINT ( 'NONE',  ( 0.0000000000000000000, 0.0000000000000000000, -0.3999999999999941400 ) ) ;
#8301 = CARTESIAN_POINT ( 'NONE',  ( 0.0000000000000000000, 0.0000000000000000000, -3.299999999999994000 ) ) ;
#8302 = DIRECTION ( 'NONE',  ( -0.8606832271168108900, 1.387778780781442900E-017, 0.5091408278264397700 ) ) ;
#8303 = DIRECTION ( 'NONE',  ( -0.5091408278264391000, 3.104901194348299300E-017, -0.8606832271168111100 ) ) ;
#8304 = DIRECTION ( 'NONE',  ( -1.000000000000000000, 0.0000000000000000000, 0.0000000000000000000 ) ) ;
#8305 = CARTESIAN_POINT ( 'NONE',  ( 0.0000000000000000000, 0.0000000000000000000, -0.3999999999999941400 ) ) ;
#8306 = CARTESIAN_POINT ( 'NONE',  ( -13.09668142546658700, -3.469446951953614200E-015, 3.784514459742828000 ) ) ;
#8307 = DIRECTION ( 'NONE',  ( 1.000000000000000000, 0.0000000000000000000, 0.0000000000000000000 ) ) ;
#8308 = PLANE ( 'NONE',  #2606 ) ;
#8309 = DIRECTION ( 'NONE',  ( 1.000000000000000000, 0.0000000000000000000, 0.0000000000000000000 ) ) ;
#8310 = DIRECTION ( 'NONE',  ( 0.0000000000000000000, 0.0000000000000000000, 1.000000000000000000 ) ) ;
#8311 = DIRECTION ( 'NONE',  ( 1.000000000000000000, 0.0000000000000000000, 0.0000000000000000000 ) ) ;
#8312 = DIRECTION ( 'NONE',  ( 0.0000000000000000000, 0.0000000000000000000, 1.000000000000000000 ) ) ;
#8313 = CARTESIAN_POINT ( 'NONE',  ( 0.0000000000000000000, 0.0000000000000000000, -0.09999999999999245600 ) ) ;
#8314 = DIRECTION ( 'NONE',  ( 0.0000000000000000000, 0.0000000000000000000, 1.000000000000000000 ) ) ;
#8315 = DIRECTION ( 'NONE',  ( 3.469446951953613600E-017, -1.000000000000000000, 4.163336342344335800E-017 ) ) ;
#8316 = CARTESIAN_POINT ( 'NONE',  ( 0.0000000000000000000, 0.0000000000000000000, -3.249999999999992500 ) ) ;
#8317 = CARTESIAN_POINT ( 'NONE',  ( -61.11549814728771000, -8.673617379884035500E-015, 42.64705882352941300 ) ) ;
#8318 = DIRECTION ( 'NONE',  ( -0.8606832271168108900, 1.387778780781442900E-017, 0.5091408278264397700 ) ) ;
#8319 = DIRECTION ( 'NONE',  ( -0.5091408278264391000, 3.104901194348299300E-017, -0.8606832271168111100 ) ) ;
#8320 = DIRECTION ( 'NONE',  ( 1.000000000000000000, 3.469446951953614800E-017, 2.205782075399927400E-016 ) ) ;
#8321 = CARTESIAN_POINT ( 'NONE',  ( -2.374542517480034800, -1.821600000000005000, 50.72582662548381900 ) ) ;
#8322 = CARTESIAN_POINT ( 'NONE',  ( -13.09668142546658700, -3.469446951953614200E-015, 3.784514459742828000 ) ) ;
#8323 = PLANE ( 'NONE',  #2610 ) ;
#8324 = DIRECTION ( 'NONE',  ( 0.0000000000000000000, 0.0000000000000000000, 1.000000000000000000 ) ) ;
#8325 = DIRECTION ( 'NONE',  ( 0.0000000000000000000, 0.0000000000000000000, 1.000000000000000000 ) ) ;
#8326 = DIRECTION ( 'NONE',  ( -0.1362495645316922400, -2.081668171172166400E-017, 0.9906745460366508400 ) ) ;
#8327 = DIRECTION ( 'NONE',  ( 0.9906745460366508400, -3.469446951953616700E-017, 0.1362495645316922400 ) ) ;
#8328 = DIRECTION ( 'NONE',  ( -0.0000000000000000000, 1.000000000000000000, -0.0000000000000000000 ) ) ;
#8329 = CARTESIAN_POINT ( 'NONE',  ( 7.355607966083859100, 3.910000000000000100, -4.240286717815566300 ) ) ;
#8330 = DIRECTION ( 'NONE',  ( -0.0000000000000000000, 1.000000000000000000, -0.0000000000000000000 ) ) ;
#8331 = CARTESIAN_POINT ( 'NONE',  ( -4.690544456622782300, -16.26796789124274400, 4.624261314031170600 ) ) ;
#8332 = CARTESIAN_POINT ( 'NONE',  ( 3.175000000000017600, -16.26796789124274400, -5.499261314031174100 ) ) ;
#8333 = PLANE ( 'NONE',  #2613 ) ;
#8334 = CARTESIAN_POINT ( 'NONE',  ( -11.80079849446711300, 1.260000000000000700, -3.060417437700649200 ) ) ;
#8335 = DIRECTION ( 'NONE',  ( 0.0000000000000000000, 0.0000000000000000000, 1.000000000000000000 ) ) ;
#8336 = DIRECTION ( 'NONE',  ( -0.8660254037844371500, 0.0000000000000000000, -0.5000000000000027800 ) ) ;
#8337 = DIRECTION ( 'NONE',  ( -0.5000000000000026600, 0.0000000000000000000, 0.8660254037844370400 ) ) ;
#8338 = PLANE ( 'NONE',  #2614 ) ;
#8339 = DIRECTION ( 'NONE',  ( 0.0000000000000000000, 0.0000000000000000000, 1.000000000000000000 ) ) ;
#8340 = DIRECTION ( 'NONE',  ( -0.8660254037844388200, 0.0000000000000000000, -0.4999999999999998300 ) ) ;
#8341 = DIRECTION ( 'NONE',  ( -0.4999999999999997800, 0.0000000000000000000, 0.8660254037844387100 ) ) ;
#8342 = DIRECTION ( 'NONE',  ( -0.0000000000000000000, 1.000000000000000000, -0.0000000000000000000 ) ) ;
#8343 = CARTESIAN_POINT ( 'NONE',  ( 0.005607966083841155200, 3.910000000000000100, 8.490286717815614300 ) ) ;
#8344 = DIRECTION ( 'NONE',  ( -0.0000000000000000000, 1.000000000000000000, -0.0000000000000000000 ) ) ;
#8345 = CARTESIAN_POINT ( 'NONE',  ( -7.355607966083868000, 3.910000000000000100, 4.240286717815580500 ) ) ;
#8346 = CARTESIAN_POINT ( 'NONE',  ( -0.005607966083859369800, 3.910000000000000100, -8.490286717815587600 ) ) ;
#8347 = CARTESIAN_POINT ( 'NONE',  ( -7.355607966083868000, 3.910000000000000100, 4.240286717815580500 ) ) ;
#8348 = PLANE ( 'NONE',  #2617 ) ;
#8349 = CARTESIAN_POINT ( 'NONE',  ( -8.221633369868305500, 3.910000000000000100, 3.740286717815578300 ) ) ;
#8350 = DIRECTION ( 'NONE',  ( 0.0000000000000000000, 1.000000000000000000, 0.0000000000000000000 ) ) ;
#8351 = DIRECTION ( 'NONE',  ( 0.0000000000000000000, -0.0000000000000000000, 1.000000000000000000 ) ) ;
#8352 = PLANE ( 'NONE',  #2618 ) ;
#8353 = PLANE ( 'NONE',  #2620 ) ;
#8354 = DIRECTION ( 'NONE',  ( -0.8660254037844372600, 0.0000000000000000000, -0.5000000000000026600 ) ) ;
#8355 = DIRECTION ( 'NONE',  ( -0.5000000000000026600, 0.0000000000000000000, 0.8660254037844372600 ) ) ;
#8356 = DIRECTION ( 'NONE',  ( 0.0000000000000000000, 0.0000000000000000000, -1.000000000000000000 ) ) ;
#8357 = DIRECTION ( 'NONE',  ( 1.000000000000000000, 0.0000000000000000000, 0.0000000000000000000 ) ) ;
#8358 = DIRECTION ( 'NONE',  ( 0.0000000000000000000, 1.000000000000000000, 0.0000000000000000000 ) ) ;
#8359 = DIRECTION ( 'NONE',  ( 0.0000000000000000000, -0.0000000000000000000, 1.000000000000000000 ) ) ;
#8360 = DIRECTION ( 'NONE',  ( 0.0000000000000000000, 0.0000000000000000000, 1.000000000000000000 ) ) ;
#8361 = CARTESIAN_POINT ( 'NONE',  ( 0.0000000000000000000, 0.0000000000000000000, -0.3999999999999941400 ) ) ;
#8362 = CARTESIAN_POINT ( 'NONE',  ( 0.0000000000000000000, 0.0000000000000000000, -3.299999999999994000 ) ) ;
#8363 = DIRECTION ( 'NONE',  ( 1.000000000000000000, 0.0000000000000000000, 0.0000000000000000000 ) ) ;
#8364 = DIRECTION ( 'NONE',  ( 0.0000000000000000000, 0.0000000000000000000, 1.000000000000000000 ) ) ;
#8365 = DIRECTION ( 'NONE',  ( -1.000000000000000000, 0.0000000000000000000, 0.0000000000000000000 ) ) ;
#8366 = CARTESIAN_POINT ( 'NONE',  ( 0.0000000000000000000, 0.0000000000000000000, -3.249999999999992500 ) ) ;
#8367 = CARTESIAN_POINT ( 'NONE',  ( 0.0000000000000000000, 0.0000000000000000000, -0.09999999999999245600 ) ) ;
#8368 = PLANE ( 'NONE',  #2623 ) ;
#8369 = DIRECTION ( 'NONE',  ( 1.000000000000000000, 0.0000000000000000000, 0.0000000000000000000 ) ) ;
#8370 = DIRECTION ( 'NONE',  ( 0.0000000000000000000, 0.0000000000000000000, 1.000000000000000000 ) ) ;
#8371 = DIRECTION ( 'NONE',  ( 0.0000000000000000000, 0.0000000000000000000, -1.000000000000000000 ) ) ;
#8372 = DIRECTION ( 'NONE',  ( -1.000000000000000000, 0.0000000000000000000, 0.0000000000000000000 ) ) ;
#8373 = DIRECTION ( 'NONE',  ( 0.0000000000000000000, 0.0000000000000000000, 1.000000000000000000 ) ) ;
#8374 = CARTESIAN_POINT ( 'NONE',  ( 0.0000000000000000000, 0.0000000000000000000, -3.249999999999992500 ) ) ;
#8375 = DIRECTION ( 'NONE',  ( -0.0000000000000000000, 1.000000000000000000, -0.0000000000000000000 ) ) ;
#8376 = DIRECTION ( 'NONE',  ( 0.0000000000000000000, 0.0000000000000000000, 1.000000000000000000 ) ) ;
#8377 = CARTESIAN_POINT ( 'NONE',  ( 2.406793068761699400, 4.095786437626896900, 11.03131212160007200 ) ) ;
#8378 = DIRECTION ( 'NONE',  ( -0.0000000000000000000, 1.000000000000000000, -0.0000000000000000000 ) ) ;
#8379 = DIRECTION ( 'NONE',  ( 0.0000000000000000000, 0.0000000000000000000, 1.000000000000000000 ) ) ;
#8380 = CARTESIAN_POINT ( 'NONE',  ( 0.005607966083841155200, 3.910000000000000100, 8.490286717815614300 ) ) ;
#8381 = DIRECTION ( 'NONE',  ( 0.0000000000000000000, 1.000000000000000000, 0.0000000000000000000 ) ) ;
#8382 = DIRECTION ( 'NONE',  ( 1.000000000000000000, 0.0000000000000000000, 0.0000000000000000000 ) ) ;
#8383 = CARTESIAN_POINT ( 'NONE',  ( -2.787658773652699700, 1.260000000000000700, -7.671633369868348300 ) ) ;
#8384 = DIRECTION ( 'NONE',  ( 0.0000000000000000000, 0.0000000000000000000, 1.000000000000000000 ) ) ;
#8385 = CARTESIAN_POINT ( 'NONE',  ( 0.0000000000000000000, 0.0000000000000000000, 0.0000000000000000000 ) ) ;
#8386 = CARTESIAN_POINT ( 'NONE',  ( 0.0000000000000000000, 0.0000000000000000000, -0.3999999999999941400 ) ) ;
#8387 = DIRECTION ( 'NONE',  ( -1.000000000000000000, 1.110223024625156800E-016, 0.0000000000000000000 ) ) ;
#8388 = PLANE ( 'NONE',  #2629 ) ;
#8389 = DIRECTION ( 'NONE',  ( -1.000000000000000000, 1.110223024625156800E-016, 0.0000000000000000000 ) ) ;
#8390 = DIRECTION ( 'NONE',  ( 0.0000000000000000000, 0.0000000000000000000, 1.000000000000000000 ) ) ;
#8391 = DIRECTION ( 'NONE',  ( 1.000000000000000000, 0.0000000000000000000, 0.0000000000000000000 ) ) ;
#8392 = DIRECTION ( 'NONE',  ( 0.0000000000000000000, 0.0000000000000000000, -1.000000000000000000 ) ) ;
#8393 = CARTESIAN_POINT ( 'NONE',  ( 0.0000000000000000000, 0.0000000000000000000, 4.317999999999998700 ) ) ;
#8394 = DIRECTION ( 'NONE',  ( 0.0000000000000000000, 0.0000000000000000000, -1.000000000000000000 ) ) ;
#8395 = DIRECTION ( 'NONE',  ( 1.000000000000000000, -1.110223024625156800E-016, 0.0000000000000000000 ) ) ;
#8396 = CARTESIAN_POINT ( 'NONE',  ( 0.0000000000000000000, 0.0000000000000000000, 4.317999999999998700 ) ) ;
#8397 = DIRECTION ( 'NONE',  ( 0.0000000000000000000, 0.0000000000000000000, 1.000000000000000000 ) ) ;
#8398 = CARTESIAN_POINT ( 'NONE',  ( -5.830281241405142400, 0.5848911423047016300, 1.999999999999994900 ) ) ;
#8399 = CARTESIAN_POINT ( 'NONE',  ( 0.0000000000000000000, 0.0000000000000000000, -0.5119999999999985700 ) ) ;
#8400 = PLANE ( 'NONE',  #2633 ) ;
#8401 = CARTESIAN_POINT ( 'NONE',  ( 0.0000000000000000000, 0.0000000000000000000, -3.599999999999992100 ) ) ;
#8402 = DIRECTION ( 'NONE',  ( 0.0000000000000000000, 0.0000000000000000000, 1.000000000000000000 ) ) ;
#8403 = DIRECTION ( 'NONE',  ( 0.0000000000000000000, 0.0000000000000000000, 1.000000000000000000 ) ) ;
#8404 = DIRECTION ( 'NONE',  ( 1.000000000000000000, 0.0000000000000000000, 0.0000000000000000000 ) ) ;
#8405 = PLANE ( 'NONE',  #2635 ) ;
#8406 = DIRECTION ( 'NONE',  ( 0.0000000000000000000, 0.0000000000000000000, 1.000000000000000000 ) ) ;
#8407 = DIRECTION ( 'NONE',  ( 0.0000000000000000000, 0.0000000000000000000, -1.000000000000000000 ) ) ;
#8408 = DIRECTION ( 'NONE',  ( -1.000000000000000000, 0.0000000000000000000, 0.0000000000000000000 ) ) ;
#8409 = DIRECTION ( 'NONE',  ( -0.0000000000000000000, 1.000000000000000000, -0.0000000000000000000 ) ) ;
#8410 = CARTESIAN_POINT ( 'NONE',  ( -5.996281292110201600, 0.7100000000000023000, 3.985863854409639600 ) ) ;
#8411 = DIRECTION ( 'NONE',  ( -0.0000000000000000000, 1.000000000000000000, -0.0000000000000000000 ) ) ;
#8412 = DIRECTION ( 'NONE',  ( 0.5000000000000013300, 0.0000000000000000000, -0.8660254037844380400 ) ) ;
#8413 = CARTESIAN_POINT ( 'NONE',  ( 11.00000000000000400, 7.859999999999998500, 0.0000000000000000000 ) ) ;
#8414 = DIRECTION ( 'NONE',  ( 0.8660254037844380400, -0.0000000000000000000, 0.5000000000000010000 ) ) ;
#8415 = DIRECTION ( 'NONE',  ( 0.0000000000000000000, 0.0000000000000000000, -1.000000000000000000 ) ) ;
#8416 = CARTESIAN_POINT ( 'NONE',  ( 13.19822715367483400, 5.080000000000001000, 7.620000000000015200 ) ) ;
#8417 = DIRECTION ( 'NONE',  ( 0.0000000000000000000, -1.000000000000000000, 0.0000000000000000000 ) ) ;
#8418 = DIRECTION ( 'NONE',  ( 0.0000000000000000000, 0.0000000000000000000, 1.000000000000000000 ) ) ;
#8419 = CARTESIAN_POINT ( 'NONE',  ( 0.0000000000000000000, 10.16000000000000200, 0.0000000000000000000 ) ) ;
#8420 = DIRECTION ( 'NONE',  ( -0.0000000000000000000, 1.000000000000000000, -0.0000000000000000000 ) ) ;
#8421 = DIRECTION ( 'NONE',  ( 0.0000000000000000000, 0.0000000000000000000, 1.000000000000000000 ) ) ;
#8422 = CARTESIAN_POINT ( 'NONE',  ( -5.996281292110201600, 3.910000000000000100, 3.985863854409639600 ) ) ;
#8423 = DIRECTION ( 'NONE',  ( -0.0000000000000000000, 1.000000000000000000, -0.0000000000000000000 ) ) ;
#8424 = CARTESIAN_POINT ( 'NONE',  ( -0.7500000000000041100, 8.249999999999998200, 1.000000000000000900 ) ) ;
#8425 = CARTESIAN_POINT ( 'NONE',  ( -5.996281292110201600, 0.7100000000000023000, 3.985863854409639600 ) ) ;
#8426 = PLANE ( 'NONE',  #2642 ) ;
#8427 = DIRECTION ( 'NONE',  ( -1.000000000000000000, 0.0000000000000000000, 0.0000000000000000000 ) ) ;
#8428 = DIRECTION ( 'NONE',  ( 0.0000000000000000000, 0.0000000000000000000, 1.000000000000000000 ) ) ;
#8429 = DIRECTION ( 'NONE',  ( 0.0000000000000000000, -1.000000000000000000, 0.0000000000000000000 ) ) ;
#8430 = DIRECTION ( 'NONE',  ( 0.0000000000000000000, 0.0000000000000000000, -1.000000000000000000 ) ) ;
#8431 = DIRECTION ( 'NONE',  ( 0.0000000000000000000, -0.0000000000000000000, -1.000000000000000000 ) ) ;
#8432 = CARTESIAN_POINT ( 'NONE',  ( -0.7500000000000041100, 7.249999999999997300, 1.000000000000000900 ) ) ;
#8433 = DIRECTION ( 'NONE',  ( -0.0000000000000000000, 1.000000000000000000, -0.0000000000000000000 ) ) ;
#8434 = DIRECTION ( 'NONE',  ( 0.0000000000000000000, 0.0000000000000000000, 1.000000000000000000 ) ) ;
#8435 = CARTESIAN_POINT ( 'NONE',  ( -5.996281292110201600, 3.910000000000000100, 3.985863854409639600 ) ) ;
#8436 = DIRECTION ( 'NONE',  ( -0.0000000000000000000, 1.000000000000000000, -0.0000000000000000000 ) ) ;
#8437 = DIRECTION ( 'NONE',  ( 1.000000000000000000, 0.0000000000000000000, 0.0000000000000000000 ) ) ;
#8438 = CARTESIAN_POINT ( 'NONE',  ( 5.996281292110215800, 0.7100000000000023000, -3.985863854409618800 ) ) ;
#8439 = DIRECTION ( 'NONE',  ( 0.0000000000000000000, 0.0000000000000000000, 1.000000000000000000 ) ) ;
#8440 = DIRECTION ( 'NONE',  ( 1.000000000000000000, 0.0000000000000000000, 0.0000000000000000000 ) ) ;
#8441 = CARTESIAN_POINT ( 'NONE',  ( 0.04999999999999622800, -6.450000000000001100, 1.000000000000000900 ) ) ;
#8442 = DIRECTION ( 'NONE',  ( 0.0000000000000000000, 0.0000000000000000000, 1.000000000000000000 ) ) ;
#8443 = DIRECTION ( 'NONE',  ( 1.000000000000000000, 0.0000000000000000000, 0.0000000000000000000 ) ) ;
#8444 = CARTESIAN_POINT ( 'NONE',  ( -5.050000000000002500, -1.269999999999998500, 0.0000000000000000000 ) ) ;
#8445 = DIRECTION ( 'NONE',  ( 0.0000000000000000000, 0.0000000000000000000, 1.000000000000000000 ) ) ;
#8446 = DIRECTION ( 'NONE',  ( 1.000000000000000000, 0.0000000000000000000, 0.0000000000000000000 ) ) ;
#8447 = CARTESIAN_POINT ( 'NONE',  ( -7.050000000000004300, -2.540000000000002300, 0.0000000000000000000 ) ) ;
#8448 = DIRECTION ( 'NONE',  ( 0.0000000000000000000, 0.0000000000000000000, 1.000000000000000000 ) ) ;
#8449 = DIRECTION ( 'NONE',  ( 1.000000000000000000, 0.0000000000000000000, 0.0000000000000000000 ) ) ;
#8450 = CARTESIAN_POINT ( 'NONE',  ( -7.050000000000000700, 0.0000000000000000000, 0.0000000000000000000 ) ) ;
#8451 = DIRECTION ( 'NONE',  ( 0.0000000000000000000, 0.0000000000000000000, 1.000000000000000000 ) ) ;
#8452 = DIRECTION ( 'NONE',  ( 0.0000000000000000000, 0.0000000000000000000, -1.000000000000000000 ) ) ;
#8453 = CARTESIAN_POINT ( 'NONE',  ( -7.050000000000000700, 2.539999999999998700, 0.0000000000000000000 ) ) ;
#8454 = PLANE ( 'NONE',  #2650 ) ;
#8455 = CARTESIAN_POINT ( 'NONE',  ( 8.249999999999998200, 7.250000000000000900, 1.000000000000000900 ) ) ;
#8456 = CARTESIAN_POINT ( 'NONE',  ( -2.750000000000005800, -5.050000000000000700, 1.000000000000000900 ) ) ;
#8457 = DIRECTION ( 'NONE',  ( 1.000000000000000000, 0.0000000000000000000, 0.0000000000000000000 ) ) ;
#8458 = DIRECTION ( 'NONE',  ( -1.000000000000000000, 0.0000000000000000000, 0.0000000000000000000 ) ) ;
#8459 = PLANE ( 'NONE',  #2652 ) ;
#8460 = DIRECTION ( 'NONE',  ( 1.000000000000000000, 0.0000000000000000000, 0.0000000000000000000 ) ) ;
#8461 = DIRECTION ( 'NONE',  ( -1.000000000000000000, 0.0000000000000000000, 0.0000000000000000000 ) ) ;
#8462 = DIRECTION ( 'NONE',  ( 0.0000000000000000000, 0.0000000000000000000, 1.000000000000000000 ) ) ;
#8463 = DIRECTION ( 'NONE',  ( 0.0000000000000000000, 0.0000000000000000000, 1.000000000000000000 ) ) ;
#8464 = CARTESIAN_POINT ( 'NONE',  ( 3.249999999999997800, -6.349999999999999600, 0.0000000000000000000 ) ) ;
#8465 = DIRECTION ( 'NONE',  ( 0.0000000000000000000, 0.0000000000000000000, 1.000000000000000000 ) ) ;
#8466 = DIRECTION ( 'NONE',  ( 0.5000000000000008900, 0.0000000000000000000, -0.8660254037844381500 ) ) ;
#8467 = CARTESIAN_POINT ( 'NONE',  ( 3.249999999999997800, 6.349999999999999600, 0.0000000000000000000 ) ) ;
#8468 = DIRECTION ( 'NONE',  ( 0.8660254037844380400, -0.0000000000000000000, 0.5000000000000010000 ) ) ;
#8469 = DIRECTION ( 'NONE',  ( 0.5000000000000042200, 0.0000000000000000000, -0.8660254037844361500 ) ) ;
#8470 = CARTESIAN_POINT ( 'NONE',  ( 8.002074730968203700, 5.080000000000001000, 4.620000000000009900 ) ) ;
#8471 = DIRECTION ( 'NONE',  ( 0.8660254037844363800, -0.0000000000000000000, 0.5000000000000041100 ) ) ;
#8472 = CARTESIAN_POINT ( 'NONE',  ( 13.02502207291793100, 1.040834085586084300E-014, 7.520000000000061700 ) ) ;
#8473 = CARTESIAN_POINT ( 'NONE',  ( 13.02502207291794900, 5.080000000000004500, 7.520000000000040400 ) ) ;
#8474 = PLANE ( 'NONE',  #2657 ) ;
#8475 = PLANE ( 'NONE',  #2656 ) ;
#8476 = CARTESIAN_POINT ( 'NONE',  ( 8.868100134752642900, 6.807199999999999000, 5.120000000000009900 ) ) ;
#8477 = DIRECTION ( 'NONE',  ( -0.8660254037844364900, -6.527685457279757500E-016, -0.5000000000000038900 ) ) ;
#8478 = DIRECTION ( 'NONE',  ( -0.5000000000000038900, 0.0000000000000000000, 0.8660254037844364900 ) ) ;
#8479 = CARTESIAN_POINT ( 'NONE',  ( 3.280463044020566400, 0.1500000000000008300, -11.26376559003944200 ) ) ;
#8480 = CARTESIAN_POINT ( 'NONE',  ( 7.543602764834998800, 0.1500000000000008300, -7.647740186254976500 ) ) ;
#8481 = DIRECTION ( 'NONE',  ( -0.8660254037844380400, 0.0000000000000000000, -0.5000000000000010000 ) ) ;
#8482 = DIRECTION ( 'NONE',  ( -0.5000000000000010000, 0.0000000000000000000, 0.8660254037844380400 ) ) ;
#8483 = PLANE ( 'NONE',  #2658 ) ;
#8484 = CARTESIAN_POINT ( 'NONE',  ( -5.830281241405142400, 2.184891142304699100, 1.999999999999994900 ) ) ;
#8485 = DIRECTION ( 'NONE',  ( 0.8660254037844383700, -0.0000000000000000000, 0.5000000000000004400 ) ) ;
#8486 = DIRECTION ( 'NONE',  ( 0.5000000000000004400, 0.0000000000000000000, -0.8660254037844383700 ) ) ;
#8487 = PLANE ( 'NONE',  #2659 ) ;
#8488 = CARTESIAN_POINT ( 'NONE',  ( -5.030281241405139900, 2.184891142304699100, 1.999999999999994900 ) ) ;
#8489 = DIRECTION ( 'NONE',  ( 0.5000000000000016700, 0.0000000000000000000, -0.8660254037844378200 ) ) ;
#8490 = DIRECTION ( 'NONE',  ( -0.8660254037844377100, 0.0000000000000000000, -0.5000000000000015500 ) ) ;
#8491 = PLANE ( 'NONE',  #2660 ) ;
#8492 = DIRECTION ( 'NONE',  ( 0.0000000000000000000, 0.0000000000000000000, 1.000000000000000000 ) ) ;
#8493 = DIRECTION ( 'NONE',  ( 0.0000000000000000000, -1.000000000000000000, 0.0000000000000000000 ) ) ;
#8494 = DIRECTION ( 'NONE',  ( 0.0000000000000000000, 0.0000000000000000000, -1.000000000000000000 ) ) ;
#8495 = PLANE ( 'NONE',  #2661 ) ;
#8496 = DIRECTION ( 'NONE',  ( 0.0000000000000000000, 0.0000000000000000000, 1.000000000000000000 ) ) ;
#8497 = DIRECTION ( 'NONE',  ( -1.000000000000000000, 0.0000000000000000000, 0.0000000000000000000 ) ) ;
#8498 = DIRECTION ( 'NONE',  ( 0.0000000000000000000, 0.0000000000000000000, 1.000000000000000000 ) ) ;
#8499 = DIRECTION ( 'NONE',  ( -0.0000000000000000000, 1.000000000000000000, -0.0000000000000000000 ) ) ;
#8500 = CARTESIAN_POINT ( 'NONE',  ( 5.996281292110215800, 3.910000000000000100, -3.985863854409618800 ) ) ;
#8501 = DIRECTION ( 'NONE',  ( -0.0000000000000000000, 1.000000000000000000, -0.0000000000000000000 ) ) ;
#8502 = DIRECTION ( 'NONE',  ( -1.000000000000000000, 0.0000000000000000000, 0.0000000000000000000 ) ) ;
#8503 = CARTESIAN_POINT ( 'NONE',  ( 5.996281292110215800, 3.910000000000000100, -3.985863854409618800 ) ) ;
#8504 = DIRECTION ( 'NONE',  ( 0.0000000000000000000, -0.0000000000000000000, -1.000000000000000000 ) ) ;
#8505 = CARTESIAN_POINT ( 'NONE',  ( -1.750000000000005100, 7.250000000000000900, 1.000000000000000900 ) ) ;
#8506 = CARTESIAN_POINT ( 'NONE',  ( -2.750000000000005800, 5.049999999999997200, 1.000000000000000900 ) ) ;
#8507 = PLANE ( 'NONE',  #2665 ) ;
#8508 = DIRECTION ( 'NONE',  ( 1.000000000000000000, 0.0000000000000000000, 0.0000000000000000000 ) ) ;
#8509 = CARTESIAN_POINT ( 'NONE',  ( -10.53025884418233500, 2.398676442232187300, 0.8179999999999992800 ) ) ;
#8510 = DIRECTION ( 'NONE',  ( 1.000000000000000000, -7.771561172376095800E-016, 0.0000000000000000000 ) ) ;
#8511 = DIRECTION ( 'NONE',  ( 7.771561172376095800E-016, 1.000000000000000000, 0.0000000000000000000 ) ) ;
#8512 = DIRECTION ( 'NONE',  ( 0.0000000000000000000, 0.0000000000000000000, 1.000000000000000000 ) ) ;
#8513 = CARTESIAN_POINT ( 'NONE',  ( 6.450000000000002000, 6.450000000000002800, 1.000000000000000900 ) ) ;
#8514 = PLANE ( 'NONE',  #2667 ) ;
#8515 = DIRECTION ( 'NONE',  ( 1.000000000000000000, 0.0000000000000000000, 0.0000000000000000000 ) ) ;
#8516 = CARTESIAN_POINT ( 'NONE',  ( 10.53025884418231900, -2.398676442232260200, 0.8179999999999992800 ) ) ;
#8517 = DIRECTION ( 'NONE',  ( 0.0000000000000000000, 0.0000000000000000000, 1.000000000000000000 ) ) ;
#8518 = DIRECTION ( 'NONE',  ( 1.000000000000000000, -1.110223024625156800E-016, 0.0000000000000000000 ) ) ;
#8519 = DIRECTION ( 'NONE',  ( 0.0000000000000000000, 0.0000000000000000000, 1.000000000000000000 ) ) ;
#8520 = CARTESIAN_POINT ( 'NONE',  ( -10.53025884418233500, 2.398676442232187300, 0.8179999999999992800 ) ) ;
#8521 = PLANE ( 'NONE',  #2669 ) ;
#8522 = DIRECTION ( 'NONE',  ( 1.000000000000000000, 0.0000000000000000000, 0.0000000000000000000 ) ) ;
#8523 = CARTESIAN_POINT ( 'NONE',  ( 7.670575463964386400, 13.28582642687750800, -0.2658533333333366600 ) ) ;
#8524 = DIRECTION ( 'NONE',  ( 0.0000000000000000000, 0.0000000000000000000, -1.000000000000000000 ) ) ;
#8525 = DIRECTION ( 'NONE',  ( -1.000000000000000000, 1.110223024625156800E-016, 0.0000000000000000000 ) ) ;
#8526 = DIRECTION ( 'NONE',  ( 0.0000000000000000000, 0.0000000000000000000, 1.000000000000000000 ) ) ;
#8527 = CARTESIAN_POINT ( 'NONE',  ( 10.53025884418231900, -2.398676442232260200, 0.8179999999999992800 ) ) ;
#8528 = CARTESIAN_POINT ( 'NONE',  ( 1.387778780781445700E-014, 13.28582642687750900, -0.3187700000000029400 ) ) ;
#8529 = CARTESIAN_POINT ( 'NONE',  ( 7.354345463964381000, 12.73809999999999200, -0.5820833333333354000 ) ) ;
#8530 = CARTESIAN_POINT ( 'NONE',  ( 1.214306433183765000E-014, 12.73810000000000600, -0.6350000000000001200 ) ) ;
#8531 = CARTESIAN_POINT ( 'NONE',  ( 11.50586319594656700, 6.642913213438742300, -0.2129366666666701600 ) ) ;
#8532 = CARTESIAN_POINT ( 'NONE',  ( 15.34115092792874600, -1.602468905319636400E-014, -0.1600200000000036600 ) ) ;
#8533 = CARTESIAN_POINT ( 'NONE',  ( 11.50586319594655500, -6.642913213438767200, -0.1071033333333373800 ) ) ;
#8534 = CARTESIAN_POINT ( 'NONE',  ( 7.670575463964365100, -13.28582642687751300, -0.05418666666667068500 ) ) ;
#8535 = CARTESIAN_POINT ( 'NONE',  ( -1.127570259384924600E-014, -13.28582642687751100, -0.001270000000004600800 ) ) ;
#8536 = CARTESIAN_POINT ( 'NONE',  ( -7.670575463964380200, -13.28582642687750100, 0.05164666666666229600 ) ) ;
#8537 = CARTESIAN_POINT ( 'NONE',  ( -11.50586319594656400, -6.642913213438749400, 0.1045633333333281800 ) ) ;
#8538 = CARTESIAN_POINT ( 'NONE',  ( -15.34115092792874600, 1.402160292154681700E-014, 0.1574799999999952900 ) ) ;
#8539 = CARTESIAN_POINT ( 'NONE',  ( -11.50586319594655800, 6.642913213438760100, 0.2103966666666609600 ) ) ;
#8540 = CARTESIAN_POINT ( 'NONE',  ( -7.670575463964368600, 13.28582642687751300, 0.2633133333333282400 ) ) ;
#8541 = CARTESIAN_POINT ( 'NONE',  ( 1.387778780781445700E-014, 13.28582642687750900, 0.3162299999999972400 ) ) ;
#8542 = CARTESIAN_POINT ( 'NONE',  ( 7.670575463964386400, 13.28582642687750800, 0.3691466666666611800 ) ) ;
#8543 = CARTESIAN_POINT ( 'NONE',  ( 11.50586319594656700, 6.642913213438742300, 0.4220633333333300200 ) ) ;
#8544 = CARTESIAN_POINT ( 'NONE',  ( 15.34115092792874600, -1.602468905319636400E-014, 0.4749799999999941800 ) ) ;
#8545 = CARTESIAN_POINT ( 'NONE',  ( 11.50586319594655500, -6.642913213438767200, 0.5278966666666627900 ) ) ;
#8546 = CARTESIAN_POINT ( 'NONE',  ( 7.670575463964365100, -13.28582642687751300, 0.5808133333333271900 ) ) ;
#8547 = CARTESIAN_POINT ( 'NONE',  ( -1.127570259384924600E-014, -13.28582642687751100, 0.6337299999999955700 ) ) ;
#8548 = CARTESIAN_POINT ( 'NONE',  ( -7.670575463964380200, -13.28582642687750100, 0.6866466666666601900 ) ) ;
#8549 = CARTESIAN_POINT ( 'NONE',  ( -11.50586319594656400, -6.642913213438749400, 0.7395633333333283500 ) ) ;
#8550 = CARTESIAN_POINT ( 'NONE',  ( -15.34115092792874600, 1.402160292154681700E-014, 0.7924799999999930800 ) ) ;
#8551 = CARTESIAN_POINT ( 'NONE',  ( -11.50586319594655800, 6.642913213438760100, 0.8453966666666611300 ) ) ;
#8552 = CARTESIAN_POINT ( 'NONE',  ( -7.670575463964368600, 13.28582642687751300, 0.8983133333333260800 ) ) ;
#8553 = CARTESIAN_POINT ( 'NONE',  ( 1.387778780781445700E-014, 13.28582642687750900, 0.9512299999999939100 ) ) ;
#8554 = CARTESIAN_POINT ( 'NONE',  ( 7.670575463964386400, 13.28582642687750800, 1.004146666666659200 ) ) ;
#8555 = CARTESIAN_POINT ( 'NONE',  ( 11.50586319594656700, 6.642913213438742300, 1.057063333333326600 ) ) ;
#8556 = CARTESIAN_POINT ( 'NONE',  ( 15.34115092792874600, -1.602468905319636400E-014, 1.109979999999992200 ) ) ;
#8557 = CARTESIAN_POINT ( 'NONE',  ( 11.50586319594655500, -6.642913213438767200, 1.162896666666659400 ) ) ;
#8558 = CARTESIAN_POINT ( 'NONE',  ( 7.670575463964365100, -13.28582642687751300, 1.215813333333325200 ) ) ;
#8559 = CARTESIAN_POINT ( 'NONE',  ( -1.127570259384924600E-014, -13.28582642687751100, 1.268729999999992100 ) ) ;
#8560 = CARTESIAN_POINT ( 'NONE',  ( -7.670575463964380200, -13.28582642687750100, 1.321646666666658000 ) ) ;
#8561 = CARTESIAN_POINT ( 'NONE',  ( -11.50586319594656400, -6.642913213438749400, 1.374563333333328500 ) ) ;
#8562 = CARTESIAN_POINT ( 'NONE',  ( -15.34115092792874600, 1.402160292154681700E-014, 1.427479999999995000 ) ) ;
#8563 = CARTESIAN_POINT ( 'NONE',  ( -11.50586319594655800, 6.642913213438760100, 1.480396666666661300 ) ) ;
#8564 = CARTESIAN_POINT ( 'NONE',  ( -7.670575463964368600, 13.28582642687751300, 1.533313333333328200 ) ) ;
#8565 = CARTESIAN_POINT ( 'NONE',  ( 1.387778780781445700E-014, 13.28582642687750900, 1.586229999999994000 ) ) ;
#8566 = CARTESIAN_POINT ( 'NONE',  ( 7.670575463964386400, 13.28582642687750800, 1.639146666666661000 ) ) ;
#8567 = CARTESIAN_POINT ( 'NONE',  ( 11.50586319594656700, 6.642913213438742300, 1.692063333333326800 ) ) ;
#8568 = CARTESIAN_POINT ( 'NONE',  ( 15.34115092792874600, -1.602468905319636400E-014, 1.744979999999994000 ) ) ;
#8569 = CARTESIAN_POINT ( 'NONE',  ( 11.50586319594655500, -6.642913213438767200, 1.797896666666659600 ) ) ;
#8570 = CARTESIAN_POINT ( 'NONE',  ( 7.670575463964365100, -13.28582642687751300, 1.850813333333327000 ) ) ;
#8571 = CARTESIAN_POINT ( 'NONE',  ( -1.127570259384924600E-014, -13.28582642687751100, 1.903729999999992400 ) ) ;
#8572 = CARTESIAN_POINT ( 'NONE',  ( -7.670575463964380200, -13.28582642687750100, 1.956646666666660000 ) ) ;
#8573 = CARTESIAN_POINT ( 'NONE',  ( -11.50586319594656400, -6.642913213438749400, 2.009563333333325400 ) ) ;
#8574 = CARTESIAN_POINT ( 'NONE',  ( -15.34115092792874600, 1.402160292154681700E-014, 2.062479999999992800 ) ) ;
#8575 = CARTESIAN_POINT ( 'NONE',  ( -11.50586319594655800, 6.642913213438760100, 2.115396666666657900 ) ) ;
#8576 = CARTESIAN_POINT ( 'NONE',  ( -7.670575463964368600, 13.28582642687751300, 2.168313333333326200 ) ) ;
#8577 = CARTESIAN_POINT ( 'NONE',  ( 1.387778780781445700E-014, 13.28582642687750900, 2.221229999999990500 ) ) ;
#8578 = CARTESIAN_POINT ( 'NONE',  ( 7.670575463964386400, 13.28582642687750800, 2.274146666666658800 ) ) ;
#8579 = CARTESIAN_POINT ( 'NONE',  ( 11.50586319594656700, 6.642913213438742300, 2.327063333333323500 ) ) ;
#8580 = CARTESIAN_POINT ( 'NONE',  ( 15.34115092792874600, -1.602468905319636400E-014, 2.379979999999991800 ) ) ;
#8581 = CARTESIAN_POINT ( 'NONE',  ( 11.50586319594655500, -6.642913213438767200, 2.432896666666656500 ) ) ;
#8582 = CARTESIAN_POINT ( 'NONE',  ( 7.670575463964365100, -13.28582642687751300, 2.485813333333325200 ) ) ;
#8583 = CARTESIAN_POINT ( 'NONE',  ( -1.127570259384924600E-014, -13.28582642687751100, 2.538729999999989100 ) ) ;
#8584 = CARTESIAN_POINT ( 'NONE',  ( -7.670575463964380200, -13.28582642687750100, 2.591646666666657800 ) ) ;
#8585 = CARTESIAN_POINT ( 'NONE',  ( -11.50586319594656400, -6.642913213438749400, 2.644563333333321600 ) ) ;
#8586 = CARTESIAN_POINT ( 'NONE',  ( -15.34115092792874600, 1.402160292154681700E-014, 2.697479999999990800 ) ) ;
#8587 = CARTESIAN_POINT ( 'NONE',  ( -11.50586319594655800, 6.642913213438760100, 2.750396666666658200 ) ) ;
#8588 = CARTESIAN_POINT ( 'NONE',  ( -7.670575463964368600, 13.28582642687751300, 2.803313333333323800 ) ) ;
#8589 = CARTESIAN_POINT ( 'NONE',  ( 1.387778780781445700E-014, 13.28582642687750900, 2.856229999999990700 ) ) ;
#8590 = CARTESIAN_POINT ( 'NONE',  ( 7.670575463964386400, 13.28582642687750800, 2.909146666666656800 ) ) ;
#8591 = CARTESIAN_POINT ( 'NONE',  ( 11.50586319594656700, 6.642913213438742300, 2.962063333333323700 ) ) ;
#8592 = CARTESIAN_POINT ( 'NONE',  ( 15.34115092792874600, -1.602468905319636400E-014, 3.014979999999989800 ) ) ;
#8593 = CARTESIAN_POINT ( 'NONE',  ( 11.50586319594655500, -6.642913213438767200, 3.067896666666656300 ) ) ;
#8594 = CARTESIAN_POINT ( 'NONE',  ( 7.670575463964365100, -13.28582642687751300, 3.120813333333322800 ) ) ;
#8595 = CARTESIAN_POINT ( 'NONE',  ( -1.127570259384924600E-014, -13.28582642687751100, 3.173729999999989300 ) ) ;
#8596 = CARTESIAN_POINT ( 'NONE',  ( -7.670575463964380200, -13.28582642687750100, 3.226646666666655300 ) ) ;
#8597 = CARTESIAN_POINT ( 'NONE',  ( -11.50586319594656400, -6.642913213438749400, 3.279563333333321800 ) ) ;
#8598 = CARTESIAN_POINT ( 'NONE',  ( -15.34115092792874600, 1.402160292154681700E-014, 3.332479999999988800 ) ) ;
#8599 = CARTESIAN_POINT ( 'NONE',  ( -11.50586319594655800, 6.642913213438760100, 3.385396666666654800 ) ) ;
#8600 = CARTESIAN_POINT ( 'NONE',  ( -7.670575463964368600, 13.28582642687751300, 3.438313333333321800 ) ) ;
#8601 = CARTESIAN_POINT ( 'NONE',  ( 1.387778780781445700E-014, 13.28582642687750900, 3.491229999999987400 ) ) ;
#8602 = CARTESIAN_POINT ( 'NONE',  ( 7.670575463964386400, 13.28582642687750800, 3.544146666666654800 ) ) ;
#8603 = CARTESIAN_POINT ( 'NONE',  ( 11.50586319594656700, 6.642913213438742300, 3.597063333333320400 ) ) ;
#8604 = CARTESIAN_POINT ( 'NONE',  ( 15.34115092792874600, -1.602468905319636400E-014, 3.649979999999987300 ) ) ;
#8605 = CARTESIAN_POINT ( 'NONE',  ( 11.50586319594655500, -6.642913213438767200, 3.702896666666656500 ) ) ;
#8606 = CARTESIAN_POINT ( 'NONE',  ( 7.670575463964365100, -13.28582642687751300, 3.755813333333320800 ) ) ;
#8607 = CARTESIAN_POINT ( 'NONE',  ( -1.127570259384924600E-014, -13.28582642687751100, 3.808729999999989500 ) ) ;
#8608 = CARTESIAN_POINT ( 'NONE',  ( -7.670575463964380200, -13.28582642687750100, 3.861646666666653800 ) ) ;
#8609 = CARTESIAN_POINT ( 'NONE',  ( -11.50586319594656400, -6.642913213438749400, 3.914563333333322100 ) ) ;
#8610 = CARTESIAN_POINT ( 'NONE',  ( -15.34115092792874600, 1.402160292154681700E-014, 3.967479999999986400 ) ) ;
#8611 = CARTESIAN_POINT ( 'NONE',  ( -11.50586319594655800, 6.642913213438760100, 4.020396666666655100 ) ) ;
#8612 = CARTESIAN_POINT ( 'NONE',  ( -7.670575463964368600, 13.28582642687751300, 4.073313333333319800 ) ) ;
#8613 = CARTESIAN_POINT ( 'NONE',  ( 1.387778780781445700E-014, 13.28582642687750900, 4.126229999999988100 ) ) ;
#8614 = CARTESIAN_POINT ( 'NONE',  ( 7.670575463964386400, 13.28582642687750800, 4.179146666666652800 ) ) ;
#8615 = CARTESIAN_POINT ( 'NONE',  ( 11.50586319594656700, 6.642913213438742300, 4.232063333333320200 ) ) ;
#8616 = CARTESIAN_POINT ( 'NONE',  ( 15.34115092792874600, -1.602468905319636400E-014, 4.284979999999985800 ) ) ;
#8617 = CARTESIAN_POINT ( 'NONE',  ( 11.50586319594655500, -6.642913213438767200, 4.337896666666653200 ) ) ;
#8618 = CARTESIAN_POINT ( 'NONE',  ( 7.670575463964365100, -13.28582642687751300, 4.390813333333318800 ) ) ;
#8619 = CARTESIAN_POINT ( 'NONE',  ( -1.127570259384924600E-014, -13.28582642687751100, 4.443729999999986200 ) ) ;
#8620 = CARTESIAN_POINT ( 'NONE',  ( -7.670575463964380200, -13.28582642687750100, 4.496646666666650900 ) ) ;
#8621 = CARTESIAN_POINT ( 'NONE',  ( -11.50586319594656400, -6.642913213438749400, 4.549563333333319200 ) ) ;
#8622 = CARTESIAN_POINT ( 'NONE',  ( -15.34115092792874600, 1.402160292154681700E-014, 4.602479999999988400 ) ) ;
#8623 = CARTESIAN_POINT ( 'NONE',  ( -11.50586319594655800, 6.642913213438760100, 4.655396666666651300 ) ) ;
#8624 = CARTESIAN_POINT ( 'NONE',  ( -7.670575463964368600, 13.28582642687751300, 4.708313333333317800 ) ) ;
#8625 = CARTESIAN_POINT ( 'NONE',  ( 1.387778780781445700E-014, 13.28582642687750900, 4.761229999999984300 ) ) ;
#8626 = CARTESIAN_POINT ( 'NONE',  ( 7.670575463964386400, 13.28582642687750800, 4.814146666666650800 ) ) ;
#8627 = CARTESIAN_POINT ( 'NONE',  ( 11.50586319594656700, 6.642913213438742300, 4.867063333333317300 ) ) ;
#8628 = CARTESIAN_POINT ( 'NONE',  ( 15.34115092792874600, -1.602468905319636400E-014, 4.919979999999987400 ) ) ;
#8629 = CARTESIAN_POINT ( 'NONE',  ( 11.50586319594655500, -6.642913213438767200, 4.972896666666650300 ) ) ;
#8630 = CARTESIAN_POINT ( 'NONE',  ( 7.670575463964365100, -13.28582642687751300, 5.025813333333320400 ) ) ;
#8631 = CARTESIAN_POINT ( 'NONE',  ( -1.127570259384924600E-014, -13.28582642687751100, 5.078729999999982400 ) ) ;
#8632 = CARTESIAN_POINT ( 'NONE',  ( -7.670575463964380200, -13.28582642687750100, 5.131646666666653400 ) ) ;
#8633 = CARTESIAN_POINT ( 'NONE',  ( -11.50586319594656400, -6.642913213438749400, 5.184563333333315400 ) ) ;
#8634 = CARTESIAN_POINT ( 'NONE',  ( -15.34115092792874600, 1.402160292154681700E-014, 5.237479999999986400 ) ) ;
#8635 = CARTESIAN_POINT ( 'NONE',  ( -11.50586319594655800, 6.642913213438760100, 5.290396666666648400 ) ) ;
#8636 = CARTESIAN_POINT ( 'NONE',  ( -7.670575463964368600, 13.28582642687751300, 5.343313333333319400 ) ) ;
#8637 = CARTESIAN_POINT ( 'NONE',  ( 1.387778780781445700E-014, 13.28582642687750900, 5.396229999999981400 ) ) ;
#8638 = CARTESIAN_POINT ( 'NONE',  ( 1.214306433183765000E-014, 12.73810000000000600, -0.6350000000000001200 ) ) ;
#8639 = CARTESIAN_POINT ( 'NONE',  ( 7.354345463964381000, 12.73809999999999200, -0.5820833333333354000 ) ) ;
#8640 = CARTESIAN_POINT ( 'NONE',  ( 11.03151819594656400, 6.369049999999990800, -0.5291666666666673400 ) ) ;
#8641 = CARTESIAN_POINT ( 'NONE',  ( 14.70869092792874300, -1.602468905319636400E-014, -0.4762500000000024500 ) ) ;
#8642 = CARTESIAN_POINT ( 'NONE',  ( 11.03151819594655200, -6.369050000000011200, -0.4233333333333345600 ) ) ;
#8643 = CARTESIAN_POINT ( 'NONE',  ( 7.354345463964365100, -12.73810000000000800, -0.3704166666666694500 ) ) ;
#8644 = CARTESIAN_POINT ( 'NONE',  ( -1.214306433183765000E-014, -12.73810000000000300, -0.3175000000000017800 ) ) ;
#8645 = CARTESIAN_POINT ( 'NONE',  ( -7.354345463964381000, -12.73809999999999200, -0.2645833333333364500 ) ) ;
#8646 = CARTESIAN_POINT ( 'NONE',  ( -11.03151819594656000, -6.369049999999994300, -0.2116666666666690300 ) ) ;
#8647 = CARTESIAN_POINT ( 'NONE',  ( -14.70869092792874300, 1.402160292154681700E-014, -0.1587499999999994700 ) ) ;
#8648 = CARTESIAN_POINT ( 'NONE',  ( -11.03151819594655700, 6.369050000000005000, -0.1058333333333362500 ) ) ;
#8649 = CARTESIAN_POINT ( 'NONE',  ( -7.354345463964364200, 12.73810000000000800, -0.05291666666666648700 ) ) ;
#8650 = CARTESIAN_POINT ( 'NONE',  ( 1.214306433183765000E-014, 12.73810000000000600, 0.0000000000000000000 ) ) ;
#8651 = CARTESIAN_POINT ( 'NONE',  ( 7.354345463964381000, 12.73809999999999200, 0.05291666666666648700 ) ) ;
#8652 = CARTESIAN_POINT ( 'NONE',  ( 11.03151819594656400, 6.369049999999990800, 0.1058333333333327800 ) ) ;
#8653 = CARTESIAN_POINT ( 'NONE',  ( 14.70869092792874300, -1.602468905319636400E-014, 0.1587499999999994700 ) ) ;
#8654 = CARTESIAN_POINT ( 'NONE',  ( 11.03151819594655200, -6.369050000000011200, 0.2116666666666655600 ) ) ;
#8655 = CARTESIAN_POINT ( 'NONE',  ( 7.354345463964365100, -12.73810000000000800, 0.2645833333333324500 ) ) ;
#8656 = CARTESIAN_POINT ( 'NONE',  ( -1.214306433183765000E-014, -12.73810000000000300, 0.3174999999999983400 ) ) ;
#8657 = CARTESIAN_POINT ( 'NONE',  ( -7.354345463964381000, -12.73809999999999200, 0.3704166666666654500 ) ) ;
#8658 = CARTESIAN_POINT ( 'NONE',  ( -11.03151819594656000, -6.369049999999994300, 0.4233333333333311200 ) ) ;
#8659 = CARTESIAN_POINT ( 'NONE',  ( -14.70869092792874300, 1.402160292154681700E-014, 0.4762499999999984000 ) ) ;
#8660 = CARTESIAN_POINT ( 'NONE',  ( -11.03151819594655700, 6.369050000000005000, 0.5291666666666639000 ) ) ;
#8661 = CARTESIAN_POINT ( 'NONE',  ( -7.354345463964364200, 12.73810000000000800, 0.5820833333333315100 ) ) ;
#8662 = CARTESIAN_POINT ( 'NONE',  ( 1.214306433183765000E-014, 12.73810000000000600, 0.6349999999999966800 ) ) ;
#8663 = CARTESIAN_POINT ( 'NONE',  ( 7.354345463964381000, 12.73809999999999200, 0.6879166666666642900 ) ) ;
#8664 = CARTESIAN_POINT ( 'NONE',  ( 11.03151819594656400, 6.369049999999990800, 0.7408333333333294600 ) ) ;
#8665 = CARTESIAN_POINT ( 'NONE',  ( 14.70869092792874300, -1.602468905319636400E-014, 0.7937499999999974000 ) ) ;
#8666 = CARTESIAN_POINT ( 'NONE',  ( 11.03151819594655200, -6.369050000000011200, 0.8466666666666622400 ) ) ;
#8667 = CARTESIAN_POINT ( 'NONE',  ( 7.354345463964365100, -12.73810000000000800, 0.8995833333333302900 ) ) ;
#8668 = CARTESIAN_POINT ( 'NONE',  ( -1.214306433183765000E-014, -12.73810000000000300, 0.9524999999999950200 ) ) ;
#8669 = CARTESIAN_POINT ( 'NONE',  ( -7.354345463964381000, -12.73809999999999200, 1.005416666666663300 ) ) ;
#8670 = CARTESIAN_POINT ( 'NONE',  ( -11.03151819594656000, -6.369049999999994300, 1.058333333333327800 ) ) ;
#8671 = CARTESIAN_POINT ( 'NONE',  ( -14.70869092792874300, 1.402160292154681700E-014, 1.111249999999996300 ) ) ;
#8672 = CARTESIAN_POINT ( 'NONE',  ( -11.03151819594655700, 6.369050000000005000, 1.164166666666660600 ) ) ;
#8673 = CARTESIAN_POINT ( 'NONE',  ( -7.354345463964364200, 12.73810000000000800, 1.217083333333329300 ) ) ;
#8674 = CARTESIAN_POINT ( 'NONE',  ( 1.214306433183765000E-014, 12.73810000000000600, 1.269999999999996900 ) ) ;
#8675 = CARTESIAN_POINT ( 'NONE',  ( 7.354345463964381000, 12.73809999999999200, 1.322916666666662300 ) ) ;
#8676 = CARTESIAN_POINT ( 'NONE',  ( 11.03151819594656400, 6.369049999999990800, 1.375833333333329700 ) ) ;
#8677 = CARTESIAN_POINT ( 'NONE',  ( 14.70869092792874300, -1.602468905319636400E-014, 1.428749999999995300 ) ) ;
#8678 = CARTESIAN_POINT ( 'NONE',  ( 11.03151819594655200, -6.369050000000011200, 1.481666666666662500 ) ) ;
#8679 = CARTESIAN_POINT ( 'NONE',  ( 7.354345463964365100, -12.73810000000000800, 1.534583333333328100 ) ) ;
#8680 = CARTESIAN_POINT ( 'NONE',  ( -1.214306433183765000E-014, -12.73810000000000300, 1.587499999999995200 ) ) ;
#8681 = CARTESIAN_POINT ( 'NONE',  ( -7.354345463964381000, -12.73809999999999200, 1.640416666666661300 ) ) ;
#8682 = CARTESIAN_POINT ( 'NONE',  ( -11.03151819594656000, -6.369049999999994300, 1.693333333333328000 ) ) ;
#8683 = CARTESIAN_POINT ( 'NONE',  ( -14.70869092792874300, 1.402160292154681700E-014, 1.746249999999994100 ) ) ;
#8684 = CARTESIAN_POINT ( 'NONE',  ( -11.03151819594655700, 6.369050000000005000, 1.799166666666660800 ) ) ;
#8685 = CARTESIAN_POINT ( 'NONE',  ( -7.354345463964364200, 12.73810000000000800, 1.852083333333327300 ) ) ;
#8686 = CARTESIAN_POINT ( 'NONE',  ( 1.214306433183765000E-014, 12.73810000000000600, 1.904999999999993600 ) ) ;
#8687 = CARTESIAN_POINT ( 'NONE',  ( 7.354345463964381000, 12.73809999999999200, 1.957916666666660300 ) ) ;
#8688 = CARTESIAN_POINT ( 'NONE',  ( 11.03151819594656400, 6.369049999999990800, 2.010833333333326100 ) ) ;
#8689 = CARTESIAN_POINT ( 'NONE',  ( 14.70869092792874300, -1.602468905319636400E-014, 2.063749999999993100 ) ) ;
#8690 = CARTESIAN_POINT ( 'NONE',  ( 11.03151819594655200, -6.369050000000011200, 2.116666666666659100 ) ) ;
#8691 = CARTESIAN_POINT ( 'NONE',  ( 7.354345463964365100, -12.73810000000000800, 2.169583333333326100 ) ) ;
#8692 = CARTESIAN_POINT ( 'NONE',  ( -1.214306433183765000E-014, -12.73810000000000300, 2.222499999999991700 ) ) ;
#8693 = CARTESIAN_POINT ( 'NONE',  ( -7.354345463964381000, -12.73809999999999200, 2.275416666666659100 ) ) ;
#8694 = CARTESIAN_POINT ( 'NONE',  ( -11.03151819594656000, -6.369049999999994300, 2.328333333333328300 ) ) ;
#8695 = CARTESIAN_POINT ( 'NONE',  ( -14.70869092792874300, 1.402160292154681700E-014, 2.381249999999992100 ) ) ;
#8696 = CARTESIAN_POINT ( 'NONE',  ( -11.03151819594655700, 6.369050000000005000, 2.434166666666660800 ) ) ;
#8697 = CARTESIAN_POINT ( 'NONE',  ( -7.354345463964364200, 12.73810000000000800, 2.487083333333324700 ) ) ;
#8698 = CARTESIAN_POINT ( 'NONE',  ( 1.214306433183765000E-014, 12.73810000000000600, 2.539999999999993800 ) ) ;
#8699 = CARTESIAN_POINT ( 'NONE',  ( 7.354345463964381000, 12.73809999999999200, 2.592916666666658100 ) ) ;
#8700 = CARTESIAN_POINT ( 'NONE',  ( 11.03151819594656400, 6.369049999999990800, 2.645833333333326400 ) ) ;
#8701 = CARTESIAN_POINT ( 'NONE',  ( 14.70869092792874300, -1.602468905319636400E-014, 2.698749999999991100 ) ) ;
#8702 = CARTESIAN_POINT ( 'NONE',  ( 11.03151819594655200, -6.369050000000011200, 2.751666666666659400 ) ) ;
#8703 = CARTESIAN_POINT ( 'NONE',  ( 7.354345463964365100, -12.73810000000000800, 2.804583333333324100 ) ) ;
#8704 = CARTESIAN_POINT ( 'NONE',  ( -1.214306433183765000E-014, -12.73810000000000300, 2.857499999999991900 ) ) ;
#8705 = CARTESIAN_POINT ( 'NONE',  ( -7.354345463964381000, -12.73809999999999200, 2.910416666666656700 ) ) ;
#8706 = CARTESIAN_POINT ( 'NONE',  ( -11.03151819594656000, -6.369049999999994300, 2.963333333333324900 ) ) ;
#8707 = CARTESIAN_POINT ( 'NONE',  ( -14.70869092792874300, 1.402160292154681700E-014, 3.016249999999990100 ) ) ;
#8708 = CARTESIAN_POINT ( 'NONE',  ( -11.03151819594655700, 6.369050000000005000, 3.069166666666657500 ) ) ;
#8709 = CARTESIAN_POINT ( 'NONE',  ( -7.354345463964364200, 12.73810000000000800, 3.122083333333327100 ) ) ;
#8710 = CARTESIAN_POINT ( 'NONE',  ( 1.214306433183765000E-014, 12.73810000000000600, 3.174999999999990500 ) ) ;
#8711 = CARTESIAN_POINT ( 'NONE',  ( 7.354345463964381000, 12.73809999999999200, 3.227916666666655700 ) ) ;
#8712 = CARTESIAN_POINT ( 'NONE',  ( 11.03151819594656400, 6.369049999999990800, 3.280833333333323100 ) ) ;
#8713 = CARTESIAN_POINT ( 'NONE',  ( 14.70869092792874300, -1.602468905319636400E-014, 3.333749999999988700 ) ) ;
#8714 = CARTESIAN_POINT ( 'NONE',  ( 11.03151819594655200, -6.369050000000011200, 3.386666666666656100 ) ) ;
#8715 = CARTESIAN_POINT ( 'NONE',  ( 7.354345463964365100, -12.73810000000000800, 3.439583333333325700 ) ) ;
#8716 = CARTESIAN_POINT ( 'NONE',  ( -1.214306433183765000E-014, -12.73810000000000300, 3.492499999999988600 ) ) ;
#8717 = CARTESIAN_POINT ( 'NONE',  ( -7.354345463964381000, -12.73809999999999200, 3.545416666666659100 ) ) ;
#8718 = CARTESIAN_POINT ( 'NONE',  ( -11.03151819594656000, -6.369049999999994300, 3.598333333333321600 ) ) ;
#8719 = CARTESIAN_POINT ( 'NONE',  ( -14.70869092792874300, 1.402160292154681700E-014, 3.651249999999991700 ) ) ;
#8720 = CARTESIAN_POINT ( 'NONE',  ( -11.03151819594655700, 6.369050000000005000, 3.704166666666657700 ) ) ;
#8721 = CARTESIAN_POINT ( 'NONE',  ( -7.354345463964364200, 12.73810000000000800, 3.757083333333324700 ) ) ;
#8722 = CARTESIAN_POINT ( 'NONE',  ( 1.214306433183765000E-014, 12.73810000000000600, 3.809999999999990300 ) ) ;
#8723 = CARTESIAN_POINT ( 'NONE',  ( 7.354345463964381000, 12.73809999999999200, 3.862916666666657700 ) ) ;
#8724 = CARTESIAN_POINT ( 'NONE',  ( 11.03151819594656400, 6.369049999999990800, 3.915833333333323300 ) ) ;
#8725 = CARTESIAN_POINT ( 'NONE',  ( 14.70869092792874300, -1.602468905319636400E-014, 3.968749999999990200 ) ) ;
#8726 = CARTESIAN_POINT ( 'NONE',  ( 11.03151819594655200, -6.369050000000011200, 4.021666666666655800 ) ) ;
#8727 = CARTESIAN_POINT ( 'NONE',  ( 7.354345463964365100, -12.73810000000000800, 4.074583333333324100 ) ) ;
#8728 = CARTESIAN_POINT ( 'NONE',  ( -1.214306433183765000E-014, -12.73810000000000300, 4.127499999999988800 ) ) ;
#8729 = CARTESIAN_POINT ( 'NONE',  ( -7.354345463964381000, -12.73809999999999200, 4.180416666666656200 ) ) ;
#8730 = CARTESIAN_POINT ( 'NONE',  ( -11.03151819594656000, -6.369049999999994300, 4.233333333333321800 ) ) ;
#8731 = CARTESIAN_POINT ( 'NONE',  ( -14.70869092792874300, 1.402160292154681700E-014, 4.286249999999989200 ) ) ;
#8732 = CARTESIAN_POINT ( 'NONE',  ( -11.03151819594655700, 6.369050000000005000, 4.339166666666654000 ) ) ;
#8733 = CARTESIAN_POINT ( 'NONE',  ( -7.354345463964364200, 12.73810000000000800, 4.392083333333323100 ) ) ;
#8734 = CARTESIAN_POINT ( 'NONE',  ( 1.214306433183765000E-014, 12.73810000000000600, 4.444999999999987000 ) ) ;
#8735 = CARTESIAN_POINT ( 'NONE',  ( 7.354345463964381000, 12.73809999999999200, 4.497916666666656100 ) ) ;
#8736 = CARTESIAN_POINT ( 'NONE',  ( 11.03151819594656400, 6.369049999999990800, 4.550833333333323500 ) ) ;
#8737 = CARTESIAN_POINT ( 'NONE',  ( 14.70869092792874300, -1.602468905319636400E-014, 4.603749999999988200 ) ) ;
#8738 = CARTESIAN_POINT ( 'NONE',  ( 11.03151819594655200, -6.369050000000011200, 4.656666666666656500 ) ) ;
#8739 = CARTESIAN_POINT ( 'NONE',  ( 7.354345463964365100, -12.73810000000000800, 4.709583333333321200 ) ) ;
#8740 = CARTESIAN_POINT ( 'NONE',  ( -1.214306433183765000E-014, -12.73810000000000300, 4.762499999999988600 ) ) ;
#8741 = CARTESIAN_POINT ( 'NONE',  ( -7.354345463964381000, -12.73809999999999200, 4.815416666666655100 ) ) ;
#8742 = CARTESIAN_POINT ( 'NONE',  ( -11.03151819594656000, -6.369049999999994300, 4.868333333333321600 ) ) ;
#8743 = CARTESIAN_POINT ( 'NONE',  ( -14.70869092792874300, 1.402160292154681700E-014, 4.921249999999987200 ) ) ;
#8744 = CARTESIAN_POINT ( 'NONE',  ( -11.03151819594655700, 6.369050000000005000, 4.974166666666654600 ) ) ;
#8745 = CARTESIAN_POINT ( 'NONE',  ( -7.354345463964364200, 12.73810000000000800, 5.027083333333320200 ) ) ;
#8746 = CARTESIAN_POINT ( 'NONE',  ( 1.214306433183765000E-014, 12.73810000000000600, 5.079999999999987600 ) ) ;
#8747 = CARTESIAN_POINT ( 'NONE',  ( 10.54599999999999600, 1.148775559756488800, 8.037808214890210600 ) ) ;
#8748 = PLANE ( 'NONE',  #2671 ) ;
#8749 = CARTESIAN_POINT ( 'NONE',  ( 11.03151819594656400, 6.369049999999990800, -0.5291666666666673400 ) ) ;
#8750 = CARTESIAN_POINT ( 'NONE',  ( 14.70869092792874300, -1.602468905319636400E-014, -0.4762500000000024500 ) ) ;
#8751 = CARTESIAN_POINT ( 'NONE',  ( 11.03151819594655200, -6.369050000000011200, -0.4233333333333345600 ) ) ;
#8752 = CARTESIAN_POINT ( 'NONE',  ( 7.354345463964365100, -12.73810000000000800, -0.3704166666666694500 ) ) ;
#8753 = CARTESIAN_POINT ( 'NONE',  ( -1.214306433183765000E-014, -12.73810000000000300, -0.3175000000000017800 ) ) ;
#8754 = CARTESIAN_POINT ( 'NONE',  ( -7.354345463964381000, -12.73809999999999200, -0.2645833333333364500 ) ) ;
#8755 = CARTESIAN_POINT ( 'NONE',  ( -11.03151819594656000, -6.369049999999994300, -0.2116666666666690300 ) ) ;
#8756 = CARTESIAN_POINT ( 'NONE',  ( -14.70869092792874300, 1.402160292154681700E-014, -0.1587499999999994700 ) ) ;
#8757 = CARTESIAN_POINT ( 'NONE',  ( -11.03151819594655700, 6.369050000000005000, -0.1058333333333362500 ) ) ;
#8758 = CARTESIAN_POINT ( 'NONE',  ( -7.354345463964364200, 12.73810000000000800, -0.05291666666666648700 ) ) ;
#8759 = CARTESIAN_POINT ( 'NONE',  ( 1.214306433183765000E-014, 12.73810000000000600, 0.0000000000000000000 ) ) ;
#8760 = CARTESIAN_POINT ( 'NONE',  ( 7.354345463964381000, 12.73809999999999200, 0.05291666666666648700 ) ) ;
#8761 = CARTESIAN_POINT ( 'NONE',  ( 11.03151819594656400, 6.369049999999990800, 0.1058333333333327800 ) ) ;
#8762 = CARTESIAN_POINT ( 'NONE',  ( 14.70869092792874300, -1.602468905319636400E-014, 0.1587499999999994700 ) ) ;
#8763 = CARTESIAN_POINT ( 'NONE',  ( 11.03151819594655200, -6.369050000000011200, 0.2116666666666655600 ) ) ;
#8764 = CARTESIAN_POINT ( 'NONE',  ( 7.354345463964365100, -12.73810000000000800, 0.2645833333333324500 ) ) ;
#8765 = CARTESIAN_POINT ( 'NONE',  ( -1.214306433183765000E-014, -12.73810000000000300, 0.3174999999999983400 ) ) ;
#8766 = CARTESIAN_POINT ( 'NONE',  ( -7.354345463964381000, -12.73809999999999200, 0.3704166666666654500 ) ) ;
#8767 = CARTESIAN_POINT ( 'NONE',  ( -11.03151819594656000, -6.369049999999994300, 0.4233333333333311200 ) ) ;
#8768 = CARTESIAN_POINT ( 'NONE',  ( -14.70869092792874300, 1.402160292154681700E-014, 0.4762499999999984000 ) ) ;
#8769 = CARTESIAN_POINT ( 'NONE',  ( -11.03151819594655700, 6.369050000000005000, 0.5291666666666639000 ) ) ;
#8770 = CARTESIAN_POINT ( 'NONE',  ( -7.354345463964364200, 12.73810000000000800, 0.5820833333333315100 ) ) ;
#8771 = CARTESIAN_POINT ( 'NONE',  ( 1.214306433183765000E-014, 12.73810000000000600, 0.6349999999999966800 ) ) ;
#8772 = CARTESIAN_POINT ( 'NONE',  ( 7.354345463964381000, 12.73809999999999200, 0.6879166666666642900 ) ) ;
#8773 = CARTESIAN_POINT ( 'NONE',  ( 11.03151819594656400, 6.369049999999990800, 0.7408333333333294600 ) ) ;
#8774 = CARTESIAN_POINT ( 'NONE',  ( 14.70869092792874300, -1.602468905319636400E-014, 0.7937499999999974000 ) ) ;
#8775 = CARTESIAN_POINT ( 'NONE',  ( 11.03151819594655200, -6.369050000000011200, 0.8466666666666622400 ) ) ;
#8776 = CARTESIAN_POINT ( 'NONE',  ( 7.354345463964365100, -12.73810000000000800, 0.8995833333333302900 ) ) ;
#8777 = CARTESIAN_POINT ( 'NONE',  ( -1.214306433183765000E-014, -12.73810000000000300, 0.9524999999999950200 ) ) ;
#8778 = CARTESIAN_POINT ( 'NONE',  ( -7.354345463964381000, -12.73809999999999200, 1.005416666666663300 ) ) ;
#8779 = CARTESIAN_POINT ( 'NONE',  ( -11.03151819594656000, -6.369049999999994300, 1.058333333333327800 ) ) ;
#8780 = CARTESIAN_POINT ( 'NONE',  ( -14.70869092792874300, 1.402160292154681700E-014, 1.111249999999996300 ) ) ;
#8781 = CARTESIAN_POINT ( 'NONE',  ( -11.03151819594655700, 6.369050000000005000, 1.164166666666660600 ) ) ;
#8782 = CARTESIAN_POINT ( 'NONE',  ( -7.354345463964364200, 12.73810000000000800, 1.217083333333329300 ) ) ;
#8783 = CARTESIAN_POINT ( 'NONE',  ( 1.214306433183765000E-014, 12.73810000000000600, 1.269999999999996900 ) ) ;
#8784 = CARTESIAN_POINT ( 'NONE',  ( 7.354345463964381000, 12.73809999999999200, 1.322916666666662300 ) ) ;
#8785 = CARTESIAN_POINT ( 'NONE',  ( 11.03151819594656400, 6.369049999999990800, 1.375833333333329700 ) ) ;
#8786 = CARTESIAN_POINT ( 'NONE',  ( 14.70869092792874300, -1.602468905319636400E-014, 1.428749999999995300 ) ) ;
#8787 = CARTESIAN_POINT ( 'NONE',  ( 11.03151819594655200, -6.369050000000011200, 1.481666666666662500 ) ) ;
#8788 = CARTESIAN_POINT ( 'NONE',  ( 7.354345463964365100, -12.73810000000000800, 1.534583333333328100 ) ) ;
#8789 = CARTESIAN_POINT ( 'NONE',  ( -1.214306433183765000E-014, -12.73810000000000300, 1.587499999999995200 ) ) ;
#8790 = CARTESIAN_POINT ( 'NONE',  ( -7.354345463964381000, -12.73809999999999200, 1.640416666666661300 ) ) ;
#8791 = CARTESIAN_POINT ( 'NONE',  ( -11.03151819594656000, -6.369049999999994300, 1.693333333333328000 ) ) ;
#8792 = CARTESIAN_POINT ( 'NONE',  ( -14.70869092792874300, 1.402160292154681700E-014, 1.746249999999994100 ) ) ;
#8793 = CARTESIAN_POINT ( 'NONE',  ( -11.03151819594655700, 6.369050000000005000, 1.799166666666660800 ) ) ;
#8794 = CARTESIAN_POINT ( 'NONE',  ( -7.354345463964364200, 12.73810000000000800, 1.852083333333327300 ) ) ;
#8795 = CARTESIAN_POINT ( 'NONE',  ( 1.214306433183765000E-014, 12.73810000000000600, 1.904999999999993600 ) ) ;
#8796 = CARTESIAN_POINT ( 'NONE',  ( 7.354345463964381000, 12.73809999999999200, 1.957916666666660300 ) ) ;
#8797 = CARTESIAN_POINT ( 'NONE',  ( 11.03151819594656400, 6.369049999999990800, 2.010833333333326100 ) ) ;
#8798 = CARTESIAN_POINT ( 'NONE',  ( 14.70869092792874300, -1.602468905319636400E-014, 2.063749999999993100 ) ) ;
#8799 = CARTESIAN_POINT ( 'NONE',  ( 11.03151819594655200, -6.369050000000011200, 2.116666666666659100 ) ) ;
#8800 = CARTESIAN_POINT ( 'NONE',  ( 7.354345463964365100, -12.73810000000000800, 2.169583333333326100 ) ) ;
#8801 = CARTESIAN_POINT ( 'NONE',  ( -1.214306433183765000E-014, -12.73810000000000300, 2.222499999999991700 ) ) ;
#8802 = CARTESIAN_POINT ( 'NONE',  ( -7.354345463964381000, -12.73809999999999200, 2.275416666666659100 ) ) ;
#8803 = CARTESIAN_POINT ( 'NONE',  ( -11.03151819594656000, -6.369049999999994300, 2.328333333333328300 ) ) ;
#8804 = CARTESIAN_POINT ( 'NONE',  ( -14.70869092792874300, 1.402160292154681700E-014, 2.381249999999992100 ) ) ;
#8805 = CARTESIAN_POINT ( 'NONE',  ( -11.03151819594655700, 6.369050000000005000, 2.434166666666660800 ) ) ;
#8806 = CARTESIAN_POINT ( 'NONE',  ( -7.354345463964364200, 12.73810000000000800, 2.487083333333324700 ) ) ;
#8807 = CARTESIAN_POINT ( 'NONE',  ( 1.214306433183765000E-014, 12.73810000000000600, 2.539999999999993800 ) ) ;
#8808 = CARTESIAN_POINT ( 'NONE',  ( 7.354345463964381000, 12.73809999999999200, 2.592916666666658100 ) ) ;
#8809 = CARTESIAN_POINT ( 'NONE',  ( 11.03151819594656400, 6.369049999999990800, 2.645833333333326400 ) ) ;
#8810 = CARTESIAN_POINT ( 'NONE',  ( 14.70869092792874300, -1.602468905319636400E-014, 2.698749999999991100 ) ) ;
#8811 = CARTESIAN_POINT ( 'NONE',  ( 11.03151819594655200, -6.369050000000011200, 2.751666666666659400 ) ) ;
#8812 = CARTESIAN_POINT ( 'NONE',  ( 7.354345463964365100, -12.73810000000000800, 2.804583333333324100 ) ) ;
#8813 = CARTESIAN_POINT ( 'NONE',  ( -1.214306433183765000E-014, -12.73810000000000300, 2.857499999999991900 ) ) ;
#8814 = CARTESIAN_POINT ( 'NONE',  ( -7.354345463964381000, -12.73809999999999200, 2.910416666666656700 ) ) ;
#8815 = CARTESIAN_POINT ( 'NONE',  ( -11.03151819594656000, -6.369049999999994300, 2.963333333333324900 ) ) ;
#8816 = CARTESIAN_POINT ( 'NONE',  ( -14.70869092792874300, 1.402160292154681700E-014, 3.016249999999990100 ) ) ;
#8817 = CARTESIAN_POINT ( 'NONE',  ( -11.03151819594655700, 6.369050000000005000, 3.069166666666657500 ) ) ;
#8818 = CARTESIAN_POINT ( 'NONE',  ( -7.354345463964364200, 12.73810000000000800, 3.122083333333327100 ) ) ;
#8819 = CARTESIAN_POINT ( 'NONE',  ( 1.214306433183765000E-014, 12.73810000000000600, 3.174999999999990500 ) ) ;
#8820 = CARTESIAN_POINT ( 'NONE',  ( 7.354345463964381000, 12.73809999999999200, 3.227916666666655700 ) ) ;
#8821 = CARTESIAN_POINT ( 'NONE',  ( 11.03151819594656400, 6.369049999999990800, 3.280833333333323100 ) ) ;
#8822 = CARTESIAN_POINT ( 'NONE',  ( 14.70869092792874300, -1.602468905319636400E-014, 3.333749999999988700 ) ) ;
#8823 = CARTESIAN_POINT ( 'NONE',  ( 11.03151819594655200, -6.369050000000011200, 3.386666666666656100 ) ) ;
#8824 = CARTESIAN_POINT ( 'NONE',  ( 7.354345463964365100, -12.73810000000000800, 3.439583333333325700 ) ) ;
#8825 = CARTESIAN_POINT ( 'NONE',  ( -1.214306433183765000E-014, -12.73810000000000300, 3.492499999999988600 ) ) ;
#8826 = CARTESIAN_POINT ( 'NONE',  ( -7.354345463964381000, -12.73809999999999200, 3.545416666666659100 ) ) ;
#8827 = CARTESIAN_POINT ( 'NONE',  ( -11.03151819594656000, -6.369049999999994300, 3.598333333333321600 ) ) ;
#8828 = CARTESIAN_POINT ( 'NONE',  ( -14.70869092792874300, 1.402160292154681700E-014, 3.651249999999991700 ) ) ;
#8829 = CARTESIAN_POINT ( 'NONE',  ( -11.03151819594655700, 6.369050000000005000, 3.704166666666657700 ) ) ;
#8830 = CARTESIAN_POINT ( 'NONE',  ( -7.354345463964364200, 12.73810000000000800, 3.757083333333324700 ) ) ;
#8831 = CARTESIAN_POINT ( 'NONE',  ( 1.214306433183765000E-014, 12.73810000000000600, 3.809999999999990300 ) ) ;
#8832 = CARTESIAN_POINT ( 'NONE',  ( 7.354345463964381000, 12.73809999999999200, 3.862916666666657700 ) ) ;
#8833 = CARTESIAN_POINT ( 'NONE',  ( 11.03151819594656400, 6.369049999999990800, 3.915833333333323300 ) ) ;
#8834 = CARTESIAN_POINT ( 'NONE',  ( 14.70869092792874300, -1.602468905319636400E-014, 3.968749999999990200 ) ) ;
#8835 = CARTESIAN_POINT ( 'NONE',  ( 11.03151819594655200, -6.369050000000011200, 4.021666666666655800 ) ) ;
#8836 = CARTESIAN_POINT ( 'NONE',  ( 7.354345463964365100, -12.73810000000000800, 4.074583333333324100 ) ) ;
#8837 = CARTESIAN_POINT ( 'NONE',  ( -1.214306433183765000E-014, -12.73810000000000300, 4.127499999999988800 ) ) ;
#8838 = CARTESIAN_POINT ( 'NONE',  ( -7.354345463964381000, -12.73809999999999200, 4.180416666666656200 ) ) ;
#8839 = CARTESIAN_POINT ( 'NONE',  ( -11.03151819594656000, -6.369049999999994300, 4.233333333333321800 ) ) ;
#8840 = CARTESIAN_POINT ( 'NONE',  ( -14.70869092792874300, 1.402160292154681700E-014, 4.286249999999989200 ) ) ;
#8841 = CARTESIAN_POINT ( 'NONE',  ( -11.03151819594655700, 6.369050000000005000, 4.339166666666654000 ) ) ;
#8842 = CARTESIAN_POINT ( 'NONE',  ( -7.354345463964364200, 12.73810000000000800, 4.392083333333323100 ) ) ;
#8843 = CARTESIAN_POINT ( 'NONE',  ( 1.214306433183765000E-014, 12.73810000000000600, 4.444999999999987000 ) ) ;
#8844 = CARTESIAN_POINT ( 'NONE',  ( 7.354345463964381000, 12.73809999999999200, 4.497916666666656100 ) ) ;
#8845 = CARTESIAN_POINT ( 'NONE',  ( 11.03151819594656400, 6.369049999999990800, 4.550833333333323500 ) ) ;
#8846 = CARTESIAN_POINT ( 'NONE',  ( 14.70869092792874300, -1.602468905319636400E-014, 4.603749999999988200 ) ) ;
#8847 = CARTESIAN_POINT ( 'NONE',  ( 11.03151819594655200, -6.369050000000011200, 4.656666666666656500 ) ) ;
#8848 = CARTESIAN_POINT ( 'NONE',  ( 7.354345463964365100, -12.73810000000000800, 4.709583333333321200 ) ) ;
#8849 = CARTESIAN_POINT ( 'NONE',  ( -1.214306433183765000E-014, -12.73810000000000300, 4.762499999999988600 ) ) ;
#8850 = CARTESIAN_POINT ( 'NONE',  ( -7.354345463964381000, -12.73809999999999200, 4.815416666666655100 ) ) ;
#8851 = CARTESIAN_POINT ( 'NONE',  ( -11.03151819594656000, -6.369049999999994300, 4.868333333333321600 ) ) ;
#8852 = CARTESIAN_POINT ( 'NONE',  ( -14.70869092792874300, 1.402160292154681700E-014, 4.921249999999987200 ) ) ;
#8853 = CARTESIAN_POINT ( 'NONE',  ( -11.03151819594655700, 6.369050000000005000, 4.974166666666654600 ) ) ;
#8854 = CARTESIAN_POINT ( 'NONE',  ( -7.354345463964364200, 12.73810000000000800, 5.027083333333320200 ) ) ;
#8855 = CARTESIAN_POINT ( 'NONE',  ( 1.214306433183765000E-014, 12.73810000000000600, 5.079999999999987600 ) ) ;
#8856 = CARTESIAN_POINT ( 'NONE',  ( 1.387778780781445700E-014, 13.28582642687750900, -0.9512300000000042400 ) ) ;
#8857 = CARTESIAN_POINT ( 'NONE',  ( 7.670575463964386400, 13.28582642687750800, -0.8983133333333343000 ) ) ;
#8858 = CARTESIAN_POINT ( 'NONE',  ( 11.50586319594656700, 6.642913213438742300, -0.8453966666666680200 ) ) ;
#8859 = CARTESIAN_POINT ( 'NONE',  ( 15.34115092792874600, -1.602468905319636400E-014, -0.7924800000000011800 ) ) ;
#8860 = CARTESIAN_POINT ( 'NONE',  ( 11.50586319594655500, -6.642913213438767200, -0.7395633333333352400 ) ) ;
#8861 = CARTESIAN_POINT ( 'NONE',  ( 7.670575463964365100, -13.28582642687751300, -0.6866466666666681800 ) ) ;
#8862 = CARTESIAN_POINT ( 'NONE',  ( -1.127570259384924600E-014, -13.28582642687751100, -0.6337300000000024600 ) ) ;
#8863 = CARTESIAN_POINT ( 'NONE',  ( -7.670575463964380200, -13.28582642687750100, -0.5808133333333352900 ) ) ;
#8864 = CARTESIAN_POINT ( 'NONE',  ( -11.50586319594656400, -6.642913213438749400, -0.5278966666666696800 ) ) ;
#8865 = CARTESIAN_POINT ( 'NONE',  ( -15.34115092792874600, 1.402160292154681700E-014, -0.4749800000000022900 ) ) ;
#8866 = CARTESIAN_POINT ( 'NONE',  ( -11.50586319594655800, 6.642913213438760100, -0.4220633333333369000 ) ) ;
#8867 = CARTESIAN_POINT ( 'NONE',  ( -7.670575463964368600, 13.28582642687751300, -0.3691466666666692900 ) ) ;
#8868 = CARTESIAN_POINT ( 'NONE',  ( 1.387778780781445700E-014, 13.28582642687750900, -0.3162300000000041200 ) ) ;
#8869 = CARTESIAN_POINT ( 'NONE',  ( 7.670575463964386400, 13.28582642687750800, -0.2633133333333362900 ) ) ;
#8870 = CARTESIAN_POINT ( 'NONE',  ( 11.50586319594656700, 6.642913213438742300, -0.2103966666666713700 ) ) ;
#8871 = CARTESIAN_POINT ( 'NONE',  ( 15.34115092792874600, -1.602468905319636400E-014, -0.1574800000000032800 ) ) ;
#8872 = CARTESIAN_POINT ( 'NONE',  ( 11.50586319594655500, -6.642913213438767200, -0.1045633333333385900 ) ) ;
#8873 = CARTESIAN_POINT ( 'NONE',  ( 7.670575463964365100, -13.28582642687751300, -0.05164666666667031000 ) ) ;
#8874 = CARTESIAN_POINT ( 'NONE',  ( -1.127570259384924600E-014, -13.28582642687751100, 0.001269999999994192400 ) ) ;
#8875 = CARTESIAN_POINT ( 'NONE',  ( -7.670575463964380200, -13.28582642687750100, 0.05418666666666267800 ) ) ;
#8876 = CARTESIAN_POINT ( 'NONE',  ( -11.50586319594656400, -6.642913213438749400, 0.1071033333333269700 ) ) ;
#8877 = CARTESIAN_POINT ( 'NONE',  ( -15.34115092792874600, 1.402160292154681700E-014, 0.1600199999999956700 ) ) ;
#8878 = CARTESIAN_POINT ( 'NONE',  ( -11.50586319594655800, 6.642913213438760100, 0.2129366666666632200 ) ) ;
#8879 = CARTESIAN_POINT ( 'NONE',  ( -7.670575463964368600, 13.28582642687751300, 0.2658533333333286100 ) ) ;
#8880 = CARTESIAN_POINT ( 'NONE',  ( 1.387778780781445700E-014, 13.28582642687750900, 0.3187699999999960000 ) ) ;
#8881 = CARTESIAN_POINT ( 'NONE',  ( 7.670575463964386400, 13.28582642687750800, 0.3716866666666615600 ) ) ;
#8882 = CARTESIAN_POINT ( 'NONE',  ( 11.50586319594656700, 6.642913213438742300, 0.4246033333333287800 ) ) ;
#8883 = CARTESIAN_POINT ( 'NONE',  ( 15.34115092792874600, -1.602468905319636400E-014, 0.4775199999999945600 ) ) ;
#8884 = CARTESIAN_POINT ( 'NONE',  ( 11.50586319594655500, -6.642913213438767200, 0.5304366666666615600 ) ) ;
#8885 = CARTESIAN_POINT ( 'NONE',  ( 7.670575463964365100, -13.28582642687751300, 0.5833533333333275100 ) ) ;
#8886 = CARTESIAN_POINT ( 'NONE',  ( -1.127570259384924600E-014, -13.28582642687751100, 0.6362699999999943400 ) ) ;
#8887 = CARTESIAN_POINT ( 'NONE',  ( -7.670575463964380200, -13.28582642687750100, 0.6891866666666605100 ) ) ;
#8888 = CARTESIAN_POINT ( 'NONE',  ( -11.50586319594656400, -6.642913213438749400, 0.7421033333333271200 ) ) ;
#8889 = CARTESIAN_POINT ( 'NONE',  ( -15.34115092792874600, 1.402160292154681700E-014, 0.7950199999999935100 ) ) ;
#8890 = CARTESIAN_POINT ( 'NONE',  ( -11.50586319594655800, 6.642913213438760100, 0.8479366666666599000 ) ) ;
#8891 = CARTESIAN_POINT ( 'NONE',  ( -7.670575463964368600, 13.28582642687751300, 0.9008533333333265100 ) ) ;
#8892 = CARTESIAN_POINT ( 'NONE',  ( 1.387778780781445700E-014, 13.28582642687750900, 0.9537699999999926800 ) ) ;
#8893 = CARTESIAN_POINT ( 'NONE',  ( 7.670575463964386400, 13.28582642687750800, 1.006686666666659400 ) ) ;
#8894 = CARTESIAN_POINT ( 'NONE',  ( 11.50586319594656700, 6.642913213438742300, 1.059603333333325500 ) ) ;
#8895 = CARTESIAN_POINT ( 'NONE',  ( 15.34115092792874600, -1.602468905319636400E-014, 1.112519999999992400 ) ) ;
#8896 = CARTESIAN_POINT ( 'NONE',  ( 11.50586319594655500, -6.642913213438767200, 1.165436666666658200 ) ) ;
#8897 = CARTESIAN_POINT ( 'NONE',  ( 7.670575463964365100, -13.28582642687751300, 1.218353333333325600 ) ) ;
#8898 = CARTESIAN_POINT ( 'NONE',  ( -1.127570259384924600E-014, -13.28582642687751100, 1.271269999999991000 ) ) ;
#8899 = CARTESIAN_POINT ( 'NONE',  ( -7.670575463964380200, -13.28582642687750100, 1.324186666666658400 ) ) ;
#8900 = CARTESIAN_POINT ( 'NONE',  ( -11.50586319594656400, -6.642913213438749400, 1.377103333333323800 ) ) ;
#8901 = CARTESIAN_POINT ( 'NONE',  ( -15.34115092792874600, 1.402160292154681700E-014, 1.430019999999991400 ) ) ;
#8902 = CARTESIAN_POINT ( 'NONE',  ( -11.50586319594655800, 6.642913213438760100, 1.482936666666660100 ) ) ;
#8903 = CARTESIAN_POINT ( 'NONE',  ( -7.670575463964368600, 13.28582642687751300, 1.535853333333324400 ) ) ;
#8904 = CARTESIAN_POINT ( 'NONE',  ( 1.387778780781445700E-014, 13.28582642687750900, 1.588769999999992900 ) ) ;
#8905 = CARTESIAN_POINT ( 'NONE',  ( 7.670575463964386400, 13.28582642687750800, 1.641686666666657400 ) ) ;
#8906 = CARTESIAN_POINT ( 'NONE',  ( 11.50586319594656700, 6.642913213438742300, 1.694603333333325700 ) ) ;
#8907 = CARTESIAN_POINT ( 'NONE',  ( 15.34115092792874600, -1.602468905319636400E-014, 1.747519999999990400 ) ) ;
#8908 = CARTESIAN_POINT ( 'NONE',  ( 11.50586319594655500, -6.642913213438767200, 1.800436666666658500 ) ) ;
#8909 = CARTESIAN_POINT ( 'NONE',  ( 7.670575463964365100, -13.28582642687751300, 1.853353333333323600 ) ) ;
#8910 = CARTESIAN_POINT ( 'NONE',  ( -1.127570259384924600E-014, -13.28582642687751100, 1.906269999999991200 ) ) ;
#8911 = CARTESIAN_POINT ( 'NONE',  ( -7.670575463964380200, -13.28582642687750100, 1.959186666666656200 ) ) ;
#8912 = CARTESIAN_POINT ( 'NONE',  ( -11.50586319594656400, -6.642913213438749400, 2.012103333333323800 ) ) ;
#8913 = CARTESIAN_POINT ( 'NONE',  ( -15.34115092792874600, 1.402160292154681700E-014, 2.065019999999989900 ) ) ;
#8914 = CARTESIAN_POINT ( 'NONE',  ( -11.50586319594655800, 6.642913213438760100, 2.117936666666656800 ) ) ;
#8915 = CARTESIAN_POINT ( 'NONE',  ( -7.670575463964368600, 13.28582642687751300, 2.170853333333322400 ) ) ;
#8916 = CARTESIAN_POINT ( 'NONE',  ( 1.387778780781445700E-014, 13.28582642687750900, 2.223769999999989400 ) ) ;
#8917 = CARTESIAN_POINT ( 'NONE',  ( 7.670575463964386400, 13.28582642687750800, 2.276686666666655400 ) ) ;
#8918 = CARTESIAN_POINT ( 'NONE',  ( 11.50586319594656700, 6.642913213438742300, 2.329603333333322400 ) ) ;
#8919 = CARTESIAN_POINT ( 'NONE',  ( 15.34115092792874600, -1.602468905319636400E-014, 2.382519999999988400 ) ) ;
#8920 = CARTESIAN_POINT ( 'NONE',  ( 11.50586319594655500, -6.642913213438767200, 2.435436666666654900 ) ) ;
#8921 = CARTESIAN_POINT ( 'NONE',  ( 7.670575463964365100, -13.28582642687751300, 2.488353333333321000 ) ) ;
#8922 = CARTESIAN_POINT ( 'NONE',  ( -1.127570259384924600E-014, -13.28582642687751100, 2.541269999999991500 ) ) ;
#8923 = CARTESIAN_POINT ( 'NONE',  ( -7.670575463964380200, -13.28582642687750100, 2.594186666666654400 ) ) ;
#8924 = CARTESIAN_POINT ( 'NONE',  ( -11.50586319594656400, -6.642913213438749400, 2.647103333333324000 ) ) ;
#8925 = CARTESIAN_POINT ( 'NONE',  ( -15.34115092792874600, 1.402160292154681700E-014, 2.700019999999987400 ) ) ;
#8926 = CARTESIAN_POINT ( 'NONE',  ( -11.50586319594655800, 6.642913213438760100, 2.752936666666657000 ) ) ;
#8927 = CARTESIAN_POINT ( 'NONE',  ( -7.670575463964368600, 13.28582642687751300, 2.805853333333320000 ) ) ;
#8928 = CARTESIAN_POINT ( 'NONE',  ( 1.387778780781445700E-014, 13.28582642687750900, 2.858769999999989600 ) ) ;
#8929 = CARTESIAN_POINT ( 'NONE',  ( 7.670575463964386400, 13.28582642687750800, 2.911686666666653000 ) ) ;
#8930 = CARTESIAN_POINT ( 'NONE',  ( 11.50586319594656700, 6.642913213438742300, 2.964603333333322600 ) ) ;
#8931 = CARTESIAN_POINT ( 'NONE',  ( 15.34115092792874600, -1.602468905319636400E-014, 3.017519999999986400 ) ) ;
#8932 = CARTESIAN_POINT ( 'NONE',  ( 11.50586319594655500, -6.642913213438767200, 3.070436666666655200 ) ) ;
#8933 = CARTESIAN_POINT ( 'NONE',  ( 7.670575463964365100, -13.28582642687751300, 3.123353333333323400 ) ) ;
#8934 = CARTESIAN_POINT ( 'NONE',  ( -1.127570259384924600E-014, -13.28582642687751100, 3.176269999999988200 ) ) ;
#8935 = CARTESIAN_POINT ( 'NONE',  ( -7.670575463964380200, -13.28582642687750100, 3.229186666666656000 ) ) ;
#8936 = CARTESIAN_POINT ( 'NONE',  ( -11.50586319594656400, -6.642913213438749400, 3.282103333333320700 ) ) ;
#8937 = CARTESIAN_POINT ( 'NONE',  ( -15.34115092792874600, 1.402160292154681700E-014, 3.335019999999989000 ) ) ;
#8938 = CARTESIAN_POINT ( 'NONE',  ( -11.50586319594655800, 6.642913213438760100, 3.387936666666653700 ) ) ;
#8939 = CARTESIAN_POINT ( 'NONE',  ( -7.670575463964368600, 13.28582642687751300, 3.440853333333322000 ) ) ;
#8940 = CARTESIAN_POINT ( 'NONE',  ( 1.387778780781445700E-014, 13.28582642687750900, 3.493769999999986300 ) ) ;
#8941 = CARTESIAN_POINT ( 'NONE',  ( 7.670575463964386400, 13.28582642687750800, 3.546686666666655400 ) ) ;
#8942 = CARTESIAN_POINT ( 'NONE',  ( 11.50586319594656700, 6.642913213438742300, 3.599603333333319300 ) ) ;
#8943 = CARTESIAN_POINT ( 'NONE',  ( 15.34115092792874600, -1.602468905319636400E-014, 3.652519999999988000 ) ) ;
#8944 = CARTESIAN_POINT ( 'NONE',  ( 11.50586319594655500, -6.642913213438767200, 3.705436666666651800 ) ) ;
#8945 = CARTESIAN_POINT ( 'NONE',  ( 7.670575463964365100, -13.28582642687751300, 3.758353333333321000 ) ) ;
#8946 = CARTESIAN_POINT ( 'NONE',  ( -1.127570259384924600E-014, -13.28582642687751100, 3.811269999999984800 ) ) ;
#8947 = CARTESIAN_POINT ( 'NONE',  ( -7.670575463964380200, -13.28582642687750100, 3.864186666666654000 ) ) ;
#8948 = CARTESIAN_POINT ( 'NONE',  ( -11.50586319594656400, -6.642913213438749400, 3.917103333333320900 ) ) ;
#8949 = CARTESIAN_POINT ( 'NONE',  ( -15.34115092792874600, 1.402160292154681700E-014, 3.970019999999987400 ) ) ;
#8950 = CARTESIAN_POINT ( 'NONE',  ( -11.50586319594655800, 6.642913213438760100, 4.022936666666653900 ) ) ;
#8951 = CARTESIAN_POINT ( 'NONE',  ( -7.670575463964368600, 13.28582642687751300, 4.075853333333320400 ) ) ;
#8952 = CARTESIAN_POINT ( 'NONE',  ( 1.387778780781445700E-014, 13.28582642687750900, 4.128769999999986100 ) ) ;
#8953 = CARTESIAN_POINT ( 'NONE',  ( 7.670575463964386400, 13.28582642687750800, 4.181686666666652600 ) ) ;
#8954 = CARTESIAN_POINT ( 'NONE',  ( 11.50586319594656700, 6.642913213438742300, 4.234603333333319100 ) ) ;
#8955 = CARTESIAN_POINT ( 'NONE',  ( 15.34115092792874600, -1.602468905319636400E-014, 4.287519999999985600 ) ) ;
#8956 = CARTESIAN_POINT ( 'NONE',  ( 11.50586319594655500, -6.642913213438767200, 4.340436666666652100 ) ) ;
#8957 = CARTESIAN_POINT ( 'NONE',  ( 7.670575463964365100, -13.28582642687751300, 4.393353333333319500 ) ) ;
#8958 = CARTESIAN_POINT ( 'NONE',  ( -1.127570259384924600E-014, -13.28582642687751100, 4.446269999999985100 ) ) ;
#8959 = CARTESIAN_POINT ( 'NONE',  ( -7.670575463964380200, -13.28582642687750100, 4.499186666666651600 ) ) ;
#8960 = CARTESIAN_POINT ( 'NONE',  ( -11.50586319594656400, -6.642913213438749400, 4.552103333333317200 ) ) ;
#8961 = CARTESIAN_POINT ( 'NONE',  ( -15.34115092792874600, 1.402160292154681700E-014, 4.605019999999984600 ) ) ;
#8962 = CARTESIAN_POINT ( 'NONE',  ( -11.50586319594655800, 6.642913213438760100, 4.657936666666650200 ) ) ;
#8963 = CARTESIAN_POINT ( 'NONE',  ( -7.670575463964368600, 13.28582642687751300, 4.710853333333318500 ) ) ;
#8964 = CARTESIAN_POINT ( 'NONE',  ( 1.387778780781445700E-014, 13.28582642687750900, 4.763769999999986700 ) ) ;
#8965 = CARTESIAN_POINT ( 'NONE',  ( 9.404932764320012200, -1.659133819431104700, 3.352799999999999300 ) ) ;
#8966 = DIRECTION ( 'NONE',  ( -1.000000000000000000, 1.734723475976808100E-016, 0.0000000000000000000 ) ) ;
#8967 = DIRECTION ( 'NONE',  ( 1.000000000000000000, 8.881784197001252300E-016, 0.0000000000000000000 ) ) ;
#8968 = DIRECTION ( 'NONE',  ( -8.881784197001252300E-016, 1.000000000000000000, 0.0000000000000000000 ) ) ;
#8969 = PLANE ( 'NONE',  #2672 ) ;
#8970 = CARTESIAN_POINT ( 'NONE',  ( 15.11620048448664000, 3.044331583154962700, -1.938514141380586600 ) ) ;
#8971 = DIRECTION ( 'NONE',  ( 0.0000000000000000000, 0.0000000000000000000, 1.000000000000000000 ) ) ;
#8972 = DIRECTION ( 'NONE',  ( 1.000000000000000000, -1.110223024625156800E-016, 0.0000000000000000000 ) ) ;
#8973 = DIRECTION ( 'NONE',  ( 0.0000000000000000000, 0.0000000000000000000, -1.000000000000000000 ) ) ;
#8974 = CARTESIAN_POINT ( 'NONE',  ( 9.404932759999994100, 1.659133819999998500, 8.037808214890210600 ) ) ;
#8975 = CARTESIAN_POINT ( 'NONE',  ( 15.11616337866982800, 3.549999999999999400, -1.938866862206142500 ) ) ;
#8976 = CARTESIAN_POINT ( 'NONE',  ( 0.0000000000000000000, 0.0000000000000000000, 1.688000000000001900 ) ) ;
#8977 = CARTESIAN_POINT ( 'NONE',  ( 15.14519822529358200, 2.543738063927159000, -1.729855765946229000 ) ) ;
#8978 = CARTESIAN_POINT ( 'NONE',  ( 15.21127275205906100, 1.829804649519185800, -1.011506997561383100 ) ) ;
#8979 = CARTESIAN_POINT ( 'NONE',  ( 15.23997875484297500, 1.622746642272646000, -0.5081768052171524700 ) ) ;
#8980 = CARTESIAN_POINT ( 'NONE',  ( 15.24002123635846800, 1.622316625660376300, 0.5089091709561729400 ) ) ;
#8981 = CARTESIAN_POINT ( 'NONE',  ( 15.21126133886144900, 1.830232145031262400, 1.012000512643378200 ) ) ;
#8982 = CARTESIAN_POINT ( 'NONE',  ( 15.14524864786660700, 2.542881361970124500, 1.728930246365207900 ) ) ;
#8983 = CARTESIAN_POINT ( 'NONE',  ( 15.11614259387434200, 3.045794244919991700, 1.938938298243906500 ) ) ;
#8984 = CARTESIAN_POINT ( 'NONE',  ( 15.11618447008481600, 4.058486210226083000, 1.938793035642231600 ) ) ;
#8985 = CARTESIAN_POINT ( 'NONE',  ( 15.14524709336555100, 4.557443317681070000, 1.729452309344093200 ) ) ;
#8986 = CARTESIAN_POINT ( 'NONE',  ( 15.21129710830873300, 5.269819575193151800, 1.011099483962316200 ) ) ;
#8987 = CARTESIAN_POINT ( 'NONE',  ( 15.24003184164210000, 5.477701255549284600, 0.5080321983609044100 ) ) ;
#8988 = CARTESIAN_POINT ( 'NONE',  ( 15.23996807433748300, 5.477234888730190900, -0.5102953563212963000 ) ) ;
#8989 = CARTESIAN_POINT ( 'NONE',  ( 15.21114844603390500, 5.268617135775782500, -1.013242563780131200 ) ) ;
#8990 = CARTESIAN_POINT ( 'NONE',  ( 15.14510159131580600, 4.555407959816227100, -1.730565678409040600 ) ) ;
#8991 = CARTESIAN_POINT ( 'NONE',  ( 15.11612627285301600, 4.055668416845035700, -1.939219583031698300 ) ) ;
#8992 = CARTESIAN_POINT ( 'NONE',  ( 15.11616337866982800, 3.549999999999999400, -1.938866862206142500 ) ) ;
#8993 = CARTESIAN_POINT ( 'NONE',  ( 15.02729651826802700, 3.549999999999999400, -1.849999999999999200 ) ) ;
#8994 = CARTESIAN_POINT ( 'NONE',  ( 15.02733340594238400, 3.064655300336165000, -1.849663445933024600 ) ) ;
#8995 = CARTESIAN_POINT ( 'NONE',  ( 15.05616067113725100, 2.584181529179295600, -1.650568808034064800 ) ) ;
#8996 = CARTESIAN_POINT ( 'NONE',  ( 15.12184675028146200, 1.898942376223112300, -0.9651451490957397800 ) ) ;
#8997 = CARTESIAN_POINT ( 'NONE',  ( 15.15038399255564400, 1.700206399781228200, -0.4848849243500250000 ) ) ;
#8998 = CARTESIAN_POINT ( 'NONE',  ( 15.15042622433526600, 1.699793666207809300, 0.4855837225210615800 ) ) ;
#8999 = CARTESIAN_POINT ( 'NONE',  ( 15.12183540413429000, 1.899352690415252700, 0.9656160446828311300 ) ) ;
#9000 = CARTESIAN_POINT ( 'NONE',  ( 15.05621079732646600, 2.583359259116436900, 1.649685708628974700 ) ) ;
#9001 = CARTESIAN_POINT ( 'NONE',  ( 15.02727585566474400, 3.066059172079388200, 1.850068161808004400 ) ) ;
#9002 = CARTESIAN_POINT ( 'NONE',  ( 15.02731748568821700, 4.038049243922945800, 1.849929557234258900 ) ) ;
#9003 = CARTESIAN_POINT ( 'NONE',  ( 15.05620925193535500, 4.516952370777558700, 1.650183843447151900 ) ) ;
#9004 = CARTESIAN_POINT ( 'NONE',  ( 15.12187096332436400, 5.200696951382536100, 0.9647563138403536500 ) ) ;
#9005 = CARTESIAN_POINT ( 'NONE',  ( 15.15043676727210300, 5.400223496317066100, 0.4847469214530400500 ) ) ;
#9006 = CARTESIAN_POINT ( 'NONE',  ( 15.15037337483917500, 5.399775873530625600, -0.4869063488527926000 ) ) ;
#9007 = CARTESIAN_POINT ( 'NONE',  ( 15.12172317501208200, 5.199542840023323000, -0.9668011669401871400 ) ) ;
#9008 = CARTESIAN_POINT ( 'NONE',  ( 15.05606460529442200, 4.514998817714975100, -1.651246181743764500 ) ) ;
#9009 = CARTESIAN_POINT ( 'NONE',  ( 15.02725963059367200, 4.035344699663833800, -1.850336554066973800 ) ) ;
#9010 = CARTESIAN_POINT ( 'NONE',  ( 15.02729651826802700, 3.549999999999999400, -1.849999999999999200 ) ) ;
#9011 = DIRECTION ( 'NONE',  ( -1.000000000000000000, 1.110223024625156800E-016, 0.0000000000000000000 ) ) ;
#9012 = PLANE ( 'NONE',  #7502 ) ;
#9013 = CARTESIAN_POINT ( 'NONE',  ( -10.54599999999999800, 1.148775559756492400, 8.037808214890210600 ) ) ;
#9014 = DIRECTION ( 'NONE',  ( 0.0000000000000000000, 0.0000000000000000000, -1.000000000000000000 ) ) ;
#9015 = DIRECTION ( 'NONE',  ( -1.000000000000000000, 1.110223024625156800E-016, 0.0000000000000000000 ) ) ;
#9016 = PLANE ( 'NONE',  #7504 ) ;
#9017 = CARTESIAN_POINT ( 'NONE',  ( -9.404932759999995900, 1.659133819999998500, 3.352799999999999300 ) ) ;
#9018 = DIRECTION ( 'NONE',  ( -1.000000000000000000, 7.216449660063517500E-016, 0.0000000000000000000 ) ) ;
#9019 = DIRECTION ( 'NONE',  ( -7.216449660063517500E-016, -1.000000000000000000, 0.0000000000000000000 ) ) ;
#9020 = DIRECTION ( 'NONE',  ( 0.0000000000000000000, 0.0000000000000000000, -1.000000000000000000 ) ) ;
#9021 = CARTESIAN_POINT ( 'NONE',  ( 0.0000000000000000000, 0.0000000000000000000, 4.317999999999998700 ) ) ;
#9022 = PLANE ( 'NONE',  #7506 ) ;
#9023 = DIRECTION ( 'NONE',  ( 0.0000000000000000000, 0.0000000000000000000, 1.000000000000000000 ) ) ;
#9024 = DIRECTION ( 'NONE',  ( 0.5000000000000013300, 0.0000000000000000000, -0.8660254037844380400 ) ) ;
#9025 = DIRECTION ( 'NONE',  ( 0.0000000000000000000, 0.0000000000000000000, 1.000000000000000000 ) ) ;
#9026 = DIRECTION ( 'NONE',  ( 1.000000000000000000, -1.110223024625156800E-016, 0.0000000000000000000 ) ) ;
#9027 = DIRECTION ( 'NONE',  ( -0.0000000000000000000, 1.000000000000000000, -0.0000000000000000000 ) ) ;
#9028 = CARTESIAN_POINT ( 'NONE',  ( -10.75679306876173800, 4.095786437626896900, 3.431312121600013800 ) ) ;
#9029 = DIRECTION ( 'NONE',  ( 0.8660254037844380400, -0.0000000000000000000, 0.5000000000000010000 ) ) ;
#9030 = DIRECTION ( 'NONE',  ( 1.000000000000000000, -1.110223024625156800E-016, 0.0000000000000000000 ) ) ;
#9031 = CARTESIAN_POINT ( 'NONE',  ( 13.19822715367483400, 5.080000000000001000, 7.620000000000015200 ) ) ;
#9032 = DIRECTION ( 'NONE',  ( 0.0000000000000000000, 0.0000000000000000000, 1.000000000000000000 ) ) ;
#9033 = DIRECTION ( 'NONE',  ( -1.000000000000000000, 1.734723470200871800E-016, 0.0000000000000000000 ) ) ;
#9034 = CARTESIAN_POINT ( 'NONE',  ( 0.0000000000000000000, 0.0000000000000000000, -0.07205909487751488400 ) ) ;
#9035 = DIRECTION ( 'NONE',  ( 0.0000000000000000000, 0.0000000000000000000, -1.000000000000000000 ) ) ;
#9036 = DIRECTION ( 'NONE',  ( 0.0000000000000000000, 0.0000000000000000000, 1.000000000000000000 ) ) ;
#9037 = CARTESIAN_POINT ( 'NONE',  ( -9.404932760015130500, -1.659133819999998500, 8.037808214890210600 ) ) ;
#9038 = DIRECTION ( 'NONE',  ( -0.0000000000000000000, 1.000000000000000000, -0.0000000000000000000 ) ) ;
#9039 = CARTESIAN_POINT ( 'NONE',  ( -2.406793068761691400, 5.510000000000000700, -11.03131212160007900 ) ) ;
#9040 = CARTESIAN_POINT ( 'NONE',  ( 10.75679306876174300, 4.095786437626896900, -3.431312121600024000 ) ) ;
#9041 = PLANE ( 'NONE',  #7511 ) ;
#9042 = DIRECTION ( 'NONE',  ( 0.0000000000000000000, 0.0000000000000000000, 1.000000000000000000 ) ) ;
#9043 = CARTESIAN_POINT ( 'NONE',  ( 10.75679306876174100, 5.510000000000000700, -3.431312121600024000 ) ) ;
#9044 = DIRECTION ( 'NONE',  ( -0.8660254037844370400, 0.0000000000000000000, -0.5000000000000028900 ) ) ;
#9045 = DIRECTION ( 'NONE',  ( -0.5000000000000028900, 0.0000000000000000000, 0.8660254037844370400 ) ) ;
#9046 = DIRECTION ( 'NONE',  ( -0.0000000000000000000, 1.000000000000000000, -0.0000000000000000000 ) ) ;
#9047 = CARTESIAN_POINT ( 'NONE',  ( -2.406793068761691400, 4.095786437626896900, -11.03131212160008300 ) ) ;
#9048 = PLANE ( 'NONE',  #7513 ) ;
#9049 = CARTESIAN_POINT ( 'NONE',  ( 0.0000000000000000000, 1.066799999999999700, 0.0000000000000000000 ) ) ;
#9050 = PLANE ( 'NONE',  #7514 ) ;
#9051 = DIRECTION ( 'NONE',  ( 0.8660254037844370400, 0.0000000000000000000, 0.5000000000000028900 ) ) ;
#9052 = DIRECTION ( 'NONE',  ( 0.5000000000000028900, 0.0000000000000000000, -0.8660254037844370400 ) ) ;
#9053 = CARTESIAN_POINT ( 'NONE',  ( -10.75679306876173600, 5.510000000000000700, 3.431312121600013800 ) ) ;
#9054 = CARTESIAN_POINT ( 'NONE',  ( 2.406793068761695900, 5.510000000000000700, 11.03131212160007400 ) ) ;
#9055 = DIRECTION ( 'NONE',  ( 1.486164610904925700E-018, 1.000000000000000000, -1.390432168732589500E-017 ) ) ;
#9056 = DIRECTION ( 'NONE',  ( 1.110223024625156300E-016, 1.390432168732589500E-017, 1.000000000000000000 ) ) ;
#9057 = PLANE ( 'NONE',  #7515 ) ;
#9058 = CARTESIAN_POINT ( 'NONE',  ( 10.75679306876174100, 5.510000000000000700, -3.431312121600024000 ) ) ;
#9059 = DIRECTION ( 'NONE',  ( -0.5000000000000038900, 0.0000000000000000000, 0.8660254037844363800 ) ) ;
#9060 = DIRECTION ( 'NONE',  ( 0.8660254037844363800, 0.0000000000000000000, 0.5000000000000038900 ) ) ;
#9061 = PLANE ( 'NONE',  #7516 ) ;
#9062 = DIRECTION ( 'NONE',  ( -1.000000000000000000, 1.110223024625156800E-016, 0.0000000000000000000 ) ) ;
#9063 = DIRECTION ( 'NONE',  ( 0.0000000000000000000, 1.000000000000000000, 0.0000000000000000000 ) ) ;
#9064 = DIRECTION ( 'NONE',  ( 0.0000000000000000000, -0.0000000000000000000, 1.000000000000000000 ) ) ;
#9065 = PLANE ( 'NONE',  #7517 ) ;
#9066 = DIRECTION ( 'NONE',  ( -1.000000000000000000, 1.110223024625156800E-016, 0.0000000000000000000 ) ) ;
#9067 = DIRECTION ( 'NONE',  ( 0.5000000000000037700, 0.0000000000000000000, -0.8660254037844364900 ) ) ;
#9068 = DIRECTION ( 'NONE',  ( -0.8660254037844364900, 0.0000000000000000000, -0.5000000000000037700 ) ) ;
#9069 = DIRECTION ( 'NONE',  ( 0.0000000000000000000, 0.0000000000000000000, -1.000000000000000000 ) ) ;
#9070 = CARTESIAN_POINT ( 'NONE',  ( 0.0000000000000000000, 0.0000000000000000000, 4.317999999999998700 ) ) ;
#9071 = DIRECTION ( 'NONE',  ( 0.0000000000000000000, 0.0000000000000000000, -1.000000000000000000 ) ) ;
#9072 = DIRECTION ( 'NONE',  ( -1.000000000000000000, 1.110223024625156800E-016, 0.0000000000000000000 ) ) ;
#9073 = CARTESIAN_POINT ( 'NONE',  ( 0.0000000000000000000, 0.0000000000000000000, 4.317999999999998700 ) ) ;
#9074 = DIRECTION ( 'NONE',  ( 0.0000000000000000000, 0.0000000000000000000, -1.000000000000000000 ) ) ;
#9075 = CARTESIAN_POINT ( 'NONE',  ( 0.0000000000000000000, 0.0000000000000000000, 0.0000000000000000000 ) ) ;
#9076 = CARTESIAN_POINT ( 'NONE',  ( 0.0000000000000000000, 0.0000000000000000000, 4.317999999999998700 ) ) ;
#9077 = DIRECTION ( 'NONE',  ( -1.000000000000000000, 1.110223024625156800E-016, 0.0000000000000000000 ) ) ;
#9078 = PLANE ( 'NONE',  #7521 ) ;
#9079 = DIRECTION ( 'NONE',  ( -1.000000000000000000, 1.110223024625156800E-016, 0.0000000000000000000 ) ) ;
#9080 = DIRECTION ( 'NONE',  ( 1.486164610904925700E-018, 1.000000000000000000, -1.390432168732589500E-017 ) ) ;
#9081 = DIRECTION ( 'NONE',  ( 1.110223024625156300E-016, 1.390432168732589500E-017, 1.000000000000000000 ) ) ;
#9082 = DIRECTION ( 'NONE',  ( 0.0000000000000000000, 0.0000000000000000000, -1.000000000000000000 ) ) ;
#9083 = CARTESIAN_POINT ( 'NONE',  ( 0.0000000000000000000, 0.0000000000000000000, 4.317999999999998700 ) ) ;
#9084 = DIRECTION ( 'NONE',  ( 0.0000000000000000000, 0.0000000000000000000, -1.000000000000000000 ) ) ;
#9085 = DIRECTION ( 'NONE',  ( -1.000000000000000000, 1.110223024625156800E-016, 0.0000000000000000000 ) ) ;
#9086 = CARTESIAN_POINT ( 'NONE',  ( 0.0000000000000000000, 0.0000000000000000000, 4.317999999999998700 ) ) ;
#9087 = DIRECTION ( 'NONE',  ( 0.0000000000000000000, 0.0000000000000000000, -1.000000000000000000 ) ) ;
#9088 = DIRECTION ( 'NONE',  ( -1.000000000000000000, 1.110223024625156800E-016, 0.0000000000000000000 ) ) ;
#9089 = CARTESIAN_POINT ( 'NONE',  ( 0.0000000000000000000, 0.0000000000000000000, 4.317999999999998700 ) ) ;
#9090 = DIRECTION ( 'NONE',  ( 0.0000000000000000000, 0.0000000000000000000, -1.000000000000000000 ) ) ;
#9091 = CARTESIAN_POINT ( 'NONE',  ( 0.0000000000000000000, 0.0000000000000000000, -0.5119999999999985700 ) ) ;
#9092 = CARTESIAN_POINT ( 'NONE',  ( 0.0000000000000000000, 0.0000000000000000000, 4.317999999999998700 ) ) ;
#9093 = CARTESIAN_POINT ( 'NONE',  ( 4.336808689942017700E-015, -29.05932135623729800, 2.267999999999999300 ) ) ;
#9094 = PLANE ( 'NONE',  #7527 ) ;
#9095 = DIRECTION ( 'NONE',  ( -1.000000000000000000, 1.110223024625156800E-016, 0.0000000000000000000 ) ) ;
#9096 = DIRECTION ( 'NONE',  ( 0.0000000000000000000, 0.0000000000000000000, 1.000000000000000000 ) ) ;
#9097 = DIRECTION ( 'NONE',  ( 1.000000000000000000, -1.110223024625156800E-016, 0.0000000000000000000 ) ) ;
#9098 = DIRECTION ( 'NONE',  ( 0.0000000000000000000, 0.0000000000000000000, -1.000000000000000000 ) ) ;
#9099 = CARTESIAN_POINT ( 'NONE',  ( 0.0000000000000000000, 0.0000000000000000000, 4.317999999999998700 ) ) ;
#9100 = DIRECTION ( 'NONE',  ( -1.000000000000000000, 1.110223024625156800E-016, 0.0000000000000000000 ) ) ;
#9101 = PLANE ( 'NONE',  #7529 ) ;
#9102 = DIRECTION ( 'NONE',  ( -1.000000000000000000, 1.110223024625156800E-016, 0.0000000000000000000 ) ) ;
#9103 = DIRECTION ( 'NONE',  ( 0.0000000000000000000, 0.0000000000000000000, 1.000000000000000000 ) ) ;
#9104 = DIRECTION ( 'NONE',  ( 1.000000000000000000, -1.110223024625156800E-016, 0.0000000000000000000 ) ) ;
#9105 = DIRECTION ( 'NONE',  ( 0.0000000000000000000, 0.0000000000000000000, -1.000000000000000000 ) ) ;
#9106 = CARTESIAN_POINT ( 'NONE',  ( 0.0000000000000000000, 0.0000000000000000000, 4.317999999999998700 ) ) ;
#9107 = DIRECTION ( 'NONE',  ( 0.0000000000000000000, 0.0000000000000000000, -1.000000000000000000 ) ) ;
#9108 = DIRECTION ( 'NONE',  ( -1.000000000000000000, 1.110223024625156800E-016, 0.0000000000000000000 ) ) ;
#9109 = CARTESIAN_POINT ( 'NONE',  ( 0.0000000000000000000, 0.0000000000000000000, 0.4879999999999988800 ) ) ;
#9110 = DIRECTION ( 'NONE',  ( 0.0000000000000000000, 0.0000000000000000000, -1.000000000000000000 ) ) ;
#9111 = CARTESIAN_POINT ( 'NONE',  ( 0.0000000000000000000, 0.0000000000000000000, 4.317999999999998700 ) ) ;
#9112 = CARTESIAN_POINT ( 'NONE',  ( 0.0000000000000000000, 0.0000000000000000000, 1.688000000000001900 ) ) ;
#9113 = DIRECTION ( 'NONE',  ( 1.000000000000000000, -1.110223024625156800E-016, 0.0000000000000000000 ) ) ;
#9114 = PLANE ( 'NONE',  #7533 ) ;
#9115 = DIRECTION ( 'NONE',  ( 1.000000000000000000, -1.110223024625156800E-016, 0.0000000000000000000 ) ) ;
#9116 = DIRECTION ( 'NONE',  ( 0.0000000000000000000, 0.0000000000000000000, 1.000000000000000000 ) ) ;
#9117 = DIRECTION ( 'NONE',  ( 1.000000000000000000, -1.110223024625156800E-016, 0.0000000000000000000 ) ) ;
#9118 = DIRECTION ( 'NONE',  ( 0.0000000000000000000, 0.0000000000000000000, 1.000000000000000000 ) ) ;
#9119 = CARTESIAN_POINT ( 'NONE',  ( 0.0000000000000000000, 0.0000000000000000000, 2.267999999999999300 ) ) ;
#9120 = DIRECTION ( 'NONE',  ( 0.0000000000000000000, 0.0000000000000000000, 1.000000000000000000 ) ) ;
#9121 = DIRECTION ( 'NONE',  ( -1.000000000000000000, 1.110223024625156800E-016, 0.0000000000000000000 ) ) ;
#9122 = CARTESIAN_POINT ( 'NONE',  ( 0.0000000000000000000, 0.0000000000000000000, -0.07205909487751488400 ) ) ;
#9123 = DIRECTION ( 'NONE',  ( 0.0000000000000000000, 0.0000000000000000000, -1.000000000000000000 ) ) ;
#9124 = DIRECTION ( 'NONE',  ( 1.000000000000000000, -1.110223024625156800E-016, 0.0000000000000000000 ) ) ;
#9125 = CARTESIAN_POINT ( 'NONE',  ( 0.0000000000000000000, 0.0000000000000000000, 4.317999999999998700 ) ) ;
#9126 = DIRECTION ( 'NONE',  ( 0.0000000000000000000, 0.0000000000000000000, 1.000000000000000000 ) ) ;
#9127 = DIRECTION ( 'NONE',  ( -1.000000000000000000, 1.734723470200871800E-016, 0.0000000000000000000 ) ) ;
#9128 = CARTESIAN_POINT ( 'NONE',  ( 0.0000000000000000000, 0.0000000000000000000, -0.07205909487751488400 ) ) ;
#9129 = DIRECTION ( 'NONE',  ( 0.0000000000000000000, 0.0000000000000000000, -1.000000000000000000 ) ) ;
#9130 = DIRECTION ( 'NONE',  ( -1.000000000000000000, 0.0000000000000000000, 0.0000000000000000000 ) ) ;
#9131 = CARTESIAN_POINT ( 'NONE',  ( -9.404932760015130500, -1.659133819999998500, 8.037808214890210600 ) ) ;
#9132 = DIRECTION ( 'NONE',  ( 0.0000000000000000000, -0.0000000000000000000, -1.000000000000000000 ) ) ;
#9133 = DIRECTION ( 'NONE',  ( 1.000000000000000000, -1.110223024625156800E-016, 0.0000000000000000000 ) ) ;
#9134 = CARTESIAN_POINT ( 'NONE',  ( 0.0000000000000000000, 0.0000000000000000000, 1.500000000000001300 ) ) ;
#9135 = DIRECTION ( 'NONE',  ( 0.0000000000000000000, 0.0000000000000000000, 1.000000000000000000 ) ) ;
#9136 = EDGE_CURVE ( 'NONE', #3979, #3746, #2063, .T. ) ;
#9137 = CARTESIAN_POINT ( 'NONE',  ( 15.14642033477426400, 2.573614395299136200, 1.689276087413260200 ) ) ;
#9138 = CARTESIAN_POINT ( 'NONE',  ( 15.16206232507743200, 2.364706695668559600, 1.549803327001999500 ) ) ;
#9139 =( BOUNDED_CURVE ( )  B_SPLINE_CURVE ( 2, ( #6795, #6794, #6796, #6797, #6798, #6799, #6800, #6801, #6802, #6803, #6804, #6805, #6806, #6807, #6808, #6809, #6810, #6811, #6812, #6813, #6814, #6815, #6816, #6817, #6818, #6819, #6820, #6821, #6822, #6823, #6824, #6825, #6826, #6827, #6828, #6829, #6830, #6831, #6832, #6833, #6834, #6835, #6836, #6837, #6838 ),
 .UNSPECIFIED., .F., .T. ) 
 B_SPLINE_CURVE_WITH_KNOTS ( ( 3, 2, 2, 2, 2, 2, 2, 2, 2, 2, 2, 2, 2, 2, 2, 2, 2, 2, 2, 2, 2, 2, 3 ),
 ( 0.4848839541541768400, 0.5000000000000000000, 0.5208333333333333700, 0.5416666666666666300, 0.5625000000000000000, 0.5833333333333333700, 0.6041666666666666300, 0.6250000000000000000, 0.6458333333333333700, 0.6666666666666666300, 0.6875000000000000000, 0.7083333333333333700, 0.7291666666666666300, 0.7500000000000000000, 0.7708333333333333700, 0.7916666666666666300, 0.8125000000000000000, 0.8333333333333333700, 0.8541666666666666300, 0.8750000000000000000, 0.8958333333333333700, 0.9166666666666666300, 0.9373560815615804600 ),
 .UNSPECIFIED. ) 
 CURVE ( )  GEOMETRIC_REPRESENTATION_ITEM ( )  RATIONAL_B_SPLINE_CURVE ( ( 0.9466464700325971600, 0.9027920253486365600, 1.000000000000000000, 0.8660254037844387100, 1.000000000000000000, 0.8660254037844387100, 1.000000000000000000, 0.8660254037844387100, 1.000000000000000000, 0.8660254037844387100, 1.000000000000000000, 0.8660254037844387100, 1.000000000000000000, 0.8660254037844387100, 1.000000000000000000, 0.8660254037844387100, 1.000000000000000000, 0.8660254037844387100, 1.000000000000000000, 0.8660254037844387100, 1.000000000000000000, 0.8660254037844387100, 1.000000000000000000, 0.8660254037844387100, 1.000000000000000000, 0.8660254037844387100, 1.000000000000000000, 0.8660254037844387100, 1.000000000000000000, 0.8660254037844387100, 1.000000000000000000, 0.8660254037844387100, 1.000000000000000000, 0.8660254037844387100, 1.000000000000000000, 0.8660254037844387100, 1.000000000000000000, 0.8660254037844387100, 1.000000000000000000, 0.8660254037844387100, 1.000000000000000000, 0.8660254037844387100, 1.000000000000000000, 0.8669509116888498600, 0.9981617711658030700 ) ) 
 REPRESENTATION_ITEM ( '' )  );
#9140 = UNCERTAINTY_MEASURE_WITH_UNIT (LENGTH_MEASURE( 1.000000000000000100E-005 ), #896, 'distance_accuracy_value', 'NONE');
#9141 = ADVANCED_BREP_SHAPE_REPRESENTATION ( '', ( #2066, #7611 ), #7630 ) ;
#9142 = UNCERTAINTY_MEASURE_WITH_UNIT (LENGTH_MEASURE( 1.000000000000000100E-005 ), #869, 'distance_accuracy_value', 'NONE');
#9143 = ADVANCED_BREP_SHAPE_REPRESENTATION ( '', ( #2259, #7611 ), #7629 ) ;
#9144 = UNCERTAINTY_MEASURE_WITH_UNIT (LENGTH_MEASURE( 1.000000000000000100E-005 ), #866, 'distance_accuracy_value', 'NONE');
#9145 = ADVANCED_BREP_SHAPE_REPRESENTATION ( '', ( #2072, #7611 ), #7628 ) ;
#9146 = ADVANCED_BREP_SHAPE_REPRESENTATION ( '', ( #2261, #7611 ), #7627 ) ;
#9147 = UNCERTAINTY_MEASURE_WITH_UNIT (LENGTH_MEASURE( 1.000000000000000100E-005 ), #860, 'distance_accuracy_value', 'NONE');
#9148 = ADVANCED_BREP_SHAPE_REPRESENTATION ( '', ( #2249, #7611 ), #7626 ) ;
#9149 = UNCERTAINTY_MEASURE_WITH_UNIT (LENGTH_MEASURE( 1.000000000000000100E-005 ), #857, 'distance_accuracy_value', 'NONE');
#9150 = UNCERTAINTY_MEASURE_WITH_UNIT (LENGTH_MEASURE( 1.000000000000000100E-005 ), #854, 'distance_accuracy_value', 'NONE');
#9151 = UNCERTAINTY_MEASURE_WITH_UNIT (LENGTH_MEASURE( 1.000000000000000100E-005 ), #863, 'distance_accuracy_value', 'NONE');
#9152 = ADVANCED_BREP_SHAPE_REPRESENTATION ( '', ( #2085, #7611 ), #7619 ) ;
#9153 = UNCERTAINTY_MEASURE_WITH_UNIT (LENGTH_MEASURE( 1.000000000000000100E-005 ), #825, 'distance_accuracy_value', 'NONE');
#9154 = ADVANCED_BREP_SHAPE_REPRESENTATION ( '', ( #1919, #7611 ), #7618 ) ;
#9155 = UNCERTAINTY_MEASURE_WITH_UNIT (LENGTH_MEASURE( 1.000000000000000100E-005 ), #834, 'distance_accuracy_value', 'NONE');
#9156 = ADVANCED_BREP_SHAPE_REPRESENTATION ( '', ( #2252, #7611 ), #7617 ) ;
#9157 = UNCERTAINTY_MEASURE_WITH_UNIT (LENGTH_MEASURE( 1.000000000000000100E-005 ), #831, 'distance_accuracy_value', 'NONE');
#9158 = ADVANCED_BREP_SHAPE_REPRESENTATION ( '', ( #2254, #7611 ), #7615 ) ;
#9159 = UNCERTAINTY_MEASURE_WITH_UNIT (LENGTH_MEASURE( 1.000000000000000100E-005 ), #826, 'distance_accuracy_value', 'NONE');
#9160 =( BOUNDED_SURFACE ( )  B_SPLINE_SURFACE ( 1, 2, ( 
 ( #8530, #8529, #8749, #8750, #8751, #8752, #8753, #8754, #8755, #8756, #8757, #8758, #8759, #8760, #8761, #8762, #8763, #8764, #8765, #8766, #8767, #8768, #8769, #8770, #8771, #8772, #8773, #8774, #8775, #8776, #8777, #8778, #8779, #8780, #8781, #8782, #8783, #8784, #8785, #8786, #8787, #8788, #8789, #8790, #8791, #8792, #8793, #8794, #8795, #8796, #8797, #8798, #8799, #8800, #8801, #8802, #8803, #8804, #8805, #8806, #8807, #8808, #8809, #8810, #8811, #8812, #8813, #8814, #8815, #8816, #8817, #8818, #8819, #8820, #8821, #8822, #8823, #8824, #8825, #8826, #8827, #8828, #8829, #8830, #8831, #8832, #8833, #8834, #8835, #8836, #8837, #8838, #8839, #8840, #8841, #8842, #8843, #8844, #8845, #8846, #8847, #8848, #8849, #8850, #8851, #8852, #8853, #8854, #8855 ),
 ( #8856, #8857, #8858, #8859, #8860, #8861, #8862, #8863, #8864, #8865, #8866, #8867, #8868, #8869, #8870, #8871, #8872, #8873, #8874, #8875, #8876, #8877, #8878, #8879, #8880, #8881, #8882, #8883, #8884, #8885, #8886, #8887, #8888, #8889, #8890, #8891, #8892, #8893, #8894, #8895, #8896, #8897, #8898, #8899, #8900, #8901, #8902, #8903, #8904, #8905, #8906, #8907, #8908, #8909, #8910, #8911, #8912, #8913, #8914, #8915, #8916, #8917, #8918, #8919, #8920, #8921, #8922, #8923, #8924, #8925, #8926, #8927, #8928, #8929, #8930, #8931, #8932, #8933, #8934, #8935, #8936, #8937, #8938, #8939, #8940, #8941, #8942, #8943, #8944, #8945, #8946, #8947, #8948, #8949, #8950, #8951, #8952, #8953, #8954, #8955, #8956, #8957, #8958, #8959, #8960, #8961, #8962, #8963, #8964 ) ),
 .UNSPECIFIED., .F., .F., .F. ) 
 B_SPLINE_SURFACE_WITH_KNOTS ( ( 2, 2 ),
 ( 3, 2, 2, 2, 2, 2, 2, 2, 2, 2, 2, 2, 2, 2, 2, 2, 2, 2, 2, 2, 2, 2, 2, 2, 2, 2, 2, 2, 2, 2, 2, 2, 2, 2, 2, 2, 2, 2, 2, 2, 2, 2, 2, 2, 2, 2, 2, 2, 2, 2, 2, 2, 2, 2, 3 ),
 ( 0.0000000000000000000, 1.000000000000000000 ),
 ( 0.0000000000000000000, 0.01851851851851851700, 0.03703703703703703500, 0.05555555555555555200, 0.07407407407407407000, 0.09259259259259258700, 0.1111111111111111000, 0.1296296296296296200, 0.1481481481481481400, 0.1666666666666666600, 0.1851851851851851700, 0.2037037037037036900, 0.2222222222222222100, 0.2407407407407407300, 0.2592592592592592400, 0.2777777777777777900, 0.2962962962962962800, 0.3148148148148147700, 0.3333333333333333100, 0.3518518518518518600, 0.3703703703703703500, 0.3888888888888888400, 0.4074074074074073800, 0.4259259259259259300, 0.4444444444444444200, 0.4629629629629629100, 0.4814814814814814500, 0.5000000000000000000, 0.5185185185185184900, 0.5370370370370369800, 0.5555555555555555800, 0.5740740740740740700, 0.5925925925925925600, 0.6111111111111110500, 0.6296296296296295400, 0.6481481481481481400, 0.6666666666666666300, 0.6851851851851851200, 0.7037037037037037200, 0.7222222222222222100, 0.7407407407407407000, 0.7592592592592591900, 0.7777777777777776800, 0.7962962962962962800, 0.8148148148148147700, 0.8333333333333332600, 0.8518518518518518600, 0.8703703703703703500, 0.8888888888888888400, 0.9074074074074073300, 0.9259259259259258200, 0.9444444444444444200, 0.9629629629629629100, 0.9814814814814814000, 1.000000000000000000 ),
 .UNSPECIFIED. ) 
 GEOMETRIC_REPRESENTATION_ITEM ( )  RATIONAL_B_SPLINE_SURFACE ( (
 ( 1.000000000000000000, 0.8660254037844387100, 1.000000000000000000, 0.8660254037844387100, 1.000000000000000000, 0.8660254037844387100, 1.000000000000000000, 0.8660254037844387100, 1.000000000000000000, 0.8660254037844387100, 1.000000000000000000, 0.8660254037844387100, 1.000000000000000000, 0.8660254037844387100, 1.000000000000000000, 0.8660254037844387100, 1.000000000000000000, 0.8660254037844387100, 1.000000000000000000, 0.8660254037844387100, 1.000000000000000000, 0.8660254037844387100, 1.000000000000000000, 0.8660254037844387100, 1.000000000000000000, 0.8660254037844387100, 1.000000000000000000, 0.8660254037844387100, 1.000000000000000000, 0.8660254037844387100, 1.000000000000000000, 0.8660254037844387100, 1.000000000000000000, 0.8660254037844387100, 1.000000000000000000, 0.8660254037844387100, 1.000000000000000000, 0.8660254037844387100, 1.000000000000000000, 0.8660254037844387100, 1.000000000000000000, 0.8660254037844387100, 1.000000000000000000, 0.8660254037844387100, 1.000000000000000000, 0.8660254037844387100, 1.000000000000000000, 0.8660254037844387100, 1.000000000000000000, 0.8660254037844387100, 1.000000000000000000, 0.8660254037844387100, 1.000000000000000000, 0.8660254037844387100, 1.000000000000000000, 0.8660254037844387100, 1.000000000000000000, 0.8660254037844387100, 1.000000000000000000, 0.8660254037844387100, 1.000000000000000000, 0.8660254037844387100, 1.000000000000000000, 0.8660254037844387100, 1.000000000000000000, 0.8660254037844387100, 1.000000000000000000, 0.8660254037844387100, 1.000000000000000000, 0.8660254037844387100, 1.000000000000000000, 0.8660254037844387100, 1.000000000000000000, 0.8660254037844387100, 1.000000000000000000, 0.8660254037844387100, 1.000000000000000000, 0.8660254037844387100, 1.000000000000000000, 0.8660254037844387100, 1.000000000000000000, 0.8660254037844387100, 1.000000000000000000, 0.8660254037844387100, 1.000000000000000000, 0.8660254037844387100, 1.000000000000000000, 0.8660254037844387100, 1.000000000000000000, 0.8660254037844387100, 1.000000000000000000, 0.8660254037844387100, 1.000000000000000000, 0.8660254037844387100, 1.000000000000000000, 0.8660254037844387100, 1.000000000000000000, 0.8660254037844387100, 1.000000000000000000, 0.8660254037844387100, 1.000000000000000000, 0.8660254037844387100, 1.000000000000000000, 0.8660254037844387100, 1.000000000000000000, 0.8660254037844387100, 1.000000000000000000, 0.8660254037844387100, 1.000000000000000000),
 ( 1.000000000000000000, 0.8660254037844387100, 1.000000000000000000, 0.8660254037844387100, 1.000000000000000000, 0.8660254037844387100, 1.000000000000000000, 0.8660254037844387100, 1.000000000000000000, 0.8660254037844387100, 1.000000000000000000, 0.8660254037844387100, 1.000000000000000000, 0.8660254037844387100, 1.000000000000000000, 0.8660254037844387100, 1.000000000000000000, 0.8660254037844387100, 1.000000000000000000, 0.8660254037844387100, 1.000000000000000000, 0.8660254037844387100, 1.000000000000000000, 0.8660254037844387100, 1.000000000000000000, 0.8660254037844387100, 1.000000000000000000, 0.8660254037844387100, 1.000000000000000000, 0.8660254037844387100, 1.000000000000000000, 0.8660254037844387100, 1.000000000000000000, 0.8660254037844387100, 1.000000000000000000, 0.8660254037844387100, 1.000000000000000000, 0.8660254037844387100, 1.000000000000000000, 0.8660254037844387100, 1.000000000000000000, 0.8660254037844387100, 1.000000000000000000, 0.8660254037844387100, 1.000000000000000000, 0.8660254037844387100, 1.000000000000000000, 0.8660254037844387100, 1.000000000000000000, 0.8660254037844387100, 1.000000000000000000, 0.8660254037844387100, 1.000000000000000000, 0.8660254037844387100, 1.000000000000000000, 0.8660254037844387100, 1.000000000000000000, 0.8660254037844387100, 1.000000000000000000, 0.8660254037844387100, 1.000000000000000000, 0.8660254037844387100, 1.000000000000000000, 0.8660254037844387100, 1.000000000000000000, 0.8660254037844387100, 1.000000000000000000, 0.8660254037844387100, 1.000000000000000000, 0.8660254037844387100, 1.000000000000000000, 0.8660254037844387100, 1.000000000000000000, 0.8660254037844387100, 1.000000000000000000, 0.8660254037844387100, 1.000000000000000000, 0.8660254037844387100, 1.000000000000000000, 0.8660254037844387100, 1.000000000000000000, 0.8660254037844387100, 1.000000000000000000, 0.8660254037844387100, 1.000000000000000000, 0.8660254037844387100, 1.000000000000000000, 0.8660254037844387100, 1.000000000000000000, 0.8660254037844387100, 1.000000000000000000, 0.8660254037844387100, 1.000000000000000000, 0.8660254037844387100, 1.000000000000000000, 0.8660254037844387100, 1.000000000000000000, 0.8660254037844387100, 1.000000000000000000, 0.8660254037844387100, 1.000000000000000000, 0.8660254037844387100, 1.000000000000000000, 0.8660254037844387100, 1.000000000000000000, 0.8660254037844387100, 1.000000000000000000, 0.8660254037844387100, 1.000000000000000000) ) ) 
 REPRESENTATION_ITEM ( '' )  SURFACE ( )  );
#9161 =( BOUNDED_SURFACE ( )  B_SPLINE_SURFACE ( 1, 2, ( 
 ( #8528, #8523, #8531, #8532, #8533, #8534, #8535, #8536, #8537, #8538, #8539, #8540, #8541, #8542, #8543, #8544, #8545, #8546, #8547, #8548, #8549, #8550, #8551, #8552, #8553, #8554, #8555, #8556, #8557, #8558, #8559, #8560, #8561, #8562, #8563, #8564, #8565, #8566, #8567, #8568, #8569, #8570, #8571, #8572, #8573, #8574, #8575, #8576, #8577, #8578, #8579, #8580, #8581, #8582, #8583, #8584, #8585, #8586, #8587, #8588, #8589, #8590, #8591, #8592, #8593, #8594, #8595, #8596, #8597, #8598, #8599, #8600, #8601, #8602, #8603, #8604, #8605, #8606, #8607, #8608, #8609, #8610, #8611, #8612, #8613, #8614, #8615, #8616, #8617, #8618, #8619, #8620, #8621, #8622, #8623, #8624, #8625, #8626, #8627, #8628, #8629, #8630, #8631, #8632, #8633, #8634, #8635, #8636, #8637 ),
 ( #8638, #8639, #8640, #8641, #8642, #8643, #8644, #8645, #8646, #8647, #8648, #8649, #8650, #8651, #8652, #8653, #8654, #8655, #8656, #8657, #8658, #8659, #8660, #8661, #8662, #8663, #8664, #8665, #8666, #8667, #8668, #8669, #8670, #8671, #8672, #8673, #8674, #8675, #8676, #8677, #8678, #8679, #8680, #8681, #8682, #8683, #8684, #8685, #8686, #8687, #8688, #8689, #8690, #8691, #8692, #8693, #8694, #8695, #8696, #8697, #8698, #8699, #8700, #8701, #8702, #8703, #8704, #8705, #8706, #8707, #8708, #8709, #8710, #8711, #8712, #8713, #8714, #8715, #8716, #8717, #8718, #8719, #8720, #8721, #8722, #8723, #8724, #8725, #8726, #8727, #8728, #8729, #8730, #8731, #8732, #8733, #8734, #8735, #8736, #8737, #8738, #8739, #8740, #8741, #8742, #8743, #8744, #8745, #8746 ) ),
 .UNSPECIFIED., .F., .F., .F. ) 
 B_SPLINE_SURFACE_WITH_KNOTS ( ( 2, 2 ),
 ( 3, 2, 2, 2, 2, 2, 2, 2, 2, 2, 2, 2, 2, 2, 2, 2, 2, 2, 2, 2, 2, 2, 2, 2, 2, 2, 2, 2, 2, 2, 2, 2, 2, 2, 2, 2, 2, 2, 2, 2, 2, 2, 2, 2, 2, 2, 2, 2, 2, 2, 2, 2, 2, 2, 3 ),
 ( 0.0000000000000000000, 1.000000000000000000 ),
 ( 0.0000000000000000000, 0.01851851851851851700, 0.03703703703703703500, 0.05555555555555555200, 0.07407407407407407000, 0.09259259259259258700, 0.1111111111111111000, 0.1296296296296296200, 0.1481481481481481400, 0.1666666666666666600, 0.1851851851851851700, 0.2037037037037036900, 0.2222222222222222100, 0.2407407407407407300, 0.2592592592592592400, 0.2777777777777777900, 0.2962962962962962800, 0.3148148148148147700, 0.3333333333333333100, 0.3518518518518518600, 0.3703703703703703500, 0.3888888888888888400, 0.4074074074074073800, 0.4259259259259259300, 0.4444444444444444200, 0.4629629629629629100, 0.4814814814814814500, 0.5000000000000000000, 0.5185185185185184900, 0.5370370370370369800, 0.5555555555555555800, 0.5740740740740740700, 0.5925925925925925600, 0.6111111111111110500, 0.6296296296296295400, 0.6481481481481481400, 0.6666666666666666300, 0.6851851851851851200, 0.7037037037037037200, 0.7222222222222222100, 0.7407407407407407000, 0.7592592592592591900, 0.7777777777777776800, 0.7962962962962962800, 0.8148148148148147700, 0.8333333333333332600, 0.8518518518518518600, 0.8703703703703703500, 0.8888888888888888400, 0.9074074074074073300, 0.9259259259259258200, 0.9444444444444444200, 0.9629629629629629100, 0.9814814814814814000, 1.000000000000000000 ),
 .UNSPECIFIED. ) 
 GEOMETRIC_REPRESENTATION_ITEM ( )  RATIONAL_B_SPLINE_SURFACE ( (
 ( 1.000000000000000000, 0.8660254037844387100, 1.000000000000000000, 0.8660254037844387100, 1.000000000000000000, 0.8660254037844387100, 1.000000000000000000, 0.8660254037844387100, 1.000000000000000000, 0.8660254037844387100, 1.000000000000000000, 0.8660254037844387100, 1.000000000000000000, 0.8660254037844387100, 1.000000000000000000, 0.8660254037844387100, 1.000000000000000000, 0.8660254037844387100, 1.000000000000000000, 0.8660254037844387100, 1.000000000000000000, 0.8660254037844387100, 1.000000000000000000, 0.8660254037844387100, 1.000000000000000000, 0.8660254037844387100, 1.000000000000000000, 0.8660254037844387100, 1.000000000000000000, 0.8660254037844387100, 1.000000000000000000, 0.8660254037844387100, 1.000000000000000000, 0.8660254037844387100, 1.000000000000000000, 0.8660254037844387100, 1.000000000000000000, 0.8660254037844387100, 1.000000000000000000, 0.8660254037844387100, 1.000000000000000000, 0.8660254037844387100, 1.000000000000000000, 0.8660254037844387100, 1.000000000000000000, 0.8660254037844387100, 1.000000000000000000, 0.8660254037844387100, 1.000000000000000000, 0.8660254037844387100, 1.000000000000000000, 0.8660254037844387100, 1.000000000000000000, 0.8660254037844387100, 1.000000000000000000, 0.8660254037844387100, 1.000000000000000000, 0.8660254037844387100, 1.000000000000000000, 0.8660254037844387100, 1.000000000000000000, 0.8660254037844387100, 1.000000000000000000, 0.8660254037844387100, 1.000000000000000000, 0.8660254037844387100, 1.000000000000000000, 0.8660254037844387100, 1.000000000000000000, 0.8660254037844387100, 1.000000000000000000, 0.8660254037844387100, 1.000000000000000000, 0.8660254037844387100, 1.000000000000000000, 0.8660254037844387100, 1.000000000000000000, 0.8660254037844387100, 1.000000000000000000, 0.8660254037844387100, 1.000000000000000000, 0.8660254037844387100, 1.000000000000000000, 0.8660254037844387100, 1.000000000000000000, 0.8660254037844387100, 1.000000000000000000, 0.8660254037844387100, 1.000000000000000000, 0.8660254037844387100, 1.000000000000000000, 0.8660254037844387100, 1.000000000000000000, 0.8660254037844387100, 1.000000000000000000, 0.8660254037844387100, 1.000000000000000000, 0.8660254037844387100, 1.000000000000000000, 0.8660254037844387100, 1.000000000000000000, 0.8660254037844387100, 1.000000000000000000, 0.8660254037844387100, 1.000000000000000000, 0.8660254037844387100, 1.000000000000000000, 0.8660254037844387100, 1.000000000000000000),
 ( 1.000000000000000000, 0.8660254037844387100, 1.000000000000000000, 0.8660254037844387100, 1.000000000000000000, 0.8660254037844387100, 1.000000000000000000, 0.8660254037844387100, 1.000000000000000000, 0.8660254037844387100, 1.000000000000000000, 0.8660254037844387100, 1.000000000000000000, 0.8660254037844387100, 1.000000000000000000, 0.8660254037844387100, 1.000000000000000000, 0.8660254037844387100, 1.000000000000000000, 0.8660254037844387100, 1.000000000000000000, 0.8660254037844387100, 1.000000000000000000, 0.8660254037844387100, 1.000000000000000000, 0.8660254037844387100, 1.000000000000000000, 0.8660254037844387100, 1.000000000000000000, 0.8660254037844387100, 1.000000000000000000, 0.8660254037844387100, 1.000000000000000000, 0.8660254037844387100, 1.000000000000000000, 0.8660254037844387100, 1.000000000000000000, 0.8660254037844387100, 1.000000000000000000, 0.8660254037844387100, 1.000000000000000000, 0.8660254037844387100, 1.000000000000000000, 0.8660254037844387100, 1.000000000000000000, 0.8660254037844387100, 1.000000000000000000, 0.8660254037844387100, 1.000000000000000000, 0.8660254037844387100, 1.000000000000000000, 0.8660254037844387100, 1.000000000000000000, 0.8660254037844387100, 1.000000000000000000, 0.8660254037844387100, 1.000000000000000000, 0.8660254037844387100, 1.000000000000000000, 0.8660254037844387100, 1.000000000000000000, 0.8660254037844387100, 1.000000000000000000, 0.8660254037844387100, 1.000000000000000000, 0.8660254037844387100, 1.000000000000000000, 0.8660254037844387100, 1.000000000000000000, 0.8660254037844387100, 1.000000000000000000, 0.8660254037844387100, 1.000000000000000000, 0.8660254037844387100, 1.000000000000000000, 0.8660254037844387100, 1.000000000000000000, 0.8660254037844387100, 1.000000000000000000, 0.8660254037844387100, 1.000000000000000000, 0.8660254037844387100, 1.000000000000000000, 0.8660254037844387100, 1.000000000000000000, 0.8660254037844387100, 1.000000000000000000, 0.8660254037844387100, 1.000000000000000000, 0.8660254037844387100, 1.000000000000000000, 0.8660254037844387100, 1.000000000000000000, 0.8660254037844387100, 1.000000000000000000, 0.8660254037844387100, 1.000000000000000000, 0.8660254037844387100, 1.000000000000000000, 0.8660254037844387100, 1.000000000000000000, 0.8660254037844387100, 1.000000000000000000, 0.8660254037844387100, 1.000000000000000000, 0.8660254037844387100, 1.000000000000000000, 0.8660254037844387100, 1.000000000000000000) ) ) 
 REPRESENTATION_ITEM ( '' )  SURFACE ( )  );
#9162 =( BOUNDED_SURFACE ( )  B_SPLINE_SURFACE ( 1, 2, ( 
 ( #8022, #8019, #8026, #8027, #8028, #8029, #8030, #8031, #8032, #8033, #8034, #8035, #8036, #8037, #8038, #8039, #8040, #8041, #8042, #8043, #8045, #8046, #8047, #8048, #8049, #8050, #8051, #8052, #8053, #8054, #8055, #8056, #8057, #8058, #8059, #8060, #8061, #8062, #8063, #8064, #8065, #8066, #8067, #8068, #8069, #8070, #8071, #8072, #8073, #8074, #8075, #8076, #8077, #8078, #8079, #8080, #8081, #8082, #8083, #8084, #8085, #8086, #8087, #8088, #8089, #8090, #8091, #8092, #8093, #8094, #8095, #8096, #8097, #8098, #8099, #8100, #8101, #8102, #8103, #8104, #8105, #8106, #8107, #8108, #8109, #8110, #8111, #8112, #8113, #8114, #8115, #8116, #8117, #8118, #8119, #8120, #8121 ),
 ( #8122, #8123, #8124, #8125, #8126, #8127, #8128, #8129, #8130, #8131, #8132, #8133, #8134, #8135, #8136, #8137, #8138, #8139, #8140, #8141, #8142, #8143, #8144, #8145, #8146, #8147, #8148, #8149, #8150, #8151, #8152, #8153, #8154, #8155, #8156, #8157, #8158, #8159, #8160, #8161, #8162, #8163, #8164, #8165, #8166, #8167, #8168, #8169, #8170, #8171, #8172, #8173, #8174, #8175, #8176, #8177, #8178, #8179, #8180, #8181, #8182, #8183, #8184, #8185, #8186, #8187, #8188, #8189, #8190, #8191, #8192, #8193, #8194, #8195, #8196, #8197, #8198, #8199, #8200, #8201, #8202, #8203, #8204, #8205, #8206, #8207, #8208, #8209, #8210, #8211, #8212, #8213, #8214, #8215, #8216, #8217, #8218 ) ),
 .UNSPECIFIED., .F., .F., .F. ) 
 B_SPLINE_SURFACE_WITH_KNOTS ( ( 2, 2 ),
 ( 3, 2, 2, 2, 2, 2, 2, 2, 2, 2, 2, 2, 2, 2, 2, 2, 2, 2, 2, 2, 2, 2, 2, 2, 2, 2, 2, 2, 2, 2, 2, 2, 2, 2, 2, 2, 2, 2, 2, 2, 2, 2, 2, 2, 2, 2, 2, 2, 3 ),
 ( 0.0000000000000000000, 1.000000000000000000 ),
 ( 0.0000000000000000000, 0.02083333333333333200, 0.04166666666666666400, 0.06250000000000000000, 0.08333333333333332900, 0.1041666666666666700, 0.1250000000000000000, 0.1458333333333333400, 0.1666666666666666600, 0.1875000000000000000, 0.2083333333333333400, 0.2291666666666666600, 0.2500000000000000000, 0.2708333333333333100, 0.2916666666666666900, 0.3125000000000000000, 0.3333333333333333100, 0.3541666666666666900, 0.3750000000000000000, 0.3958333333333333100, 0.4166666666666666900, 0.4375000000000000000, 0.4583333333333333100, 0.4791666666666666900, 0.5000000000000000000, 0.5208333333333333700, 0.5416666666666666300, 0.5625000000000000000, 0.5833333333333333700, 0.6041666666666666300, 0.6250000000000000000, 0.6458333333333333700, 0.6666666666666666300, 0.6875000000000000000, 0.7083333333333333700, 0.7291666666666666300, 0.7500000000000000000, 0.7708333333333333700, 0.7916666666666666300, 0.8125000000000000000, 0.8333333333333333700, 0.8541666666666666300, 0.8750000000000000000, 0.8958333333333333700, 0.9166666666666666300, 0.9375000000000000000, 0.9583333333333333700, 0.9791666666666666300, 1.000000000000000000 ),
 .UNSPECIFIED. ) 
 GEOMETRIC_REPRESENTATION_ITEM ( )  RATIONAL_B_SPLINE_SURFACE ( (
 ( 1.000000000000000000, 0.8660254037844387100, 1.000000000000000000, 0.8660254037844387100, 1.000000000000000000, 0.8660254037844387100, 1.000000000000000000, 0.8660254037844387100, 1.000000000000000000, 0.8660254037844387100, 1.000000000000000000, 0.8660254037844387100, 1.000000000000000000, 0.8660254037844387100, 1.000000000000000000, 0.8660254037844387100, 1.000000000000000000, 0.8660254037844387100, 1.000000000000000000, 0.8660254037844387100, 1.000000000000000000, 0.8660254037844387100, 1.000000000000000000, 0.8660254037844387100, 1.000000000000000000, 0.8660254037844387100, 1.000000000000000000, 0.8660254037844387100, 1.000000000000000000, 0.8660254037844387100, 1.000000000000000000, 0.8660254037844387100, 1.000000000000000000, 0.8660254037844387100, 1.000000000000000000, 0.8660254037844387100, 1.000000000000000000, 0.8660254037844387100, 1.000000000000000000, 0.8660254037844387100, 1.000000000000000000, 0.8660254037844387100, 1.000000000000000000, 0.8660254037844387100, 1.000000000000000000, 0.8660254037844387100, 1.000000000000000000, 0.8660254037844387100, 1.000000000000000000, 0.8660254037844387100, 1.000000000000000000, 0.8660254037844387100, 1.000000000000000000, 0.8660254037844387100, 1.000000000000000000, 0.8660254037844387100, 1.000000000000000000, 0.8660254037844387100, 1.000000000000000000, 0.8660254037844387100, 1.000000000000000000, 0.8660254037844387100, 1.000000000000000000, 0.8660254037844387100, 1.000000000000000000, 0.8660254037844387100, 1.000000000000000000, 0.8660254037844387100, 1.000000000000000000, 0.8660254037844387100, 1.000000000000000000, 0.8660254037844387100, 1.000000000000000000, 0.8660254037844387100, 1.000000000000000000, 0.8660254037844387100, 1.000000000000000000, 0.8660254037844387100, 1.000000000000000000, 0.8660254037844387100, 1.000000000000000000, 0.8660254037844387100, 1.000000000000000000, 0.8660254037844387100, 1.000000000000000000, 0.8660254037844387100, 1.000000000000000000, 0.8660254037844387100, 1.000000000000000000, 0.8660254037844387100, 1.000000000000000000, 0.8660254037844387100, 1.000000000000000000, 0.8660254037844387100, 1.000000000000000000, 0.8660254037844387100, 1.000000000000000000),
 ( 1.000000000000000000, 0.8660254037844387100, 1.000000000000000000, 0.8660254037844387100, 1.000000000000000000, 0.8660254037844387100, 1.000000000000000000, 0.8660254037844387100, 1.000000000000000000, 0.8660254037844387100, 1.000000000000000000, 0.8660254037844387100, 1.000000000000000000, 0.8660254037844387100, 1.000000000000000000, 0.8660254037844387100, 1.000000000000000000, 0.8660254037844387100, 1.000000000000000000, 0.8660254037844387100, 1.000000000000000000, 0.8660254037844387100, 1.000000000000000000, 0.8660254037844387100, 1.000000000000000000, 0.8660254037844387100, 1.000000000000000000, 0.8660254037844387100, 1.000000000000000000, 0.8660254037844387100, 1.000000000000000000, 0.8660254037844387100, 1.000000000000000000, 0.8660254037844387100, 1.000000000000000000, 0.8660254037844387100, 1.000000000000000000, 0.8660254037844387100, 1.000000000000000000, 0.8660254037844387100, 1.000000000000000000, 0.8660254037844387100, 1.000000000000000000, 0.8660254037844387100, 1.000000000000000000, 0.8660254037844387100, 1.000000000000000000, 0.8660254037844387100, 1.000000000000000000, 0.8660254037844387100, 1.000000000000000000, 0.8660254037844387100, 1.000000000000000000, 0.8660254037844387100, 1.000000000000000000, 0.8660254037844387100, 1.000000000000000000, 0.8660254037844387100, 1.000000000000000000, 0.8660254037844387100, 1.000000000000000000, 0.8660254037844387100, 1.000000000000000000, 0.8660254037844387100, 1.000000000000000000, 0.8660254037844387100, 1.000000000000000000, 0.8660254037844387100, 1.000000000000000000, 0.8660254037844387100, 1.000000000000000000, 0.8660254037844387100, 1.000000000000000000, 0.8660254037844387100, 1.000000000000000000, 0.8660254037844387100, 1.000000000000000000, 0.8660254037844387100, 1.000000000000000000, 0.8660254037844387100, 1.000000000000000000, 0.8660254037844387100, 1.000000000000000000, 0.8660254037844387100, 1.000000000000000000, 0.8660254037844387100, 1.000000000000000000, 0.8660254037844387100, 1.000000000000000000, 0.8660254037844387100, 1.000000000000000000, 0.8660254037844387100, 1.000000000000000000, 0.8660254037844387100, 1.000000000000000000, 0.8660254037844387100, 1.000000000000000000) ) ) 
 REPRESENTATION_ITEM ( '' )  SURFACE ( )  );
#9163 =( BOUNDED_CURVE ( )  B_SPLINE_CURVE ( 3, ( #7941, #7942, #7948, #7949 ),
 .UNSPECIFIED., .F., .F. ) 
 B_SPLINE_CURVE_WITH_KNOTS ( ( 4, 4 ),
 ( 1.468139051854147700, 3.141592653589793100 ),
 .UNSPECIFIED. ) 
 CURVE ( )  GEOMETRIC_REPRESENTATION_ITEM ( )  RATIONAL_B_SPLINE_CURVE ( ( 1.000000000000000000, 0.7799310741092278000, 0.7799310741092278000, 1.000000000000000000 ) ) 
 REPRESENTATION_ITEM ( '' )  );
#9164 = B_SPLINE_CURVE_WITH_KNOTS ( 'NONE', 3,
 ( #5017, #5018, #5023, #5024, #5025, #5026, #5027, #5028, #5029, #5030, #5031, #5032, #5033, #5034, #5035, #5036, #5037, #5038, #5039, #5040, #5041, #5042, #5043, #5044 ),
 .UNSPECIFIED., .F., .F.,
 ( 4, 2, 2, 2, 2, 2, 2, 2, 2, 2, 2, 4 ),
 ( 0.004041106337923511300, 0.004293311285180311800, 0.004545516232437112400, 0.005049926126950717000, 0.005302131074207518500, 0.005554336021464319000, 0.006058745915977921000, 0.006310950863234722500, 0.006563155810491523100, 0.007067565705005126800, 0.007571975599518730600, 0.008076385494032334300 ),
 .UNSPECIFIED. ) ;
#9165 = B_SPLINE_CURVE_WITH_KNOTS ( 'NONE', 1,
 ( #4928, #4927 ),
 .UNSPECIFIED., .F., .F.,
 ( 2, 2 ),
 ( 0.0000000000000000000, 1.000000000000000000 ),
 .UNSPECIFIED. ) ;
#9166 = B_SPLINE_CURVE_WITH_KNOTS ( 'NONE', 3,
 ( #4908, #4909, #4929, #4930, #4931, #4932, #4933, #4934, #4935, #4936, #4937, #4938, #4939, #4940, #4941, #4942, #4943, #4944 ),
 .UNSPECIFIED., .F., .F.,
 ( 4, 2, 2, 2, 2, 2, 2, 2, 4 ),
 ( 0.0000000000000000000, 0.06252942214072279600, 0.1250588442814455900, 0.1875882664221684100, 0.2501176885628911300, 0.3126471107036139000, 0.3751765328443367200, 0.4377059549850595400, 0.5002353771257822500 ),
 .UNSPECIFIED. ) ;
#9167 = B_SPLINE_CURVE_WITH_KNOTS ( 'NONE', 3,
 ( #4906, #4907, #4910, #4911, #4912, #4913, #4914, #4915, #4916, #4917, #4918, #4919, #4920, #4921, #4922, #4923, #4924, #4925, #4926 ),
 .UNSPECIFIED., .F., .F.,
 ( 4, 2, 2, 2, 2, 1, 2, 2, 2, 4 ),
 ( 0.5000000000000000000, 0.6249999999999995600, 0.7499999999999991100, 0.8124999999999988900, 0.8437499999999988900, 0.8593749999999987800, 0.8671874999999988900, 0.8749999999999988900, 0.9374999999999994400, 1.000000000000000000 ),
 .UNSPECIFIED. ) ;
#9168 = B_SPLINE_CURVE_WITH_KNOTS ( 'NONE', 1,
 ( #4885, #4884 ),
 .UNSPECIFIED., .F., .F.,
 ( 2, 2 ),
 ( 0.0000000000000000000, 1.000000000000000000 ),
 .UNSPECIFIED. ) ;
#9169 = B_SPLINE_CURVE_WITH_KNOTS ( 'NONE', 3,
 ( #4880, #4883, #4886, #4887, #4888, #4889, #4890, #4891, #4892, #4893, #4894, #4895, #4896, #4897, #4898, #4899, #4900, #4901, #4902, #4903 ),
 .UNSPECIFIED., .F., .F.,
 ( 4, 2, 2, 2, 2, 2, 2, 2, 2, 4 ),
 ( 0.5002353771257822500, 0.5627059549850594900, 0.5939412439146981600, 0.6251765328443367200, 0.6876471107036139500, 0.7501176885628910700, 0.8125882664221684100, 0.8750588442814455400, 0.9375294221407227700, 1.000000000000000000 ),
 .UNSPECIFIED. ) ;
#9170 = B_SPLINE_CURVE_WITH_KNOTS ( 'NONE', 3,
 ( #4802, #4807, #4813, #4814, #4815, #4816, #4817, #4818, #4819, #4820, #4821, #4822, #4823, #4824, #4825, #4826, #4827, #4828, #4829, #4830, #4831, #4832, #4833, #4834 ),
 .UNSPECIFIED., .F., .F.,
 ( 4, 2, 2, 2, 2, 2, 2, 2, 2, 2, 2, 4 ),
 ( 0.01583745320036197100, 0.01860684446766409900, 0.02137623573496622400, 0.02414562700226835200, 0.02691501826957047600, 0.02829971390322153600, 0.02968440953687259700, 0.03106910517052365700, 0.03245380080417471800, 0.03383849643782577800, 0.03522319207147683900, 0.03799258333877896000 ),
 .UNSPECIFIED. ) ;
#9171 =( BOUNDED_CURVE ( )  B_SPLINE_CURVE ( 2, ( #4717, #4718, #4723, #4724, #4725, #4726, #4727 ),
 .UNSPECIFIED., .F., .F. ) 
 B_SPLINE_CURVE_WITH_KNOTS ( ( 3, 2, 2, 3 ),
 ( 0.5625000000000000000, 0.5833333333333333700, 0.6041666666666666300, 0.6250000000000000000 ),
 .UNSPECIFIED. ) 
 CURVE ( )  GEOMETRIC_REPRESENTATION_ITEM ( )  RATIONAL_B_SPLINE_CURVE ( ( 1.000000000000000000, 0.8660254037844387100, 1.000000000000000000, 0.8660254037844387100, 1.000000000000000000, 0.8660254037844387100, 1.000000000000000000 ) ) 
 REPRESENTATION_ITEM ( '' )  );
#9172 =( BOUNDED_CURVE ( )  B_SPLINE_CURVE ( 2, ( #4703, #4702, #4710, #4711, #4712, #4713, #4714 ),
 .UNSPECIFIED., .F., .T. ) 
 B_SPLINE_CURVE_WITH_KNOTS ( ( 3, 2, 2, 3 ),
 ( 0.4375000000000000000, 0.4583333333333333100, 0.4791666666666666900, 0.5000000000000000000 ),
 .UNSPECIFIED. ) 
 CURVE ( )  GEOMETRIC_REPRESENTATION_ITEM ( )  RATIONAL_B_SPLINE_CURVE ( ( 1.000000000000000000, 0.8660254037844387100, 1.000000000000000000, 0.8660254037844387100, 1.000000000000000000, 0.8660254037844387100, 1.000000000000000000 ) ) 
 REPRESENTATION_ITEM ( '' )  );
#9173 =( BOUNDED_CURVE ( )  B_SPLINE_CURVE ( 2, ( #4697, #4698, #4704, #4705, #4706, #4707, #4708 ),
 .UNSPECIFIED., .F., .F. ) 
 B_SPLINE_CURVE_WITH_KNOTS ( ( 3, 2, 2, 3 ),
 ( 0.6875000000000000000, 0.7083333333333333700, 0.7291666666666666300, 0.7500000000000000000 ),
 .UNSPECIFIED. ) 
 CURVE ( )  GEOMETRIC_REPRESENTATION_ITEM ( )  RATIONAL_B_SPLINE_CURVE ( ( 1.000000000000000000, 0.8660254037844387100, 1.000000000000000000, 0.8660254037844387100, 1.000000000000000000, 0.8660254037844387100, 1.000000000000000000 ) ) 
 REPRESENTATION_ITEM ( '' )  );
#9174 =( BOUNDED_CURVE ( )  B_SPLINE_CURVE ( 2, ( #4686, #4687, #4692, #4693, #4694, #4695, #4696 ),
 .UNSPECIFIED., .F., .F. ) 
 B_SPLINE_CURVE_WITH_KNOTS ( ( 3, 2, 2, 3 ),
 ( 0.8125000000000000000, 0.8333333333333333700, 0.8541666666666666300, 0.8750000000000000000 ),
 .UNSPECIFIED. ) 
 CURVE ( )  GEOMETRIC_REPRESENTATION_ITEM ( )  RATIONAL_B_SPLINE_CURVE ( ( 1.000000000000000000, 0.8660254037844387100, 1.000000000000000000, 0.8660254037844387100, 1.000000000000000000, 0.8660254037844387100, 1.000000000000000000 ) ) 
 REPRESENTATION_ITEM ( '' )  );
#9175 =( BOUNDED_CURVE ( )  B_SPLINE_CURVE ( 2, ( #4604, #4605, #4613, #4614, #4615, #4616, #4617 ),
 .UNSPECIFIED., .F., .F. ) 
 B_SPLINE_CURVE_WITH_KNOTS ( ( 3, 2, 2, 3 ),
 ( 0.7500000000000000000, 0.7708333333333333700, 0.7916666666666666300, 0.8125000000000000000 ),
 .UNSPECIFIED. ) 
 CURVE ( )  GEOMETRIC_REPRESENTATION_ITEM ( )  RATIONAL_B_SPLINE_CURVE ( ( 1.000000000000000000, 0.8660254037844387100, 1.000000000000000000, 0.8660254037844387100, 1.000000000000000000, 0.8660254037844387100, 1.000000000000000000 ) ) 
 REPRESENTATION_ITEM ( '' )  );
#9176 =( BOUNDED_CURVE ( )  B_SPLINE_CURVE ( 2, ( #4672, #4671, #4679, #4680, #4681, #4682, #4683 ),
 .UNSPECIFIED., .F., .T. ) 
 B_SPLINE_CURVE_WITH_KNOTS ( ( 3, 2, 2, 3 ),
 ( 0.8750000000000000000, 0.8958333333333333700, 0.9166666666666666300, 0.9375000000000000000 ),
 .UNSPECIFIED. ) 
 CURVE ( )  GEOMETRIC_REPRESENTATION_ITEM ( )  RATIONAL_B_SPLINE_CURVE ( ( 1.000000000000000000, 0.8660254037844387100, 1.000000000000000000, 0.8660254037844387100, 1.000000000000000000, 0.8660254037844387100, 1.000000000000000000 ) ) 
 REPRESENTATION_ITEM ( '' )  );
#9177 =( BOUNDED_CURVE ( )  B_SPLINE_CURVE ( 2, ( #4665, #4664, #4673, #4674, #4675, #4676, #4677 ),
 .UNSPECIFIED., .F., .F. ) 
 B_SPLINE_CURVE_WITH_KNOTS ( ( 3, 2, 2, 3 ),
 ( 0.8125000000000000000, 0.8333333333333333700, 0.8541666666666666300, 0.8750000000000000000 ),
 .UNSPECIFIED. ) 
 CURVE ( )  GEOMETRIC_REPRESENTATION_ITEM ( )  RATIONAL_B_SPLINE_CURVE ( ( 1.000000000000000000, 0.8660254037844387100, 1.000000000000000000, 0.8660254037844387100, 1.000000000000000000, 0.8660254037844387100, 1.000000000000000000 ) ) 
 REPRESENTATION_ITEM ( '' )  );
#9178 =( BOUNDED_CURVE ( )  B_SPLINE_CURVE ( 2, ( #4655, #4656, #4666, #4667, #4668, #4669, #4670 ),
 .UNSPECIFIED., .F., .T. ) 
 B_SPLINE_CURVE_WITH_KNOTS ( ( 3, 2, 2, 3 ),
 ( 0.6875000000000000000, 0.7083333333333333700, 0.7291666666666666300, 0.7500000000000000000 ),
 .UNSPECIFIED. ) 
 CURVE ( )  GEOMETRIC_REPRESENTATION_ITEM ( )  RATIONAL_B_SPLINE_CURVE ( ( 1.000000000000000000, 0.8660254037844387100, 1.000000000000000000, 0.8660254037844387100, 1.000000000000000000, 0.8660254037844387100, 1.000000000000000000 ) ) 
 REPRESENTATION_ITEM ( '' )  );
#9179 =( BOUNDED_CURVE ( )  B_SPLINE_CURVE ( 2, ( #4653, #4629, #4657, #4658, #4659, #4660, #4661 ),
 .UNSPECIFIED., .F., .F. ) 
 B_SPLINE_CURVE_WITH_KNOTS ( ( 3, 2, 2, 3 ),
 ( 0.9375000000000000000, 0.9583333333333333700, 0.9791666666666666300, 0.9997129875030820200 ),
 .UNSPECIFIED. ) 
 CURVE ( )  GEOMETRIC_REPRESENTATION_ITEM ( )  RATIONAL_B_SPLINE_CURVE ( ( 1.000000000000000000, 0.8660254037844387100, 1.000000000000000000, 0.8660254037844387100, 1.000000000000000000, 0.8678711181868422600, 0.9963594265327191400 ) ) 
 REPRESENTATION_ITEM ( '' )  );
#9180 =( BOUNDED_CURVE ( )  B_SPLINE_CURVE ( 2, ( #4638, #4639, #4643, #4644, #4645, #4646, #4647 ),
 .UNSPECIFIED., .F., .T. ) 
 B_SPLINE_CURVE_WITH_KNOTS ( ( 3, 2, 2, 3 ),
 ( 0.6250000000000000000, 0.6458333333333333700, 0.6666666666666666300, 0.6875000000000000000 ),
 .UNSPECIFIED. ) 
 CURVE ( )  GEOMETRIC_REPRESENTATION_ITEM ( )  RATIONAL_B_SPLINE_CURVE ( ( 1.000000000000000000, 0.8660254037844387100, 1.000000000000000000, 0.8660254037844387100, 1.000000000000000000, 0.8660254037844387100, 1.000000000000000000 ) ) 
 REPRESENTATION_ITEM ( '' )  );
#9181 =( BOUNDED_CURVE ( )  B_SPLINE_CURVE ( 2, ( #4626, #4624, #4630, #4631, #4632, #4633, #4634 ),
 .UNSPECIFIED., .F., .F. ) 
 B_SPLINE_CURVE_WITH_KNOTS ( ( 3, 2, 2, 3 ),
 ( 0.5000000000000000000, 0.5208333333333333700, 0.5416666666666666300, 0.5625000000000000000 ),
 .UNSPECIFIED. ) 
 CURVE ( )  GEOMETRIC_REPRESENTATION_ITEM ( )  RATIONAL_B_SPLINE_CURVE ( ( 1.000000000000000000, 0.8660254037844387100, 1.000000000000000000, 0.8660254037844387100, 1.000000000000000000, 0.8660254037844387100, 1.000000000000000000 ) ) 
 REPRESENTATION_ITEM ( '' )  );
#9182 = B_SPLINE_CURVE_WITH_KNOTS ( 'NONE', 3,
 ( #4418, #4413, #4421, #4422, #4423 ),
 .UNSPECIFIED., .F., .F.,
 ( 4, 1, 4 ),
 ( 1.238270791580587800E-006, 0.002462132417235080800, 0.004923026563678580900 ),
 .UNSPECIFIED. ) ;
#9183 = B_SPLINE_CURVE_WITH_KNOTS ( 'NONE', 3,
 ( #4499, #4488, #4501, #4502 ),
 .UNSPECIFIED., .F., .F.,
 ( 4, 4 ),
 ( 2.144363552394902500E-006, 0.004923932656439321100 ),
 .UNSPECIFIED. ) ;
#9184 =( BOUNDED_CURVE ( )  B_SPLINE_CURVE ( 2, ( #4562, #4557, #4564, #4565, #4566, #4567, #4568 ),
 .UNSPECIFIED., .F., .F. ) 
 B_SPLINE_CURVE_WITH_KNOTS ( ( 3, 2, 2, 3 ),
 ( 0.7500000000000000000, 0.7708333333333333700, 0.7916666666666666300, 0.8125000000000000000 ),
 .UNSPECIFIED. ) 
 CURVE ( )  GEOMETRIC_REPRESENTATION_ITEM ( )  RATIONAL_B_SPLINE_CURVE ( ( 1.000000000000000000, 0.8660254037844387100, 1.000000000000000000, 0.8660254037844387100, 1.000000000000000000, 0.8660254037844387100, 1.000000000000000000 ) ) 
 REPRESENTATION_ITEM ( '' )  );
#9185 =( BOUNDED_CURVE ( )  B_SPLINE_CURVE ( 2, ( #4432, #4433, #4437, #4438, #4439, #4440, #4441 ),
 .UNSPECIFIED., .F., .F. ) 
 B_SPLINE_CURVE_WITH_KNOTS ( ( 3, 2, 2, 3 ),
 ( 0.5625000000000000000, 0.5833333333333333700, 0.6041666666666666300, 0.6250000000000000000 ),
 .UNSPECIFIED. ) 
 CURVE ( )  GEOMETRIC_REPRESENTATION_ITEM ( )  RATIONAL_B_SPLINE_CURVE ( ( 1.000000000000000000, 0.8660254037844387100, 1.000000000000000000, 0.8660254037844387100, 1.000000000000000000, 0.8660254037844387100, 1.000000000000000000 ) ) 
 REPRESENTATION_ITEM ( '' )  );
#9186 =( BOUNDED_CURVE ( )  B_SPLINE_CURVE ( 2, ( #4578, #4572, #4581, #4582, #4583, #4584, #4585 ),
 .UNSPECIFIED., .F., .T. ) 
 B_SPLINE_CURVE_WITH_KNOTS ( ( 3, 2, 2, 3 ),
 ( 0.6250000000000000000, 0.6458333333333333700, 0.6666666666666666300, 0.6875000000000000000 ),
 .UNSPECIFIED. ) 
 CURVE ( )  GEOMETRIC_REPRESENTATION_ITEM ( )  RATIONAL_B_SPLINE_CURVE ( ( 1.000000000000000000, 0.8660254037844387100, 1.000000000000000000, 0.8660254037844387100, 1.000000000000000000, 0.8660254037844387100, 1.000000000000000000 ) ) 
 REPRESENTATION_ITEM ( '' )  );
#9187 = B_SPLINE_CURVE_WITH_KNOTS ( 'NONE', 3,
 ( #6959, #6960, #6965, #6966, #6967, #6968, #6969, #6970, #6971, #6972, #6973, #6974, #6975, #6976, #6977, #6978, #6979, #6980 ),
 .UNSPECIFIED., .F., .F.,
 ( 4, 2, 2, 2, 2, 2, 2, 2, 4 ),
 ( 8.673617379884035500E-019, 0.002250559587629519300, 0.004501119175259037800, 0.006751678762888555800, 0.009002238350518075600, 0.01125279793814759300, 0.01350335752577711000, 0.01575391711340663100, 0.01800447670103615100 ),
 .UNSPECIFIED. ) ;
#9188 = B_SPLINE_CURVE_WITH_KNOTS ( 'NONE', 3,
 ( #4487, #4483, #4490, #4491, #4492, #4493, #4494, #4495, #4496, #4497 ),
 .UNSPECIFIED., .F., .F.,
 ( 4, 2, 2, 2, 4 ),
 ( 0.0000000000000000000, 0.0004508030992133233200, 0.0009016061984266466400, 0.001352409297639970300, 0.001803212396853294200 ),
 .UNSPECIFIED. ) ;
#9189 = CARTESIAN_POINT ( 'NONE',  ( 13.14449999999999400, 1.504043304207010500E-016, 4.317999999999998700 ) ) ;
#9190 = CARTESIAN_POINT ( 'NONE',  ( 6.677577361050556000, 0.0000000000000000000, -8.147740186254983600 ) ) ;
#9191 = DIRECTION ( 'NONE',  ( 0.0000000000000000000, -1.000000000000000000, 0.0000000000000000000 ) ) ;
#9192 = CARTESIAN_POINT ( 'NONE',  ( 13.14449999999999900, 3.522058159910877300, 3.070756894402368000 ) ) ;
#9193 = ADVANCED_FACE ( 'NONE', ( #2053 ), #7955, .F. ) ;
#9194 = ADVANCED_FACE ( 'NONE', ( #2065 ), #2071, .F. ) ;
#9195 = ADVANCED_FACE ( 'NONE', ( #2069 ), #7964, .T. ) ;
#9196 = ADVANCED_FACE ( 'NONE', ( #2068 ), #2075, .F. ) ;
#9197 = ADVANCED_FACE ( 'NONE', ( #2073 ), #7971, .F. ) ;
#9198 = ADVANCED_FACE ( 'NONE', ( #2070, #2077 ), #7973, .T. ) ;
#9199 = ADVANCED_FACE ( 'NONE', ( #2076 ), #2080, .F. ) ;
#9200 = ADVANCED_FACE ( 'NONE', ( #2078 ), #2083, .F. ) ;
#9201 = ADVANCED_FACE ( 'NONE', ( #2074 ), #2086, .F. ) ;
#9202 = ADVANCED_FACE ( 'NONE', ( #2067 ), #2088, .F. ) ;
#9203 = ADVANCED_FACE ( 'NONE', ( #2079 ), #2090, .F. ) ;
#9204 = ADVANCED_FACE ( 'NONE', ( #2081 ), #2092, .F. ) ;
#9205 = ADVANCED_FACE ( 'NONE', ( #2084 ), #2094, .F. ) ;
#9206 = ADVANCED_FACE ( 'NONE', ( #2087 ), #8000, .F. ) ;
#9207 = ADVANCED_FACE ( 'NONE', ( #2091 ), #8005, .T. ) ;
#9208 = ADVANCED_FACE ( 'NONE', ( #2089 ), #2098, .T. ) ;
#9209 = ADVANCED_FACE ( 'NONE', ( #2096 ), #2100, .T. ) ;
#9210 = ADVANCED_FACE ( 'NONE', ( #2095 ), #2101, .F. ) ;
#9211 = ADVANCED_FACE ( 'NONE', ( #2093 ), #2103, .T. ) ;
#9212 = ADVANCED_FACE ( 'NONE', ( #2097 ), #9162, .T. ) ;
#9213 = ADVANCED_FACE ( 'NONE', ( #2106 ), #2107, .F. ) ;
#9214 = ADVANCED_FACE ( 'NONE', ( #2105 ), #2110, .F. ) ;
#9215 = ADVANCED_FACE ( 'NONE', ( #2102 ), #2116, .F. ) ;
#9216 = ADVANCED_FACE ( 'NONE', ( #2104, #2109 ), #8228, .F. ) ;
#9217 = ADVANCED_FACE ( 'NONE', ( #2099 ), #8232, .F. ) ;
#9218 = ADVANCED_FACE ( 'NONE', ( #2115 ), #2119, .F. ) ;
#9219 = ADVANCED_FACE ( 'NONE', ( #2117 ), #8238, .F. ) ;
#9220 = ADVANCED_FACE ( 'NONE', ( #2114 ), #8243, .F. ) ;
#9221 = ADVANCED_FACE ( 'NONE', ( #2112 ), #9416, .T. ) ;
#9222 = ADVANCED_FACE ( 'NONE', ( #2120 ), #2124, .F. ) ;
#9223 = ADVANCED_FACE ( 'NONE', ( #2123 ), #2126, .F. ) ;
#9224 = ADVANCED_FACE ( 'NONE', ( #2118 ), #2121, .T. ) ;
#9225 = ADVANCED_FACE ( 'NONE', ( #2129 ), #2131, .T. ) ;
#9226 = ADVANCED_FACE ( 'NONE', ( #2127 ), #8294, .F. ) ;
#9227 = ADVANCED_FACE ( 'NONE', ( #2125 ), #2136, .F. ) ;
#9228 = ADVANCED_FACE ( 'NONE', ( #2132 ), #2130, .T. ) ;
#9229 = ADVANCED_FACE ( 'NONE', ( #2138 ), #2140, .T. ) ;
#9230 = ADVANCED_FACE ( 'NONE', ( #2137, #2142 ), #8308, .F. ) ;
#9231 = ADVANCED_FACE ( 'NONE', ( #2122 ), #2149, .F. ) ;
#9232 = ADVANCED_FACE ( 'NONE', ( #2144 ), #2134, .T. ) ;
#9233 = ADVANCED_FACE ( 'NONE', ( #2139 ), #2148, .T. ) ;
#9234 = ADVANCED_FACE ( 'NONE', ( #2151 ), #2154, .T. ) ;
#9235 = ADVANCED_FACE ( 'NONE', ( #2150 ), #8323, .T. ) ;
#9236 = ADVANCED_FACE ( 'NONE', ( #2145 ), #2158, .F. ) ;
#9237 = ADVANCED_FACE ( 'NONE', ( #2155 ), #2161, .F. ) ;
#9238 = ADVANCED_FACE ( 'NONE', ( #2147 ), #8333, .F. ) ;
#9239 = ADVANCED_FACE ( 'NONE', ( #2157 ), #8338, .F. ) ;
#9240 = ADVANCED_FACE ( 'NONE', ( #2153 ), #2166, .F. ) ;
#9241 = ADVANCED_FACE ( 'NONE', ( #2163 ), #2168, .F. ) ;
#9242 = ADVANCED_FACE ( 'NONE', ( #2162, #2169 ), #8348, .T. ) ;
#9243 = ADVANCED_FACE ( 'NONE', ( #2159 ), #8352, .F. ) ;
#9244 = ADVANCED_FACE ( 'NONE', ( #2167, #2172 ), #8353, .T. ) ;
#9245 = ADVANCED_FACE ( 'NONE', ( #2171 ), #2175, .T. ) ;
#9246 = ADVANCED_FACE ( 'NONE', ( #2173 ), #2170, .T. ) ;
#9247 = ADVANCED_FACE ( 'NONE', ( #2178 ), #2183, .F. ) ;
#9248 = ADVANCED_FACE ( 'NONE', ( #2177 ), #8368, .F. ) ;
#9249 = ADVANCED_FACE ( 'NONE', ( #2181 ), #2184, .T. ) ;
#9250 = ADVANCED_FACE ( 'NONE', ( #2180 ), #2186, .F. ) ;
#9251 = ADVANCED_FACE ( 'NONE', ( #2165 ), #2188, .F. ) ;
#9252 = ADVANCED_FACE ( 'NONE', ( #2182 ), #2190, .T. ) ;
#9253 = ADVANCED_FACE ( 'NONE', ( #2174 ), #2192, .F. ) ;
#9254 = ADVANCED_FACE ( 'NONE', ( #2185, #2193 ), #8388, .T. ) ;
#9255 = ADVANCED_FACE ( 'NONE', ( #2187 ), #2196, .T. ) ;
#9256 = ADVANCED_FACE ( 'NONE', ( #2194 ), #2198, .T. ) ;
#9257 = ADVANCED_FACE ( 'NONE', ( #2191 ), #2200, .F. ) ;
#9258 = ADVANCED_FACE ( 'NONE', ( #2189 ), #8400, .T. ) ;
#9259 = ADVANCED_FACE ( 'NONE', ( #2197 ), #8405, .T. ) ;
#9260 = ADVANCED_FACE ( 'NONE', ( #2195 ), #2208, .F. ) ;
#9261 = ADVANCED_FACE ( 'NONE', ( #2203 ), #2199, .F. ) ;
#9262 = ADVANCED_FACE ( 'NONE', ( #2201 ), #2210, .F. ) ;
#9263 = ADVANCED_FACE ( 'NONE', ( #2206 ), #2214, .T. ) ;
#9264 = ADVANCED_FACE ( 'NONE', ( #2207 ), #2209, .F. ) ;
#9265 = ADVANCED_FACE ( 'NONE', ( #2205 ), #2218, .F. ) ;
#9266 = ADVANCED_FACE ( 'NONE', ( #2212 ), #8426, .F. ) ;
#9267 = ADVANCED_FACE ( 'NONE', ( #2216 ), #2219, .T. ) ;
#9268 = ADVANCED_FACE ( 'NONE', ( #2215 ), #2221, .F. ) ;
#9269 = ADVANCED_FACE ( 'NONE', ( #2213 ), #2225, .F. ) ;
#9270 = ADVANCED_FACE ( 'NONE', ( #2217 ), #2220, .F. ) ;
#9271 = ADVANCED_FACE ( 'NONE', ( #2211 ), #2227, .F. ) ;
#9272 = ADVANCED_FACE ( 'NONE', ( #2223 ), #2229, .F. ) ;
#9273 = ADVANCED_FACE ( 'NONE', ( #2224 ), #2231, .F. ) ;
#9274 = ADVANCED_FACE ( 'NONE', ( #2222 ), #2233, .F. ) ;
#9275 = ADVANCED_FACE ( 'NONE', ( #2226, #2234, #2230, #2228, #2232, #2235, #2236, #2237, #2238, #2239 ), #8454, .F. ) ;
#9276 = ADVANCED_FACE ( 'NONE', ( #2240 ), #8459, .F. ) ;
#9277 = ADVANCED_FACE ( 'NONE', ( #2241 ), #2246, .F. ) ;
#9278 = ADVANCED_FACE ( 'NONE', ( #2244 ), #2248, .F. ) ;
#9279 = ADVANCED_FACE ( 'NONE', ( #2243 ), #2255, .F. ) ;
#9280 = ADVANCED_FACE ( 'NONE', ( #2242 ), #2247, .F. ) ;
#9281 = ADVANCED_FACE ( 'NONE', ( #2245, #2256 ), #8475, .F. ) ;
#9282 = ADVANCED_FACE ( 'NONE', ( #2251, #2258 ), #8474, .F. ) ;
#9283 = ADVANCED_FACE ( 'NONE', ( #2257 ), #8483, .F. ) ;
#9284 = ADVANCED_FACE ( 'NONE', ( #2253 ), #8487, .F. ) ;
#9285 = ADVANCED_FACE ( 'NONE', ( #2260 ), #8491, .F. ) ;
#9286 = ADVANCED_FACE ( 'NONE', ( #2262 ), #8495, .F. ) ;
#9287 = ADVANCED_FACE ( 'NONE', ( #2263 ), #2267, .F. ) ;
#9288 = ADVANCED_FACE ( 'NONE', ( #2265 ), #2269, .F. ) ;
#9289 = ADVANCED_FACE ( 'NONE', ( #2264 ), #2271, .F. ) ;
#9290 = ADVANCED_FACE ( 'NONE', ( #2250 ), #8507, .F. ) ;
#9291 = ADVANCED_FACE ( 'NONE', ( #2268 ), #2274, .F. ) ;
#9292 = ADVANCED_FACE ( 'NONE', ( #2272 ), #8514, .T. ) ;
#9293 = ADVANCED_FACE ( 'NONE', ( #2270 ), #2276, .F. ) ;
#9294 = ADVANCED_FACE ( 'NONE', ( #2275 ), #8521, .F. ) ;
#9295 = ADVANCED_FACE ( 'NONE', ( #2273 ), #2278, .F. ) ;
#9296 = ADVANCED_FACE ( 'NONE', ( #2277 ), #9161, .F. ) ;
#9297 = ADVANCED_FACE ( 'NONE', ( #2281 ), #9160, .F. ) ;
#9298 = ADVANCED_FACE ( 'NONE', ( #2283 ), #8748, .F. ) ;
#9299 = ADVANCED_FACE ( 'NONE', ( #2279 ), #8969, .F. ) ;
#9300 = ADVANCED_FACE ( 'NONE', ( #2282 ), #2286, .F. ) ;
#9301 = ADVANCED_FACE ( 'NONE', ( #2284 ), #9415, .T. ) ;
#9302 = ADVANCED_FACE ( 'NONE', ( #2266, #2280 ), #9012, .T. ) ;
#9303 = ADVANCED_FACE ( 'NONE', ( #2288 ), #9016, .F. ) ;
#9304 = ADVANCED_FACE ( 'NONE', ( #2287 ), #2295, .T. ) ;
#9305 = ADVANCED_FACE ( 'NONE', ( #2290 ), #9022, .F. ) ;
#9306 = ADVANCED_FACE ( 'NONE', ( #2292 ), #2296, .F. ) ;
#9307 = ADVANCED_FACE ( 'NONE', ( #2291 ), #2298, .F. ) ;
#9308 = ADVANCED_FACE ( 'NONE', ( #2289 ), #2302, .T. ) ;
#9309 = ADVANCED_FACE ( 'NONE', ( #2294 ), #2297, .F. ) ;
#9310 = ADVANCED_FACE ( 'NONE', ( #2285 ), #2304, .F. ) ;
#9311 = ADVANCED_FACE ( 'NONE', ( #2300 ), #9041, .F. ) ;
#9312 = ADVANCED_FACE ( 'NONE', ( #2299 ), #2308, .F. ) ;
#9313 = ADVANCED_FACE ( 'NONE', ( #2305 ), #9048, .F. ) ;
#9314 = ADVANCED_FACE ( 'NONE', ( #2303, #2310 ), #9050, .T. ) ;
#9315 = ADVANCED_FACE ( 'NONE', ( #2309 ), #9057, .F. ) ;
#9316 = ADVANCED_FACE ( 'NONE', ( #2306 ), #9061, .T. ) ;
#9317 = ADVANCED_FACE ( 'NONE', ( #2311 ), #9065, .F. ) ;
#9318 = ADVANCED_FACE ( 'NONE', ( #2312 ), #2316, .T. ) ;
#9319 = ADVANCED_FACE ( 'NONE', ( #2314 ), #2318, .T. ) ;
#9320 = ADVANCED_FACE ( 'NONE', ( #2313 ), #2321, .T. ) ;
#9321 = ADVANCED_FACE ( 'NONE', ( #2301, #2322 ), #9078, .F. ) ;
#9322 = ADVANCED_FACE ( 'NONE', ( #2315 ), #2326, .T. ) ;
#9323 = ADVANCED_FACE ( 'NONE', ( #2323 ), #2328, .T. ) ;
#9324 = ADVANCED_FACE ( 'NONE', ( #2320 ), #2331, .T. ) ;
#9325 = ADVANCED_FACE ( 'NONE', ( #2317 ), #2333, .T. ) ;
#9326 = ADVANCED_FACE ( 'NONE', ( #2325, #2334 ), #9094, .F. ) ;
#9327 = ADVANCED_FACE ( 'NONE', ( #2327 ), #2337, .T. ) ;
#9328 = ADVANCED_FACE ( 'NONE', ( #2335, #2338 ), #9101, .T. ) ;
#9329 = ADVANCED_FACE ( 'NONE', ( #2332 ), #2343, .T. ) ;
#9330 = ADVANCED_FACE ( 'NONE', ( #2340 ), #2346, .F. ) ;
#9331 = ADVANCED_FACE ( 'NONE', ( #2336 ), #2349, .F. ) ;
#9332 = ADVANCED_FACE ( 'NONE', ( #2329, #2350 ), #9114, .T. ) ;
#9333 = ADVANCED_FACE ( 'NONE', ( #2341 ), #2354, .F. ) ;
#9334 = ADVANCED_FACE ( 'NONE', ( #2351 ), #2358, .T. ) ;
#9335 = ADVANCED_FACE ( 'NONE', ( #2348 ), #2360, .T. ) ;
#9336 = ADVANCED_FACE ( 'NONE', ( #2345 ), #2362, .T. ) ;
#9337 = ADVANCED_FACE ( 'NONE', ( #2356 ), #2359, .F. ) ;
#9338 = ADVANCED_FACE ( 'NONE', ( #2353 ), #2364, .T. ) ;
#9339 = ADVANCED_FACE ( 'NONE', ( #2357 ), #2366, .F. ) ;
#9340 = ADVANCED_FACE ( 'NONE', ( #2361 ), #2368, .T. ) ;
#9341 = ADVANCED_FACE ( 'NONE', ( #2355 ), #2370, .T. ) ;
#9342 = ADVANCED_FACE ( 'NONE', ( #2363 ), #2372, .F. ) ;
#9343 = ADVANCED_FACE ( 'NONE', ( #2365 ), #2374, .F. ) ;
#9344 = ADVANCED_FACE ( 'NONE', ( #2367 ), #573, .F. ) ;
#9345 = ADVANCED_FACE ( 'NONE', ( #2371 ), #578, .T. ) ;
#9346 = ADVANCED_FACE ( 'NONE', ( #2369 ), #2378, .T. ) ;
#9347 = ADVANCED_FACE ( 'NONE', ( #2376 ), #2380, .F. ) ;
#9348 = ADVANCED_FACE ( 'NONE', ( #2375 ), #2383, .F. ) ;
#9349 = ADVANCED_FACE ( 'NONE', ( #2373 ), #2385, .F. ) ;
#9350 = ADVANCED_FACE ( 'NONE', ( #2377, #2387 ), #594, .T. ) ;
#9351 = ADVANCED_FACE ( 'NONE', ( #2379 ), #2391, .F. ) ;
#9352 = ADVANCED_FACE ( 'NONE', ( #2388 ), #2394, .F. ) ;
#9353 = ADVANCED_FACE ( 'NONE', ( #2384 ), #603, .F. ) ;
#9354 = ADVANCED_FACE ( 'NONE', ( #2389 ), #2397, .F. ) ;
#9355 = ADVANCED_FACE ( 'NONE', ( #2395 ), #2399, .F. ) ;
#9356 = ADVANCED_FACE ( 'NONE', ( #2381 ), #2403, .F. ) ;
#9357 = ADVANCED_FACE ( 'NONE', ( #2392 ), #2398, .T. ) ;
#9358 = ADVANCED_FACE ( 'NONE', ( #2396 ), #2406, .T. ) ;
#9359 = ADVANCED_FACE ( 'NONE', ( #2401 ), #2408, .F. ) ;
#9360 = ADVANCED_FACE ( 'NONE', ( #2402 ), #2410, .F. ) ;
#9361 = ADVANCED_FACE ( 'NONE', ( #2400 ), #628, .F. ) ;
#9362 = ADVANCED_FACE ( 'NONE', ( #2407 ), #633, .F. ) ;
#9363 = ADVANCED_FACE ( 'NONE', ( #2404 ), #2415, .F. ) ;
#9364 = ADVANCED_FACE ( 'NONE', ( #2413 ), #2417, .T. ) ;
#9365 = ADVANCED_FACE ( 'NONE', ( #2411 ), #642, .F. ) ;
#9366 = ADVANCED_FACE ( 'NONE', ( #2414 ), #647, .F. ) ;
#9367 = ADVANCED_FACE ( 'NONE', ( #2409 ), #2418, .T. ) ;
#9368 = ADVANCED_FACE ( 'NONE', ( #2421 ), #652, .F. ) ;
#9369 = ADVANCED_FACE ( 'NONE', ( #2419 ), #658, .F. ) ;
#9370 = ADVANCED_FACE ( 'NONE', ( #2420 ), #662, .F. ) ;
#9371 = ADVANCED_FACE ( 'NONE', ( #2422 ), #666, .F. ) ;
#9372 = ADVANCED_FACE ( 'NONE', ( #2423 ), #670, .F. ) ;
#9373 = ADVANCED_FACE ( 'NONE', ( #2424 ), #674, .T. ) ;
#9374 = ADVANCED_FACE ( 'NONE', ( #2425 ), #2429, .T. ) ;
#9375 = ADVANCED_FACE ( 'NONE', ( #2427 ), #680, .F. ) ;
#9376 = ADVANCED_FACE ( 'NONE', ( #2416 ), #685, .F. ) ;
#9377 = ADVANCED_FACE ( 'NONE', ( #2426 ), #689, .F. ) ;
#9378 = ADVANCED_FACE ( 'NONE', ( #2430, #2433, #2431 ), #694, .F. ) ;
#9379 = ADVANCED_FACE ( 'NONE', ( #2432 ), #697, .F. ) ;
#9380 = ADVANCED_FACE ( 'NONE', ( #2428 ), #701, .F. ) ;
#9381 = ADVANCED_FACE ( 'NONE', ( #2435, #2438 ), #702, .T. ) ;
#9382 = ADVANCED_FACE ( 'NONE', ( #2437 ), #709, .F. ) ;
#9383 = ADVANCED_FACE ( 'NONE', ( #2434, #2441 ), #710, .T. ) ;
#9384 = ADVANCED_FACE ( 'NONE', ( #2440 ), #717, .F. ) ;
#9385 = ADVANCED_FACE ( 'NONE', ( #2436 ), #721, .T. ) ;
#9386 = ADVANCED_FACE ( 'NONE', ( #2442 ), #2448, .T. ) ;
#9387 = ADVANCED_FACE ( 'NONE', ( #2446 ), #2439, .T. ) ;
#9388 = ADVANCED_FACE ( 'NONE', ( #2451 ), #2454, .T. ) ;
#9389 = ADVANCED_FACE ( 'NONE', ( #2450 ), #2456, .F. ) ;
#9390 = ADVANCED_FACE ( 'NONE', ( #2444 ), #736, .F. ) ;
#9391 = ADVANCED_FACE ( 'NONE', ( #2453 ), #741, .F. ) ;
#9392 = ADVANCED_FACE ( 'NONE', ( #2447 ), #2461, .T. ) ;
#9393 = ADVANCED_FACE ( 'NONE', ( #2459 ), #747, .F. ) ;
#9394 = ADVANCED_FACE ( 'NONE', ( #2455 ), #752, .F. ) ;
#9395 = ADVANCED_FACE ( 'NONE', ( #2457 ), #2466, .F. ) ;
#9396 = ADVANCED_FACE ( 'NONE', ( #2463, #2467 ), #759, .F. ) ;
#9397 = ADVANCED_FACE ( 'NONE', ( #2462 ), #2470, .F. ) ;
#9398 = ADVANCED_FACE ( 'NONE', ( #2468 ), #2472, .F. ) ;
#9399 = ADVANCED_FACE ( 'NONE', ( #2464 ), #768, .F. ) ;
#9400 = ADVANCED_FACE ( 'NONE', ( #2469 ), #773, .F. ) ;
#9401 = ADVANCED_FACE ( 'NONE', ( #2460 ), #777, .F. ) ;
#9402 = ADVANCED_FACE ( 'NONE', ( #2473 ), #2478, .F. ) ;
#9403 = ADVANCED_FACE ( 'NONE', ( #2476 ), #2482, .F. ) ;
#9404 = ADVANCED_FACE ( 'NONE', ( #2475, #2477 ), #787, .F. ) ;
#9405 = ADVANCED_FACE ( 'NONE', ( #2471 ), #791, .T. ) ;
#9406 = ADVANCED_FACE ( 'NONE', ( #2481 ), #795, .F. ) ;
#9407 = ADVANCED_FACE ( 'NONE', ( #2479 ), #799, .F. ) ;
#9408 = ADVANCED_FACE ( 'NONE', ( #2483 ), #2487, .F. ) ;
#9409 = ADVANCED_FACE ( 'NONE', ( #2485 ), #805, .F. ) ;
#9410 = ADVANCED_FACE ( 'NONE', ( #2480 ), #2491, .F. ) ;
#9411 = ADVANCED_FACE ( 'NONE', ( #2488 ), #2486, .T. ) ;
#9412 = ADVANCED_FACE ( 'NONE', ( #2484 ), #2492, .F. ) ;
#9413 = ADVANCED_FACE ( 'NONE', ( #2490 ), #818, .T. ) ;
#9414 = ADVANCED_FACE ( 'NONE', ( #2489 ), #2493, .F. ) ;
#9415 = B_SPLINE_SURFACE_WITH_KNOTS ( 'NONE', 1, 3, ( 
 ( #8975, #8970, #8977, #8978, #8979, #8980, #8981, #8982, #8983, #8984, #8985, #8986, #8987, #8988, #8989, #8990, #8991, #8992 ),
 ( #8993, #8994, #8995, #8996, #8997, #8998, #8999, #9000, #9001, #9002, #9003, #9004, #9005, #9006, #9007, #9008, #9009, #9010 ) ),
 .UNSPECIFIED., .F., .T., .F.,
 ( 2, 2 ),
 ( 4, 2, 2, 2, 2, 2, 2, 2, 4 ),
 ( 0.0000000000000000000, 1.000000000000000000 ),
 ( 0.0004380212512914965400, 0.001945752926909816700, 0.003453484602528136900, 0.004961216278146457300, 0.006468947953764777300, 0.007976679629383098100, 0.009484411305001418100, 0.01099214298061973800, 0.01249987465623805800 ),
 .UNSPECIFIED. ) ;
#9416 = B_SPLINE_SURFACE_WITH_KNOTS ( 'NONE', 1, 3, ( 
 ( #8247, #8240, #8249, #8250, #8251, #8252, #8253, #8254, #8255, #8256, #8257, #8258, #8259, #8260, #8261, #8262, #8263, #8264 ),
 ( #8265, #8266, #8267, #8268, #8269, #8270, #8271, #8272, #8273, #8274, #8275, #8276, #8277, #8278, #8279, #8280, #8281, #8282 ) ),
 .UNSPECIFIED., .F., .T., .F.,
 ( 2, 2 ),
 ( 4, 2, 2, 2, 2, 2, 2, 2, 4 ),
 ( 0.0000000000000000000, 1.000000000000000000 ),
 ( 0.0004380212512914965400, 0.001945752926909816700, 0.003453484602528136900, 0.004961216278146457300, 0.006468947953764777300, 0.007976679629383098100, 0.009484411305001418100, 0.01099214298061973800, 0.01249987465623805800 ),
 .UNSPECIFIED. ) ;
#9417 = VECTOR ( 'NONE', #9453, 1000.000000000000100 ) ;
#9418 = VECTOR ( 'NONE', #10217, 1000.000000000000100 ) ;
#9419 = CIRCLE ( 'NONE', #6220, 0.9999999999999922300 ) ;
#9420 = LINE ( 'NONE', #9454, #9417 ) ;
#9421 = LINE ( 'NONE', #10388, #9448 ) ;
#9422 = VECTOR ( 'NONE', #10135, 999.9999999999998900 ) ;
#9423 = LINE ( 'NONE', #10137, #9426 ) ;
#9424 = VECTOR ( 'NONE', #9722, 1000.000000000000000 ) ;
#9425 = CIRCLE ( 'NONE', #6215, 1.000000000000000000 ) ;
#9426 = VECTOR ( 'NONE', #10132, 1000.000000000000100 ) ;
#9427 = VECTOR ( 'NONE', #10138, 1000.000000000000100 ) ;
#9428 = LINE ( 'NONE', #10385, #9433 ) ;
#9429 = LINE ( 'NONE', #10379, #9422 ) ;
#9430 = VECTOR ( 'NONE', #9675, 1000.000000000000000 ) ;
#9431 = CIRCLE ( 'NONE', #6214, 0.5000000000000022200 ) ;
#9432 = VECTOR ( 'NONE', #9758, 1000.000000000000000 ) ;
#9433 = VECTOR ( 'NONE', #10376, 1000.000000000000000 ) ;
#9434 = VECTOR ( 'NONE', #10378, 1000.000000000000000 ) ;
#9435 = CIRCLE ( 'NONE', #6217, 0.6249999999999987800 ) ;
#9436 = VECTOR ( 'NONE', #9854, 1000.000000000000000 ) ;
#9437 = LINE ( 'NONE', #10390, #9446 ) ;
#9438 = LINE ( 'NONE', #10139, #9441 ) ;
#9439 = LINE ( 'NONE', #10040, #9443 ) ;
#9440 = CIRCLE ( 'NONE', #6213, 0.9999999999999991100 ) ;
#9441 = VECTOR ( 'NONE', #10136, 1000.000000000000000 ) ;
#9442 = CIRCLE ( 'NONE', #6212, 1.000000000000000000 ) ;
#9443 = VECTOR ( 'NONE', #9903, 1000.000000000000000 ) ;
#9444 = LINE ( 'NONE', #9771, #9451 ) ;
#9445 = LINE ( 'NONE', #10140, #9427 ) ;
#9446 = VECTOR ( 'NONE', #10389, 1000.000000000000100 ) ;
#9447 = LINE ( 'NONE', #10386, #9434 ) ;
#9448 = VECTOR ( 'NONE', #10043, 999.9999999999998900 ) ;
#9449 = LINE ( 'NONE', #9852, #9424 ) ;
#9450 = LINE ( 'NONE', #10150, #9436 ) ;
#9451 = VECTOR ( 'NONE', #9831, 1000.000000000000100 ) ;
#9452 = CARTESIAN_POINT ( 'NONE',  ( 5.996281292110215800, 3.910000000000000100, -4.785863854409618600 ) ) ;
#9453 = DIRECTION ( 'NONE',  ( 0.8660254037844364900, 0.0000000000000000000, 0.5000000000000036600 ) ) ;
#9454 = CARTESIAN_POINT ( 'NONE',  ( -8.706793068761705000, 5.510000000000000700, -0.1193920339162025900 ) ) ;
#9455 = DIRECTION ( 'NONE',  ( 0.0000000000000000000, 0.0000000000000000000, -1.000000000000000000 ) ) ;
#9456 = DIRECTION ( 'NONE',  ( 0.0000000000000000000, 0.0000000000000000000, 1.000000000000000000 ) ) ;
#9457 = CARTESIAN_POINT ( 'NONE',  ( -7.588980613363023800, 13.14449999999999900, 1.451718482731986000 ) ) ;
#9458 = CARTESIAN_POINT ( 'NONE',  ( -3.640544456622755800, 1.260000000000000700, 2.805607966083818900 ) ) ;
#9459 = CARTESIAN_POINT ( 'NONE',  ( 1.782285320121782300, -12.78093376122728500, 4.206495029165967700 ) ) ;
#9460 = CARTESIAN_POINT ( 'NONE',  ( -13.14449999999999200, -1.347971487989957100E-014, 1.980885149398651000 ) ) ;
#9461 = CARTESIAN_POINT ( 'NONE',  ( 7.953493830026274300, -10.22189992291082900, 4.179344749955895100 ) ) ;
#9462 = CARTESIAN_POINT ( 'NONE',  ( 13.14449999999999400, -1.301489712542027400E-014, 1.663385149398652500 ) ) ;
#9463 = CARTESIAN_POINT ( 'NONE',  ( -5.617402835574310400, -11.58485850615868400, 4.235703492436941900 ) ) ;
#9464 = CARTESIAN_POINT ( 'NONE',  ( 1.127570259384924600E-014, 13.14450000000000100, 1.035364850601332900 ) ) ;
#9465 = CARTESIAN_POINT ( 'NONE',  ( 9.522634905175449300, -8.800219487537770400, 4.170901562099863300 ) ) ;
#9466 = CARTESIAN_POINT ( 'NONE',  ( 7.588980613363023800, -13.14450000000000300, 1.769218482731984600 ) ) ;
#9467 = CARTESIAN_POINT ( 'NONE',  ( 8.608835612006338100, -9.684336493205487200, 4.175930820244410300 ) ) ;
#9468 = CARTESIAN_POINT ( 'NONE',  ( 13.14450000000000400, -3.522058159910884000, 1.857472806800292600 ) ) ;
#9469 = CARTESIAN_POINT ( 'NONE',  ( -4.043465101864355500, -12.21412891549166000, 4.228804286787896800 ) ) ;
#9470 = CARTESIAN_POINT ( 'NONE',  ( -11.38347092004454600, 6.572250000000002100, 2.199531517267996800 ) ) ;
#9471 = CARTESIAN_POINT ( 'NONE',  ( 6.559198380045125500, -11.17787426600738100, 4.186233288538284500 ) ) ;
#9472 = DIRECTION ( 'NONE',  ( 0.0000000000000000000, 1.000000000000000000, 0.0000000000000000000 ) ) ;
#9473 = CARTESIAN_POINT ( 'NONE',  ( -7.537658773652721000, 1.260000000000000700, 0.5556079660838011400 ) ) ;
#9474 = CARTESIAN_POINT ( 'NONE',  ( 0.9417625034134102800, -12.86469486526944600, 4.209663152152414200 ) ) ;
#9475 = CARTESIAN_POINT ( 'NONE',  ( -0.7351500664047584400, -12.88804562528586900, 4.215694600175954300 ) ) ;
#9476 = CARTESIAN_POINT ( 'NONE',  ( -11.38347092004455200, -6.572249999999991500, 1.458698183934667500 ) ) ;
#9477 = CARTESIAN_POINT ( 'NONE',  ( -2.821100773842082800, -12.56194576789686200, 4.223743139745069500 ) ) ;
#9478 = CARTESIAN_POINT ( 'NONE',  ( -13.14449999999998800, -3.522058159910900400, 2.118256894402371000 ) ) ;
#9479 = CARTESIAN_POINT ( 'NONE',  ( 4.267938593474826600, -12.21837933490214000, 4.196494648285507400 ) ) ;
#9480 = CARTESIAN_POINT ( 'NONE',  ( -1.127570259384924600E-014, -13.14449999999999900, 1.987864850601331200 ) ) ;
#9481 = DIRECTION ( 'NONE',  ( 0.5000000000000000000, 0.0000000000000000000, -0.8660254037844386000 ) ) ;
#9482 = CARTESIAN_POINT ( 'NONE',  ( 8.922678335436458500, -9.400016708360661600, 4.174242194416626400 ) ) ;
#9483 = CARTESIAN_POINT ( 'NONE',  ( -8.800939315206996100, 10.16000000000000200, 9.296474048263810600 ) ) ;
#9484 = CARTESIAN_POINT ( 'NONE',  ( 13.14449999999999700, 7.901901826148025100E-015, 1.829114850601332200 ) ) ;
#9485 = CARTESIAN_POINT ( 'NONE',  ( 5.820290046193552900, -11.57299315871656200, 4.189661371754808300 ) ) ;
#9486 = CARTESIAN_POINT ( 'NONE',  ( -13.14449999999998800, -3.522058159910900400, 1.483256894402373600 ) ) ;
#9487 = CARTESIAN_POINT ( 'NONE',  ( -3.232667211335651400, -12.45934810140179900, 4.225416643008176500 ) ) ;
#9488 = CARTESIAN_POINT ( 'NONE',  ( -4.444642164614910100, -12.07073534895675900, 4.230526943444113300 ) ) ;
#9489 = CARTESIAN_POINT ( 'NONE',  ( -13.14449999999998800, -3.522058159910893800, 1.952527193199690600 ) ) ;
#9490 = CARTESIAN_POINT ( 'NONE',  ( -13.14449999999999500, -3.160760730459210000E-014, 2.146614850601330700 ) ) ;
#9491 = CARTESIAN_POINT ( 'NONE',  ( -1.570986984028220200, -12.80838745973584200, 4.218796988857456600 ) ) ;
#9492 = CARTESIAN_POINT ( 'NONE',  ( 7.340734982860849000, 10.16000000000000700, 10.78725906639566600 ) ) ;
#9493 = CARTESIAN_POINT ( 'NONE',  ( 2.921633369868313700, 1.260000000000000700, 5.439582562299408500 ) ) ;
#9494 = CARTESIAN_POINT ( 'NONE',  ( 0.5220974067536080500, -12.88577460304321500, 4.211203297892906100 ) ) ;
#9495 = CARTESIAN_POINT ( 'NONE',  ( 7.588980613363025500, -13.14450000000000300, 1.934948183934665800 ) ) ;
#9496 = CARTESIAN_POINT ( 'NONE',  ( 3.449989760848901600, -12.46835459989844200, 4.199915351235487600 ) ) ;
#9497 = CARTESIAN_POINT ( 'NONE',  ( 7.588980613363041500, 13.14449999999998800, 1.557551816065318800 ) ) ;
#9498 = CARTESIAN_POINT ( 'NONE',  ( -1.127570259384924600E-014, -13.14449999999999700, 1.822135149398652200 ) ) ;
#9499 = DIRECTION ( 'NONE',  ( 0.0000000000000000000, -1.000000000000000000, 0.0000000000000000000 ) ) ;
#9500 = CARTESIAN_POINT ( 'NONE',  ( 11.38347092004454500, -6.572250000000008400, 1.882031517267998700 ) ) ;
#9501 = CARTESIAN_POINT ( 'NONE',  ( -7.403311619955980300, -10.48956834458185100, 4.244336576987329600 ) ) ;
#9502 = CARTESIAN_POINT ( 'NONE',  ( -13.14449999999999200, -1.347971487989957100E-014, 1.980885149398651000 ) ) ;
#9503 = CARTESIAN_POINT ( 'NONE',  ( 11.38347092004454300, -6.572250000000008400, 1.716301816065319400 ) ) ;
#9504 = DIRECTION ( 'NONE',  ( -1.000000000000000000, 0.0000000000000000000, 0.0000000000000000000 ) ) ;
#9505 = DIRECTION ( 'NONE',  ( 0.0000000000000000000, 0.0000000000000000000, 1.000000000000000000 ) ) ;
#9506 = CARTESIAN_POINT ( 'NONE',  ( -7.050000000000000700, 0.0000000000000000000, 0.0000000000000000000 ) ) ;
#9507 = DIRECTION ( 'NONE',  ( 0.0000000000000000000, 0.0000000000000000000, 1.000000000000000000 ) ) ;
#9508 = DIRECTION ( 'NONE',  ( 0.0000000000000000000, 1.000000000000000000, 0.0000000000000000000 ) ) ;
#9509 = DIRECTION ( 'NONE',  ( 1.000000000000000000, 0.0000000000000000000, 0.0000000000000000000 ) ) ;
#9510 = DIRECTION ( 'NONE',  ( 1.000000000000000000, 0.0000000000000000000, 0.0000000000000000000 ) ) ;
#9511 = PLANE ( 'NONE',  #3165 ) ;
#9512 = CARTESIAN_POINT ( 'NONE',  ( 7.249999999999997300, -7.250000000000000900, 1.000000000000000900 ) ) ;
#9513 = CARTESIAN_POINT ( 'NONE',  ( -0.7500000000000041100, -8.250000000000000000, 1.000000000000000900 ) ) ;
#9514 = DIRECTION ( 'NONE',  ( 0.0000000000000000000, -0.0000000000000000000, -1.000000000000000000 ) ) ;
#9515 = CARTESIAN_POINT ( 'NONE',  ( 10.75679306876174300, 4.095786437626896900, -3.431312121600024000 ) ) ;
#9516 = DIRECTION ( 'NONE',  ( -1.000000000000000000, 0.0000000000000000000, 0.0000000000000000000 ) ) ;
#9517 = DIRECTION ( 'NONE',  ( -0.0000000000000000000, 1.000000000000000000, -0.0000000000000000000 ) ) ;
#9518 = CARTESIAN_POINT ( 'NONE',  ( 10.75679306876174300, 4.095786437626896900, -3.431312121600024000 ) ) ;
#9519 = DIRECTION ( 'NONE',  ( 0.0000000000000000000, 0.0000000000000000000, 1.000000000000000000 ) ) ;
#9520 = DIRECTION ( 'NONE',  ( -0.0000000000000000000, 1.000000000000000000, -0.0000000000000000000 ) ) ;
#9521 = CARTESIAN_POINT ( 'NONE',  ( 0.04999999999999622800, -6.450000000000001100, 1.000000000000000900 ) ) ;
#9522 = DIRECTION ( 'NONE',  ( 0.0000000000000000000, 0.0000000000000000000, 1.000000000000000000 ) ) ;
#9523 = CARTESIAN_POINT ( 'NONE',  ( 6.450000000000002000, 6.450000000000002800, 1.000000000000000900 ) ) ;
#9524 = DIRECTION ( 'NONE',  ( 0.0000000000000000000, 0.0000000000000000000, 1.000000000000000000 ) ) ;
#9525 = DIRECTION ( 'NONE',  ( 0.0000000000000000000, -0.0000000000000000000, -1.000000000000000000 ) ) ;
#9526 = DIRECTION ( 'NONE',  ( 0.0000000000000000000, -1.000000000000000000, 0.0000000000000000000 ) ) ;
#9527 = DIRECTION ( 'NONE',  ( 1.000000000000000000, 0.0000000000000000000, 0.0000000000000000000 ) ) ;
#9528 = DIRECTION ( 'NONE',  ( 1.000000000000000000, 0.0000000000000000000, 0.0000000000000000000 ) ) ;
#9529 = DIRECTION ( 'NONE',  ( 0.8660254037844401500, 0.0000000000000000000, 0.4999999999999973400 ) ) ;
#9530 = DIRECTION ( 'NONE',  ( 0.0000000000000000000, 1.000000000000000000, 0.0000000000000000000 ) ) ;
#9531 = CARTESIAN_POINT ( 'NONE',  ( 0.0000000000000000000, 0.0000000000000000000, 0.0000000000000000000 ) ) ;
#9532 = CARTESIAN_POINT ( 'NONE',  ( 2.539999999999998700, 3.550000000000001200, 0.0000000000000000000 ) ) ;
#9533 = DIRECTION ( 'NONE',  ( -1.000000000000000000, -2.775557561562891400E-016, 0.0000000000000000000 ) ) ;
#9534 = CARTESIAN_POINT ( 'NONE',  ( -7.050000000000004300, -2.540000000000002300, 0.0000000000000000000 ) ) ;
#9535 = PLANE ( 'NONE',  #6167 ) ;
#9536 = DIRECTION ( 'NONE',  ( 0.0000000000000000000, 0.0000000000000000000, 1.000000000000000000 ) ) ;
#9537 = DIRECTION ( 'NONE',  ( 0.0000000000000000000, 0.0000000000000000000, 1.000000000000000000 ) ) ;
#9538 = PLANE ( 'NONE',  #3159 ) ;
#9539 = CARTESIAN_POINT ( 'NONE',  ( -3.572422638949464900, 0.1500000000000008300, 9.605780591326020400 ) ) ;
#9540 = PLANE ( 'NONE',  #3157 ) ;
#9541 = CARTESIAN_POINT ( 'NONE',  ( 0.0000000000000000000, 10.16000000000000200, 0.0000000000000000000 ) ) ;
#9542 = CARTESIAN_POINT ( 'NONE',  ( -7.969536955979450900, 0.1500000000000008300, 8.221805995110468500 ) ) ;
#9543 = DIRECTION ( 'NONE',  ( 0.0000000000000000000, -1.000000000000000000, 0.0000000000000000000 ) ) ;
#9544 = CARTESIAN_POINT ( 'NONE',  ( -0.7500000000000041100, -7.250000000000001800, 1.000000000000000900 ) ) ;
#9545 = DIRECTION ( 'NONE',  ( 0.0000000000000000000, 0.0000000000000000000, -1.000000000000000000 ) ) ;
#9546 = CARTESIAN_POINT ( 'NONE',  ( -2.750000000000005800, -5.050000000000000700, 1.000000000000000900 ) ) ;
#9547 = DIRECTION ( 'NONE',  ( 0.0000000000000000000, -0.0000000000000000000, -1.000000000000000000 ) ) ;
#9548 = DIRECTION ( 'NONE',  ( 0.0000000000000000000, 0.0000000000000000000, -1.000000000000000000 ) ) ;
#9549 = DIRECTION ( 'NONE',  ( 1.000000000000000000, 0.0000000000000000000, 0.0000000000000000000 ) ) ;
#9550 = DIRECTION ( 'NONE',  ( -1.000000000000000000, 0.0000000000000000000, 0.0000000000000000000 ) ) ;
#9551 = DIRECTION ( 'NONE',  ( -1.000000000000000000, 0.0000000000000000000, 0.0000000000000000000 ) ) ;
#9552 = PLANE ( 'NONE',  #3154 ) ;
#9553 = DIRECTION ( 'NONE',  ( 0.0000000000000000000, -0.0000000000000000000, -1.000000000000000000 ) ) ;
#9554 = DIRECTION ( 'NONE',  ( -0.8660254037844383700, -0.5000000000000004400, 0.0000000000000000000 ) ) ;
#9555 = DIRECTION ( 'NONE',  ( -0.5000000000000004400, 0.8660254037844383700, 0.0000000000000000000 ) ) ;
#9556 = CARTESIAN_POINT ( 'NONE',  ( -8.250000000000003600, 3.049999999999998900, 1.000000000000000900 ) ) ;
#9557 = PLANE ( 'NONE',  #3152 ) ;
#9558 = DIRECTION ( 'NONE',  ( 0.0000000000000000000, 0.0000000000000000000, -1.000000000000000000 ) ) ;
#9559 = DIRECTION ( 'NONE',  ( 0.0000000000000000000, -1.000000000000000000, 0.0000000000000000000 ) ) ;
#9560 = DIRECTION ( 'NONE',  ( -1.000000000000000000, 0.0000000000000000000, 0.0000000000000000000 ) ) ;
#9561 = PLANE ( 'NONE',  #3150 ) ;
#9562 = CARTESIAN_POINT ( 'NONE',  ( -3.175000000000017600, -16.26796789124274400, 5.499261314031174100 ) ) ;
#9563 = CARTESIAN_POINT ( 'NONE',  ( 5.785898384862249200, -0.2368602791855863000, 0.0000000000000000000 ) ) ;
#9564 = DIRECTION ( 'NONE',  ( -0.0000000000000000000, 1.000000000000000000, -0.0000000000000000000 ) ) ;
#9565 = CARTESIAN_POINT ( 'NONE',  ( 2.850223126611654200, 0.1500000000000008300, -10.13739201368485100 ) ) ;
#9566 = DIRECTION ( 'NONE',  ( 0.0000000000000000000, 0.0000000000000000000, 1.000000000000000000 ) ) ;
#9567 = DIRECTION ( 'NONE',  ( -0.0000000000000000000, -1.000000000000000000, -0.0000000000000000000 ) ) ;
#9568 = DIRECTION ( 'NONE',  ( 0.0000000000000000000, 0.0000000000000000000, 1.000000000000000000 ) ) ;
#9569 = DIRECTION ( 'NONE',  ( -8.326672684688674100E-016, 1.000000000000000000, 0.0000000000000000000 ) ) ;
#9570 = DIRECTION ( 'NONE',  ( 1.000000000000000000, 8.326672684688674100E-016, 0.0000000000000000000 ) ) ;
#9571 = DIRECTION ( 'NONE',  ( 0.0000000000000000000, 0.0000000000000000000, -1.000000000000000000 ) ) ;
#9572 = PLANE ( 'NONE',  #3146 ) ;
#9573 = DIRECTION ( 'NONE',  ( -0.4999999999999995600, 0.0000000000000000000, 0.8660254037844388200 ) ) ;
#9574 = DIRECTION ( 'NONE',  ( -0.8660254037844389300, 0.0000000000000000000, -0.4999999999999996100 ) ) ;
#9575 = DIRECTION ( 'NONE',  ( 1.000000000000000000, 0.0000000000000000000, 0.0000000000000000000 ) ) ;
#9576 = PLANE ( 'NONE',  #3145 ) ;
#9577 = CARTESIAN_POINT ( 'NONE',  ( 6.677577361050556000, 0.1500000000000008300, -8.147740186254983600 ) ) ;
#9578 = CARTESIAN_POINT ( 'NONE',  ( 1.914437640236120700, 0.1500000000000008300, -10.89774018625500000 ) ) ;
#9579 = DIRECTION ( 'NONE',  ( -0.0000000000000000000, -1.000000000000000000, -0.0000000000000000000 ) ) ;
#9580 = CARTESIAN_POINT ( 'NONE',  ( 2.780463044020562400, 0.1500000000000008300, -10.39774018625500000 ) ) ;
#9581 = DIRECTION ( 'NONE',  ( 0.0000000000000000000, 0.0000000000000000000, -1.000000000000000000 ) ) ;
#9582 = DIRECTION ( 'NONE',  ( -0.0000000000000000000, -1.000000000000000000, -0.0000000000000000000 ) ) ;
#9583 = DIRECTION ( 'NONE',  ( 0.0000000000000000000, 0.0000000000000000000, -1.000000000000000000 ) ) ;
#9584 = DIRECTION ( 'NONE',  ( -0.0000000000000000000, -1.000000000000000000, -0.0000000000000000000 ) ) ;
#9585 = CARTESIAN_POINT ( 'NONE',  ( 13.19822715367483400, 5.080000000000001000, 7.620000000000015200 ) ) ;
#9586 = CARTESIAN_POINT ( 'NONE',  ( -13.14449999999999500, -3.718542035834364300E-015, 0.07588514939865558000 ) ) ;
#9587 = DIRECTION ( 'NONE',  ( 0.0000000000000000000, 0.0000000000000000000, -1.000000000000000000 ) ) ;
#9588 = CARTESIAN_POINT ( 'NONE',  ( 2.055607966083866400, 3.910000000000000100, 4.939582562299423600 ) ) ;
#9589 = CARTESIAN_POINT ( 'NONE',  ( 1.127570259384924600E-014, 13.14450000000000100, 1.504635149398653800 ) ) ;
#9590 = CARTESIAN_POINT ( 'NONE',  ( -11.38347092004454600, 6.572250000000002100, 1.398801816065321100 ) ) ;
#9591 = CARTESIAN_POINT ( 'NONE',  ( 13.14449999999999700, 3.522058159910878200, 1.635027193199692000 ) ) ;
#9592 = CARTESIAN_POINT ( 'NONE',  ( 11.38347092004455300, 6.572249999999987900, 1.610468482731986600 ) ) ;
#9593 = CARTESIAN_POINT ( 'NONE',  ( 13.14449999999999400, -1.301489712542027400E-014, 1.663385149398652500 ) ) ;
#9594 = CARTESIAN_POINT ( 'NONE',  ( -4.456793068761687200, 5.510000000000000700, -7.480607966083914200 ) ) ;
#9595 = CARTESIAN_POINT ( 'NONE',  ( 14.02502207291795600, 5.080000000000004500, 5.787949192431168100 ) ) ;
#9596 = DIRECTION ( 'NONE',  ( 0.0000000000000000000, 0.0000000000000000000, 1.000000000000000000 ) ) ;
#9597 = DIRECTION ( 'NONE',  ( -0.0000000000000000000, -1.000000000000000000, -0.0000000000000000000 ) ) ;
#9598 = CARTESIAN_POINT ( 'NONE',  ( -2.406793068761691400, 7.859999999999998500, -11.03131212160007900 ) ) ;
#9599 = CARTESIAN_POINT ( 'NONE',  ( -2.656793068761692700, 4.095786437626896900, -10.59829941970786400 ) ) ;
#9600 = DIRECTION ( 'NONE',  ( 0.8660254037844363800, -0.0000000000000000000, 0.5000000000000041100 ) ) ;
#9601 = DIRECTION ( 'NONE',  ( 0.0000000000000000000, -1.000000000000000000, 0.0000000000000000000 ) ) ;
#9602 = CARTESIAN_POINT ( 'NONE',  ( -13.14449999999999400, 1.459332654718536700E-015, 4.317999999999998700 ) ) ;
#9603 = DIRECTION ( 'NONE',  ( -0.0000000000000000000, 1.000000000000000000, -0.0000000000000000000 ) ) ;
#9604 = DIRECTION ( 'NONE',  ( 0.0000000000000000000, 0.0000000000000000000, -1.000000000000000000 ) ) ;
#9605 = CARTESIAN_POINT ( 'NONE',  ( 5.996281292110215800, 0.7100000000000023000, -3.360863854409619700 ) ) ;
#9606 = DIRECTION ( 'NONE',  ( 0.0000000000000000000, 0.5150380749100556000, 0.8571673007021114500 ) ) ;
#9607 = CARTESIAN_POINT ( 'NONE',  ( -13.14449999999999400, 1.459332654718536700E-015, 4.317999999999998700 ) ) ;
#9608 = CARTESIAN_POINT ( 'NONE',  ( 13.14449999999999500, -1.859271017917182100E-015, 0.3933851493986560400 ) ) ;
#9609 = DIRECTION ( 'NONE',  ( 0.0000000000000000000, 0.0000000000000000000, -1.000000000000000000 ) ) ;
#9610 = DIRECTION ( 'NONE',  ( 0.0000000000000000000, 1.000000000000000000, 0.0000000000000000000 ) ) ;
#9611 = CARTESIAN_POINT ( 'NONE',  ( 0.0000000000000000000, 10.16000000000000200, 0.0000000000000000000 ) ) ;
#9612 = CARTESIAN_POINT ( 'NONE',  ( 9.851344122694598600, 10.16000000000000400, -9.034343116412490100 ) ) ;
#9613 = DIRECTION ( 'NONE',  ( 0.0000000000000000000, 0.0000000000000000000, 1.000000000000000000 ) ) ;
#9614 = CARTESIAN_POINT ( 'NONE',  ( 13.14449999999999200, 3.522058159910897800, 2.435756894402369500 ) ) ;
#9615 = CARTESIAN_POINT ( 'NONE',  ( 13.14449999999999700, 2.881870077771632400E-014, 2.464114850601329700 ) ) ;
#9616 = CARTESIAN_POINT ( 'NONE',  ( 0.0000000000000000000, 10.16000000000000200, 0.0000000000000000000 ) ) ;
#9617 = CARTESIAN_POINT ( 'NONE',  ( 10.40645531067038500, 10.16000000000000500, -8.370104925396598000 ) ) ;
#9618 = DIRECTION ( 'NONE',  ( 0.0000000000000000000, 0.0000000000000000000, 1.000000000000000000 ) ) ;
#9619 = CARTESIAN_POINT ( 'NONE',  ( 7.588980613363044200, 13.14449999999999400, 2.358281517267997200 ) ) ;
#9620 = CARTESIAN_POINT ( 'NONE',  ( 11.38347092004455500, 6.572249999999984400, 2.411198183934662300 ) ) ;
#9621 = CARTESIAN_POINT ( 'NONE',  ( -7.588980613363026400, 13.14450000000000100, 2.252448183934665100 ) ) ;
#9622 = CARTESIAN_POINT ( 'NONE',  ( 1.127570259384924600E-014, 13.14450000000000100, 2.305364850601329800 ) ) ;
#9623 = CARTESIAN_POINT ( 'NONE',  ( 12.01058652917949300, 10.16000000000000400, 5.337784979801302400 ) ) ;
#9624 = CARTESIAN_POINT ( 'NONE',  ( 12.29068366204730700, 10.16000000000000500, -5.049023922251391700 ) ) ;
#9625 = CARTESIAN_POINT ( 'NONE',  ( -2.912411113352551400, 10.16000000000000000, 12.59361266142955300 ) ) ;
#9626 = CARTESIAN_POINT ( 'NONE',  ( -12.54907219279330200, 10.16000000000000000, 3.007253171485146000 ) ) ;
#9627 = CARTESIAN_POINT ( 'NONE',  ( 5.061852265428354000, 10.16000000000000400, 11.98696433842252200 ) ) ;
#9628 = DIRECTION ( 'NONE',  ( 0.0000000000000000000, -0.0000000000000000000, -1.000000000000000000 ) ) ;
#9629 = CARTESIAN_POINT ( 'NONE',  ( 11.38347092004455300, 6.572249999999987900, 0.3404684827319898200 ) ) ;
#9630 = CARTESIAN_POINT ( 'NONE',  ( 5.996281292110215800, 0.7100000000000023000, -3.985863854409618800 ) ) ;
#9631 = CARTESIAN_POINT ( 'NONE',  ( -7.355607966083868000, 5.510000000000000700, 4.240286717815580500 ) ) ;
#9632 = DIRECTION ( 'NONE',  ( -0.8660254037844364900, 0.0000000000000000000, -0.5000000000000036600 ) ) ;
#9633 = CARTESIAN_POINT ( 'NONE',  ( -11.71574839941846100, 10.16000000000000000, -5.745632583862311000 ) ) ;
#9634 = CARTESIAN_POINT ( 'NONE',  ( 5.356960070250488900, 3.910000000000000100, -1.814634949514646500 ) ) ;
#9635 = CARTESIAN_POINT ( 'NONE',  ( 6.349999999999997900, 7.265909682159472900E-017, 1.688000000000001900 ) ) ;
#9636 = CARTESIAN_POINT ( 'NONE',  ( 13.14449999999999500, 3.522058159910884000, 0.3650271931996957900 ) ) ;
#9637 = CARTESIAN_POINT ( 'NONE',  ( -5.450179781257846300, 10.16000000000000200, -11.96521784559005900 ) ) ;
#9638 = DIRECTION ( 'NONE',  ( -1.000000000000000000, 1.110223024625156800E-016, 0.0000000000000000000 ) ) ;
#9639 = CARTESIAN_POINT ( 'NONE',  ( -10.53025884418233500, 2.398676442232187300, 2.267999999999999300 ) ) ;
#9640 = CARTESIAN_POINT ( 'NONE',  ( -13.00287730872992100, -0.7050595153083939500, -0.3173567916635811600 ) ) ;
#9641 = CARTESIAN_POINT ( 'NONE',  ( 13.14449999999999400, 1.504043304207010500E-016, 4.317999999999998700 ) ) ;
#9642 = CARTESIAN_POINT ( 'NONE',  ( 13.01787457985290400, -0.8404086605743499300, 4.137107220408768900 ) ) ;
#9643 = DIRECTION ( 'NONE',  ( 0.0000000000000000000, 0.0000000000000000000, 1.000000000000000000 ) ) ;
#9644 = DIRECTION ( 'NONE',  ( 0.0000000000000000000, 0.0000000000000000000, -1.000000000000000000 ) ) ;
#9645 = CARTESIAN_POINT ( 'NONE',  ( 0.0000000000000000000, 0.0000000000000000000, 1.688000000000001900 ) ) ;
#9646 = CARTESIAN_POINT ( 'NONE',  ( 12.93141452459174400, -1.673784217955786900, 4.140497942227729500 ) ) ;
#9647 = DIRECTION ( 'NONE',  ( 1.000000000000000000, 0.0000000000000000000, 0.0000000000000000000 ) ) ;
#9648 = DIRECTION ( 'NONE',  ( 0.0000000000000000000, 1.000000000000000000, 0.0000000000000000000 ) ) ;
#9649 = CARTESIAN_POINT ( 'NONE',  ( -11.43477309068267700, 3.910000000000000100, -1.694392033916209500 ) ) ;
#9650 = CARTESIAN_POINT ( 'NONE',  ( 5.316189445176826600, 3.791348423548710000, -1.838173880875952900 ) ) ;
#9651 = CARTESIAN_POINT ( 'NONE',  ( -11.43477309068267700, 1.260000000000000700, -1.694392033916209500 ) ) ;
#9652 = CARTESIAN_POINT ( 'NONE',  ( -11.38347092004455200, -6.572249999999991500, 0.02296848273198801000 ) ) ;
#9653 = DIRECTION ( 'NONE',  ( 0.8660254037844380400, -0.0000000000000000000, 0.5000000000000010000 ) ) ;
#9654 = CARTESIAN_POINT ( 'NONE',  ( 5.805607966083873500, 1.260000000000000700, -1.555607966083869800 ) ) ;
#9655 = CARTESIAN_POINT ( 'NONE',  ( 0.0000000000000000000, 0.0000000000000000000, 0.4879999999999988800 ) ) ;
#9656 = DIRECTION ( 'NONE',  ( 0.0000000000000000000, 0.0000000000000000000, 1.000000000000000000 ) ) ;
#9657 = DIRECTION ( 'NONE',  ( -1.486164610904928800E-018, -1.000000000000000000, -1.390432168732589800E-017 ) ) ;
#9658 = CARTESIAN_POINT ( 'NONE',  ( -13.14449999999999700, 1.022599059854450300E-014, 0.8766148506013347100 ) ) ;
#9659 = DIRECTION ( 'NONE',  ( -0.0000000000000000000, -0.0000000000000000000, 1.000000000000000000 ) ) ;
#9660 = CARTESIAN_POINT ( 'NONE',  ( -7.588980613363026400, 13.14450000000000100, 0.9824481839346688200 ) ) ;
#9661 = CARTESIAN_POINT ( 'NONE',  ( -13.14449999999999000, 3.522058159910898200, 1.374243105597614300 ) ) ;
#9662 = CARTESIAN_POINT ( 'NONE',  ( -1.500111490356387700, -13.05861959651557700, -0.07205909487751488400 ) ) ;
#9663 = DIRECTION ( 'NONE',  ( 0.8660254037844366000, 0.0000000000000000000, 0.5000000000000036600 ) ) ;
#9664 = CARTESIAN_POINT ( 'NONE',  ( -13.14449999999999200, 7.437084071668728600E-015, 1.345885149398652800 ) ) ;
#9665 = CARTESIAN_POINT ( 'NONE',  ( -5.000000000000000900, -5.000000000000001800, 16.39213562373094700 ) ) ;
#9666 = CARTESIAN_POINT ( 'NONE',  ( -11.38347092004454600, 6.572250000000002100, 0.9295315172680001000 ) ) ;
#9667 = DIRECTION ( 'NONE',  ( -0.0000000000000000000, 1.000000000000000000, -0.0000000000000000000 ) ) ;
#9668 = CARTESIAN_POINT ( 'NONE',  ( -11.38347092004455200, -6.572249999999991500, 0.1886981839346671400 ) ) ;
#9669 = CARTESIAN_POINT ( 'NONE',  ( 0.0000000000000000000, 0.0000000000000000000, 0.4879999999999988800 ) ) ;
#9670 = CARTESIAN_POINT ( 'NONE',  ( 11.38347092004455500, 6.572249999999984400, 1.141198183934665700 ) ) ;
#9671 = CARTESIAN_POINT ( 'NONE',  ( 2.055607966083866400, 1.260000000000000700, 4.939582562299423600 ) ) ;
#9672 = DIRECTION ( 'NONE',  ( 0.0000000000000000000, -1.000000000000000000, 0.0000000000000000000 ) ) ;
#9673 = CARTESIAN_POINT ( 'NONE',  ( -1.127570259384924600E-014, -13.14449999999999900, 0.08286485060133436100 ) ) ;
#9674 = CARTESIAN_POINT ( 'NONE',  ( 7.588980613363044200, 13.14449999999999400, 1.088281517268001800 ) ) ;
#9675 = DIRECTION ( 'NONE',  ( -0.0000000000000000000, 1.000000000000000000, -0.0000000000000000000 ) ) ;
#9676 = CARTESIAN_POINT ( 'NONE',  ( -7.588980613363040600, -13.14449999999998800, 1.875051816065317800 ) ) ;
#9677 = DIRECTION ( 'NONE',  ( -0.5000000000000028900, 0.0000000000000000000, 0.8660254037844370400 ) ) ;
#9678 = CARTESIAN_POINT ( 'NONE',  ( -13.14449999999999500, -3.522058159910888400, 0.04752719319969529000 ) ) ;
#9679 = CARTESIAN_POINT ( 'NONE',  ( 13.14449999999999500, -3.522058159910899100, 1.056743105597613800 ) ) ;
#9680 = DIRECTION ( 'NONE',  ( 0.0000000000000000000, 0.0000000000000000000, 1.000000000000000000 ) ) ;
#9681 = CARTESIAN_POINT ( 'NONE',  ( -0.9999999999999974500, 0.6250000000000005600, 0.3499999999999961500 ) ) ;
#9682 = CARTESIAN_POINT ( 'NONE',  ( -12.94344756943652900, -1.407535437875333800, -0.3216466454619635300 ) ) ;
#9683 = DIRECTION ( 'NONE',  ( 1.000000000000000000, 0.0000000000000000000, 0.0000000000000000000 ) ) ;
#9684 = DIRECTION ( 'NONE',  ( -0.0000000000000000000, 0.0000000000000000000, -1.000000000000000000 ) ) ;
#9685 = CARTESIAN_POINT ( 'NONE',  ( 10.53025884418231900, -2.398676442232260200, 2.267999999999999300 ) ) ;
#9686 = DIRECTION ( 'NONE',  ( -0.0000000000000000000, -0.0000000000000000000, -1.000000000000000000 ) ) ;
#9687 = CARTESIAN_POINT ( 'NONE',  ( -7.741739701972739400, -10.23877153561347300, 4.246063834576563800 ) ) ;
#9688 = DIRECTION ( 'NONE',  ( 0.0000000000000000000, 0.0000000000000000000, -1.000000000000000000 ) ) ;
#9689 = CARTESIAN_POINT ( 'NONE',  ( 13.02502207291794900, 5.080000000000004500, 7.520000000000040400 ) ) ;
#9690 = DIRECTION ( 'NONE',  ( 0.5000000000000008900, 0.0000000000000000000, -0.8660254037844381500 ) ) ;
#9691 = CARTESIAN_POINT ( 'NONE',  ( -10.75679306876173800, 4.095786437626896900, 3.431312121600013800 ) ) ;
#9692 = DIRECTION ( 'NONE',  ( 0.5000000000000040000, 0.0000000000000000000, -0.8660254037844363800 ) ) ;
#9693 = DIRECTION ( 'NONE',  ( 0.8660254037844363800, -0.0000000000000000000, 0.5000000000000041100 ) ) ;
#9694 = DIRECTION ( 'NONE',  ( -0.0000000000000000000, 1.000000000000000000, -0.0000000000000000000 ) ) ;
#9695 = CARTESIAN_POINT ( 'NONE',  ( -10.75679306876173800, 4.095786437626896900, 3.431312121600013800 ) ) ;
#9696 = DIRECTION ( 'NONE',  ( 0.0000000000000000000, 0.0000000000000000000, 1.000000000000000000 ) ) ;
#9697 = DIRECTION ( 'NONE',  ( -0.0000000000000000000, 1.000000000000000000, -0.0000000000000000000 ) ) ;
#9698 = CARTESIAN_POINT ( 'NONE',  ( 5.785898384862248300, 0.7631397208144146100, 0.0000000000000000000 ) ) ;
#9699 = DIRECTION ( 'NONE',  ( 0.0000000000000000000, 0.0000000000000000000, 1.000000000000000000 ) ) ;
#9700 = DIRECTION ( 'NONE',  ( 0.0000000000000000000, 0.0000000000000000000, 1.000000000000000000 ) ) ;
#9701 = DIRECTION ( 'NONE',  ( -1.000000000000000000, 0.0000000000000000000, 0.0000000000000000000 ) ) ;
#9702 = DIRECTION ( 'NONE',  ( 0.0000000000000000000, 0.0000000000000000000, 1.000000000000000000 ) ) ;
#9703 = PLANE ( 'NONE',  #3136 ) ;
#9704 = DIRECTION ( 'NONE',  ( 0.0000000000000000000, 0.0000000000000000000, 1.000000000000000000 ) ) ;
#9705 = DIRECTION ( 'NONE',  ( -1.000000000000000000, 0.0000000000000000000, 0.0000000000000000000 ) ) ;
#9706 = DIRECTION ( 'NONE',  ( 1.000000000000000000, 0.0000000000000000000, 0.0000000000000000000 ) ) ;
#9707 = CARTESIAN_POINT ( 'NONE',  ( 4.785898384862248300, 2.441451884327381400, 0.0000000000000000000 ) ) ;
#9708 = PLANE ( 'NONE',  #3135 ) ;
#9709 = DIRECTION ( 'NONE',  ( -0.4999999999999973900, 0.0000000000000000000, 0.8660254037844402600 ) ) ;
#9710 = DIRECTION ( 'NONE',  ( 0.0000000000000000000, -0.0000000000000000000, -1.000000000000000000 ) ) ;
#9711 = CARTESIAN_POINT ( 'NONE',  ( -7.250000000000002700, -3.050000000000000700, 1.000000000000000900 ) ) ;
#9712 = CARTESIAN_POINT ( 'NONE',  ( 8.250000000000000000, 5.163139720814417200, 0.0000000000000000000 ) ) ;
#9713 = CARTESIAN_POINT ( 'NONE',  ( 6.035898384862249200, 2.441451884327381400, 0.0000000000000000000 ) ) ;
#9714 = CARTESIAN_POINT ( 'NONE',  ( -1.750000000000005100, -7.250000000000000900, 1.000000000000000900 ) ) ;
#9715 = CARTESIAN_POINT ( 'NONE',  ( -7.469536955979453600, 0.1500000000000008300, 7.355780591326023900 ) ) ;
#9716 = CARTESIAN_POINT ( 'NONE',  ( 13.14449999999999500, -1.859271017917182100E-015, 1.028385149398653100 ) ) ;
#9717 = CARTESIAN_POINT ( 'NONE',  ( 13.14449999999999500, 3.522058159910884000, 1.000027193199693100 ) ) ;
#9718 = CARTESIAN_POINT ( 'NONE',  ( 11.38347092004455300, 6.572249999999987900, 0.9754684827319865000 ) ) ;
#9719 = CARTESIAN_POINT ( 'NONE',  ( 7.588980613363041500, 13.14449999999998800, 0.9225518160653210000 ) ) ;
#9720 = CARTESIAN_POINT ( 'NONE',  ( -7.588980613363023800, 13.14449999999999900, 0.8167184827319879900 ) ) ;
#9721 = CARTESIAN_POINT ( 'NONE',  ( -11.38347092004454600, 6.572250000000002100, 0.7638018160653209400 ) ) ;
#9722 = DIRECTION ( 'NONE',  ( 0.0000000000000000000, 0.0000000000000000000, -1.000000000000000000 ) ) ;
#9723 = CARTESIAN_POINT ( 'NONE',  ( -13.14450000000000400, 3.522058159910880900, 2.174972806800291400 ) ) ;
#9724 = CARTESIAN_POINT ( 'NONE',  ( -11.38347092004455200, -6.572249999999991500, 1.927968482731985000 ) ) ;
#9725 = DIRECTION ( 'NONE',  ( 0.0000000000000000000, -0.0000000000000000000, -1.000000000000000000 ) ) ;
#9726 = CARTESIAN_POINT ( 'NONE',  ( 13.14449999999999400, 7.901901826148025100E-015, 2.298385149398649600 ) ) ;
#9727 = CARTESIAN_POINT ( 'NONE',  ( 13.14449999999999200, 3.522058159910897800, 1.800756894402372200 ) ) ;
#9728 = DIRECTION ( 'NONE',  ( 1.000000000000000000, -1.110223024625156800E-016, 0.0000000000000000000 ) ) ;
#9729 = DIRECTION ( 'NONE',  ( -1.000000000000000000, 1.110223024625156500E-016, 0.0000000000000000000 ) ) ;
#9730 = CARTESIAN_POINT ( 'NONE',  ( -8.915131779870167300, 10.16000000000000200, 9.187022798902145100 ) ) ;
#9731 = CARTESIAN_POINT ( 'NONE',  ( -12.33730759679279600, -3.333313104722859200, 4.278632495306078800 ) ) ;
#9732 = CARTESIAN_POINT ( 'NONE',  ( 9.237925704300247200, 10.16000000000000200, -9.638185021910910400 ) ) ;
#9733 = CARTESIAN_POINT ( 'NONE',  ( -8.074605324848176800, -12.30337332629675700, -0.02317582746363572300 ) ) ;
#9734 = CARTESIAN_POINT ( 'NONE',  ( 13.14449999999999400, 1.504043304207010500E-016, 4.317999999999998700 ) ) ;
#9735 = CARTESIAN_POINT ( 'NONE',  ( -13.14449999999999500, -3.160760730459210000E-014, 2.146614850601330700 ) ) ;
#9736 = DIRECTION ( 'NONE',  ( 0.0000000000000000000, 0.0000000000000000000, -1.000000000000000000 ) ) ;
#9737 = DIRECTION ( 'NONE',  ( 1.000000000000000000, 0.0000000000000000000, 0.0000000000000000000 ) ) ;
#9738 = DIRECTION ( 'NONE',  ( -0.0000000000000000000, 1.000000000000000000, -0.0000000000000000000 ) ) ;
#9739 = CARTESIAN_POINT ( 'NONE',  ( 7.354345463964376600, 12.73809999999999900, 0.05291666666666648700 ) ) ;
#9740 = CARTESIAN_POINT ( 'NONE',  ( 11.03151819594656000, 6.369049999999994300, 0.1058333333333327800 ) ) ;
#9741 = CARTESIAN_POINT ( 'NONE',  ( -11.03151819594655700, 6.369050000000005000, -0.1058333333333362500 ) ) ;
#9742 = CARTESIAN_POINT ( 'NONE',  ( -7.354345463964362400, 12.73810000000000800, -0.05291666666666648700 ) ) ;
#9743 = CARTESIAN_POINT ( 'NONE',  ( -14.70869092792874100, 1.402160292154681700E-014, -0.1587499999999994700 ) ) ;
#9744 = CARTESIAN_POINT ( 'NONE',  ( -1.214306433183765000E-014, -12.73810000000000300, -0.3175000000000017800 ) ) ;
#9745 = CARTESIAN_POINT ( 'NONE',  ( -7.354345463964381900, -12.73809999999999200, -0.2645833333333364500 ) ) ;
#9746 = CARTESIAN_POINT ( 'NONE',  ( 1.000000000000000900, 0.6250000000000005600, -0.09999999999999939500 ) ) ;
#9747 = CARTESIAN_POINT ( 'NONE',  ( 7.354345463964364200, -12.73810000000000800, -0.3704166666666694500 ) ) ;
#9748 = CARTESIAN_POINT ( 'NONE',  ( 0.6000000000000015300, 0.6250000000000005600, -0.09999999999999939500 ) ) ;
#9749 = CARTESIAN_POINT ( 'NONE',  ( 11.98934949749574800, 4.302869999999820100, -0.5119999999999985700 ) ) ;
#9750 = DIRECTION ( 'NONE',  ( 1.000000000000000000, 0.0000000000000000000, 0.0000000000000000000 ) ) ;
#9751 = CARTESIAN_POINT ( 'NONE',  ( -12.09665764405379400, -4.139873031163569200, 4.275298719559430100 ) ) ;
#9752 = CARTESIAN_POINT ( 'NONE',  ( 13.14449999999999000, -3.522058159910904000, 3.596743105597608000 ) ) ;
#9753 = CARTESIAN_POINT ( 'NONE',  ( -13.14449999999999700, 3.522058159910887600, 2.009243105597611200 ) ) ;
#9754 = CARTESIAN_POINT ( 'NONE',  ( 11.78110339436263100, 10.16000000000000700, -6.223652009855704200 ) ) ;
#9755 = CARTESIAN_POINT ( 'NONE',  ( 4.119051811617450400, 10.16000000000000400, -12.62062505646632700 ) ) ;
#9756 = CARTESIAN_POINT ( 'NONE',  ( 11.36948664621058600, 10.16000000000000400, -6.965720891275411800 ) ) ;
#9757 = CARTESIAN_POINT ( 'NONE',  ( 13.14449999999999700, -3.522058159910894200, 2.326743105597612000 ) ) ;
#9758 = DIRECTION ( 'NONE',  ( 0.0000000000000000000, 1.000000000000000000, 0.0000000000000000000 ) ) ;
#9759 = CARTESIAN_POINT ( 'NONE',  ( -13.14449999999998800, -3.522058159910900400, 4.023256894402369000 ) ) ;
#9760 = CARTESIAN_POINT ( 'NONE',  ( 7.588980613363023800, -13.14450000000000300, 2.404218482731983000 ) ) ;
#9761 = CARTESIAN_POINT ( 'NONE',  ( -11.03151819594652500, -6.369050000000058300, 3.598333333333321600 ) ) ;
#9762 = DIRECTION ( 'NONE',  ( 0.0000000000000000000, 0.0000000000000000000, 1.000000000000000000 ) ) ;
#9763 = CARTESIAN_POINT ( 'NONE',  ( -13.14449999999998300, -3.522058159910902700, 3.857527193199685700 ) ) ;
#9764 = CARTESIAN_POINT ( 'NONE',  ( -0.9999999999999974500, 0.6250000000000005600, -0.09999999999999939500 ) ) ;
#9765 = DIRECTION ( 'NONE',  ( 1.000000000000000000, 5.551115123125782700E-017, 0.0000000000000000000 ) ) ;
#9766 = CARTESIAN_POINT ( 'NONE',  ( 0.0000000000000000000, 0.0000000000000000000, -0.5119999999999985700 ) ) ;
#9767 = CARTESIAN_POINT ( 'NONE',  ( -0.5999999999999963100, 0.6250000000000005600, -0.09999999999999939500 ) ) ;
#9768 = DIRECTION ( 'NONE',  ( 1.000000000000000000, -1.110223024625156800E-016, 0.0000000000000000000 ) ) ;
#9769 = DIRECTION ( 'NONE',  ( 0.0000000000000000000, 0.0000000000000000000, 1.000000000000000000 ) ) ;
#9770 = CARTESIAN_POINT ( 'NONE',  ( -13.14449999999999500, -3.522058159910883100, 3.222527193199689100 ) ) ;
#9771 = CARTESIAN_POINT ( 'NONE',  ( -4.456793068761675700, 5.510000000000000700, -7.480607966083907100 ) ) ;
#9772 = DIRECTION ( 'NONE',  ( 0.0000000000000000000, 0.0000000000000000000, -1.000000000000000000 ) ) ;
#9773 = CARTESIAN_POINT ( 'NONE',  ( -9.541252424309369900, 10.16000000000000400, 8.596088705809513900 ) ) ;
#9774 = CARTESIAN_POINT ( 'NONE',  ( -10.10732356034865900, 10.16000000000000400, 7.940541560563398000 ) ) ;
#9775 = CARTESIAN_POINT ( 'NONE',  ( -11.08622191669606000, 10.16000000000000000, 6.547409361720248500 ) ) ;
#9776 = CARTESIAN_POINT ( 'NONE',  ( -1.000000000000000900, -0.6250000000000005600, -0.09999999999999939500 ) ) ;
#9777 = CARTESIAN_POINT ( 'NONE',  ( 11.43232909113892000, -5.960795566625218800, -0.5119999999999982300 ) ) ;
#9778 = CARTESIAN_POINT ( 'NONE',  ( -11.95516540786046600, -4.540685591266585800, 4.273643168696136900 ) ) ;
#9779 = CARTESIAN_POINT ( 'NONE',  ( 2.203905026831682900, -12.71792349858879400, 4.204863672603052800 ) ) ;
#9780 = CARTESIAN_POINT ( 'NONE',  ( -6.356671620988140400, -11.18889219931710100, 4.239155863919092900 ) ) ;
#9781 = CARTESIAN_POINT ( 'NONE',  ( 3.291426997904638400, 10.16000000000000200, -12.84941850706253200 ) ) ;
#9782 = CARTESIAN_POINT ( 'NONE',  ( 0.7637285521425504200, 10.16000000000000200, -13.22969197514223800 ) ) ;
#9783 = CARTESIAN_POINT ( 'NONE',  ( 2.870864342297335400, 10.16000000000000000, -12.94393507194736900 ) ) ;
#9784 = CARTESIAN_POINT ( 'NONE',  ( 1.609953302340583200, 10.15999999999999800, -13.16429857455446700 ) ) ;
#9785 = CARTESIAN_POINT ( 'NONE',  ( -0.9432602826535742000, 10.16000000000000700, -13.17681982890733000 ) ) ;
#9786 = CARTESIAN_POINT ( 'NONE',  ( -0.5140172370619424700, 10.16000000000000000, -13.20576148183181100 ) ) ;
#9787 = CARTESIAN_POINT ( 'NONE',  ( -12.57755310861450400, 10.16000000000000500, -3.347888074085681300 ) ) ;
#9788 = CARTESIAN_POINT ( 'NONE',  ( -12.34332422861681500, 10.16000000000000000, -4.163716960935166100 ) ) ;
#9789 = CARTESIAN_POINT ( 'NONE',  ( -7.517540278208015200, 10.16000000000000500, 10.42619720928210100 ) ) ;
#9790 = CARTESIAN_POINT ( 'NONE',  ( -8.183984646797057400, 10.16000000000000000, 9.897054275406283400 ) ) ;
#9791 = CARTESIAN_POINT ( 'NONE',  ( -6.077567309722805800, 10.16000000000000200, 11.32990934536231400 ) ) ;
#9792 = CARTESIAN_POINT ( 'NONE',  ( -6.446544589878281600, 10.16000000000000400, 11.11694957256498600 ) ) ;
#9793 = CARTESIAN_POINT ( 'NONE',  ( -4.921362055942874600, 10.16000000000000700, 11.89760489703444100 ) ) ;
#9794 = CARTESIAN_POINT ( 'NONE',  ( -5.315053467633470400, 10.16000000000000400, 11.72037810809804300 ) ) ;
#9795 = CARTESIAN_POINT ( 'NONE',  ( -1.652710084379662700, 10.15999999999999700, 12.81572617829450600 ) ) ;
#9796 = CARTESIAN_POINT ( 'NONE',  ( -3.729588316738638600, 10.16000000000000700, 12.36413347312744900 ) ) ;
#9797 = CARTESIAN_POINT ( 'NONE',  ( -0.3683789501618367500, 10.16000000000000400, 12.93321681492290400 ) ) ;
#9798 = CARTESIAN_POINT ( 'NONE',  ( -1.225316802401009500, 10.15999999999999800, 12.86935887181884300 ) ) ;
#9799 = CARTESIAN_POINT ( 'NONE',  ( 0.9189935099626621600, 10.16000000000000400, 12.92176395908515500 ) ) ;
#9800 = CARTESIAN_POINT ( 'NONE',  ( 0.06048654122128722200, 10.16000000000000400, 12.94351076467725800 ) ) ;
#9801 = CARTESIAN_POINT ( 'NONE',  ( 2.196577261414999000, 10.15999999999999800, 12.78369379430194800 ) ) ;
#9802 = CARTESIAN_POINT ( 'NONE',  ( 1.349275376132079700, 10.15999999999999800, 12.88942548192130900 ) ) ;
#9803 = CARTESIAN_POINT ( 'NONE',  ( 3.852482055361312600, 10.16000000000000200, 12.40975458205767100 ) ) ;
#9804 = CARTESIAN_POINT ( 'NONE',  ( 3.034118061501481100, 10.15999999999999800, 12.63698064862110100 ) ) ;
#9805 = CARTESIAN_POINT ( 'NONE',  ( 5.847534225724640300, 10.16000000000000200, 11.63743671275382500 ) ) ;
#9806 = CARTESIAN_POINT ( 'NONE',  ( 4.661151745781662500, 10.16000000000000200, 12.14182743750464200 ) ) ;
#9807 = CARTESIAN_POINT ( 'NONE',  ( 6.976487143366857600, 10.16000000000000000, 11.01922843057649700 ) ) ;
#9808 = CARTESIAN_POINT ( 'NONE',  ( 6.230440457540237500, 10.16000000000000200, 11.44385022941525100 ) ) ;
#9809 = CARTESIAN_POINT ( 'NONE',  ( 9.028505626835833900, 10.16000000000000500, 9.489533130928675700 ) ) ;
#9810 = CARTESIAN_POINT ( 'NONE',  ( 8.387283086176832800, 10.16000000000000500, 10.04592374449288700 ) ) ;
#9811 = CARTESIAN_POINT ( 'NONE',  ( 10.73123768477725400, 10.16000000000000000, 7.570069146159063700 ) ) ;
#9812 = CARTESIAN_POINT ( 'NONE',  ( 10.19953764405623500, 10.16000000000000500, 8.254112209645903400 ) ) ;
#9813 = CARTESIAN_POINT ( 'NONE',  ( 11.62774173577343900, 10.16000000000000200, 6.104025176383560200 ) ) ;
#9814 = CARTESIAN_POINT ( 'NONE',  ( 11.41629351692605700, 10.16000000000000400, 6.480426032646201800 ) ) ;
#9815 = CARTESIAN_POINT ( 'NONE',  ( 12.63880390164979800, 10.16000000000000400, 3.758539871850875300 ) ) ;
#9816 = CARTESIAN_POINT ( 'NONE',  ( 12.18215710816078500, 10.16000000000000700, 4.947911774359159400 ) ) ;
#9817 = CARTESIAN_POINT ( 'NONE',  ( 13.16244428799440600, 10.16000000000000000, 1.247245493758234900 ) ) ;
#9818 = CARTESIAN_POINT ( 'NONE',  ( 12.86636211438709200, 10.15999999999999800, 2.939474944905287000 ) ) ;
#9819 = CARTESIAN_POINT ( 'NONE',  ( 13.19010118364712300, 10.16000000000000700, -1.331080730920460600 ) ) ;
#9820 = CARTESIAN_POINT ( 'NONE',  ( 13.22770419194234400, 10.16000000000000700, 0.3861678981835857700 ) ) ;
#9821 = CARTESIAN_POINT ( 'NONE',  ( 12.81667179827653800, 10.16000000000000200, -3.418998442311645700 ) ) ;
#9822 = CARTESIAN_POINT ( 'NONE',  ( 13.08864207639255100, 10.16000000000000400, -2.174855426918847400 ) ) ;
#9823 = CARTESIAN_POINT ( 'NONE',  ( 12.44315581190275900, 10.16000000000000000, -4.644898549893085300 ) ) ;
#9824 = DIRECTION ( 'NONE',  ( 1.110223024625156300E-016, 0.0000000000000000000, 1.000000000000000000 ) ) ;
#9825 = CARTESIAN_POINT ( 'NONE',  ( -13.14449999999999200, 7.437084071668728600E-015, 3.250885149398649300 ) ) ;
#9826 = CARTESIAN_POINT ( 'NONE',  ( -11.38347092004455200, -6.572249999999991500, 3.197968482731981900 ) ) ;
#9827 = CARTESIAN_POINT ( 'NONE',  ( -7.588980613363040600, -13.14449999999998800, 3.145051816065317600 ) ) ;
#9828 = CARTESIAN_POINT ( 'NONE',  ( 7.588980613363023800, -13.14450000000000300, 3.039218482731984600 ) ) ;
#9829 = CARTESIAN_POINT ( 'NONE',  ( 13.14449999999999400, 2.881870077771631800E-014, 2.933385149398650200 ) ) ;
#9830 = CARTESIAN_POINT ( 'NONE',  ( -1.127570259384924600E-014, -13.14449999999999700, 3.092135149398648900 ) ) ;
#9831 = DIRECTION ( 'NONE',  ( -0.8660254037844364900, 0.0000000000000000000, -0.5000000000000036600 ) ) ;
#9832 = CARTESIAN_POINT ( 'NONE',  ( 13.14450000000000300, -3.522058159910884900, 2.961743105597610900 ) ) ;
#9833 = CARTESIAN_POINT ( 'NONE',  ( 13.14449999999999500, -1.301489712542027600E-014, 3.099114850601329100 ) ) ;
#9834 = CARTESIAN_POINT ( 'NONE',  ( 13.14449999999999400, -3.522058159910903100, 3.127472806800289300 ) ) ;
#9835 = CARTESIAN_POINT ( 'NONE',  ( 11.38347092004454500, -6.572250000000008400, 3.152031517267995600 ) ) ;
#9836 = CARTESIAN_POINT ( 'NONE',  ( 7.588980613363025500, -13.14450000000000300, 3.204948183934662100 ) ) ;
#9837 = CARTESIAN_POINT ( 'NONE',  ( -1.127570259384924600E-014, -13.14449999999999900, 3.257864850601328100 ) ) ;
#9838 = CARTESIAN_POINT ( 'NONE',  ( -7.588980613363044200, -13.14449999999999000, 3.310781517267995100 ) ) ;
#9839 = CARTESIAN_POINT ( 'NONE',  ( -13.14449999999999500, -3.160760730459210000E-014, 3.416614850601326700 ) ) ;
#9840 = DIRECTION ( 'NONE',  ( 0.0000000000000000000, 1.000000000000000000, 0.0000000000000000000 ) ) ;
#9841 = CARTESIAN_POINT ( 'NONE',  ( -2.787658773652699700, 5.510000000000000700, -7.671633369868348300 ) ) ;
#9842 = CARTESIAN_POINT ( 'NONE',  ( 11.38347092004454300, -6.572250000000008400, 2.986301816065316300 ) ) ;
#9843 = CARTESIAN_POINT ( 'NONE',  ( -13.14449999999998800, -3.522058159910900400, 3.388256894402367900 ) ) ;
#9844 = CARTESIAN_POINT ( 'NONE',  ( -11.38347092004455200, -6.572249999999991500, 3.363698183934661100 ) ) ;
#9845 = CARTESIAN_POINT ( 'NONE',  ( -13.14449999999999400, -3.439651383146786400E-014, 3.885885149398647300 ) ) ;
#9846 = CARTESIAN_POINT ( 'NONE',  ( -11.38347092004455200, -6.572249999999991500, 3.832968482731978500 ) ) ;
#9847 = CARTESIAN_POINT ( 'NONE',  ( -7.588980613363040600, -13.14449999999998800, 3.780051816065315600 ) ) ;
#9848 = CARTESIAN_POINT ( 'NONE',  ( -1.127570259384924600E-014, -13.14449999999999700, 3.727135149398645500 ) ) ;
#9849 = CARTESIAN_POINT ( 'NONE',  ( 7.588980613363023800, -13.14450000000000300, 3.674218482731982100 ) ) ;
#9850 = CARTESIAN_POINT ( 'NONE',  ( 11.38347092004454300, -6.572250000000008400, 3.621301816065313000 ) ) ;
#9851 = CARTESIAN_POINT ( 'NONE',  ( 13.14449999999999400, -1.301489712542027400E-014, 3.568385149398647400 ) ) ;
#9852 = CARTESIAN_POINT ( 'NONE',  ( -13.14449999999999400, 1.459332654718536700E-015, 4.317999999999998700 ) ) ;
#9853 = CARTESIAN_POINT ( 'NONE',  ( 1.127570259384924600E-014, 13.14450000000000100, 0.8696351493986537200 ) ) ;
#9854 = DIRECTION ( 'NONE',  ( 0.0000000000000000000, 0.0000000000000000000, -1.000000000000000000 ) ) ;
#9855 = DIRECTION ( 'NONE',  ( -0.0000000000000000000, 1.000000000000000000, -0.0000000000000000000 ) ) ;
#9856 = DIRECTION ( 'NONE',  ( -0.0000000000000000000, 1.000000000000000000, -0.0000000000000000000 ) ) ;
#9857 = CARTESIAN_POINT ( 'NONE',  ( -4.336808689942017700E-015, 12.73809999999999900, 3.174999999999990500 ) ) ;
#9858 = CARTESIAN_POINT ( 'NONE',  ( -13.14449999999998500, 3.522058159910920900, 0.9049728068002952400 ) ) ;
#9859 = CARTESIAN_POINT ( 'NONE',  ( -14.70869092792874100, -3.004629197474318600E-014, 3.016249999999989700 ) ) ;
#9860 = CARTESIAN_POINT ( 'NONE',  ( -11.03151819594659800, 6.369049999999932200, 3.069166666666657500 ) ) ;
#9861 = DIRECTION ( 'NONE',  ( 0.8660254037844364900, -0.0000000000000000000, 0.5000000000000038900 ) ) ;
#9862 = CARTESIAN_POINT ( 'NONE',  ( -7.354345463964357100, -12.73810000000000800, 2.910416666666657100 ) ) ;
#9863 = CARTESIAN_POINT ( 'NONE',  ( 7.611128982690051900, -10.47552563936887500, 4.181073908959346500 ) ) ;
#9864 = CARTESIAN_POINT ( 'NONE',  ( 2.406793068761695900, 5.510000000000000700, 11.03131212160007400 ) ) ;
#9865 = CARTESIAN_POINT ( 'NONE',  ( -1.795666748870240700, 10.16000000000000700, -13.07694846962893100 ) ) ;
#9866 = CARTESIAN_POINT ( 'NONE',  ( 12.70590927143772400, 10.16000000000000000, -3.830100735829163200 ) ) ;
#9867 = CARTESIAN_POINT ( 'NONE',  ( -4.270415953581938600, 10.16000000000000400, -12.47608809386570900 ) ) ;
#9868 = DIRECTION ( 'NONE',  ( 0.0000000000000000000, 0.0000000000000000000, -1.000000000000000000 ) ) ;
#9869 = CARTESIAN_POINT ( 'NONE',  ( 9.807957444409359100, -8.485255926745939100, 4.169253406295725400 ) ) ;
#9870 = CARTESIAN_POINT ( 'NONE',  ( -12.43759170656701100, 10.15999999999999800, 3.417669795303097700 ) ) ;
#9871 = DIRECTION ( 'NONE',  ( -1.000000000000000000, 0.0000000000000000000, 0.0000000000000000000 ) ) ;
#9872 = CARTESIAN_POINT ( 'NONE',  ( -12.93127577062933600, 10.15999999999999800, 0.4856444387427789100 ) ) ;
#9873 = CARTESIAN_POINT ( 'NONE',  ( -11.50272580586451100, 10.16000000000000200, 5.807679731594568300 ) ) ;
#9874 = CARTESIAN_POINT ( 'NONE',  ( -12.17297916407391900, 10.16000000000000000, 4.230085588339997000 ) ) ;
#9875 = CARTESIAN_POINT ( 'NONE',  ( -12.73119027593928700, 10.15999999999999800, 2.178165897263997200 ) ) ;
#9876 = CARTESIAN_POINT ( 'NONE',  ( -12.01890356424364900, 10.16000000000000000, 4.633836955169172700 ) ) ;
#9877 = CARTESIAN_POINT ( 'NONE',  ( -12.90186124372941600, 10.15999999999999700, 0.9138192981148236500 ) ) ;
#9878 = CARTESIAN_POINT ( 'NONE',  ( -12.94716231958487600, 10.16000000000000000, -0.3740925969642707700 ) ) ;
#9879 = CARTESIAN_POINT ( 'NONE',  ( -12.93370510530406900, 10.16000000000000400, -0.8028651053649883400 ) ) ;
#9880 = CARTESIAN_POINT ( 'NONE',  ( -12.86424350950108000, 10.16000000000000700, -1.658231101957513800 ) ) ;
#9881 = CARTESIAN_POINT ( 'NONE',  ( -12.80785149700911800, 10.16000000000000500, -2.086304696681176000 ) ) ;
#9882 = CARTESIAN_POINT ( 'NONE',  ( -11.31833196305141700, 10.16000000000000900, -6.515259369253713300 ) ) ;
#9883 = CARTESIAN_POINT ( 'NONE',  ( -10.61788621206551800, 10.16000000000000900, -7.595032283582534100 ) ) ;
#9884 = CARTESIAN_POINT ( 'NONE',  ( -10.36542102459180700, 10.16000000000000200, -7.945208703032667700 ) ) ;
#9885 = CARTESIAN_POINT ( 'NONE',  ( -9.831453458760728700, 10.16000000000000200, -8.614199757454224800 ) ) ;
#9886 = CARTESIAN_POINT ( 'NONE',  ( -9.549832817752459800, 10.16000000000000400, -8.933552493988086600 ) ) ;
#9887 = CARTESIAN_POINT ( 'NONE',  ( -8.662077880902980800, 10.16000000000000000, -9.847235064656185700 ) ) ;
#9888 = CARTESIAN_POINT ( 'NONE',  ( -8.013464436408899200, 10.16000000000000200, -10.39761743054917400 ) ) ;
#9889 = CARTESIAN_POINT ( 'NONE',  ( -6.952011138050874500, 10.16000000000000400, -11.13159764210627300 ) ) ;
#9890 = CARTESIAN_POINT ( 'NONE',  ( -6.587182702307405400, 10.16000000000000200, -11.35818121977764500 ) ) ;
#9891 = CARTESIAN_POINT ( 'NONE',  ( -5.837190712983389300, 10.16000000000000400, -11.77458188988785400 ) ) ;
#9892 = CARTESIAN_POINT ( 'NONE',  ( -3.461723906631034400, 10.16000000000000400, -12.73563904574615400 ) ) ;
#9893 = CARTESIAN_POINT ( 'NONE',  ( -12.80182687404915700, 10.15999999999999800, 1.759495045009259000 ) ) ;
#9894 = CARTESIAN_POINT ( 'NONE',  ( -0.6094555433772304000, 1.260000000000000700, 4.555607966083830900 ) ) ;
#9895 = CARTESIAN_POINT ( 'NONE',  ( -13.14449999999999500, -3.718542035834364300E-015, 0.7108851493986546600 ) ) ;
#9896 = CARTESIAN_POINT ( 'NONE',  ( -11.38347092004455200, -6.572249999999991500, 0.6579684827319881600 ) ) ;
#9897 = CARTESIAN_POINT ( 'NONE',  ( -1.127570259384924600E-014, -13.14449999999999700, 0.5521351493986553800 ) ) ;
#9898 = CARTESIAN_POINT ( 'NONE',  ( 7.588980613363023800, -13.14450000000000300, 0.4992184827319889900 ) ) ;
#9899 = CARTESIAN_POINT ( 'NONE',  ( -7.588980613363040600, -13.14449999999998800, 0.6050518160653219900 ) ) ;
#9900 = CARTESIAN_POINT ( 'NONE',  ( -13.14449999999999500, -3.160760730459210000E-014, 4.051614850601328800 ) ) ;
#9901 = CARTESIAN_POINT ( 'NONE',  ( 13.14449999999999500, -1.859271017917182100E-015, 0.3933851493986560400 ) ) ;
#9902 = CARTESIAN_POINT ( 'NONE',  ( 11.38347092004454300, -6.572250000000008400, 2.351301816065319600 ) ) ;
#9903 = DIRECTION ( 'NONE',  ( -0.0000000000000000000, 1.000000000000000000, -0.0000000000000000000 ) ) ;
#9904 = CARTESIAN_POINT ( 'NONE',  ( 13.14449999999999400, -3.522058159910903100, 0.5874728068002944600 ) ) ;
#9905 = CARTESIAN_POINT ( 'NONE',  ( 11.38347092004454500, -6.572250000000008400, 0.6120315172680017600 ) ) ;
#9906 = CARTESIAN_POINT ( 'NONE',  ( 13.14449999999999700, -1.859271017917182100E-015, 0.5591148506013340300 ) ) ;
#9907 = CARTESIAN_POINT ( 'NONE',  ( -1.127570259384924600E-014, -13.14449999999999900, 0.7178648506013345400 ) ) ;
#9908 = CARTESIAN_POINT ( 'NONE',  ( -7.588980613363044200, -13.14449999999999000, 0.7707815172679988200 ) ) ;
#9909 = CARTESIAN_POINT ( 'NONE',  ( 7.588980613363025500, -13.14450000000000300, 0.6649481839346699200 ) ) ;
#9910 = CARTESIAN_POINT ( 'NONE',  ( -13.14449999999999700, 1.022599059854450300E-014, 0.8766148506013347100 ) ) ;
#9911 = CARTESIAN_POINT ( 'NONE',  ( 8.221633369868293100, 3.910000000000000100, -3.740286717815556100 ) ) ;
#9912 = CARTESIAN_POINT ( 'NONE',  ( 11.38347092004454300, -6.572250000000008400, 0.4463018160653226000 ) ) ;
#9913 = CARTESIAN_POINT ( 'NONE',  ( 13.14449999999999500, -3.522058159910899100, 0.4217431055976164600 ) ) ;
#9914 = DIRECTION ( 'NONE',  ( -0.0000000000000000000, 1.000000000000000000, -0.0000000000000000000 ) ) ;
#9915 = CARTESIAN_POINT ( 'NONE',  ( -13.14449999999999200, 7.437084071668728600E-015, 1.345885149398652800 ) ) ;
#9916 = CARTESIAN_POINT ( 'NONE',  ( -1.127570259384924600E-014, -13.14449999999999700, 1.187135149398652200 ) ) ;
#9917 = DIRECTION ( 'NONE',  ( 0.5000000000000030000, 0.0000000000000000000, -0.8660254037844369300 ) ) ;
#9918 = CARTESIAN_POINT ( 'NONE',  ( -11.38347092004455200, -6.572249999999991500, 0.8236981839346673200 ) ) ;
#9919 = CARTESIAN_POINT ( 'NONE',  ( -7.588980613363040600, -13.14449999999998800, 1.240051816065320000 ) ) ;
#9920 = CARTESIAN_POINT ( 'NONE',  ( -13.14449999999999500, -3.522058159910883100, 1.317527193199691700 ) ) ;
#9921 = CARTESIAN_POINT ( 'NONE',  ( 13.14449999999999500, -1.859271017917182100E-015, 1.028385149398653100 ) ) ;
#9922 = CARTESIAN_POINT ( 'NONE',  ( -13.14450000000000600, -3.522058159910860900, 0.8482568944023745100 ) ) ;
#9923 = CARTESIAN_POINT ( 'NONE',  ( 7.588980613363023800, -13.14450000000000300, 1.134218482731987000 ) ) ;
#9924 = CARTESIAN_POINT ( 'NONE',  ( -9.602346387501333100, -8.522674384225567200, 4.256271295389924000 ) ) ;
#9925 = CARTESIAN_POINT ( 'NONE',  ( -8.711198094661252600, -9.415381066919145800, 4.251233168121955500 ) ) ;
#9926 = CARTESIAN_POINT ( 'NONE',  ( -8.397033183923738900, -9.700685167956162800, 4.249519005175121000 ) ) ;
#9927 = DIRECTION ( 'NONE',  ( -0.0000000000000000000, -0.0000000000000000000, 1.000000000000000000 ) ) ;
#9928 = CARTESIAN_POINT ( 'NONE',  ( -6.349999999999997900, 7.049916206369743600E-016, 1.688000000000001900 ) ) ;
#9929 = CARTESIAN_POINT ( 'NONE',  ( 0.8716333698682815500, 3.910000000000000100, 8.990286717815610700 ) ) ;
#9930 = CARTESIAN_POINT ( 'NONE',  ( 5.295706005997616600, 3.550000000000001200, -1.850000000000000300 ) ) ;
#9931 = CARTESIAN_POINT ( 'NONE',  ( 5.295706005997614900, 3.670963952828968100, -1.850000000000000300 ) ) ;
#9932 = CARTESIAN_POINT ( 'NONE',  ( -11.03151819594652100, -6.369050000000060100, 4.233333333333321800 ) ) ;
#9933 = DIRECTION ( 'NONE',  ( 1.486164610904928800E-018, 1.000000000000000000, 1.390432168732589800E-017 ) ) ;
#9934 = CARTESIAN_POINT ( 'NONE',  ( 0.0000000000000000000, 0.0000000000000000000, 2.267999999999999300 ) ) ;
#9935 = DIRECTION ( 'NONE',  ( 0.0000000000000000000, 0.0000000000000000000, 1.000000000000000000 ) ) ;
#9936 = DIRECTION ( 'NONE',  ( 8.881784197001252300E-016, -1.000000000000000000, 0.0000000000000000000 ) ) ;
#9937 = DIRECTION ( 'NONE',  ( 1.000000000000000000, 5.551115123125782700E-017, 0.0000000000000000000 ) ) ;
#9938 = CARTESIAN_POINT ( 'NONE',  ( -12.65057607142845900, 1.490676581623849600, 4.298635149398658800 ) ) ;
#9939 = CARTESIAN_POINT ( 'NONE',  ( -6.614107288730105300, -11.15096424107908200, -0.3914944081453547400 ) ) ;
#9940 = CARTESIAN_POINT ( 'NONE',  ( -5.990345061287595900, -11.49525520119763500, -0.3958578539368641800 ) ) ;
#9941 = CARTESIAN_POINT ( 'NONE',  ( -8.354710297977883100, -9.942439097708462000, -0.3785687316753649800 ) ) ;
#9942 = CARTESIAN_POINT ( 'NONE',  ( -7.802584927424475400, -10.37849847547345700, -0.3828282462095459700 ) ) ;
#9943 = CARTESIAN_POINT ( 'NONE',  ( -9.376760164073919800, -8.971341260170884600, -0.3701876787663547200 ) ) ;
#9944 = CARTESIAN_POINT ( 'NONE',  ( -9.128127782540849100, -9.222400114278301000, -0.3722713953722972500 ) ) ;
#9945 = CARTESIAN_POINT ( 'NONE',  ( -10.08516863750773300, -8.172515816445216100, -0.3639977436327364600 ) ) ;
#9946 = CARTESIAN_POINT ( 'NONE',  ( -11.11662842311852200, -6.740721690445283800, -0.3542687293375089700 ) ) ;
#9947 = CARTESIAN_POINT ( 'NONE',  ( -10.73396075929198200, -7.331358049597602300, -0.3579966758608634800 ) ) ;
#9948 = CARTESIAN_POINT ( 'NONE',  ( -9.855231843008031200, -8.446594569614084900, -0.3660517046676037300 ) ) ;
#9949 = CARTESIAN_POINT ( 'NONE',  ( -11.77205697225033800, -5.493624006757651800, -0.3466324871879926100 ) ) ;
#9950 = CARTESIAN_POINT ( 'NONE',  ( -11.61739024537122800, -5.810902596368129600, -0.3485748923458877900 ) ) ;
#9951 = CARTESIAN_POINT ( 'NONE',  ( -12.18624401384376600, -4.510855075791454300, -0.3406180627274836800 ) ) ;
#9952 = CARTESIAN_POINT ( 'NONE',  ( 10.59188853543610900, -7.498014373613441000, 4.164480851683833000 ) ) ;
#9953 = CARTESIAN_POINT ( 'NONE',  ( 10.34197587250402800, -7.834740938087112900, 4.166046397230900300 ) ) ;
#9954 = CARTESIAN_POINT ( 'NONE',  ( -12.05635862526901300, -4.844075194418875800, -0.3426569763390151000 ) ) ;
#9955 = CARTESIAN_POINT ( 'NONE',  ( 11.27415075550184100, -6.442569037907761100, 4.159960693520784700 ) ) ;
#9956 = CARTESIAN_POINT ( 'NONE',  ( 11.05799573401589700, -6.801941738255444600, 4.161424370673825200 ) ) ;
#9957 = CARTESIAN_POINT ( 'NONE',  ( 11.85533814962985300, -5.317310933613655700, 4.155359314865590300 ) ) ;
#9958 = CARTESIAN_POINT ( 'NONE',  ( 11.67251324058491400, -5.701051028381657600, 4.156927881617937400 ) ) ;
#9959 = CARTESIAN_POINT ( 'NONE',  ( 12.32600946560653700, -4.136314753630467000, 4.150536110040913900 ) ) ;
#9960 = CARTESIAN_POINT ( 'NONE',  ( 12.18213435855643000, -4.534568251026146700, 4.152161903529052000 ) ) ;
#9961 = CARTESIAN_POINT ( 'NONE',  ( 12.57480261695538500, -3.326074795675345800, 4.147230686567430000 ) ) ;
#9962 = CARTESIAN_POINT ( 'NONE',  ( 13.02378891971058600, 1.592883962825098000E-011, 4.133692574699257900 ) ) ;
#9963 = CARTESIAN_POINT ( 'NONE',  ( 12.67973431704758300, -2.913195602971495400, 4.145547428370248300 ) ) ;
#9964 = DIRECTION ( 'NONE',  ( -1.000000000000000000, 0.0000000000000000000, 0.0000000000000000000 ) ) ;
#9965 = CARTESIAN_POINT ( 'NONE',  ( -0.9999999999999974500, 0.6250000000000005600, -0.09999999999999939500 ) ) ;
#9966 = CARTESIAN_POINT ( 'NONE',  ( -0.5608659300129701400, -12.94546148271332900, -0.4291574628939436900 ) ) ;
#9967 = CARTESIAN_POINT ( 'NONE',  ( 0.1563985037862519200, -12.95475719567159700, -0.4328895169763712400 ) ) ;
#9968 = CARTESIAN_POINT ( 'NONE',  ( -12.69361066370497500, -2.807287347252559200, -0.3302000721765808700 ) ) ;
#9969 = CARTESIAN_POINT ( 'NONE',  ( -12.51864179243143100, -3.496991999179464000, -0.3344167220992541000 ) ) ;
#9970 = CARTESIAN_POINT ( 'NONE',  ( -13.00536173694348800, 1.769468227751782300E-011, -0.3130536357682685000 ) ) ;
#9971 = CARTESIAN_POINT ( 'NONE',  ( -5.428435478904702900E-016, 1.066799999999999700, -4.889500000000000800 ) ) ;
#9972 = DIRECTION ( 'NONE',  ( 1.000000000000000000, -1.110223024625156800E-016, 0.0000000000000000000 ) ) ;
#9973 = CARTESIAN_POINT ( 'NONE',  ( -12.76721269946383000, -2.457298061926628500, -0.3280609403430100900 ) ) ;
#9974 = DIRECTION ( 'NONE',  ( 1.486164610904928800E-018, 1.000000000000000000, 1.390432168732589800E-017 ) ) ;
#9975 = CARTESIAN_POINT ( 'NONE',  ( 0.0000000000000000000, 0.0000000000000000000, 2.267999999999999300 ) ) ;
#9976 = DIRECTION ( 'NONE',  ( 1.665334536937734800E-016, 1.000000000000000000, 0.0000000000000000000 ) ) ;
#9977 = DIRECTION ( 'NONE',  ( 0.0000000000000000000, 0.0000000000000000000, 1.000000000000000000 ) ) ;
#9978 = CARTESIAN_POINT ( 'NONE',  ( 11.98934949749574800, 4.302869999999820100, -0.5119999999999985700 ) ) ;
#9979 = CARTESIAN_POINT ( 'NONE',  ( -5.190318285822731200, 10.11839061085687100, 12.80159999999930200 ) ) ;
#9980 = CARTESIAN_POINT ( 'NONE',  ( 7.933797395263710000, 10.15999999999999800, -10.74208366965795300 ) ) ;
#9981 = CARTESIAN_POINT ( 'NONE',  ( 5.722485328642523700, 10.15999999999999700, -12.00502473189515100 ) ) ;
#9982 = CARTESIAN_POINT ( 'NONE',  ( 6.485538310801249700, 10.15999999999999800, -11.62400808712642300 ) ) ;
#9983 = CARTESIAN_POINT ( 'NONE',  ( 6.855854875342458900, 10.15999999999999700, -11.41623547953008000 ) ) ;
#9984 = CARTESIAN_POINT ( 'NONE',  ( -8.915131779870167300, 10.16000000000000200, 9.187022798902145100 ) ) ;
#9985 = CARTESIAN_POINT ( 'NONE',  ( 8.608730902989112400, 10.16000000000000700, -10.22535518644207600 ) ) ;
#9986 = CARTESIAN_POINT ( 'NONE',  ( -7.588980613363023800, 13.14449999999999900, 2.086718482731983600 ) ) ;
#9987 = CARTESIAN_POINT ( 'NONE',  ( 5.328032154041496300, 10.15999999999999800, -12.17886245066356400 ) ) ;
#9988 = CARTESIAN_POINT ( 'NONE',  ( 11.38347092004455300, 6.572249999999987900, 2.245468482731983500 ) ) ;
#9989 = CARTESIAN_POINT ( 'NONE',  ( 13.14449999999999200, 3.522058159910888400, 2.270027193199689400 ) ) ;
#9990 = CARTESIAN_POINT ( 'NONE',  ( 7.588980613363041500, 13.14449999999998800, 2.192551816065317000 ) ) ;
#9991 = CARTESIAN_POINT ( 'NONE',  ( -11.38347092004454600, 6.572250000000002100, 2.033801816065318000 ) ) ;
#9992 = DIRECTION ( 'NONE',  ( -1.486164610904928800E-018, -1.000000000000000000, -1.390432168732589800E-017 ) ) ;
#9993 = CARTESIAN_POINT ( 'NONE',  ( 4.526372856199332200, 10.16000000000000000, -12.48651388574457100 ) ) ;
#9994 = CARTESIAN_POINT ( 'NONE',  ( -10.54599999999999800, 1.148775559756492400, 3.352799999999999300 ) ) ;
#9995 = DIRECTION ( 'NONE',  ( 0.0000000000000000000, 0.0000000000000000000, 1.000000000000000000 ) ) ;
#9996 = CARTESIAN_POINT ( 'NONE',  ( -13.14530893672803200, -2.707857040397851000, 4.263752018607518400 ) ) ;
#9997 = DIRECTION ( 'NONE',  ( 7.216449660063517500E-016, 1.000000000000000000, 0.0000000000000000000 ) ) ;
#9998 = CARTESIAN_POINT ( 'NONE',  ( -7.354345463964351700, -12.73810000000001200, 4.180416666666657100 ) ) ;
#9999 = CARTESIAN_POINT ( 'NONE',  ( 5.551115123125782700E-014, -12.73810000000000300, 4.127499999999988800 ) ) ;
#10000 = CARTESIAN_POINT ( 'NONE',  ( -6.918953190820498200, -10.96582712334352800, -0.3893108567499941100 ) ) ;
#10001 = CARTESIAN_POINT ( 'NONE',  ( -5.672192898056571200, -11.65411300863972200, -0.3980327831255423600 ) ) ;
#10002 = DIRECTION ( 'NONE',  ( 0.8660254037844366000, 0.0000000000000000000, 0.5000000000000036600 ) ) ;
#10003 = CARTESIAN_POINT ( 'NONE',  ( -4.023661815334893500, -12.32927534351180100, -0.4088547069694497000 ) ) ;
#10004 = CARTESIAN_POINT ( 'NONE',  ( -4.699026326826858800, -12.09104180123207900, -0.4045372762353667300 ) ) ;
#10005 = CARTESIAN_POINT ( 'NONE',  ( -1.967608046612089300, -12.81194807117070800, -0.4212638038998593500 ) ) ;
#10006 = CARTESIAN_POINT ( 'NONE',  ( 2.283497740049591100, -12.74558726257025200, -0.4448198534951557400 ) ) ;
#10007 = CARTESIAN_POINT ( 'NONE',  ( -2.660139685075295600, -12.68856698832203000, -0.4172028092108715500 ) ) ;
#10008 = CARTESIAN_POINT ( 'NONE',  ( 1.574996607952915000, -12.85506098456791200, -0.4407227176774983800 ) ) ;
#10009 = CARTESIAN_POINT ( 'NONE',  ( 6.260990754809867600, -11.31773481196724300, -0.4703480436992342800 ) ) ;
#10010 = CARTESIAN_POINT ( 'NONE',  ( 4.324248999346984600, -12.19748404357446200, -0.4573441609209693000 ) ) ;
#10011 = CARTESIAN_POINT ( 'NONE',  ( 3.655903725532220000, -12.41671635064828100, -0.4531190566851535100 ) ) ;
#10012 = CARTESIAN_POINT ( 'NONE',  ( 5.625189730522256700, -11.64932024548696400, -0.4659460294509411000 ) ) ;
#10013 = CARTESIAN_POINT ( 'NONE',  ( 8.035267083712705400, -10.12537654546081700, -0.4834631509475527700 ) ) ;
#10014 = CARTESIAN_POINT ( 'NONE',  ( 10.45839507481952100, -7.576277935241501300, -0.5042368002377193300 ) ) ;
#10015 = CARTESIAN_POINT ( 'NONE',  ( 7.462953526546421300, -10.55770801478939300, -0.4790842480168476200 ) ) ;
#10016 = CARTESIAN_POINT ( 'NONE',  ( 10.86054460607291200, -6.984234820040661900, -0.5081789687350265500 ) ) ;
#10017 = CARTESIAN_POINT ( 'NONE',  ( 9.088770569401999600, -9.184562582721989400, -0.4919745415445187000 ) ) ;
#10018 = CARTESIAN_POINT ( 'NONE',  ( 9.573330566337586900, -8.674681485925230400, -0.4961292457959172700 ) ) ;
#10019 = CARTESIAN_POINT ( 'NONE',  ( -0.9999999999999974500, 0.6250000000000005600, 0.3499999999999961500 ) ) ;
#10020 = CARTESIAN_POINT ( 'NONE',  ( 11.21080632813821300, -6.362610448784066900, -0.5119999999999985700 ) ) ;
#10021 = CARTESIAN_POINT ( 'NONE',  ( -1.000000000000000900, -0.6250000000000005600, 0.3499999999999961500 ) ) ;
#10022 = DIRECTION ( 'NONE',  ( -1.000000000000000000, 0.0000000000000000000, 0.0000000000000000000 ) ) ;
#10023 = DIRECTION ( 'NONE',  ( 1.000000000000000000, 0.0000000000000000000, 0.0000000000000000000 ) ) ;
#10024 = CARTESIAN_POINT ( 'NONE',  ( 8.694895053995763200, 5.080000000000004500, 5.020000000000019100 ) ) ;
#10025 = CARTESIAN_POINT ( 'NONE',  ( 0.6000000000000015300, 0.6250000000000005600, 0.0000000000000000000 ) ) ;
#10026 = CARTESIAN_POINT ( 'NONE',  ( 14.06182715367483400, 5.080000000000001000, 6.124200922583535000 ) ) ;
#10027 = CARTESIAN_POINT ( 'NONE',  ( -0.5999999999999963100, 0.6250000000000005600, 0.0000000000000000000 ) ) ;
#10028 = DIRECTION ( 'NONE',  ( 1.665334536937734800E-016, 1.000000000000000000, 0.0000000000000000000 ) ) ;
#10029 = CARTESIAN_POINT ( 'NONE',  ( 0.0000000000000000000, 10.16000000000000200, 0.0000000000000000000 ) ) ;
#10030 = DIRECTION ( 'NONE',  ( 0.0000000000000000000, -0.0000000000000000000, 1.000000000000000000 ) ) ;
#10031 = DIRECTION ( 'NONE',  ( 0.8660254037844363800, -0.0000000000000000000, 0.5000000000000041100 ) ) ;
#10032 = DIRECTION ( 'NONE',  ( 1.000000000000000000, 0.0000000000000000000, 0.0000000000000000000 ) ) ;
#10033 = CARTESIAN_POINT ( 'NONE',  ( -1.000000000000000900, -0.6250000000000005600, 0.0000000000000000000 ) ) ;
#10034 = CARTESIAN_POINT ( 'NONE',  ( 5.150000000000003900, 6.450000000000002800, 1.000000000000000900 ) ) ;
#10035 = DIRECTION ( 'NONE',  ( 0.0000000000000000000, 0.0000000000000000000, 1.000000000000000000 ) ) ;
#10036 = CARTESIAN_POINT ( 'NONE',  ( 6.450000000000002000, 6.450000000000002800, 0.0000000000000000000 ) ) ;
#10037 = DIRECTION ( 'NONE',  ( 0.0000000000000000000, -0.0000000000000000000, -1.000000000000000000 ) ) ;
#10038 = CARTESIAN_POINT ( 'NONE',  ( -11.38347092004455200, -6.572249999999991500, 1.292968482731984700 ) ) ;
#10039 = CARTESIAN_POINT ( 'NONE',  ( -13.14449999999999500, -3.522058159910888400, 0.6825271931996944600 ) ) ;
#10040 = CARTESIAN_POINT ( 'NONE',  ( -11.43477309068267700, 1.260000000000000700, -1.694392033916213100 ) ) ;
#10041 = CARTESIAN_POINT ( 'NONE',  ( 13.14449999999999400, 7.901901826148025100E-015, 2.298385149398649600 ) ) ;
#10042 = CARTESIAN_POINT ( 'NONE',  ( 13.14450000000000400, -3.522058159910884000, 3.762472806800287700 ) ) ;
#10043 = DIRECTION ( 'NONE',  ( -0.5000000000000026600, -0.0000000000000000000, 0.8660254037844372600 ) ) ;
#10044 = CARTESIAN_POINT ( 'NONE',  ( -13.14449999999999700, -1.069080835302379900E-014, 1.511614850601333600 ) ) ;
#10045 = CARTESIAN_POINT ( 'NONE',  ( 11.38347092004454300, -6.572250000000008400, 1.081301816065319200 ) ) ;
#10046 = CARTESIAN_POINT ( 'NONE',  ( -7.588980613363044200, -13.14449999999999000, 1.405781517268000800 ) ) ;
#10047 = CARTESIAN_POINT ( 'NONE',  ( -1.127570259384924600E-014, -13.14449999999999900, 1.352864850601334500 ) ) ;
#10048 = CARTESIAN_POINT ( 'NONE',  ( 7.588980613363025500, -13.14450000000000300, 1.299948183934667600 ) ) ;
#10049 = CARTESIAN_POINT ( 'NONE',  ( 11.38347092004454500, -6.572250000000008400, 1.247031517267998400 ) ) ;
#10050 = CARTESIAN_POINT ( 'NONE',  ( 13.14449999999998500, -3.522058159910923500, 1.222472806800293700 ) ) ;
#10051 = CARTESIAN_POINT ( 'NONE',  ( 13.14449999999999500, -1.301489712542027600E-014, 1.194114850601333300 ) ) ;
#10052 = CARTESIAN_POINT ( 'NONE',  ( 0.8716333698682815500, 3.910000000000000100, 8.990286717815610700 ) ) ;
#10053 = CARTESIAN_POINT ( 'NONE',  ( -7.354345463964418400, 12.73809999999997600, 3.757083333333325100 ) ) ;
#10054 = CARTESIAN_POINT ( 'NONE',  ( 7.354345463964311800, 12.73810000000003100, 3.862916666666657700 ) ) ;
#10055 = CARTESIAN_POINT ( 'NONE',  ( -11.03151819594660100, 6.369049999999932200, 3.704166666666657700 ) ) ;
#10056 = CARTESIAN_POINT ( 'NONE',  ( 11.03151819594657600, -6.369049999999968600, 4.021666666666655800 ) ) ;
#10057 = CARTESIAN_POINT ( 'NONE',  ( 7.354345463964463600, -12.73809999999995000, 4.074583333333324100 ) ) ;
#10058 = CARTESIAN_POINT ( 'NONE',  ( 11.03151819594654400, 6.369050000000021900, 3.915833333333323300 ) ) ;
#10059 = CARTESIAN_POINT ( 'NONE',  ( 14.70869092792874100, 8.613270366093045600E-014, 3.968749999999990200 ) ) ;
#10060 = CARTESIAN_POINT ( 'NONE',  ( -8.673617379884035500E-015, 12.73810000000000300, 3.809999999999990300 ) ) ;
#10061 = CARTESIAN_POINT ( 'NONE',  ( 7.354345463964370400, -12.73810000000000300, 3.439583333333325700 ) ) ;
#10062 = CARTESIAN_POINT ( 'NONE',  ( 3.249999999999997800, -6.349999999999999600, 0.0000000000000000000 ) ) ;
#10063 = DIRECTION ( 'NONE',  ( 0.0000000000000000000, 0.0000000000000000000, 1.000000000000000000 ) ) ;
#10064 = DIRECTION ( 'NONE',  ( -2.775557561562891400E-016, 1.000000000000000000, 0.0000000000000000000 ) ) ;
#10065 = DIRECTION ( 'NONE',  ( 1.000000000000000000, 0.0000000000000000000, 0.0000000000000000000 ) ) ;
#10066 = PLANE ( 'NONE',  #6172 ) ;
#10067 = DIRECTION ( 'NONE',  ( -1.000000000000000000, 0.0000000000000000000, 0.0000000000000000000 ) ) ;
#10068 = PLANE ( 'NONE',  #6170 ) ;
#10069 = DIRECTION ( 'NONE',  ( 1.000000000000000000, 0.0000000000000000000, 0.0000000000000000000 ) ) ;
#10070 = CARTESIAN_POINT ( 'NONE',  ( -2.750000000000005800, -5.050000000000000700, 0.0000000000000000000 ) ) ;
#10071 = DIRECTION ( 'NONE',  ( 0.0000000000000000000, 0.0000000000000000000, -1.000000000000000000 ) ) ;
#10072 = DIRECTION ( 'NONE',  ( 0.0000000000000000000, 0.0000000000000000000, 1.000000000000000000 ) ) ;
#10073 = CARTESIAN_POINT ( 'NONE',  ( -7.250000000000002700, -4.049999999999999800, 1.000000000000000900 ) ) ;
#10074 = CARTESIAN_POINT ( 'NONE',  ( -5.050000000000002500, -1.269999999999998500, 0.0000000000000000000 ) ) ;
#10075 = DIRECTION ( 'NONE',  ( 0.0000000000000000000, 0.0000000000000000000, 1.000000000000000000 ) ) ;
#10076 = DIRECTION ( 'NONE',  ( 1.000000000000000000, 2.775557561562891400E-016, 0.0000000000000000000 ) ) ;
#10077 = DIRECTION ( 'NONE',  ( 2.775557561562891400E-016, -1.000000000000000000, 0.0000000000000000000 ) ) ;
#10078 = DIRECTION ( 'NONE',  ( 1.000000000000000000, 0.0000000000000000000, 0.0000000000000000000 ) ) ;
#10079 = DIRECTION ( 'NONE',  ( 1.000000000000000000, 0.0000000000000000000, 0.0000000000000000000 ) ) ;
#10080 = CARTESIAN_POINT ( 'NONE',  ( -7.250000000000002700, 3.049999999999998900, 1.000000000000000900 ) ) ;
#10081 = CARTESIAN_POINT ( 'NONE',  ( -7.250000000000006200, 4.050000000000003400, 1.000000000000000900 ) ) ;
#10082 = DIRECTION ( 'NONE',  ( 0.0000000000000000000, -0.0000000000000000000, -1.000000000000000000 ) ) ;
#10083 = CARTESIAN_POINT ( 'NONE',  ( -7.050000000000000700, 2.539999999999998700, 0.0000000000000000000 ) ) ;
#10084 = CARTESIAN_POINT ( 'NONE',  ( -5.830281241405142400, 0.5848911423047016300, 1.999999999999994900 ) ) ;
#10085 = DIRECTION ( 'NONE',  ( 0.5000000000000041100, 0.0000000000000000000, -0.8660254037844363800 ) ) ;
#10086 = CARTESIAN_POINT ( 'NONE',  ( 1.538157622105185100E-012, 7.858729999999997800, -12.80159999999995100 ) ) ;
#10087 = DIRECTION ( 'NONE',  ( -0.0000000000000000000, -0.0000000000000000000, 1.000000000000000000 ) ) ;
#10088 = DIRECTION ( 'NONE',  ( -1.000000000000000000, 1.110223024625156800E-016, 0.0000000000000000000 ) ) ;
#10089 = CARTESIAN_POINT ( 'NONE',  ( 10.55544363753049300, 7.220242937959125300, -0.5120000000000000100 ) ) ;
#10090 = CARTESIAN_POINT ( 'NONE',  ( -5.830281241405142400, 2.184891142304699100, 1.999999999999994900 ) ) ;
#10091 = CARTESIAN_POINT ( 'NONE',  ( 0.0000000000000000000, 1.010362971081847600, 0.0000000000000000000 ) ) ;
#10092 = DIRECTION ( 'NONE',  ( 0.0000000000000000000, 0.0000000000000000000, 1.000000000000000000 ) ) ;
#10093 = DIRECTION ( 'NONE',  ( -1.000000000000000000, 0.0000000000000000000, 0.0000000000000000000 ) ) ;
#10094 = CARTESIAN_POINT ( 'NONE',  ( 7.391007206059430100, 7.911646666666662500, -12.80159999999905900 ) ) ;
#10095 = DIRECTION ( 'NONE',  ( 1.000000000000000000, -1.110223024625156800E-016, 0.0000000000000000000 ) ) ;
#10096 = CARTESIAN_POINT ( 'NONE',  ( 4.899796824705848800, 11.92503770339849800, -0.5119999999999985700 ) ) ;
#10097 = CARTESIAN_POINT ( 'NONE',  ( -0.5999999999999963100, 0.6250000000000005600, -0.09999999999999939500 ) ) ;
#10098 = CARTESIAN_POINT ( 'NONE',  ( 0.0000000000000000000, 0.0000000000000000000, -0.5119999999999985700 ) ) ;
#10099 = DIRECTION ( 'NONE',  ( -1.000000000000000000, 1.110223024625156800E-016, 0.0000000000000000000 ) ) ;
#10100 = DIRECTION ( 'NONE',  ( 0.0000000000000000000, 0.0000000000000000000, -1.000000000000000000 ) ) ;
#10101 = CARTESIAN_POINT ( 'NONE',  ( 0.6000000000000015300, 0.6250000000000005600, -0.09999999999999939500 ) ) ;
#10102 = CARTESIAN_POINT ( 'NONE',  ( 5.328258294155805400, 11.73256808910459400, -0.5119999999999985700 ) ) ;
#10103 = CARTESIAN_POINT ( 'NONE',  ( 7.715789607167389300, 10.30181641751669600, -0.5119999999999985700 ) ) ;
#10104 = CARTESIAN_POINT ( 'NONE',  ( 6.158641189014530500, 11.30365677381597300, -0.5119999999999985700 ) ) ;
#10105 = CARTESIAN_POINT ( 'NONE',  ( 6.558838614847709400, 11.06836093409501800, -0.5119999999999985700 ) ) ;
#10106 = CARTESIAN_POINT ( 'NONE',  ( 10.73688691587867100, -1.165872787071271100, 2.568000000000000900 ) ) ;
#10107 = CARTESIAN_POINT ( 'NONE',  ( 9.237925704300247200, 10.16000000000000200, -9.638185021910910400 ) ) ;
#10108 = CARTESIAN_POINT ( 'NONE',  ( 1.127570259384924600E-014, 13.14450000000000100, 2.139635149398650500 ) ) ;
#10109 = CARTESIAN_POINT ( 'NONE',  ( 1.141634600333568600E-015, 1.066799999999999700, 4.889500000000000800 ) ) ;
#10110 = PLANE ( 'NONE',  #3132 ) ;
#10111 = CARTESIAN_POINT ( 'NONE',  ( 4.463705940605605900, 12.09298637747595600, -0.5120000000011261100 ) ) ;
#10112 = CARTESIAN_POINT ( 'NONE',  ( 11.68448962082245900, 5.189926834552424300, -0.5119999999999984600 ) ) ;
#10113 = CARTESIAN_POINT ( 'NONE',  ( 9.408453187112819200, 8.698936621193706000, -0.5119999999999984600 ) ) ;
#10114 = CARTESIAN_POINT ( 'NONE',  ( 8.430877191308789900, 9.709115278842073600, -0.5119999999999985700 ) ) ;
#10115 = CARTESIAN_POINT ( 'NONE',  ( 11.28676103305552800, 6.029567756240402000, -0.5119999999999999000 ) ) ;
#10116 = CARTESIAN_POINT ( 'NONE',  ( 10.28796293446053600, 7.606942272208512700, -0.5119999999999985700 ) ) ;
#10117 = DIRECTION ( 'NONE',  ( 0.0000000000000000000, 0.0000000000000000000, 1.000000000000000000 ) ) ;
#10118 = CARTESIAN_POINT ( 'NONE',  ( 0.0000000000000000000, 1.066799999999999700, 0.0000000000000000000 ) ) ;
#10119 = CARTESIAN_POINT ( 'NONE',  ( 7.249999999999997300, 7.250000000000000900, 1.000000000000000900 ) ) ;
#10120 = DIRECTION ( 'NONE',  ( -0.0000000000000000000, 1.000000000000000000, -0.0000000000000000000 ) ) ;
#10121 = CARTESIAN_POINT ( 'NONE',  ( 11.08651080908760100, 7.964563333333330800, -6.400799999998634200 ) ) ;
#10122 = DIRECTION ( 'NONE',  ( -1.000000000000000000, -5.551115123125782700E-017, 0.0000000000000000000 ) ) ;
#10123 = CARTESIAN_POINT ( 'NONE',  ( 14.78201441211576900, 8.017479999999997300, 1.778740484904796600E-012 ) ) ;
#10124 = CARTESIAN_POINT ( 'NONE',  ( -1.597734531483263600E-012, 10.08122999999999300, 12.80159999999995100 ) ) ;
#10125 = CARTESIAN_POINT ( 'NONE',  ( -13.14449999999999400, 1.459332654718536700E-015, 4.317999999999998700 ) ) ;
#10126 = CARTESIAN_POINT ( 'NONE',  ( 13.14449999999999700, 7.901901826148025100E-015, 1.829114850601332200 ) ) ;
#10127 = DIRECTION ( 'NONE',  ( 1.110223024625156500E-016, 1.000000000000000000, 0.0000000000000000000 ) ) ;
#10128 = CARTESIAN_POINT ( 'NONE',  ( 8.249999999999998200, 7.250000000000000900, 1.000000000000000900 ) ) ;
#10129 = DIRECTION ( 'NONE',  ( 0.0000000000000000000, 0.0000000000000000000, -1.000000000000000000 ) ) ;
#10130 = PLANE ( 'NONE',  #3133 ) ;
#10131 = CARTESIAN_POINT ( 'NONE',  ( -7.354345463964413900, 12.73809999999997600, 3.122083333333327100 ) ) ;
#10132 = DIRECTION ( 'NONE',  ( -0.5000000000000028900, 0.0000000000000000000, 0.8660254037844370400 ) ) ;
#10133 = CARTESIAN_POINT ( 'NONE',  ( -13.14449999999999500, -3.718542035834364300E-015, 0.7108851493986546600 ) ) ;
#10134 = CARTESIAN_POINT ( 'NONE',  ( -13.14449999999999700, 3.522058159910892400, 0.7392431055976151900 ) ) ;
#10135 = DIRECTION ( 'NONE',  ( -0.5000000000000026600, -0.0000000000000000000, 0.8660254037844372600 ) ) ;
#10136 = DIRECTION ( 'NONE',  ( 0.0000000000000000000, 0.0000000000000000000, -1.000000000000000000 ) ) ;
#10137 = CARTESIAN_POINT ( 'NONE',  ( -2.406793068761691400, 5.510000000000000700, -11.03131212160007900 ) ) ;
#10138 = DIRECTION ( 'NONE',  ( -0.8660254037844364900, 0.0000000000000000000, -0.5000000000000037700 ) ) ;
#10139 = CARTESIAN_POINT ( 'NONE',  ( -13.14449999999999400, 1.459332654718536700E-015, 4.317999999999998700 ) ) ;
#10140 = CARTESIAN_POINT ( 'NONE',  ( 10.75679306876174100, 5.510000000000000700, -3.431312121600024000 ) ) ;
#10141 = CARTESIAN_POINT ( 'NONE',  ( 13.14449999999999700, 2.881870077771632400E-014, 2.464114850601329700 ) ) ;
#10142 = CARTESIAN_POINT ( 'NONE',  ( 13.14450000000000400, -3.522058159910884000, 2.492472806800289900 ) ) ;
#10143 = CARTESIAN_POINT ( 'NONE',  ( 7.588980613363025500, -13.14450000000000300, 2.569948183934663600 ) ) ;
#10144 = CARTESIAN_POINT ( 'NONE',  ( -1.127570259384924600E-014, -13.14449999999999900, 2.622864850601331500 ) ) ;
#10145 = CARTESIAN_POINT ( 'NONE',  ( 11.38347092004454500, -6.572250000000008400, 2.517031517267995300 ) ) ;
#10146 = CARTESIAN_POINT ( 'NONE',  ( -13.14449999999999700, 1.022599059854450300E-014, 2.781614850601330100 ) ) ;
#10147 = DIRECTION ( 'NONE',  ( 0.0000000000000000000, 0.0000000000000000000, -1.000000000000000000 ) ) ;
#10148 = CARTESIAN_POINT ( 'NONE',  ( -7.588980613363044200, -13.14449999999999000, 2.675781517267997500 ) ) ;
#10149 = CARTESIAN_POINT ( 'NONE',  ( -0.005607966083859369800, 5.510000000000000700, -8.490286717815587600 ) ) ;
#10150 = CARTESIAN_POINT ( 'NONE',  ( 13.14449999999999400, 1.504043304207010500E-016, 4.317999999999998700 ) ) ;
#10151 = CARTESIAN_POINT ( 'NONE',  ( -13.14449999999999900, -3.522058159910880400, 2.753256894402369900 ) ) ;
#10152 = CARTESIAN_POINT ( 'NONE',  ( -11.38347092004455200, -6.572249999999991500, 2.728698183934664500 ) ) ;
#10153 = CARTESIAN_POINT ( 'NONE',  ( 0.0000000000000000000, 1.066799999999999700, 0.0000000000000000000 ) ) ;
#10154 = CARTESIAN_POINT ( 'NONE',  ( -7.588980613363044200, -13.14449999999999000, 2.040781517267999100 ) ) ;
#10155 = CARTESIAN_POINT ( 'NONE',  ( 11.03151819594654400, 6.369050000000018300, 3.280833333333323100 ) ) ;
#10156 = CARTESIAN_POINT ( 'NONE',  ( 11.03151819594657500, -6.369049999999969500, 3.386666666666656100 ) ) ;
#10157 = CARTESIAN_POINT ( 'NONE',  ( -7.354345463964355300, -12.73810000000000800, 3.545416666666659100 ) ) ;
#10158 = CARTESIAN_POINT ( 'NONE',  ( 7.354345463964311800, 12.73810000000003100, 3.227916666666655700 ) ) ;
#10159 = CARTESIAN_POINT ( 'NONE',  ( -13.14450000000000400, 3.522058159910878200, 3.914243105597608400 ) ) ;
#10160 = CARTESIAN_POINT ( 'NONE',  ( 0.0000000000000000000, 0.0000000000000000000, 4.317999999999998700 ) ) ;
#10161 = DIRECTION ( 'NONE',  ( 0.0000000000000000000, 0.0000000000000000000, 1.000000000000000000 ) ) ;
#10162 = DIRECTION ( 'NONE',  ( 0.0000000000000000000, 0.0000000000000000000, 1.000000000000000000 ) ) ;
#10163 = CARTESIAN_POINT ( 'NONE',  ( 0.0000000000000000000, 0.0000000000000000000, 3.352799999999999300 ) ) ;
#10164 = DIRECTION ( 'NONE',  ( 1.110223024625156400E-016, 2.020597628449898300E-017, 1.000000000000000000 ) ) ;
#10165 = DIRECTION ( 'NONE',  ( -1.486164610904928800E-018, -1.000000000000000000, -1.390432168732589800E-017 ) ) ;
#10166 = CARTESIAN_POINT ( 'NONE',  ( -11.38347092004454600, 6.572250000000002100, 3.938801816065314700 ) ) ;
#10167 = CARTESIAN_POINT ( 'NONE',  ( -7.184773090682671900, 3.910000000000000100, -9.055607966083934800 ) ) ;
#10168 = DIRECTION ( 'NONE',  ( -0.0000000000000000000, 1.000000000000000000, -0.0000000000000000000 ) ) ;
#10169 = CARTESIAN_POINT ( 'NONE',  ( -13.14449999999999500, -3.160760730459210000E-014, 4.051614850601328800 ) ) ;
#10170 = CARTESIAN_POINT ( 'NONE',  ( -11.43477309068267700, 1.260000000000000700, -1.694392033916209500 ) ) ;
#10171 = CARTESIAN_POINT ( 'NONE',  ( -13.05418368287981700, 1.538235555314654300, 4.063999999999998300 ) ) ;
#10172 = DIRECTION ( 'NONE',  ( 0.0000000000000000000, 0.0000000000000000000, 1.000000000000000000 ) ) ;
#10173 = DIRECTION ( 'NONE',  ( 0.8660254037844363800, -0.0000000000000000000, 0.5000000000000041100 ) ) ;
#10174 = CARTESIAN_POINT ( 'NONE',  ( -7.588980613363023800, 13.14449999999999900, 3.991718482731981200 ) ) ;
#10175 = CARTESIAN_POINT ( 'NONE',  ( 1.127570259384924600E-014, 13.14450000000000100, 4.044635149398647700 ) ) ;
#10176 = CARTESIAN_POINT ( 'NONE',  ( 2.624389492455733800, 12.87984705040738700, 4.063999999999998300 ) ) ;
#10177 = CARTESIAN_POINT ( 'NONE',  ( 1.325539027618933200, 13.14449999999999900, 4.053877906819144200 ) ) ;
#10178 = CARTESIAN_POINT ( 'NONE',  ( 10.54599999999999600, 1.148775559756488800, 4.317999999999998700 ) ) ;
#10179 = CARTESIAN_POINT ( 'NONE',  ( 0.0000000000000000000, 0.0000000000000000000, 0.0000000000000000000 ) ) ;
#10180 = DIRECTION ( 'NONE',  ( 0.0000000000000000000, -1.000000000000000000, 0.0000000000000000000 ) ) ;
#10181 = DIRECTION ( 'NONE',  ( 1.110223024625156300E-016, 1.390432168732589500E-017, 1.000000000000000000 ) ) ;
#10182 = CARTESIAN_POINT ( 'NONE',  ( 3.640544456622792200, 1.260000000000000700, -2.805607966083881100 ) ) ;
#10183 = DIRECTION ( 'NONE',  ( 1.000000000000000000, -1.110223024625156800E-016, 0.0000000000000000000 ) ) ;
#10184 = CARTESIAN_POINT ( 'NONE',  ( 7.828869650211327500, 5.080000000000004500, 4.520000000000015600 ) ) ;
#10185 = CARTESIAN_POINT ( 'NONE',  ( -13.14449999999999700, 0.7717692041927152200, 4.057828773340399500 ) ) ;
#10186 = CARTESIAN_POINT ( 'NONE',  ( 9.714649267179385800, 8.345806103586968000, -0.5119999999999985700 ) ) ;
#10187 = CARTESIAN_POINT ( 'NONE',  ( -13.14449999999999400, -3.439651383146786400E-014, 3.885885149398647300 ) ) ;
#10188 = DIRECTION ( 'NONE',  ( -0.0000000000000000000, 1.000000000000000000, -0.0000000000000000000 ) ) ;
#10189 = DIRECTION ( 'NONE',  ( 1.000000000000000000, -1.734723475976808100E-016, 0.0000000000000000000 ) ) ;
#10190 = CARTESIAN_POINT ( 'NONE',  ( 2.505665551381469000E-015, 1.066800000000000000, 10.73150000000000200 ) ) ;
#10191 = DIRECTION ( 'NONE',  ( 1.486164610904928800E-018, 1.000000000000000000, 1.390432168732589800E-017 ) ) ;
#10192 = CARTESIAN_POINT ( 'NONE',  ( -10.53025884418233500, 2.398676442232187300, 4.317999999999998700 ) ) ;
#10193 = DIRECTION ( 'NONE',  ( 0.8660254037844364900, 0.0000000000000000000, 0.5000000000000036600 ) ) ;
#10194 = CARTESIAN_POINT ( 'NONE',  ( 7.588980613363025500, -13.14450000000000300, 0.02994818393466787100 ) ) ;
#10195 = DIRECTION ( 'NONE',  ( 1.000000000000000000, -1.110223024625156800E-016, 0.0000000000000000000 ) ) ;
#10196 = DIRECTION ( 'NONE',  ( 0.0000000000000000000, 0.0000000000000000000, 1.000000000000000000 ) ) ;
#10197 = CARTESIAN_POINT ( 'NONE',  ( 0.0000000000000000000, 0.0000000000000000000, 3.352799999999999300 ) ) ;
#10198 = CARTESIAN_POINT ( 'NONE',  ( 0.0000000000000000000, 0.0000000000000000000, 2.267999999999999300 ) ) ;
#10199 = CARTESIAN_POINT ( 'NONE',  ( -10.63940253137255900, -1.855562926829267700, 8.037808214890210600 ) ) ;
#10200 = CARTESIAN_POINT ( 'NONE',  ( 0.0000000000000000000, 0.0000000000000000000, 1.688000000000001900 ) ) ;
#10201 = DIRECTION ( 'NONE',  ( 1.000000000000000000, -1.110223024625156800E-016, 0.0000000000000000000 ) ) ;
#10202 = DIRECTION ( 'NONE',  ( 0.0000000000000000000, 0.0000000000000000000, -1.000000000000000000 ) ) ;
#10203 = CARTESIAN_POINT ( 'NONE',  ( 2.055607966083866400, 1.260000000000000700, 5.939582562299415600 ) ) ;
#10204 = DIRECTION ( 'NONE',  ( -1.000000000000000000, 1.110223024625156800E-016, 0.0000000000000000000 ) ) ;
#10205 = DIRECTION ( 'NONE',  ( -0.0000000000000000000, -0.0000000000000000000, -1.000000000000000000 ) ) ;
#10206 = CARTESIAN_POINT ( 'NONE',  ( 9.404932759999994100, 1.659133819999998500, 4.317999999999998700 ) ) ;
#10207 = CARTESIAN_POINT ( 'NONE',  ( 2.921633369868306600, 1.260000000000000700, 5.439582562299403200 ) ) ;
#10208 = DIRECTION ( 'NONE',  ( 0.0000000000000000000, 0.0000000000000000000, 1.000000000000000000 ) ) ;
#10209 = DIRECTION ( 'NONE',  ( 1.000000000000000000, 0.0000000000000000000, 0.0000000000000000000 ) ) ;
#10210 = CARTESIAN_POINT ( 'NONE',  ( 7.588980613363041500, 13.14449999999998800, 0.2875518160653230400 ) ) ;
#10211 = DIRECTION ( 'NONE',  ( 0.0000000000000000000, 0.0000000000000000000, -1.000000000000000000 ) ) ;
#10212 = CARTESIAN_POINT ( 'NONE',  ( 1.127570259384924600E-014, 13.14450000000000100, 0.2346351493986570400 ) ) ;
#10213 = CARTESIAN_POINT ( 'NONE',  ( -7.588980613363023800, 13.14449999999999900, 0.1817184827319900700 ) ) ;
#10214 = CARTESIAN_POINT ( 'NONE',  ( -11.38347092004454600, 6.572250000000002100, 0.1288018160653207900 ) ) ;
#10215 = CARTESIAN_POINT ( 'NONE',  ( 13.14449999999999500, -1.301489712542027600E-014, 1.194114850601333300 ) ) ;
#10216 = CARTESIAN_POINT ( 'NONE',  ( 13.14450000000001000, 3.522058159910857800, 1.165756894402372800 ) ) ;
#10217 = DIRECTION ( 'NONE',  ( -0.5000000000000028900, 0.0000000000000000000, 0.8660254037844370400 ) ) ;
#10218 = CARTESIAN_POINT ( 'NONE',  ( -13.14449999999999500, -3.718542035834364300E-015, 0.07588514939865558000 ) ) ;
#10219 = DIRECTION ( 'NONE',  ( -6.938893903907197600E-015, 0.0000000000000000000, 1.000000000000000000 ) ) ;
#10220 = DIRECTION ( 'NONE',  ( -0.0000000000000000000, -1.000000000000000000, -0.0000000000000000000 ) ) ;
#10221 = CARTESIAN_POINT ( 'NONE',  ( -10.75679306876173800, 5.510000000000000700, 3.431312121600013800 ) ) ;
#10222 = CARTESIAN_POINT ( 'NONE',  ( 13.14449999999999400, 1.504043304207010500E-016, 4.317999999999998700 ) ) ;
#10223 = CARTESIAN_POINT ( 'NONE',  ( -13.14449999999999700, 3.522058159910892400, 0.1042431055976159700 ) ) ;
#10224 = CARTESIAN_POINT ( 'NONE',  ( -2.406793068761691400, 5.510000000000000700, -11.03131212160007900 ) ) ;
#10225 = CARTESIAN_POINT ( 'NONE',  ( -13.14449999999999500, -9.296355089585910700E-016, 0.2416148506013345300 ) ) ;
#10226 = CARTESIAN_POINT ( 'NONE',  ( -11.38347092004454600, 6.572250000000002100, 0.2945315172680034200 ) ) ;
#10227 = CARTESIAN_POINT ( 'NONE',  ( -7.588980613363026400, 13.14450000000000100, 0.3474481839346668700 ) ) ;
#10228 = CARTESIAN_POINT ( 'NONE',  ( -13.14449999999999500, 3.522058159910900900, 0.2699728068002958400 ) ) ;
#10229 = CARTESIAN_POINT ( 'NONE',  ( 1.127570259384924600E-014, 13.14450000000000100, 0.4003648506013362000 ) ) ;
#10230 = CARTESIAN_POINT ( 'NONE',  ( 7.588980613363044200, 13.14449999999999400, 0.4532815172679999200 ) ) ;
#10231 = CARTESIAN_POINT ( 'NONE',  ( 11.38347092004455500, 6.572249999999984400, 0.5061981839346689800 ) ) ;
#10232 = DIRECTION ( 'NONE',  ( 0.0000000000000000000, 0.0000000000000000000, 1.000000000000000000 ) ) ;
#10233 = DIRECTION ( 'NONE',  ( 0.0000000000000000000, 1.000000000000000000, 0.0000000000000000000 ) ) ;
#10234 = CARTESIAN_POINT ( 'NONE',  ( -8.037658773652724500, 5.510000000000000700, 1.421633369868238600 ) ) ;
#10235 = CARTESIAN_POINT ( 'NONE',  ( 13.14449999999999900, 3.522058159910877300, 0.5307568944023738400 ) ) ;
#10236 = DIRECTION ( 'NONE',  ( 0.0000000000000000000, 0.0000000000000000000, -1.000000000000000000 ) ) ;
#10237 = DIRECTION ( 'NONE',  ( 0.0000000000000000000, 0.0000000000000000000, 1.000000000000000000 ) ) ;
#10238 = CARTESIAN_POINT ( 'NONE',  ( 13.14449999999999700, -1.859271017917182100E-015, 0.5591148506013340300 ) ) ;
#10239 = DIRECTION ( 'NONE',  ( -0.0000000000000000000, -1.000000000000000000, -0.0000000000000000000 ) ) ;
#10240 = CARTESIAN_POINT ( 'NONE',  ( -2.406793068761691400, 5.510000000000000700, -11.03131212160008300 ) ) ;
#10241 = DIRECTION ( 'NONE',  ( 0.0000000000000000000, 0.0000000000000000000, -1.000000000000000000 ) ) ;
#10242 = DIRECTION ( 'NONE',  ( -0.0000000000000000000, -1.000000000000000000, -0.0000000000000000000 ) ) ;
#10243 = PLANE ( 'NONE',  #6180 ) ;
#10244 = CARTESIAN_POINT ( 'NONE',  ( 0.0000000000000000000, 1.010362971081847600, 0.0000000000000000000 ) ) ;
#10245 = DIRECTION ( 'NONE',  ( -0.0000000000000000000, 1.000000000000000000, -0.0000000000000000000 ) ) ;
#10246 = DIRECTION ( 'NONE',  ( 0.0000000000000000000, -0.0000000000000000000, 1.000000000000000000 ) ) ;
#10247 = PLANE ( 'NONE',  #6178 ) ;
#10248 = CARTESIAN_POINT ( 'NONE',  ( 0.0000000000000000000, 7.859999999999998500, 0.0000000000000000000 ) ) ;
#10249 = DIRECTION ( 'NONE',  ( 0.0000000000000000000, 0.0000000000000000000, 1.000000000000000000 ) ) ;
#10250 = DIRECTION ( 'NONE',  ( 0.0000000000000000000, 1.000000000000000000, 0.0000000000000000000 ) ) ;
#10251 = DIRECTION ( 'NONE',  ( 1.000000000000000000, -0.0000000000000000000, -0.0000000000000000000 ) ) ;
#10252 = CARTESIAN_POINT ( 'NONE',  ( 2.539999999999998700, 3.550000000000001200, 0.0000000000000000000 ) ) ;
#10253 = CARTESIAN_POINT ( 'NONE',  ( 2.780463044020562400, 0.1500000000000008300, -10.39774018625500000 ) ) ;
#10254 = DIRECTION ( 'NONE',  ( 0.0000000000000000000, 0.0000000000000000000, -1.000000000000000000 ) ) ;
#10255 = DIRECTION ( 'NONE',  ( -0.0000000000000000000, -1.000000000000000000, -0.0000000000000000000 ) ) ;
#10256 = DIRECTION ( 'NONE',  ( 0.0000000000000000000, 0.0000000000000000000, -1.000000000000000000 ) ) ;
#10257 = DIRECTION ( 'NONE',  ( 1.000000000000000000, -0.0000000000000000000, -0.0000000000000000000 ) ) ;
#10258 = CARTESIAN_POINT ( 'NONE',  ( 3.249999999999997800, 6.349999999999999600, 0.0000000000000000000 ) ) ;
#10259 = DIRECTION ( 'NONE',  ( 0.0000000000000000000, 0.0000000000000000000, 1.000000000000000000 ) ) ;
#10260 = DIRECTION ( 'NONE',  ( 0.0000000000000000000, 0.0000000000000000000, -1.000000000000000000 ) ) ;
#10261 = CARTESIAN_POINT ( 'NONE',  ( 10.54599999999999800, -1.148775549528840300, 8.037808214890210600 ) ) ;
#10262 = CARTESIAN_POINT ( 'NONE',  ( 11.63440551721697800, -5.542527425311208200, -0.5119999999999992300 ) ) ;
#10263 = CARTESIAN_POINT ( 'NONE',  ( 14.70869092792874400, 2.003086131649545700E-014, 1.428749999999995300 ) ) ;
#10264 = CARTESIAN_POINT ( 'NONE',  ( 4.943961906533900200E-014, -12.73810000000000300, 2.857499999999991900 ) ) ;
#10265 = CARTESIAN_POINT ( 'NONE',  ( 7.354345463964368600, -12.73810000000000600, 2.804583333333323200 ) ) ;
#10266 = CARTESIAN_POINT ( 'NONE',  ( 7.354345463964359700, 12.73810000000000800, 2.592916666666657700 ) ) ;
#10267 = CARTESIAN_POINT ( 'NONE',  ( 14.70869092792874400, 8.012344526598183000E-014, 2.698749999999991100 ) ) ;
#10268 = CARTESIAN_POINT ( 'NONE',  ( 11.03151819594657500, -6.369049999999973000, 2.751666666666659400 ) ) ;
#10269 = CARTESIAN_POINT ( 'NONE',  ( -7.354345463964412100, 12.73809999999998300, 2.487083333333324700 ) ) ;
#10270 = CARTESIAN_POINT ( 'NONE',  ( 11.03151819594654800, 6.369050000000014800, 2.645833333333326400 ) ) ;
#10271 = CARTESIAN_POINT ( 'NONE',  ( -11.03151819594655000, -6.369050000000011200, 2.328333333333328300 ) ) ;
#10272 = CARTESIAN_POINT ( 'NONE',  ( -11.03151819594657300, 6.369049999999973000, 2.434166666666660800 ) ) ;
#10273 = CARTESIAN_POINT ( 'NONE',  ( -14.70869092792874100, -2.604011971144409900E-014, 2.381249999999992100 ) ) ;
#10274 = CARTESIAN_POINT ( 'NONE',  ( -4.683753385137379200E-014, 12.73810000000000300, 2.539999999999993800 ) ) ;
#10275 = CARTESIAN_POINT ( 'NONE',  ( 7.354345463964411200, -12.73809999999998000, 2.169583333333326500 ) ) ;
#10276 = CARTESIAN_POINT ( 'NONE',  ( 11.03151819594657300, -6.369049999999973000, 2.116666666666659100 ) ) ;
#10277 = CARTESIAN_POINT ( 'NONE',  ( 14.70869092792874100, 2.203394744814499900E-014, 2.063749999999993100 ) ) ;
#10278 = CARTESIAN_POINT ( 'NONE',  ( 11.03151819594655000, 6.369050000000011200, 2.010833333333326100 ) ) ;
#10279 = CARTESIAN_POINT ( 'NONE',  ( 0.0000000000000000000, 12.73810000000000300, 1.904999999999993600 ) ) ;
#10280 = CARTESIAN_POINT ( 'NONE',  ( 12.54365426265448800, 2.531067956527551100, -0.5119999999999981200 ) ) ;
#10281 = CARTESIAN_POINT ( 'NONE',  ( 12.73347549440854800, -1.578246175546352400, -0.5119999999999983500 ) ) ;
#10282 = CARTESIAN_POINT ( 'NONE',  ( 12.80231005902654800, 0.7184533089353484200, -0.5119999999999981200 ) ) ;
#10283 = CARTESIAN_POINT ( 'NONE',  ( 12.83465893801924200, -0.1955032359352869300, -0.5119999999999984600 ) ) ;
#10284 = CARTESIAN_POINT ( 'NONE',  ( 12.67461919381755700, -2.037308976030492800, -0.5119999999999984600 ) ) ;
#10285 = CARTESIAN_POINT ( 'NONE',  ( 12.50959183478830500, -2.938755764528823400, -0.5119999999999985700 ) ) ;
#10286 = CARTESIAN_POINT ( 'NONE',  ( 12.40328668351550700, -3.383184365815721700, -0.5119999999999985700 ) ) ;
#10287 = CARTESIAN_POINT ( 'NONE',  ( 11.98994208886270500, -4.691485927541230600, -0.5119999999999993400 ) ) ;
#10288 = CARTESIAN_POINT ( 'NONE',  ( 7.354345463964381900, -12.73809999999999900, 0.8995833333333304000 ) ) ;
#10289 = CARTESIAN_POINT ( 'NONE',  ( 7.354345463964365900, 12.73809999999999900, 1.322916666666662300 ) ) ;
#10290 = CARTESIAN_POINT ( 'NONE',  ( -11.03151819594657100, 6.369049999999976600, 1.164166666666660600 ) ) ;
#10291 = CARTESIAN_POINT ( 'NONE',  ( 11.21080632813821300, -6.362610448784066900, -0.5119999999999985700 ) ) ;
#10292 = DIRECTION ( 'NONE',  ( 0.0000000000000000000, 0.0000000000000000000, 1.000000000000000000 ) ) ;
#10293 = CARTESIAN_POINT ( 'NONE',  ( -0.9999999999999974500, 0.6250000000000005600, 0.3499999999999961500 ) ) ;
#10294 = DIRECTION ( 'NONE',  ( -1.000000000000000000, 1.110223024625156800E-016, 0.0000000000000000000 ) ) ;
#10295 = CARTESIAN_POINT ( 'NONE',  ( -7.354345463964367700, -12.73810000000000500, 1.640416666666661100 ) ) ;
#10296 = DIRECTION ( 'NONE',  ( 0.0000000000000000000, -1.000000000000000000, 0.0000000000000000000 ) ) ;
#10297 = CARTESIAN_POINT ( 'NONE',  ( -11.03151819594655000, -6.369050000000011200, 1.693333333333328000 ) ) ;
#10298 = CARTESIAN_POINT ( 'NONE',  ( -7.354345463964403300, 12.73809999999998300, 1.217083333333329300 ) ) ;
#10299 = CARTESIAN_POINT ( 'NONE',  ( -3.469446951953614200E-015, -12.73810000000000300, 1.587499999999995200 ) ) ;
#10300 = CARTESIAN_POINT ( 'NONE',  ( -11.03151819594655300, -6.369050000000007600, 1.058333333333327800 ) ) ;
#10301 = CARTESIAN_POINT ( 'NONE',  ( 1.000000000000000900, 0.6250000000000005600, 0.3499999999999961500 ) ) ;
#10302 = CARTESIAN_POINT ( 'NONE',  ( 7.354345463964405900, -12.73809999999998300, 1.534583333333328100 ) ) ;
#10303 = DIRECTION ( 'NONE',  ( 8.881784197001252300E-016, -1.000000000000000000, 0.0000000000000000000 ) ) ;
#10304 = DIRECTION ( 'NONE',  ( 0.0000000000000000000, -1.000000000000000000, 0.0000000000000000000 ) ) ;
#10305 = CARTESIAN_POINT ( 'NONE',  ( 5.290906601729261600E-014, -12.73810000000000300, 3.492499999999988600 ) ) ;
#10306 = CARTESIAN_POINT ( 'NONE',  ( -11.03151819594652500, -6.369050000000056500, 2.963333333333324900 ) ) ;
#10307 = CARTESIAN_POINT ( 'NONE',  ( -7.354345463964362400, -12.73810000000000600, 2.275416666666659100 ) ) ;
#10308 = CARTESIAN_POINT ( 'NONE',  ( -14.70869092792874100, -2.203394744814499900E-014, 1.746249999999994100 ) ) ;
#10309 = CARTESIAN_POINT ( 'NONE',  ( -7.354345463964372200, -12.73810000000000500, 1.005416666666663300 ) ) ;
#10310 = CARTESIAN_POINT ( 'NONE',  ( -11.03151819594656000, 6.369050000000005000, 0.5291666666666639000 ) ) ;
#10311 = CARTESIAN_POINT ( 'NONE',  ( -11.03151819594656000, -6.369049999999994300, -0.2116666666666690300 ) ) ;
#10312 = DIRECTION ( 'NONE',  ( 0.0000000000000000000, 0.0000000000000000000, 1.000000000000000000 ) ) ;
#10313 = DIRECTION ( 'NONE',  ( -0.0000000000000000000, 0.0000000000000000000, -1.000000000000000000 ) ) ;
#10314 = CARTESIAN_POINT ( 'NONE',  ( 10.54599999999999600, 1.148775559756488800, 3.352799999999999300 ) ) ;
#10315 = DIRECTION ( 'NONE',  ( 0.0000000000000000000, 0.0000000000000000000, -1.000000000000000000 ) ) ;
#10316 = DIRECTION ( 'NONE',  ( 0.0000000000000000000, 0.0000000000000000000, -1.000000000000000000 ) ) ;
#10317 = DIRECTION ( 'NONE',  ( 1.000000000000000000, -1.734723475976808100E-016, 0.0000000000000000000 ) ) ;
#10318 = CARTESIAN_POINT ( 'NONE',  ( 10.54599999999999600, 1.148775559756488800, 8.037808214890210600 ) ) ;
#10319 = CARTESIAN_POINT ( 'NONE',  ( 1.000000000000000900, -0.6250000000000005600, 0.3499999999999961500 ) ) ;
#10320 = CARTESIAN_POINT ( 'NONE',  ( 1.000000000000000900, 0.6250000000000005600, -0.09999999999999939500 ) ) ;
#10321 = DIRECTION ( 'NONE',  ( -1.000000000000000000, 0.0000000000000000000, 0.0000000000000000000 ) ) ;
#10322 = DIRECTION ( 'NONE',  ( -0.0000000000000000000, 0.0000000000000000000, -1.000000000000000000 ) ) ;
#10323 = DIRECTION ( 'NONE',  ( 0.0000000000000000000, 0.0000000000000000000, 1.000000000000000000 ) ) ;
#10324 = CARTESIAN_POINT ( 'NONE',  ( -0.9999999999999974500, 0.6250000000000005600, 0.0000000000000000000 ) ) ;
#10325 = DIRECTION ( 'NONE',  ( -1.000000000000000000, 0.0000000000000000000, 0.0000000000000000000 ) ) ;
#10326 = DIRECTION ( 'NONE',  ( -1.665334536937734800E-016, -1.000000000000000000, 0.0000000000000000000 ) ) ;
#10327 = DIRECTION ( 'NONE',  ( 0.8660254037844380400, -0.0000000000000000000, 0.5000000000000010000 ) ) ;
#10328 = CARTESIAN_POINT ( 'NONE',  ( -12.41717094322596200, -3.837706278749940300, -0.3365003412012883600 ) ) ;
#10329 = DIRECTION ( 'NONE',  ( 0.5000000000000041100, 0.0000000000000000000, -0.8660254037844362700 ) ) ;
#10330 = CARTESIAN_POINT ( 'NONE',  ( 14.70869092792874600, 8.412961752928092600E-014, 3.333749999999989100 ) ) ;
#10331 = CARTESIAN_POINT ( 'NONE',  ( -14.70869092792874100, -2.203394744814499900E-014, 1.111249999999996300 ) ) ;
#10332 = CARTESIAN_POINT ( 'NONE',  ( 9.540979117872439000E-015, 12.73810000000000300, 0.0000000000000000000 ) ) ;
#10333 = CARTESIAN_POINT ( 'NONE',  ( 4.683753385137379200E-014, -12.73810000000000300, 2.222499999999991700 ) ) ;
#10334 = DIRECTION ( 'NONE',  ( 0.0000000000000000000, 0.0000000000000000000, 1.000000000000000000 ) ) ;
#10335 = CARTESIAN_POINT ( 'NONE',  ( 0.0000000000000000000, 0.0000000000000000000, 4.317999999999998700 ) ) ;
#10336 = CARTESIAN_POINT ( 'NONE',  ( 1.000000000000000900, -0.6250000000000005600, -0.09999999999999939500 ) ) ;
#10337 = DIRECTION ( 'NONE',  ( -1.665334536937734800E-016, -1.000000000000000000, 0.0000000000000000000 ) ) ;
#10338 = DIRECTION ( 'NONE',  ( 0.0000000000000000000, 0.0000000000000000000, 1.000000000000000000 ) ) ;
#10339 = CARTESIAN_POINT ( 'NONE',  ( 0.6000000000000015300, -0.6250000000000005600, -0.09999999999999939500 ) ) ;
#10340 = DIRECTION ( 'NONE',  ( 7.216449660063517500E-016, 1.000000000000000000, 0.0000000000000000000 ) ) ;
#10341 = DIRECTION ( 'NONE',  ( 1.000000000000000000, -1.734723470200871800E-016, 0.0000000000000000000 ) ) ;
#10342 = DIRECTION ( 'NONE',  ( -0.0000000000000000000, -0.0000000000000000000, -1.000000000000000000 ) ) ;
#10343 = CARTESIAN_POINT ( 'NONE',  ( -9.404932760015130500, -1.659133819999998500, 4.317999999999998700 ) ) ;
#10344 = CARTESIAN_POINT ( 'NONE',  ( -0.5999999999999963100, -0.6249999999999971100, -0.09999999999999939500 ) ) ;
#10345 = DIRECTION ( 'NONE',  ( -1.000000000000000000, 0.0000000000000000000, 0.0000000000000000000 ) ) ;
#10346 = DIRECTION ( 'NONE',  ( 0.0000000000000000000, 0.0000000000000000000, 1.000000000000000000 ) ) ;
#10347 = CARTESIAN_POINT ( 'NONE',  ( 13.98405643130424300, -1.255103765070743700, -0.4658220857006442100 ) ) ;
#10348 = CARTESIAN_POINT ( 'NONE',  ( 11.03151819594655200, 6.369050000000011200, 1.375833333333329700 ) ) ;
#10349 = CARTESIAN_POINT ( 'NONE',  ( -2.216262647932767400, 10.16000000000000400, -13.00653037638200400 ) ) ;
#10350 = CARTESIAN_POINT ( 'NONE',  ( 1.647987302177966700E-014, -12.73810000000000300, 0.9524999999999950200 ) ) ;
#10351 = CARTESIAN_POINT ( 'NONE',  ( 14.70869092792874400, 1.602468905319636400E-014, 0.7937499999999974000 ) ) ;
#10352 = CARTESIAN_POINT ( 'NONE',  ( 11.03151819594657300, -6.369049999999980100, 1.481666666666662500 ) ) ;
#10353 = CARTESIAN_POINT ( 'NONE',  ( 11.03151819594655900, -6.369050000000001400, 0.8466666666666622400 ) ) ;
#10354 = CARTESIAN_POINT ( 'NONE',  ( 11.03151819594655200, 6.369050000000007600, 0.7408333333333294600 ) ) ;
#10355 = CARTESIAN_POINT ( 'NONE',  ( 7.354345463964372200, 12.73809999999999900, 0.6879166666666644000 ) ) ;
#10356 = CARTESIAN_POINT ( 'NONE',  ( 7.354345463964365900, 12.73809999999999900, 1.957916666666660300 ) ) ;
#10357 = DIRECTION ( 'NONE',  ( 0.0000000000000000000, 0.0000000000000000000, -1.000000000000000000 ) ) ;
#10358 = DIRECTION ( 'NONE',  ( -1.665334536937734300E-016, 1.000000000000000000, 0.0000000000000000000 ) ) ;
#10359 = CARTESIAN_POINT ( 'NONE',  ( 2.055607966083866400, 3.910000000000000100, 4.939582562299423600 ) ) ;
#10360 = DIRECTION ( 'NONE',  ( 0.0000000000000000000, 0.0000000000000000000, 1.000000000000000000 ) ) ;
#10361 = DIRECTION ( 'NONE',  ( -0.0000000000000000000, -1.000000000000000000, -0.0000000000000000000 ) ) ;
#10362 = CARTESIAN_POINT ( 'NONE',  ( 1.000000000000000900, 0.6250000000000005600, 0.3499999999999961500 ) ) ;
#10363 = CARTESIAN_POINT ( 'NONE',  ( 11.03151819594655200, -6.369050000000009400, -0.4233333333333345600 ) ) ;
#10364 = CARTESIAN_POINT ( 'NONE',  ( 10.53025884418231900, -2.398676442232260200, 3.352799999999999300 ) ) ;
#10365 = CARTESIAN_POINT ( 'NONE',  ( 11.03151819594655500, -6.369050000000005000, 0.2116666666666655600 ) ) ;
#10366 = CARTESIAN_POINT ( 'NONE',  ( 14.70869092792874100, -2.003086131649545500E-015, 0.1587499999999994700 ) ) ;
#10367 = CARTESIAN_POINT ( 'NONE',  ( -9.540979117872439000E-015, -12.73810000000000300, 0.3174999999999983400 ) ) ;
#10368 = CARTESIAN_POINT ( 'NONE',  ( 7.354345463964379300, -12.73810000000000300, 0.2645833333333324500 ) ) ;
#10369 = CARTESIAN_POINT ( 'NONE',  ( -11.03151819594657300, 6.369049999999976600, 1.799166666666660800 ) ) ;
#10370 = CARTESIAN_POINT ( 'NONE',  ( -11.03151819594655300, -6.369050000000005000, 0.4233333333333311200 ) ) ;
#10371 = CARTESIAN_POINT ( 'NONE',  ( 3.469446951953614200E-015, 12.73810000000000300, 1.269999999999996900 ) ) ;
#10372 = CARTESIAN_POINT ( 'NONE',  ( 7.806255641895631900E-015, 12.73810000000000300, 0.6349999999999966800 ) ) ;
#10373 = CARTESIAN_POINT ( 'NONE',  ( -7.354345463964372200, -12.73809999999999900, 0.3704166666666654500 ) ) ;
#10374 = CARTESIAN_POINT ( 'NONE',  ( -14.70869092792874100, 1.001543065824772900E-014, 0.4762499999999984500 ) ) ;
#10375 = CARTESIAN_POINT ( 'NONE',  ( -7.354345463964377500, 12.73809999999999900, 0.5820833333333315100 ) ) ;
#10376 = DIRECTION ( 'NONE',  ( 0.0000000000000000000, 0.0000000000000000000, -1.000000000000000000 ) ) ;
#10377 = CARTESIAN_POINT ( 'NONE',  ( -7.354345463964407700, 12.73809999999998300, 1.852083333333326900 ) ) ;
#10378 = DIRECTION ( 'NONE',  ( -0.0000000000000000000, 1.000000000000000000, -0.0000000000000000000 ) ) ;
#10379 = CARTESIAN_POINT ( 'NONE',  ( -8.221633369868305500, 5.510000000000000700, 3.740286717815578300 ) ) ;
#10380 = CARTESIAN_POINT ( 'NONE',  ( 13.14449999999999700, 2.881870077771632400E-014, 3.734114850601326600 ) ) ;
#10381 = CARTESIAN_POINT ( 'NONE',  ( 11.38347092004454500, -6.572250000000008400, 3.787031517267995400 ) ) ;
#10382 = CARTESIAN_POINT ( 'NONE',  ( 7.588980613363025500, -13.14450000000000300, 3.839948183934659600 ) ) ;
#10383 = CARTESIAN_POINT ( 'NONE',  ( -1.127570259384924600E-014, -13.14449999999999900, 3.892864850601328400 ) ) ;
#10384 = CARTESIAN_POINT ( 'NONE',  ( -7.588980613363044200, -13.14449999999999000, 3.945781517267997100 ) ) ;
#10385 = CARTESIAN_POINT ( 'NONE',  ( -13.14449999999999400, 1.459332654718536700E-015, 4.317999999999998700 ) ) ;
#10386 = CARTESIAN_POINT ( 'NONE',  ( 1.555607966083869800, 1.260000000000000700, 5.805607966083844200 ) ) ;
#10387 = CARTESIAN_POINT ( 'NONE',  ( -11.38347092004455200, -6.572249999999991500, 3.998698183934660900 ) ) ;
#10388 = CARTESIAN_POINT ( 'NONE',  ( -8.221633369868305500, 5.510000000000000700, 3.740286717815578300 ) ) ;
#10389 = DIRECTION ( 'NONE',  ( -0.8660254037844364900, 0.0000000000000000000, -0.5000000000000036600 ) ) ;
#10390 = CARTESIAN_POINT ( 'NONE',  ( -11.43477309068267700, 3.910000000000000100, -1.694392033916209500 ) ) ;
#10391 = CARTESIAN_POINT ( 'NONE',  ( -13.14449999999999400, -3.439651383146786400E-014, 2.615885149398649500 ) ) ;
#10392 = CARTESIAN_POINT ( 'NONE',  ( -13.14449999999998300, -3.522058159910902700, 2.587527193199689700 ) ) ;
#10393 = CARTESIAN_POINT ( 'NONE',  ( -7.588980613363040600, -13.14449999999998800, 2.510051816065315600 ) ) ;
#10394 = CARTESIAN_POINT ( 'NONE',  ( -1.127570259384924600E-014, -13.14449999999999700, 2.457135149398652200 ) ) ;
#10395 = CARTESIAN_POINT ( 'NONE',  ( -11.38347092004455200, -6.572249999999991500, 2.562968482731985200 ) ) ;
#10396 = CARTESIAN_POINT ( 'NONE',  ( -12.74882585400891900, 5.020031748376391700E-014, 4.292442574699326700 ) ) ;
#10397 = CARTESIAN_POINT ( 'NONE',  ( -11.38347092004455200, -6.572249999999991500, 2.093698183934664200 ) ) ;
#10398 = CARTESIAN_POINT ( 'NONE',  ( -11.63296826627222400, -5.325535445753344800, 4.270403460208874500 ) ) ;
#10399 = CARTESIAN_POINT ( 'NONE',  ( 11.38347092004454500, -6.572250000000008400, -0.02296848273199841900 ) ) ;
#10400 = CARTESIAN_POINT ( 'NONE',  ( 13.01774412443500000, -3.741605776547350700, -0.04575949902388781000 ) ) ;
#10401 = CARTESIAN_POINT ( 'NONE',  ( 13.13590762142625600, -0.4751959715269260500, -0.07205909487751489800 ) ) ;
#10402 = CARTESIAN_POINT ( 'NONE',  ( -7.588980613363044200, -13.14449999999999000, 0.1357815172680008600 ) ) ;
#10403 = CARTESIAN_POINT ( 'NONE',  ( -14.70869092792874100, -3.405246423804227600E-014, 3.651249999999991700 ) ) ;
#10404 = DIRECTION ( 'NONE',  ( -0.0000000000000000000, 0.0000000000000000000, -1.000000000000000000 ) ) ;
#10405 = DIRECTION ( 'NONE',  ( 0.0000000000000000000, 1.000000000000000000, 0.0000000000000000000 ) ) ;
#10406 = CARTESIAN_POINT ( 'NONE',  ( -10.13362965531908700, -7.874654903452000800, 4.259518985960610000 ) ) ;
#10407 = CARTESIAN_POINT ( 'NONE',  ( -11.45279635585596400, -5.708807786369322700, 4.268822448918928800 ) ) ;
#10408 = CARTESIAN_POINT ( 'NONE',  ( 11.98934949749574800, 4.302869999999820100, -0.5119999999999985700 ) ) ;
#10409 = CARTESIAN_POINT ( 'NONE',  ( 10.53025884418231900, -2.398676442232260200, 0.8179999999999992800 ) ) ;
#10410 = CARTESIAN_POINT ( 'NONE',  ( 9.404932759999994100, 1.659133819999998500, 3.352799999999999300 ) ) ;
#10411 = CARTESIAN_POINT ( 'NONE',  ( -10.54599999999999800, 1.148775559756492400, 4.317999999999998700 ) ) ;
#10412 = CARTESIAN_POINT ( 'NONE',  ( 12.14346049410987400, -4.259549099014978200, -0.5119999999999982300 ) ) ;
#10413 = DIRECTION ( 'NONE',  ( 1.000000000000000000, -1.734723470200871800E-016, 0.0000000000000000000 ) ) ;
#10414 = CARTESIAN_POINT ( 'NONE',  ( 10.53025884418231900, -2.398676442232260200, 4.317999999999998700 ) ) ;
#10415 = CARTESIAN_POINT ( 'NONE',  ( -12.75187508097512400, -0.4241376580774726100, 4.290682102689566500 ) ) ;
#10416 = CARTESIAN_POINT ( 'NONE',  ( -13.14449999999999500, -9.296355089585910700E-016, 0.2416148506013345300 ) ) ;
#10417 = CARTESIAN_POINT ( 'NONE',  ( -13.14449999999999900, -3.522058159910880400, 0.2132568944023733300 ) ) ;
#10418 = DIRECTION ( 'NONE',  ( -1.000000000000000000, 1.110223024625156800E-016, 0.0000000000000000000 ) ) ;
#10419 = CARTESIAN_POINT ( 'NONE',  ( 13.14449999999999000, -3.522058159910904000, 1.691743105597612900 ) ) ;
#10420 = DIRECTION ( 'NONE',  ( 0.0000000000000000000, 0.0000000000000000000, -1.000000000000000000 ) ) ;
#10421 = CARTESIAN_POINT ( 'NONE',  ( 0.0000000000000000000, 0.0000000000000000000, 1.688000000000001900 ) ) ;
#10422 = CARTESIAN_POINT ( 'NONE',  ( -5.000000000000000900, -5.000000000000001800, 1.249999999999997600 ) ) ;
#10423 = DIRECTION ( 'NONE',  ( 0.5000000000000030000, 0.0000000000000000000, -0.8660254037844369300 ) ) ;
#10424 = DIRECTION ( 'NONE',  ( 1.000000000000000000, 0.0000000000000000000, 0.0000000000000000000 ) ) ;
#10425 = DIRECTION ( 'NONE',  ( -1.000000000000000000, 1.110223024625156800E-016, 0.0000000000000000000 ) ) ;
#10426 = DIRECTION ( 'NONE',  ( 0.0000000000000000000, 0.0000000000000000000, -1.000000000000000000 ) ) ;
#10427 = CARTESIAN_POINT ( 'NONE',  ( 12.31421256265306500, 3.434844042440685600, -0.5119999999999985700 ) ) ;
#10428 = CARTESIAN_POINT ( 'NONE',  ( -9.404932760015130500, -1.659133819999998500, 3.352799999999999300 ) ) ;
#10429 = CARTESIAN_POINT ( 'NONE',  ( -12.73358808619883800, -0.8493127003438797300, 4.288918601491001700 ) ) ;
#10430 = CARTESIAN_POINT ( 'NONE',  ( -1.000000000000000900, -0.6250000000000005600, 0.3499999999999961500 ) ) ;
#10431 = CARTESIAN_POINT ( 'NONE',  ( -12.53698491937871900, -2.518660966970938600, 4.282001974358924400 ) ) ;
#10432 = CARTESIAN_POINT ( 'NONE',  ( -12.65581875693516000, -1.688042011808168000, 4.285442250740112900 ) ) ;
#10433 = CARTESIAN_POINT ( 'NONE',  ( -10.83559112768736400, -6.822680131044009500, 4.264221235678618900 ) ) ;
#10434 = CARTESIAN_POINT ( 'NONE',  ( -11.05439750374580800, -6.457091271591743900, 4.265737633228321900 ) ) ;
#10435 = ORIENTED_EDGE ( 'NONE', *, *, #2849, .T. ) ;
#10436 = ORIENTED_EDGE ( 'NONE', *, *, #1192, .T. ) ;
#10437 = ORIENTED_EDGE ( 'NONE', *, *, #2702, .F. ) ;
#10438 = ORIENTED_EDGE ( 'NONE', *, *, #6417, .T. ) ;
#10439 = ORIENTED_EDGE ( 'NONE', *, *, #6393, .T. ) ;
#10440 = ORIENTED_EDGE ( 'NONE', *, *, #4021, .T. ) ;
#10441 = ORIENTED_EDGE ( 'NONE', *, *, #6434, .T. ) ;
#10442 = ORIENTED_EDGE ( 'NONE', *, *, #2941, .T. ) ;
#10443 = ORIENTED_EDGE ( 'NONE', *, *, #6433, .T. ) ;
#10444 = ORIENTED_EDGE ( 'NONE', *, *, #6433, .F. ) ;
#10445 = ORIENTED_EDGE ( 'NONE', *, *, #1208, .T. ) ;
#10446 = ORIENTED_EDGE ( 'NONE', *, *, #4033, .T. ) ;
#10447 = ORIENTED_EDGE ( 'NONE', *, *, #2684, .F. ) ;
#10448 = ORIENTED_EDGE ( 'NONE', *, *, #4035, .F. ) ;
#10449 = ORIENTED_EDGE ( 'NONE', *, *, #3107, .F. ) ;
#10450 = ORIENTED_EDGE ( 'NONE', *, *, #4074, .F. ) ;
#10451 = ORIENTED_EDGE ( 'NONE', *, *, #4070, .T. ) ;
#10452 = ORIENTED_EDGE ( 'NONE', *, *, #4073, .T. ) ;
#10453 = ORIENTED_EDGE ( 'NONE', *, *, #4026, .T. ) ;
#10454 = ORIENTED_EDGE ( 'NONE', *, *, #4023, .T. ) ;
#10455 = ORIENTED_EDGE ( 'NONE', *, *, #4038, .T. ) ;
#10456 = ORIENTED_EDGE ( 'NONE', *, *, #4031, .F. ) ;
#10457 = ORIENTED_EDGE ( 'NONE', *, *, #4040, .F. ) ;
#10458 = ORIENTED_EDGE ( 'NONE', *, *, #4028, .T. ) ;
#10459 = ORIENTED_EDGE ( 'NONE', *, *, #4072, .T. ) ;
#10460 = ORIENTED_EDGE ( 'NONE', *, *, #2935, .F. ) ;
#10461 = ORIENTED_EDGE ( 'NONE', *, *, #6434, .F. ) ;
#10462 = ORIENTED_EDGE ( 'NONE', *, *, #4066, .T. ) ;
#10463 = ORIENTED_EDGE ( 'NONE', *, *, #2953, .T. ) ;
#10464 = ORIENTED_EDGE ( 'NONE', *, *, #1193, .F. ) ;
#10465 = ORIENTED_EDGE ( 'NONE', *, *, #2933, .T. ) ;
#10466 = ORIENTED_EDGE ( 'NONE', *, *, #2957, .T. ) ;
#10467 = ORIENTED_EDGE ( 'NONE', *, *, #6417, .F. ) ;
#10468 = ORIENTED_EDGE ( 'NONE', *, *, #5219, .F. ) ;
#10469 = ORIENTED_EDGE ( 'NONE', *, *, #6388, .F. ) ;
#10470 = ORIENTED_EDGE ( 'NONE', *, *, #6396, .T. ) ;
#10471 = ORIENTED_EDGE ( 'NONE', *, *, #6394, .F. ) ;
#10472 = ORIENTED_EDGE ( 'NONE', *, *, #4052, .T. ) ;
#10473 = ORIENTED_EDGE ( 'NONE', *, *, #4090, .F. ) ;
#10474 = ORIENTED_EDGE ( 'NONE', *, *, #6392, .T. ) ;
#10475 = ORIENTED_EDGE ( 'NONE', *, *, #6388, .T. ) ;
#10476 = ORIENTED_EDGE ( 'NONE', *, *, #5217, .T. ) ;
#10477 = ORIENTED_EDGE ( 'NONE', *, *, #6385, .F. ) ;
#10478 = ORIENTED_EDGE ( 'NONE', *, *, #4090, .T. ) ;
#10479 = ORIENTED_EDGE ( 'NONE', *, *, #6386, .F. ) ;
#10480 = ORIENTED_EDGE ( 'NONE', *, *, #1214, .F. ) ;
#10481 = ORIENTED_EDGE ( 'NONE', *, *, #6387, .F. ) ;
#10482 = ORIENTED_EDGE ( 'NONE', *, *, #6413, .T. ) ;
#10483 = ORIENTED_EDGE ( 'NONE', *, *, #6408, .T. ) ;
#10484 = ORIENTED_EDGE ( 'NONE', *, *, #6413, .F. ) ;
#10485 = ORIENTED_EDGE ( 'NONE', *, *, #2932, .F. ) ;
#10486 = ORIENTED_EDGE ( 'NONE', *, *, #2908, .T. ) ;
#10487 = ORIENTED_EDGE ( 'NONE', *, *, #6406, .T. ) ;
#10488 = ORIENTED_EDGE ( 'NONE', *, *, #2872, .F. ) ;
#10489 = ORIENTED_EDGE ( 'NONE', *, *, #5216, .T. ) ;
#10490 = ORIENTED_EDGE ( 'NONE', *, *, #2906, .F. ) ;
#10491 = ORIENTED_EDGE ( 'NONE', *, *, #2680, .F. ) ;
#10492 = ORIENTED_EDGE ( 'NONE', *, *, #2922, .T. ) ;
#10493 = ORIENTED_EDGE ( 'NONE', *, *, #2678, .F. ) ;
#10494 = ORIENTED_EDGE ( 'NONE', *, *, #2816, .F. ) ;
#10495 = ORIENTED_EDGE ( 'NONE', *, *, #6429, .F. ) ;
#10496 = ORIENTED_EDGE ( 'NONE', *, *, #2814, .T. ) ;
#10497 = ORIENTED_EDGE ( 'NONE', *, *, #1178, .T. ) ;
#10498 = ORIENTED_EDGE ( 'NONE', *, *, #2897, .F. ) ;
#10499 = ORIENTED_EDGE ( 'NONE', *, *, #2808, .F. ) ;
#10500 = ORIENTED_EDGE ( 'NONE', *, *, #5207, .T. ) ;
#10501 = ORIENTED_EDGE ( 'NONE', *, *, #4112, .T. ) ;
#10502 = ORIENTED_EDGE ( 'NONE', *, *, #2918, .F. ) ;
#10503 = ORIENTED_EDGE ( 'NONE', *, *, #2820, .F. ) ;
#10504 = ORIENTED_EDGE ( 'NONE', *, *, #6403, .T. ) ;
#10505 = ORIENTED_EDGE ( 'NONE', *, *, #2808, .T. ) ;
#10506 = ORIENTED_EDGE ( 'NONE', *, *, #6402, .F. ) ;
#10507 = ORIENTED_EDGE ( 'NONE', *, *, #6401, .T. ) ;
#10508 = ORIENTED_EDGE ( 'NONE', *, *, #6400, .T. ) ;
#10509 = ORIENTED_EDGE ( 'NONE', *, *, #6399, .F. ) ;
#10510 = ORIENTED_EDGE ( 'NONE', *, *, #6398, .F. ) ;
#10511 = ORIENTED_EDGE ( 'NONE', *, *, #6407, .T. ) ;
#10512 = ORIENTED_EDGE ( 'NONE', *, *, #4111, .F. ) ;
#10513 = ORIENTED_EDGE ( 'NONE', *, *, #6427, .F. ) ;
#10514 = ORIENTED_EDGE ( 'NONE', *, *, #6395, .T. ) ;
#10515 = ORIENTED_EDGE ( 'NONE', *, *, #6397, .T. ) ;
#10516 = ORIENTED_EDGE ( 'NONE', *, *, #6419, .F. ) ;
#10517 = ORIENTED_EDGE ( 'NONE', *, *, #6409, .F. ) ;
#10518 = ORIENTED_EDGE ( 'NONE', *, *, #6410, .T. ) ;
#10519 = ORIENTED_EDGE ( 'NONE', *, *, #6404, .F. ) ;
#10520 = ORIENTED_EDGE ( 'NONE', *, *, #6398, .T. ) ;
#10521 = ORIENTED_EDGE ( 'NONE', *, *, #6423, .F. ) ;
#10522 = ORIENTED_EDGE ( 'NONE', *, *, #6422, .F. ) ;
#10523 = ORIENTED_EDGE ( 'NONE', *, *, #6424, .T. ) ;
#10524 = ORIENTED_EDGE ( 'NONE', *, *, #6411, .T. ) ;
#10525 = ORIENTED_EDGE ( 'NONE', *, *, #6418, .F. ) ;
#10526 = ORIENTED_EDGE ( 'NONE', *, *, #4110, .T. ) ;
#10527 = ORIENTED_EDGE ( 'NONE', *, *, #6414, .T. ) ;
#10528 = ORIENTED_EDGE ( 'NONE', *, *, #6432, .F. ) ;
#10529 = ORIENTED_EDGE ( 'NONE', *, *, #6421, .T. ) ;
#10530 = ORIENTED_EDGE ( 'NONE', *, *, #6412, .T. ) ;
#10531 = ORIENTED_EDGE ( 'NONE', *, *, #2895, .T. ) ;
#10532 = ORIENTED_EDGE ( 'NONE', *, *, #4114, .F. ) ;
#10533 = ORIENTED_EDGE ( 'NONE', *, *, #1182, .F. ) ;
#10534 = ORIENTED_EDGE ( 'NONE', *, *, #6405, .T. ) ;
#10535 = ORIENTED_EDGE ( 'NONE', *, *, #4024, .T. ) ;
#10536 = ORIENTED_EDGE ( 'NONE', *, *, #1182, .T. ) ;
#10537 = ORIENTED_EDGE ( 'NONE', *, *, #4056, .T. ) ;
#10538 = ORIENTED_EDGE ( 'NONE', *, *, #2914, .T. ) ;
#10539 = ORIENTED_EDGE ( 'NONE', *, *, #2902, .F. ) ;
#10540 = ORIENTED_EDGE ( 'NONE', *, *, #2891, .T. ) ;
#10541 = ORIENTED_EDGE ( 'NONE', *, *, #2910, .T. ) ;
#10542 = ORIENTED_EDGE ( 'NONE', *, *, #1181, .T. ) ;
#10543 = ORIENTED_EDGE ( 'NONE', *, *, #2926, .T. ) ;
#10544 = ORIENTED_EDGE ( 'NONE', *, *, #2924, .T. ) ;
#10545 = ORIENTED_EDGE ( 'NONE', *, *, #2930, .F. ) ;
#10546 = ORIENTED_EDGE ( 'NONE', *, *, #2912, .T. ) ;
#10547 = ORIENTED_EDGE ( 'NONE', *, *, #2916, .T. ) ;
#10548 = ORIENTED_EDGE ( 'NONE', *, *, #2928, .F. ) ;
#10549 = ORIENTED_EDGE ( 'NONE', *, *, #6391, .T. ) ;
#10550 = ORIENTED_EDGE ( 'NONE', *, *, #6406, .F. ) ;
#10551 = ORIENTED_EDGE ( 'NONE', *, *, #6420, .T. ) ;
#10552 = ORIENTED_EDGE ( 'NONE', *, *, #6384, .T. ) ;
#10553 = ORIENTED_EDGE ( 'NONE', *, *, #6389, .T. ) ;
#10554 = ORIENTED_EDGE ( 'NONE', *, *, #5217, .F. ) ;
#10555 = ORIENTED_EDGE ( 'NONE', *, *, #2915, .T. ) ;
#10556 = ORIENTED_EDGE ( 'NONE', *, *, #4045, .F. ) ;
#10557 = ORIENTED_EDGE ( 'NONE', *, *, #5225, .F. ) ;
#10558 = ORIENTED_EDGE ( 'NONE', *, *, #5210, .T. ) ;
#10559 = ORIENTED_EDGE ( 'NONE', *, *, #2906, .T. ) ;
#10560 = ORIENTED_EDGE ( 'NONE', *, *, #6393, .F. ) ;
#10561 = ORIENTED_EDGE ( 'NONE', *, *, #5206, .T. ) ;
#10562 = ORIENTED_EDGE ( 'NONE', *, *, #4058, .T. ) ;
#10563 = ORIENTED_EDGE ( 'NONE', *, *, #4025, .T. ) ;
#10564 = ORIENTED_EDGE ( 'NONE', *, *, #4030, .F. ) ;
#10565 = ORIENTED_EDGE ( 'NONE', *, *, #5209, .F. ) ;
#10566 = ORIENTED_EDGE ( 'NONE', *, *, #1210, .F. ) ;
#10567 = ORIENTED_EDGE ( 'NONE', *, *, #4027, .T. ) ;
#10568 = ORIENTED_EDGE ( 'NONE', *, *, #5208, .T. ) ;
#10569 = ORIENTED_EDGE ( 'NONE', *, *, #6415, .F. ) ;
#10570 = ORIENTED_EDGE ( 'NONE', *, *, #1207, .F. ) ;
#10571 = ORIENTED_EDGE ( 'NONE', *, *, #6416, .F. ) ;
#10572 = ORIENTED_EDGE ( 'NONE', *, *, #4032, .T. ) ;
#10573 = ORIENTED_EDGE ( 'NONE', *, *, #1206, .T. ) ;
#10574 = ORIENTED_EDGE ( 'NONE', *, *, #3995, .T. ) ;
#10575 = ORIENTED_EDGE ( 'NONE', *, *, #2893, .F. ) ;
#10576 = ORIENTED_EDGE ( 'NONE', *, *, #6431, .F. ) ;
#10577 = ORIENTED_EDGE ( 'NONE', *, *, #1216, .F. ) ;
#10578 = ORIENTED_EDGE ( 'NONE', *, *, #4006, .T. ) ;
#10579 = ORIENTED_EDGE ( 'NONE', *, *, #1216, .T. ) ;
#10580 = ORIENTED_EDGE ( 'NONE', *, *, #6428, .F. ) ;
#10581 = ORIENTED_EDGE ( 'NONE', *, *, #1215, .T. ) ;
#10582 = ORIENTED_EDGE ( 'NONE', *, *, #4063, .T. ) ;
#10583 = ORIENTED_EDGE ( 'NONE', *, *, #6390, .F. ) ;
#10584 = ORIENTED_EDGE ( 'NONE', *, *, #6430, .F. ) ;
#10585 = ORIENTED_EDGE ( 'NONE', *, *, #4059, .T. ) ;
#10586 = ORIENTED_EDGE ( 'NONE', *, *, #6383, .F. ) ;
#10587 = ORIENTED_EDGE ( 'NONE', *, *, #4069, .T. ) ;
#10588 = ORIENTED_EDGE ( 'NONE', *, *, #6383, .T. ) ;
#10589 = ORIENTED_EDGE ( 'NONE', *, *, #1215, .F. ) ;
#10590 = ORIENTED_EDGE ( 'NONE', *, *, #4014, .T. ) ;
#10591 = ORIENTED_EDGE ( 'NONE', *, *, #4064, .T. ) ;
#10592 = ORIENTED_EDGE ( 'NONE', *, *, #1202, .F. ) ;
#10593 = ORIENTED_EDGE ( 'NONE', *, *, #2893, .T. ) ;
#10594 = ORIENTED_EDGE ( 'NONE', *, *, #6426, .F. ) ;
#10595 = ORIENTED_EDGE ( 'NONE', *, *, #4018, .F. ) ;
#10596 = ORIENTED_EDGE ( 'NONE', *, *, #4004, .T. ) ;
#10597 = ORIENTED_EDGE ( 'NONE', *, *, #4116, .T. ) ;
#10598 = ORIENTED_EDGE ( 'NONE', *, *, #1194, .T. ) ;
#10599 = ORIENTED_EDGE ( 'NONE', *, *, #4108, .T. ) ;
#10600 = ORIENTED_EDGE ( 'NONE', *, *, #2674, .F. ) ;
#10601 = ORIENTED_EDGE ( 'NONE', *, *, #4113, .T. ) ;
#10602 = ORIENTED_EDGE ( 'NONE', *, *, #1189, .T. ) ;
#10603 = ORIENTED_EDGE ( 'NONE', *, *, #4030, .T. ) ;
#10604 = ORIENTED_EDGE ( 'NONE', *, *, #6391, .F. ) ;
#10605 = ORIENTED_EDGE ( 'NONE', *, *, #6394, .T. ) ;
#10606 = ORIENTED_EDGE ( 'NONE', *, *, #6392, .F. ) ;
#10607 = ORIENTED_EDGE ( 'NONE', *, *, #6396, .F. ) ;
#10608 = ORIENTED_EDGE ( 'NONE', *, *, #4042, .T. ) ;
#10609 = ORIENTED_EDGE ( 'NONE', *, *, #4040, .T. ) ;
#10610 = ORIENTED_EDGE ( 'NONE', *, *, #4027, .F. ) ;
#10611 = ORIENTED_EDGE ( 'NONE', *, *, #2927, .T. ) ;
#10612 = ORIENTED_EDGE ( 'NONE', *, *, #4115, .F. ) ;
#10613 = ORIENTED_EDGE ( 'NONE', *, *, #1190, .F. ) ;
#10614 = ORIENTED_EDGE ( 'NONE', *, *, #4032, .F. ) ;
#10615 = ORIENTED_EDGE ( 'NONE', *, *, #1186, .F. ) ;
#10616 = ORIENTED_EDGE ( 'NONE', *, *, #4025, .F. ) ;
#10617 = ORIENTED_EDGE ( 'NONE', *, *, #2951, .F. ) ;
#10618 = ORIENTED_EDGE ( 'NONE', *, *, #4033, .F. ) ;
#10619 = ORIENTED_EDGE ( 'NONE', *, *, #4058, .F. ) ;
#10620 = ORIENTED_EDGE ( 'NONE', *, *, #4056, .F. ) ;
#10621 = ORIENTED_EDGE ( 'NONE', *, *, #2903, .T. ) ;
#10622 = ORIENTED_EDGE ( 'NONE', *, *, #1199, .F. ) ;
#10623 = ORIENTED_EDGE ( 'NONE', *, *, #4049, .F. ) ;
#10624 = ORIENTED_EDGE ( 'NONE', *, *, #6415, .T. ) ;
#10625 = ORIENTED_EDGE ( 'NONE', *, *, #4080, .F. ) ;
#10626 = ORIENTED_EDGE ( 'NONE', *, *, #6416, .T. ) ;
#10627 = ORIENTED_EDGE ( 'NONE', *, *, #2904, .T. ) ;
#10628 = ORIENTED_EDGE ( 'NONE', *, *, #4000, .F. ) ;
#10629 = ORIENTED_EDGE ( 'NONE', *, *, #4022, .F. ) ;
#10630 = ORIENTED_EDGE ( 'NONE', *, *, #4012, .F. ) ;
#10631 = ORIENTED_EDGE ( 'NONE', *, *, #4051, .F. ) ;
#10632 = ORIENTED_EDGE ( 'NONE', *, *, #4010, .F. ) ;
#10633 = ORIENTED_EDGE ( 'NONE', *, *, #3998, .F. ) ;
#10634 = ORIENTED_EDGE ( 'NONE', *, *, #4072, .F. ) ;
#10635 = ORIENTED_EDGE ( 'NONE', *, *, #4039, .F. ) ;
#10636 = ORIENTED_EDGE ( 'NONE', *, *, #4063, .F. ) ;
#10637 = ORIENTED_EDGE ( 'NONE', *, *, #1201, .F. ) ;
#10638 = ORIENTED_EDGE ( 'NONE', *, *, #4007, .F. ) ;
#10639 = ORIENTED_EDGE ( 'NONE', *, *, #2688, .F. ) ;
#10640 = ORIENTED_EDGE ( 'NONE', *, *, #4069, .F. ) ;
#10641 = ORIENTED_EDGE ( 'NONE', *, *, #4002, .T. ) ;
#10642 = ORIENTED_EDGE ( 'NONE', *, *, #4015, .T. ) ;
#10643 = ORIENTED_EDGE ( 'NONE', *, *, #4004, .F. ) ;
#10644 = ORIENTED_EDGE ( 'NONE', *, *, #4066, .F. ) ;
#10645 = ORIENTED_EDGE ( 'NONE', *, *, #4071, .F. ) ;
#10646 = ORIENTED_EDGE ( 'NONE', *, *, #4064, .F. ) ;
#10647 = ORIENTED_EDGE ( 'NONE', *, *, #4059, .F. ) ;
#10648 = ORIENTED_EDGE ( 'NONE', *, *, #4082, .F. ) ;
#10649 = ORIENTED_EDGE ( 'NONE', *, *, #4080, .T. ) ;
#10650 = ORIENTED_EDGE ( 'NONE', *, *, #4078, .F. ) ;
#10651 = ORIENTED_EDGE ( 'NONE', *, *, #4057, .T. ) ;
#10652 = ORIENTED_EDGE ( 'NONE', *, *, #7295, .F. ) ;
#10653 = ORIENTED_EDGE ( 'NONE', *, *, #4092, .F. ) ;
#10654 = ORIENTED_EDGE ( 'NONE', *, *, #4078, .T. ) ;
#10655 = ORIENTED_EDGE ( 'NONE', *, *, #7298, .F. ) ;
#10656 = ORIENTED_EDGE ( 'NONE', *, *, #4044, .F. ) ;
#10657 = ORIENTED_EDGE ( 'NONE', *, *, #4092, .T. ) ;
#10658 = ORIENTED_EDGE ( 'NONE', *, *, #8025, .F. ) ;
#10659 = ORIENTED_EDGE ( 'NONE', *, *, #4046, .F. ) ;
#10660 = ORIENTED_EDGE ( 'NONE', *, *, #4044, .T. ) ;
#10661 = ORIENTED_EDGE ( 'NONE', *, *, #6381, .F. ) ;
#10662 = ORIENTED_EDGE ( 'NONE', *, *, #4041, .F. ) ;
#10663 = ORIENTED_EDGE ( 'NONE', *, *, #4046, .T. ) ;
#10664 = ORIENTED_EDGE ( 'NONE', *, *, #1177, .F. ) ;
#10665 = ORIENTED_EDGE ( 'NONE', *, *, #4018, .T. ) ;
#10666 = ORIENTED_EDGE ( 'NONE', *, *, #4041, .T. ) ;
#10667 = ORIENTED_EDGE ( 'NONE', *, *, #4013, .F. ) ;
#10668 = ORIENTED_EDGE ( 'NONE', *, *, #4096, .F. ) ;
#10669 = ORIENTED_EDGE ( 'NONE', *, *, #4015, .F. ) ;
#10670 = ORIENTED_EDGE ( 'NONE', *, *, #4082, .T. ) ;
#10671 = ORIENTED_EDGE ( 'NONE', *, *, #4000, .T. ) ;
#10672 = ORIENTED_EDGE ( 'NONE', *, *, #4109, .F. ) ;
#10673 = ORIENTED_EDGE ( 'NONE', *, *, #4002, .F. ) ;
#10674 = ORIENTED_EDGE ( 'NONE', *, *, #4096, .T. ) ;
#10675 = ORIENTED_EDGE ( 'NONE', *, *, #3998, .T. ) ;
#10676 = ORIENTED_EDGE ( 'NONE', *, *, #6353, .F. ) ;
#10677 = ORIENTED_EDGE ( 'NONE', *, *, #3997, .F. ) ;
#10678 = ORIENTED_EDGE ( 'NONE', *, *, #4109, .T. ) ;
#10679 = ORIENTED_EDGE ( 'NONE', *, *, #4010, .T. ) ;
#10680 = ORIENTED_EDGE ( 'NONE', *, *, #4011, .F. ) ;
#10681 = ORIENTED_EDGE ( 'NONE', *, *, #3994, .F. ) ;
#10682 = ORIENTED_EDGE ( 'NONE', *, *, #6353, .T. ) ;
#10683 = ORIENTED_EDGE ( 'NONE', *, *, #4051, .T. ) ;
#10684 = ORIENTED_EDGE ( 'NONE', *, *, #4047, .F. ) ;
#10685 = ORIENTED_EDGE ( 'NONE', *, *, #4019, .F. ) ;
#10686 = ORIENTED_EDGE ( 'NONE', *, *, #4088, .F. ) ;
#10687 = ORIENTED_EDGE ( 'NONE', *, *, #4012, .T. ) ;
#10688 = ORIENTED_EDGE ( 'NONE', *, *, #4011, .T. ) ;
#10689 = ORIENTED_EDGE ( 'NONE', *, *, #4005, .F. ) ;
#10690 = ORIENTED_EDGE ( 'NONE', *, *, #4088, .T. ) ;
#10691 = ORIENTED_EDGE ( 'NONE', *, *, #4104, .F. ) ;
#10692 = ORIENTED_EDGE ( 'NONE', *, *, #4076, .F. ) ;
#10693 = ORIENTED_EDGE ( 'NONE', *, *, #4049, .T. ) ;
#10694 = ORIENTED_EDGE ( 'NONE', *, *, #4047, .T. ) ;
#10695 = ORIENTED_EDGE ( 'NONE', *, *, #4115, .T. ) ;
#10696 = ORIENTED_EDGE ( 'NONE', *, *, #4076, .T. ) ;
#10697 = ORIENTED_EDGE ( 'NONE', *, *, #4103, .F. ) ;
#10698 = ORIENTED_EDGE ( 'NONE', *, *, #4029, .F. ) ;
#10699 = ORIENTED_EDGE ( 'NONE', *, *, #4062, .T. ) ;
#10700 = ORIENTED_EDGE ( 'NONE', *, *, #4057, .F. ) ;
#10701 = ORIENTED_EDGE ( 'NONE', *, *, #6425, .T. ) ;
#10702 = ORIENTED_EDGE ( 'NONE', *, *, #4029, .T. ) ;
#10703 = ORIENTED_EDGE ( 'NONE', *, *, #4053, .F. ) ;
#10704 = ORIENTED_EDGE ( 'NONE', *, *, #4117, .F. ) ;
#10705 = ORIENTED_EDGE ( 'NONE', *, *, #4084, .F. ) ;
#10706 = ORIENTED_EDGE ( 'NONE', *, *, #4117, .T. ) ;
#10707 = ORIENTED_EDGE ( 'NONE', *, *, #4048, .F. ) ;
#10708 = ORIENTED_EDGE ( 'NONE', *, *, #4086, .F. ) ;
#10709 = ORIENTED_EDGE ( 'NONE', *, *, #4100, .F. ) ;
#10710 = ORIENTED_EDGE ( 'NONE', *, *, #3994, .T. ) ;
#10711 = ORIENTED_EDGE ( 'NONE', *, *, #3997, .T. ) ;
#10712 = ORIENTED_EDGE ( 'NONE', *, *, #6431, .T. ) ;
#10713 = ORIENTED_EDGE ( 'NONE', *, *, #6426, .T. ) ;
#10714 = ORIENTED_EDGE ( 'NONE', *, *, #4008, .F. ) ;
#10715 = ORIENTED_EDGE ( 'NONE', *, *, #4037, .F. ) ;
#10716 = ORIENTED_EDGE ( 'NONE', *, *, #4043, .F. ) ;
#10717 = ORIENTED_EDGE ( 'NONE', *, *, #1187, .F. ) ;
#10718 = ORIENTED_EDGE ( 'NONE', *, *, #4116, .F. ) ;
#10719 = ORIENTED_EDGE ( 'NONE', *, *, #6390, .T. ) ;
#10720 = ORIENTED_EDGE ( 'NONE', *, *, #6430, .T. ) ;
#10721 = ORIENTED_EDGE ( 'NONE', *, *, #6428, .T. ) ;
#10722 = ORIENTED_EDGE ( 'NONE', *, *, #4113, .F. ) ;
#10723 = ORIENTED_EDGE ( 'NONE', *, *, #2676, .F. ) ;
#10724 = ORIENTED_EDGE ( 'NONE', *, *, #4108, .F. ) ;
#10725 = ORIENTED_EDGE ( 'NONE', *, *, #4043, .T. ) ;
#10726 = ORIENTED_EDGE ( 'NONE', *, *, #4048, .T. ) ;
#10727 = ORIENTED_EDGE ( 'NONE', *, *, #4100, .T. ) ;
#10728 = ORIENTED_EDGE ( 'NONE', *, *, #4086, .T. ) ;
#10729 = ORIENTED_EDGE ( 'NONE', *, *, #4052, .F. ) ;
#10730 = ORIENTED_EDGE ( 'NONE', *, *, #2737, .T. ) ;
#10731 = ORIENTED_EDGE ( 'NONE', *, *, #6425, .F. ) ;
#10732 = ORIENTED_EDGE ( 'NONE', *, *, #4022, .T. ) ;
#10733 = ORIENTED_EDGE ( 'NONE', *, *, #4008, .T. ) ;
#10734 = ORIENTED_EDGE ( 'NONE', *, *, #4037, .T. ) ;
#10735 = ORIENTED_EDGE ( 'NONE', *, *, #4053, .T. ) ;
#10736 = ORIENTED_EDGE ( 'NONE', *, *, #4005, .T. ) ;
#10737 = ORIENTED_EDGE ( 'NONE', *, *, #4071, .T. ) ;
#10738 = ORIENTED_EDGE ( 'NONE', *, *, #4019, .T. ) ;
#10739 = ORIENTED_EDGE ( 'NONE', *, *, #4084, .T. ) ;
#10740 = ORIENTED_EDGE ( 'NONE', *, *, #7295, .T. ) ;
#10741 = ORIENTED_EDGE ( 'NONE', *, *, #7298, .T. ) ;
#10742 = ORIENTED_EDGE ( 'NONE', *, *, #4104, .T. ) ;
#10743 = ORIENTED_EDGE ( 'NONE', *, *, #4103, .T. ) ;
#10744 = ORIENTED_EDGE ( 'NONE', *, *, #6381, .T. ) ;
#10745 = ORIENTED_EDGE ( 'NONE', *, *, #8025, .T. ) ;
#10746 = ORIENTED_EDGE ( 'NONE', *, *, #4013, .T. ) ;
#10747 = ORIENTED_EDGE ( 'NONE', *, *, #1177, .T. ) ;
#10748 = ORIENTED_EDGE ( 'NONE', *, *, #4014, .F. ) ;
#10749 = ORIENTED_EDGE ( 'NONE', *, *, #4062, .F. ) ;
#10750 = ORIENTED_EDGE ( 'NONE', *, *, #3995, .F. ) ;
#10751 = ORIENTED_EDGE ( 'NONE', *, *, #4006, .F. ) ;
#10752 = ORIENTED_EDGE ( 'NONE', *, *, #2862, .F. ) ;
#10753 = ORIENTED_EDGE ( 'NONE', *, *, #4007, .T. ) ;
#10754 = ORIENTED_EDGE ( 'NONE', *, *, #2911, .F. ) ;
#10755 = ORIENTED_EDGE ( 'NONE', *, *, #2900, .F. ) ;
#10756 = ORIENTED_EDGE ( 'NONE', *, *, #2992, .F. ) ;
#10757 = ORIENTED_EDGE ( 'NONE', *, *, #2710, .T. ) ;
#10758 = ORIENTED_EDGE ( 'NONE', *, *, #2762, .T. ) ;
#10759 = ORIENTED_EDGE ( 'NONE', *, *, #2961, .F. ) ;
#10760 = ORIENTED_EDGE ( 'NONE', *, *, #2698, .F. ) ;
#10761 = ORIENTED_EDGE ( 'NONE', *, *, #2754, .T. ) ;
#10762 = ORIENTED_EDGE ( 'NONE', *, *, #2822, .T. ) ;
#10763 = ORIENTED_EDGE ( 'NONE', *, *, #4021, .F. ) ;
#10764 = ORIENTED_EDGE ( 'NONE', *, *, #4039, .T. ) ;
#10765 = ORIENTED_EDGE ( 'NONE', *, *, #2933, .F. ) ;
#10766 = ORIENTED_EDGE ( 'NONE', *, *, #2953, .F. ) ;
#10767 = ORIENTED_EDGE ( 'NONE', *, *, #4035, .T. ) ;
#10768 = ORIENTED_EDGE ( 'NONE', *, *, #2935, .T. ) ;
#10769 = ORIENTED_EDGE ( 'NONE', *, *, #1199, .T. ) ;
#10770 = ORIENTED_EDGE ( 'NONE', *, *, #5219, .T. ) ;
#10771 = ORIENTED_EDGE ( 'NONE', *, *, #2951, .T. ) ;
#10772 = ORIENTED_EDGE ( 'NONE', *, *, #2957, .F. ) ;
#10773 = ORIENTED_EDGE ( 'NONE', *, *, #2941, .F. ) ;
#10774 = ORIENTED_EDGE ( 'NONE', *, *, #2885, .T. ) ;
#10775 = ORIENTED_EDGE ( 'NONE', *, *, #5212, .F. ) ;
#10776 = ORIENTED_EDGE ( 'NONE', *, *, #2694, .T. ) ;
#10777 = ORIENTED_EDGE ( 'NONE', *, *, #2939, .T. ) ;
#10778 = ORIENTED_EDGE ( 'NONE', *, *, #2698, .T. ) ;
#10779 = ORIENTED_EDGE ( 'NONE', *, *, #5209, .T. ) ;
#10780 = ORIENTED_EDGE ( 'NONE', *, *, #2870, .T. ) ;
#10781 = ORIENTED_EDGE ( 'NONE', *, *, #2750, .F. ) ;
#10782 = ORIENTED_EDGE ( 'NONE', *, *, #2746, .T. ) ;
#10783 = ORIENTED_EDGE ( 'NONE', *, *, #2722, .T. ) ;
#10784 = ORIENTED_EDGE ( 'NONE', *, *, #2844, .T. ) ;
#10785 = ORIENTED_EDGE ( 'NONE', *, *, #2790, .T. ) ;
#10786 = ORIENTED_EDGE ( 'NONE', *, *, #2824, .T. ) ;
#10787 = ORIENTED_EDGE ( 'NONE', *, *, #5214, .F. ) ;
#10788 = ORIENTED_EDGE ( 'NONE', *, *, #2850, .F. ) ;
#10789 = ORIENTED_EDGE ( 'NONE', *, *, #2726, .T. ) ;
#10790 = ORIENTED_EDGE ( 'NONE', *, *, #2766, .T. ) ;
#10791 = ORIENTED_EDGE ( 'NONE', *, *, #2887, .F. ) ;
#10792 = ORIENTED_EDGE ( 'NONE', *, *, #2744, .T. ) ;
#10793 = ORIENTED_EDGE ( 'NONE', *, *, #2770, .T. ) ;
#10794 = ORIENTED_EDGE ( 'NONE', *, *, #2742, .F. ) ;
#10795 = ORIENTED_EDGE ( 'NONE', *, *, #1200, .T. ) ;
#10796 = ORIENTED_EDGE ( 'NONE', *, *, #2800, .T. ) ;
#10797 = ORIENTED_EDGE ( 'NONE', *, *, #2741, .T. ) ;
#10798 = ORIENTED_EDGE ( 'NONE', *, *, #2739, .F. ) ;
#10799 = ORIENTED_EDGE ( 'NONE', *, *, #2764, .T. ) ;
#10800 = ORIENTED_EDGE ( 'NONE', *, *, #2704, .T. ) ;
#10801 = ORIENTED_EDGE ( 'NONE', *, *, #2864, .T. ) ;
#10802 = ORIENTED_EDGE ( 'NONE', *, *, #2710, .F. ) ;
#10803 = ORIENTED_EDGE ( 'NONE', *, *, #2752, .T. ) ;
#10804 = ORIENTED_EDGE ( 'NONE', *, *, #2776, .T. ) ;
#10805 = ORIENTED_EDGE ( 'NONE', *, *, #2804, .T. ) ;
#10806 = ORIENTED_EDGE ( 'NONE', *, *, #2772, .T. ) ;
#10807 = ORIENTED_EDGE ( 'NONE', *, *, #2768, .T. ) ;
#10808 = ORIENTED_EDGE ( 'NONE', *, *, #2812, .T. ) ;
#10809 = ORIENTED_EDGE ( 'NONE', *, *, #2778, .T. ) ;
#10810 = ORIENTED_EDGE ( 'NONE', *, *, #2834, .T. ) ;
#10811 = ORIENTED_EDGE ( 'NONE', *, *, #2788, .T. ) ;
#10812 = ORIENTED_EDGE ( 'NONE', *, *, #2840, .T. ) ;
#10813 = ORIENTED_EDGE ( 'NONE', *, *, #2784, .T. ) ;
#10814 = ORIENTED_EDGE ( 'NONE', *, *, #2748, .T. ) ;
#10815 = ORIENTED_EDGE ( 'NONE', *, *, #2946, .T. ) ;
#10816 = ORIENTED_EDGE ( 'NONE', *, *, #2706, .T. ) ;
#10817 = ORIENTED_EDGE ( 'NONE', *, *, #2852, .T. ) ;
#10818 = ORIENTED_EDGE ( 'NONE', *, *, #2694, .F. ) ;
#10819 = ORIENTED_EDGE ( 'NONE', *, *, #2722, .F. ) ;
#10820 = ORIENTED_EDGE ( 'NONE', *, *, #2959, .F. ) ;
#10821 = ORIENTED_EDGE ( 'NONE', *, *, #2682, .F. ) ;
#10822 = ORIENTED_EDGE ( 'NONE', *, *, #3999, .T. ) ;
#10823 = ORIENTED_EDGE ( 'NONE', *, *, #2712, .T. ) ;
#10824 = ORIENTED_EDGE ( 'NONE', *, *, #2690, .T. ) ;
#10825 = ORIENTED_EDGE ( 'NONE', *, *, #2692, .F. ) ;
#10826 = ORIENTED_EDGE ( 'NONE', *, *, #1191, .F. ) ;
#10827 = ORIENTED_EDGE ( 'NONE', *, *, #2955, .T. ) ;
#10828 = ORIENTED_EDGE ( 'NONE', *, *, #2682, .T. ) ;
#10829 = ORIENTED_EDGE ( 'NONE', *, *, #2700, .T. ) ;
#10830 = ORIENTED_EDGE ( 'NONE', *, *, #2730, .F. ) ;
#10831 = ORIENTED_EDGE ( 'NONE', *, *, #2734, .T. ) ;
#10832 = ORIENTED_EDGE ( 'NONE', *, *, #2883, .F. ) ;
#10833 = ORIENTED_EDGE ( 'NONE', *, *, #2702, .T. ) ;
#10834 = ORIENTED_EDGE ( 'NONE', *, *, #5218, .T. ) ;
#10835 = ORIENTED_EDGE ( 'NONE', *, *, #1204, .F. ) ;
#10836 = ORIENTED_EDGE ( 'NONE', *, *, #2758, .T. ) ;
#10837 = ORIENTED_EDGE ( 'NONE', *, *, #5215, .T. ) ;
#10838 = ORIENTED_EDGE ( 'NONE', *, *, #1195, .T. ) ;
#10839 = ORIENTED_EDGE ( 'NONE', *, *, #2988, .T. ) ;
#10840 = ORIENTED_EDGE ( 'NONE', *, *, #1204, .T. ) ;
#10841 = ORIENTED_EDGE ( 'NONE', *, *, #2720, .T. ) ;
#10842 = ORIENTED_EDGE ( 'NONE', *, *, #5213, .T. ) ;
#10843 = ORIENTED_EDGE ( 'NONE', *, *, #1195, .F. ) ;
#10844 = ORIENTED_EDGE ( 'NONE', *, *, #5222, .F. ) ;
#10845 = ORIENTED_EDGE ( 'NONE', *, *, #2750, .T. ) ;
#10846 = ORIENTED_EDGE ( 'NONE', *, *, #2676, .T. ) ;
#10847 = ORIENTED_EDGE ( 'NONE', *, *, #2674, .T. ) ;
#10848 = ORIENTED_EDGE ( 'NONE', *, *, #1210, .T. ) ;
#10849 = ORIENTED_EDGE ( 'NONE', *, *, #1186, .T. ) ;
#10850 = ORIENTED_EDGE ( 'NONE', *, *, #1192, .F. ) ;
#10851 = ORIENTED_EDGE ( 'NONE', *, *, #5208, .F. ) ;
#10852 = ORIENTED_EDGE ( 'NONE', *, *, #2780, .T. ) ;
#10853 = ORIENTED_EDGE ( 'NONE', *, *, #2904, .F. ) ;
#10854 = ORIENTED_EDGE ( 'NONE', *, *, #1207, .T. ) ;
#10855 = ORIENTED_EDGE ( 'NONE', *, *, #1190, .T. ) ;
#10856 = ORIENTED_EDGE ( 'NONE', *, *, #1206, .F. ) ;
#10857 = ORIENTED_EDGE ( 'NONE', *, *, #1208, .F. ) ;
#10858 = ORIENTED_EDGE ( 'NONE', *, *, #1194, .F. ) ;
#10859 = ORIENTED_EDGE ( 'NONE', *, *, #1187, .T. ) ;
#10860 = ORIENTED_EDGE ( 'NONE', *, *, #1202, .T. ) ;
#10861 = ORIENTED_EDGE ( 'NONE', *, *, #1193, .T. ) ;
#10862 = ORIENTED_EDGE ( 'NONE', *, *, #1189, .F. ) ;
#10863 = ORIENTED_EDGE ( 'NONE', *, *, #1201, .T. ) ;
#10864 = ORIENTED_EDGE ( 'NONE', *, *, #2786, .T. ) ;
#10865 = ORIENTED_EDGE ( 'NONE', *, *, #2856, .T. ) ;
#10866 = ORIENTED_EDGE ( 'NONE', *, *, #2838, .T. ) ;
#10867 = ORIENTED_EDGE ( 'NONE', *, *, #2774, .T. ) ;
#10868 = ORIENTED_EDGE ( 'NONE', *, *, #2832, .T. ) ;
#10869 = ORIENTED_EDGE ( 'NONE', *, *, #2718, .T. ) ;
#10870 = ORIENTED_EDGE ( 'NONE', *, *, #2915, .F. ) ;
#10871 = ORIENTED_EDGE ( 'NONE', *, *, #5206, .F. ) ;
#10872 = ORIENTED_EDGE ( 'NONE', *, *, #2828, .T. ) ;
#10873 = ORIENTED_EDGE ( 'NONE', *, *, #2796, .T. ) ;
#10874 = ORIENTED_EDGE ( 'NONE', *, *, #5536, .T. ) ;
#10875 = ORIENTED_EDGE ( 'NONE', *, *, #2909, .F. ) ;
#10876 = ORIENTED_EDGE ( 'NONE', *, *, #2877, .T. ) ;
#10877 = ORIENTED_EDGE ( 'NONE', *, *, #2792, .T. ) ;
#10878 = ORIENTED_EDGE ( 'NONE', *, *, #2704, .F. ) ;
#10879 = ORIENTED_EDGE ( 'NONE', *, *, #2860, .T. ) ;
#10880 = ORIENTED_EDGE ( 'NONE', *, *, #2791, .F. ) ;
#10881 = ORIENTED_EDGE ( 'NONE', *, *, #2718, .F. ) ;
#10882 = ORIENTED_EDGE ( 'NONE', *, *, #4102, .F. ) ;
#10883 = ORIENTED_EDGE ( 'NONE', *, *, #2842, .T. ) ;
#10884 = ORIENTED_EDGE ( 'NONE', *, *, #2804, .F. ) ;
#10885 = ORIENTED_EDGE ( 'NONE', *, *, #2868, .F. ) ;
#10886 = ORIENTED_EDGE ( 'NONE', *, *, #2834, .F. ) ;
#10887 = ORIENTED_EDGE ( 'NONE', *, *, #1188, .F. ) ;
#10888 = ORIENTED_EDGE ( 'NONE', *, *, #7310, .F. ) ;
#10889 = ORIENTED_EDGE ( 'NONE', *, *, #2807, .F. ) ;
#10890 = ORIENTED_EDGE ( 'NONE', *, *, #5536, .F. ) ;
#10891 = ORIENTED_EDGE ( 'NONE', *, *, #5212, .T. ) ;
#10892 = ORIENTED_EDGE ( 'NONE', *, *, #2692, .T. ) ;
#10893 = ORIENTED_EDGE ( 'NONE', *, *, #2732, .F. ) ;
#10894 = ORIENTED_EDGE ( 'NONE', *, *, #2690, .F. ) ;
#10895 = ORIENTED_EDGE ( 'NONE', *, *, #2774, .F. ) ;
#10896 = ORIENTED_EDGE ( 'NONE', *, *, #2700, .F. ) ;
#10897 = CLOSED_SHELL ( 'NONE', ( #9341, #9338, #9345, #9344 ) ) ;
#10898 = ORIENTED_EDGE ( 'NONE', *, *, #2686, .T. ) ;
#10899 = ORIENTED_EDGE ( 'NONE', *, *, #2782, .F. ) ;
#10900 = ORIENTED_EDGE ( 'NONE', *, *, #2688, .T. ) ;
#10901 = ORIENTED_EDGE ( 'NONE', *, *, #1197, .F. ) ;
#10902 = ORIENTED_EDGE ( 'NONE', *, *, #2760, .F. ) ;
#10903 = ORIENTED_EDGE ( 'NONE', *, *, #2724, .F. ) ;
#10904 = ORIENTED_EDGE ( 'NONE', *, *, #2828, .F. ) ;
#10905 = ORIENTED_EDGE ( 'NONE', *, *, #2686, .F. ) ;
#10906 = ORIENTED_EDGE ( 'NONE', *, *, #2885, .F. ) ;
#10907 = ORIENTED_EDGE ( 'NONE', *, *, #2846, .F. ) ;
#10908 = ORIENTED_EDGE ( 'NONE', *, *, #2862, .T. ) ;
#10909 = ORIENTED_EDGE ( 'NONE', *, *, #2796, .F. ) ;
#10910 = ORIENTED_EDGE ( 'NONE', *, *, #5227, .F. ) ;
#10911 = ORIENTED_EDGE ( 'NONE', *, *, #2684, .T. ) ;
#10912 = ORIENTED_EDGE ( 'NONE', *, *, #2736, .F. ) ;
#10913 = ORIENTED_EDGE ( 'NONE', *, *, #2889, .T. ) ;
#10914 = ORIENTED_EDGE ( 'NONE', *, *, #2778, .F. ) ;
#10915 = ORIENTED_EDGE ( 'NONE', *, *, #2868, .T. ) ;
#10916 = ORIENTED_EDGE ( 'NONE', *, *, #2708, .F. ) ;
#10917 = ORIENTED_EDGE ( 'NONE', *, *, #2920, .T. ) ;
#10918 = ORIENTED_EDGE ( 'NONE', *, *, #2788, .F. ) ;
#10919 = ORIENTED_EDGE ( 'NONE', *, *, #4001, .F. ) ;
#10920 = ORIENTED_EDGE ( 'NONE', *, *, #1196, .T. ) ;
#10921 = ORIENTED_EDGE ( 'NONE', *, *, #2770, .F. ) ;
#10922 = ORIENTED_EDGE ( 'NONE', *, *, #2696, .F. ) ;
#10923 = ORIENTED_EDGE ( 'NONE', *, *, #2754, .F. ) ;
#10924 = ORIENTED_EDGE ( 'NONE', *, *, #2741, .F. ) ;
#10925 = ORIENTED_EDGE ( 'NONE', *, *, #2739, .T. ) ;
#10926 = ORIENTED_EDGE ( 'NONE', *, *, #2920, .F. ) ;
#10927 = ORIENTED_EDGE ( 'NONE', *, *, #2696, .T. ) ;
#10928 = ORIENTED_EDGE ( 'NONE', *, *, #2850, .T. ) ;
#10929 = ORIENTED_EDGE ( 'NONE', *, *, #2937, .T. ) ;
#10930 = ORIENTED_EDGE ( 'NONE', *, *, #2716, .F. ) ;
#10931 = ORIENTED_EDGE ( 'NONE', *, *, #2875, .F. ) ;
#10932 = ORIENTED_EDGE ( 'NONE', *, *, #2830, .T. ) ;
#10933 = ORIENTED_EDGE ( 'NONE', *, *, #2961, .T. ) ;
#10934 = ORIENTED_EDGE ( 'NONE', *, *, #2937, .F. ) ;
#10935 = ORIENTED_EDGE ( 'NONE', *, *, #2963, .T. ) ;
#10936 = ORIENTED_EDGE ( 'NONE', *, *, #4001, .T. ) ;
#10937 = ORIENTED_EDGE ( 'NONE', *, *, #5221, .T. ) ;
#10938 = ORIENTED_EDGE ( 'NONE', *, *, #2946, .F. ) ;
#10939 = ORIENTED_EDGE ( 'NONE', *, *, #5220, .T. ) ;
#10940 = ORIENTED_EDGE ( 'NONE', *, *, #5213, .F. ) ;
#10941 = ORIENTED_EDGE ( 'NONE', *, *, #2955, .F. ) ;
#10942 = ORIENTED_EDGE ( 'NONE', *, *, #2792, .F. ) ;
#10943 = ORIENTED_EDGE ( 'NONE', *, *, #2798, .T. ) ;
#10944 = ORIENTED_EDGE ( 'NONE', *, *, #2802, .F. ) ;
#10945 = CLOSED_SHELL ( 'NONE', ( #9330, #9343, #9342, #9337, #9335, #9336, #9334, #9347, #9257, #9211, #9346, #9256, #9255, #9327, #9318, #9325, #9324, #9319, #9322, #9323, #9320, #9340, #9348, #9331, #9333, #9329, #9339, #9349, #9332, #9326, #9328, #9308, #9304, #9309, #9303, #9305, #9300, #9298, #9299, #9302, #9297, #9296, #9295, #9294, #9293, #9292, #9350, #9351 ) ) ;
#10946 = ORIENTED_EDGE ( 'NONE', *, *, #2875, .T. ) ;
#10947 = ORIENTED_EDGE ( 'NONE', *, *, #2734, .F. ) ;
#10948 = ORIENTED_EDGE ( 'NONE', *, *, #2889, .F. ) ;
#10949 = ORIENTED_EDGE ( 'NONE', *, *, #1200, .F. ) ;
#10950 = ORIENTED_EDGE ( 'NONE', *, *, #2854, .T. ) ;
#10951 = ORIENTED_EDGE ( 'NONE', *, *, #2712, .F. ) ;
#10952 = ORIENTED_EDGE ( 'NONE', *, *, #2826, .F. ) ;
#10953 = ORIENTED_EDGE ( 'NONE', *, *, #5223, .F. ) ;
#10954 = ORIENTED_EDGE ( 'NONE', *, *, #2726, .F. ) ;
#10955 = ORIENTED_EDGE ( 'NONE', *, *, #2742, .T. ) ;
#10956 = ORIENTED_EDGE ( 'NONE', *, *, #2858, .T. ) ;
#10957 = ORIENTED_EDGE ( 'NONE', *, *, #2810, .F. ) ;
#10958 = ORIENTED_EDGE ( 'NONE', *, *, #5226, .F. ) ;
#10959 = ORIENTED_EDGE ( 'NONE', *, *, #2824, .F. ) ;
#10960 = ORIENTED_EDGE ( 'NONE', *, *, #2752, .F. ) ;
#10961 = ORIENTED_EDGE ( 'NONE', *, *, #2706, .F. ) ;
#10962 = ORIENTED_EDGE ( 'NONE', *, *, #2794, .F. ) ;
#10963 = ORIENTED_EDGE ( 'NONE', *, *, #5220, .F. ) ;
#10964 = ORIENTED_EDGE ( 'NONE', *, *, #2883, .T. ) ;
#10965 = ORIENTED_EDGE ( 'NONE', *, *, #2887, .T. ) ;
#10966 = ORIENTED_EDGE ( 'NONE', *, *, #2806, .F. ) ;
#10967 = ORIENTED_EDGE ( 'NONE', *, *, #2762, .F. ) ;
#10968 = ORIENTED_EDGE ( 'NONE', *, *, #2720, .F. ) ;
#10969 = ORIENTED_EDGE ( 'NONE', *, *, #2943, .F. ) ;
#10970 = ORIENTED_EDGE ( 'NONE', *, *, #2724, .T. ) ;
#10971 = ORIENTED_EDGE ( 'NONE', *, *, #5227, .T. ) ;
#10972 = ORIENTED_EDGE ( 'NONE', *, *, #5226, .T. ) ;
#10973 = ORIENTED_EDGE ( 'NONE', *, *, #5214, .T. ) ;
#10974 = ORIENTED_EDGE ( 'NONE', *, *, #5211, .T. ) ;
#10975 = ORIENTED_EDGE ( 'NONE', *, *, #2830, .F. ) ;
#10976 = ORIENTED_EDGE ( 'NONE', *, *, #2848, .F. ) ;
#10977 = ORIENTED_EDGE ( 'NONE', *, *, #2806, .T. ) ;
#10978 = ORIENTED_EDGE ( 'NONE', *, *, #2832, .F. ) ;
#10979 = ORIENTED_EDGE ( 'NONE', *, *, #2758, .F. ) ;
#10980 = ORIENTED_EDGE ( 'NONE', *, *, #5222, .T. ) ;
#10981 = ORIENTED_EDGE ( 'NONE', *, *, #2760, .T. ) ;
#10982 = ORIENTED_EDGE ( 'NONE', *, *, #3999, .F. ) ;
#10983 = ORIENTED_EDGE ( 'NONE', *, *, #2708, .T. ) ;
#10984 = ORIENTED_EDGE ( 'NONE', *, *, #2728, .F. ) ;
#10985 = ORIENTED_EDGE ( 'NONE', *, *, #2800, .F. ) ;
#10986 = ORIENTED_EDGE ( 'NONE', *, *, #2766, .F. ) ;
#10987 = ORIENTED_EDGE ( 'NONE', *, *, #2992, .T. ) ;
#10988 = ORIENTED_EDGE ( 'NONE', *, *, #2842, .F. ) ;
#10989 = ORIENTED_EDGE ( 'NONE', *, *, #2737, .F. ) ;
#10990 = ORIENTED_EDGE ( 'NONE', *, *, #2844, .F. ) ;
#10991 = ORIENTED_EDGE ( 'NONE', *, *, #2900, .T. ) ;
#10992 = ORIENTED_EDGE ( 'NONE', *, *, #2856, .F. ) ;
#10993 = ORIENTED_EDGE ( 'NONE', *, *, #2772, .F. ) ;
#10994 = ORIENTED_EDGE ( 'NONE', *, *, #2746, .F. ) ;
#10995 = ORIENTED_EDGE ( 'NONE', *, *, #2881, .F. ) ;
#10996 = ORIENTED_EDGE ( 'NONE', *, *, #2879, .T. ) ;
#10997 = ORIENTED_EDGE ( 'NONE', *, *, #2802, .T. ) ;
#10998 = ORIENTED_EDGE ( 'NONE', *, *, #4020, .T. ) ;
#10999 = ORIENTED_EDGE ( 'NONE', *, *, #2714, .F. ) ;
#11000 = ORIENTED_EDGE ( 'NONE', *, *, #2879, .F. ) ;
#11001 = ORIENTED_EDGE ( 'NONE', *, *, #2939, .F. ) ;
#11002 = ORIENTED_EDGE ( 'NONE', *, *, #2838, .F. ) ;
#11003 = ORIENTED_EDGE ( 'NONE', *, *, #1197, .T. ) ;
#11004 = ORIENTED_EDGE ( 'NONE', *, *, #2748, .F. ) ;
#11005 = ORIENTED_EDGE ( 'NONE', *, *, #2848, .T. ) ;
#11006 = ORIENTED_EDGE ( 'NONE', *, *, #2836, .F. ) ;
#11007 = ORIENTED_EDGE ( 'NONE', *, *, #2790, .F. ) ;
#11008 = ORIENTED_EDGE ( 'NONE', *, *, #2812, .F. ) ;
#11009 = ORIENTED_EDGE ( 'NONE', *, *, #2780, .F. ) ;
#11010 = ORIENTED_EDGE ( 'NONE', *, *, #5215, .F. ) ;
#11011 = ORIENTED_EDGE ( 'NONE', *, *, #2826, .T. ) ;
#11012 = ORIENTED_EDGE ( 'NONE', *, *, #2756, .F. ) ;
#11013 = ORIENTED_EDGE ( 'NONE', *, *, #2881, .T. ) ;
#11014 = ORIENTED_EDGE ( 'NONE', *, *, #2822, .F. ) ;
#11015 = ORIENTED_EDGE ( 'NONE', *, *, #2784, .F. ) ;
#11016 = ORIENTED_EDGE ( 'NONE', *, *, #2732, .T. ) ;
#11017 = ORIENTED_EDGE ( 'NONE', *, *, #2714, .T. ) ;
#11018 = ORIENTED_EDGE ( 'NONE', *, *, #2794, .T. ) ;
#11019 = ORIENTED_EDGE ( 'NONE', *, *, #2728, .T. ) ;
#11020 = ORIENTED_EDGE ( 'NONE', *, *, #4009, .F. ) ;
#11021 = ORIENTED_EDGE ( 'NONE', *, *, #2730, .T. ) ;
#11022 = ORIENTED_EDGE ( 'NONE', *, *, #2864, .F. ) ;
#11023 = ORIENTED_EDGE ( 'NONE', *, *, #2836, .T. ) ;
#11024 = ORIENTED_EDGE ( 'NONE', *, *, #2818, .T. ) ;
#11025 = ORIENTED_EDGE ( 'NONE', *, *, #5211, .F. ) ;
#11026 = ORIENTED_EDGE ( 'NONE', *, *, #2756, .T. ) ;
#11027 = ORIENTED_EDGE ( 'NONE', *, *, #4083, .F. ) ;
#11028 = ORIENTED_EDGE ( 'NONE', *, *, #2959, .T. ) ;
#11029 = ORIENTED_EDGE ( 'NONE', *, *, #2877, .F. ) ;
#11030 = ORIENTED_EDGE ( 'NONE', *, *, #4020, .F. ) ;
#11031 = ORIENTED_EDGE ( 'NONE', *, *, #1191, .T. ) ;
#11032 = ORIENTED_EDGE ( 'NONE', *, *, #2810, .T. ) ;
#11033 = ORIENTED_EDGE ( 'NONE', *, *, #2921, .F. ) ;
#11034 = ORIENTED_EDGE ( 'NONE', *, *, #2736, .T. ) ;
#11035 = ORIENTED_EDGE ( 'NONE', *, *, #2744, .F. ) ;
#11036 = ORIENTED_EDGE ( 'NONE', *, *, #2798, .F. ) ;
#11037 = ORIENTED_EDGE ( 'NONE', *, *, #2768, .F. ) ;
#11038 = ORIENTED_EDGE ( 'NONE', *, *, #2786, .F. ) ;
#11039 = ORIENTED_EDGE ( 'NONE', *, *, #2870, .F. ) ;
#11040 = ORIENTED_EDGE ( 'NONE', *, *, #1188, .T. ) ;
#11041 = ORIENTED_EDGE ( 'NONE', *, *, #5218, .F. ) ;
#11042 = ORIENTED_EDGE ( 'NONE', *, *, #2764, .F. ) ;
#11043 = ORIENTED_EDGE ( 'NONE', *, *, #2860, .F. ) ;
#11044 = ORIENTED_EDGE ( 'NONE', *, *, #2840, .F. ) ;
#11045 = ORIENTED_EDGE ( 'NONE', *, *, #2818, .F. ) ;
#11046 = ORIENTED_EDGE ( 'NONE', *, *, #2776, .F. ) ;
#11047 = ORIENTED_EDGE ( 'NONE', *, *, #2988, .F. ) ;
#11048 = ORIENTED_EDGE ( 'NONE', *, *, #2858, .F. ) ;
#11049 = ORIENTED_EDGE ( 'NONE', *, *, #2943, .T. ) ;
#11050 = ORIENTED_EDGE ( 'NONE', *, *, #5221, .F. ) ;
#11051 = ORIENTED_EDGE ( 'NONE', *, *, #2854, .F. ) ;
#11052 = ORIENTED_EDGE ( 'NONE', *, *, #1196, .F. ) ;
#11053 = ORIENTED_EDGE ( 'NONE', *, *, #2852, .F. ) ;
#11054 = CLOSED_SHELL ( 'NONE', ( #9291, #9270, #9271, #9272, #9273, #9274, #9277, #9278, #9275, #9276, #1244, #1236, #1245, #1254, #1253, #1225, #1224, #9266, #9267, #9290, #9289, #1258, #1257, #1243, #1242, #1262, #1261, #1264, #1263, #1256, #1255, #1260, #1259, #1227, #1226, #1237, #1241, #1240, #1250, #1249, #1223, #1222, #9286, #9285, #9258 ) ) ;
#11055 = ORIENTED_EDGE ( 'NONE', *, *, #2866, .F. ) ;
#11056 = ORIENTED_EDGE ( 'NONE', *, *, #2866, .T. ) ;
#11057 = ORIENTED_EDGE ( 'NONE', *, *, #2846, .T. ) ;
#11058 = ORIENTED_EDGE ( 'NONE', *, *, #5223, .T. ) ;
#11059 = ORIENTED_EDGE ( 'NONE', *, *, #3098, .T. ) ;
#11060 = ORIENTED_EDGE ( 'NONE', *, *, #2716, .T. ) ;
#11061 = ORIENTED_EDGE ( 'NONE', *, *, #2782, .T. ) ;
#11062 = ORIENTED_EDGE ( 'NONE', *, *, #5225, .T. ) ;
#11063 = ORIENTED_EDGE ( 'NONE', *, *, #6389, .F. ) ;
#11064 = ORIENTED_EDGE ( 'NONE', *, *, #2899, .F. ) ;
#11065 = ORIENTED_EDGE ( 'NONE', *, *, #2963, .F. ) ;
#11066 = ORIENTED_EDGE ( 'NONE', *, *, #2847, .T. ) ;
#11067 = ORIENTED_EDGE ( 'NONE', *, *, #7301, .F. ) ;
#11068 = ORIENTED_EDGE ( 'NONE', *, *, #2833, .F. ) ;
#11069 = ORIENTED_EDGE ( 'NONE', *, *, #2839, .T. ) ;
#11070 = ORIENTED_EDGE ( 'NONE', *, *, #2825, .F. ) ;
#11071 = ORIENTED_EDGE ( 'NONE', *, *, #2898, .F. ) ;
#11072 = ORIENTED_EDGE ( 'NONE', *, *, #2925, .F. ) ;
#11073 = ORIENTED_EDGE ( 'NONE', *, *, #3090, .T. ) ;
#11074 = ORIENTED_EDGE ( 'NONE', *, *, #2901, .F. ) ;
#11075 = ORIENTED_EDGE ( 'NONE', *, *, #4016, .F. ) ;
#11076 = ORIENTED_EDGE ( 'NONE', *, *, #4009, .T. ) ;
#11077 = ORIENTED_EDGE ( 'NONE', *, *, #2821, .F. ) ;
#11078 = ORIENTED_EDGE ( 'NONE', *, *, #2913, .F. ) ;
#11079 = ORIENTED_EDGE ( 'NONE', *, *, #4106, .F. ) ;
#11080 = ORIENTED_EDGE ( 'NONE', *, *, #2907, .T. ) ;
#11081 = ORIENTED_EDGE ( 'NONE', *, *, #7299, .F. ) ;
#11082 = ORIENTED_EDGE ( 'NONE', *, *, #7313, .F. ) ;
#11083 = ORIENTED_EDGE ( 'NONE', *, *, #7310, .T. ) ;
#11084 = ORIENTED_EDGE ( 'NONE', *, *, #9136, .T. ) ;
#11085 = ORIENTED_EDGE ( 'NONE', *, *, #8018, .T. ) ;
#11086 = ORIENTED_EDGE ( 'NONE', *, *, #6382, .T. ) ;
#11087 = ORIENTED_EDGE ( 'NONE', *, *, #3996, .F. ) ;
#11088 = ORIENTED_EDGE ( 'NONE', *, *, #4067, .F. ) ;
#11089 = ORIENTED_EDGE ( 'NONE', *, *, #1217, .F. ) ;
#11090 = ORIENTED_EDGE ( 'NONE', *, *, #8021, .T. ) ;
#11091 = ORIENTED_EDGE ( 'NONE', *, *, #4107, .T. ) ;
#11092 = ORIENTED_EDGE ( 'NONE', *, *, #2896, .F. ) ;
#11093 = ORIENTED_EDGE ( 'NONE', *, *, #4034, .T. ) ;
#11094 = ORIENTED_EDGE ( 'NONE', *, *, #2811, .F. ) ;
#11095 = ORIENTED_EDGE ( 'NONE', *, *, #4050, .F. ) ;
#11096 = ORIENTED_EDGE ( 'NONE', *, *, #7303, .T. ) ;
#11097 = ORIENTED_EDGE ( 'NONE', *, *, #4091, .T. ) ;
#11098 = ORIENTED_EDGE ( 'NONE', *, *, #1203, .F. ) ;
#11099 = ORIENTED_EDGE ( 'NONE', *, *, #4065, .F. ) ;
#11100 = ORIENTED_EDGE ( 'NONE', *, *, #4061, .F. ) ;
#11101 = ORIENTED_EDGE ( 'NONE', *, *, #4093, .F. ) ;
#11102 = ORIENTED_EDGE ( 'NONE', *, *, #2886, .F. ) ;
#11103 = ORIENTED_EDGE ( 'NONE', *, *, #2884, .F. ) ;
#11104 = ORIENTED_EDGE ( 'NONE', *, *, #4098, .F. ) ;
#11105 = ORIENTED_EDGE ( 'NONE', *, *, #2894, .F. ) ;
#11106 = ORIENTED_EDGE ( 'NONE', *, *, #2827, .F. ) ;
#11107 = ORIENTED_EDGE ( 'NONE', *, *, #2894, .T. ) ;
#11108 = ORIENTED_EDGE ( 'NONE', *, *, #2878, .F. ) ;
#11109 = ORIENTED_EDGE ( 'NONE', *, *, #2793, .F. ) ;
#11110 = ORIENTED_EDGE ( 'NONE', *, *, #3063, .T. ) ;
#11111 = ORIENTED_EDGE ( 'NONE', *, *, #4070, .F. ) ;
#11112 = ORIENTED_EDGE ( 'NONE', *, *, #2880, .F. ) ;
#11113 = ORIENTED_EDGE ( 'NONE', *, *, #2851, .T. ) ;
#11114 = ORIENTED_EDGE ( 'NONE', *, *, #4074, .T. ) ;
#11115 = ORIENTED_EDGE ( 'NONE', *, *, #2799, .T. ) ;
#11116 = ORIENTED_EDGE ( 'NONE', *, *, #4036, .T. ) ;
#11117 = ORIENTED_EDGE ( 'NONE', *, *, #2835, .F. ) ;
#11118 = ORIENTED_EDGE ( 'NONE', *, *, #2917, .T. ) ;
#11119 = ORIENTED_EDGE ( 'NONE', *, *, #2871, .T. ) ;
#11120 = ORIENTED_EDGE ( 'NONE', *, *, #2902, .T. ) ;
#11121 = ORIENTED_EDGE ( 'NONE', *, *, #6352, .F. ) ;
#11122 = ORIENTED_EDGE ( 'NONE', *, *, #2863, .T. ) ;
#11123 = ORIENTED_EDGE ( 'NONE', *, *, #2903, .F. ) ;
#11124 = ORIENTED_EDGE ( 'NONE', *, *, #2841, .T. ) ;
#11125 = ORIENTED_EDGE ( 'NONE', *, *, #7299, .T. ) ;
#11126 = ORIENTED_EDGE ( 'NONE', *, *, #2843, .T. ) ;
#11127 = ORIENTED_EDGE ( 'NONE', *, *, #3069, .T. ) ;
#11128 = ORIENTED_EDGE ( 'NONE', *, *, #4054, .F. ) ;
#11129 = ORIENTED_EDGE ( 'NONE', *, *, #2874, .T. ) ;
#11130 = ORIENTED_EDGE ( 'NONE', *, *, #2803, .F. ) ;
#11131 = ORIENTED_EDGE ( 'NONE', *, *, #3068, .T. ) ;
#11132 = ORIENTED_EDGE ( 'NONE', *, *, #4045, .T. ) ;
#11133 = ORIENTED_EDGE ( 'NONE', *, *, #3062, .F. ) ;
#11134 = ORIENTED_EDGE ( 'NONE', *, *, #3087, .F. ) ;
#11135 = ORIENTED_EDGE ( 'NONE', *, *, #2909, .T. ) ;
#11136 = ORIENTED_EDGE ( 'NONE', *, *, #3061, .F. ) ;
#11137 = ORIENTED_EDGE ( 'NONE', *, *, #2905, .T. ) ;
#11138 = ORIENTED_EDGE ( 'NONE', *, *, #2805, .F. ) ;
#11139 = ORIENTED_EDGE ( 'NONE', *, *, #2901, .T. ) ;
#11140 = ORIENTED_EDGE ( 'NONE', *, *, #2867, .T. ) ;
#11141 = ORIENTED_EDGE ( 'NONE', *, *, #2905, .F. ) ;
#11142 = ORIENTED_EDGE ( 'NONE', *, *, #2923, .T. ) ;
#11143 = ORIENTED_EDGE ( 'NONE', *, *, #4067, .T. ) ;
#11144 = ORIENTED_EDGE ( 'NONE', *, *, #2911, .T. ) ;
#11145 = ORIENTED_EDGE ( 'NONE', *, *, #3078, .F. ) ;
#11146 = ORIENTED_EDGE ( 'NONE', *, *, #2913, .T. ) ;
#11147 = ORIENTED_EDGE ( 'NONE', *, *, #2921, .T. ) ;
#11148 = ORIENTED_EDGE ( 'NONE', *, *, #2919, .T. ) ;
#11149 = ORIENTED_EDGE ( 'NONE', *, *, #2898, .T. ) ;
#11150 = ORIENTED_EDGE ( 'NONE', *, *, #2895, .F. ) ;
#11151 = ORIENTED_EDGE ( 'NONE', *, *, #2899, .T. ) ;
#11152 = ORIENTED_EDGE ( 'NONE', *, *, #2896, .T. ) ;
#11153 = ORIENTED_EDGE ( 'NONE', *, *, #2927, .F. ) ;
#11154 = ORIENTED_EDGE ( 'NONE', *, *, #3078, .T. ) ;
#11155 = ORIENTED_EDGE ( 'NONE', *, *, #2888, .T. ) ;
#11156 = ORIENTED_EDGE ( 'NONE', *, *, #8044, .F. ) ;
#11157 = ORIENTED_EDGE ( 'NONE', *, *, #2882, .F. ) ;
#11158 = ORIENTED_EDGE ( 'NONE', *, *, #2890, .F. ) ;
#11159 = ORIENTED_EDGE ( 'NONE', *, *, #4055, .T. ) ;
#11160 = ORIENTED_EDGE ( 'NONE', *, *, #4036, .F. ) ;
#11161 = ORIENTED_EDGE ( 'NONE', *, *, #2757, .T. ) ;
#11162 = ORIENTED_EDGE ( 'NONE', *, *, #8018, .F. ) ;
#11163 = ORIENTED_EDGE ( 'NONE', *, *, #2886, .T. ) ;
#11164 = ORIENTED_EDGE ( 'NONE', *, *, #2884, .T. ) ;
#11165 = ORIENTED_EDGE ( 'NONE', *, *, #4097, .T. ) ;
#11166 = ORIENTED_EDGE ( 'NONE', *, *, #2743, .F. ) ;
#11167 = ORIENTED_EDGE ( 'NONE', *, *, #2738, .F. ) ;
#11168 = ORIENTED_EDGE ( 'NONE', *, *, #4065, .T. ) ;
#11169 = ORIENTED_EDGE ( 'NONE', *, *, #4087, .F. ) ;
#11170 = ORIENTED_EDGE ( 'NONE', *, *, #4081, .F. ) ;
#11171 = ORIENTED_EDGE ( 'NONE', *, *, #4083, .T. ) ;
#11172 = ORIENTED_EDGE ( 'NONE', *, *, #4089, .T. ) ;
#11173 = ORIENTED_EDGE ( 'NONE', *, *, #4091, .F. ) ;
#11174 = ORIENTED_EDGE ( 'NONE', *, *, #4085, .F. ) ;
#11175 = ORIENTED_EDGE ( 'NONE', *, *, #4097, .F. ) ;
#11176 = ORIENTED_EDGE ( 'NONE', *, *, #4105, .F. ) ;
#11177 = ORIENTED_EDGE ( 'NONE', *, *, #2807, .T. ) ;
#11178 = ORIENTED_EDGE ( 'NONE', *, *, #4098, .T. ) ;
#11179 = ORIENTED_EDGE ( 'NONE', *, *, #4061, .T. ) ;
#11180 = ORIENTED_EDGE ( 'NONE', *, *, #4079, .T. ) ;
#11181 = ORIENTED_EDGE ( 'NONE', *, *, #4081, .T. ) ;
#11182 = ORIENTED_EDGE ( 'NONE', *, *, #4094, .F. ) ;
#11183 = ORIENTED_EDGE ( 'NONE', *, *, #6386, .T. ) ;
#11184 = ORIENTED_EDGE ( 'NONE', *, *, #4079, .F. ) ;
#11185 = ORIENTED_EDGE ( 'NONE', *, *, #4055, .F. ) ;
#11186 = ORIENTED_EDGE ( 'NONE', *, *, #4101, .F. ) ;
#11187 = ORIENTED_EDGE ( 'NONE', *, *, #4075, .F. ) ;
#11188 = ORIENTED_EDGE ( 'NONE', *, *, #6405, .F. ) ;
#11189 = ORIENTED_EDGE ( 'NONE', *, *, #4077, .F. ) ;
#11190 = ORIENTED_EDGE ( 'NONE', *, *, #4093, .T. ) ;
#11191 = ORIENTED_EDGE ( 'NONE', *, *, #4089, .F. ) ;
#11192 = ORIENTED_EDGE ( 'NONE', *, *, #4016, .T. ) ;
#11193 = ORIENTED_EDGE ( 'NONE', *, *, #1217, .T. ) ;
#11194 = ORIENTED_EDGE ( 'NONE', *, *, #4075, .T. ) ;
#11195 = ORIENTED_EDGE ( 'NONE', *, *, #4085, .T. ) ;
#11196 = ORIENTED_EDGE ( 'NONE', *, *, #4003, .T. ) ;
#11197 = ORIENTED_EDGE ( 'NONE', *, *, #1198, .F. ) ;
#11198 = ORIENTED_EDGE ( 'NONE', *, *, #4102, .T. ) ;
#11199 = ORIENTED_EDGE ( 'NONE', *, *, #2691, .F. ) ;
#11200 = ORIENTED_EDGE ( 'NONE', *, *, #4095, .T. ) ;
#11201 = ORIENTED_EDGE ( 'NONE', *, *, #2740, .T. ) ;
#11202 = ORIENTED_EDGE ( 'NONE', *, *, #4095, .F. ) ;
#11203 = ORIENTED_EDGE ( 'NONE', *, *, #4068, .T. ) ;
#11204 = ORIENTED_EDGE ( 'NONE', *, *, #4060, .T. ) ;
#11205 = ORIENTED_EDGE ( 'NONE', *, *, #6351, .F. ) ;
#11206 = ORIENTED_EDGE ( 'NONE', *, *, #6352, .T. ) ;
#11207 = ORIENTED_EDGE ( 'NONE', *, *, #2809, .F. ) ;
#11208 = ORIENTED_EDGE ( 'NONE', *, *, #4054, .T. ) ;
#11209 = ORIENTED_EDGE ( 'NONE', *, *, #4017, .T. ) ;
#11210 = ORIENTED_EDGE ( 'NONE', *, *, #6351, .T. ) ;
#11211 = ORIENTED_EDGE ( 'NONE', *, *, #7301, .T. ) ;
#11212 = ORIENTED_EDGE ( 'NONE', *, *, #6354, .F. ) ;
#11213 = ORIENTED_EDGE ( 'NONE', *, *, #4017, .F. ) ;
#11214 = ORIENTED_EDGE ( 'NONE', *, *, #2892, .T. ) ;
#11215 = ORIENTED_EDGE ( 'NONE', *, *, #2891, .F. ) ;
#11216 = ORIENTED_EDGE ( 'NONE', *, *, #2813, .F. ) ;
#11217 = ORIENTED_EDGE ( 'NONE', *, *, #6418, .T. ) ;
#11218 = ORIENTED_EDGE ( 'NONE', *, *, #4107, .F. ) ;
#11219 = ORIENTED_EDGE ( 'NONE', *, *, #2815, .T. ) ;
#11220 = ORIENTED_EDGE ( 'NONE', *, *, #2803, .T. ) ;
#11221 = ORIENTED_EDGE ( 'NONE', *, *, #2829, .T. ) ;
#11222 = ORIENTED_EDGE ( 'NONE', *, *, #2801, .F. ) ;
#11223 = ORIENTED_EDGE ( 'NONE', *, *, #2781, .T. ) ;
#11224 = ORIENTED_EDGE ( 'NONE', *, *, #4105, .T. ) ;
#11225 = ORIENTED_EDGE ( 'NONE', *, *, #3097, .F. ) ;
#11226 = ORIENTED_EDGE ( 'NONE', *, *, #2740, .F. ) ;
#11227 = ORIENTED_EDGE ( 'NONE', *, *, #4087, .T. ) ;
#11228 = ORIENTED_EDGE ( 'NONE', *, *, #4101, .T. ) ;
#11229 = ORIENTED_EDGE ( 'NONE', *, *, #4077, .T. ) ;
#11230 = ORIENTED_EDGE ( 'NONE', *, *, #3079, .T. ) ;
#11231 = ORIENTED_EDGE ( 'NONE', *, *, #4094, .T. ) ;
#11232 = ORIENTED_EDGE ( 'NONE', *, *, #2817, .T. ) ;
#11233 = ORIENTED_EDGE ( 'NONE', *, *, #2819, .T. ) ;
#11234 = ORIENTED_EDGE ( 'NONE', *, *, #2795, .F. ) ;
#11235 = ORIENTED_EDGE ( 'NONE', *, *, #2821, .T. ) ;
#11236 = ORIENTED_EDGE ( 'NONE', *, *, #2823, .F. ) ;
#11237 = ORIENTED_EDGE ( 'NONE', *, *, #3996, .T. ) ;
#11238 = ORIENTED_EDGE ( 'NONE', *, *, #2827, .T. ) ;
#11239 = ORIENTED_EDGE ( 'NONE', *, *, #4003, .F. ) ;
#11240 = ORIENTED_EDGE ( 'NONE', *, *, #2825, .T. ) ;
#11241 = ORIENTED_EDGE ( 'NONE', *, *, #2829, .F. ) ;
#11242 = ORIENTED_EDGE ( 'NONE', *, *, #2835, .T. ) ;
#11243 = ORIENTED_EDGE ( 'NONE', *, *, #2823, .T. ) ;
#11244 = ORIENTED_EDGE ( 'NONE', *, *, #4060, .F. ) ;
#11245 = ORIENTED_EDGE ( 'NONE', *, *, #4106, .T. ) ;
#11246 = ORIENTED_EDGE ( 'NONE', *, *, #2833, .T. ) ;
#11247 = ORIENTED_EDGE ( 'NONE', *, *, #4050, .T. ) ;
#11248 = ORIENTED_EDGE ( 'NONE', *, *, #2831, .T. ) ;
#11249 = ORIENTED_EDGE ( 'NONE', *, *, #6385, .T. ) ;
#11250 = ORIENTED_EDGE ( 'NONE', *, *, #2837, .F. ) ;
#11251 = ORIENTED_EDGE ( 'NONE', *, *, #2839, .F. ) ;
#11252 = ORIENTED_EDGE ( 'NONE', *, *, #2841, .F. ) ;
#11253 = ORIENTED_EDGE ( 'NONE', *, *, #2843, .F. ) ;
#11254 = ORIENTED_EDGE ( 'NONE', *, *, #2845, .F. ) ;
#11255 = ORIENTED_EDGE ( 'NONE', *, *, #9136, .F. ) ;
#11256 = ORIENTED_EDGE ( 'NONE', *, *, #2847, .F. ) ;
#11257 = ORIENTED_EDGE ( 'NONE', *, *, #2849, .F. ) ;
#11258 = ORIENTED_EDGE ( 'NONE', *, *, #2851, .F. ) ;
#11259 = ORIENTED_EDGE ( 'NONE', *, *, #2853, .T. ) ;
#11260 = ORIENTED_EDGE ( 'NONE', *, *, #1203, .T. ) ;
#11261 = ORIENTED_EDGE ( 'NONE', *, *, #2855, .F. ) ;
#11262 = ORIENTED_EDGE ( 'NONE', *, *, #4068, .F. ) ;
#11263 = ORIENTED_EDGE ( 'NONE', *, *, #6354, .T. ) ;
#11264 = ORIENTED_EDGE ( 'NONE', *, *, #2853, .F. ) ;
#11265 = ORIENTED_EDGE ( 'NONE', *, *, #7303, .F. ) ;
#11266 = ORIENTED_EDGE ( 'NONE', *, *, #2815, .F. ) ;
#11267 = ORIENTED_EDGE ( 'NONE', *, *, #2859, .F. ) ;
#11268 = ORIENTED_EDGE ( 'NONE', *, *, #2857, .F. ) ;
#11269 = ORIENTED_EDGE ( 'NONE', *, *, #6414, .F. ) ;
#11270 = ORIENTED_EDGE ( 'NONE', *, *, #6424, .F. ) ;
#11271 = ORIENTED_EDGE ( 'NONE', *, *, #2865, .F. ) ;
#11272 = ORIENTED_EDGE ( 'NONE', *, *, #4023, .F. ) ;
#11273 = ORIENTED_EDGE ( 'NONE', *, *, #4038, .F. ) ;
#11274 = ORIENTED_EDGE ( 'NONE', *, *, #2863, .F. ) ;
#11275 = ORIENTED_EDGE ( 'NONE', *, *, #2861, .F. ) ;
#11276 = ORIENTED_EDGE ( 'NONE', *, *, #4024, .F. ) ;
#11277 = ORIENTED_EDGE ( 'NONE', *, *, #2867, .F. ) ;
#11278 = ORIENTED_EDGE ( 'NONE', *, *, #2869, .F. ) ;
#11279 = ORIENTED_EDGE ( 'NONE', *, *, #2914, .F. ) ;
#11280 = ORIENTED_EDGE ( 'NONE', *, *, #2871, .F. ) ;
#11281 = ORIENTED_EDGE ( 'NONE', *, *, #1181, .F. ) ;
#11282 = ORIENTED_EDGE ( 'NONE', *, *, #2873, .F. ) ;
#11283 = ORIENTED_EDGE ( 'NONE', *, *, #2789, .F. ) ;
#11284 = ORIENTED_EDGE ( 'NONE', *, *, #2791, .T. ) ;
#11285 = ORIENTED_EDGE ( 'NONE', *, *, #2797, .F. ) ;
#11286 = ORIENTED_EDGE ( 'NONE', *, *, #5224, .F. ) ;
#11287 = ORIENTED_EDGE ( 'NONE', *, *, #2876, .F. ) ;
#11288 = ORIENTED_EDGE ( 'NONE', *, *, #2755, .F. ) ;
#11289 = ORIENTED_EDGE ( 'NONE', *, *, #2757, .F. ) ;
#11290 = ORIENTED_EDGE ( 'NONE', *, *, #1218, .F. ) ;
#11291 = ORIENTED_EDGE ( 'NONE', *, *, #2751, .T. ) ;
#11292 = ORIENTED_EDGE ( 'NONE', *, *, #2783, .F. ) ;
#11293 = ORIENTED_EDGE ( 'NONE', *, *, #6409, .T. ) ;
#11294 = ORIENTED_EDGE ( 'NONE', *, *, #2787, .F. ) ;
#11295 = ORIENTED_EDGE ( 'NONE', *, *, #2779, .F. ) ;
#11296 = ORIENTED_EDGE ( 'NONE', *, *, #2777, .T. ) ;
#11297 = ORIENTED_EDGE ( 'NONE', *, *, #2781, .F. ) ;
#11298 = ORIENTED_EDGE ( 'NONE', *, *, #2785, .T. ) ;
#11299 = ORIENTED_EDGE ( 'NONE', *, *, #2795, .T. ) ;
#11300 = ORIENTED_EDGE ( 'NONE', *, *, #2747, .T. ) ;
#11301 = ORIENTED_EDGE ( 'NONE', *, *, #2874, .F. ) ;
#11302 = ORIENTED_EDGE ( 'NONE', *, *, #1218, .T. ) ;
#11303 = ORIENTED_EDGE ( 'NONE', *, *, #4073, .F. ) ;
#11304 = ORIENTED_EDGE ( 'NONE', *, *, #2917, .F. ) ;
#11305 = DIRECTION ( 'NONE',  ( 0.0000000000000000000, 0.0000000000000000000, -1.000000000000000000 ) ) ;
#11306 = NEXT_ASSEMBLY_USAGE_OCCURRENCE ( 'NAUO1', ' ', ' ', #7653, #7823, $ ) ;
#11307 = NEXT_ASSEMBLY_USAGE_OCCURRENCE ( 'NAUO2', ' ', ' ', #7653, #7755, $ ) ;
#11308 = NEXT_ASSEMBLY_USAGE_OCCURRENCE ( 'NAUO3', ' ', ' ', #7653, #7738, $ ) ;
#11309 = NEXT_ASSEMBLY_USAGE_OCCURRENCE ( 'NAUO4', ' ', ' ', #7653, #7721, $ ) ;
#11310 = NEXT_ASSEMBLY_USAGE_OCCURRENCE ( 'NAUO5', ' ', ' ', #7653, #7704, $ ) ;
#11311 = NEXT_ASSEMBLY_USAGE_OCCURRENCE ( 'NAUO6', ' ', ' ', #7653, #7687, $ ) ;
#11312 = NEXT_ASSEMBLY_USAGE_OCCURRENCE ( 'NAUO7', ' ', ' ', #7653, #7670, $ ) ;
#11313 = NEXT_ASSEMBLY_USAGE_OCCURRENCE ( 'NAUO8', ' ', ' ', #7755, #7806, $ ) ;
#11314 = NEXT_ASSEMBLY_USAGE_OCCURRENCE ( 'NAUO9', ' ', ' ', #7755, #7789, $ ) ;
#11315 = NEXT_ASSEMBLY_USAGE_OCCURRENCE ( 'NAUO10', ' ', ' ', #7755, #7789, $ ) ;
#11316 = NEXT_ASSEMBLY_USAGE_OCCURRENCE ( 'NAUO11', ' ', ' ', #7755, #7772, $ ) ;
ENDSEC;
END-ISO-10303-21;
