ISO-10303-21;
HEADER;
FILE_DESCRIPTION (( 'STEP AP203' ),
    '1' );
FILE_NAME ('0079-E0W.STEP',
    '2011-06-30T19:34:24',
    ( 'Admin' ),
    ( 'Thorlabs, Inc.' ),
    'SwSTEP 2.0',
    'SolidWorks 2011',
    '' );
FILE_SCHEMA (( 'CONFIG_CONTROL_DESIGN' ));
ENDSEC;

DATA;
#1 = CARTESIAN_POINT ( 'NONE',  ( 0.8752056519953483900, -0.5723407022048623300, -0.05826460992317476800 ) ) ;
#2 = CARTESIAN_POINT ( 'NONE',  ( 0.8739227366483852700, -0.5723407022048623300, -0.05743208210599881600 ) ) ;
#3 = CARTESIAN_POINT ( 'NONE',  ( 0.8722376239918417900, -0.5723407022048621100, -0.05592534246208220900 ) ) ;
#4 = CARTESIAN_POINT ( 'NONE',  ( 0.8708634301301675400, -0.5723407022048623300, -0.05421856776027403300 ) ) ;
#5 = CARTESIAN_POINT ( 'NONE',  ( 0.8697531618986111800, -0.5723407022048618800, -0.05234669127051291100 ) ) ;
#6 = CARTESIAN_POINT ( 'NONE',  ( 0.8689238407921282500, -0.5723407022048624400, -0.05028115363885126600 ) ) ;
#7 = CARTESIAN_POINT ( 'NONE',  ( 0.8683718322537766800, -0.5723407022048621100, -0.04803277443449956200 ) ) ;
#8 = CARTESIAN_POINT ( 'NONE',  ( 0.8680026805818248400, -0.5723407022048623300, -0.04560640160531777300 ) ) ;
#9 = CARTESIAN_POINT ( 'NONE',  ( 0.8679639144522702800, -0.5723407022048623300, -0.04392582679414516100 ) ) ;
#10 = CARTESIAN_POINT ( 'NONE',  ( 0.8679438442462339400, -0.5723407022048622200, -0.04305575069661332600 ) ) ;
#11 = CARTESIAN_POINT ( 'NONE',  ( 0.5378113284234492500, -0.5723407022048635500, 0.1031487587970576100 ) ) ;
#12 = CARTESIAN_POINT ( 'NONE',  ( 0.5372920334231025000, -0.5723407022048626600, 0.1032788654583715500 ) ) ;
#13 = CARTESIAN_POINT ( 'NONE',  ( 0.5362741345638886200, -0.5723407022048627700, 0.1035338947231231600 ) ) ;
#14 = CARTESIAN_POINT ( 'NONE',  ( 0.5348064184132150800, -0.5723407022048626600, 0.1040545339216844400 ) ) ;
#15 = CARTESIAN_POINT ( 'NONE',  ( 0.5334253816626656200, -0.5723407022048627700, 0.1046731040677278300 ) ) ;
#16 = CARTESIAN_POINT ( 'NONE',  ( 0.5321238936290654300, -0.5723407022048627700, 0.1054010445043084700 ) ) ;
#17 = CARTESIAN_POINT ( 'NONE',  ( 0.5309074773696705900, -0.5723407022048626600, 0.1062273522933927800 ) ) ;
#18 = CARTESIAN_POINT ( 'NONE',  ( 0.5297806663522823800, -0.5723407022048626600, 0.1071633106724708100 ) ) ;
#19 = CARTESIAN_POINT ( 'NONE',  ( 0.5287336907567982100, -0.5723407022048627700, 0.1081922187679539600 ) ) ;
#20 = CARTESIAN_POINT ( 'NONE',  ( 0.5277807310128743700, -0.5723407022048628800, 0.1093290347754761500 ) ) ;
#21 = CARTESIAN_POINT ( 'NONE',  ( 0.5269225772231909100, -0.5723407022048626600, 0.1105539122316985100 ) ) ;
#22 = CARTESIAN_POINT ( 'NONE',  ( 0.5261884881850975600, -0.5723407022048627700, 0.1118716391073821100 ) ) ;
#23 = CARTESIAN_POINT ( 'NONE',  ( 0.5255461300830645000, -0.5723407022048627700, 0.1132511673651115500 ) ) ;
#24 = CARTESIAN_POINT ( 'NONE',  ( 0.5250368190764710400, -0.5723407022048626600, 0.1147185435744606100 ) ) ;
#25 = CARTESIAN_POINT ( 'NONE',  ( 0.5246287214104271600, -0.5723407022048627700, 0.1162585869915234900 ) ) ;
#26 = CARTESIAN_POINT ( 'NONE',  ( 0.5243656942460400700, -0.5723407022048626600, 0.1178869033371512200 ) ) ;
#27 = CARTESIAN_POINT ( 'NONE',  ( 0.5241716886159134600, -0.5723407022048627700, 0.1195872931631331800 ) ) ;
#28 = CARTESIAN_POINT ( 'NONE',  ( 0.5241549107115525100, -0.5723407022048627700, 0.1207496974922771500 ) ) ;
#29 = CARTESIAN_POINT ( 'NONE',  ( 0.5241463758918036800, -0.5723407022048627700, 0.1213410056325006200 ) ) ;
#30 = CARTESIAN_POINT ( 'NONE',  ( 0.8679438442462339400, -0.5723407022048622200, -0.04305575069661332600 ) ) ;
#31 = CARTESIAN_POINT ( 'NONE',  ( 0.8679719480328498300, -0.5723407022048623300, -0.04207241655015411100 ) ) ;
#32 = CARTESIAN_POINT ( 'NONE',  ( 0.8680263393434489700, -0.5723407022048623300, -0.04016929816565204000 ) ) ;
#33 = CARTESIAN_POINT ( 'NONE',  ( 0.8685635619494906900, -0.5723407022048620000, -0.03743675820806716100 ) ) ;
#34 = CARTESIAN_POINT ( 'NONE',  ( 0.8694147619095132800, -0.5723407022048623300, -0.03492428241697739100 ) ) ;
#35 = CARTESIAN_POINT ( 'NONE',  ( 0.8706455636520358300, -0.5723407022048621100, -0.03265928537369569600 ) ) ;
#36 = CARTESIAN_POINT ( 'NONE',  ( 0.8721582452430268800, -0.5723407022048624400, -0.03061771048018924900 ) ) ;
#37 = CARTESIAN_POINT ( 'NONE',  ( 0.8738975645588592500, -0.5723407022048621100, -0.02877235116934406500 ) ) ;
#38 = CARTESIAN_POINT ( 'NONE',  ( 0.8758778508101611200, -0.5723407022048621100, -0.02714205445195644300 ) ) ;
#39 = CARTESIAN_POINT ( 'NONE',  ( 0.8773413488114876200, -0.5723407022048622200, -0.02624412550044207000 ) ) ;
#40 = CARTESIAN_POINT ( 'NONE',  ( 0.8780813046892719200, -0.5723407022048622200, -0.02579012569661335400 ) ) ;
#41 = CARTESIAN_POINT ( 'NONE',  ( 0.5378113284234492500, -0.5723407022048627700, 0.1027749455059183400 ) ) ;
#42 = DIRECTION ( 'NONE',  ( 0.0000000000000000000, 0.0000000000000000000, 1.000000000000000000 ) ) ;
#43 = CARTESIAN_POINT ( 'NONE',  ( 0.5241463758918036800, -0.5723407022048627700, 0.1213410056325006200 ) ) ;
#44 = CARTESIAN_POINT ( 'NONE',  ( 0.5241656055711910700, -0.5723407022048627700, 0.1221822646912221100 ) ) ;
#45 = CARTESIAN_POINT ( 'NONE',  ( 0.5242029576532751800, -0.5723407022048626600, 0.1238163417230064000 ) ) ;
#46 = CARTESIAN_POINT ( 'NONE',  ( 0.5245511149179975500, -0.5723407022048628800, 0.1261887977964185600 ) ) ;
#47 = CARTESIAN_POINT ( 'NONE',  ( 0.5250738284068636700, -0.5723407022048627700, 0.1284197967729102900 ) ) ;
#48 = CARTESIAN_POINT ( 'NONE',  ( 0.5258606480651948400, -0.5723407022048624400, 0.1304830563311547600 ) ) ;
#49 = CARTESIAN_POINT ( 'NONE',  ( 0.5268168537599330300, -0.5723407022048628800, 0.1323875751034009100 ) ) ;
#50 = CARTESIAN_POINT ( 'NONE',  ( 0.5279282520440991000, -0.5723407022048627700, 0.1341200102209393100 ) ) ;
#51 = CARTESIAN_POINT ( 'NONE',  ( 0.5291701227191436500, -0.5723407022048628800, 0.1357020728802698600 ) ) ;
#52 = CARTESIAN_POINT ( 'NONE',  ( 0.5301423198214020300, -0.5723407022048627700, 0.1365964021239715600 ) ) ;
#53 = CARTESIAN_POINT ( 'NONE',  ( 0.5306258062715505400, -0.5723407022048627700, 0.1370411638603487000 ) ) ;
#54 = CARTESIAN_POINT ( 'NONE',  ( 0.5306258062715505400, -0.5723407022048627700, 0.1370411638603487000 ) ) ;
#55 = CARTESIAN_POINT ( 'NONE',  ( 0.5312167997787511400, -0.5723407022048627700, 0.1375282714140011200 ) ) ;
#56 = CARTESIAN_POINT ( 'NONE',  ( 0.5323849944833146700, -0.5723407022048626600, 0.1384911186497092300 ) ) ;
#57 = CARTESIAN_POINT ( 'NONE',  ( 0.5342781438905540600, -0.5723407022048626600, 0.1397178004370846200 ) ) ;
#58 = CARTESIAN_POINT ( 'NONE',  ( 0.5362659024586160500, -0.5723407022048627700, 0.1407003545503184300 ) ) ;
#59 = CARTESIAN_POINT ( 'NONE',  ( 0.5383674889582701400, -0.5723407022048628800, 0.1414798421708357300 ) ) ;
#60 = CARTESIAN_POINT ( 'NONE',  ( 0.5406532578619955800, -0.5723407022048628800, 0.1420699602967530900 ) ) ;
#61 = CARTESIAN_POINT ( 'NONE',  ( 0.5431958813457142800, -0.5723407022048625500, 0.1424487282076689300 ) ) ;
#62 = CARTESIAN_POINT ( 'NONE',  ( 0.5460161368129430300, -0.5723407022048627700, 0.1427053921137581600 ) ) ;
#63 = CARTESIAN_POINT ( 'NONE',  ( 0.5479913186335757500, -0.5723407022048627700, 0.1427315689160905700 ) ) ;
#64 = CARTESIAN_POINT ( 'NONE',  ( 0.5490257271576265400, -0.5723407022048627700, 0.1427452777843993500 ) ) ;
#65 = CARTESIAN_POINT ( 'NONE',  ( 0.5490257271576265400, -0.5723407022048627700, 0.1427452777843993500 ) ) ;
#66 = DIRECTION ( 'NONE',  ( 1.000000000000000000, 3.092750437968319800E-015, 0.0000000000000000000 ) ) ;
#67 = CARTESIAN_POINT ( 'NONE',  ( 0.5711084012082594500, -0.5723407022048626600, 0.1427452777843993500 ) ) ;
#68 = DIRECTION ( 'NONE',  ( 0.0000000000000000000, 0.0000000000000000000, -1.000000000000000000 ) ) ;
#69 = CARTESIAN_POINT ( 'NONE',  ( 0.5711084012082594500, -0.5723407022048626600, 0.07274527778439934800 ) ) ;
#70 = DIRECTION ( 'NONE',  ( -1.000000000000000000, -3.703406117537145400E-015, 0.0000000000000000000 ) ) ;
#71 = CARTESIAN_POINT ( 'NONE',  ( 0.5526669455120568600, -0.5723407022048627700, 0.07274527778439934800 ) ) ;
#72 = CARTESIAN_POINT ( 'NONE',  ( 0.5521177535665434700, -0.5723407022048627700, 0.07274885694580801600 ) ) ;
#73 = CARTESIAN_POINT ( 'NONE',  ( 0.5510516109311854900, -0.5723407022048627700, 0.07275580514781240800 ) ) ;
#74 = CARTESIAN_POINT ( 'NONE',  ( 0.5495100870820841500, -0.5723407022048627700, 0.07278278670734644700 ) ) ;
#75 = CARTESIAN_POINT ( 'NONE',  ( 0.5480748036412829100, -0.5723407022048627700, 0.07282552076345788500 ) ) ;
#76 = CARTESIAN_POINT ( 'NONE',  ( 0.5467449873655427800, -0.5723407022048625500, 0.07287523635264379900 ) ) ;
#77 = CARTESIAN_POINT ( 'NONE',  ( 0.5455220296142459000, -0.5723407022048627700, 0.07295996594060004400 ) ) ;
#78 = CARTESIAN_POINT ( 'NONE',  ( 0.5444052055409150900, -0.5723407022048627700, 0.07305813480584103000 ) ) ;
#79 = CARTESIAN_POINT ( 'NONE',  ( 0.5433971601341184300, -0.5723407022048625500, 0.07316149111821723700 ) ) ;
#80 = CARTESIAN_POINT ( 'NONE',  ( 0.5421978416973476400, -0.5723407022048629900, 0.07334888860188215600 ) ) ;
#81 = CARTESIAN_POINT ( 'NONE',  ( 0.5407814334433723700, -0.5723407022048627700, 0.07364567693130393000 ) ) ;
#82 = CARTESIAN_POINT ( 'NONE',  ( 0.5391351395644586900, -0.5723407022048627700, 0.07416303364560256100 ) ) ;
#83 = CARTESIAN_POINT ( 'NONE',  ( 0.5375289848153286300, -0.5723407022048627700, 0.07484091505775068700 ) ) ;
#84 = CARTESIAN_POINT ( 'NONE',  ( 0.5365009567678790100, -0.5723407022048626600, 0.07539943514345881500 ) ) ;
#85 = CARTESIAN_POINT ( 'NONE',  ( 0.5359837967778796600, -0.5723407022048627700, 0.07568040436667783400 ) ) ;
#86 = CARTESIAN_POINT ( 'NONE',  ( 0.5359837967778796600, -0.5723407022048627700, 0.07568040436667783400 ) ) ;
#87 = CARTESIAN_POINT ( 'NONE',  ( 0.5354431438519827700, -0.5723407022048627700, 0.07603125261345598800 ) ) ;
#88 = CARTESIAN_POINT ( 'NONE',  ( 0.5343866253309542700, -0.5723407022048626600, 0.07671686375701272700 ) ) ;
#89 = CARTESIAN_POINT ( 'NONE',  ( 0.5329988854961539300, -0.5723407022048627700, 0.07795770816964978100 ) ) ;
#90 = CARTESIAN_POINT ( 'NONE',  ( 0.5318671964335983700, -0.5723407022048626600, 0.07936328733584491200 ) ) ;
#91 = CARTESIAN_POINT ( 'NONE',  ( 0.5309528578899642700, -0.5723407022048627700, 0.08090483268035379700 ) ) ;
#92 = CARTESIAN_POINT ( 'NONE',  ( 0.5302698875669777900, -0.5723407022048627700, 0.08260586367113424700 ) ) ;
#93 = CARTESIAN_POINT ( 'NONE',  ( 0.5298152923001006000, -0.5723407022048629900, 0.08445747007471780800 ) ) ;
#94 = CARTESIAN_POINT ( 'NONE',  ( 0.5295112850408455500, -0.5723407022048625500, 0.08645565946345593100 ) ) ;
#95 = CARTESIAN_POINT ( 'NONE',  ( 0.5294793599929771300, -0.5723407022048627700, 0.08783966224912742600 ) ) ;
#96 = CARTESIAN_POINT ( 'NONE',  ( 0.5294628315880062200, -0.5723407022048627700, 0.08855619550591832500 ) ) ;
#97 = CARTESIAN_POINT ( 'NONE',  ( 0.6384501733601580800, -0.5723407022048626600, 0.1347705942400955800 ) ) ;
#98 = DIRECTION ( 'NONE',  ( 0.0000000000000000000, 0.0000000000000000000, 1.000000000000000000 ) ) ;
#99 = CARTESIAN_POINT ( 'NONE',  ( 0.5294628315880062200, -0.5723407022048627700, 0.08855619550591832500 ) ) ;
#100 = CARTESIAN_POINT ( 'NONE',  ( 0.5294859758828662800, -0.5723407022048627700, 0.08936600009712009100 ) ) ;
#101 = CARTESIAN_POINT ( 'NONE',  ( 0.5295307687268890900, -0.5723407022048627700, 0.09093327406082767100 ) ) ;
#102 = CARTESIAN_POINT ( 'NONE',  ( 0.5299731873436293000, -0.5723407022048626600, 0.09318360108472102700 ) ) ;
#103 = CARTESIAN_POINT ( 'NONE',  ( 0.5306741755460008300, -0.5723407022048626600, 0.09525269879503034400 ) ) ;
#104 = CARTESIAN_POINT ( 'NONE',  ( 0.5316877769810198800, -0.5723407022048628800, 0.09711799047773281300 ) ) ;
#105 = CARTESIAN_POINT ( 'NONE',  ( 0.5329335147618355900, -0.5723407022048627700, 0.09879928744885591000 ) ) ;
#106 = CARTESIAN_POINT ( 'NONE',  ( 0.5343658953748738900, -0.5723407022048626600, 0.1003189951166107000 ) ) ;
#107 = CARTESIAN_POINT ( 'NONE',  ( 0.5359967193465348100, -0.5723407022048629900, 0.1016615924132827500 ) ) ;
#108 = CARTESIAN_POINT ( 'NONE',  ( 0.5372019529946858700, -0.5723407022048627700, 0.1024010633145300000 ) ) ;
#109 = CARTESIAN_POINT ( 'NONE',  ( 0.5378113284234492500, -0.5723407022048627700, 0.1027749455059183400 ) ) ;
#110 = CARTESIAN_POINT ( 'NONE',  ( 0.6694628315880063500, -0.5723407022048625500, 0.1347705942400955800 ) ) ;
#111 = DIRECTION ( 'NONE',  ( -1.000000000000000000, -2.202203994892622900E-015, 0.0000000000000000000 ) ) ;
#112 = CARTESIAN_POINT ( 'NONE',  ( 0.6384501733601580800, -0.5723407022048626600, 0.1427452777843993500 ) ) ;
#113 = DIRECTION ( 'NONE',  ( 1.000000000000000000, 1.751753177755495000E-015, 0.0000000000000000000 ) ) ;
#114 = CARTESIAN_POINT ( 'NONE',  ( 0.6774375151323099900, -0.5723407022048625500, 0.1427452777843993500 ) ) ;
#115 = DIRECTION ( 'NONE',  ( 0.0000000000000000000, 0.0000000000000000000, -1.000000000000000000 ) ) ;
#116 = CARTESIAN_POINT ( 'NONE',  ( 0.6774375151323099900, -0.5723407022048625500, 0.07274527778439934800 ) ) ;
#117 = DIRECTION ( 'NONE',  ( -1.000000000000000000, 0.0000000000000000000, 0.0000000000000000000 ) ) ;
#118 = CARTESIAN_POINT ( 'NONE',  ( 0.7784778632335759300, -0.5723407022048623300, 0.07097312588566516400 ) ) ;
#119 = CARTESIAN_POINT ( 'NONE',  ( 0.7773776398921705700, -0.5723407022048623300, 0.07099960778999857300 ) ) ;
#120 = CARTESIAN_POINT ( 'NONE',  ( 0.7752220365477883200, -0.5723407022048623300, 0.07105149223872674100 ) ) ;
#121 = CARTESIAN_POINT ( 'NONE',  ( 0.7720764784254506900, -0.5723407022048623300, 0.07154011737660895300 ) ) ;
#122 = CARTESIAN_POINT ( 'NONE',  ( 0.7690951864781734300, -0.5723407022048624400, 0.07230422345901606200 ) ) ;
#123 = CARTESIAN_POINT ( 'NONE',  ( 0.7662994791009823900, -0.5723407022048624400, 0.07340456210919793500 ) ) ;
#124 = CARTESIAN_POINT ( 'NONE',  ( 0.7637038221105593200, -0.5723407022048624400, 0.07480095607121710300 ) ) ;
#125 = CARTESIAN_POINT ( 'NONE',  ( 0.7612878979547085300, -0.5723407022048624400, 0.07643791452061789200 ) ) ;
#126 = CARTESIAN_POINT ( 'NONE',  ( 0.7590827171348096800, -0.5723407022048623300, 0.07835387023300620400 ) ) ;
#127 = CARTESIAN_POINT ( 'NONE',  ( 0.7578005495238636600, -0.5723407022048624400, 0.07981836886669860200 ) ) ;
#128 = CARTESIAN_POINT ( 'NONE',  ( 0.7571566607019303300, -0.5723407022048624400, 0.08055382208819682200 ) ) ;
#129 = CARTESIAN_POINT ( 'NONE',  ( 0.6694628315880063500, -0.5723407022048625500, 0.07274527778439934800 ) ) ;
#130 = DIRECTION ( 'NONE',  ( 0.0000000000000000000, 0.0000000000000000000, 1.000000000000000000 ) ) ;
#131 = CARTESIAN_POINT ( 'NONE',  ( 0.4706772303221835000, -0.5718407022048629400, 0.08692249297427276400 ) ) ;
#132 = CARTESIAN_POINT ( 'NONE',  ( 0.4706772303221835000, -0.5723407022048629900, 0.08692249297427276400 ) ) ;
#133 = CARTESIAN_POINT ( 'NONE',  ( 0.4713014907806202800, -0.5718407022048629400, 0.08635753198466879200 ) ) ;
#134 = CARTESIAN_POINT ( 'NONE',  ( 0.4713014907806202800, -0.5723407022048629900, 0.08635753198466879200 ) ) ;
#135 = CARTESIAN_POINT ( 'NONE',  ( 0.4725813991585333100, -0.5718407022048631600, 0.08519920408801032200 ) ) ;
#136 = CARTESIAN_POINT ( 'NONE',  ( 0.4725813991585333100, -0.5723407022048632200, 0.08519920408801032200 ) ) ;
#137 = CARTESIAN_POINT ( 'NONE',  ( 0.4748028615976492300, -0.5718407022048628300, 0.08371809580767623800 ) ) ;
#138 = CARTESIAN_POINT ( 'NONE',  ( 0.4748028615976492300, -0.5723407022048627700, 0.08371809580767623800 ) ) ;
#139 = CARTESIAN_POINT ( 'NONE',  ( 0.4772736051566905400, -0.5718407022048629400, 0.08235533353684190700 ) ) ;
#140 = CARTESIAN_POINT ( 'NONE',  ( 0.4772736051566905400, -0.5723407022048629900, 0.08235533353684190700 ) ) ;
#141 = CARTESIAN_POINT ( 'NONE',  ( 0.4799880952054237400, -0.5718407022048627200, 0.08117615151313652100 ) ) ;
#142 = CARTESIAN_POINT ( 'NONE',  ( 0.4799880952054237400, -0.5723407022048627700, 0.08117615151313652100 ) ) ;
#143 = CARTESIAN_POINT ( 'NONE',  ( 0.4828464529473505100, -0.5718407022048629400, 0.08017441805140440600 ) ) ;
#144 = CARTESIAN_POINT ( 'NONE',  ( 0.4828464529473505100, -0.5723407022048629900, 0.08017441805140440600 ) ) ;
#145 = CARTESIAN_POINT ( 'NONE',  ( 0.4857933098873844500, -0.5718407022048626100, 0.07947731596762377900 ) ) ;
#146 = CARTESIAN_POINT ( 'NONE',  ( 0.4857933098873844500, -0.5723407022048626600, 0.07947731596762377900 ) ) ;
#147 = CARTESIAN_POINT ( 'NONE',  ( 0.4887722278898439800, -0.5718407022048626100, 0.07902271400000685000 ) ) ;
#148 = CARTESIAN_POINT ( 'NONE',  ( 0.4887722278898439800, -0.5723407022048626600, 0.07902271400000685000 ) ) ;
#149 = CARTESIAN_POINT ( 'NONE',  ( 0.4907738178521843200, -0.5718407022048628300, 0.07897281586200284600 ) ) ;
#150 = CARTESIAN_POINT ( 'NONE',  ( 0.4907738178521843200, -0.5723407022048628800, 0.07897281586200284600 ) ) ;
#151 = CARTESIAN_POINT ( 'NONE',  ( 0.4917769138664872000, -0.5718407022048628300, 0.07894780942996897100 ) ) ;
#152 = B_SPLINE_CURVE_WITH_KNOTS ( 'NONE', 3,
 ( #86, #87, #88, #89, #90, #91, #92, #93, #94, #95, #96 ),
 .UNSPECIFIED., .F., .F.,
 ( 4, 1, 1, 1, 1, 1, 1, 1, 4 ),
 ( 0.0000000000000000000, 0.1272281655762732800, 0.2486232976632831400, 0.3659746731759329100, 0.4824868994968744600, 0.6015302622454449200, 0.7267125766875438500, 0.8585121869020976300, 1.000000000000000000 ),
 .UNSPECIFIED. ) ;
#153 = B_SPLINE_CURVE_WITH_KNOTS ( 'NONE', 3,
 ( #71, #72, #73, #74, #75, #76, #77, #78, #79, #80, #81, #82, #83, #84, #85 ),
 .UNSPECIFIED., .F., .F.,
 ( 4, 1, 1, 1, 1, 1, 1, 1, 1, 1, 1, 1, 4 ),
 ( 0.0000000000000000000, 0.09599549267740471700, 0.1863554052124101200, 0.2694762421322459100, 0.3469824421475261000, 0.4189378146630707300, 0.4837168886230517300, 0.5429553482402679200, 0.5960048858375632800, 0.6958381803285043100, 0.7955932304384149000, 0.8971710906482222000, 0.9999999999999998900 ),
 .UNSPECIFIED. ) ;
#154 = B_SPLINE_CURVE_WITH_KNOTS ( 'NONE', 3,
 ( #99, #100, #101, #102, #103, #104, #105, #106, #107, #108, #109 ),
 .UNSPECIFIED., .F., .F.,
 ( 4, 1, 1, 1, 1, 1, 1, 1, 4 ),
 ( 0.0000000000000000000, 0.1398646002837428700, 0.2706901749516884600, 0.3948437579216356700, 0.5162227536938773800, 0.6360762369188385200, 0.7557383287248449200, 0.8764994149539859800, 0.9999999999999998900 ),
 .UNSPECIFIED. ) ;
#155 = B_SPLINE_CURVE_WITH_KNOTS ( 'NONE', 3,
 ( #6664, #6665, #6666, #6667, #6668, #6669, #6670, #6671, #6672, #6673, #6674 ),
 .UNSPECIFIED., .F., .F.,
 ( 4, 1, 1, 1, 1, 1, 1, 1, 4 ),
 ( 0.0000000000000000000, 0.1272281655762732800, 0.2486232976632831400, 0.3659746731759329100, 0.4824868994968744600, 0.6015302622454449200, 0.7267125766875438500, 0.8585121869020976300, 1.000000000000000000 ),
 .UNSPECIFIED. ) ;
#156 = B_SPLINE_CURVE_WITH_KNOTS ( 'NONE', 3,
 ( #6588, #6589, #6590, #6591, #6592, #6593, #6594, #6595, #6596, #6597, #6598, #6599, #6600, #6601, #6602, #6603, #6604, #6605, #6606 ),
 .UNSPECIFIED., .F., .F.,
 ( 4, 1, 1, 1, 1, 1, 1, 1, 1, 1, 1, 1, 1, 1, 1, 1, 4 ),
 ( 0.0000000000000000000, 0.06475414165407752900, 0.1269281754591389300, 0.1881696785875778800, 0.2476753853819875000, 0.3071575011633724800, 0.3658637644658192500, 0.4247053478017481800, 0.4845559878074770500, 0.5451318026532727700, 0.6053978967742790200, 0.6668706877622449000, 0.7290447215673082600, 0.7931161257881119700, 0.8594054182558101800, 0.9284803759137126900, 1.000000000000000000 ),
 .UNSPECIFIED. ) ;
#157 = B_SPLINE_CURVE_WITH_KNOTS ( 'NONE', 3,
 ( #118, #119, #120, #121, #122, #123, #124, #125, #126, #127, #128 ),
 .UNSPECIFIED., .F., .F.,
 ( 4, 1, 1, 1, 1, 1, 1, 1, 4 ),
 ( 0.0000000000000000000, 0.1363909809987949000, 0.2672228844092047200, 0.3938544031343370100, 0.5174872626762914200, 0.6388825834428176800, 0.7587621009892971900, 0.8788532908852539900, 1.000000000000000000 ),
 .UNSPECIFIED. ) ;
#158 = B_SPLINE_CURVE_WITH_KNOTS ( 'NONE', 3,
 ( #6609, #6610, #6611, #6612, #6613, #6614, #6615, #6616, #6617, #6618, #6619 ),
 .UNSPECIFIED., .F., .F.,
 ( 4, 1, 1, 1, 1, 1, 1, 1, 4 ),
 ( 0.0000000000000000000, 0.1439726444493272500, 0.2796551063086643600, 0.4098045422867014900, 0.5356006016324521600, 0.6568278938255067700, 0.7741142245126824100, 0.8876640225776245600, 1.000000000000000000 ),
 .UNSPECIFIED. ) ;
#159 = B_SPLINE_CURVE_WITH_KNOTS ( 'NONE', 3,
 ( #6622, #6623, #6624, #6625, #6626, #6627, #6628, #6629, #6630, #6631, #6632 ),
 .UNSPECIFIED., .F., .F.,
 ( 4, 1, 1, 1, 1, 1, 1, 1, 4 ),
 ( 0.0000000000000000000, 0.1163177735851331100, 0.2299209813528988700, 0.3418888978529554500, 0.4526178290634678100, 0.5699858355458877800, 0.6999266489111292100, 0.8428507041911659200, 1.000000000000000000 ),
 .UNSPECIFIED. ) ;
#160 = B_SPLINE_CURVE_WITH_KNOTS ( 'NONE', 3,
 ( #6720, #6721, #6722, #6723, #6724, #6725, #6726, #6727, #6728, #6729, #6730 ),
 .UNSPECIFIED., .F., .F.,
 ( 4, 1, 1, 1, 1, 1, 1, 1, 4 ),
 ( 0.0000000000000000000, 0.1556269711063313400, 0.2957970307510534600, 0.4208515074363102200, 0.5330099173427287300, 0.6397202427495498600, 0.7516833603283990000, 0.8711897471092914200, 0.9999999999999998900 ),
 .UNSPECIFIED. ) ;
#161 = B_SPLINE_CURVE_WITH_KNOTS ( 'NONE', 3,
 ( #6647, #6648, #6649, #6650, #6651, #6652, #6653, #6654, #6655, #6656, #6657, #6658, #6659, #6660, #6661 ),
 .UNSPECIFIED., .F., .F.,
 ( 4, 1, 1, 1, 1, 1, 1, 1, 1, 1, 1, 1, 4 ),
 ( 0.0000000000000000000, 0.09599549267740471700, 0.1863554052124101200, 0.2694762421322459100, 0.3469824421475261000, 0.4189378146630707300, 0.4837168886230517300, 0.5429553482402679200, 0.5960048858375632800, 0.6958381803285043100, 0.7955932304384149000, 0.8971710906482222000, 0.9999999999999998900 ),
 .UNSPECIFIED. ) ;
#162 = B_SPLINE_CURVE_WITH_KNOTS ( 'NONE', 3,
 ( #6677, #6678, #6679, #6680, #6681, #6682, #6683, #6684, #6685, #6686, #6687 ),
 .UNSPECIFIED., .F., .F.,
 ( 4, 1, 1, 1, 1, 1, 1, 1, 4 ),
 ( 0.0000000000000000000, 0.1398646002837428700, 0.2706901749516884600, 0.3948437579216356700, 0.5162227536938773800, 0.6360762369188385200, 0.7557383287248449200, 0.8764994149539859800, 0.9999999999999998900 ),
 .UNSPECIFIED. ) ;
#163 = B_SPLINE_CURVE_WITH_KNOTS ( 'NONE', 3,
 ( #6709, #6710, #6711, #6712, #6713, #6714, #6715, #6716, #6717, #6718, #6719 ),
 .UNSPECIFIED., .F., .F.,
 ( 4, 1, 1, 1, 1, 1, 1, 1, 4 ),
 ( 0.0000000000000000000, 0.09794834232188577600, 0.2000848291071618800, 0.3085422290067205700, 0.4240640375986307100, 0.5490328908556997300, 0.6873600595659438200, 0.8368626202273008500, 1.000000000000000000 ),
 .UNSPECIFIED. ) ;
#164 = B_SPLINE_CURVE_WITH_KNOTS ( 'NONE', 3,
 ( #6694, #6695, #6696, #6697, #6698, #6699, #6700, #6701, #6702, #6703, #6704 ),
 .UNSPECIFIED., .F., .F.,
 ( 4, 1, 1, 1, 1, 1, 1, 1, 4 ),
 ( 0.0000000000000000000, 0.1717943297225881500, 0.3272923836299899100, 0.4667600869445193100, 0.5914535910118191600, 0.7038366373276565600, 0.8081447016961488300, 0.9062327641021112900, 1.000000000000000000 ),
 .UNSPECIFIED. ) ;
#165 = B_SPLINE_CURVE_WITH_KNOTS ( 'NONE', 3,
 ( #6733, #6734, #6735, #6736, #6737, #6738, #6739, #6740, #6741, #6742, #6743 ),
 .UNSPECIFIED., .F., .F.,
 ( 4, 1, 1, 1, 1, 1, 1, 1, 4 ),
 ( 0.0000000000000000000, 0.1250257353094156300, 0.2438143398948091300, 0.3587245394303679700, 0.4709170225857897100, 0.5863144760364124000, 0.7108328651274158400, 0.8487495167574893300, 1.000000000000000000 ),
 .UNSPECIFIED. ) ;
#166 = B_SPLINE_CURVE_WITH_KNOTS ( 'NONE', 3,
 ( #6759, #6760, #6761, #6762, #6763, #6764, #6765, #6766, #6767, #6768, #6769 ),
 .UNSPECIFIED., .F., .F.,
 ( 4, 1, 1, 1, 1, 1, 1, 1, 4 ),
 ( 0.0000000000000000000, 0.09874654301149028700, 0.2002867347978611000, 0.3072879817624824000, 0.4213569529759639300, 0.5459536630534883600, 0.6828296798409512200, 0.8345746618632822200, 0.9999999999999998900 ),
 .UNSPECIFIED. ) ;
#167 = B_SPLINE_CURVE_WITH_KNOTS ( 'NONE', 3,
 ( #6770, #6771, #6772, #6773, #6774, #6775, #6776, #6777, #6778, #6779, #6780 ),
 .UNSPECIFIED., .F., .F.,
 ( 4, 1, 1, 1, 1, 1, 1, 1, 4 ),
 ( 0.0000000000000000000, 0.1503103030902401500, 0.2882868883487260100, 0.4177296430143342400, 0.5378569888759484600, 0.6526356275655405000, 0.7660659387415272900, 0.8818455189960055000, 1.000000000000000000 ),
 .UNSPECIFIED. ) ;
#168 = B_SPLINE_CURVE_WITH_KNOTS ( 'NONE', 3,
 ( #6744, #6745, #6746, #6747, #6748, #6749, #6750, #6751, #6752, #6753, #6754 ),
 .UNSPECIFIED., .F., .F.,
 ( 4, 1, 1, 1, 1, 1, 1, 1, 4 ),
 ( 0.0000000000000000000, 0.1684634951889291100, 0.3193684012630490500, 0.4530786163945854100, 0.5696860292291365800, 0.6765834000212864700, 0.7824251918499528500, 0.8900404041992112700, 1.000000000000000000 ),
 .UNSPECIFIED. ) ;
#169 = B_SPLINE_CURVE_WITH_KNOTS ( 'NONE', 3,
 ( #6781, #6782, #6783, #6784, #6785, #6786, #6787, #6788, #6789, #6790, #6791 ),
 .UNSPECIFIED., .F., .F.,
 ( 4, 1, 1, 1, 1, 1, 1, 1, 4 ),
 ( 0.0000000000000000000, 0.1178836276408190300, 0.2316051454546736400, 0.3457892835860728600, 0.4630965380067384500, 0.5850620154468390000, 0.7150384810408030300, 0.8530793236933749100, 1.000000000000000000 ),
 .UNSPECIFIED. ) ;
#170 = B_SPLINE_CURVE_WITH_KNOTS ( 'NONE', 3,
 ( #6803, #6804, #6805, #6806, #6807, #6808, #6809, #6810, #6811, #6812, #6813 ),
 .UNSPECIFIED., .F., .F.,
 ( 4, 1, 1, 1, 1, 1, 1, 1, 4 ),
 ( 0.0000000000000000000, 0.1249790721037397100, 0.2468212669203946900, 0.3663154931895829000, 0.4859243920049982600, 0.6078322038964806300, 0.7328204167177683200, 0.8633089401889720800, 0.9999999999999998900 ),
 .UNSPECIFIED. ) ;
#171 = B_SPLINE_CURVE_WITH_KNOTS ( 'NONE', 3,
 ( #6792, #6793, #6794, #6795, #6796, #6797, #6798, #6799, #6800, #6801, #6802 ),
 .UNSPECIFIED., .F., .F.,
 ( 4, 1, 1, 1, 1, 1, 1, 1, 4 ),
 ( 0.0000000000000000000, 0.1222771393517771400, 0.2426478957669176700, 0.3645528958199151200, 0.4879944078353327700, 0.6127768858020199400, 0.7390035001634254200, 0.8673036449964207600, 1.000000000000000000 ),
 .UNSPECIFIED. ) ;
#172 = B_SPLINE_CURVE_WITH_KNOTS ( 'NONE', 3,
 ( #6814, #6815, #6816, #6817, #6818, #6819, #6820, #6821, #6822, #6823, #6824 ),
 .UNSPECIFIED., .F., .F.,
 ( 4, 1, 1, 1, 1, 1, 1, 1, 4 ),
 ( 0.0000000000000000000, 0.1340492518697042600, 0.2630457730435126800, 0.3890724451322121700, 0.5124470092845159200, 0.6345369494846023800, 0.7556358922642975000, 0.8768632044590711800, 1.000000000000000000 ),
 .UNSPECIFIED. ) ;
#173 = B_SPLINE_CURVE_WITH_KNOTS ( 'NONE', 3,
 ( #6825, #6826, #6827, #6828, #6829, #6830, #6831, #6832, #6833, #6834, #6835 ),
 .UNSPECIFIED., .F., .F.,
 ( 4, 1, 1, 1, 1, 1, 1, 1, 4 ),
 ( 0.0000000000000000000, 0.1063918198379831300, 0.2164476629227200000, 0.3313943154147658800, 0.4520014428224506900, 0.5785571418488312200, 0.7116987298020272000, 0.8518137637822893500, 1.000000000000000000 ),
 .UNSPECIFIED. ) ;
#174 = B_SPLINE_CURVE_WITH_KNOTS ( 'NONE', 3,
 ( #7058, #7059, #7060, #7061, #7062, #7063, #7064, #7065, #7066, #7067, #7068 ),
 .UNSPECIFIED., .F., .F.,
 ( 4, 1, 1, 1, 1, 1, 1, 1, 4 ),
 ( 0.0000000000000000000, 0.1600046077642779700, 0.3063079431000183500, 0.4401178161583324500, 0.5601603473862245600, 0.6724033947830578800, 0.7822494741524301800, 0.8912128214156215300, 1.000000000000000000 ),
 .UNSPECIFIED. ) ;
#175 = B_SPLINE_CURVE_WITH_KNOTS ( 'NONE', 3,
 ( #6838, #6839, #6840, #6841, #6842, #6843, #6844, #6845, #6846, #6847, #6848 ),
 .UNSPECIFIED., .F., .F.,
 ( 4, 1, 1, 1, 1, 1, 1, 1, 4 ),
 ( 0.0000000000000000000, 0.1457701668129292000, 0.2844585821235541300, 0.4162060205845860000, 0.5426823525480175500, 0.6631805485205188900, 0.7792476700186106200, 0.8910729390317281300, 1.000000000000000000 ),
 .UNSPECIFIED. ) ;
#176 = B_SPLINE_CURVE_WITH_KNOTS ( 'NONE', 3,
 ( #7137, #7138, #7139, #7140, #7141, #7142, #7143, #7144, #7145, #7146, #7147 ),
 .UNSPECIFIED., .F., .F.,
 ( 4, 1, 1, 1, 1, 1, 1, 1, 4 ),
 ( 0.0000000000000000000, 0.1123240478670788900, 0.2251736308804362100, 0.3401739602379905700, 0.4570938888561406600, 0.5796487309861299000, 0.7102500410409194900, 0.8500009625096592900, 1.000000000000000000 ),
 .UNSPECIFIED. ) ;
#177 = B_SPLINE_CURVE_WITH_KNOTS ( 'NONE', 3,
 ( #7025, #7026, #7027, #7028, #7029, #7030, #7031, #7032, #7033, #7034, #7035, #7036, #7037, #7038, #7039, #7040, #7041, #7042, #7043 ),
 .UNSPECIFIED., .F., .F.,
 ( 4, 1, 1, 1, 1, 1, 1, 1, 1, 1, 1, 1, 1, 1, 1, 1, 4 ),
 ( 0.0000000000000000000, 0.07243898868694566300, 0.1419268155084490700, 0.2092103859180291500, 0.2741352922407508400, 0.3375834463400764800, 0.3994336624145257700, 0.4598795855964430400, 0.5200368913527144700, 0.5795813732605067400, 0.6389831639361022200, 0.6973935936658177700, 0.7566790432001747600, 0.8160008738512643000, 0.8763968053192637800, 0.9371394469053543300, 1.000000000000000000 ),
 .UNSPECIFIED. ) ;
#178 = B_SPLINE_CURVE_WITH_KNOTS ( 'NONE', 3,
 ( #7115, #7116, #7117, #7118, #7119, #7120, #7121, #7122, #7123, #7124, #7125 ),
 .UNSPECIFIED., .F., .F.,
 ( 4, 1, 1, 1, 1, 1, 1, 1, 4 ),
 ( 0.0000000000000000000, 0.09297548605159207400, 0.2030161484741930800, 0.3299627188192695800, 0.4748308993559937100, 0.6225207293347597700, 0.7594519026480256500, 0.8850461747072364500, 1.000000000000000000 ),
 .UNSPECIFIED. ) ;
#179 = B_SPLINE_CURVE_WITH_KNOTS ( 'NONE', 3,
 ( #7071, #7072, #7073, #7074, #7075, #7076, #7077, #7078, #7079, #7080, #7081 ),
 .UNSPECIFIED., .F., .F.,
 ( 4, 1, 1, 1, 1, 1, 1, 1, 4 ),
 ( 0.0000000000000000000, 0.1160772256306323200, 0.2303657728617300400, 0.3438971416030675000, 0.4590490982745299400, 0.5786845941694202000, 0.7080341743303594200, 0.8475952715750855200, 1.000000000000000000 ),
 .UNSPECIFIED. ) ;
#180 = B_SPLINE_CURVE_WITH_KNOTS ( 'NONE', 3,
 ( #7094, #7095, #7096, #7097, #7098, #7099, #7100, #7101, #7102, #7103, #7104, #7105, #7106, #7107, #7108, #7109, #7110, #7111, #7112 ),
 .UNSPECIFIED., .F., .F.,
 ( 4, 1, 1, 1, 1, 1, 1, 1, 1, 1, 1, 1, 1, 1, 1, 1, 4 ),
 ( 0.0000000000000000000, 0.07050815297330287300, 0.1383163782636588300, 0.2031593777326915200, 0.2653346128907708700, 0.3253376927304424400, 0.3836644928466840800, 0.4400486527487976800, 0.4952782156860589000, 0.5507207486573486600, 0.6072729528639007100, 0.6654710337831989400, 0.7258377642752843500, 0.7890408396165098400, 0.8558027193120136800, 0.9258295079989046200, 0.9999999999999998900 ),
 .UNSPECIFIED. ) ;
#181 = B_SPLINE_CURVE_WITH_KNOTS ( 'NONE', 3,
 ( #7126, #7127, #7128, #7129, #7130, #7131, #7132, #7133, #7134, #7135, #7136 ),
 .UNSPECIFIED., .F., .F.,
 ( 4, 1, 1, 1, 1, 1, 1, 1, 4 ),
 ( 0.0000000000000000000, 0.1228048790217894500, 0.2468855089835885800, 0.3718446401774783700, 0.5004500733599118700, 0.6289290404625722500, 0.7545558216438893500, 0.8771951209782098400, 1.000000000000000000 ),
 .UNSPECIFIED. ) ;
#182 = B_SPLINE_CURVE_WITH_KNOTS ( 'NONE', 3,
 ( #7148, #7149, #7150, #7151, #7152, #7153, #7154, #7155, #7156, #7157, #7158 ),
 .UNSPECIFIED., .F., .F.,
 ( 4, 1, 1, 1, 1, 1, 1, 1, 4 ),
 ( 0.0000000000000000000, 0.1371382535293183500, 0.2683074236840042300, 0.3921945208785595500, 0.5111542049022684800, 0.6282915368450897600, 0.7488069049126217000, 0.8726436002424805500, 1.000000000000000000 ),
 .UNSPECIFIED. ) ;
#183 = B_SPLINE_CURVE_WITH_KNOTS ( 'NONE', 3,
 ( #7174, #7175, #7176, #7177, #7178, #7179, #7180, #7181, #7182, #7183, #7184, #7185, #7186, #7187, #7188, #7189, #7190, #7191, #7192 ),
 .UNSPECIFIED., .F., .F.,
 ( 4, 1, 1, 1, 1, 1, 1, 1, 1, 1, 1, 1, 1, 1, 1, 1, 4 ),
 ( 0.0000000000000000000, 0.08148515513148499300, 0.1583627103935862100, 0.2310101669798778300, 0.3003051593370085800, 0.3668115908470245800, 0.4299466931144612600, 0.4911685245717046800, 0.5510233253377391200, 0.6091749727891293500, 0.6651083080072873700, 0.7190921441506005200, 0.7732297466354506300, 0.8277481735282643500, 0.8831905649820943600, 0.9403554336878631200, 1.000000000000000000 ),
 .UNSPECIFIED. ) ;
#184 = B_SPLINE_CURVE_WITH_KNOTS ( 'NONE', 3,
 ( #7204, #7205, #7206, #7207, #7208, #7209, #7210 ),
 .UNSPECIFIED., .F., .F.,
 ( 4, 1, 1, 1, 4 ),
 ( 0.0000000000000000000, 0.2272856862439018300, 0.4683475620309441900, 0.7256817926751888400, 1.000000000000000000 ),
 .UNSPECIFIED. ) ;
#185 = B_SPLINE_CURVE_WITH_KNOTS ( 'NONE', 3,
 ( #7163, #7164, #7165, #7166, #7167, #7168, #7169, #7170, #7171, #7172, #7173 ),
 .UNSPECIFIED., .F., .F.,
 ( 4, 1, 1, 1, 1, 1, 1, 1, 4 ),
 ( 0.0000000000000000000, 0.1288871128326908300, 0.2571182188266267800, 0.3868502267100666900, 0.5190265413787273900, 0.6489652269713321900, 0.7712423277463825700, 0.8885118568809722300, 0.9999999999999998900 ),
 .UNSPECIFIED. ) ;
#186 = B_SPLINE_CURVE_WITH_KNOTS ( 'NONE', 3,
 ( #7193, #7194, #7195, #7196, #7197, #7198, #7199, #7200, #7201, #7202, #7203 ),
 .UNSPECIFIED., .F., .F.,
 ( 4, 1, 1, 1, 1, 1, 1, 1, 4 ),
 ( 0.0000000000000000000, 0.1513581679372824300, 0.2842568926042211000, 0.4016247117995301900, 0.5081392608195305400, 0.6150981072352671400, 0.7310840102245914600, 0.8590272006649332100, 1.000000000000000000 ),
 .UNSPECIFIED. ) ;
#187 = B_SPLINE_CURVE_WITH_KNOTS ( 'NONE', 3,
 ( #7211, #7212, #7213, #7214, #7215, #7216, #7217, #7218, #7219, #7220, #7221, #7222, #7223, #7224, #7225, #7226, #7227, #7228, #7229 ),
 .UNSPECIFIED., .F., .F.,
 ( 4, 1, 1, 1, 1, 1, 1, 1, 1, 1, 1, 1, 1, 1, 1, 1, 4 ),
 ( 0.0000000000000000000, 0.07484077472689051900, 0.1459276906739695500, 0.2134073542623027000, 0.2780496123628734600, 0.3396010845772676200, 0.3998120810118374100, 0.4576814130207295100, 0.5144782957318261300, 0.5710999466092865400, 0.6274312732493875200, 0.6849475038721977200, 0.7432871521877364400, 0.8037452029176231900, 0.8665156344999365200, 0.9316860931993544700, 1.000000000000000000 ),
 .UNSPECIFIED. ) ;
#188 = B_SPLINE_CURVE_WITH_KNOTS ( 'NONE', 3,
 ( #7230, #7231, #7232, #7233, #7234, #7235, #7236, #7237, #7238, #7239, #7240, #7241, #7242, #7243, #7244, #7245, #7246, #7247, #7248 ),
 .UNSPECIFIED., .F., .F.,
 ( 4, 1, 1, 1, 1, 1, 1, 1, 1, 1, 1, 1, 1, 1, 1, 1, 4 ),
 ( 0.0000000000000000000, 0.06269641779893307700, 0.1232373877365017100, 0.1821650623458588300, 0.2402521717490143100, 0.2980756469197194900, 0.3563883647293250600, 0.4161034846529413400, 0.4778985949443219100, 0.5404603264055307700, 0.6025432278646832800, 0.6649878262650589200, 0.7280323246031311600, 0.7928051401295367300, 0.8594657897566009300, 0.9281502137331963900, 1.000000000000000000 ),
 .UNSPECIFIED. ) ;
#189 = B_SPLINE_CURVE_WITH_KNOTS ( 'NONE', 3,
 ( #7249, #7250, #7251, #7252, #7253, #7254, #7255, #7256, #7257, #7258, #7259 ),
 .UNSPECIFIED., .F., .F.,
 ( 4, 1, 1, 1, 1, 1, 1, 1, 4 ),
 ( 0.0000000000000000000, 0.1433273978964173000, 0.2803958869360134700, 0.4127570269214289000, 0.5406191931560718800, 0.6632675511379694200, 0.7805268405879592900, 0.8926678225288408000, 1.000000000000000000 ),
 .UNSPECIFIED. ) ;
#190 = B_SPLINE_CURVE_WITH_KNOTS ( 'NONE', 3,
 ( #7275, #7276, #7277, #7278, #7279, #7280, #7281, #7282, #7283, #7284, #7285, #7286, #7287, #7288, #7289, #7290, #7291, #7292, #7293 ),
 .UNSPECIFIED., .F., .F.,
 ( 4, 1, 1, 1, 1, 1, 1, 1, 1, 1, 1, 1, 1, 1, 1, 1, 4 ),
 ( 0.0000000000000000000, 0.07786893674187848900, 0.1513380232644977500, 0.2221984107329239800, 0.2902821181484482900, 0.3557013316632560200, 0.4191184737263626300, 0.4819855685903794400, 0.5434578152314534200, 0.6037785017374882600, 0.6616778090979699200, 0.7178196540080801200, 0.7729315047465695800, 0.8281436136191224800, 0.8835117626771670200, 0.9407076033712801200, 1.000000000000000000 ),
 .UNSPECIFIED. ) ;
#191 = B_SPLINE_CURVE_WITH_KNOTS ( 'NONE', 3,
 ( #7296, #7297, #7298, #7299, #7300, #7301, #7302, #7303, #7304, #7305, #7306, #7307, #7308, #7309, #7310 ),
 .UNSPECIFIED., .F., .F.,
 ( 4, 1, 1, 1, 1, 1, 1, 1, 1, 1, 1, 1, 4 ),
 ( 0.0000000000000000000, 0.1346811585169582200, 0.2572585262720978300, 0.3683631288895833900, 0.4735938415341285900, 0.5265377478139053900, 0.5819972179096401000, 0.6413040282420053900, 0.7040656780394961600, 0.7705622271484037200, 0.8419956741563574500, 0.9183011584263282000, 1.000000000000000000 ),
 .UNSPECIFIED. ) ;
#192 = B_SPLINE_CURVE_WITH_KNOTS ( 'NONE', 3,
 ( #7264, #7265, #7266, #7267, #7268, #7269, #7270, #7271, #7272, #7273, #7274 ),
 .UNSPECIFIED., .F., .F.,
 ( 4, 1, 1, 1, 1, 1, 1, 1, 4 ),
 ( 0.0000000000000000000, 0.1094009317729926500, 0.2243024802153390200, 0.3462944381508414900, 0.4761369450025137500, 0.6088514006857854700, 0.7397610635772017300, 0.8695813604166365800, 1.000000000000000000 ),
 .UNSPECIFIED. ) ;
#193 = UNCERTAINTY_MEASURE_WITH_UNIT (LENGTH_MEASURE( 1.000000000000000100E-005 ), #10032, 'distance_accuracy_value', 'NONE');
#194 = VECTOR ( 'NONE', #6708, 39.37007874015748100 ) ;
#195 = DESIGN_CONTEXT ( 'detailed design', #10042, 'design' ) ;
#196 = PRODUCT_DEFINITION_SHAPE ( 'NONE', 'NONE',  #9525 ) ;
#197 = B_SPLINE_CURVE_WITH_KNOTS ( 'NONE', 3,
 ( #2141, #2142, #2143, #2144, #2145, #2146, #2147, #2148, #2149, #2150, #2151, #2152, #2153, #2154, #2155, #2156, #2157, #2158, #2159 ),
 .UNSPECIFIED., .F., .F.,
 ( 4, 1, 1, 1, 1, 1, 1, 1, 1, 1, 1, 1, 1, 1, 1, 1, 4 ),
 ( 0.0000000000000000000, 0.08543712814780114700, 0.1655450653492593300, 0.2412731450133699400, 0.3130047259525427000, 0.3803891635937605700, 0.4446731193952456200, 0.5059516748221621900, 0.5650288738593602900, 0.6217166343916330500, 0.6764508406093934200, 0.7297199216389643700, 0.7817400554117284200, 0.8343825950696169800, 0.8876801875504470900, 0.9427585922071413100, 0.9999999999999998900 ),
 .UNSPECIFIED. ) ;
#198 = B_SPLINE_CURVE_WITH_KNOTS ( 'NONE', 3,
 ( #2936, #2937, #2938, #2939, #2940, #2941, #2942, #2943, #2944, #2945, #2946, #2947, #2948, #2949, #2950, #2951, #2952, #2953, #2954 ),
 .UNSPECIFIED., .F., .F.,
 ( 4, 1, 1, 1, 1, 1, 1, 1, 1, 1, 1, 1, 1, 1, 1, 1, 4 ),
 ( 0.0000000000000000000, 0.05729492242291882300, 0.1120802993038471900, 0.1654277193667491600, 0.2177984450271141500, 0.2701691706874810900, 0.3232098622882446600, 0.3779952391691720500, 0.4347359967301832100, 0.4936755822752676400, 0.5550114266360300900, 0.6193554811011603400, 0.6867026479091025100, 0.7585012902495510400, 0.8343001676163150900, 0.9144829972215332600, 1.000000000000000000 ),
 .UNSPECIFIED. ) ;
#199 = B_SPLINE_CURVE_WITH_KNOTS ( 'NONE', 3,
 ( #2454, #2455, #2456, #2457, #2458, #2459, #2460, #2461, #2462, #2463, #2464 ),
 .UNSPECIFIED., .F., .F.,
 ( 4, 1, 1, 1, 1, 1, 1, 1, 4 ),
 ( 0.0000000000000000000, 0.1387702809134284400, 0.2706933448608909700, 0.3966976500722819200, 0.5183271678186264200, 0.6365097009989220100, 0.7551619455695386400, 0.8755468494562425000, 1.000000000000000000 ),
 .UNSPECIFIED. ) ;
#200 = B_SPLINE_CURVE_WITH_KNOTS ( 'NONE', 3,
 ( #2287, #2288, #2289, #2290, #2291, #2292, #2293, #2294, #2295, #2296, #2297 ),
 .UNSPECIFIED., .F., .F.,
 ( 4, 1, 1, 1, 1, 1, 1, 1, 4 ),
 ( 0.0000000000000000000, 0.1496117842610374900, 0.2898269702491301800, 0.4202527986886147000, 0.5435553763038720700, 0.6600707604152098500, 0.7725083097551311800, 0.8864245107506991700, 1.000000000000000000 ),
 .UNSPECIFIED. ) ;
#201 = B_SPLINE_CURVE_WITH_KNOTS ( 'NONE', 3,
 ( #2526, #2527, #2528, #2529, #2530, #2531, #2532, #2533, #2534, #2535, #2536 ),
 .UNSPECIFIED., .F., .F.,
 ( 4, 1, 1, 1, 1, 1, 1, 1, 4 ),
 ( 0.0000000000000000000, 0.1433273978964131300, 0.2803958869360104200, 0.4127570269214289600, 0.5406191931560685400, 0.6632675511379658700, 0.7805268405879604000, 0.8926678225288394700, 1.000000000000000000 ),
 .UNSPECIFIED. ) ;
#202 = B_SPLINE_CURVE_WITH_KNOTS ( 'NONE', 3,
 ( #2122, #2123, #2124, #2125, #2126, #2127, #2128, #2129, #2130, #2131, #2132, #2133, #2134, #2135, #2136 ),
 .UNSPECIFIED., .F., .F.,
 ( 4, 1, 1, 1, 1, 1, 1, 1, 1, 1, 1, 1, 4 ),
 ( 0.0000000000000000000, 0.1346811585169580800, 0.2572585262720982800, 0.3683631288895860600, 0.4735938415341292000, 0.5265377478139072800, 0.5819972179096414300, 0.6413040282420081600, 0.7040656780394993800, 0.7705622271484042800, 0.8419956741563628900, 0.9183011584263286500, 1.000000000000000000 ),
 .UNSPECIFIED. ) ;
#203 = B_SPLINE_CURVE_WITH_KNOTS ( 'NONE', 3,
 ( #2993, #2994, #2995, #2996, #2997, #2998, #2999, #3000, #3001, #3002, #3003 ),
 .UNSPECIFIED., .F., .F.,
 ( 4, 1, 1, 1, 1, 1, 1, 1, 4 ),
 ( 0.0000000000000000000, 0.1496117842610374900, 0.2898269702491301800, 0.4202527986886147000, 0.5435553763038720700, 0.6600707604152098500, 0.7725083097551311800, 0.8864245107506991700, 1.000000000000000000 ),
 .UNSPECIFIED. ) ;
#204 = B_SPLINE_CURVE_WITH_KNOTS ( 'NONE', 3,
 ( #2178, #2179, #2180, #2181, #2182, #2183, #2184, #2185, #2186, #2187, #2188, #2189, #2190, #2191, #2192, #2193, #2194, #2195, #2196 ),
 .UNSPECIFIED., .F., .F.,
 ( 4, 1, 1, 1, 1, 1, 1, 1, 1, 1, 1, 1, 1, 1, 1, 1, 4 ),
 ( 0.0000000000000000000, 0.05852430250867245200, 0.1142421249778175100, 0.1681092554993327500, 0.2211096518362316600, 0.2735080908187753600, 0.3266111901407958200, 0.3812360989391424000, 0.4381344373918476500, 0.4973017307834767300, 0.5586156296924386100, 0.6225218740113237500, 0.6897799393543135900, 0.7609631655224357000, 0.8361557417867697700, 0.9157666772119885700, 1.000000000000000000 ),
 .UNSPECIFIED. ) ;
#205 = B_SPLINE_CURVE_WITH_KNOTS ( 'NONE', 3,
 ( #2082, #2083, #2084, #2085, #2086, #2087, #2088, #2089, #2090, #2091, #2092, #2093, #2094, #2095, #2096, #2097, #2098, #2099, #2100 ),
 .UNSPECIFIED., .F., .F.,
 ( 4, 1, 1, 1, 1, 1, 1, 1, 1, 1, 1, 1, 1, 1, 1, 1, 4 ),
 ( 0.0000000000000000000, 0.08436756889715872600, 0.1641053835427701800, 0.2394177973068745400, 0.3107885420567243500, 0.3780536533916865100, 0.4421897119020511400, 0.5036013292921645000, 0.5628629200314905200, 0.6198519397051354100, 0.6745639064661290700, 0.7277516383804713000, 0.7802335869091894200, 0.8329982910580215900, 0.8866159079321217500, 0.9420786648935274300, 1.000000000000000000 ),
 .UNSPECIFIED. ) ;
#206 = B_SPLINE_CURVE_WITH_KNOTS ( 'NONE', 3,
 ( #2221, #2222, #2223, #2224, #2225, #2226, #2227, #2228, #2229, #2230, #2231, #2232, #2233, #2234, #2235, #2236, #2237, #2238, #2239 ),
 .UNSPECIFIED., .F., .F.,
 ( 4, 1, 1, 1, 1, 1, 1, 1, 1, 1, 1, 1, 1, 1, 1, 1, 4 ),
 ( 0.0000000000000000000, 0.07786893674188037600, 0.1513380232644986900, 0.2221984107329259300, 0.2902821181484497900, 0.3557013316632575700, 0.4191184737263595700, 0.4819855685903808300, 0.5434578152314552000, 0.6037785017374918100, 0.6616778090979700300, 0.7178196540080793400, 0.7729315047465716800, 0.8281436136191222500, 0.8835117626771674700, 0.9407076033712799000, 1.000000000000000000 ),
 .UNSPECIFIED. ) ;
#207 = B_SPLINE_CURVE_WITH_KNOTS ( 'NONE', 3,
 ( #2103, #2104, #2105, #2106, #2107, #2108, #2109, #2110, #2111, #2112, #2113, #2114, #2115, #2116, #2117, #2118, #2119, #2120, #2121 ),
 .UNSPECIFIED., .F., .F.,
 ( 4, 1, 1, 1, 1, 1, 1, 1, 1, 1, 1, 1, 1, 1, 1, 1, 4 ),
 ( 0.0000000000000000000, 0.06269641779893285500, 0.1232373877365008100, 0.1821650623458582800, 0.2402521717490125600, 0.2980756469197187700, 0.3563883647293226700, 0.4161034846529401100, 0.4778985949443209600, 0.5404603264055283200, 0.6025432278646821700, 0.6649878262650553700, 0.7280323246031279400, 0.7928051401295358500, 0.8594657897566001500, 0.9281502137331940600, 1.000000000000000000 ),
 .UNSPECIFIED. ) ;
#208 = B_SPLINE_CURVE_WITH_KNOTS ( 'NONE', 3,
 ( #2771, #2772, #2773, #2774, #2775, #2776, #2777, #2778, #2779, #2780, #2781 ),
 .UNSPECIFIED., .F., .F.,
 ( 4, 1, 1, 1, 1, 1, 1, 1, 4 ),
 ( 0.0000000000000000000, 0.1135112016875979400, 0.2236803157178707500, 0.3359646505523277100, 0.4479949013143926200, 0.5664431601244546100, 0.6976342157988001400, 0.8422065944005696600, 1.000000000000000000 ),
 .UNSPECIFIED. ) ;
#209 = B_SPLINE_CURVE_WITH_KNOTS ( 'NONE', 3,
 ( #2782, #2783, #2784, #2785, #2786, #2787, #2788, #2789, #2790, #2791, #2792 ),
 .UNSPECIFIED., .F., .F.,
 ( 4, 1, 1, 1, 1, 1, 1, 1, 4 ),
 ( 0.0000000000000000000, 0.1387702809134284400, 0.2706933448608909700, 0.3966976500722819200, 0.5183271678186264200, 0.6365097009989220100, 0.7551619455695386400, 0.8755468494562425000, 1.000000000000000000 ),
 .UNSPECIFIED. ) ;
#210 = B_SPLINE_CURVE_WITH_KNOTS ( 'NONE', 3,
 ( #2758, #2759, #2760, #2761, #2762, #2763, #2764, #2765, #2766, #2767, #2768 ),
 .UNSPECIFIED., .F., .F.,
 ( 4, 1, 1, 1, 1, 1, 1, 1, 4 ),
 ( 0.0000000000000000000, 0.1135112016875979400, 0.2236803157178707500, 0.3359646505523277100, 0.4479949013143926200, 0.5664431601244546100, 0.6976342157988001400, 0.8422065944005696600, 1.000000000000000000 ),
 .UNSPECIFIED. ) ;
#211 = B_SPLINE_CURVE_WITH_KNOTS ( 'NONE', 3,
 ( #3006, #3007, #3008, #3009, #3010, #3011, #3012, #3013, #3014, #3015, #3016, #3017, #3018, #3019, #3020, #3021, #3022, #3023, #3024 ),
 .UNSPECIFIED., .F., .F.,
 ( 4, 1, 1, 1, 1, 1, 1, 1, 1, 1, 1, 1, 1, 1, 1, 1, 4 ),
 ( 0.0000000000000000000, 0.07243898868694566300, 0.1419268155084490700, 0.2092103859180291500, 0.2741352922407508400, 0.3375834463400764800, 0.3994336624145257700, 0.4598795855964430400, 0.5200368913527144700, 0.5795813732605067400, 0.6389831639361022200, 0.6973935936658177700, 0.7566790432001747600, 0.8160008738512643000, 0.8763968053192637800, 0.9371394469053543300, 1.000000000000000000 ),
 .UNSPECIFIED. ) ;
#212 = B_SPLINE_CURVE_WITH_KNOTS ( 'NONE', 3,
 ( #2853, #2854, #2855, #2856, #2857, #2858, #2859, #2860, #2861, #2862, #2863 ),
 .UNSPECIFIED., .F., .F.,
 ( 4, 1, 1, 1, 1, 1, 1, 1, 4 ),
 ( 0.0000000000000000000, 0.1074685635692120300, 0.2163627120176605200, 0.3286730940955772100, 0.4455517317686555300, 0.5693092726095514400, 0.7037517653940358300, 0.8468204462711563800, 1.000000000000000000 ),
 .UNSPECIFIED. ) ;
#213 = B_SPLINE_CURVE_WITH_KNOTS ( 'NONE', 3,
 ( #2067, #2068, #2069, #2070, #2071, #2072, #2073, #2074, #2075, #2076, #2077 ),
 .UNSPECIFIED., .F., .F.,
 ( 4, 1, 1, 1, 1, 1, 1, 1, 4 ),
 ( 0.0000000000000000000, 0.1160772256306323200, 0.2303657728617300400, 0.3438971416030675000, 0.4590490982745299400, 0.5786845941694202000, 0.7080341743303594200, 0.8475952715750855200, 1.000000000000000000 ),
 .UNSPECIFIED. ) ;
#214 = B_SPLINE_CURVE_WITH_KNOTS ( 'NONE', 3,
 ( #2302, #2303, #2445, #2446, #2447, #2448, #2449, #2450, #2451, #2452, #2453 ),
 .UNSPECIFIED., .F., .F.,
 ( 4, 1, 1, 1, 1, 1, 1, 1, 4 ),
 ( 0.0000000000000000000, 0.1371382535293171300, 0.2683074236840065100, 0.3921945208785627700, 0.5111542049022723700, 0.6282915368450906500, 0.7488069049126215800, 0.8726436002424807800, 0.9999999999999998900 ),
 .UNSPECIFIED. ) ;
#215 = B_SPLINE_CURVE_WITH_KNOTS ( 'NONE', 3,
 ( #2465, #2466, #2467, #2468, #2469, #2470, #2471, #2472, #2473, #2474, #2475 ),
 .UNSPECIFIED., .F., .F.,
 ( 4, 1, 1, 1, 1, 1, 1, 1, 4 ),
 ( 0.0000000000000000000, 0.1074685635692120300, 0.2163627120176605200, 0.3286730940955772100, 0.4455517317686555300, 0.5693092726095514400, 0.7037517653940358300, 0.8468204462711563800, 1.000000000000000000 ),
 .UNSPECIFIED. ) ;
#216 = B_SPLINE_CURVE_WITH_KNOTS ( 'NONE', 3,
 ( #2498, #2499, #2500, #2501, #2502, #2503, #2504, #2505, #2506, #2507, #2508 ),
 .UNSPECIFIED., .F., .F.,
 ( 4, 1, 1, 1, 1, 1, 1, 1, 4 ),
 ( 0.0000000000000000000, 0.1600046077642779700, 0.3063079431000183500, 0.4401178161583324500, 0.5601603473862245600, 0.6724033947830578800, 0.7822494741524301800, 0.8912128214156215300, 1.000000000000000000 ),
 .UNSPECIFIED. ) ;
#217 = B_SPLINE_CURVE_WITH_KNOTS ( 'NONE', 3,
 ( #2511, #2512, #2513, #2514, #2515, #2516, #2517, #2518, #2519, #2520, #2521 ),
 .UNSPECIFIED., .F., .F.,
 ( 4, 1, 1, 1, 1, 1, 1, 1, 4 ),
 ( 0.0000000000000000000, 0.1094009317729910100, 0.2243024802153386600, 0.3462944381508401600, 0.4761369450025155800, 0.6088514006857836900, 0.7397610635772019500, 0.8695813604166361400, 1.000000000000000000 ),
 .UNSPECIFIED. ) ;
#218 = B_SPLINE_CURVE_WITH_KNOTS ( 'NONE', 3,
 ( #2594, #2595, #2596, #2597, #2598, #2599, #2600, #2601, #2602, #2603, #2604, #2605, #2606, #2607, #2608, #2609, #2610, #2611, #2612 ),
 .UNSPECIFIED., .F., .F.,
 ( 4, 1, 1, 1, 1, 1, 1, 1, 1, 1, 1, 1, 1, 1, 1, 1, 4 ),
 ( 0.0000000000000000000, 0.05729492242291882300, 0.1120802993038471900, 0.1654277193667491600, 0.2177984450271141500, 0.2701691706874810900, 0.3232098622882446600, 0.3779952391691720500, 0.4347359967301832100, 0.4936755822752676400, 0.5550114266360300900, 0.6193554811011603400, 0.6867026479091025100, 0.7585012902495510400, 0.8343001676163150900, 0.9144829972215332600, 1.000000000000000000 ),
 .UNSPECIFIED. ) ;
#219 = B_SPLINE_CURVE_WITH_KNOTS ( 'NONE', 3,
 ( #2662, #2663, #2664, #2665, #2666, #2667, #2668, #2669, #2670, #2671, #2672, #2673, #2674, #2675, #2676, #2677, #2678, #2679, #2680 ),
 .UNSPECIFIED., .F., .F.,
 ( 4, 1, 1, 1, 1, 1, 1, 1, 1, 1, 1, 1, 1, 1, 1, 1, 4 ),
 ( 0.0000000000000000000, 0.07484077472688956100, 0.1459276906739703800, 0.2134073542623041400, 0.2780496123628721200, 0.3396010845772687900, 0.3998120810118381300, 0.4576814130207297900, 0.5144782957318261300, 0.5710999466092858700, 0.6274312732493875200, 0.6849475038721977200, 0.7432871521877362200, 0.8037452029176227500, 0.8665156344999362900, 0.9316860931993536900, 1.000000000000000000 ),
 .UNSPECIFIED. ) ;
#220 = B_SPLINE_CURVE_WITH_KNOTS ( 'NONE', 3,
 ( #2583, #2584, #2585, #2586, #2587, #2588, #2589, #2590, #2591, #2592, #2593 ),
 .UNSPECIFIED., .F., .F.,
 ( 4, 1, 1, 1, 1, 1, 1, 1, 4 ),
 ( 0.0000000000000000000, 0.1513581679372825700, 0.2842568926042191000, 0.4016247117995280800, 0.5081392608195277600, 0.6150981072352655900, 0.7310840102245931300, 0.8590272006649329900, 0.9999999999999998900 ),
 .UNSPECIFIED. ) ;
#221 = B_SPLINE_CURVE_WITH_KNOTS ( 'NONE', 3,
 ( #2718, #2719, #2720, #2721, #2722, #2723, #2724, #2725, #2726, #2727, #2728 ),
 .UNSPECIFIED., .F., .F.,
 ( 4, 1, 1, 1, 1, 1, 1, 1, 4 ),
 ( 0.0000000000000000000, 0.1288871128326919400, 0.2571182188266257200, 0.3868502267100641900, 0.5190265413787250600, 0.6489652269713311900, 0.7712423277463832400, 0.8885118568809695600, 1.000000000000000000 ),
 .UNSPECIFIED. ) ;
#222 = B_SPLINE_CURVE_WITH_KNOTS ( 'NONE', 3,
 ( #2683, #2684, #2685, #2686, #2687, #2688, #2689, #2690, #2691, #2692, #2693, #2694, #2695, #2696, #2697, #2698, #2699, #2700, #2701 ),
 .UNSPECIFIED., .F., .F.,
 ( 4, 1, 1, 1, 1, 1, 1, 1, 1, 1, 1, 1, 1, 1, 1, 1, 4 ),
 ( 0.0000000000000000000, 0.08148515513148613100, 0.1583627103935850200, 0.2310101669798747300, 0.3003051593370059100, 0.3668115908470218100, 0.4299466931144628200, 0.4911685245717038500, 0.5510233253377372400, 0.6091749727891290200, 0.6651083080072861500, 0.7190921441505993000, 0.7732297466354503000, 0.8277481735282642400, 0.8831905649820937000, 0.9403554336878622300, 1.000000000000000000 ),
 .UNSPECIFIED. ) ;
#223 = B_SPLINE_CURVE_WITH_KNOTS ( 'NONE', 3,
 ( #2707, #2708, #2709, #2710, #2711, #2712, #2713, #2714, #2715, #2716, #2717 ),
 .UNSPECIFIED., .F., .F.,
 ( 4, 1, 1, 1, 1, 1, 1, 1, 4 ),
 ( 0.0000000000000000000, 0.09297548605159335100, 0.2030161484741949400, 0.3299627188192724200, 0.4748308993559955900, 0.6225207293347625500, 0.7594519026480295300, 0.8850461747072333500, 1.000000000000000000 ),
 .UNSPECIFIED. ) ;
#224 = B_SPLINE_CURVE_WITH_KNOTS ( 'NONE', 3,
 ( #2731, #2732, #2733, #2734, #2735, #2736, #2737, #2738, #2739, #2740, #2741, #2742, #2743, #2744, #2745, #2746, #2747, #2748, #2749 ),
 .UNSPECIFIED., .F., .F.,
 ( 4, 1, 1, 1, 1, 1, 1, 1, 1, 1, 1, 1, 1, 1, 1, 1, 4 ),
 ( 0.0000000000000000000, 0.08436756889715872600, 0.1641053835427701800, 0.2394177973068745400, 0.3107885420567243500, 0.3780536533916865100, 0.4421897119020511400, 0.5036013292921645000, 0.5628629200314905200, 0.6198519397051354100, 0.6745639064661290700, 0.7277516383804713000, 0.7802335869091894200, 0.8329982910580215900, 0.8866159079321217500, 0.9420786648935274300, 1.000000000000000000 ),
 .UNSPECIFIED. ) ;
#225 = B_SPLINE_CURVE_WITH_KNOTS ( 'NONE', 3,
 ( #4895, #4896, #4897, #4898, #4899, #4900, #4901, #4902, #4903, #4904, #4905, #4906, #4907, #4908, #4909, #4910, #4911, #4912, #4913 ),
 .UNSPECIFIED., .F., .F.,
 ( 4, 1, 1, 1, 1, 1, 1, 1, 1, 1, 1, 1, 1, 1, 1, 1, 4 ),
 ( 0.0000000000000000000, 0.08543712814780114700, 0.1655450653492593300, 0.2412731450133699400, 0.3130047259525427000, 0.3803891635937605700, 0.4446731193952456200, 0.5059516748221621900, 0.5650288738593602900, 0.6217166343916330500, 0.6764508406093934200, 0.7297199216389643700, 0.7817400554117284200, 0.8343825950696169800, 0.8876801875504470900, 0.9427585922071413100, 0.9999999999999998900 ),
 .UNSPECIFIED. ) ;
#226 = B_SPLINE_CURVE_WITH_KNOTS ( 'NONE', 3,
 ( #4812, #4813, #4814, #4815, #4816, #4817, #4818 ),
 .UNSPECIFIED., .F., .F.,
 ( 4, 1, 1, 1, 4 ),
 ( 0.0000000000000000000, 0.2272856862439006100, 0.4683475620309394700, 0.7256817926751838500, 1.000000000000000000 ),
 .UNSPECIFIED. ) ;
#227 = B_SPLINE_CURVE_WITH_KNOTS ( 'NONE', 3,
 ( #4914, #4915, #4916, #4917, #4918, #4919, #4920, #4921, #4922, #4923, #4924, #4925, #4926, #4927, #4928, #4929, #4930, #4931, #4932 ),
 .UNSPECIFIED., .F., .F.,
 ( 4, 1, 1, 1, 1, 1, 1, 1, 1, 1, 1, 1, 1, 1, 1, 1, 4 ),
 ( 0.0000000000000000000, 0.05852430250867245200, 0.1142421249778175100, 0.1681092554993327500, 0.2211096518362316600, 0.2735080908187753600, 0.3266111901407958200, 0.3812360989391424000, 0.4381344373918476500, 0.4973017307834767300, 0.5586156296924386100, 0.6225218740113237500, 0.6897799393543135900, 0.7609631655224357000, 0.8361557417867697700, 0.9157666772119885700, 1.000000000000000000 ),
 .UNSPECIFIED. ) ;
#228 = B_SPLINE_CURVE_WITH_KNOTS ( 'NONE', 3,
 ( #5826, #5827, #5828, #5829, #5830, #5831, #5832, #5833, #5834, #5835, #5836 ),
 .UNSPECIFIED., .F., .F.,
 ( 4, 1, 1, 1, 1, 1, 1, 1, 4 ),
 ( 0.0000000000000000000, 0.1476572334771600600, 0.2877734799855690100, 0.4214260811844743300, 0.5489910894036884600, 0.6706247349901089900, 0.7855338076948535900, 0.8953749552372990400, 1.000000000000000000 ),
 .UNSPECIFIED. ) ;
#229 = B_SPLINE_CURVE_WITH_KNOTS ( 'NONE', 3,
 ( #5967, #1, #2, #3, #4, #5, #6, #7, #8, #9, #10 ),
 .UNSPECIFIED., .F., .F.,
 ( 4, 1, 1, 1, 1, 1, 1, 1, 4 ),
 ( 0.0000000000000000000, 0.1272281655762731700, 0.2486232976632823100, 0.3659746731759328500, 0.4824868994968718500, 0.6015302622454459200, 0.7267125766875424100, 0.8585121869020957400, 0.9999999999999998900 ),
 .UNSPECIFIED. ) ;
#230 = B_SPLINE_CURVE_WITH_KNOTS ( 'NONE', 3,
 ( #5888, #5889, #5890, #5891, #5892, #5893, #5894, #5895, #5896, #5897, #5898 ),
 .UNSPECIFIED., .F., .F.,
 ( 4, 1, 1, 1, 1, 1, 1, 1, 4 ),
 ( 0.0000000000000000000, 0.1188082764357436000, 0.2347270250529342200, 0.3472209946315993300, 0.4611885382195852800, 0.5790445751375236100, 0.7047304818725264000, 0.8462006209825555500, 1.000000000000000000 ),
 .UNSPECIFIED. ) ;
#231 = B_SPLINE_CURVE_WITH_KNOTS ( 'NONE', 3,
 ( #5879, #5880, #5881, #5882, #5883, #5884, #5885, #5886, #5887 ),
 .UNSPECIFIED., .F., .F.,
 ( 4, 1, 1, 1, 1, 1, 4 ),
 ( 0.0000000000000000000, 0.2605774420645360400, 0.5424976965504000300, 0.6796568628294217300, 0.8012177302725237400, 0.9073296471210827700, 1.000000000000000000 ),
 .UNSPECIFIED. ) ;
#232 = B_SPLINE_CURVE_WITH_KNOTS ( 'NONE', 3,
 ( #5924, #5925, #5926, #5927, #5928, #5929, #5930, #5931, #5932, #5933, #5934 ),
 .UNSPECIFIED., .F., .F.,
 ( 4, 1, 1, 1, 1, 1, 1, 1, 4 ),
 ( 0.0000000000000000000, 0.1439726444493268400, 0.2796551063086640300, 0.4098045422867009300, 0.5356006016324529300, 0.6568278938255051000, 0.7741142245126827500, 0.8876640225776265500, 1.000000000000000000 ),
 .UNSPECIFIED. ) ;
#233 = B_SPLINE_CURVE_WITH_KNOTS ( 'NONE', 3,
 ( #5901, #5902, #5903, #5904, #5905, #5906, #5907, #5908, #5909, #5910, #5911, #5912, #5913, #5914, #5915, #5916, #5917, #5918, #5919 ),
 .UNSPECIFIED., .F., .F.,
 ( 4, 1, 1, 1, 1, 1, 1, 1, 1, 1, 1, 1, 1, 1, 1, 1, 4 ),
 ( 0.0000000000000000000, 0.06475414165407886200, 0.1269281754591390400, 0.1881696785875784100, 0.2476753853819878300, 0.3071575011633740900, 0.3658637644658193600, 0.4247053478017486800, 0.4845559878074777700, 0.5451318026532715500, 0.6053978967742804600, 0.6668706877622457800, 0.7290447215673083700, 0.7931161257881125200, 0.8594054182558106300, 0.9284803759137122400, 1.000000000000000000 ),
 .UNSPECIFIED. ) ;
#234 = B_SPLINE_CURVE_WITH_KNOTS ( 'NONE', 3,
 ( #5935, #5936, #5937, #5938, #5939, #5940, #5941, #5942, #5943, #5944, #5945 ),
 .UNSPECIFIED., .F., .F.,
 ( 4, 1, 1, 1, 1, 1, 1, 1, 4 ),
 ( 0.0000000000000000000, 0.1163177735851352300, 0.2299209813528989600, 0.3418888978529580600, 0.4526178290634673700, 0.5699858355458877800, 0.6999266489111316500, 0.8428507041911678100, 1.000000000000000000 ),
 .UNSPECIFIED. ) ;
#235 = B_SPLINE_CURVE_WITH_KNOTS ( 'NONE', 3,
 ( #43, #44, #45, #46, #47, #48, #49, #50, #51, #52, #53 ),
 .UNSPECIFIED., .F., .F.,
 ( 4, 1, 1, 1, 1, 1, 1, 1, 4 ),
 ( 0.0000000000000000000, 0.1439726444493272500, 0.2796551063086643600, 0.4098045422867014900, 0.5356006016324521600, 0.6568278938255067700, 0.7741142245126824100, 0.8876640225776245600, 1.000000000000000000 ),
 .UNSPECIFIED. ) ;
#236 = B_SPLINE_CURVE_WITH_KNOTS ( 'NONE', 3,
 ( #5952, #5953, #5954, #5955, #5956, #5957, #5958, #5959, #5960, #5961, #5962, #5963, #5964, #5965, #5966 ),
 .UNSPECIFIED., .F., .F.,
 ( 4, 1, 1, 1, 1, 1, 1, 1, 1, 1, 1, 1, 4 ),
 ( 0.0000000000000000000, 0.09599549267740326000, 0.1863554052124144500, 0.2694762421322485800, 0.3469824421475264400, 0.4189378146630719500, 0.4837168886230529500, 0.5429553482402658100, 0.5960048858375625000, 0.6958381803285019800, 0.7955932304384139000, 0.8971710906482218700, 1.000000000000000000 ),
 .UNSPECIFIED. ) ;
#237 = B_SPLINE_CURVE_WITH_KNOTS ( 'NONE', 3,
 ( #54, #55, #56, #57, #58, #59, #60, #61, #62, #63, #64 ),
 .UNSPECIFIED., .F., .F.,
 ( 4, 1, 1, 1, 1, 1, 1, 1, 4 ),
 ( 0.0000000000000000000, 0.1163177735851331100, 0.2299209813528988700, 0.3418888978529554500, 0.4526178290634678100, 0.5699858355458877800, 0.6999266489111292100, 0.8428507041911659200, 1.000000000000000000 ),
 .UNSPECIFIED. ) ;
#238 = B_SPLINE_CURVE_WITH_KNOTS ( 'NONE', 3,
 ( #11, #12, #13, #14, #15, #16, #17, #18, #19, #20, #21, #22, #23, #24, #25, #26, #27, #28, #29 ),
 .UNSPECIFIED., .F., .F.,
 ( 4, 1, 1, 1, 1, 1, 1, 1, 1, 1, 1, 1, 1, 1, 1, 1, 4 ),
 ( 0.0000000000000000000, 0.06475414165407752900, 0.1269281754591389300, 0.1881696785875778800, 0.2476753853819875000, 0.3071575011633724800, 0.3658637644658192500, 0.4247053478017481800, 0.4845559878074770500, 0.5451318026532727700, 0.6053978967742790200, 0.6668706877622449000, 0.7290447215673082600, 0.7931161257881119700, 0.8594054182558101800, 0.9284803759137126900, 1.000000000000000000 ),
 .UNSPECIFIED. ) ;
#239 = VECTOR ( 'NONE', #6676, 39.37007874015748100 ) ;
#240 = VECTOR ( 'NONE', #6634, 39.37007874015748100 ) ;
#241 = VECTOR ( 'NONE', #6636, 39.37007874015748100 ) ;
#242 = VECTOR ( 'NONE', #6638, 39.37007874015748100 ) ;
#243 = VECTOR ( 'NONE', #6640, 39.37007874015748100 ) ;
#244 = VECTOR ( 'NONE', #6642, 39.37007874015748100 ) ;
#245 = VECTOR ( 'NONE', #6644, 39.37007874015748100 ) ;
#246 = VECTOR ( 'NONE', #7962, 39.37007874015748100 ) ;
#247 = VECTOR ( 'NONE', #6646, 39.37007874015748100 ) ;
#248 = VECTOR ( 'NONE', #6663, 39.37007874015748100 ) ;
#249 = AXIS2_PLACEMENT_3D ( 'NONE', #5727, #5728, #5729 ) ;
#250 = AXIS2_PLACEMENT_3D ( 'NONE', #5735, #5736, #5737 ) ;
#251 = CIRCLE ( 'NONE', #261, 0.2029999999999999900 ) ;
#252 = AXIS2_PLACEMENT_3D ( 'NONE', #5842, #5843, #5844 ) ;
#253 = VECTOR ( 'NONE', #5872, 39.37007874015748100 ) ;
#254 = VECTOR ( 'NONE', #5874, 39.37007874015748100 ) ;
#255 = VECTOR ( 'NONE', #5876, 39.37007874015748100 ) ;
#256 = VECTOR ( 'NONE', #6525, 39.37007874015748100 ) ;
#257 = VECTOR ( 'NONE', #6527, 39.37007874015748100 ) ;
#258 = VECTOR ( 'NONE', #6529, 39.37007874015748100 ) ;
#259 = VECTOR ( 'NONE', #6531, 39.37007874015748100 ) ;
#260 = VECTOR ( 'NONE', #6533, 39.37007874015748100 ) ;
#261 = AXIS2_PLACEMENT_3D ( 'NONE', #5845, #5846, #5847 ) ;
#262 = CIRCLE ( 'NONE', #264, 0.2029999999999999900 ) ;
#263 = VECTOR ( 'NONE', #5849, 39.37007874015748100 ) ;
#264 = AXIS2_PLACEMENT_3D ( 'NONE', #5850, #5851, #5852 ) ;
#265 = VECTOR ( 'NONE', #5854, 39.37007874015748100 ) ;
#266 = CIRCLE ( 'NONE', #268, 0.1325000000000000300 ) ;
#267 = VECTOR ( 'NONE', #5856, 39.37007874015748100 ) ;
#268 = AXIS2_PLACEMENT_3D ( 'NONE', #5857, #5858, #5859 ) ;
#269 = CIRCLE ( 'NONE', #270, 0.1325000000000000300 ) ;
#270 = AXIS2_PLACEMENT_3D ( 'NONE', #5860, #5861, #5862 ) ;
#271 = VECTOR ( 'NONE', #4737, 39.37007874015748100 ) ;
#272 = AXIS2_PLACEMENT_3D ( 'NONE', #4990, #4991, #4992 ) ;
#273 = AXIS2_PLACEMENT_3D ( 'NONE', #4994, #4995, #4996 ) ;
#274 = AXIS2_PLACEMENT_3D ( 'NONE', #4998, #4999, #5000 ) ;
#275 = AXIS2_PLACEMENT_3D ( 'NONE', #5002, #5003, #5004 ) ;
#276 = AXIS2_PLACEMENT_3D ( 'NONE', #5006, #5007, #5008 ) ;
#277 = AXIS2_PLACEMENT_3D ( 'NONE', #5010, #5011, #5012 ) ;
#278 = AXIS2_PLACEMENT_3D ( 'NONE', #5014, #5015, #5016 ) ;
#279 = AXIS2_PLACEMENT_3D ( 'NONE', #5018, #5019, #5020 ) ;
#280 = AXIS2_PLACEMENT_3D ( 'NONE', #5070, #5071, #5072 ) ;
#281 = AXIS2_PLACEMENT_3D ( 'NONE', #5066, #5067, #5068 ) ;
#282 = AXIS2_PLACEMENT_3D ( 'NONE', #5147, #5148, #5149 ) ;
#283 = AXIS2_PLACEMENT_3D ( 'NONE', #5144, #5145, #5146 ) ;
#284 = AXIS2_PLACEMENT_3D ( 'NONE', #5118, #5119, #5120 ) ;
#285 = AXIS2_PLACEMENT_3D ( 'NONE', #5154, #5155, #5156 ) ;
#286 = AXIS2_PLACEMENT_3D ( 'NONE', #5528, #5529, #5530 ) ;
#287 = AXIS2_PLACEMENT_3D ( 'NONE', #5202, #5203, #5204 ) ;
#288 = AXIS2_PLACEMENT_3D ( 'NONE', #5288, #5289, #5290 ) ;
#289 = AXIS2_PLACEMENT_3D ( 'NONE', #530, #531, #532 ) ;
#290 = AXIS2_PLACEMENT_3D ( 'NONE', #5296, #5297, #5298 ) ;
#291 = AXIS2_PLACEMENT_3D ( 'NONE', #5300, #5301, #5302 ) ;
#292 = AXIS2_PLACEMENT_3D ( 'NONE', #5304, #5305, #5306 ) ;
#293 = AXIS2_PLACEMENT_3D ( 'NONE', #5308, #5309, #5310 ) ;
#294 = AXIS2_PLACEMENT_3D ( 'NONE', #5312, #5313, #5314 ) ;
#295 = AXIS2_PLACEMENT_3D ( 'NONE', #5316, #5317, #5318 ) ;
#296 = AXIS2_PLACEMENT_3D ( 'NONE', #5320, #5321, #5322 ) ;
#297 = AXIS2_PLACEMENT_3D ( 'NONE', #534, #535, #536 ) ;
#298 = AXIS2_PLACEMENT_3D ( 'NONE', #5476, #5477, #5478 ) ;
#299 = AXIS2_PLACEMENT_3D ( 'NONE', #5524, #5525, #5526 ) ;
#300 = AXIS2_PLACEMENT_3D ( 'NONE', #5838, #5839, #5840 ) ;
#301 = AXIS2_PLACEMENT_3D ( 'NONE', #5675, #5676, #5677 ) ;
#302 = AXIS2_PLACEMENT_3D ( 'NONE', #5679, #5680, #5681 ) ;
#303 = AXIS2_PLACEMENT_3D ( 'NONE', #5731, #5732, #5733 ) ;
#304 = VECTOR ( 'NONE', #4799, 39.37007874015748100 ) ;
#305 = VECTOR ( 'NONE', #4801, 39.37007874015748100 ) ;
#306 = AXIS2_PLACEMENT_3D ( 'NONE', #4942, #4943, #4944 ) ;
#307 = VECTOR ( 'NONE', #4807, 39.37007874015748100 ) ;
#308 = VECTOR ( 'NONE', #4809, 39.37007874015748100 ) ;
#309 = AXIS2_PLACEMENT_3D ( 'NONE', #4892, #4893, #4894 ) ;
#310 = VECTOR ( 'NONE', #4811, 39.37007874015748100 ) ;
#311 = VECTOR ( 'NONE', #4820, 39.37007874015748100 ) ;
#312 = AXIS2_PLACEMENT_3D ( 'NONE', #4888, #4889, #4890 ) ;
#313 = VECTOR ( 'NONE', #4822, 39.37007874015748100 ) ;
#314 = VECTOR ( 'NONE', #4824, 39.37007874015748100 ) ;
#315 = AXIS2_PLACEMENT_3D ( 'NONE', #4982, #4983, #4984 ) ;
#316 = VECTOR ( 'NONE', #4864, 39.37007874015748100 ) ;
#317 = AXIS2_PLACEMENT_3D ( 'NONE', #4934, #4935, #4936 ) ;
#318 = AXIS2_PLACEMENT_3D ( 'NONE', #5292, #5293, #5294 ) ;
#319 = AXIS2_PLACEMENT_3D ( 'NONE', #4938, #4939, #4940 ) ;
#320 = AXIS2_PLACEMENT_3D ( 'NONE', #4946, #4947, #4948 ) ;
#321 = AXIS2_PLACEMENT_3D ( 'NONE', #4950, #4951, #4952 ) ;
#322 = AXIS2_PLACEMENT_3D ( 'NONE', #4954, #4955, #4956 ) ;
#323 = AXIS2_PLACEMENT_3D ( 'NONE', #4958, #4959, #4960 ) ;
#324 = AXIS2_PLACEMENT_3D ( 'NONE', #4962, #4963, #4964 ) ;
#325 = AXIS2_PLACEMENT_3D ( 'NONE', #4966, #4967, #4968 ) ;
#326 = AXIS2_PLACEMENT_3D ( 'NONE', #4970, #4971, #4972 ) ;
#327 = AXIS2_PLACEMENT_3D ( 'NONE', #4974, #4975, #4976 ) ;
#328 = AXIS2_PLACEMENT_3D ( 'NONE', #5150, #5151, #5152 ) ;
#329 = AXIS2_PLACEMENT_3D ( 'NONE', #4978, #4979, #4980 ) ;
#330 = AXIS2_PLACEMENT_3D ( 'NONE', #4986, #4987, #4988 ) ;
#331 = AXIS2_PLACEMENT_3D ( 'NONE', #6423, #6424, #6425 ) ;
#332 = AXIS2_PLACEMENT_3D ( 'NONE', #6154, #6155, #6156 ) ;
#333 = AXIS2_PLACEMENT_3D ( 'NONE', #6284, #6285, #6286 ) ;
#334 = AXIS2_PLACEMENT_3D ( 'NONE', #6288, #6290, #6291 ) ;
#335 = AXIS2_PLACEMENT_3D ( 'NONE', #6419, #6420, #6421 ) ;
#336 = AXIS2_PLACEMENT_3D ( 'NONE', #6236, #6237, #6238 ) ;
#337 = AXIS2_PLACEMENT_3D ( 'NONE', #6293, #6294, #6295 ) ;
#338 = AXIS2_PLACEMENT_3D ( 'NONE', #6385, #6386, #6387 ) ;
#339 = AXIS2_PLACEMENT_3D ( 'NONE', #6517, #6518, #6519 ) ;
#340 = AXIS2_PLACEMENT_3D ( 'NONE', #6513, #6514, #6515 ) ;
#341 = AXIS2_PLACEMENT_3D ( 'NONE', #6427, #6428, #6429 ) ;
#342 = AXIS2_PLACEMENT_3D ( 'NONE', #6521, #6522, #6523 ) ;
#343 = VECTOR ( 'NONE', #6732, 39.37007874015748100 ) ;
#344 = VECTOR ( 'NONE', #5878, 39.37007874015748100 ) ;
#345 = VECTOR ( 'NONE', #5900, 39.37007874015748100 ) ;
#346 = VECTOR ( 'NONE', #5921, 39.37007874015748100 ) ;
#347 = AXIS2_PLACEMENT_3D ( 'NONE', #6146, #6147, #6148 ) ;
#348 = VECTOR ( 'NONE', #5923, 39.37007874015748100 ) ;
#349 = VECTOR ( 'NONE', #5947, 39.37007874015748100 ) ;
#350 = VECTOR ( 'NONE', #5949, 39.37007874015748100 ) ;
#351 = VECTOR ( 'NONE', #5951, 39.37007874015748100 ) ;
#352 = VECTOR ( 'NONE', #42, 39.37007874015748100 ) ;
#353 = VECTOR ( 'NONE', #66, 39.37007874015748100 ) ;
#354 = VECTOR ( 'NONE', #68, 39.37007874015748100 ) ;
#355 = AXIS2_PLACEMENT_3D ( 'NONE', #6232, #6233, #6234 ) ;
#356 = VECTOR ( 'NONE', #70, 39.37007874015748100 ) ;
#357 = VECTOR ( 'NONE', #98, 39.37007874015748100 ) ;
#358 = VECTOR ( 'NONE', #111, 39.37007874015748100 ) ;
#359 = VECTOR ( 'NONE', #113, 39.37007874015748100 ) ;
#360 = VECTOR ( 'NONE', #115, 39.37007874015748100 ) ;
#361 = AXIS2_PLACEMENT_3D ( 'NONE', #6060, #6061, #6062 ) ;
#362 = VECTOR ( 'NONE', #117, 39.37007874015748100 ) ;
#363 = AXIS2_PLACEMENT_3D ( 'NONE', #6150, #6151, #6152 ) ;
#364 = VECTOR ( 'NONE', #130, 39.37007874015748100 ) ;
#365 = VECTOR ( 'NONE', #5864, 39.37007874015748100 ) ;
#366 = VECTOR ( 'NONE', #5866, 39.37007874015748100 ) ;
#367 = VECTOR ( 'NONE', #5868, 39.37007874015748100 ) ;
#368 = VECTOR ( 'NONE', #5870, 39.37007874015748100 ) ;
#369 = VECTOR ( 'NONE', #6535, 39.37007874015748100 ) ;
#370 = VECTOR ( 'NONE', #6537, 39.37007874015748100 ) ;
#371 = VECTOR ( 'NONE', #6539, 39.37007874015748100 ) ;
#372 = VECTOR ( 'NONE', #6541, 39.37007874015748100 ) ;
#373 = VECTOR ( 'NONE', #6543, 39.37007874015748100 ) ;
#374 = VECTOR ( 'NONE', #6545, 39.37007874015748100 ) ;
#375 = VECTOR ( 'NONE', #6547, 39.37007874015748100 ) ;
#376 = VECTOR ( 'NONE', #6549, 39.37007874015748100 ) ;
#377 = VECTOR ( 'NONE', #6551, 39.37007874015748100 ) ;
#378 = VECTOR ( 'NONE', #6553, 39.37007874015748100 ) ;
#379 = VECTOR ( 'NONE', #6555, 39.37007874015748100 ) ;
#380 = VECTOR ( 'NONE', #6557, 39.37007874015748100 ) ;
#381 = VECTOR ( 'NONE', #6559, 39.37007874015748100 ) ;
#382 = VECTOR ( 'NONE', #6561, 39.37007874015748100 ) ;
#383 = VECTOR ( 'NONE', #6563, 39.37007874015748100 ) ;
#384 = VECTOR ( 'NONE', #6565, 39.37007874015748100 ) ;
#385 = VECTOR ( 'NONE', #6567, 39.37007874015748100 ) ;
#386 = VECTOR ( 'NONE', #6569, 39.37007874015748900 ) ;
#387 = VECTOR ( 'NONE', #6571, 39.37007874015748100 ) ;
#388 = VECTOR ( 'NONE', #6573, 39.37007874015748900 ) ;
#389 = VECTOR ( 'NONE', #6575, 39.37007874015748100 ) ;
#390 = VECTOR ( 'NONE', #6706, 39.37007874015748100 ) ;
#391 = VECTOR ( 'NONE', #6577, 39.37007874015748100 ) ;
#392 = VECTOR ( 'NONE', #6579, 39.37007874015748100 ) ;
#393 = VECTOR ( 'NONE', #6581, 39.37007874015748100 ) ;
#394 = VECTOR ( 'NONE', #6583, 39.37007874015748900 ) ;
#395 = VECTOR ( 'NONE', #6585, 39.37007874015748900 ) ;
#396 = VECTOR ( 'NONE', #6587, 39.37007874015748100 ) ;
#397 = VECTOR ( 'NONE', #6608, 39.37007874015748100 ) ;
#398 = VECTOR ( 'NONE', #6621, 39.37007874015748100 ) ;
#399 = MANIFOLD_SOLID_BREP ( '0079-001-1-solid1', #1724 ) ;
#400 = ADVANCED_BREP_SHAPE_REPRESENTATION ( '0079-E0W', ( #399, #9523 ), #892 ) ;
#401 = VECTOR ( 'NONE', #2852, 39.37007874015748100 ) ;
#402 = VECTOR ( 'NONE', #2865, 39.37007874015748100 ) ;
#403 = AXIS2_PLACEMENT_3D ( 'NONE', #2929, #2930, #2931 ) ;
#404 = VECTOR ( 'NONE', #2867, 39.37007874015748100 ) ;
#405 = VECTOR ( 'NONE', #2301, 39.37007874015748100 ) ;
#406 = VECTOR ( 'NONE', #2510, 39.37007874015748100 ) ;
#407 = VECTOR ( 'NONE', #2523, 39.37007874015748100 ) ;
#408 = VECTOR ( 'NONE', #2525, 39.37007874015748100 ) ;
#409 = VECTOR ( 'NONE', #2757, 39.37007874015748100 ) ;
#410 = AXIS2_PLACEMENT_3D ( 'NONE', #2794, #2795, #2796 ) ;
#411 = VECTOR ( 'NONE', #2770, 39.37007874015748100 ) ;
#412 = AXIS2_PLACEMENT_3D ( 'NONE', #2846, #2847, #2848 ) ;
#413 = AXIS2_PLACEMENT_3D ( 'NONE', #2842, #2843, #2844 ) ;
#414 = VECTOR ( 'NONE', #2850, 39.37007874015748100 ) ;
#415 = VECTOR ( 'NONE', #2102, 39.37007874015748100 ) ;
#416 = VECTOR ( 'NONE', #2138, 39.37007874015748100 ) ;
#417 = VECTOR ( 'NONE', #2140, 39.37007874015748100 ) ;
#418 = VECTOR ( 'NONE', #2161, 39.37007874015748100 ) ;
#419 = VECTOR ( 'NONE', #2163, 39.37007874015748100 ) ;
#420 = VECTOR ( 'NONE', #2165, 39.37007874015748100 ) ;
#421 = VECTOR ( 'NONE', #2167, 39.37007874015748100 ) ;
#422 = VECTOR ( 'NONE', #2169, 39.37007874015748100 ) ;
#423 = VECTOR ( 'NONE', #2171, 39.37007874015748100 ) ;
#424 = AXIS2_PLACEMENT_3D ( 'NONE', #2245, #2246, #2247 ) ;
#425 = VECTOR ( 'NONE', #2173, 39.37007874015748100 ) ;
#426 = VECTOR ( 'NONE', #2175, 39.37007874015748100 ) ;
#427 = CIRCLE ( 'NONE', #473, 0.1325000000000000300 ) ;
#428 = VECTOR ( 'NONE', #2177, 39.37007874015748100 ) ;
#429 = AXIS2_PLACEMENT_3D ( 'NONE', #2241, #2242, #2243 ) ;
#430 = AXIS2_PLACEMENT_3D ( 'NONE', #2798, #2799, #2800 ) ;
#431 = VECTOR ( 'NONE', #2280, 39.37007874015748100 ) ;
#432 = VECTOR ( 'NONE', #2282, 39.37007874015748100 ) ;
#433 = VECTOR ( 'NONE', #2706, 39.37007874015748100 ) ;
#434 = VECTOR ( 'NONE', #2730, 39.37007874015748100 ) ;
#435 = VECTOR ( 'NONE', #2751, 39.37007874015748100 ) ;
#436 = VECTOR ( 'NONE', #4735, 39.37007874015748100 ) ;
#437 = VECTOR ( 'NONE', #9121, 39.37007874015748100 ) ;
#438 = VECTOR ( 'NONE', #2753, 39.37007874015748100 ) ;
#439 = VECTOR ( 'NONE', #2755, 39.37007874015748100 ) ;
#440 = VECTOR ( 'NONE', #2640, 39.37007874015748100 ) ;
#441 = AXIS2_PLACEMENT_3D ( 'NONE', #2641, #2642, #2643 ) ;
#442 = VECTOR ( 'NONE', #2645, 39.37007874015748100 ) ;
#443 = CIRCLE ( 'NONE', #446, 0.1325000000000000300 ) ;
#444 = VECTOR ( 'NONE', #2647, 39.37007874015748100 ) ;
#445 = VECTOR ( 'NONE', #2682, 39.37007874015748100 ) ;
#446 = AXIS2_PLACEMENT_3D ( 'NONE', #2702, #2703, #2704 ) ;
#447 = AXIS2_PLACEMENT_3D ( 'NONE', #4803, #4804, #4805 ) ;
#448 = VECTOR ( 'NONE', #2284, 39.37007874015748100 ) ;
#449 = VECTOR ( 'NONE', #2286, 39.37007874015748100 ) ;
#450 = VECTOR ( 'NONE', #2299, 39.37007874015748100 ) ;
#451 = AXIS2_PLACEMENT_3D ( 'NONE', #2026, #2027, #2028 ) ;
#452 = VECTOR ( 'NONE', #2933, 39.37007874015748100 ) ;
#453 = VECTOR ( 'NONE', #2935, 39.37007874015748100 ) ;
#454 = VECTOR ( 'NONE', #2986, 39.37007874015748100 ) ;
#455 = VECTOR ( 'NONE', #2988, 39.37007874015748100 ) ;
#456 = AXIS2_PLACEMENT_3D ( 'NONE', #2018, #2019, #2020 ) ;
#457 = VECTOR ( 'NONE', #2990, 39.37007874015748100 ) ;
#458 = VECTOR ( 'NONE', #2992, 39.37007874015748100 ) ;
#459 = VECTOR ( 'NONE', #3005, 39.37007874015748100 ) ;
#460 = VECTOR ( 'NONE', #3026, 39.37007874015748100 ) ;
#461 = VECTOR ( 'NONE', #2022, 39.37007874015748100 ) ;
#462 = VECTOR ( 'NONE', #2024, 39.37007874015748100 ) ;
#463 = VECTOR ( 'NONE', #2079, 39.37007874015748100 ) ;
#464 = VECTOR ( 'NONE', #2081, 39.37007874015748100 ) ;
#465 = VECTOR ( 'NONE', #2582, 39.37007874015748100 ) ;
#466 = VECTOR ( 'NONE', #2636, 39.37007874015748100 ) ;
#467 = VECTOR ( 'NONE', #2638, 39.37007874015748100 ) ;
#468 = CIRCLE ( 'NONE', #441, 0.2814999999999999700 ) ;
#469 = VECTOR ( 'NONE', #2198, 39.37007874015748100 ) ;
#470 = VECTOR ( 'NONE', #2249, 39.37007874015748100 ) ;
#471 = VECTOR ( 'NONE', #2251, 39.37007874015748100 ) ;
#472 = VECTOR ( 'NONE', #2275, 39.37007874015748100 ) ;
#473 = AXIS2_PLACEMENT_3D ( 'NONE', #2276, #2277, #2278 ) ;
#474 = CARTESIAN_POINT ( 'NONE',  ( 0.4905788828871373000, -0.5723407022048626600, 0.1365091180056910200 ) ) ;
#475 = CARTESIAN_POINT ( 'NONE',  ( 0.4888294205265201800, -0.5718407022048629400, 0.1363604436947369900 ) ) ;
#476 = CARTESIAN_POINT ( 'NONE',  ( 0.4888294205265201800, -0.5723407022048628800, 0.1363604436947369900 ) ) ;
#477 = CARTESIAN_POINT ( 'NONE',  ( 0.4871881467829134400, -0.5718407022048628300, 0.1360942272474907300 ) ) ;
#478 = CARTESIAN_POINT ( 'NONE',  ( 0.4871881467829134400, -0.5723407022048627700, 0.1360942272474907300 ) ) ;
#479 = CARTESIAN_POINT ( 'NONE',  ( 0.4856445562487256600, -0.5718407022048629400, 0.1357389853797196000 ) ) ;
#480 = CARTESIAN_POINT ( 'NONE',  ( 0.4856445562487256600, -0.5723407022048628800, 0.1357389853797196000 ) ) ;
#481 = CARTESIAN_POINT ( 'NONE',  ( 0.4842043493790180700, -0.5718407022048628300, 0.1352751478716181200 ) ) ;
#482 = CARTESIAN_POINT ( 'NONE',  ( 0.4842043493790180700, -0.5723407022048627700, 0.1352751478716181200 ) ) ;
#483 = CARTESIAN_POINT ( 'NONE',  ( 0.4828782285460298500, -0.5718407022048628300, 0.1346848783881333100 ) ) ;
#484 = CARTESIAN_POINT ( 'NONE',  ( 0.4828782285460298500, -0.5723407022048627700, 0.1346848783881333100 ) ) ;
#485 = CARTESIAN_POINT ( 'NONE',  ( 0.4816539803729104600, -0.5718407022048628300, 0.1340052582293545800 ) ) ;
#486 = CARTESIAN_POINT ( 'NONE',  ( 0.4816539803729104600, -0.5723407022048627700, 0.1340052582293545800 ) ) ;
#487 = CARTESIAN_POINT ( 'NONE',  ( 0.4805286795038514200, -0.5718407022048631600, 0.1332352824161071300 ) ) ;
#488 = CARTESIAN_POINT ( 'NONE',  ( 0.4805286795038514200, -0.5723407022048631100, 0.1332352824161071300 ) ) ;
#489 = CARTESIAN_POINT ( 'NONE',  ( 0.4795330606496396300, -0.5718407022048626100, 0.1323628443749138600 ) ) ;
#490 = CARTESIAN_POINT ( 'NONE',  ( 0.4795330606496396300, -0.5723407022048626600, 0.1323628443749138600 ) ) ;
#491 = CARTESIAN_POINT ( 'NONE',  ( 0.4786709917097453600, -0.5718407022048627200, 0.1314187413423789400 ) ) ;
#492 = CARTESIAN_POINT ( 'NONE',  ( 0.4786709917097453600, -0.5723407022048626600, 0.1314187413423789400 ) ) ;
#493 = CARTESIAN_POINT ( 'NONE',  ( 0.4779367859488034600, -0.5718407022048629400, 0.1304086502630784100 ) ) ;
#494 = CARTESIAN_POINT ( 'NONE',  ( 0.4779367859488034600, -0.5723407022048629900, 0.1304086502630784100 ) ) ;
#495 = CARTESIAN_POINT ( 'NONE',  ( 0.4773428263707207300, -0.5718407022048629400, 0.1293227769503235100 ) ) ;
#496 = CARTESIAN_POINT ( 'NONE',  ( 0.4773428263707207300, -0.5723407022048629900, 0.1293227769503235100 ) ) ;
#497 = CARTESIAN_POINT ( 'NONE',  ( 0.4768659275469636600, -0.5718407022048628300, 0.1281685782799889800 ) ) ;
#498 = CARTESIAN_POINT ( 'NONE',  ( 0.4768659275469636600, -0.5723407022048627700, 0.1281685782799889800 ) ) ;
#499 = CARTESIAN_POINT ( 'NONE',  ( 0.4765347681359690700, -0.5718407022048629400, 0.1269404232007936300 ) ) ;
#500 = CARTESIAN_POINT ( 'NONE',  ( 0.4765347681359690700, -0.5723407022048628800, 0.1269404232007936300 ) ) ;
#501 = CARTESIAN_POINT ( 'NONE',  ( 0.4763395158208321200, -0.5718407022048628300, 0.1256438279674854700 ) ) ;
#502 = CARTESIAN_POINT ( 'NONE',  ( 0.4763395158208321200, -0.5723407022048627700, 0.1256438279674854700 ) ) ;
#503 = CARTESIAN_POINT ( 'NONE',  ( 0.4763122148776189900, -0.5718407022048628300, 0.1247567677223193200 ) ) ;
#504 = CARTESIAN_POINT ( 'NONE',  ( 0.4763122148776189900, -0.5723407022048627700, 0.1247567677223193200 ) ) ;
#505 = CARTESIAN_POINT ( 'NONE',  ( 0.4762982746259809600, -0.5718407022048629400, 0.1243038220881968100 ) ) ;
#506 = CARTESIAN_POINT ( 'NONE',  ( 0.4762982746259809600, -0.5723407022048628800, 0.1243038220881968100 ) ) ;
#507 = CARTESIAN_POINT ( 'NONE',  ( 0.5147041290563606500, -0.5718407022048628300, 0.1276819866451588400 ) ) ;
#508 = CARTESIAN_POINT ( 'NONE',  ( 0.5147041290563606500, -0.5723407022048627700, 0.1276819866451588400 ) ) ;
#509 = CARTESIAN_POINT ( 'NONE',  ( 0.5139047412794944800, -0.5718407022048629400, 0.1283675766143463900 ) ) ;
#510 = CARTESIAN_POINT ( 'NONE',  ( 0.5139047412794944800, -0.5723407022048628800, 0.1283675766143463900 ) ) ;
#511 = CARTESIAN_POINT ( 'NONE',  ( 0.5123100344323759900, -0.5718407022048629400, 0.1297352670517272800 ) ) ;
#512 = CARTESIAN_POINT ( 'NONE',  ( 0.5123100344323759900, -0.5723407022048629900, 0.1297352670517272800 ) ) ;
#513 = CARTESIAN_POINT ( 'NONE',  ( 0.5096799022650043700, -0.5718407022048626100, 0.1314981252824184700 ) ) ;
#514 = CARTESIAN_POINT ( 'NONE',  ( 0.5096799022650043700, -0.5723407022048625500, 0.1314981252824184700 ) ) ;
#515 = CARTESIAN_POINT ( 'NONE',  ( 0.5068711217125263500, -0.5718407022048628300, 0.1330098731613416900 ) ) ;
#516 = CARTESIAN_POINT ( 'NONE',  ( 0.5068711217125263500, -0.5723407022048627700, 0.1330098731613416900 ) ) ;
#517 = CARTESIAN_POINT ( 'NONE',  ( 0.5039230647499346500, -0.5718407022048628300, 0.1342630197402784900 ) ) ;
#518 = CARTESIAN_POINT ( 'NONE',  ( 0.5039230647499346500, -0.5723407022048627700, 0.1342630197402784900 ) ) ;
#519 = CARTESIAN_POINT ( 'NONE',  ( 0.5009446081709005800, -0.5718407022048629400, 0.1352643273144114300 ) ) ;
#520 = CARTESIAN_POINT ( 'NONE',  ( 0.5009446081709005800, -0.5723407022048628800, 0.1352643273144114300 ) ) ;
#521 = CARTESIAN_POINT ( 'NONE',  ( 0.4980142910736684000, -0.5718407022048629400, 0.1359896738031748700 ) ) ;
#522 = CARTESIAN_POINT ( 'NONE',  ( 0.4980142910736684000, -0.5723407022048629900, 0.1359896738031748700 ) ) ;
#523 = CARTESIAN_POINT ( 'NONE',  ( 0.4951798178238785400, -0.5718407022048628300, 0.1364637045349954300 ) ) ;
#524 = CARTESIAN_POINT ( 'NONE',  ( 0.4951798178238785400, -0.5723407022048627700, 0.1364637045349954300 ) ) ;
#525 = CARTESIAN_POINT ( 'NONE',  ( 0.4933108182293701700, -0.5718407022048628300, 0.1365168466237071700 ) ) ;
#526 = CARTESIAN_POINT ( 'NONE',  ( 0.4933108182293701700, -0.5723407022048627700, 0.1365168466237071700 ) ) ;
#527 = CARTESIAN_POINT ( 'NONE',  ( 0.4923999360183860000, -0.5718407022048628300, 0.1365427461388297200 ) ) ;
#528 = CARTESIAN_POINT ( 'NONE',  ( 0.4923999360183860000, -0.5723407022048627700, 0.1365427461388297200 ) ) ;
#529 = PLANE ( 'NONE',  #289 ) ;
#530 = CARTESIAN_POINT ( 'NONE',  ( 0.5152856163981327500, -0.5718407022048628300, 0.1276819866451588400 ) ) ;
#531 = DIRECTION ( 'NONE',  ( 0.0000000000000000000, 0.0000000000000000000, 1.000000000000000000 ) ) ;
#532 = DIRECTION ( 'NONE',  ( 1.000000000000000000, 0.0000000000000000000, -0.0000000000000000000 ) ) ;
#533 = PLANE ( 'NONE',  #297 ) ;
#534 = CARTESIAN_POINT ( 'NONE',  ( 0.5152856163981327500, -0.5718407022048628300, 0.1390625246198423900 ) ) ;
#535 = DIRECTION ( 'NONE',  ( -1.000000000000000000, -1.622879996236195800E-015, 0.0000000000000000000 ) ) ;
#536 = DIRECTION ( 'NONE',  ( 1.622879996236195800E-015, -1.000000000000000000, 0.0000000000000000000 ) ) ;
#537 = CARTESIAN_POINT ( 'NONE',  ( 0.4923168663981327700, -0.5718407022048628300, 0.1445174296831335200 ) ) ;
#538 = CARTESIAN_POINT ( 'NONE',  ( 0.4923168663981327700, -0.5723407022048627700, 0.1445174296831335200 ) ) ;
#539 = CARTESIAN_POINT ( 'NONE',  ( 0.4934066030366482900, -0.5718407022048629400, 0.1445035245923550200 ) ) ;
#540 = CARTESIAN_POINT ( 'NONE',  ( 0.4934066030366482900, -0.5723407022048628800, 0.1445035245923550200 ) ) ;
#541 = CARTESIAN_POINT ( 'NONE',  ( 0.4955386444069408400, -0.5718407022048628300, 0.1444763196441596600 ) ) ;
#542 = CARTESIAN_POINT ( 'NONE',  ( 0.4955386444069408400, -0.5723407022048627700, 0.1444763196441596600 ) ) ;
#543 = CARTESIAN_POINT ( 'NONE',  ( 0.4986450267004881600, -0.5718407022048629400, 0.1442051666260125400 ) ) ;
#544 = CARTESIAN_POINT ( 'NONE',  ( 0.4986450267004881600, -0.5723407022048629900, 0.1442051666260125400 ) ) ;
#545 = CARTESIAN_POINT ( 'NONE',  ( 0.5015890051946494400, -0.5718407022048627200, 0.1437867574845654300 ) ) ;
#546 = CARTESIAN_POINT ( 'NONE',  ( 0.5015890051946494400, -0.5723407022048626600, 0.1437867574845654300 ) ) ;
#547 = CARTESIAN_POINT ( 'NONE',  ( 0.5043819445721538000, -0.5718407022048628300, 0.1431611531440318300 ) ) ;
#548 = CARTESIAN_POINT ( 'NONE',  ( 0.5043819445721538000, -0.5723407022048627700, 0.1431611531440318300 ) ) ;
#549 = CARTESIAN_POINT ( 'NONE',  ( 0.5071104560070004400, -0.5718407022048629400, 0.1423923703381218800 ) ) ;
#550 = CARTESIAN_POINT ( 'NONE',  ( 0.5071104560070004400, -0.5723407022048628800, 0.1423923703381218800 ) ) ;
#551 = CARTESIAN_POINT ( 'NONE',  ( 0.5098196758282748100, -0.5718407022048628300, 0.1414365858076435100 ) ) ;
#552 = CARTESIAN_POINT ( 'NONE',  ( 0.5098196758282748100, -0.5723407022048627700, 0.1414365858076435100 ) ) ;
#553 = CARTESIAN_POINT ( 'NONE',  ( 0.5125704175998300200, -0.5718407022048629400, 0.1403577341849378500 ) ) ;
#554 = CARTESIAN_POINT ( 'NONE',  ( 0.5125704175998300200, -0.5723407022048628800, 0.1403577341849378500 ) ) ;
#555 = CARTESIAN_POINT ( 'NONE',  ( 0.5143721349425057800, -0.5718407022048629400, 0.1394982753720911700 ) ) ;
#556 = CARTESIAN_POINT ( 'NONE',  ( 0.5143721349425057800, -0.5723407022048628800, 0.1394982753720911700 ) ) ;
#557 = CARTESIAN_POINT ( 'NONE',  ( 0.5152856163981327500, -0.5718407022048628300, 0.1390625246198423900 ) ) ;
#558 = CARTESIAN_POINT ( 'NONE',  ( 0.5152856163981327500, -0.5723407022048627700, 0.1390625246198423900 ) ) ;
#559 = CARTESIAN_POINT ( 'NONE',  ( 0.4738615657652214300, -0.5718407022048629400, 0.1380379993033867000 ) ) ;
#560 = CARTESIAN_POINT ( 'NONE',  ( 0.4738615657652214300, -0.5723407022048628800, 0.1380379993033867000 ) ) ;
#561 = CARTESIAN_POINT ( 'NONE',  ( 0.4744291432884295000, -0.5718407022048629400, 0.1385297146072928800 ) ) ;
#562 = CARTESIAN_POINT ( 'NONE',  ( 0.4744291432884295000, -0.5723407022048628800, 0.1385297146072928800 ) ) ;
#563 = CARTESIAN_POINT ( 'NONE',  ( 0.4755669538831663900, -0.5718407022048628300, 0.1395154458237377600 ) ) ;
#564 = CARTESIAN_POINT ( 'NONE',  ( 0.4755669538831663900, -0.5723407022048627700, 0.1395154458237377600 ) ) ;
#565 = CARTESIAN_POINT ( 'NONE',  ( 0.4774551572817294900, -0.5718407022048628300, 0.1407904625081752800 ) ) ;
#566 = CARTESIAN_POINT ( 'NONE',  ( 0.4774551572817294900, -0.5723407022048627700, 0.1407904625081752800 ) ) ;
#567 = CARTESIAN_POINT ( 'NONE',  ( 0.4794800898164666700, -0.5718407022048628300, 0.1418927509237084500 ) ) ;
#568 = CARTESIAN_POINT ( 'NONE',  ( 0.4794800898164666700, -0.5723407022048627700, 0.1418927509237084500 ) ) ;
#569 = CARTESIAN_POINT ( 'NONE',  ( 0.4816477744482552900, -0.5718407022048629400, 0.1428556709896158000 ) ) ;
#570 = CARTESIAN_POINT ( 'NONE',  ( 0.4816477744482552900, -0.5723407022048628800, 0.1428556709896158000 ) ) ;
#571 = CARTESIAN_POINT ( 'NONE',  ( 0.4840097883565133700, -0.5718407022048629400, 0.1436035554012002600 ) ) ;
#572 = CARTESIAN_POINT ( 'NONE',  ( 0.4840097883565133700, -0.5723407022048628800, 0.1436035554012002600 ) ) ;
#573 = CARTESIAN_POINT ( 'NONE',  ( 0.4865833340646104100, -0.5718407022048628300, 0.1441392362897409000 ) ) ;
#574 = CARTESIAN_POINT ( 'NONE',  ( 0.4865833340646104100, -0.5723407022048627700, 0.1441392362897409000 ) ) ;
#575 = CARTESIAN_POINT ( 'NONE',  ( 0.4893784733350077200, -0.5718407022048628300, 0.1444556534846908600 ) ) ;
#576 = CARTESIAN_POINT ( 'NONE',  ( 0.4893784733350077200, -0.5723407022048627700, 0.1444556534846908600 ) ) ;
#577 = CARTESIAN_POINT ( 'NONE',  ( 0.4913145761489320900, -0.5718407022048628300, 0.1444963577298578600 ) ) ;
#578 = CARTESIAN_POINT ( 'NONE',  ( 0.4913145761489320900, -0.5723407022048627700, 0.1444963577298578600 ) ) ;
#579 = CARTESIAN_POINT ( 'NONE',  ( 0.4923168663981327700, -0.5718407022048628300, 0.1445174296831335200 ) ) ;
#580 = CARTESIAN_POINT ( 'NONE',  ( 0.4923168663981327700, -0.5723407022048627700, 0.1445174296831335200 ) ) ;
#581 = CARTESIAN_POINT ( 'NONE',  ( 0.4674375151323100800, -0.5718407022048629400, 0.1229747081641461700 ) ) ;
#582 = CARTESIAN_POINT ( 'NONE',  ( 0.4674375151323100800, -0.5723407022048629900, 0.1229747081641461700 ) ) ;
#583 = CARTESIAN_POINT ( 'NONE',  ( 0.4674601469616495000, -0.5718407022048630500, 0.1236635024945759700 ) ) ;
#584 = CARTESIAN_POINT ( 'NONE',  ( 0.4674601469616495000, -0.5723407022048629900, 0.1236635024945759700 ) ) ;
#585 = CARTESIAN_POINT ( 'NONE',  ( 0.4675056457296964400, -0.5718407022048628300, 0.1250482466530144500 ) ) ;
#586 = CARTESIAN_POINT ( 'NONE',  ( 0.4675056457296964400, -0.5723407022048627700, 0.1250482466530144500 ) ) ;
#587 = CARTESIAN_POINT ( 'NONE',  ( 0.4678351001048771700, -0.5718407022048628300, 0.1271126389829727300 ) ) ;
#588 = CARTESIAN_POINT ( 'NONE',  ( 0.4678351001048771700, -0.5723407022048627700, 0.1271126389829727300 ) ) ;
#589 = CARTESIAN_POINT ( 'NONE',  ( 0.4683675308020988600, -0.5718407022048628300, 0.1291648708845964700 ) ) ;
#590 = CARTESIAN_POINT ( 'NONE',  ( 0.4683675308020988600, -0.5723407022048627700, 0.1291648708845964700 ) ) ;
#591 = CARTESIAN_POINT ( 'NONE',  ( 0.4690949213259642500, -0.5718407022048629400, 0.1311829928590122800 ) ) ;
#592 = CARTESIAN_POINT ( 'NONE',  ( 0.4690949213259642500, -0.5723407022048628800, 0.1311829928590122800 ) ) ;
#593 = CARTESIAN_POINT ( 'NONE',  ( 0.4700105848487113300, -0.5718407022048628300, 0.1331287933857116500 ) ) ;
#594 = CARTESIAN_POINT ( 'NONE',  ( 0.4700105848487113300, -0.5723407022048627700, 0.1331287933857116500 ) ) ;
#595 = CARTESIAN_POINT ( 'NONE',  ( 0.4711253949589210800, -0.5718407022048629400, 0.1349268311709904100 ) ) ;
#596 = CARTESIAN_POINT ( 'NONE',  ( 0.4711253949589210800, -0.5723407022048629900, 0.1349268311709904100 ) ) ;
#597 = CARTESIAN_POINT ( 'NONE',  ( 0.4723843371271203000, -0.5718407022048629400, 0.1365915474351382100 ) ) ;
#598 = CARTESIAN_POINT ( 'NONE',  ( 0.4723843371271203000, -0.5723407022048628800, 0.1365915474351382100 ) ) ;
#599 = CARTESIAN_POINT ( 'NONE',  ( 0.4733689348119170500, -0.5718407022048629400, 0.1375556318861937700 ) ) ;
#600 = CARTESIAN_POINT ( 'NONE',  ( 0.4733689348119170500, -0.5723407022048629900, 0.1375556318861937700 ) ) ;
#601 = CARTESIAN_POINT ( 'NONE',  ( 0.4738615657652214300, -0.5718407022048629400, 0.1380379993033867000 ) ) ;
#602 = CARTESIAN_POINT ( 'NONE',  ( 0.4738615657652214300, -0.5723407022048628800, 0.1380379993033867000 ) ) ;
#603 = CARTESIAN_POINT ( 'NONE',  ( 0.4813932113348416400, -0.5718407022048628300, 0.1047686163919942900 ) ) ;
#604 = CARTESIAN_POINT ( 'NONE',  ( 0.4813932113348416400, -0.5723407022048629900, 0.1047686163919942900 ) ) ;
#605 = CARTESIAN_POINT ( 'NONE',  ( 0.4808325097845387900, -0.5718407022048628300, 0.1049466383476157500 ) ) ;
#606 = CARTESIAN_POINT ( 'NONE',  ( 0.4808325097845387900, -0.5723407022048629900, 0.1049466383476157500 ) ) ;
#607 = CARTESIAN_POINT ( 'NONE',  ( 0.4797325773022048100, -0.5718407022048626100, 0.1052958653676782100 ) ) ;
#608 = CARTESIAN_POINT ( 'NONE',  ( 0.4797325773022048100, -0.5723407022048627700, 0.1052958653676782100 ) ) ;
#609 = CARTESIAN_POINT ( 'NONE',  ( 0.4781558109163804300, -0.5718407022048629400, 0.1059203413516619000 ) ) ;
#610 = CARTESIAN_POINT ( 'NONE',  ( 0.4781558109163804300, -0.5723407022048631100, 0.1059203413516619000 ) ) ;
#611 = CARTESIAN_POINT ( 'NONE',  ( 0.4766822433394006800, -0.5718407022048629400, 0.1066090234978386700 ) ) ;
#612 = CARTESIAN_POINT ( 'NONE',  ( 0.4766822433394006800, -0.5723407022048631100, 0.1066090234978386700 ) ) ;
#613 = CARTESIAN_POINT ( 'NONE',  ( 0.4753243329309359600, -0.5718407022048629400, 0.1073787562746599500 ) ) ;
#614 = CARTESIAN_POINT ( 'NONE',  ( 0.4753243329309359600, -0.5723407022048631100, 0.1073787562746599500 ) ) ;
#615 = CARTESIAN_POINT ( 'NONE',  ( 0.4740520867508402100, -0.5718407022048629400, 0.1081870371286133300 ) ) ;
#616 = CARTESIAN_POINT ( 'NONE',  ( 0.4740520867508402100, -0.5723407022048632200, 0.1081870371286133300 ) ) ;
#617 = CARTESIAN_POINT ( 'NONE',  ( 0.4729074960690437500, -0.5718407022048629400, 0.1090926262503488900 ) ) ;
#618 = CARTESIAN_POINT ( 'NONE',  ( 0.4729074960690437500, -0.5723407022048631100, 0.1090926262503488900 ) ) ;
#619 = CARTESIAN_POINT ( 'NONE',  ( 0.4718600499718352300, -0.5718407022048628300, 0.1100492887949898200 ) ) ;
#620 = CARTESIAN_POINT ( 'NONE',  ( 0.4718600499718352300, -0.5723407022048629900, 0.1100492887949898200 ) ) ;
#621 = CARTESIAN_POINT ( 'NONE',  ( 0.4709181294980288600, -0.5718407022048630500, 0.1110802620745158200 ) ) ;
#622 = CARTESIAN_POINT ( 'NONE',  ( 0.4709181294980288600, -0.5723407022048632200, 0.1110802620745158200 ) ) ;
#623 = CARTESIAN_POINT ( 'NONE',  ( 0.4701023943265039100, -0.5718407022048627200, 0.1122142314279442900 ) ) ;
#624 = CARTESIAN_POINT ( 'NONE',  ( 0.4701023943265039100, -0.5723407022048628800, 0.1122142314279442900 ) ) ;
#625 = CARTESIAN_POINT ( 'NONE',  ( 0.4693690698696581500, -0.5718407022048629400, 0.1134333513800391400 ) ) ;
#626 = CARTESIAN_POINT ( 'NONE',  ( 0.4693690698696581500, -0.5723407022048631100, 0.1134333513800391400 ) ) ;
#627 = CARTESIAN_POINT ( 'NONE',  ( 0.4687862773643249900, -0.5718407022048631600, 0.1147756157162913200 ) ) ;
#628 = CARTESIAN_POINT ( 'NONE',  ( 0.4687862773643249900, -0.5723407022048633300, 0.1147756157162913200 ) ) ;
#629 = CARTESIAN_POINT ( 'NONE',  ( 0.4682746894022423200, -0.5718407022048628300, 0.1162049210104237100 ) ) ;
#630 = CARTESIAN_POINT ( 'NONE',  ( 0.4682746894022423200, -0.5723407022048629900, 0.1162049210104237100 ) ) ;
#631 = CARTESIAN_POINT ( 'NONE',  ( 0.4679137325985288600, -0.5718407022048629400, 0.1177536588894007400 ) ) ;
#632 = CARTESIAN_POINT ( 'NONE',  ( 0.4679137325985288600, -0.5723407022048631100, 0.1177536588894007400 ) ) ;
#633 = CARTESIAN_POINT ( 'NONE',  ( 0.4676349919123855000, -0.5718407022048628300, 0.1193990664985615900 ) ) ;
#634 = CARTESIAN_POINT ( 'NONE',  ( 0.4676349919123855000, -0.5723407022048629900, 0.1193990664985615900 ) ) ;
#635 = CARTESIAN_POINT ( 'NONE',  ( 0.4674671599988560200, -0.5718407022048629400, 0.1211529631034645400 ) ) ;
#636 = CARTESIAN_POINT ( 'NONE',  ( 0.4674671599988560200, -0.5723407022048632200, 0.1211529631034645400 ) ) ;
#637 = B_SPLINE_SURFACE_WITH_KNOTS ( 'NONE', 3, 1, ( 
 ( #4776, #4777 ),
 ( #4778, #4779 ),
 ( #4780, #4781 ),
 ( #4782, #4783 ),
 ( #4784, #4785 ),
 ( #4786, #4787 ),
 ( #4788, #4789 ),
 ( #4790, #4791 ),
 ( #4792, #4793 ),
 ( #4794, #4795 ),
 ( #4796, #4797 ) ),
 .UNSPECIFIED., .F., .F., .F.,
 ( 4, 1, 1, 1, 1, 1, 1, 1, 4 ),
 ( 2, 2 ),
 ( 0.0000000000000000000, 0.1684634951889291100, 0.3193684012630490500, 0.4530786163945854100, 0.5696860292291365800, 0.6765834000212864700, 0.7824251918499528500, 0.8900404041992112700, 1.000000000000000000 ),
 ( 0.0000000000000000000, 1.000000000000000000 ),
 .UNSPECIFIED. ) ;
#638 = B_SPLINE_SURFACE_WITH_KNOTS ( 'NONE', 3, 1, ( 
 ( #4738, #4739 ),
 ( #4740, #4741 ),
 ( #4742, #4743 ),
 ( #4744, #4745 ),
 ( #4746, #4747 ),
 ( #4748, #4749 ),
 ( #4750, #4751 ),
 ( #4752, #4753 ),
 ( #4754, #4755 ),
 ( #4756, #4757 ),
 ( #4758, #4759 ),
 ( #4760, #4761 ),
 ( #4762, #4763 ),
 ( #4764, #4765 ),
 ( #4766, #4767 ),
 ( #4768, #4769 ),
 ( #4770, #4771 ),
 ( #4772, #4773 ),
 ( #4774, #4775 ) ),
 .UNSPECIFIED., .F., .F., .F.,
 ( 4, 1, 1, 1, 1, 1, 1, 1, 1, 1, 1, 1, 1, 1, 1, 1, 4 ),
 ( 2, 2 ),
 ( 0.0000000000000000000, 0.08148515513148613100, 0.1583627103935850200, 0.2310101669798747300, 0.3003051593370059100, 0.3668115908470218100, 0.4299466931144628200, 0.4911685245717038500, 0.5510233253377372400, 0.6091749727891290200, 0.6651083080072861500, 0.7190921441505993000, 0.7732297466354503000, 0.8277481735282642400, 0.8831905649820937000, 0.9403554336878622300, 1.000000000000000000 ),
 ( 0.0000000000000000000, 1.000000000000000000 ),
 .UNSPECIFIED. ) ;
#639 = B_SPLINE_SURFACE_WITH_KNOTS ( 'NONE', 3, 1, ( 
 ( #2648, #2649 ),
 ( #2650, #2651 ),
 ( #2652, #2653 ),
 ( #2654, #2655 ),
 ( #2656, #2657 ),
 ( #2658, #2659 ),
 ( #2660, #2661 ) ),
 .UNSPECIFIED., .F., .F., .F.,
 ( 4, 1, 1, 1, 4 ),
 ( 2, 2 ),
 ( 0.0000000000000000000, 0.2272856862439006100, 0.4683475620309394700, 0.7256817926751838500, 1.000000000000000000 ),
 ( 0.0000000000000000000, 1.000000000000000000 ),
 .UNSPECIFIED. ) ;
#640 = B_SPLINE_SURFACE_WITH_KNOTS ( 'NONE', 3, 1, ( 
 ( #2613, #2614 ),
 ( #2615, #2616 ),
 ( #2617, #2618 ),
 ( #2619, #2620 ),
 ( #2621, #2622 ),
 ( #2623, #2624 ),
 ( #2625, #2626 ),
 ( #2627, #2628 ),
 ( #2629, #2630 ),
 ( #2631, #2632 ),
 ( #2633, #2634 ) ),
 .UNSPECIFIED., .F., .F., .F.,
 ( 4, 1, 1, 1, 1, 1, 1, 1, 4 ),
 ( 2, 2 ),
 ( 0.0000000000000000000, 0.09297548605159335100, 0.2030161484741949400, 0.3299627188192724200, 0.4748308993559955900, 0.6225207293347625500, 0.7594519026480295300, 0.8850461747072333500, 1.000000000000000000 ),
 ( 0.0000000000000000000, 1.000000000000000000 ),
 .UNSPECIFIED. ) ;
#641 = B_SPLINE_SURFACE_WITH_KNOTS ( 'NONE', 3, 1, ( 
 ( #2559, #2560 ),
 ( #2561, #2562 ),
 ( #2563, #2564 ),
 ( #2565, #2566 ),
 ( #2567, #2568 ),
 ( #2569, #2570 ),
 ( #2571, #2572 ),
 ( #2573, #2574 ),
 ( #2575, #2576 ),
 ( #2577, #2578 ),
 ( #2579, #2580 ) ),
 .UNSPECIFIED., .F., .F., .F.,
 ( 4, 1, 1, 1, 1, 1, 1, 1, 4 ),
 ( 2, 2 ),
 ( 0.0000000000000000000, 0.1123240478670802500, 0.2251736308804396200, 0.3401739602379942900, 0.4570938888561419400, 0.5796487309861317900, 0.7102500410409200400, 0.8500009625096589500, 1.000000000000000000 ),
 ( 0.0000000000000000000, 1.000000000000000000 ),
 .UNSPECIFIED. ) ;
#642 = B_SPLINE_SURFACE_WITH_KNOTS ( 'NONE', 3, 1, ( 
 ( #2537, #2538 ),
 ( #2539, #2540 ),
 ( #2541, #2542 ),
 ( #2543, #2544 ),
 ( #2545, #2546 ),
 ( #2547, #2548 ),
 ( #2549, #2550 ),
 ( #2551, #2552 ),
 ( #2553, #2554 ),
 ( #2555, #2556 ),
 ( #2557, #2558 ) ),
 .UNSPECIFIED., .F., .F., .F.,
 ( 4, 1, 1, 1, 1, 1, 1, 1, 4 ),
 ( 2, 2 ),
 ( 0.0000000000000000000, 0.1228048790217896000, 0.2468855089835879400, 0.3718446401774793100, 0.5004500733599125400, 0.6289290404625751400, 0.7545558216438916800, 0.8771951209782145000, 1.000000000000000000 ),
 ( 0.0000000000000000000, 1.000000000000000000 ),
 .UNSPECIFIED. ) ;
#643 = B_SPLINE_SURFACE_WITH_KNOTS ( 'NONE', 3, 1, ( 
 ( #2476, #2477 ),
 ( #2478, #2479 ),
 ( #2480, #2481 ),
 ( #2482, #2483 ),
 ( #2484, #2485 ),
 ( #2486, #2487 ),
 ( #2488, #2489 ),
 ( #2490, #2491 ),
 ( #2492, #2493 ),
 ( #2494, #2495 ),
 ( #2496, #2497 ) ),
 .UNSPECIFIED., .F., .F., .F.,
 ( 4, 1, 1, 1, 1, 1, 1, 1, 4 ),
 ( 2, 2 ),
 ( 0.0000000000000000000, 0.1288871128326919400, 0.2571182188266257200, 0.3868502267100641900, 0.5190265413787250600, 0.6489652269713311900, 0.7712423277463832400, 0.8885118568809695600, 1.000000000000000000 ),
 ( 0.0000000000000000000, 1.000000000000000000 ),
 .UNSPECIFIED. ) ;
#644 = B_SPLINE_SURFACE_WITH_KNOTS ( 'NONE', 3, 1, ( 
 ( #4865, #4866 ),
 ( #4867, #4868 ),
 ( #4869, #4870 ),
 ( #4871, #4872 ),
 ( #4873, #4874 ),
 ( #4875, #4876 ),
 ( #4877, #4878 ),
 ( #4879, #4880 ),
 ( #4881, #4882 ),
 ( #4883, #4884 ),
 ( #4885, #4886 ) ),
 .UNSPECIFIED., .F., .F., .F.,
 ( 4, 1, 1, 1, 1, 1, 1, 1, 4 ),
 ( 2, 2 ),
 ( 0.0000000000000000000, 0.1371382535293171300, 0.2683074236840065100, 0.3921945208785627700, 0.5111542049022723700, 0.6282915368450906500, 0.7488069049126215800, 0.8726436002424807800, 0.9999999999999998900 ),
 ( 0.0000000000000000000, 1.000000000000000000 ),
 .UNSPECIFIED. ) ;
#645 = B_SPLINE_SURFACE_WITH_KNOTS ( 'NONE', 3, 1, ( 
 ( #4825, #4826 ),
 ( #4827, #4828 ),
 ( #4829, #4830 ),
 ( #4831, #4832 ),
 ( #4833, #4834 ),
 ( #4835, #4836 ),
 ( #4837, #4838 ),
 ( #4839, #4840 ),
 ( #4841, #4842 ),
 ( #4843, #4844 ),
 ( #4845, #4846 ),
 ( #4847, #4848 ),
 ( #4849, #4850 ),
 ( #4851, #4852 ),
 ( #4853, #4854 ),
 ( #4855, #4856 ),
 ( #4857, #4858 ),
 ( #4859, #4860 ),
 ( #4861, #4862 ) ),
 .UNSPECIFIED., .F., .F., .F.,
 ( 4, 1, 1, 1, 1, 1, 1, 1, 1, 1, 1, 1, 1, 1, 1, 1, 4 ),
 ( 2, 2 ),
 ( 0.0000000000000000000, 0.06269641779893285500, 0.1232373877365008100, 0.1821650623458582800, 0.2402521717490125600, 0.2980756469197187700, 0.3563883647293226700, 0.4161034846529401100, 0.4778985949443209600, 0.5404603264055283200, 0.6025432278646821700, 0.6649878262650553700, 0.7280323246031279400, 0.7928051401295358500, 0.8594657897566001500, 0.9281502137331940600, 1.000000000000000000 ),
 ( 0.0000000000000000000, 1.000000000000000000 ),
 .UNSPECIFIED. ) ;
#646 = B_SPLINE_SURFACE_WITH_KNOTS ( 'NONE', 3, 1, ( 
 ( #5021, #5022 ),
 ( #5023, #5024 ),
 ( #5025, #5026 ),
 ( #5027, #5028 ),
 ( #5029, #5030 ),
 ( #5031, #5032 ),
 ( #5033, #5034 ),
 ( #5035, #5036 ),
 ( #5037, #5038 ),
 ( #5039, #5040 ),
 ( #5041, #5042 ) ),
 .UNSPECIFIED., .F., .F., .F.,
 ( 4, 1, 1, 1, 1, 1, 1, 1, 4 ),
 ( 2, 2 ),
 ( 0.0000000000000000000, 0.1556269711063318400, 0.2957970307510528500, 0.4208515074363105000, 0.5330099173427300700, 0.6397202427495521900, 0.7516833603283983300, 0.8711897471092915300, 0.9999999999999998900 ),
 ( 0.0000000000000000000, 1.000000000000000000 ),
 .UNSPECIFIED. ) ;
#647 = B_SPLINE_SURFACE_WITH_KNOTS ( 'NONE', 3, 1, ( 
 ( #5043, #5044 ),
 ( #5045, #5046 ),
 ( #5047, #5048 ),
 ( #5049, #5050 ),
 ( #5051, #5052 ),
 ( #5053, #5054 ),
 ( #5055, #5056 ),
 ( #5057, #5058 ),
 ( #5059, #5060 ),
 ( #5061, #5062 ),
 ( #5063, #5064 ) ),
 .UNSPECIFIED., .F., .F., .F.,
 ( 4, 1, 1, 1, 1, 1, 1, 1, 4 ),
 ( 2, 2 ),
 ( 0.0000000000000000000, 0.09794834232188851000, 0.2000848291071613500, 0.3085422290067179100, 0.4240640375986391400, 0.5490328908557053900, 0.6873600595659485900, 0.8368626202273116200, 1.000000000000000000 ),
 ( 0.0000000000000000000, 1.000000000000000000 ),
 .UNSPECIFIED. ) ;
#648 = B_SPLINE_SURFACE_WITH_KNOTS ( 'NONE', 3, 1, ( 
 ( #5073, #5074 ),
 ( #5075, #5076 ),
 ( #5077, #5078 ),
 ( #5079, #5080 ),
 ( #5081, #5082 ),
 ( #5083, #5084 ),
 ( #5085, #5086 ),
 ( #5087, #5088 ),
 ( #5089, #5090 ),
 ( #5091, #5092 ),
 ( #5093, #5094 ) ),
 .UNSPECIFIED., .F., .F., .F.,
 ( 4, 1, 1, 1, 1, 1, 1, 1, 4 ),
 ( 2, 2 ),
 ( 0.0000000000000000000, 0.1272281655762732800, 0.2486232976632831400, 0.3659746731759329100, 0.4824868994968744600, 0.6015302622454449200, 0.7267125766875438500, 0.8585121869020976300, 1.000000000000000000 ),
 ( 0.0000000000000000000, 1.000000000000000000 ),
 .UNSPECIFIED. ) ;
#649 = B_SPLINE_SURFACE_WITH_KNOTS ( 'NONE', 3, 1, ( 
 ( #5095, #5096 ),
 ( #5097, #5098 ),
 ( #5099, #5100 ),
 ( #5101, #5102 ),
 ( #5103, #5104 ),
 ( #5105, #5106 ),
 ( #5107, #5108 ),
 ( #5109, #5110 ),
 ( #5111, #5112 ),
 ( #5113, #5114 ),
 ( #5115, #5116 ) ),
 .UNSPECIFIED., .F., .F., .F.,
 ( 4, 1, 1, 1, 1, 1, 1, 1, 4 ),
 ( 2, 2 ),
 ( 0.0000000000000000000, 0.1178836276408190300, 0.2316051454546736400, 0.3457892835860728600, 0.4630965380067384500, 0.5850620154468390000, 0.7150384810408030300, 0.8530793236933749100, 1.000000000000000000 ),
 ( 0.0000000000000000000, 1.000000000000000000 ),
 .UNSPECIFIED. ) ;
#650 = B_SPLINE_SURFACE_WITH_KNOTS ( 'NONE', 3, 1, ( 
 ( #5121, #5122 ),
 ( #5123, #5124 ),
 ( #5125, #5126 ),
 ( #5127, #5128 ),
 ( #5129, #5130 ),
 ( #5131, #5132 ),
 ( #5133, #5134 ),
 ( #5135, #5136 ),
 ( #5137, #5138 ),
 ( #5139, #5140 ),
 ( #5141, #5142 ) ),
 .UNSPECIFIED., .F., .F., .F.,
 ( 4, 1, 1, 1, 1, 1, 1, 1, 4 ),
 ( 2, 2 ),
 ( 0.0000000000000000000, 0.1398646002837428700, 0.2706901749516884600, 0.3948437579216356700, 0.5162227536938773800, 0.6360762369188385200, 0.7557383287248449200, 0.8764994149539859800, 0.9999999999999998900 ),
 ( 0.0000000000000000000, 1.000000000000000000 ),
 .UNSPECIFIED. ) ;
#651 = B_SPLINE_SURFACE_WITH_KNOTS ( 'NONE', 3, 1, ( 
 ( #5157, #5158 ),
 ( #5159, #5160 ),
 ( #5161, #5162 ),
 ( #5163, #5164 ),
 ( #5165, #5166 ),
 ( #5167, #5168 ),
 ( #5169, #5170 ),
 ( #5171, #5172 ),
 ( #5173, #5174 ),
 ( #5175, #5176 ),
 ( #5177, #5178 ) ),
 .UNSPECIFIED., .F., .F., .F.,
 ( 4, 1, 1, 1, 1, 1, 1, 1, 4 ),
 ( 2, 2 ),
 ( 0.0000000000000000000, 0.1496117842610374900, 0.2898269702491301800, 0.4202527986886147000, 0.5435553763038720700, 0.6600707604152098500, 0.7725083097551311800, 0.8864245107506991700, 1.000000000000000000 ),
 ( 0.0000000000000000000, 1.000000000000000000 ),
 .UNSPECIFIED. ) ;
#652 = B_SPLINE_SURFACE_WITH_KNOTS ( 'NONE', 3, 1, ( 
 ( #5179, #5180 ),
 ( #5181, #5182 ),
 ( #5183, #5184 ),
 ( #5185, #5186 ),
 ( #5187, #5188 ),
 ( #5189, #5190 ),
 ( #5191, #5192 ),
 ( #5193, #5194 ),
 ( #5195, #5196 ),
 ( #5197, #5198 ),
 ( #5199, #5200 ) ),
 .UNSPECIFIED., .F., .F., .F.,
 ( 4, 1, 1, 1, 1, 1, 1, 1, 4 ),
 ( 2, 2 ),
 ( 0.0000000000000000000, 0.1135112016875979400, 0.2236803157178707500, 0.3359646505523277100, 0.4479949013143926200, 0.5664431601244546100, 0.6976342157988001400, 0.8422065944005696600, 1.000000000000000000 ),
 ( 0.0000000000000000000, 1.000000000000000000 ),
 .UNSPECIFIED. ) ;
#653 = B_SPLINE_SURFACE_WITH_KNOTS ( 'NONE', 3, 1, ( 
 ( #5205, #5206 ),
 ( #5207, #5208 ),
 ( #5209, #5210 ),
 ( #5211, #5212 ),
 ( #5213, #5214 ),
 ( #5215, #5216 ),
 ( #5217, #5218 ),
 ( #5219, #5220 ),
 ( #5221, #5222 ),
 ( #5223, #5224 ),
 ( #5225, #5226 ),
 ( #5227, #5228 ),
 ( #5229, #5230 ),
 ( #5231, #5232 ),
 ( #5233, #5234 ),
 ( #5235, #5236 ),
 ( #5237, #5238 ),
 ( #5239, #5240 ),
 ( #5241, #5242 ) ),
 .UNSPECIFIED., .F., .F., .F.,
 ( 4, 1, 1, 1, 1, 1, 1, 1, 1, 1, 1, 1, 1, 1, 1, 1, 4 ),
 ( 2, 2 ),
 ( 0.0000000000000000000, 0.07243898868694566300, 0.1419268155084490700, 0.2092103859180291500, 0.2741352922407508400, 0.3375834463400764800, 0.3994336624145257700, 0.4598795855964430400, 0.5200368913527144700, 0.5795813732605067400, 0.6389831639361022200, 0.6973935936658177700, 0.7566790432001747600, 0.8160008738512643000, 0.8763968053192637800, 0.9371394469053543300, 1.000000000000000000 ),
 ( 0.0000000000000000000, 1.000000000000000000 ),
 .UNSPECIFIED. ) ;
#654 = B_SPLINE_SURFACE_WITH_KNOTS ( 'NONE', 3, 1, ( 
 ( #5243, #5244 ),
 ( #5245, #5246 ),
 ( #5247, #5248 ),
 ( #5249, #5250 ),
 ( #5251, #5252 ),
 ( #5253, #5254 ),
 ( #5255, #5256 ),
 ( #5257, #5258 ),
 ( #5259, #5260 ),
 ( #5261, #5262 ),
 ( #5263, #5264 ) ),
 .UNSPECIFIED., .F., .F., .F.,
 ( 4, 1, 1, 1, 1, 1, 1, 1, 4 ),
 ( 2, 2 ),
 ( 0.0000000000000000000, 0.1160772256306323200, 0.2303657728617300400, 0.3438971416030675000, 0.4590490982745299400, 0.5786845941694202000, 0.7080341743303594200, 0.8475952715750855200, 1.000000000000000000 ),
 ( 0.0000000000000000000, 1.000000000000000000 ),
 .UNSPECIFIED. ) ;
#655 = B_SPLINE_SURFACE_WITH_KNOTS ( 'NONE', 3, 1, ( 
 ( #5265, #5266 ),
 ( #5267, #5268 ),
 ( #5269, #5270 ),
 ( #5271, #5272 ),
 ( #5273, #5274 ),
 ( #5275, #5276 ),
 ( #5277, #5278 ),
 ( #5279, #5280 ),
 ( #5281, #5282 ),
 ( #5283, #5284 ),
 ( #5285, #5286 ) ),
 .UNSPECIFIED., .F., .F., .F.,
 ( 4, 1, 1, 1, 1, 1, 1, 1, 4 ),
 ( 2, 2 ),
 ( 0.0000000000000000000, 0.1600046077642779700, 0.3063079431000183500, 0.4401178161583324500, 0.5601603473862245600, 0.6724033947830578800, 0.7822494741524301800, 0.8912128214156215300, 1.000000000000000000 ),
 ( 0.0000000000000000000, 1.000000000000000000 ),
 .UNSPECIFIED. ) ;
#656 = B_SPLINE_SURFACE_WITH_KNOTS ( 'NONE', 3, 1, ( 
 ( #5323, #5324 ),
 ( #5325, #5326 ),
 ( #5327, #5328 ),
 ( #5329, #5330 ),
 ( #5331, #5332 ),
 ( #5333, #5334 ),
 ( #5335, #5336 ),
 ( #5337, #5338 ),
 ( #5339, #5340 ),
 ( #5341, #5342 ),
 ( #5343, #5344 ),
 ( #5345, #5346 ),
 ( #5347, #5348 ),
 ( #5349, #5350 ),
 ( #5351, #5352 ),
 ( #5353, #5354 ),
 ( #5355, #5356 ),
 ( #5357, #5358 ),
 ( #5359, #5360 ) ),
 .UNSPECIFIED., .F., .F., .F.,
 ( 4, 1, 1, 1, 1, 1, 1, 1, 1, 1, 1, 1, 1, 1, 1, 1, 4 ),
 ( 2, 2 ),
 ( 0.0000000000000000000, 0.08436756889715872600, 0.1641053835427701800, 0.2394177973068745400, 0.3107885420567243500, 0.3780536533916865100, 0.4421897119020511400, 0.5036013292921645000, 0.5628629200314905200, 0.6198519397051354100, 0.6745639064661290700, 0.7277516383804713000, 0.7802335869091894200, 0.8329982910580215900, 0.8866159079321217500, 0.9420786648935274300, 1.000000000000000000 ),
 ( 0.0000000000000000000, 1.000000000000000000 ),
 .UNSPECIFIED. ) ;
#657 = B_SPLINE_SURFACE_WITH_KNOTS ( 'NONE', 3, 1, ( 
 ( #5361, #5362 ),
 ( #5363, #5364 ),
 ( #5365, #5366 ),
 ( #5367, #5368 ),
 ( #5369, #5370 ),
 ( #5371, #5372 ),
 ( #5373, #5374 ),
 ( #5375, #5376 ),
 ( #5377, #5378 ),
 ( #5379, #5380 ),
 ( #5381, #5382 ),
 ( #5383, #5384 ),
 ( #5385, #5386 ),
 ( #5387, #5388 ),
 ( #5389, #5390 ),
 ( #5391, #5392 ),
 ( #5393, #5394 ),
 ( #5395, #5396 ),
 ( #5397, #5398 ) ),
 .UNSPECIFIED., .F., .F., .F.,
 ( 4, 1, 1, 1, 1, 1, 1, 1, 1, 1, 1, 1, 1, 1, 1, 1, 4 ),
 ( 2, 2 ),
 ( 0.0000000000000000000, 0.05852430250867245200, 0.1142421249778175100, 0.1681092554993327500, 0.2211096518362316600, 0.2735080908187753600, 0.3266111901407958200, 0.3812360989391424000, 0.4381344373918476500, 0.4973017307834767300, 0.5586156296924386100, 0.6225218740113237500, 0.6897799393543135900, 0.7609631655224357000, 0.8361557417867697700, 0.9157666772119885700, 1.000000000000000000 ),
 ( 0.0000000000000000000, 1.000000000000000000 ),
 .UNSPECIFIED. ) ;
#658 = B_SPLINE_SURFACE_WITH_KNOTS ( 'NONE', 3, 1, ( 
 ( #5399, #5400 ),
 ( #5401, #5402 ),
 ( #5403, #5404 ),
 ( #5405, #5406 ),
 ( #5407, #5408 ),
 ( #5409, #5410 ),
 ( #5411, #5412 ),
 ( #5413, #5414 ),
 ( #5415, #5416 ),
 ( #5417, #5418 ),
 ( #5419, #5420 ),
 ( #5421, #5422 ),
 ( #5423, #5424 ),
 ( #5425, #5426 ),
 ( #5427, #5428 ),
 ( #5429, #5430 ),
 ( #5431, #5432 ),
 ( #5433, #5434 ),
 ( #5435, #5436 ) ),
 .UNSPECIFIED., .F., .F., .F.,
 ( 4, 1, 1, 1, 1, 1, 1, 1, 1, 1, 1, 1, 1, 1, 1, 1, 4 ),
 ( 2, 2 ),
 ( 0.0000000000000000000, 0.08543712814780114700, 0.1655450653492593300, 0.2412731450133699400, 0.3130047259525427000, 0.3803891635937605700, 0.4446731193952456200, 0.5059516748221621900, 0.5650288738593602900, 0.6217166343916330500, 0.6764508406093934200, 0.7297199216389643700, 0.7817400554117284200, 0.8343825950696169800, 0.8876801875504470900, 0.9427585922071413100, 0.9999999999999998900 ),
 ( 0.0000000000000000000, 1.000000000000000000 ),
 .UNSPECIFIED. ) ;
#659 = B_SPLINE_SURFACE_WITH_KNOTS ( 'NONE', 3, 1, ( 
 ( #5437, #5438 ),
 ( #5439, #5440 ),
 ( #5441, #5442 ),
 ( #5443, #5444 ),
 ( #5445, #5446 ),
 ( #5447, #5448 ),
 ( #5449, #5450 ),
 ( #5451, #5452 ),
 ( #5453, #5454 ),
 ( #5455, #5456 ),
 ( #5457, #5458 ),
 ( #5459, #5460 ),
 ( #5461, #5462 ),
 ( #5463, #5464 ),
 ( #5465, #5466 ),
 ( #5467, #5468 ),
 ( #5469, #5470 ),
 ( #5471, #5472 ),
 ( #5473, #5474 ) ),
 .UNSPECIFIED., .F., .F., .F.,
 ( 4, 1, 1, 1, 1, 1, 1, 1, 1, 1, 1, 1, 1, 1, 1, 1, 4 ),
 ( 2, 2 ),
 ( 0.0000000000000000000, 0.05729492242291882300, 0.1120802993038471900, 0.1654277193667491600, 0.2177984450271141500, 0.2701691706874810900, 0.3232098622882446600, 0.3779952391691720500, 0.4347359967301832100, 0.4936755822752676400, 0.5550114266360300900, 0.6193554811011603400, 0.6867026479091025100, 0.7585012902495510400, 0.8343001676163150900, 0.9144829972215332600, 1.000000000000000000 ),
 ( 0.0000000000000000000, 1.000000000000000000 ),
 .UNSPECIFIED. ) ;
#660 = B_SPLINE_SURFACE_WITH_KNOTS ( 'NONE', 3, 1, ( 
 ( #5479, #5480 ),
 ( #5481, #5482 ),
 ( #5483, #5484 ),
 ( #5485, #5486 ),
 ( #5487, #5488 ),
 ( #5489, #5490 ),
 ( #5491, #5492 ),
 ( #5493, #5494 ),
 ( #5495, #5496 ),
 ( #5497, #5498 ),
 ( #5499, #5500 ) ),
 .UNSPECIFIED., .F., .F., .F.,
 ( 4, 1, 1, 1, 1, 1, 1, 1, 4 ),
 ( 2, 2 ),
 ( 0.0000000000000000000, 0.1222771393517771400, 0.2426478957669176700, 0.3645528958199151200, 0.4879944078353327700, 0.6127768858020199400, 0.7390035001634254200, 0.8673036449964207600, 1.000000000000000000 ),
 ( 0.0000000000000000000, 1.000000000000000000 ),
 .UNSPECIFIED. ) ;
#661 = B_SPLINE_SURFACE_WITH_KNOTS ( 'NONE', 3, 1, ( 
 ( #5501, #5502 ),
 ( #5503, #5504 ),
 ( #5505, #5506 ),
 ( #5507, #5508 ),
 ( #5509, #5510 ),
 ( #5511, #5512 ),
 ( #5513, #5514 ),
 ( #5515, #5516 ),
 ( #5517, #5518 ),
 ( #5519, #5520 ),
 ( #5521, #5522 ) ),
 .UNSPECIFIED., .F., .F., .F.,
 ( 4, 1, 1, 1, 1, 1, 1, 1, 4 ),
 ( 2, 2 ),
 ( 0.0000000000000000000, 0.1457701668129292000, 0.2844585821235541300, 0.4162060205845860000, 0.5426823525480175500, 0.6631805485205188900, 0.7792476700186106200, 0.8910729390317281300, 1.000000000000000000 ),
 ( 0.0000000000000000000, 1.000000000000000000 ),
 .UNSPECIFIED. ) ;
#662 = B_SPLINE_SURFACE_WITH_KNOTS ( 'NONE', 3, 1, ( 
 ( #5531, #5532 ),
 ( #5533, #5534 ),
 ( #5535, #5536 ),
 ( #5537, #5538 ),
 ( #5539, #5540 ),
 ( #5541, #5542 ),
 ( #5543, #5544 ),
 ( #5545, #5546 ),
 ( #5547, #5548 ),
 ( #5549, #5550 ),
 ( #5551, #5552 ) ),
 .UNSPECIFIED., .F., .F., .F.,
 ( 4, 1, 1, 1, 1, 1, 1, 1, 4 ),
 ( 2, 2 ),
 ( 0.0000000000000000000, 0.1433273978964173000, 0.2803958869360134700, 0.4127570269214289000, 0.5406191931560718800, 0.6632675511379694200, 0.7805268405879592900, 0.8926678225288408000, 1.000000000000000000 ),
 ( 0.0000000000000000000, 1.000000000000000000 ),
 .UNSPECIFIED. ) ;
#663 = B_SPLINE_SURFACE_WITH_KNOTS ( 'NONE', 3, 1, ( 
 ( #5553, #5554 ),
 ( #5555, #5556 ),
 ( #5557, #5558 ),
 ( #5559, #5560 ),
 ( #5561, #5562 ),
 ( #5563, #5564 ),
 ( #5565, #5566 ),
 ( #5567, #5568 ),
 ( #5569, #5570 ),
 ( #5571, #5572 ),
 ( #5573, #5574 ),
 ( #5575, #5576 ),
 ( #5577, #5578 ),
 ( #5579, #5580 ),
 ( #5581, #5582 ),
 ( #5583, #5584 ),
 ( #5585, #5586 ),
 ( #5587, #5588 ),
 ( #5589, #5590 ) ),
 .UNSPECIFIED., .F., .F., .F.,
 ( 4, 1, 1, 1, 1, 1, 1, 1, 1, 1, 1, 1, 1, 1, 1, 1, 4 ),
 ( 2, 2 ),
 ( 0.0000000000000000000, 0.06269641779893307700, 0.1232373877365017100, 0.1821650623458588300, 0.2402521717490143100, 0.2980756469197194900, 0.3563883647293250600, 0.4161034846529413400, 0.4778985949443219100, 0.5404603264055307700, 0.6025432278646832800, 0.6649878262650589200, 0.7280323246031311600, 0.7928051401295367300, 0.8594657897566009300, 0.9281502137331963900, 1.000000000000000000 ),
 ( 0.0000000000000000000, 1.000000000000000000 ),
 .UNSPECIFIED. ) ;
#664 = B_SPLINE_SURFACE_WITH_KNOTS ( 'NONE', 3, 1, ( 
 ( #5591, #5592 ),
 ( #5593, #5594 ),
 ( #5595, #5596 ),
 ( #5597, #5598 ),
 ( #5599, #5600 ),
 ( #5601, #5602 ),
 ( #5603, #5604 ),
 ( #5605, #5606 ),
 ( #5607, #5608 ),
 ( #5609, #5610 ),
 ( #5611, #5612 ),
 ( #5613, #5614 ),
 ( #5615, #5616 ),
 ( #5617, #5618 ),
 ( #5619, #5620 ),
 ( #5621, #5622 ),
 ( #5623, #5624 ),
 ( #5625, #5626 ),
 ( #5627, #5628 ) ),
 .UNSPECIFIED., .F., .F., .F.,
 ( 4, 1, 1, 1, 1, 1, 1, 1, 1, 1, 1, 1, 1, 1, 1, 1, 4 ),
 ( 2, 2 ),
 ( 0.0000000000000000000, 0.07484077472689051900, 0.1459276906739695500, 0.2134073542623027000, 0.2780496123628734600, 0.3396010845772676200, 0.3998120810118374100, 0.4576814130207295100, 0.5144782957318261300, 0.5710999466092865400, 0.6274312732493875200, 0.6849475038721977200, 0.7432871521877364400, 0.8037452029176231900, 0.8665156344999365200, 0.9316860931993544700, 1.000000000000000000 ),
 ( 0.0000000000000000000, 1.000000000000000000 ),
 .UNSPECIFIED. ) ;
#665 = B_SPLINE_SURFACE_WITH_KNOTS ( 'NONE', 3, 1, ( 
 ( #5629, #5630 ),
 ( #5631, #5632 ),
 ( #5633, #5634 ),
 ( #5635, #5636 ),
 ( #5637, #5638 ),
 ( #5639, #5640 ),
 ( #5641, #5642 ) ),
 .UNSPECIFIED., .F., .F., .F.,
 ( 4, 1, 1, 1, 4 ),
 ( 2, 2 ),
 ( 0.0000000000000000000, 0.2272856862439018300, 0.4683475620309441900, 0.7256817926751888400, 1.000000000000000000 ),
 ( 0.0000000000000000000, 1.000000000000000000 ),
 .UNSPECIFIED. ) ;
#666 = B_SPLINE_SURFACE_WITH_KNOTS ( 'NONE', 3, 1, ( 
 ( #5643, #5644 ),
 ( #5645, #5646 ),
 ( #5647, #5648 ),
 ( #5649, #5650 ),
 ( #5651, #5652 ),
 ( #5653, #5654 ),
 ( #5655, #5656 ),
 ( #5657, #5658 ),
 ( #5659, #5660 ),
 ( #5661, #5662 ),
 ( #5663, #5664 ) ),
 .UNSPECIFIED., .F., .F., .F.,
 ( 4, 1, 1, 1, 1, 1, 1, 1, 4 ),
 ( 2, 2 ),
 ( 0.0000000000000000000, 0.1513581679372824300, 0.2842568926042211000, 0.4016247117995301900, 0.5081392608195305400, 0.6150981072352671400, 0.7310840102245914600, 0.8590272006649332100, 1.000000000000000000 ),
 ( 0.0000000000000000000, 1.000000000000000000 ),
 .UNSPECIFIED. ) ;
#667 = B_SPLINE_SURFACE_WITH_KNOTS ( 'NONE', 3, 1, ( 
 ( #5665, #5666 ),
 ( #5667, #5668 ),
 ( #5669, #474 ),
 ( #475, #476 ),
 ( #477, #478 ),
 ( #479, #480 ),
 ( #481, #482 ),
 ( #483, #484 ),
 ( #485, #486 ),
 ( #487, #488 ),
 ( #489, #490 ),
 ( #491, #492 ),
 ( #493, #494 ),
 ( #495, #496 ),
 ( #497, #498 ),
 ( #499, #500 ),
 ( #501, #502 ),
 ( #503, #504 ),
 ( #505, #506 ) ),
 .UNSPECIFIED., .F., .F., .F.,
 ( 4, 1, 1, 1, 1, 1, 1, 1, 1, 1, 1, 1, 1, 1, 1, 1, 4 ),
 ( 2, 2 ),
 ( 0.0000000000000000000, 0.08148515513148499300, 0.1583627103935862100, 0.2310101669798778300, 0.3003051593370085800, 0.3668115908470245800, 0.4299466931144612600, 0.4911685245717046800, 0.5510233253377391200, 0.6091749727891293500, 0.6651083080072873700, 0.7190921441506005200, 0.7732297466354506300, 0.8277481735282643500, 0.8831905649820943600, 0.9403554336878631200, 1.000000000000000000 ),
 ( 0.0000000000000000000, 1.000000000000000000 ),
 .UNSPECIFIED. ) ;
#668 = B_SPLINE_SURFACE_WITH_KNOTS ( 'NONE', 3, 1, ( 
 ( #507, #508 ),
 ( #509, #510 ),
 ( #511, #512 ),
 ( #513, #514 ),
 ( #515, #516 ),
 ( #517, #518 ),
 ( #519, #520 ),
 ( #521, #522 ),
 ( #523, #524 ),
 ( #525, #526 ),
 ( #527, #528 ) ),
 .UNSPECIFIED., .F., .F., .F.,
 ( 4, 1, 1, 1, 1, 1, 1, 1, 4 ),
 ( 2, 2 ),
 ( 0.0000000000000000000, 0.1288871128326908300, 0.2571182188266267800, 0.3868502267100666900, 0.5190265413787273900, 0.6489652269713321900, 0.7712423277463825700, 0.8885118568809722300, 0.9999999999999998900 ),
 ( 0.0000000000000000000, 1.000000000000000000 ),
 .UNSPECIFIED. ) ;
#669 = B_SPLINE_SURFACE_WITH_KNOTS ( 'NONE', 3, 1, ( 
 ( #537, #538 ),
 ( #539, #540 ),
 ( #541, #542 ),
 ( #543, #544 ),
 ( #545, #546 ),
 ( #547, #548 ),
 ( #549, #550 ),
 ( #551, #552 ),
 ( #553, #554 ),
 ( #555, #556 ),
 ( #557, #558 ) ),
 .UNSPECIFIED., .F., .F., .F.,
 ( 4, 1, 1, 1, 1, 1, 1, 1, 4 ),
 ( 2, 2 ),
 ( 0.0000000000000000000, 0.1371382535293183500, 0.2683074236840042300, 0.3921945208785595500, 0.5111542049022684800, 0.6282915368450897600, 0.7488069049126217000, 0.8726436002424805500, 1.000000000000000000 ),
 ( 0.0000000000000000000, 1.000000000000000000 ),
 .UNSPECIFIED. ) ;
#670 = B_SPLINE_SURFACE_WITH_KNOTS ( 'NONE', 3, 1, ( 
 ( #559, #560 ),
 ( #561, #562 ),
 ( #563, #564 ),
 ( #565, #566 ),
 ( #567, #568 ),
 ( #569, #570 ),
 ( #571, #572 ),
 ( #573, #574 ),
 ( #575, #576 ),
 ( #577, #578 ),
 ( #579, #580 ) ),
 .UNSPECIFIED., .F., .F., .F.,
 ( 4, 1, 1, 1, 1, 1, 1, 1, 4 ),
 ( 2, 2 ),
 ( 0.0000000000000000000, 0.1123240478670788900, 0.2251736308804362100, 0.3401739602379905700, 0.4570938888561406600, 0.5796487309861299000, 0.7102500410409194900, 0.8500009625096592900, 1.000000000000000000 ),
 ( 0.0000000000000000000, 1.000000000000000000 ),
 .UNSPECIFIED. ) ;
#671 = B_SPLINE_SURFACE_WITH_KNOTS ( 'NONE', 3, 1, ( 
 ( #581, #582 ),
 ( #583, #584 ),
 ( #585, #586 ),
 ( #587, #588 ),
 ( #589, #590 ),
 ( #591, #592 ),
 ( #593, #594 ),
 ( #595, #596 ),
 ( #597, #598 ),
 ( #599, #600 ),
 ( #601, #602 ) ),
 .UNSPECIFIED., .F., .F., .F.,
 ( 4, 1, 1, 1, 1, 1, 1, 1, 4 ),
 ( 2, 2 ),
 ( 0.0000000000000000000, 0.1228048790217894500, 0.2468855089835885800, 0.3718446401774783700, 0.5004500733599118700, 0.6289290404625722500, 0.7545558216438893500, 0.8771951209782098400, 1.000000000000000000 ),
 ( 0.0000000000000000000, 1.000000000000000000 ),
 .UNSPECIFIED. ) ;
#672 = B_SPLINE_SURFACE_WITH_KNOTS ( 'NONE', 3, 1, ( 
 ( #603, #604 ),
 ( #605, #606 ),
 ( #607, #608 ),
 ( #609, #610 ),
 ( #611, #612 ),
 ( #613, #614 ),
 ( #615, #616 ),
 ( #617, #618 ),
 ( #619, #620 ),
 ( #621, #622 ),
 ( #623, #624 ),
 ( #625, #626 ),
 ( #627, #628 ),
 ( #629, #630 ),
 ( #631, #632 ),
 ( #633, #634 ),
 ( #635, #636 ),
 ( #5670, #5671 ),
 ( #5672, #5673 ) ),
 .UNSPECIFIED., .F., .F., .F.,
 ( 4, 1, 1, 1, 1, 1, 1, 1, 1, 1, 1, 1, 1, 1, 1, 1, 4 ),
 ( 2, 2 ),
 ( 0.0000000000000000000, 0.07050815297330287300, 0.1383163782636588300, 0.2031593777326915200, 0.2653346128907708700, 0.3253376927304424400, 0.3836644928466840800, 0.4400486527487976800, 0.4952782156860589000, 0.5507207486573486600, 0.6072729528639007100, 0.6654710337831989400, 0.7258377642752843500, 0.7890408396165098400, 0.8558027193120136800, 0.9258295079989046200, 0.9999999999999998900 ),
 ( 0.0000000000000000000, 1.000000000000000000 ),
 .UNSPECIFIED. ) ;
#673 = B_SPLINE_SURFACE_WITH_KNOTS ( 'NONE', 3, 1, ( 
 ( #5682, #5683 ),
 ( #5684, #5685 ),
 ( #5686, #5687 ),
 ( #5688, #5689 ),
 ( #5690, #5691 ),
 ( #5692, #5693 ),
 ( #5694, #5695 ),
 ( #5696, #5697 ),
 ( #5698, #5699 ),
 ( #5700, #5701 ),
 ( #5702, #5703 ) ),
 .UNSPECIFIED., .F., .F., .F.,
 ( 4, 1, 1, 1, 1, 1, 1, 1, 4 ),
 ( 2, 2 ),
 ( 0.0000000000000000000, 0.1556269711063313400, 0.2957970307510534600, 0.4208515074363102200, 0.5330099173427287300, 0.6397202427495498600, 0.7516833603283990000, 0.8711897471092914200, 0.9999999999999998900 ),
 ( 0.0000000000000000000, 1.000000000000000000 ),
 .UNSPECIFIED. ) ;
#674 = B_SPLINE_SURFACE_WITH_KNOTS ( 'NONE', 3, 1, ( 
 ( #5704, #5705 ),
 ( #5706, #5707 ),
 ( #5708, #5709 ),
 ( #5710, #5711 ),
 ( #5712, #5713 ),
 ( #5714, #5715 ),
 ( #5716, #5717 ),
 ( #5718, #5719 ),
 ( #5720, #5721 ),
 ( #5722, #5723 ),
 ( #5724, #5725 ) ),
 .UNSPECIFIED., .F., .F., .F.,
 ( 4, 1, 1, 1, 1, 1, 1, 1, 4 ),
 ( 2, 2 ),
 ( 0.0000000000000000000, 0.09794834232188577600, 0.2000848291071618800, 0.3085422290067205700, 0.4240640375986307100, 0.5490328908556997300, 0.6873600595659438200, 0.8368626202273008500, 1.000000000000000000 ),
 ( 0.0000000000000000000, 1.000000000000000000 ),
 .UNSPECIFIED. ) ;
#675 = B_SPLINE_SURFACE_WITH_KNOTS ( 'NONE', 3, 1, ( 
 ( #5738, #5739 ),
 ( #5740, #5741 ),
 ( #5742, #5743 ),
 ( #5744, #5745 ),
 ( #5746, #5747 ),
 ( #5748, #5749 ),
 ( #5750, #5751 ),
 ( #5752, #5753 ),
 ( #5754, #5755 ),
 ( #5756, #5757 ),
 ( #5758, #5759 ) ),
 .UNSPECIFIED., .F., .F., .F.,
 ( 4, 1, 1, 1, 1, 1, 1, 1, 4 ),
 ( 2, 2 ),
 ( 0.0000000000000000000, 0.1717943297225881500, 0.3272923836299899100, 0.4667600869445193100, 0.5914535910118191600, 0.7038366373276565600, 0.8081447016961488300, 0.9062327641021112900, 1.000000000000000000 ),
 ( 0.0000000000000000000, 1.000000000000000000 ),
 .UNSPECIFIED. ) ;
#676 = B_SPLINE_SURFACE_WITH_KNOTS ( 'NONE', 3, 1, ( 
 ( #5760, #5761 ),
 ( #5762, #5763 ),
 ( #5764, #5765 ),
 ( #5766, #5767 ),
 ( #5768, #5769 ),
 ( #5770, #5771 ),
 ( #5772, #5773 ),
 ( #5774, #5775 ),
 ( #5776, #5777 ),
 ( #5778, #5779 ),
 ( #5780, #5781 ) ),
 .UNSPECIFIED., .F., .F., .F.,
 ( 4, 1, 1, 1, 1, 1, 1, 1, 4 ),
 ( 2, 2 ),
 ( 0.0000000000000000000, 0.1250257353094156300, 0.2438143398948091300, 0.3587245394303679700, 0.4709170225857897100, 0.5863144760364124000, 0.7108328651274158400, 0.8487495167574893300, 1.000000000000000000 ),
 ( 0.0000000000000000000, 1.000000000000000000 ),
 .UNSPECIFIED. ) ;
#677 = B_SPLINE_SURFACE_WITH_KNOTS ( 'NONE', 3, 1, ( 
 ( #5782, #5783 ),
 ( #5784, #5785 ),
 ( #5786, #5787 ),
 ( #5788, #5789 ),
 ( #5790, #5791 ),
 ( #5792, #5793 ),
 ( #5794, #5795 ),
 ( #5796, #5797 ),
 ( #5798, #5799 ),
 ( #5800, #5801 ),
 ( #5802, #5803 ) ),
 .UNSPECIFIED., .F., .F., .F.,
 ( 4, 1, 1, 1, 1, 1, 1, 1, 4 ),
 ( 2, 2 ),
 ( 0.0000000000000000000, 0.1503103030902401500, 0.2882868883487260100, 0.4177296430143342400, 0.5378569888759484600, 0.6526356275655405000, 0.7660659387415272900, 0.8818455189960055000, 1.000000000000000000 ),
 ( 0.0000000000000000000, 1.000000000000000000 ),
 .UNSPECIFIED. ) ;
#678 = B_SPLINE_SURFACE_WITH_KNOTS ( 'NONE', 3, 1, ( 
 ( #5804, #5805 ),
 ( #5806, #5807 ),
 ( #5808, #5809 ),
 ( #5810, #5811 ),
 ( #5812, #5813 ),
 ( #5814, #5815 ),
 ( #5816, #5817 ),
 ( #5818, #5819 ),
 ( #5820, #5821 ),
 ( #5822, #5823 ),
 ( #5824, #5825 ) ),
 .UNSPECIFIED., .F., .F., .F.,
 ( 4, 1, 1, 1, 1, 1, 1, 1, 4 ),
 ( 2, 2 ),
 ( 0.0000000000000000000, 0.09874654301149028700, 0.2002867347978611000, 0.3072879817624824000, 0.4213569529759639300, 0.5459536630534883600, 0.6828296798409512200, 0.8345746618632822200, 0.9999999999999998900 ),
 ( 0.0000000000000000000, 1.000000000000000000 ),
 .UNSPECIFIED. ) ;
#679 = EDGE_CURVE ( 'NONE', #4248, #4253, #4282, .T. ) ;
#680 = EDGE_CURVE ( 'NONE', #4279, #4276, #4284, .T. ) ;
#681 = EDGE_CURVE ( 'NONE', #4256, #4258, #4285, .T. ) ;
#682 = EDGE_CURVE ( 'NONE', #4257, #4258, #210, .T. ) ;
#683 = EDGE_CURVE ( 'NONE', #4246, #4257, #4286, .T. ) ;
#684 = EDGE_CURVE ( 'NONE', #4246, #4256, #208, .T. ) ;
#685 = EDGE_CURVE ( 'NONE', #4256, #4252, #209, .T. ) ;
#686 = ADVANCED_FACE ( 'NONE', ( #4287 ), #2793, .T. ) ;
#687 = ADVANCED_FACE ( 'NONE', ( #4283 ), #2797, .T. ) ;
#688 = ADVANCED_FACE ( 'NONE', ( #4288 ), #8811, .T. ) ;
#689 = ADVANCED_FACE ( 'NONE', ( #4289 ), #8812, .T. ) ;
#690 = ADVANCED_FACE ( 'NONE', ( #4290 ), #2841, .T. ) ;
#691 = ADVANCED_FACE ( 'NONE', ( #4291 ), #2845, .T. ) ;
#692 = EDGE_CURVE ( 'NONE', #1721, #1933, #4292, .T. ) ;
#693 = EDGE_CURVE ( 'NONE', #1720, #1980, #4293, .T. ) ;
#694 = EDGE_CURVE ( 'NONE', #4252, #4251, #212, .T. ) ;
#695 = EDGE_CURVE ( 'NONE', #3522, #1998, #4294, .T. ) ;
#696 = EDGE_CURVE ( 'NONE', #3520, #2003, #4295, .T. ) ;
#697 = ADVANCED_FACE ( 'NONE', ( #4296 ), #8813, .T. ) ;
#698 = ADVANCED_FACE ( 'NONE', ( #4297 ), #8814, .T. ) ;
#699 = ADVANCED_FACE ( 'NONE', ( #4298 ), #2928, .T. ) ;
#700 = EDGE_CURVE ( 'NONE', #4276, #1969, #4299, .T. ) ;
#701 = EDGE_CURVE ( 'NONE', #3055, #1951, #4300, .T. ) ;
#702 = EDGE_CURVE ( 'NONE', #1948, #4270, #198, .T. ) ;
#703 = ADVANCED_FACE ( 'NONE', ( #4301 ), #8815, .T. ) ;
#704 = EDGE_CURVE ( 'NONE', #4249, #4254, #4302, .T. ) ;
#705 = EDGE_CURVE ( 'NONE', #1732, #1974, #4303, .T. ) ;
#706 = EDGE_CURVE ( 'NONE', #4251, #4250, #4304, .T. ) ;
#707 = EDGE_CURVE ( 'NONE', #4250, #4249, #4305, .T. ) ;
#708 = EDGE_CURVE ( 'NONE', #4248, #4246, #203, .T. ) ;
#709 = EDGE_CURVE ( 'NONE', #4249, #4248, #4306, .T. ) ;
#710 = EDGE_CURVE ( 'NONE', #4274, #4279, #211, .T. ) ;
#711 = EDGE_CURVE ( 'NONE', #4281, #1953, #4307, .T. ) ;
#712 = ADVANCED_FACE ( 'NONE', ( #4308 ), #8816, .T. ) ;
#713 = ADVANCED_FACE ( 'NONE', ( #4309 ), #2017, .F. ) ;
#714 = EDGE_CURVE ( 'NONE', #4250, #4255, #4310, .T. ) ;
#715 = EDGE_CURVE ( 'NONE', #1988, #4280, #4312, .T. ) ;
#716 = ADVANCED_FACE ( 'NONE', ( #4313 ), #2025, .T. ) ;
#717 = ADVANCED_FACE ( 'NONE', ( #4311 ), #8817, .T. ) ;
#718 = EDGE_CURVE ( 'NONE', #4272, #4274, #213, .T. ) ;
#719 = EDGE_CURVE ( 'NONE', #1975, #4277, #4314, .T. ) ;
#720 = EDGE_CURVE ( 'NONE', #4276, #4275, #4315, .T. ) ;
#721 = EDGE_CURVE ( 'NONE', #4270, #4280, #205, .T. ) ;
#722 = EDGE_CURVE ( 'NONE', #1719, #1978, #4316, .T. ) ;
#723 = EDGE_CURVE ( 'NONE', #1731, #1726, #207, .T. ) ;
#724 = EDGE_CURVE ( 'NONE', #1720, #1721, #202, .T. ) ;
#725 = EDGE_CURVE ( 'NONE', #4263, #4265, #4317, .T. ) ;
#726 = EDGE_CURVE ( 'NONE', #4259, #4255, #4318, .T. ) ;
#727 = EDGE_CURVE ( 'NONE', #4277, #1948, #197, .T. ) ;
#728 = EDGE_CURVE ( 'NONE', #4271, #1963, #4319, .T. ) ;
#729 = EDGE_CURVE ( 'NONE', #4267, #4271, #4320, .T. ) ;
#730 = EDGE_CURVE ( 'NONE', #4267, #1962, #4321, .T. ) ;
#731 = EDGE_CURVE ( 'NONE', #4268, #4267, #4322, .T. ) ;
#732 = EDGE_CURVE ( 'NONE', #4268, #1964, #4323, .T. ) ;
#733 = EDGE_CURVE ( 'NONE', #4269, #4268, #4324, .T. ) ;
#734 = EDGE_CURVE ( 'NONE', #4269, #1965, #4325, .T. ) ;
#735 = EDGE_CURVE ( 'NONE', #4266, #4269, #4326, .T. ) ;
#736 = EDGE_CURVE ( 'NONE', #4266, #1967, #4327, .T. ) ;
#737 = EDGE_CURVE ( 'NONE', #4280, #4277, #204, .T. ) ;
#738 = EDGE_CURVE ( 'NONE', #4275, #1966, #4328, .T. ) ;
#739 = ADVANCED_FACE ( 'NONE', ( #4329 ), #8818, .T. ) ;
#740 = EDGE_CURVE ( 'NONE', #1719, #1720, #206, .T. ) ;
#741 = ADVANCED_FACE ( 'NONE', ( #4331 ), #2240, .T. ) ;
#742 = ADVANCED_FACE ( 'NONE', ( #4330 ), #2244, .T. ) ;
#743 = EDGE_CURVE ( 'NONE', #4274, #1940, #4332, .T. ) ;
#744 = EDGE_CURVE ( 'NONE', #4252, #4260, #4333, .T. ) ;
#745 = ADVANCED_FACE ( 'NONE', ( #4334 ), #8819, .T. ) ;
#746 = EDGE_CURVE ( 'NONE', #1731, #1950, #4335, .T. ) ;
#747 = EDGE_CURVE ( 'NONE', #1900, #1881, #427, .T. ) ;
#748 = EDGE_CURVE ( 'NONE', #1727, #1991, #4336, .T. ) ;
#749 = EDGE_CURVE ( 'NONE', #4281, #1725, #4337, .T. ) ;
#750 = EDGE_CURVE ( 'NONE', #3523, #2000, #4338, .T. ) ;
#751 = EDGE_CURVE ( 'NONE', #1725, #1972, #4339, .T. ) ;
#752 = EDGE_CURVE ( 'NONE', #4253, #4257, #200, .T. ) ;
#753 = EDGE_CURVE ( 'NONE', #1903, #1904, #4340, .T. ) ;
#754 = EDGE_CURVE ( 'NONE', #4271, #4273, #4341, .T. ) ;
#755 = EDGE_CURVE ( 'NONE', #3522, #3523, #214, .T. ) ;
#756 = EDGE_CURVE ( 'NONE', #4258, #4260, #199, .T. ) ;
#757 = EDGE_CURVE ( 'NONE', #4260, #4259, #215, .T. ) ;
#758 = ADVANCED_FACE ( 'NONE', ( #4342 ), #643, .T. ) ;
#759 = EDGE_CURVE ( 'NONE', #4273, #4272, #216, .T. ) ;
#760 = EDGE_CURVE ( 'NONE', #3523, #3520, #4343, .T. ) ;
#761 = EDGE_CURVE ( 'NONE', #1725, #1719, #217, .T. ) ;
#762 = EDGE_CURVE ( 'NONE', #4261, #1853, #4344, .T. ) ;
#763 = EDGE_CURVE ( 'NONE', #4251, #4259, #4345, .T. ) ;
#764 = EDGE_CURVE ( 'NONE', #1726, #3055, #201, .T. ) ;
#765 = ADVANCED_FACE ( 'NONE', ( #4346 ), #642, .T. ) ;
#766 = ADVANCED_FACE ( 'NONE', ( #4347 ), #641, .T. ) ;
#767 = EDGE_CURVE ( 'NONE', #4265, #4264, #4348, .T. ) ;
#768 = EDGE_CURVE ( 'NONE', #1727, #1732, #220, .T. ) ;
#769 = EDGE_CURVE ( 'NONE', #1977, #4245, #218, .T. ) ;
#770 = ADVANCED_FACE ( 'NONE', ( #4349 ), #640, .T. ) ;
#771 = EDGE_CURVE ( 'NONE', #1729, #1949, #4350, .T. ) ;
#772 = EDGE_CURVE ( 'NONE', #4279, #1968, #4351, .T. ) ;
#773 = EDGE_CURVE ( 'NONE', #4263, #1858, #4352, .T. ) ;
#774 = EDGE_CURVE ( 'NONE', #1906, #1904, #468, .T. ) ;
#775 = EDGE_CURVE ( 'NONE', #3520, #1728, #4353, .T. ) ;
#776 = EDGE_CURVE ( 'NONE', #4261, #4263, #4354, .T. ) ;
#777 = ADVANCED_FACE ( 'NONE', ( #4355 ), #639, .T. ) ;
#778 = EDGE_CURVE ( 'NONE', #1729, #1731, #219, .T. ) ;
#779 = EDGE_CURVE ( 'NONE', #4265, #1859, #4356, .T. ) ;
#780 = EDGE_CURVE ( 'NONE', #1730, #1727, #222, .T. ) ;
#781 = EDGE_CURVE ( 'NONE', #1901, #1902, #443, .T. ) ;
#782 = EDGE_CURVE ( 'NONE', #1730, #4220, #4357, .T. ) ;
#783 = EDGE_CURVE ( 'NONE', #1721, #3525, #223, .T. ) ;
#784 = EDGE_CURVE ( 'NONE', #1728, #1730, #221, .T. ) ;
#785 = EDGE_CURVE ( 'NONE', #1881, #1902, #4358, .T. ) ;
#786 = EDGE_CURVE ( 'NONE', #4245, #1988, #224, .T. ) ;
#787 = EDGE_CURVE ( 'NONE', #1728, #2005, #4359, .T. ) ;
#788 = EDGE_CURVE ( 'NONE', #4273, #1959, #4360, .T. ) ;
#789 = EDGE_CURVE ( 'NONE', #1726, #1952, #4361, .T. ) ;
#790 = ADVANCED_FACE ( 'NONE', ( #4362 ), #638, .T. ) ;
#791 = ADVANCED_FACE ( 'NONE', ( #4363 ), #637, .T. ) ;
#792 = EDGE_CURVE ( 'NONE', #1900, #1901, #4364, .T. ) ;
#793 = EDGE_CURVE ( 'NONE', #4272, #1960, #4366, .T. ) ;
#794 = ADVANCED_FACE ( 'NONE', ( #4367 ), #4802, .T. ) ;
#795 = EDGE_CURVE ( 'NONE', #1905, #1906, #4365, .T. ) ;
#796 = EDGE_CURVE ( 'NONE', #4245, #4270, #4368, .T. ) ;
#797 = EDGE_CURVE ( 'NONE', #4254, #4253, #4369, .T. ) ;
#798 = EDGE_CURVE ( 'NONE', #1732, #1729, #226, .T. ) ;
#799 = EDGE_CURVE ( 'NONE', #4255, #4254, #4370, .T. ) ;
#800 = EDGE_CURVE ( 'NONE', #1977, #1948, #4371, .T. ) ;
#801 = EDGE_CURVE ( 'NONE', #4275, #4266, #4372, .T. ) ;
#802 = ADVANCED_FACE ( 'NONE', ( #4373 ), #645, .T. ) ;
#803 = EDGE_CURVE ( 'NONE', #3055, #4281, #4374, .T. ) ;
#804 = ADVANCED_FACE ( 'NONE', ( #4375 ), #644, .T. ) ;
#805 = ADVANCED_FACE ( 'NONE', ( #4376 ), #4887, .T. ) ;
#806 = ADVANCED_FACE ( 'NONE', ( #4377 ), #4891, .T. ) ;
#807 = EDGE_CURVE ( 'NONE', #1975, #1977, #225, .T. ) ;
#808 = EDGE_CURVE ( 'NONE', #1988, #1975, #227, .T. ) ;
#809 = ADVANCED_FACE ( 'NONE', ( #4379 ), #4933, .T. ) ;
#810 = ADVANCED_FACE ( 'NONE', ( #4378 ), #4937, .T. ) ;
#811 = ADVANCED_FACE ( 'NONE', ( #4380 ), #4941, .T. ) ;
#812 = ADVANCED_FACE ( 'NONE', ( #4381 ), #4945, .T. ) ;
#813 = ADVANCED_FACE ( 'NONE', ( #4382 ), #4949, .T. ) ;
#814 = ADVANCED_FACE ( 'NONE', ( #4383 ), #4953, .T. ) ;
#815 = ADVANCED_FACE ( 'NONE', ( #4384 ), #4957, .T. ) ;
#816 = ADVANCED_FACE ( 'NONE', ( #4385 ), #4961, .T. ) ;
#817 = ADVANCED_FACE ( 'NONE', ( #4386 ), #4965, .T. ) ;
#818 = ADVANCED_FACE ( 'NONE', ( #4387 ), #4969, .T. ) ;
#819 = ADVANCED_FACE ( 'NONE', ( #4388 ), #4973, .T. ) ;
#820 = ADVANCED_FACE ( 'NONE', ( #4389, #4390 ), #4977, .F. ) ;
#821 = ADVANCED_FACE ( 'NONE', ( #4391 ), #4981, .T. ) ;
#822 = ADVANCED_FACE ( 'NONE', ( #4392 ), #4985, .T. ) ;
#823 = ADVANCED_FACE ( 'NONE', ( #4393 ), #4989, .T. ) ;
#824 = ADVANCED_FACE ( 'NONE', ( #4394 ), #4993, .T. ) ;
#825 = ADVANCED_FACE ( 'NONE', ( #4395 ), #4997, .T. ) ;
#826 = ADVANCED_FACE ( 'NONE', ( #4396 ), #5001, .T. ) ;
#827 = ADVANCED_FACE ( 'NONE', ( #4397 ), #5005, .T. ) ;
#828 = ADVANCED_FACE ( 'NONE', ( #4398 ), #5009, .T. ) ;
#829 = ADVANCED_FACE ( 'NONE', ( #4399 ), #5013, .T. ) ;
#830 = ADVANCED_FACE ( 'NONE', ( #4400 ), #5017, .T. ) ;
#831 = ADVANCED_FACE ( 'NONE', ( #4401 ), #646, .T. ) ;
#832 = ADVANCED_FACE ( 'NONE', ( #4402 ), #647, .T. ) ;
#833 = ADVANCED_FACE ( 'NONE', ( #4403 ), #5065, .T. ) ;
#834 = ADVANCED_FACE ( 'NONE', ( #4404 ), #5069, .T. ) ;
#835 = ADVANCED_FACE ( 'NONE', ( #4405 ), #648, .T. ) ;
#836 = ADVANCED_FACE ( 'NONE', ( #4406 ), #649, .T. ) ;
#837 = ADVANCED_FACE ( 'NONE', ( #4407, #4408, #4409 ), #5117, .T. ) ;
#838 = ADVANCED_FACE ( 'NONE', ( #4410 ), #650, .T. ) ;
#839 = ADVANCED_FACE ( 'NONE', ( #4411 ), #5143, .T. ) ;
#840 = ADVANCED_FACE ( 'NONE', ( #4412 ), #4413, .F. ) ;
#841 = ADVANCED_FACE ( 'NONE', ( #4414 ), #4415, .F. ) ;
#842 = ADVANCED_FACE ( 'NONE', ( #4416 ), #5153, .T. ) ;
#843 = ADVANCED_FACE ( 'NONE', ( #4417 ), #651, .T. ) ;
#844 = ADVANCED_FACE ( 'NONE', ( #4418 ), #652, .T. ) ;
#845 = ADVANCED_FACE ( 'NONE', ( #4419, #4420 ), #5201, .T. ) ;
#846 = ADVANCED_FACE ( 'NONE', ( #4421 ), #653, .T. ) ;
#847 = ADVANCED_FACE ( 'NONE', ( #4422 ), #654, .T. ) ;
#848 = ADVANCED_FACE ( 'NONE', ( #4423 ), #655, .T. ) ;
#849 = ADVANCED_FACE ( 'NONE', ( #4424 ), #5287, .T. ) ;
#850 = ADVANCED_FACE ( 'NONE', ( #4425 ), #5291, .T. ) ;
#851 = ADVANCED_FACE ( 'NONE', ( #4426 ), #5295, .T. ) ;
#852 = ADVANCED_FACE ( 'NONE', ( #4427 ), #5299, .T. ) ;
#853 = ADVANCED_FACE ( 'NONE', ( #4428 ), #5303, .T. ) ;
#854 = ADVANCED_FACE ( 'NONE', ( #4429 ), #5307, .T. ) ;
#855 = ADVANCED_FACE ( 'NONE', ( #4430 ), #5311, .T. ) ;
#856 = ADVANCED_FACE ( 'NONE', ( #4431 ), #5315, .T. ) ;
#857 = ADVANCED_FACE ( 'NONE', ( #4432 ), #5319, .T. ) ;
#858 = ADVANCED_FACE ( 'NONE', ( #4433 ), #656, .T. ) ;
#859 = ADVANCED_FACE ( 'NONE', ( #4434 ), #657, .T. ) ;
#860 = ADVANCED_FACE ( 'NONE', ( #4435 ), #658, .T. ) ;
#861 = ADVANCED_FACE ( 'NONE', ( #4436 ), #659, .T. ) ;
#862 = ADVANCED_FACE ( 'NONE', ( #4437, #4438 ), #5475, .T. ) ;
#863 = ADVANCED_FACE ( 'NONE', ( #4439 ), #660, .T. ) ;
#864 = ADVANCED_FACE ( 'NONE', ( #4440 ), #661, .T. ) ;
#865 = ADVANCED_FACE ( 'NONE', ( #4441 ), #5523, .T. ) ;
#866 = ADVANCED_FACE ( 'NONE', ( #4442 ), #5527, .T. ) ;
#867 = ADVANCED_FACE ( 'NONE', ( #4443 ), #662, .T. ) ;
#868 = ADVANCED_FACE ( 'NONE', ( #4444 ), #663, .T. ) ;
#869 = ADVANCED_FACE ( 'NONE', ( #4445 ), #664, .T. ) ;
#870 = ADVANCED_FACE ( 'NONE', ( #4446 ), #665, .T. ) ;
#871 = ADVANCED_FACE ( 'NONE', ( #4447 ), #666, .T. ) ;
#872 = ADVANCED_FACE ( 'NONE', ( #4448 ), #667, .T. ) ;
#873 = ADVANCED_FACE ( 'NONE', ( #4449 ), #668, .T. ) ;
#874 = ADVANCED_FACE ( 'NONE', ( #4450 ), #529, .T. ) ;
#875 = ADVANCED_FACE ( 'NONE', ( #4451 ), #533, .T. ) ;
#876 = ADVANCED_FACE ( 'NONE', ( #4452 ), #669, .T. ) ;
#877 = ADVANCED_FACE ( 'NONE', ( #4453 ), #670, .T. ) ;
#878 = ADVANCED_FACE ( 'NONE', ( #4454 ), #671, .T. ) ;
#879 = ADVANCED_FACE ( 'NONE', ( #4455 ), #672, .T. ) ;
#880 = ADVANCED_FACE ( 'NONE', ( #4456 ), #5674, .T. ) ;
#881 = ADVANCED_FACE ( 'NONE', ( #4457 ), #5678, .T. ) ;
#882 = ADVANCED_FACE ( 'NONE', ( #4458 ), #673, .T. ) ;
#883 = ADVANCED_FACE ( 'NONE', ( #4459 ), #674, .T. ) ;
#884 = ADVANCED_FACE ( 'NONE', ( #4460 ), #5726, .T. ) ;
#885 = ADVANCED_FACE ( 'NONE', ( #4461 ), #5730, .T. ) ;
#886 = ADVANCED_FACE ( 'NONE', ( #4462 ), #5734, .T. ) ;
#887 = ADVANCED_FACE ( 'NONE', ( #4463 ), #675, .T. ) ;
#888 = ADVANCED_FACE ( 'NONE', ( #4464 ), #676, .T. ) ;
#889 = ADVANCED_FACE ( 'NONE', ( #4465 ), #677, .T. ) ;
#890 = ADVANCED_FACE ( 'NONE', ( #4466 ), #678, .T. ) ;
#891 = EDGE_CURVE ( 'NONE', #1845, #1850, #228, .T. ) ;
#892 =( GEOMETRIC_REPRESENTATION_CONTEXT ( 3 ) GLOBAL_UNCERTAINTY_ASSIGNED_CONTEXT ( ( #193 ) ) GLOBAL_UNIT_ASSIGNED_CONTEXT ( ( #10032, #10033, #10034 ) ) REPRESENTATION_CONTEXT ( 'NONE', 'WORKASPACE' ) );
#893 = ADVANCED_FACE ( 'NONE', ( #4468 ), #5837, .T. ) ;
#894 = ADVANCED_FACE ( 'NONE', ( #4467 ), #5841, .T. ) ;
#895 = EDGE_CURVE ( 'NONE', #1880, #1877, #251, .T. ) ;
#896 = EDGE_CURVE ( 'NONE', #1880, #1882, #4469, .T. ) ;
#897 = EDGE_CURVE ( 'NONE', #1883, #1882, #262, .T. ) ;
#898 = EDGE_CURVE ( 'NONE', #1877, #1883, #4470, .T. ) ;
#899 = EDGE_CURVE ( 'NONE', #1884, #1886, #4471, .T. ) ;
#900 = EDGE_CURVE ( 'NONE', #1884, #1885, #266, .T. ) ;
#901 = EDGE_CURVE ( 'NONE', #1887, #1886, #269, .T. ) ;
#902 = EDGE_CURVE ( 'NONE', #1885, #1887, #4472, .T. ) ;
#903 = EDGE_CURVE ( 'NONE', #1889, #1890, #4473, .T. ) ;
#904 = EDGE_CURVE ( 'NONE', #1888, #1889, #4474, .T. ) ;
#905 = EDGE_CURVE ( 'NONE', #1891, #1892, #4475, .T. ) ;
#906 = EDGE_CURVE ( 'NONE', #1892, #1893, #4476, .T. ) ;
#907 = EDGE_CURVE ( 'NONE', #1893, #1894, #4477, .T. ) ;
#908 = EDGE_CURVE ( 'NONE', #1894, #1895, #4478, .T. ) ;
#909 = EDGE_CURVE ( 'NONE', #1895, #1896, #4479, .T. ) ;
#910 = EDGE_CURVE ( 'NONE', #1896, #1897, #231, .T. ) ;
#911 = EDGE_CURVE ( 'NONE', #1897, #1898, #230, .T. ) ;
#912 = EDGE_CURVE ( 'NONE', #1898, #1899, #4480, .T. ) ;
#913 = EDGE_CURVE ( 'NONE', #1873, #1878, #233, .T. ) ;
#914 = EDGE_CURVE ( 'NONE', #1899, #1888, #4481, .T. ) ;
#915 = EDGE_CURVE ( 'NONE', #1876, #1873, #4482, .T. ) ;
#916 = EDGE_CURVE ( 'NONE', #1878, #1879, #232, .T. ) ;
#917 = EDGE_CURVE ( 'NONE', #1879, #1872, #234, .T. ) ;
#918 = EDGE_CURVE ( 'NONE', #1872, #1869, #4483, .T. ) ;
#919 = EDGE_CURVE ( 'NONE', #1869, #1874, #4484, .T. ) ;
#920 = EDGE_CURVE ( 'NONE', #1874, #1875, #4485, .T. ) ;
#921 = EDGE_CURVE ( 'NONE', #1875, #1868, #236, .T. ) ;
#922 = EDGE_CURVE ( 'NONE', #1868, #1865, #229, .T. ) ;
#923 = EDGE_CURVE ( 'NONE', #1871, #1864, #238, .T. ) ;
#924 = EDGE_CURVE ( 'NONE', #1865, #1876, #8822, .T. ) ;
#925 = EDGE_CURVE ( 'NONE', #1870, #1871, #4486, .T. ) ;
#926 = EDGE_CURVE ( 'NONE', #1864, #1861, #235, .T. ) ;
#927 = EDGE_CURVE ( 'NONE', #1861, #1866, #237, .T. ) ;
#928 = EDGE_CURVE ( 'NONE', #1866, #1867, #4487, .T. ) ;
#929 = EDGE_CURVE ( 'NONE', #1867, #1860, #4488, .T. ) ;
#930 = EDGE_CURVE ( 'NONE', #1860, #1857, #4489, .T. ) ;
#931 = EDGE_CURVE ( 'NONE', #1857, #1862, #153, .T. ) ;
#932 = EDGE_CURVE ( 'NONE', #1862, #1863, #152, .T. ) ;
#933 = EDGE_CURVE ( 'NONE', #1853, #1858, #4490, .T. ) ;
#934 = EDGE_CURVE ( 'NONE', #1863, #1870, #154, .T. ) ;
#935 = EDGE_CURVE ( 'NONE', #1856, #1853, #4491, .T. ) ;
#936 = EDGE_CURVE ( 'NONE', #1858, #1859, #4492, .T. ) ;
#937 = EDGE_CURVE ( 'NONE', #1859, #1852, #4493, .T. ) ;
#938 = EDGE_CURVE ( 'NONE', #1852, #1849, #4494, .T. ) ;
#939 = EDGE_CURVE ( 'NONE', #1855, #1848, #157, .T. ) ;
#940 = EDGE_CURVE ( 'NONE', #1849, #1856, #4495, .T. ) ;
#941 = ADVANCED_FACE ( 'NONE', ( #4496 ), #7877, .T. ) ;
#942 = ADVANCED_FACE ( 'NONE', ( #4497 ), #7878, .T. ) ;
#943 = ADVANCED_FACE ( 'NONE', ( #4498 ), #7879, .T. ) ;
#944 = ADVANCED_FACE ( 'NONE', ( #4499 ), #7880, .T. ) ;
#945 = ADVANCED_FACE ( 'NONE', ( #4500 ), #6059, .T. ) ;
#946 = ADVANCED_FACE ( 'NONE', ( #4501 ), #7881, .T. ) ;
#947 = ADVANCED_FACE ( 'NONE', ( #4502 ), #7882, .T. ) ;
#948 = ADVANCED_FACE ( 'NONE', ( #4503 ), #7883, .T. ) ;
#949 = ADVANCED_FACE ( 'NONE', ( #4504 ), #6145, .T. ) ;
#950 = ADVANCED_FACE ( 'NONE', ( #4505 ), #6149, .T. ) ;
#951 = ADVANCED_FACE ( 'NONE', ( #4506 ), #6153, .T. ) ;
#952 = ADVANCED_FACE ( 'NONE', ( #4507 ), #7884, .T. ) ;
#953 = ADVANCED_FACE ( 'NONE', ( #4508 ), #7885, .T. ) ;
#954 = ADVANCED_FACE ( 'NONE', ( #4509 ), #7886, .T. ) ;
#955 = ADVANCED_FACE ( 'NONE', ( #4510 ), #6231, .T. ) ;
#956 = ADVANCED_FACE ( 'NONE', ( #4511, #4512, #4513 ), #6235, .T. ) ;
#957 = ADVANCED_FACE ( 'NONE', ( #4514 ), #7887, .T. ) ;
#958 = ADVANCED_FACE ( 'NONE', ( #4515 ), #7888, .T. ) ;
#959 = ADVANCED_FACE ( 'NONE', ( #4516 ), #6283, .T. ) ;
#960 = ADVANCED_FACE ( 'NONE', ( #4517 ), #6287, .T. ) ;
#961 = ADVANCED_FACE ( 'NONE', ( #4518 ), #6292, .T. ) ;
#962 = ADVANCED_FACE ( 'NONE', ( #4519 ), #7889, .T. ) ;
#963 = ADVANCED_FACE ( 'NONE', ( #4520 ), #7890, .T. ) ;
#964 = ADVANCED_FACE ( 'NONE', ( #4521 ), #7891, .T. ) ;
#965 = ADVANCED_FACE ( 'NONE', ( #4522 ), #7892, .T. ) ;
#966 = ADVANCED_FACE ( 'NONE', ( #4523 ), #6384, .T. ) ;
#967 = ADVANCED_FACE ( 'NONE', ( #4524 ), #7893, .T. ) ;
#968 = ADVANCED_FACE ( 'NONE', ( #4525 ), #6418, .T. ) ;
#969 = ADVANCED_FACE ( 'NONE', ( #4526 ), #6422, .T. ) ;
#970 = ADVANCED_FACE ( 'NONE', ( #4527 ), #6426, .T. ) ;
#971 = ADVANCED_FACE ( 'NONE', ( #4528 ), #7894, .T. ) ;
#972 = ADVANCED_FACE ( 'NONE', ( #4529 ), #7895, .T. ) ;
#973 = ADVANCED_FACE ( 'NONE', ( #4530 ), #7896, .T. ) ;
#974 = ADVANCED_FACE ( 'NONE', ( #4531 ), #6512, .T. ) ;
#975 = ADVANCED_FACE ( 'NONE', ( #4532 ), #6516, .T. ) ;
#976 = ADVANCED_FACE ( 'NONE', ( #4533 ), #6520, .T. ) ;
#977 = EDGE_CURVE ( 'NONE', #4264, #1852, #4534, .T. ) ;
#978 = EDGE_CURVE ( 'NONE', #4264, #4262, #4536, .T. ) ;
#979 = EDGE_CURVE ( 'NONE', #4262, #1849, #4537, .T. ) ;
#980 = EDGE_CURVE ( 'NONE', #4262, #1944, #4538, .T. ) ;
#981 = EDGE_CURVE ( 'NONE', #1944, #1856, #4539, .T. ) ;
#982 = EDGE_CURVE ( 'NONE', #1944, #4261, #4540, .T. ) ;
#983 = EDGE_CURVE ( 'NONE', #4278, #1958, #4541, .T. ) ;
#984 = EDGE_CURVE ( 'NONE', #4278, #4241, #4542, .T. ) ;
#985 = EDGE_CURVE ( 'NONE', #4241, #1957, #4543, .T. ) ;
#986 = EDGE_CURVE ( 'NONE', #4241, #4247, #4544, .T. ) ;
#987 = EDGE_CURVE ( 'NONE', #4247, #1947, #4545, .T. ) ;
#988 = EDGE_CURVE ( 'NONE', #4247, #4244, #4546, .T. ) ;
#989 = EDGE_CURVE ( 'NONE', #4244, #1971, #4547, .T. ) ;
#990 = EDGE_CURVE ( 'NONE', #4244, #4243, #4548, .T. ) ;
#991 = EDGE_CURVE ( 'NONE', #4243, #1923, #4549, .T. ) ;
#992 = EDGE_CURVE ( 'NONE', #4243, #1745, #4550, .T. ) ;
#993 = EDGE_CURVE ( 'NONE', #1745, #1913, #4551, .T. ) ;
#994 = EDGE_CURVE ( 'NONE', #1745, #1739, #4552, .T. ) ;
#995 = EDGE_CURVE ( 'NONE', #1739, #1915, #4553, .T. ) ;
#996 = EDGE_CURVE ( 'NONE', #1739, #1737, #4554, .T. ) ;
#997 = EDGE_CURVE ( 'NONE', #1737, #1961, #4555, .T. ) ;
#998 = EDGE_CURVE ( 'NONE', #1737, #4278, #4556, .T. ) ;
#999 = EDGE_CURVE ( 'NONE', #1821, #1824, #4557, .T. ) ;
#1000 = EDGE_CURVE ( 'NONE', #1824, #1823, #4558, .T. ) ;
#1001 = EDGE_CURVE ( 'NONE', #1823, #1821, #4559, .T. ) ;
#1002 = EDGE_CURVE ( 'NONE', #1824, #1820, #4560, .T. ) ;
#1003 = EDGE_CURVE ( 'NONE', #1820, #1818, #4561, .T. ) ;
#1004 = EDGE_CURVE ( 'NONE', #1823, #1818, #4562, .T. ) ;
#1005 = EDGE_CURVE ( 'NONE', #1821, #1822, #4563, .T. ) ;
#1006 = EDGE_CURVE ( 'NONE', #1822, #1820, #4564, .T. ) ;
#1007 = EDGE_CURVE ( 'NONE', #1818, #1822, #4565, .T. ) ;
#1008 = EDGE_CURVE ( 'NONE', #1817, #1871, #4566, .T. ) ;
#1009 = EDGE_CURVE ( 'NONE', #1817, #1815, #156, .T. ) ;
#1010 = EDGE_CURVE ( 'NONE', #1815, #1864, #4567, .T. ) ;
#1011 = EDGE_CURVE ( 'NONE', #1815, #1819, #158, .T. ) ;
#1012 = EDGE_CURVE ( 'NONE', #1819, #1861, #4568, .T. ) ;
#1013 = EDGE_CURVE ( 'NONE', #1819, #1807, #159, .T. ) ;
#1014 = EDGE_CURVE ( 'NONE', #1807, #1866, #4569, .T. ) ;
#1015 = EDGE_CURVE ( 'NONE', #1807, #1799, #4570, .T. ) ;
#1016 = EDGE_CURVE ( 'NONE', #1799, #1867, #4571, .T. ) ;
#1017 = EDGE_CURVE ( 'NONE', #1799, #1816, #4572, .T. ) ;
#1018 = EDGE_CURVE ( 'NONE', #1816, #1860, #4573, .T. ) ;
#1019 = EDGE_CURVE ( 'NONE', #1816, #1800, #4574, .T. ) ;
#1020 = EDGE_CURVE ( 'NONE', #1800, #1857, #4575, .T. ) ;
#1021 = EDGE_CURVE ( 'NONE', #1800, #1808, #161, .T. ) ;
#1022 = EDGE_CURVE ( 'NONE', #1808, #1862, #4576, .T. ) ;
#1023 = EDGE_CURVE ( 'NONE', #1808, #1809, #155, .T. ) ;
#1024 = EDGE_CURVE ( 'NONE', #1809, #1863, #4577, .T. ) ;
#1025 = EDGE_CURVE ( 'NONE', #1809, #1810, #162, .T. ) ;
#1026 = EDGE_CURVE ( 'NONE', #1810, #1870, #4578, .T. ) ;
#1027 = EDGE_CURVE ( 'NONE', #1810, #1817, #4579, .T. ) ;
#1028 = EDGE_CURVE ( 'NONE', #1813, #1811, #4580, .T. ) ;
#1029 = EDGE_CURVE ( 'NONE', #1811, #1812, #164, .T. ) ;
#1030 = EDGE_CURVE ( 'NONE', #1798, #1813, #4581, .T. ) ;
#1031 = EDGE_CURVE ( 'NONE', #1801, #1798, #4582, .T. ) ;
#1032 = EDGE_CURVE ( 'NONE', #1802, #1801, #163, .T. ) ;
#1033 = EDGE_CURVE ( 'NONE', #1803, #1802, #160, .T. ) ;
#1034 = EDGE_CURVE ( 'NONE', #1806, #1804, #4583, .T. ) ;
#1035 = EDGE_CURVE ( 'NONE', #1812, #1803, #165, .T. ) ;
#1036 = EDGE_CURVE ( 'NONE', #1804, #1805, #168, .T. ) ;
#1037 = EDGE_CURVE ( 'NONE', #1797, #1806, #4584, .T. ) ;
#1038 = EDGE_CURVE ( 'NONE', #1796, #1797, #4585, .T. ) ;
#1039 = EDGE_CURVE ( 'NONE', #1795, #1796, #166, .T. ) ;
#1040 = EDGE_CURVE ( 'NONE', #1794, #1795, #167, .T. ) ;
#1041 = EDGE_CURVE ( 'NONE', #1805, #1794, #169, .T. ) ;
#1042 = EDGE_CURVE ( 'NONE', #1854, #1855, #171, .T. ) ;
#1043 = EDGE_CURVE ( 'NONE', #1850, #1851, #170, .T. ) ;
#1044 = EDGE_CURVE ( 'NONE', #1851, #1844, #172, .T. ) ;
#1045 = EDGE_CURVE ( 'NONE', #1844, #1841, #173, .T. ) ;
#1046 = EDGE_CURVE ( 'NONE', #1847, #1840, #4586, .T. ) ;
#1047 = EDGE_CURVE ( 'NONE', #1841, #1854, #175, .T. ) ;
#1048 = EDGE_CURVE ( 'NONE', #1846, #1847, #4587, .T. ) ;
#1049 = EDGE_CURVE ( 'NONE', #1840, #1837, #4588, .T. ) ;
#1050 = EDGE_CURVE ( 'NONE', #1837, #1842, #4589, .T. ) ;
#1051 = EDGE_CURVE ( 'NONE', #1842, #1843, #4590, .T. ) ;
#1052 = EDGE_CURVE ( 'NONE', #1843, #1836, #4591, .T. ) ;
#1053 = EDGE_CURVE ( 'NONE', #1836, #1833, #4592, .T. ) ;
#1054 = EDGE_CURVE ( 'NONE', #1832, #1838, #4593, .T. ) ;
#1055 = EDGE_CURVE ( 'NONE', #1833, #1846, #4594, .T. ) ;
#1056 = EDGE_CURVE ( 'NONE', #1838, #1839, #4595, .T. ) ;
#1057 = EDGE_CURVE ( 'NONE', #1832, #1828, #4596, .T. ) ;
#1058 = EDGE_CURVE ( 'NONE', #1835, #1827, #4597, .T. ) ;
#1059 = EDGE_CURVE ( 'NONE', #1828, #1839, #4598, .T. ) ;
#1060 = EDGE_CURVE ( 'NONE', #1834, #1835, #4599, .T. ) ;
#1061 = EDGE_CURVE ( 'NONE', #1827, #1829, #4600, .T. ) ;
#1062 = EDGE_CURVE ( 'NONE', #1829, #1830, #4601, .T. ) ;
#1063 = EDGE_CURVE ( 'NONE', #1830, #1831, #4602, .T. ) ;
#1064 = EDGE_CURVE ( 'NONE', #1831, #1825, #4603, .T. ) ;
#1065 = EDGE_CURVE ( 'NONE', #1825, #1826, #4604, .T. ) ;
#1066 = EDGE_CURVE ( 'NONE', #1826, #1955, #4605, .T. ) ;
#1067 = EDGE_CURVE ( 'NONE', #1955, #1956, #4606, .T. ) ;
#1068 = EDGE_CURVE ( 'NONE', #1956, #1943, #4607, .T. ) ;
#1069 = EDGE_CURVE ( 'NONE', #1943, #1973, #4608, .T. ) ;
#1070 = EDGE_CURVE ( 'NONE', #1968, #1969, #4609, .T. ) ;
#1071 = EDGE_CURVE ( 'NONE', #1973, #1834, #4610, .T. ) ;
#1072 = EDGE_CURVE ( 'NONE', #1940, #1968, #177, .T. ) ;
#1073 = EDGE_CURVE ( 'NONE', #1969, #1966, #4611, .T. ) ;
#1074 = EDGE_CURVE ( 'NONE', #1966, #1967, #4612, .T. ) ;
#1075 = EDGE_CURVE ( 'NONE', #1967, #1965, #4613, .T. ) ;
#1076 = EDGE_CURVE ( 'NONE', #1965, #1964, #4614, .T. ) ;
#1077 = EDGE_CURVE ( 'NONE', #1964, #1962, #4615, .T. ) ;
#1078 = EDGE_CURVE ( 'NONE', #1962, #1963, #4616, .T. ) ;
#1079 = EDGE_CURVE ( 'NONE', #1963, #1959, #4617, .T. ) ;
#1080 = EDGE_CURVE ( 'NONE', #1959, #1960, #174, .T. ) ;
#1081 = EDGE_CURVE ( 'NONE', #1958, #1957, #4618, .T. ) ;
#1082 = EDGE_CURVE ( 'NONE', #1960, #1940, #179, .T. ) ;
#1083 = EDGE_CURVE ( 'NONE', #1961, #1958, #4619, .T. ) ;
#1084 = EDGE_CURVE ( 'NONE', #1957, #1947, #4620, .T. ) ;
#1085 = EDGE_CURVE ( 'NONE', #1947, #1971, #4621, .T. ) ;
#1086 = EDGE_CURVE ( 'NONE', #1971, #1923, #4622, .T. ) ;
#1087 = EDGE_CURVE ( 'NONE', #1923, #1913, #4623, .T. ) ;
#1088 = EDGE_CURVE ( 'NONE', #1913, #1915, #4624, .T. ) ;
#1089 = EDGE_CURVE ( 'NONE', #1914, #1908, #180, .T. ) ;
#1090 = EDGE_CURVE ( 'NONE', #1915, #1961, #4625, .T. ) ;
#1091 = EDGE_CURVE ( 'NONE', #1912, #1914, #178, .T. ) ;
#1092 = EDGE_CURVE ( 'NONE', #1908, #1920, #181, .T. ) ;
#1093 = EDGE_CURVE ( 'NONE', #1920, #1924, #176, .T. ) ;
#1094 = EDGE_CURVE ( 'NONE', #1924, #1919, #182, .T. ) ;
#1095 = EDGE_CURVE ( 'NONE', #1919, #1931, #4626, .T. ) ;
#1096 = EDGE_CURVE ( 'NONE', #1931, #1928, #4627, .T. ) ;
#1097 = EDGE_CURVE ( 'NONE', #1928, #1926, #185, .T. ) ;
#1098 = EDGE_CURVE ( 'NONE', #1926, #1929, #183, .T. ) ;
#1099 = EDGE_CURVE ( 'NONE', #1929, #1935, #186, .T. ) ;
#1100 = EDGE_CURVE ( 'NONE', #1935, #1936, #184, .T. ) ;
#1101 = EDGE_CURVE ( 'NONE', #1936, #1970, #187, .T. ) ;
#1102 = EDGE_CURVE ( 'NONE', #1970, #1938, #188, .T. ) ;
#1103 = EDGE_CURVE ( 'NONE', #1938, #1916, #189, .T. ) ;
#1104 = EDGE_CURVE ( 'NONE', #1916, #1917, #4628, .T. ) ;
#1105 = EDGE_CURVE ( 'NONE', #1917, #1921, #4629, .T. ) ;
#1106 = EDGE_CURVE ( 'NONE', #1921, #1911, #192, .T. ) ;
#1107 = EDGE_CURVE ( 'NONE', #1911, #1910, #190, .T. ) ;
#1108 = EDGE_CURVE ( 'NONE', #1922, #1918, #4630, .T. ) ;
#1109 = EDGE_CURVE ( 'NONE', #1910, #1912, #191, .T. ) ;
#1110 = EDGE_CURVE ( 'NONE', #1909, #1922, #4631, .T. ) ;
#1111 = EDGE_CURVE ( 'NONE', #1918, #1927, #4632, .T. ) ;
#1112 = EDGE_CURVE ( 'NONE', #1927, #1925, #4633, .T. ) ;
#1113 = EDGE_CURVE ( 'NONE', #1925, #1930, #4634, .T. ) ;
#1114 = EDGE_CURVE ( 'NONE', #1930, #1934, #4635, .T. ) ;
#1115 = EDGE_CURVE ( 'NONE', #1934, #1932, #4636, .T. ) ;
#1116 = EDGE_CURVE ( 'NONE', #1937, #1939, #1349, .T. ) ;
#1117 = EDGE_CURVE ( 'NONE', #1932, #1909, #4637, .T. ) ;
#1118 = EDGE_CURVE ( 'NONE', #1933, #1937, #1351, .T. ) ;
#1119 = EDGE_CURVE ( 'NONE', #1939, #1942, #1350, .T. ) ;
#1120 = EDGE_CURVE ( 'NONE', #1942, #1998, #1352, .T. ) ;
#1121 = EDGE_CURVE ( 'NONE', #1998, #2000, #1353, .T. ) ;
#1122 = EDGE_CURVE ( 'NONE', #2000, #2003, #4638, .T. ) ;
#1123 = EDGE_CURVE ( 'NONE', #2003, #2005, #4639, .T. ) ;
#1124 = EDGE_CURVE ( 'NONE', #2005, #4220, #1356, .T. ) ;
#1125 = EDGE_CURVE ( 'NONE', #4220, #1991, #1354, .T. ) ;
#1126 = EDGE_CURVE ( 'NONE', #1991, #1974, #1357, .T. ) ;
#1127 = EDGE_CURVE ( 'NONE', #1974, #1949, #1355, .T. ) ;
#1128 = EDGE_CURVE ( 'NONE', #1949, #1950, #1358, .T. ) ;
#1129 = EDGE_CURVE ( 'NONE', #1950, #1952, #1359, .T. ) ;
#1130 = EDGE_CURVE ( 'NONE', #1952, #1951, #1360, .T. ) ;
#1131 = EDGE_CURVE ( 'NONE', #1951, #1953, #4640, .T. ) ;
#1132 = EDGE_CURVE ( 'NONE', #1953, #1972, #4641, .T. ) ;
#1133 = EDGE_CURVE ( 'NONE', #1972, #1978, #1363, .T. ) ;
#1134 = EDGE_CURVE ( 'NONE', #1978, #1980, #1361, .T. ) ;
#1135 = EDGE_CURVE ( 'NONE', #1980, #1933, #1362, .T. ) ;
#1136 = EDGE_CURVE ( 'NONE', #1983, #1884, #6923, .T. ) ;
#1137 = EDGE_CURVE ( 'NONE', #1983, #1982, #4642, .T. ) ;
#1138 = EDGE_CURVE ( 'NONE', #1886, #1982, #6931, .T. ) ;
#1139 = EDGE_CURVE ( 'NONE', #1887, #1981, #4643, .T. ) ;
#1140 = EDGE_CURVE ( 'NONE', #1979, #1981, #4644, .T. ) ;
#1141 = EDGE_CURVE ( 'NONE', #1979, #1885, #4645, .T. ) ;
#1142 = EDGE_CURVE ( 'NONE', #1990, #1982, #4646, .T. ) ;
#1143 = EDGE_CURVE ( 'NONE', #1946, #1990, #4647, .T. ) ;
#1144 = EDGE_CURVE ( 'NONE', #1751, #1912, #4648, .T. ) ;
#1145 = EDGE_CURVE ( 'NONE', #1751, #1772, #1366, .T. ) ;
#1146 = EDGE_CURVE ( 'NONE', #1763, #1873, #4649, .T. ) ;
#1147 = EDGE_CURVE ( 'NONE', #1763, #1738, #1364, .T. ) ;
#1148 = EDGE_CURVE ( 'NONE', #1738, #1878, #4650, .T. ) ;
#1149 = EDGE_CURVE ( 'NONE', #1738, #1744, #1365, .T. ) ;
#1150 = EDGE_CURVE ( 'NONE', #1744, #1879, #4651, .T. ) ;
#1151 = EDGE_CURVE ( 'NONE', #1744, #1757, #1368, .T. ) ;
#1152 = EDGE_CURVE ( 'NONE', #1757, #1872, #4652, .T. ) ;
#1153 = EDGE_CURVE ( 'NONE', #1757, #1758, #4653, .T. ) ;
#1154 = EDGE_CURVE ( 'NONE', #1758, #1869, #4654, .T. ) ;
#1155 = EDGE_CURVE ( 'NONE', #1758, #1759, #4655, .T. ) ;
#1156 = EDGE_CURVE ( 'NONE', #1759, #1874, #4656, .T. ) ;
#1157 = EDGE_CURVE ( 'NONE', #1759, #1760, #4657, .T. ) ;
#1158 = EDGE_CURVE ( 'NONE', #1760, #1875, #4658, .T. ) ;
#1159 = EDGE_CURVE ( 'NONE', #1760, #1761, #1370, .T. ) ;
#1160 = EDGE_CURVE ( 'NONE', #1761, #1868, #4659, .T. ) ;
#1161 = EDGE_CURVE ( 'NONE', #1761, #1754, #1367, .T. ) ;
#1162 = EDGE_CURVE ( 'NONE', #1754, #1865, #4660, .T. ) ;
#1163 = EDGE_CURVE ( 'NONE', #1754, #1749, #1371, .T. ) ;
#1164 = EDGE_CURVE ( 'NONE', #1749, #1876, #4661, .T. ) ;
#1165 = EDGE_CURVE ( 'NONE', #1749, #1763, #4662, .T. ) ;
#1166 = EDGE_CURVE ( 'NONE', #1752, #1747, #4663, .T. ) ;
#1167 = EDGE_CURVE ( 'NONE', #1747, #1756, #1373, .T. ) ;
#1168 = EDGE_CURVE ( 'NONE', #1748, #1752, #4664, .T. ) ;
#1169 = EDGE_CURVE ( 'NONE', #1733, #1748, #4665, .T. ) ;
#1170 = EDGE_CURVE ( 'NONE', #1755, #1733, #1372, .T. ) ;
#1171 = EDGE_CURVE ( 'NONE', #1740, #1755, #1369, .T. ) ;
#1172 = EDGE_CURVE ( 'NONE', #1742, #1750, #4666, .T. ) ;
#1173 = EDGE_CURVE ( 'NONE', #1756, #1740, #1374, .T. ) ;
#1174 = EDGE_CURVE ( 'NONE', #1750, #1743, #1377, .T. ) ;
#1175 = EDGE_CURVE ( 'NONE', #1753, #1742, #4667, .T. ) ;
#1176 = EDGE_CURVE ( 'NONE', #1734, #1753, #4668, .T. ) ;
#1177 = EDGE_CURVE ( 'NONE', #1741, #1734, #1375, .T. ) ;
#1178 = EDGE_CURVE ( 'NONE', #1736, #1741, #1376, .T. ) ;
#1179 = EDGE_CURVE ( 'NONE', #1743, #1736, #1378, .T. ) ;
#1180 = EDGE_CURVE ( 'NONE', #1743, #1814, #4669, .T. ) ;
#1181 = EDGE_CURVE ( 'NONE', #1814, #1746, #1381, .T. ) ;
#1182 = EDGE_CURVE ( 'NONE', #1736, #1746, #4670, .T. ) ;
#1183 = EDGE_CURVE ( 'NONE', #1750, #3087, #4671, .T. ) ;
#1184 = EDGE_CURVE ( 'NONE', #3087, #1814, #1380, .T. ) ;
#1185 = EDGE_CURVE ( 'NONE', #1742, #3086, #4672, .T. ) ;
#1186 = EDGE_CURVE ( 'NONE', #3086, #3087, #4673, .T. ) ;
#1187 = EDGE_CURVE ( 'NONE', #1753, #3085, #4674, .T. ) ;
#1188 = EDGE_CURVE ( 'NONE', #3085, #3086, #4675, .T. ) ;
#1189 = EDGE_CURVE ( 'NONE', #1734, #3084, #4676, .T. ) ;
#1190 = EDGE_CURVE ( 'NONE', #3084, #3085, #4677, .T. ) ;
#1191 = EDGE_CURVE ( 'NONE', #1741, #3083, #4678, .T. ) ;
#1192 = EDGE_CURVE ( 'NONE', #3083, #3084, #1383, .T. ) ;
#1193 = EDGE_CURVE ( 'NONE', #1746, #3083, #1384, .T. ) ;
#1194 = EDGE_CURVE ( 'NONE', #1756, #3082, #4679, .T. ) ;
#1195 = EDGE_CURVE ( 'NONE', #3082, #3081, #1385, .T. ) ;
#1196 = EDGE_CURVE ( 'NONE', #1740, #3081, #4680, .T. ) ;
#1197 = EDGE_CURVE ( 'NONE', #1747, #3080, #4681, .T. ) ;
#1198 = EDGE_CURVE ( 'NONE', #3080, #3082, #1379, .T. ) ;
#1199 = EDGE_CURVE ( 'NONE', #1752, #3079, #4682, .T. ) ;
#1200 = EDGE_CURVE ( 'NONE', #3079, #3080, #4683, .T. ) ;
#1201 = EDGE_CURVE ( 'NONE', #1748, #3078, #4684, .T. ) ;
#1202 = EDGE_CURVE ( 'NONE', #3078, #3079, #4685, .T. ) ;
#1203 = EDGE_CURVE ( 'NONE', #1733, #3077, #4686, .T. ) ;
#1204 = EDGE_CURVE ( 'NONE', #3077, #3078, #4687, .T. ) ;
#1205 = EDGE_CURVE ( 'NONE', #1755, #3076, #4688, .T. ) ;
#1206 = EDGE_CURVE ( 'NONE', #3076, #3077, #1387, .T. ) ;
#1207 = EDGE_CURVE ( 'NONE', #3081, #3076, #1388, .T. ) ;
#1208 = EDGE_CURVE ( 'NONE', #3075, #1922, #4689, .T. ) ;
#1209 = EDGE_CURVE ( 'NONE', #3075, #3074, #4690, .T. ) ;
#1210 = EDGE_CURVE ( 'NONE', #3074, #1918, #4691, .T. ) ;
#1211 = EDGE_CURVE ( 'NONE', #3074, #3073, #4692, .T. ) ;
#1212 = EDGE_CURVE ( 'NONE', #3073, #1927, #4693, .T. ) ;
#1213 = EDGE_CURVE ( 'NONE', #3073, #3072, #4694, .T. ) ;
#1214 = EDGE_CURVE ( 'NONE', #3072, #1925, #4695, .T. ) ;
#1215 = EDGE_CURVE ( 'NONE', #3072, #3071, #4696, .T. ) ;
#1216 = EDGE_CURVE ( 'NONE', #3071, #1930, #4697, .T. ) ;
#1217 = EDGE_CURVE ( 'NONE', #3071, #3070, #4698, .T. ) ;
#1218 = EDGE_CURVE ( 'NONE', #3070, #1934, #4699, .T. ) ;
#1219 = EDGE_CURVE ( 'NONE', #3070, #3069, #4700, .T. ) ;
#1220 = EDGE_CURVE ( 'NONE', #3069, #1932, #4701, .T. ) ;
#1221 = EDGE_CURVE ( 'NONE', #3069, #3068, #4702, .T. ) ;
#1222 = EDGE_CURVE ( 'NONE', #3068, #1909, #4703, .T. ) ;
#1223 = EDGE_CURVE ( 'NONE', #3068, #3075, #4704, .T. ) ;
#1224 = EDGE_CURVE ( 'NONE', #3065, #3067, #4705, .T. ) ;
#1225 = EDGE_CURVE ( 'NONE', #3067, #3066, #4706, .T. ) ;
#1226 = EDGE_CURVE ( 'NONE', #3066, #3065, #4707, .T. ) ;
#1227 = EDGE_CURVE ( 'NONE', #3067, #3064, #4708, .T. ) ;
#1228 = EDGE_CURVE ( 'NONE', #3064, #3063, #4709, .T. ) ;
#1229 = EDGE_CURVE ( 'NONE', #3066, #3063, #4710, .T. ) ;
#1230 = EDGE_CURVE ( 'NONE', #3065, #3061, #4711, .T. ) ;
#1231 = EDGE_CURVE ( 'NONE', #3061, #3064, #4712, .T. ) ;
#1232 = EDGE_CURVE ( 'NONE', #3063, #3061, #4713, .T. ) ;
#1233 = EDGE_CURVE ( 'NONE', #3062, #1889, #4714, .T. ) ;
#1234 = EDGE_CURVE ( 'NONE', #3062, #3060, #4715, .T. ) ;
#1235 = EDGE_CURVE ( 'NONE', #3060, #1890, #4716, .T. ) ;
#1236 = EDGE_CURVE ( 'NONE', #3060, #3058, #4717, .T. ) ;
#1237 = EDGE_CURVE ( 'NONE', #3058, #1891, #4718, .T. ) ;
#1238 = EDGE_CURVE ( 'NONE', #3058, #3059, #4719, .T. ) ;
#1239 = EDGE_CURVE ( 'NONE', #3059, #1892, #4720, .T. ) ;
#1240 = EDGE_CURVE ( 'NONE', #3059, #3095, #4721, .T. ) ;
#1241 = EDGE_CURVE ( 'NONE', #3095, #1893, #4722, .T. ) ;
#1242 = EDGE_CURVE ( 'NONE', #3095, #3091, #4723, .T. ) ;
#1243 = EDGE_CURVE ( 'NONE', #3091, #1894, #4724, .T. ) ;
#1244 = EDGE_CURVE ( 'NONE', #3091, #3090, #4725, .T. ) ;
#1245 = EDGE_CURVE ( 'NONE', #3090, #1895, #4726, .T. ) ;
#1246 = EDGE_CURVE ( 'NONE', #3090, #3092, #4727, .T. ) ;
#1247 = EDGE_CURVE ( 'NONE', #3092, #1896, #4728, .T. ) ;
#1248 = EDGE_CURVE ( 'NONE', #3092, #3089, #1389, .T. ) ;
#1249 = EDGE_CURVE ( 'NONE', #3089, #1897, #4729, .T. ) ;
#1250 = EDGE_CURVE ( 'NONE', #3089, #3094, #1382, .T. ) ;
#1251 = EDGE_CURVE ( 'NONE', #3094, #1898, #4730, .T. ) ;
#1252 = EDGE_CURVE ( 'NONE', #3094, #3093, #4731, .T. ) ;
#1253 = EDGE_CURVE ( 'NONE', #3093, #1899, #4732, .T. ) ;
#1254 = EDGE_CURVE ( 'NONE', #3093, #3526, #8567, .T. ) ;
#1255 = EDGE_CURVE ( 'NONE', #3526, #1888, #8568, .T. ) ;
#1256 = EDGE_CURVE ( 'NONE', #3526, #3062, #8569, .T. ) ;
#1257 = EDGE_CURVE ( 'NONE', #3525, #1937, #8570, .T. ) ;
#1258 = EDGE_CURVE ( 'NONE', #3525, #3524, #1390, .T. ) ;
#1259 = EDGE_CURVE ( 'NONE', #3524, #1939, #8571, .T. ) ;
#1260 = EDGE_CURVE ( 'NONE', #3524, #3521, #1386, .T. ) ;
#1261 = EDGE_CURVE ( 'NONE', #3521, #1942, #8572, .T. ) ;
#1262 = EDGE_CURVE ( 'NONE', #3521, #3522, #1391, .T. ) ;
#1263 = EDGE_CURVE ( 'NONE', #1983, #1946, #8573, .T. ) ;
#1264 = EDGE_CURVE ( 'NONE', #1877, #1880, #8461, .T. ) ;
#1265 = EDGE_CURVE ( 'NONE', #1882, #1883, #8465, .T. ) ;
#1266 = EDGE_CURVE ( 'NONE', #1881, #1900, #8463, .T. ) ;
#1267 = EDGE_CURVE ( 'NONE', #1902, #1901, #8467, .T. ) ;
#1268 = EDGE_CURVE ( 'NONE', #1996, #1992, #8574, .T. ) ;
#1269 = EDGE_CURVE ( 'NONE', #4242, #1992, #8575, .T. ) ;
#1270 = EDGE_CURVE ( 'NONE', #4240, #1996, #8576, .T. ) ;
#1271 = EDGE_CURVE ( 'NONE', #4240, #1979, #8577, .T. ) ;
#1272 = EDGE_CURVE ( 'NONE', #4242, #1981, #8578, .T. ) ;
#1273 = EDGE_CURVE ( 'NONE', #1994, #1993, #8579, .T. ) ;
#1274 = EDGE_CURVE ( 'NONE', #1993, #1996, #8580, .T. ) ;
#1275 = EDGE_CURVE ( 'NONE', #1994, #4240, #8581, .T. ) ;
#1276 = EDGE_CURVE ( 'NONE', #1997, #1995, #8582, .T. ) ;
#1277 = EDGE_CURVE ( 'NONE', #1995, #1993, #8583, .T. ) ;
#1278 = EDGE_CURVE ( 'NONE', #1997, #1994, #8584, .T. ) ;
#1279 = EDGE_CURVE ( 'NONE', #2001, #1999, #8585, .T. ) ;
#1280 = EDGE_CURVE ( 'NONE', #1999, #1995, #8586, .T. ) ;
#1281 = EDGE_CURVE ( 'NONE', #2001, #1997, #8587, .T. ) ;
#1282 = EDGE_CURVE ( 'NONE', #1999, #1839, #8588, .T. ) ;
#1283 = EDGE_CURVE ( 'NONE', #2001, #1828, #8589, .T. ) ;
#1284 = EDGE_CURVE ( 'NONE', #2004, #2002, #8590, .T. ) ;
#1285 = EDGE_CURVE ( 'NONE', #1838, #2002, #8591, .T. ) ;
#1286 = EDGE_CURVE ( 'NONE', #1990, #2004, #8592, .T. ) ;
#1287 = EDGE_CURVE ( 'NONE', #1832, #1946, #8593, .T. ) ;
#1288 = EDGE_CURVE ( 'NONE', #1904, #1992, #8594, .T. ) ;
#1289 = EDGE_CURVE ( 'NONE', #2006, #1906, #8489, .T. ) ;
#1290 = EDGE_CURVE ( 'NONE', #2002, #2006, #8595, .T. ) ;
#1291 = EDGE_CURVE ( 'NONE', #2004, #4228, #8596, .T. ) ;
#1292 = EDGE_CURVE ( 'NONE', #4228, #1905, #8496, .T. ) ;
#1293 = EDGE_CURVE ( 'NONE', #1903, #4242, #8597, .T. ) ;
#1294 = EDGE_CURVE ( 'NONE', #4228, #2006, #8598, .T. ) ;
#1295 = EDGE_CURVE ( 'NONE', #4229, #1847, #8599, .T. ) ;
#1296 = EDGE_CURVE ( 'NONE', #4229, #4226, #8600, .T. ) ;
#1297 = EDGE_CURVE ( 'NONE', #4226, #1840, #8601, .T. ) ;
#1298 = EDGE_CURVE ( 'NONE', #4226, #4227, #8602, .T. ) ;
#1299 = EDGE_CURVE ( 'NONE', #4227, #1837, #8603, .T. ) ;
#1300 = EDGE_CURVE ( 'NONE', #4227, #4224, #8604, .T. ) ;
#1301 = EDGE_CURVE ( 'NONE', #4224, #1842, #8605, .T. ) ;
#1302 = EDGE_CURVE ( 'NONE', #4224, #4225, #8606, .T. ) ;
#1303 = EDGE_CURVE ( 'NONE', #4225, #1843, #8607, .T. ) ;
#1304 = EDGE_CURVE ( 'NONE', #4225, #4222, #8608, .T. ) ;
#1305 = EDGE_CURVE ( 'NONE', #4222, #1836, #8609, .T. ) ;
#1306 = EDGE_CURVE ( 'NONE', #4222, #4223, #8610, .T. ) ;
#1307 = EDGE_CURVE ( 'NONE', #4223, #1833, #8611, .T. ) ;
#1308 = EDGE_CURVE ( 'NONE', #4223, #4221, #8612, .T. ) ;
#1309 = EDGE_CURVE ( 'NONE', #4221, #1846, #8613, .T. ) ;
#1310 = EDGE_CURVE ( 'NONE', #4221, #4229, #8614, .T. ) ;
#1311 = EDGE_CURVE ( 'NONE', #1945, #1835, #8615, .T. ) ;
#1312 = EDGE_CURVE ( 'NONE', #1945, #1907, #8616, .T. ) ;
#1313 = EDGE_CURVE ( 'NONE', #1907, #1827, #8617, .T. ) ;
#1314 = EDGE_CURVE ( 'NONE', #1907, #4235, #8618, .T. ) ;
#1315 = EDGE_CURVE ( 'NONE', #4235, #1829, #8619, .T. ) ;
#1316 = EDGE_CURVE ( 'NONE', #4235, #4232, #8620, .T. ) ;
#1317 = EDGE_CURVE ( 'NONE', #4232, #1830, #8621, .T. ) ;
#1318 = EDGE_CURVE ( 'NONE', #4232, #4236, #8622, .T. ) ;
#1319 = EDGE_CURVE ( 'NONE', #4236, #1831, #8623, .T. ) ;
#1320 = EDGE_CURVE ( 'NONE', #4236, #4231, #8624, .T. ) ;
#1321 = EDGE_CURVE ( 'NONE', #4231, #1825, #8625, .T. ) ;
#1322 = EDGE_CURVE ( 'NONE', #4231, #4234, #8626, .T. ) ;
#1323 = EDGE_CURVE ( 'NONE', #4234, #1826, #8627, .T. ) ;
#1324 = EDGE_CURVE ( 'NONE', #4234, #4233, #8628, .T. ) ;
#1325 = EDGE_CURVE ( 'NONE', #4233, #1955, #8629, .T. ) ;
#1326 = EDGE_CURVE ( 'NONE', #4233, #1954, #8630, .T. ) ;
#1327 = EDGE_CURVE ( 'NONE', #1954, #1956, #8631, .T. ) ;
#1328 = EDGE_CURVE ( 'NONE', #1954, #1985, #8632, .T. ) ;
#1329 = EDGE_CURVE ( 'NONE', #1985, #1943, #8633, .T. ) ;
#1330 = EDGE_CURVE ( 'NONE', #1985, #1984, #8634, .T. ) ;
#1331 = EDGE_CURVE ( 'NONE', #1984, #1973, #8635, .T. ) ;
#1332 = EDGE_CURVE ( 'NONE', #1984, #1989, #8636, .T. ) ;
#1333 = EDGE_CURVE ( 'NONE', #1989, #1834, #8637, .T. ) ;
#1334 = EDGE_CURVE ( 'NONE', #1989, #1945, #8638, .T. ) ;
#1335 = EDGE_CURVE ( 'NONE', #4230, #1855, #8639, .T. ) ;
#1336 = EDGE_CURVE ( 'NONE', #4230, #1987, #1394, .T. ) ;
#1337 = EDGE_CURVE ( 'NONE', #1987, #1848, #8640, .T. ) ;
#1338 = EDGE_CURVE ( 'NONE', #1987, #1986, #1393, .T. ) ;
#1339 = EDGE_CURVE ( 'NONE', #1986, #1845, #8641, .T. ) ;
#1340 = EDGE_CURVE ( 'NONE', #1986, #4237, #1395, .T. ) ;
#1341 = EDGE_CURVE ( 'NONE', #4237, #1850, #8642, .T. ) ;
#1342 = EDGE_CURVE ( 'NONE', #4237, #4238, #1392, .T. ) ;
#1343 = EDGE_CURVE ( 'NONE', #4238, #1851, #8643, .T. ) ;
#1344 = EDGE_CURVE ( 'NONE', #4238, #4239, #1396, .T. ) ;
#1345 = EDGE_CURVE ( 'NONE', #4239, #1844, #8644, .T. ) ;
#1346 = EDGE_CURVE ( 'NONE', #4239, #1976, #1397, .T. ) ;
#1347 = EDGE_CURVE ( 'NONE', #1976, #1841, #8645, .T. ) ;
#1348 = EDGE_CURVE ( 'NONE', #1976, #1941, #1398, .T. ) ;
#1349 = B_SPLINE_CURVE_WITH_KNOTS ( 'NONE', 3,
 ( #7323, #7324, #7325, #7326, #7327, #7328, #7329, #7330, #7331, #7332, #7333, #7334, #7335, #7336, #7337, #7338, #7339, #7340, #7341 ),
 .UNSPECIFIED., .F., .F.,
 ( 4, 1, 1, 1, 1, 1, 1, 1, 1, 1, 1, 1, 1, 1, 1, 1, 4 ),
 ( 0.0000000000000000000, 0.07050815297330222100, 0.1383163782636595800, 0.2031593777326896600, 0.2653346128907721500, 0.3253376927304437700, 0.3836644928466825800, 0.4400486527487961800, 0.4952782156860610100, 0.5507207486573481000, 0.6072729528639024800, 0.6654710337831979400, 0.7258377642752835700, 0.7890408396165101700, 0.8558027193120136800, 0.9258295079989048400, 1.000000000000000000 ),
 .UNSPECIFIED. ) ;
#1350 = B_SPLINE_CURVE_WITH_KNOTS ( 'NONE', 3,
 ( #7355, #7356, #7357, #7358, #7359, #7360, #7361, #7362, #7363, #7364, #7365 ),
 .UNSPECIFIED., .F., .F.,
 ( 4, 1, 1, 1, 1, 1, 1, 1, 4 ),
 ( 0.0000000000000000000, 0.1228048790217896000, 0.2468855089835879400, 0.3718446401774793100, 0.5004500733599125400, 0.6289290404625751400, 0.7545558216438916800, 0.8771951209782145000, 1.000000000000000000 ),
 .UNSPECIFIED. ) ;
#1351 = B_SPLINE_CURVE_WITH_KNOTS ( 'NONE', 3,
 ( #7344, #7345, #7346, #7347, #7348, #7349, #7350, #7351, #7352, #7353, #7354 ),
 .UNSPECIFIED., .F., .F.,
 ( 4, 1, 1, 1, 1, 1, 1, 1, 4 ),
 ( 0.0000000000000000000, 0.09297548605159335100, 0.2030161484741949400, 0.3299627188192724200, 0.4748308993559955900, 0.6225207293347625500, 0.7594519026480295300, 0.8850461747072333500, 1.000000000000000000 ),
 .UNSPECIFIED. ) ;
#1352 = B_SPLINE_CURVE_WITH_KNOTS ( 'NONE', 3,
 ( #7366, #7367, #7368, #7369, #7370, #7371, #7372, #7373, #7374, #7375, #7376 ),
 .UNSPECIFIED., .F., .F.,
 ( 4, 1, 1, 1, 1, 1, 1, 1, 4 ),
 ( 0.0000000000000000000, 0.1123240478670802500, 0.2251736308804396200, 0.3401739602379942900, 0.4570938888561419400, 0.5796487309861317900, 0.7102500410409200400, 0.8500009625096589500, 1.000000000000000000 ),
 .UNSPECIFIED. ) ;
#1353 = B_SPLINE_CURVE_WITH_KNOTS ( 'NONE', 3,
 ( #7377, #7378, #7379, #7380, #7381, #7382, #7383, #7384, #7385, #7386, #7387 ),
 .UNSPECIFIED., .F., .F.,
 ( 4, 1, 1, 1, 1, 1, 1, 1, 4 ),
 ( 0.0000000000000000000, 0.1371382535293171300, 0.2683074236840065100, 0.3921945208785627700, 0.5111542049022723700, 0.6282915368450906500, 0.7488069049126215800, 0.8726436002424807800, 0.9999999999999998900 ),
 .UNSPECIFIED. ) ;
#1354 = B_SPLINE_CURVE_WITH_KNOTS ( 'NONE', 3,
 ( #7403, #7404, #7405, #7406, #7407, #7408, #7409, #7410, #7411, #7412, #7413, #7414, #7415, #7416, #7417, #7418, #7419, #7420, #7421 ),
 .UNSPECIFIED., .F., .F.,
 ( 4, 1, 1, 1, 1, 1, 1, 1, 1, 1, 1, 1, 1, 1, 1, 1, 4 ),
 ( 0.0000000000000000000, 0.08148515513148613100, 0.1583627103935850200, 0.2310101669798747300, 0.3003051593370059100, 0.3668115908470218100, 0.4299466931144628200, 0.4911685245717038500, 0.5510233253377372400, 0.6091749727891290200, 0.6651083080072861500, 0.7190921441505993000, 0.7732297466354503000, 0.8277481735282642400, 0.8831905649820937000, 0.9403554336878622300, 1.000000000000000000 ),
 .UNSPECIFIED. ) ;
#1355 = B_SPLINE_CURVE_WITH_KNOTS ( 'NONE', 3,
 ( #7433, #7434, #7435, #7436, #7437, #7438, #7439 ),
 .UNSPECIFIED., .F., .F.,
 ( 4, 1, 1, 1, 4 ),
 ( 0.0000000000000000000, 0.2272856862439006100, 0.4683475620309394700, 0.7256817926751838500, 1.000000000000000000 ),
 .UNSPECIFIED. ) ;
#1356 = B_SPLINE_CURVE_WITH_KNOTS ( 'NONE', 3,
 ( #7392, #7393, #7394, #7395, #7396, #7397, #7398, #7399, #7400, #7401, #7402 ),
 .UNSPECIFIED., .F., .F.,
 ( 4, 1, 1, 1, 1, 1, 1, 1, 4 ),
 ( 0.0000000000000000000, 0.1288871128326919400, 0.2571182188266257200, 0.3868502267100641900, 0.5190265413787250600, 0.6489652269713311900, 0.7712423277463832400, 0.8885118568809695600, 1.000000000000000000 ),
 .UNSPECIFIED. ) ;
#1357 = B_SPLINE_CURVE_WITH_KNOTS ( 'NONE', 3,
 ( #7422, #7423, #7424, #7425, #7426, #7427, #7428, #7429, #7430, #7431, #7432 ),
 .UNSPECIFIED., .F., .F.,
 ( 4, 1, 1, 1, 1, 1, 1, 1, 4 ),
 ( 0.0000000000000000000, 0.1513581679372825700, 0.2842568926042191000, 0.4016247117995280800, 0.5081392608195277600, 0.6150981072352655900, 0.7310840102245931300, 0.8590272006649329900, 0.9999999999999998900 ),
 .UNSPECIFIED. ) ;
#1358 = B_SPLINE_CURVE_WITH_KNOTS ( 'NONE', 3,
 ( #7440, #7441, #7442, #7443, #7444, #7445, #7446, #7447, #7448, #7449, #7450, #7451, #7452, #7453, #7454, #7455, #7456, #7457, #7458 ),
 .UNSPECIFIED., .F., .F.,
 ( 4, 1, 1, 1, 1, 1, 1, 1, 1, 1, 1, 1, 1, 1, 1, 1, 4 ),
 ( 0.0000000000000000000, 0.07484077472688956100, 0.1459276906739703800, 0.2134073542623041400, 0.2780496123628721200, 0.3396010845772687900, 0.3998120810118381300, 0.4576814130207297900, 0.5144782957318261300, 0.5710999466092858700, 0.6274312732493875200, 0.6849475038721977200, 0.7432871521877362200, 0.8037452029176227500, 0.8665156344999362900, 0.9316860931993536900, 1.000000000000000000 ),
 .UNSPECIFIED. ) ;
#1359 = B_SPLINE_CURVE_WITH_KNOTS ( 'NONE', 3,
 ( #7459, #7460, #7461, #7462, #7463, #7464, #7465, #7466, #7467, #7468, #7469, #7470, #7471, #7472, #7473, #7474, #7475, #7476, #7477 ),
 .UNSPECIFIED., .F., .F.,
 ( 4, 1, 1, 1, 1, 1, 1, 1, 1, 1, 1, 1, 1, 1, 1, 1, 4 ),
 ( 0.0000000000000000000, 0.06269641779893285500, 0.1232373877365008100, 0.1821650623458582800, 0.2402521717490125600, 0.2980756469197187700, 0.3563883647293226700, 0.4161034846529401100, 0.4778985949443209600, 0.5404603264055283200, 0.6025432278646821700, 0.6649878262650553700, 0.7280323246031279400, 0.7928051401295358500, 0.8594657897566001500, 0.9281502137331940600, 1.000000000000000000 ),
 .UNSPECIFIED. ) ;
#1360 = B_SPLINE_CURVE_WITH_KNOTS ( 'NONE', 3,
 ( #7478, #7479, #7480, #7481, #7482, #7483, #7484, #7485, #7486, #7487, #7488 ),
 .UNSPECIFIED., .F., .F.,
 ( 4, 1, 1, 1, 1, 1, 1, 1, 4 ),
 ( 0.0000000000000000000, 0.1433273978964131300, 0.2803958869360104200, 0.4127570269214289600, 0.5406191931560685400, 0.6632675511379658700, 0.7805268405879604000, 0.8926678225288394700, 1.000000000000000000 ),
 .UNSPECIFIED. ) ;
#1361 = B_SPLINE_CURVE_WITH_KNOTS ( 'NONE', 3,
 ( #7504, #7505, #7506, #7507, #7508, #7509, #7510, #7511, #7512, #7513, #7514, #7515, #7516, #7517, #7518, #7519, #7520, #7521, #7522 ),
 .UNSPECIFIED., .F., .F.,
 ( 4, 1, 1, 1, 1, 1, 1, 1, 1, 1, 1, 1, 1, 1, 1, 1, 4 ),
 ( 0.0000000000000000000, 0.07786893674188037600, 0.1513380232644986900, 0.2221984107329259300, 0.2902821181484497900, 0.3557013316632575700, 0.4191184737263595700, 0.4819855685903808300, 0.5434578152314552000, 0.6037785017374918100, 0.6616778090979700300, 0.7178196540080793400, 0.7729315047465716800, 0.8281436136191222500, 0.8835117626771674700, 0.9407076033712799000, 1.000000000000000000 ),
 .UNSPECIFIED. ) ;
#1362 = B_SPLINE_CURVE_WITH_KNOTS ( 'NONE', 3,
 ( #7523, #7524, #7525, #7526, #7527, #7528, #7529, #7530, #7531, #7532, #7533, #7534, #7535, #7536, #7537 ),
 .UNSPECIFIED., .F., .F.,
 ( 4, 1, 1, 1, 1, 1, 1, 1, 1, 1, 1, 1, 4 ),
 ( 0.0000000000000000000, 0.1346811585169580800, 0.2572585262720982800, 0.3683631288895860600, 0.4735938415341292000, 0.5265377478139072800, 0.5819972179096414300, 0.6413040282420081600, 0.7040656780394993800, 0.7705622271484042800, 0.8419956741563628900, 0.9183011584263286500, 1.000000000000000000 ),
 .UNSPECIFIED. ) ;
#1363 = B_SPLINE_CURVE_WITH_KNOTS ( 'NONE', 3,
 ( #7493, #7494, #7495, #7496, #7497, #7498, #7499, #7500, #7501, #7502, #7503 ),
 .UNSPECIFIED., .F., .F.,
 ( 4, 1, 1, 1, 1, 1, 1, 1, 4 ),
 ( 0.0000000000000000000, 0.1094009317729910100, 0.2243024802153386600, 0.3462944381508401600, 0.4761369450025155800, 0.6088514006857836900, 0.7397610635772019500, 0.8695813604166361400, 1.000000000000000000 ),
 .UNSPECIFIED. ) ;
#1364 = B_SPLINE_CURVE_WITH_KNOTS ( 'NONE', 3,
 ( #7571, #7572, #7573, #7574, #7575, #7576, #7577, #7578, #7579, #7580, #7581, #7582, #7583, #7584, #7585, #7586, #7587, #7588, #7589 ),
 .UNSPECIFIED., .F., .F.,
 ( 4, 1, 1, 1, 1, 1, 1, 1, 1, 1, 1, 1, 1, 1, 1, 1, 4 ),
 ( 0.0000000000000000000, 0.06475414165407886200, 0.1269281754591390400, 0.1881696785875784100, 0.2476753853819878300, 0.3071575011633740900, 0.3658637644658193600, 0.4247053478017486800, 0.4845559878074777700, 0.5451318026532715500, 0.6053978967742804600, 0.6668706877622457800, 0.7290447215673083700, 0.7931161257881125200, 0.8594054182558106300, 0.9284803759137122400, 1.000000000000000000 ),
 .UNSPECIFIED. ) ;
#1365 = B_SPLINE_CURVE_WITH_KNOTS ( 'NONE', 3,
 ( #7592, #7593, #7594, #7595, #7596, #7597, #7598, #7599, #7600, #7601, #7602 ),
 .UNSPECIFIED., .F., .F.,
 ( 4, 1, 1, 1, 1, 1, 1, 1, 4 ),
 ( 0.0000000000000000000, 0.1439726444493268400, 0.2796551063086640300, 0.4098045422867009300, 0.5356006016324529300, 0.6568278938255051000, 0.7741142245126827500, 0.8876640225776265500, 1.000000000000000000 ),
 .UNSPECIFIED. ) ;
#1366 = B_SPLINE_CURVE_WITH_KNOTS ( 'NONE', 3,
 ( #7558, #7559, #7560, #7561, #7562, #7563, #7564, #7565, #7566, #7567, #7568 ),
 .UNSPECIFIED., .F., .F.,
 ( 4, 1, 1, 1, 1, 1, 1, 1, 4 ),
 ( 0.0000000000000000000, 0.09297548605159207400, 0.2030161484741930800, 0.3299627188192695800, 0.4748308993559937100, 0.6225207293347597700, 0.7594519026480256500, 0.8850461747072364500, 1.000000000000000000 ),
 .UNSPECIFIED. ) ;
#1367 = B_SPLINE_CURVE_WITH_KNOTS ( 'NONE', 3,
 ( #7647, #7648, #7649, #7650, #7651, #7652, #7653, #7654, #7655, #7656, #7657 ),
 .UNSPECIFIED., .F., .F.,
 ( 4, 1, 1, 1, 1, 1, 1, 1, 4 ),
 ( 0.0000000000000000000, 0.1272281655762731700, 0.2486232976632823100, 0.3659746731759328500, 0.4824868994968718500, 0.6015302622454459200, 0.7267125766875424100, 0.8585121869020957400, 0.9999999999999998900 ),
 .UNSPECIFIED. ) ;
#1368 = B_SPLINE_CURVE_WITH_KNOTS ( 'NONE', 3,
 ( #7605, #7606, #7607, #7608, #7609, #7610, #7611, #7612, #7613, #7614, #7615 ),
 .UNSPECIFIED., .F., .F.,
 ( 4, 1, 1, 1, 1, 1, 1, 1, 4 ),
 ( 0.0000000000000000000, 0.1163177735851352300, 0.2299209813528989600, 0.3418888978529580600, 0.4526178290634673700, 0.5699858355458877800, 0.6999266489111316500, 0.8428507041911678100, 1.000000000000000000 ),
 .UNSPECIFIED. ) ;
#1369 = B_SPLINE_CURVE_WITH_KNOTS ( 'NONE', 3,
 ( #7703, #7704, #7705, #7706, #7707, #7708, #7709, #7710, #7711, #7712, #7713 ),
 .UNSPECIFIED., .F., .F.,
 ( 4, 1, 1, 1, 1, 1, 1, 1, 4 ),
 ( 0.0000000000000000000, 0.1556269711063318400, 0.2957970307510528500, 0.4208515074363105000, 0.5330099173427300700, 0.6397202427495521900, 0.7516833603283983300, 0.8711897471092915300, 0.9999999999999998900 ),
 .UNSPECIFIED. ) ;
#1370 = B_SPLINE_CURVE_WITH_KNOTS ( 'NONE', 3,
 ( #7630, #7631, #7632, #7633, #7634, #7635, #7636, #7637, #7638, #7639, #7640, #7641, #7642, #7643, #7644 ),
 .UNSPECIFIED., .F., .F.,
 ( 4, 1, 1, 1, 1, 1, 1, 1, 1, 1, 1, 1, 4 ),
 ( 0.0000000000000000000, 0.09599549267740326000, 0.1863554052124144500, 0.2694762421322485800, 0.3469824421475264400, 0.4189378146630719500, 0.4837168886230529500, 0.5429553482402658100, 0.5960048858375625000, 0.6958381803285019800, 0.7955932304384139000, 0.8971710906482218700, 1.000000000000000000 ),
 .UNSPECIFIED. ) ;
#1371 = B_SPLINE_CURVE_WITH_KNOTS ( 'NONE', 3,
 ( #7660, #7661, #7662, #7663, #7664, #7665, #7666, #7667, #7668, #7669, #7670 ),
 .UNSPECIFIED., .F., .F.,
 ( 4, 1, 1, 1, 1, 1, 1, 1, 4 ),
 ( 0.0000000000000000000, 0.1398646002837422000, 0.2706901749516870700, 0.3948437579216354000, 0.5162227536938763800, 0.6360762369188385200, 0.7557383287248432600, 0.8764994149539840900, 1.000000000000000000 ),
 .UNSPECIFIED. ) ;
#1372 = B_SPLINE_CURVE_WITH_KNOTS ( 'NONE', 3,
 ( #7692, #7693, #7694, #7695, #7696, #7697, #7698, #7699, #7700, #7701, #7702 ),
 .UNSPECIFIED., .F., .F.,
 ( 4, 1, 1, 1, 1, 1, 1, 1, 4 ),
 ( 0.0000000000000000000, 0.09794834232188851000, 0.2000848291071613500, 0.3085422290067179100, 0.4240640375986391400, 0.5490328908557053900, 0.6873600595659485900, 0.8368626202273116200, 1.000000000000000000 ),
 .UNSPECIFIED. ) ;
#1373 = B_SPLINE_CURVE_WITH_KNOTS ( 'NONE', 3,
 ( #7677, #7678, #7679, #7680, #7681, #7682, #7683, #7684, #7685, #7686, #7687 ),
 .UNSPECIFIED., .F., .F.,
 ( 4, 1, 1, 1, 1, 1, 1, 1, 4 ),
 ( 0.0000000000000000000, 0.1717943297225833800, 0.3272923836299874200, 0.4667600869445157600, 0.5914535910118183800, 0.7038366373276526700, 0.8081447016961479400, 0.9062327641021086200, 1.000000000000000000 ),
 .UNSPECIFIED. ) ;
#1374 = B_SPLINE_CURVE_WITH_KNOTS ( 'NONE', 3,
 ( #7716, #7717, #7718, #7719, #7720, #7721, #7722, #7723, #7724, #7725, #7726 ),
 .UNSPECIFIED., .F., .F.,
 ( 4, 1, 1, 1, 1, 1, 1, 1, 4 ),
 ( 0.0000000000000000000, 0.1250257353094075300, 0.2438143398948017200, 0.3587245394303648600, 0.4709170225857868300, 0.5863144760364090700, 0.7108328651274157300, 0.8487495167574907700, 0.9999999999999998900 ),
 .UNSPECIFIED. ) ;
#1375 = B_SPLINE_CURVE_WITH_KNOTS ( 'NONE', 3,
 ( #7742, #7743, #7744, #7745, #7746, #7747, #7748, #7749, #7750, #7751, #7752 ),
 .UNSPECIFIED., .F., .F.,
 ( 4, 1, 1, 1, 1, 1, 1, 1, 4 ),
 ( 0.0000000000000000000, 0.09874654301149410300, 0.2002867347978593000, 0.3072879817624836800, 0.4213569529759709200, 0.5459536630534929100, 0.6828296798409495500, 0.8345746618632778900, 1.000000000000000000 ),
 .UNSPECIFIED. ) ;
#1376 = B_SPLINE_CURVE_WITH_KNOTS ( 'NONE', 3,
 ( #7753, #7754, #7755, #7756, #7757, #7758, #7759, #7760, #7761, #7762, #7763 ),
 .UNSPECIFIED., .F., .F.,
 ( 4, 1, 1, 1, 1, 1, 1, 1, 4 ),
 ( 0.0000000000000000000, 0.1503103030902406000, 0.2882868883487293400, 0.4177296430143361800, 0.5378569888759481300, 0.6526356275655464900, 0.7660659387415264000, 0.8818455189960090500, 1.000000000000000000 ),
 .UNSPECIFIED. ) ;
#1377 = B_SPLINE_CURVE_WITH_KNOTS ( 'NONE', 3,
 ( #7727, #7728, #7729, #7730, #7731, #7732, #7733, #7734, #7735, #7736, #7737 ),
 .UNSPECIFIED., .F., .F.,
 ( 4, 1, 1, 1, 1, 1, 1, 1, 4 ),
 ( 0.0000000000000000000, 0.1684634951889301100, 0.3193684012630447200, 0.4530786163945838000, 0.5696860292291412400, 0.6765834000212924700, 0.7824251918499550700, 0.8900404041992157100, 0.9999999999999998900 ),
 .UNSPECIFIED. ) ;
#1378 = B_SPLINE_CURVE_WITH_KNOTS ( 'NONE', 3,
 ( #7764, #7765, #7766, #7767, #7768, #7769, #7770, #7771, #7772, #7773, #7774 ),
 .UNSPECIFIED., .F., .F.,
 ( 4, 1, 1, 1, 1, 1, 1, 1, 4 ),
 ( 0.0000000000000000000, 0.1178836276408232000, 0.2316051454546722000, 0.3457892835860755800, 0.4630965380067401100, 0.5850620154468396700, 0.7150384810408050300, 0.8530793236933739100, 1.000000000000000000 ),
 .UNSPECIFIED. ) ;
#1379 = B_SPLINE_CURVE_WITH_KNOTS ( 'NONE', 3,
 ( #7856, #7857, #7858, #7859, #7860, #7861, #7862, #7863, #7864, #7865, #7866 ),
 .UNSPECIFIED., .F., .F.,
 ( 4, 1, 1, 1, 1, 1, 1, 1, 4 ),
 ( 0.0000000000000000000, 0.1717943297225833800, 0.3272923836299874200, 0.4667600869445157600, 0.5914535910118183800, 0.7038366373276526700, 0.8081447016961479400, 0.9062327641021086200, 1.000000000000000000 ),
 .UNSPECIFIED. ) ;
#1380 = B_SPLINE_CURVE_WITH_KNOTS ( 'NONE', 3,
 ( #7792, #7793, #7794, #7795, #7796, #7797, #7798, #7799, #7800, #7801, #7802 ),
 .UNSPECIFIED., .F., .F.,
 ( 4, 1, 1, 1, 1, 1, 1, 1, 4 ),
 ( 0.0000000000000000000, 0.1684634951889301100, 0.3193684012630447200, 0.4530786163945838000, 0.5696860292291412400, 0.6765834000212924700, 0.7824251918499550700, 0.8900404041992157100, 0.9999999999999998900 ),
 .UNSPECIFIED. ) ;
#1381 = B_SPLINE_CURVE_WITH_KNOTS ( 'NONE', 3,
 ( #7777, #7778, #7779, #7780, #7781, #7782, #7783, #7784, #7785, #7786, #7787 ),
 .UNSPECIFIED., .F., .F.,
 ( 4, 1, 1, 1, 1, 1, 1, 1, 4 ),
 ( 0.0000000000000000000, 0.1178836276408232000, 0.2316051454546722000, 0.3457892835860755800, 0.4630965380067401100, 0.5850620154468396700, 0.7150384810408050300, 0.8530793236933739100, 1.000000000000000000 ),
 .UNSPECIFIED. ) ;
#1382 = B_SPLINE_CURVE_WITH_KNOTS ( 'NONE', 3,
 ( #8014, #8015, #8016, #8017, #8018, #8019, #8020, #8021, #8022, #8023, #8024 ),
 .UNSPECIFIED., .F., .F.,
 ( 4, 1, 1, 1, 1, 1, 1, 1, 4 ),
 ( 0.0000000000000000000, 0.1188082764357436000, 0.2347270250529342200, 0.3472209946315993300, 0.4611885382195852800, 0.5790445751375236100, 0.7047304818725264000, 0.8462006209825555500, 1.000000000000000000 ),
 .UNSPECIFIED. ) ;
#1383 = B_SPLINE_CURVE_WITH_KNOTS ( 'NONE', 3,
 ( #7817, #7818, #7819, #7820, #7821, #7822, #7823, #7824, #7825, #7826, #7827 ),
 .UNSPECIFIED., .F., .F.,
 ( 4, 1, 1, 1, 1, 1, 1, 1, 4 ),
 ( 0.0000000000000000000, 0.09874654301149410300, 0.2002867347978593000, 0.3072879817624836800, 0.4213569529759709200, 0.5459536630534929100, 0.6828296798409495500, 0.8345746618632778900, 1.000000000000000000 ),
 .UNSPECIFIED. ) ;
#1384 = B_SPLINE_CURVE_WITH_KNOTS ( 'NONE', 3,
 ( #7828, #7829, #7830, #7831, #7832, #7833, #7834, #7835, #7836, #7837, #7838 ),
 .UNSPECIFIED., .F., .F.,
 ( 4, 1, 1, 1, 1, 1, 1, 1, 4 ),
 ( 0.0000000000000000000, 0.1503103030902406000, 0.2882868883487293400, 0.4177296430143361800, 0.5378569888759481300, 0.6526356275655464900, 0.7660659387415264000, 0.8818455189960090500, 1.000000000000000000 ),
 .UNSPECIFIED. ) ;
#1385 = B_SPLINE_CURVE_WITH_KNOTS ( 'NONE', 3,
 ( #7841, #7842, #7843, #7844, #7845, #7846, #7847, #7848, #7849, #7850, #7851 ),
 .UNSPECIFIED., .F., .F.,
 ( 4, 1, 1, 1, 1, 1, 1, 1, 4 ),
 ( 0.0000000000000000000, 0.1250257353094075300, 0.2438143398948017200, 0.3587245394303648600, 0.4709170225857868300, 0.5863144760364090700, 0.7108328651274157300, 0.8487495167574907700, 0.9999999999999998900 ),
 .UNSPECIFIED. ) ;
#1386 = B_SPLINE_CURVE_WITH_KNOTS ( 'NONE', 3,
 ( #8060, #8061, #8062, #8063, #8064, #8065, #8066, #8067, #8068, #8069, #8070 ),
 .UNSPECIFIED., .F., .F.,
 ( 4, 1, 1, 1, 1, 1, 1, 1, 4 ),
 ( 0.0000000000000000000, 0.1228048790217896000, 0.2468855089835879400, 0.3718446401774793100, 0.5004500733599125400, 0.6289290404625751400, 0.7545558216438916800, 0.8771951209782145000, 1.000000000000000000 ),
 .UNSPECIFIED. ) ;
#1387 = B_SPLINE_CURVE_WITH_KNOTS ( 'NONE', 3,
 ( #7901, #7902, #7903, #7904, #7905, #7906, #7907, #7908, #7909, #7910, #7911 ),
 .UNSPECIFIED., .F., .F.,
 ( 4, 1, 1, 1, 1, 1, 1, 1, 4 ),
 ( 0.0000000000000000000, 0.09794834232188851000, 0.2000848291071613500, 0.3085422290067179100, 0.4240640375986391400, 0.5490328908557053900, 0.6873600595659485900, 0.8368626202273116200, 1.000000000000000000 ),
 .UNSPECIFIED. ) ;
#1388 = B_SPLINE_CURVE_WITH_KNOTS ( 'NONE', 3,
 ( #7912, #7913, #7914, #7915, #7916, #7917, #7918, #7919, #7920, #7921, #7922 ),
 .UNSPECIFIED., .F., .F.,
 ( 4, 1, 1, 1, 1, 1, 1, 1, 4 ),
 ( 0.0000000000000000000, 0.1556269711063318400, 0.2957970307510528500, 0.4208515074363105000, 0.5330099173427300700, 0.6397202427495521900, 0.7516833603283983300, 0.8711897471092915300, 0.9999999999999998900 ),
 .UNSPECIFIED. ) ;
#1389 = B_SPLINE_CURVE_WITH_KNOTS ( 'NONE', 3,
 ( #8003, #8004, #8005, #8006, #8007, #8008, #8009, #8010, #8011 ),
 .UNSPECIFIED., .F., .F.,
 ( 4, 1, 1, 1, 1, 1, 4 ),
 ( 0.0000000000000000000, 0.2605774420645360400, 0.5424976965504000300, 0.6796568628294217300, 0.8012177302725237400, 0.9073296471210827700, 1.000000000000000000 ),
 .UNSPECIFIED. ) ;
#1390 = B_SPLINE_CURVE_WITH_KNOTS ( 'NONE', 3,
 ( #8039, #8040, #8041, #8042, #8043, #8044, #8045, #8046, #8047, #8048, #8049, #8050, #8051, #8052, #8053, #8054, #8055, #8056, #8057 ),
 .UNSPECIFIED., .F., .F.,
 ( 4, 1, 1, 1, 1, 1, 1, 1, 1, 1, 1, 1, 1, 1, 1, 1, 4 ),
 ( 0.0000000000000000000, 0.07050815297330222100, 0.1383163782636595800, 0.2031593777326896600, 0.2653346128907721500, 0.3253376927304437700, 0.3836644928466825800, 0.4400486527487961800, 0.4952782156860610100, 0.5507207486573481000, 0.6072729528639024800, 0.6654710337831979400, 0.7258377642752835700, 0.7890408396165101700, 0.8558027193120136800, 0.9258295079989048400, 1.000000000000000000 ),
 .UNSPECIFIED. ) ;
#1391 = B_SPLINE_CURVE_WITH_KNOTS ( 'NONE', 3,
 ( #8073, #8074, #8075, #8076, #8077, #8078, #8079, #8080, #8081, #8082, #8083 ),
 .UNSPECIFIED., .F., .F.,
 ( 4, 1, 1, 1, 1, 1, 1, 1, 4 ),
 ( 0.0000000000000000000, 0.1123240478670802500, 0.2251736308804396200, 0.3401739602379942900, 0.4570938888561419400, 0.5796487309861317900, 0.7102500410409200400, 0.8500009625096589500, 1.000000000000000000 ),
 .UNSPECIFIED. ) ;
#1392 = B_SPLINE_CURVE_WITH_KNOTS ( 'NONE', 3,
 ( #8275, #8276, #8277, #8278, #8279, #8280, #8281, #8282, #8283, #8284, #8285 ),
 .UNSPECIFIED., .F., .F.,
 ( 4, 1, 1, 1, 1, 1, 1, 1, 4 ),
 ( 0.0000000000000000000, 0.1249790721037397100, 0.2468212669203946900, 0.3663154931895829000, 0.4859243920049982600, 0.6078322038964806300, 0.7328204167177683200, 0.8633089401889720800, 0.9999999999999998900 ),
 .UNSPECIFIED. ) ;
#1393 = B_SPLINE_CURVE_WITH_KNOTS ( 'NONE', 3,
 ( #8249, #8250, #8251, #8252, #8253, #8254, #8255, #8256, #8257, #8258, #8259 ),
 .UNSPECIFIED., .F., .F.,
 ( 4, 1, 1, 1, 1, 1, 1, 1, 4 ),
 ( 0.0000000000000000000, 0.1070552347733366600, 0.2173572547893814800, 0.3325123162232289100, 0.4535792005441706700, 0.5805954420131156400, 0.7132443974846352000, 0.8528409967821575200, 1.000000000000000000 ),
 .UNSPECIFIED. ) ;
#1394 = B_SPLINE_CURVE_WITH_KNOTS ( 'NONE', 3,
 ( #8236, #8237, #8238, #8239, #8240, #8241, #8242, #8243, #8244, #8245, #8246 ),
 .UNSPECIFIED., .F., .F.,
 ( 4, 1, 1, 1, 1, 1, 1, 1, 4 ),
 ( 0.0000000000000000000, 0.1363909809987949000, 0.2672228844092047200, 0.3938544031343370100, 0.5174872626762914200, 0.6388825834428176800, 0.7587621009892971900, 0.8788532908852539900, 1.000000000000000000 ),
 .UNSPECIFIED. ) ;
#1395 = B_SPLINE_CURVE_WITH_KNOTS ( 'NONE', 3,
 ( #8262, #8263, #8264, #8265, #8266, #8267, #8268, #8269, #8270, #8271, #8272 ),
 .UNSPECIFIED., .F., .F.,
 ( 4, 1, 1, 1, 1, 1, 1, 1, 4 ),
 ( 0.0000000000000000000, 0.1476572334771600600, 0.2877734799855690100, 0.4214260811844743300, 0.5489910894036884600, 0.6706247349901089900, 0.7855338076948535900, 0.8953749552372990400, 1.000000000000000000 ),
 .UNSPECIFIED. ) ;
#1396 = B_SPLINE_CURVE_WITH_KNOTS ( 'NONE', 3,
 ( #8288, #8289, #8290, #8291, #8292, #8293, #8294, #8295, #8296, #8297, #8298 ),
 .UNSPECIFIED., .F., .F.,
 ( 4, 1, 1, 1, 1, 1, 1, 1, 4 ),
 ( 0.0000000000000000000, 0.1340492518697042600, 0.2630457730435126800, 0.3890724451322121700, 0.5124470092845159200, 0.6345369494846023800, 0.7556358922642975000, 0.8768632044590711800, 1.000000000000000000 ),
 .UNSPECIFIED. ) ;
#1397 = B_SPLINE_CURVE_WITH_KNOTS ( 'NONE', 3,
 ( #8301, #8302, #8303, #8304, #8305, #8306, #8307, #8308, #8309, #8310, #8311 ),
 .UNSPECIFIED., .F., .F.,
 ( 4, 1, 1, 1, 1, 1, 1, 1, 4 ),
 ( 0.0000000000000000000, 0.1063918198379831300, 0.2164476629227200000, 0.3313943154147658800, 0.4520014428224506900, 0.5785571418488312200, 0.7116987298020272000, 0.8518137637822893500, 1.000000000000000000 ),
 .UNSPECIFIED. ) ;
#1398 = B_SPLINE_CURVE_WITH_KNOTS ( 'NONE', 3,
 ( #8314, #8315, #8316, #8317, #8318, #8319, #8320, #8321, #8322, #8323, #8324 ),
 .UNSPECIFIED., .F., .F.,
 ( 4, 1, 1, 1, 1, 1, 1, 1, 4 ),
 ( 0.0000000000000000000, 0.1457701668129292000, 0.2844585821235541300, 0.4162060205845860000, 0.5426823525480175500, 0.6631805485205188900, 0.7792476700186106200, 0.8910729390317281300, 1.000000000000000000 ),
 .UNSPECIFIED. ) ;
#1399 = B_SPLINE_CURVE_WITH_KNOTS ( 'NONE', 3,
 ( #9022, #9023, #9024, #9025, #9026, #9027, #9028, #9029, #9030, #9031, #9032 ),
 .UNSPECIFIED., .F., .F.,
 ( 4, 1, 1, 1, 1, 1, 1, 1, 4 ),
 ( 0.0000000000000000000, 0.1178836276408190300, 0.2316051454546736400, 0.3457892835860728600, 0.4630965380067384500, 0.5850620154468390000, 0.7150384810408030300, 0.8530793236933749100, 1.000000000000000000 ),
 .UNSPECIFIED. ) ;
#1400 = B_SPLINE_CURVE_WITH_KNOTS ( 'NONE', 3,
 ( #9037, #9038, #9039, #9040, #9041, #9042, #9043, #9044, #9045, #9046, #9047 ),
 .UNSPECIFIED., .F., .F.,
 ( 4, 1, 1, 1, 1, 1, 1, 1, 4 ),
 ( 0.0000000000000000000, 0.1684634951889291100, 0.3193684012630490500, 0.4530786163945854100, 0.5696860292291365800, 0.6765834000212864700, 0.7824251918499528500, 0.8900404041992112700, 1.000000000000000000 ),
 .UNSPECIFIED. ) ;
#1401 = B_SPLINE_CURVE_WITH_KNOTS ( 'NONE', 3,
 ( #9150, #9151, #9152, #9153, #9154, #9155, #9156, #9157, #9158, #9159, #9160, #9161, #9162, #9163, #9164, #9165, #9166, #9167, #9168 ),
 .UNSPECIFIED., .F., .F.,
 ( 4, 1, 1, 1, 1, 1, 1, 1, 1, 1, 1, 1, 1, 1, 1, 1, 4 ),
 ( 0.0000000000000000000, 0.07050815297330287300, 0.1383163782636588300, 0.2031593777326915200, 0.2653346128907708700, 0.3253376927304424400, 0.3836644928466840800, 0.4400486527487976800, 0.4952782156860589000, 0.5507207486573486600, 0.6072729528639007100, 0.6654710337831989400, 0.7258377642752843500, 0.7890408396165098400, 0.8558027193120136800, 0.9258295079989046200, 0.9999999999999998900 ),
 .UNSPECIFIED. ) ;
#1402 = B_SPLINE_CURVE_WITH_KNOTS ( 'NONE', 3,
 ( #9137, #9138, #9139, #9140, #9141, #9142, #9143, #9144, #9145, #9146, #9147 ),
 .UNSPECIFIED., .F., .F.,
 ( 4, 1, 1, 1, 1, 1, 1, 1, 4 ),
 ( 0.0000000000000000000, 0.1556269711063313400, 0.2957970307510534600, 0.4208515074363102200, 0.5330099173427287300, 0.6397202427495498600, 0.7516833603283990000, 0.8711897471092914200, 0.9999999999999998900 ),
 .UNSPECIFIED. ) ;
#1403 = B_SPLINE_CURVE_WITH_KNOTS ( 'NONE', 3,
 ( #9126, #9127, #9128, #9129, #9130, #9131, #9132, #9133, #9134, #9135, #9136 ),
 .UNSPECIFIED., .F., .F.,
 ( 4, 1, 1, 1, 1, 1, 1, 1, 4 ),
 ( 0.0000000000000000000, 0.09794834232188577600, 0.2000848291071618800, 0.3085422290067205700, 0.4240640375986307100, 0.5490328908556997300, 0.6873600595659438200, 0.8368626202273008500, 1.000000000000000000 ),
 .UNSPECIFIED. ) ;
#1404 = B_SPLINE_CURVE_WITH_KNOTS ( 'NONE', 3,
 ( #9101, #9102, #9103, #9104, #9105, #9106, #9107, #9108, #9109, #9110, #9111 ),
 .UNSPECIFIED., .F., .F.,
 ( 4, 1, 1, 1, 1, 1, 1, 1, 4 ),
 ( 0.0000000000000000000, 0.1717943297225881500, 0.3272923836299899100, 0.4667600869445193100, 0.5914535910118191600, 0.7038366373276565600, 0.8081447016961488300, 0.9062327641021112900, 1.000000000000000000 ),
 .UNSPECIFIED. ) ;
#1405 = B_SPLINE_CURVE_WITH_KNOTS ( 'NONE', 3,
 ( #9086, #9087, #9088, #9089, #9090, #9091, #9092, #9093, #9094, #9095, #9096 ),
 .UNSPECIFIED., .F., .F.,
 ( 4, 1, 1, 1, 1, 1, 1, 1, 4 ),
 ( 0.0000000000000000000, 0.1250257353094156300, 0.2438143398948091300, 0.3587245394303679700, 0.4709170225857897100, 0.5863144760364124000, 0.7108328651274158400, 0.8487495167574893300, 1.000000000000000000 ),
 .UNSPECIFIED. ) ;
#1406 = B_SPLINE_CURVE_WITH_KNOTS ( 'NONE', 3,
 ( #9073, #9074, #9075, #9076, #9077, #9078, #9079, #9080, #9081, #9082, #9083 ),
 .UNSPECIFIED., .F., .F.,
 ( 4, 1, 1, 1, 1, 1, 1, 1, 4 ),
 ( 0.0000000000000000000, 0.1503103030902401500, 0.2882868883487260100, 0.4177296430143342400, 0.5378569888759484600, 0.6526356275655405000, 0.7660659387415272900, 0.8818455189960055000, 1.000000000000000000 ),
 .UNSPECIFIED. ) ;
#1407 = B_SPLINE_CURVE_WITH_KNOTS ( 'NONE', 3,
 ( #9009, #9010, #9011, #9012, #9013, #9014, #9015, #9016, #9017, #9018, #9019 ),
 .UNSPECIFIED., .F., .F.,
 ( 4, 1, 1, 1, 1, 1, 1, 1, 4 ),
 ( 0.0000000000000000000, 0.1222771393517771400, 0.2426478957669176700, 0.3645528958199151200, 0.4879944078353327700, 0.6127768858020199400, 0.7390035001634254200, 0.8673036449964207600, 1.000000000000000000 ),
 .UNSPECIFIED. ) ;
#1408 = B_SPLINE_CURVE_WITH_KNOTS ( 'NONE', 3,
 ( #9062, #9063, #9064, #9065, #9066, #9067, #9068, #9069, #9070, #9071, #9072 ),
 .UNSPECIFIED., .F., .F.,
 ( 4, 1, 1, 1, 1, 1, 1, 1, 4 ),
 ( 0.0000000000000000000, 0.09874654301149028700, 0.2002867347978611000, 0.3072879817624824000, 0.4213569529759639300, 0.5459536630534883600, 0.6828296798409512200, 0.8345746618632822200, 0.9999999999999998900 ),
 .UNSPECIFIED. ) ;
#1409 = B_SPLINE_CURVE_WITH_KNOTS ( 'NONE', 3,
 ( #9171, #9172, #9173, #9174, #9175, #9176, #9177, #9178, #9179, #9180, #9181 ),
 .UNSPECIFIED., .F., .F.,
 ( 4, 1, 1, 1, 1, 1, 1, 1, 4 ),
 ( 0.0000000000000000000, 0.1228048790217894500, 0.2468855089835885800, 0.3718446401774783700, 0.5004500733599118700, 0.6289290404625722500, 0.7545558216438893500, 0.8771951209782098400, 1.000000000000000000 ),
 .UNSPECIFIED. ) ;
#1410 = B_SPLINE_CURVE_WITH_KNOTS ( 'NONE', 3,
 ( #9184, #9185, #9186, #9187, #9188, #9189, #9190, #9191, #9192, #9193, #9194 ),
 .UNSPECIFIED., .F., .F.,
 ( 4, 1, 1, 1, 1, 1, 1, 1, 4 ),
 ( 0.0000000000000000000, 0.1123240478670788900, 0.2251736308804362100, 0.3401739602379905700, 0.4570938888561406600, 0.5796487309861299000, 0.7102500410409194900, 0.8500009625096592900, 1.000000000000000000 ),
 .UNSPECIFIED. ) ;
#1411 = B_SPLINE_CURVE_WITH_KNOTS ( 'NONE', 3,
 ( #9197, #9198, #9199, #9200, #9201, #9202, #9203, #9204, #9205, #9206, #9207 ),
 .UNSPECIFIED., .F., .F.,
 ( 4, 1, 1, 1, 1, 1, 1, 1, 4 ),
 ( 0.0000000000000000000, 0.1371382535293183500, 0.2683074236840042300, 0.3921945208785595500, 0.5111542049022684800, 0.6282915368450897600, 0.7488069049126217000, 0.8726436002424805500, 1.000000000000000000 ),
 .UNSPECIFIED. ) ;
#1412 = B_SPLINE_CURVE_WITH_KNOTS ( 'NONE', 3,
 ( #9218, #9219, #9220, #9221, #9222, #9223, #9224, #9225, #9226, #9227, #9228 ),
 .UNSPECIFIED., .F., .F.,
 ( 4, 1, 1, 1, 1, 1, 1, 1, 4 ),
 ( 0.0000000000000000000, 0.1288871128326908300, 0.2571182188266267800, 0.3868502267100666900, 0.5190265413787273900, 0.6489652269713321900, 0.7712423277463825700, 0.8885118568809722300, 0.9999999999999998900 ),
 .UNSPECIFIED. ) ;
#1413 = B_SPLINE_CURVE_WITH_KNOTS ( 'NONE', 3,
 ( #9231, #9232, #9233, #9234, #9235, #9236, #9237, #9238, #9239, #9240, #9241, #9242, #9243, #9244, #9245, #9246, #9247, #9248, #9249 ),
 .UNSPECIFIED., .F., .F.,
 ( 4, 1, 1, 1, 1, 1, 1, 1, 1, 1, 1, 1, 1, 1, 1, 1, 4 ),
 ( 0.0000000000000000000, 0.08148515513148499300, 0.1583627103935862100, 0.2310101669798778300, 0.3003051593370085800, 0.3668115908470245800, 0.4299466931144612600, 0.4911685245717046800, 0.5510233253377391200, 0.6091749727891293500, 0.6651083080072873700, 0.7190921441506005200, 0.7732297466354506300, 0.8277481735282643500, 0.8831905649820943600, 0.9403554336878631200, 1.000000000000000000 ),
 .UNSPECIFIED. ) ;
#1414 = B_SPLINE_CURVE_WITH_KNOTS ( 'NONE', 3,
 ( #9252, #9253, #9254, #9255, #9256, #9257, #9258, #9259, #9260, #9261, #9262 ),
 .UNSPECIFIED., .F., .F.,
 ( 4, 1, 1, 1, 1, 1, 1, 1, 4 ),
 ( 0.0000000000000000000, 0.1513581679372824300, 0.2842568926042211000, 0.4016247117995301900, 0.5081392608195305400, 0.6150981072352671400, 0.7310840102245914600, 0.8590272006649332100, 1.000000000000000000 ),
 .UNSPECIFIED. ) ;
#1415 = B_SPLINE_CURVE_WITH_KNOTS ( 'NONE', 3,
 ( #9265, #9266, #9267, #9268, #9269, #9270, #9271 ),
 .UNSPECIFIED., .F., .F.,
 ( 4, 1, 1, 1, 4 ),
 ( 0.0000000000000000000, 0.2272856862439018300, 0.4683475620309441900, 0.7256817926751888400, 1.000000000000000000 ),
 .UNSPECIFIED. ) ;
#1416 = B_SPLINE_CURVE_WITH_KNOTS ( 'NONE', 3,
 ( #9274, #9275, #9276, #9277, #9278, #9279, #9280, #9281, #9282, #9283, #9284, #9285, #9286, #9287, #9288, #9289, #9290, #9291, #9292 ),
 .UNSPECIFIED., .F., .F.,
 ( 4, 1, 1, 1, 1, 1, 1, 1, 1, 1, 1, 1, 1, 1, 1, 1, 4 ),
 ( 0.0000000000000000000, 0.07484077472689051900, 0.1459276906739695500, 0.2134073542623027000, 0.2780496123628734600, 0.3396010845772676200, 0.3998120810118374100, 0.4576814130207295100, 0.5144782957318261300, 0.5710999466092865400, 0.6274312732493875200, 0.6849475038721977200, 0.7432871521877364400, 0.8037452029176231900, 0.8665156344999365200, 0.9316860931993544700, 1.000000000000000000 ),
 .UNSPECIFIED. ) ;
#1417 = B_SPLINE_CURVE_WITH_KNOTS ( 'NONE', 3,
 ( #9295, #9296, #9297, #9298, #9299, #9300, #9301, #9302, #9303, #9304, #9305, #9306, #9307, #9308, #9309, #9310, #9311, #9312, #9313 ),
 .UNSPECIFIED., .F., .F.,
 ( 4, 1, 1, 1, 1, 1, 1, 1, 1, 1, 1, 1, 1, 1, 1, 1, 4 ),
 ( 0.0000000000000000000, 0.06269641779893307700, 0.1232373877365017100, 0.1821650623458588300, 0.2402521717490143100, 0.2980756469197194900, 0.3563883647293250600, 0.4161034846529413400, 0.4778985949443219100, 0.5404603264055307700, 0.6025432278646832800, 0.6649878262650589200, 0.7280323246031311600, 0.7928051401295367300, 0.8594657897566009300, 0.9281502137331963900, 1.000000000000000000 ),
 .UNSPECIFIED. ) ;
#1418 = B_SPLINE_CURVE_WITH_KNOTS ( 'NONE', 3,
 ( #9316, #9317, #9318, #9319, #9320, #9321, #9322, #9323, #9324, #9325, #9326 ),
 .UNSPECIFIED., .F., .F.,
 ( 4, 1, 1, 1, 1, 1, 1, 1, 4 ),
 ( 0.0000000000000000000, 0.1433273978964173000, 0.2803958869360134700, 0.4127570269214289000, 0.5406191931560718800, 0.6632675511379694200, 0.7805268405879592900, 0.8926678225288408000, 1.000000000000000000 ),
 .UNSPECIFIED. ) ;
#1419 = B_SPLINE_CURVE_WITH_KNOTS ( 'NONE', 3,
 ( #9337, #9338, #9339, #9340, #9341, #9342, #9343, #9344, #9345, #9346, #9347 ),
 .UNSPECIFIED., .F., .F.,
 ( 4, 1, 1, 1, 1, 1, 1, 1, 4 ),
 ( 0.0000000000000000000, 0.1094009317729926500, 0.2243024802153390200, 0.3462944381508414900, 0.4761369450025137500, 0.6088514006857854700, 0.7397610635772017300, 0.8695813604166365800, 1.000000000000000000 ),
 .UNSPECIFIED. ) ;
#1420 = B_SPLINE_CURVE_WITH_KNOTS ( 'NONE', 3,
 ( #9350, #9351, #9352, #9353, #9354, #9355, #9356, #9357, #9358, #9359, #9360, #9361, #9362, #9363, #9364, #9365, #9366, #9367, #9368 ),
 .UNSPECIFIED., .F., .F.,
 ( 4, 1, 1, 1, 1, 1, 1, 1, 1, 1, 1, 1, 1, 1, 1, 1, 4 ),
 ( 0.0000000000000000000, 0.07786893674187848900, 0.1513380232644977500, 0.2221984107329239800, 0.2902821181484482900, 0.3557013316632560200, 0.4191184737263626300, 0.4819855685903794400, 0.5434578152314534200, 0.6037785017374882600, 0.6616778090979699200, 0.7178196540080801200, 0.7729315047465695800, 0.8281436136191224800, 0.8835117626771670200, 0.9407076033712801200, 1.000000000000000000 ),
 .UNSPECIFIED. ) ;
#1421 = B_SPLINE_CURVE_WITH_KNOTS ( 'NONE', 3,
 ( #9369, #9370, #9371, #9372, #9373, #9374, #9375, #9376, #9377, #9378, #9379, #9380, #9381, #9382, #9383 ),
 .UNSPECIFIED., .F., .F.,
 ( 4, 1, 1, 1, 1, 1, 1, 1, 1, 1, 1, 1, 4 ),
 ( 0.0000000000000000000, 0.1346811585169582200, 0.2572585262720978300, 0.3683631288895833900, 0.4735938415341285900, 0.5265377478139053900, 0.5819972179096401000, 0.6413040282420053900, 0.7040656780394961600, 0.7705622271484037200, 0.8419956741563574500, 0.9183011584263282000, 1.000000000000000000 ),
 .UNSPECIFIED. ) ;
#1422 = B_SPLINE_CURVE_WITH_KNOTS ( 'NONE', 3,
 ( #9908, #9909, #9910, #9911, #9912, #9913, #9914, #9915, #9916, #9917, #9918 ),
 .UNSPECIFIED., .F., .F.,
 ( 4, 1, 1, 1, 1, 1, 1, 1, 4 ),
 ( 0.0000000000000000000, 0.1070552347733366600, 0.2173572547893814800, 0.3325123162232289100, 0.4535792005441706700, 0.5805954420131156400, 0.7132443974846352000, 0.8528409967821575200, 1.000000000000000000 ),
 .UNSPECIFIED. ) ;
#1423 = EDGE_LOOP ( 'NONE', ( #3158, #3160, #3161, #3163 ) ) ;
#1424 = EDGE_LOOP ( 'NONE', ( #3162, #3164, #3165, #3167 ) ) ;
#1425 = EDGE_LOOP ( 'NONE', ( #3166, #3168, #3169, #3171 ) ) ;
#1426 = EDGE_LOOP ( 'NONE', ( #3170, #3172, #3173, #3174 ) ) ;
#1427 = EDGE_LOOP ( 'NONE', ( #3175, #3177, #3176, #3178, #3179, #3180, #3181 ) ) ;
#1428 = EDGE_LOOP ( 'NONE', ( #3184, #3183, #3185, #3182, #3186, #3187, #3188, #3189, #3190, #3191, #3192 ) ) ;
#1429 = EDGE_LOOP ( 'NONE', ( #3193, #3195, #3194, #3196 ) ) ;
#1430 = EDGE_LOOP ( 'NONE', ( #3197, #3199, #3198, #3200 ) ) ;
#1431 = EDGE_LOOP ( 'NONE', ( #3201, #3203, #3202, #3204 ) ) ;
#1432 = EDGE_LOOP ( 'NONE', ( #3205, #3207, #3206, #3208 ) ) ;
#1433 = EDGE_LOOP ( 'NONE', ( #3209, #3211, #3210, #3212 ) ) ;
#1434 = EDGE_LOOP ( 'NONE', ( #3213, #3215, #3214, #3217 ) ) ;
#1435 = EDGE_LOOP ( 'NONE', ( #3218, #3220, #3216, #3219 ) ) ;
#1436 = EDGE_LOOP ( 'NONE', ( #3222, #3223, #3224, #3221, #3225, #3226, #3227 ) ) ;
#1437 = EDGE_LOOP ( 'NONE', ( #3229, #3230, #3228, #3231 ) ) ;
#1438 = EDGE_LOOP ( 'NONE', ( #3232, #3233, #3234, #3236 ) ) ;
#1439 = EDGE_LOOP ( 'NONE', ( #3235, #3237, #3238, #3378 ) ) ;
#1440 = EDGE_LOOP ( 'NONE', ( #3377, #3379, #3380, #3382 ) ) ;
#1441 = EDGE_LOOP ( 'NONE', ( #3381, #3383, #3384, #3386 ) ) ;
#1442 = EDGE_LOOP ( 'NONE', ( #3385, #3387, #3388, #3390 ) ) ;
#1443 = EDGE_LOOP ( 'NONE', ( #3391, #3392, #3393, #3389, #3394, #3395 ) ) ;
#1444 = EDGE_LOOP ( 'NONE', ( #3397, #3398, #3396, #3399 ) ) ;
#1445 = EDGE_LOOP ( 'NONE', ( #3400, #3401, #3402, #3404 ) ) ;
#1446 = EDGE_LOOP ( 'NONE', ( #3403, #3405, #3406, #3408 ) ) ;
#1447 = EDGE_LOOP ( 'NONE', ( #3407, #3409, #3410, #3412 ) ) ;
#1448 = EDGE_LOOP ( 'NONE', ( #3411, #3413, #3414, #3416 ) ) ;
#1449 = EDGE_LOOP ( 'NONE', ( #3415, #3417, #3418, #3420 ) ) ;
#1450 = EDGE_LOOP ( 'NONE', ( #3419, #3421, #3422, #3424 ) ) ;
#1451 = EDGE_LOOP ( 'NONE', ( #3423, #3425, #3426, #3427 ) ) ;
#1452 = EDGE_LOOP ( 'NONE', ( #3428, #3430, #3429 ) ) ;
#1453 = EDGE_LOOP ( 'NONE', ( #3433, #3432, #3434, #3431, #3435, #3436, #3437, #3438 ) ) ;
#1454 = EDGE_LOOP ( 'NONE', ( #3439, #3441, #3440, #3442 ) ) ;
#1455 = EDGE_LOOP ( 'NONE', ( #3443, #3445, #3444, #3447 ) ) ;
#1456 = EDGE_LOOP ( 'NONE', ( #3448, #3450, #3446, #3449 ) ) ;
#1457 = EDGE_LOOP ( 'NONE', ( #3452, #3453, #3454 ) ) ;
#1458 = EDGE_LOOP ( 'NONE', ( #3455, #3456, #3451, #3457 ) ) ;
#1459 = EDGE_LOOP ( 'NONE', ( #3458, #3459, #3460, #3462 ) ) ;
#1460 = EDGE_LOOP ( 'NONE', ( #3461, #3463, #3464, #3466 ) ) ;
#1461 = EDGE_LOOP ( 'NONE', ( #3465, #3467, #3468, #3470 ) ) ;
#1462 = EDGE_LOOP ( 'NONE', ( #3469, #3471, #3472, #3474 ) ) ;
#1463 = EDGE_LOOP ( 'NONE', ( #3473, #3475, #3476, #3478 ) ) ;
#1464 = EDGE_LOOP ( 'NONE', ( #3477, #3479, #3480, #3482 ) ) ;
#1465 = EDGE_LOOP ( 'NONE', ( #3481, #3483, #3484, #3486 ) ) ;
#1466 = EDGE_LOOP ( 'NONE', ( #3485, #3487, #3488, #3490 ) ) ;
#1467 = EDGE_LOOP ( 'NONE', ( #3489, #3491, #3492, #3493 ) ) ;
#1468 = EDGE_LOOP ( 'NONE', ( #3494, #3496, #3495, #3497, #3498, #3499, #3500 ) ) ;
#1469 = EDGE_LOOP ( 'NONE', ( #3501, #3503, #3502, #3504, #3505, #3506, #3507 ) ) ;
#1470 = EDGE_LOOP ( 'NONE', ( #3510, #3509, #3511, #3508, #3512, #3513, #3514, #3515, #1579, #1580 ) ) ;
#1471 = EDGE_LOOP ( 'NONE', ( #1581, #1583, #1582, #1584 ) ) ;
#1472 = EDGE_LOOP ( 'NONE', ( #1585, #1587, #1586, #1588 ) ) ;
#1473 = EDGE_LOOP ( 'NONE', ( #1589, #1591, #1590, #1592 ) ) ;
#1474 = EDGE_LOOP ( 'NONE', ( #1593, #1595, #1594, #1596 ) ) ;
#1475 = EDGE_LOOP ( 'NONE', ( #1597, #1599, #1598, #1600 ) ) ;
#1476 = EDGE_LOOP ( 'NONE', ( #1601, #1603, #1602, #1605 ) ) ;
#1477 = EDGE_LOOP ( 'NONE', ( #1606, #1608, #1604, #1607 ) ) ;
#1478 = EDGE_LOOP ( 'NONE', ( #1609, #1611, #1610, #1612 ) ) ;
#1479 = EDGE_LOOP ( 'NONE', ( #1613, #1615, #1614, #1616 ) ) ;
#1480 = EDGE_LOOP ( 'NONE', ( #1617, #1619, #1618, #1620 ) ) ;
#1481 = EDGE_LOOP ( 'NONE', ( #1621, #1623, #1622, #1624 ) ) ;
#1482 = EDGE_LOOP ( 'NONE', ( #1625, #1627, #1626, #1628 ) ) ;
#1483 = EDGE_LOOP ( 'NONE', ( #1629, #1631, #1630, #1633 ) ) ;
#1484 = EDGE_LOOP ( 'NONE', ( #1634, #1636, #1632, #1635 ) ) ;
#1485 = EDGE_LOOP ( 'NONE', ( #1638, #1639, #1640, #1637, #1641, #1642, #1643 ) ) ;
#1486 = EDGE_LOOP ( 'NONE', ( #1645, #1646, #1647, #1644, #1648, #1649, #1650 ) ) ;
#1487 = EDGE_LOOP ( 'NONE', ( #1652, #1653, #1651, #1654 ) ) ;
#1488 = EDGE_LOOP ( 'NONE', ( #1655, #1656, #1657, #1659 ) ) ;
#1489 = EDGE_LOOP ( 'NONE', ( #1658, #1660, #1661, #1663 ) ) ;
#1490 = EDGE_LOOP ( 'NONE', ( #1662, #1664, #1665, #1667 ) ) ;
#1491 = EDGE_LOOP ( 'NONE', ( #1666, #1668, #1669, #1671 ) ) ;
#1492 = EDGE_LOOP ( 'NONE', ( #1670, #1672, #1673, #1675 ) ) ;
#1493 = EDGE_LOOP ( 'NONE', ( #1674, #1676, #1677, #1679 ) ) ;
#1494 = EDGE_LOOP ( 'NONE', ( #1678, #1680, #1681, #1683 ) ) ;
#1495 = EDGE_LOOP ( 'NONE', ( #1682, #1684, #1685, #1687 ) ) ;
#1496 = EDGE_LOOP ( 'NONE', ( #1686, #1688, #1689, #1691 ) ) ;
#1497 = EDGE_LOOP ( 'NONE', ( #1690, #1692, #1693, #1695 ) ) ;
#1498 = EDGE_LOOP ( 'NONE', ( #1694, #1696, #1697, #1699 ) ) ;
#1499 = EDGE_LOOP ( 'NONE', ( #1698, #1700, #1701, #1703 ) ) ;
#1500 = EDGE_LOOP ( 'NONE', ( #1702, #1704, #1705, #1707 ) ) ;
#1501 = EDGE_LOOP ( 'NONE', ( #1706, #1708, #1709, #1711 ) ) ;
#1502 = EDGE_LOOP ( 'NONE', ( #1710, #1712, #1713, #1715 ) ) ;
#1503 = EDGE_LOOP ( 'NONE', ( #1714, #1716, #1717, #1718 ) ) ;
#1504 = EDGE_LOOP ( 'NONE', ( #3630, #3631, #3632, #3634 ) ) ;
#1505 = EDGE_LOOP ( 'NONE', ( #3633, #3635, #3636, #3638 ) ) ;
#1506 = EDGE_LOOP ( 'NONE', ( #3639, #3640, #3641, #3637, #3642, #3643, #3644, #3645, #3646, #3647, #3648, #3649, #3650, #3651, #3652, #3653, #3654, #3655, #3656 ) ) ;
#1507 = EDGE_LOOP ( 'NONE', ( #3658, #3659, #3657, #3660 ) ) ;
#1508 = EDGE_LOOP ( 'NONE', ( #3661, #3662, #3663, #3665 ) ) ;
#1509 = EDGE_LOOP ( 'NONE', ( #3664, #3666, #3667, #3669 ) ) ;
#1510 = EDGE_LOOP ( 'NONE', ( #3668, #3670, #3671, #3673 ) ) ;
#1511 = EDGE_LOOP ( 'NONE', ( #3672, #3674, #3675, #3677 ) ) ;
#1512 = EDGE_LOOP ( 'NONE', ( #3676, #3678, #3679, #3681 ) ) ;
#1513 = EDGE_LOOP ( 'NONE', ( #3680, #3682, #3683, #3685 ) ) ;
#1514 = EDGE_LOOP ( 'NONE', ( #3684, #3686, #3687, #3689 ) ) ;
#1515 = EDGE_LOOP ( 'NONE', ( #3688, #3690, #3691, #3693 ) ) ;
#1516 = EDGE_LOOP ( 'NONE', ( #3692, #3694, #3695, #3696 ) ) ;
#1517 = EDGE_LOOP ( 'NONE', ( #3697, #3699, #3698, #3700, #3701, #3702, #3703 ) ) ;
#1518 = EDGE_LOOP ( 'NONE', ( #3704, #3706, #3705, #3707, #3708, #3709, #3710 ) ) ;
#1519 = EDGE_LOOP ( 'NONE', ( #3713, #3712, #3714, #3711, #3715, #3716, #3717, #3718, #3719, #3720 ) ) ;
#1520 = EDGE_LOOP ( 'NONE', ( #3721, #3723, #3722, #3724 ) ) ;
#1521 = EDGE_LOOP ( 'NONE', ( #3725, #3727, #3726, #3728 ) ) ;
#1522 = EDGE_LOOP ( 'NONE', ( #3729, #3731, #3730, #3732 ) ) ;
#1523 = EDGE_LOOP ( 'NONE', ( #3733, #3735, #3734, #3736 ) ) ;
#1524 = EDGE_LOOP ( 'NONE', ( #3737, #3739, #3738, #3740 ) ) ;
#1525 = EDGE_LOOP ( 'NONE', ( #3741, #3743, #3742, #3745 ) ) ;
#1526 = EDGE_LOOP ( 'NONE', ( #3746, #3748, #3744, #3747 ) ) ;
#1527 = EDGE_LOOP ( 'NONE', ( #3749, #3751, #3750, #3752 ) ) ;
#1528 = EDGE_LOOP ( 'NONE', ( #3753, #3755, #3754, #3756 ) ) ;
#1529 = EDGE_LOOP ( 'NONE', ( #3757, #3759, #3758, #3760 ) ) ;
#1530 = EDGE_LOOP ( 'NONE', ( #3761, #3763, #3762, #3764 ) ) ;
#1531 = EDGE_LOOP ( 'NONE', ( #3765, #3767, #3766, #3768 ) ) ;
#1532 = EDGE_LOOP ( 'NONE', ( #3769, #3771, #3770, #3773 ) ) ;
#1533 = EDGE_LOOP ( 'NONE', ( #3774, #3776, #3772, #3775 ) ) ;
#1534 = EDGE_LOOP ( 'NONE', ( #3778, #3779, #3780, #3777, #3781, #3782, #3783 ) ) ;
#1535 = EDGE_LOOP ( 'NONE', ( #3785, #3786, #3787, #3784, #3788, #3789, #3790 ) ) ;
#1536 = EDGE_LOOP ( 'NONE', ( #3792, #3793, #3791, #3794 ) ) ;
#1537 = EDGE_LOOP ( 'NONE', ( #3795, #3796, #3797, #3799 ) ) ;
#1538 = EDGE_LOOP ( 'NONE', ( #3798, #3800, #3801, #3803 ) ) ;
#1539 = EDGE_LOOP ( 'NONE', ( #3802, #3804, #3805, #3807 ) ) ;
#1540 = EDGE_LOOP ( 'NONE', ( #3806, #3808, #3809, #3811 ) ) ;
#1541 = EDGE_LOOP ( 'NONE', ( #3810, #3812, #3813, #3815 ) ) ;
#1542 = EDGE_LOOP ( 'NONE', ( #3814, #3816, #3817, #3819 ) ) ;
#1543 = EDGE_LOOP ( 'NONE', ( #3818, #3820, #3821, #3822 ) ) ;
#1544 = EDGE_LOOP ( 'NONE', ( #3823, #3825, #3824 ) ) ;
#1545 = EDGE_LOOP ( 'NONE', ( #3828, #3827, #3829, #3826, #3830, #3831, #3832, #3833 ) ) ;
#1546 = EDGE_LOOP ( 'NONE', ( #3834, #3836, #3835, #3837 ) ) ;
#1547 = EDGE_LOOP ( 'NONE', ( #3838, #3840, #3839, #3842 ) ) ;
#1548 = EDGE_LOOP ( 'NONE', ( #3843, #3845, #3841, #3844 ) ) ;
#1549 = EDGE_LOOP ( 'NONE', ( #3847, #3848, #3849 ) ) ;
#1550 = EDGE_LOOP ( 'NONE', ( #3850, #3851, #3846, #3852 ) ) ;
#1551 = EDGE_LOOP ( 'NONE', ( #3853, #3854, #3855, #3857 ) ) ;
#1552 = EDGE_LOOP ( 'NONE', ( #3856, #3858, #3859, #3861 ) ) ;
#1553 = EDGE_LOOP ( 'NONE', ( #3860, #3862, #3863, #3865 ) ) ;
#1554 = EDGE_LOOP ( 'NONE', ( #3864, #3866, #3867, #3869 ) ) ;
#1555 = EDGE_LOOP ( 'NONE', ( #3868, #3870, #3871, #3873 ) ) ;
#1556 = EDGE_LOOP ( 'NONE', ( #3872, #3874, #3875, #3877 ) ) ;
#1557 = EDGE_LOOP ( 'NONE', ( #3876, #3878, #3879, #3881 ) ) ;
#1558 = EDGE_LOOP ( 'NONE', ( #3880, #3882, #3883, #3885 ) ) ;
#1559 = EDGE_LOOP ( 'NONE', ( #3884, #3886, #3887, #3889 ) ) ;
#1560 = EDGE_LOOP ( 'NONE', ( #3888, #3890, #3891, #3893 ) ) ;
#1561 = EDGE_LOOP ( 'NONE', ( #3892, #3894, #3895, #3897 ) ) ;
#1562 = EDGE_LOOP ( 'NONE', ( #3898, #3899, #3900, #3896, #3901, #3902, #3903, #3904, #3905, #3906, #3907, #3908 ) ) ;
#1563 = EDGE_LOOP ( 'NONE', ( #3910, #3911, #3909, #3912 ) ) ;
#1564 = EDGE_LOOP ( 'NONE', ( #3913, #3914, #3915, #3917 ) ) ;
#1565 = EDGE_LOOP ( 'NONE', ( #3916, #3918, #3919, #3240 ) ) ;
#1566 = EDGE_LOOP ( 'NONE', ( #3239, #3241, #3242, #3244 ) ) ;
#1567 = EDGE_LOOP ( 'NONE', ( #3243, #3245, #3246, #3248 ) ) ;
#1568 = EDGE_LOOP ( 'NONE', ( #3247, #3249, #3250, #3252 ) ) ;
#1569 = EDGE_LOOP ( 'NONE', ( #3251, #3253, #3254, #3256 ) ) ;
#1570 = EDGE_LOOP ( 'NONE', ( #3255, #3257, #3258, #3260 ) ) ;
#1571 = EDGE_LOOP ( 'NONE', ( #3259, #3261, #3262, #3264 ) ) ;
#1572 = EDGE_LOOP ( 'NONE', ( #3263, #3265, #3266, #3268 ) ) ;
#1573 = EDGE_LOOP ( 'NONE', ( #3267, #3269, #3270, #3272 ) ) ;
#1574 = EDGE_LOOP ( 'NONE', ( #3271, #3273, #3274, #3276 ) ) ;
#1575 = EDGE_LOOP ( 'NONE', ( #3275, #3277, #3278, #3280 ) ) ;
#1576 = EDGE_LOOP ( 'NONE', ( #3279, #3281, #3282, #3284 ) ) ;
#1577 = EDGE_LOOP ( 'NONE', ( #3283, #3285, #3286, #3288 ) ) ;
#1578 = ORIENTED_EDGE ( 'NONE', *, *, #1043, .T. ) ;
#1579 = ORIENTED_EDGE ( 'NONE', *, *, #1013, .F. ) ;
#1580 = ORIENTED_EDGE ( 'NONE', *, *, #1011, .F. ) ;
#1581 = ORIENTED_EDGE ( 'NONE', *, *, #2307, .F. ) ;
#1582 = ORIENTED_EDGE ( 'NONE', *, *, #1041, .T. ) ;
#1583 = ORIENTED_EDGE ( 'NONE', *, *, #2306, .F. ) ;
#1584 = ORIENTED_EDGE ( 'NONE', *, *, #2308, .T. ) ;
#1585 = ORIENTED_EDGE ( 'NONE', *, *, #2310, .F. ) ;
#1586 = ORIENTED_EDGE ( 'NONE', *, *, #1036, .T. ) ;
#1587 = ORIENTED_EDGE ( 'NONE', *, *, #2309, .F. ) ;
#1588 = ORIENTED_EDGE ( 'NONE', *, *, #2306, .T. ) ;
#1589 = ORIENTED_EDGE ( 'NONE', *, *, #2312, .F. ) ;
#1590 = ORIENTED_EDGE ( 'NONE', *, *, #1034, .T. ) ;
#1591 = ORIENTED_EDGE ( 'NONE', *, *, #2311, .F. ) ;
#1592 = ORIENTED_EDGE ( 'NONE', *, *, #2309, .T. ) ;
#1593 = ORIENTED_EDGE ( 'NONE', *, *, #2314, .F. ) ;
#1594 = ORIENTED_EDGE ( 'NONE', *, *, #1037, .T. ) ;
#1595 = ORIENTED_EDGE ( 'NONE', *, *, #2313, .F. ) ;
#1596 = ORIENTED_EDGE ( 'NONE', *, *, #2311, .T. ) ;
#1597 = ORIENTED_EDGE ( 'NONE', *, *, #2316, .F. ) ;
#1598 = ORIENTED_EDGE ( 'NONE', *, *, #1038, .T. ) ;
#1599 = ORIENTED_EDGE ( 'NONE', *, *, #2315, .F. ) ;
#1600 = ORIENTED_EDGE ( 'NONE', *, *, #2313, .T. ) ;
#1601 = ORIENTED_EDGE ( 'NONE', *, *, #2318, .F. ) ;
#1602 = ORIENTED_EDGE ( 'NONE', *, *, #1039, .T. ) ;
#1603 = ORIENTED_EDGE ( 'NONE', *, *, #2317, .F. ) ;
#1604 = ORIENTED_EDGE ( 'NONE', *, *, #1040, .T. ) ;
#1605 = ORIENTED_EDGE ( 'NONE', *, *, #2315, .T. ) ;
#1606 = ORIENTED_EDGE ( 'NONE', *, *, #2319, .F. ) ;
#1607 = ORIENTED_EDGE ( 'NONE', *, *, #2317, .T. ) ;
#1608 = ORIENTED_EDGE ( 'NONE', *, *, #2308, .F. ) ;
#1609 = ORIENTED_EDGE ( 'NONE', *, *, #2321, .F. ) ;
#1610 = ORIENTED_EDGE ( 'NONE', *, *, #1035, .T. ) ;
#1611 = ORIENTED_EDGE ( 'NONE', *, *, #2320, .F. ) ;
#1612 = ORIENTED_EDGE ( 'NONE', *, *, #2322, .T. ) ;
#1613 = ORIENTED_EDGE ( 'NONE', *, *, #2324, .F. ) ;
#1614 = ORIENTED_EDGE ( 'NONE', *, *, #1029, .T. ) ;
#1615 = ORIENTED_EDGE ( 'NONE', *, *, #2323, .F. ) ;
#1616 = ORIENTED_EDGE ( 'NONE', *, *, #2320, .T. ) ;
#1617 = ORIENTED_EDGE ( 'NONE', *, *, #2326, .F. ) ;
#1618 = ORIENTED_EDGE ( 'NONE', *, *, #1028, .T. ) ;
#1619 = ORIENTED_EDGE ( 'NONE', *, *, #2325, .F. ) ;
#1620 = ORIENTED_EDGE ( 'NONE', *, *, #2323, .T. ) ;
#1621 = ORIENTED_EDGE ( 'NONE', *, *, #2328, .F. ) ;
#1622 = ORIENTED_EDGE ( 'NONE', *, *, #1030, .T. ) ;
#1623 = ORIENTED_EDGE ( 'NONE', *, *, #2327, .F. ) ;
#1624 = ORIENTED_EDGE ( 'NONE', *, *, #2325, .T. ) ;
#1625 = ORIENTED_EDGE ( 'NONE', *, *, #2330, .F. ) ;
#1626 = ORIENTED_EDGE ( 'NONE', *, *, #1031, .T. ) ;
#1627 = ORIENTED_EDGE ( 'NONE', *, *, #2329, .F. ) ;
#1628 = ORIENTED_EDGE ( 'NONE', *, *, #2327, .T. ) ;
#1629 = ORIENTED_EDGE ( 'NONE', *, *, #2332, .F. ) ;
#1630 = ORIENTED_EDGE ( 'NONE', *, *, #1032, .T. ) ;
#1631 = ORIENTED_EDGE ( 'NONE', *, *, #2331, .F. ) ;
#1632 = ORIENTED_EDGE ( 'NONE', *, *, #1033, .T. ) ;
#1633 = ORIENTED_EDGE ( 'NONE', *, *, #2329, .T. ) ;
#1634 = ORIENTED_EDGE ( 'NONE', *, *, #2333, .F. ) ;
#1635 = ORIENTED_EDGE ( 'NONE', *, *, #2331, .T. ) ;
#1636 = ORIENTED_EDGE ( 'NONE', *, *, #2322, .F. ) ;
#1637 = ORIENTED_EDGE ( 'NONE', *, *, #2318, .T. ) ;
#1638 = ORIENTED_EDGE ( 'NONE', *, *, #2310, .T. ) ;
#1639 = ORIENTED_EDGE ( 'NONE', *, *, #2307, .T. ) ;
#1640 = ORIENTED_EDGE ( 'NONE', *, *, #2319, .T. ) ;
#1641 = ORIENTED_EDGE ( 'NONE', *, *, #2316, .T. ) ;
#1642 = ORIENTED_EDGE ( 'NONE', *, *, #2314, .T. ) ;
#1643 = ORIENTED_EDGE ( 'NONE', *, *, #2312, .T. ) ;
#1644 = ORIENTED_EDGE ( 'NONE', *, *, #2332, .T. ) ;
#1645 = ORIENTED_EDGE ( 'NONE', *, *, #2324, .T. ) ;
#1646 = ORIENTED_EDGE ( 'NONE', *, *, #2321, .T. ) ;
#1647 = ORIENTED_EDGE ( 'NONE', *, *, #2333, .T. ) ;
#1648 = ORIENTED_EDGE ( 'NONE', *, *, #2330, .T. ) ;
#1649 = ORIENTED_EDGE ( 'NONE', *, *, #2328, .T. ) ;
#1650 = ORIENTED_EDGE ( 'NONE', *, *, #2326, .T. ) ;
#1651 = ORIENTED_EDGE ( 'NONE', *, *, #2335, .T. ) ;
#1652 = ORIENTED_EDGE ( 'NONE', *, *, #1089, .F. ) ;
#1653 = ORIENTED_EDGE ( 'NONE', *, *, #2334, .F. ) ;
#1654 = ORIENTED_EDGE ( 'NONE', *, *, #2336, .T. ) ;
#1655 = ORIENTED_EDGE ( 'NONE', *, *, #1092, .F. ) ;
#1656 = ORIENTED_EDGE ( 'NONE', *, *, #2336, .F. ) ;
#1657 = ORIENTED_EDGE ( 'NONE', *, *, #2337, .T. ) ;
#1658 = ORIENTED_EDGE ( 'NONE', *, *, #1093, .F. ) ;
#1659 = ORIENTED_EDGE ( 'NONE', *, *, #2338, .T. ) ;
#1660 = ORIENTED_EDGE ( 'NONE', *, *, #2338, .F. ) ;
#1661 = ORIENTED_EDGE ( 'NONE', *, *, #2339, .T. ) ;
#1662 = ORIENTED_EDGE ( 'NONE', *, *, #1094, .F. ) ;
#1663 = ORIENTED_EDGE ( 'NONE', *, *, #2340, .T. ) ;
#1664 = ORIENTED_EDGE ( 'NONE', *, *, #2340, .F. ) ;
#1665 = ORIENTED_EDGE ( 'NONE', *, *, #2341, .T. ) ;
#1666 = ORIENTED_EDGE ( 'NONE', *, *, #1095, .F. ) ;
#1667 = ORIENTED_EDGE ( 'NONE', *, *, #2342, .T. ) ;
#1668 = ORIENTED_EDGE ( 'NONE', *, *, #2342, .F. ) ;
#1669 = ORIENTED_EDGE ( 'NONE', *, *, #2343, .T. ) ;
#1670 = ORIENTED_EDGE ( 'NONE', *, *, #1096, .F. ) ;
#1671 = ORIENTED_EDGE ( 'NONE', *, *, #2344, .T. ) ;
#1672 = ORIENTED_EDGE ( 'NONE', *, *, #2344, .F. ) ;
#1673 = ORIENTED_EDGE ( 'NONE', *, *, #2345, .T. ) ;
#1674 = ORIENTED_EDGE ( 'NONE', *, *, #1097, .F. ) ;
#1675 = ORIENTED_EDGE ( 'NONE', *, *, #2346, .T. ) ;
#1676 = ORIENTED_EDGE ( 'NONE', *, *, #2346, .F. ) ;
#1677 = ORIENTED_EDGE ( 'NONE', *, *, #2347, .T. ) ;
#1678 = ORIENTED_EDGE ( 'NONE', *, *, #1098, .F. ) ;
#1679 = ORIENTED_EDGE ( 'NONE', *, *, #2348, .T. ) ;
#1680 = ORIENTED_EDGE ( 'NONE', *, *, #2348, .F. ) ;
#1681 = ORIENTED_EDGE ( 'NONE', *, *, #2349, .T. ) ;
#1682 = ORIENTED_EDGE ( 'NONE', *, *, #1099, .F. ) ;
#1683 = ORIENTED_EDGE ( 'NONE', *, *, #2350, .T. ) ;
#1684 = ORIENTED_EDGE ( 'NONE', *, *, #2350, .F. ) ;
#1685 = ORIENTED_EDGE ( 'NONE', *, *, #2351, .T. ) ;
#1686 = ORIENTED_EDGE ( 'NONE', *, *, #1100, .F. ) ;
#1687 = ORIENTED_EDGE ( 'NONE', *, *, #2352, .T. ) ;
#1688 = ORIENTED_EDGE ( 'NONE', *, *, #2352, .F. ) ;
#1689 = ORIENTED_EDGE ( 'NONE', *, *, #2353, .T. ) ;
#1690 = ORIENTED_EDGE ( 'NONE', *, *, #1101, .F. ) ;
#1691 = ORIENTED_EDGE ( 'NONE', *, *, #2354, .T. ) ;
#1692 = ORIENTED_EDGE ( 'NONE', *, *, #2354, .F. ) ;
#1693 = ORIENTED_EDGE ( 'NONE', *, *, #2355, .T. ) ;
#1694 = ORIENTED_EDGE ( 'NONE', *, *, #1102, .F. ) ;
#1695 = ORIENTED_EDGE ( 'NONE', *, *, #2356, .T. ) ;
#1696 = ORIENTED_EDGE ( 'NONE', *, *, #2356, .F. ) ;
#1697 = ORIENTED_EDGE ( 'NONE', *, *, #2357, .T. ) ;
#1698 = ORIENTED_EDGE ( 'NONE', *, *, #1103, .F. ) ;
#1699 = ORIENTED_EDGE ( 'NONE', *, *, #2358, .T. ) ;
#1700 = ORIENTED_EDGE ( 'NONE', *, *, #2358, .F. ) ;
#1701 = ORIENTED_EDGE ( 'NONE', *, *, #2359, .T. ) ;
#1702 = ORIENTED_EDGE ( 'NONE', *, *, #1104, .F. ) ;
#1703 = ORIENTED_EDGE ( 'NONE', *, *, #2360, .T. ) ;
#1704 = ORIENTED_EDGE ( 'NONE', *, *, #2360, .F. ) ;
#1705 = ORIENTED_EDGE ( 'NONE', *, *, #2361, .T. ) ;
#1706 = ORIENTED_EDGE ( 'NONE', *, *, #1105, .F. ) ;
#1707 = ORIENTED_EDGE ( 'NONE', *, *, #2362, .T. ) ;
#1708 = ORIENTED_EDGE ( 'NONE', *, *, #2362, .F. ) ;
#1709 = ORIENTED_EDGE ( 'NONE', *, *, #2363, .T. ) ;
#1710 = ORIENTED_EDGE ( 'NONE', *, *, #1106, .F. ) ;
#1711 = ORIENTED_EDGE ( 'NONE', *, *, #2364, .T. ) ;
#1712 = ORIENTED_EDGE ( 'NONE', *, *, #2364, .F. ) ;
#1713 = ORIENTED_EDGE ( 'NONE', *, *, #2365, .T. ) ;
#1714 = ORIENTED_EDGE ( 'NONE', *, *, #1107, .F. ) ;
#1715 = ORIENTED_EDGE ( 'NONE', *, *, #2366, .T. ) ;
#1716 = ORIENTED_EDGE ( 'NONE', *, *, #2366, .F. ) ;
#1717 = ORIENTED_EDGE ( 'NONE', *, *, #2367, .T. ) ;
#1718 = ORIENTED_EDGE ( 'NONE', *, *, #2369, .T. ) ;
#1719 = VERTEX_POINT ( 'NONE', #8325 ) ;
#1720 = VERTEX_POINT ( 'NONE', #8326 ) ;
#1721 = VERTEX_POINT ( 'NONE', #8327 ) ;
#1722 = EDGE_LOOP ( 'NONE', ( #3299, #3301, #3302, #3304 ) ) ;
#1723 = EDGE_LOOP ( 'NONE', ( #3305, #3306, #3307, #3303, #3308, #3309, #3310, #3311, #3312, #3313, #3314, #3315, #3316, #3317, #3318, #3319, #3320, #3321, #3322 ) ) ;
#1724 = CLOSED_SHELL ( 'NONE', ( #841, #840, #2415, #2416, #2414, #2417, #2418, #2419, #2420, #2421, #2422, #2423, #2424, #2425, #2426, #2427, #2428, #2429, #2430, #2431, #2432, #2433, #2434, #2435, #2436, #2437, #2438, #2392, #2378, #2381, #2384, #2379, #2383, #2380, #893, #2385, #2370, #2377, #2382, #2376, #2375, #2374, #2371, #2373, #2372, #2387, #2388, #2386, #2391, #2389, #2390, #864, #863, #862, #861, #860, #859, #858, #857, #856, #855, #854, #853, #852, #851, #850, #849, #848, #847, #846, #845, #844, #843, #842, #2400, #2402, #2399, #2403, #2398, #2404, #2397, #2405, #2396, #2406, #2395, #2407, #2394, #2408, #2393, #2409, #894, #2410, #2411, #2412, #2413, #2401, #976, #975, #974, #973, #972, #971, #970, #969, #968, #967, #835, #838, #839, #837, #836, #791, #716, #742, #691, #890, #889, #888, #887, #886, #885, #884, #883, #882, #881, #880, #879, #878, #877, #876, #875, #874, #873, #872, #871, #870, #869, #868, #867, #866, #865, #941, #942, #943, #944, #945, #946, #947, #948, #949, #950, #951, #952, #953, #954, #955, #956, #957, #958, #959, #960, #961, #962, #963, #964, #965, #966, #834, #833, #832, #831, #830, #829, #828, #827, #826, #825, #824, #823, #822, #821, #820, #819, #818, #817, #816, #815, #814, #813, #812, #811, #810, #809, #689, #688, #687, #690, #805, #713, #712, #765, #766, #804, #741, #686, #758, #790, #745, #777, #717, #802, #739, #794, #806, #698, #697, #703, #770, #699 ) ) ;
#1725 = VERTEX_POINT ( 'NONE', #8328 ) ;
#1726 = VERTEX_POINT ( 'NONE', #8329 ) ;
#1727 = VERTEX_POINT ( 'NONE', #8330 ) ;
#1728 = VERTEX_POINT ( 'NONE', #8331 ) ;
#1729 = VERTEX_POINT ( 'NONE', #8332 ) ;
#1730 = VERTEX_POINT ( 'NONE', #8333 ) ;
#1731 = VERTEX_POINT ( 'NONE', #8334 ) ;
#1732 = VERTEX_POINT ( 'NONE', #8335 ) ;
#1733 = VERTEX_POINT ( 'NONE', #8336 ) ;
#1734 = VERTEX_POINT ( 'NONE', #8337 ) ;
#1735 = VERTEX_POINT ( 'NONE', #8338 ) ;
#1736 = VERTEX_POINT ( 'NONE', #8339 ) ;
#1737 = VERTEX_POINT ( 'NONE', #8340 ) ;
#1738 = VERTEX_POINT ( 'NONE', #8341 ) ;
#1739 = VERTEX_POINT ( 'NONE', #8342 ) ;
#1740 = VERTEX_POINT ( 'NONE', #8343 ) ;
#1741 = VERTEX_POINT ( 'NONE', #8344 ) ;
#1742 = VERTEX_POINT ( 'NONE', #8345 ) ;
#1743 = VERTEX_POINT ( 'NONE', #8346 ) ;
#1744 = VERTEX_POINT ( 'NONE', #8347 ) ;
#1745 = VERTEX_POINT ( 'NONE', #8348 ) ;
#1746 = VERTEX_POINT ( 'NONE', #8349 ) ;
#1747 = VERTEX_POINT ( 'NONE', #8350 ) ;
#1748 = VERTEX_POINT ( 'NONE', #8351 ) ;
#1749 = VERTEX_POINT ( 'NONE', #8352 ) ;
#1750 = VERTEX_POINT ( 'NONE', #8353 ) ;
#1751 = VERTEX_POINT ( 'NONE', #8354 ) ;
#1752 = VERTEX_POINT ( 'NONE', #8355 ) ;
#1753 = VERTEX_POINT ( 'NONE', #8356 ) ;
#1754 = VERTEX_POINT ( 'NONE', #8357 ) ;
#1755 = VERTEX_POINT ( 'NONE', #8358 ) ;
#1756 = VERTEX_POINT ( 'NONE', #8359 ) ;
#1757 = VERTEX_POINT ( 'NONE', #8360 ) ;
#1758 = VERTEX_POINT ( 'NONE', #8361 ) ;
#1759 = VERTEX_POINT ( 'NONE', #8362 ) ;
#1760 = VERTEX_POINT ( 'NONE', #8363 ) ;
#1761 = VERTEX_POINT ( 'NONE', #8364 ) ;
#1762 = VERTEX_POINT ( 'NONE', #8365 ) ;
#1763 = VERTEX_POINT ( 'NONE', #8366 ) ;
#1764 = VERTEX_POINT ( 'NONE', #8367 ) ;
#1765 = VERTEX_POINT ( 'NONE', #8368 ) ;
#1766 = VERTEX_POINT ( 'NONE', #8369 ) ;
#1767 = VERTEX_POINT ( 'NONE', #8370 ) ;
#1768 = VERTEX_POINT ( 'NONE', #8371 ) ;
#1769 = VERTEX_POINT ( 'NONE', #8372 ) ;
#1770 = VERTEX_POINT ( 'NONE', #8373 ) ;
#1771 = VERTEX_POINT ( 'NONE', #8374 ) ;
#1772 = VERTEX_POINT ( 'NONE', #8375 ) ;
#1773 = VERTEX_POINT ( 'NONE', #8376 ) ;
#1774 = VERTEX_POINT ( 'NONE', #8377 ) ;
#1775 = VERTEX_POINT ( 'NONE', #8378 ) ;
#1776 = VERTEX_POINT ( 'NONE', #8379 ) ;
#1777 = VERTEX_POINT ( 'NONE', #8380 ) ;
#1778 = VERTEX_POINT ( 'NONE', #8381 ) ;
#1779 = VERTEX_POINT ( 'NONE', #8382 ) ;
#1780 = VERTEX_POINT ( 'NONE', #8383 ) ;
#1781 = VERTEX_POINT ( 'NONE', #8384 ) ;
#1782 = VERTEX_POINT ( 'NONE', #8385 ) ;
#1783 = VERTEX_POINT ( 'NONE', #8386 ) ;
#1784 = VERTEX_POINT ( 'NONE', #8387 ) ;
#1785 = VERTEX_POINT ( 'NONE', #8388 ) ;
#1786 = VERTEX_POINT ( 'NONE', #8389 ) ;
#1787 = VERTEX_POINT ( 'NONE', #8390 ) ;
#1788 = VERTEX_POINT ( 'NONE', #8391 ) ;
#1789 = VERTEX_POINT ( 'NONE', #8392 ) ;
#1790 = VERTEX_POINT ( 'NONE', #8393 ) ;
#1791 = VERTEX_POINT ( 'NONE', #8394 ) ;
#1792 = VERTEX_POINT ( 'NONE', #8395 ) ;
#1793 = VERTEX_POINT ( 'NONE', #8396 ) ;
#1794 = VERTEX_POINT ( 'NONE', #8397 ) ;
#1795 = VERTEX_POINT ( 'NONE', #8398 ) ;
#1796 = VERTEX_POINT ( 'NONE', #8399 ) ;
#1797 = VERTEX_POINT ( 'NONE', #8400 ) ;
#1798 = VERTEX_POINT ( 'NONE', #8401 ) ;
#1799 = VERTEX_POINT ( 'NONE', #8402 ) ;
#1800 = VERTEX_POINT ( 'NONE', #8403 ) ;
#1801 = VERTEX_POINT ( 'NONE', #8404 ) ;
#1802 = VERTEX_POINT ( 'NONE', #8405 ) ;
#1803 = VERTEX_POINT ( 'NONE', #8406 ) ;
#1804 = VERTEX_POINT ( 'NONE', #8407 ) ;
#1805 = VERTEX_POINT ( 'NONE', #8408 ) ;
#1806 = VERTEX_POINT ( 'NONE', #8409 ) ;
#1807 = VERTEX_POINT ( 'NONE', #8410 ) ;
#1808 = VERTEX_POINT ( 'NONE', #8411 ) ;
#1809 = VERTEX_POINT ( 'NONE', #8412 ) ;
#1810 = VERTEX_POINT ( 'NONE', #8413 ) ;
#1811 = VERTEX_POINT ( 'NONE', #8414 ) ;
#1812 = VERTEX_POINT ( 'NONE', #8415 ) ;
#1813 = VERTEX_POINT ( 'NONE', #8416 ) ;
#1814 = VERTEX_POINT ( 'NONE', #8417 ) ;
#1815 = VERTEX_POINT ( 'NONE', #8418 ) ;
#1816 = VERTEX_POINT ( 'NONE', #8419 ) ;
#1817 = VERTEX_POINT ( 'NONE', #8420 ) ;
#1818 = VERTEX_POINT ( 'NONE', #8421 ) ;
#1819 = VERTEX_POINT ( 'NONE', #8422 ) ;
#1820 = VERTEX_POINT ( 'NONE', #8423 ) ;
#1821 = VERTEX_POINT ( 'NONE', #8424 ) ;
#1822 = VERTEX_POINT ( 'NONE', #8425 ) ;
#1823 = VERTEX_POINT ( 'NONE', #8426 ) ;
#1824 = VERTEX_POINT ( 'NONE', #8427 ) ;
#1825 = VERTEX_POINT ( 'NONE', #8428 ) ;
#1826 = VERTEX_POINT ( 'NONE', #8429 ) ;
#1827 = VERTEX_POINT ( 'NONE', #8430 ) ;
#1828 = VERTEX_POINT ( 'NONE', #8431 ) ;
#1829 = VERTEX_POINT ( 'NONE', #8432 ) ;
#1830 = VERTEX_POINT ( 'NONE', #8433 ) ;
#1831 = VERTEX_POINT ( 'NONE', #8831 ) ;
#1832 = VERTEX_POINT ( 'NONE', #8832 ) ;
#1833 = VERTEX_POINT ( 'NONE', #8833 ) ;
#1834 = VERTEX_POINT ( 'NONE', #8834 ) ;
#1835 = VERTEX_POINT ( 'NONE', #8835 ) ;
#1836 = VERTEX_POINT ( 'NONE', #8836 ) ;
#1837 = VERTEX_POINT ( 'NONE', #8837 ) ;
#1838 = VERTEX_POINT ( 'NONE', #8838 ) ;
#1839 = VERTEX_POINT ( 'NONE', #8839 ) ;
#1840 = VERTEX_POINT ( 'NONE', #8840 ) ;
#1841 = VERTEX_POINT ( 'NONE', #8841 ) ;
#1842 = VERTEX_POINT ( 'NONE', #8842 ) ;
#1843 = VERTEX_POINT ( 'NONE', #8843 ) ;
#1844 = VERTEX_POINT ( 'NONE', #8844 ) ;
#1845 = VERTEX_POINT ( 'NONE', #8845 ) ;
#1846 = VERTEX_POINT ( 'NONE', #8846 ) ;
#1847 = VERTEX_POINT ( 'NONE', #8847 ) ;
#1848 = VERTEX_POINT ( 'NONE', #8848 ) ;
#1849 = VERTEX_POINT ( 'NONE', #8849 ) ;
#1850 = VERTEX_POINT ( 'NONE', #8850 ) ;
#1851 = VERTEX_POINT ( 'NONE', #8851 ) ;
#1852 = VERTEX_POINT ( 'NONE', #8852 ) ;
#1853 = VERTEX_POINT ( 'NONE', #8853 ) ;
#1854 = VERTEX_POINT ( 'NONE', #8854 ) ;
#1855 = VERTEX_POINT ( 'NONE', #8855 ) ;
#1856 = VERTEX_POINT ( 'NONE', #8856 ) ;
#1857 = VERTEX_POINT ( 'NONE', #8857 ) ;
#1858 = VERTEX_POINT ( 'NONE', #8858 ) ;
#1859 = VERTEX_POINT ( 'NONE', #8859 ) ;
#1860 = VERTEX_POINT ( 'NONE', #8860 ) ;
#1861 = VERTEX_POINT ( 'NONE', #8861 ) ;
#1862 = VERTEX_POINT ( 'NONE', #8862 ) ;
#1863 = VERTEX_POINT ( 'NONE', #8863 ) ;
#1864 = VERTEX_POINT ( 'NONE', #8864 ) ;
#1865 = VERTEX_POINT ( 'NONE', #8865 ) ;
#1866 = VERTEX_POINT ( 'NONE', #8866 ) ;
#1867 = VERTEX_POINT ( 'NONE', #8867 ) ;
#1868 = VERTEX_POINT ( 'NONE', #8868 ) ;
#1869 = VERTEX_POINT ( 'NONE', #8869 ) ;
#1870 = VERTEX_POINT ( 'NONE', #8870 ) ;
#1871 = VERTEX_POINT ( 'NONE', #8871 ) ;
#1872 = VERTEX_POINT ( 'NONE', #8872 ) ;
#1873 = VERTEX_POINT ( 'NONE', #8873 ) ;
#1874 = VERTEX_POINT ( 'NONE', #8874 ) ;
#1875 = VERTEX_POINT ( 'NONE', #8875 ) ;
#1876 = VERTEX_POINT ( 'NONE', #8876 ) ;
#1877 = VERTEX_POINT ( 'NONE', #8877 ) ;
#1878 = VERTEX_POINT ( 'NONE', #8878 ) ;
#1879 = VERTEX_POINT ( 'NONE', #8879 ) ;
#1880 = VERTEX_POINT ( 'NONE', #8880 ) ;
#1881 = VERTEX_POINT ( 'NONE', #8881 ) ;
#1882 = VERTEX_POINT ( 'NONE', #8882 ) ;
#1883 = VERTEX_POINT ( 'NONE', #8883 ) ;
#1884 = VERTEX_POINT ( 'NONE', #8884 ) ;
#1885 = VERTEX_POINT ( 'NONE', #8885 ) ;
#1886 = VERTEX_POINT ( 'NONE', #8886 ) ;
#1887 = VERTEX_POINT ( 'NONE', #8887 ) ;
#1888 = VERTEX_POINT ( 'NONE', #8888 ) ;
#1889 = VERTEX_POINT ( 'NONE', #8889 ) ;
#1890 = VERTEX_POINT ( 'NONE', #8890 ) ;
#1891 = VERTEX_POINT ( 'NONE', #8891 ) ;
#1892 = VERTEX_POINT ( 'NONE', #8892 ) ;
#1893 = VERTEX_POINT ( 'NONE', #8893 ) ;
#1894 = VERTEX_POINT ( 'NONE', #8894 ) ;
#1895 = VERTEX_POINT ( 'NONE', #8895 ) ;
#1896 = VERTEX_POINT ( 'NONE', #8896 ) ;
#1897 = VERTEX_POINT ( 'NONE', #8897 ) ;
#1898 = VERTEX_POINT ( 'NONE', #8898 ) ;
#1899 = VERTEX_POINT ( 'NONE', #8899 ) ;
#1900 = VERTEX_POINT ( 'NONE', #8900 ) ;
#1901 = VERTEX_POINT ( 'NONE', #8901 ) ;
#1902 = VERTEX_POINT ( 'NONE', #8902 ) ;
#1903 = VERTEX_POINT ( 'NONE', #8903 ) ;
#1904 = VERTEX_POINT ( 'NONE', #8904 ) ;
#1905 = VERTEX_POINT ( 'NONE', #8905 ) ;
#1906 = VERTEX_POINT ( 'NONE', #8906 ) ;
#1907 = VERTEX_POINT ( 'NONE', #8907 ) ;
#1908 = VERTEX_POINT ( 'NONE', #8908 ) ;
#1909 = VERTEX_POINT ( 'NONE', #8909 ) ;
#1910 = VERTEX_POINT ( 'NONE', #8910 ) ;
#1911 = VERTEX_POINT ( 'NONE', #8911 ) ;
#1912 = VERTEX_POINT ( 'NONE', #8912 ) ;
#1913 = VERTEX_POINT ( 'NONE', #8913 ) ;
#1914 = VERTEX_POINT ( 'NONE', #8914 ) ;
#1915 = VERTEX_POINT ( 'NONE', #8915 ) ;
#1916 = VERTEX_POINT ( 'NONE', #8916 ) ;
#1917 = VERTEX_POINT ( 'NONE', #8917 ) ;
#1918 = VERTEX_POINT ( 'NONE', #8918 ) ;
#1919 = VERTEX_POINT ( 'NONE', #8919 ) ;
#1920 = VERTEX_POINT ( 'NONE', #8920 ) ;
#1921 = VERTEX_POINT ( 'NONE', #8921 ) ;
#1922 = VERTEX_POINT ( 'NONE', #8922 ) ;
#1923 = VERTEX_POINT ( 'NONE', #8923 ) ;
#1924 = VERTEX_POINT ( 'NONE', #8924 ) ;
#1925 = VERTEX_POINT ( 'NONE', #8925 ) ;
#1926 = VERTEX_POINT ( 'NONE', #8926 ) ;
#1927 = VERTEX_POINT ( 'NONE', #8927 ) ;
#1928 = VERTEX_POINT ( 'NONE', #8928 ) ;
#1929 = VERTEX_POINT ( 'NONE', #8929 ) ;
#1930 = VERTEX_POINT ( 'NONE', #8930 ) ;
#1931 = VERTEX_POINT ( 'NONE', #8931 ) ;
#1932 = VERTEX_POINT ( 'NONE', #8932 ) ;
#1933 = VERTEX_POINT ( 'NONE', #8933 ) ;
#1934 = VERTEX_POINT ( 'NONE', #8934 ) ;
#1935 = VERTEX_POINT ( 'NONE', #8935 ) ;
#1936 = VERTEX_POINT ( 'NONE', #8936 ) ;
#1937 = VERTEX_POINT ( 'NONE', #8937 ) ;
#1938 = VERTEX_POINT ( 'NONE', #8938 ) ;
#1939 = VERTEX_POINT ( 'NONE', #8939 ) ;
#1940 = VERTEX_POINT ( 'NONE', #8940 ) ;
#1941 = VERTEX_POINT ( 'NONE', #8941 ) ;
#1942 = VERTEX_POINT ( 'NONE', #8942 ) ;
#1943 = VERTEX_POINT ( 'NONE', #8943 ) ;
#1944 = VERTEX_POINT ( 'NONE', #8944 ) ;
#1945 = VERTEX_POINT ( 'NONE', #8945 ) ;
#1946 = VERTEX_POINT ( 'NONE', #8946 ) ;
#1947 = VERTEX_POINT ( 'NONE', #8947 ) ;
#1948 = VERTEX_POINT ( 'NONE', #8948 ) ;
#1949 = VERTEX_POINT ( 'NONE', #8949 ) ;
#1950 = VERTEX_POINT ( 'NONE', #8950 ) ;
#1951 = VERTEX_POINT ( 'NONE', #8951 ) ;
#1952 = VERTEX_POINT ( 'NONE', #8952 ) ;
#1953 = VERTEX_POINT ( 'NONE', #8953 ) ;
#1954 = VERTEX_POINT ( 'NONE', #8954 ) ;
#1955 = VERTEX_POINT ( 'NONE', #8955 ) ;
#1956 = VERTEX_POINT ( 'NONE', #8956 ) ;
#1957 = VERTEX_POINT ( 'NONE', #8957 ) ;
#1958 = VERTEX_POINT ( 'NONE', #8958 ) ;
#1959 = VERTEX_POINT ( 'NONE', #8959 ) ;
#1960 = VERTEX_POINT ( 'NONE', #8960 ) ;
#1961 = VERTEX_POINT ( 'NONE', #8961 ) ;
#1962 = VERTEX_POINT ( 'NONE', #8962 ) ;
#1963 = VERTEX_POINT ( 'NONE', #8963 ) ;
#1964 = VERTEX_POINT ( 'NONE', #8964 ) ;
#1965 = VERTEX_POINT ( 'NONE', #8965 ) ;
#1966 = VERTEX_POINT ( 'NONE', #8966 ) ;
#1967 = VERTEX_POINT ( 'NONE', #8967 ) ;
#1968 = VERTEX_POINT ( 'NONE', #8968 ) ;
#1969 = VERTEX_POINT ( 'NONE', #8969 ) ;
#1970 = VERTEX_POINT ( 'NONE', #8970 ) ;
#1971 = VERTEX_POINT ( 'NONE', #8971 ) ;
#1972 = VERTEX_POINT ( 'NONE', #8972 ) ;
#1973 = VERTEX_POINT ( 'NONE', #8973 ) ;
#1974 = VERTEX_POINT ( 'NONE', #8974 ) ;
#1975 = VERTEX_POINT ( 'NONE', #8975 ) ;
#1976 = VERTEX_POINT ( 'NONE', #8976 ) ;
#1977 = VERTEX_POINT ( 'NONE', #8977 ) ;
#1978 = VERTEX_POINT ( 'NONE', #8978 ) ;
#1979 = VERTEX_POINT ( 'NONE', #8979 ) ;
#1980 = VERTEX_POINT ( 'NONE', #8980 ) ;
#1981 = VERTEX_POINT ( 'NONE', #8981 ) ;
#1982 = VERTEX_POINT ( 'NONE', #8982 ) ;
#1983 = VERTEX_POINT ( 'NONE', #8983 ) ;
#1984 = VERTEX_POINT ( 'NONE', #8984 ) ;
#1985 = VERTEX_POINT ( 'NONE', #8985 ) ;
#1986 = VERTEX_POINT ( 'NONE', #8986 ) ;
#1987 = VERTEX_POINT ( 'NONE', #8987 ) ;
#1988 = VERTEX_POINT ( 'NONE', #8988 ) ;
#1989 = VERTEX_POINT ( 'NONE', #8989 ) ;
#1990 = VERTEX_POINT ( 'NONE', #8990 ) ;
#1991 = VERTEX_POINT ( 'NONE', #8991 ) ;
#1992 = VERTEX_POINT ( 'NONE', #8992 ) ;
#1993 = VERTEX_POINT ( 'NONE', #8993 ) ;
#1994 = VERTEX_POINT ( 'NONE', #8994 ) ;
#1995 = VERTEX_POINT ( 'NONE', #8995 ) ;
#1996 = VERTEX_POINT ( 'NONE', #8996 ) ;
#1997 = VERTEX_POINT ( 'NONE', #8997 ) ;
#1998 = VERTEX_POINT ( 'NONE', #8998 ) ;
#1999 = VERTEX_POINT ( 'NONE', #8999 ) ;
#2000 = VERTEX_POINT ( 'NONE', #9000 ) ;
#2001 = VERTEX_POINT ( 'NONE', #9001 ) ;
#2002 = VERTEX_POINT ( 'NONE', #9002 ) ;
#2003 = VERTEX_POINT ( 'NONE', #9003 ) ;
#2004 = VERTEX_POINT ( 'NONE', #9004 ) ;
#2005 = VERTEX_POINT ( 'NONE', #9005 ) ;
#2006 = VERTEX_POINT ( 'NONE', #9006 ) ;
#2007 = CARTESIAN_POINT ( 'NONE',  ( 0.6565600829959010700, -0.5718407022048623800, -0.007601688016670349700 ) ) ;
#2008 = CARTESIAN_POINT ( 'NONE',  ( 0.6565600829959010700, -0.5723407022048624400, -0.007601688016670349700 ) ) ;
#2009 = CARTESIAN_POINT ( 'NONE',  ( 0.6562216121627273400, -0.5718407022048626100, -0.005603693062689411700 ) ) ;
#2010 = CARTESIAN_POINT ( 'NONE',  ( 0.6562216121627273400, -0.5723407022048627700, -0.005603693062689411700 ) ) ;
#2011 = CARTESIAN_POINT ( 'NONE',  ( 0.6560178162677270400, -0.5718407022048624900, -0.003473961471021479400 ) ) ;
#2012 = CARTESIAN_POINT ( 'NONE',  ( 0.6560178162677270400, -0.5723407022048626600, -0.003473961471021479400 ) ) ;
#2013 = CARTESIAN_POINT ( 'NONE',  ( 0.6559940457351971500, -0.5718407022048626100, -0.002013207712554846700 ) ) ;
#2014 = CARTESIAN_POINT ( 'NONE',  ( 0.6559940457351971500, -0.5723407022048626600, -0.002013207712554846700 ) ) ;
#2015 = CARTESIAN_POINT ( 'NONE',  ( 0.6559818189297784700, -0.5718407022048626100, -0.001261842468765232400 ) ) ;
#2016 = CARTESIAN_POINT ( 'NONE',  ( 0.6559818189297784700, -0.5723407022048626600, -0.001261842468765232400 ) ) ;
#2017 = PLANE ( 'NONE',  #456 ) ;
#2018 = CARTESIAN_POINT ( 'NONE',  ( 0.7657185212057312500, -0.5718407022048624900, -0.05093543670975803800 ) ) ;
#2019 = DIRECTION ( 'NONE',  ( 1.055067505502835800E-013, 1.000000000000000000, -1.558294480431787700E-012 ) ) ;
#2020 = DIRECTION ( 'NONE',  ( 0.0000000000000000000, 1.558294480431787700E-012, 1.000000000000000000 ) ) ;
#2021 = CARTESIAN_POINT ( 'NONE',  ( 0.7288299201956011100, -0.5718407022048624900, 0.08071996132870314100 ) ) ;
#2022 = DIRECTION ( 'NONE',  ( 1.622879996236195800E-015, -1.000000000000000000, -0.0000000000000000000 ) ) ;
#2023 = CARTESIAN_POINT ( 'NONE',  ( 0.7784224834867404800, -0.5718407022048623800, 0.07894780942996897100 ) ) ;
#2024 = DIRECTION ( 'NONE',  ( 1.622879996236195800E-015, -1.000000000000000000, -0.0000000000000000000 ) ) ;
#2025 = PLANE ( 'NONE',  #451 ) ;
#2026 = CARTESIAN_POINT ( 'NONE',  ( 0.5631337176639555900, -0.5718407022048627200, 0.1010997081641461900 ) ) ;
#2027 = DIRECTION ( 'NONE',  ( 0.0000000000000000000, 0.0000000000000000000, 1.000000000000000000 ) ) ;
#2028 = DIRECTION ( 'NONE',  ( 1.000000000000000000, 0.0000000000000000000, -0.0000000000000000000 ) ) ;
#2029 = CARTESIAN_POINT ( 'NONE',  ( 0.6943461385500316900, -0.5718407022048624900, -0.01614020481053739200 ) ) ;
#2030 = CARTESIAN_POINT ( 'NONE',  ( 0.6943461385500316900, -0.5723407022048624400, -0.01614020481053739200 ) ) ;
#2031 = CARTESIAN_POINT ( 'NONE',  ( 0.6951619832020979900, -0.5718407022048624900, -0.01634735875111685600 ) ) ;
#2032 = CARTESIAN_POINT ( 'NONE',  ( 0.6951619832020979900, -0.5723407022048624400, -0.01634735875111685600 ) ) ;
#2033 = CARTESIAN_POINT ( 'NONE',  ( 0.6967527514224859400, -0.5718407022048626100, -0.01675127621820728100 ) ) ;
#2034 = CARTESIAN_POINT ( 'NONE',  ( 0.6967527514224859400, -0.5723407022048626600, -0.01675127621820728100 ) ) ;
#2035 = CARTESIAN_POINT ( 'NONE',  ( 0.6990244317167261200, -0.5718407022048624900, -0.01753209395418402900 ) ) ;
#2036 = CARTESIAN_POINT ( 'NONE',  ( 0.6990244317167261200, -0.5723407022048624400, -0.01753209395418402900 ) ) ;
#2037 = CARTESIAN_POINT ( 'NONE',  ( 0.7011350991582873100, -0.5718407022048626100, -0.01840881499530542400 ) ) ;
#2038 = CARTESIAN_POINT ( 'NONE',  ( 0.7011350991582873100, -0.5723407022048625500, -0.01840881499530542400 ) ) ;
#2039 = CARTESIAN_POINT ( 'NONE',  ( 0.7030922730349206100, -0.5718407022048626100, -0.01937000544535997700 ) ) ;
#2040 = CARTESIAN_POINT ( 'NONE',  ( 0.7030922730349206100, -0.5723407022048625500, -0.01937000544535997700 ) ) ;
#2041 = CARTESIAN_POINT ( 'NONE',  ( 0.7048720282094722600, -0.5718407022048626100, -0.02048169799052590400 ) ) ;
#2042 = CARTESIAN_POINT ( 'NONE',  ( 0.7048720282094722600, -0.5723407022048625500, -0.02048169799052590400 ) ) ;
#2043 = CARTESIAN_POINT ( 'NONE',  ( 0.7065030670420688900, -0.5718407022048624900, -0.02167744981702419300 ) ) ;
#2044 = CARTESIAN_POINT ( 'NONE',  ( 0.7065030670420688900, -0.5723407022048624400, -0.02167744981702419300 ) ) ;
#2045 = CARTESIAN_POINT ( 'NONE',  ( 0.7079580784208700000, -0.5718407022048626100, -0.02300476448938356200 ) ) ;
#2046 = CARTESIAN_POINT ( 'NONE',  ( 0.7079580784208700000, -0.5723407022048625500, -0.02300476448938356200 ) ) ;
#2047 = CARTESIAN_POINT ( 'NONE',  ( 0.7092648099575378200, -0.5718407022048623800, -0.02442272817641305500 ) ) ;
#2048 = CARTESIAN_POINT ( 'NONE',  ( 0.7092648099575378200, -0.5723407022048623300, -0.02442272817641305500 ) ) ;
#2049 = CARTESIAN_POINT ( 'NONE',  ( 0.7104115925613311300, -0.5718407022048626100, -0.02595335325111899200 ) ) ;
#2050 = CARTESIAN_POINT ( 'NONE',  ( 0.7104115925613311300, -0.5723407022048626600, -0.02595335325111899200 ) ) ;
#2051 = CARTESIAN_POINT ( 'NONE',  ( 0.7113887926762763000, -0.5718407022048622700, -0.02760507779611122400 ) ) ;
#2052 = CARTESIAN_POINT ( 'NONE',  ( 0.7113887926762763000, -0.5723407022048623300, -0.02760507779611122400 ) ) ;
#2053 = CARTESIAN_POINT ( 'NONE',  ( 0.7122373846831737700, -0.5718407022048624900, -0.02934877485350360900 ) ) ;
#2054 = CARTESIAN_POINT ( 'NONE',  ( 0.7122373846831737700, -0.5723407022048624400, -0.02934877485350360900 ) ) ;
#2055 = CARTESIAN_POINT ( 'NONE',  ( 0.7129015992282904400, -0.5718407022048622700, -0.03121929970682198500 ) ) ;
#2056 = CARTESIAN_POINT ( 'NONE',  ( 0.7129015992282904400, -0.5723407022048623300, -0.03121929970682198500 ) ) ;
#2057 = CARTESIAN_POINT ( 'NONE',  ( 0.7134526650967019100, -0.5718407022048627200, -0.03318784117448025200 ) ) ;
#2058 = CARTESIAN_POINT ( 'NONE',  ( 0.7134526650967019100, -0.5723407022048626600, -0.03318784117448025200 ) ) ;
#2059 = CARTESIAN_POINT ( 'NONE',  ( 0.7138019637079947600, -0.5718407022048624900, -0.03527931870894064600 ) ) ;
#2060 = CARTESIAN_POINT ( 'NONE',  ( 0.7138019637079947600, -0.5723407022048624400, -0.03527931870894064600 ) ) ;
#2061 = CARTESIAN_POINT ( 'NONE',  ( 0.7140572377271600100, -0.5718407022048626100, -0.03747357215280112300 ) ) ;
#2062 = CARTESIAN_POINT ( 'NONE',  ( 0.7140572377271600100, -0.5723407022048625500, -0.03747357215280112300 ) ) ;
#2063 = CARTESIAN_POINT ( 'NONE',  ( 0.7140743348695025600, -0.5718407022048624900, -0.03897529860662307000 ) ) ;
#2064 = CARTESIAN_POINT ( 'NONE',  ( 0.7140743348695025600, -0.5723407022048624400, -0.03897529860662307000 ) ) ;
#2065 = CARTESIAN_POINT ( 'NONE',  ( 0.7140830847525631000, -0.5718407022048624900, -0.03974384405104372500 ) ) ;
#2066 = CARTESIAN_POINT ( 'NONE',  ( 0.7140830847525631000, -0.5723407022048624400, -0.03974384405104372500 ) ) ;
#2067 = CARTESIAN_POINT ( 'NONE',  ( 0.7032306322209177500, -0.5718407022048626100, 0.07653879044262718000 ) ) ;
#2068 = CARTESIAN_POINT ( 'NONE',  ( 0.7026830009257338800, -0.5718407022048626100, 0.07695388795123329900 ) ) ;
#2069 = CARTESIAN_POINT ( 'NONE',  ( 0.7015961769956057200, -0.5718407022048626100, 0.07777768657205237600 ) ) ;
#2070 = CARTESIAN_POINT ( 'NONE',  ( 0.7001905818718141500, -0.5718407022048624900, 0.07925610951356036600 ) ) ;
#2071 = CARTESIAN_POINT ( 'NONE',  ( 0.6989380124793817000, -0.5718407022048624900, 0.08085452081394345300 ) ) ;
#2072 = CARTESIAN_POINT ( 'NONE',  ( 0.6978902796260866300, -0.5718407022048624900, 0.08263412517445102600 ) ) ;
#2073 = CARTESIAN_POINT ( 'NONE',  ( 0.6970406217376241600, -0.5718407022048624900, 0.08461927130304679200 ) ) ;
#2074 = CARTESIAN_POINT ( 'NONE',  ( 0.6964576541864514500, -0.5718407022048626100, 0.08684823782413866900 ) ) ;
#2075 = CARTESIAN_POINT ( 'NONE',  ( 0.6961157643950395300, -0.5718407022048624900, 0.08932092710015998600 ) ) ;
#2076 = CARTESIAN_POINT ( 'NONE',  ( 0.6960693422177741700, -0.5718407022048626100, 0.09104713365030692200 ) ) ;
#2077 = CARTESIAN_POINT ( 'NONE',  ( 0.6960451100690189200, -0.5718407022048624900, 0.09194820499958922300 ) ) ;
#2078 = CARTESIAN_POINT ( 'NONE',  ( 0.7988299201956011700, -0.5718407022048623800, 0.1077729676578170800 ) ) ;
#2079 = DIRECTION ( 'NONE',  ( 1.622879996236195800E-015, -1.000000000000000000, -0.0000000000000000000 ) ) ;
#2080 = CARTESIAN_POINT ( 'NONE',  ( 0.6854121986766136300, -0.5718407022048626100, 0.1427452777843993500 ) ) ;
#2081 = DIRECTION ( 'NONE',  ( 1.000000000000000000, 7.180403127451918400E-015, 0.0000000000000000000 ) ) ;
#2082 = CARTESIAN_POINT ( 'NONE',  ( 0.7580704265247150100, -0.5723407022048624400, 0.1077729676578170800 ) ) ;
#2083 = CARTESIAN_POINT ( 'NONE',  ( 0.7580834758583928600, -0.5723407022048624400, 0.1066554618515730800 ) ) ;
#2084 = CARTESIAN_POINT ( 'NONE',  ( 0.7581088584305849500, -0.5723407022048624400, 0.1044817744816254200 ) ) ;
#2085 = CARTESIAN_POINT ( 'NONE',  ( 0.7583883310138278500, -0.5723407022048624400, 0.1013217986067475600 ) ) ;
#2086 = CARTESIAN_POINT ( 'NONE',  ( 0.7587799213631872800, -0.5723407022048624400, 0.09834693337646745200 ) ) ;
#2087 = CARTESIAN_POINT ( 'NONE',  ( 0.7593998060090192400, -0.5723407022048624400, 0.09557957407806902400 ) ) ;
#2088 = CARTESIAN_POINT ( 'NONE',  ( 0.7601494160226312000, -0.5723407022048624400, 0.09299858089215162800 ) ) ;
#2089 = CARTESIAN_POINT ( 'NONE',  ( 0.7610949455613809100, -0.5723407022048624400, 0.09062262244742123900 ) ) ;
#2090 = CARTESIAN_POINT ( 'NONE',  ( 0.7622025782745174300, -0.5723407022048624400, 0.08843664369937906400 ) ) ;
#2091 = CARTESIAN_POINT ( 'NONE',  ( 0.7634727812089594500, -0.5723407022048624400, 0.08645104735391882800 ) ) ;
#2092 = CARTESIAN_POINT ( 'NONE',  ( 0.7649005255618478400, -0.5723407022048623300, 0.08468812506472636600 ) ) ;
#2093 = CARTESIAN_POINT ( 'NONE',  ( 0.7664579902320513000, -0.5723407022048624400, 0.08315123835967400100 ) ) ;
#2094 = CARTESIAN_POINT ( 'NONE',  ( 0.7681440354660745700, -0.5723407022048623300, 0.08184993392005797400 ) ) ;
#2095 = CARTESIAN_POINT ( 'NONE',  ( 0.7699621477884136500, -0.5723407022048623300, 0.08079362650612481600 ) ) ;
#2096 = CARTESIAN_POINT ( 'NONE',  ( 0.7718954860636569900, -0.5723407022048624400, 0.07994818521598867600 ) ) ;
#2097 = CARTESIAN_POINT ( 'NONE',  ( 0.7739665945450185900, -0.5723407022048623300, 0.07937939469313848300 ) ) ;
#2098 = CARTESIAN_POINT ( 'NONE',  ( 0.7761517631411194400, -0.5723407022048623300, 0.07899942051975002200 ) ) ;
#2099 = CARTESIAN_POINT ( 'NONE',  ( 0.7776547135670053300, -0.5723407022048623300, 0.07896526003428272500 ) ) ;
#2100 = CARTESIAN_POINT ( 'NONE',  ( 0.7784224834867404800, -0.5723407022048624400, 0.07894780942996897100 ) ) ;
#2101 = CARTESIAN_POINT ( 'NONE',  ( 0.6855368031069936100, -0.5718407022048624900, -0.05472307664598043100 ) ) ;
#2102 = DIRECTION ( 'NONE',  ( 1.622879996236195800E-015, -1.000000000000000000, -0.0000000000000000000 ) ) ;
#2103 = CARTESIAN_POINT ( 'NONE',  ( 0.7140830847525631000, -0.5718407022048624900, -0.03974384405104372500 ) ) ;
#2104 = CARTESIAN_POINT ( 'NONE',  ( 0.7140645373033132100, -0.5718407022048626100, -0.04062527763520522300 ) ) ;
#2105 = CARTESIAN_POINT ( 'NONE',  ( 0.7140280800498530800, -0.5718407022048626100, -0.04235784188989105700 ) ) ;
#2106 = CARTESIAN_POINT ( 'NONE',  ( 0.7136198738938194200, -0.5718407022048624900, -0.04489108573787654900 ) ) ;
#2107 = CARTESIAN_POINT ( 'NONE',  ( 0.7130048197513270100, -0.5718407022048624900, -0.04731114136014342300 ) ) ;
#2108 = CARTESIAN_POINT ( 'NONE',  ( 0.7121328296494648900, -0.5718407022048624900, -0.04961470826141699300 ) ) ;
#2109 = CARTESIAN_POINT ( 'NONE',  ( 0.7109704977257528300, -0.5718407022048624900, -0.05177445337600255400 ) ) ;
#2110 = CARTESIAN_POINT ( 'NONE',  ( 0.7095867802325713800, -0.5718407022048624900, -0.05382620592400178000 ) ) ;
#2111 = CARTESIAN_POINT ( 'NONE',  ( 0.7079403675817511600, -0.5718407022048624900, -0.05574814196278945300 ) ) ;
#2112 = CARTESIAN_POINT ( 'NONE',  ( 0.7060705682158744400, -0.5718407022048626100, -0.05754139896490326200 ) ) ;
#2113 = CARTESIAN_POINT ( 'NONE',  ( 0.7039868738778777300, -0.5718407022048624900, -0.05913355039944992500 ) ) ;
#2114 = CARTESIAN_POINT ( 'NONE',  ( 0.7017822031364596700, -0.5718407022048626100, -0.06057212738413531000 ) ) ;
#2115 = CARTESIAN_POINT ( 'NONE',  ( 0.6994120761022042400, -0.5718407022048626100, -0.06173425194850806100 ) ) ;
#2116 = CARTESIAN_POINT ( 'NONE',  ( 0.6969271757832359300, -0.5718407022048624900, -0.06272568057145959400 ) ) ;
#2117 = CARTESIAN_POINT ( 'NONE',  ( 0.6942958606496125700, -0.5718407022048626100, -0.06347853455451893400 ) ) ;
#2118 = CARTESIAN_POINT ( 'NONE',  ( 0.6915325154227790500, -0.5718407022048624900, -0.06400443403553811300 ) ) ;
#2119 = CARTESIAN_POINT ( 'NONE',  ( 0.6886394768256272100, -0.5718407022048626100, -0.06436213805780234600 ) ) ;
#2120 = CARTESIAN_POINT ( 'NONE',  ( 0.6866643117190705000, -0.5718407022048626100, -0.06439157232872604100 ) ) ;
#2121 = CARTESIAN_POINT ( 'NONE',  ( 0.6856544850690190500, -0.5718407022048626100, -0.06440662094977794800 ) ) ;
#2122 = CARTESIAN_POINT ( 'NONE',  ( 0.7033235910816770800, -0.5718407022048624900, -0.04085341683585384800 ) ) ;
#2123 = CARTESIAN_POINT ( 'NONE',  ( 0.7032963727043294300, -0.5718407022048624900, -0.04000548860145197000 ) ) ;
#2124 = CARTESIAN_POINT ( 'NONE',  ( 0.7032443820642051400, -0.5718407022048623800, -0.03838583541188385400 ) ) ;
#2125 = CARTESIAN_POINT ( 'NONE',  ( 0.7028060604945700600, -0.5718407022048624900, -0.03609394140679305500 ) ) ;
#2126 = CARTESIAN_POINT ( 'NONE',  ( 0.7020125219123976000, -0.5718407022048624900, -0.03410497860684299400 ) ) ;
#2127 = CARTESIAN_POINT ( 'NONE',  ( 0.7011284272601054900, -0.5718407022048624900, -0.03264077726959441200 ) ) ;
#2128 = CARTESIAN_POINT ( 'NONE',  ( 0.7002107725845649900, -0.5718407022048626100, -0.03165451986688762300 ) ) ;
#2129 = CARTESIAN_POINT ( 'NONE',  ( 0.6994375014222428100, -0.5718407022048624900, -0.03093274864889764000 ) ) ;
#2130 = CARTESIAN_POINT ( 'NONE',  ( 0.6985185791680481600, -0.5718407022048626100, -0.03029342874975768400 ) ) ;
#2131 = CARTESIAN_POINT ( 'NONE',  ( 0.6975149881112009400, -0.5718407022048624900, -0.02965758566261824900 ) ) ;
#2132 = CARTESIAN_POINT ( 'NONE',  ( 0.6963723415185928400, -0.5718407022048624900, -0.02911429234072907700 ) ) ;
#2133 = CARTESIAN_POINT ( 'NONE',  ( 0.6951306436840984900, -0.5718407022048626100, -0.02858778747197125400 ) ) ;
#2134 = CARTESIAN_POINT ( 'NONE',  ( 0.6937624303945760800, -0.5718407022048624900, -0.02812178310333795000 ) ) ;
#2135 = CARTESIAN_POINT ( 'NONE',  ( 0.6928063035374265600, -0.5718407022048624900, -0.02784814814588349900 ) ) ;
#2136 = CARTESIAN_POINT ( 'NONE',  ( 0.6923119217778795900, -0.5718407022048624900, -0.02770666050673991800 ) ) ;
#2137 = CARTESIAN_POINT ( 'NONE',  ( 0.6384501733601580800, -0.5718407022048626100, 0.1427452777843993500 ) ) ;
#2138 = DIRECTION ( 'NONE',  ( 1.000000000000000000, 1.751753177755495000E-015, 0.0000000000000000000 ) ) ;
#2139 = CARTESIAN_POINT ( 'NONE',  ( 0.7190692398158541300, -0.5723407022048624400, 0.08071996132870314100 ) ) ;
#2140 = DIRECTION ( 'NONE',  ( 1.000000000000000000, 6.997073685899956200E-015, 0.0000000000000000000 ) ) ;
#2141 = CARTESIAN_POINT ( 'NONE',  ( 0.7988299201956011700, -0.5723407022048623300, 0.1077729676578170800 ) ) ;
#2142 = CARTESIAN_POINT ( 'NONE',  ( 0.7988165687963302300, -0.5723407022048623300, 0.1089042437500389600 ) ) ;
#2143 = CARTESIAN_POINT ( 'NONE',  ( 0.7987906987991441100, -0.5723407022048622200, 0.1110962319251441200 ) ) ;
#2144 = CARTESIAN_POINT ( 'NONE',  ( 0.7985176219273558700, -0.5723407022048624400, 0.1142809862753163100 ) ) ;
#2145 = CARTESIAN_POINT ( 'NONE',  ( 0.7981005269127644500, -0.5723407022048623300, 0.1172664180461012300 ) ) ;
#2146 = CARTESIAN_POINT ( 'NONE',  ( 0.7974935211294608100, -0.5723407022048621100, 0.1200478158493873500 ) ) ;
#2147 = CARTESIAN_POINT ( 'NONE',  ( 0.7967219052781409100, -0.5723407022048624400, 0.1226308306355173700 ) ) ;
#2148 = CARTESIAN_POINT ( 'NONE',  ( 0.7957659577640406900, -0.5723407022048623300, 0.1250031642127510100 ) ) ;
#2149 = CARTESIAN_POINT ( 'NONE',  ( 0.7946477516309715700, -0.5723407022048623300, 0.1271815883336057700 ) ) ;
#2150 = CARTESIAN_POINT ( 'NONE',  ( 0.7933426079675768300, -0.5723407022048624400, 0.1291342499614767100 ) ) ;
#2151 = CARTESIAN_POINT ( 'NONE',  ( 0.7918988115456405700, -0.5723407022048624400, 0.1308739210594184500 ) ) ;
#2152 = CARTESIAN_POINT ( 'NONE',  ( 0.7903317653850849800, -0.5723407022048623300, 0.1323971132033554000 ) ) ;
#2153 = CARTESIAN_POINT ( 'NONE',  ( 0.7886347320211656300, -0.5723407022048624400, 0.1336738138031718400 ) ) ;
#2154 = CARTESIAN_POINT ( 'NONE',  ( 0.7868252449372820100, -0.5723407022048624400, 0.1347309286854501400 ) ) ;
#2155 = CARTESIAN_POINT ( 'NONE',  ( 0.7848940931590284700, -0.5723407022048622200, 0.1355485147890221900 ) ) ;
#2156 = CARTESIAN_POINT ( 'NONE',  ( 0.7828391746978012900, -0.5723407022048624400, 0.1361311036614288900 ) ) ;
#2157 = CARTESIAN_POINT ( 'NONE',  ( 0.7806684563903624200, -0.5723407022048621100, 0.1364851862666550700 ) ) ;
#2158 = CARTESIAN_POINT ( 'NONE',  ( 0.7791806913522189000, -0.5723407022048622200, 0.1365233147611188100 ) ) ;
#2159 = CARTESIAN_POINT ( 'NONE',  ( 0.7784224834867404800, -0.5723407022048623300, 0.1365427461388297200 ) ) ;
#2160 = CARTESIAN_POINT ( 'NONE',  ( 0.7368046037399047500, -0.5718407022048624900, 0.07274527778439934800 ) ) ;
#2161 = DIRECTION ( 'NONE',  ( 1.622879996236195800E-015, -1.000000000000000000, -0.0000000000000000000 ) ) ;
#2162 = CARTESIAN_POINT ( 'NONE',  ( 0.7368046037399047500, -0.5718407022048624900, 0.1427452777843993500 ) ) ;
#2163 = DIRECTION ( 'NONE',  ( 0.0000000000000000000, 0.0000000000000000000, -1.000000000000000000 ) ) ;
#2164 = CARTESIAN_POINT ( 'NONE',  ( 0.7368046037399047500, -0.5718407022048624900, 0.1427452777843993500 ) ) ;
#2165 = DIRECTION ( 'NONE',  ( 1.622879996236195800E-015, -1.000000000000000000, -0.0000000000000000000 ) ) ;
#2166 = CARTESIAN_POINT ( 'NONE',  ( 0.7288299201956011100, -0.5718407022048624900, 0.1427452777843993500 ) ) ;
#2167 = DIRECTION ( 'NONE',  ( 1.000000000000000000, 0.0000000000000000000, 0.0000000000000000000 ) ) ;
#2168 = CARTESIAN_POINT ( 'NONE',  ( 0.7288299201956011100, -0.5718407022048624900, 0.1427452777843993500 ) ) ;
#2169 = DIRECTION ( 'NONE',  ( 1.622879996236195800E-015, -1.000000000000000000, -0.0000000000000000000 ) ) ;
#2170 = CARTESIAN_POINT ( 'NONE',  ( 0.7288299201956011100, -0.5718407022048624900, 0.1152769233540195900 ) ) ;
#2171 = DIRECTION ( 'NONE',  ( 0.0000000000000000000, 0.0000000000000000000, 1.000000000000000000 ) ) ;
#2172 = CARTESIAN_POINT ( 'NONE',  ( 0.7288299201956011100, -0.5718407022048624900, 0.1152769233540195900 ) ) ;
#2173 = DIRECTION ( 'NONE',  ( 1.622879996236195800E-015, -1.000000000000000000, -0.0000000000000000000 ) ) ;
#2174 = CARTESIAN_POINT ( 'NONE',  ( 0.7157879898158542300, -0.5718407022048624900, 0.1152769233540195900 ) ) ;
#2175 = DIRECTION ( 'NONE',  ( 1.000000000000000000, 5.236663427345521300E-015, 0.0000000000000000000 ) ) ;
#2176 = CARTESIAN_POINT ( 'NONE',  ( 0.7157879898158542300, -0.5718407022048624900, 0.1152769233540195900 ) ) ;
#2177 = DIRECTION ( 'NONE',  ( 1.622879996236195800E-015, -1.000000000000000000, -0.0000000000000000000 ) ) ;
#2178 = CARTESIAN_POINT ( 'NONE',  ( 0.7784224834867404800, -0.5723407022048624400, 0.07894780942996897100 ) ) ;
#2179 = CARTESIAN_POINT ( 'NONE',  ( 0.7791994834295887800, -0.5723407022048624400, 0.07896504865434760000 ) ) ;
#2180 = CARTESIAN_POINT ( 'NONE',  ( 0.7807162229851858400, -0.5723407022048624400, 0.07899870041167851600 ) ) ;
#2181 = CARTESIAN_POINT ( 'NONE',  ( 0.7829198124717752200, -0.5723407022048621100, 0.07937927835882313500 ) ) ;
#2182 = CARTESIAN_POINT ( 'NONE',  ( 0.7850042856869821100, -0.5723407022048625500, 0.07994861659050106500 ) ) ;
#2183 = CARTESIAN_POINT ( 'NONE',  ( 0.7869490098806644100, -0.5723407022048623300, 0.08079007287412713600 ) ) ;
#2184 = CARTESIAN_POINT ( 'NONE',  ( 0.7887699775722224500, -0.5723407022048624400, 0.08185031964333415500 ) ) ;
#2185 = CARTESIAN_POINT ( 'NONE',  ( 0.7904562724225048200, -0.5723407022048624400, 0.08315112339407694500 ) ) ;
#2186 = CARTESIAN_POINT ( 'NONE',  ( 0.7920135621330691700, -0.5723407022048623300, 0.08468818844318035100 ) ) ;
#2187 = CARTESIAN_POINT ( 'NONE',  ( 0.7934417729041600700, -0.5723407022048625500, 0.08645090702887547900 ) ) ;
#2188 = CARTESIAN_POINT ( 'NONE',  ( 0.7947101950023490700, -0.5723407022048623300, 0.08843716683484394200 ) ) ;
#2189 = CARTESIAN_POINT ( 'NONE',  ( 0.7958240735967231400, -0.5723407022048622200, 0.09061905288878685500 ) ) ;
#2190 = CARTESIAN_POINT ( 'NONE',  ( 0.7967417664956980600, -0.5723407022048623300, 0.09300482780319226100 ) ) ;
#2191 = CARTESIAN_POINT ( 'NONE',  ( 0.7975246424478524800, -0.5723407022048623300, 0.09557433622974506600 ) ) ;
#2192 = CARTESIAN_POINT ( 'NONE',  ( 0.7981135945383227600, -0.5723407022048621100, 0.09834960877017949500 ) ) ;
#2193 = CARTESIAN_POINT ( 'NONE',  ( 0.7985140352014749000, -0.5723407022048625500, 0.1013213046240195900 ) ) ;
#2194 = CARTESIAN_POINT ( 'NONE',  ( 0.7987909363877969700, -0.5723407022048624400, 0.1044819094807340900 ) ) ;
#2195 = CARTESIAN_POINT ( 'NONE',  ( 0.7988166834667804700, -0.5723407022048624400, 0.1066555076897477600 ) ) ;
#2196 = CARTESIAN_POINT ( 'NONE',  ( 0.7988299201956011700, -0.5723407022048623300, 0.1077729676578170800 ) ) ;
#2197 = CARTESIAN_POINT ( 'NONE',  ( 0.6949236701956009700, -0.5718407022048624900, 0.1427452777843993500 ) ) ;
#2198 = DIRECTION ( 'NONE',  ( 1.622879996236195800E-015, -1.000000000000000000, -0.0000000000000000000 ) ) ;
#2199 = CARTESIAN_POINT ( 'NONE',  ( 0.6856544850690187200, -0.5718407022048624900, -0.06440662094977792100 ) ) ;
#2200 = CARTESIAN_POINT ( 'NONE',  ( 0.6856544850690187200, -0.5723407022048625500, -0.06440662094977792100 ) ) ;
#2201 = CARTESIAN_POINT ( 'NONE',  ( 0.6843478007012036000, -0.5718407022048624900, -0.06439218615796121800 ) ) ;
#2202 = CARTESIAN_POINT ( 'NONE',  ( 0.6843478007012036000, -0.5723407022048625500, -0.06439218615796121800 ) ) ;
#2203 = CARTESIAN_POINT ( 'NONE',  ( 0.6817914930612374300, -0.5718407022048626100, -0.06436394692168413700 ) ) ;
#2204 = CARTESIAN_POINT ( 'NONE',  ( 0.6817914930612374300, -0.5723407022048626600, -0.06436394692168413700 ) ) ;
#2205 = CARTESIAN_POINT ( 'NONE',  ( 0.6780449567733627400, -0.5718407022048624900, -0.06399805801378009900 ) ) ;
#2206 = CARTESIAN_POINT ( 'NONE',  ( 0.6780449567733627400, -0.5723407022048625500, -0.06399805801378009900 ) ) ;
#2207 = CARTESIAN_POINT ( 'NONE',  ( 0.6744554822391292100, -0.5718407022048626100, -0.06350703931978374200 ) ) ;
#2208 = CARTESIAN_POINT ( 'NONE',  ( 0.6744554822391292100, -0.5723407022048626600, -0.06350703931978374200 ) ) ;
#2209 = CARTESIAN_POINT ( 'NONE',  ( 0.6710499130588031300, -0.5718407022048627200, -0.06273172171111873800 ) ) ;
#2210 = CARTESIAN_POINT ( 'NONE',  ( 0.6710499130588031300, -0.5723407022048627700, -0.06273172171111873800 ) ) ;
#2211 = CARTESIAN_POINT ( 'NONE',  ( 0.6678234692868044700, -0.5718407022048624900, -0.06182166191793939100 ) ) ;
#2212 = CARTESIAN_POINT ( 'NONE',  ( 0.6678234692868044700, -0.5723407022048624400, -0.06182166191793939100 ) ) ;
#2213 = CARTESIAN_POINT ( 'NONE',  ( 0.6647767628713996400, -0.5718407022048626100, -0.06081388833516589800 ) ) ;
#2214 = CARTESIAN_POINT ( 'NONE',  ( 0.6647767628713996400, -0.5723407022048626600, -0.06081388833516589800 ) ) ;
#2215 = CARTESIAN_POINT ( 'NONE',  ( 0.6619089623444606200, -0.5718407022048626100, -0.05971543586086734700 ) ) ;
#2216 = CARTESIAN_POINT ( 'NONE',  ( 0.6619089623444606200, -0.5723407022048626600, -0.05971543586086734700 ) ) ;
#2217 = CARTESIAN_POINT ( 'NONE',  ( 0.6600961924666132200, -0.5718407022048624900, -0.05886914838650048100 ) ) ;
#2218 = CARTESIAN_POINT ( 'NONE',  ( 0.6600961924666132200, -0.5723407022048625500, -0.05886914838650048100 ) ) ;
#2219 = CARTESIAN_POINT ( 'NONE',  ( 0.6592096670310442200, -0.5718407022048626100, -0.05845527601306905300 ) ) ;
#2220 = CARTESIAN_POINT ( 'NONE',  ( 0.6592096670310442200, -0.5723407022048626600, -0.05845527601306905300 ) ) ;
#2221 = CARTESIAN_POINT ( 'NONE',  ( 0.6855368031069936100, -0.5718407022048624900, -0.05472307664598043100 ) ) ;
#2222 = CARTESIAN_POINT ( 'NONE',  ( 0.6861927828853162700, -0.5718407022048624900, -0.05470793052688759800 ) ) ;
#2223 = CARTESIAN_POINT ( 'NONE',  ( 0.6874676774338568400, -0.5718407022048626100, -0.05467849409408727400 ) ) ;
#2224 = CARTESIAN_POINT ( 'NONE',  ( 0.6893341346313979200, -0.5718407022048624900, -0.05451433032869823500 ) ) ;
#2225 = CARTESIAN_POINT ( 'NONE',  ( 0.6911014334031161400, -0.5718407022048624900, -0.05421716220453040600 ) ) ;
#2226 = CARTESIAN_POINT ( 'NONE',  ( 0.6927664395055105300, -0.5718407022048627200, -0.05377192145627786300 ) ) ;
#2227 = CARTESIAN_POINT ( 'NONE',  ( 0.6943396201836974400, -0.5718407022048624900, -0.05324013681531360900 ) ) ;
#2228 = CARTESIAN_POINT ( 'NONE',  ( 0.6958164386249106000, -0.5718407022048626100, -0.05257985137593659800 ) ) ;
#2229 = CARTESIAN_POINT ( 'NONE',  ( 0.6971925821594285900, -0.5718407022048622700, -0.05179407863320601600 ) ) ;
#2230 = CARTESIAN_POINT ( 'NONE',  ( 0.6984560525378560300, -0.5718407022048628300, -0.05088169155494197400 ) ) ;
#2231 = CARTESIAN_POINT ( 'NONE',  ( 0.6995943961430970400, -0.5718407022048626100, -0.04988023044367346400 ) ) ;
#2232 = CARTESIAN_POINT ( 'NONE',  ( 0.7005950519995038900, -0.5718407022048622700, -0.04880053034590563900 ) ) ;
#2233 = CARTESIAN_POINT ( 'NONE',  ( 0.7014400510104568100, -0.5718407022048629400, -0.04764999089265750000 ) ) ;
#2234 = CARTESIAN_POINT ( 'NONE',  ( 0.7021463054129339900, -0.5718407022048622700, -0.04643282632528004200 ) ) ;
#2235 = CARTESIAN_POINT ( 'NONE',  ( 0.7026522826893355500, -0.5718407022048626100, -0.04512823259797269600 ) ) ;
#2236 = CARTESIAN_POINT ( 'NONE',  ( 0.7030581465615891600, -0.5718407022048623800, -0.04377150307590606200 ) ) ;
#2237 = CARTESIAN_POINT ( 'NONE',  ( 0.7032672531093561200, -0.5718407022048624900, -0.04233363980016962400 ) ) ;
#2238 = CARTESIAN_POINT ( 'NONE',  ( 0.7033045877744015200, -0.5718407022048624900, -0.04135270942074313600 ) ) ;
#2239 = CARTESIAN_POINT ( 'NONE',  ( 0.7033235910816770800, -0.5718407022048624900, -0.04085341683585384800 ) ) ;
#2240 = PLANE ( 'NONE',  #429 ) ;
#2241 = CARTESIAN_POINT ( 'NONE',  ( 0.7140830847525631000, -0.5718407022048624900, 0.01827336322743730600 ) ) ;
#2242 = DIRECTION ( 'NONE',  ( -1.000000000000000000, -1.622879996236195800E-015, 0.0000000000000000000 ) ) ;
#2243 = DIRECTION ( 'NONE',  ( 1.622879996236195800E-015, -1.000000000000000000, 0.0000000000000000000 ) ) ;
#2244 = PLANE ( 'NONE',  #424 ) ;
#2245 = CARTESIAN_POINT ( 'NONE',  ( 0.5631337176639555900, -0.5718407022048627200, 0.08071996132870314100 ) ) ;
#2246 = DIRECTION ( 'NONE',  ( 1.000000000000000000, 1.622879996236195800E-015, -0.0000000000000000000 ) ) ;
#2247 = DIRECTION ( 'NONE',  ( -1.622879996236195800E-015, 1.000000000000000000, 0.0000000000000000000 ) ) ;
#2248 = CARTESIAN_POINT ( 'NONE',  ( 0.6960451100690189200, -0.5718407022048624900, 0.09194820499958922300 ) ) ;
#2249 = DIRECTION ( 'NONE',  ( 1.622879996236195800E-015, -1.000000000000000000, -0.0000000000000000000 ) ) ;
#2250 = CARTESIAN_POINT ( 'NONE',  ( 0.7089762809550945700, -0.5718407022048624900, 0.08318436006288036600 ) ) ;
#2251 = DIRECTION ( 'NONE',  ( 1.622879996236195800E-015, -1.000000000000000000, -0.0000000000000000000 ) ) ;
#2252 = CARTESIAN_POINT ( 'NONE',  ( 0.6667413126006643800, -0.5718407022048626100, 0.0003520815818676592700 ) ) ;
#2253 = CARTESIAN_POINT ( 'NONE',  ( 0.6667413126006643800, -0.5723407022048625500, 0.0003520815818676592700 ) ) ;
#2254 = CARTESIAN_POINT ( 'NONE',  ( 0.6667636379515526900, -0.5718407022048624900, -0.0005417717168254792100 ) ) ;
#2255 = CARTESIAN_POINT ( 'NONE',  ( 0.6667636379515526900, -0.5723407022048624400, -0.0005417717168254792100 ) ) ;
#2256 = CARTESIAN_POINT ( 'NONE',  ( 0.6668055658828714300, -0.5718407022048626100, -0.002220465140465723300 ) ) ;
#2257 = CARTESIAN_POINT ( 'NONE',  ( 0.6668055658828714300, -0.5723407022048625500, -0.002220465140465723300 ) ) ;
#2258 = CARTESIAN_POINT ( 'NONE',  ( 0.6672850465065179900, -0.5718407022048626100, -0.004549930865993009700 ) ) ;
#2259 = CARTESIAN_POINT ( 'NONE',  ( 0.6672850465065179900, -0.5723407022048626600, -0.004549930865993009700 ) ) ;
#2260 = CARTESIAN_POINT ( 'NONE',  ( 0.6680130948132423400, -0.5718407022048626100, -0.006539283064414811100 ) ) ;
#2261 = CARTESIAN_POINT ( 'NONE',  ( 0.6680130948132423400, -0.5723407022048625500, -0.006539283064414811100 ) ) ;
#2262 = CARTESIAN_POINT ( 'NONE',  ( 0.6691432709121046800, -0.5718407022048624900, -0.008156721217282893500 ) ) ;
#2263 = CARTESIAN_POINT ( 'NONE',  ( 0.6691432709121046800, -0.5723407022048624400, -0.008156721217282893500 ) ) ;
#2264 = CARTESIAN_POINT ( 'NONE',  ( 0.6706039042528041400, -0.5718407022048628300, -0.009455334361045708200 ) ) ;
#2265 = CARTESIAN_POINT ( 'NONE',  ( 0.6706039042528041400, -0.5723407022048627700, -0.009455334361045708200 ) ) ;
#2266 = CARTESIAN_POINT ( 'NONE',  ( 0.6723462901889651900, -0.5718407022048624900, -0.01057955720017616000 ) ) ;
#2267 = CARTESIAN_POINT ( 'NONE',  ( 0.6723462901889651900, -0.5723407022048624400, -0.01057955720017616000 ) ) ;
#2268 = CARTESIAN_POINT ( 'NONE',  ( 0.6743906960254227900, -0.5718407022048624900, -0.01158269429888654700 ) ) ;
#2269 = CARTESIAN_POINT ( 'NONE',  ( 0.6743906960254227900, -0.5723407022048624400, -0.01158269429888654700 ) ) ;
#2270 = CARTESIAN_POINT ( 'NONE',  ( 0.6759017238940872000, -0.5718407022048626100, -0.01206900834788671700 ) ) ;
#2271 = CARTESIAN_POINT ( 'NONE',  ( 0.6759017238940872000, -0.5723407022048625500, -0.01206900834788671700 ) ) ;
#2272 = CARTESIAN_POINT ( 'NONE',  ( 0.6766938442462342400, -0.5718407022048626100, -0.01232394689914498800 ) ) ;
#2273 = CARTESIAN_POINT ( 'NONE',  ( 0.6766938442462342400, -0.5723407022048625500, -0.01232394689914498800 ) ) ;
#2274 = CARTESIAN_POINT ( 'NONE',  ( 0.7140830847525631000, -0.5718407022048624900, -0.03974384405104372500 ) ) ;
#2275 = DIRECTION ( 'NONE',  ( 1.622879996236195800E-015, -1.000000000000000000, -0.0000000000000000000 ) ) ;
#2276 = CARTESIAN_POINT ( 'NONE',  ( 0.7331970088031967100, -0.07234070220486343800, -0.1822547222156006800 ) ) ;
#2277 = DIRECTION ( 'NONE',  ( -0.0000000000000000000, 0.0000000000000000000, 1.000000000000000000 ) ) ;
#2278 = DIRECTION ( 'NONE',  ( 1.000000000000000000, 0.0000000000000000000, 0.0000000000000000000 ) ) ;
#2279 = CARTESIAN_POINT ( 'NONE',  ( 0.6667413126006643800, -0.5718407022048626100, 0.0003520815818676592700 ) ) ;
#2280 = DIRECTION ( 'NONE',  ( 1.622879996236195800E-015, -1.000000000000000000, -0.0000000000000000000 ) ) ;
#2281 = CARTESIAN_POINT ( 'NONE',  ( 0.6592096670310442200, -0.5718407022048626100, -0.04503953234218294900 ) ) ;
#2282 = DIRECTION ( 'NONE',  ( 1.000000000000000000, 0.0000000000000000000, 0.0000000000000000000 ) ) ;
#2283 = CARTESIAN_POINT ( 'NONE',  ( 0.7140830847525631000, -0.5718407022048624900, 0.01827336322743730600 ) ) ;
#2284 = DIRECTION ( 'NONE',  ( 1.622879996236195800E-015, -1.000000000000000000, -0.0000000000000000000 ) ) ;
#2285 = CARTESIAN_POINT ( 'NONE',  ( 0.6599157588031960800, -0.5718407022048626100, -0.04503953234218294900 ) ) ;
#2286 = DIRECTION ( 'NONE',  ( 1.622879996236195800E-015, -1.000000000000000000, -0.0000000000000000000 ) ) ;
#2287 = CARTESIAN_POINT ( 'NONE',  ( 0.7204537334867404700, -0.5723407022048624400, 0.1073022398097158200 ) ) ;
#2288 = CARTESIAN_POINT ( 'NONE',  ( 0.7198166988889137500, -0.5723407022048624400, 0.1072894530880350300 ) ) ;
#2289 = CARTESIAN_POINT ( 'NONE',  ( 0.7185826396311896200, -0.5723407022048625500, 0.1072646827343997400 ) ) ;
#2290 = CARTESIAN_POINT ( 'NONE',  ( 0.7167959724870324200, -0.5723407022048624400, 0.1071361535281253700 ) ) ;
#2291 = CARTESIAN_POINT ( 'NONE',  ( 0.7151362404495370500, -0.5723407022048626600, 0.1068814581512734000 ) ) ;
#2292 = CARTESIAN_POINT ( 'NONE',  ( 0.7135949060758956000, -0.5723407022048625500, 0.1065446094006599500 ) ) ;
#2293 = CARTESIAN_POINT ( 'NONE',  ( 0.7121626245095859000, -0.5723407022048624400, 0.1060832379320831600 ) ) ;
#2294 = CARTESIAN_POINT ( 'NONE',  ( 0.7108527721762996100, -0.5723407022048626600, 0.1054286171418603900 ) ) ;
#2295 = CARTESIAN_POINT ( 'NONE',  ( 0.7096431100047966300, -0.5723407022048624400, 0.1046216286082473200 ) ) ;
#2296 = CARTESIAN_POINT ( 'NONE',  ( 0.7089397673569718400, -0.5723407022048625500, 0.1039532002669850000 ) ) ;
#2297 = CARTESIAN_POINT ( 'NONE',  ( 0.7085886227272465400, -0.5723407022048624400, 0.1036194866451588500 ) ) ;
#2298 = CARTESIAN_POINT ( 'NONE',  ( 0.7331970088031969400, 0.2091592977951365600, 0.1777452777843993300 ) ) ;
#2299 = DIRECTION ( 'NONE',  ( -0.0000000000000000000, -0.0000000000000000000, 1.000000000000000000 ) ) ;
#2300 = CARTESIAN_POINT ( 'NONE',  ( 0.7368046037399047500, -0.5718407022048624900, 0.07274527778439934800 ) ) ;
#2301 = DIRECTION ( 'NONE',  ( -1.000000000000000000, -3.921253536215800800E-015, 0.0000000000000000000 ) ) ;
#2302 = CARTESIAN_POINT ( 'NONE',  ( 0.6861924597525631600, -0.5718407022048624900, 0.02489717651857654300 ) ) ;
#2303 = CARTESIAN_POINT ( 'NONE',  ( 0.6875157113850461900, -0.5718407022048624900, 0.02488029176548838300 ) ) ;
#2304 = EDGE_CURVE ( 'NONE', #1941, #1854, #4535, .T. ) ;
#2305 = EDGE_CURVE ( 'NONE', #1941, #4230, #1407, .T. ) ;
#2306 = EDGE_CURVE ( 'NONE', #1805, #1793, #8647, .T. ) ;
#2307 = EDGE_CURVE ( 'NONE', #1793, #1791, #1399, .T. ) ;
#2308 = EDGE_CURVE ( 'NONE', #1794, #1791, #8648, .T. ) ;
#2309 = EDGE_CURVE ( 'NONE', #1804, #1779, #8649, .T. ) ;
#2310 = EDGE_CURVE ( 'NONE', #1779, #1793, #1400, .T. ) ;
#2311 = EDGE_CURVE ( 'NONE', #1806, #1792, #8650, .T. ) ;
#2312 = EDGE_CURVE ( 'NONE', #1792, #1779, #8651, .T. ) ;
#2313 = EDGE_CURVE ( 'NONE', #1797, #1787, #8652, .T. ) ;
#2314 = EDGE_CURVE ( 'NONE', #1787, #1792, #8653, .T. ) ;
#2315 = EDGE_CURVE ( 'NONE', #1796, #1783, #8654, .T. ) ;
#2316 = EDGE_CURVE ( 'NONE', #1783, #1787, #8655, .T. ) ;
#2317 = EDGE_CURVE ( 'NONE', #1795, #1788, #8656, .T. ) ;
#2318 = EDGE_CURVE ( 'NONE', #1788, #1783, #1408, .T. ) ;
#2319 = EDGE_CURVE ( 'NONE', #1791, #1788, #1406, .T. ) ;
#2320 = EDGE_CURVE ( 'NONE', #1812, #1789, #8657, .T. ) ;
#2321 = EDGE_CURVE ( 'NONE', #1789, #1790, #1405, .T. ) ;
#2322 = EDGE_CURVE ( 'NONE', #1803, #1790, #8658, .T. ) ;
#2323 = EDGE_CURVE ( 'NONE', #1811, #1780, #8659, .T. ) ;
#2324 = EDGE_CURVE ( 'NONE', #1780, #1789, #1404, .T. ) ;
#2325 = EDGE_CURVE ( 'NONE', #1813, #1784, #8660, .T. ) ;
#2326 = EDGE_CURVE ( 'NONE', #1784, #1780, #8661, .T. ) ;
#2327 = EDGE_CURVE ( 'NONE', #1798, #1785, #8662, .T. ) ;
#2328 = EDGE_CURVE ( 'NONE', #1785, #1784, #8663, .T. ) ;
#2329 = EDGE_CURVE ( 'NONE', #1801, #1786, #8664, .T. ) ;
#2330 = EDGE_CURVE ( 'NONE', #1786, #1785, #8665, .T. ) ;
#2331 = EDGE_CURVE ( 'NONE', #1802, #1765, #8666, .T. ) ;
#2332 = EDGE_CURVE ( 'NONE', #1765, #1786, #1403, .T. ) ;
#2333 = EDGE_CURVE ( 'NONE', #1790, #1765, #1402, .T. ) ;
#2334 = EDGE_CURVE ( 'NONE', #1772, #1914, #8667, .T. ) ;
#2335 = EDGE_CURVE ( 'NONE', #1772, #1781, #1401, .T. ) ;
#2336 = EDGE_CURVE ( 'NONE', #1781, #1908, #8668, .T. ) ;
#2337 = EDGE_CURVE ( 'NONE', #1781, #1782, #1409, .T. ) ;
#2338 = EDGE_CURVE ( 'NONE', #1782, #1920, #8669, .T. ) ;
#2339 = EDGE_CURVE ( 'NONE', #1782, #1764, #1410, .T. ) ;
#2340 = EDGE_CURVE ( 'NONE', #1764, #1924, #8670, .T. ) ;
#2341 = EDGE_CURVE ( 'NONE', #1764, #1773, #1411, .T. ) ;
#2342 = EDGE_CURVE ( 'NONE', #1773, #1919, #8671, .T. ) ;
#2343 = EDGE_CURVE ( 'NONE', #1773, #1774, #8672, .T. ) ;
#2344 = EDGE_CURVE ( 'NONE', #1774, #1931, #8673, .T. ) ;
#2345 = EDGE_CURVE ( 'NONE', #1774, #1775, #8674, .T. ) ;
#2346 = EDGE_CURVE ( 'NONE', #1775, #1928, #8675, .T. ) ;
#2347 = EDGE_CURVE ( 'NONE', #1775, #1776, #1412, .T. ) ;
#2348 = EDGE_CURVE ( 'NONE', #1776, #1926, #8676, .T. ) ;
#2349 = EDGE_CURVE ( 'NONE', #1776, #1777, #1413, .T. ) ;
#2350 = EDGE_CURVE ( 'NONE', #1777, #1929, #8677, .T. ) ;
#2351 = EDGE_CURVE ( 'NONE', #1777, #1778, #1414, .T. ) ;
#2352 = EDGE_CURVE ( 'NONE', #1778, #1935, #8678, .T. ) ;
#2353 = EDGE_CURVE ( 'NONE', #1778, #1735, #1415, .T. ) ;
#2354 = EDGE_CURVE ( 'NONE', #1735, #1936, #8679, .T. ) ;
#2355 = EDGE_CURVE ( 'NONE', #1735, #1766, #1416, .T. ) ;
#2356 = EDGE_CURVE ( 'NONE', #1766, #1970, #8680, .T. ) ;
#2357 = EDGE_CURVE ( 'NONE', #1766, #1767, #1417, .T. ) ;
#2358 = EDGE_CURVE ( 'NONE', #1767, #1938, #8681, .T. ) ;
#2359 = EDGE_CURVE ( 'NONE', #1767, #1768, #1418, .T. ) ;
#2360 = EDGE_CURVE ( 'NONE', #1768, #1916, #8682, .T. ) ;
#2361 = EDGE_CURVE ( 'NONE', #1768, #1769, #8683, .T. ) ;
#2362 = EDGE_CURVE ( 'NONE', #1769, #1917, #8684, .T. ) ;
#2363 = EDGE_CURVE ( 'NONE', #1769, #1770, #8685, .T. ) ;
#2364 = EDGE_CURVE ( 'NONE', #1770, #1921, #8686, .T. ) ;
#2365 = EDGE_CURVE ( 'NONE', #1770, #1771, #1419, .T. ) ;
#2366 = EDGE_CURVE ( 'NONE', #1771, #1911, #8687, .T. ) ;
#2367 = EDGE_CURVE ( 'NONE', #1771, #1762, #1420, .T. ) ;
#2368 = EDGE_CURVE ( 'NONE', #1762, #1751, #1421, .T. ) ;
#2369 = EDGE_CURVE ( 'NONE', #1762, #1910, #8688, .T. ) ;
#2370 = ADVANCED_FACE ( 'NONE', ( #8689 ), #9386, .T. ) ;
#2371 = ADVANCED_FACE ( 'NONE', ( #8646 ), #9390, .T. ) ;
#2372 = ADVANCED_FACE ( 'NONE', ( #8690 ), #9394, .F. ) ;
#2373 = ADVANCED_FACE ( 'NONE', ( #8691 ), #9398, .T. ) ;
#2374 = ADVANCED_FACE ( 'NONE', ( #8692 ), #9402, .T. ) ;
#2375 = ADVANCED_FACE ( 'NONE', ( #8693 ), #9406, .T. ) ;
#2376 = ADVANCED_FACE ( 'NONE', ( #8694 ), #9410, .T. ) ;
#2377 = ADVANCED_FACE ( 'NONE', ( #8695 ), #9414, .T. ) ;
#2378 = ADVANCED_FACE ( 'NONE', ( #8696 ), #9418, .T. ) ;
#2379 = ADVANCED_FACE ( 'NONE', ( #8697 ), #9422, .F. ) ;
#2380 = ADVANCED_FACE ( 'NONE', ( #8698 ), #9426, .T. ) ;
#2381 = ADVANCED_FACE ( 'NONE', ( #8699 ), #9430, .T. ) ;
#2382 = ADVANCED_FACE ( 'NONE', ( #8700 ), #9542, .T. ) ;
#2383 = ADVANCED_FACE ( 'NONE', ( #8701 ), #9546, .T. ) ;
#2384 = ADVANCED_FACE ( 'NONE', ( #8702 ), #9550, .T. ) ;
#2385 = ADVANCED_FACE ( 'NONE', ( #8703 ), #9554, .T. ) ;
#2386 = ADVANCED_FACE ( 'NONE', ( #8704 ), #8823, .T. ) ;
#2387 = ADVANCED_FACE ( 'NONE', ( #8705 ), #8824, .T. ) ;
#2388 = ADVANCED_FACE ( 'NONE', ( #8706 ), #8825, .T. ) ;
#2389 = ADVANCED_FACE ( 'NONE', ( #8707 ), #8826, .T. ) ;
#2390 = ADVANCED_FACE ( 'NONE', ( #8708 ), #8827, .T. ) ;
#2391 = ADVANCED_FACE ( 'NONE', ( #8709 ), #8828, .T. ) ;
#2392 = ADVANCED_FACE ( 'NONE', ( #8710 ), #9690, .T. ) ;
#2393 = ADVANCED_FACE ( 'NONE', ( #8711 ), #9694, .T. ) ;
#2394 = ADVANCED_FACE ( 'NONE', ( #8712 ), #9698, .T. ) ;
#2395 = ADVANCED_FACE ( 'NONE', ( #8713 ), #9702, .T. ) ;
#2396 = ADVANCED_FACE ( 'NONE', ( #8714 ), #9706, .T. ) ;
#2397 = ADVANCED_FACE ( 'NONE', ( #8715 ), #9710, .T. ) ;
#2398 = ADVANCED_FACE ( 'NONE', ( #8716 ), #9714, .T. ) ;
#2399 = ADVANCED_FACE ( 'NONE', ( #8717 ), #8829, .T. ) ;
#2400 = ADVANCED_FACE ( 'NONE', ( #8718 ), #9740, .T. ) ;
#2401 = ADVANCED_FACE ( 'NONE', ( #8719 ), #9744, .T. ) ;
#2402 = ADVANCED_FACE ( 'NONE', ( #8720 ), #9748, .T. ) ;
#2403 = ADVANCED_FACE ( 'NONE', ( #8721 ), #8830, .T. ) ;
#2404 = ADVANCED_FACE ( 'NONE', ( #8722 ), #9774, .T. ) ;
#2405 = ADVANCED_FACE ( 'NONE', ( #8723 ), #9778, .T. ) ;
#2406 = ADVANCED_FACE ( 'NONE', ( #8724 ), #9782, .T. ) ;
#2407 = ADVANCED_FACE ( 'NONE', ( #8725 ), #9786, .F. ) ;
#2408 = ADVANCED_FACE ( 'NONE', ( #8726 ), #9790, .T. ) ;
#2409 = ADVANCED_FACE ( 'NONE', ( #8727 ), #9794, .T. ) ;
#2410 = ADVANCED_FACE ( 'NONE', ( #8728 ), #9798, .T. ) ;
#2411 = ADVANCED_FACE ( 'NONE', ( #8729 ), #9802, .T. ) ;
#2412 = ADVANCED_FACE ( 'NONE', ( #8730 ), #9806, .T. ) ;
#2413 = ADVANCED_FACE ( 'NONE', ( #8731, #8732 ), #9810, .F. ) ;
#2414 = ADVANCED_FACE ( 'NONE', ( #8733, #8734, #8735, #8736, #8737, #8738, #8739, #8740, #8741, #8742, #8743, #8744, #8745 ), #9814, .T. ) ;
#2415 = ADVANCED_FACE ( 'NONE', ( #8746 ), #8747, .F. ) ;
#2416 = ADVANCED_FACE ( 'NONE', ( #8748 ), #8749, .F. ) ;
#2417 = ADVANCED_FACE ( 'NONE', ( #8750 ), #8751, .F. ) ;
#2418 = ADVANCED_FACE ( 'NONE', ( #8752 ), #9827, .T. ) ;
#2419 = ADVANCED_FACE ( 'NONE', ( #8753 ), #9831, .T. ) ;
#2420 = ADVANCED_FACE ( 'NONE', ( #8754 ), #8755, .F. ) ;
#2421 = ADVANCED_FACE ( 'NONE', ( #8756 ), #8757, .F. ) ;
#2422 = ADVANCED_FACE ( 'NONE', ( #8758 ), #9841, .T. ) ;
#2423 = ADVANCED_FACE ( 'NONE', ( #8759 ), #9845, .T. ) ;
#2424 = ADVANCED_FACE ( 'NONE', ( #8760 ), #9849, .T. ) ;
#2425 = ADVANCED_FACE ( 'NONE', ( #8761 ), #9853, .T. ) ;
#2426 = ADVANCED_FACE ( 'NONE', ( #8762 ), #9857, .F. ) ;
#2427 = ADVANCED_FACE ( 'NONE', ( #8763 ), #9861, .F. ) ;
#2428 = ADVANCED_FACE ( 'NONE', ( #8764, #8765 ), #9865, .F. ) ;
#2429 = ADVANCED_FACE ( 'NONE', ( #8766 ), #9869, .T. ) ;
#2430 = ADVANCED_FACE ( 'NONE', ( #8767, #8768 ), #9873, .T. ) ;
#2431 = ADVANCED_FACE ( 'NONE', ( #8769, #8770 ), #9877, .T. ) ;
#2432 = ADVANCED_FACE ( 'NONE', ( #8771 ), #9881, .F. ) ;
#2433 = ADVANCED_FACE ( 'NONE', ( #8772 ), #8773, .F. ) ;
#2434 = ADVANCED_FACE ( 'NONE', ( #8774 ), #9888, .F. ) ;
#2435 = ADVANCED_FACE ( 'NONE', ( #8775 ), #9892, .T. ) ;
#2436 = ADVANCED_FACE ( 'NONE', ( #8776 ), #9896, .T. ) ;
#2437 = ADVANCED_FACE ( 'NONE', ( #8777 ), #9900, .T. ) ;
#2438 = ADVANCED_FACE ( 'NONE', ( #8778 ), #9904, .T. ) ;
#2439 = EDGE_CURVE ( 'NONE', #1848, #1845, #1422, .T. ) ;
#2440 = LOCAL_TIME ( 15, 34, 24.00000000000000000, #8785 ) ;
#2441 = LOCAL_TIME ( 15, 34, 24.00000000000000000, #8790 ) ;
#2442 = LOCAL_TIME ( 15, 34, 24.00000000000000000, #8795 ) ;
#2443 = LOCAL_TIME ( 15, 34, 24.00000000000000000, #8802 ) ;
#2444 = LOCAL_TIME ( 15, 34, 24.00000000000000000, #8807 ) ;
#2445 = CARTESIAN_POINT ( 'NONE',  ( 0.6901046187632585700, -0.5718407022048623800, 0.02484725718553685400 ) ) ;
#2446 = CARTESIAN_POINT ( 'NONE',  ( 0.6938766544054230100, -0.5718407022048624900, 0.02451799994921538600 ) ) ;
#2447 = CARTESIAN_POINT ( 'NONE',  ( 0.6974514854340480000, -0.5718407022048624900, 0.02400993170602948300 ) ) ;
#2448 = CARTESIAN_POINT ( 'NONE',  ( 0.7008429118210173200, -0.5718407022048624900, 0.02325026929252454700 ) ) ;
#2449 = CARTESIAN_POINT ( 'NONE',  ( 0.7041561042776169900, -0.5718407022048626100, 0.02231674731391950300 ) ) ;
#2450 = CARTESIAN_POINT ( 'NONE',  ( 0.7074458712034494800, -0.5718407022048623800, 0.02115615181262437900 ) ) ;
#2451 = CARTESIAN_POINT ( 'NONE',  ( 0.7107860576403384200, -0.5718407022048626100, 0.01984611769933889900 ) ) ;
#2452 = CARTESIAN_POINT ( 'NONE',  ( 0.7129738572707303700, -0.5718407022048626100, 0.01880248914088223200 ) ) ;
#2453 = CARTESIAN_POINT ( 'NONE',  ( 0.7140830847525631000, -0.5718407022048624900, 0.01827336322743730600 ) ) ;
#2454 = CARTESIAN_POINT ( 'NONE',  ( 0.7049058695626895200, -0.5723407022048624400, 0.09250200246794365600 ) ) ;
#2455 = CARTESIAN_POINT ( 'NONE',  ( 0.7049145556207639900, -0.5723407022048624400, 0.09201216921091735800 ) ) ;
#2456 = CARTESIAN_POINT ( 'NONE',  ( 0.7049314991485734500, -0.5723407022048623300, 0.09105667209802127700 ) ) ;
#2457 = CARTESIAN_POINT ( 'NONE',  ( 0.7051198348583542800, -0.5723407022048626600, 0.08966720159257847400 ) ) ;
#2458 = CARTESIAN_POINT ( 'NONE',  ( 0.7054045964546266100, -0.5723407022048624400, 0.08835731508444218100 ) ) ;
#2459 = CARTESIAN_POINT ( 'NONE',  ( 0.7058165461378673700, -0.5723407022048625500, 0.08713081761609083000 ) ) ;
#2460 = CARTESIAN_POINT ( 'NONE',  ( 0.7063765132868696800, -0.5723407022048624400, 0.08599234495693178200 ) ) ;
#2461 = CARTESIAN_POINT ( 'NONE',  ( 0.7070880457899776400, -0.5723407022048625500, 0.08494801980179682300 ) ) ;
#2462 = CARTESIAN_POINT ( 'NONE',  ( 0.7079516723965688700, -0.5723407022048624400, 0.08399195872501390200 ) ) ;
#2463 = CARTESIAN_POINT ( 'NONE',  ( 0.7086309822816764200, -0.5723407022048624400, 0.08345652521743492100 ) ) ;
#2464 = CARTESIAN_POINT ( 'NONE',  ( 0.7089762809550945700, -0.5723407022048624400, 0.08318436006288036600 ) ) ;
#2465 = CARTESIAN_POINT ( 'NONE',  ( 0.7089762809550945700, -0.5723407022048624400, 0.08318436006288036600 ) ) ;
#2466 = CARTESIAN_POINT ( 'NONE',  ( 0.7092848813419536700, -0.5723407022048625500, 0.08296366753294720500 ) ) ;
#2467 = CARTESIAN_POINT ( 'NONE',  ( 0.7099061757411059300, -0.5723407022048627700, 0.08251935495713407000 ) ) ;
#2468 = CARTESIAN_POINT ( 'NONE',  ( 0.7109463622076477300, -0.5723407022048623300, 0.08199963316255588800 ) ) ;
#2469 = CARTESIAN_POINT ( 'NONE',  ( 0.7120586576079736000, -0.5723407022048625500, 0.08156814890337900400 ) ) ;
#2470 = CARTESIAN_POINT ( 'NONE',  ( 0.7132597996213124700, -0.5723407022048625500, 0.08123449622955948600 ) ) ;
#2471 = CARTESIAN_POINT ( 'NONE',  ( 0.7145635620244086300, -0.5723407022048624400, 0.08100489365133935200 ) ) ;
#2472 = CARTESIAN_POINT ( 'NONE',  ( 0.7159697190410826400, -0.5723407022048624400, 0.08084798162604568700 ) ) ;
#2473 = CARTESIAN_POINT ( 'NONE',  ( 0.7174842269758448000, -0.5723407022048624400, 0.08072622225071554600 ) ) ;
#2474 = CARTESIAN_POINT ( 'NONE',  ( 0.7185290160784952900, -0.5723407022048624400, 0.08072209525380677500 ) ) ;
#2475 = CARTESIAN_POINT ( 'NONE',  ( 0.7190692398158541300, -0.5723407022048624400, 0.08071996132870314100 ) ) ;
#2476 = CARTESIAN_POINT ( 'NONE',  ( 0.7133769929804112400, -0.5718407022048624900, 0.004454138543892976500 ) ) ;
#2477 = CARTESIAN_POINT ( 'NONE',  ( 0.7133769929804112400, -0.5723407022048624400, 0.004454138543892976500 ) ) ;
#2478 = CARTESIAN_POINT ( 'NONE',  ( 0.7124063078227880200, -0.5718407022048624900, 0.005286640649335017600 ) ) ;
#2479 = CARTESIAN_POINT ( 'NONE',  ( 0.7124063078227880200, -0.5723407022048624400, 0.005286640649335017600 ) ) ;
#2480 = CARTESIAN_POINT ( 'NONE',  ( 0.7104698780798584000, -0.5718407022048624900, 0.006947407609011830600 ) ) ;
#2481 = CARTESIAN_POINT ( 'NONE',  ( 0.7104698780798584000, -0.5723407022048624400, 0.006947407609011830600 ) ) ;
#2482 = CARTESIAN_POINT ( 'NONE',  ( 0.7072761461623356900, -0.5718407022048624900, 0.009088021174851078000 ) ) ;
#2483 = CARTESIAN_POINT ( 'NONE',  ( 0.7072761461623356900, -0.5723407022048624400, 0.009088021174851078000 ) ) ;
#2484 = CARTESIAN_POINT ( 'NONE',  ( 0.7038654840628982800, -0.5718407022048624900, 0.01092371502782933100 ) ) ;
#2485 = CARTESIAN_POINT ( 'NONE',  ( 0.7038654840628982800, -0.5723407022048624400, 0.01092371502782933100 ) ) ;
#2486 = CARTESIAN_POINT ( 'NONE',  ( 0.7002857006083228500, -0.5718407022048626100, 0.01244539301653828500 ) ) ;
#2487 = CARTESIAN_POINT ( 'NONE',  ( 0.7002857006083228500, -0.5723407022048625500, 0.01244539301653828500 ) ) ;
#2488 = CARTESIAN_POINT ( 'NONE',  ( 0.6966690033337809000, -0.5718407022048624900, 0.01366126649941402200 ) ) ;
#2489 = CARTESIAN_POINT ( 'NONE',  ( 0.6966690033337809000, -0.5723407022048624400, 0.01366126649941402200 ) ) ;
#2490 = CARTESIAN_POINT ( 'NONE',  ( 0.6931107611442848300, -0.5718407022048624900, 0.01454204437862669300 ) ) ;
#2491 = CARTESIAN_POINT ( 'NONE',  ( 0.6931107611442848300, -0.5723407022048624400, 0.01454204437862669300 ) ) ;
#2492 = CARTESIAN_POINT ( 'NONE',  ( 0.6896689007695404600, -0.5718407022048626100, 0.01511765312440876600 ) ) ;
#2493 = CARTESIAN_POINT ( 'NONE',  ( 0.6896689007695404600, -0.5723407022048626600, 0.01511765312440876600 ) ) ;
#2494 = CARTESIAN_POINT ( 'NONE',  ( 0.6873994012619230000, -0.5718407022048626100, 0.01518218280355875500 ) ) ;
#2495 = CARTESIAN_POINT ( 'NONE',  ( 0.6873994012619230000, -0.5723407022048625500, 0.01518218280355875500 ) ) ;
#2496 = CARTESIAN_POINT ( 'NONE',  ( 0.6862933300057280100, -0.5718407022048626100, 0.01521363221477902200 ) ) ;
#2497 = CARTESIAN_POINT ( 'NONE',  ( 0.6862933300057280100, -0.5723407022048625500, 0.01521363221477902200 ) ) ;
#2498 = CARTESIAN_POINT ( 'NONE',  ( 0.7193876733601579600, -0.5718407022048624900, 0.07274527778439934800 ) ) ;
#2499 = CARTESIAN_POINT ( 'NONE',  ( 0.7184875602407169200, -0.5718407022048626100, 0.07275636680256772300 ) ) ;
#2500 = CARTESIAN_POINT ( 'NONE',  ( 0.7167644111262896400, -0.5718407022048626100, 0.07277759528088224800 ) ) ;
#2501 = CARTESIAN_POINT ( 'NONE',  ( 0.7142915453234488500, -0.5718407022048627200, 0.07292453781178866200 ) ) ;
#2502 = CARTESIAN_POINT ( 'NONE',  ( 0.7120545390032951800, -0.5718407022048622700, 0.07318508951640474700 ) ) ;
#2503 = CARTESIAN_POINT ( 'NONE',  ( 0.7100238099477675900, -0.5718407022048626100, 0.07353740214710569000 ) ) ;
#2504 = CARTESIAN_POINT ( 'NONE',  ( 0.7081613869981220300, -0.5718407022048624900, 0.07403798200727207400 ) ) ;
#2505 = CARTESIAN_POINT ( 'NONE',  ( 0.7064239988969640600, -0.5718407022048627200, 0.07471436709703774300 ) ) ;
#2506 = CARTESIAN_POINT ( 'NONE',  ( 0.7047608652003196600, -0.5718407022048623800, 0.07551900842140049600 ) ) ;
#2507 = CARTESIAN_POINT ( 'NONE',  ( 0.7037404346913415100, -0.5718407022048624900, 0.07619904649467081100 ) ) ;
#2508 = CARTESIAN_POINT ( 'NONE',  ( 0.7032306322209177500, -0.5718407022048626100, 0.07653879044262718000 ) ) ;
#2509 = CARTESIAN_POINT ( 'NONE',  ( 0.7140830847525631000, -0.5718407022048624900, 0.01827336322743730600 ) ) ;
#2510 = DIRECTION ( 'NONE',  ( 0.0000000000000000000, 0.0000000000000000000, -1.000000000000000000 ) ) ;
#2511 = CARTESIAN_POINT ( 'NONE',  ( 0.6599157588031960800, -0.5718407022048626100, -0.04503953234218294900 ) ) ;
#2512 = CARTESIAN_POINT ( 'NONE',  ( 0.6606737893598695300, -0.5718407022048627200, -0.04572555640098782700 ) ) ;
#2513 = CARTESIAN_POINT ( 'NONE',  ( 0.6622279638187637000, -0.5718407022048627200, -0.04713209741835876200 ) ) ;
#2514 = CARTESIAN_POINT ( 'NONE',  ( 0.6649254539234045200, -0.5718407022048624900, -0.04893058604447869000 ) ) ;
#2515 = CARTESIAN_POINT ( 'NONE',  ( 0.6679256425308119900, -0.5718407022048626100, -0.05058536880192053600 ) ) ;
#2516 = CARTESIAN_POINT ( 'NONE',  ( 0.6712218090185592100, -0.5718407022048624900, -0.05201723268784828200 ) ) ;
#2517 = CARTESIAN_POINT ( 'NONE',  ( 0.6746926719908988800, -0.5718407022048626100, -0.05323362331995169100 ) ) ;
#2518 = CARTESIAN_POINT ( 'NONE',  ( 0.6782709982752257400, -0.5718407022048624900, -0.05408010442168529500 ) ) ;
#2519 = CARTESIAN_POINT ( 'NONE',  ( 0.6818882558496407500, -0.5718407022048624900, -0.05463212109664870900 ) ) ;
#2520 = CARTESIAN_POINT ( 'NONE',  ( 0.6843187579467686600, -0.5718407022048624900, -0.05469271169279643600 ) ) ;
#2521 = CARTESIAN_POINT ( 'NONE',  ( 0.6855368031069936100, -0.5718407022048624900, -0.05472307664598043100 ) ) ;
#2522 = CARTESIAN_POINT ( 'NONE',  ( 0.6384501733601580800, -0.5718407022048626100, 0.1347705942400955800 ) ) ;
#2523 = DIRECTION ( 'NONE',  ( 1.622879996236195800E-015, -1.000000000000000000, -0.0000000000000000000 ) ) ;
#2524 = CARTESIAN_POINT ( 'NONE',  ( 0.7190692398158541300, -0.5718407022048624900, 0.08071996132870314100 ) ) ;
#2525 = DIRECTION ( 'NONE',  ( 1.622879996236195800E-015, -1.000000000000000000, -0.0000000000000000000 ) ) ;
#2526 = CARTESIAN_POINT ( 'NONE',  ( 0.6856544850690190500, -0.5718407022048626100, -0.06440662094977794800 ) ) ;
#2527 = CARTESIAN_POINT ( 'NONE',  ( 0.6843478007012036000, -0.5718407022048624900, -0.06439218615796121800 ) ) ;
#2528 = CARTESIAN_POINT ( 'NONE',  ( 0.6817914930612374300, -0.5718407022048626100, -0.06436394692168413700 ) ) ;
#2529 = CARTESIAN_POINT ( 'NONE',  ( 0.6780449567733627400, -0.5718407022048624900, -0.06399805801378009900 ) ) ;
#2530 = CARTESIAN_POINT ( 'NONE',  ( 0.6744554822391292100, -0.5718407022048626100, -0.06350703931978374200 ) ) ;
#2531 = CARTESIAN_POINT ( 'NONE',  ( 0.6710499130588031300, -0.5718407022048627200, -0.06273172171111873800 ) ) ;
#2532 = CARTESIAN_POINT ( 'NONE',  ( 0.6678234692868044700, -0.5718407022048624900, -0.06182166191793939100 ) ) ;
#2533 = CARTESIAN_POINT ( 'NONE',  ( 0.6647767628713996400, -0.5718407022048626100, -0.06081388833516589800 ) ) ;
#2534 = CARTESIAN_POINT ( 'NONE',  ( 0.6619089623444606200, -0.5718407022048626100, -0.05971543586086734700 ) ) ;
#2535 = CARTESIAN_POINT ( 'NONE',  ( 0.6600961924666132200, -0.5718407022048624900, -0.05886914838650048100 ) ) ;
#2536 = CARTESIAN_POINT ( 'NONE',  ( 0.6592096670310442200, -0.5718407022048626100, -0.05845527601306905300 ) ) ;
#2537 = CARTESIAN_POINT ( 'NONE',  ( 0.6559818189297784700, -0.5718407022048626100, -0.001261842468765232400 ) ) ;
#2538 = CARTESIAN_POINT ( 'NONE',  ( 0.6559818189297784700, -0.5723407022048625500, -0.001261842468765232400 ) ) ;
#2539 = CARTESIAN_POINT ( 'NONE',  ( 0.6560093004368331400, -0.5718407022048626100, -0.0004254493532433685300 ) ) ;
#2540 = CARTESIAN_POINT ( 'NONE',  ( 0.6560093004368331400, -0.5723407022048625500, -0.0004254493532433685300 ) ) ;
#2541 = CARTESIAN_POINT ( 'NONE',  ( 0.6560645489408906100, -0.5718407022048627200, 0.001256025696289015000 ) ) ;
#2542 = CARTESIAN_POINT ( 'NONE',  ( 0.6560645489408906100, -0.5723407022048626600, 0.001256025696289015000 ) ) ;
#2543 = CARTESIAN_POINT ( 'NONE',  ( 0.6564646006821812700, -0.5718407022048624900, 0.003762787811238443700 ) ) ;
#2544 = CARTESIAN_POINT ( 'NONE',  ( 0.6564646006821812700, -0.5723407022048624400, 0.003762787811238443700 ) ) ;
#2545 = CARTESIAN_POINT ( 'NONE',  ( 0.6571111236716646900, -0.5718407022048624900, 0.006254783691781566800 ) ) ;
#2546 = CARTESIAN_POINT ( 'NONE',  ( 0.6571111236716646900, -0.5723407022048624400, 0.006254783691781566800 ) ) ;
#2547 = CARTESIAN_POINT ( 'NONE',  ( 0.6579943835935016000, -0.5718407022048627200, 0.008705360375000697700 ) ) ;
#2548 = CARTESIAN_POINT ( 'NONE',  ( 0.6579943835935016000, -0.5723407022048626600, 0.008705360375000697700 ) ) ;
#2549 = CARTESIAN_POINT ( 'NONE',  ( 0.6591062607282655000, -0.5718407022048623800, 0.01106811815742145800 ) ) ;
#2550 = CARTESIAN_POINT ( 'NONE',  ( 0.6591062607282655000, -0.5723407022048623300, 0.01106811815742145800 ) ) ;
#2551 = CARTESIAN_POINT ( 'NONE',  ( 0.6604599587192345700, -0.5718407022048626100, 0.01325144975383133300 ) ) ;
#2552 = CARTESIAN_POINT ( 'NONE',  ( 0.6604599587192345700, -0.5723407022048625500, 0.01325144975383133300 ) ) ;
#2553 = CARTESIAN_POINT ( 'NONE',  ( 0.6619886742091913900, -0.5718407022048628300, 0.01527289093172494400 ) ) ;
#2554 = CARTESIAN_POINT ( 'NONE',  ( 0.6619886742091913900, -0.5723407022048627700, 0.01527289093172494400 ) ) ;
#2555 = CARTESIAN_POINT ( 'NONE',  ( 0.6631842571121584500, -0.5718407022048626100, 0.01644356490800681600 ) ) ;
#2556 = CARTESIAN_POINT ( 'NONE',  ( 0.6631842571121584500, -0.5723407022048626600, 0.01644356490800681600 ) ) ;
#2557 = CARTESIAN_POINT ( 'NONE',  ( 0.6637824518411708000, -0.5718407022048626100, 0.01702929677174107700 ) ) ;
#2558 = CARTESIAN_POINT ( 'NONE',  ( 0.6637824518411708000, -0.5723407022048625500, 0.01702929677174107700 ) ) ;
#2559 = CARTESIAN_POINT ( 'NONE',  ( 0.6637824518411708000, -0.5718407022048626100, 0.01702929677174107700 ) ) ;
#2560 = CARTESIAN_POINT ( 'NONE',  ( 0.6637824518411708000, -0.5723407022048625500, 0.01702929677174107700 ) ) ;
#2561 = CARTESIAN_POINT ( 'NONE',  ( 0.6644716531193519700, -0.5718407022048624900, 0.01762637964077002500 ) ) ;
#2562 = CARTESIAN_POINT ( 'NONE',  ( 0.6644716531193519700, -0.5723407022048624400, 0.01762637964077002500 ) ) ;
#2563 = CARTESIAN_POINT ( 'NONE',  ( 0.6658532802701040400, -0.5718407022048626100, 0.01882333897502450800 ) ) ;
#2564 = CARTESIAN_POINT ( 'NONE',  ( 0.6658532802701040400, -0.5723407022048625500, 0.01882333897502450800 ) ) ;
#2565 = CARTESIAN_POINT ( 'NONE',  ( 0.6681460986826449600, -0.5718407022048627200, 0.02037157352041291800 ) ) ;
#2566 = CARTESIAN_POINT ( 'NONE',  ( 0.6681460986826449600, -0.5723407022048626600, 0.02037157352041291800 ) ) ;
#2567 = CARTESIAN_POINT ( 'NONE',  ( 0.6706049453319684600, -0.5718407022048624900, 0.02171006659641758900 ) ) ;
#2568 = CARTESIAN_POINT ( 'NONE',  ( 0.6706049453319684600, -0.5723407022048624400, 0.02171006659641758900 ) ) ;
#2569 = CARTESIAN_POINT ( 'NONE',  ( 0.6732371338134264200, -0.5718407022048629400, 0.02287932667644780200 ) ) ;
#2570 = CARTESIAN_POINT ( 'NONE',  ( 0.6732371338134264200, -0.5723407022048628800, 0.02287932667644780200 ) ) ;
#2571 = CARTESIAN_POINT ( 'NONE',  ( 0.6761052935591678200, -0.5718407022048626100, 0.02378747203337179900 ) ) ;
#2572 = CARTESIAN_POINT ( 'NONE',  ( 0.6761052935591678200, -0.5723407022048626600, 0.02378747203337179900 ) ) ;
#2573 = CARTESIAN_POINT ( 'NONE',  ( 0.6792303133475715600, -0.5718407022048624900, 0.02443794168374261900 ) ) ;
#2574 = CARTESIAN_POINT ( 'NONE',  ( 0.6792303133475715600, -0.5723407022048624400, 0.02443794168374261900 ) ) ;
#2575 = CARTESIAN_POINT ( 'NONE',  ( 0.6826244110330543800, -0.5718407022048627200, 0.02482216256332472900 ) ) ;
#2576 = CARTESIAN_POINT ( 'NONE',  ( 0.6826244110330543800, -0.5723407022048626600, 0.02482216256332472900 ) ) ;
#2577 = CARTESIAN_POINT ( 'NONE',  ( 0.6849753930213907700, -0.5718407022048624900, 0.02487158914674180200 ) ) ;
#2578 = CARTESIAN_POINT ( 'NONE',  ( 0.6849753930213907700, -0.5723407022048624400, 0.02487158914674180200 ) ) ;
#2579 = CARTESIAN_POINT ( 'NONE',  ( 0.6861924597525631600, -0.5718407022048624900, 0.02489717651857654300 ) ) ;
#2580 = CARTESIAN_POINT ( 'NONE',  ( 0.6861924597525631600, -0.5723407022048624400, 0.02489717651857654300 ) ) ;
#2581 = CARTESIAN_POINT ( 'NONE',  ( 0.6774375151323099900, -0.5718407022048626100, 0.1427452777843993500 ) ) ;
#2582 = DIRECTION ( 'NONE',  ( 0.0000000000000000000, 0.0000000000000000000, -1.000000000000000000 ) ) ;
#2583 = CARTESIAN_POINT ( 'NONE',  ( 0.6667413126006643800, -0.5718407022048626100, 0.0003520815818676592700 ) ) ;
#2584 = CARTESIAN_POINT ( 'NONE',  ( 0.6667636379515526900, -0.5718407022048624900, -0.0005417717168254792100 ) ) ;
#2585 = CARTESIAN_POINT ( 'NONE',  ( 0.6668055658828714300, -0.5718407022048626100, -0.002220465140465723300 ) ) ;
#2586 = CARTESIAN_POINT ( 'NONE',  ( 0.6672850465065179900, -0.5718407022048626100, -0.004549930865993009700 ) ) ;
#2587 = CARTESIAN_POINT ( 'NONE',  ( 0.6680130948132423400, -0.5718407022048626100, -0.006539283064414811100 ) ) ;
#2588 = CARTESIAN_POINT ( 'NONE',  ( 0.6691432709121046800, -0.5718407022048624900, -0.008156721217282893500 ) ) ;
#2589 = CARTESIAN_POINT ( 'NONE',  ( 0.6706039042528041400, -0.5718407022048628300, -0.009455334361045708200 ) ) ;
#2590 = CARTESIAN_POINT ( 'NONE',  ( 0.6723462901889651900, -0.5718407022048624900, -0.01057955720017616000 ) ) ;
#2591 = CARTESIAN_POINT ( 'NONE',  ( 0.6743906960254227900, -0.5718407022048624900, -0.01158269429888654700 ) ) ;
#2592 = CARTESIAN_POINT ( 'NONE',  ( 0.6759017238940872000, -0.5718407022048626100, -0.01206900834788671700 ) ) ;
#2593 = CARTESIAN_POINT ( 'NONE',  ( 0.6766938442462342400, -0.5718407022048626100, -0.01232394689914498800 ) ) ;
#2594 = CARTESIAN_POINT ( 'NONE',  ( 0.7784224834867404800, -0.5718407022048623800, 0.1365427461388297200 ) ) ;
#2595 = CARTESIAN_POINT ( 'NONE',  ( 0.7776641933021799500, -0.5718407022048623800, 0.1365237087214641000 ) ) ;
#2596 = CARTESIAN_POINT ( 'NONE',  ( 0.7761808264129231900, -0.5718407022048623800, 0.1364864677348971200 ) ) ;
#2597 = CARTESIAN_POINT ( 'NONE',  ( 0.7740157062390095000, -0.5718407022048623800, 0.1361284939504489600 ) ) ;
#2598 = CARTESIAN_POINT ( 'NONE',  ( 0.7719674371948731500, -0.5718407022048622700, 0.1355526582047381400 ) ) ;
#2599 = CARTESIAN_POINT ( 'NONE',  ( 0.7700425916666835400, -0.5718407022048623800, 0.1347225246071347100 ) ) ;
#2600 = CARTESIAN_POINT ( 'NONE',  ( 0.7682272300921824100, -0.5718407022048623800, 0.1336831062416369800 ) ) ;
#2601 = CARTESIAN_POINT ( 'NONE',  ( 0.7665402361426778600, -0.5718407022048624900, 0.1323915678235461100 ) ) ;
#2602 = CARTESIAN_POINT ( 'NONE',  ( 0.7649740748271359700, -0.5718407022048623800, 0.1308742290351605800 ) ) ;
#2603 = CARTESIAN_POINT ( 'NONE',  ( 0.7635285008643948300, -0.5718407022048626100, 0.1291382206013873300 ) ) ;
#2604 = CARTESIAN_POINT ( 'NONE',  ( 0.7622408579840265200, -0.5718407022048624900, 0.1271770769214017300 ) ) ;
#2605 = CARTESIAN_POINT ( 'NONE',  ( 0.7611206289100190800, -0.5718407022048624900, 0.1250034987836738700 ) ) ;
#2606 = CARTESIAN_POINT ( 'NONE',  ( 0.7601609601359591300, -0.5718407022048623800, 0.1226331998039121300 ) ) ;
#2607 = CARTESIAN_POINT ( 'NONE',  ( 0.7594114232850954800, -0.5718407022048622700, 0.1200450843015599800 ) ) ;
#2608 = CARTESIAN_POINT ( 'NONE',  ( 0.7587983967616679400, -0.5718407022048626100, 0.1172668363473170400 ) ) ;
#2609 = CARTESIAN_POINT ( 'NONE',  ( 0.7583831371599696300, -0.5718407022048624900, 0.1142808650609386800 ) ) ;
#2610 = CARTESIAN_POINT ( 'NONE',  ( 0.7581095342177977000, -0.5718407022048626100, 0.1110962653480016300 ) ) ;
#2611 = CARTESIAN_POINT ( 'NONE',  ( 0.7580837392180935800, -0.5718407022048624900, 0.1089042551275511000 ) ) ;
#2612 = CARTESIAN_POINT ( 'NONE',  ( 0.7580704265247150100, -0.5718407022048624900, 0.1077729676578170800 ) ) ;
#2613 = CARTESIAN_POINT ( 'NONE',  ( 0.6923119217778799200, -0.5718407022048624900, -0.02770666050673995300 ) ) ;
#2614 = CARTESIAN_POINT ( 'NONE',  ( 0.6923119217778799200, -0.5723407022048626600, -0.02770666050673995300 ) ) ;
#2615 = CARTESIAN_POINT ( 'NONE',  ( 0.6917126171066222400, -0.5718407022048624900, -0.02756521257899378900 ) ) ;
#2616 = CARTESIAN_POINT ( 'NONE',  ( 0.6917126171066222400, -0.5723407022048626600, -0.02756521257899378900 ) ) ;
#2617 = CARTESIAN_POINT ( 'NONE',  ( 0.6904040084476281700, -0.5718407022048624900, -0.02725635467762458100 ) ) ;
#2618 = CARTESIAN_POINT ( 'NONE',  ( 0.6904040084476281700, -0.5723407022048625500, -0.02725635467762458100 ) ) ;
#2619 = CARTESIAN_POINT ( 'NONE',  ( 0.6882698478596003300, -0.5718407022048626100, -0.02678575966766237300 ) ) ;
#2620 = CARTESIAN_POINT ( 'NONE',  ( 0.6882698478596003300, -0.5723407022048627700, -0.02678575966766237300 ) ) ;
#2621 = CARTESIAN_POINT ( 'NONE',  ( 0.6857909980337405500, -0.5718407022048622700, -0.02628426856747411900 ) ) ;
#2622 = CARTESIAN_POINT ( 'NONE',  ( 0.6857909980337405500, -0.5723407022048623300, -0.02628426856747411900 ) ) ;
#2623 = CARTESIAN_POINT ( 'NONE',  ( 0.6830629540208833500, -0.5718407022048626100, -0.02575798184166296400 ) ) ;
#2624 = CARTESIAN_POINT ( 'NONE',  ( 0.6830629540208833500, -0.5723407022048626600, -0.02575798184166296400 ) ) ;
#2625 = CARTESIAN_POINT ( 'NONE',  ( 0.6802759094519133000, -0.5718407022048624900, -0.02518911696298872400 ) ) ;
#2626 = CARTESIAN_POINT ( 'NONE',  ( 0.6802759094519133000, -0.5723407022048625500, -0.02518911696298872400 ) ) ;
#2627 = CARTESIAN_POINT ( 'NONE',  ( 0.6776214156459904300, -0.5718407022048624900, -0.02460951845207905200 ) ) ;
#2628 = CARTESIAN_POINT ( 'NONE',  ( 0.6776214156459904300, -0.5723407022048626600, -0.02460951845207905200 ) ) ;
#2629 = CARTESIAN_POINT ( 'NONE',  ( 0.6751955974657463100, -0.5718407022048626100, -0.02400314382561589300 ) ) ;
#2630 = CARTESIAN_POINT ( 'NONE',  ( 0.6751955974657463100, -0.5723407022048626600, -0.02400314382561589300 ) ) ;
#2631 = CARTESIAN_POINT ( 'NONE',  ( 0.6736612566965520800, -0.5718407022048624900, -0.02357421660837278800 ) ) ;
#2632 = CARTESIAN_POINT ( 'NONE',  ( 0.6736612566965520800, -0.5723407022048626600, -0.02357421660837278800 ) ) ;
#2633 = CARTESIAN_POINT ( 'NONE',  ( 0.6729280214614239400, -0.5718407022048626100, -0.02336923962066401700 ) ) ;
#2634 = CARTESIAN_POINT ( 'NONE',  ( 0.6729280214614239400, -0.5723407022048626600, -0.02336923962066401700 ) ) ;
#2635 = CARTESIAN_POINT ( 'NONE',  ( 0.6943461385500316900, -0.5718407022048624900, -0.01614020481053739200 ) ) ;
#2636 = DIRECTION ( 'NONE',  ( 1.622879996236195800E-015, -1.000000000000000000, -0.0000000000000000000 ) ) ;
#2637 = CARTESIAN_POINT ( 'NONE',  ( 0.7089209012082594600, -0.5718407022048624900, 0.1124802461388297500 ) ) ;
#2638 = DIRECTION ( 'NONE',  ( 1.622879996236195800E-015, -1.000000000000000000, -0.0000000000000000000 ) ) ;
#2639 = CARTESIAN_POINT ( 'NONE',  ( 0.6384501733601580800, -0.5718407022048626100, 0.1427452777843993500 ) ) ;
#2640 = DIRECTION ( 'NONE',  ( 1.622879996236195800E-015, -1.000000000000000000, -0.0000000000000000000 ) ) ;
#2641 = CARTESIAN_POINT ( 'NONE',  ( 0.7331970088031967100, -0.07234070220486343800, 0.1927452777843993400 ) ) ;
#2642 = DIRECTION ( 'NONE',  ( 0.0000000000000000000, 0.0000000000000000000, 1.000000000000000000 ) ) ;
#2643 = DIRECTION ( 'NONE',  ( 1.000000000000000000, 0.0000000000000000000, 0.0000000000000000000 ) ) ;
#2644 = CARTESIAN_POINT ( 'NONE',  ( 0.7140830847525631000, -0.5718407022048624900, 0.004454138543892976500 ) ) ;
#2645 = DIRECTION ( 'NONE',  ( -1.000000000000000000, 0.0000000000000000000, 0.0000000000000000000 ) ) ;
#2646 = CARTESIAN_POINT ( 'NONE',  ( 0.6384501733601580800, -0.5718407022048626100, 0.1347705942400955800 ) ) ;
#2647 = DIRECTION ( 'NONE',  ( 0.0000000000000000000, 0.0000000000000000000, 1.000000000000000000 ) ) ;
#2648 = CARTESIAN_POINT ( 'NONE',  ( 0.6766938442462342400, -0.5718407022048626100, -0.01232394689914498800 ) ) ;
#2649 = CARTESIAN_POINT ( 'NONE',  ( 0.6766938442462342400, -0.5723407022048625500, -0.01232394689914498800 ) ) ;
#2650 = CARTESIAN_POINT ( 'NONE',  ( 0.6780117209642041500, -0.5718407022048624900, -0.01269651018872602000 ) ) ;
#2651 = CARTESIAN_POINT ( 'NONE',  ( 0.6780117209642041500, -0.5723407022048624400, -0.01269651018872602000 ) ) ;
#2652 = CARTESIAN_POINT ( 'NONE',  ( 0.6807273532511229900, -0.5718407022048623800, -0.01346421849126410600 ) ) ;
#2653 = CARTESIAN_POINT ( 'NONE',  ( 0.6807273532511229900, -0.5723407022048623300, -0.01346421849126410600 ) ) ;
#2654 = CARTESIAN_POINT ( 'NONE',  ( 0.6850267618523281400, -0.5718407022048628300, -0.01426852096058491200 ) ) ;
#2655 = CARTESIAN_POINT ( 'NONE',  ( 0.6850267618523281400, -0.5723407022048627700, -0.01426852096058491200 ) ) ;
#2656 = CARTESIAN_POINT ( 'NONE',  ( 0.6896129578645543400, -0.5718407022048624900, -0.01505865236060912600 ) ) ;
#2657 = CARTESIAN_POINT ( 'NONE',  ( 0.6896129578645543400, -0.5723407022048624400, -0.01505865236060912600 ) ) ;
#2658 = CARTESIAN_POINT ( 'NONE',  ( 0.6927351646911621400, -0.5718407022048624900, -0.01577209025087639500 ) ) ;
#2659 = CARTESIAN_POINT ( 'NONE',  ( 0.6927351646911621400, -0.5723407022048624400, -0.01577209025087639500 ) ) ;
#2660 = CARTESIAN_POINT ( 'NONE',  ( 0.6943461385500316900, -0.5718407022048624900, -0.01614020481053739200 ) ) ;
#2661 = CARTESIAN_POINT ( 'NONE',  ( 0.6943461385500316900, -0.5723407022048624400, -0.01614020481053739200 ) ) ;
#2662 = CARTESIAN_POINT ( 'NONE',  ( 0.6943461385500316900, -0.5718407022048624900, -0.01614020481053739200 ) ) ;
#2663 = CARTESIAN_POINT ( 'NONE',  ( 0.6951619832020979900, -0.5718407022048624900, -0.01634735875111685600 ) ) ;
#2664 = CARTESIAN_POINT ( 'NONE',  ( 0.6967527514224859400, -0.5718407022048626100, -0.01675127621820728100 ) ) ;
#2665 = CARTESIAN_POINT ( 'NONE',  ( 0.6990244317167261200, -0.5718407022048624900, -0.01753209395418402900 ) ) ;
#2666 = CARTESIAN_POINT ( 'NONE',  ( 0.7011350991582873100, -0.5718407022048626100, -0.01840881499530542400 ) ) ;
#2667 = CARTESIAN_POINT ( 'NONE',  ( 0.7030922730349206100, -0.5718407022048626100, -0.01937000544535997700 ) ) ;
#2668 = CARTESIAN_POINT ( 'NONE',  ( 0.7048720282094722600, -0.5718407022048626100, -0.02048169799052590400 ) ) ;
#2669 = CARTESIAN_POINT ( 'NONE',  ( 0.7065030670420688900, -0.5718407022048624900, -0.02167744981702419300 ) ) ;
#2670 = CARTESIAN_POINT ( 'NONE',  ( 0.7079580784208700000, -0.5718407022048626100, -0.02300476448938356200 ) ) ;
#2671 = CARTESIAN_POINT ( 'NONE',  ( 0.7092648099575378200, -0.5718407022048623800, -0.02442272817641305500 ) ) ;
#2672 = CARTESIAN_POINT ( 'NONE',  ( 0.7104115925613311300, -0.5718407022048626100, -0.02595335325111899200 ) ) ;
#2673 = CARTESIAN_POINT ( 'NONE',  ( 0.7113887926762763000, -0.5718407022048622700, -0.02760507779611122400 ) ) ;
#2674 = CARTESIAN_POINT ( 'NONE',  ( 0.7122373846831737700, -0.5718407022048624900, -0.02934877485350360900 ) ) ;
#2675 = CARTESIAN_POINT ( 'NONE',  ( 0.7129015992282904400, -0.5718407022048622700, -0.03121929970682198500 ) ) ;
#2676 = CARTESIAN_POINT ( 'NONE',  ( 0.7134526650967019100, -0.5718407022048627200, -0.03318784117448025200 ) ) ;
#2677 = CARTESIAN_POINT ( 'NONE',  ( 0.7138019637079947600, -0.5718407022048624900, -0.03527931870894064600 ) ) ;
#2678 = CARTESIAN_POINT ( 'NONE',  ( 0.7140572377271600100, -0.5718407022048626100, -0.03747357215280112300 ) ) ;
#2679 = CARTESIAN_POINT ( 'NONE',  ( 0.7140743348695025600, -0.5718407022048624900, -0.03897529860662307000 ) ) ;
#2680 = CARTESIAN_POINT ( 'NONE',  ( 0.7140830847525631000, -0.5718407022048624900, -0.03974384405104372500 ) ) ;
#2681 = CARTESIAN_POINT ( 'NONE',  ( 0.6774375151323099900, -0.5718407022048626100, 0.1427452777843993500 ) ) ;
#2682 = DIRECTION ( 'NONE',  ( 1.622879996236195800E-015, -1.000000000000000000, -0.0000000000000000000 ) ) ;
#2683 = CARTESIAN_POINT ( 'NONE',  ( 0.6862933300057280100, -0.5718407022048626100, 0.01521363221477902200 ) ) ;
#2684 = CARTESIAN_POINT ( 'NONE',  ( 0.6855420771403156800, -0.5718407022048624900, 0.01519975934586304800 ) ) ;
#2685 = CARTESIAN_POINT ( 'NONE',  ( 0.6840820512034970800, -0.5718407022048624900, 0.01517279805311066800 ) ) ;
#2686 = CARTESIAN_POINT ( 'NONE',  ( 0.6819577040513195000, -0.5718407022048626100, 0.01499226496123787400 ) ) ;
#2687 = CARTESIAN_POINT ( 'NONE',  ( 0.6799647287912254900, -0.5718407022048626100, 0.01466900213243881200 ) ) ;
#2688 = CARTESIAN_POINT ( 'NONE',  ( 0.6780903688568543600, -0.5718407022048623800, 0.01423763700728825300 ) ) ;
#2689 = CARTESIAN_POINT ( 'NONE',  ( 0.6763415462293525000, -0.5718407022048627200, 0.01367440574745061200 ) ) ;
#2690 = CARTESIAN_POINT ( 'NONE',  ( 0.6747312566464384000, -0.5718407022048624900, 0.01295764994607631400 ) ) ;
#2691 = CARTESIAN_POINT ( 'NONE',  ( 0.6732446695790790200, -0.5718407022048627200, 0.01213239689613060000 ) ) ;
#2692 = CARTESIAN_POINT ( 'NONE',  ( 0.6718782328095073100, -0.5718407022048626100, 0.01119742626575877600 ) ) ;
#2693 = CARTESIAN_POINT ( 'NONE',  ( 0.6706692670579644800, -0.5718407022048626100, 0.01013803721573833600 ) ) ;
#2694 = CARTESIAN_POINT ( 'NONE',  ( 0.6696224690595212700, -0.5718407022048624900, 0.008991626390517400500 ) ) ;
#2695 = CARTESIAN_POINT ( 'NONE',  ( 0.6687309334926629900, -0.5718407022048627200, 0.007765087222795319900 ) ) ;
#2696 = CARTESIAN_POINT ( 'NONE',  ( 0.6680096968621341800, -0.5718407022048624900, 0.006446526771592953800 ) ) ;
#2697 = CARTESIAN_POINT ( 'NONE',  ( 0.6674306054332862500, -0.5718407022048624900, 0.005044999814758230200 ) ) ;
#2698 = CARTESIAN_POINT ( 'NONE',  ( 0.6670284832913647700, -0.5718407022048627200, 0.003553668647163746500 ) ) ;
#2699 = CARTESIAN_POINT ( 'NONE',  ( 0.6667913911944124400, -0.5718407022048626100, 0.001979231578146739400 ) ) ;
#2700 = CARTESIAN_POINT ( 'NONE',  ( 0.6667582400490821300, -0.5718407022048626100, 0.0009020869947306603300 ) ) ;
#2701 = CARTESIAN_POINT ( 'NONE',  ( 0.6667413126006643800, -0.5718407022048626100, 0.0003520815818676592700 ) ) ;
#2702 = CARTESIAN_POINT ( 'NONE',  ( 0.7331970088031967100, -0.07234070220486343800, -0.08725472221560066900 ) ) ;
#2703 = DIRECTION ( 'NONE',  ( -0.0000000000000000000, 0.0000000000000000000, 1.000000000000000000 ) ) ;
#2704 = DIRECTION ( 'NONE',  ( 1.000000000000000000, 0.0000000000000000000, 0.0000000000000000000 ) ) ;
#2705 = CARTESIAN_POINT ( 'NONE',  ( 0.6862933300057280100, -0.5718407022048626100, 0.01521363221477902200 ) ) ;
#2706 = DIRECTION ( 'NONE',  ( 1.622879996236195800E-015, -1.000000000000000000, -0.0000000000000000000 ) ) ;
#2707 = CARTESIAN_POINT ( 'NONE',  ( 0.6923119217778795900, -0.5718407022048624900, -0.02770666050673991800 ) ) ;
#2708 = CARTESIAN_POINT ( 'NONE',  ( 0.6917126171066222400, -0.5718407022048626100, -0.02756521257899378900 ) ) ;
#2709 = CARTESIAN_POINT ( 'NONE',  ( 0.6904040084476281700, -0.5718407022048624900, -0.02725635467762458100 ) ) ;
#2710 = CARTESIAN_POINT ( 'NONE',  ( 0.6882698478596003300, -0.5718407022048627200, -0.02678575966766237300 ) ) ;
#2711 = CARTESIAN_POINT ( 'NONE',  ( 0.6857909980337405500, -0.5718407022048622700, -0.02628426856747411900 ) ) ;
#2712 = CARTESIAN_POINT ( 'NONE',  ( 0.6830629540208833500, -0.5718407022048626100, -0.02575798184166296400 ) ) ;
#2713 = CARTESIAN_POINT ( 'NONE',  ( 0.6802759094519133000, -0.5718407022048624900, -0.02518911696298872400 ) ) ;
#2714 = CARTESIAN_POINT ( 'NONE',  ( 0.6776214156459904300, -0.5718407022048626100, -0.02460951845207905200 ) ) ;
#2715 = CARTESIAN_POINT ( 'NONE',  ( 0.6751955974657463100, -0.5718407022048626100, -0.02400314382561589300 ) ) ;
#2716 = CARTESIAN_POINT ( 'NONE',  ( 0.6736612566965520800, -0.5718407022048626100, -0.02357421660837278800 ) ) ;
#2717 = CARTESIAN_POINT ( 'NONE',  ( 0.6729280214614239400, -0.5718407022048626100, -0.02336923962066401700 ) ) ;
#2718 = CARTESIAN_POINT ( 'NONE',  ( 0.7133769929804112400, -0.5718407022048624900, 0.004454138543892976500 ) ) ;
#2719 = CARTESIAN_POINT ( 'NONE',  ( 0.7124063078227880200, -0.5718407022048624900, 0.005286640649335017600 ) ) ;
#2720 = CARTESIAN_POINT ( 'NONE',  ( 0.7104698780798584000, -0.5718407022048624900, 0.006947407609011830600 ) ) ;
#2721 = CARTESIAN_POINT ( 'NONE',  ( 0.7072761461623356900, -0.5718407022048624900, 0.009088021174851078000 ) ) ;
#2722 = CARTESIAN_POINT ( 'NONE',  ( 0.7038654840628982800, -0.5718407022048624900, 0.01092371502782933100 ) ) ;
#2723 = CARTESIAN_POINT ( 'NONE',  ( 0.7002857006083228500, -0.5718407022048626100, 0.01244539301653828500 ) ) ;
#2724 = CARTESIAN_POINT ( 'NONE',  ( 0.6966690033337809000, -0.5718407022048624900, 0.01366126649941402200 ) ) ;
#2725 = CARTESIAN_POINT ( 'NONE',  ( 0.6931107611442848300, -0.5718407022048624900, 0.01454204437862669300 ) ) ;
#2726 = CARTESIAN_POINT ( 'NONE',  ( 0.6896689007695404600, -0.5718407022048626100, 0.01511765312440876600 ) ) ;
#2727 = CARTESIAN_POINT ( 'NONE',  ( 0.6873994012619230000, -0.5718407022048626100, 0.01518218280355875500 ) ) ;
#2728 = CARTESIAN_POINT ( 'NONE',  ( 0.6862933300057280100, -0.5718407022048626100, 0.01521363221477902200 ) ) ;
#2729 = CARTESIAN_POINT ( 'NONE',  ( 0.8656970088031966700, -0.07234070220486343800, -0.1822547222156006800 ) ) ;
#2730 = DIRECTION ( 'NONE',  ( -0.0000000000000000000, -0.0000000000000000000, 1.000000000000000000 ) ) ;
#2731 = CARTESIAN_POINT ( 'NONE',  ( 0.7580704265247150100, -0.5718407022048624900, 0.1077729676578170800 ) ) ;
#2732 = CARTESIAN_POINT ( 'NONE',  ( 0.7580834758583928600, -0.5718407022048624900, 0.1066554618515730800 ) ) ;
#2733 = CARTESIAN_POINT ( 'NONE',  ( 0.7581088584305849500, -0.5718407022048624900, 0.1044817744816254200 ) ) ;
#2734 = CARTESIAN_POINT ( 'NONE',  ( 0.7583883310138278500, -0.5718407022048624900, 0.1013217986067475600 ) ) ;
#2735 = CARTESIAN_POINT ( 'NONE',  ( 0.7587799213631872800, -0.5718407022048624900, 0.09834693337646745200 ) ) ;
#2736 = CARTESIAN_POINT ( 'NONE',  ( 0.7593998060090192400, -0.5718407022048624900, 0.09557957407806902400 ) ) ;
#2737 = CARTESIAN_POINT ( 'NONE',  ( 0.7601494160226312000, -0.5718407022048624900, 0.09299858089215162800 ) ) ;
#2738 = CARTESIAN_POINT ( 'NONE',  ( 0.7610949455613809100, -0.5718407022048624900, 0.09062262244742123900 ) ) ;
#2739 = CARTESIAN_POINT ( 'NONE',  ( 0.7622025782745174300, -0.5718407022048624900, 0.08843664369937906400 ) ) ;
#2740 = CARTESIAN_POINT ( 'NONE',  ( 0.7634727812089594500, -0.5718407022048624900, 0.08645104735391882800 ) ) ;
#2741 = CARTESIAN_POINT ( 'NONE',  ( 0.7649005255618478400, -0.5718407022048623800, 0.08468812506472636600 ) ) ;
#2742 = CARTESIAN_POINT ( 'NONE',  ( 0.7664579902320513000, -0.5718407022048624900, 0.08315123835967400100 ) ) ;
#2743 = CARTESIAN_POINT ( 'NONE',  ( 0.7681440354660745700, -0.5718407022048623800, 0.08184993392005797400 ) ) ;
#2744 = CARTESIAN_POINT ( 'NONE',  ( 0.7699621477884136500, -0.5718407022048623800, 0.08079362650612481600 ) ) ;
#2745 = CARTESIAN_POINT ( 'NONE',  ( 0.7718954860636569900, -0.5718407022048624900, 0.07994818521598867600 ) ) ;
#2746 = CARTESIAN_POINT ( 'NONE',  ( 0.7739665945450185900, -0.5718407022048622700, 0.07937939469313848300 ) ) ;
#2747 = CARTESIAN_POINT ( 'NONE',  ( 0.7761517631411194400, -0.5718407022048623800, 0.07899942051975002200 ) ) ;
#2748 = CARTESIAN_POINT ( 'NONE',  ( 0.7776547135670053300, -0.5718407022048623800, 0.07896526003428272500 ) ) ;
#2749 = CARTESIAN_POINT ( 'NONE',  ( 0.7784224834867404800, -0.5718407022048624900, 0.07894780942996897100 ) ) ;
#2750 = CARTESIAN_POINT ( 'NONE',  ( 0.7133769929804112400, -0.5718407022048624900, 0.004454138543892976500 ) ) ;
#2751 = DIRECTION ( 'NONE',  ( 1.622879996236195800E-015, -1.000000000000000000, -0.0000000000000000000 ) ) ;
#2752 = CARTESIAN_POINT ( 'NONE',  ( 0.7204537334867404700, -0.5718407022048624900, 0.1073022398097158200 ) ) ;
#2753 = DIRECTION ( 'NONE',  ( 1.622879996236195800E-015, -1.000000000000000000, -0.0000000000000000000 ) ) ;
#2754 = CARTESIAN_POINT ( 'NONE',  ( 0.7089209012082594600, -0.5718407022048624900, 0.1124802461388297500 ) ) ;
#2755 = DIRECTION ( 'NONE',  ( -0.6134402671333849500, -1.782133191682247700E-015, 0.7897411212918581400 ) ) ;
#2756 = CARTESIAN_POINT ( 'NONE',  ( 0.7049058695626895200, -0.5718407022048624900, 0.09250200246794365600 ) ) ;
#2757 = DIRECTION ( 'NONE',  ( 1.622879996236195800E-015, -1.000000000000000000, -0.0000000000000000000 ) ) ;
#2758 = CARTESIAN_POINT ( 'NONE',  ( 0.7085886227272465400, -0.5723407022048624400, 0.1036194866451588500 ) ) ;
#2759 = CARTESIAN_POINT ( 'NONE',  ( 0.7082852307414836400, -0.5723407022048624400, 0.1032798367025113100 ) ) ;
#2760 = CARTESIAN_POINT ( 'NONE',  ( 0.7076873794796453300, -0.5723407022048624400, 0.1026105370626920300 ) ) ;
#2761 = CARTESIAN_POINT ( 'NONE',  ( 0.7069299751817806900, -0.5723407022048627700, 0.1014919917266323800 ) ) ;
#2762 = CARTESIAN_POINT ( 'NONE',  ( 0.7062996007070580000, -0.5723407022048624400, 0.1003068486964862300 ) ) ;
#2763 = CARTESIAN_POINT ( 'NONE',  ( 0.7057690727442812500, -0.5723407022048624400, 0.09903598197268398400 ) ) ;
#2764 = CARTESIAN_POINT ( 'NONE',  ( 0.7053871686710480000, -0.5723407022048624400, 0.09763443940002646000 ) ) ;
#2765 = CARTESIAN_POINT ( 'NONE',  ( 0.7050937071807785700, -0.5723407022048625500, 0.09608005436828821700 ) ) ;
#2766 = CARTESIAN_POINT ( 'NONE',  ( 0.7049357299766226800, -0.5723407022048626600, 0.09434662499878943000 ) ) ;
#2767 = CARTESIAN_POINT ( 'NONE',  ( 0.7049161090113663700, -0.5723407022048624400, 0.09313454285318228900 ) ) ;
#2768 = CARTESIAN_POINT ( 'NONE',  ( 0.7049058695626895200, -0.5723407022048624400, 0.09250200246794365600 ) ) ;
#2769 = CARTESIAN_POINT ( 'NONE',  ( 0.7085886227272465400, -0.5718407022048624900, 0.1036194866451588500 ) ) ;
#2770 = DIRECTION ( 'NONE',  ( 1.622879996236195800E-015, -1.000000000000000000, -0.0000000000000000000 ) ) ;
#2771 = CARTESIAN_POINT ( 'NONE',  ( 0.7085886227272465400, -0.5718407022048624900, 0.1036194866451588500 ) ) ;
#2772 = CARTESIAN_POINT ( 'NONE',  ( 0.7082852307414836400, -0.5718407022048624900, 0.1032798367025113100 ) ) ;
#2773 = CARTESIAN_POINT ( 'NONE',  ( 0.7076873794796453300, -0.5718407022048624900, 0.1026105370626920300 ) ) ;
#2774 = CARTESIAN_POINT ( 'NONE',  ( 0.7069299751817806900, -0.5718407022048628300, 0.1014919917266323800 ) ) ;
#2775 = CARTESIAN_POINT ( 'NONE',  ( 0.7062996007070580000, -0.5718407022048624900, 0.1003068486964862300 ) ) ;
#2776 = CARTESIAN_POINT ( 'NONE',  ( 0.7057690727442812500, -0.5718407022048624900, 0.09903598197268398400 ) ) ;
#2777 = CARTESIAN_POINT ( 'NONE',  ( 0.7053871686710480000, -0.5718407022048624900, 0.09763443940002646000 ) ) ;
#2778 = CARTESIAN_POINT ( 'NONE',  ( 0.7050937071807785700, -0.5718407022048626100, 0.09608005436828821700 ) ) ;
#2779 = CARTESIAN_POINT ( 'NONE',  ( 0.7049357299766226800, -0.5718407022048626100, 0.09434662499878943000 ) ) ;
#2780 = CARTESIAN_POINT ( 'NONE',  ( 0.7049161090113663700, -0.5718407022048624900, 0.09313454285318228900 ) ) ;
#2781 = CARTESIAN_POINT ( 'NONE',  ( 0.7049058695626895200, -0.5718407022048624900, 0.09250200246794365600 ) ) ;
#2782 = CARTESIAN_POINT ( 'NONE',  ( 0.7049058695626895200, -0.5718407022048624900, 0.09250200246794365600 ) ) ;
#2783 = CARTESIAN_POINT ( 'NONE',  ( 0.7049145556207639900, -0.5718407022048624900, 0.09201216921091735800 ) ) ;
#2784 = CARTESIAN_POINT ( 'NONE',  ( 0.7049314991485734500, -0.5718407022048622700, 0.09105667209802127700 ) ) ;
#2785 = CARTESIAN_POINT ( 'NONE',  ( 0.7051198348583542800, -0.5718407022048626100, 0.08966720159257847400 ) ) ;
#2786 = CARTESIAN_POINT ( 'NONE',  ( 0.7054045964546266100, -0.5718407022048624900, 0.08835731508444218100 ) ) ;
#2787 = CARTESIAN_POINT ( 'NONE',  ( 0.7058165461378673700, -0.5718407022048626100, 0.08713081761609083000 ) ) ;
#2788 = CARTESIAN_POINT ( 'NONE',  ( 0.7063765132868696800, -0.5718407022048624900, 0.08599234495693178200 ) ) ;
#2789 = CARTESIAN_POINT ( 'NONE',  ( 0.7070880457899776400, -0.5718407022048626100, 0.08494801980179682300 ) ) ;
#2790 = CARTESIAN_POINT ( 'NONE',  ( 0.7079516723965688700, -0.5718407022048624900, 0.08399195872501390200 ) ) ;
#2791 = CARTESIAN_POINT ( 'NONE',  ( 0.7086309822816764200, -0.5718407022048624900, 0.08345652521743492100 ) ) ;
#2792 = CARTESIAN_POINT ( 'NONE',  ( 0.7089762809550945700, -0.5718407022048624900, 0.08318436006288036600 ) ) ;
#2793 = PLANE ( 'NONE',  #410 ) ;
#2794 = CARTESIAN_POINT ( 'NONE',  ( 0.7140830847525631000, -0.5718407022048624900, 0.004454138543892976500 ) ) ;
#2795 = DIRECTION ( 'NONE',  ( 0.0000000000000000000, 0.0000000000000000000, 1.000000000000000000 ) ) ;
#2796 = DIRECTION ( 'NONE',  ( 1.000000000000000000, 0.0000000000000000000, -0.0000000000000000000 ) ) ;
#2797 = PLANE ( 'NONE',  #430 ) ;
#2798 = CARTESIAN_POINT ( 'NONE',  ( 0.7541790103854741900, -0.5718407022048624900, -0.06225472221560066100 ) ) ;
#2799 = DIRECTION ( 'NONE',  ( 0.0000000000000000000, 0.0000000000000000000, 1.000000000000000000 ) ) ;
#2800 = DIRECTION ( 'NONE',  ( 1.000000000000000000, 0.0000000000000000000, -0.0000000000000000000 ) ) ;
#2801 = CARTESIAN_POINT ( 'NONE',  ( 0.7595251338031958600, -0.5718407022048624900, -0.05275610670927157600 ) ) ;
#2802 = CARTESIAN_POINT ( 'NONE',  ( 0.7595251338031958600, -0.5723407022048624400, -0.05275610670927157600 ) ) ;
#2803 = CARTESIAN_POINT ( 'NONE',  ( 0.7591433424289258900, -0.5718407022048624900, -0.05299948515517560700 ) ) ;
#2804 = CARTESIAN_POINT ( 'NONE',  ( 0.7591433424289258900, -0.5723407022048624400, -0.05299948515517560700 ) ) ;
#2805 = CARTESIAN_POINT ( 'NONE',  ( 0.7583890452018157100, -0.5718407022048624900, -0.05348032285674728100 ) ) ;
#2806 = CARTESIAN_POINT ( 'NONE',  ( 0.7583890452018157100, -0.5723407022048624400, -0.05348032285674728100 ) ) ;
#2807 = CARTESIAN_POINT ( 'NONE',  ( 0.7573828935185894500, -0.5718407022048624900, -0.05434398865061608500 ) ) ;
#2808 = CARTESIAN_POINT ( 'NONE',  ( 0.7573828935185894500, -0.5723407022048624400, -0.05434398865061608500 ) ) ;
#2809 = CARTESIAN_POINT ( 'NONE',  ( 0.7564901587344677900, -0.5718407022048626100, -0.05529759981058545600 ) ) ;
#2810 = CARTESIAN_POINT ( 'NONE',  ( 0.7564901587344677900, -0.5723407022048625500, -0.05529759981058545600 ) ) ;
#2811 = CARTESIAN_POINT ( 'NONE',  ( 0.7557269235237558100, -0.5718407022048624900, -0.05636745993184404800 ) ) ;
#2812 = CARTESIAN_POINT ( 'NONE',  ( 0.7557269235237558100, -0.5723407022048624400, -0.05636745993184404800 ) ) ;
#2813 = CARTESIAN_POINT ( 'NONE',  ( 0.7550861079498670800, -0.5718407022048624900, -0.05757559631136068700 ) ) ;
#2814 = CARTESIAN_POINT ( 'NONE',  ( 0.7550861079498670800, -0.5723407022048624400, -0.05757559631136068700 ) ) ;
#2815 = CARTESIAN_POINT ( 'NONE',  ( 0.7546466818878870800, -0.5718407022048624900, -0.05897873342554298100 ) ) ;
#2816 = CARTESIAN_POINT ( 'NONE',  ( 0.7546466818878870800, -0.5723407022048624400, -0.05897873342554298100 ) ) ;
#2817 = CARTESIAN_POINT ( 'NONE',  ( 0.7542991095901328000, -0.5718407022048623800, -0.06054699479454378500 ) ) ;
#2818 = CARTESIAN_POINT ( 'NONE',  ( 0.7542991095901328000, -0.5723407022048623300, -0.06054699479454378500 ) ) ;
#2819 = CARTESIAN_POINT ( 'NONE',  ( 0.7542201425663365200, -0.5718407022048623800, -0.06166985112219051900 ) ) ;
#2820 = CARTESIAN_POINT ( 'NONE',  ( 0.7542201425663365200, -0.5723407022048623300, -0.06166985112219051900 ) ) ;
#2821 = CARTESIAN_POINT ( 'NONE',  ( 0.7541790103854741900, -0.5718407022048624900, -0.06225472221560066100 ) ) ;
#2822 = CARTESIAN_POINT ( 'NONE',  ( 0.7541790103854741900, -0.5723407022048624400, -0.06225472221560066100 ) ) ;
#2823 = CARTESIAN_POINT ( 'NONE',  ( 0.7721843505753477300, -0.5718407022048623800, -0.05041927917762598800 ) ) ;
#2824 = CARTESIAN_POINT ( 'NONE',  ( 0.7721843505753477300, -0.5723407022048623300, -0.05041927917762598800 ) ) ;
#2825 = CARTESIAN_POINT ( 'NONE',  ( 0.7710568190919733200, -0.5718407022048622700, -0.05045179291860923300 ) ) ;
#2826 = CARTESIAN_POINT ( 'NONE',  ( 0.7710568190919733200, -0.5723407022048623300, -0.05045179291860923300 ) ) ;
#2827 = CARTESIAN_POINT ( 'NONE',  ( 0.7687094047199833900, -0.5718407022048624900, -0.05051948346561099100 ) ) ;
#2828 = CARTESIAN_POINT ( 'NONE',  ( 0.7687094047199833900, -0.5723407022048624400, -0.05051948346561099100 ) ) ;
#2829 = CARTESIAN_POINT ( 'NONE',  ( 0.7657871809205426500, -0.5718407022048624900, -0.05089623702620479200 ) ) ;
#2830 = CARTESIAN_POINT ( 'NONE',  ( 0.7657871809205426500, -0.5723407022048624400, -0.05089623702620479200 ) ) ;
#2831 = CARTESIAN_POINT ( 'NONE',  ( 0.7634885960091391000, -0.5718407022048624900, -0.05133281589280230800 ) ) ;
#2832 = CARTESIAN_POINT ( 'NONE',  ( 0.7634885960091391000, -0.5723407022048624400, -0.05133281589280230800 ) ) ;
#2833 = CARTESIAN_POINT ( 'NONE',  ( 0.7619533920744868700, -0.5718407022048623800, -0.05170430639634300600 ) ) ;
#2834 = CARTESIAN_POINT ( 'NONE',  ( 0.7619533920744868700, -0.5723407022048623300, -0.05170430639634300600 ) ) ;
#2835 = CARTESIAN_POINT ( 'NONE',  ( 0.7606409395464697200, -0.5718407022048624900, -0.05216556774341425000 ) ) ;
#2836 = CARTESIAN_POINT ( 'NONE',  ( 0.7606409395464697200, -0.5723407022048624400, -0.05216556774341425000 ) ) ;
#2837 = CARTESIAN_POINT ( 'NONE',  ( 0.7598799156920972300, -0.5718407022048624900, -0.05256833878368093900 ) ) ;
#2838 = CARTESIAN_POINT ( 'NONE',  ( 0.7598799156920972300, -0.5723407022048624400, -0.05256833878368093900 ) ) ;
#2839 = CARTESIAN_POINT ( 'NONE',  ( 0.7595251338031958600, -0.5718407022048624900, -0.05275610670927157600 ) ) ;
#2840 = CARTESIAN_POINT ( 'NONE',  ( 0.7595251338031958600, -0.5723407022048624400, -0.05275610670927157600 ) ) ;
#2841 = PLANE ( 'NONE',  #413 ) ;
#2842 = CARTESIAN_POINT ( 'NONE',  ( 0.7463615657652211700, -0.5718407022048624900, -0.06225472221560066100 ) ) ;
#2843 = DIRECTION ( 'NONE',  ( 1.000000000000000000, 1.622879996236195800E-015, -0.0000000000000000000 ) ) ;
#2844 = DIRECTION ( 'NONE',  ( -1.622879996236195800E-015, 1.000000000000000000, 0.0000000000000000000 ) ) ;
#2845 = PLANE ( 'NONE',  #412 ) ;
#2846 = CARTESIAN_POINT ( 'NONE',  ( 0.5532484328538290800, -0.5718407022048628300, 0.08071996132870314100 ) ) ;
#2847 = DIRECTION ( 'NONE',  ( 0.0000000000000000000, 0.0000000000000000000, -1.000000000000000000 ) ) ;
#2848 = DIRECTION ( 'NONE',  ( -1.000000000000000000, 0.0000000000000000000, -0.0000000000000000000 ) ) ;
#2849 = CARTESIAN_POINT ( 'NONE',  ( 0.6923119217778795900, -0.5718407022048624900, -0.02770666050673991800 ) ) ;
#2850 = DIRECTION ( 'NONE',  ( 1.622879996236195800E-015, -1.000000000000000000, -0.0000000000000000000 ) ) ;
#2851 = CARTESIAN_POINT ( 'NONE',  ( 0.7033235910816770800, -0.5718407022048624900, -0.04085341683585384800 ) ) ;
#2852 = DIRECTION ( 'NONE',  ( 1.622879996236195800E-015, -1.000000000000000000, -0.0000000000000000000 ) ) ;
#2853 = CARTESIAN_POINT ( 'NONE',  ( 0.7089762809550945700, -0.5718407022048624900, 0.08318436006288036600 ) ) ;
#2854 = CARTESIAN_POINT ( 'NONE',  ( 0.7092848813419536700, -0.5718407022048626100, 0.08296366753294720500 ) ) ;
#2855 = CARTESIAN_POINT ( 'NONE',  ( 0.7099061757411059300, -0.5718407022048628300, 0.08251935495713407000 ) ) ;
#2856 = CARTESIAN_POINT ( 'NONE',  ( 0.7109463622076477300, -0.5718407022048623800, 0.08199963316255588800 ) ) ;
#2857 = CARTESIAN_POINT ( 'NONE',  ( 0.7120586576079736000, -0.5718407022048626100, 0.08156814890337900400 ) ) ;
#2858 = CARTESIAN_POINT ( 'NONE',  ( 0.7132597996213124700, -0.5718407022048626100, 0.08123449622955948600 ) ) ;
#2859 = CARTESIAN_POINT ( 'NONE',  ( 0.7145635620244086300, -0.5718407022048624900, 0.08100489365133935200 ) ) ;
#2860 = CARTESIAN_POINT ( 'NONE',  ( 0.7159697190410826400, -0.5718407022048624900, 0.08084798162604568700 ) ) ;
#2861 = CARTESIAN_POINT ( 'NONE',  ( 0.7174842269758448000, -0.5718407022048624900, 0.08072622225071554600 ) ) ;
#2862 = CARTESIAN_POINT ( 'NONE',  ( 0.7185290160784952900, -0.5718407022048624900, 0.08072209525380677500 ) ) ;
#2863 = CARTESIAN_POINT ( 'NONE',  ( 0.7190692398158541300, -0.5718407022048624900, 0.08071996132870314100 ) ) ;
#2864 = CARTESIAN_POINT ( 'NONE',  ( 0.6861924597525631600, -0.5718407022048624900, 0.02489717651857654300 ) ) ;
#2865 = DIRECTION ( 'NONE',  ( 1.622879996236195800E-015, -1.000000000000000000, -0.0000000000000000000 ) ) ;
#2866 = CARTESIAN_POINT ( 'NONE',  ( 0.7140830847525631000, -0.5718407022048624900, 0.004454138543892976500 ) ) ;
#2867 = DIRECTION ( 'NONE',  ( 1.622879996236195800E-015, -1.000000000000000000, -0.0000000000000000000 ) ) ;
#2868 = CARTESIAN_POINT ( 'NONE',  ( 0.6855368031069936100, -0.5718407022048624900, -0.05472307664598043100 ) ) ;
#2869 = CARTESIAN_POINT ( 'NONE',  ( 0.6855368031069936100, -0.5723407022048624400, -0.05472307664598043100 ) ) ;
#2870 = CARTESIAN_POINT ( 'NONE',  ( 0.6861927828853162700, -0.5718407022048624900, -0.05470793052688759800 ) ) ;
#2871 = CARTESIAN_POINT ( 'NONE',  ( 0.6861927828853162700, -0.5723407022048624400, -0.05470793052688759800 ) ) ;
#2872 = CARTESIAN_POINT ( 'NONE',  ( 0.6874676774338568400, -0.5718407022048626100, -0.05467849409408727400 ) ) ;
#2873 = CARTESIAN_POINT ( 'NONE',  ( 0.6874676774338568400, -0.5723407022048625500, -0.05467849409408727400 ) ) ;
#2874 = CARTESIAN_POINT ( 'NONE',  ( 0.6893341346313979200, -0.5718407022048624900, -0.05451433032869823500 ) ) ;
#2875 = CARTESIAN_POINT ( 'NONE',  ( 0.6893341346313979200, -0.5723407022048624400, -0.05451433032869823500 ) ) ;
#2876 = CARTESIAN_POINT ( 'NONE',  ( 0.6911014334031161400, -0.5718407022048624900, -0.05421716220453040600 ) ) ;
#2877 = CARTESIAN_POINT ( 'NONE',  ( 0.6911014334031161400, -0.5723407022048624400, -0.05421716220453040600 ) ) ;
#2878 = CARTESIAN_POINT ( 'NONE',  ( 0.6927664395055105300, -0.5718407022048627200, -0.05377192145627786300 ) ) ;
#2879 = CARTESIAN_POINT ( 'NONE',  ( 0.6927664395055105300, -0.5723407022048626600, -0.05377192145627786300 ) ) ;
#2880 = CARTESIAN_POINT ( 'NONE',  ( 0.6943396201836974400, -0.5718407022048624900, -0.05324013681531360900 ) ) ;
#2881 = CARTESIAN_POINT ( 'NONE',  ( 0.6943396201836974400, -0.5723407022048624400, -0.05324013681531360900 ) ) ;
#2882 = CARTESIAN_POINT ( 'NONE',  ( 0.6958164386249106000, -0.5718407022048626100, -0.05257985137593659800 ) ) ;
#2883 = CARTESIAN_POINT ( 'NONE',  ( 0.6958164386249106000, -0.5723407022048626600, -0.05257985137593659800 ) ) ;
#2884 = CARTESIAN_POINT ( 'NONE',  ( 0.6971925821594285900, -0.5718407022048622700, -0.05179407863320601600 ) ) ;
#2885 = CARTESIAN_POINT ( 'NONE',  ( 0.6971925821594285900, -0.5723407022048623300, -0.05179407863320601600 ) ) ;
#2886 = CARTESIAN_POINT ( 'NONE',  ( 0.6984560525378560300, -0.5718407022048628300, -0.05088169155494197400 ) ) ;
#2887 = CARTESIAN_POINT ( 'NONE',  ( 0.6984560525378560300, -0.5723407022048627700, -0.05088169155494197400 ) ) ;
#2888 = CARTESIAN_POINT ( 'NONE',  ( 0.6995943961430970400, -0.5718407022048626100, -0.04988023044367346400 ) ) ;
#2889 = CARTESIAN_POINT ( 'NONE',  ( 0.6995943961430970400, -0.5723407022048626600, -0.04988023044367346400 ) ) ;
#2890 = CARTESIAN_POINT ( 'NONE',  ( 0.7005950519995038900, -0.5718407022048622700, -0.04880053034590563900 ) ) ;
#2891 = CARTESIAN_POINT ( 'NONE',  ( 0.7005950519995038900, -0.5723407022048622200, -0.04880053034590563900 ) ) ;
#2892 = CARTESIAN_POINT ( 'NONE',  ( 0.7014400510104568100, -0.5718407022048629400, -0.04764999089265750000 ) ) ;
#2893 = CARTESIAN_POINT ( 'NONE',  ( 0.7014400510104568100, -0.5723407022048628800, -0.04764999089265750000 ) ) ;
#2894 = CARTESIAN_POINT ( 'NONE',  ( 0.7021463054129339900, -0.5718407022048622700, -0.04643282632528004200 ) ) ;
#2895 = CARTESIAN_POINT ( 'NONE',  ( 0.7021463054129339900, -0.5723407022048623300, -0.04643282632528004200 ) ) ;
#2896 = CARTESIAN_POINT ( 'NONE',  ( 0.7026522826893355500, -0.5718407022048626100, -0.04512823259797269600 ) ) ;
#2897 = CARTESIAN_POINT ( 'NONE',  ( 0.7026522826893355500, -0.5723407022048626600, -0.04512823259797269600 ) ) ;
#2898 = CARTESIAN_POINT ( 'NONE',  ( 0.7030581465615891600, -0.5718407022048623800, -0.04377150307590606200 ) ) ;
#2899 = CARTESIAN_POINT ( 'NONE',  ( 0.7030581465615891600, -0.5723407022048623300, -0.04377150307590606200 ) ) ;
#2900 = CARTESIAN_POINT ( 'NONE',  ( 0.7032672531093561200, -0.5718407022048624900, -0.04233363980016962400 ) ) ;
#2901 = CARTESIAN_POINT ( 'NONE',  ( 0.7032672531093561200, -0.5723407022048624400, -0.04233363980016962400 ) ) ;
#2902 = CARTESIAN_POINT ( 'NONE',  ( 0.7033045877744015200, -0.5718407022048624900, -0.04135270942074313600 ) ) ;
#2903 = CARTESIAN_POINT ( 'NONE',  ( 0.7033045877744015200, -0.5723407022048624400, -0.04135270942074313600 ) ) ;
#2904 = CARTESIAN_POINT ( 'NONE',  ( 0.7033235910816770800, -0.5718407022048624900, -0.04085341683585384800 ) ) ;
#2905 = CARTESIAN_POINT ( 'NONE',  ( 0.7033235910816770800, -0.5723407022048624400, -0.04085341683585384800 ) ) ;
#2906 = CARTESIAN_POINT ( 'NONE',  ( 0.6599157588031963100, -0.5718407022048626100, -0.04503953234218297700 ) ) ;
#2907 = CARTESIAN_POINT ( 'NONE',  ( 0.6599157588031963100, -0.5723407022048626600, -0.04503953234218297700 ) ) ;
#2908 = CARTESIAN_POINT ( 'NONE',  ( 0.6606737893598695300, -0.5718407022048626100, -0.04572555640098782700 ) ) ;
#2909 = CARTESIAN_POINT ( 'NONE',  ( 0.6606737893598695300, -0.5723407022048626600, -0.04572555640098782700 ) ) ;
#2910 = CARTESIAN_POINT ( 'NONE',  ( 0.6622279638187637000, -0.5718407022048626100, -0.04713209741835876200 ) ) ;
#2911 = CARTESIAN_POINT ( 'NONE',  ( 0.6622279638187637000, -0.5723407022048626600, -0.04713209741835876200 ) ) ;
#2912 = CARTESIAN_POINT ( 'NONE',  ( 0.6649254539234045200, -0.5718407022048623800, -0.04893058604447869000 ) ) ;
#2913 = CARTESIAN_POINT ( 'NONE',  ( 0.6649254539234045200, -0.5723407022048624400, -0.04893058604447869000 ) ) ;
#2914 = CARTESIAN_POINT ( 'NONE',  ( 0.6679256425308119900, -0.5718407022048626100, -0.05058536880192053600 ) ) ;
#2915 = CARTESIAN_POINT ( 'NONE',  ( 0.6679256425308119900, -0.5723407022048626600, -0.05058536880192053600 ) ) ;
#2916 = CARTESIAN_POINT ( 'NONE',  ( 0.6712218090185592100, -0.5718407022048624900, -0.05201723268784828200 ) ) ;
#2917 = CARTESIAN_POINT ( 'NONE',  ( 0.6712218090185592100, -0.5723407022048624400, -0.05201723268784828200 ) ) ;
#2918 = CARTESIAN_POINT ( 'NONE',  ( 0.6746926719908988800, -0.5718407022048626100, -0.05323362331995169100 ) ) ;
#2919 = CARTESIAN_POINT ( 'NONE',  ( 0.6746926719908988800, -0.5723407022048626600, -0.05323362331995169100 ) ) ;
#2920 = CARTESIAN_POINT ( 'NONE',  ( 0.6782709982752257400, -0.5718407022048623800, -0.05408010442168529500 ) ) ;
#2921 = CARTESIAN_POINT ( 'NONE',  ( 0.6782709982752257400, -0.5723407022048624400, -0.05408010442168529500 ) ) ;
#2922 = CARTESIAN_POINT ( 'NONE',  ( 0.6818882558496407500, -0.5718407022048624900, -0.05463212109664870900 ) ) ;
#2923 = CARTESIAN_POINT ( 'NONE',  ( 0.6818882558496407500, -0.5723407022048624400, -0.05463212109664870900 ) ) ;
#2924 = CARTESIAN_POINT ( 'NONE',  ( 0.6843187579467686600, -0.5718407022048624900, -0.05469271169279643600 ) ) ;
#2925 = CARTESIAN_POINT ( 'NONE',  ( 0.6843187579467686600, -0.5723407022048624400, -0.05469271169279643600 ) ) ;
#2926 = CARTESIAN_POINT ( 'NONE',  ( 0.6855368031069936100, -0.5718407022048624900, -0.05472307664598043100 ) ) ;
#2927 = CARTESIAN_POINT ( 'NONE',  ( 0.6855368031069936100, -0.5723407022048624400, -0.05472307664598043100 ) ) ;
#2928 = PLANE ( 'NONE',  #403 ) ;
#2929 = CARTESIAN_POINT ( 'NONE',  ( 0.6601452770397925300, -0.5718407022048626100, -0.01557445920506479400 ) ) ;
#2930 = DIRECTION ( 'NONE',  ( 2.118818501733289100E-013, -1.000000000000000000, 3.514091976661225800E-013 ) ) ;
#2931 = DIRECTION ( 'NONE',  ( 0.0000000000000000000, -3.514091976661225800E-013, -1.000000000000000000 ) ) ;
#2932 = CARTESIAN_POINT ( 'NONE',  ( 0.6854121986766136300, -0.5718407022048626100, 0.1427452777843993500 ) ) ;
#2933 = DIRECTION ( 'NONE',  ( 1.622879996236195800E-015, -1.000000000000000000, -0.0000000000000000000 ) ) ;
#2934 = CARTESIAN_POINT ( 'NONE',  ( 0.6592096670310442200, -0.5718407022048626100, -0.05845527601306905300 ) ) ;
#2935 = DIRECTION ( 'NONE',  ( 1.622879996236195800E-015, -1.000000000000000000, -0.0000000000000000000 ) ) ;
#2936 = CARTESIAN_POINT ( 'NONE',  ( 0.7784224834867404800, -0.5723407022048623300, 0.1365427461388297200 ) ) ;
#2937 = CARTESIAN_POINT ( 'NONE',  ( 0.7776641933021799500, -0.5723407022048623300, 0.1365237087214641000 ) ) ;
#2938 = CARTESIAN_POINT ( 'NONE',  ( 0.7761808264129231900, -0.5723407022048623300, 0.1364864677348971200 ) ) ;
#2939 = CARTESIAN_POINT ( 'NONE',  ( 0.7740157062390095000, -0.5723407022048623300, 0.1361284939504489600 ) ) ;
#2940 = CARTESIAN_POINT ( 'NONE',  ( 0.7719674371948731500, -0.5723407022048623300, 0.1355526582047381400 ) ) ;
#2941 = CARTESIAN_POINT ( 'NONE',  ( 0.7700425916666835400, -0.5723407022048623300, 0.1347225246071347100 ) ) ;
#2942 = CARTESIAN_POINT ( 'NONE',  ( 0.7682272300921824100, -0.5723407022048623300, 0.1336831062416369800 ) ) ;
#2943 = CARTESIAN_POINT ( 'NONE',  ( 0.7665402361426778600, -0.5723407022048624400, 0.1323915678235461100 ) ) ;
#2944 = CARTESIAN_POINT ( 'NONE',  ( 0.7649740748271359700, -0.5723407022048623300, 0.1308742290351605800 ) ) ;
#2945 = CARTESIAN_POINT ( 'NONE',  ( 0.7635285008643948300, -0.5723407022048626600, 0.1291382206013873300 ) ) ;
#2946 = CARTESIAN_POINT ( 'NONE',  ( 0.7622408579840265200, -0.5723407022048624400, 0.1271770769214017300 ) ) ;
#2947 = CARTESIAN_POINT ( 'NONE',  ( 0.7611206289100190800, -0.5723407022048624400, 0.1250034987836738700 ) ) ;
#2948 = CARTESIAN_POINT ( 'NONE',  ( 0.7601609601359591300, -0.5723407022048623300, 0.1226331998039121300 ) ) ;
#2949 = CARTESIAN_POINT ( 'NONE',  ( 0.7594114232850954800, -0.5723407022048623300, 0.1200450843015599800 ) ) ;
#2950 = CARTESIAN_POINT ( 'NONE',  ( 0.7587983967616679400, -0.5723407022048625500, 0.1172668363473170400 ) ) ;
#2951 = CARTESIAN_POINT ( 'NONE',  ( 0.7583831371599696300, -0.5723407022048624400, 0.1142808650609386800 ) ) ;
#2952 = CARTESIAN_POINT ( 'NONE',  ( 0.7581095342177977000, -0.5723407022048625500, 0.1110962653480016300 ) ) ;
#2953 = CARTESIAN_POINT ( 'NONE',  ( 0.7580837392180935800, -0.5723407022048624400, 0.1089042551275511000 ) ) ;
#2954 = CARTESIAN_POINT ( 'NONE',  ( 0.7580704265247150100, -0.5723407022048624400, 0.1077729676578170800 ) ) ;
#2955 = CARTESIAN_POINT ( 'NONE',  ( 0.7033235910816770800, -0.5718407022048624900, -0.04085341683585384800 ) ) ;
#2956 = CARTESIAN_POINT ( 'NONE',  ( 0.7033235910816770800, -0.5723407022048624400, -0.04085341683585384800 ) ) ;
#2957 = CARTESIAN_POINT ( 'NONE',  ( 0.7032963727043294300, -0.5718407022048624900, -0.04000548860145197000 ) ) ;
#2958 = CARTESIAN_POINT ( 'NONE',  ( 0.7032963727043294300, -0.5723407022048624400, -0.04000548860145197000 ) ) ;
#2959 = CARTESIAN_POINT ( 'NONE',  ( 0.7032443820642051400, -0.5718407022048623800, -0.03838583541188385400 ) ) ;
#2960 = CARTESIAN_POINT ( 'NONE',  ( 0.7032443820642051400, -0.5723407022048623300, -0.03838583541188385400 ) ) ;
#2961 = CARTESIAN_POINT ( 'NONE',  ( 0.7028060604945700600, -0.5718407022048624900, -0.03609394140679305500 ) ) ;
#2962 = CARTESIAN_POINT ( 'NONE',  ( 0.7028060604945700600, -0.5723407022048624400, -0.03609394140679305500 ) ) ;
#2963 = CARTESIAN_POINT ( 'NONE',  ( 0.7020125219123976000, -0.5718407022048624900, -0.03410497860684299400 ) ) ;
#2964 = CARTESIAN_POINT ( 'NONE',  ( 0.7020125219123976000, -0.5723407022048624400, -0.03410497860684299400 ) ) ;
#2965 = CARTESIAN_POINT ( 'NONE',  ( 0.7011284272601054900, -0.5718407022048624900, -0.03264077726959441200 ) ) ;
#2966 = CARTESIAN_POINT ( 'NONE',  ( 0.7011284272601054900, -0.5723407022048624400, -0.03264077726959441200 ) ) ;
#2967 = CARTESIAN_POINT ( 'NONE',  ( 0.7002107725845649900, -0.5718407022048626100, -0.03165451986688762300 ) ) ;
#2968 = CARTESIAN_POINT ( 'NONE',  ( 0.7002107725845649900, -0.5723407022048625500, -0.03165451986688762300 ) ) ;
#2969 = CARTESIAN_POINT ( 'NONE',  ( 0.6994375014222428100, -0.5718407022048624900, -0.03093274864889764000 ) ) ;
#2970 = CARTESIAN_POINT ( 'NONE',  ( 0.6994375014222428100, -0.5723407022048624400, -0.03093274864889764000 ) ) ;
#2971 = CARTESIAN_POINT ( 'NONE',  ( 0.6985185791680481600, -0.5718407022048626100, -0.03029342874975768400 ) ) ;
#2972 = CARTESIAN_POINT ( 'NONE',  ( 0.6985185791680481600, -0.5723407022048625500, -0.03029342874975768400 ) ) ;
#2973 = CARTESIAN_POINT ( 'NONE',  ( 0.6975149881112009400, -0.5718407022048624900, -0.02965758566261824900 ) ) ;
#2974 = CARTESIAN_POINT ( 'NONE',  ( 0.6975149881112009400, -0.5723407022048624400, -0.02965758566261824900 ) ) ;
#2975 = CARTESIAN_POINT ( 'NONE',  ( 0.6963723415185928400, -0.5718407022048624900, -0.02911429234072907700 ) ) ;
#2976 = CARTESIAN_POINT ( 'NONE',  ( 0.6963723415185928400, -0.5723407022048624400, -0.02911429234072907700 ) ) ;
#2977 = CARTESIAN_POINT ( 'NONE',  ( 0.6951306436840984900, -0.5718407022048626100, -0.02858778747197125400 ) ) ;
#2978 = CARTESIAN_POINT ( 'NONE',  ( 0.6951306436840984900, -0.5723407022048626600, -0.02858778747197125400 ) ) ;
#2979 = CARTESIAN_POINT ( 'NONE',  ( 0.6937624303945760800, -0.5718407022048624900, -0.02812178310333795000 ) ) ;
#2980 = CARTESIAN_POINT ( 'NONE',  ( 0.6937624303945760800, -0.5723407022048624400, -0.02812178310333795000 ) ) ;
#2981 = CARTESIAN_POINT ( 'NONE',  ( 0.6928063035374265600, -0.5718407022048624900, -0.02784814814588349900 ) ) ;
#2982 = CARTESIAN_POINT ( 'NONE',  ( 0.6928063035374265600, -0.5723407022048624400, -0.02784814814588349900 ) ) ;
#2983 = CARTESIAN_POINT ( 'NONE',  ( 0.6923119217778795900, -0.5718407022048624900, -0.02770666050673991800 ) ) ;
#2984 = CARTESIAN_POINT ( 'NONE',  ( 0.6923119217778795900, -0.5723407022048624400, -0.02770666050673991800 ) ) ;
#2985 = CARTESIAN_POINT ( 'NONE',  ( 0.7288299201956011100, -0.5718407022048624900, 0.1073022398097158200 ) ) ;
#2986 = DIRECTION ( 'NONE',  ( 1.622879996236195800E-015, -1.000000000000000000, -0.0000000000000000000 ) ) ;
#2987 = CARTESIAN_POINT ( 'NONE',  ( 0.6766938442462342400, -0.5718407022048626100, -0.01232394689914498800 ) ) ;
#2988 = DIRECTION ( 'NONE',  ( 1.622879996236195800E-015, -1.000000000000000000, -0.0000000000000000000 ) ) ;
#2989 = CARTESIAN_POINT ( 'NONE',  ( 0.7190692398158541300, -0.5718407022048624900, 0.08071996132870314100 ) ) ;
#2990 = DIRECTION ( 'NONE',  ( 1.000000000000000000, 6.997073685899956200E-015, 0.0000000000000000000 ) ) ;
#2991 = CARTESIAN_POINT ( 'NONE',  ( 0.7288299201956011100, -0.5718407022048624900, 0.08071996132870314100 ) ) ;
#2992 = DIRECTION ( 'NONE',  ( 0.0000000000000000000, 0.0000000000000000000, 1.000000000000000000 ) ) ;
#2993 = CARTESIAN_POINT ( 'NONE',  ( 0.7204537334867404700, -0.5718407022048624900, 0.1073022398097158200 ) ) ;
#2994 = CARTESIAN_POINT ( 'NONE',  ( 0.7198166988889137500, -0.5718407022048624900, 0.1072894530880350300 ) ) ;
#2995 = CARTESIAN_POINT ( 'NONE',  ( 0.7185826396311896200, -0.5718407022048626100, 0.1072646827343997400 ) ) ;
#2996 = CARTESIAN_POINT ( 'NONE',  ( 0.7167959724870324200, -0.5718407022048624900, 0.1071361535281253700 ) ) ;
#2997 = CARTESIAN_POINT ( 'NONE',  ( 0.7151362404495370500, -0.5718407022048626100, 0.1068814581512734000 ) ) ;
#2998 = CARTESIAN_POINT ( 'NONE',  ( 0.7135949060758956000, -0.5718407022048626100, 0.1065446094006599500 ) ) ;
#2999 = CARTESIAN_POINT ( 'NONE',  ( 0.7121626245095859000, -0.5718407022048624900, 0.1060832379320831600 ) ) ;
#3000 = CARTESIAN_POINT ( 'NONE',  ( 0.7108527721762996100, -0.5718407022048627200, 0.1054286171418603900 ) ) ;
#3001 = CARTESIAN_POINT ( 'NONE',  ( 0.7096431100047966300, -0.5718407022048624900, 0.1046216286082473200 ) ) ;
#3002 = CARTESIAN_POINT ( 'NONE',  ( 0.7089397673569718400, -0.5718407022048626100, 0.1039532002669850000 ) ) ;
#3003 = CARTESIAN_POINT ( 'NONE',  ( 0.7085886227272465400, -0.5718407022048624900, 0.1036194866451588500 ) ) ;
#3004 = CARTESIAN_POINT ( 'NONE',  ( 0.7288299201956011100, -0.5718407022048624900, 0.1073022398097158200 ) ) ;
#3005 = DIRECTION ( 'NONE',  ( -1.000000000000000000, -8.153614791007439600E-015, 0.0000000000000000000 ) ) ;
#3006 = CARTESIAN_POINT ( 'NONE',  ( 0.6960451100690189200, -0.5718407022048624900, 0.09194820499958922300 ) ) ;
#3007 = CARTESIAN_POINT ( 'NONE',  ( 0.6960548486141584500, -0.5718407022048624900, 0.09257167430266924300 ) ) ;
#3008 = CARTESIAN_POINT ( 'NONE',  ( 0.6960739289564492600, -0.5718407022048624900, 0.09379321279122858300 ) ) ;
#3009 = CARTESIAN_POINT ( 'NONE',  ( 0.6962501049375664500, -0.5718407022048624900, 0.09558625818489512000 ) ) ;
#3010 = CARTESIAN_POINT ( 'NONE',  ( 0.6965037533399991400, -0.5718407022048624900, 0.09730415424269914200 ) ) ;
#3011 = CARTESIAN_POINT ( 'NONE',  ( 0.6968810174405323200, -0.5718407022048626100, 0.09894659262025143300 ) ) ;
#3012 = CARTESIAN_POINT ( 'NONE',  ( 0.6973615317148312800, -0.5718407022048624900, 0.1005130285133966900 ) ) ;
#3013 = CARTESIAN_POINT ( 'NONE',  ( 0.6979608145723409400, -0.5718407022048626100, 0.1019965261171165600 ) ) ;
#3014 = CARTESIAN_POINT ( 'NONE',  ( 0.6986547972933818700, -0.5718407022048626100, 0.1034064193334185300 ) ) ;
#3015 = CARTESIAN_POINT ( 'NONE',  ( 0.6994574687677248500, -0.5718407022048626100, 0.1047349761578643100 ) ) ;
#3016 = CARTESIAN_POINT ( 'NONE',  ( 0.7003648192180345100, -0.5718407022048623800, 0.1059822896964137500 ) ) ;
#3017 = CARTESIAN_POINT ( 'NONE',  ( 0.7013408668891083500, -0.5718407022048626100, 0.1071570004838670000 ) ) ;
#3018 = CARTESIAN_POINT ( 'NONE',  ( 0.7024056207928137700, -0.5718407022048623800, 0.1082494541659279600 ) ) ;
#3019 = CARTESIAN_POINT ( 'NONE',  ( 0.7035518501555183500, -0.5718407022048624900, 0.1092546652819111600 ) ) ;
#3020 = CARTESIAN_POINT ( 'NONE',  ( 0.7047791707926532900, -0.5718407022048624900, 0.1101870201489226900 ) ) ;
#3021 = CARTESIAN_POINT ( 'NONE',  ( 0.7060745521019312600, -0.5718407022048626100, 0.1110454125670229500 ) ) ;
#3022 = CARTESIAN_POINT ( 'NONE',  ( 0.7074602651624862800, -0.5718407022048624900, 0.1118153179829785700 ) ) ;
#3023 = CARTESIAN_POINT ( 'NONE',  ( 0.7084284924113608600, -0.5718407022048627200, 0.1122560859353388100 ) ) ;
#3024 = CARTESIAN_POINT ( 'NONE',  ( 0.7089209012082594600, -0.5718407022048624900, 0.1124802461388297500 ) ) ;
#3025 = CARTESIAN_POINT ( 'NONE',  ( 0.6592096670310442200, -0.5718407022048626100, -0.04503953234218294900 ) ) ;
#3026 = DIRECTION ( 'NONE',  ( 1.622879996236195800E-015, -1.000000000000000000, -0.0000000000000000000 ) ) ;
#3027 = CARTESIAN_POINT ( 'NONE',  ( 0.6729280214614239400, -0.5718407022048626100, -0.02336923962066398200 ) ) ;
#3028 = CARTESIAN_POINT ( 'NONE',  ( 0.6729280214614239400, -0.5723407022048626600, -0.02336923962066398200 ) ) ;
#3029 = CARTESIAN_POINT ( 'NONE',  ( 0.6722471695789135100, -0.5718407022048626100, -0.02315307010312366700 ) ) ;
#3030 = CARTESIAN_POINT ( 'NONE',  ( 0.6722471695789135100, -0.5723407022048627700, -0.02315307010312366700 ) ) ;
#3031 = CARTESIAN_POINT ( 'NONE',  ( 0.6709115372789361500, -0.5718407022048624900, -0.02272900872161918600 ) ) ;
#3032 = CARTESIAN_POINT ( 'NONE',  ( 0.6709115372789361500, -0.5723407022048625500, -0.02272900872161918600 ) ) ;
#3033 = CARTESIAN_POINT ( 'NONE',  ( 0.6689968923818642200, -0.5718407022048629400, -0.02197071645535343700 ) ) ;
#3034 = CARTESIAN_POINT ( 'NONE',  ( 0.6689968923818642200, -0.5723407022048629900, -0.02197071645535343700 ) ) ;
#3035 = CARTESIAN_POINT ( 'NONE',  ( 0.6672075603241027800, -0.5718407022048624900, -0.02113445956356720800 ) ) ;
#3036 = CARTESIAN_POINT ( 'NONE',  ( 0.6672075603241027800, -0.5723407022048626600, -0.02113445956356720800 ) ) ;
#3037 = CARTESIAN_POINT ( 'NONE',  ( 0.6655586691138237800, -0.5718407022048626100, -0.02019978404885564700 ) ) ;
#3038 = CARTESIAN_POINT ( 'NONE',  ( 0.6655586691138237800, -0.5723407022048626600, -0.02019978404885564700 ) ) ;
#3039 = CARTESIAN_POINT ( 'NONE',  ( 0.6640137987522797300, -0.5718407022048628300, -0.01921830015476955500 ) ) ;
#3040 = CARTESIAN_POINT ( 'NONE',  ( 0.6640137987522797300, -0.5723407022048628800, -0.01921830015476955500 ) ) ;
#3041 = CARTESIAN_POINT ( 'NONE',  ( 0.6626239386386690900, -0.5718407022048624900, -0.01811865622123326500 ) ) ;
#3042 = CARTESIAN_POINT ( 'NONE',  ( 0.6626239386386690900, -0.5723407022048625500, -0.01811865622123326500 ) ) ;
#3043 = CARTESIAN_POINT ( 'NONE',  ( 0.6613520398063449400, -0.5718407022048626100, -0.01695699455988368800 ) ) ;
#3044 = CARTESIAN_POINT ( 'NONE',  ( 0.6613520398063449400, -0.5723407022048627700, -0.01695699455988368800 ) ) ;
#3045 = CARTESIAN_POINT ( 'NONE',  ( 0.6602082792310083300, -0.5718407022048626100, -0.01570509843474503600 ) ) ;
#3046 = CARTESIAN_POINT ( 'NONE',  ( 0.6602082792310083300, -0.5723407022048626600, -0.01570509843474503600 ) ) ;
#3047 = CARTESIAN_POINT ( 'NONE',  ( 0.6592177436655852800, -0.5718407022048626100, -0.01432813564843889700 ) ) ;
#3048 = CARTESIAN_POINT ( 'NONE',  ( 0.6592177436655852800, -0.5723407022048626600, -0.01432813564843889700 ) ) ;
#3049 = CARTESIAN_POINT ( 'NONE',  ( 0.6583272782537010800, -0.5718407022048624900, -0.01284777570660959400 ) ) ;
#3050 = CARTESIAN_POINT ( 'NONE',  ( 0.6583272782537010800, -0.5723407022048626600, -0.01284777570660959400 ) ) ;
#3051 = CARTESIAN_POINT ( 'NONE',  ( 0.6576196016400820400, -0.5718407022048624900, -0.01121788329830316300 ) ) ;
#3052 = CARTESIAN_POINT ( 'NONE',  ( 0.6576196016400820400, -0.5723407022048626600, -0.01121788329830316300 ) ) ;
#3053 = CARTESIAN_POINT ( 'NONE',  ( 0.6569983876861251700, -0.5718407022048626100, -0.009482298298285443300 ) ) ;
#3054 = CARTESIAN_POINT ( 'NONE',  ( 0.6569983876861251700, -0.5723407022048627700, -0.009482298298285443300 ) ) ;
#3055 = VERTEX_POINT ( 'NONE', #9919 ) ;
#3056 = EDGE_LOOP ( 'NONE', ( #3287, #3289, #3290, #3292 ) ) ;
#3057 = EDGE_LOOP ( 'NONE', ( #3291, #3293, #3294, #3296 ) ) ;
#3058 = VERTEX_POINT ( 'NONE', #9920 ) ;
#3059 = VERTEX_POINT ( 'NONE', #9921 ) ;
#3060 = VERTEX_POINT ( 'NONE', #9922 ) ;
#3061 = VERTEX_POINT ( 'NONE', #9923 ) ;
#3062 = VERTEX_POINT ( 'NONE', #9924 ) ;
#3063 = VERTEX_POINT ( 'NONE', #9925 ) ;
#3064 = VERTEX_POINT ( 'NONE', #9926 ) ;
#3065 = VERTEX_POINT ( 'NONE', #9927 ) ;
#3066 = VERTEX_POINT ( 'NONE', #9928 ) ;
#3067 = VERTEX_POINT ( 'NONE', #9929 ) ;
#3068 = VERTEX_POINT ( 'NONE', #9930 ) ;
#3069 = VERTEX_POINT ( 'NONE', #9931 ) ;
#3070 = VERTEX_POINT ( 'NONE', #9932 ) ;
#3071 = VERTEX_POINT ( 'NONE', #9933 ) ;
#3072 = VERTEX_POINT ( 'NONE', #9934 ) ;
#3073 = VERTEX_POINT ( 'NONE', #9935 ) ;
#3074 = VERTEX_POINT ( 'NONE', #9936 ) ;
#3075 = VERTEX_POINT ( 'NONE', #9937 ) ;
#3076 = VERTEX_POINT ( 'NONE', #9938 ) ;
#3077 = VERTEX_POINT ( 'NONE', #9939 ) ;
#3078 = VERTEX_POINT ( 'NONE', #9940 ) ;
#3079 = VERTEX_POINT ( 'NONE', #9941 ) ;
#3080 = VERTEX_POINT ( 'NONE', #9942 ) ;
#3081 = VERTEX_POINT ( 'NONE', #9943 ) ;
#3082 = VERTEX_POINT ( 'NONE', #9944 ) ;
#3083 = VERTEX_POINT ( 'NONE', #9945 ) ;
#3084 = VERTEX_POINT ( 'NONE', #9946 ) ;
#3085 = VERTEX_POINT ( 'NONE', #9947 ) ;
#3086 = VERTEX_POINT ( 'NONE', #9948 ) ;
#3087 = VERTEX_POINT ( 'NONE', #9949 ) ;
#3088 = EDGE_LOOP ( 'NONE', ( #3295, #3297, #3298, #3300 ) ) ;
#3089 = VERTEX_POINT ( 'NONE', #9950 ) ;
#3090 = VERTEX_POINT ( 'NONE', #9951 ) ;
#3091 = VERTEX_POINT ( 'NONE', #9952 ) ;
#3092 = VERTEX_POINT ( 'NONE', #9953 ) ;
#3093 = VERTEX_POINT ( 'NONE', #9954 ) ;
#3094 = VERTEX_POINT ( 'NONE', #9955 ) ;
#3095 = VERTEX_POINT ( 'NONE', #9956 ) ;
#3096 = ORIENTED_EDGE ( 'NONE', *, *, #2304, .F. ) ;
#3097 = ORIENTED_EDGE ( 'NONE', *, *, #2305, .T. ) ;
#3098 = ORIENTED_EDGE ( 'NONE', *, *, #1335, .T. ) ;
#3099 = ORIENTED_EDGE ( 'NONE', *, *, #807, .F. ) ;
#3100 = ORIENTED_EDGE ( 'NONE', *, *, #786, .F. ) ;
#3101 = ORIENTED_EDGE ( 'NONE', *, *, #808, .F. ) ;
#3102 = ORIENTED_EDGE ( 'NONE', *, *, #769, .F. ) ;
#3103 = ORIENTED_EDGE ( 'NONE', *, *, #1346, .F. ) ;
#3104 = ORIENTED_EDGE ( 'NONE', *, *, #2305, .F. ) ;
#3105 = ORIENTED_EDGE ( 'NONE', *, *, #1336, .F. ) ;
#3106 = ORIENTED_EDGE ( 'NONE', *, *, #1348, .F. ) ;
#3107 = ORIENTED_EDGE ( 'NONE', *, *, #1344, .F. ) ;
#3108 = ORIENTED_EDGE ( 'NONE', *, *, #1342, .F. ) ;
#3109 = ORIENTED_EDGE ( 'NONE', *, *, #1340, .F. ) ;
#3110 = ORIENTED_EDGE ( 'NONE', *, *, #1338, .F. ) ;
#3111 = ORIENTED_EDGE ( 'NONE', *, *, #702, .F. ) ;
#3112 = ORIENTED_EDGE ( 'NONE', *, *, #769, .T. ) ;
#3113 = ORIENTED_EDGE ( 'NONE', *, *, #800, .F. ) ;
#3114 = ORIENTED_EDGE ( 'NONE', *, *, #796, .T. ) ;
#3115 = ORIENTED_EDGE ( 'NONE', *, *, #727, .F. ) ;
#3116 = ORIENTED_EDGE ( 'NONE', *, *, #807, .T. ) ;
#3117 = ORIENTED_EDGE ( 'NONE', *, *, #719, .F. ) ;
#3118 = ORIENTED_EDGE ( 'NONE', *, *, #800, .T. ) ;
#3119 = ORIENTED_EDGE ( 'NONE', *, *, #737, .F. ) ;
#3120 = ORIENTED_EDGE ( 'NONE', *, *, #808, .T. ) ;
#3121 = ORIENTED_EDGE ( 'NONE', *, *, #715, .F. ) ;
#3122 = ORIENTED_EDGE ( 'NONE', *, *, #786, .T. ) ;
#3123 = ORIENTED_EDGE ( 'NONE', *, *, #719, .T. ) ;
#3124 = ORIENTED_EDGE ( 'NONE', *, *, #721, .F. ) ;
#3125 = ORIENTED_EDGE ( 'NONE', *, *, #715, .T. ) ;
#3126 = ORIENTED_EDGE ( 'NONE', *, *, #796, .F. ) ;
#3127 = ORIENTED_EDGE ( 'NONE', *, *, #737, .T. ) ;
#3128 = ORIENTED_EDGE ( 'NONE', *, *, #727, .T. ) ;
#3129 = ORIENTED_EDGE ( 'NONE', *, *, #702, .T. ) ;
#3130 = ORIENTED_EDGE ( 'NONE', *, *, #721, .T. ) ;
#3131 = ORIENTED_EDGE ( 'NONE', *, *, #680, .T. ) ;
#3132 = ORIENTED_EDGE ( 'NONE', *, *, #1070, .F. ) ;
#3133 = ORIENTED_EDGE ( 'NONE', *, *, #772, .F. ) ;
#3134 = ORIENTED_EDGE ( 'NONE', *, *, #700, .T. ) ;
#3135 = ORIENTED_EDGE ( 'NONE', *, *, #1073, .F. ) ;
#3136 = ORIENTED_EDGE ( 'NONE', *, *, #700, .F. ) ;
#3137 = ORIENTED_EDGE ( 'NONE', *, *, #720, .T. ) ;
#3138 = ORIENTED_EDGE ( 'NONE', *, *, #1074, .F. ) ;
#3139 = ORIENTED_EDGE ( 'NONE', *, *, #738, .T. ) ;
#3140 = ORIENTED_EDGE ( 'NONE', *, *, #738, .F. ) ;
#3141 = ORIENTED_EDGE ( 'NONE', *, *, #801, .T. ) ;
#3142 = ORIENTED_EDGE ( 'NONE', *, *, #1075, .F. ) ;
#3143 = ORIENTED_EDGE ( 'NONE', *, *, #736, .T. ) ;
#3144 = ORIENTED_EDGE ( 'NONE', *, *, #736, .F. ) ;
#3145 = ORIENTED_EDGE ( 'NONE', *, *, #735, .T. ) ;
#3146 = ORIENTED_EDGE ( 'NONE', *, *, #1076, .F. ) ;
#3147 = ORIENTED_EDGE ( 'NONE', *, *, #734, .T. ) ;
#3148 = ORIENTED_EDGE ( 'NONE', *, *, #734, .F. ) ;
#3149 = ORIENTED_EDGE ( 'NONE', *, *, #733, .T. ) ;
#3150 = ORIENTED_EDGE ( 'NONE', *, *, #1077, .F. ) ;
#3151 = ORIENTED_EDGE ( 'NONE', *, *, #732, .T. ) ;
#3152 = ORIENTED_EDGE ( 'NONE', *, *, #732, .F. ) ;
#3153 = ORIENTED_EDGE ( 'NONE', *, *, #731, .T. ) ;
#3154 = ORIENTED_EDGE ( 'NONE', *, *, #1078, .F. ) ;
#3155 = ORIENTED_EDGE ( 'NONE', *, *, #730, .T. ) ;
#3156 = ORIENTED_EDGE ( 'NONE', *, *, #730, .F. ) ;
#3157 = ORIENTED_EDGE ( 'NONE', *, *, #729, .T. ) ;
#3158 = ORIENTED_EDGE ( 'NONE', *, *, #1079, .F. ) ;
#3159 = ORIENTED_EDGE ( 'NONE', *, *, #728, .T. ) ;
#3160 = ORIENTED_EDGE ( 'NONE', *, *, #728, .F. ) ;
#3161 = ORIENTED_EDGE ( 'NONE', *, *, #754, .T. ) ;
#3162 = ORIENTED_EDGE ( 'NONE', *, *, #1080, .F. ) ;
#3163 = ORIENTED_EDGE ( 'NONE', *, *, #788, .T. ) ;
#3164 = ORIENTED_EDGE ( 'NONE', *, *, #788, .F. ) ;
#3165 = ORIENTED_EDGE ( 'NONE', *, *, #759, .T. ) ;
#3166 = ORIENTED_EDGE ( 'NONE', *, *, #1082, .F. ) ;
#3167 = ORIENTED_EDGE ( 'NONE', *, *, #793, .T. ) ;
#3168 = ORIENTED_EDGE ( 'NONE', *, *, #793, .F. ) ;
#3169 = ORIENTED_EDGE ( 'NONE', *, *, #718, .T. ) ;
#3170 = ORIENTED_EDGE ( 'NONE', *, *, #1072, .F. ) ;
#3171 = ORIENTED_EDGE ( 'NONE', *, *, #743, .T. ) ;
#3172 = ORIENTED_EDGE ( 'NONE', *, *, #743, .F. ) ;
#3173 = ORIENTED_EDGE ( 'NONE', *, *, #710, .T. ) ;
#3174 = ORIENTED_EDGE ( 'NONE', *, *, #772, .T. ) ;
#3175 = ORIENTED_EDGE ( 'NONE', *, *, #708, .F. ) ;
#3176 = ORIENTED_EDGE ( 'NONE', *, *, #707, .F. ) ;
#3177 = ORIENTED_EDGE ( 'NONE', *, *, #709, .F. ) ;
#3178 = ORIENTED_EDGE ( 'NONE', *, *, #706, .F. ) ;
#3179 = ORIENTED_EDGE ( 'NONE', *, *, #694, .F. ) ;
#3180 = ORIENTED_EDGE ( 'NONE', *, *, #685, .F. ) ;
#3181 = ORIENTED_EDGE ( 'NONE', *, *, #684, .F. ) ;
#3182 = ORIENTED_EDGE ( 'NONE', *, *, #759, .F. ) ;
#3183 = ORIENTED_EDGE ( 'NONE', *, *, #710, .F. ) ;
#3184 = ORIENTED_EDGE ( 'NONE', *, *, #680, .F. ) ;
#3185 = ORIENTED_EDGE ( 'NONE', *, *, #718, .F. ) ;
#3186 = ORIENTED_EDGE ( 'NONE', *, *, #754, .F. ) ;
#3187 = ORIENTED_EDGE ( 'NONE', *, *, #729, .F. ) ;
#3188 = ORIENTED_EDGE ( 'NONE', *, *, #731, .F. ) ;
#3189 = ORIENTED_EDGE ( 'NONE', *, *, #733, .F. ) ;
#3190 = ORIENTED_EDGE ( 'NONE', *, *, #735, .F. ) ;
#3191 = ORIENTED_EDGE ( 'NONE', *, *, #801, .F. ) ;
#3192 = ORIENTED_EDGE ( 'NONE', *, *, #720, .F. ) ;
#3193 = ORIENTED_EDGE ( 'NONE', *, *, #682, .F. ) ;
#3194 = ORIENTED_EDGE ( 'NONE', *, *, #684, .T. ) ;
#3195 = ORIENTED_EDGE ( 'NONE', *, *, #683, .F. ) ;
#3196 = ORIENTED_EDGE ( 'NONE', *, *, #681, .T. ) ;
#3197 = ORIENTED_EDGE ( 'NONE', *, *, #752, .F. ) ;
#3198 = ORIENTED_EDGE ( 'NONE', *, *, #708, .T. ) ;
#3199 = ORIENTED_EDGE ( 'NONE', *, *, #679, .F. ) ;
#3200 = ORIENTED_EDGE ( 'NONE', *, *, #683, .T. ) ;
#3201 = ORIENTED_EDGE ( 'NONE', *, *, #797, .F. ) ;
#3202 = ORIENTED_EDGE ( 'NONE', *, *, #709, .T. ) ;
#3203 = ORIENTED_EDGE ( 'NONE', *, *, #704, .F. ) ;
#3204 = ORIENTED_EDGE ( 'NONE', *, *, #679, .T. ) ;
#3205 = ORIENTED_EDGE ( 'NONE', *, *, #799, .F. ) ;
#3206 = ORIENTED_EDGE ( 'NONE', *, *, #707, .T. ) ;
#3207 = ORIENTED_EDGE ( 'NONE', *, *, #714, .F. ) ;
#3208 = ORIENTED_EDGE ( 'NONE', *, *, #704, .T. ) ;
#3209 = ORIENTED_EDGE ( 'NONE', *, *, #726, .F. ) ;
#3210 = ORIENTED_EDGE ( 'NONE', *, *, #706, .T. ) ;
#3211 = ORIENTED_EDGE ( 'NONE', *, *, #763, .F. ) ;
#3212 = ORIENTED_EDGE ( 'NONE', *, *, #714, .T. ) ;
#3213 = ORIENTED_EDGE ( 'NONE', *, *, #757, .F. ) ;
#3214 = ORIENTED_EDGE ( 'NONE', *, *, #694, .T. ) ;
#3215 = ORIENTED_EDGE ( 'NONE', *, *, #744, .F. ) ;
#3216 = ORIENTED_EDGE ( 'NONE', *, *, #685, .T. ) ;
#3217 = ORIENTED_EDGE ( 'NONE', *, *, #763, .T. ) ;
#3218 = ORIENTED_EDGE ( 'NONE', *, *, #756, .F. ) ;
#3219 = ORIENTED_EDGE ( 'NONE', *, *, #744, .T. ) ;
#3220 = ORIENTED_EDGE ( 'NONE', *, *, #681, .F. ) ;
#3221 = ORIENTED_EDGE ( 'NONE', *, *, #757, .T. ) ;
#3222 = ORIENTED_EDGE ( 'NONE', *, *, #752, .T. ) ;
#3223 = ORIENTED_EDGE ( 'NONE', *, *, #682, .T. ) ;
#3224 = ORIENTED_EDGE ( 'NONE', *, *, #756, .T. ) ;
#3225 = ORIENTED_EDGE ( 'NONE', *, *, #726, .T. ) ;
#3226 = ORIENTED_EDGE ( 'NONE', *, *, #799, .T. ) ;
#3227 = ORIENTED_EDGE ( 'NONE', *, *, #797, .T. ) ;
#3228 = ORIENTED_EDGE ( 'NONE', *, *, #776, .T. ) ;
#3229 = ORIENTED_EDGE ( 'NONE', *, *, #933, .F. ) ;
#3230 = ORIENTED_EDGE ( 'NONE', *, *, #762, .F. ) ;
#3231 = ORIENTED_EDGE ( 'NONE', *, *, #773, .T. ) ;
#3232 = ORIENTED_EDGE ( 'NONE', *, *, #936, .F. ) ;
#3233 = ORIENTED_EDGE ( 'NONE', *, *, #773, .F. ) ;
#3234 = ORIENTED_EDGE ( 'NONE', *, *, #725, .T. ) ;
#3235 = ORIENTED_EDGE ( 'NONE', *, *, #937, .F. ) ;
#3236 = ORIENTED_EDGE ( 'NONE', *, *, #779, .T. ) ;
#3237 = ORIENTED_EDGE ( 'NONE', *, *, #779, .F. ) ;
#3238 = ORIENTED_EDGE ( 'NONE', *, *, #767, .T. ) ;
#3239 = ORIENTED_EDGE ( 'NONE', *, *, #1121, .F. ) ;
#3240 = ORIENTED_EDGE ( 'NONE', *, *, #695, .T. ) ;
#3241 = ORIENTED_EDGE ( 'NONE', *, *, #695, .F. ) ;
#3242 = ORIENTED_EDGE ( 'NONE', *, *, #755, .T. ) ;
#3243 = ORIENTED_EDGE ( 'NONE', *, *, #1122, .F. ) ;
#3244 = ORIENTED_EDGE ( 'NONE', *, *, #750, .T. ) ;
#3245 = ORIENTED_EDGE ( 'NONE', *, *, #750, .F. ) ;
#3246 = ORIENTED_EDGE ( 'NONE', *, *, #760, .T. ) ;
#3247 = ORIENTED_EDGE ( 'NONE', *, *, #1123, .F. ) ;
#3248 = ORIENTED_EDGE ( 'NONE', *, *, #696, .T. ) ;
#3249 = ORIENTED_EDGE ( 'NONE', *, *, #696, .F. ) ;
#3250 = ORIENTED_EDGE ( 'NONE', *, *, #775, .T. ) ;
#3251 = ORIENTED_EDGE ( 'NONE', *, *, #1124, .F. ) ;
#3252 = ORIENTED_EDGE ( 'NONE', *, *, #787, .T. ) ;
#3253 = ORIENTED_EDGE ( 'NONE', *, *, #787, .F. ) ;
#3254 = ORIENTED_EDGE ( 'NONE', *, *, #784, .T. ) ;
#3255 = ORIENTED_EDGE ( 'NONE', *, *, #1125, .F. ) ;
#3256 = ORIENTED_EDGE ( 'NONE', *, *, #782, .T. ) ;
#3257 = ORIENTED_EDGE ( 'NONE', *, *, #782, .F. ) ;
#3258 = ORIENTED_EDGE ( 'NONE', *, *, #780, .T. ) ;
#3259 = ORIENTED_EDGE ( 'NONE', *, *, #1126, .F. ) ;
#3260 = ORIENTED_EDGE ( 'NONE', *, *, #748, .T. ) ;
#3261 = ORIENTED_EDGE ( 'NONE', *, *, #748, .F. ) ;
#3262 = ORIENTED_EDGE ( 'NONE', *, *, #768, .T. ) ;
#3263 = ORIENTED_EDGE ( 'NONE', *, *, #1127, .F. ) ;
#3264 = ORIENTED_EDGE ( 'NONE', *, *, #705, .T. ) ;
#3265 = ORIENTED_EDGE ( 'NONE', *, *, #705, .F. ) ;
#3266 = ORIENTED_EDGE ( 'NONE', *, *, #798, .T. ) ;
#3267 = ORIENTED_EDGE ( 'NONE', *, *, #1128, .F. ) ;
#3268 = ORIENTED_EDGE ( 'NONE', *, *, #771, .T. ) ;
#3269 = ORIENTED_EDGE ( 'NONE', *, *, #771, .F. ) ;
#3270 = ORIENTED_EDGE ( 'NONE', *, *, #778, .T. ) ;
#3271 = ORIENTED_EDGE ( 'NONE', *, *, #1129, .F. ) ;
#3272 = ORIENTED_EDGE ( 'NONE', *, *, #746, .T. ) ;
#3273 = ORIENTED_EDGE ( 'NONE', *, *, #746, .F. ) ;
#3274 = ORIENTED_EDGE ( 'NONE', *, *, #723, .T. ) ;
#3275 = ORIENTED_EDGE ( 'NONE', *, *, #1130, .F. ) ;
#3276 = ORIENTED_EDGE ( 'NONE', *, *, #789, .T. ) ;
#3277 = ORIENTED_EDGE ( 'NONE', *, *, #789, .F. ) ;
#3278 = ORIENTED_EDGE ( 'NONE', *, *, #764, .T. ) ;
#3279 = ORIENTED_EDGE ( 'NONE', *, *, #1131, .F. ) ;
#3280 = ORIENTED_EDGE ( 'NONE', *, *, #701, .T. ) ;
#3281 = ORIENTED_EDGE ( 'NONE', *, *, #701, .F. ) ;
#3282 = ORIENTED_EDGE ( 'NONE', *, *, #803, .T. ) ;
#3283 = ORIENTED_EDGE ( 'NONE', *, *, #1132, .F. ) ;
#3284 = ORIENTED_EDGE ( 'NONE', *, *, #711, .T. ) ;
#3285 = ORIENTED_EDGE ( 'NONE', *, *, #711, .F. ) ;
#3286 = ORIENTED_EDGE ( 'NONE', *, *, #749, .T. ) ;
#3287 = ORIENTED_EDGE ( 'NONE', *, *, #1133, .F. ) ;
#3288 = ORIENTED_EDGE ( 'NONE', *, *, #751, .T. ) ;
#3289 = ORIENTED_EDGE ( 'NONE', *, *, #751, .F. ) ;
#3290 = ORIENTED_EDGE ( 'NONE', *, *, #761, .T. ) ;
#3291 = ORIENTED_EDGE ( 'NONE', *, *, #1134, .F. ) ;
#3292 = ORIENTED_EDGE ( 'NONE', *, *, #722, .T. ) ;
#3293 = ORIENTED_EDGE ( 'NONE', *, *, #722, .F. ) ;
#3294 = ORIENTED_EDGE ( 'NONE', *, *, #740, .T. ) ;
#3295 = ORIENTED_EDGE ( 'NONE', *, *, #1135, .F. ) ;
#3296 = ORIENTED_EDGE ( 'NONE', *, *, #693, .T. ) ;
#3297 = ORIENTED_EDGE ( 'NONE', *, *, #693, .F. ) ;
#3298 = ORIENTED_EDGE ( 'NONE', *, *, #724, .T. ) ;
#3299 = ORIENTED_EDGE ( 'NONE', *, *, #1118, .F. ) ;
#3300 = ORIENTED_EDGE ( 'NONE', *, *, #692, .T. ) ;
#3301 = ORIENTED_EDGE ( 'NONE', *, *, #692, .F. ) ;
#3302 = ORIENTED_EDGE ( 'NONE', *, *, #783, .T. ) ;
#3303 = ORIENTED_EDGE ( 'NONE', *, *, #740, .F. ) ;
#3304 = ORIENTED_EDGE ( 'NONE', *, *, #1257, .T. ) ;
#3305 = ORIENTED_EDGE ( 'NONE', *, *, #1258, .F. ) ;
#3306 = ORIENTED_EDGE ( 'NONE', *, *, #783, .F. ) ;
#3307 = ORIENTED_EDGE ( 'NONE', *, *, #724, .F. ) ;
#3308 = ORIENTED_EDGE ( 'NONE', *, *, #761, .F. ) ;
#3309 = ORIENTED_EDGE ( 'NONE', *, *, #749, .F. ) ;
#3310 = ORIENTED_EDGE ( 'NONE', *, *, #803, .F. ) ;
#3311 = ORIENTED_EDGE ( 'NONE', *, *, #764, .F. ) ;
#3312 = ORIENTED_EDGE ( 'NONE', *, *, #723, .F. ) ;
#3313 = ORIENTED_EDGE ( 'NONE', *, *, #778, .F. ) ;
#3314 = ORIENTED_EDGE ( 'NONE', *, *, #798, .F. ) ;
#3315 = ORIENTED_EDGE ( 'NONE', *, *, #768, .F. ) ;
#3316 = ORIENTED_EDGE ( 'NONE', *, *, #780, .F. ) ;
#3317 = ORIENTED_EDGE ( 'NONE', *, *, #784, .F. ) ;
#3318 = ORIENTED_EDGE ( 'NONE', *, *, #775, .F. ) ;
#3319 = ORIENTED_EDGE ( 'NONE', *, *, #760, .F. ) ;
#3320 = ORIENTED_EDGE ( 'NONE', *, *, #755, .F. ) ;
#3321 = ORIENTED_EDGE ( 'NONE', *, *, #1262, .F. ) ;
#3322 = ORIENTED_EDGE ( 'NONE', *, *, #1260, .F. ) ;
#3323 = ORIENTED_EDGE ( 'NONE', *, *, #895, .F. ) ;
#3324 = ORIENTED_EDGE ( 'NONE', *, *, #785, .F. ) ;
#3325 = ORIENTED_EDGE ( 'NONE', *, *, #6289, .F. ) ;
#3326 = ORIENTED_EDGE ( 'NONE', *, *, #792, .T. ) ;
#3327 = ORIENTED_EDGE ( 'NONE', *, *, #781, .T. ) ;
#3328 = ORIENTED_EDGE ( 'NONE', *, *, #774, .T. ) ;
#3329 = ORIENTED_EDGE ( 'NONE', *, *, #753, .F. ) ;
#3330 = ORIENTED_EDGE ( 'NONE', *, *, #747, .F. ) ;
#3331 = ORIENTED_EDGE ( 'NONE', *, *, #795, .T. ) ;
#3332 = ORIENTED_EDGE ( 'NONE', *, *, #897, .F. ) ;
#3333 = ORIENTED_EDGE ( 'NONE', *, *, #896, .T. ) ;
#3334 = ORIENTED_EDGE ( 'NONE', *, *, #898, .F. ) ;
#3335 = ORIENTED_EDGE ( 'NONE', *, *, #900, .F. ) ;
#3336 = ORIENTED_EDGE ( 'NONE', *, *, #901, .F. ) ;
#3337 = ORIENTED_EDGE ( 'NONE', *, *, #899, .T. ) ;
#3338 = ORIENTED_EDGE ( 'NONE', *, *, #902, .F. ) ;
#3339 = ORIENTED_EDGE ( 'NONE', *, *, #904, .T. ) ;
#3340 = ORIENTED_EDGE ( 'NONE', *, *, #8820, .T. ) ;
#3341 = ORIENTED_EDGE ( 'NONE', *, *, #905, .T. ) ;
#3342 = ORIENTED_EDGE ( 'NONE', *, *, #903, .T. ) ;
#3343 = ORIENTED_EDGE ( 'NONE', *, *, #906, .T. ) ;
#3344 = ORIENTED_EDGE ( 'NONE', *, *, #907, .T. ) ;
#3345 = ORIENTED_EDGE ( 'NONE', *, *, #908, .T. ) ;
#3346 = ORIENTED_EDGE ( 'NONE', *, *, #909, .T. ) ;
#3347 = ORIENTED_EDGE ( 'NONE', *, *, #910, .T. ) ;
#3348 = ORIENTED_EDGE ( 'NONE', *, *, #911, .T. ) ;
#3349 = ORIENTED_EDGE ( 'NONE', *, *, #912, .T. ) ;
#3350 = ORIENTED_EDGE ( 'NONE', *, *, #914, .T. ) ;
#3351 = ORIENTED_EDGE ( 'NONE', *, *, #915, .T. ) ;
#3352 = ORIENTED_EDGE ( 'NONE', *, *, #916, .T. ) ;
#3353 = ORIENTED_EDGE ( 'NONE', *, *, #913, .T. ) ;
#3354 = ORIENTED_EDGE ( 'NONE', *, *, #917, .T. ) ;
#3355 = ORIENTED_EDGE ( 'NONE', *, *, #918, .T. ) ;
#3356 = ORIENTED_EDGE ( 'NONE', *, *, #919, .T. ) ;
#3357 = ORIENTED_EDGE ( 'NONE', *, *, #920, .T. ) ;
#3358 = ORIENTED_EDGE ( 'NONE', *, *, #921, .T. ) ;
#3359 = ORIENTED_EDGE ( 'NONE', *, *, #922, .T. ) ;
#3360 = ORIENTED_EDGE ( 'NONE', *, *, #924, .T. ) ;
#3361 = ORIENTED_EDGE ( 'NONE', *, *, #925, .T. ) ;
#3362 = ORIENTED_EDGE ( 'NONE', *, *, #926, .T. ) ;
#3363 = ORIENTED_EDGE ( 'NONE', *, *, #923, .T. ) ;
#3364 = ORIENTED_EDGE ( 'NONE', *, *, #927, .T. ) ;
#3365 = ORIENTED_EDGE ( 'NONE', *, *, #928, .T. ) ;
#3366 = ORIENTED_EDGE ( 'NONE', *, *, #929, .T. ) ;
#3367 = ORIENTED_EDGE ( 'NONE', *, *, #930, .T. ) ;
#3368 = ORIENTED_EDGE ( 'NONE', *, *, #931, .T. ) ;
#3369 = ORIENTED_EDGE ( 'NONE', *, *, #932, .T. ) ;
#3370 = ORIENTED_EDGE ( 'NONE', *, *, #934, .T. ) ;
#3371 = ORIENTED_EDGE ( 'NONE', *, *, #935, .T. ) ;
#3372 = ORIENTED_EDGE ( 'NONE', *, *, #936, .T. ) ;
#3373 = ORIENTED_EDGE ( 'NONE', *, *, #933, .T. ) ;
#3374 = ORIENTED_EDGE ( 'NONE', *, *, #937, .T. ) ;
#3375 = ORIENTED_EDGE ( 'NONE', *, *, #938, .T. ) ;
#3376 = ORIENTED_EDGE ( 'NONE', *, *, #940, .T. ) ;
#3377 = ORIENTED_EDGE ( 'NONE', *, *, #938, .F. ) ;
#3378 = ORIENTED_EDGE ( 'NONE', *, *, #977, .T. ) ;
#3379 = ORIENTED_EDGE ( 'NONE', *, *, #977, .F. ) ;
#3380 = ORIENTED_EDGE ( 'NONE', *, *, #978, .T. ) ;
#3381 = ORIENTED_EDGE ( 'NONE', *, *, #940, .F. ) ;
#3382 = ORIENTED_EDGE ( 'NONE', *, *, #979, .T. ) ;
#3383 = ORIENTED_EDGE ( 'NONE', *, *, #979, .F. ) ;
#3384 = ORIENTED_EDGE ( 'NONE', *, *, #980, .T. ) ;
#3385 = ORIENTED_EDGE ( 'NONE', *, *, #935, .F. ) ;
#3386 = ORIENTED_EDGE ( 'NONE', *, *, #981, .T. ) ;
#3387 = ORIENTED_EDGE ( 'NONE', *, *, #981, .F. ) ;
#3388 = ORIENTED_EDGE ( 'NONE', *, *, #982, .T. ) ;
#3389 = ORIENTED_EDGE ( 'NONE', *, *, #978, .F. ) ;
#3390 = ORIENTED_EDGE ( 'NONE', *, *, #762, .T. ) ;
#3391 = ORIENTED_EDGE ( 'NONE', *, *, #776, .F. ) ;
#3392 = ORIENTED_EDGE ( 'NONE', *, *, #982, .F. ) ;
#3393 = ORIENTED_EDGE ( 'NONE', *, *, #980, .F. ) ;
#3394 = ORIENTED_EDGE ( 'NONE', *, *, #767, .F. ) ;
#3395 = ORIENTED_EDGE ( 'NONE', *, *, #725, .F. ) ;
#3396 = ORIENTED_EDGE ( 'NONE', *, *, #984, .T. ) ;
#3397 = ORIENTED_EDGE ( 'NONE', *, *, #1081, .F. ) ;
#3398 = ORIENTED_EDGE ( 'NONE', *, *, #983, .F. ) ;
#3399 = ORIENTED_EDGE ( 'NONE', *, *, #985, .T. ) ;
#3400 = ORIENTED_EDGE ( 'NONE', *, *, #1084, .F. ) ;
#3401 = ORIENTED_EDGE ( 'NONE', *, *, #985, .F. ) ;
#3402 = ORIENTED_EDGE ( 'NONE', *, *, #986, .T. ) ;
#3403 = ORIENTED_EDGE ( 'NONE', *, *, #1085, .F. ) ;
#3404 = ORIENTED_EDGE ( 'NONE', *, *, #987, .T. ) ;
#3405 = ORIENTED_EDGE ( 'NONE', *, *, #987, .F. ) ;
#3406 = ORIENTED_EDGE ( 'NONE', *, *, #988, .T. ) ;
#3407 = ORIENTED_EDGE ( 'NONE', *, *, #1086, .F. ) ;
#3408 = ORIENTED_EDGE ( 'NONE', *, *, #989, .T. ) ;
#3409 = ORIENTED_EDGE ( 'NONE', *, *, #989, .F. ) ;
#3410 = ORIENTED_EDGE ( 'NONE', *, *, #990, .T. ) ;
#3411 = ORIENTED_EDGE ( 'NONE', *, *, #1087, .F. ) ;
#3412 = ORIENTED_EDGE ( 'NONE', *, *, #991, .T. ) ;
#3413 = ORIENTED_EDGE ( 'NONE', *, *, #991, .F. ) ;
#3414 = ORIENTED_EDGE ( 'NONE', *, *, #992, .T. ) ;
#3415 = ORIENTED_EDGE ( 'NONE', *, *, #1088, .F. ) ;
#3416 = ORIENTED_EDGE ( 'NONE', *, *, #993, .T. ) ;
#3417 = ORIENTED_EDGE ( 'NONE', *, *, #993, .F. ) ;
#3418 = ORIENTED_EDGE ( 'NONE', *, *, #994, .T. ) ;
#3419 = ORIENTED_EDGE ( 'NONE', *, *, #1090, .F. ) ;
#3420 = ORIENTED_EDGE ( 'NONE', *, *, #995, .T. ) ;
#3421 = ORIENTED_EDGE ( 'NONE', *, *, #995, .F. ) ;
#3422 = ORIENTED_EDGE ( 'NONE', *, *, #996, .T. ) ;
#3423 = ORIENTED_EDGE ( 'NONE', *, *, #1083, .F. ) ;
#3424 = ORIENTED_EDGE ( 'NONE', *, *, #997, .T. ) ;
#3425 = ORIENTED_EDGE ( 'NONE', *, *, #997, .F. ) ;
#3426 = ORIENTED_EDGE ( 'NONE', *, *, #998, .T. ) ;
#3427 = ORIENTED_EDGE ( 'NONE', *, *, #983, .T. ) ;
#3428 = ORIENTED_EDGE ( 'NONE', *, *, #1000, .F. ) ;
#3429 = ORIENTED_EDGE ( 'NONE', *, *, #1001, .F. ) ;
#3430 = ORIENTED_EDGE ( 'NONE', *, *, #999, .F. ) ;
#3431 = ORIENTED_EDGE ( 'NONE', *, *, #994, .F. ) ;
#3432 = ORIENTED_EDGE ( 'NONE', *, *, #998, .F. ) ;
#3433 = ORIENTED_EDGE ( 'NONE', *, *, #984, .F. ) ;
#3434 = ORIENTED_EDGE ( 'NONE', *, *, #996, .F. ) ;
#3435 = ORIENTED_EDGE ( 'NONE', *, *, #992, .F. ) ;
#3436 = ORIENTED_EDGE ( 'NONE', *, *, #990, .F. ) ;
#3437 = ORIENTED_EDGE ( 'NONE', *, *, #988, .F. ) ;
#3438 = ORIENTED_EDGE ( 'NONE', *, *, #986, .F. ) ;
#3439 = ORIENTED_EDGE ( 'NONE', *, *, #1003, .F. ) ;
#3440 = ORIENTED_EDGE ( 'NONE', *, *, #1000, .T. ) ;
#3441 = ORIENTED_EDGE ( 'NONE', *, *, #1002, .F. ) ;
#3442 = ORIENTED_EDGE ( 'NONE', *, *, #1004, .T. ) ;
#3443 = ORIENTED_EDGE ( 'NONE', *, *, #1006, .F. ) ;
#3444 = ORIENTED_EDGE ( 'NONE', *, *, #999, .T. ) ;
#3445 = ORIENTED_EDGE ( 'NONE', *, *, #1005, .F. ) ;
#3446 = ORIENTED_EDGE ( 'NONE', *, *, #1001, .T. ) ;
#3447 = ORIENTED_EDGE ( 'NONE', *, *, #1002, .T. ) ;
#3448 = ORIENTED_EDGE ( 'NONE', *, *, #1007, .F. ) ;
#3449 = ORIENTED_EDGE ( 'NONE', *, *, #1005, .T. ) ;
#3450 = ORIENTED_EDGE ( 'NONE', *, *, #1004, .F. ) ;
#3451 = ORIENTED_EDGE ( 'NONE', *, *, #1009, .T. ) ;
#3452 = ORIENTED_EDGE ( 'NONE', *, *, #1006, .T. ) ;
#3453 = ORIENTED_EDGE ( 'NONE', *, *, #1003, .T. ) ;
#3454 = ORIENTED_EDGE ( 'NONE', *, *, #1007, .T. ) ;
#3455 = ORIENTED_EDGE ( 'NONE', *, *, #923, .F. ) ;
#3456 = ORIENTED_EDGE ( 'NONE', *, *, #1008, .F. ) ;
#3457 = ORIENTED_EDGE ( 'NONE', *, *, #1010, .T. ) ;
#3458 = ORIENTED_EDGE ( 'NONE', *, *, #926, .F. ) ;
#3459 = ORIENTED_EDGE ( 'NONE', *, *, #1010, .F. ) ;
#3460 = ORIENTED_EDGE ( 'NONE', *, *, #1011, .T. ) ;
#3461 = ORIENTED_EDGE ( 'NONE', *, *, #927, .F. ) ;
#3462 = ORIENTED_EDGE ( 'NONE', *, *, #1012, .T. ) ;
#3463 = ORIENTED_EDGE ( 'NONE', *, *, #1012, .F. ) ;
#3464 = ORIENTED_EDGE ( 'NONE', *, *, #1013, .T. ) ;
#3465 = ORIENTED_EDGE ( 'NONE', *, *, #928, .F. ) ;
#3466 = ORIENTED_EDGE ( 'NONE', *, *, #1014, .T. ) ;
#3467 = ORIENTED_EDGE ( 'NONE', *, *, #1014, .F. ) ;
#3468 = ORIENTED_EDGE ( 'NONE', *, *, #1015, .T. ) ;
#3469 = ORIENTED_EDGE ( 'NONE', *, *, #929, .F. ) ;
#3470 = ORIENTED_EDGE ( 'NONE', *, *, #1016, .T. ) ;
#3471 = ORIENTED_EDGE ( 'NONE', *, *, #1016, .F. ) ;
#3472 = ORIENTED_EDGE ( 'NONE', *, *, #1017, .T. ) ;
#3473 = ORIENTED_EDGE ( 'NONE', *, *, #930, .F. ) ;
#3474 = ORIENTED_EDGE ( 'NONE', *, *, #1018, .T. ) ;
#3475 = ORIENTED_EDGE ( 'NONE', *, *, #1018, .F. ) ;
#3476 = ORIENTED_EDGE ( 'NONE', *, *, #1019, .T. ) ;
#3477 = ORIENTED_EDGE ( 'NONE', *, *, #931, .F. ) ;
#3478 = ORIENTED_EDGE ( 'NONE', *, *, #1020, .T. ) ;
#3479 = ORIENTED_EDGE ( 'NONE', *, *, #1020, .F. ) ;
#3480 = ORIENTED_EDGE ( 'NONE', *, *, #1021, .T. ) ;
#3481 = ORIENTED_EDGE ( 'NONE', *, *, #932, .F. ) ;
#3482 = ORIENTED_EDGE ( 'NONE', *, *, #1022, .T. ) ;
#3483 = ORIENTED_EDGE ( 'NONE', *, *, #1022, .F. ) ;
#3484 = ORIENTED_EDGE ( 'NONE', *, *, #1023, .T. ) ;
#3485 = ORIENTED_EDGE ( 'NONE', *, *, #934, .F. ) ;
#3486 = ORIENTED_EDGE ( 'NONE', *, *, #1024, .T. ) ;
#3487 = ORIENTED_EDGE ( 'NONE', *, *, #1024, .F. ) ;
#3488 = ORIENTED_EDGE ( 'NONE', *, *, #1025, .T. ) ;
#3489 = ORIENTED_EDGE ( 'NONE', *, *, #925, .F. ) ;
#3490 = ORIENTED_EDGE ( 'NONE', *, *, #1026, .T. ) ;
#3491 = ORIENTED_EDGE ( 'NONE', *, *, #1026, .F. ) ;
#3492 = ORIENTED_EDGE ( 'NONE', *, *, #1027, .T. ) ;
#3493 = ORIENTED_EDGE ( 'NONE', *, *, #1008, .T. ) ;
#3494 = ORIENTED_EDGE ( 'NONE', *, *, #1029, .F. ) ;
#3495 = ORIENTED_EDGE ( 'NONE', *, *, #1030, .F. ) ;
#3496 = ORIENTED_EDGE ( 'NONE', *, *, #1028, .F. ) ;
#3497 = ORIENTED_EDGE ( 'NONE', *, *, #1031, .F. ) ;
#3498 = ORIENTED_EDGE ( 'NONE', *, *, #1032, .F. ) ;
#3499 = ORIENTED_EDGE ( 'NONE', *, *, #1033, .F. ) ;
#3500 = ORIENTED_EDGE ( 'NONE', *, *, #1035, .F. ) ;
#3501 = ORIENTED_EDGE ( 'NONE', *, *, #1036, .F. ) ;
#3502 = ORIENTED_EDGE ( 'NONE', *, *, #1037, .F. ) ;
#3503 = ORIENTED_EDGE ( 'NONE', *, *, #1034, .F. ) ;
#3504 = ORIENTED_EDGE ( 'NONE', *, *, #1038, .F. ) ;
#3505 = ORIENTED_EDGE ( 'NONE', *, *, #1039, .F. ) ;
#3506 = ORIENTED_EDGE ( 'NONE', *, *, #1040, .F. ) ;
#3507 = ORIENTED_EDGE ( 'NONE', *, *, #1041, .F. ) ;
#3508 = ORIENTED_EDGE ( 'NONE', *, *, #1023, .F. ) ;
#3509 = ORIENTED_EDGE ( 'NONE', *, *, #1027, .F. ) ;
#3510 = ORIENTED_EDGE ( 'NONE', *, *, #1009, .F. ) ;
#3511 = ORIENTED_EDGE ( 'NONE', *, *, #1025, .F. ) ;
#3512 = ORIENTED_EDGE ( 'NONE', *, *, #1021, .F. ) ;
#3513 = ORIENTED_EDGE ( 'NONE', *, *, #1019, .F. ) ;
#3514 = ORIENTED_EDGE ( 'NONE', *, *, #1017, .F. ) ;
#3515 = ORIENTED_EDGE ( 'NONE', *, *, #1015, .F. ) ;
#3516 = ORIENTED_EDGE ( 'NONE', *, *, #2439, .T. ) ;
#3517 = ORIENTED_EDGE ( 'NONE', *, *, #1042, .T. ) ;
#3518 = ORIENTED_EDGE ( 'NONE', *, *, #939, .T. ) ;
#3519 = ORIENTED_EDGE ( 'NONE', *, *, #891, .T. ) ;
#3520 = VERTEX_POINT ( 'NONE', #9957 ) ;
#3521 = VERTEX_POINT ( 'NONE', #9958 ) ;
#3522 = VERTEX_POINT ( 'NONE', #9959 ) ;
#3523 = VERTEX_POINT ( 'NONE', #9960 ) ;
#3524 = VERTEX_POINT ( 'NONE', #9961 ) ;
#3525 = VERTEX_POINT ( 'NONE', #9962 ) ;
#3526 = VERTEX_POINT ( 'NONE', #9963 ) ;
#3527 = ORIENTED_EDGE ( 'NONE', *, *, #1044, .T. ) ;
#3528 = ORIENTED_EDGE ( 'NONE', *, *, #1045, .T. ) ;
#3529 = ORIENTED_EDGE ( 'NONE', *, *, #1047, .T. ) ;
#3530 = ORIENTED_EDGE ( 'NONE', *, *, #1048, .T. ) ;
#3531 = ORIENTED_EDGE ( 'NONE', *, *, #1049, .T. ) ;
#3532 = ORIENTED_EDGE ( 'NONE', *, *, #1046, .T. ) ;
#3533 = ORIENTED_EDGE ( 'NONE', *, *, #1050, .T. ) ;
#3534 = ORIENTED_EDGE ( 'NONE', *, *, #1051, .T. ) ;
#3535 = ORIENTED_EDGE ( 'NONE', *, *, #1052, .T. ) ;
#3536 = ORIENTED_EDGE ( 'NONE', *, *, #1053, .T. ) ;
#3537 = ORIENTED_EDGE ( 'NONE', *, *, #1055, .T. ) ;
#3538 = ORIENTED_EDGE ( 'NONE', *, *, #1056, .F. ) ;
#3539 = ORIENTED_EDGE ( 'NONE', *, *, #1057, .T. ) ;
#3540 = ORIENTED_EDGE ( 'NONE', *, *, #1054, .F. ) ;
#3541 = ORIENTED_EDGE ( 'NONE', *, *, #1059, .T. ) ;
#3542 = ORIENTED_EDGE ( 'NONE', *, *, #1060, .T. ) ;
#3543 = ORIENTED_EDGE ( 'NONE', *, *, #1061, .T. ) ;
#3544 = ORIENTED_EDGE ( 'NONE', *, *, #1058, .T. ) ;
#3545 = ORIENTED_EDGE ( 'NONE', *, *, #1062, .T. ) ;
#3546 = ORIENTED_EDGE ( 'NONE', *, *, #1063, .T. ) ;
#3547 = ORIENTED_EDGE ( 'NONE', *, *, #1064, .T. ) ;
#3548 = ORIENTED_EDGE ( 'NONE', *, *, #1065, .T. ) ;
#3549 = ORIENTED_EDGE ( 'NONE', *, *, #1066, .T. ) ;
#3550 = ORIENTED_EDGE ( 'NONE', *, *, #1067, .T. ) ;
#3551 = ORIENTED_EDGE ( 'NONE', *, *, #1068, .T. ) ;
#3552 = ORIENTED_EDGE ( 'NONE', *, *, #1069, .T. ) ;
#3553 = ORIENTED_EDGE ( 'NONE', *, *, #1071, .T. ) ;
#3554 = ORIENTED_EDGE ( 'NONE', *, *, #1072, .T. ) ;
#3555 = ORIENTED_EDGE ( 'NONE', *, *, #1073, .T. ) ;
#3556 = ORIENTED_EDGE ( 'NONE', *, *, #1070, .T. ) ;
#3557 = ORIENTED_EDGE ( 'NONE', *, *, #1074, .T. ) ;
#3558 = ORIENTED_EDGE ( 'NONE', *, *, #1075, .T. ) ;
#3559 = ORIENTED_EDGE ( 'NONE', *, *, #1076, .T. ) ;
#3560 = ORIENTED_EDGE ( 'NONE', *, *, #1077, .T. ) ;
#3561 = ORIENTED_EDGE ( 'NONE', *, *, #1078, .T. ) ;
#3562 = ORIENTED_EDGE ( 'NONE', *, *, #1079, .T. ) ;
#3563 = ORIENTED_EDGE ( 'NONE', *, *, #1080, .T. ) ;
#3564 = ORIENTED_EDGE ( 'NONE', *, *, #1082, .T. ) ;
#3565 = ORIENTED_EDGE ( 'NONE', *, *, #1083, .T. ) ;
#3566 = ORIENTED_EDGE ( 'NONE', *, *, #1084, .T. ) ;
#3567 = ORIENTED_EDGE ( 'NONE', *, *, #1081, .T. ) ;
#3568 = ORIENTED_EDGE ( 'NONE', *, *, #1085, .T. ) ;
#3569 = ORIENTED_EDGE ( 'NONE', *, *, #1086, .T. ) ;
#3570 = ORIENTED_EDGE ( 'NONE', *, *, #1087, .T. ) ;
#3571 = ORIENTED_EDGE ( 'NONE', *, *, #1088, .T. ) ;
#3572 = ORIENTED_EDGE ( 'NONE', *, *, #1090, .T. ) ;
#3573 = ORIENTED_EDGE ( 'NONE', *, *, #1091, .T. ) ;
#3574 = ORIENTED_EDGE ( 'NONE', *, *, #1092, .T. ) ;
#3575 = ORIENTED_EDGE ( 'NONE', *, *, #1089, .T. ) ;
#3576 = ORIENTED_EDGE ( 'NONE', *, *, #1093, .T. ) ;
#3577 = ORIENTED_EDGE ( 'NONE', *, *, #1094, .T. ) ;
#3578 = ORIENTED_EDGE ( 'NONE', *, *, #1095, .T. ) ;
#3579 = ORIENTED_EDGE ( 'NONE', *, *, #1096, .T. ) ;
#3580 = ORIENTED_EDGE ( 'NONE', *, *, #1097, .T. ) ;
#3581 = ORIENTED_EDGE ( 'NONE', *, *, #1098, .T. ) ;
#3582 = ORIENTED_EDGE ( 'NONE', *, *, #1099, .T. ) ;
#3583 = ORIENTED_EDGE ( 'NONE', *, *, #1100, .T. ) ;
#3584 = ORIENTED_EDGE ( 'NONE', *, *, #1101, .T. ) ;
#3585 = ORIENTED_EDGE ( 'NONE', *, *, #1102, .T. ) ;
#3586 = ORIENTED_EDGE ( 'NONE', *, *, #1103, .T. ) ;
#3587 = ORIENTED_EDGE ( 'NONE', *, *, #1104, .T. ) ;
#3588 = ORIENTED_EDGE ( 'NONE', *, *, #1105, .T. ) ;
#3589 = ORIENTED_EDGE ( 'NONE', *, *, #1106, .T. ) ;
#3590 = ORIENTED_EDGE ( 'NONE', *, *, #1107, .T. ) ;
#3591 = ORIENTED_EDGE ( 'NONE', *, *, #1109, .T. ) ;
#3592 = ORIENTED_EDGE ( 'NONE', *, *, #1110, .T. ) ;
#3593 = ORIENTED_EDGE ( 'NONE', *, *, #1111, .T. ) ;
#3594 = ORIENTED_EDGE ( 'NONE', *, *, #1108, .T. ) ;
#3595 = ORIENTED_EDGE ( 'NONE', *, *, #1112, .T. ) ;
#3596 = ORIENTED_EDGE ( 'NONE', *, *, #1113, .T. ) ;
#3597 = ORIENTED_EDGE ( 'NONE', *, *, #1114, .T. ) ;
#3598 = ORIENTED_EDGE ( 'NONE', *, *, #1115, .T. ) ;
#3599 = ORIENTED_EDGE ( 'NONE', *, *, #1117, .T. ) ;
#3600 = ORIENTED_EDGE ( 'NONE', *, *, #1118, .T. ) ;
#3601 = ORIENTED_EDGE ( 'NONE', *, *, #1119, .T. ) ;
#3602 = ORIENTED_EDGE ( 'NONE', *, *, #1116, .T. ) ;
#3603 = ORIENTED_EDGE ( 'NONE', *, *, #1120, .T. ) ;
#3604 = ORIENTED_EDGE ( 'NONE', *, *, #1121, .T. ) ;
#3605 = ORIENTED_EDGE ( 'NONE', *, *, #1122, .T. ) ;
#3606 = ORIENTED_EDGE ( 'NONE', *, *, #1123, .T. ) ;
#3607 = ORIENTED_EDGE ( 'NONE', *, *, #1124, .T. ) ;
#3608 = ORIENTED_EDGE ( 'NONE', *, *, #1125, .T. ) ;
#3609 = ORIENTED_EDGE ( 'NONE', *, *, #1126, .T. ) ;
#3610 = ORIENTED_EDGE ( 'NONE', *, *, #1127, .T. ) ;
#3611 = ORIENTED_EDGE ( 'NONE', *, *, #1128, .T. ) ;
#3612 = ORIENTED_EDGE ( 'NONE', *, *, #1129, .T. ) ;
#3613 = ORIENTED_EDGE ( 'NONE', *, *, #1130, .T. ) ;
#3614 = ORIENTED_EDGE ( 'NONE', *, *, #1131, .T. ) ;
#3615 = ORIENTED_EDGE ( 'NONE', *, *, #1132, .T. ) ;
#3616 = ORIENTED_EDGE ( 'NONE', *, *, #1133, .T. ) ;
#3617 = ORIENTED_EDGE ( 'NONE', *, *, #1134, .T. ) ;
#3618 = ORIENTED_EDGE ( 'NONE', *, *, #1135, .T. ) ;
#3619 = ORIENTED_EDGE ( 'NONE', *, *, #899, .F. ) ;
#3620 = ORIENTED_EDGE ( 'NONE', *, *, #1137, .T. ) ;
#3621 = ORIENTED_EDGE ( 'NONE', *, *, #1136, .F. ) ;
#3622 = ORIENTED_EDGE ( 'NONE', *, *, #1138, .F. ) ;
#3623 = ORIENTED_EDGE ( 'NONE', *, *, #902, .T. ) ;
#3624 = ORIENTED_EDGE ( 'NONE', *, *, #1140, .F. ) ;
#3625 = ORIENTED_EDGE ( 'NONE', *, *, #1139, .T. ) ;
#3626 = ORIENTED_EDGE ( 'NONE', *, *, #1141, .T. ) ;
#3627 = ORIENTED_EDGE ( 'NONE', *, *, #1143, .T. ) ;
#3628 = ORIENTED_EDGE ( 'NONE', *, *, #1137, .F. ) ;
#3629 = ORIENTED_EDGE ( 'NONE', *, *, #1142, .T. ) ;
#3630 = ORIENTED_EDGE ( 'NONE', *, *, #1109, .F. ) ;
#3631 = ORIENTED_EDGE ( 'NONE', *, *, #2369, .F. ) ;
#3632 = ORIENTED_EDGE ( 'NONE', *, *, #2368, .T. ) ;
#3633 = ORIENTED_EDGE ( 'NONE', *, *, #1091, .F. ) ;
#3634 = ORIENTED_EDGE ( 'NONE', *, *, #1144, .T. ) ;
#3635 = ORIENTED_EDGE ( 'NONE', *, *, #1144, .F. ) ;
#3636 = ORIENTED_EDGE ( 'NONE', *, *, #1145, .T. ) ;
#3637 = ORIENTED_EDGE ( 'NONE', *, *, #2367, .F. ) ;
#3638 = ORIENTED_EDGE ( 'NONE', *, *, #2334, .T. ) ;
#3639 = ORIENTED_EDGE ( 'NONE', *, *, #2335, .F. ) ;
#3640 = ORIENTED_EDGE ( 'NONE', *, *, #1145, .F. ) ;
#3641 = ORIENTED_EDGE ( 'NONE', *, *, #2368, .F. ) ;
#3642 = ORIENTED_EDGE ( 'NONE', *, *, #2365, .F. ) ;
#3643 = ORIENTED_EDGE ( 'NONE', *, *, #2363, .F. ) ;
#3644 = ORIENTED_EDGE ( 'NONE', *, *, #2361, .F. ) ;
#3645 = ORIENTED_EDGE ( 'NONE', *, *, #2359, .F. ) ;
#3646 = ORIENTED_EDGE ( 'NONE', *, *, #2357, .F. ) ;
#3647 = ORIENTED_EDGE ( 'NONE', *, *, #2355, .F. ) ;
#3648 = ORIENTED_EDGE ( 'NONE', *, *, #2353, .F. ) ;
#3649 = ORIENTED_EDGE ( 'NONE', *, *, #2351, .F. ) ;
#3650 = ORIENTED_EDGE ( 'NONE', *, *, #2349, .F. ) ;
#3651 = ORIENTED_EDGE ( 'NONE', *, *, #2347, .F. ) ;
#3652 = ORIENTED_EDGE ( 'NONE', *, *, #2345, .F. ) ;
#3653 = ORIENTED_EDGE ( 'NONE', *, *, #2343, .F. ) ;
#3654 = ORIENTED_EDGE ( 'NONE', *, *, #2341, .F. ) ;
#3655 = ORIENTED_EDGE ( 'NONE', *, *, #2339, .F. ) ;
#3656 = ORIENTED_EDGE ( 'NONE', *, *, #2337, .F. ) ;
#3657 = ORIENTED_EDGE ( 'NONE', *, *, #1147, .T. ) ;
#3658 = ORIENTED_EDGE ( 'NONE', *, *, #913, .F. ) ;
#3659 = ORIENTED_EDGE ( 'NONE', *, *, #1146, .F. ) ;
#3660 = ORIENTED_EDGE ( 'NONE', *, *, #1148, .T. ) ;
#3661 = ORIENTED_EDGE ( 'NONE', *, *, #916, .F. ) ;
#3662 = ORIENTED_EDGE ( 'NONE', *, *, #1148, .F. ) ;
#3663 = ORIENTED_EDGE ( 'NONE', *, *, #1149, .T. ) ;
#3664 = ORIENTED_EDGE ( 'NONE', *, *, #917, .F. ) ;
#3665 = ORIENTED_EDGE ( 'NONE', *, *, #1150, .T. ) ;
#3666 = ORIENTED_EDGE ( 'NONE', *, *, #1150, .F. ) ;
#3667 = ORIENTED_EDGE ( 'NONE', *, *, #1151, .T. ) ;
#3668 = ORIENTED_EDGE ( 'NONE', *, *, #918, .F. ) ;
#3669 = ORIENTED_EDGE ( 'NONE', *, *, #1152, .T. ) ;
#3670 = ORIENTED_EDGE ( 'NONE', *, *, #1152, .F. ) ;
#3671 = ORIENTED_EDGE ( 'NONE', *, *, #1153, .T. ) ;
#3672 = ORIENTED_EDGE ( 'NONE', *, *, #919, .F. ) ;
#3673 = ORIENTED_EDGE ( 'NONE', *, *, #1154, .T. ) ;
#3674 = ORIENTED_EDGE ( 'NONE', *, *, #1154, .F. ) ;
#3675 = ORIENTED_EDGE ( 'NONE', *, *, #1155, .T. ) ;
#3676 = ORIENTED_EDGE ( 'NONE', *, *, #920, .F. ) ;
#3677 = ORIENTED_EDGE ( 'NONE', *, *, #1156, .T. ) ;
#3678 = ORIENTED_EDGE ( 'NONE', *, *, #1156, .F. ) ;
#3679 = ORIENTED_EDGE ( 'NONE', *, *, #1157, .T. ) ;
#3680 = ORIENTED_EDGE ( 'NONE', *, *, #921, .F. ) ;
#3681 = ORIENTED_EDGE ( 'NONE', *, *, #1158, .T. ) ;
#3682 = ORIENTED_EDGE ( 'NONE', *, *, #1158, .F. ) ;
#3683 = ORIENTED_EDGE ( 'NONE', *, *, #1159, .T. ) ;
#3684 = ORIENTED_EDGE ( 'NONE', *, *, #922, .F. ) ;
#3685 = ORIENTED_EDGE ( 'NONE', *, *, #1160, .T. ) ;
#3686 = ORIENTED_EDGE ( 'NONE', *, *, #1160, .F. ) ;
#3687 = ORIENTED_EDGE ( 'NONE', *, *, #1161, .T. ) ;
#3688 = ORIENTED_EDGE ( 'NONE', *, *, #924, .F. ) ;
#3689 = ORIENTED_EDGE ( 'NONE', *, *, #1162, .T. ) ;
#3690 = ORIENTED_EDGE ( 'NONE', *, *, #1162, .F. ) ;
#3691 = ORIENTED_EDGE ( 'NONE', *, *, #1163, .T. ) ;
#3692 = ORIENTED_EDGE ( 'NONE', *, *, #915, .F. ) ;
#3693 = ORIENTED_EDGE ( 'NONE', *, *, #1164, .T. ) ;
#3694 = ORIENTED_EDGE ( 'NONE', *, *, #1164, .F. ) ;
#3695 = ORIENTED_EDGE ( 'NONE', *, *, #1165, .T. ) ;
#3696 = ORIENTED_EDGE ( 'NONE', *, *, #1146, .T. ) ;
#3697 = ORIENTED_EDGE ( 'NONE', *, *, #1167, .F. ) ;
#3698 = ORIENTED_EDGE ( 'NONE', *, *, #1168, .F. ) ;
#3699 = ORIENTED_EDGE ( 'NONE', *, *, #1166, .F. ) ;
#3700 = ORIENTED_EDGE ( 'NONE', *, *, #1169, .F. ) ;
#3701 = ORIENTED_EDGE ( 'NONE', *, *, #1170, .F. ) ;
#3702 = ORIENTED_EDGE ( 'NONE', *, *, #1171, .F. ) ;
#3703 = ORIENTED_EDGE ( 'NONE', *, *, #1173, .F. ) ;
#3704 = ORIENTED_EDGE ( 'NONE', *, *, #1174, .F. ) ;
#3705 = ORIENTED_EDGE ( 'NONE', *, *, #1175, .F. ) ;
#3706 = ORIENTED_EDGE ( 'NONE', *, *, #1172, .F. ) ;
#3707 = ORIENTED_EDGE ( 'NONE', *, *, #1176, .F. ) ;
#3708 = ORIENTED_EDGE ( 'NONE', *, *, #1177, .F. ) ;
#3709 = ORIENTED_EDGE ( 'NONE', *, *, #1178, .F. ) ;
#3710 = ORIENTED_EDGE ( 'NONE', *, *, #1179, .F. ) ;
#3711 = ORIENTED_EDGE ( 'NONE', *, *, #1161, .F. ) ;
#3712 = ORIENTED_EDGE ( 'NONE', *, *, #1165, .F. ) ;
#3713 = ORIENTED_EDGE ( 'NONE', *, *, #1147, .F. ) ;
#3714 = ORIENTED_EDGE ( 'NONE', *, *, #1163, .F. ) ;
#3715 = ORIENTED_EDGE ( 'NONE', *, *, #1159, .F. ) ;
#3716 = ORIENTED_EDGE ( 'NONE', *, *, #1157, .F. ) ;
#3717 = ORIENTED_EDGE ( 'NONE', *, *, #1155, .F. ) ;
#3718 = ORIENTED_EDGE ( 'NONE', *, *, #1153, .F. ) ;
#3719 = ORIENTED_EDGE ( 'NONE', *, *, #1151, .F. ) ;
#3720 = ORIENTED_EDGE ( 'NONE', *, *, #1149, .F. ) ;
#3721 = ORIENTED_EDGE ( 'NONE', *, *, #1181, .F. ) ;
#3722 = ORIENTED_EDGE ( 'NONE', *, *, #1179, .T. ) ;
#3723 = ORIENTED_EDGE ( 'NONE', *, *, #1180, .F. ) ;
#3724 = ORIENTED_EDGE ( 'NONE', *, *, #1182, .T. ) ;
#3725 = ORIENTED_EDGE ( 'NONE', *, *, #1184, .F. ) ;
#3726 = ORIENTED_EDGE ( 'NONE', *, *, #1174, .T. ) ;
#3727 = ORIENTED_EDGE ( 'NONE', *, *, #1183, .F. ) ;
#3728 = ORIENTED_EDGE ( 'NONE', *, *, #1180, .T. ) ;
#3729 = ORIENTED_EDGE ( 'NONE', *, *, #1186, .F. ) ;
#3730 = ORIENTED_EDGE ( 'NONE', *, *, #1172, .T. ) ;
#3731 = ORIENTED_EDGE ( 'NONE', *, *, #1185, .F. ) ;
#3732 = ORIENTED_EDGE ( 'NONE', *, *, #1183, .T. ) ;
#3733 = ORIENTED_EDGE ( 'NONE', *, *, #1188, .F. ) ;
#3734 = ORIENTED_EDGE ( 'NONE', *, *, #1175, .T. ) ;
#3735 = ORIENTED_EDGE ( 'NONE', *, *, #1187, .F. ) ;
#3736 = ORIENTED_EDGE ( 'NONE', *, *, #1185, .T. ) ;
#3737 = ORIENTED_EDGE ( 'NONE', *, *, #1190, .F. ) ;
#3738 = ORIENTED_EDGE ( 'NONE', *, *, #1176, .T. ) ;
#3739 = ORIENTED_EDGE ( 'NONE', *, *, #1189, .F. ) ;
#3740 = ORIENTED_EDGE ( 'NONE', *, *, #1187, .T. ) ;
#3741 = ORIENTED_EDGE ( 'NONE', *, *, #1192, .F. ) ;
#3742 = ORIENTED_EDGE ( 'NONE', *, *, #1177, .T. ) ;
#3743 = ORIENTED_EDGE ( 'NONE', *, *, #1191, .F. ) ;
#3744 = ORIENTED_EDGE ( 'NONE', *, *, #1178, .T. ) ;
#3745 = ORIENTED_EDGE ( 'NONE', *, *, #1189, .T. ) ;
#3746 = ORIENTED_EDGE ( 'NONE', *, *, #1193, .F. ) ;
#3747 = ORIENTED_EDGE ( 'NONE', *, *, #1191, .T. ) ;
#3748 = ORIENTED_EDGE ( 'NONE', *, *, #1182, .F. ) ;
#3749 = ORIENTED_EDGE ( 'NONE', *, *, #1195, .F. ) ;
#3750 = ORIENTED_EDGE ( 'NONE', *, *, #1173, .T. ) ;
#3751 = ORIENTED_EDGE ( 'NONE', *, *, #1194, .F. ) ;
#3752 = ORIENTED_EDGE ( 'NONE', *, *, #1196, .T. ) ;
#3753 = ORIENTED_EDGE ( 'NONE', *, *, #1198, .F. ) ;
#3754 = ORIENTED_EDGE ( 'NONE', *, *, #1167, .T. ) ;
#3755 = ORIENTED_EDGE ( 'NONE', *, *, #1197, .F. ) ;
#3756 = ORIENTED_EDGE ( 'NONE', *, *, #1194, .T. ) ;
#3757 = ORIENTED_EDGE ( 'NONE', *, *, #1200, .F. ) ;
#3758 = ORIENTED_EDGE ( 'NONE', *, *, #1166, .T. ) ;
#3759 = ORIENTED_EDGE ( 'NONE', *, *, #1199, .F. ) ;
#3760 = ORIENTED_EDGE ( 'NONE', *, *, #1197, .T. ) ;
#3761 = ORIENTED_EDGE ( 'NONE', *, *, #1202, .F. ) ;
#3762 = ORIENTED_EDGE ( 'NONE', *, *, #1168, .T. ) ;
#3763 = ORIENTED_EDGE ( 'NONE', *, *, #1201, .F. ) ;
#3764 = ORIENTED_EDGE ( 'NONE', *, *, #1199, .T. ) ;
#3765 = ORIENTED_EDGE ( 'NONE', *, *, #1204, .F. ) ;
#3766 = ORIENTED_EDGE ( 'NONE', *, *, #1169, .T. ) ;
#3767 = ORIENTED_EDGE ( 'NONE', *, *, #1203, .F. ) ;
#3768 = ORIENTED_EDGE ( 'NONE', *, *, #1201, .T. ) ;
#3769 = ORIENTED_EDGE ( 'NONE', *, *, #1206, .F. ) ;
#3770 = ORIENTED_EDGE ( 'NONE', *, *, #1170, .T. ) ;
#3771 = ORIENTED_EDGE ( 'NONE', *, *, #1205, .F. ) ;
#3772 = ORIENTED_EDGE ( 'NONE', *, *, #1171, .T. ) ;
#3773 = ORIENTED_EDGE ( 'NONE', *, *, #1203, .T. ) ;
#3774 = ORIENTED_EDGE ( 'NONE', *, *, #1207, .F. ) ;
#3775 = ORIENTED_EDGE ( 'NONE', *, *, #1205, .T. ) ;
#3776 = ORIENTED_EDGE ( 'NONE', *, *, #1196, .F. ) ;
#3777 = ORIENTED_EDGE ( 'NONE', *, *, #1192, .T. ) ;
#3778 = ORIENTED_EDGE ( 'NONE', *, *, #1184, .T. ) ;
#3779 = ORIENTED_EDGE ( 'NONE', *, *, #1181, .T. ) ;
#3780 = ORIENTED_EDGE ( 'NONE', *, *, #1193, .T. ) ;
#3781 = ORIENTED_EDGE ( 'NONE', *, *, #1190, .T. ) ;
#3782 = ORIENTED_EDGE ( 'NONE', *, *, #1188, .T. ) ;
#3783 = ORIENTED_EDGE ( 'NONE', *, *, #1186, .T. ) ;
#3784 = ORIENTED_EDGE ( 'NONE', *, *, #1206, .T. ) ;
#3785 = ORIENTED_EDGE ( 'NONE', *, *, #1198, .T. ) ;
#3786 = ORIENTED_EDGE ( 'NONE', *, *, #1195, .T. ) ;
#3787 = ORIENTED_EDGE ( 'NONE', *, *, #1207, .T. ) ;
#3788 = ORIENTED_EDGE ( 'NONE', *, *, #1204, .T. ) ;
#3789 = ORIENTED_EDGE ( 'NONE', *, *, #1202, .T. ) ;
#3790 = ORIENTED_EDGE ( 'NONE', *, *, #1200, .T. ) ;
#3791 = ORIENTED_EDGE ( 'NONE', *, *, #1209, .T. ) ;
#3792 = ORIENTED_EDGE ( 'NONE', *, *, #1108, .F. ) ;
#3793 = ORIENTED_EDGE ( 'NONE', *, *, #1208, .F. ) ;
#3794 = ORIENTED_EDGE ( 'NONE', *, *, #1210, .T. ) ;
#3795 = ORIENTED_EDGE ( 'NONE', *, *, #1111, .F. ) ;
#3796 = ORIENTED_EDGE ( 'NONE', *, *, #1210, .F. ) ;
#3797 = ORIENTED_EDGE ( 'NONE', *, *, #1211, .T. ) ;
#3798 = ORIENTED_EDGE ( 'NONE', *, *, #1112, .F. ) ;
#3799 = ORIENTED_EDGE ( 'NONE', *, *, #1212, .T. ) ;
#3800 = ORIENTED_EDGE ( 'NONE', *, *, #1212, .F. ) ;
#3801 = ORIENTED_EDGE ( 'NONE', *, *, #1213, .T. ) ;
#3802 = ORIENTED_EDGE ( 'NONE', *, *, #1113, .F. ) ;
#3803 = ORIENTED_EDGE ( 'NONE', *, *, #1214, .T. ) ;
#3804 = ORIENTED_EDGE ( 'NONE', *, *, #1214, .F. ) ;
#3805 = ORIENTED_EDGE ( 'NONE', *, *, #1215, .T. ) ;
#3806 = ORIENTED_EDGE ( 'NONE', *, *, #1114, .F. ) ;
#3807 = ORIENTED_EDGE ( 'NONE', *, *, #1216, .T. ) ;
#3808 = ORIENTED_EDGE ( 'NONE', *, *, #1216, .F. ) ;
#3809 = ORIENTED_EDGE ( 'NONE', *, *, #1217, .T. ) ;
#3810 = ORIENTED_EDGE ( 'NONE', *, *, #1115, .F. ) ;
#3811 = ORIENTED_EDGE ( 'NONE', *, *, #1218, .T. ) ;
#3812 = ORIENTED_EDGE ( 'NONE', *, *, #1218, .F. ) ;
#3813 = ORIENTED_EDGE ( 'NONE', *, *, #1219, .T. ) ;
#3814 = ORIENTED_EDGE ( 'NONE', *, *, #1117, .F. ) ;
#3815 = ORIENTED_EDGE ( 'NONE', *, *, #1220, .T. ) ;
#3816 = ORIENTED_EDGE ( 'NONE', *, *, #1220, .F. ) ;
#3817 = ORIENTED_EDGE ( 'NONE', *, *, #1221, .T. ) ;
#3818 = ORIENTED_EDGE ( 'NONE', *, *, #1110, .F. ) ;
#3819 = ORIENTED_EDGE ( 'NONE', *, *, #1222, .T. ) ;
#3820 = ORIENTED_EDGE ( 'NONE', *, *, #1222, .F. ) ;
#3821 = ORIENTED_EDGE ( 'NONE', *, *, #1223, .T. ) ;
#3822 = ORIENTED_EDGE ( 'NONE', *, *, #1208, .T. ) ;
#3823 = ORIENTED_EDGE ( 'NONE', *, *, #1225, .F. ) ;
#3824 = ORIENTED_EDGE ( 'NONE', *, *, #1226, .F. ) ;
#3825 = ORIENTED_EDGE ( 'NONE', *, *, #1224, .F. ) ;
#3826 = ORIENTED_EDGE ( 'NONE', *, *, #1219, .F. ) ;
#3827 = ORIENTED_EDGE ( 'NONE', *, *, #1223, .F. ) ;
#3828 = ORIENTED_EDGE ( 'NONE', *, *, #1209, .F. ) ;
#3829 = ORIENTED_EDGE ( 'NONE', *, *, #1221, .F. ) ;
#3830 = ORIENTED_EDGE ( 'NONE', *, *, #1217, .F. ) ;
#3831 = ORIENTED_EDGE ( 'NONE', *, *, #1215, .F. ) ;
#3832 = ORIENTED_EDGE ( 'NONE', *, *, #1213, .F. ) ;
#3833 = ORIENTED_EDGE ( 'NONE', *, *, #1211, .F. ) ;
#3834 = ORIENTED_EDGE ( 'NONE', *, *, #1228, .F. ) ;
#3835 = ORIENTED_EDGE ( 'NONE', *, *, #1225, .T. ) ;
#3836 = ORIENTED_EDGE ( 'NONE', *, *, #1227, .F. ) ;
#3837 = ORIENTED_EDGE ( 'NONE', *, *, #1229, .T. ) ;
#3838 = ORIENTED_EDGE ( 'NONE', *, *, #1231, .F. ) ;
#3839 = ORIENTED_EDGE ( 'NONE', *, *, #1224, .T. ) ;
#3840 = ORIENTED_EDGE ( 'NONE', *, *, #1230, .F. ) ;
#3841 = ORIENTED_EDGE ( 'NONE', *, *, #1226, .T. ) ;
#3842 = ORIENTED_EDGE ( 'NONE', *, *, #1227, .T. ) ;
#3843 = ORIENTED_EDGE ( 'NONE', *, *, #1232, .F. ) ;
#3844 = ORIENTED_EDGE ( 'NONE', *, *, #1230, .T. ) ;
#3845 = ORIENTED_EDGE ( 'NONE', *, *, #1229, .F. ) ;
#3846 = ORIENTED_EDGE ( 'NONE', *, *, #1234, .T. ) ;
#3847 = ORIENTED_EDGE ( 'NONE', *, *, #1231, .T. ) ;
#3848 = ORIENTED_EDGE ( 'NONE', *, *, #1228, .T. ) ;
#3849 = ORIENTED_EDGE ( 'NONE', *, *, #1232, .T. ) ;
#3850 = ORIENTED_EDGE ( 'NONE', *, *, #903, .F. ) ;
#3851 = ORIENTED_EDGE ( 'NONE', *, *, #1233, .F. ) ;
#3852 = ORIENTED_EDGE ( 'NONE', *, *, #1235, .T. ) ;
#3853 = ORIENTED_EDGE ( 'NONE', *, *, #8820, .F. ) ;
#3854 = ORIENTED_EDGE ( 'NONE', *, *, #1235, .F. ) ;
#3855 = ORIENTED_EDGE ( 'NONE', *, *, #1236, .T. ) ;
#3856 = ORIENTED_EDGE ( 'NONE', *, *, #905, .F. ) ;
#3857 = ORIENTED_EDGE ( 'NONE', *, *, #1237, .T. ) ;
#3858 = ORIENTED_EDGE ( 'NONE', *, *, #1237, .F. ) ;
#3859 = ORIENTED_EDGE ( 'NONE', *, *, #1238, .T. ) ;
#3860 = ORIENTED_EDGE ( 'NONE', *, *, #906, .F. ) ;
#3861 = ORIENTED_EDGE ( 'NONE', *, *, #1239, .T. ) ;
#3862 = ORIENTED_EDGE ( 'NONE', *, *, #1239, .F. ) ;
#3863 = ORIENTED_EDGE ( 'NONE', *, *, #1240, .T. ) ;
#3864 = ORIENTED_EDGE ( 'NONE', *, *, #907, .F. ) ;
#3865 = ORIENTED_EDGE ( 'NONE', *, *, #1241, .T. ) ;
#3866 = ORIENTED_EDGE ( 'NONE', *, *, #1241, .F. ) ;
#3867 = ORIENTED_EDGE ( 'NONE', *, *, #1242, .T. ) ;
#3868 = ORIENTED_EDGE ( 'NONE', *, *, #908, .F. ) ;
#3869 = ORIENTED_EDGE ( 'NONE', *, *, #1243, .T. ) ;
#3870 = ORIENTED_EDGE ( 'NONE', *, *, #1243, .F. ) ;
#3871 = ORIENTED_EDGE ( 'NONE', *, *, #1244, .T. ) ;
#3872 = ORIENTED_EDGE ( 'NONE', *, *, #909, .F. ) ;
#3873 = ORIENTED_EDGE ( 'NONE', *, *, #1245, .T. ) ;
#3874 = ORIENTED_EDGE ( 'NONE', *, *, #1245, .F. ) ;
#3875 = ORIENTED_EDGE ( 'NONE', *, *, #1246, .T. ) ;
#3876 = ORIENTED_EDGE ( 'NONE', *, *, #910, .F. ) ;
#3877 = ORIENTED_EDGE ( 'NONE', *, *, #1247, .T. ) ;
#3878 = ORIENTED_EDGE ( 'NONE', *, *, #1247, .F. ) ;
#3879 = ORIENTED_EDGE ( 'NONE', *, *, #1248, .T. ) ;
#3880 = ORIENTED_EDGE ( 'NONE', *, *, #911, .F. ) ;
#3881 = ORIENTED_EDGE ( 'NONE', *, *, #1249, .T. ) ;
#3882 = ORIENTED_EDGE ( 'NONE', *, *, #1249, .F. ) ;
#3883 = ORIENTED_EDGE ( 'NONE', *, *, #1250, .T. ) ;
#3884 = ORIENTED_EDGE ( 'NONE', *, *, #912, .F. ) ;
#3885 = ORIENTED_EDGE ( 'NONE', *, *, #1251, .T. ) ;
#3886 = ORIENTED_EDGE ( 'NONE', *, *, #1251, .F. ) ;
#3887 = ORIENTED_EDGE ( 'NONE', *, *, #1252, .T. ) ;
#3888 = ORIENTED_EDGE ( 'NONE', *, *, #914, .F. ) ;
#3889 = ORIENTED_EDGE ( 'NONE', *, *, #1253, .T. ) ;
#3890 = ORIENTED_EDGE ( 'NONE', *, *, #1253, .F. ) ;
#3891 = ORIENTED_EDGE ( 'NONE', *, *, #1254, .T. ) ;
#3892 = ORIENTED_EDGE ( 'NONE', *, *, #904, .F. ) ;
#3893 = ORIENTED_EDGE ( 'NONE', *, *, #1255, .T. ) ;
#3894 = ORIENTED_EDGE ( 'NONE', *, *, #1255, .F. ) ;
#3895 = ORIENTED_EDGE ( 'NONE', *, *, #1256, .T. ) ;
#3896 = ORIENTED_EDGE ( 'NONE', *, *, #1252, .F. ) ;
#3897 = ORIENTED_EDGE ( 'NONE', *, *, #1233, .T. ) ;
#3898 = ORIENTED_EDGE ( 'NONE', *, *, #1234, .F. ) ;
#3899 = ORIENTED_EDGE ( 'NONE', *, *, #1256, .F. ) ;
#3900 = ORIENTED_EDGE ( 'NONE', *, *, #1254, .F. ) ;
#3901 = ORIENTED_EDGE ( 'NONE', *, *, #1250, .F. ) ;
#3902 = ORIENTED_EDGE ( 'NONE', *, *, #1248, .F. ) ;
#3903 = ORIENTED_EDGE ( 'NONE', *, *, #1246, .F. ) ;
#3904 = ORIENTED_EDGE ( 'NONE', *, *, #1244, .F. ) ;
#3905 = ORIENTED_EDGE ( 'NONE', *, *, #1242, .F. ) ;
#3906 = ORIENTED_EDGE ( 'NONE', *, *, #1240, .F. ) ;
#3907 = ORIENTED_EDGE ( 'NONE', *, *, #1238, .F. ) ;
#3908 = ORIENTED_EDGE ( 'NONE', *, *, #1236, .F. ) ;
#3909 = ORIENTED_EDGE ( 'NONE', *, *, #1258, .T. ) ;
#3910 = ORIENTED_EDGE ( 'NONE', *, *, #1116, .F. ) ;
#3911 = ORIENTED_EDGE ( 'NONE', *, *, #1257, .F. ) ;
#3912 = ORIENTED_EDGE ( 'NONE', *, *, #1259, .T. ) ;
#3913 = ORIENTED_EDGE ( 'NONE', *, *, #1119, .F. ) ;
#3914 = ORIENTED_EDGE ( 'NONE', *, *, #1259, .F. ) ;
#3915 = ORIENTED_EDGE ( 'NONE', *, *, #1260, .T. ) ;
#3916 = ORIENTED_EDGE ( 'NONE', *, *, #1120, .F. ) ;
#3917 = ORIENTED_EDGE ( 'NONE', *, *, #1261, .T. ) ;
#3918 = ORIENTED_EDGE ( 'NONE', *, *, #1261, .F. ) ;
#3919 = ORIENTED_EDGE ( 'NONE', *, *, #1262, .T. ) ;
#3920 = ORIENTED_EDGE ( 'NONE', *, *, #1263, .T. ) ;
#3921 = ORIENTED_EDGE ( 'NONE', *, *, #898, .T. ) ;
#3922 = ORIENTED_EDGE ( 'NONE', *, *, #896, .F. ) ;
#3923 = ORIENTED_EDGE ( 'NONE', *, *, #1264, .F. ) ;
#3924 = ORIENTED_EDGE ( 'NONE', *, *, #1265, .F. ) ;
#3925 = ORIENTED_EDGE ( 'NONE', *, *, #785, .T. ) ;
#3926 = ORIENTED_EDGE ( 'NONE', *, *, #792, .F. ) ;
#3927 = ORIENTED_EDGE ( 'NONE', *, *, #1266, .F. ) ;
#3928 = ORIENTED_EDGE ( 'NONE', *, *, #1267, .T. ) ;
#3929 = ORIENTED_EDGE ( 'NONE', *, *, #1269, .T. ) ;
#3930 = ORIENTED_EDGE ( 'NONE', *, *, #1270, .F. ) ;
#3931 = ORIENTED_EDGE ( 'NONE', *, *, #1268, .F. ) ;
#3932 = ORIENTED_EDGE ( 'NONE', *, *, #1271, .T. ) ;
#3933 = ORIENTED_EDGE ( 'NONE', *, *, #1140, .T. ) ;
#3934 = ORIENTED_EDGE ( 'NONE', *, *, #1272, .F. ) ;
#3935 = ORIENTED_EDGE ( 'NONE', *, *, #1274, .F. ) ;
#3936 = ORIENTED_EDGE ( 'NONE', *, *, #1275, .T. ) ;
#3937 = ORIENTED_EDGE ( 'NONE', *, *, #1273, .F. ) ;
#3938 = ORIENTED_EDGE ( 'NONE', *, *, #1270, .T. ) ;
#3939 = ORIENTED_EDGE ( 'NONE', *, *, #1277, .F. ) ;
#3940 = ORIENTED_EDGE ( 'NONE', *, *, #1278, .T. ) ;
#3941 = ORIENTED_EDGE ( 'NONE', *, *, #1276, .F. ) ;
#3942 = ORIENTED_EDGE ( 'NONE', *, *, #1273, .T. ) ;
#3943 = ORIENTED_EDGE ( 'NONE', *, *, #1280, .F. ) ;
#3944 = ORIENTED_EDGE ( 'NONE', *, *, #1281, .T. ) ;
#3945 = ORIENTED_EDGE ( 'NONE', *, *, #1279, .F. ) ;
#3946 = ORIENTED_EDGE ( 'NONE', *, *, #1276, .T. ) ;
#3947 = ORIENTED_EDGE ( 'NONE', *, *, #1283, .F. ) ;
#3948 = ORIENTED_EDGE ( 'NONE', *, *, #1282, .T. ) ;
#3949 = ORIENTED_EDGE ( 'NONE', *, *, #1059, .F. ) ;
#3950 = ORIENTED_EDGE ( 'NONE', *, *, #1279, .T. ) ;
#3951 = ORIENTED_EDGE ( 'NONE', *, *, #1285, .T. ) ;
#3952 = ORIENTED_EDGE ( 'NONE', *, *, #1286, .F. ) ;
#3953 = ORIENTED_EDGE ( 'NONE', *, *, #1284, .F. ) ;
#3954 = ORIENTED_EDGE ( 'NONE', *, *, #1143, .F. ) ;
#3955 = ORIENTED_EDGE ( 'NONE', *, *, #1287, .F. ) ;
#3956 = ORIENTED_EDGE ( 'NONE', *, *, #1271, .F. ) ;
#3957 = ORIENTED_EDGE ( 'NONE', *, *, #1054, .T. ) ;
#3958 = ORIENTED_EDGE ( 'NONE', *, *, #1266, .T. ) ;
#3959 = ORIENTED_EDGE ( 'NONE', *, *, #747, .T. ) ;
#3960 = ORIENTED_EDGE ( 'NONE', *, *, #1136, .T. ) ;
#3961 = ORIENTED_EDGE ( 'NONE', *, *, #900, .T. ) ;
#3962 = ORIENTED_EDGE ( 'NONE', *, *, #1141, .F. ) ;
#3963 = ORIENTED_EDGE ( 'NONE', *, *, #1275, .F. ) ;
#3964 = ORIENTED_EDGE ( 'NONE', *, *, #1278, .F. ) ;
#3965 = ORIENTED_EDGE ( 'NONE', *, *, #1281, .F. ) ;
#3966 = ORIENTED_EDGE ( 'NONE', *, *, #1283, .T. ) ;
#3967 = ORIENTED_EDGE ( 'NONE', *, *, #1057, .F. ) ;
#3968 = ORIENTED_EDGE ( 'NONE', *, *, #1287, .T. ) ;
#3969 = ORIENTED_EDGE ( 'NONE', *, *, #1263, .F. ) ;
#3970 = ORIENTED_EDGE ( 'NONE', *, *, #1289, .F. ) ;
#3971 = ORIENTED_EDGE ( 'NONE', *, *, #1288, .F. ) ;
#3972 = ORIENTED_EDGE ( 'NONE', *, *, #774, .F. ) ;
#3973 = ORIENTED_EDGE ( 'NONE', *, *, #1285, .F. ) ;
#3974 = ORIENTED_EDGE ( 'NONE', *, *, #1290, .F. ) ;
#3975 = ORIENTED_EDGE ( 'NONE', *, *, #1282, .F. ) ;
#3976 = ORIENTED_EDGE ( 'NONE', *, *, #1056, .T. ) ;
#3977 = ORIENTED_EDGE ( 'NONE', *, *, #1280, .T. ) ;
#3978 = ORIENTED_EDGE ( 'NONE', *, *, #1277, .T. ) ;
#3979 = ORIENTED_EDGE ( 'NONE', *, *, #1274, .T. ) ;
#3980 = ORIENTED_EDGE ( 'NONE', *, *, #1268, .T. ) ;
#3981 = ORIENTED_EDGE ( 'NONE', *, *, #1286, .T. ) ;
#3982 = ORIENTED_EDGE ( 'NONE', *, *, #1267, .F. ) ;
#3983 = ORIENTED_EDGE ( 'NONE', *, *, #781, .F. ) ;
#3984 = ORIENTED_EDGE ( 'NONE', *, *, #1264, .T. ) ;
#3985 = ORIENTED_EDGE ( 'NONE', *, *, #895, .T. ) ;
#3986 = ORIENTED_EDGE ( 'NONE', *, *, #901, .T. ) ;
#3987 = ORIENTED_EDGE ( 'NONE', *, *, #1138, .T. ) ;
#3988 = ORIENTED_EDGE ( 'NONE', *, *, #1142, .F. ) ;
#3989 = ORIENTED_EDGE ( 'NONE', *, *, #1291, .T. ) ;
#3990 = ORIENTED_EDGE ( 'NONE', *, *, #6289, .T. ) ;
#3991 = ORIENTED_EDGE ( 'NONE', *, *, #1292, .T. ) ;
#3992 = ORIENTED_EDGE ( 'NONE', *, *, #1293, .T. ) ;
#3993 = ORIENTED_EDGE ( 'NONE', *, *, #753, .T. ) ;
#3994 = ORIENTED_EDGE ( 'NONE', *, *, #1272, .T. ) ;
#3995 = ORIENTED_EDGE ( 'NONE', *, *, #1139, .F. ) ;
#3996 = ORIENTED_EDGE ( 'NONE', *, *, #897, .T. ) ;
#3997 = ORIENTED_EDGE ( 'NONE', *, *, #1265, .T. ) ;
#3998 = ORIENTED_EDGE ( 'NONE', *, *, #1288, .T. ) ;
#3999 = ORIENTED_EDGE ( 'NONE', *, *, #1269, .F. ) ;
#4000 = ORIENTED_EDGE ( 'NONE', *, *, #1293, .F. ) ;
#4001 = ORIENTED_EDGE ( 'NONE', *, *, #795, .F. ) ;
#4002 = ORIENTED_EDGE ( 'NONE', *, *, #1292, .F. ) ;
#4003 = ORIENTED_EDGE ( 'NONE', *, *, #1294, .T. ) ;
#4004 = ORIENTED_EDGE ( 'NONE', *, *, #1284, .T. ) ;
#4005 = ORIENTED_EDGE ( 'NONE', *, *, #1289, .T. ) ;
#4006 = ORIENTED_EDGE ( 'NONE', *, *, #1290, .T. ) ;
#4007 = ORIENTED_EDGE ( 'NONE', *, *, #1294, .F. ) ;
#4008 = ORIENTED_EDGE ( 'NONE', *, *, #1291, .F. ) ;
#4009 = ORIENTED_EDGE ( 'NONE', *, *, #1296, .T. ) ;
#4010 = ORIENTED_EDGE ( 'NONE', *, *, #1046, .F. ) ;
#4011 = ORIENTED_EDGE ( 'NONE', *, *, #1295, .F. ) ;
#4012 = ORIENTED_EDGE ( 'NONE', *, *, #1297, .T. ) ;
#4013 = ORIENTED_EDGE ( 'NONE', *, *, #1049, .F. ) ;
#4014 = ORIENTED_EDGE ( 'NONE', *, *, #1297, .F. ) ;
#4015 = ORIENTED_EDGE ( 'NONE', *, *, #1298, .T. ) ;
#4016 = ORIENTED_EDGE ( 'NONE', *, *, #1050, .F. ) ;
#4017 = ORIENTED_EDGE ( 'NONE', *, *, #1299, .T. ) ;
#4018 = ORIENTED_EDGE ( 'NONE', *, *, #1299, .F. ) ;
#4019 = ORIENTED_EDGE ( 'NONE', *, *, #1300, .T. ) ;
#4020 = ORIENTED_EDGE ( 'NONE', *, *, #1051, .F. ) ;
#4021 = ORIENTED_EDGE ( 'NONE', *, *, #1301, .T. ) ;
#4022 = ORIENTED_EDGE ( 'NONE', *, *, #1301, .F. ) ;
#4023 = ORIENTED_EDGE ( 'NONE', *, *, #1302, .T. ) ;
#4024 = ORIENTED_EDGE ( 'NONE', *, *, #1052, .F. ) ;
#4025 = ORIENTED_EDGE ( 'NONE', *, *, #1303, .T. ) ;
#4026 = ORIENTED_EDGE ( 'NONE', *, *, #1303, .F. ) ;
#4027 = ORIENTED_EDGE ( 'NONE', *, *, #1304, .T. ) ;
#4028 = ORIENTED_EDGE ( 'NONE', *, *, #1053, .F. ) ;
#4029 = ORIENTED_EDGE ( 'NONE', *, *, #1305, .T. ) ;
#4030 = ORIENTED_EDGE ( 'NONE', *, *, #1305, .F. ) ;
#4031 = ORIENTED_EDGE ( 'NONE', *, *, #1306, .T. ) ;
#4032 = ORIENTED_EDGE ( 'NONE', *, *, #1055, .F. ) ;
#4033 = ORIENTED_EDGE ( 'NONE', *, *, #1307, .T. ) ;
#4034 = ORIENTED_EDGE ( 'NONE', *, *, #1307, .F. ) ;
#4035 = ORIENTED_EDGE ( 'NONE', *, *, #1308, .T. ) ;
#4036 = ORIENTED_EDGE ( 'NONE', *, *, #1048, .F. ) ;
#4037 = ORIENTED_EDGE ( 'NONE', *, *, #1309, .T. ) ;
#4038 = ORIENTED_EDGE ( 'NONE', *, *, #1309, .F. ) ;
#4039 = ORIENTED_EDGE ( 'NONE', *, *, #1310, .T. ) ;
#4040 = ORIENTED_EDGE ( 'NONE', *, *, #1306, .F. ) ;
#4041 = ORIENTED_EDGE ( 'NONE', *, *, #1295, .T. ) ;
#4042 = ORIENTED_EDGE ( 'NONE', *, *, #1296, .F. ) ;
#4043 = ORIENTED_EDGE ( 'NONE', *, *, #1310, .F. ) ;
#4044 = ORIENTED_EDGE ( 'NONE', *, *, #1308, .F. ) ;
#4045 = ORIENTED_EDGE ( 'NONE', *, *, #1304, .F. ) ;
#4046 = ORIENTED_EDGE ( 'NONE', *, *, #1302, .F. ) ;
#4047 = ORIENTED_EDGE ( 'NONE', *, *, #1300, .F. ) ;
#4048 = ORIENTED_EDGE ( 'NONE', *, *, #1298, .F. ) ;
#4049 = ORIENTED_EDGE ( 'NONE', *, *, #1312, .T. ) ;
#4050 = ORIENTED_EDGE ( 'NONE', *, *, #1058, .F. ) ;
#4051 = ORIENTED_EDGE ( 'NONE', *, *, #1311, .F. ) ;
#4052 = ORIENTED_EDGE ( 'NONE', *, *, #1313, .T. ) ;
#4053 = ORIENTED_EDGE ( 'NONE', *, *, #1061, .F. ) ;
#4054 = ORIENTED_EDGE ( 'NONE', *, *, #1313, .F. ) ;
#4055 = ORIENTED_EDGE ( 'NONE', *, *, #1314, .T. ) ;
#4056 = ORIENTED_EDGE ( 'NONE', *, *, #1062, .F. ) ;
#4057 = ORIENTED_EDGE ( 'NONE', *, *, #1315, .T. ) ;
#4058 = ORIENTED_EDGE ( 'NONE', *, *, #1315, .F. ) ;
#4059 = ORIENTED_EDGE ( 'NONE', *, *, #1316, .T. ) ;
#4060 = ORIENTED_EDGE ( 'NONE', *, *, #1063, .F. ) ;
#4061 = ORIENTED_EDGE ( 'NONE', *, *, #1317, .T. ) ;
#4062 = ORIENTED_EDGE ( 'NONE', *, *, #1317, .F. ) ;
#4063 = ORIENTED_EDGE ( 'NONE', *, *, #1318, .T. ) ;
#4064 = ORIENTED_EDGE ( 'NONE', *, *, #1064, .F. ) ;
#4065 = ORIENTED_EDGE ( 'NONE', *, *, #1319, .T. ) ;
#4066 = ORIENTED_EDGE ( 'NONE', *, *, #1319, .F. ) ;
#4067 = ORIENTED_EDGE ( 'NONE', *, *, #1320, .T. ) ;
#4068 = ORIENTED_EDGE ( 'NONE', *, *, #1065, .F. ) ;
#4069 = ORIENTED_EDGE ( 'NONE', *, *, #1321, .T. ) ;
#4070 = ORIENTED_EDGE ( 'NONE', *, *, #1321, .F. ) ;
#4071 = ORIENTED_EDGE ( 'NONE', *, *, #1322, .T. ) ;
#4072 = ORIENTED_EDGE ( 'NONE', *, *, #1066, .F. ) ;
#4073 = ORIENTED_EDGE ( 'NONE', *, *, #1323, .T. ) ;
#4074 = ORIENTED_EDGE ( 'NONE', *, *, #1323, .F. ) ;
#4075 = ORIENTED_EDGE ( 'NONE', *, *, #1324, .T. ) ;
#4076 = ORIENTED_EDGE ( 'NONE', *, *, #1067, .F. ) ;
#4077 = ORIENTED_EDGE ( 'NONE', *, *, #1325, .T. ) ;
#4078 = ORIENTED_EDGE ( 'NONE', *, *, #1325, .F. ) ;
#4079 = ORIENTED_EDGE ( 'NONE', *, *, #1326, .T. ) ;
#4080 = ORIENTED_EDGE ( 'NONE', *, *, #1068, .F. ) ;
#4081 = ORIENTED_EDGE ( 'NONE', *, *, #1327, .T. ) ;
#4082 = ORIENTED_EDGE ( 'NONE', *, *, #1327, .F. ) ;
#4083 = ORIENTED_EDGE ( 'NONE', *, *, #1328, .T. ) ;
#4084 = ORIENTED_EDGE ( 'NONE', *, *, #1069, .F. ) ;
#4085 = ORIENTED_EDGE ( 'NONE', *, *, #1329, .T. ) ;
#4086 = ORIENTED_EDGE ( 'NONE', *, *, #1329, .F. ) ;
#4087 = ORIENTED_EDGE ( 'NONE', *, *, #1330, .T. ) ;
#4088 = ORIENTED_EDGE ( 'NONE', *, *, #1071, .F. ) ;
#4089 = ORIENTED_EDGE ( 'NONE', *, *, #1331, .T. ) ;
#4090 = ORIENTED_EDGE ( 'NONE', *, *, #1331, .F. ) ;
#4091 = ORIENTED_EDGE ( 'NONE', *, *, #1332, .T. ) ;
#4092 = ORIENTED_EDGE ( 'NONE', *, *, #1060, .F. ) ;
#4093 = ORIENTED_EDGE ( 'NONE', *, *, #1333, .T. ) ;
#4094 = ORIENTED_EDGE ( 'NONE', *, *, #1333, .F. ) ;
#4095 = ORIENTED_EDGE ( 'NONE', *, *, #1334, .T. ) ;
#4096 = ORIENTED_EDGE ( 'NONE', *, *, #1330, .F. ) ;
#4097 = ORIENTED_EDGE ( 'NONE', *, *, #1311, .T. ) ;
#4098 = ORIENTED_EDGE ( 'NONE', *, *, #1312, .F. ) ;
#4099 = ORIENTED_EDGE ( 'NONE', *, *, #1334, .F. ) ;
#4100 = ORIENTED_EDGE ( 'NONE', *, *, #1332, .F. ) ;
#4101 = ORIENTED_EDGE ( 'NONE', *, *, #1328, .F. ) ;
#4102 = ORIENTED_EDGE ( 'NONE', *, *, #1326, .F. ) ;
#4103 = ORIENTED_EDGE ( 'NONE', *, *, #1324, .F. ) ;
#4104 = ORIENTED_EDGE ( 'NONE', *, *, #1322, .F. ) ;
#4105 = ORIENTED_EDGE ( 'NONE', *, *, #1320, .F. ) ;
#4106 = ORIENTED_EDGE ( 'NONE', *, *, #1318, .F. ) ;
#4107 = ORIENTED_EDGE ( 'NONE', *, *, #1316, .F. ) ;
#4108 = ORIENTED_EDGE ( 'NONE', *, *, #1314, .F. ) ;
#4109 = ORIENTED_EDGE ( 'NONE', *, *, #1336, .T. ) ;
#4110 = ORIENTED_EDGE ( 'NONE', *, *, #939, .F. ) ;
#4111 = ORIENTED_EDGE ( 'NONE', *, *, #1335, .F. ) ;
#4112 = ORIENTED_EDGE ( 'NONE', *, *, #1337, .T. ) ;
#4113 = ORIENTED_EDGE ( 'NONE', *, *, #2439, .F. ) ;
#4114 = ORIENTED_EDGE ( 'NONE', *, *, #1337, .F. ) ;
#4115 = ORIENTED_EDGE ( 'NONE', *, *, #1338, .T. ) ;
#4116 = ORIENTED_EDGE ( 'NONE', *, *, #891, .F. ) ;
#4117 = ORIENTED_EDGE ( 'NONE', *, *, #1339, .T. ) ;
#4118 = ORIENTED_EDGE ( 'NONE', *, *, #1339, .F. ) ;
#4119 = ORIENTED_EDGE ( 'NONE', *, *, #1340, .T. ) ;
#4120 = ORIENTED_EDGE ( 'NONE', *, *, #1043, .F. ) ;
#4121 = ORIENTED_EDGE ( 'NONE', *, *, #1341, .T. ) ;
#4122 = ORIENTED_EDGE ( 'NONE', *, *, #1341, .F. ) ;
#4123 = ORIENTED_EDGE ( 'NONE', *, *, #1342, .T. ) ;
#4124 = ORIENTED_EDGE ( 'NONE', *, *, #1044, .F. ) ;
#4125 = ORIENTED_EDGE ( 'NONE', *, *, #1343, .T. ) ;
#4126 = ORIENTED_EDGE ( 'NONE', *, *, #1343, .F. ) ;
#4127 = ORIENTED_EDGE ( 'NONE', *, *, #1344, .T. ) ;
#4128 = ORIENTED_EDGE ( 'NONE', *, *, #1045, .F. ) ;
#4129 = ORIENTED_EDGE ( 'NONE', *, *, #1345, .T. ) ;
#4130 = ORIENTED_EDGE ( 'NONE', *, *, #1345, .F. ) ;
#4131 = ORIENTED_EDGE ( 'NONE', *, *, #1346, .T. ) ;
#4132 = ORIENTED_EDGE ( 'NONE', *, *, #1047, .F. ) ;
#4133 = ORIENTED_EDGE ( 'NONE', *, *, #1347, .T. ) ;
#4134 = ORIENTED_EDGE ( 'NONE', *, *, #1347, .F. ) ;
#4135 = ORIENTED_EDGE ( 'NONE', *, *, #1348, .T. ) ;
#4136 = ORIENTED_EDGE ( 'NONE', *, *, #1042, .F. ) ;
#4137 = ORIENTED_EDGE ( 'NONE', *, *, #2304, .T. ) ;
#4138 = EDGE_LOOP ( 'NONE', ( #3325, #3331, #3328, #3329 ) ) ;
#4139 = EDGE_LOOP ( 'NONE', ( #3323, #3333, #3332, #3334 ) ) ;
#4140 = EDGE_LOOP ( 'NONE', ( #3351, #3353, #3352, #3354, #3355, #3356, #3357, #3358, #3359, #3360 ) ) ;
#4141 = EDGE_LOOP ( 'NONE', ( #3339, #3342, #3340, #3341, #3343, #3344, #3345, #3346, #3347, #3348, #3349, #3350 ) ) ;
#4142 = EDGE_LOOP ( 'NONE', ( #3330, #3326, #3327, #3324 ) ) ;
#4143 = EDGE_LOOP ( 'NONE', ( #3361, #3363, #3362, #3364, #3365, #3366, #3367, #3368, #3369, #3370 ) ) ;
#4144 = EDGE_LOOP ( 'NONE', ( #3335, #3337, #3336, #3338 ) ) ;
#4145 = EDGE_LOOP ( 'NONE', ( #3371, #3373, #3372, #3374, #3375, #3376 ) ) ;
#4146 = EDGE_LOOP ( 'NONE', ( #3517, #3518, #3516, #3519, #1578, #3527, #3528, #3529 ) ) ;
#4147 = EDGE_LOOP ( 'NONE', ( #3530, #3532, #3531, #3533, #3534, #3535, #3536, #3537 ) ) ;
#4148 = EDGE_LOOP ( 'NONE', ( #3538, #3540, #3539, #3541 ) ) ;
#4149 = EDGE_LOOP ( 'NONE', ( #3554, #3556, #3555, #3557, #3558, #3559, #3560, #3561, #3562, #3563, #3564 ) ) ;
#4150 = EDGE_LOOP ( 'NONE', ( #3573, #3575, #3574, #3576, #3577, #3578, #3579, #3580, #3581, #3582, #3583, #3584, #3585, #3586, #3587, #3588, #3589, #3590, #3591 ) ) ;
#4151 = EDGE_LOOP ( 'NONE', ( #3542, #3544, #3543, #3545, #3546, #3547, #3548, #3549, #3550, #3551, #3552, #3553 ) ) ;
#4152 = EDGE_LOOP ( 'NONE', ( #3592, #3594, #3593, #3595, #3596, #3597, #3598, #3599 ) ) ;
#4153 = EDGE_LOOP ( 'NONE', ( #3565, #3567, #3566, #3568, #3569, #3570, #3571, #3572 ) ) ;
#4154 = EDGE_LOOP ( 'NONE', ( #3600, #3602, #3601, #3603, #3604, #3605, #3606, #3607, #3608, #3609, #3610, #3611, #3612, #3613, #3614, #3615, #3616, #3617, #3618 ) ) ;
#4155 = EDGE_LOOP ( 'NONE', ( #3619, #3621, #3620, #3622 ) ) ;
#4156 = EDGE_LOOP ( 'NONE', ( #3623, #3625, #3624, #3626 ) ) ;
#4157 = EDGE_LOOP ( 'NONE', ( #3627, #3629, #3628, #3920 ) ) ;
#4158 = EDGE_LOOP ( 'NONE', ( #3922, #3923, #3921, #3924 ) ) ;
#4159 = EDGE_LOOP ( 'NONE', ( #3926, #3927, #3925, #3928 ) ) ;
#4160 = EDGE_LOOP ( 'NONE', ( #3929, #3931, #3930, #3932, #3933, #3934 ) ) ;
#4161 = EDGE_LOOP ( 'NONE', ( #3935, #3937, #3936, #3938 ) ) ;
#4162 = EDGE_LOOP ( 'NONE', ( #3939, #3941, #3940, #3942 ) ) ;
#4163 = EDGE_LOOP ( 'NONE', ( #3943, #3945, #3944, #3946 ) ) ;
#4164 = EDGE_LOOP ( 'NONE', ( #3948, #3949, #3947, #3950 ) ) ;
#4165 = EDGE_LOOP ( 'NONE', ( #3951, #3953, #3952, #3954, #3955, #3957 ) ) ;
#4166 = EDGE_LOOP ( 'NONE', ( #3958, #3959 ) ) ;
#4167 = EDGE_LOOP ( 'NONE', ( #3960, #3961, #3962, #3956, #3963, #3964, #3965, #3966, #3967, #3968, #3969 ) ) ;
#4168 = EDGE_LOOP ( 'NONE', ( #3971, #3972, #3970, #3974, #3973, #3976, #3975, #3977, #3978, #3979, #3980 ) ) ;
#4169 = EDGE_LOOP ( 'NONE', ( #3982, #3983 ) ) ;
#4170 = EDGE_LOOP ( 'NONE', ( #3984, #3985 ) ) ;
#4171 = EDGE_LOOP ( 'NONE', ( #3986, #3987, #3988, #3981, #3989, #3991, #3990, #3992, #3994, #3995 ) ) ;
#4172 = EDGE_LOOP ( 'NONE', ( #3996, #3997 ) ) ;
#4173 = EDGE_LOOP ( 'NONE', ( #3998, #3999, #4000, #3993 ) ) ;
#4174 = EDGE_LOOP ( 'NONE', ( #4001, #4002, #4003, #4005 ) ) ;
#4175 = EDGE_LOOP ( 'NONE', ( #4006, #4007, #4008, #4004 ) ) ;
#4176 = EDGE_LOOP ( 'NONE', ( #4010, #4011, #4009, #4012 ) ) ;
#4177 = EDGE_LOOP ( 'NONE', ( #4013, #4014, #4015, #4017 ) ) ;
#4178 = EDGE_LOOP ( 'NONE', ( #4016, #4018, #4019, #4021 ) ) ;
#4179 = EDGE_LOOP ( 'NONE', ( #4020, #4022, #4023, #4025 ) ) ;
#4180 = EDGE_LOOP ( 'NONE', ( #4024, #4026, #4027, #4029 ) ) ;
#4181 = EDGE_LOOP ( 'NONE', ( #4028, #4030, #4031, #4033 ) ) ;
#4182 = EDGE_LOOP ( 'NONE', ( #4032, #4034, #4035, #4037 ) ) ;
#4183 = EDGE_LOOP ( 'NONE', ( #4036, #4038, #4039, #4041 ) ) ;
#4184 = EDGE_LOOP ( 'NONE', ( #4042, #4043, #4044, #4040, #4045, #4046, #4047, #4048 ) ) ;
#4185 = EDGE_LOOP ( 'NONE', ( #4050, #4051, #4049, #4052 ) ) ;
#4186 = EDGE_LOOP ( 'NONE', ( #4053, #4054, #4055, #4057 ) ) ;
#4187 = EDGE_LOOP ( 'NONE', ( #4056, #4058, #4059, #4061 ) ) ;
#4188 = EDGE_LOOP ( 'NONE', ( #4060, #4062, #4063, #4065 ) ) ;
#4189 = EDGE_LOOP ( 'NONE', ( #4064, #4066, #4067, #4069 ) ) ;
#4190 = EDGE_LOOP ( 'NONE', ( #4068, #4070, #4071, #4073 ) ) ;
#4191 = EDGE_LOOP ( 'NONE', ( #4072, #4074, #4075, #4077 ) ) ;
#4192 = EDGE_LOOP ( 'NONE', ( #4076, #4078, #4079, #4081 ) ) ;
#4193 = EDGE_LOOP ( 'NONE', ( #4080, #4082, #4083, #4085 ) ) ;
#4194 = EDGE_LOOP ( 'NONE', ( #4084, #4086, #4087, #4089 ) ) ;
#4195 = EDGE_LOOP ( 'NONE', ( #4088, #4090, #4091, #4093 ) ) ;
#4196 = EDGE_LOOP ( 'NONE', ( #4092, #4094, #4095, #4097 ) ) ;
#4197 = EDGE_LOOP ( 'NONE', ( #4098, #4099, #4100, #4096, #4101, #4102, #4103, #4104, #4105, #4106, #4107, #4108 ) ) ;
#4198 = EDGE_LOOP ( 'NONE', ( #4110, #4111, #4109, #4112 ) ) ;
#4199 = EDGE_LOOP ( 'NONE', ( #4113, #4114, #4115, #4117 ) ) ;
#4200 = EDGE_LOOP ( 'NONE', ( #4116, #4118, #4119, #4121 ) ) ;
#4201 = EDGE_LOOP ( 'NONE', ( #4120, #4122, #4123, #4125 ) ) ;
#4202 = EDGE_LOOP ( 'NONE', ( #4124, #4126, #4127, #4129 ) ) ;
#4203 = EDGE_LOOP ( 'NONE', ( #4128, #4130, #4131, #4133 ) ) ;
#4204 = EDGE_LOOP ( 'NONE', ( #4132, #4134, #4135, #4137 ) ) ;
#4205 = EDGE_LOOP ( 'NONE', ( #4136, #3096, #3097, #3098 ) ) ;
#4206 = EDGE_LOOP ( 'NONE', ( #3099, #3101, #3100, #3102 ) ) ;
#4207 = EDGE_LOOP ( 'NONE', ( #3105, #3104, #3106, #3103, #3107, #3108, #3109, #3110 ) ) ;
#4208 = EDGE_LOOP ( 'NONE', ( #3111, #3113, #3112, #3114 ) ) ;
#4209 = EDGE_LOOP ( 'NONE', ( #3115, #3117, #3116, #3118 ) ) ;
#4210 = EDGE_LOOP ( 'NONE', ( #3119, #3121, #3120, #3123 ) ) ;
#4211 = EDGE_LOOP ( 'NONE', ( #3124, #3126, #3122, #3125 ) ) ;
#4212 = EDGE_LOOP ( 'NONE', ( #3128, #3129, #3130, #3127 ) ) ;
#4213 = EDGE_LOOP ( 'NONE', ( #3132, #3133, #3131, #3134 ) ) ;
#4214 = EDGE_LOOP ( 'NONE', ( #3135, #3136, #3137, #3139 ) ) ;
#4215 = EDGE_LOOP ( 'NONE', ( #3138, #3140, #3141, #3143 ) ) ;
#4216 = EDGE_LOOP ( 'NONE', ( #3142, #3144, #3145, #3147 ) ) ;
#4217 = EDGE_LOOP ( 'NONE', ( #3146, #3148, #3149, #3151 ) ) ;
#4218 = EDGE_LOOP ( 'NONE', ( #3150, #3152, #3153, #3155 ) ) ;
#4219 = EDGE_LOOP ( 'NONE', ( #3154, #3156, #3157, #3159 ) ) ;
#4220 = VERTEX_POINT ( 'NONE', #9964 ) ;
#4221 = VERTEX_POINT ( 'NONE', #9965 ) ;
#4222 = VERTEX_POINT ( 'NONE', #9966 ) ;
#4223 = VERTEX_POINT ( 'NONE', #9967 ) ;
#4224 = VERTEX_POINT ( 'NONE', #9968 ) ;
#4225 = VERTEX_POINT ( 'NONE', #9969 ) ;
#4226 = VERTEX_POINT ( 'NONE', #9970 ) ;
#4227 = VERTEX_POINT ( 'NONE', #9971 ) ;
#4228 = VERTEX_POINT ( 'NONE', #9972 ) ;
#4229 = VERTEX_POINT ( 'NONE', #9973 ) ;
#4230 = VERTEX_POINT ( 'NONE', #9974 ) ;
#4231 = VERTEX_POINT ( 'NONE', #9975 ) ;
#4232 = VERTEX_POINT ( 'NONE', #9976 ) ;
#4233 = VERTEX_POINT ( 'NONE', #9977 ) ;
#4234 = VERTEX_POINT ( 'NONE', #9978 ) ;
#4235 = VERTEX_POINT ( 'NONE', #9979 ) ;
#4236 = VERTEX_POINT ( 'NONE', #9980 ) ;
#4237 = VERTEX_POINT ( 'NONE', #9981 ) ;
#4238 = VERTEX_POINT ( 'NONE', #9982 ) ;
#4239 = VERTEX_POINT ( 'NONE', #9983 ) ;
#4240 = VERTEX_POINT ( 'NONE', #9984 ) ;
#4241 = VERTEX_POINT ( 'NONE', #9985 ) ;
#4242 = VERTEX_POINT ( 'NONE', #9986 ) ;
#4243 = VERTEX_POINT ( 'NONE', #9987 ) ;
#4244 = VERTEX_POINT ( 'NONE', #9988 ) ;
#4245 = VERTEX_POINT ( 'NONE', #9989 ) ;
#4246 = VERTEX_POINT ( 'NONE', #9990 ) ;
#4247 = VERTEX_POINT ( 'NONE', #9991 ) ;
#4248 = VERTEX_POINT ( 'NONE', #9992 ) ;
#4249 = VERTEX_POINT ( 'NONE', #9993 ) ;
#4250 = VERTEX_POINT ( 'NONE', #9994 ) ;
#4251 = VERTEX_POINT ( 'NONE', #9995 ) ;
#4252 = VERTEX_POINT ( 'NONE', #9996 ) ;
#4253 = VERTEX_POINT ( 'NONE', #9997 ) ;
#4254 = VERTEX_POINT ( 'NONE', #9998 ) ;
#4255 = VERTEX_POINT ( 'NONE', #9999 ) ;
#4256 = VERTEX_POINT ( 'NONE', #10000 ) ;
#4257 = VERTEX_POINT ( 'NONE', #10001 ) ;
#4258 = VERTEX_POINT ( 'NONE', #10002 ) ;
#4259 = VERTEX_POINT ( 'NONE', #10003 ) ;
#4260 = VERTEX_POINT ( 'NONE', #10004 ) ;
#4261 = VERTEX_POINT ( 'NONE', #10005 ) ;
#4262 = VERTEX_POINT ( 'NONE', #10006 ) ;
#4263 = VERTEX_POINT ( 'NONE', #10007 ) ;
#4264 = VERTEX_POINT ( 'NONE', #10008 ) ;
#4265 = VERTEX_POINT ( 'NONE', #10009 ) ;
#4266 = VERTEX_POINT ( 'NONE', #10010 ) ;
#4267 = VERTEX_POINT ( 'NONE', #10011 ) ;
#4268 = VERTEX_POINT ( 'NONE', #10012 ) ;
#4269 = VERTEX_POINT ( 'NONE', #10013 ) ;
#4270 = VERTEX_POINT ( 'NONE', #10014 ) ;
#4271 = VERTEX_POINT ( 'NONE', #10015 ) ;
#4272 = VERTEX_POINT ( 'NONE', #10016 ) ;
#4273 = VERTEX_POINT ( 'NONE', #10017 ) ;
#4274 = VERTEX_POINT ( 'NONE', #10018 ) ;
#4275 = VERTEX_POINT ( 'NONE', #10019 ) ;
#4276 = VERTEX_POINT ( 'NONE', #10020 ) ;
#4277 = VERTEX_POINT ( 'NONE', #10021 ) ;
#4278 = VERTEX_POINT ( 'NONE', #10022 ) ;
#4279 = VERTEX_POINT ( 'NONE', #10023 ) ;
#4280 = VERTEX_POINT ( 'NONE', #10024 ) ;
#4281 = VERTEX_POINT ( 'NONE', #10025 ) ;
#4282 = LINE ( 'NONE', #2752, #438 ) ;
#4283 = FACE_OUTER_BOUND ( 'NONE', #1559, .T. ) ;
#4284 = LINE ( 'NONE', #2754, #439 ) ;
#4285 = LINE ( 'NONE', #2756, #409 ) ;
#4286 = LINE ( 'NONE', #2769, #411 ) ;
#4287 = FACE_OUTER_BOUND ( 'NONE', #1568, .T. ) ;
#4288 = FACE_OUTER_BOUND ( 'NONE', #1558, .T. ) ;
#4289 = FACE_OUTER_BOUND ( 'NONE', #1557, .T. ) ;
#4290 = FACE_OUTER_BOUND ( 'NONE', #1560, .T. ) ;
#4291 = FACE_OUTER_BOUND ( 'NONE', #1475, .T. ) ;
#4292 = LINE ( 'NONE', #2849, #414 ) ;
#4293 = LINE ( 'NONE', #2851, #401 ) ;
#4294 = LINE ( 'NONE', #2864, #402 ) ;
#4295 = LINE ( 'NONE', #2866, #404 ) ;
#4296 = FACE_OUTER_BOUND ( 'NONE', #3057, .T. ) ;
#4297 = FACE_OUTER_BOUND ( 'NONE', #3056, .T. ) ;
#4298 = FACE_OUTER_BOUND ( 'NONE', #1723, .T. ) ;
#4299 = LINE ( 'NONE', #2932, #452 ) ;
#4300 = LINE ( 'NONE', #2934, #453 ) ;
#4301 = FACE_OUTER_BOUND ( 'NONE', #3088, .T. ) ;
#4302 = LINE ( 'NONE', #2985, #454 ) ;
#4303 = LINE ( 'NONE', #2987, #455 ) ;
#4304 = LINE ( 'NONE', #2989, #457 ) ;
#4305 = LINE ( 'NONE', #2991, #458 ) ;
#4306 = LINE ( 'NONE', #3004, #459 ) ;
#4307 = LINE ( 'NONE', #3025, #460 ) ;
#4308 = FACE_OUTER_BOUND ( 'NONE', #1563, .T. ) ;
#4309 = FACE_OUTER_BOUND ( 'NONE', #1562, .T. ) ;
#4310 = LINE ( 'NONE', #2021, #461 ) ;
#4311 = FACE_OUTER_BOUND ( 'NONE', #1573, .T. ) ;
#4312 = LINE ( 'NONE', #2023, #462 ) ;
#4313 = FACE_OUTER_BOUND ( 'NONE', #1473, .T. ) ;
#4314 = LINE ( 'NONE', #2078, #463 ) ;
#4315 = LINE ( 'NONE', #2080, #464 ) ;
#4316 = LINE ( 'NONE', #2101, #415 ) ;
#4317 = LINE ( 'NONE', #2137, #416 ) ;
#4318 = LINE ( 'NONE', #2139, #417 ) ;
#4319 = LINE ( 'NONE', #2160, #418 ) ;
#4320 = LINE ( 'NONE', #2162, #419 ) ;
#4321 = LINE ( 'NONE', #2164, #420 ) ;
#4322 = LINE ( 'NONE', #2166, #421 ) ;
#4323 = LINE ( 'NONE', #2168, #422 ) ;
#4324 = LINE ( 'NONE', #2170, #423 ) ;
#4325 = LINE ( 'NONE', #2172, #425 ) ;
#4326 = LINE ( 'NONE', #2174, #426 ) ;
#4327 = LINE ( 'NONE', #2176, #428 ) ;
#4328 = LINE ( 'NONE', #2197, #469 ) ;
#4329 = FACE_OUTER_BOUND ( 'NONE', #1575, .T. ) ;
#4330 = FACE_OUTER_BOUND ( 'NONE', #1474, .T. ) ;
#4331 = FACE_OUTER_BOUND ( 'NONE', #1567, .T. ) ;
#4332 = LINE ( 'NONE', #2248, #470 ) ;
#4333 = LINE ( 'NONE', #2250, #471 ) ;
#4334 = FACE_OUTER_BOUND ( 'NONE', #1571, .T. ) ;
#4335 = LINE ( 'NONE', #2274, #472 ) ;
#4336 = LINE ( 'NONE', #2279, #431 ) ;
#4337 = LINE ( 'NONE', #2281, #432 ) ;
#4338 = LINE ( 'NONE', #2283, #448 ) ;
#4339 = LINE ( 'NONE', #2285, #449 ) ;
#4340 = LINE ( 'NONE', #2298, #450 ) ;
#4341 = LINE ( 'NONE', #2300, #405 ) ;
#4342 = FACE_OUTER_BOUND ( 'NONE', #1569, .T. ) ;
#4343 = LINE ( 'NONE', #2509, #406 ) ;
#4344 = LINE ( 'NONE', #2522, #407 ) ;
#4345 = LINE ( 'NONE', #2524, #408 ) ;
#4346 = FACE_OUTER_BOUND ( 'NONE', #1564, .T. ) ;
#4347 = FACE_OUTER_BOUND ( 'NONE', #1565, .T. ) ;
#4348 = LINE ( 'NONE', #2581, #465 ) ;
#4349 = FACE_OUTER_BOUND ( 'NONE', #1722, .T. ) ;
#4350 = LINE ( 'NONE', #2635, #466 ) ;
#4351 = LINE ( 'NONE', #2637, #467 ) ;
#4352 = LINE ( 'NONE', #2639, #440 ) ;
#4353 = LINE ( 'NONE', #2644, #442 ) ;
#4354 = LINE ( 'NONE', #2646, #444 ) ;
#4355 = FACE_OUTER_BOUND ( 'NONE', #1572, .T. ) ;
#4356 = LINE ( 'NONE', #2681, #445 ) ;
#4357 = LINE ( 'NONE', #2705, #433 ) ;
#4358 = LINE ( 'NONE', #2729, #434 ) ;
#4359 = LINE ( 'NONE', #2750, #435 ) ;
#4360 = LINE ( 'NONE', #4734, #436 ) ;
#4361 = LINE ( 'NONE', #4736, #271 ) ;
#4362 = FACE_OUTER_BOUND ( 'NONE', #1570, .T. ) ;
#4363 = FACE_OUTER_BOUND ( 'NONE', #1472, .T. ) ;
#4364 = LINE ( 'NONE', #4798, #304 ) ;
#4365 = LINE ( 'NONE', #4806, #307 ) ;
#4366 = LINE ( 'NONE', #4800, #305 ) ;
#4367 = FACE_OUTER_BOUND ( 'NONE', #1576, .T. ) ;
#4368 = LINE ( 'NONE', #4808, #308 ) ;
#4369 = LINE ( 'NONE', #4810, #310 ) ;
#4370 = LINE ( 'NONE', #4819, #311 ) ;
#4371 = LINE ( 'NONE', #4821, #313 ) ;
#4372 = LINE ( 'NONE', #4823, #314 ) ;
#4373 = FACE_OUTER_BOUND ( 'NONE', #1574, .T. ) ;
#4374 = LINE ( 'NONE', #4863, #316 ) ;
#4375 = FACE_OUTER_BOUND ( 'NONE', #1566, .T. ) ;
#4376 = FACE_OUTER_BOUND ( 'NONE', #1561, .T. ) ;
#4377 = FACE_OUTER_BOUND ( 'NONE', #1577, .T. ) ;
#4378 = FACE_OUTER_BOUND ( 'NONE', #1555, .T. ) ;
#4379 = FACE_OUTER_BOUND ( 'NONE', #1556, .T. ) ;
#4380 = FACE_OUTER_BOUND ( 'NONE', #1554, .T. ) ;
#4381 = FACE_OUTER_BOUND ( 'NONE', #1553, .T. ) ;
#4382 = FACE_OUTER_BOUND ( 'NONE', #1552, .T. ) ;
#4383 = FACE_OUTER_BOUND ( 'NONE', #1551, .T. ) ;
#4384 = FACE_OUTER_BOUND ( 'NONE', #1550, .T. ) ;
#4385 = FACE_OUTER_BOUND ( 'NONE', #1549, .T. ) ;
#4386 = FACE_OUTER_BOUND ( 'NONE', #1548, .T. ) ;
#4387 = FACE_OUTER_BOUND ( 'NONE', #1547, .T. ) ;
#4388 = FACE_OUTER_BOUND ( 'NONE', #1546, .T. ) ;
#4389 = FACE_BOUND ( 'NONE', #1544, .T. ) ;
#4390 = FACE_OUTER_BOUND ( 'NONE', #1545, .T. ) ;
#4391 = FACE_OUTER_BOUND ( 'NONE', #1543, .T. ) ;
#4392 = FACE_OUTER_BOUND ( 'NONE', #1542, .T. ) ;
#4393 = FACE_OUTER_BOUND ( 'NONE', #1541, .T. ) ;
#4394 = FACE_OUTER_BOUND ( 'NONE', #1540, .T. ) ;
#4395 = FACE_OUTER_BOUND ( 'NONE', #1539, .T. ) ;
#4396 = FACE_OUTER_BOUND ( 'NONE', #1538, .T. ) ;
#4397 = FACE_OUTER_BOUND ( 'NONE', #1537, .T. ) ;
#4398 = FACE_OUTER_BOUND ( 'NONE', #1536, .T. ) ;
#4399 = FACE_OUTER_BOUND ( 'NONE', #1535, .T. ) ;
#4400 = FACE_OUTER_BOUND ( 'NONE', #1534, .T. ) ;
#4401 = FACE_OUTER_BOUND ( 'NONE', #1533, .T. ) ;
#4402 = FACE_OUTER_BOUND ( 'NONE', #1532, .T. ) ;
#4403 = FACE_OUTER_BOUND ( 'NONE', #1531, .T. ) ;
#4404 = FACE_OUTER_BOUND ( 'NONE', #1530, .T. ) ;
#4405 = FACE_OUTER_BOUND ( 'NONE', #1465, .T. ) ;
#4406 = FACE_OUTER_BOUND ( 'NONE', #1471, .T. ) ;
#4407 = FACE_BOUND ( 'NONE', #1468, .T. ) ;
#4408 = FACE_BOUND ( 'NONE', #1469, .T. ) ;
#4409 = FACE_OUTER_BOUND ( 'NONE', #1470, .T. ) ;
#4410 = FACE_OUTER_BOUND ( 'NONE', #1466, .T. ) ;
#4411 = FACE_OUTER_BOUND ( 'NONE', #1467, .T. ) ;
#4412 = FACE_OUTER_BOUND ( 'NONE', #4142, .T. ) ;
#4413 = CYLINDRICAL_SURFACE ( 'NONE', #282, 0.1325000000000000300 ) ;
#4414 = FACE_OUTER_BOUND ( 'NONE', #4138, .T. ) ;
#4415 = CYLINDRICAL_SURFACE ( 'NONE', #328, 0.2814999999999999700 ) ;
#4416 = FACE_OUTER_BOUND ( 'NONE', #1431, .T. ) ;
#4417 = FACE_OUTER_BOUND ( 'NONE', #1430, .T. ) ;
#4418 = FACE_OUTER_BOUND ( 'NONE', #1429, .T. ) ;
#4419 = FACE_BOUND ( 'NONE', #1427, .T. ) ;
#4420 = FACE_OUTER_BOUND ( 'NONE', #1428, .T. ) ;
#4421 = FACE_OUTER_BOUND ( 'NONE', #1426, .T. ) ;
#4422 = FACE_OUTER_BOUND ( 'NONE', #1425, .T. ) ;
#4423 = FACE_OUTER_BOUND ( 'NONE', #1424, .T. ) ;
#4424 = FACE_OUTER_BOUND ( 'NONE', #1423, .T. ) ;
#4425 = FACE_OUTER_BOUND ( 'NONE', #4219, .T. ) ;
#4426 = FACE_OUTER_BOUND ( 'NONE', #4218, .T. ) ;
#4427 = FACE_OUTER_BOUND ( 'NONE', #4217, .T. ) ;
#4428 = FACE_OUTER_BOUND ( 'NONE', #4216, .T. ) ;
#4429 = FACE_OUTER_BOUND ( 'NONE', #4215, .T. ) ;
#4430 = FACE_OUTER_BOUND ( 'NONE', #4214, .T. ) ;
#4431 = FACE_OUTER_BOUND ( 'NONE', #4213, .T. ) ;
#4432 = FACE_OUTER_BOUND ( 'NONE', #4212, .T. ) ;
#4433 = FACE_OUTER_BOUND ( 'NONE', #4211, .T. ) ;
#4434 = FACE_OUTER_BOUND ( 'NONE', #4210, .T. ) ;
#4435 = FACE_OUTER_BOUND ( 'NONE', #4209, .T. ) ;
#4436 = FACE_OUTER_BOUND ( 'NONE', #4208, .T. ) ;
#4437 = FACE_BOUND ( 'NONE', #4206, .T. ) ;
#4438 = FACE_OUTER_BOUND ( 'NONE', #4207, .T. ) ;
#4439 = FACE_OUTER_BOUND ( 'NONE', #4205, .T. ) ;
#4440 = FACE_OUTER_BOUND ( 'NONE', #4204, .T. ) ;
#4441 = FACE_OUTER_BOUND ( 'NONE', #1501, .T. ) ;
#4442 = FACE_OUTER_BOUND ( 'NONE', #1500, .T. ) ;
#4443 = FACE_OUTER_BOUND ( 'NONE', #1499, .T. ) ;
#4444 = FACE_OUTER_BOUND ( 'NONE', #1498, .T. ) ;
#4445 = FACE_OUTER_BOUND ( 'NONE', #1497, .T. ) ;
#4446 = FACE_OUTER_BOUND ( 'NONE', #1496, .T. ) ;
#4447 = FACE_OUTER_BOUND ( 'NONE', #1495, .T. ) ;
#4448 = FACE_OUTER_BOUND ( 'NONE', #1494, .T. ) ;
#4449 = FACE_OUTER_BOUND ( 'NONE', #1493, .T. ) ;
#4450 = FACE_OUTER_BOUND ( 'NONE', #1492, .T. ) ;
#4451 = FACE_OUTER_BOUND ( 'NONE', #1491, .T. ) ;
#4452 = FACE_OUTER_BOUND ( 'NONE', #1490, .T. ) ;
#4453 = FACE_OUTER_BOUND ( 'NONE', #1489, .T. ) ;
#4454 = FACE_OUTER_BOUND ( 'NONE', #1488, .T. ) ;
#4455 = FACE_OUTER_BOUND ( 'NONE', #1487, .T. ) ;
#4456 = FACE_OUTER_BOUND ( 'NONE', #1486, .T. ) ;
#4457 = FACE_OUTER_BOUND ( 'NONE', #1485, .T. ) ;
#4458 = FACE_OUTER_BOUND ( 'NONE', #1484, .T. ) ;
#4459 = FACE_OUTER_BOUND ( 'NONE', #1483, .T. ) ;
#4460 = FACE_OUTER_BOUND ( 'NONE', #1482, .T. ) ;
#4461 = FACE_OUTER_BOUND ( 'NONE', #1481, .T. ) ;
#4462 = FACE_OUTER_BOUND ( 'NONE', #1480, .T. ) ;
#4463 = FACE_OUTER_BOUND ( 'NONE', #1479, .T. ) ;
#4464 = FACE_OUTER_BOUND ( 'NONE', #1478, .T. ) ;
#4465 = FACE_OUTER_BOUND ( 'NONE', #1477, .T. ) ;
#4466 = FACE_OUTER_BOUND ( 'NONE', #1476, .T. ) ;
#4467 = FACE_OUTER_BOUND ( 'NONE', #1448, .T. ) ;
#4468 = FACE_OUTER_BOUND ( 'NONE', #4187, .T. ) ;
#4469 = LINE ( 'NONE', #5848, #263 ) ;
#4470 = LINE ( 'NONE', #5853, #265 ) ;
#4471 = LINE ( 'NONE', #5855, #267 ) ;
#4472 = LINE ( 'NONE', #5863, #365 ) ;
#4473 = LINE ( 'NONE', #5865, #366 ) ;
#4474 = LINE ( 'NONE', #5867, #367 ) ;
#4475 = LINE ( 'NONE', #5869, #368 ) ;
#4476 = LINE ( 'NONE', #5871, #253 ) ;
#4477 = LINE ( 'NONE', #5873, #254 ) ;
#4478 = LINE ( 'NONE', #5875, #255 ) ;
#4479 = LINE ( 'NONE', #5877, #344 ) ;
#4480 = LINE ( 'NONE', #5899, #345 ) ;
#4481 = LINE ( 'NONE', #5920, #346 ) ;
#4482 = LINE ( 'NONE', #5922, #348 ) ;
#4483 = LINE ( 'NONE', #5946, #349 ) ;
#4484 = LINE ( 'NONE', #5948, #350 ) ;
#4485 = LINE ( 'NONE', #5950, #351 ) ;
#4486 = LINE ( 'NONE', #41, #352 ) ;
#4487 = LINE ( 'NONE', #65, #353 ) ;
#4488 = LINE ( 'NONE', #67, #354 ) ;
#4489 = LINE ( 'NONE', #69, #356 ) ;
#4490 = LINE ( 'NONE', #97, #357 ) ;
#4491 = LINE ( 'NONE', #110, #358 ) ;
#4492 = LINE ( 'NONE', #112, #359 ) ;
#4493 = LINE ( 'NONE', #114, #360 ) ;
#4494 = LINE ( 'NONE', #116, #362 ) ;
#4495 = LINE ( 'NONE', #129, #364 ) ;
#4496 = FACE_OUTER_BOUND ( 'NONE', #1502, .T. ) ;
#4497 = FACE_OUTER_BOUND ( 'NONE', #1503, .T. ) ;
#4498 = FACE_OUTER_BOUND ( 'NONE', #1504, .T. ) ;
#4499 = FACE_OUTER_BOUND ( 'NONE', #1505, .T. ) ;
#4500 = FACE_OUTER_BOUND ( 'NONE', #1506, .T. ) ;
#4501 = FACE_OUTER_BOUND ( 'NONE', #1507, .T. ) ;
#4502 = FACE_OUTER_BOUND ( 'NONE', #1508, .T. ) ;
#4503 = FACE_OUTER_BOUND ( 'NONE', #1509, .T. ) ;
#4504 = FACE_OUTER_BOUND ( 'NONE', #1510, .T. ) ;
#4505 = FACE_OUTER_BOUND ( 'NONE', #1511, .T. ) ;
#4506 = FACE_OUTER_BOUND ( 'NONE', #1512, .T. ) ;
#4507 = FACE_OUTER_BOUND ( 'NONE', #1513, .T. ) ;
#4508 = FACE_OUTER_BOUND ( 'NONE', #1514, .T. ) ;
#4509 = FACE_OUTER_BOUND ( 'NONE', #1515, .T. ) ;
#4510 = FACE_OUTER_BOUND ( 'NONE', #1516, .T. ) ;
#4511 = FACE_BOUND ( 'NONE', #1517, .T. ) ;
#4512 = FACE_BOUND ( 'NONE', #1518, .T. ) ;
#4513 = FACE_OUTER_BOUND ( 'NONE', #1519, .T. ) ;
#4514 = FACE_OUTER_BOUND ( 'NONE', #1520, .T. ) ;
#4515 = FACE_OUTER_BOUND ( 'NONE', #1521, .T. ) ;
#4516 = FACE_OUTER_BOUND ( 'NONE', #1522, .T. ) ;
#4517 = FACE_OUTER_BOUND ( 'NONE', #1523, .T. ) ;
#4518 = FACE_OUTER_BOUND ( 'NONE', #1524, .T. ) ;
#4519 = FACE_OUTER_BOUND ( 'NONE', #1525, .T. ) ;
#4520 = FACE_OUTER_BOUND ( 'NONE', #1526, .T. ) ;
#4521 = FACE_OUTER_BOUND ( 'NONE', #1527, .T. ) ;
#4522 = FACE_OUTER_BOUND ( 'NONE', #1528, .T. ) ;
#4523 = FACE_OUTER_BOUND ( 'NONE', #1529, .T. ) ;
#4524 = FACE_OUTER_BOUND ( 'NONE', #1464, .T. ) ;
#4525 = FACE_OUTER_BOUND ( 'NONE', #1463, .T. ) ;
#4526 = FACE_OUTER_BOUND ( 'NONE', #1462, .T. ) ;
#4527 = FACE_OUTER_BOUND ( 'NONE', #1461, .T. ) ;
#4528 = FACE_OUTER_BOUND ( 'NONE', #1460, .T. ) ;
#4529 = FACE_OUTER_BOUND ( 'NONE', #1459, .T. ) ;
#4530 = FACE_OUTER_BOUND ( 'NONE', #1458, .T. ) ;
#4531 = FACE_OUTER_BOUND ( 'NONE', #1457, .T. ) ;
#4532 = FACE_OUTER_BOUND ( 'NONE', #1456, .T. ) ;
#4533 = FACE_OUTER_BOUND ( 'NONE', #1455, .T. ) ;
#4534 = LINE ( 'NONE', #6524, #256 ) ;
#4535 = LINE ( 'NONE', #9007, #8549 ) ;
#4536 = LINE ( 'NONE', #6526, #257 ) ;
#4537 = LINE ( 'NONE', #6528, #258 ) ;
#4538 = LINE ( 'NONE', #6530, #259 ) ;
#4539 = LINE ( 'NONE', #6532, #260 ) ;
#4540 = LINE ( 'NONE', #6534, #369 ) ;
#4541 = LINE ( 'NONE', #6536, #370 ) ;
#4542 = LINE ( 'NONE', #6538, #371 ) ;
#4543 = LINE ( 'NONE', #6540, #372 ) ;
#4544 = LINE ( 'NONE', #6542, #373 ) ;
#4545 = LINE ( 'NONE', #6544, #374 ) ;
#4546 = LINE ( 'NONE', #6546, #375 ) ;
#4547 = LINE ( 'NONE', #6548, #376 ) ;
#4548 = LINE ( 'NONE', #6550, #377 ) ;
#4549 = LINE ( 'NONE', #6552, #378 ) ;
#4550 = LINE ( 'NONE', #6554, #379 ) ;
#4551 = LINE ( 'NONE', #6556, #380 ) ;
#4552 = LINE ( 'NONE', #6558, #381 ) ;
#4553 = LINE ( 'NONE', #6560, #382 ) ;
#4554 = LINE ( 'NONE', #6562, #383 ) ;
#4555 = LINE ( 'NONE', #6564, #384 ) ;
#4556 = LINE ( 'NONE', #6566, #385 ) ;
#4557 = LINE ( 'NONE', #6568, #386 ) ;
#4558 = LINE ( 'NONE', #6570, #387 ) ;
#4559 = LINE ( 'NONE', #6572, #388 ) ;
#4560 = LINE ( 'NONE', #6574, #389 ) ;
#4561 = LINE ( 'NONE', #6576, #391 ) ;
#4562 = LINE ( 'NONE', #6578, #392 ) ;
#4563 = LINE ( 'NONE', #6580, #393 ) ;
#4564 = LINE ( 'NONE', #6582, #394 ) ;
#4565 = LINE ( 'NONE', #6584, #395 ) ;
#4566 = LINE ( 'NONE', #6586, #396 ) ;
#4567 = LINE ( 'NONE', #6607, #397 ) ;
#4568 = LINE ( 'NONE', #6620, #398 ) ;
#4569 = LINE ( 'NONE', #6633, #240 ) ;
#4570 = LINE ( 'NONE', #6635, #241 ) ;
#4571 = LINE ( 'NONE', #6637, #242 ) ;
#4572 = LINE ( 'NONE', #6639, #243 ) ;
#4573 = LINE ( 'NONE', #6641, #244 ) ;
#4574 = LINE ( 'NONE', #6643, #245 ) ;
#4575 = LINE ( 'NONE', #6645, #247 ) ;
#4576 = LINE ( 'NONE', #6662, #248 ) ;
#4577 = LINE ( 'NONE', #6675, #239 ) ;
#4578 = LINE ( 'NONE', #6688, #10058 ) ;
#4579 = LINE ( 'NONE', #6690, #10059 ) ;
#4580 = LINE ( 'NONE', #6692, #10060 ) ;
#4581 = LINE ( 'NONE', #6705, #390 ) ;
#4582 = LINE ( 'NONE', #6707, #194 ) ;
#4583 = LINE ( 'NONE', #6731, #343 ) ;
#4584 = LINE ( 'NONE', #6755, #6871 ) ;
#4585 = LINE ( 'NONE', #6757, #6872 ) ;
#4586 = LINE ( 'NONE', #6836, #6873 ) ;
#4587 = LINE ( 'NONE', #6849, #6874 ) ;
#4588 = LINE ( 'NONE', #6851, #6875 ) ;
#4589 = LINE ( 'NONE', #6853, #6876 ) ;
#4590 = LINE ( 'NONE', #6855, #6877 ) ;
#4591 = LINE ( 'NONE', #6857, #6878 ) ;
#4592 = LINE ( 'NONE', #6859, #6879 ) ;
#4593 = LINE ( 'NONE', #6861, #6880 ) ;
#4594 = LINE ( 'NONE', #6863, #6881 ) ;
#4595 = LINE ( 'NONE', #6865, #6882 ) ;
#4596 = LINE ( 'NONE', #6867, #6883 ) ;
#4597 = LINE ( 'NONE', #6869, #6884 ) ;
#4598 = LINE ( 'NONE', #6999, #6885 ) ;
#4599 = LINE ( 'NONE', #7001, #6886 ) ;
#4600 = LINE ( 'NONE', #7003, #6887 ) ;
#4601 = LINE ( 'NONE', #7005, #6888 ) ;
#4602 = LINE ( 'NONE', #7007, #6889 ) ;
#4603 = LINE ( 'NONE', #7009, #6890 ) ;
#4604 = LINE ( 'NONE', #7011, #6891 ) ;
#4605 = LINE ( 'NONE', #7013, #6892 ) ;
#4606 = LINE ( 'NONE', #7015, #6893 ) ;
#4607 = LINE ( 'NONE', #7017, #6894 ) ;
#4608 = LINE ( 'NONE', #7019, #6895 ) ;
#4609 = LINE ( 'NONE', #7021, #6896 ) ;
#4610 = LINE ( 'NONE', #7023, #6897 ) ;
#4611 = LINE ( 'NONE', #7044, #6898 ) ;
#4612 = LINE ( 'NONE', #7046, #6899 ) ;
#4613 = LINE ( 'NONE', #7048, #6900 ) ;
#4614 = LINE ( 'NONE', #7050, #6901 ) ;
#4615 = LINE ( 'NONE', #7052, #6902 ) ;
#4616 = LINE ( 'NONE', #7054, #6903 ) ;
#4617 = LINE ( 'NONE', #7056, #6904 ) ;
#4618 = LINE ( 'NONE', #7069, #6905 ) ;
#4619 = LINE ( 'NONE', #7082, #6906 ) ;
#4620 = LINE ( 'NONE', #7084, #6907 ) ;
#4621 = LINE ( 'NONE', #7086, #6908 ) ;
#4622 = LINE ( 'NONE', #7088, #6909 ) ;
#4623 = LINE ( 'NONE', #7090, #6910 ) ;
#4624 = LINE ( 'NONE', #7092, #6911 ) ;
#4625 = LINE ( 'NONE', #7113, #6912 ) ;
#4626 = LINE ( 'NONE', #7159, #6913 ) ;
#4627 = LINE ( 'NONE', #7161, #6914 ) ;
#4628 = LINE ( 'NONE', #7260, #6915 ) ;
#4629 = LINE ( 'NONE', #7262, #6916 ) ;
#4630 = LINE ( 'NONE', #7294, #6917 ) ;
#4631 = LINE ( 'NONE', #7311, #6918 ) ;
#4632 = LINE ( 'NONE', #7313, #6919 ) ;
#4633 = LINE ( 'NONE', #7315, #6920 ) ;
#4634 = LINE ( 'NONE', #7317, #6921 ) ;
#4635 = LINE ( 'NONE', #7319, #6922 ) ;
#4636 = LINE ( 'NONE', #7321, #6924 ) ;
#4637 = LINE ( 'NONE', #7342, #6925 ) ;
#4638 = LINE ( 'NONE', #7388, #6926 ) ;
#4639 = LINE ( 'NONE', #7390, #6927 ) ;
#4640 = LINE ( 'NONE', #7489, #6928 ) ;
#4641 = LINE ( 'NONE', #7491, #6929 ) ;
#4642 = LINE ( 'NONE', #7541, #6932 ) ;
#4643 = LINE ( 'NONE', #7546, #6934 ) ;
#4644 = LINE ( 'NONE', #7548, #6935 ) ;
#4645 = LINE ( 'NONE', #7550, #6936 ) ;
#4646 = LINE ( 'NONE', #7552, #6937 ) ;
#4647 = LINE ( 'NONE', #7554, #6938 ) ;
#4648 = LINE ( 'NONE', #7556, #6939 ) ;
#4649 = LINE ( 'NONE', #7569, #6940 ) ;
#4650 = LINE ( 'NONE', #7590, #6941 ) ;
#4651 = LINE ( 'NONE', #7603, #6942 ) ;
#4652 = LINE ( 'NONE', #7616, #6943 ) ;
#4653 = LINE ( 'NONE', #7618, #6944 ) ;
#4654 = LINE ( 'NONE', #7620, #6945 ) ;
#4655 = LINE ( 'NONE', #7622, #6946 ) ;
#4656 = LINE ( 'NONE', #7624, #6947 ) ;
#4657 = LINE ( 'NONE', #7626, #6948 ) ;
#4658 = LINE ( 'NONE', #7628, #6949 ) ;
#4659 = LINE ( 'NONE', #7645, #6950 ) ;
#4660 = LINE ( 'NONE', #7658, #6951 ) ;
#4661 = LINE ( 'NONE', #7671, #6952 ) ;
#4662 = LINE ( 'NONE', #7673, #6953 ) ;
#4663 = LINE ( 'NONE', #7675, #6954 ) ;
#4664 = LINE ( 'NONE', #7688, #6955 ) ;
#4665 = LINE ( 'NONE', #7690, #6956 ) ;
#4666 = LINE ( 'NONE', #7714, #6957 ) ;
#4667 = LINE ( 'NONE', #7738, #6958 ) ;
#4668 = LINE ( 'NONE', #7740, #6959 ) ;
#4669 = LINE ( 'NONE', #7775, #6960 ) ;
#4670 = LINE ( 'NONE', #7788, #6961 ) ;
#4671 = LINE ( 'NONE', #7790, #6962 ) ;
#4672 = LINE ( 'NONE', #7803, #6963 ) ;
#4673 = LINE ( 'NONE', #7805, #6964 ) ;
#4674 = LINE ( 'NONE', #7807, #6965 ) ;
#4675 = LINE ( 'NONE', #7809, #6966 ) ;
#4676 = LINE ( 'NONE', #7811, #6967 ) ;
#4677 = LINE ( 'NONE', #7813, #6968 ) ;
#4678 = LINE ( 'NONE', #7815, #6969 ) ;
#4679 = LINE ( 'NONE', #7839, #6970 ) ;
#4680 = LINE ( 'NONE', #7852, #6971 ) ;
#4681 = LINE ( 'NONE', #7854, #6972 ) ;
#4682 = LINE ( 'NONE', #7867, #6973 ) ;
#4683 = LINE ( 'NONE', #7869, #6974 ) ;
#4684 = LINE ( 'NONE', #7871, #6975 ) ;
#4685 = LINE ( 'NONE', #7873, #6976 ) ;
#4686 = LINE ( 'NONE', #7875, #6977 ) ;
#4687 = LINE ( 'NONE', #7897, #6978 ) ;
#4688 = LINE ( 'NONE', #7899, #6979 ) ;
#4689 = LINE ( 'NONE', #7923, #6980 ) ;
#4690 = LINE ( 'NONE', #7925, #6981 ) ;
#4691 = LINE ( 'NONE', #7927, #6982 ) ;
#4692 = LINE ( 'NONE', #7929, #6983 ) ;
#4693 = LINE ( 'NONE', #7931, #6984 ) ;
#4694 = LINE ( 'NONE', #7933, #6985 ) ;
#4695 = LINE ( 'NONE', #7935, #6986 ) ;
#4696 = LINE ( 'NONE', #7937, #6987 ) ;
#4697 = LINE ( 'NONE', #7939, #6988 ) ;
#4698 = LINE ( 'NONE', #7941, #6989 ) ;
#4699 = LINE ( 'NONE', #7943, #6990 ) ;
#4700 = LINE ( 'NONE', #7945, #6991 ) ;
#4701 = LINE ( 'NONE', #7947, #6992 ) ;
#4702 = LINE ( 'NONE', #7949, #6993 ) ;
#4703 = LINE ( 'NONE', #7951, #6994 ) ;
#4704 = LINE ( 'NONE', #7953, #6995 ) ;
#4705 = LINE ( 'NONE', #7955, #6996 ) ;
#4706 = LINE ( 'NONE', #7957, #6997 ) ;
#4707 = LINE ( 'NONE', #7959, #6998 ) ;
#4708 = LINE ( 'NONE', #7961, #246 ) ;
#4709 = LINE ( 'NONE', #7963, #8434 ) ;
#4710 = LINE ( 'NONE', #7965, #8435 ) ;
#4711 = LINE ( 'NONE', #7967, #8436 ) ;
#4712 = LINE ( 'NONE', #7969, #8437 ) ;
#4713 = LINE ( 'NONE', #7971, #8438 ) ;
#4714 = LINE ( 'NONE', #7973, #8439 ) ;
#4715 = LINE ( 'NONE', #7975, #8440 ) ;
#4716 = LINE ( 'NONE', #7977, #8441 ) ;
#4717 = LINE ( 'NONE', #7979, #8442 ) ;
#4718 = LINE ( 'NONE', #7981, #8443 ) ;
#4719 = LINE ( 'NONE', #7983, #8444 ) ;
#4720 = LINE ( 'NONE', #7985, #8445 ) ;
#4721 = LINE ( 'NONE', #7987, #8446 ) ;
#4722 = LINE ( 'NONE', #7989, #8447 ) ;
#4723 = LINE ( 'NONE', #7991, #8448 ) ;
#4724 = LINE ( 'NONE', #7993, #8449 ) ;
#4725 = LINE ( 'NONE', #7995, #8450 ) ;
#4726 = LINE ( 'NONE', #7997, #8451 ) ;
#4727 = LINE ( 'NONE', #7999, #8452 ) ;
#4728 = LINE ( 'NONE', #8001, #8453 ) ;
#4729 = LINE ( 'NONE', #8012, #8454 ) ;
#4730 = LINE ( 'NONE', #8025, #8455 ) ;
#4731 = LINE ( 'NONE', #8027, #8456 ) ;
#4732 = LINE ( 'NONE', #8029, #8457 ) ;
#4733 = DIMENSIONAL_EXPONENTS ( 1.000000000000000000, 0.0000000000000000000, 0.0000000000000000000, 0.0000000000000000000, 0.0000000000000000000, 0.0000000000000000000, 0.0000000000000000000 ) ;
#4734 = CARTESIAN_POINT ( 'NONE',  ( 0.7193876733601579600, -0.5718407022048624900, 0.07274527778439934800 ) ) ;
#4735 = DIRECTION ( 'NONE',  ( 1.622879996236195800E-015, -1.000000000000000000, -0.0000000000000000000 ) ) ;
#4736 = CARTESIAN_POINT ( 'NONE',  ( 0.6856544850690190500, -0.5718407022048626100, -0.06440662094977794800 ) ) ;
#4737 = DIRECTION ( 'NONE',  ( 1.622879996236195800E-015, -1.000000000000000000, -0.0000000000000000000 ) ) ;
#4738 = CARTESIAN_POINT ( 'NONE',  ( 0.6862933300057276800, -0.5718407022048624900, 0.01521363221477905700 ) ) ;
#4739 = CARTESIAN_POINT ( 'NONE',  ( 0.6862933300057276800, -0.5723407022048625500, 0.01521363221477905700 ) ) ;
#4740 = CARTESIAN_POINT ( 'NONE',  ( 0.6855420771403156800, -0.5718407022048624900, 0.01519975934586304800 ) ) ;
#4741 = CARTESIAN_POINT ( 'NONE',  ( 0.6855420771403156800, -0.5723407022048625500, 0.01519975934586304800 ) ) ;
#4742 = CARTESIAN_POINT ( 'NONE',  ( 0.6840820512034970800, -0.5718407022048624900, 0.01517279805311066800 ) ) ;
#4743 = CARTESIAN_POINT ( 'NONE',  ( 0.6840820512034970800, -0.5723407022048625500, 0.01517279805311066800 ) ) ;
#4744 = CARTESIAN_POINT ( 'NONE',  ( 0.6819577040513195000, -0.5718407022048626100, 0.01499226496123787400 ) ) ;
#4745 = CARTESIAN_POINT ( 'NONE',  ( 0.6819577040513195000, -0.5723407022048626600, 0.01499226496123787400 ) ) ;
#4746 = CARTESIAN_POINT ( 'NONE',  ( 0.6799647287912254900, -0.5718407022048626100, 0.01466900213243881200 ) ) ;
#4747 = CARTESIAN_POINT ( 'NONE',  ( 0.6799647287912254900, -0.5723407022048626600, 0.01466900213243881200 ) ) ;
#4748 = CARTESIAN_POINT ( 'NONE',  ( 0.6780903688568543600, -0.5718407022048623800, 0.01423763700728825300 ) ) ;
#4749 = CARTESIAN_POINT ( 'NONE',  ( 0.6780903688568543600, -0.5723407022048624400, 0.01423763700728825300 ) ) ;
#4750 = CARTESIAN_POINT ( 'NONE',  ( 0.6763415462293525000, -0.5718407022048627200, 0.01367440574745061200 ) ) ;
#4751 = CARTESIAN_POINT ( 'NONE',  ( 0.6763415462293525000, -0.5723407022048627700, 0.01367440574745061200 ) ) ;
#4752 = CARTESIAN_POINT ( 'NONE',  ( 0.6747312566464384000, -0.5718407022048624900, 0.01295764994607631400 ) ) ;
#4753 = CARTESIAN_POINT ( 'NONE',  ( 0.6747312566464384000, -0.5723407022048625500, 0.01295764994607631400 ) ) ;
#4754 = CARTESIAN_POINT ( 'NONE',  ( 0.6732446695790790200, -0.5718407022048627200, 0.01213239689613060000 ) ) ;
#4755 = CARTESIAN_POINT ( 'NONE',  ( 0.6732446695790790200, -0.5723407022048627700, 0.01213239689613060000 ) ) ;
#4756 = CARTESIAN_POINT ( 'NONE',  ( 0.6718782328095073100, -0.5718407022048626100, 0.01119742626575877600 ) ) ;
#4757 = CARTESIAN_POINT ( 'NONE',  ( 0.6718782328095073100, -0.5723407022048626600, 0.01119742626575877600 ) ) ;
#4758 = CARTESIAN_POINT ( 'NONE',  ( 0.6706692670579644800, -0.5718407022048626100, 0.01013803721573833600 ) ) ;
#4759 = CARTESIAN_POINT ( 'NONE',  ( 0.6706692670579644800, -0.5723407022048626600, 0.01013803721573833600 ) ) ;
#4760 = CARTESIAN_POINT ( 'NONE',  ( 0.6696224690595212700, -0.5718407022048624900, 0.008991626390517400500 ) ) ;
#4761 = CARTESIAN_POINT ( 'NONE',  ( 0.6696224690595212700, -0.5723407022048625500, 0.008991626390517400500 ) ) ;
#4762 = CARTESIAN_POINT ( 'NONE',  ( 0.6687309334926629900, -0.5718407022048627200, 0.007765087222795319900 ) ) ;
#4763 = CARTESIAN_POINT ( 'NONE',  ( 0.6687309334926629900, -0.5723407022048627700, 0.007765087222795319900 ) ) ;
#4764 = CARTESIAN_POINT ( 'NONE',  ( 0.6680096968621341800, -0.5718407022048624900, 0.006446526771592953800 ) ) ;
#4765 = CARTESIAN_POINT ( 'NONE',  ( 0.6680096968621341800, -0.5723407022048625500, 0.006446526771592953800 ) ) ;
#4766 = CARTESIAN_POINT ( 'NONE',  ( 0.6674306054332862500, -0.5718407022048624900, 0.005044999814758230200 ) ) ;
#4767 = CARTESIAN_POINT ( 'NONE',  ( 0.6674306054332862500, -0.5723407022048624400, 0.005044999814758230200 ) ) ;
#4768 = CARTESIAN_POINT ( 'NONE',  ( 0.6670284832913647700, -0.5718407022048627200, 0.003553668647163746500 ) ) ;
#4769 = CARTESIAN_POINT ( 'NONE',  ( 0.6670284832913647700, -0.5723407022048627700, 0.003553668647163746500 ) ) ;
#4770 = CARTESIAN_POINT ( 'NONE',  ( 0.6667913911944124400, -0.5718407022048626100, 0.001979231578146739400 ) ) ;
#4771 = CARTESIAN_POINT ( 'NONE',  ( 0.6667913911944124400, -0.5723407022048626600, 0.001979231578146739400 ) ) ;
#4772 = CARTESIAN_POINT ( 'NONE',  ( 0.6667582400490821300, -0.5718407022048626100, 0.0009020869947306603300 ) ) ;
#4773 = CARTESIAN_POINT ( 'NONE',  ( 0.6667582400490821300, -0.5723407022048626600, 0.0009020869947306603300 ) ) ;
#4774 = CARTESIAN_POINT ( 'NONE',  ( 0.6667413126006643800, -0.5718407022048626100, 0.0003520815818676592700 ) ) ;
#4775 = CARTESIAN_POINT ( 'NONE',  ( 0.6667413126006643800, -0.5723407022048626600, 0.0003520815818676592700 ) ) ;
#4776 = CARTESIAN_POINT ( 'NONE',  ( 0.5524038917145885900, -0.5718407022048628300, 0.1010997081641461700 ) ) ;
#4777 = CARTESIAN_POINT ( 'NONE',  ( 0.5524038917145885900, -0.5723407022048627700, 0.1010997081641461700 ) ) ;
#4778 = CARTESIAN_POINT ( 'NONE',  ( 0.5517900507080156800, -0.5718407022048628300, 0.1010944046903974200 ) ) ;
#4779 = CARTESIAN_POINT ( 'NONE',  ( 0.5517900507080156800, -0.5723407022048627700, 0.1010944046903974200 ) ) ;
#4780 = CARTESIAN_POINT ( 'NONE',  ( 0.5506263480276275500, -0.5718407022048628300, 0.1010843505126043100 ) ) ;
#4781 = CARTESIAN_POINT ( 'NONE',  ( 0.5506263480276275500, -0.5723407022048628800, 0.1010843505126043100 ) ) ;
#4782 = CARTESIAN_POINT ( 'NONE',  ( 0.5489761836785935800, -0.5718407022048626100, 0.1010100278210380500 ) ) ;
#4783 = CARTESIAN_POINT ( 'NONE',  ( 0.5489761836785935800, -0.5723407022048626600, 0.1010100278210380500 ) ) ;
#4784 = CARTESIAN_POINT ( 'NONE',  ( 0.5475219508338392500, -0.5718407022048628300, 0.1008526522031958400 ) ) ;
#4785 = CARTESIAN_POINT ( 'NONE',  ( 0.5475219508338392500, -0.5723407022048627700, 0.1008526522031958400 ) ) ;
#4786 = CARTESIAN_POINT ( 'NONE',  ( 0.5462336635931933600, -0.5718407022048627200, 0.1006660779204272800 ) ) ;
#4787 = CARTESIAN_POINT ( 'NONE',  ( 0.5462336635931933600, -0.5723407022048627700, 0.1006660779204272800 ) ) ;
#4788 = CARTESIAN_POINT ( 'NONE',  ( 0.5450605838667467200, -0.5718407022048629400, 0.1003956339054574600 ) ) ;
#4789 = CARTESIAN_POINT ( 'NONE',  ( 0.5450605838667467200, -0.5723407022048629900, 0.1003956339054574600 ) ) ;
#4790 = CARTESIAN_POINT ( 'NONE',  ( 0.5439747078620419400, -0.5718407022048626100, 0.09996056601420437400 ) ) ;
#4791 = CARTESIAN_POINT ( 'NONE',  ( 0.5439747078620419400, -0.5723407022048626600, 0.09996056601420437400 ) ) ;
#4792 = CARTESIAN_POINT ( 'NONE',  ( 0.5429120448217722400, -0.5718407022048627200, 0.09944494846230037000 ) ) ;
#4793 = CARTESIAN_POINT ( 'NONE',  ( 0.5429120448217722400, -0.5723407022048627700, 0.09944494846230037000 ) ) ;
#4794 = CARTESIAN_POINT ( 'NONE',  ( 0.5422552237884431500, -0.5718407022048628300, 0.09899909007036968000 ) ) ;
#4795 = CARTESIAN_POINT ( 'NONE',  ( 0.5422552237884431500, -0.5723407022048627700, 0.09899909007036968000 ) ) ;
#4796 = CARTESIAN_POINT ( 'NONE',  ( 0.5419232746259808900, -0.5718407022048627200, 0.09877375879705757600 ) ) ;
#4797 = CARTESIAN_POINT ( 'NONE',  ( 0.5419232746259808900, -0.5723407022048627700, 0.09877375879705757600 ) ) ;
#4798 = CARTESIAN_POINT ( 'NONE',  ( 0.6006970088031967600, -0.07234070220486342500, -0.1822547222156006800 ) ) ;
#4799 = DIRECTION ( 'NONE',  ( -0.0000000000000000000, -0.0000000000000000000, 1.000000000000000000 ) ) ;
#4800 = CARTESIAN_POINT ( 'NONE',  ( 0.7032306322209177500, -0.5718407022048626100, 0.07653879044262718000 ) ) ;
#4801 = DIRECTION ( 'NONE',  ( 1.622879996236195800E-015, -1.000000000000000000, -0.0000000000000000000 ) ) ;
#4802 = PLANE ( 'NONE',  #447 ) ;
#4803 = CARTESIAN_POINT ( 'NONE',  ( 0.6592096670310442200, -0.5718407022048626100, -0.05845527601306905300 ) ) ;
#4804 = DIRECTION ( 'NONE',  ( 1.000000000000000000, 1.622879996236195800E-015, -0.0000000000000000000 ) ) ;
#4805 = DIRECTION ( 'NONE',  ( -1.622879996236195800E-015, 1.000000000000000000, 0.0000000000000000000 ) ) ;
#4806 = CARTESIAN_POINT ( 'NONE',  ( 1.014697008803196600, -0.07234070220486343800, 0.1777452777843993300 ) ) ;
#4807 = DIRECTION ( 'NONE',  ( -0.0000000000000000000, -0.0000000000000000000, 1.000000000000000000 ) ) ;
#4808 = CARTESIAN_POINT ( 'NONE',  ( 0.7580704265247150100, -0.5718407022048624900, 0.1077729676578170800 ) ) ;
#4809 = DIRECTION ( 'NONE',  ( 1.622879996236195800E-015, -1.000000000000000000, -0.0000000000000000000 ) ) ;
#4810 = CARTESIAN_POINT ( 'NONE',  ( 0.7288299201956011100, -0.5723407022048624400, 0.1073022398097158200 ) ) ;
#4811 = DIRECTION ( 'NONE',  ( -1.000000000000000000, -8.153614791007439600E-015, 0.0000000000000000000 ) ) ;
#4812 = CARTESIAN_POINT ( 'NONE',  ( 0.6766938442462342400, -0.5718407022048626100, -0.01232394689914498800 ) ) ;
#4813 = CARTESIAN_POINT ( 'NONE',  ( 0.6780117209642041500, -0.5718407022048624900, -0.01269651018872602000 ) ) ;
#4814 = CARTESIAN_POINT ( 'NONE',  ( 0.6807273532511229900, -0.5718407022048623800, -0.01346421849126410600 ) ) ;
#4815 = CARTESIAN_POINT ( 'NONE',  ( 0.6850267618523281400, -0.5718407022048628300, -0.01426852096058491200 ) ) ;
#4816 = CARTESIAN_POINT ( 'NONE',  ( 0.6896129578645543400, -0.5718407022048624900, -0.01505865236060912600 ) ) ;
#4817 = CARTESIAN_POINT ( 'NONE',  ( 0.6927351646911621400, -0.5718407022048624900, -0.01577209025087639500 ) ) ;
#4818 = CARTESIAN_POINT ( 'NONE',  ( 0.6943461385500316900, -0.5718407022048624900, -0.01614020481053739200 ) ) ;
#4819 = CARTESIAN_POINT ( 'NONE',  ( 0.7288299201956011100, -0.5723407022048624400, 0.08071996132870314100 ) ) ;
#4820 = DIRECTION ( 'NONE',  ( 0.0000000000000000000, 0.0000000000000000000, 1.000000000000000000 ) ) ;
#4821 = CARTESIAN_POINT ( 'NONE',  ( 0.7784224834867404800, -0.5718407022048623800, 0.1365427461388297200 ) ) ;
#4822 = DIRECTION ( 'NONE',  ( 1.622879996236195800E-015, -1.000000000000000000, -0.0000000000000000000 ) ) ;
#4823 = CARTESIAN_POINT ( 'NONE',  ( 0.6949236701956009700, -0.5718407022048624900, 0.1427452777843993500 ) ) ;
#4824 = DIRECTION ( 'NONE',  ( 0.6048695327809147100, 0.0000000000000000000, -0.7963245872842291700 ) ) ;
#4825 = CARTESIAN_POINT ( 'NONE',  ( 0.7140830847525631000, -0.5718407022048624900, -0.03974384405104372500 ) ) ;
#4826 = CARTESIAN_POINT ( 'NONE',  ( 0.7140830847525631000, -0.5723407022048624400, -0.03974384405104372500 ) ) ;
#4827 = CARTESIAN_POINT ( 'NONE',  ( 0.7140645373033132100, -0.5718407022048626100, -0.04062527763520522300 ) ) ;
#4828 = CARTESIAN_POINT ( 'NONE',  ( 0.7140645373033132100, -0.5723407022048625500, -0.04062527763520522300 ) ) ;
#4829 = CARTESIAN_POINT ( 'NONE',  ( 0.7140280800498530800, -0.5718407022048626100, -0.04235784188989105700 ) ) ;
#4830 = CARTESIAN_POINT ( 'NONE',  ( 0.7140280800498530800, -0.5723407022048626600, -0.04235784188989105700 ) ) ;
#4831 = CARTESIAN_POINT ( 'NONE',  ( 0.7136198738938194200, -0.5718407022048624900, -0.04489108573787654900 ) ) ;
#4832 = CARTESIAN_POINT ( 'NONE',  ( 0.7136198738938194200, -0.5723407022048624400, -0.04489108573787654900 ) ) ;
#4833 = CARTESIAN_POINT ( 'NONE',  ( 0.7130048197513270100, -0.5718407022048624900, -0.04731114136014342300 ) ) ;
#4834 = CARTESIAN_POINT ( 'NONE',  ( 0.7130048197513270100, -0.5723407022048624400, -0.04731114136014342300 ) ) ;
#4835 = CARTESIAN_POINT ( 'NONE',  ( 0.7121328296494648900, -0.5718407022048624900, -0.04961470826141699300 ) ) ;
#4836 = CARTESIAN_POINT ( 'NONE',  ( 0.7121328296494648900, -0.5723407022048624400, -0.04961470826141699300 ) ) ;
#4837 = CARTESIAN_POINT ( 'NONE',  ( 0.7109704977257528300, -0.5718407022048624900, -0.05177445337600255400 ) ) ;
#4838 = CARTESIAN_POINT ( 'NONE',  ( 0.7109704977257528300, -0.5723407022048624400, -0.05177445337600255400 ) ) ;
#4839 = CARTESIAN_POINT ( 'NONE',  ( 0.7095867802325713800, -0.5718407022048624900, -0.05382620592400178000 ) ) ;
#4840 = CARTESIAN_POINT ( 'NONE',  ( 0.7095867802325713800, -0.5723407022048624400, -0.05382620592400178000 ) ) ;
#4841 = CARTESIAN_POINT ( 'NONE',  ( 0.7079403675817511600, -0.5718407022048624900, -0.05574814196278945300 ) ) ;
#4842 = CARTESIAN_POINT ( 'NONE',  ( 0.7079403675817511600, -0.5723407022048624400, -0.05574814196278945300 ) ) ;
#4843 = CARTESIAN_POINT ( 'NONE',  ( 0.7060705682158744400, -0.5718407022048626100, -0.05754139896490326200 ) ) ;
#4844 = CARTESIAN_POINT ( 'NONE',  ( 0.7060705682158744400, -0.5723407022048626600, -0.05754139896490326200 ) ) ;
#4845 = CARTESIAN_POINT ( 'NONE',  ( 0.7039868738778777300, -0.5718407022048624900, -0.05913355039944992500 ) ) ;
#4846 = CARTESIAN_POINT ( 'NONE',  ( 0.7039868738778777300, -0.5723407022048624400, -0.05913355039944992500 ) ) ;
#4847 = CARTESIAN_POINT ( 'NONE',  ( 0.7017822031364596700, -0.5718407022048626100, -0.06057212738413531000 ) ) ;
#4848 = CARTESIAN_POINT ( 'NONE',  ( 0.7017822031364596700, -0.5723407022048626600, -0.06057212738413531000 ) ) ;
#4849 = CARTESIAN_POINT ( 'NONE',  ( 0.6994120761022042400, -0.5718407022048626100, -0.06173425194850806100 ) ) ;
#4850 = CARTESIAN_POINT ( 'NONE',  ( 0.6994120761022042400, -0.5723407022048625500, -0.06173425194850806100 ) ) ;
#4851 = CARTESIAN_POINT ( 'NONE',  ( 0.6969271757832359300, -0.5718407022048624900, -0.06272568057145959400 ) ) ;
#4852 = CARTESIAN_POINT ( 'NONE',  ( 0.6969271757832359300, -0.5723407022048624400, -0.06272568057145959400 ) ) ;
#4853 = CARTESIAN_POINT ( 'NONE',  ( 0.6942958606496125700, -0.5718407022048626100, -0.06347853455451893400 ) ) ;
#4854 = CARTESIAN_POINT ( 'NONE',  ( 0.6942958606496125700, -0.5723407022048625500, -0.06347853455451893400 ) ) ;
#4855 = CARTESIAN_POINT ( 'NONE',  ( 0.6915325154227790500, -0.5718407022048624900, -0.06400443403553811300 ) ) ;
#4856 = CARTESIAN_POINT ( 'NONE',  ( 0.6915325154227790500, -0.5723407022048624400, -0.06400443403553811300 ) ) ;
#4857 = CARTESIAN_POINT ( 'NONE',  ( 0.6886394768256272100, -0.5718407022048626100, -0.06436213805780234600 ) ) ;
#4858 = CARTESIAN_POINT ( 'NONE',  ( 0.6886394768256272100, -0.5723407022048625500, -0.06436213805780234600 ) ) ;
#4859 = CARTESIAN_POINT ( 'NONE',  ( 0.6866643117190705000, -0.5718407022048626100, -0.06439157232872604100 ) ) ;
#4860 = CARTESIAN_POINT ( 'NONE',  ( 0.6866643117190705000, -0.5723407022048625500, -0.06439157232872604100 ) ) ;
#4861 = CARTESIAN_POINT ( 'NONE',  ( 0.6856544850690190500, -0.5718407022048626100, -0.06440662094977794800 ) ) ;
#4862 = CARTESIAN_POINT ( 'NONE',  ( 0.6856544850690190500, -0.5723407022048625500, -0.06440662094977794800 ) ) ;
#4863 = CARTESIAN_POINT ( 'NONE',  ( 0.6592096670310442200, -0.5718407022048626100, -0.05845527601306905300 ) ) ;
#4864 = DIRECTION ( 'NONE',  ( 0.0000000000000000000, 0.0000000000000000000, 1.000000000000000000 ) ) ;
#4865 = CARTESIAN_POINT ( 'NONE',  ( 0.6861924597525631600, -0.5718407022048624900, 0.02489717651857654300 ) ) ;
#4866 = CARTESIAN_POINT ( 'NONE',  ( 0.6861924597525631600, -0.5723407022048624400, 0.02489717651857654300 ) ) ;
#4867 = CARTESIAN_POINT ( 'NONE',  ( 0.6875157113850461900, -0.5718407022048624900, 0.02488029176548838300 ) ) ;
#4868 = CARTESIAN_POINT ( 'NONE',  ( 0.6875157113850461900, -0.5723407022048624400, 0.02488029176548838300 ) ) ;
#4869 = CARTESIAN_POINT ( 'NONE',  ( 0.6901046187632585700, -0.5718407022048623800, 0.02484725718553685400 ) ) ;
#4870 = CARTESIAN_POINT ( 'NONE',  ( 0.6901046187632585700, -0.5723407022048623300, 0.02484725718553685400 ) ) ;
#4871 = CARTESIAN_POINT ( 'NONE',  ( 0.6938766544054230100, -0.5718407022048624900, 0.02451799994921538600 ) ) ;
#4872 = CARTESIAN_POINT ( 'NONE',  ( 0.6938766544054230100, -0.5723407022048624400, 0.02451799994921538600 ) ) ;
#4873 = CARTESIAN_POINT ( 'NONE',  ( 0.6974514854340480000, -0.5718407022048624900, 0.02400993170602948300 ) ) ;
#4874 = CARTESIAN_POINT ( 'NONE',  ( 0.6974514854340480000, -0.5723407022048624400, 0.02400993170602948300 ) ) ;
#4875 = CARTESIAN_POINT ( 'NONE',  ( 0.7008429118210173200, -0.5718407022048624900, 0.02325026929252454700 ) ) ;
#4876 = CARTESIAN_POINT ( 'NONE',  ( 0.7008429118210173200, -0.5723407022048624400, 0.02325026929252454700 ) ) ;
#4877 = CARTESIAN_POINT ( 'NONE',  ( 0.7041561042776169900, -0.5718407022048626100, 0.02231674731391950300 ) ) ;
#4878 = CARTESIAN_POINT ( 'NONE',  ( 0.7041561042776169900, -0.5723407022048625500, 0.02231674731391950300 ) ) ;
#4879 = CARTESIAN_POINT ( 'NONE',  ( 0.7074458712034494800, -0.5718407022048623800, 0.02115615181262437900 ) ) ;
#4880 = CARTESIAN_POINT ( 'NONE',  ( 0.7074458712034494800, -0.5723407022048623300, 0.02115615181262437900 ) ) ;
#4881 = CARTESIAN_POINT ( 'NONE',  ( 0.7107860576403384200, -0.5718407022048626100, 0.01984611769933889900 ) ) ;
#4882 = CARTESIAN_POINT ( 'NONE',  ( 0.7107860576403384200, -0.5723407022048625500, 0.01984611769933889900 ) ) ;
#4883 = CARTESIAN_POINT ( 'NONE',  ( 0.7129738572707303700, -0.5718407022048626100, 0.01880248914088223200 ) ) ;
#4884 = CARTESIAN_POINT ( 'NONE',  ( 0.7129738572707303700, -0.5723407022048626600, 0.01880248914088223200 ) ) ;
#4885 = CARTESIAN_POINT ( 'NONE',  ( 0.7140830847525631000, -0.5718407022048624900, 0.01827336322743730600 ) ) ;
#4886 = CARTESIAN_POINT ( 'NONE',  ( 0.7140830847525631000, -0.5723407022048624400, 0.01827336322743730600 ) ) ;
#4887 = PLANE ( 'NONE',  #312 ) ;
#4888 = CARTESIAN_POINT ( 'NONE',  ( 0.7463615657652211700, -0.5718407022048624900, 0.01413768284769046300 ) ) ;
#4889 = DIRECTION ( 'NONE',  ( 0.0000000000000000000, 0.0000000000000000000, 1.000000000000000000 ) ) ;
#4890 = DIRECTION ( 'NONE',  ( 1.000000000000000000, 0.0000000000000000000, -0.0000000000000000000 ) ) ;
#4891 = PLANE ( 'NONE',  #309 ) ;
#4892 = CARTESIAN_POINT ( 'NONE',  ( 0.6592096670310442200, -0.5718407022048626100, -0.04503953234218294900 ) ) ;
#4893 = DIRECTION ( 'NONE',  ( 0.0000000000000000000, 0.0000000000000000000, -1.000000000000000000 ) ) ;
#4894 = DIRECTION ( 'NONE',  ( -1.000000000000000000, 0.0000000000000000000, -0.0000000000000000000 ) ) ;
#4895 = CARTESIAN_POINT ( 'NONE',  ( 0.7988299201956011700, -0.5718407022048623800, 0.1077729676578170800 ) ) ;
#4896 = CARTESIAN_POINT ( 'NONE',  ( 0.7988165687963302300, -0.5718407022048622700, 0.1089042437500389600 ) ) ;
#4897 = CARTESIAN_POINT ( 'NONE',  ( 0.7987906987991441100, -0.5718407022048622700, 0.1110962319251441200 ) ) ;
#4898 = CARTESIAN_POINT ( 'NONE',  ( 0.7985176219273558700, -0.5718407022048624900, 0.1142809862753163100 ) ) ;
#4899 = CARTESIAN_POINT ( 'NONE',  ( 0.7981005269127644500, -0.5718407022048623800, 0.1172664180461012300 ) ) ;
#4900 = CARTESIAN_POINT ( 'NONE',  ( 0.7974935211294608100, -0.5718407022048621600, 0.1200478158493873500 ) ) ;
#4901 = CARTESIAN_POINT ( 'NONE',  ( 0.7967219052781409100, -0.5718407022048624900, 0.1226308306355173700 ) ) ;
#4902 = CARTESIAN_POINT ( 'NONE',  ( 0.7957659577640406900, -0.5718407022048622700, 0.1250031642127510100 ) ) ;
#4903 = CARTESIAN_POINT ( 'NONE',  ( 0.7946477516309715700, -0.5718407022048622700, 0.1271815883336057700 ) ) ;
#4904 = CARTESIAN_POINT ( 'NONE',  ( 0.7933426079675768300, -0.5718407022048624900, 0.1291342499614767100 ) ) ;
#4905 = CARTESIAN_POINT ( 'NONE',  ( 0.7918988115456405700, -0.5718407022048624900, 0.1308739210594184500 ) ) ;
#4906 = CARTESIAN_POINT ( 'NONE',  ( 0.7903317653850849800, -0.5718407022048622700, 0.1323971132033554000 ) ) ;
#4907 = CARTESIAN_POINT ( 'NONE',  ( 0.7886347320211656300, -0.5718407022048624900, 0.1336738138031718400 ) ) ;
#4908 = CARTESIAN_POINT ( 'NONE',  ( 0.7868252449372820100, -0.5718407022048624900, 0.1347309286854501400 ) ) ;
#4909 = CARTESIAN_POINT ( 'NONE',  ( 0.7848940931590284700, -0.5718407022048622700, 0.1355485147890221900 ) ) ;
#4910 = CARTESIAN_POINT ( 'NONE',  ( 0.7828391746978012900, -0.5718407022048624900, 0.1361311036614288900 ) ) ;
#4911 = CARTESIAN_POINT ( 'NONE',  ( 0.7806684563903624200, -0.5718407022048621600, 0.1364851862666550700 ) ) ;
#4912 = CARTESIAN_POINT ( 'NONE',  ( 0.7791806913522189000, -0.5718407022048622700, 0.1365233147611188100 ) ) ;
#4913 = CARTESIAN_POINT ( 'NONE',  ( 0.7784224834867404800, -0.5718407022048623800, 0.1365427461388297200 ) ) ;
#4914 = CARTESIAN_POINT ( 'NONE',  ( 0.7784224834867404800, -0.5718407022048624900, 0.07894780942996897100 ) ) ;
#4915 = CARTESIAN_POINT ( 'NONE',  ( 0.7791994834295887800, -0.5718407022048624900, 0.07896504865434760000 ) ) ;
#4916 = CARTESIAN_POINT ( 'NONE',  ( 0.7807162229851858400, -0.5718407022048624900, 0.07899870041167851600 ) ) ;
#4917 = CARTESIAN_POINT ( 'NONE',  ( 0.7829198124717752200, -0.5718407022048621600, 0.07937927835882313500 ) ) ;
#4918 = CARTESIAN_POINT ( 'NONE',  ( 0.7850042856869821100, -0.5718407022048626100, 0.07994861659050106500 ) ) ;
#4919 = CARTESIAN_POINT ( 'NONE',  ( 0.7869490098806644100, -0.5718407022048622700, 0.08079007287412713600 ) ) ;
#4920 = CARTESIAN_POINT ( 'NONE',  ( 0.7887699775722224500, -0.5718407022048624900, 0.08185031964333415500 ) ) ;
#4921 = CARTESIAN_POINT ( 'NONE',  ( 0.7904562724225048200, -0.5718407022048624900, 0.08315112339407694500 ) ) ;
#4922 = CARTESIAN_POINT ( 'NONE',  ( 0.7920135621330691700, -0.5718407022048622700, 0.08468818844318035100 ) ) ;
#4923 = CARTESIAN_POINT ( 'NONE',  ( 0.7934417729041600700, -0.5718407022048626100, 0.08645090702887547900 ) ) ;
#4924 = CARTESIAN_POINT ( 'NONE',  ( 0.7947101950023490700, -0.5718407022048622700, 0.08843716683484394200 ) ) ;
#4925 = CARTESIAN_POINT ( 'NONE',  ( 0.7958240735967231400, -0.5718407022048622700, 0.09061905288878685500 ) ) ;
#4926 = CARTESIAN_POINT ( 'NONE',  ( 0.7967417664956980600, -0.5718407022048623800, 0.09300482780319226100 ) ) ;
#4927 = CARTESIAN_POINT ( 'NONE',  ( 0.7975246424478524800, -0.5718407022048623800, 0.09557433622974506600 ) ) ;
#4928 = CARTESIAN_POINT ( 'NONE',  ( 0.7981135945383227600, -0.5718407022048621600, 0.09834960877017949500 ) ) ;
#4929 = CARTESIAN_POINT ( 'NONE',  ( 0.7985140352014749000, -0.5718407022048626100, 0.1013213046240195900 ) ) ;
#4930 = CARTESIAN_POINT ( 'NONE',  ( 0.7987909363877969700, -0.5718407022048624900, 0.1044819094807340900 ) ) ;
#4931 = CARTESIAN_POINT ( 'NONE',  ( 0.7988166834667804700, -0.5718407022048624900, 0.1066555076897477600 ) ) ;
#4932 = CARTESIAN_POINT ( 'NONE',  ( 0.7988299201956011700, -0.5718407022048623800, 0.1077729676578170800 ) ) ;
#4933 = PLANE ( 'NONE',  #317 ) ;
#4934 = CARTESIAN_POINT ( 'NONE',  ( 0.7721843505753477300, -0.5718407022048623800, -0.04288763360800575800 ) ) ;
#4935 = DIRECTION ( 'NONE',  ( -1.000000000000000000, -1.622879996236195800E-015, 0.0000000000000000000 ) ) ;
#4936 = DIRECTION ( 'NONE',  ( 1.622879996236195800E-015, -1.000000000000000000, 0.0000000000000000000 ) ) ;
#4937 = PLANE ( 'NONE',  #319 ) ;
#4938 = CARTESIAN_POINT ( 'NONE',  ( 0.7560451100690185300, -0.5718407022048624900, -0.04288763360800575800 ) ) ;
#4939 = DIRECTION ( 'NONE',  ( 0.0000000000000000000, 0.0000000000000000000, -1.000000000000000000 ) ) ;
#4940 = DIRECTION ( 'NONE',  ( -1.000000000000000000, 0.0000000000000000000, -0.0000000000000000000 ) ) ;
#4941 = PLANE ( 'NONE',  #306 ) ;
#4942 = CARTESIAN_POINT ( 'NONE',  ( 0.7560451100690185300, -0.5718407022048624900, 0.01413768284769046300 ) ) ;
#4943 = DIRECTION ( 'NONE',  ( -1.000000000000000000, -1.622879996236195800E-015, 0.0000000000000000000 ) ) ;
#4944 = DIRECTION ( 'NONE',  ( 1.622879996236195800E-015, -1.000000000000000000, 0.0000000000000000000 ) ) ;
#4945 = PLANE ( 'NONE',  #320 ) ;
#4946 = CARTESIAN_POINT ( 'NONE',  ( 0.7721843505753477300, -0.5718407022048623800, 0.01413768284769046300 ) ) ;
#4947 = DIRECTION ( 'NONE',  ( 0.0000000000000000000, 0.0000000000000000000, 1.000000000000000000 ) ) ;
#4948 = DIRECTION ( 'NONE',  ( 1.000000000000000000, 0.0000000000000000000, -0.0000000000000000000 ) ) ;
#4949 = PLANE ( 'NONE',  #321 ) ;
#4950 = CARTESIAN_POINT ( 'NONE',  ( 0.7721843505753477300, -0.5718407022048623800, 0.02274527778439932100 ) ) ;
#4951 = DIRECTION ( 'NONE',  ( -1.000000000000000000, -1.622879996236195800E-015, 0.0000000000000000000 ) ) ;
#4952 = DIRECTION ( 'NONE',  ( 1.622879996236195800E-015, -1.000000000000000000, 0.0000000000000000000 ) ) ;
#4953 = PLANE ( 'NONE',  #322 ) ;
#4954 = CARTESIAN_POINT ( 'NONE',  ( 0.7312982746259806300, -0.5718407022048624900, 0.02274527778439932100 ) ) ;
#4955 = DIRECTION ( 'NONE',  ( 0.0000000000000000000, 0.0000000000000000000, -1.000000000000000000 ) ) ;
#4956 = DIRECTION ( 'NONE',  ( -1.000000000000000000, 0.0000000000000000000, -0.0000000000000000000 ) ) ;
#4957 = PLANE ( 'NONE',  #323 ) ;
#4958 = CARTESIAN_POINT ( 'NONE',  ( 0.7312982746259806300, -0.5718407022048624900, 0.01413768284769046300 ) ) ;
#4959 = DIRECTION ( 'NONE',  ( 1.000000000000000000, 1.622879996236195800E-015, -0.0000000000000000000 ) ) ;
#4960 = DIRECTION ( 'NONE',  ( -1.622879996236195800E-015, 1.000000000000000000, 0.0000000000000000000 ) ) ;
#4961 = PLANE ( 'NONE',  #324 ) ;
#4962 = CARTESIAN_POINT ( 'NONE',  ( 0.08319700880319554100, -0.5723407022048635500, -0.1822547222156006800 ) ) ;
#4963 = DIRECTION ( 'NONE',  ( 0.0000000000000000000, -1.000000000000000000, 0.0000000000000000000 ) ) ;
#4964 = DIRECTION ( 'NONE',  ( 0.0000000000000000000, -0.0000000000000000000, -1.000000000000000000 ) ) ;
#4965 = PLANE ( 'NONE',  #325 ) ;
#4966 = CARTESIAN_POINT ( 'NONE',  ( 0.8080101021576265900, -0.5718407022048623800, -0.01060915259534751600 ) ) ;
#4967 = DIRECTION ( 'NONE',  ( -0.9526453801669819700, -1.546029130979821400E-015, -0.3040835076858106100 ) ) ;
#4968 = DIRECTION ( 'NONE',  ( -0.3040835076858106100, 0.0000000000000000000, 0.9526453801669819700 ) ) ;
#4969 = PLANE ( 'NONE',  #326 ) ;
#4970 = CARTESIAN_POINT ( 'NONE',  ( 0.8216780214614241000, -0.5718407022048622700, -0.05342857506370194500 ) ) ;
#4971 = DIRECTION ( 'NONE',  ( 0.9523198991723613700, 1.545500914384496600E-015, -0.3051013104533368800 ) ) ;
#4972 = DIRECTION ( 'NONE',  ( -0.3051013104533368800, 0.0000000000000000000, -0.9523198991723613700 ) ) ;
#4973 = PLANE ( 'NONE',  #327 ) ;
#4974 = CARTESIAN_POINT ( 'NONE',  ( 0.8353963758918039300, -0.5718407022048622700, -0.01060915259534751600 ) ) ;
#4975 = DIRECTION ( 'NONE',  ( 0.0000000000000000000, 0.0000000000000000000, 1.000000000000000000 ) ) ;
#4976 = DIRECTION ( 'NONE',  ( 1.000000000000000000, 0.0000000000000000000, -0.0000000000000000000 ) ) ;
#4977 = PLANE ( 'NONE',  #329 ) ;
#4978 = CARTESIAN_POINT ( 'NONE',  ( 0.7872476417145886100, -0.5718407022048623800, 0.02274527778439932100 ) ) ;
#4979 = DIRECTION ( 'NONE',  ( -0.0000000000000000000, 1.000000000000000000, 8.034847040189011200E-016 ) ) ;
#4980 = DIRECTION ( 'NONE',  ( 0.0000000000000000000, -8.034847040189011200E-016, 1.000000000000000000 ) ) ;
#4981 = PLANE ( 'NONE',  #315 ) ;
#4982 = CARTESIAN_POINT ( 'NONE',  ( 0.8284195167145885800, -0.5718407022048622700, -0.06225472221560066100 ) ) ;
#4983 = DIRECTION ( 'NONE',  ( 0.0000000000000000000, 0.0000000000000000000, 1.000000000000000000 ) ) ;
#4984 = DIRECTION ( 'NONE',  ( 1.000000000000000000, 0.0000000000000000000, -0.0000000000000000000 ) ) ;
#4985 = PLANE ( 'NONE',  #330 ) ;
#4986 = CARTESIAN_POINT ( 'NONE',  ( 0.8561084012082594800, -0.5718407022048622700, 0.02274527778439932100 ) ) ;
#4987 = DIRECTION ( 'NONE',  ( -0.9508237848741867300, -1.543072900417905700E-015, 0.3097323523907799500 ) ) ;
#4988 = DIRECTION ( 'NONE',  ( 0.3097323523907799500, 0.0000000000000000000, 0.9508237848741867300 ) ) ;
#4989 = PLANE ( 'NONE',  #272 ) ;
#4990 = CARTESIAN_POINT ( 'NONE',  ( 0.8459205056386393000, -0.5718407022048622700, 0.02274527778439932100 ) ) ;
#4991 = DIRECTION ( 'NONE',  ( 0.0000000000000000000, 0.0000000000000000000, -1.000000000000000000 ) ) ;
#4992 = DIRECTION ( 'NONE',  ( -1.000000000000000000, 0.0000000000000000000, -0.0000000000000000000 ) ) ;
#4993 = PLANE ( 'NONE',  #273 ) ;
#4994 = CARTESIAN_POINT ( 'NONE',  ( 0.8384561069044620400, -0.5718407022048622700, -0.0009256082915500295300 ) ) ;
#4995 = DIRECTION ( 'NONE',  ( 0.9537054296867875100, 1.547749464140532700E-015, -0.3007423372023634900 ) ) ;
#4996 = DIRECTION ( 'NONE',  ( -0.3007423372023634300, 0.0000000000000000000, -0.9537054296867874000 ) ) ;
#4997 = PLANE ( 'NONE',  #274 ) ;
#4998 = CARTESIAN_POINT ( 'NONE',  ( 0.8048999360183860500, -0.5718407022048623800, -0.0009256082915500295300 ) ) ;
#4999 = DIRECTION ( 'NONE',  ( 0.0000000000000000000, 0.0000000000000000000, -1.000000000000000000 ) ) ;
#5000 = DIRECTION ( 'NONE',  ( -1.000000000000000000, 0.0000000000000000000, -0.0000000000000000000 ) ) ;
#5001 = PLANE ( 'NONE',  #275 ) ;
#5002 = CARTESIAN_POINT ( 'NONE',  ( 0.7974355372842088000, -0.5718407022048623800, 0.02274527778439932100 ) ) ;
#5003 = DIRECTION ( 'NONE',  ( -0.9537054296867859500, -1.547749464140530800E-015, -0.3007423372023685400 ) ) ;
#5004 = DIRECTION ( 'NONE',  ( -0.3007423372023684800, 0.0000000000000000000, 0.9537054296867858400 ) ) ;
#5005 = PLANE ( 'NONE',  #276 ) ;
#5006 = CARTESIAN_POINT ( 'NONE',  ( 0.7872476417145886100, -0.5718407022048623800, 0.02274527778439932100 ) ) ;
#5007 = DIRECTION ( 'NONE',  ( 0.0000000000000000000, 0.0000000000000000000, -1.000000000000000000 ) ) ;
#5008 = DIRECTION ( 'NONE',  ( -1.000000000000000000, 0.0000000000000000000, -0.0000000000000000000 ) ) ;
#5009 = PLANE ( 'NONE',  #277 ) ;
#5010 = CARTESIAN_POINT ( 'NONE',  ( 0.8149365262082594000, -0.5718407022048622700, -0.06225472221560066100 ) ) ;
#5011 = DIRECTION ( 'NONE',  ( 0.9508237848741867300, 1.543072900417905700E-015, 0.3097323523907799500 ) ) ;
#5012 = DIRECTION ( 'NONE',  ( 0.3097323523907799500, 0.0000000000000000000, -0.9508237848741867300 ) ) ;
#5013 = PLANE ( 'NONE',  #278 ) ;
#5014 = CARTESIAN_POINT ( 'NONE',  ( 0.08319700880319554100, -0.5723407022048635500, -0.1822547222156006800 ) ) ;
#5015 = DIRECTION ( 'NONE',  ( 0.0000000000000000000, -1.000000000000000000, 0.0000000000000000000 ) ) ;
#5016 = DIRECTION ( 'NONE',  ( 0.0000000000000000000, -0.0000000000000000000, -1.000000000000000000 ) ) ;
#5017 = PLANE ( 'NONE',  #279 ) ;
#5018 = CARTESIAN_POINT ( 'NONE',  ( 0.08319700880319554100, -0.5723407022048635500, -0.1822547222156006800 ) ) ;
#5019 = DIRECTION ( 'NONE',  ( 0.0000000000000000000, -1.000000000000000000, 0.0000000000000000000 ) ) ;
#5020 = DIRECTION ( 'NONE',  ( 0.0000000000000000000, -0.0000000000000000000, -1.000000000000000000 ) ) ;
#5021 = CARTESIAN_POINT ( 'NONE',  ( 0.8722476417145883500, -0.5718407022048622700, -0.002758084557372813300 ) ) ;
#5022 = CARTESIAN_POINT ( 'NONE',  ( 0.8722476417145883500, -0.5723407022048623300, -0.002758084557372813300 ) ) ;
#5023 = CARTESIAN_POINT ( 'NONE',  ( 0.8722628646044563400, -0.5718407022048622700, -0.003559954111454940100 ) ) ;
#5024 = CARTESIAN_POINT ( 'NONE',  ( 0.8722628646044563400, -0.5723407022048623300, -0.003559954111454940100 ) ) ;
#5025 = CARTESIAN_POINT ( 'NONE',  ( 0.8722917984427905900, -0.5718407022048622700, -0.005084051325845376700 ) ) ;
#5026 = CARTESIAN_POINT ( 'NONE',  ( 0.8722917984427905900, -0.5723407022048624400, -0.005084051325845376700 ) ) ;
#5027 = CARTESIAN_POINT ( 'NONE',  ( 0.8725302840192220600, -0.5718407022048621600, -0.007244606912586754200 ) ) ;
#5028 = CARTESIAN_POINT ( 'NONE',  ( 0.8725302840192220600, -0.5723407022048623300, -0.007244606912586754200 ) ) ;
#5029 = CARTESIAN_POINT ( 'NONE',  ( 0.8729735148960280400, -0.5718407022048622700, -0.009140490232473656000 ) ) ;
#5030 = CARTESIAN_POINT ( 'NONE',  ( 0.8729735148960280400, -0.5723407022048623300, -0.009140490232473656000 ) ) ;
#5031 = CARTESIAN_POINT ( 'NONE',  ( 0.8735460493630127200, -0.5718407022048621600, -0.01082493885448079600 ) ) ;
#5032 = CARTESIAN_POINT ( 'NONE',  ( 0.8735460493630127200, -0.5723407022048623300, -0.01082493885448079600 ) ) ;
#5033 = CARTESIAN_POINT ( 'NONE',  ( 0.8744091805128253500, -0.5718407022048623800, -0.01230759880212647200 ) ) ;
#5034 = CARTESIAN_POINT ( 'NONE',  ( 0.8744091805128253500, -0.5723407022048624400, -0.01230759880212647200 ) ) ;
#5035 = CARTESIAN_POINT ( 'NONE',  ( 0.8755362370005693700, -0.5718407022048621600, -0.01364552062061895000 ) ) ;
#5036 = CARTESIAN_POINT ( 'NONE',  ( 0.8755362370005693700, -0.5723407022048623300, -0.01364552062061895000 ) ) ;
#5037 = CARTESIAN_POINT ( 'NONE',  ( 0.8769474254482785300, -0.5718407022048623800, -0.01486562914721972300 ) ) ;
#5038 = CARTESIAN_POINT ( 'NONE',  ( 0.8769474254482785300, -0.5723407022048624400, -0.01486562914721972300 ) ) ;
#5039 = CARTESIAN_POINT ( 'NONE',  ( 0.8780371767484822500, -0.5718407022048622700, -0.01553882149960202200 ) ) ;
#5040 = CARTESIAN_POINT ( 'NONE',  ( 0.8780371767484822500, -0.5723407022048623300, -0.01553882149960202200 ) ) ;
#5041 = CARTESIAN_POINT ( 'NONE',  ( 0.8786024676639554400, -0.5718407022048622700, -0.01588802917762600900 ) ) ;
#5042 = CARTESIAN_POINT ( 'NONE',  ( 0.8786024676639554400, -0.5723407022048623300, -0.01588802917762600900 ) ) ;
#5043 = CARTESIAN_POINT ( 'NONE',  ( 0.8786024676639554400, -0.5718407022048622700, -0.01588802917762600900 ) ) ;
#5044 = CARTESIAN_POINT ( 'NONE',  ( 0.8786024676639554400, -0.5723407022048623300, -0.01588802917762600900 ) ) ;
#5045 = CARTESIAN_POINT ( 'NONE',  ( 0.8790295571530244400, -0.5718407022048622700, -0.01611074532008923600 ) ) ;
#5046 = CARTESIAN_POINT ( 'NONE',  ( 0.8790295571530244400, -0.5723407022048624400, -0.01611074532008923600 ) ) ;
#5047 = CARTESIAN_POINT ( 'NONE',  ( 0.8799019979254570900, -0.5718407022048622700, -0.01656570065927932100 ) ) ;
#5048 = CARTESIAN_POINT ( 'NONE',  ( 0.8799019979254570900, -0.5723407022048624400, -0.01656570065927932100 ) ) ;
#5049 = CARTESIAN_POINT ( 'NONE',  ( 0.8813325037613594100, -0.5718407022048622700, -0.01707870586312291300 ) ) ;
#5050 = CARTESIAN_POINT ( 'NONE',  ( 0.8813325037613594100, -0.5723407022048624400, -0.01707870586312291300 ) ) ;
#5051 = CARTESIAN_POINT ( 'NONE',  ( 0.8828836901825882800, -0.5718407022048622700, -0.01748821258894188800 ) ) ;
#5052 = CARTESIAN_POINT ( 'NONE',  ( 0.8828836901825882800, -0.5723407022048623300, -0.01748821258894188800 ) ) ;
#5053 = CARTESIAN_POINT ( 'NONE',  ( 0.8845816319596320200, -0.5718407022048622700, -0.01774152116370616600 ) ) ;
#5054 = CARTESIAN_POINT ( 'NONE',  ( 0.8845816319596320200, -0.5723407022048623300, -0.01774152116370616600 ) ) ;
#5055 = CARTESIAN_POINT ( 'NONE',  ( 0.8864340449808257900, -0.5718407022048621600, -0.01791986322937252900 ) ) ;
#5056 = CARTESIAN_POINT ( 'NONE',  ( 0.8864340449808257900, -0.5723407022048623300, -0.01791986322937252900 ) ) ;
#5057 = CARTESIAN_POINT ( 'NONE',  ( 0.8884578716474277300, -0.5718407022048622700, -0.01805755192915304100 ) ) ;
#5058 = CARTESIAN_POINT ( 'NONE',  ( 0.8884578716474277300, -0.5723407022048624400, -0.01805755192915304100 ) ) ;
#5059 = CARTESIAN_POINT ( 'NONE',  ( 0.8906729776641730800, -0.5718407022048621600, -0.01811370245199735200 ) ) ;
#5060 = CARTESIAN_POINT ( 'NONE',  ( 0.8906729776641730800, -0.5723407022048623300, -0.01811370245199735200 ) ) ;
#5061 = CARTESIAN_POINT ( 'NONE',  ( 0.8922087349005684000, -0.5718407022048622700, -0.01813150742446940900 ) ) ;
#5062 = CARTESIAN_POINT ( 'NONE',  ( 0.8922087349005684000, -0.5723407022048623300, -0.01813150742446940900 ) ) ;
#5063 = CARTESIAN_POINT ( 'NONE',  ( 0.8930101021576264400, -0.5718407022048622700, -0.01814079816496777900 ) ) ;
#5064 = CARTESIAN_POINT ( 'NONE',  ( 0.8930101021576264400, -0.5723407022048623300, -0.01814079816496777900 ) ) ;
#5065 = PLANE ( 'NONE',  #281 ) ;
#5066 = CARTESIAN_POINT ( 'NONE',  ( 0.8930101021576264400, -0.5718407022048622700, -0.01814079816496777900 ) ) ;
#5067 = DIRECTION ( 'NONE',  ( 0.0000000000000000000, 0.0000000000000000000, -1.000000000000000000 ) ) ;
#5068 = DIRECTION ( 'NONE',  ( -1.000000000000000000, 0.0000000000000000000, -0.0000000000000000000 ) ) ;
#5069 = PLANE ( 'NONE',  #280 ) ;
#5070 = CARTESIAN_POINT ( 'NONE',  ( 0.9088299201956011600, -0.5718407022048621600, -0.01814079816496777900 ) ) ;
#5071 = DIRECTION ( 'NONE',  ( 1.000000000000000000, 1.622879996236195800E-015, -0.0000000000000000000 ) ) ;
#5072 = DIRECTION ( 'NONE',  ( -1.622879996236195800E-015, 1.000000000000000000, 0.0000000000000000000 ) ) ;
#5073 = CARTESIAN_POINT ( 'NONE',  ( 0.5359837967778796600, -0.5718407022048628300, 0.07568040436667783400 ) ) ;
#5074 = CARTESIAN_POINT ( 'NONE',  ( 0.5359837967778796600, -0.5723407022048627700, 0.07568040436667783400 ) ) ;
#5075 = CARTESIAN_POINT ( 'NONE',  ( 0.5354431438519827700, -0.5718407022048628300, 0.07603125261345598800 ) ) ;
#5076 = CARTESIAN_POINT ( 'NONE',  ( 0.5354431438519827700, -0.5723407022048627700, 0.07603125261345598800 ) ) ;
#5077 = CARTESIAN_POINT ( 'NONE',  ( 0.5343866253309542700, -0.5718407022048627200, 0.07671686375701272700 ) ) ;
#5078 = CARTESIAN_POINT ( 'NONE',  ( 0.5343866253309542700, -0.5723407022048626600, 0.07671686375701272700 ) ) ;
#5079 = CARTESIAN_POINT ( 'NONE',  ( 0.5329988854961539300, -0.5718407022048628300, 0.07795770816964978100 ) ) ;
#5080 = CARTESIAN_POINT ( 'NONE',  ( 0.5329988854961539300, -0.5723407022048627700, 0.07795770816964978100 ) ) ;
#5081 = CARTESIAN_POINT ( 'NONE',  ( 0.5318671964335983700, -0.5718407022048626100, 0.07936328733584491200 ) ) ;
#5082 = CARTESIAN_POINT ( 'NONE',  ( 0.5318671964335983700, -0.5723407022048626600, 0.07936328733584491200 ) ) ;
#5083 = CARTESIAN_POINT ( 'NONE',  ( 0.5309528578899642700, -0.5718407022048628300, 0.08090483268035379700 ) ) ;
#5084 = CARTESIAN_POINT ( 'NONE',  ( 0.5309528578899642700, -0.5723407022048627700, 0.08090483268035379700 ) ) ;
#5085 = CARTESIAN_POINT ( 'NONE',  ( 0.5302698875669777900, -0.5718407022048628300, 0.08260586367113424700 ) ) ;
#5086 = CARTESIAN_POINT ( 'NONE',  ( 0.5302698875669777900, -0.5723407022048627700, 0.08260586367113424700 ) ) ;
#5087 = CARTESIAN_POINT ( 'NONE',  ( 0.5298152923001006000, -0.5718407022048629400, 0.08445747007471780800 ) ) ;
#5088 = CARTESIAN_POINT ( 'NONE',  ( 0.5298152923001006000, -0.5723407022048629900, 0.08445747007471780800 ) ) ;
#5089 = CARTESIAN_POINT ( 'NONE',  ( 0.5295112850408455500, -0.5718407022048626100, 0.08645565946345593100 ) ) ;
#5090 = CARTESIAN_POINT ( 'NONE',  ( 0.5295112850408455500, -0.5723407022048625500, 0.08645565946345593100 ) ) ;
#5091 = CARTESIAN_POINT ( 'NONE',  ( 0.5294793599929771300, -0.5718407022048628300, 0.08783966224912742600 ) ) ;
#5092 = CARTESIAN_POINT ( 'NONE',  ( 0.5294793599929771300, -0.5723407022048627700, 0.08783966224912742600 ) ) ;
#5093 = CARTESIAN_POINT ( 'NONE',  ( 0.5294628315880062200, -0.5718407022048628300, 0.08855619550591832500 ) ) ;
#5094 = CARTESIAN_POINT ( 'NONE',  ( 0.5294628315880062200, -0.5723407022048627700, 0.08855619550591832500 ) ) ;
#5095 = CARTESIAN_POINT ( 'NONE',  ( 0.5419232746259808900, -0.5718407022048628300, 0.09877375879705757600 ) ) ;
#5096 = CARTESIAN_POINT ( 'NONE',  ( 0.5419232746259808900, -0.5723407022048628800, 0.09877375879705757600 ) ) ;
#5097 = CARTESIAN_POINT ( 'NONE',  ( 0.5416101223906363300, -0.5718407022048628300, 0.09852936591557071000 ) ) ;
#5098 = CARTESIAN_POINT ( 'NONE',  ( 0.5416101223906363300, -0.5723407022048629900, 0.09852936591557071000 ) ) ;
#5099 = CARTESIAN_POINT ( 'NONE',  ( 0.5409948743662252900, -0.5718407022048627200, 0.09804920891669287300 ) ) ;
#5100 = CARTESIAN_POINT ( 'NONE',  ( 0.5409948743662252900, -0.5723407022048627700, 0.09804920891669287300 ) ) ;
#5101 = CARTESIAN_POINT ( 'NONE',  ( 0.5402243595920818200, -0.5718407022048628300, 0.09716927532305812100 ) ) ;
#5102 = CARTESIAN_POINT ( 'NONE',  ( 0.5402243595920818200, -0.5723407022048629900, 0.09716927532305812100 ) ) ;
#5103 = CARTESIAN_POINT ( 'NONE',  ( 0.5395929022760483900, -0.5718407022048627200, 0.09619011748916606000 ) ) ;
#5104 = CARTESIAN_POINT ( 'NONE',  ( 0.5395929022760483900, -0.5723407022048627700, 0.09619011748916606000 ) ) ;
#5105 = CARTESIAN_POINT ( 'NONE',  ( 0.5391120434732368200, -0.5718407022048628300, 0.09509833521183153100 ) ) ;
#5106 = CARTESIAN_POINT ( 'NONE',  ( 0.5391120434732368200, -0.5723407022048629900, 0.09509833521183153100 ) ) ;
#5107 = CARTESIAN_POINT ( 'NONE',  ( 0.5387513447749657800, -0.5718407022048627200, 0.09390722272612350700 ) ) ;
#5108 = CARTESIAN_POINT ( 'NONE',  ( 0.5387513447749657800, -0.5723407022048627700, 0.09390722272612350700 ) ) ;
#5109 = CARTESIAN_POINT ( 'NONE',  ( 0.5385111035374967600, -0.5718407022048627200, 0.09261598311938130900 ) ) ;
#5110 = CARTESIAN_POINT ( 'NONE',  ( 0.5385111035374967600, -0.5723407022048627700, 0.09261598311938130900 ) ) ;
#5111 = CARTESIAN_POINT ( 'NONE',  ( 0.5383555075516246500, -0.5718407022048629400, 0.09122741964227562600 ) ) ;
#5112 = CARTESIAN_POINT ( 'NONE',  ( 0.5383555075516246500, -0.5723407022048631100, 0.09122741964227562600 ) ) ;
#5113 = CARTESIAN_POINT ( 'NONE',  ( 0.5383344486474703800, -0.5718407022048628300, 0.09026879721513356200 ) ) ;
#5114 = CARTESIAN_POINT ( 'NONE',  ( 0.5383344486474703800, -0.5723407022048629900, 0.09026879721513356200 ) ) ;
#5115 = CARTESIAN_POINT ( 'NONE',  ( 0.5383235910816771600, -0.5718407022048628300, 0.08977454993629807600 ) ) ;
#5116 = CARTESIAN_POINT ( 'NONE',  ( 0.5383235910816771600, -0.5723407022048628800, 0.08977454993629807600 ) ) ;
#5117 = PLANE ( 'NONE',  #284 ) ;
#5118 = CARTESIAN_POINT ( 'NONE',  ( 0.5275716363575385600, -0.5718407022048628300, 0.1096439316731098900 ) ) ;
#5119 = DIRECTION ( 'NONE',  ( -6.671462955953454600E-013, -1.000000000000000000, -2.137857763405938300E-012 ) ) ;
#5120 = DIRECTION ( 'NONE',  ( 0.0000000000000000000, 2.137857763405938300E-012, -1.000000000000000000 ) ) ;
#5121 = CARTESIAN_POINT ( 'NONE',  ( 0.5294628315880062200, -0.5718407022048628300, 0.08855619550591832500 ) ) ;
#5122 = CARTESIAN_POINT ( 'NONE',  ( 0.5294628315880062200, -0.5723407022048627700, 0.08855619550591832500 ) ) ;
#5123 = CARTESIAN_POINT ( 'NONE',  ( 0.5294859758828662800, -0.5718407022048628300, 0.08936600009712009100 ) ) ;
#5124 = CARTESIAN_POINT ( 'NONE',  ( 0.5294859758828662800, -0.5723407022048627700, 0.08936600009712009100 ) ) ;
#5125 = CARTESIAN_POINT ( 'NONE',  ( 0.5295307687268890900, -0.5718407022048628300, 0.09093327406082767100 ) ) ;
#5126 = CARTESIAN_POINT ( 'NONE',  ( 0.5295307687268890900, -0.5723407022048627700, 0.09093327406082767100 ) ) ;
#5127 = CARTESIAN_POINT ( 'NONE',  ( 0.5299731873436293000, -0.5718407022048627200, 0.09318360108472102700 ) ) ;
#5128 = CARTESIAN_POINT ( 'NONE',  ( 0.5299731873436293000, -0.5723407022048626600, 0.09318360108472102700 ) ) ;
#5129 = CARTESIAN_POINT ( 'NONE',  ( 0.5306741755460008300, -0.5718407022048626100, 0.09525269879503034400 ) ) ;
#5130 = CARTESIAN_POINT ( 'NONE',  ( 0.5306741755460008300, -0.5723407022048626600, 0.09525269879503034400 ) ) ;
#5131 = CARTESIAN_POINT ( 'NONE',  ( 0.5316877769810198800, -0.5718407022048629400, 0.09711799047773281300 ) ) ;
#5132 = CARTESIAN_POINT ( 'NONE',  ( 0.5316877769810198800, -0.5723407022048628800, 0.09711799047773281300 ) ) ;
#5133 = CARTESIAN_POINT ( 'NONE',  ( 0.5329335147618355900, -0.5718407022048628300, 0.09879928744885591000 ) ) ;
#5134 = CARTESIAN_POINT ( 'NONE',  ( 0.5329335147618355900, -0.5723407022048627700, 0.09879928744885591000 ) ) ;
#5135 = CARTESIAN_POINT ( 'NONE',  ( 0.5343658953748738900, -0.5718407022048627200, 0.1003189951166107000 ) ) ;
#5136 = CARTESIAN_POINT ( 'NONE',  ( 0.5343658953748738900, -0.5723407022048626600, 0.1003189951166107000 ) ) ;
#5137 = CARTESIAN_POINT ( 'NONE',  ( 0.5359967193465348100, -0.5718407022048629400, 0.1016615924132827500 ) ) ;
#5138 = CARTESIAN_POINT ( 'NONE',  ( 0.5359967193465348100, -0.5723407022048629900, 0.1016615924132827500 ) ) ;
#5139 = CARTESIAN_POINT ( 'NONE',  ( 0.5372019529946858700, -0.5718407022048628300, 0.1024010633145300000 ) ) ;
#5140 = CARTESIAN_POINT ( 'NONE',  ( 0.5372019529946858700, -0.5723407022048627700, 0.1024010633145300000 ) ) ;
#5141 = CARTESIAN_POINT ( 'NONE',  ( 0.5378113284234492500, -0.5718407022048628300, 0.1027749455059183400 ) ) ;
#5142 = CARTESIAN_POINT ( 'NONE',  ( 0.5378113284234492500, -0.5723407022048627700, 0.1027749455059183400 ) ) ;
#5143 = PLANE ( 'NONE',  #283 ) ;
#5144 = CARTESIAN_POINT ( 'NONE',  ( 0.5378113284234492500, -0.5718407022048628300, 0.1027749455059183400 ) ) ;
#5145 = DIRECTION ( 'NONE',  ( 1.000000000000000000, 1.622879996236196000E-015, -0.0000000000000000000 ) ) ;
#5146 = DIRECTION ( 'NONE',  ( -1.622879996236196000E-015, 1.000000000000000000, 0.0000000000000000000 ) ) ;
#5147 = CARTESIAN_POINT ( 'NONE',  ( 0.7331970088031967100, -0.07234070220486343800, -0.1822547222156006800 ) ) ;
#5148 = DIRECTION ( 'NONE',  ( -0.0000000000000000000, -0.0000000000000000000, 1.000000000000000000 ) ) ;
#5149 = DIRECTION ( 'NONE',  ( 1.000000000000000000, 0.0000000000000000000, 0.0000000000000000000 ) ) ;
#5150 = CARTESIAN_POINT ( 'NONE',  ( 0.7331970088031967100, -0.07234070220486343800, 0.1777452777843993300 ) ) ;
#5151 = DIRECTION ( 'NONE',  ( -0.0000000000000000000, -0.0000000000000000000, 1.000000000000000000 ) ) ;
#5152 = DIRECTION ( 'NONE',  ( 1.000000000000000000, 0.0000000000000000000, 0.0000000000000000000 ) ) ;
#5153 = PLANE ( 'NONE',  #285 ) ;
#5154 = CARTESIAN_POINT ( 'NONE',  ( 0.7288299201956011100, -0.5718407022048624900, 0.1073022398097158200 ) ) ;
#5155 = DIRECTION ( 'NONE',  ( 0.0000000000000000000, 0.0000000000000000000, 1.000000000000000000 ) ) ;
#5156 = DIRECTION ( 'NONE',  ( 1.000000000000000000, 0.0000000000000000000, -0.0000000000000000000 ) ) ;
#5157 = CARTESIAN_POINT ( 'NONE',  ( 0.7204537334867404700, -0.5718407022048624900, 0.1073022398097158200 ) ) ;
#5158 = CARTESIAN_POINT ( 'NONE',  ( 0.7204537334867404700, -0.5723407022048624400, 0.1073022398097158200 ) ) ;
#5159 = CARTESIAN_POINT ( 'NONE',  ( 0.7198166988889137500, -0.5718407022048624900, 0.1072894530880350300 ) ) ;
#5160 = CARTESIAN_POINT ( 'NONE',  ( 0.7198166988889137500, -0.5723407022048624400, 0.1072894530880350300 ) ) ;
#5161 = CARTESIAN_POINT ( 'NONE',  ( 0.7185826396311896200, -0.5718407022048626100, 0.1072646827343997400 ) ) ;
#5162 = CARTESIAN_POINT ( 'NONE',  ( 0.7185826396311896200, -0.5723407022048625500, 0.1072646827343997400 ) ) ;
#5163 = CARTESIAN_POINT ( 'NONE',  ( 0.7167959724870324200, -0.5718407022048624900, 0.1071361535281253700 ) ) ;
#5164 = CARTESIAN_POINT ( 'NONE',  ( 0.7167959724870324200, -0.5723407022048624400, 0.1071361535281253700 ) ) ;
#5165 = CARTESIAN_POINT ( 'NONE',  ( 0.7151362404495370500, -0.5718407022048626100, 0.1068814581512734000 ) ) ;
#5166 = CARTESIAN_POINT ( 'NONE',  ( 0.7151362404495370500, -0.5723407022048626600, 0.1068814581512734000 ) ) ;
#5167 = CARTESIAN_POINT ( 'NONE',  ( 0.7135949060758956000, -0.5718407022048626100, 0.1065446094006599500 ) ) ;
#5168 = CARTESIAN_POINT ( 'NONE',  ( 0.7135949060758956000, -0.5723407022048625500, 0.1065446094006599500 ) ) ;
#5169 = CARTESIAN_POINT ( 'NONE',  ( 0.7121626245095859000, -0.5718407022048624900, 0.1060832379320831600 ) ) ;
#5170 = CARTESIAN_POINT ( 'NONE',  ( 0.7121626245095859000, -0.5723407022048624400, 0.1060832379320831600 ) ) ;
#5171 = CARTESIAN_POINT ( 'NONE',  ( 0.7108527721762996100, -0.5718407022048627200, 0.1054286171418603900 ) ) ;
#5172 = CARTESIAN_POINT ( 'NONE',  ( 0.7108527721762996100, -0.5723407022048626600, 0.1054286171418603900 ) ) ;
#5173 = CARTESIAN_POINT ( 'NONE',  ( 0.7096431100047966300, -0.5718407022048624900, 0.1046216286082473200 ) ) ;
#5174 = CARTESIAN_POINT ( 'NONE',  ( 0.7096431100047966300, -0.5723407022048624400, 0.1046216286082473200 ) ) ;
#5175 = CARTESIAN_POINT ( 'NONE',  ( 0.7089397673569718400, -0.5718407022048626100, 0.1039532002669850000 ) ) ;
#5176 = CARTESIAN_POINT ( 'NONE',  ( 0.7089397673569718400, -0.5723407022048625500, 0.1039532002669850000 ) ) ;
#5177 = CARTESIAN_POINT ( 'NONE',  ( 0.7085886227272465400, -0.5718407022048624900, 0.1036194866451588500 ) ) ;
#5178 = CARTESIAN_POINT ( 'NONE',  ( 0.7085886227272465400, -0.5723407022048624400, 0.1036194866451588500 ) ) ;
#5179 = CARTESIAN_POINT ( 'NONE',  ( 0.7085886227272465400, -0.5718407022048624900, 0.1036194866451588500 ) ) ;
#5180 = CARTESIAN_POINT ( 'NONE',  ( 0.7085886227272465400, -0.5723407022048625500, 0.1036194866451588500 ) ) ;
#5181 = CARTESIAN_POINT ( 'NONE',  ( 0.7082852307414836400, -0.5718407022048624900, 0.1032798367025113100 ) ) ;
#5182 = CARTESIAN_POINT ( 'NONE',  ( 0.7082852307414836400, -0.5723407022048625500, 0.1032798367025113100 ) ) ;
#5183 = CARTESIAN_POINT ( 'NONE',  ( 0.7076873794796453300, -0.5718407022048624900, 0.1026105370626920300 ) ) ;
#5184 = CARTESIAN_POINT ( 'NONE',  ( 0.7076873794796453300, -0.5723407022048625500, 0.1026105370626920300 ) ) ;
#5185 = CARTESIAN_POINT ( 'NONE',  ( 0.7069299751817806900, -0.5718407022048628300, 0.1014919917266323800 ) ) ;
#5186 = CARTESIAN_POINT ( 'NONE',  ( 0.7069299751817806900, -0.5723407022048627700, 0.1014919917266323800 ) ) ;
#5187 = CARTESIAN_POINT ( 'NONE',  ( 0.7062996007070580000, -0.5718407022048624900, 0.1003068486964862300 ) ) ;
#5188 = CARTESIAN_POINT ( 'NONE',  ( 0.7062996007070580000, -0.5723407022048624400, 0.1003068486964862300 ) ) ;
#5189 = CARTESIAN_POINT ( 'NONE',  ( 0.7057690727442812500, -0.5718407022048624900, 0.09903598197268398400 ) ) ;
#5190 = CARTESIAN_POINT ( 'NONE',  ( 0.7057690727442812500, -0.5723407022048625500, 0.09903598197268398400 ) ) ;
#5191 = CARTESIAN_POINT ( 'NONE',  ( 0.7053871686710480000, -0.5718407022048624900, 0.09763443940002646000 ) ) ;
#5192 = CARTESIAN_POINT ( 'NONE',  ( 0.7053871686710480000, -0.5723407022048624400, 0.09763443940002646000 ) ) ;
#5193 = CARTESIAN_POINT ( 'NONE',  ( 0.7050937071807785700, -0.5718407022048626100, 0.09608005436828821700 ) ) ;
#5194 = CARTESIAN_POINT ( 'NONE',  ( 0.7050937071807785700, -0.5723407022048626600, 0.09608005436828821700 ) ) ;
#5195 = CARTESIAN_POINT ( 'NONE',  ( 0.7049357299766226800, -0.5718407022048626100, 0.09434662499878943000 ) ) ;
#5196 = CARTESIAN_POINT ( 'NONE',  ( 0.7049357299766226800, -0.5723407022048626600, 0.09434662499878943000 ) ) ;
#5197 = CARTESIAN_POINT ( 'NONE',  ( 0.7049161090113663700, -0.5718407022048624900, 0.09313454285318228900 ) ) ;
#5198 = CARTESIAN_POINT ( 'NONE',  ( 0.7049161090113663700, -0.5723407022048625500, 0.09313454285318228900 ) ) ;
#5199 = CARTESIAN_POINT ( 'NONE',  ( 0.7049058695626895200, -0.5718407022048624900, 0.09250200246794365600 ) ) ;
#5200 = CARTESIAN_POINT ( 'NONE',  ( 0.7049058695626895200, -0.5723407022048625500, 0.09250200246794365600 ) ) ;
#5201 = PLANE ( 'NONE',  #287 ) ;
#5202 = CARTESIAN_POINT ( 'NONE',  ( 0.7109827794498491100, -0.5718407022048624900, 0.07337730182240101400 ) ) ;
#5203 = DIRECTION ( 'NONE',  ( 9.510164580505260400E-014, -1.000000000000000000, 1.560646665482943700E-012 ) ) ;
#5204 = DIRECTION ( 'NONE',  ( 0.0000000000000000000, -1.560646665482943700E-012, -1.000000000000000000 ) ) ;
#5205 = CARTESIAN_POINT ( 'NONE',  ( 0.6960451100690189200, -0.5718407022048624900, 0.09194820499958922300 ) ) ;
#5206 = CARTESIAN_POINT ( 'NONE',  ( 0.6960451100690189200, -0.5723407022048624400, 0.09194820499958922300 ) ) ;
#5207 = CARTESIAN_POINT ( 'NONE',  ( 0.6960548486141584500, -0.5718407022048624900, 0.09257167430266924300 ) ) ;
#5208 = CARTESIAN_POINT ( 'NONE',  ( 0.6960548486141584500, -0.5723407022048624400, 0.09257167430266924300 ) ) ;
#5209 = CARTESIAN_POINT ( 'NONE',  ( 0.6960739289564492600, -0.5718407022048624900, 0.09379321279122858300 ) ) ;
#5210 = CARTESIAN_POINT ( 'NONE',  ( 0.6960739289564492600, -0.5723407022048624400, 0.09379321279122858300 ) ) ;
#5211 = CARTESIAN_POINT ( 'NONE',  ( 0.6962501049375664500, -0.5718407022048624900, 0.09558625818489512000 ) ) ;
#5212 = CARTESIAN_POINT ( 'NONE',  ( 0.6962501049375664500, -0.5723407022048624400, 0.09558625818489512000 ) ) ;
#5213 = CARTESIAN_POINT ( 'NONE',  ( 0.6965037533399991400, -0.5718407022048624900, 0.09730415424269914200 ) ) ;
#5214 = CARTESIAN_POINT ( 'NONE',  ( 0.6965037533399991400, -0.5723407022048624400, 0.09730415424269914200 ) ) ;
#5215 = CARTESIAN_POINT ( 'NONE',  ( 0.6968810174405323200, -0.5718407022048626100, 0.09894659262025143300 ) ) ;
#5216 = CARTESIAN_POINT ( 'NONE',  ( 0.6968810174405323200, -0.5723407022048625500, 0.09894659262025143300 ) ) ;
#5217 = CARTESIAN_POINT ( 'NONE',  ( 0.6973615317148312800, -0.5718407022048624900, 0.1005130285133966900 ) ) ;
#5218 = CARTESIAN_POINT ( 'NONE',  ( 0.6973615317148312800, -0.5723407022048624400, 0.1005130285133966900 ) ) ;
#5219 = CARTESIAN_POINT ( 'NONE',  ( 0.6979608145723409400, -0.5718407022048626100, 0.1019965261171165600 ) ) ;
#5220 = CARTESIAN_POINT ( 'NONE',  ( 0.6979608145723409400, -0.5723407022048625500, 0.1019965261171165600 ) ) ;
#5221 = CARTESIAN_POINT ( 'NONE',  ( 0.6986547972933818700, -0.5718407022048626100, 0.1034064193334185300 ) ) ;
#5222 = CARTESIAN_POINT ( 'NONE',  ( 0.6986547972933818700, -0.5723407022048626600, 0.1034064193334185300 ) ) ;
#5223 = CARTESIAN_POINT ( 'NONE',  ( 0.6994574687677248500, -0.5718407022048626100, 0.1047349761578643100 ) ) ;
#5224 = CARTESIAN_POINT ( 'NONE',  ( 0.6994574687677248500, -0.5723407022048626600, 0.1047349761578643100 ) ) ;
#5225 = CARTESIAN_POINT ( 'NONE',  ( 0.7003648192180345100, -0.5718407022048623800, 0.1059822896964137500 ) ) ;
#5226 = CARTESIAN_POINT ( 'NONE',  ( 0.7003648192180345100, -0.5723407022048623300, 0.1059822896964137500 ) ) ;
#5227 = CARTESIAN_POINT ( 'NONE',  ( 0.7013408668891083500, -0.5718407022048626100, 0.1071570004838670000 ) ) ;
#5228 = CARTESIAN_POINT ( 'NONE',  ( 0.7013408668891083500, -0.5723407022048626600, 0.1071570004838670000 ) ) ;
#5229 = CARTESIAN_POINT ( 'NONE',  ( 0.7024056207928137700, -0.5718407022048623800, 0.1082494541659279600 ) ) ;
#5230 = CARTESIAN_POINT ( 'NONE',  ( 0.7024056207928137700, -0.5723407022048623300, 0.1082494541659279600 ) ) ;
#5231 = CARTESIAN_POINT ( 'NONE',  ( 0.7035518501555183500, -0.5718407022048624900, 0.1092546652819111600 ) ) ;
#5232 = CARTESIAN_POINT ( 'NONE',  ( 0.7035518501555183500, -0.5723407022048624400, 0.1092546652819111600 ) ) ;
#5233 = CARTESIAN_POINT ( 'NONE',  ( 0.7047791707926532900, -0.5718407022048624900, 0.1101870201489226900 ) ) ;
#5234 = CARTESIAN_POINT ( 'NONE',  ( 0.7047791707926532900, -0.5723407022048624400, 0.1101870201489226900 ) ) ;
#5235 = CARTESIAN_POINT ( 'NONE',  ( 0.7060745521019312600, -0.5718407022048626100, 0.1110454125670229500 ) ) ;
#5236 = CARTESIAN_POINT ( 'NONE',  ( 0.7060745521019312600, -0.5723407022048626600, 0.1110454125670229500 ) ) ;
#5237 = CARTESIAN_POINT ( 'NONE',  ( 0.7074602651624862800, -0.5718407022048624900, 0.1118153179829785700 ) ) ;
#5238 = CARTESIAN_POINT ( 'NONE',  ( 0.7074602651624862800, -0.5723407022048624400, 0.1118153179829785700 ) ) ;
#5239 = CARTESIAN_POINT ( 'NONE',  ( 0.7084284924113608600, -0.5718407022048627200, 0.1122560859353388100 ) ) ;
#5240 = CARTESIAN_POINT ( 'NONE',  ( 0.7084284924113608600, -0.5723407022048626600, 0.1122560859353388100 ) ) ;
#5241 = CARTESIAN_POINT ( 'NONE',  ( 0.7089209012082594600, -0.5718407022048624900, 0.1124802461388297500 ) ) ;
#5242 = CARTESIAN_POINT ( 'NONE',  ( 0.7089209012082594600, -0.5723407022048624400, 0.1124802461388297500 ) ) ;
#5243 = CARTESIAN_POINT ( 'NONE',  ( 0.7032306322209175300, -0.5718407022048624900, 0.07653879044262719400 ) ) ;
#5244 = CARTESIAN_POINT ( 'NONE',  ( 0.7032306322209175300, -0.5723407022048625500, 0.07653879044262719400 ) ) ;
#5245 = CARTESIAN_POINT ( 'NONE',  ( 0.7026830009257338800, -0.5718407022048626100, 0.07695388795123329900 ) ) ;
#5246 = CARTESIAN_POINT ( 'NONE',  ( 0.7026830009257338800, -0.5723407022048626600, 0.07695388795123329900 ) ) ;
#5247 = CARTESIAN_POINT ( 'NONE',  ( 0.7015961769956057200, -0.5718407022048626100, 0.07777768657205237600 ) ) ;
#5248 = CARTESIAN_POINT ( 'NONE',  ( 0.7015961769956057200, -0.5723407022048626600, 0.07777768657205237600 ) ) ;
#5249 = CARTESIAN_POINT ( 'NONE',  ( 0.7001905818718141500, -0.5718407022048624900, 0.07925610951356036600 ) ) ;
#5250 = CARTESIAN_POINT ( 'NONE',  ( 0.7001905818718141500, -0.5723407022048624400, 0.07925610951356036600 ) ) ;
#5251 = CARTESIAN_POINT ( 'NONE',  ( 0.6989380124793817000, -0.5718407022048624900, 0.08085452081394345300 ) ) ;
#5252 = CARTESIAN_POINT ( 'NONE',  ( 0.6989380124793817000, -0.5723407022048625500, 0.08085452081394345300 ) ) ;
#5253 = CARTESIAN_POINT ( 'NONE',  ( 0.6978902796260866300, -0.5718407022048624900, 0.08263412517445102600 ) ) ;
#5254 = CARTESIAN_POINT ( 'NONE',  ( 0.6978902796260866300, -0.5723407022048624400, 0.08263412517445102600 ) ) ;
#5255 = CARTESIAN_POINT ( 'NONE',  ( 0.6970406217376241600, -0.5718407022048624900, 0.08461927130304679200 ) ) ;
#5256 = CARTESIAN_POINT ( 'NONE',  ( 0.6970406217376241600, -0.5723407022048624400, 0.08461927130304679200 ) ) ;
#5257 = CARTESIAN_POINT ( 'NONE',  ( 0.6964576541864514500, -0.5718407022048626100, 0.08684823782413866900 ) ) ;
#5258 = CARTESIAN_POINT ( 'NONE',  ( 0.6964576541864514500, -0.5723407022048626600, 0.08684823782413866900 ) ) ;
#5259 = CARTESIAN_POINT ( 'NONE',  ( 0.6961157643950395300, -0.5718407022048624900, 0.08932092710015998600 ) ) ;
#5260 = CARTESIAN_POINT ( 'NONE',  ( 0.6961157643950395300, -0.5723407022048625500, 0.08932092710015998600 ) ) ;
#5261 = CARTESIAN_POINT ( 'NONE',  ( 0.6960693422177741700, -0.5718407022048626100, 0.09104713365030692200 ) ) ;
#5262 = CARTESIAN_POINT ( 'NONE',  ( 0.6960693422177741700, -0.5723407022048626600, 0.09104713365030692200 ) ) ;
#5263 = CARTESIAN_POINT ( 'NONE',  ( 0.6960451100690189200, -0.5718407022048624900, 0.09194820499958922300 ) ) ;
#5264 = CARTESIAN_POINT ( 'NONE',  ( 0.6960451100690189200, -0.5723407022048625500, 0.09194820499958922300 ) ) ;
#5265 = CARTESIAN_POINT ( 'NONE',  ( 0.7193876733601579600, -0.5718407022048624900, 0.07274527778439934800 ) ) ;
#5266 = CARTESIAN_POINT ( 'NONE',  ( 0.7193876733601579600, -0.5723407022048624400, 0.07274527778439934800 ) ) ;
#5267 = CARTESIAN_POINT ( 'NONE',  ( 0.7184875602407169200, -0.5718407022048626100, 0.07275636680256772300 ) ) ;
#5268 = CARTESIAN_POINT ( 'NONE',  ( 0.7184875602407169200, -0.5723407022048625500, 0.07275636680256772300 ) ) ;
#5269 = CARTESIAN_POINT ( 'NONE',  ( 0.7167644111262896400, -0.5718407022048626100, 0.07277759528088224800 ) ) ;
#5270 = CARTESIAN_POINT ( 'NONE',  ( 0.7167644111262896400, -0.5723407022048625500, 0.07277759528088224800 ) ) ;
#5271 = CARTESIAN_POINT ( 'NONE',  ( 0.7142915453234488500, -0.5718407022048627200, 0.07292453781178866200 ) ) ;
#5272 = CARTESIAN_POINT ( 'NONE',  ( 0.7142915453234488500, -0.5723407022048626600, 0.07292453781178866200 ) ) ;
#5273 = CARTESIAN_POINT ( 'NONE',  ( 0.7120545390032951800, -0.5718407022048622700, 0.07318508951640474700 ) ) ;
#5274 = CARTESIAN_POINT ( 'NONE',  ( 0.7120545390032951800, -0.5723407022048623300, 0.07318508951640474700 ) ) ;
#5275 = CARTESIAN_POINT ( 'NONE',  ( 0.7100238099477675900, -0.5718407022048626100, 0.07353740214710569000 ) ) ;
#5276 = CARTESIAN_POINT ( 'NONE',  ( 0.7100238099477675900, -0.5723407022048626600, 0.07353740214710569000 ) ) ;
#5277 = CARTESIAN_POINT ( 'NONE',  ( 0.7081613869981220300, -0.5718407022048624900, 0.07403798200727207400 ) ) ;
#5278 = CARTESIAN_POINT ( 'NONE',  ( 0.7081613869981220300, -0.5723407022048624400, 0.07403798200727207400 ) ) ;
#5279 = CARTESIAN_POINT ( 'NONE',  ( 0.7064239988969640600, -0.5718407022048627200, 0.07471436709703774300 ) ) ;
#5280 = CARTESIAN_POINT ( 'NONE',  ( 0.7064239988969640600, -0.5723407022048626600, 0.07471436709703774300 ) ) ;
#5281 = CARTESIAN_POINT ( 'NONE',  ( 0.7047608652003196600, -0.5718407022048623800, 0.07551900842140049600 ) ) ;
#5282 = CARTESIAN_POINT ( 'NONE',  ( 0.7047608652003196600, -0.5723407022048623300, 0.07551900842140049600 ) ) ;
#5283 = CARTESIAN_POINT ( 'NONE',  ( 0.7037404346913415100, -0.5718407022048624900, 0.07619904649467081100 ) ) ;
#5284 = CARTESIAN_POINT ( 'NONE',  ( 0.7037404346913415100, -0.5723407022048624400, 0.07619904649467081100 ) ) ;
#5285 = CARTESIAN_POINT ( 'NONE',  ( 0.7032306322209177500, -0.5718407022048626100, 0.07653879044262718000 ) ) ;
#5286 = CARTESIAN_POINT ( 'NONE',  ( 0.7032306322209177500, -0.5723407022048625500, 0.07653879044262718000 ) ) ;
#5287 = PLANE ( 'NONE',  #288 ) ;
#5288 = CARTESIAN_POINT ( 'NONE',  ( 0.7368046037399047500, -0.5718407022048624900, 0.07274527778439934800 ) ) ;
#5289 = DIRECTION ( 'NONE',  ( 0.0000000000000000000, 0.0000000000000000000, 1.000000000000000000 ) ) ;
#5290 = DIRECTION ( 'NONE',  ( 1.000000000000000000, 0.0000000000000000000, -0.0000000000000000000 ) ) ;
#5291 = PLANE ( 'NONE',  #318 ) ;
#5292 = CARTESIAN_POINT ( 'NONE',  ( 0.7368046037399047500, -0.5718407022048624900, 0.1427452777843993500 ) ) ;
#5293 = DIRECTION ( 'NONE',  ( -1.000000000000000000, -1.622879996236195800E-015, 0.0000000000000000000 ) ) ;
#5294 = DIRECTION ( 'NONE',  ( 1.622879996236195800E-015, -1.000000000000000000, 0.0000000000000000000 ) ) ;
#5295 = PLANE ( 'NONE',  #290 ) ;
#5296 = CARTESIAN_POINT ( 'NONE',  ( 0.7288299201956011100, -0.5718407022048624900, 0.1427452777843993500 ) ) ;
#5297 = DIRECTION ( 'NONE',  ( 0.0000000000000000000, 0.0000000000000000000, -1.000000000000000000 ) ) ;
#5298 = DIRECTION ( 'NONE',  ( -1.000000000000000000, 0.0000000000000000000, -0.0000000000000000000 ) ) ;
#5299 = PLANE ( 'NONE',  #291 ) ;
#5300 = CARTESIAN_POINT ( 'NONE',  ( 0.7288299201956011100, -0.5718407022048624900, 0.1152769233540195900 ) ) ;
#5301 = DIRECTION ( 'NONE',  ( 1.000000000000000000, 1.622879996236195800E-015, -0.0000000000000000000 ) ) ;
#5302 = DIRECTION ( 'NONE',  ( -1.622879996236195800E-015, 1.000000000000000000, 0.0000000000000000000 ) ) ;
#5303 = PLANE ( 'NONE',  #292 ) ;
#5304 = CARTESIAN_POINT ( 'NONE',  ( 0.7157879898158542300, -0.5718407022048624900, 0.1152769233540195900 ) ) ;
#5305 = DIRECTION ( 'NONE',  ( 0.0000000000000000000, 0.0000000000000000000, -1.000000000000000000 ) ) ;
#5306 = DIRECTION ( 'NONE',  ( -1.000000000000000000, 0.0000000000000000000, -0.0000000000000000000 ) ) ;
#5307 = PLANE ( 'NONE',  #293 ) ;
#5308 = CARTESIAN_POINT ( 'NONE',  ( 0.6949236701956009700, -0.5718407022048624900, 0.1427452777843993500 ) ) ;
#5309 = DIRECTION ( 'NONE',  ( -0.7963245872842291700, -1.292339243214620000E-015, -0.6048695327809147100 ) ) ;
#5310 = DIRECTION ( 'NONE',  ( -0.6048695327809147100, 0.0000000000000000000, 0.7963245872842291700 ) ) ;
#5311 = PLANE ( 'NONE',  #294 ) ;
#5312 = CARTESIAN_POINT ( 'NONE',  ( 0.6854121986766136300, -0.5718407022048626100, 0.1427452777843993500 ) ) ;
#5313 = DIRECTION ( 'NONE',  ( 0.0000000000000000000, 0.0000000000000000000, -1.000000000000000000 ) ) ;
#5314 = DIRECTION ( 'NONE',  ( -1.000000000000000000, 0.0000000000000000000, -0.0000000000000000000 ) ) ;
#5315 = PLANE ( 'NONE',  #295 ) ;
#5316 = CARTESIAN_POINT ( 'NONE',  ( 0.7089209012082594600, -0.5718407022048624900, 0.1124802461388297500 ) ) ;
#5317 = DIRECTION ( 'NONE',  ( 0.7897411212918581400, 1.281655067949699700E-015, 0.6134402671333849500 ) ) ;
#5318 = DIRECTION ( 'NONE',  ( 0.6134402671333849500, 0.0000000000000000000, -0.7897411212918581400 ) ) ;
#5319 = PLANE ( 'NONE',  #296 ) ;
#5320 = CARTESIAN_POINT ( 'NONE',  ( 0.08319700880319554100, -0.5723407022048635500, -0.1822547222156006800 ) ) ;
#5321 = DIRECTION ( 'NONE',  ( 0.0000000000000000000, -1.000000000000000000, 0.0000000000000000000 ) ) ;
#5322 = DIRECTION ( 'NONE',  ( 0.0000000000000000000, -0.0000000000000000000, -1.000000000000000000 ) ) ;
#5323 = CARTESIAN_POINT ( 'NONE',  ( 0.7580704265247150100, -0.5718407022048624900, 0.1077729676578170800 ) ) ;
#5324 = CARTESIAN_POINT ( 'NONE',  ( 0.7580704265247150100, -0.5723407022048624400, 0.1077729676578170800 ) ) ;
#5325 = CARTESIAN_POINT ( 'NONE',  ( 0.7580834758583928600, -0.5718407022048624900, 0.1066554618515730800 ) ) ;
#5326 = CARTESIAN_POINT ( 'NONE',  ( 0.7580834758583928600, -0.5723407022048624400, 0.1066554618515730800 ) ) ;
#5327 = CARTESIAN_POINT ( 'NONE',  ( 0.7581088584305849500, -0.5718407022048624900, 0.1044817744816254200 ) ) ;
#5328 = CARTESIAN_POINT ( 'NONE',  ( 0.7581088584305849500, -0.5723407022048625500, 0.1044817744816254200 ) ) ;
#5329 = CARTESIAN_POINT ( 'NONE',  ( 0.7583883310138278500, -0.5718407022048624900, 0.1013217986067475600 ) ) ;
#5330 = CARTESIAN_POINT ( 'NONE',  ( 0.7583883310138278500, -0.5723407022048624400, 0.1013217986067475600 ) ) ;
#5331 = CARTESIAN_POINT ( 'NONE',  ( 0.7587799213631872800, -0.5718407022048624900, 0.09834693337646745200 ) ) ;
#5332 = CARTESIAN_POINT ( 'NONE',  ( 0.7587799213631872800, -0.5723407022048624400, 0.09834693337646745200 ) ) ;
#5333 = CARTESIAN_POINT ( 'NONE',  ( 0.7593998060090192400, -0.5718407022048624900, 0.09557957407806902400 ) ) ;
#5334 = CARTESIAN_POINT ( 'NONE',  ( 0.7593998060090192400, -0.5723407022048625500, 0.09557957407806902400 ) ) ;
#5335 = CARTESIAN_POINT ( 'NONE',  ( 0.7601494160226312000, -0.5718407022048624900, 0.09299858089215162800 ) ) ;
#5336 = CARTESIAN_POINT ( 'NONE',  ( 0.7601494160226312000, -0.5723407022048624400, 0.09299858089215162800 ) ) ;
#5337 = CARTESIAN_POINT ( 'NONE',  ( 0.7610949455613809100, -0.5718407022048624900, 0.09062262244742123900 ) ) ;
#5338 = CARTESIAN_POINT ( 'NONE',  ( 0.7610949455613809100, -0.5723407022048624400, 0.09062262244742123900 ) ) ;
#5339 = CARTESIAN_POINT ( 'NONE',  ( 0.7622025782745174300, -0.5718407022048624900, 0.08843664369937906400 ) ) ;
#5340 = CARTESIAN_POINT ( 'NONE',  ( 0.7622025782745174300, -0.5723407022048625500, 0.08843664369937906400 ) ) ;
#5341 = CARTESIAN_POINT ( 'NONE',  ( 0.7634727812089594500, -0.5718407022048624900, 0.08645104735391882800 ) ) ;
#5342 = CARTESIAN_POINT ( 'NONE',  ( 0.7634727812089594500, -0.5723407022048625500, 0.08645104735391882800 ) ) ;
#5343 = CARTESIAN_POINT ( 'NONE',  ( 0.7649005255618478400, -0.5718407022048623800, 0.08468812506472636600 ) ) ;
#5344 = CARTESIAN_POINT ( 'NONE',  ( 0.7649005255618478400, -0.5723407022048624400, 0.08468812506472636600 ) ) ;
#5345 = CARTESIAN_POINT ( 'NONE',  ( 0.7664579902320513000, -0.5718407022048624900, 0.08315123835967400100 ) ) ;
#5346 = CARTESIAN_POINT ( 'NONE',  ( 0.7664579902320513000, -0.5723407022048625500, 0.08315123835967400100 ) ) ;
#5347 = CARTESIAN_POINT ( 'NONE',  ( 0.7681440354660745700, -0.5718407022048623800, 0.08184993392005797400 ) ) ;
#5348 = CARTESIAN_POINT ( 'NONE',  ( 0.7681440354660745700, -0.5723407022048624400, 0.08184993392005797400 ) ) ;
#5349 = CARTESIAN_POINT ( 'NONE',  ( 0.7699621477884136500, -0.5718407022048623800, 0.08079362650612481600 ) ) ;
#5350 = CARTESIAN_POINT ( 'NONE',  ( 0.7699621477884136500, -0.5723407022048624400, 0.08079362650612481600 ) ) ;
#5351 = CARTESIAN_POINT ( 'NONE',  ( 0.7718954860636569900, -0.5718407022048624900, 0.07994818521598867600 ) ) ;
#5352 = CARTESIAN_POINT ( 'NONE',  ( 0.7718954860636569900, -0.5723407022048624400, 0.07994818521598867600 ) ) ;
#5353 = CARTESIAN_POINT ( 'NONE',  ( 0.7739665945450185900, -0.5718407022048622700, 0.07937939469313848300 ) ) ;
#5354 = CARTESIAN_POINT ( 'NONE',  ( 0.7739665945450185900, -0.5723407022048623300, 0.07937939469313848300 ) ) ;
#5355 = CARTESIAN_POINT ( 'NONE',  ( 0.7761517631411194400, -0.5718407022048623800, 0.07899942051975002200 ) ) ;
#5356 = CARTESIAN_POINT ( 'NONE',  ( 0.7761517631411194400, -0.5723407022048624400, 0.07899942051975002200 ) ) ;
#5357 = CARTESIAN_POINT ( 'NONE',  ( 0.7776547135670053300, -0.5718407022048623800, 0.07896526003428272500 ) ) ;
#5358 = CARTESIAN_POINT ( 'NONE',  ( 0.7776547135670053300, -0.5723407022048624400, 0.07896526003428272500 ) ) ;
#5359 = CARTESIAN_POINT ( 'NONE',  ( 0.7784224834867404800, -0.5718407022048623800, 0.07894780942996897100 ) ) ;
#5360 = CARTESIAN_POINT ( 'NONE',  ( 0.7784224834867404800, -0.5723407022048624400, 0.07894780942996897100 ) ) ;
#5361 = CARTESIAN_POINT ( 'NONE',  ( 0.7784224834867404800, -0.5718407022048624900, 0.07894780942996895700 ) ) ;
#5362 = CARTESIAN_POINT ( 'NONE',  ( 0.7784224834867404800, -0.5723407022048624400, 0.07894780942996895700 ) ) ;
#5363 = CARTESIAN_POINT ( 'NONE',  ( 0.7791994834295887800, -0.5718407022048624900, 0.07896504865434760000 ) ) ;
#5364 = CARTESIAN_POINT ( 'NONE',  ( 0.7791994834295887800, -0.5723407022048624400, 0.07896504865434760000 ) ) ;
#5365 = CARTESIAN_POINT ( 'NONE',  ( 0.7807162229851858400, -0.5718407022048624900, 0.07899870041167851600 ) ) ;
#5366 = CARTESIAN_POINT ( 'NONE',  ( 0.7807162229851858400, -0.5723407022048624400, 0.07899870041167851600 ) ) ;
#5367 = CARTESIAN_POINT ( 'NONE',  ( 0.7829198124717752200, -0.5718407022048621600, 0.07937927835882313500 ) ) ;
#5368 = CARTESIAN_POINT ( 'NONE',  ( 0.7829198124717752200, -0.5723407022048621100, 0.07937927835882313500 ) ) ;
#5369 = CARTESIAN_POINT ( 'NONE',  ( 0.7850042856869821100, -0.5718407022048626100, 0.07994861659050106500 ) ) ;
#5370 = CARTESIAN_POINT ( 'NONE',  ( 0.7850042856869821100, -0.5723407022048625500, 0.07994861659050106500 ) ) ;
#5371 = CARTESIAN_POINT ( 'NONE',  ( 0.7869490098806644100, -0.5718407022048622700, 0.08079007287412713600 ) ) ;
#5372 = CARTESIAN_POINT ( 'NONE',  ( 0.7869490098806644100, -0.5723407022048623300, 0.08079007287412713600 ) ) ;
#5373 = CARTESIAN_POINT ( 'NONE',  ( 0.7887699775722224500, -0.5718407022048624900, 0.08185031964333415500 ) ) ;
#5374 = CARTESIAN_POINT ( 'NONE',  ( 0.7887699775722224500, -0.5723407022048624400, 0.08185031964333415500 ) ) ;
#5375 = CARTESIAN_POINT ( 'NONE',  ( 0.7904562724225048200, -0.5718407022048624900, 0.08315112339407694500 ) ) ;
#5376 = CARTESIAN_POINT ( 'NONE',  ( 0.7904562724225048200, -0.5723407022048624400, 0.08315112339407694500 ) ) ;
#5377 = CARTESIAN_POINT ( 'NONE',  ( 0.7920135621330691700, -0.5718407022048622700, 0.08468818844318035100 ) ) ;
#5378 = CARTESIAN_POINT ( 'NONE',  ( 0.7920135621330691700, -0.5723407022048623300, 0.08468818844318035100 ) ) ;
#5379 = CARTESIAN_POINT ( 'NONE',  ( 0.7934417729041600700, -0.5718407022048626100, 0.08645090702887547900 ) ) ;
#5380 = CARTESIAN_POINT ( 'NONE',  ( 0.7934417729041600700, -0.5723407022048625500, 0.08645090702887547900 ) ) ;
#5381 = CARTESIAN_POINT ( 'NONE',  ( 0.7947101950023490700, -0.5718407022048622700, 0.08843716683484394200 ) ) ;
#5382 = CARTESIAN_POINT ( 'NONE',  ( 0.7947101950023490700, -0.5723407022048623300, 0.08843716683484394200 ) ) ;
#5383 = CARTESIAN_POINT ( 'NONE',  ( 0.7958240735967231400, -0.5718407022048622700, 0.09061905288878685500 ) ) ;
#5384 = CARTESIAN_POINT ( 'NONE',  ( 0.7958240735967231400, -0.5723407022048622200, 0.09061905288878685500 ) ) ;
#5385 = CARTESIAN_POINT ( 'NONE',  ( 0.7967417664956980600, -0.5718407022048623800, 0.09300482780319226100 ) ) ;
#5386 = CARTESIAN_POINT ( 'NONE',  ( 0.7967417664956980600, -0.5723407022048623300, 0.09300482780319226100 ) ) ;
#5387 = CARTESIAN_POINT ( 'NONE',  ( 0.7975246424478524800, -0.5718407022048623800, 0.09557433622974506600 ) ) ;
#5388 = CARTESIAN_POINT ( 'NONE',  ( 0.7975246424478524800, -0.5723407022048623300, 0.09557433622974506600 ) ) ;
#5389 = CARTESIAN_POINT ( 'NONE',  ( 0.7981135945383227600, -0.5718407022048621600, 0.09834960877017949500 ) ) ;
#5390 = CARTESIAN_POINT ( 'NONE',  ( 0.7981135945383227600, -0.5723407022048621100, 0.09834960877017949500 ) ) ;
#5391 = CARTESIAN_POINT ( 'NONE',  ( 0.7985140352014749000, -0.5718407022048626100, 0.1013213046240195900 ) ) ;
#5392 = CARTESIAN_POINT ( 'NONE',  ( 0.7985140352014749000, -0.5723407022048625500, 0.1013213046240195900 ) ) ;
#5393 = CARTESIAN_POINT ( 'NONE',  ( 0.7987909363877969700, -0.5718407022048624900, 0.1044819094807340900 ) ) ;
#5394 = CARTESIAN_POINT ( 'NONE',  ( 0.7987909363877969700, -0.5723407022048624400, 0.1044819094807340900 ) ) ;
#5395 = CARTESIAN_POINT ( 'NONE',  ( 0.7988166834667804700, -0.5718407022048624900, 0.1066555076897477600 ) ) ;
#5396 = CARTESIAN_POINT ( 'NONE',  ( 0.7988166834667804700, -0.5723407022048624400, 0.1066555076897477600 ) ) ;
#5397 = CARTESIAN_POINT ( 'NONE',  ( 0.7988299201956011700, -0.5718407022048623800, 0.1077729676578170800 ) ) ;
#5398 = CARTESIAN_POINT ( 'NONE',  ( 0.7988299201956011700, -0.5723407022048623300, 0.1077729676578170800 ) ) ;
#5399 = CARTESIAN_POINT ( 'NONE',  ( 0.7988299201956011700, -0.5718407022048623800, 0.1077729676578170800 ) ) ;
#5400 = CARTESIAN_POINT ( 'NONE',  ( 0.7988299201956011700, -0.5723407022048624400, 0.1077729676578170800 ) ) ;
#5401 = CARTESIAN_POINT ( 'NONE',  ( 0.7988165687963302300, -0.5718407022048622700, 0.1089042437500389600 ) ) ;
#5402 = CARTESIAN_POINT ( 'NONE',  ( 0.7988165687963302300, -0.5723407022048623300, 0.1089042437500389600 ) ) ;
#5403 = CARTESIAN_POINT ( 'NONE',  ( 0.7987906987991441100, -0.5718407022048622700, 0.1110962319251441200 ) ) ;
#5404 = CARTESIAN_POINT ( 'NONE',  ( 0.7987906987991441100, -0.5723407022048623300, 0.1110962319251441200 ) ) ;
#5405 = CARTESIAN_POINT ( 'NONE',  ( 0.7985176219273558700, -0.5718407022048624900, 0.1142809862753163100 ) ) ;
#5406 = CARTESIAN_POINT ( 'NONE',  ( 0.7985176219273558700, -0.5723407022048625500, 0.1142809862753163100 ) ) ;
#5407 = CARTESIAN_POINT ( 'NONE',  ( 0.7981005269127644500, -0.5718407022048623800, 0.1172664180461012300 ) ) ;
#5408 = CARTESIAN_POINT ( 'NONE',  ( 0.7981005269127644500, -0.5723407022048624400, 0.1172664180461012300 ) ) ;
#5409 = CARTESIAN_POINT ( 'NONE',  ( 0.7974935211294608100, -0.5718407022048621600, 0.1200478158493873500 ) ) ;
#5410 = CARTESIAN_POINT ( 'NONE',  ( 0.7974935211294608100, -0.5723407022048622200, 0.1200478158493873500 ) ) ;
#5411 = CARTESIAN_POINT ( 'NONE',  ( 0.7967219052781409100, -0.5718407022048624900, 0.1226308306355173700 ) ) ;
#5412 = CARTESIAN_POINT ( 'NONE',  ( 0.7967219052781409100, -0.5723407022048625500, 0.1226308306355173700 ) ) ;
#5413 = CARTESIAN_POINT ( 'NONE',  ( 0.7957659577640406900, -0.5718407022048622700, 0.1250031642127510100 ) ) ;
#5414 = CARTESIAN_POINT ( 'NONE',  ( 0.7957659577640406900, -0.5723407022048623300, 0.1250031642127510100 ) ) ;
#5415 = CARTESIAN_POINT ( 'NONE',  ( 0.7946477516309715700, -0.5718407022048622700, 0.1271815883336057700 ) ) ;
#5416 = CARTESIAN_POINT ( 'NONE',  ( 0.7946477516309715700, -0.5723407022048623300, 0.1271815883336057700 ) ) ;
#5417 = CARTESIAN_POINT ( 'NONE',  ( 0.7933426079675768300, -0.5718407022048624900, 0.1291342499614767100 ) ) ;
#5418 = CARTESIAN_POINT ( 'NONE',  ( 0.7933426079675768300, -0.5723407022048624400, 0.1291342499614767100 ) ) ;
#5419 = CARTESIAN_POINT ( 'NONE',  ( 0.7918988115456405700, -0.5718407022048624900, 0.1308739210594184500 ) ) ;
#5420 = CARTESIAN_POINT ( 'NONE',  ( 0.7918988115456405700, -0.5723407022048624400, 0.1308739210594184500 ) ) ;
#5421 = CARTESIAN_POINT ( 'NONE',  ( 0.7903317653850849800, -0.5718407022048622700, 0.1323971132033554000 ) ) ;
#5422 = CARTESIAN_POINT ( 'NONE',  ( 0.7903317653850849800, -0.5723407022048623300, 0.1323971132033554000 ) ) ;
#5423 = CARTESIAN_POINT ( 'NONE',  ( 0.7886347320211656300, -0.5718407022048624900, 0.1336738138031718400 ) ) ;
#5424 = CARTESIAN_POINT ( 'NONE',  ( 0.7886347320211656300, -0.5723407022048624400, 0.1336738138031718400 ) ) ;
#5425 = CARTESIAN_POINT ( 'NONE',  ( 0.7868252449372820100, -0.5718407022048624900, 0.1347309286854501400 ) ) ;
#5426 = CARTESIAN_POINT ( 'NONE',  ( 0.7868252449372820100, -0.5723407022048624400, 0.1347309286854501400 ) ) ;
#5427 = CARTESIAN_POINT ( 'NONE',  ( 0.7848940931590284700, -0.5718407022048622700, 0.1355485147890221900 ) ) ;
#5428 = CARTESIAN_POINT ( 'NONE',  ( 0.7848940931590284700, -0.5723407022048623300, 0.1355485147890221900 ) ) ;
#5429 = CARTESIAN_POINT ( 'NONE',  ( 0.7828391746978012900, -0.5718407022048624900, 0.1361311036614288900 ) ) ;
#5430 = CARTESIAN_POINT ( 'NONE',  ( 0.7828391746978012900, -0.5723407022048625500, 0.1361311036614288900 ) ) ;
#5431 = CARTESIAN_POINT ( 'NONE',  ( 0.7806684563903624200, -0.5718407022048621600, 0.1364851862666550700 ) ) ;
#5432 = CARTESIAN_POINT ( 'NONE',  ( 0.7806684563903624200, -0.5723407022048622200, 0.1364851862666550700 ) ) ;
#5433 = CARTESIAN_POINT ( 'NONE',  ( 0.7791806913522189000, -0.5718407022048622700, 0.1365233147611188100 ) ) ;
#5434 = CARTESIAN_POINT ( 'NONE',  ( 0.7791806913522189000, -0.5723407022048623300, 0.1365233147611188100 ) ) ;
#5435 = CARTESIAN_POINT ( 'NONE',  ( 0.7784224834867404800, -0.5718407022048623800, 0.1365427461388297200 ) ) ;
#5436 = CARTESIAN_POINT ( 'NONE',  ( 0.7784224834867404800, -0.5723407022048624400, 0.1365427461388297200 ) ) ;
#5437 = CARTESIAN_POINT ( 'NONE',  ( 0.7784224834867404800, -0.5718407022048622700, 0.1365427461388297200 ) ) ;
#5438 = CARTESIAN_POINT ( 'NONE',  ( 0.7784224834867404800, -0.5723407022048623300, 0.1365427461388297200 ) ) ;
#5439 = CARTESIAN_POINT ( 'NONE',  ( 0.7776641933021799500, -0.5718407022048622700, 0.1365237087214641000 ) ) ;
#5440 = CARTESIAN_POINT ( 'NONE',  ( 0.7776641933021799500, -0.5723407022048623300, 0.1365237087214641000 ) ) ;
#5441 = CARTESIAN_POINT ( 'NONE',  ( 0.7761808264129231900, -0.5718407022048622700, 0.1364864677348971200 ) ) ;
#5442 = CARTESIAN_POINT ( 'NONE',  ( 0.7761808264129231900, -0.5723407022048623300, 0.1364864677348971200 ) ) ;
#5443 = CARTESIAN_POINT ( 'NONE',  ( 0.7740157062390095000, -0.5718407022048622700, 0.1361284939504489600 ) ) ;
#5444 = CARTESIAN_POINT ( 'NONE',  ( 0.7740157062390095000, -0.5723407022048623300, 0.1361284939504489600 ) ) ;
#5445 = CARTESIAN_POINT ( 'NONE',  ( 0.7719674371948731500, -0.5718407022048622700, 0.1355526582047381400 ) ) ;
#5446 = CARTESIAN_POINT ( 'NONE',  ( 0.7719674371948731500, -0.5723407022048623300, 0.1355526582047381400 ) ) ;
#5447 = CARTESIAN_POINT ( 'NONE',  ( 0.7700425916666835400, -0.5718407022048622700, 0.1347225246071347100 ) ) ;
#5448 = CARTESIAN_POINT ( 'NONE',  ( 0.7700425916666835400, -0.5723407022048623300, 0.1347225246071347100 ) ) ;
#5449 = CARTESIAN_POINT ( 'NONE',  ( 0.7682272300921824100, -0.5718407022048622700, 0.1336831062416369800 ) ) ;
#5450 = CARTESIAN_POINT ( 'NONE',  ( 0.7682272300921824100, -0.5723407022048623300, 0.1336831062416369800 ) ) ;
#5451 = CARTESIAN_POINT ( 'NONE',  ( 0.7665402361426778600, -0.5718407022048623800, 0.1323915678235461100 ) ) ;
#5452 = CARTESIAN_POINT ( 'NONE',  ( 0.7665402361426778600, -0.5723407022048624400, 0.1323915678235461100 ) ) ;
#5453 = CARTESIAN_POINT ( 'NONE',  ( 0.7649740748271359700, -0.5718407022048622700, 0.1308742290351605800 ) ) ;
#5454 = CARTESIAN_POINT ( 'NONE',  ( 0.7649740748271359700, -0.5723407022048623300, 0.1308742290351605800 ) ) ;
#5455 = CARTESIAN_POINT ( 'NONE',  ( 0.7635285008643948300, -0.5718407022048626100, 0.1291382206013873300 ) ) ;
#5456 = CARTESIAN_POINT ( 'NONE',  ( 0.7635285008643948300, -0.5723407022048626600, 0.1291382206013873300 ) ) ;
#5457 = CARTESIAN_POINT ( 'NONE',  ( 0.7622408579840265200, -0.5718407022048624900, 0.1271770769214017300 ) ) ;
#5458 = CARTESIAN_POINT ( 'NONE',  ( 0.7622408579840265200, -0.5723407022048624400, 0.1271770769214017300 ) ) ;
#5459 = CARTESIAN_POINT ( 'NONE',  ( 0.7611206289100190800, -0.5718407022048623800, 0.1250034987836738700 ) ) ;
#5460 = CARTESIAN_POINT ( 'NONE',  ( 0.7611206289100190800, -0.5723407022048624400, 0.1250034987836738700 ) ) ;
#5461 = CARTESIAN_POINT ( 'NONE',  ( 0.7601609601359591300, -0.5718407022048622700, 0.1226331998039121300 ) ) ;
#5462 = CARTESIAN_POINT ( 'NONE',  ( 0.7601609601359591300, -0.5723407022048623300, 0.1226331998039121300 ) ) ;
#5463 = CARTESIAN_POINT ( 'NONE',  ( 0.7594114232850954800, -0.5718407022048622700, 0.1200450843015599800 ) ) ;
#5464 = CARTESIAN_POINT ( 'NONE',  ( 0.7594114232850954800, -0.5723407022048623300, 0.1200450843015599800 ) ) ;
#5465 = CARTESIAN_POINT ( 'NONE',  ( 0.7587983967616679400, -0.5718407022048624900, 0.1172668363473170400 ) ) ;
#5466 = CARTESIAN_POINT ( 'NONE',  ( 0.7587983967616679400, -0.5723407022048625500, 0.1172668363473170400 ) ) ;
#5467 = CARTESIAN_POINT ( 'NONE',  ( 0.7583831371599696300, -0.5718407022048623800, 0.1142808650609386800 ) ) ;
#5468 = CARTESIAN_POINT ( 'NONE',  ( 0.7583831371599696300, -0.5723407022048624400, 0.1142808650609386800 ) ) ;
#5469 = CARTESIAN_POINT ( 'NONE',  ( 0.7581095342177977000, -0.5718407022048624900, 0.1110962653480016300 ) ) ;
#5470 = CARTESIAN_POINT ( 'NONE',  ( 0.7581095342177977000, -0.5723407022048625500, 0.1110962653480016300 ) ) ;
#5471 = CARTESIAN_POINT ( 'NONE',  ( 0.7580837392180935800, -0.5718407022048624900, 0.1089042551275511000 ) ) ;
#5472 = CARTESIAN_POINT ( 'NONE',  ( 0.7580837392180935800, -0.5723407022048624400, 0.1089042551275511000 ) ) ;
#5473 = CARTESIAN_POINT ( 'NONE',  ( 0.7580704265247153500, -0.5718407022048624900, 0.1077729676578170500 ) ) ;
#5474 = CARTESIAN_POINT ( 'NONE',  ( 0.7580704265247153500, -0.5723407022048624400, 0.1077729676578170500 ) ) ;
#5475 = PLANE ( 'NONE',  #298 ) ;
#5476 = CARTESIAN_POINT ( 'NONE',  ( 0.7666934770587179300, -0.5718407022048624900, 0.07329022478975819000 ) ) ;
#5477 = DIRECTION ( 'NONE',  ( -8.523810247648969400E-014, -1.000000000000000000, -9.623458252577385000E-013 ) ) ;
#5478 = DIRECTION ( 'NONE',  ( 0.0000000000000000000, 9.623458252577385000E-013, -1.000000000000000000 ) ) ;
#5479 = CARTESIAN_POINT ( 'NONE',  ( 0.7997436860183859700, -0.5718407022048623800, 0.08055382208819682200 ) ) ;
#5480 = CARTESIAN_POINT ( 'NONE',  ( 0.7997436860183859700, -0.5723407022048624400, 0.08055382208819682200 ) ) ;
#5481 = CARTESIAN_POINT ( 'NONE',  ( 0.7991011485764881700, -0.5718407022048624900, 0.07980788778946719400 ) ) ;
#5482 = CARTESIAN_POINT ( 'NONE',  ( 0.7991011485764881700, -0.5723407022048624400, 0.07980788778946719400 ) ) ;
#5483 = CARTESIAN_POINT ( 'NONE',  ( 0.7978260912840576800, -0.5718407022048623800, 0.07832764880999292000 ) ) ;
#5484 = CARTESIAN_POINT ( 'NONE',  ( 0.7978260912840576800, -0.5723407022048624400, 0.07832764880999292000 ) ) ;
#5485 = CARTESIAN_POINT ( 'NONE',  ( 0.7956015431852193600, -0.5718407022048626100, 0.07640135024103302000 ) ) ;
#5486 = CARTESIAN_POINT ( 'NONE',  ( 0.7956015431852193600, -0.5723407022048626600, 0.07640135024103302000 ) ) ;
#5487 = CARTESIAN_POINT ( 'NONE',  ( 0.7931586373739301100, -0.5718407022048624900, 0.07475181230647857900 ) ) ;
#5488 = CARTESIAN_POINT ( 'NONE',  ( 0.7931586373739301100, -0.5723407022048624400, 0.07475181230647857900 ) ) ;
#5489 = CARTESIAN_POINT ( 'NONE',  ( 0.7905075265308546500, -0.5718407022048623800, 0.07338443135439688700 ) ) ;
#5490 = CARTESIAN_POINT ( 'NONE',  ( 0.7905075265308546500, -0.5723407022048624400, 0.07338443135439688700 ) ) ;
#5491 = CARTESIAN_POINT ( 'NONE',  ( 0.7876921006297504800, -0.5718407022048624900, 0.07229472507792854300 ) ) ;
#5492 = CARTESIAN_POINT ( 'NONE',  ( 0.7876921006297504800, -0.5723407022048625500, 0.07229472507792854300 ) ) ;
#5493 = CARTESIAN_POINT ( 'NONE',  ( 0.7847287783286893700, -0.5718407022048622700, 0.07154976281451395900 ) ) ;
#5494 = CARTESIAN_POINT ( 'NONE',  ( 0.7847287783286893700, -0.5723407022048623300, 0.07154976281451395900 ) ) ;
#5495 = CARTESIAN_POINT ( 'NONE',  ( 0.7816467020563717700, -0.5718407022048623800, 0.07105099451032960400 ) ) ;
#5496 = CARTESIAN_POINT ( 'NONE',  ( 0.7816467020563717700, -0.5723407022048624400, 0.07105099451032960400 ) ) ;
#5497 = CARTESIAN_POINT ( 'NONE',  ( 0.7795459378918002700, -0.5718407022048622700, 0.07099937193645088100 ) ) ;
#5498 = CARTESIAN_POINT ( 'NONE',  ( 0.7795459378918002700, -0.5723407022048623300, 0.07099937193645088100 ) ) ;
#5499 = CARTESIAN_POINT ( 'NONE',  ( 0.7784778632335759300, -0.5718407022048623800, 0.07097312588566516400 ) ) ;
#5500 = CARTESIAN_POINT ( 'NONE',  ( 0.7784778632335759300, -0.5723407022048624400, 0.07097312588566516400 ) ) ;
#5501 = CARTESIAN_POINT ( 'NONE',  ( 0.8076906796892721100, -0.5718407022048623800, 0.1077729676578170800 ) ) ;
#5502 = CARTESIAN_POINT ( 'NONE',  ( 0.8076906796892721100, -0.5723407022048623300, 0.1077729676578170800 ) ) ;
#5503 = CARTESIAN_POINT ( 'NONE',  ( 0.8076692585399165600, -0.5718407022048622700, 0.1063690434050989500 ) ) ;
#5504 = CARTESIAN_POINT ( 'NONE',  ( 0.8076692585399165600, -0.5723407022048623300, 0.1063690434050989500 ) ) ;
#5505 = CARTESIAN_POINT ( 'NONE',  ( 0.8076274569154389100, -0.5718407022048621600, 0.1036293998204855900 ) ) ;
#5506 = CARTESIAN_POINT ( 'NONE',  ( 0.8076274569154389100, -0.5723407022048621100, 0.1036293998204855900 ) ) ;
#5507 = CARTESIAN_POINT ( 'NONE',  ( 0.8072300911147148900, -0.5718407022048624900, 0.09963711088434384900 ) ) ;
#5508 = CARTESIAN_POINT ( 'NONE',  ( 0.8072300911147148900, -0.5723407022048624400, 0.09963711088434384900 ) ) ;
#5509 = CARTESIAN_POINT ( 'NONE',  ( 0.8065997562995836900, -0.5718407022048624900, 0.09586467270457246800 ) ) ;
#5510 = CARTESIAN_POINT ( 'NONE',  ( 0.8065997562995836900, -0.5723407022048624400, 0.09586467270457246800 ) ) ;
#5511 = CARTESIAN_POINT ( 'NONE',  ( 0.8057175270186338600, -0.5718407022048624900, 0.09232266844658300300 ) ) ;
#5512 = CARTESIAN_POINT ( 'NONE',  ( 0.8057175270186338600, -0.5723407022048624400, 0.09232266844658300300 ) ) ;
#5513 = CARTESIAN_POINT ( 'NONE',  ( 0.8046020639869236900, -0.5718407022048622700, 0.08900424954774456600 ) ) ;
#5514 = CARTESIAN_POINT ( 'NONE',  ( 0.8046020639869236900, -0.5723407022048622200, 0.08900424954774456600 ) ) ;
#5515 = CARTESIAN_POINT ( 'NONE',  ( 0.8032227465498176200, -0.5718407022048624900, 0.08594259231100175000 ) ) ;
#5516 = CARTESIAN_POINT ( 'NONE',  ( 0.8032227465498176200, -0.5723407022048624400, 0.08594259231100175000 ) ) ;
#5517 = CARTESIAN_POINT ( 'NONE',  ( 0.8016467004164779000, -0.5718407022048623800, 0.08309853082926693700 ) ) ;
#5518 = CARTESIAN_POINT ( 'NONE',  ( 0.8016467004164779000, -0.5723407022048623300, 0.08309853082926693700 ) ) ;
#5519 = CARTESIAN_POINT ( 'NONE',  ( 0.8003724476912564800, -0.5718407022048623800, 0.08139460149932890900 ) ) ;
#5520 = CARTESIAN_POINT ( 'NONE',  ( 0.8003724476912564800, -0.5723407022048623300, 0.08139460149932890900 ) ) ;
#5521 = CARTESIAN_POINT ( 'NONE',  ( 0.7997436860183859700, -0.5718407022048623800, 0.08055382208819682200 ) ) ;
#5522 = CARTESIAN_POINT ( 'NONE',  ( 0.7997436860183859700, -0.5723407022048623300, 0.08055382208819682200 ) ) ;
#5523 = PLANE ( 'NONE',  #299 ) ;
#5524 = CARTESIAN_POINT ( 'NONE',  ( 0.4700957429804112900, -0.5718407022048629400, 0.08692249297427277800 ) ) ;
#5525 = DIRECTION ( 'NONE',  ( 0.0000000000000000000, 0.0000000000000000000, -1.000000000000000000 ) ) ;
#5526 = DIRECTION ( 'NONE',  ( -1.000000000000000000, 0.0000000000000000000, -0.0000000000000000000 ) ) ;
#5527 = PLANE ( 'NONE',  #286 ) ;
#5528 = CARTESIAN_POINT ( 'NONE',  ( 0.4700957429804112900, -0.5718407022048629400, 0.07587423348060189100 ) ) ;
#5529 = DIRECTION ( 'NONE',  ( 1.000000000000000000, 1.622879996236195800E-015, -0.0000000000000000000 ) ) ;
#5530 = DIRECTION ( 'NONE',  ( -1.622879996236195800E-015, 1.000000000000000000, 0.0000000000000000000 ) ) ;
#5531 = CARTESIAN_POINT ( 'NONE',  ( 0.4918738284234492900, -0.5718407022048628300, 0.07097312588566516400 ) ) ;
#5532 = CARTESIAN_POINT ( 'NONE',  ( 0.4918738284234492900, -0.5723407022048627700, 0.07097312588566516400 ) ) ;
#5533 = CARTESIAN_POINT ( 'NONE',  ( 0.4907977354146601500, -0.5718407022048628300, 0.07098501336127889500 ) ) ;
#5534 = CARTESIAN_POINT ( 'NONE',  ( 0.4907977354146601500, -0.5723407022048627700, 0.07098501336127889500 ) ) ;
#5535 = CARTESIAN_POINT ( 'NONE',  ( 0.4886925408876295300, -0.5718407022048628300, 0.07100826920291887500 ) ) ;
#5536 = CARTESIAN_POINT ( 'NONE',  ( 0.4886925408876295300, -0.5723407022048627700, 0.07100826920291887500 ) ) ;
#5537 = CARTESIAN_POINT ( 'NONE',  ( 0.4856071580623206300, -0.5718407022048628300, 0.07130958948001624200 ) ) ;
#5538 = CARTESIAN_POINT ( 'NONE',  ( 0.4856071580623206300, -0.5723407022048627700, 0.07130958948001624200 ) ) ;
#5539 = CARTESIAN_POINT ( 'NONE',  ( 0.4826511202105991900, -0.5718407022048630500, 0.07171395781624859100 ) ) ;
#5540 = CARTESIAN_POINT ( 'NONE',  ( 0.4826511202105991900, -0.5723407022048629900, 0.07171395781624859100 ) ) ;
#5541 = CARTESIAN_POINT ( 'NONE',  ( 0.4798465338268007600, -0.5718407022048628300, 0.07235245467044336400 ) ) ;
#5542 = CARTESIAN_POINT ( 'NONE',  ( 0.4798465338268007600, -0.5723407022048627700, 0.07235245467044336400 ) ) ;
#5543 = CARTESIAN_POINT ( 'NONE',  ( 0.4771894624851553700, -0.5718407022048630500, 0.07310191567659089800 ) ) ;
#5544 = CARTESIAN_POINT ( 'NONE',  ( 0.4771894624851553700, -0.5723407022048629900, 0.07310191567659089800 ) ) ;
#5545 = CARTESIAN_POINT ( 'NONE',  ( 0.4746804101430566200, -0.5718407022048626100, 0.07393184686240456000 ) ) ;
#5546 = CARTESIAN_POINT ( 'NONE',  ( 0.4746804101430566200, -0.5723407022048626600, 0.07393184686240456000 ) ) ;
#5547 = CARTESIAN_POINT ( 'NONE',  ( 0.4723186920620484100, -0.5718407022048629400, 0.07483645478241499100 ) ) ;
#5548 = CARTESIAN_POINT ( 'NONE',  ( 0.4723186920620484100, -0.5723407022048629900, 0.07483645478241499100 ) ) ;
#5549 = CARTESIAN_POINT ( 'NONE',  ( 0.4708258227508799200, -0.5718407022048629400, 0.07553339740836420600 ) ) ;
#5550 = CARTESIAN_POINT ( 'NONE',  ( 0.4708258227508799200, -0.5723407022048628800, 0.07553339740836420600 ) ) ;
#5551 = CARTESIAN_POINT ( 'NONE',  ( 0.4700957429804112900, -0.5718407022048629400, 0.07587423348060189100 ) ) ;
#5552 = CARTESIAN_POINT ( 'NONE',  ( 0.4700957429804112900, -0.5723407022048628800, 0.07587423348060189100 ) ) ;
#5553 = CARTESIAN_POINT ( 'NONE',  ( 0.5152856163981327500, -0.5718407022048628300, 0.09128364803756391900 ) ) ;
#5554 = CARTESIAN_POINT ( 'NONE',  ( 0.5152856163981327500, -0.5723407022048627700, 0.09128364803756391900 ) ) ;
#5555 = CARTESIAN_POINT ( 'NONE',  ( 0.5152703420281623500, -0.5718407022048629400, 0.09055776155648975800 ) ) ;
#5556 = CARTESIAN_POINT ( 'NONE',  ( 0.5152703420281623500, -0.5723407022048628800, 0.09055776155648975800 ) ) ;
#5557 = CARTESIAN_POINT ( 'NONE',  ( 0.5152403184076656000, -0.5718407022048628300, 0.08913094393498381700 ) ) ;
#5558 = CARTESIAN_POINT ( 'NONE',  ( 0.5152403184076656000, -0.5723407022048627700, 0.08913094393498381700 ) ) ;
#5559 = CARTESIAN_POINT ( 'NONE',  ( 0.5149041486321086500, -0.5718407022048628300, 0.08704474311899568200 ) ) ;
#5560 = CARTESIAN_POINT ( 'NONE',  ( 0.5149041486321086500, -0.5723407022048627700, 0.08704474311899568200 ) ) ;
#5561 = CARTESIAN_POINT ( 'NONE',  ( 0.5143976334559384700, -0.5718407022048629400, 0.08505175613595235300 ) ) ;
#5562 = CARTESIAN_POINT ( 'NONE',  ( 0.5143976334559384700, -0.5723407022048628800, 0.08505175613595235300 ) ) ;
#5563 = CARTESIAN_POINT ( 'NONE',  ( 0.5136795239602869300, -0.5718407022048628300, 0.08315470104078595500 ) ) ;
#5564 = CARTESIAN_POINT ( 'NONE',  ( 0.5136795239602869300, -0.5723407022048627700, 0.08315470104078595500 ) ) ;
#5565 = CARTESIAN_POINT ( 'NONE',  ( 0.5127223094348772900, -0.5718407022048628300, 0.08137608741700951000 ) ) ;
#5566 = CARTESIAN_POINT ( 'NONE',  ( 0.5127223094348772900, -0.5723407022048627700, 0.08137608741700951000 ) ) ;
#5567 = CARTESIAN_POINT ( 'NONE',  ( 0.5115827773816689100, -0.5718407022048629400, 0.07968640884806904600 ) ) ;
#5568 = CARTESIAN_POINT ( 'NONE',  ( 0.5115827773816689100, -0.5723407022048628800, 0.07968640884806904600 ) ) ;
#5569 = CARTESIAN_POINT ( 'NONE',  ( 0.5102269081398170800, -0.5718407022048629400, 0.07810363799259678600 ) ) ;
#5570 = CARTESIAN_POINT ( 'NONE',  ( 0.5102269081398170800, -0.5723407022048629900, 0.07810363799259678600 ) ) ;
#5571 = CARTESIAN_POINT ( 'NONE',  ( 0.5086870733679186300, -0.5718407022048629400, 0.07662683810850304300 ) ) ;
#5572 = CARTESIAN_POINT ( 'NONE',  ( 0.5086870733679186300, -0.5723407022048629900, 0.07662683810850304300 ) ) ;
#5573 = CARTESIAN_POINT ( 'NONE',  ( 0.5069710897954504700, -0.5718407022048628300, 0.07531565457417065100 ) ) ;
#5574 = CARTESIAN_POINT ( 'NONE',  ( 0.5069710897954504700, -0.5723407022048627700, 0.07531565457417065100 ) ) ;
#5575 = CARTESIAN_POINT ( 'NONE',  ( 0.5051554785966356800, -0.5718407022048629400, 0.07413094411619433600 ) ) ;
#5576 = CARTESIAN_POINT ( 'NONE',  ( 0.5051554785966356800, -0.5723407022048628800, 0.07413094411619433600 ) ) ;
#5577 = CARTESIAN_POINT ( 'NONE',  ( 0.5032036092743079600, -0.5718407022048628300, 0.07317390035729917600 ) ) ;
#5578 = CARTESIAN_POINT ( 'NONE',  ( 0.5032036092743079600, -0.5723407022048627700, 0.07317390035729917600 ) ) ;
#5579 = CARTESIAN_POINT ( 'NONE',  ( 0.5011572207763336200, -0.5718407022048629400, 0.07235742972663321300 ) ) ;
#5580 = CARTESIAN_POINT ( 'NONE',  ( 0.5011572207763336200, -0.5723407022048628800, 0.07235742972663321300 ) ) ;
#5581 = CARTESIAN_POINT ( 'NONE',  ( 0.4989902553721733400, -0.5718407022048628300, 0.07173743232881958600 ) ) ;
#5582 = CARTESIAN_POINT ( 'NONE',  ( 0.4989902553721733400, -0.5723407022048627700, 0.07173743232881958600 ) ) ;
#5583 = CARTESIAN_POINT ( 'NONE',  ( 0.4967145593030162200, -0.5718407022048626100, 0.07130433863856858200 ) ) ;
#5584 = CARTESIAN_POINT ( 'NONE',  ( 0.4967145593030162200, -0.5723407022048626600, 0.07130433863856858200 ) ) ;
#5585 = CARTESIAN_POINT ( 'NONE',  ( 0.4943320569288915900, -0.5718407022048629400, 0.07100975885552739100 ) ) ;
#5586 = CARTESIAN_POINT ( 'NONE',  ( 0.4943320569288915900, -0.5723407022048629900, 0.07100975885552739100 ) ) ;
#5587 = CARTESIAN_POINT ( 'NONE',  ( 0.4927054503705506900, -0.5718407022048628300, 0.07098551886770791700 ) ) ;
#5588 = CARTESIAN_POINT ( 'NONE',  ( 0.4927054503705506900, -0.5723407022048627700, 0.07098551886770791700 ) ) ;
#5589 = CARTESIAN_POINT ( 'NONE',  ( 0.4918738284234492900, -0.5718407022048628300, 0.07097312588566516400 ) ) ;
#5590 = CARTESIAN_POINT ( 'NONE',  ( 0.4918738284234492900, -0.5723407022048627700, 0.07097312588566516400 ) ) ;
#5591 = CARTESIAN_POINT ( 'NONE',  ( 0.4990316607019302800, -0.5718407022048628300, 0.1107219391768044100 ) ) ;
#5592 = CARTESIAN_POINT ( 'NONE',  ( 0.4990316607019302800, -0.5723407022048627700, 0.1107219391768044100 ) ) ;
#5593 = CARTESIAN_POINT ( 'NONE',  ( 0.4997035327683379000, -0.5718407022048628300, 0.1105513418139742900 ) ) ;
#5594 = CARTESIAN_POINT ( 'NONE',  ( 0.4997035327683379000, -0.5723407022048627700, 0.1105513418139742900 ) ) ;
#5595 = CARTESIAN_POINT ( 'NONE',  ( 0.5010135771851278500, -0.5718407022048629400, 0.1102187038998998400 ) ) ;
#5596 = CARTESIAN_POINT ( 'NONE',  ( 0.5010135771851278500, -0.5723407022048628800, 0.1102187038998998400 ) ) ;
#5597 = CARTESIAN_POINT ( 'NONE',  ( 0.5028843727215609500, -0.5718407022048626100, 0.1095756775290955000 ) ) ;
#5598 = CARTESIAN_POINT ( 'NONE',  ( 0.5028843727215609500, -0.5723407022048626600, 0.1095756775290955000 ) ) ;
#5599 = CARTESIAN_POINT ( 'NONE',  ( 0.5046225694381407700, -0.5718407022048629400, 0.1088536719658188800 ) ) ;
#5600 = CARTESIAN_POINT ( 'NONE',  ( 0.5046225694381407700, -0.5723407022048628800, 0.1088536719658188800 ) ) ;
#5601 = CARTESIAN_POINT ( 'NONE',  ( 0.5062343596894860500, -0.5718407022048629400, 0.1080621033598917900 ) ) ;
#5602 = CARTESIAN_POINT ( 'NONE',  ( 0.5062343596894860500, -0.5723407022048628800, 0.1080621033598917900 ) ) ;
#5603 = CARTESIAN_POINT ( 'NONE',  ( 0.5077000404214692100, -0.5718407022048627200, 0.1071465918521080100 ) ) ;
#5604 = CARTESIAN_POINT ( 'NONE',  ( 0.5077000404214692100, -0.5723407022048626600, 0.1071465918521080100 ) ) ;
#5605 = CARTESIAN_POINT ( 'NONE',  ( 0.5090432488718436000, -0.5718407022048628300, 0.1061618550538152200 ) ) ;
#5606 = CARTESIAN_POINT ( 'NONE',  ( 0.5090432488718436000, -0.5723407022048627700, 0.1061618550538152200 ) ) ;
#5607 = CARTESIAN_POINT ( 'NONE',  ( 0.5102414935367382000, -0.5718407022048628300, 0.1050687723824604800 ) ) ;
#5608 = CARTESIAN_POINT ( 'NONE',  ( 0.5102414935367382000, -0.5723407022048627700, 0.1050687723824604800 ) ) ;
#5609 = CARTESIAN_POINT ( 'NONE',  ( 0.5113176253904649900, -0.5718407022048628300, 0.1039010375813773400 ) ) ;
#5610 = CARTESIAN_POINT ( 'NONE',  ( 0.5113176253904649900, -0.5723407022048627700, 0.1039010375813773400 ) ) ;
#5611 = CARTESIAN_POINT ( 'NONE',  ( 0.5122620345935886600, -0.5718407022048629400, 0.1026405228139725400 ) ) ;
#5612 = CARTESIAN_POINT ( 'NONE',  ( 0.5122620345935886600, -0.5723407022048629900, 0.1026405228139725400 ) ) ;
#5613 = CARTESIAN_POINT ( 'NONE',  ( 0.5130667876294261500, -0.5718407022048628300, 0.1012802790710376900 ) ) ;
#5614 = CARTESIAN_POINT ( 'NONE',  ( 0.5130667876294261500, -0.5723407022048627700, 0.1012802790710376900 ) ) ;
#5615 = CARTESIAN_POINT ( 'NONE',  ( 0.5137656281056945900, -0.5718407022048630500, 0.09984429325906747600 ) ) ;
#5616 = CARTESIAN_POINT ( 'NONE',  ( 0.5137656281056945900, -0.5723407022048629900, 0.09984429325906747600 ) ) ;
#5617 = CARTESIAN_POINT ( 'NONE',  ( 0.5143126283193200100, -0.5718407022048626100, 0.09830386102692288700 ) ) ;
#5618 = CARTESIAN_POINT ( 'NONE',  ( 0.5143126283193200100, -0.5723407022048626600, 0.09830386102692288700 ) ) ;
#5619 = CARTESIAN_POINT ( 'NONE',  ( 0.5147664472697762700, -0.5718407022048629400, 0.09668270923002797400 ) ) ;
#5620 = CARTESIAN_POINT ( 'NONE',  ( 0.5147664472697762700, -0.5723407022048629900, 0.09668270923002797400 ) ) ;
#5621 = CARTESIAN_POINT ( 'NONE',  ( 0.5150541049496647500, -0.5718407022048628300, 0.09496031596635466600 ) ) ;
#5622 = CARTESIAN_POINT ( 'NONE',  ( 0.5150541049496647500, -0.5723407022048627700, 0.09496031596635466600 ) ) ;
#5623 = CARTESIAN_POINT ( 'NONE',  ( 0.5152643306125066500, -0.5718407022048629400, 0.09315328371846953700 ) ) ;
#5624 = CARTESIAN_POINT ( 'NONE',  ( 0.5152643306125066500, -0.5723407022048629900, 0.09315328371846953700 ) ) ;
#5625 = CARTESIAN_POINT ( 'NONE',  ( 0.5152784106120827900, -0.5718407022048628300, 0.09191656781532209200 ) ) ;
#5626 = CARTESIAN_POINT ( 'NONE',  ( 0.5152784106120827900, -0.5723407022048627700, 0.09191656781532209200 ) ) ;
#5627 = CARTESIAN_POINT ( 'NONE',  ( 0.5152856163981327500, -0.5718407022048628300, 0.09128364803756391900 ) ) ;
#5628 = CARTESIAN_POINT ( 'NONE',  ( 0.5152856163981327500, -0.5723407022048627700, 0.09128364803756391900 ) ) ;
#5629 = CARTESIAN_POINT ( 'NONE',  ( 0.4844944771576264500, -0.5718407022048628300, 0.1138647398097158000 ) ) ;
#5630 = CARTESIAN_POINT ( 'NONE',  ( 0.4844944771576264500, -0.5723407022048627700, 0.1138647398097158000 ) ) ;
#5631 = CARTESIAN_POINT ( 'NONE',  ( 0.4855797873959545300, -0.5718407022048628300, 0.1135579229830019800 ) ) ;
#5632 = CARTESIAN_POINT ( 'NONE',  ( 0.4855797873959545300, -0.5723407022048627700, 0.1135579229830019800 ) ) ;
#5633 = CARTESIAN_POINT ( 'NONE',  ( 0.4878161904557704600, -0.5718407022048629400, 0.1129256926162058300 ) ) ;
#5634 = CARTESIAN_POINT ( 'NONE',  ( 0.4878161904557704600, -0.5723407022048629900, 0.1129256926162058300 ) ) ;
#5635 = CARTESIAN_POINT ( 'NONE',  ( 0.4913568798920567300, -0.5718407022048628300, 0.1122633258767653800 ) ) ;
#5636 = CARTESIAN_POINT ( 'NONE',  ( 0.4913568798920567300, -0.5723407022048627700, 0.1122633258767653800 ) ) ;
#5637 = CARTESIAN_POINT ( 'NONE',  ( 0.4951337471962430900, -0.5718407022048628300, 0.1116126294296865000 ) ) ;
#5638 = CARTESIAN_POINT ( 'NONE',  ( 0.4951337471962430900, -0.5723407022048627700, 0.1116126294296865000 ) ) ;
#5639 = CARTESIAN_POINT ( 'NONE',  ( 0.4977049763475672700, -0.5718407022048629400, 0.1110250923435840700 ) ) ;
#5640 = CARTESIAN_POINT ( 'NONE',  ( 0.4977049763475672700, -0.5723407022048628800, 0.1110250923435840700 ) ) ;
#5641 = CARTESIAN_POINT ( 'NONE',  ( 0.4990316607019302800, -0.5718407022048628300, 0.1107219391768044100 ) ) ;
#5642 = CARTESIAN_POINT ( 'NONE',  ( 0.4990316607019302800, -0.5723407022048627700, 0.1107219391768044100 ) ) ;
#5643 = CARTESIAN_POINT ( 'NONE',  ( 0.4762982746259809000, -0.5718407022048628300, 0.1243038220881968200 ) ) ;
#5644 = CARTESIAN_POINT ( 'NONE',  ( 0.4762982746259809000, -0.5723407022048628800, 0.1243038220881968200 ) ) ;
#5645 = CARTESIAN_POINT ( 'NONE',  ( 0.4763166602090653200, -0.5718407022048628300, 0.1235677076069201100 ) ) ;
#5646 = CARTESIAN_POINT ( 'NONE',  ( 0.4763166602090653200, -0.5723407022048627700, 0.1235677076069201100 ) ) ;
#5647 = CARTESIAN_POINT ( 'NONE',  ( 0.4763511890936806300, -0.5718407022048628300, 0.1221852541992164000 ) ) ;
#5648 = CARTESIAN_POINT ( 'NONE',  ( 0.4763511890936806300, -0.5723407022048627700, 0.1221852541992164000 ) ) ;
#5649 = CARTESIAN_POINT ( 'NONE',  ( 0.4767460554896251200, -0.5718407022048630500, 0.1202668706605468500 ) ) ;
#5650 = CARTESIAN_POINT ( 'NONE',  ( 0.4767460554896251200, -0.5723407022048631100, 0.1202668706605468500 ) ) ;
#5651 = CARTESIAN_POINT ( 'NONE',  ( 0.4773456246833980300, -0.5718407022048628300, 0.1186285806147877200 ) ) ;
#5652 = CARTESIAN_POINT ( 'NONE',  ( 0.4773456246833980300, -0.5723407022048628800, 0.1186285806147877200 ) ) ;
#5653 = CARTESIAN_POINT ( 'NONE',  ( 0.4782763579412847600, -0.5718407022048630500, 0.1172965727241904000 ) ) ;
#5654 = CARTESIAN_POINT ( 'NONE',  ( 0.4782763579412847600, -0.5723407022048631100, 0.1172965727241904000 ) ) ;
#5655 = CARTESIAN_POINT ( 'NONE',  ( 0.4794792324571545700, -0.5718407022048628300, 0.1162271266057976600 ) ) ;
#5656 = CARTESIAN_POINT ( 'NONE',  ( 0.4794792324571545700, -0.5723407022048627700, 0.1162271266057976600 ) ) ;
#5657 = CARTESIAN_POINT ( 'NONE',  ( 0.4809141385222283600, -0.5718407022048627200, 0.1153012960323960300 ) ) ;
#5658 = CARTESIAN_POINT ( 'NONE',  ( 0.4809141385222283600, -0.5723407022048627700, 0.1153012960323960300 ) ) ;
#5659 = CARTESIAN_POINT ( 'NONE',  ( 0.4825977668581348200, -0.5718407022048628300, 0.1144751831275756700 ) ) ;
#5660 = CARTESIAN_POINT ( 'NONE',  ( 0.4825977668581348200, -0.5723407022048628800, 0.1144751831275756700 ) ) ;
#5661 = CARTESIAN_POINT ( 'NONE',  ( 0.4838421427499759500, -0.5718407022048629400, 0.1140746892048696400 ) ) ;
#5662 = CARTESIAN_POINT ( 'NONE',  ( 0.4838421427499759500, -0.5723407022048629900, 0.1140746892048696400 ) ) ;
#5663 = CARTESIAN_POINT ( 'NONE',  ( 0.4844944771576264500, -0.5718407022048628300, 0.1138647398097158000 ) ) ;
#5664 = CARTESIAN_POINT ( 'NONE',  ( 0.4844944771576264500, -0.5723407022048628800, 0.1138647398097158000 ) ) ;
#5665 = CARTESIAN_POINT ( 'NONE',  ( 0.4923999360183860000, -0.5718407022048628300, 0.1365427461388297200 ) ) ;
#5666 = CARTESIAN_POINT ( 'NONE',  ( 0.4923999360183860000, -0.5723407022048627700, 0.1365427461388297200 ) ) ;
#5667 = CARTESIAN_POINT ( 'NONE',  ( 0.4917812571880465500, -0.5718407022048628300, 0.1365313214232518300 ) ) ;
#5668 = CARTESIAN_POINT ( 'NONE',  ( 0.4917812571880465500, -0.5723407022048627700, 0.1365313214232518300 ) ) ;
#5669 = CARTESIAN_POINT ( 'NONE',  ( 0.4905788828871373000, -0.5718407022048627200, 0.1365091180056910200 ) ) ;
#5670 = CARTESIAN_POINT ( 'NONE',  ( 0.4674475842661842100, -0.5718407022048628300, 0.1223559367869077000 ) ) ;
#5671 = CARTESIAN_POINT ( 'NONE',  ( 0.4674475842661842100, -0.5723407022048629900, 0.1223559367869077000 ) ) ;
#5672 = CARTESIAN_POINT ( 'NONE',  ( 0.4674375151323100200, -0.5718407022048629400, 0.1229747081641462000 ) ) ;
#5673 = CARTESIAN_POINT ( 'NONE',  ( 0.4674375151323100200, -0.5723407022048631100, 0.1229747081641462000 ) ) ;
#5674 = PLANE ( 'NONE',  #301 ) ;
#5675 = CARTESIAN_POINT ( 'NONE',  ( 0.08319700880319554100, -0.5723407022048635500, -0.1822547222156006800 ) ) ;
#5676 = DIRECTION ( 'NONE',  ( 0.0000000000000000000, -1.000000000000000000, 0.0000000000000000000 ) ) ;
#5677 = DIRECTION ( 'NONE',  ( 0.0000000000000000000, -0.0000000000000000000, -1.000000000000000000 ) ) ;
#5678 = PLANE ( 'NONE',  #302 ) ;
#5679 = CARTESIAN_POINT ( 'NONE',  ( 0.08319700880319554100, -0.5723407022048635500, -0.1822547222156006800 ) ) ;
#5680 = DIRECTION ( 'NONE',  ( 0.0000000000000000000, -1.000000000000000000, 0.0000000000000000000 ) ) ;
#5681 = DIRECTION ( 'NONE',  ( 0.0000000000000000000, -0.0000000000000000000, -1.000000000000000000 ) ) ;
#5682 = CARTESIAN_POINT ( 'NONE',  ( 0.5330071353854746200, -0.5718407022048628300, 0.1217425087970575900 ) ) ;
#5683 = CARTESIAN_POINT ( 'NONE',  ( 0.5330071353854746200, -0.5723407022048628800, 0.1217425087970575900 ) ) ;
#5684 = CARTESIAN_POINT ( 'NONE',  ( 0.5330196718830129100, -0.5718407022048628300, 0.1210821456348722800 ) ) ;
#5685 = CARTESIAN_POINT ( 'NONE',  ( 0.5330196718830129100, -0.5723407022048628800, 0.1210821456348722800 ) ) ;
#5686 = CARTESIAN_POINT ( 'NONE',  ( 0.5330434997498763000, -0.5718407022048628300, 0.1198270067524331000 ) ) ;
#5687 = CARTESIAN_POINT ( 'NONE',  ( 0.5330434997498763000, -0.5723407022048629900, 0.1198270067524331000 ) ) ;
#5688 = CARTESIAN_POINT ( 'NONE',  ( 0.5332398996363497700, -0.5718407022048628300, 0.1180477256809991000 ) ) ;
#5689 = CARTESIAN_POINT ( 'NONE',  ( 0.5332398996363497700, -0.5723407022048629900, 0.1180477256809991000 ) ) ;
#5690 = CARTESIAN_POINT ( 'NONE',  ( 0.5336049132996011400, -0.5718407022048626100, 0.1164864100057980700 ) ) ;
#5691 = CARTESIAN_POINT ( 'NONE',  ( 0.5336049132996011400, -0.5723407022048627700, 0.1164864100057980700 ) ) ;
#5692 = CARTESIAN_POINT ( 'NONE',  ( 0.5340764122724124300, -0.5718407022048628300, 0.1150992170229686300 ) ) ;
#5693 = CARTESIAN_POINT ( 'NONE',  ( 0.5340764122724124300, -0.5723407022048628800, 0.1150992170229686300 ) ) ;
#5694 = CARTESIAN_POINT ( 'NONE',  ( 0.5347872261604932300, -0.5718407022048628300, 0.1138782029484369400 ) ) ;
#5695 = CARTESIAN_POINT ( 'NONE',  ( 0.5347872261604932300, -0.5723407022048629900, 0.1138782029484369400 ) ) ;
#5696 = CARTESIAN_POINT ( 'NONE',  ( 0.5357153903268707700, -0.5718407022048628300, 0.1127763849802666700 ) ) ;
#5697 = CARTESIAN_POINT ( 'NONE',  ( 0.5357153903268707700, -0.5723407022048628800, 0.1127763849802666700 ) ) ;
#5698 = CARTESIAN_POINT ( 'NONE',  ( 0.5368775455191018300, -0.5718407022048628300, 0.1117715897230660600 ) ) ;
#5699 = CARTESIAN_POINT ( 'NONE',  ( 0.5368775455191018300, -0.5723407022048628800, 0.1117715897230660600 ) ) ;
#5700 = CARTESIAN_POINT ( 'NONE',  ( 0.5377749877663282600, -0.5718407022048628300, 0.1112171960211041600 ) ) ;
#5701 = CARTESIAN_POINT ( 'NONE',  ( 0.5377749877663282600, -0.5723407022048628800, 0.1112171960211041600 ) ) ;
#5702 = CARTESIAN_POINT ( 'NONE',  ( 0.5382405214614239800, -0.5718407022048628300, 0.1109296132274373300 ) ) ;
#5703 = CARTESIAN_POINT ( 'NONE',  ( 0.5382405214614239800, -0.5723407022048628800, 0.1109296132274373300 ) ) ;
#5704 = CARTESIAN_POINT ( 'NONE',  ( 0.5382405214614239800, -0.5718407022048628300, 0.1109296132274373300 ) ) ;
#5705 = CARTESIAN_POINT ( 'NONE',  ( 0.5382405214614239800, -0.5723407022048628800, 0.1109296132274373300 ) ) ;
#5706 = CARTESIAN_POINT ( 'NONE',  ( 0.5385922422171276500, -0.5718407022048627200, 0.1107461999336440700 ) ) ;
#5707 = CARTESIAN_POINT ( 'NONE',  ( 0.5385922422171276500, -0.5723407022048627700, 0.1107461999336440700 ) ) ;
#5708 = CARTESIAN_POINT ( 'NONE',  ( 0.5393107228532486600, -0.5718407022048626100, 0.1103715308307816200 ) ) ;
#5709 = CARTESIAN_POINT ( 'NONE',  ( 0.5393107228532486600, -0.5723407022048627700, 0.1103715308307816200 ) ) ;
#5710 = CARTESIAN_POINT ( 'NONE',  ( 0.5404887864828156200, -0.5718407022048629400, 0.1099490559570281700 ) ) ;
#5711 = CARTESIAN_POINT ( 'NONE',  ( 0.5404887864828156200, -0.5723407022048629900, 0.1099490559570281700 ) ) ;
#5712 = CARTESIAN_POINT ( 'NONE',  ( 0.5417662341238272900, -0.5718407022048626100, 0.1096118151240006700 ) ) ;
#5713 = CARTESIAN_POINT ( 'NONE',  ( 0.5417662341238272900, -0.5723407022048626600, 0.1096118151240006700 ) ) ;
#5714 = CARTESIAN_POINT ( 'NONE',  ( 0.5431645391166873800, -0.5718407022048629400, 0.1094032080624301500 ) ) ;
#5715 = CARTESIAN_POINT ( 'NONE',  ( 0.5431645391166873800, -0.5723407022048629900, 0.1094032080624301500 ) ) ;
#5716 = CARTESIAN_POINT ( 'NONE',  ( 0.5446900557223757200, -0.5718407022048626100, 0.1092563381259990000 ) ) ;
#5717 = CARTESIAN_POINT ( 'NONE',  ( 0.5446900557223757200, -0.5723407022048626600, 0.1092563381259990000 ) ) ;
#5718 = CARTESIAN_POINT ( 'NONE',  ( 0.5463567365066365200, -0.5718407022048628300, 0.1091429474320621800 ) ) ;
#5719 = CARTESIAN_POINT ( 'NONE',  ( 0.5463567365066365200, -0.5723407022048628800, 0.1091429474320621800 ) ) ;
#5720 = CARTESIAN_POINT ( 'NONE',  ( 0.5481809414616033400, -0.5718407022048626100, 0.1090967058250137800 ) ) ;
#5721 = CARTESIAN_POINT ( 'NONE',  ( 0.5481809414616033400, -0.5723407022048627700, 0.1090967058250137800 ) ) ;
#5722 = CARTESIAN_POINT ( 'NONE',  ( 0.5494456827151050800, -0.5718407022048628300, 0.1090820429065074800 ) ) ;
#5723 = CARTESIAN_POINT ( 'NONE',  ( 0.5494456827151050800, -0.5723407022048628800, 0.1090820429065074800 ) ) ;
#5724 = CARTESIAN_POINT ( 'NONE',  ( 0.5501056322209176800, -0.5718407022048628300, 0.1090743917084499900 ) ) ;
#5725 = CARTESIAN_POINT ( 'NONE',  ( 0.5501056322209176800, -0.5723407022048628800, 0.1090743917084499900 ) ) ;
#5726 = PLANE ( 'NONE',  #249 ) ;
#5727 = CARTESIAN_POINT ( 'NONE',  ( 0.5501056322209176800, -0.5718407022048628300, 0.1090743917084499900 ) ) ;
#5728 = DIRECTION ( 'NONE',  ( 0.0000000000000000000, 0.0000000000000000000, -1.000000000000000000 ) ) ;
#5729 = DIRECTION ( 'NONE',  ( -1.000000000000000000, 0.0000000000000000000, -0.0000000000000000000 ) ) ;
#5730 = PLANE ( 'NONE',  #303 ) ;
#5731 = CARTESIAN_POINT ( 'NONE',  ( 0.5631337176639555900, -0.5718407022048627200, 0.1090743917084499900 ) ) ;
#5732 = DIRECTION ( 'NONE',  ( 1.000000000000000000, 1.622879996236195800E-015, -0.0000000000000000000 ) ) ;
#5733 = DIRECTION ( 'NONE',  ( -1.622879996236195800E-015, 1.000000000000000000, 0.0000000000000000000 ) ) ;
#5734 = PLANE ( 'NONE',  #250 ) ;
#5735 = CARTESIAN_POINT ( 'NONE',  ( 0.5631337176639555900, -0.5718407022048627200, 0.1347705942400955800 ) ) ;
#5736 = DIRECTION ( 'NONE',  ( 0.0000000000000000000, 0.0000000000000000000, 1.000000000000000000 ) ) ;
#5737 = DIRECTION ( 'NONE',  ( 1.000000000000000000, 0.0000000000000000000, -0.0000000000000000000 ) ) ;
#5738 = CARTESIAN_POINT ( 'NONE',  ( 0.5521546828538290700, -0.5718407022048628300, 0.1347705942400955800 ) ) ;
#5739 = CARTESIAN_POINT ( 'NONE',  ( 0.5521546828538290700, -0.5723407022048628800, 0.1347705942400955800 ) ) ;
#5740 = CARTESIAN_POINT ( 'NONE',  ( 0.5512869544130986100, -0.5718407022048628300, 0.1347620432539315700 ) ) ;
#5741 = CARTESIAN_POINT ( 'NONE',  ( 0.5512869544130986100, -0.5723407022048628800, 0.1347620432539315700 ) ) ;
#5742 = CARTESIAN_POINT ( 'NONE',  ( 0.5496338095731682100, -0.5718407022048628300, 0.1347457524214663300 ) ) ;
#5743 = CARTESIAN_POINT ( 'NONE',  ( 0.5496338095731682100, -0.5723407022048629900, 0.1347457524214663300 ) ) ;
#5744 = CARTESIAN_POINT ( 'NONE',  ( 0.5472779627211950000, -0.5718407022048629400, 0.1346403118331838100 ) ) ;
#5745 = CARTESIAN_POINT ( 'NONE',  ( 0.5472779627211950000, -0.5723407022048629900, 0.1346403118331838100 ) ) ;
#5746 = CARTESIAN_POINT ( 'NONE',  ( 0.5451656895325254200, -0.5718407022048627200, 0.1344513622558172500 ) ) ;
#5747 = CARTESIAN_POINT ( 'NONE',  ( 0.5451656895325254200, -0.5723407022048627700, 0.1344513622558172500 ) ) ;
#5748 = CARTESIAN_POINT ( 'NONE',  ( 0.5432828979646535700, -0.5718407022048630500, 0.1341783260776546500 ) ) ;
#5749 = CARTESIAN_POINT ( 'NONE',  ( 0.5432828979646535700, -0.5723407022048632200, 0.1341783260776546500 ) ) ;
#5750 = CARTESIAN_POINT ( 'NONE',  ( 0.5415933764583847900, -0.5718407022048627200, 0.1338171658173463200 ) ) ;
#5751 = CARTESIAN_POINT ( 'NONE',  ( 0.5415933764583847900, -0.5723407022048627700, 0.1338171658173463200 ) ) ;
#5752 = CARTESIAN_POINT ( 'NONE',  ( 0.5400889551605438900, -0.5718407022048629400, 0.1332958626950509800 ) ) ;
#5753 = CARTESIAN_POINT ( 'NONE',  ( 0.5400889551605438900, -0.5723407022048629900, 0.1332958626950509800 ) ) ;
#5754 = CARTESIAN_POINT ( 'NONE',  ( 0.5387221247682536500, -0.5718407022048626100, 0.1326728036903054900 ) ) ;
#5755 = CARTESIAN_POINT ( 'NONE',  ( 0.5387221247682536500, -0.5723407022048627700, 0.1326728036903054900 ) ) ;
#5756 = CARTESIAN_POINT ( 'NONE',  ( 0.5379243389972224700, -0.5718407022048628300, 0.1321196571037698300 ) ) ;
#5757 = CARTESIAN_POINT ( 'NONE',  ( 0.5379243389972224700, -0.5723407022048628800, 0.1321196571037698300 ) ) ;
#5758 = CARTESIAN_POINT ( 'NONE',  ( 0.5375344296892722300, -0.5718407022048628300, 0.1318493125945259200 ) ) ;
#5759 = CARTESIAN_POINT ( 'NONE',  ( 0.5375344296892722300, -0.5723407022048629900, 0.1318493125945259200 ) ) ;
#5760 = CARTESIAN_POINT ( 'NONE',  ( 0.5375344296892721200, -0.5718407022048628300, 0.1318493125945259200 ) ) ;
#5761 = CARTESIAN_POINT ( 'NONE',  ( 0.5375344296892721200, -0.5723407022048628800, 0.1318493125945259200 ) ) ;
#5762 = CARTESIAN_POINT ( 'NONE',  ( 0.5371628786653603900, -0.5718407022048628300, 0.1315431754763571900 ) ) ;
#5763 = CARTESIAN_POINT ( 'NONE',  ( 0.5371628786653603900, -0.5723407022048628800, 0.1315431754763571900 ) ) ;
#5764 = CARTESIAN_POINT ( 'NONE',  ( 0.5364383120998599300, -0.5718407022048627200, 0.1309461734335466700 ) ) ;
#5765 = CARTESIAN_POINT ( 'NONE',  ( 0.5364383120998599300, -0.5723407022048627700, 0.1309461734335466700 ) ) ;
#5766 = CARTESIAN_POINT ( 'NONE',  ( 0.5354892142737239800, -0.5718407022048627200, 0.1299388636539361400 ) ) ;
#5767 = CARTESIAN_POINT ( 'NONE',  ( 0.5354892142737239800, -0.5723407022048627700, 0.1299388636539361400 ) ) ;
#5768 = CARTESIAN_POINT ( 'NONE',  ( 0.5346901942409837400, -0.5718407022048628300, 0.1288704820340149400 ) ) ;
#5769 = CARTESIAN_POINT ( 'NONE',  ( 0.5346901942409837400, -0.5723407022048629900, 0.1288704820340149400 ) ) ;
#5770 = CARTESIAN_POINT ( 'NONE',  ( 0.5340530279389796900, -0.5718407022048628300, 0.1277116893897460000 ) ) ;
#5771 = CARTESIAN_POINT ( 'NONE',  ( 0.5340530279389796900, -0.5723407022048628800, 0.1277116893897460000 ) ) ;
#5772 = CARTESIAN_POINT ( 'NONE',  ( 0.5335765690602426400, -0.5718407022048629400, 0.1264385388099575300 ) ) ;
#5773 = CARTESIAN_POINT ( 'NONE',  ( 0.5335765690602426400, -0.5723407022048629900, 0.1264385388099575300 ) ) ;
#5774 = CARTESIAN_POINT ( 'NONE',  ( 0.5332518272850788100, -0.5718407022048629400, 0.1250186937087371400 ) ) ;
#5775 = CARTESIAN_POINT ( 'NONE',  ( 0.5332518272850788100, -0.5723407022048629900, 0.1250186937087371400 ) ) ;
#5776 = CARTESIAN_POINT ( 'NONE',  ( 0.5330411512296550100, -0.5718407022048626100, 0.1234378667878462100 ) ) ;
#5777 = CARTESIAN_POINT ( 'NONE',  ( 0.5330411512296550100, -0.5723407022048627700, 0.1234378667878462100 ) ) ;
#5778 = CARTESIAN_POINT ( 'NONE',  ( 0.5330188172816081600, -0.5718407022048626100, 0.1223247373565627300 ) ) ;
#5779 = CARTESIAN_POINT ( 'NONE',  ( 0.5330188172816081600, -0.5723407022048627700, 0.1223247373565627300 ) ) ;
#5780 = CARTESIAN_POINT ( 'NONE',  ( 0.5330071353854746200, -0.5718407022048628300, 0.1217425087970575900 ) ) ;
#5781 = CARTESIAN_POINT ( 'NONE',  ( 0.5330071353854746200, -0.5723407022048628800, 0.1217425087970575900 ) ) ;
#5782 = CARTESIAN_POINT ( 'NONE',  ( 0.5383235910816771600, -0.5718407022048628300, 0.08977454993629807600 ) ) ;
#5783 = CARTESIAN_POINT ( 'NONE',  ( 0.5383235910816771600, -0.5723407022048628800, 0.08977454993629807600 ) ) ;
#5784 = CARTESIAN_POINT ( 'NONE',  ( 0.5383273340658947200, -0.5718407022048628300, 0.08936302767206863500 ) ) ;
#5785 = CARTESIAN_POINT ( 'NONE',  ( 0.5383273340658947200, -0.5723407022048628800, 0.08936302767206863500 ) ) ;
#5786 = CARTESIAN_POINT ( 'NONE',  ( 0.5383345129036126700, -0.5718407022048629400, 0.08857375061918618100 ) ) ;
#5787 = CARTESIAN_POINT ( 'NONE',  ( 0.5383345129036126700, -0.5723407022048629900, 0.08857375061918618100 ) ) ;
#5788 = CARTESIAN_POINT ( 'NONE',  ( 0.5385064510641143200, -0.5718407022048627200, 0.08744270168136168700 ) ) ;
#5789 = CARTESIAN_POINT ( 'NONE',  ( 0.5385064510641143200, -0.5723407022048627700, 0.08744270168136168700 ) ) ;
#5790 = CARTESIAN_POINT ( 'NONE',  ( 0.5387065584421943900, -0.5718407022048627200, 0.08640053670803483900 ) ) ;
#5791 = CARTESIAN_POINT ( 'NONE',  ( 0.5387065584421943900, -0.5723407022048627700, 0.08640053670803483900 ) ) ;
#5792 = CARTESIAN_POINT ( 'NONE',  ( 0.5390443124655487400, -0.5718407022048628300, 0.08545903633207549400 ) ) ;
#5793 = CARTESIAN_POINT ( 'NONE',  ( 0.5390443124655487400, -0.5723407022048629900, 0.08545903633207549400 ) ) ;
#5794 = CARTESIAN_POINT ( 'NONE',  ( 0.5394916692403202200, -0.5718407022048627200, 0.08461399906821721900 ) ) ;
#5795 = CARTESIAN_POINT ( 'NONE',  ( 0.5394916692403202200, -0.5723407022048627700, 0.08461399906821721900 ) ) ;
#5796 = CARTESIAN_POINT ( 'NONE',  ( 0.5400577105875983300, -0.5718407022048627200, 0.08385998404402736400 ) ) ;
#5797 = CARTESIAN_POINT ( 'NONE',  ( 0.5400577105875983300, -0.5723407022048627700, 0.08385998404402736400 ) ) ;
#5798 = CARTESIAN_POINT ( 'NONE',  ( 0.5407172299508374900, -0.5718407022048628300, 0.08316956773974805400 ) ) ;
#5799 = CARTESIAN_POINT ( 'NONE',  ( 0.5407172299508374900, -0.5723407022048628800, 0.08316956773974805400 ) ) ;
#5800 = CARTESIAN_POINT ( 'NONE',  ( 0.5412425832030671700, -0.5718407022048628300, 0.08280224404298093500 ) ) ;
#5801 = CARTESIAN_POINT ( 'NONE',  ( 0.5412425832030671700, -0.5723407022048628800, 0.08280224404298093500 ) ) ;
#5802 = CARTESIAN_POINT ( 'NONE',  ( 0.5415079265247151300, -0.5718407022048628300, 0.08261671765781708500 ) ) ;
#5803 = CARTESIAN_POINT ( 'NONE',  ( 0.5415079265247151300, -0.5723407022048628800, 0.08261671765781708500 ) ) ;
#5804 = CARTESIAN_POINT ( 'NONE',  ( 0.5415079265247151300, -0.5718407022048628300, 0.08261671765781708500 ) ) ;
#5805 = CARTESIAN_POINT ( 'NONE',  ( 0.5415079265247151300, -0.5723407022048628800, 0.08261671765781708500 ) ) ;
#5806 = CARTESIAN_POINT ( 'NONE',  ( 0.5418491915756759000, -0.5718407022048627200, 0.08241340093147414600 ) ) ;
#5807 = CARTESIAN_POINT ( 'NONE',  ( 0.5418491915756759000, -0.5723407022048627700, 0.08241340093147414600 ) ) ;
#5808 = CARTESIAN_POINT ( 'NONE',  ( 0.5425413764428425000, -0.5718407022048626100, 0.08200101542402121700 ) ) ;
#5809 = CARTESIAN_POINT ( 'NONE',  ( 0.5425413764428425000, -0.5723407022048626600, 0.08200101542402121700 ) ) ;
#5810 = CARTESIAN_POINT ( 'NONE',  ( 0.5436953496398139200, -0.5718407022048629400, 0.08154796899467581200 ) ) ;
#5811 = CARTESIAN_POINT ( 'NONE',  ( 0.5436953496398139200, -0.5723407022048629900, 0.08154796899467581200 ) ) ;
#5812 = CARTESIAN_POINT ( 'NONE',  ( 0.5449508445365780500, -0.5718407022048628300, 0.08121802037142626700 ) ) ;
#5813 = CARTESIAN_POINT ( 'NONE',  ( 0.5449508445365780500, -0.5723407022048629900, 0.08121802037142626700 ) ) ;
#5814 = CARTESIAN_POINT ( 'NONE',  ( 0.5463246785511425300, -0.5718407022048627200, 0.08100345161795907700 ) ) ;
#5815 = CARTESIAN_POINT ( 'NONE',  ( 0.5463246785511425300, -0.5723407022048627700, 0.08100345161795907700 ) ) ;
#5816 = CARTESIAN_POINT ( 'NONE',  ( 0.5478282216241624500, -0.5718407022048628300, 0.08087065538227325400 ) ) ;
#5817 = CARTESIAN_POINT ( 'NONE',  ( 0.5478282216241624500, -0.5723407022048629900, 0.08087065538227325400 ) ) ;
#5818 = CARTESIAN_POINT ( 'NONE',  ( 0.5494869459091070700, -0.5718407022048628300, 0.08080181077348948200 ) ) ;
#5819 = CARTESIAN_POINT ( 'NONE',  ( 0.5494869459091070700, -0.5723407022048628800, 0.08080181077348948200 ) ) ;
#5820 = CARTESIAN_POINT ( 'NONE',  ( 0.5513093595237221800, -0.5718407022048628300, 0.08071737084170803300 ) ) ;
#5821 = CARTESIAN_POINT ( 'NONE',  ( 0.5513093595237221800, -0.5723407022048628800, 0.08071737084170803300 ) ) ;
#5822 = CARTESIAN_POINT ( 'NONE',  ( 0.5525837524826098200, -0.5718407022048627200, 0.08071907335513824100 ) ) ;
#5823 = CARTESIAN_POINT ( 'NONE',  ( 0.5525837524826098200, -0.5723407022048627700, 0.08071907335513824100 ) ) ;
#5824 = CARTESIAN_POINT ( 'NONE',  ( 0.5532484328538290800, -0.5718407022048628300, 0.08071996132870314100 ) ) ;
#5825 = CARTESIAN_POINT ( 'NONE',  ( 0.5532484328538290800, -0.5723407022048628800, 0.08071996132870314100 ) ) ;
#5826 = CARTESIAN_POINT ( 'NONE',  ( 0.7492096670310443000, -0.5723407022048624400, 0.1077729676578170800 ) ) ;
#5827 = CARTESIAN_POINT ( 'NONE',  ( 0.7492294431956323400, -0.5723407022048624400, 0.1091908851627184500 ) ) ;
#5828 = CARTESIAN_POINT ( 'NONE',  ( 0.7492679855383966900, -0.5723407022048623300, 0.1119543058574522400 ) ) ;
#5829 = CARTESIAN_POINT ( 'NONE',  ( 0.7496875196586682000, -0.5723407022048623300, 0.1159824881910449400 ) ) ;
#5830 = CARTESIAN_POINT ( 'NONE',  ( 0.7503210973105500800, -0.5723407022048623300, 0.1197857363506187300 ) ) ;
#5831 = CARTESIAN_POINT ( 'NONE',  ( 0.7512377797999024700, -0.5723407022048625500, 0.1233493492876377200 ) ) ;
#5832 = CARTESIAN_POINT ( 'NONE',  ( 0.7523787356155602300, -0.5723407022048624400, 0.1266576308875440300 ) ) ;
#5833 = CARTESIAN_POINT ( 'NONE',  ( 0.7537387015914210900, -0.5723407022048623300, 0.1296955838509597500 ) ) ;
#5834 = CARTESIAN_POINT ( 'NONE',  ( 0.7552986785367366000, -0.5723407022048624400, 0.1324563154800356700 ) ) ;
#5835 = CARTESIAN_POINT ( 'NONE',  ( 0.7565474572998314200, -0.5723407022048625500, 0.1340955268734196600 ) ) ;
#5836 = CARTESIAN_POINT ( 'NONE',  ( 0.7571566607019303300, -0.5723407022048624400, 0.1348951986704753100 ) ) ;
#5837 = PLANE ( 'NONE',  #300 ) ;
#5838 = CARTESIAN_POINT ( 'NONE',  ( 0.8280704265247150800, -0.5718407022048622700, 0.1427452777843993500 ) ) ;
#5839 = DIRECTION ( 'NONE',  ( -1.000000000000000000, -1.622879996236195800E-015, 0.0000000000000000000 ) ) ;
#5840 = DIRECTION ( 'NONE',  ( 1.622879996236195800E-015, -1.000000000000000000, 0.0000000000000000000 ) ) ;
#5841 = PLANE ( 'NONE',  #252 ) ;
#5842 = CARTESIAN_POINT ( 'NONE',  ( 0.6221408379171200500, -0.5718407022048626100, 0.1232516068983234000 ) ) ;
#5843 = DIRECTION ( 'NONE',  ( 0.9537054296867864000, 1.547749464140531400E-015, -0.3007423372023668200 ) ) ;
#5844 = DIRECTION ( 'NONE',  ( -0.3007423372023668200, 0.0000000000000000000, -0.9537054296867864000 ) ) ;
#5845 = CARTESIAN_POINT ( 'NONE',  ( 0.7331970088031967100, -0.07234070220486343800, -0.08725472221560066900 ) ) ;
#5846 = DIRECTION ( 'NONE',  ( -0.0000000000000000000, 0.0000000000000000000, 1.000000000000000000 ) ) ;
#5847 = DIRECTION ( 'NONE',  ( 1.000000000000000000, 0.0000000000000000000, 0.0000000000000000000 ) ) ;
#5848 = CARTESIAN_POINT ( 'NONE',  ( 0.5301970088031966500, -0.07234070220486341100, -0.08725472221560066900 ) ) ;
#5849 = DIRECTION ( 'NONE',  ( -0.0000000000000000000, -0.0000000000000000000, 1.000000000000000000 ) ) ;
#5850 = CARTESIAN_POINT ( 'NONE',  ( 0.7331970088031967100, -0.07234070220486343800, 0.1777452777843993300 ) ) ;
#5851 = DIRECTION ( 'NONE',  ( -0.0000000000000000000, -0.0000000000000000000, -1.000000000000000000 ) ) ;
#5852 = DIRECTION ( 'NONE',  ( 1.000000000000000000, 0.0000000000000000000, 0.0000000000000000000 ) ) ;
#5853 = CARTESIAN_POINT ( 'NONE',  ( 0.9361970088031966700, -0.07234070220486343800, -0.08725472221560066900 ) ) ;
#5854 = DIRECTION ( 'NONE',  ( -0.0000000000000000000, -0.0000000000000000000, 1.000000000000000000 ) ) ;
#5855 = CARTESIAN_POINT ( 'NONE',  ( 0.1656970088031969900, -0.07234070220486343800, -0.1822547222156006800 ) ) ;
#5856 = DIRECTION ( 'NONE',  ( 0.0000000000000000000, 0.0000000000000000000, 1.000000000000000000 ) ) ;
#5857 = CARTESIAN_POINT ( 'NONE',  ( 0.03319700880319696000, -0.07234070220486343800, -0.1822547222156006800 ) ) ;
#5858 = DIRECTION ( 'NONE',  ( -0.0000000000000000000, 0.0000000000000000000, 1.000000000000000000 ) ) ;
#5859 = DIRECTION ( 'NONE',  ( 1.000000000000000000, 0.0000000000000000000, 0.0000000000000000000 ) ) ;
#5860 = CARTESIAN_POINT ( 'NONE',  ( 0.03319700880319696000, -0.07234070220486343800, 0.1777452777843993900 ) ) ;
#5861 = DIRECTION ( 'NONE',  ( -0.0000000000000000000, -0.0000000000000000000, -1.000000000000000000 ) ) ;
#5862 = DIRECTION ( 'NONE',  ( 1.000000000000000000, 0.0000000000000000000, 0.0000000000000000000 ) ) ;
#5863 = CARTESIAN_POINT ( 'NONE',  ( 0.03319700880319696000, 0.06015929779513658200, -0.1822547222156006800 ) ) ;
#5864 = DIRECTION ( 'NONE',  ( 0.0000000000000000000, 0.0000000000000000000, 1.000000000000000000 ) ) ;
#5865 = CARTESIAN_POINT ( 'NONE',  ( 0.7312982746259806300, -0.5723407022048624400, 0.01413768284769046300 ) ) ;
#5866 = DIRECTION ( 'NONE',  ( 0.0000000000000000000, 0.0000000000000000000, 1.000000000000000000 ) ) ;
#5867 = CARTESIAN_POINT ( 'NONE',  ( 0.7463615657652211700, -0.5723407022048624400, 0.01413768284769046300 ) ) ;
#5868 = DIRECTION ( 'NONE',  ( -1.000000000000000000, 0.0000000000000000000, 0.0000000000000000000 ) ) ;
#5869 = CARTESIAN_POINT ( 'NONE',  ( 0.7721843505753477300, -0.5723407022048623300, 0.02274527778439932100 ) ) ;
#5870 = DIRECTION ( 'NONE',  ( 0.0000000000000000000, 0.0000000000000000000, -1.000000000000000000 ) ) ;
#5871 = CARTESIAN_POINT ( 'NONE',  ( 0.7721843505753477300, -0.5723407022048623300, 0.01413768284769046300 ) ) ;
#5872 = DIRECTION ( 'NONE',  ( -1.000000000000000000, -4.231686107832858500E-015, 0.0000000000000000000 ) ) ;
#5873 = CARTESIAN_POINT ( 'NONE',  ( 0.7560451100690185300, -0.5723407022048624400, 0.01413768284769046300 ) ) ;
#5874 = DIRECTION ( 'NONE',  ( 0.0000000000000000000, 0.0000000000000000000, -1.000000000000000000 ) ) ;
#5875 = CARTESIAN_POINT ( 'NONE',  ( 0.7560451100690185300, -0.5723407022048624400, -0.04288763360800575800 ) ) ;
#5876 = DIRECTION ( 'NONE',  ( 1.000000000000000000, 4.231686107832858500E-015, 0.0000000000000000000 ) ) ;
#5877 = CARTESIAN_POINT ( 'NONE',  ( 0.7721843505753477300, -0.5723407022048623300, -0.04288763360800575800 ) ) ;
#5878 = DIRECTION ( 'NONE',  ( 0.0000000000000000000, 0.0000000000000000000, -1.000000000000000000 ) ) ;
#5879 = CARTESIAN_POINT ( 'NONE',  ( 0.7721843505753477300, -0.5723407022048623300, -0.05041927917762598800 ) ) ;
#5880 = CARTESIAN_POINT ( 'NONE',  ( 0.7710568190919733200, -0.5723407022048623300, -0.05045179291860923300 ) ) ;
#5881 = CARTESIAN_POINT ( 'NONE',  ( 0.7687094047199833900, -0.5723407022048624400, -0.05051948346561099100 ) ) ;
#5882 = CARTESIAN_POINT ( 'NONE',  ( 0.7657871809205426500, -0.5723407022048624400, -0.05089623702620479200 ) ) ;
#5883 = CARTESIAN_POINT ( 'NONE',  ( 0.7634885960091391000, -0.5723407022048624400, -0.05133281589280230800 ) ) ;
#5884 = CARTESIAN_POINT ( 'NONE',  ( 0.7619533920744868700, -0.5723407022048623300, -0.05170430639634300600 ) ) ;
#5885 = CARTESIAN_POINT ( 'NONE',  ( 0.7606409395464697200, -0.5723407022048624400, -0.05216556774341425000 ) ) ;
#5886 = CARTESIAN_POINT ( 'NONE',  ( 0.7598799156920972300, -0.5723407022048624400, -0.05256833878368093900 ) ) ;
#5887 = CARTESIAN_POINT ( 'NONE',  ( 0.7595251338031958600, -0.5723407022048624400, -0.05275610670927157600 ) ) ;
#5888 = CARTESIAN_POINT ( 'NONE',  ( 0.7595251338031958600, -0.5723407022048624400, -0.05275610670927157600 ) ) ;
#5889 = CARTESIAN_POINT ( 'NONE',  ( 0.7591433424289258900, -0.5723407022048624400, -0.05299948515517560700 ) ) ;
#5890 = CARTESIAN_POINT ( 'NONE',  ( 0.7583890452018157100, -0.5723407022048624400, -0.05348032285674728100 ) ) ;
#5891 = CARTESIAN_POINT ( 'NONE',  ( 0.7573828935185894500, -0.5723407022048624400, -0.05434398865061608500 ) ) ;
#5892 = CARTESIAN_POINT ( 'NONE',  ( 0.7564901587344677900, -0.5723407022048625500, -0.05529759981058545600 ) ) ;
#5893 = CARTESIAN_POINT ( 'NONE',  ( 0.7557269235237558100, -0.5723407022048624400, -0.05636745993184404800 ) ) ;
#5894 = CARTESIAN_POINT ( 'NONE',  ( 0.7550861079498670800, -0.5723407022048624400, -0.05757559631136068700 ) ) ;
#5895 = CARTESIAN_POINT ( 'NONE',  ( 0.7546466818878870800, -0.5723407022048624400, -0.05897873342554298100 ) ) ;
#5896 = CARTESIAN_POINT ( 'NONE',  ( 0.7542991095901328000, -0.5723407022048623300, -0.06054699479454378500 ) ) ;
#5897 = CARTESIAN_POINT ( 'NONE',  ( 0.7542201425663365200, -0.5723407022048623300, -0.06166985112219051900 ) ) ;
#5898 = CARTESIAN_POINT ( 'NONE',  ( 0.7541790103854741900, -0.5723407022048624400, -0.06225472221560066100 ) ) ;
#5899 = CARTESIAN_POINT ( 'NONE',  ( 0.7541790103854741900, -0.5723407022048624400, -0.06225472221560066100 ) ) ;
#5900 = DIRECTION ( 'NONE',  ( -1.000000000000000000, 0.0000000000000000000, 0.0000000000000000000 ) ) ;
#5901 = CARTESIAN_POINT ( 'NONE',  ( 0.8780813046892719200, -0.5723407022048635500, -0.02533620955737284100 ) ) ;
#5902 = CARTESIAN_POINT ( 'NONE',  ( 0.8774507321888510600, -0.5723407022048621100, -0.02517822289720586500 ) ) ;
#5903 = CARTESIAN_POINT ( 'NONE',  ( 0.8762147121455196000, -0.5723407022048622200, -0.02486854450429319700 ) ) ;
#5904 = CARTESIAN_POINT ( 'NONE',  ( 0.8744324853911308300, -0.5723407022048623300, -0.02423633976318309900 ) ) ;
#5905 = CARTESIAN_POINT ( 'NONE',  ( 0.8727555121940341300, -0.5723407022048620000, -0.02348521887155887900 ) ) ;
#5906 = CARTESIAN_POINT ( 'NONE',  ( 0.8711751338675204300, -0.5723407022048624400, -0.02260129119856827900 ) ) ;
#5907 = CARTESIAN_POINT ( 'NONE',  ( 0.8696980569811116900, -0.5723407022048621100, -0.02159791745467998900 ) ) ;
#5908 = CARTESIAN_POINT ( 'NONE',  ( 0.8683297864599981400, -0.5723407022048623300, -0.02046139656579974400 ) ) ;
#5909 = CARTESIAN_POINT ( 'NONE',  ( 0.8670584589511956000, -0.5723407022048622200, -0.01921200816414148100 ) ) ;
#5910 = CARTESIAN_POINT ( 'NONE',  ( 0.8659012935478595000, -0.5723407022048622200, -0.01783158872643595500 ) ) ;
#5911 = CARTESIAN_POINT ( 'NONE',  ( 0.8648592496603868500, -0.5723407022048621100, -0.01634423752959452200 ) ) ;
#5912 = CARTESIAN_POINT ( 'NONE',  ( 0.8639678558284162900, -0.5723407022048623300, -0.01474414060912166700 ) ) ;
#5913 = CARTESIAN_POINT ( 'NONE',  ( 0.8631878495616621700, -0.5723407022048623300, -0.01306899915330736100 ) ) ;
#5914 = CARTESIAN_POINT ( 'NONE',  ( 0.8625694004822271900, -0.5723407022048622200, -0.01128718518481193500 ) ) ;
#5915 = CARTESIAN_POINT ( 'NONE',  ( 0.8620738533163164700, -0.5723407022048623300, -0.009417132464092837000 ) ) ;
#5916 = CARTESIAN_POINT ( 'NONE',  ( 0.8617544631881320900, -0.5723407022048621100, -0.007439891187259067300 ) ) ;
#5917 = CARTESIAN_POINT ( 'NONE',  ( 0.8615188849229786800, -0.5723407022048623300, -0.005375132112852489900 ) ) ;
#5918 = CARTESIAN_POINT ( 'NONE',  ( 0.8614985117533973100, -0.5723407022048623300, -0.003963641141749096400 ) ) ;
#5919 = CARTESIAN_POINT ( 'NONE',  ( 0.8614881480437024400, -0.5723407022048622200, -0.003245624114334854000 ) ) ;
#5920 = CARTESIAN_POINT ( 'NONE',  ( 0.7463615657652211700, -0.5723407022048624400, -0.06225472221560066100 ) ) ;
#5921 = DIRECTION ( 'NONE',  ( 0.0000000000000000000, 0.0000000000000000000, 1.000000000000000000 ) ) ;
#5922 = CARTESIAN_POINT ( 'NONE',  ( 0.8780813046892719200, -0.5723407022048622200, -0.02579012569661335400 ) ) ;
#5923 = DIRECTION ( 'NONE',  ( 0.0000000000000000000, 0.0000000000000000000, 1.000000000000000000 ) ) ;
#5924 = CARTESIAN_POINT ( 'NONE',  ( 0.8614881480437024400, -0.5723407022048622200, -0.003245624114334854000 ) ) ;
#5925 = CARTESIAN_POINT ( 'NONE',  ( 0.8615114983686726900, -0.5723407022048622200, -0.002224095257315885300 ) ) ;
#5926 = CARTESIAN_POINT ( 'NONE',  ( 0.8615568544683462900, -0.5723407022048623300, -0.0002398588615778515600 ) ) ;
#5927 = CARTESIAN_POINT ( 'NONE',  ( 0.8619796168612232600, -0.5723407022048620000, 0.002640980656136978800 ) ) ;
#5928 = CARTESIAN_POINT ( 'NONE',  ( 0.8626143403834178900, -0.5723407022048623300, 0.005350050841876933000 ) ) ;
#5929 = CARTESIAN_POINT ( 'NONE',  ( 0.8635697642542491400, -0.5723407022048621100, 0.007855437448316501800 ) ) ;
#5930 = CARTESIAN_POINT ( 'NONE',  ( 0.8647308711692880400, -0.5723407022048623300, 0.01016806738604406400 ) ) ;
#5931 = CARTESIAN_POINT ( 'NONE',  ( 0.8660804262286326800, -0.5723407022048622200, 0.01227173860019786800 ) ) ;
#5932 = CARTESIAN_POINT ( 'NONE',  ( 0.8675884120483290400, -0.5723407022048621100, 0.01419281468652780800 ) ) ;
#5933 = CARTESIAN_POINT ( 'NONE',  ( 0.8687689371010718400, -0.5723407022048623300, 0.01527878591102268200 ) ) ;
#5934 = CARTESIAN_POINT ( 'NONE',  ( 0.8693560277905376700, -0.5723407022048622200, 0.01581885373376641000 ) ) ;
#5935 = CARTESIAN_POINT ( 'NONE',  ( 0.8693560277905376700, -0.5723407022048622200, 0.01581885373376641000 ) ) ;
#5936 = CARTESIAN_POINT ( 'NONE',  ( 0.8700736627635671200, -0.5723407022048622200, 0.01641034147748717000 ) ) ;
#5937 = CARTESIAN_POINT ( 'NONE',  ( 0.8714921849048227200, -0.5723407022048622200, 0.01757951312084698700 ) ) ;
#5938 = CARTESIAN_POINT ( 'NONE',  ( 0.8737910091850423800, -0.5723407022048622200, 0.01906905529123138100 ) ) ;
#5939 = CARTESIAN_POINT ( 'NONE',  ( 0.8762047160176885700, -0.5723407022048623300, 0.02026215671444389300 ) ) ;
#5940 = CARTESIAN_POINT ( 'NONE',  ( 0.8787566424815541600, -0.5723407022048621100, 0.02120867739650069200 ) ) ;
#5941 = CARTESIAN_POINT ( 'NONE',  ( 0.8815322190075066700, -0.5723407022048621100, 0.02192524940654313300 ) ) ;
#5942 = CARTESIAN_POINT ( 'NONE',  ( 0.8846196903805945100, -0.5723407022048624400, 0.02238518186979800800 ) ) ;
#5943 = CARTESIAN_POINT ( 'NONE',  ( 0.8880442863050856900, -0.5723407022048621100, 0.02269684518433509300 ) ) ;
#5944 = CARTESIAN_POINT ( 'NONE',  ( 0.8904427213729969600, -0.5723407022048621100, 0.02272863130145293500 ) ) ;
#5945 = CARTESIAN_POINT ( 'NONE',  ( 0.8916987888664872400, -0.5723407022048622200, 0.02274527778439932100 ) ) ;
#5946 = CARTESIAN_POINT ( 'NONE',  ( 0.8916987888664872400, -0.5723407022048622200, 0.02274527778439932100 ) ) ;
#5947 = DIRECTION ( 'NONE',  ( 1.000000000000000000, 2.546970948915084200E-015, 0.0000000000000000000 ) ) ;
#5948 = CARTESIAN_POINT ( 'NONE',  ( 0.9185134644993984100, -0.5723407022048621100, 0.02274527778439932100 ) ) ;
#5949 = DIRECTION ( 'NONE',  ( 0.0000000000000000000, 0.0000000000000000000, -1.000000000000000000 ) ) ;
#5950 = CARTESIAN_POINT ( 'NONE',  ( 0.9185134644993984100, -0.5723407022048621100, -0.06225472221560066100 ) ) ;
#5951 = DIRECTION ( 'NONE',  ( -1.000000000000000000, 0.0000000000000000000, 0.0000000000000000000 ) ) ;
#5952 = CARTESIAN_POINT ( 'NONE',  ( 0.8961202682968669700, -0.5723407022048621100, -0.06225472221560066100 ) ) ;
#5953 = CARTESIAN_POINT ( 'NONE',  ( 0.8954533923630291200, -0.5723407022048621100, -0.06225037609103303800 ) ) ;
#5954 = CARTESIAN_POINT ( 'NONE',  ( 0.8941587905915230300, -0.5723407022048621100, -0.06224193898859912300 ) ) ;
#5955 = CARTESIAN_POINT ( 'NONE',  ( 0.8922869402033284400, -0.5723407022048623300, -0.06220917566630778500 ) ) ;
#5956 = CARTESIAN_POINT ( 'NONE',  ( 0.8905440960252132300, -0.5723407022048623300, -0.06215728431245820500 ) ) ;
#5957 = CARTESIAN_POINT ( 'NONE',  ( 0.8889293191189570100, -0.5723407022048622200, -0.06209691538273243200 ) ) ;
#5958 = CARTESIAN_POINT ( 'NONE',  ( 0.8874442989923822000, -0.5723407022048621100, -0.06199402945449981200 ) ) ;
#5959 = CARTESIAN_POINT ( 'NONE',  ( 0.8860881554747661600, -0.5723407022048623300, -0.06187482440385005900 ) ) ;
#5960 = CARTESIAN_POINT ( 'NONE',  ( 0.8848641003379420500, -0.5723407022048621100, -0.06174932031025042600 ) ) ;
#5961 = CARTESIAN_POINT ( 'NONE',  ( 0.8834077850932912100, -0.5723407022048623300, -0.06152176622294289900 ) ) ;
#5962 = CARTESIAN_POINT ( 'NONE',  ( 0.8816878607848931400, -0.5723407022048623300, -0.06116138039435945600 ) ) ;
#5963 = CARTESIAN_POINT ( 'NONE',  ( 0.8796887896462117800, -0.5723407022048621100, -0.06053316152699673300 ) ) ;
#5964 = CARTESIAN_POINT ( 'NONE',  ( 0.8777384588794111500, -0.5723407022048623300, -0.05971001981224548200 ) ) ;
#5965 = CARTESIAN_POINT ( 'NONE',  ( 0.8764901391075079500, -0.5723407022048621100, -0.05903181685102848500 ) ) ;
#5966 = CARTESIAN_POINT ( 'NONE',  ( 0.8758621591196518200, -0.5723407022048622200, -0.05869063993711967600 ) ) ;
#5967 = CARTESIAN_POINT ( 'NONE',  ( 0.8758621591196518200, -0.5723407022048622200, -0.05869063993711967600 ) ) ;
#5968 = CARTESIAN_POINT ( 'NONE',  ( 0.4917769138664872000, -0.5723407022048627700, 0.07894780942996897100 ) ) ;
#5969 = CARTESIAN_POINT ( 'NONE',  ( 0.4917769138664872000, -0.5718407022048628300, 0.07894780942996897100 ) ) ;
#5970 = CARTESIAN_POINT ( 'NONE',  ( 0.4917769138664872000, -0.5723407022048627700, 0.07894780942996897100 ) ) ;
#5971 = CARTESIAN_POINT ( 'NONE',  ( 0.4923171325074589000, -0.5718407022048629400, 0.07896028270451599400 ) ) ;
#5972 = CARTESIAN_POINT ( 'NONE',  ( 0.4923171325074589000, -0.5723407022048628800, 0.07896028270451599400 ) ) ;
#5973 = CARTESIAN_POINT ( 'NONE',  ( 0.4933670456650802700, -0.5718407022048628300, 0.07898452447270451500 ) ) ;
#5974 = CARTESIAN_POINT ( 'NONE',  ( 0.4933670456650802700, -0.5723407022048627700, 0.07898452447270451500 ) ) ;
#5975 = CARTESIAN_POINT ( 'NONE',  ( 0.4949041280630556700, -0.5718407022048630500, 0.07911971816184841500 ) ) ;
#5976 = CARTESIAN_POINT ( 'NONE',  ( 0.4949041280630556700, -0.5723407022048629900, 0.07911971816184841500 ) ) ;
#5977 = CARTESIAN_POINT ( 'NONE',  ( 0.4963595505809407800, -0.5718407022048624900, 0.07936444485233958000 ) ) ;
#5978 = CARTESIAN_POINT ( 'NONE',  ( 0.4963595505809407800, -0.5723407022048624400, 0.07936444485233958000 ) ) ;
#5979 = CARTESIAN_POINT ( 'NONE',  ( 0.4977307320770306100, -0.5718407022048631600, 0.07973111370384167200 ) ) ;
#5980 = CARTESIAN_POINT ( 'NONE',  ( 0.4977307320770306100, -0.5723407022048631100, 0.07973111370384167200 ) ) ;
#5981 = CARTESIAN_POINT ( 'NONE',  ( 0.4990262926355375500, -0.5718407022048628300, 0.08016905399640049400 ) ) ;
#5982 = CARTESIAN_POINT ( 'NONE',  ( 0.4990262926355375500, -0.5723407022048627700, 0.08016905399640049400 ) ) ;
#5983 = CARTESIAN_POINT ( 'NONE',  ( 0.5002424960577132000, -0.5718407022048629400, 0.08071281847588736300 ) ) ;
#5984 = CARTESIAN_POINT ( 'NONE',  ( 0.5002424960577132000, -0.5723407022048628800, 0.08071281847588736300 ) ) ;
#5985 = CARTESIAN_POINT ( 'NONE',  ( 0.5013757907331984900, -0.5718407022048628300, 0.08135992544048913100 ) ) ;
#5986 = CARTESIAN_POINT ( 'NONE',  ( 0.5013757907331984900, -0.5723407022048627700, 0.08135992544048913100 ) ) ;
#5987 = CARTESIAN_POINT ( 'NONE',  ( 0.5024162957507265500, -0.5718407022048628300, 0.08211130303435360000 ) ) ;
#5988 = CARTESIAN_POINT ( 'NONE',  ( 0.5024162957507265500, -0.5723407022048627700, 0.08211130303435360000 ) ) ;
#5989 = CARTESIAN_POINT ( 'NONE',  ( 0.5033537551903368700, -0.5718407022048628300, 0.08293603571422179800 ) ) ;
#5990 = CARTESIAN_POINT ( 'NONE',  ( 0.5033537551903368700, -0.5723407022048627700, 0.08293603571422179800 ) ) ;
#5991 = CARTESIAN_POINT ( 'NONE',  ( 0.5041778247191430800, -0.5718407022048629400, 0.08382520050061870200 ) ) ;
#5992 = CARTESIAN_POINT ( 'NONE',  ( 0.5041778247191430800, -0.5723407022048629900, 0.08382520050061870200 ) ) ;
#5993 = CARTESIAN_POINT ( 'NONE',  ( 0.5048737062575743300, -0.5718407022048628300, 0.08477270357976439400 ) ) ;
#5994 = CARTESIAN_POINT ( 'NONE',  ( 0.5048737062575743300, -0.5723407022048627700, 0.08477270357976439400 ) ) ;
#5995 = CARTESIAN_POINT ( 'NONE',  ( 0.5054553275302028400, -0.5718407022048626100, 0.08577507439995750400 ) ) ;
#5996 = CARTESIAN_POINT ( 'NONE',  ( 0.5054553275302028400, -0.5723407022048626600, 0.08577507439995750400 ) ) ;
#5997 = CARTESIAN_POINT ( 'NONE',  ( 0.5058720146990040000, -0.5718407022048629400, 0.08684944570479889700 ) ) ;
#5998 = CARTESIAN_POINT ( 'NONE',  ( 0.5058720146990040000, -0.5723407022048628800, 0.08684944570479889700 ) ) ;
#5999 = CARTESIAN_POINT ( 'NONE',  ( 0.5062062555349778900, -0.5718407022048628300, 0.08796675237003021000 ) ) ;
#6000 = CARTESIAN_POINT ( 'NONE',  ( 0.5062062555349778900, -0.5723407022048627700, 0.08796675237003021000 ) ) ;
#6001 = CARTESIAN_POINT ( 'NONE',  ( 0.5063784609272565800, -0.5718407022048628300, 0.08915087506769556200 ) ) ;
#6002 = CARTESIAN_POINT ( 'NONE',  ( 0.5063784609272565800, -0.5723407022048627700, 0.08915087506769556200 ) ) ;
#6003 = CARTESIAN_POINT ( 'NONE',  ( 0.5064092071219993300, -0.5718407022048627200, 0.08995870008604675600 ) ) ;
#6004 = CARTESIAN_POINT ( 'NONE',  ( 0.5064092071219993300, -0.5723407022048626600, 0.08995870008604675600 ) ) ;
#6005 = CARTESIAN_POINT ( 'NONE',  ( 0.5064248569044619300, -0.5718407022048628300, 0.09036988221477909600 ) ) ;
#6006 = CARTESIAN_POINT ( 'NONE',  ( 0.5064248569044619300, -0.5723407022048627700, 0.09036988221477909600 ) ) ;
#6007 = CARTESIAN_POINT ( 'NONE',  ( 0.5064248569044619300, -0.5718407022048628300, 0.09036988221477909600 ) ) ;
#6008 = CARTESIAN_POINT ( 'NONE',  ( 0.5064248569044619300, -0.5723407022048627700, 0.09036988221477909600 ) ) ;
#6009 = CARTESIAN_POINT ( 'NONE',  ( 0.5064024417701756800, -0.5718407022048629400, 0.09106817605487471700 ) ) ;
#6010 = CARTESIAN_POINT ( 'NONE',  ( 0.5064024417701756800, -0.5723407022048628800, 0.09106817605487471700 ) ) ;
#6011 = CARTESIAN_POINT ( 'NONE',  ( 0.5063596259488968300, -0.5718407022048628300, 0.09240200809334253600 ) ) ;
#6012 = CARTESIAN_POINT ( 'NONE',  ( 0.5063596259488968300, -0.5723407022048627700, 0.09240200809334253600 ) ) ;
#6013 = CARTESIAN_POINT ( 'NONE',  ( 0.5059986552444912800, -0.5718407022048628300, 0.09428945021518206300 ) ) ;
#6014 = CARTESIAN_POINT ( 'NONE',  ( 0.5059986552444912800, -0.5723407022048627700, 0.09428945021518206300 ) ) ;
#6015 = CARTESIAN_POINT ( 'NONE',  ( 0.5053451528827022100, -0.5718407022048628300, 0.09592741957984689300 ) ) ;
#6016 = CARTESIAN_POINT ( 'NONE',  ( 0.5053451528827022100, -0.5723407022048627700, 0.09592741957984689300 ) ) ;
#6017 = CARTESIAN_POINT ( 'NONE',  ( 0.5046170749337559600, -0.5718407022048627200, 0.09713323244581631400 ) ) ;
#6018 = CARTESIAN_POINT ( 'NONE',  ( 0.5046170749337559600, -0.5723407022048626600, 0.09713323244581631400 ) ) ;
#6019 = CARTESIAN_POINT ( 'NONE',  ( 0.5038613593186047600, -0.5718407022048629400, 0.09794544442451598400 ) ) ;
#6020 = CARTESIAN_POINT ( 'NONE',  ( 0.5038613593186047600, -0.5723407022048628800, 0.09794544442451598400 ) ) ;
#6021 = CARTESIAN_POINT ( 'NONE',  ( 0.5032245477731628300, -0.5718407022048627200, 0.09853984425109600700 ) ) ;
#6022 = CARTESIAN_POINT ( 'NONE',  ( 0.5032245477731628300, -0.5723407022048626600, 0.09853984425109600700 ) ) ;
#6023 = CARTESIAN_POINT ( 'NONE',  ( 0.5024677882697087300, -0.5718407022048629400, 0.09906634299156415200 ) ) ;
#6024 = CARTESIAN_POINT ( 'NONE',  ( 0.5024677882697087300, -0.5723407022048628800, 0.09906634299156415200 ) ) ;
#6025 = CARTESIAN_POINT ( 'NONE',  ( 0.5016413015170108100, -0.5718407022048628300, 0.09958997847509083700 ) ) ;
#6026 = CARTESIAN_POINT ( 'NONE',  ( 0.5016413015170108100, -0.5723407022048627700, 0.09958997847509083700 ) ) ;
#6027 = CARTESIAN_POINT ( 'NONE',  ( 0.5007002984407454800, -0.5718407022048628300, 0.1000373965048818000 ) ) ;
#6028 = CARTESIAN_POINT ( 'NONE',  ( 0.5007002984407454800, -0.5723407022048627700, 0.1000373965048818000 ) ) ;
#6029 = CARTESIAN_POINT ( 'NONE',  ( 0.4996777237535147700, -0.5718407022048628300, 0.1004709887497413600 ) ) ;
#6030 = CARTESIAN_POINT ( 'NONE',  ( 0.4996777237535147700, -0.5723407022048627700, 0.1004709887497413600 ) ) ;
#6031 = CARTESIAN_POINT ( 'NONE',  ( 0.4985509598680257800, -0.5718407022048628300, 0.1008547570533215400 ) ) ;
#6032 = CARTESIAN_POINT ( 'NONE',  ( 0.4985509598680257800, -0.5723407022048627700, 0.1008547570533215400 ) ) ;
#6033 = CARTESIAN_POINT ( 'NONE',  ( 0.4977635612797849900, -0.5718407022048629400, 0.1010801034888722900 ) ) ;
#6034 = CARTESIAN_POINT ( 'NONE',  ( 0.4977635612797849900, -0.5723407022048628800, 0.1010801034888722900 ) ) ;
#6035 = CARTESIAN_POINT ( 'NONE',  ( 0.4973564233601581700, -0.5718407022048629400, 0.1011966227211082000 ) ) ;
#6036 = CARTESIAN_POINT ( 'NONE',  ( 0.4973564233601581700, -0.5723407022048628800, 0.1011966227211082000 ) ) ;
#6037 = CARTESIAN_POINT ( 'NONE',  ( 0.4973564233601581700, -0.5718407022048629400, 0.1011966227211082000 ) ) ;
#6038 = CARTESIAN_POINT ( 'NONE',  ( 0.4973564233601581700, -0.5723407022048631100, 0.1011966227211082000 ) ) ;
#6039 = CARTESIAN_POINT ( 'NONE',  ( 0.4968628783367696800, -0.5718407022048629400, 0.1013131092498403100 ) ) ;
#6040 = CARTESIAN_POINT ( 'NONE',  ( 0.4968628783367696800, -0.5723407022048631100, 0.1013131092498403100 ) ) ;
#6041 = CARTESIAN_POINT ( 'NONE',  ( 0.4957852006175981800, -0.5718407022048628300, 0.1015674628156738000 ) ) ;
#6042 = CARTESIAN_POINT ( 'NONE',  ( 0.4957852006175981800, -0.5723407022048629900, 0.1015674628156738000 ) ) ;
#6043 = CARTESIAN_POINT ( 'NONE',  ( 0.4940276566039281100, -0.5718407022048630500, 0.1019550116474073500 ) ) ;
#6044 = CARTESIAN_POINT ( 'NONE',  ( 0.4940276566039281100, -0.5723407022048632200, 0.1019550116474073500 ) ) ;
#6045 = CARTESIAN_POINT ( 'NONE',  ( 0.4919862508649849300, -0.5718407022048628300, 0.1023680043181506000 ) ) ;
#6046 = CARTESIAN_POINT ( 'NONE',  ( 0.4919862508649849300, -0.5723407022048629900, 0.1023680043181506000 ) ) ;
#6047 = CARTESIAN_POINT ( 'NONE',  ( 0.4897396263838081900, -0.5718407022048627200, 0.1028014169158775200 ) ) ;
#6048 = CARTESIAN_POINT ( 'NONE',  ( 0.4897396263838081900, -0.5723407022048628800, 0.1028014169158775200 ) ) ;
#6049 = CARTESIAN_POINT ( 'NONE',  ( 0.4874444132093623800, -0.5718407022048628300, 0.1032698938747856200 ) ) ;
#6050 = CARTESIAN_POINT ( 'NONE',  ( 0.4874444132093623800, -0.5723407022048629900, 0.1032698938747856200 ) ) ;
#6051 = CARTESIAN_POINT ( 'NONE',  ( 0.4852583594868376000, -0.5718407022048628300, 0.1037472102955348500 ) ) ;
#6052 = CARTESIAN_POINT ( 'NONE',  ( 0.4852583594868376000, -0.5723407022048629900, 0.1037472102955348500 ) ) ;
#6053 = CARTESIAN_POINT ( 'NONE',  ( 0.4832606268678129600, -0.5718407022048628300, 0.1042465776349750100 ) ) ;
#6054 = CARTESIAN_POINT ( 'NONE',  ( 0.4832606268678129600, -0.5723407022048629900, 0.1042465776349750100 ) ) ;
#6055 = CARTESIAN_POINT ( 'NONE',  ( 0.4819970521167118400, -0.5718407022048628300, 0.1045998118138811900 ) ) ;
#6056 = CARTESIAN_POINT ( 'NONE',  ( 0.4819970521167118400, -0.5723407022048629900, 0.1045998118138811900 ) ) ;
#6057 = CARTESIAN_POINT ( 'NONE',  ( 0.4813932113348416400, -0.5718407022048628300, 0.1047686163919942900 ) ) ;
#6058 = CARTESIAN_POINT ( 'NONE',  ( 0.4813932113348416400, -0.5723407022048629900, 0.1047686163919942900 ) ) ;
#6059 = PLANE ( 'NONE',  #361 ) ;
#6060 = CARTESIAN_POINT ( 'NONE',  ( 0.4708662453405570400, -0.5718407022048629400, 0.1111878473224877500 ) ) ;
#6061 = DIRECTION ( 'NONE',  ( -1.307737842518502600E-012, -1.000000000000000000, -3.735238350387231200E-012 ) ) ;
#6062 = DIRECTION ( 'NONE',  ( 0.0000000000000000000, 3.735238350387231200E-012, -1.000000000000000000 ) ) ;
#6063 = CARTESIAN_POINT ( 'NONE',  ( 0.8780813046892719200, -0.5718407022048622700, -0.02533620955737284100 ) ) ;
#6064 = CARTESIAN_POINT ( 'NONE',  ( 0.8780813046892719200, -0.5723407022048635500, -0.02533620955737284100 ) ) ;
#6065 = CARTESIAN_POINT ( 'NONE',  ( 0.8774507321888510600, -0.5718407022048621600, -0.02517822289720586500 ) ) ;
#6066 = CARTESIAN_POINT ( 'NONE',  ( 0.8774507321888510600, -0.5723407022048635500, -0.02517822289720586500 ) ) ;
#6067 = CARTESIAN_POINT ( 'NONE',  ( 0.8762147121455196000, -0.5718407022048622700, -0.02486854450429319700 ) ) ;
#6068 = CARTESIAN_POINT ( 'NONE',  ( 0.8762147121455196000, -0.5723407022048635500, -0.02486854450429319700 ) ) ;
#6069 = CARTESIAN_POINT ( 'NONE',  ( 0.8744324853911308300, -0.5718407022048622700, -0.02423633976318309900 ) ) ;
#6070 = CARTESIAN_POINT ( 'NONE',  ( 0.8744324853911308300, -0.5723407022048636600, -0.02423633976318309900 ) ) ;
#6071 = CARTESIAN_POINT ( 'NONE',  ( 0.8727555121940341300, -0.5718407022048620500, -0.02348521887155887900 ) ) ;
#6072 = CARTESIAN_POINT ( 'NONE',  ( 0.8727555121940341300, -0.5723407022048633300, -0.02348521887155887900 ) ) ;
#6073 = CARTESIAN_POINT ( 'NONE',  ( 0.8711751338675204300, -0.5718407022048624900, -0.02260129119856827900 ) ) ;
#6074 = CARTESIAN_POINT ( 'NONE',  ( 0.8711751338675204300, -0.5723407022048637700, -0.02260129119856827900 ) ) ;
#6075 = CARTESIAN_POINT ( 'NONE',  ( 0.8696980569811116900, -0.5718407022048620500, -0.02159791745467998900 ) ) ;
#6076 = CARTESIAN_POINT ( 'NONE',  ( 0.8696980569811116900, -0.5723407022048634400, -0.02159791745467998900 ) ) ;
#6077 = CARTESIAN_POINT ( 'NONE',  ( 0.8683297864599981400, -0.5718407022048622700, -0.02046139656579974400 ) ) ;
#6078 = CARTESIAN_POINT ( 'NONE',  ( 0.8683297864599981400, -0.5723407022048636600, -0.02046139656579974400 ) ) ;
#6079 = CARTESIAN_POINT ( 'NONE',  ( 0.8670584589511956000, -0.5718407022048622700, -0.01921200816414148100 ) ) ;
#6080 = CARTESIAN_POINT ( 'NONE',  ( 0.8670584589511956000, -0.5723407022048635500, -0.01921200816414148100 ) ) ;
#6081 = CARTESIAN_POINT ( 'NONE',  ( 0.8659012935478595000, -0.5718407022048622700, -0.01783158872643595500 ) ) ;
#6082 = CARTESIAN_POINT ( 'NONE',  ( 0.8659012935478595000, -0.5723407022048635500, -0.01783158872643595500 ) ) ;
#6083 = CARTESIAN_POINT ( 'NONE',  ( 0.8648592496603868500, -0.5718407022048621600, -0.01634423752959452200 ) ) ;
#6084 = CARTESIAN_POINT ( 'NONE',  ( 0.8648592496603868500, -0.5723407022048635500, -0.01634423752959452200 ) ) ;
#6085 = CARTESIAN_POINT ( 'NONE',  ( 0.8639678558284162900, -0.5718407022048622700, -0.01474414060912166700 ) ) ;
#6086 = CARTESIAN_POINT ( 'NONE',  ( 0.8639678558284162900, -0.5723407022048636600, -0.01474414060912166700 ) ) ;
#6087 = CARTESIAN_POINT ( 'NONE',  ( 0.8631878495616621700, -0.5718407022048623800, -0.01306899915330736100 ) ) ;
#6088 = CARTESIAN_POINT ( 'NONE',  ( 0.8631878495616621700, -0.5723407022048636600, -0.01306899915330736100 ) ) ;
#6089 = CARTESIAN_POINT ( 'NONE',  ( 0.8625694004822271900, -0.5718407022048622700, -0.01128718518481193500 ) ) ;
#6090 = CARTESIAN_POINT ( 'NONE',  ( 0.8625694004822271900, -0.5723407022048635500, -0.01128718518481193500 ) ) ;
#6091 = CARTESIAN_POINT ( 'NONE',  ( 0.8620738533163164700, -0.5718407022048622700, -0.009417132464092837000 ) ) ;
#6092 = CARTESIAN_POINT ( 'NONE',  ( 0.8620738533163164700, -0.5723407022048636600, -0.009417132464092837000 ) ) ;
#6093 = CARTESIAN_POINT ( 'NONE',  ( 0.8617544631881320900, -0.5718407022048621600, -0.007439891187259067300 ) ) ;
#6094 = CARTESIAN_POINT ( 'NONE',  ( 0.8617544631881320900, -0.5723407022048635500, -0.007439891187259067300 ) ) ;
#6095 = CARTESIAN_POINT ( 'NONE',  ( 0.8615188849229786800, -0.5718407022048623800, -0.005375132112852489900 ) ) ;
#6096 = CARTESIAN_POINT ( 'NONE',  ( 0.8615188849229786800, -0.5723407022048636600, -0.005375132112852489900 ) ) ;
#6097 = CARTESIAN_POINT ( 'NONE',  ( 0.8614985117533973100, -0.5718407022048622700, -0.003963641141749096400 ) ) ;
#6098 = CARTESIAN_POINT ( 'NONE',  ( 0.8614985117533973100, -0.5723407022048636600, -0.003963641141749096400 ) ) ;
#6099 = CARTESIAN_POINT ( 'NONE',  ( 0.8614881480437024400, -0.5718407022048622700, -0.003245624114334854000 ) ) ;
#6100 = CARTESIAN_POINT ( 'NONE',  ( 0.8614881480437024400, -0.5723407022048635500, -0.003245624114334854000 ) ) ;
#6101 = CARTESIAN_POINT ( 'NONE',  ( 0.8614881480437024400, -0.5718407022048622700, -0.003245624114334854000 ) ) ;
#6102 = CARTESIAN_POINT ( 'NONE',  ( 0.8614881480437024400, -0.5723407022048622200, -0.003245624114334854000 ) ) ;
#6103 = CARTESIAN_POINT ( 'NONE',  ( 0.8615114983686726900, -0.5718407022048622700, -0.002224095257315885300 ) ) ;
#6104 = CARTESIAN_POINT ( 'NONE',  ( 0.8615114983686726900, -0.5723407022048622200, -0.002224095257315885300 ) ) ;
#6105 = CARTESIAN_POINT ( 'NONE',  ( 0.8615568544683462900, -0.5718407022048622700, -0.0002398588615778515600 ) ) ;
#6106 = CARTESIAN_POINT ( 'NONE',  ( 0.8615568544683462900, -0.5723407022048623300, -0.0002398588615778515600 ) ) ;
#6107 = CARTESIAN_POINT ( 'NONE',  ( 0.8619796168612232600, -0.5718407022048620500, 0.002640980656136978800 ) ) ;
#6108 = CARTESIAN_POINT ( 'NONE',  ( 0.8619796168612232600, -0.5723407022048620000, 0.002640980656136978800 ) ) ;
#6109 = CARTESIAN_POINT ( 'NONE',  ( 0.8626143403834178900, -0.5718407022048622700, 0.005350050841876933000 ) ) ;
#6110 = CARTESIAN_POINT ( 'NONE',  ( 0.8626143403834178900, -0.5723407022048623300, 0.005350050841876933000 ) ) ;
#6111 = CARTESIAN_POINT ( 'NONE',  ( 0.8635697642542491400, -0.5718407022048621600, 0.007855437448316501800 ) ) ;
#6112 = CARTESIAN_POINT ( 'NONE',  ( 0.8635697642542491400, -0.5723407022048621100, 0.007855437448316501800 ) ) ;
#6113 = CARTESIAN_POINT ( 'NONE',  ( 0.8647308711692880400, -0.5718407022048623800, 0.01016806738604406400 ) ) ;
#6114 = CARTESIAN_POINT ( 'NONE',  ( 0.8647308711692880400, -0.5723407022048623300, 0.01016806738604406400 ) ) ;
#6115 = CARTESIAN_POINT ( 'NONE',  ( 0.8660804262286326800, -0.5718407022048622700, 0.01227173860019786800 ) ) ;
#6116 = CARTESIAN_POINT ( 'NONE',  ( 0.8660804262286326800, -0.5723407022048622200, 0.01227173860019786800 ) ) ;
#6117 = CARTESIAN_POINT ( 'NONE',  ( 0.8675884120483290400, -0.5718407022048621600, 0.01419281468652780800 ) ) ;
#6118 = CARTESIAN_POINT ( 'NONE',  ( 0.8675884120483290400, -0.5723407022048621100, 0.01419281468652780800 ) ) ;
#6119 = CARTESIAN_POINT ( 'NONE',  ( 0.8687689371010718400, -0.5718407022048622700, 0.01527878591102268200 ) ) ;
#6120 = CARTESIAN_POINT ( 'NONE',  ( 0.8687689371010718400, -0.5723407022048623300, 0.01527878591102268200 ) ) ;
#6121 = CARTESIAN_POINT ( 'NONE',  ( 0.8693560277905376700, -0.5718407022048622700, 0.01581885373376641000 ) ) ;
#6122 = CARTESIAN_POINT ( 'NONE',  ( 0.8693560277905376700, -0.5723407022048622200, 0.01581885373376641000 ) ) ;
#6123 = CARTESIAN_POINT ( 'NONE',  ( 0.8693560277905376700, -0.5718407022048622700, 0.01581885373376641000 ) ) ;
#6124 = CARTESIAN_POINT ( 'NONE',  ( 0.8693560277905376700, -0.5723407022048622200, 0.01581885373376641000 ) ) ;
#6125 = CARTESIAN_POINT ( 'NONE',  ( 0.8700736627635671200, -0.5718407022048622700, 0.01641034147748717000 ) ) ;
#6126 = CARTESIAN_POINT ( 'NONE',  ( 0.8700736627635671200, -0.5723407022048622200, 0.01641034147748717000 ) ) ;
#6127 = CARTESIAN_POINT ( 'NONE',  ( 0.8714921849048227200, -0.5718407022048622700, 0.01757951312084698700 ) ) ;
#6128 = CARTESIAN_POINT ( 'NONE',  ( 0.8714921849048227200, -0.5723407022048622200, 0.01757951312084698700 ) ) ;
#6129 = CARTESIAN_POINT ( 'NONE',  ( 0.8737910091850423800, -0.5718407022048622700, 0.01906905529123138100 ) ) ;
#6130 = CARTESIAN_POINT ( 'NONE',  ( 0.8737910091850423800, -0.5723407022048622200, 0.01906905529123138100 ) ) ;
#6131 = CARTESIAN_POINT ( 'NONE',  ( 0.8762047160176885700, -0.5718407022048622700, 0.02026215671444389300 ) ) ;
#6132 = CARTESIAN_POINT ( 'NONE',  ( 0.8762047160176885700, -0.5723407022048623300, 0.02026215671444389300 ) ) ;
#6133 = CARTESIAN_POINT ( 'NONE',  ( 0.8787566424815541600, -0.5718407022048620500, 0.02120867739650069200 ) ) ;
#6134 = CARTESIAN_POINT ( 'NONE',  ( 0.8787566424815541600, -0.5723407022048621100, 0.02120867739650069200 ) ) ;
#6135 = CARTESIAN_POINT ( 'NONE',  ( 0.8815322190075066700, -0.5718407022048621600, 0.02192524940654313300 ) ) ;
#6136 = CARTESIAN_POINT ( 'NONE',  ( 0.8815322190075066700, -0.5723407022048621100, 0.02192524940654313300 ) ) ;
#6137 = CARTESIAN_POINT ( 'NONE',  ( 0.8846196903805945100, -0.5718407022048624900, 0.02238518186979800800 ) ) ;
#6138 = CARTESIAN_POINT ( 'NONE',  ( 0.8846196903805945100, -0.5723407022048624400, 0.02238518186979800800 ) ) ;
#6139 = CARTESIAN_POINT ( 'NONE',  ( 0.8880442863050856900, -0.5718407022048620500, 0.02269684518433509300 ) ) ;
#6140 = CARTESIAN_POINT ( 'NONE',  ( 0.8880442863050856900, -0.5723407022048621100, 0.02269684518433509300 ) ) ;
#6141 = CARTESIAN_POINT ( 'NONE',  ( 0.8904427213729969600, -0.5718407022048621600, 0.02272863130145293500 ) ) ;
#6142 = CARTESIAN_POINT ( 'NONE',  ( 0.8904427213729969600, -0.5723407022048621100, 0.02272863130145293500 ) ) ;
#6143 = CARTESIAN_POINT ( 'NONE',  ( 0.8916987888664872400, -0.5718407022048622700, 0.02274527778439932100 ) ) ;
#6144 = CARTESIAN_POINT ( 'NONE',  ( 0.8916987888664872400, -0.5723407022048622200, 0.02274527778439932100 ) ) ;
#6145 = PLANE ( 'NONE',  #347 ) ;
#6146 = CARTESIAN_POINT ( 'NONE',  ( 0.8916987888664872400, -0.5718407022048622700, 0.02274527778439932100 ) ) ;
#6147 = DIRECTION ( 'NONE',  ( 0.0000000000000000000, 0.0000000000000000000, -1.000000000000000000 ) ) ;
#6148 = DIRECTION ( 'NONE',  ( -1.000000000000000000, 0.0000000000000000000, -0.0000000000000000000 ) ) ;
#6149 = PLANE ( 'NONE',  #363 ) ;
#6150 = CARTESIAN_POINT ( 'NONE',  ( 0.9185134644993984100, -0.5718407022048621600, 0.02274527778439932100 ) ) ;
#6151 = DIRECTION ( 'NONE',  ( -1.000000000000000000, -1.622879996236195800E-015, 0.0000000000000000000 ) ) ;
#6152 = DIRECTION ( 'NONE',  ( 1.622879996236195800E-015, -1.000000000000000000, 0.0000000000000000000 ) ) ;
#6153 = PLANE ( 'NONE',  #332 ) ;
#6154 = CARTESIAN_POINT ( 'NONE',  ( 0.9185134644993984100, -0.5718407022048621600, -0.06225472221560066100 ) ) ;
#6155 = DIRECTION ( 'NONE',  ( 0.0000000000000000000, 0.0000000000000000000, 1.000000000000000000 ) ) ;
#6156 = DIRECTION ( 'NONE',  ( 1.000000000000000000, 0.0000000000000000000, -0.0000000000000000000 ) ) ;
#6157 = CARTESIAN_POINT ( 'NONE',  ( 0.8961202682968669700, -0.5718407022048621600, -0.06225472221560066100 ) ) ;
#6158 = CARTESIAN_POINT ( 'NONE',  ( 0.8961202682968669700, -0.5723407022048621100, -0.06225472221560066100 ) ) ;
#6159 = CARTESIAN_POINT ( 'NONE',  ( 0.8954533923630291200, -0.5718407022048621600, -0.06225037609103303800 ) ) ;
#6160 = CARTESIAN_POINT ( 'NONE',  ( 0.8954533923630291200, -0.5723407022048621100, -0.06225037609103303800 ) ) ;
#6161 = CARTESIAN_POINT ( 'NONE',  ( 0.8941587905915230300, -0.5718407022048621600, -0.06224193898859912300 ) ) ;
#6162 = CARTESIAN_POINT ( 'NONE',  ( 0.8941587905915230300, -0.5723407022048621100, -0.06224193898859912300 ) ) ;
#6163 = CARTESIAN_POINT ( 'NONE',  ( 0.8922869402033284400, -0.5718407022048622700, -0.06220917566630778500 ) ) ;
#6164 = CARTESIAN_POINT ( 'NONE',  ( 0.8922869402033284400, -0.5723407022048623300, -0.06220917566630778500 ) ) ;
#6165 = CARTESIAN_POINT ( 'NONE',  ( 0.8905440960252132300, -0.5718407022048623800, -0.06215728431245820500 ) ) ;
#6166 = CARTESIAN_POINT ( 'NONE',  ( 0.8905440960252132300, -0.5723407022048623300, -0.06215728431245820500 ) ) ;
#6167 = CARTESIAN_POINT ( 'NONE',  ( 0.8889293191189570100, -0.5718407022048622700, -0.06209691538273243200 ) ) ;
#6168 = CARTESIAN_POINT ( 'NONE',  ( 0.8889293191189570100, -0.5723407022048622200, -0.06209691538273243200 ) ) ;
#6169 = CARTESIAN_POINT ( 'NONE',  ( 0.8874442989923822000, -0.5718407022048621600, -0.06199402945449981200 ) ) ;
#6170 = CARTESIAN_POINT ( 'NONE',  ( 0.8874442989923822000, -0.5723407022048621100, -0.06199402945449981200 ) ) ;
#6171 = CARTESIAN_POINT ( 'NONE',  ( 0.8860881554747661600, -0.5718407022048622700, -0.06187482440385005900 ) ) ;
#6172 = CARTESIAN_POINT ( 'NONE',  ( 0.8860881554747661600, -0.5723407022048623300, -0.06187482440385005900 ) ) ;
#6173 = CARTESIAN_POINT ( 'NONE',  ( 0.8848641003379420500, -0.5718407022048621600, -0.06174932031025042600 ) ) ;
#6174 = CARTESIAN_POINT ( 'NONE',  ( 0.8848641003379420500, -0.5723407022048621100, -0.06174932031025042600 ) ) ;
#6175 = CARTESIAN_POINT ( 'NONE',  ( 0.8834077850932912100, -0.5718407022048622700, -0.06152176622294289900 ) ) ;
#6176 = CARTESIAN_POINT ( 'NONE',  ( 0.8834077850932912100, -0.5723407022048623300, -0.06152176622294289900 ) ) ;
#6177 = CARTESIAN_POINT ( 'NONE',  ( 0.8816878607848931400, -0.5718407022048622700, -0.06116138039435945600 ) ) ;
#6178 = CARTESIAN_POINT ( 'NONE',  ( 0.8816878607848931400, -0.5723407022048623300, -0.06116138039435945600 ) ) ;
#6179 = CARTESIAN_POINT ( 'NONE',  ( 0.8796887896462117800, -0.5718407022048620500, -0.06053316152699673300 ) ) ;
#6180 = CARTESIAN_POINT ( 'NONE',  ( 0.8796887896462117800, -0.5723407022048621100, -0.06053316152699673300 ) ) ;
#6181 = CARTESIAN_POINT ( 'NONE',  ( 0.8777384588794111500, -0.5718407022048623800, -0.05971001981224548200 ) ) ;
#6182 = CARTESIAN_POINT ( 'NONE',  ( 0.8777384588794111500, -0.5723407022048623300, -0.05971001981224548200 ) ) ;
#6183 = CARTESIAN_POINT ( 'NONE',  ( 0.8764901391075079500, -0.5718407022048621600, -0.05903181685102848500 ) ) ;
#6184 = CARTESIAN_POINT ( 'NONE',  ( 0.8764901391075079500, -0.5723407022048621100, -0.05903181685102848500 ) ) ;
#6185 = CARTESIAN_POINT ( 'NONE',  ( 0.8758621591196518200, -0.5718407022048622700, -0.05869063993711967600 ) ) ;
#6186 = CARTESIAN_POINT ( 'NONE',  ( 0.8758621591196518200, -0.5723407022048622200, -0.05869063993711967600 ) ) ;
#6187 = CARTESIAN_POINT ( 'NONE',  ( 0.8758621591196518200, -0.5718407022048622700, -0.05869063993711967600 ) ) ;
#6188 = CARTESIAN_POINT ( 'NONE',  ( 0.8758621591196518200, -0.5723407022048622200, -0.05869063993711967600 ) ) ;
#6189 = CARTESIAN_POINT ( 'NONE',  ( 0.8752056519953483900, -0.5718407022048622700, -0.05826460992317476800 ) ) ;
#6190 = CARTESIAN_POINT ( 'NONE',  ( 0.8752056519953483900, -0.5723407022048623300, -0.05826460992317476800 ) ) ;
#6191 = CARTESIAN_POINT ( 'NONE',  ( 0.8739227366483852700, -0.5718407022048622700, -0.05743208210599881600 ) ) ;
#6192 = CARTESIAN_POINT ( 'NONE',  ( 0.8739227366483852700, -0.5723407022048623300, -0.05743208210599881600 ) ) ;
#6193 = CARTESIAN_POINT ( 'NONE',  ( 0.8722376239918417900, -0.5718407022048620500, -0.05592534246208220900 ) ) ;
#6194 = CARTESIAN_POINT ( 'NONE',  ( 0.8722376239918417900, -0.5723407022048621100, -0.05592534246208220900 ) ) ;
#6195 = CARTESIAN_POINT ( 'NONE',  ( 0.8708634301301675400, -0.5718407022048622700, -0.05421856776027403300 ) ) ;
#6196 = CARTESIAN_POINT ( 'NONE',  ( 0.8708634301301675400, -0.5723407022048623300, -0.05421856776027403300 ) ) ;
#6197 = CARTESIAN_POINT ( 'NONE',  ( 0.8697531618986111800, -0.5718407022048619400, -0.05234669127051291100 ) ) ;
#6198 = CARTESIAN_POINT ( 'NONE',  ( 0.8697531618986111800, -0.5723407022048618800, -0.05234669127051291100 ) ) ;
#6199 = CARTESIAN_POINT ( 'NONE',  ( 0.8689238407921282500, -0.5718407022048624900, -0.05028115363885126600 ) ) ;
#6200 = CARTESIAN_POINT ( 'NONE',  ( 0.8689238407921282500, -0.5723407022048624400, -0.05028115363885126600 ) ) ;
#6201 = CARTESIAN_POINT ( 'NONE',  ( 0.8683718322537766800, -0.5718407022048620500, -0.04803277443449956200 ) ) ;
#6202 = CARTESIAN_POINT ( 'NONE',  ( 0.8683718322537766800, -0.5723407022048621100, -0.04803277443449956200 ) ) ;
#6203 = CARTESIAN_POINT ( 'NONE',  ( 0.8680026805818248400, -0.5718407022048623800, -0.04560640160531777300 ) ) ;
#6204 = CARTESIAN_POINT ( 'NONE',  ( 0.8680026805818248400, -0.5723407022048623300, -0.04560640160531777300 ) ) ;
#6205 = CARTESIAN_POINT ( 'NONE',  ( 0.8679639144522702800, -0.5718407022048623800, -0.04392582679414516100 ) ) ;
#6206 = CARTESIAN_POINT ( 'NONE',  ( 0.8679639144522702800, -0.5723407022048623300, -0.04392582679414516100 ) ) ;
#6207 = CARTESIAN_POINT ( 'NONE',  ( 0.8679438442462339400, -0.5718407022048622700, -0.04305575069661332600 ) ) ;
#6208 = CARTESIAN_POINT ( 'NONE',  ( 0.8679438442462339400, -0.5723407022048622200, -0.04305575069661332600 ) ) ;
#6209 = CARTESIAN_POINT ( 'NONE',  ( 0.8679438442462339400, -0.5718407022048622700, -0.04305575069661332600 ) ) ;
#6210 = CARTESIAN_POINT ( 'NONE',  ( 0.8679438442462339400, -0.5723407022048622200, -0.04305575069661332600 ) ) ;
#6211 = CARTESIAN_POINT ( 'NONE',  ( 0.8679719480328498300, -0.5718407022048622700, -0.04207241655015411100 ) ) ;
#6212 = CARTESIAN_POINT ( 'NONE',  ( 0.8679719480328498300, -0.5723407022048623300, -0.04207241655015411100 ) ) ;
#6213 = CARTESIAN_POINT ( 'NONE',  ( 0.8680263393434489700, -0.5718407022048623800, -0.04016929816565204000 ) ) ;
#6214 = CARTESIAN_POINT ( 'NONE',  ( 0.8680263393434489700, -0.5723407022048623300, -0.04016929816565204000 ) ) ;
#6215 = CARTESIAN_POINT ( 'NONE',  ( 0.8685635619494906900, -0.5718407022048620500, -0.03743675820806716100 ) ) ;
#6216 = CARTESIAN_POINT ( 'NONE',  ( 0.8685635619494906900, -0.5723407022048620000, -0.03743675820806716100 ) ) ;
#6217 = CARTESIAN_POINT ( 'NONE',  ( 0.8694147619095132800, -0.5718407022048623800, -0.03492428241697739100 ) ) ;
#6218 = CARTESIAN_POINT ( 'NONE',  ( 0.8694147619095132800, -0.5723407022048623300, -0.03492428241697739100 ) ) ;
#6219 = CARTESIAN_POINT ( 'NONE',  ( 0.8706455636520358300, -0.5718407022048620500, -0.03265928537369569600 ) ) ;
#6220 = CARTESIAN_POINT ( 'NONE',  ( 0.8706455636520358300, -0.5723407022048621100, -0.03265928537369569600 ) ) ;
#6221 = CARTESIAN_POINT ( 'NONE',  ( 0.8721582452430268800, -0.5718407022048624900, -0.03061771048018924900 ) ) ;
#6222 = CARTESIAN_POINT ( 'NONE',  ( 0.8721582452430268800, -0.5723407022048624400, -0.03061771048018924900 ) ) ;
#6223 = CARTESIAN_POINT ( 'NONE',  ( 0.8738975645588592500, -0.5718407022048621600, -0.02877235116934406500 ) ) ;
#6224 = CARTESIAN_POINT ( 'NONE',  ( 0.8738975645588592500, -0.5723407022048621100, -0.02877235116934406500 ) ) ;
#6225 = CARTESIAN_POINT ( 'NONE',  ( 0.8758778508101611200, -0.5718407022048621600, -0.02714205445195644300 ) ) ;
#6226 = CARTESIAN_POINT ( 'NONE',  ( 0.8758778508101611200, -0.5723407022048621100, -0.02714205445195644300 ) ) ;
#6227 = CARTESIAN_POINT ( 'NONE',  ( 0.8773413488114876200, -0.5718407022048622700, -0.02624412550044207000 ) ) ;
#6228 = CARTESIAN_POINT ( 'NONE',  ( 0.8773413488114876200, -0.5723407022048622200, -0.02624412550044207000 ) ) ;
#6229 = CARTESIAN_POINT ( 'NONE',  ( 0.8780813046892719200, -0.5718407022048622700, -0.02579012569661335400 ) ) ;
#6230 = CARTESIAN_POINT ( 'NONE',  ( 0.8780813046892719200, -0.5723407022048622200, -0.02579012569661335400 ) ) ;
#6231 = PLANE ( 'NONE',  #355 ) ;
#6232 = CARTESIAN_POINT ( 'NONE',  ( 0.8780813046892719200, -0.5718407022048622700, -0.02579012569661335400 ) ) ;
#6233 = DIRECTION ( 'NONE',  ( 1.000000000000000000, 1.622879996236195800E-015, -0.0000000000000000000 ) ) ;
#6234 = DIRECTION ( 'NONE',  ( -1.622879996236195800E-015, 1.000000000000000000, 0.0000000000000000000 ) ) ;
#6235 = PLANE ( 'NONE',  #336 ) ;
#6236 = CARTESIAN_POINT ( 'NONE',  ( 0.8656473928949520700, -0.5718407022048622700, -0.01744921392216647000 ) ) ;
#6237 = DIRECTION ( 'NONE',  ( -7.337265858168793000E-013, -1.000000000000000000, -2.496233590769821300E-012 ) ) ;
#6238 = DIRECTION ( 'NONE',  ( 0.0000000000000000000, 2.496233590769821300E-012, -1.000000000000000000 ) ) ;
#6239 = CARTESIAN_POINT ( 'NONE',  ( 0.8830743822209175000, -0.5718407022048622700, -0.03064870955737282500 ) ) ;
#6240 = CARTESIAN_POINT ( 'NONE',  ( 0.8830743822209175000, -0.5723407022048623300, -0.03064870955737282500 ) ) ;
#6241 = CARTESIAN_POINT ( 'NONE',  ( 0.8826941259351421800, -0.5718407022048622700, -0.03094547234203546400 ) ) ;
#6242 = CARTESIAN_POINT ( 'NONE',  ( 0.8826941259351421800, -0.5723407022048623300, -0.03094547234203546400 ) ) ;
#6243 = CARTESIAN_POINT ( 'NONE',  ( 0.8819470390483573600, -0.5718407022048623800, -0.03152852012638708600 ) ) ;
#6244 = CARTESIAN_POINT ( 'NONE',  ( 0.8819470390483573600, -0.5723407022048624400, -0.03152852012638708600 ) ) ;
#6245 = CARTESIAN_POINT ( 'NONE',  ( 0.8810114139654685600, -0.5718407022048620500, -0.03259701091865789500 ) ) ;
#6246 = CARTESIAN_POINT ( 'NONE',  ( 0.8810114139654685600, -0.5723407022048621100, -0.03259701091865789500 ) ) ;
#6247 = CARTESIAN_POINT ( 'NONE',  ( 0.8802446443674278900, -0.5718407022048623800, -0.03378598828838396500 ) ) ;
#6248 = CARTESIAN_POINT ( 'NONE',  ( 0.8802446443674278900, -0.5723407022048624400, -0.03378598828838396500 ) ) ;
#6249 = CARTESIAN_POINT ( 'NONE',  ( 0.8796607443925855700, -0.5718407022048623800, -0.03511172391086162700 ) ) ;
#6250 = CARTESIAN_POINT ( 'NONE',  ( 0.8796607443925855700, -0.5723407022048624400, -0.03511172391086162700 ) ) ;
#6251 = CARTESIAN_POINT ( 'NONE',  ( 0.8792227531161130900, -0.5718407022048620500, -0.03655807478636412900 ) ) ;
#6252 = CARTESIAN_POINT ( 'NONE',  ( 0.8792227531161130900, -0.5723407022048621100, -0.03655807478636412900 ) ) ;
#6253 = CARTESIAN_POINT ( 'NONE',  ( 0.8789310316134728600, -0.5718407022048622700, -0.03812600859455126500 ) ) ;
#6254 = CARTESIAN_POINT ( 'NONE',  ( 0.8789310316134728600, -0.5723407022048623300, -0.03812600859455126500 ) ) ;
#6255 = CARTESIAN_POINT ( 'NONE',  ( 0.8787420936306273900, -0.5718407022048622700, -0.03981212138817937600 ) ) ;
#6256 = CARTESIAN_POINT ( 'NONE',  ( 0.8787420936306273900, -0.5723407022048623300, -0.03981212138817937600 ) ) ;
#6257 = CARTESIAN_POINT ( 'NONE',  ( 0.8787165221041546300, -0.5718407022048622700, -0.04097616290685195800 ) ) ;
#6258 = CARTESIAN_POINT ( 'NONE',  ( 0.8787165221041546300, -0.5723407022048623300, -0.04097616290685195800 ) ) ;
#6259 = CARTESIAN_POINT ( 'NONE',  ( 0.8787033379171201900, -0.5718407022048622700, -0.04157632031686650500 ) ) ;
#6260 = CARTESIAN_POINT ( 'NONE',  ( 0.8787033379171201900, -0.5723407022048623300, -0.04157632031686650500 ) ) ;
#6261 = CARTESIAN_POINT ( 'NONE',  ( 0.8958008458285124900, -0.5718407022048622700, -0.02782434246876523000 ) ) ;
#6262 = CARTESIAN_POINT ( 'NONE',  ( 0.8958008458285124900, -0.5723407022048622200, -0.02782434246876523000 ) ) ;
#6263 = CARTESIAN_POINT ( 'NONE',  ( 0.8950554674633882700, -0.5718407022048622700, -0.02783078240117444300 ) ) ;
#6264 = CARTESIAN_POINT ( 'NONE',  ( 0.8950554674633882700, -0.5723407022048622200, -0.02783078240117444300 ) ) ;
#6265 = CARTESIAN_POINT ( 'NONE',  ( 0.8936423999229170500, -0.5718407022048622700, -0.02784299104563755700 ) ) ;
#6266 = CARTESIAN_POINT ( 'NONE',  ( 0.8936423999229170500, -0.5723407022048623300, -0.02784299104563755700 ) ) ;
#6267 = CARTESIAN_POINT ( 'NONE',  ( 0.8916386289276614400, -0.5718407022048622700, -0.02793324002825373800 ) ) ;
#6268 = CARTESIAN_POINT ( 'NONE',  ( 0.8916386289276614400, -0.5723407022048623300, -0.02793324002825373800 ) ) ;
#6269 = CARTESIAN_POINT ( 'NONE',  ( 0.8898727747590311500, -0.5718407022048621600, -0.02812433899277634900 ) ) ;
#6270 = CARTESIAN_POINT ( 'NONE',  ( 0.8898727747590311500, -0.5723407022048621100, -0.02812433899277634900 ) ) ;
#6271 = CARTESIAN_POINT ( 'NONE',  ( 0.8883084259668183600, -0.5718407022048622700, -0.02835089347899528600 ) ) ;
#6272 = CARTESIAN_POINT ( 'NONE',  ( 0.8883084259668183600, -0.5723407022048622200, -0.02835089347899528600 ) ) ;
#6273 = CARTESIAN_POINT ( 'NONE',  ( 0.8868839720132759600, -0.5718407022048622700, -0.02867928978288727300 ) ) ;
#6274 = CARTESIAN_POINT ( 'NONE',  ( 0.8868839720132759600, -0.5723407022048623300, -0.02867928978288727300 ) ) ;
#6275 = CARTESIAN_POINT ( 'NONE',  ( 0.8855654082932775700, -0.5718407022048622700, -0.02920758650798032200 ) ) ;
#6276 = CARTESIAN_POINT ( 'NONE',  ( 0.8855654082932775700, -0.5723407022048622200, -0.02920758650798032200 ) ) ;
#6277 = CARTESIAN_POINT ( 'NONE',  ( 0.8842750317443782700, -0.5718407022048620500, -0.02983369353529224600 ) ) ;
#6278 = CARTESIAN_POINT ( 'NONE',  ( 0.8842750317443782700, -0.5723407022048621100, -0.02983369353529224600 ) ) ;
#6279 = CARTESIAN_POINT ( 'NONE',  ( 0.8834774633467644700, -0.5718407022048621600, -0.03037509301120816500 ) ) ;
#6280 = CARTESIAN_POINT ( 'NONE',  ( 0.8834774633467644700, -0.5723407022048621100, -0.03037509301120816500 ) ) ;
#6281 = CARTESIAN_POINT ( 'NONE',  ( 0.8830743822209175000, -0.5718407022048622700, -0.03064870955737282500 ) ) ;
#6282 = CARTESIAN_POINT ( 'NONE',  ( 0.8830743822209175000, -0.5723407022048622200, -0.03064870955737282500 ) ) ;
#6283 = PLANE ( 'NONE',  #333 ) ;
#6284 = CARTESIAN_POINT ( 'NONE',  ( 0.9088299201956011600, -0.5718407022048621600, -0.02782434246876523000 ) ) ;
#6285 = DIRECTION ( 'NONE',  ( 0.0000000000000000000, 0.0000000000000000000, 1.000000000000000000 ) ) ;
#6286 = DIRECTION ( 'NONE',  ( 1.000000000000000000, 0.0000000000000000000, -0.0000000000000000000 ) ) ;
#6287 = PLANE ( 'NONE',  #334 ) ;
#6288 = CARTESIAN_POINT ( 'NONE',  ( 0.9088299201956011600, -0.5718407022048621600, -0.05257117791180320600 ) ) ;
#6289 = EDGE_CURVE ( 'NONE', #1905, #1903, #9520, .T. ) ;
#6290 = DIRECTION ( 'NONE',  ( 1.000000000000000000, 1.622879996236195800E-015, -0.0000000000000000000 ) ) ;
#6291 = DIRECTION ( 'NONE',  ( -1.622879996236195800E-015, 1.000000000000000000, 0.0000000000000000000 ) ) ;
#6292 = PLANE ( 'NONE',  #337 ) ;
#6293 = CARTESIAN_POINT ( 'NONE',  ( 0.8968263600690188400, -0.5718407022048621600, -0.05257117791180320600 ) ) ;
#6294 = DIRECTION ( 'NONE',  ( 0.0000000000000000000, 0.0000000000000000000, -1.000000000000000000 ) ) ;
#6295 = DIRECTION ( 'NONE',  ( -1.000000000000000000, 0.0000000000000000000, -0.0000000000000000000 ) ) ;
#6296 = CARTESIAN_POINT ( 'NONE',  ( 0.8825700309550946800, -0.5718407022048622700, -0.05026797379787914500 ) ) ;
#6297 = CARTESIAN_POINT ( 'NONE',  ( 0.8825700309550946800, -0.5723407022048624400, -0.05026797379787914500 ) ) ;
#6298 = CARTESIAN_POINT ( 'NONE',  ( 0.8829844242312615600, -0.5718407022048622700, -0.05051485839415270600 ) ) ;
#6299 = CARTESIAN_POINT ( 'NONE',  ( 0.8829844242312615600, -0.5723407022048624400, -0.05051485839415270600 ) ) ;
#6300 = CARTESIAN_POINT ( 'NONE',  ( 0.8838249344271069700, -0.5718407022048624900, -0.05101561222463130200 ) ) ;
#6301 = CARTESIAN_POINT ( 'NONE',  ( 0.8838249344271069700, -0.5723407022048626600, -0.05101561222463130200 ) ) ;
#6302 = CARTESIAN_POINT ( 'NONE',  ( 0.8852261875948571600, -0.5718407022048620500, -0.05156574003169350100 ) ) ;
#6303 = CARTESIAN_POINT ( 'NONE',  ( 0.8852261875948571600, -0.5723407022048623300, -0.05156574003169350100 ) ) ;
#6304 = CARTESIAN_POINT ( 'NONE',  ( 0.8867507171123567600, -0.5718407022048622700, -0.05196639193135364800 ) ) ;
#6305 = CARTESIAN_POINT ( 'NONE',  ( 0.8867507171123567600, -0.5723407022048624400, -0.05196639193135364800 ) ) ;
#6306 = CARTESIAN_POINT ( 'NONE',  ( 0.8884189441300425200, -0.5718407022048621600, -0.05222693970342100200 ) ) ;
#6307 = CARTESIAN_POINT ( 'NONE',  ( 0.8884189441300425200, -0.5723407022048623300, -0.05222693970342100200 ) ) ;
#6308 = CARTESIAN_POINT ( 'NONE',  ( 0.8902446750044238400, -0.5718407022048622700, -0.05238819227532522100 ) ) ;
#6309 = CARTESIAN_POINT ( 'NONE',  ( 0.8902446750044238400, -0.5723407022048624400, -0.05238819227532522100 ) ) ;
#6310 = CARTESIAN_POINT ( 'NONE',  ( 0.8922588402075708500, -0.5718407022048622700, -0.05247178930027700900 ) ) ;
#6311 = CARTESIAN_POINT ( 'NONE',  ( 0.8922588402075708500, -0.5723407022048624400, -0.05247178930027700900 ) ) ;
#6312 = CARTESIAN_POINT ( 'NONE',  ( 0.8944717710253175000, -0.5718407022048622700, -0.05257432350315440600 ) ) ;
#6313 = CARTESIAN_POINT ( 'NONE',  ( 0.8944717710253175000, -0.5723407022048624400, -0.05257432350315440600 ) ) ;
#6314 = CARTESIAN_POINT ( 'NONE',  ( 0.8960192481896811500, -0.5718407022048621600, -0.05257225616541773300 ) ) ;
#6315 = CARTESIAN_POINT ( 'NONE',  ( 0.8960192481896811500, -0.5723407022048623300, -0.05257225616541773300 ) ) ;
#6316 = CARTESIAN_POINT ( 'NONE',  ( 0.8968263600690188400, -0.5718407022048621600, -0.05257117791180320600 ) ) ;
#6317 = CARTESIAN_POINT ( 'NONE',  ( 0.8968263600690188400, -0.5723407022048623300, -0.05257117791180320600 ) ) ;
#6318 = CARTESIAN_POINT ( 'NONE',  ( 0.8787033379171201900, -0.5718407022048622700, -0.04157632031686650500 ) ) ;
#6319 = CARTESIAN_POINT ( 'NONE',  ( 0.8787033379171201900, -0.5723407022048623300, -0.04157632031686650500 ) ) ;
#6320 = CARTESIAN_POINT ( 'NONE',  ( 0.8787078829693842900, -0.5718407022048621600, -0.04207602592343080700 ) ) ;
#6321 = CARTESIAN_POINT ( 'NONE',  ( 0.8787078829693842900, -0.5723407022048623300, -0.04207602592343080700 ) ) ;
#6322 = CARTESIAN_POINT ( 'NONE',  ( 0.8787166001294705000, -0.5718407022048621600, -0.04303443377335947800 ) ) ;
#6323 = CARTESIAN_POINT ( 'NONE',  ( 0.8787166001294705000, -0.5723407022048623300, -0.04303443377335947800 ) ) ;
#6324 = CARTESIAN_POINT ( 'NONE',  ( 0.8789253821815080600, -0.5718407022048622700, -0.04440785034071791800 ) ) ;
#6325 = CARTESIAN_POINT ( 'NONE',  ( 0.8789253821815080600, -0.5723407022048624400, -0.04440785034071791800 ) ) ;
#6326 = CARTESIAN_POINT ( 'NONE',  ( 0.8791683697120336000, -0.5718407022048620500, -0.04567333637975752600 ) ) ;
#6327 = CARTESIAN_POINT ( 'NONE',  ( 0.8791683697120336000, -0.5723407022048621100, -0.04567333637975752600 ) ) ;
#6328 = CARTESIAN_POINT ( 'NONE',  ( 0.8795784995975355300, -0.5718407022048623800, -0.04681658683627978200 ) ) ;
#6329 = CARTESIAN_POINT ( 'NONE',  ( 0.8795784995975355300, -0.5723407022048624400, -0.04681658683627978200 ) ) ;
#6330 = CARTESIAN_POINT ( 'NONE',  ( 0.8801217185383298800, -0.5718407022048622700, -0.04784270351382174200 ) ) ;
#6331 = CARTESIAN_POINT ( 'NONE',  ( 0.8801217185383298800, -0.5723407022048624400, -0.04784270351382174200 ) ) ;
#6332 = CARTESIAN_POINT ( 'NONE',  ( 0.8808090544600246700, -0.5718407022048622700, -0.04875829318605250800 ) ) ;
#6333 = CARTESIAN_POINT ( 'NONE',  ( 0.8808090544600246700, -0.5723407022048623300, -0.04875829318605250800 ) ) ;
#6334 = CARTESIAN_POINT ( 'NONE',  ( 0.8816098994011003500, -0.5718407022048621600, -0.04959665584124858100 ) ) ;
#6335 = CARTESIAN_POINT ( 'NONE',  ( 0.8816098994011003500, -0.5723407022048623300, -0.04959665584124858100 ) ) ;
#6336 = CARTESIAN_POINT ( 'NONE',  ( 0.8822478283502364100, -0.5718407022048622700, -0.05004269175875165200 ) ) ;
#6337 = CARTESIAN_POINT ( 'NONE',  ( 0.8822478283502364100, -0.5723407022048624400, -0.05004269175875165200 ) ) ;
#6338 = CARTESIAN_POINT ( 'NONE',  ( 0.8825700309550949000, -0.5718407022048622700, -0.05026797379787918000 ) ) ;
#6339 = CARTESIAN_POINT ( 'NONE',  ( 0.8825700309550949000, -0.5723407022048624400, -0.05026797379787918000 ) ) ;
#6340 = CARTESIAN_POINT ( 'NONE',  ( 0.8777450705120567500, -0.5718407022048622700, 0.009514462910981610900 ) ) ;
#6341 = CARTESIAN_POINT ( 'NONE',  ( 0.8777450705120567500, -0.5723407022048623300, 0.009514462910981610900 ) ) ;
#6342 = CARTESIAN_POINT ( 'NONE',  ( 0.8772939014115923600, -0.5718407022048621600, 0.009142724981776746300 ) ) ;
#6343 = CARTESIAN_POINT ( 'NONE',  ( 0.8772939014115923600, -0.5723407022048622200, 0.009142724981776746300 ) ) ;
#6344 = CARTESIAN_POINT ( 'NONE',  ( 0.8764140705820564500, -0.5718407022048622700, 0.008417793929792414700 ) ) ;
#6345 = CARTESIAN_POINT ( 'NONE',  ( 0.8764140705820564500, -0.5723407022048623300, 0.008417793929792414700 ) ) ;
#6346 = CARTESIAN_POINT ( 'NONE',  ( 0.8752615946503201600, -0.5718407022048624900, 0.007194632054551035000 ) ) ;
#6347 = CARTESIAN_POINT ( 'NONE',  ( 0.8752615946503201600, -0.5723407022048624400, 0.007194632054551035000 ) ) ;
#6348 = CARTESIAN_POINT ( 'NONE',  ( 0.8742913560391349900, -0.5718407022048620500, 0.005897311516075435600 ) ) ;
#6349 = CARTESIAN_POINT ( 'NONE',  ( 0.8742913560391349900, -0.5723407022048621100, 0.005897311516075435600 ) ) ;
#6350 = CARTESIAN_POINT ( 'NONE',  ( 0.8735176541009874700, -0.5718407022048622700, 0.004490206162320255400 ) ) ;
#6351 = CARTESIAN_POINT ( 'NONE',  ( 0.8735176541009874700, -0.5723407022048623300, 0.004490206162320255400 ) ) ;
#6352 = CARTESIAN_POINT ( 'NONE',  ( 0.8729390968910921700, -0.5718407022048621600, 0.002944237601148533000 ) ) ;
#6353 = CARTESIAN_POINT ( 'NONE',  ( 0.8729390968910921700, -0.5723407022048622200, 0.002944237601148533000 ) ) ;
#6354 = CARTESIAN_POINT ( 'NONE',  ( 0.8725447675926791800, -0.5718407022048624900, 0.001220139978238052700 ) ) ;
#6355 = CARTESIAN_POINT ( 'NONE',  ( 0.8725447675926791800, -0.5723407022048624400, 0.001220139978238052700 ) ) ;
#6356 = CARTESIAN_POINT ( 'NONE',  ( 0.8722889466682367500, -0.5718407022048622700, -0.0006994355685581078100 ) ) ;
#6357 = CARTESIAN_POINT ( 'NONE',  ( 0.8722889466682367500, -0.5723407022048623300, -0.0006994355685581078100 ) ) ;
#6358 = CARTESIAN_POINT ( 'NONE',  ( 0.8722618268741791900, -0.5718407022048621600, -0.002051092735116579200 ) ) ;
#6359 = CARTESIAN_POINT ( 'NONE',  ( 0.8722618268741791900, -0.5723407022048622200, -0.002051092735116579200 ) ) ;
#6360 = CARTESIAN_POINT ( 'NONE',  ( 0.8722476417145883500, -0.5718407022048622700, -0.002758084557372813300 ) ) ;
#6361 = CARTESIAN_POINT ( 'NONE',  ( 0.8722476417145883500, -0.5723407022048623300, -0.002758084557372813300 ) ) ;
#6362 = CARTESIAN_POINT ( 'NONE',  ( 0.8954982350690190400, -0.5718407022048622700, 0.01306173348060180000 ) ) ;
#6363 = CARTESIAN_POINT ( 'NONE',  ( 0.8954982350690190400, -0.5723407022048623300, 0.01306173348060180000 ) ) ;
#6364 = CARTESIAN_POINT ( 'NONE',  ( 0.8944445648195603600, -0.5718407022048621600, 0.01305135014025985400 ) ) ;
#6365 = CARTESIAN_POINT ( 'NONE',  ( 0.8944445648195603600, -0.5723407022048622200, 0.01305135014025985400 ) ) ;
#6366 = CARTESIAN_POINT ( 'NONE',  ( 0.8924371746567876200, -0.5718407022048622700, 0.01303156841512347400 ) ) ;
#6367 = CARTESIAN_POINT ( 'NONE',  ( 0.8924371746567876200, -0.5723407022048623300, 0.01303156841512347400 ) ) ;
#6368 = CARTESIAN_POINT ( 'NONE',  ( 0.8895765034793917700, -0.5718407022048623800, 0.01290353341506618800 ) ) ;
#6369 = CARTESIAN_POINT ( 'NONE',  ( 0.8895765034793917700, -0.5723407022048624400, 0.01290353341506618800 ) ) ;
#6370 = CARTESIAN_POINT ( 'NONE',  ( 0.8870116003217214400, -0.5718407022048622700, 0.01267409464254954200 ) ) ;
#6371 = CARTESIAN_POINT ( 'NONE',  ( 0.8870116003217214400, -0.5723407022048623300, 0.01267409464254954200 ) ) ;
#6372 = CARTESIAN_POINT ( 'NONE',  ( 0.8847253534178769500, -0.5718407022048621600, 0.01234255071192364900 ) ) ;
#6373 = CARTESIAN_POINT ( 'NONE',  ( 0.8847253534178769500, -0.5723407022048622200, 0.01234255071192364900 ) ) ;
#6374 = CARTESIAN_POINT ( 'NONE',  ( 0.8826737915888367400, -0.5718407022048622700, 0.01190399896726339900 ) ) ;
#6375 = CARTESIAN_POINT ( 'NONE',  ( 0.8826737915888367400, -0.5723407022048623300, 0.01190399896726339900 ) ) ;
#6376 = CARTESIAN_POINT ( 'NONE',  ( 0.8808469942986008000, -0.5718407022048621600, 0.01127098803304777400 ) ) ;
#6377 = CARTESIAN_POINT ( 'NONE',  ( 0.8808469942986008000, -0.5723407022048622200, 0.01127098803304777400 ) ) ;
#6378 = CARTESIAN_POINT ( 'NONE',  ( 0.8791872716793918100, -0.5718407022048622700, 0.01051441638442815800 ) ) ;
#6379 = CARTESIAN_POINT ( 'NONE',  ( 0.8791872716793918100, -0.5723407022048623300, 0.01051441638442815800 ) ) ;
#6380 = CARTESIAN_POINT ( 'NONE',  ( 0.8782185318145678800, -0.5718407022048620500, 0.009842738386492085000 ) ) ;
#6381 = CARTESIAN_POINT ( 'NONE',  ( 0.8782185318145678800, -0.5723407022048621100, 0.009842738386492085000 ) ) ;
#6382 = CARTESIAN_POINT ( 'NONE',  ( 0.8777450705120567500, -0.5718407022048621600, 0.009514462910981610900 ) ) ;
#6383 = CARTESIAN_POINT ( 'NONE',  ( 0.8777450705120567500, -0.5723407022048622200, 0.009514462910981610900 ) ) ;
#6384 = PLANE ( 'NONE',  #338 ) ;
#6385 = CARTESIAN_POINT ( 'NONE',  ( 0.9088299201956011600, -0.5718407022048621600, 0.01306173348060183300 ) ) ;
#6386 = DIRECTION ( 'NONE',  ( 0.0000000000000000000, 0.0000000000000000000, 1.000000000000000000 ) ) ;
#6387 = DIRECTION ( 'NONE',  ( 1.000000000000000000, 0.0000000000000000000, -0.0000000000000000000 ) ) ;
#6388 = CARTESIAN_POINT ( 'NONE',  ( 0.5526669455120568600, -0.5718407022048628300, 0.07274527778439934800 ) ) ;
#6389 = CARTESIAN_POINT ( 'NONE',  ( 0.5526669455120568600, -0.5723407022048627700, 0.07274527778439934800 ) ) ;
#6390 = CARTESIAN_POINT ( 'NONE',  ( 0.5521177535665434700, -0.5718407022048628300, 0.07274885694580801600 ) ) ;
#6391 = CARTESIAN_POINT ( 'NONE',  ( 0.5521177535665434700, -0.5723407022048627700, 0.07274885694580801600 ) ) ;
#6392 = CARTESIAN_POINT ( 'NONE',  ( 0.5510516109311854900, -0.5718407022048628300, 0.07275580514781240800 ) ) ;
#6393 = CARTESIAN_POINT ( 'NONE',  ( 0.5510516109311854900, -0.5723407022048627700, 0.07275580514781240800 ) ) ;
#6394 = CARTESIAN_POINT ( 'NONE',  ( 0.5495100870820841500, -0.5718407022048628300, 0.07278278670734644700 ) ) ;
#6395 = CARTESIAN_POINT ( 'NONE',  ( 0.5495100870820841500, -0.5723407022048627700, 0.07278278670734644700 ) ) ;
#6396 = CARTESIAN_POINT ( 'NONE',  ( 0.5480748036412829100, -0.5718407022048628300, 0.07282552076345788500 ) ) ;
#6397 = CARTESIAN_POINT ( 'NONE',  ( 0.5480748036412829100, -0.5723407022048627700, 0.07282552076345788500 ) ) ;
#6398 = CARTESIAN_POINT ( 'NONE',  ( 0.5467449873655427800, -0.5718407022048626100, 0.07287523635264379900 ) ) ;
#6399 = CARTESIAN_POINT ( 'NONE',  ( 0.5467449873655427800, -0.5723407022048625500, 0.07287523635264379900 ) ) ;
#6400 = CARTESIAN_POINT ( 'NONE',  ( 0.5455220296142459000, -0.5718407022048628300, 0.07295996594060004400 ) ) ;
#6401 = CARTESIAN_POINT ( 'NONE',  ( 0.5455220296142459000, -0.5723407022048627700, 0.07295996594060004400 ) ) ;
#6402 = CARTESIAN_POINT ( 'NONE',  ( 0.5444052055409150900, -0.5718407022048628300, 0.07305813480584103000 ) ) ;
#6403 = CARTESIAN_POINT ( 'NONE',  ( 0.5444052055409150900, -0.5723407022048627700, 0.07305813480584103000 ) ) ;
#6404 = CARTESIAN_POINT ( 'NONE',  ( 0.5433971601341184300, -0.5718407022048626100, 0.07316149111821723700 ) ) ;
#6405 = CARTESIAN_POINT ( 'NONE',  ( 0.5433971601341184300, -0.5723407022048625500, 0.07316149111821723700 ) ) ;
#6406 = CARTESIAN_POINT ( 'NONE',  ( 0.5421978416973476400, -0.5718407022048629400, 0.07334888860188215600 ) ) ;
#6407 = CARTESIAN_POINT ( 'NONE',  ( 0.5421978416973476400, -0.5723407022048629900, 0.07334888860188215600 ) ) ;
#6408 = CARTESIAN_POINT ( 'NONE',  ( 0.5407814334433723700, -0.5718407022048628300, 0.07364567693130393000 ) ) ;
#6409 = CARTESIAN_POINT ( 'NONE',  ( 0.5407814334433723700, -0.5723407022048627700, 0.07364567693130393000 ) ) ;
#6410 = CARTESIAN_POINT ( 'NONE',  ( 0.5391351395644586900, -0.5718407022048628300, 0.07416303364560256100 ) ) ;
#6411 = CARTESIAN_POINT ( 'NONE',  ( 0.5391351395644586900, -0.5723407022048627700, 0.07416303364560256100 ) ) ;
#6412 = CARTESIAN_POINT ( 'NONE',  ( 0.5375289848153286300, -0.5718407022048628300, 0.07484091505775068700 ) ) ;
#6413 = CARTESIAN_POINT ( 'NONE',  ( 0.5375289848153286300, -0.5723407022048627700, 0.07484091505775068700 ) ) ;
#6414 = CARTESIAN_POINT ( 'NONE',  ( 0.5365009567678790100, -0.5718407022048627200, 0.07539943514345881500 ) ) ;
#6415 = CARTESIAN_POINT ( 'NONE',  ( 0.5365009567678790100, -0.5723407022048626600, 0.07539943514345881500 ) ) ;
#6416 = CARTESIAN_POINT ( 'NONE',  ( 0.5359837967778796600, -0.5718407022048628300, 0.07568040436667783400 ) ) ;
#6417 = CARTESIAN_POINT ( 'NONE',  ( 0.5359837967778796600, -0.5723407022048627700, 0.07568040436667783400 ) ) ;
#6418 = PLANE ( 'NONE',  #335 ) ;
#6419 = CARTESIAN_POINT ( 'NONE',  ( 0.5711084012082594500, -0.5718407022048627200, 0.07274527778439934800 ) ) ;
#6420 = DIRECTION ( 'NONE',  ( 0.0000000000000000000, 0.0000000000000000000, 1.000000000000000000 ) ) ;
#6421 = DIRECTION ( 'NONE',  ( 1.000000000000000000, 0.0000000000000000000, -0.0000000000000000000 ) ) ;
#6422 = PLANE ( 'NONE',  #331 ) ;
#6423 = CARTESIAN_POINT ( 'NONE',  ( 0.5711084012082594500, -0.5718407022048627200, 0.1427452777843993500 ) ) ;
#6424 = DIRECTION ( 'NONE',  ( -1.000000000000000000, -1.622879996236195800E-015, 0.0000000000000000000 ) ) ;
#6425 = DIRECTION ( 'NONE',  ( 1.622879996236195800E-015, -1.000000000000000000, 0.0000000000000000000 ) ) ;
#6426 = PLANE ( 'NONE',  #341 ) ;
#6427 = CARTESIAN_POINT ( 'NONE',  ( 0.5490257271576265400, -0.5718407022048628300, 0.1427452777843993500 ) ) ;
#6428 = DIRECTION ( 'NONE',  ( 0.0000000000000000000, 0.0000000000000000000, -1.000000000000000000 ) ) ;
#6429 = DIRECTION ( 'NONE',  ( -1.000000000000000000, 0.0000000000000000000, -0.0000000000000000000 ) ) ;
#6430 = CARTESIAN_POINT ( 'NONE',  ( 0.5306258062715505400, -0.5718407022048628300, 0.1370411638603487000 ) ) ;
#6431 = CARTESIAN_POINT ( 'NONE',  ( 0.5306258062715505400, -0.5723407022048627700, 0.1370411638603487000 ) ) ;
#6432 = CARTESIAN_POINT ( 'NONE',  ( 0.5312167997787511400, -0.5718407022048628300, 0.1375282714140011200 ) ) ;
#6433 = CARTESIAN_POINT ( 'NONE',  ( 0.5312167997787511400, -0.5723407022048627700, 0.1375282714140011200 ) ) ;
#6434 = CARTESIAN_POINT ( 'NONE',  ( 0.5323849944833146700, -0.5718407022048627200, 0.1384911186497092300 ) ) ;
#6435 = CARTESIAN_POINT ( 'NONE',  ( 0.5323849944833146700, -0.5723407022048626600, 0.1384911186497092300 ) ) ;
#6436 = CARTESIAN_POINT ( 'NONE',  ( 0.5342781438905540600, -0.5718407022048626100, 0.1397178004370846200 ) ) ;
#6437 = CARTESIAN_POINT ( 'NONE',  ( 0.5342781438905540600, -0.5723407022048626600, 0.1397178004370846200 ) ) ;
#6438 = CARTESIAN_POINT ( 'NONE',  ( 0.5362659024586160500, -0.5718407022048628300, 0.1407003545503184300 ) ) ;
#6439 = CARTESIAN_POINT ( 'NONE',  ( 0.5362659024586160500, -0.5723407022048627700, 0.1407003545503184300 ) ) ;
#6440 = CARTESIAN_POINT ( 'NONE',  ( 0.5383674889582701400, -0.5718407022048629400, 0.1414798421708357300 ) ) ;
#6441 = CARTESIAN_POINT ( 'NONE',  ( 0.5383674889582701400, -0.5723407022048628800, 0.1414798421708357300 ) ) ;
#6442 = CARTESIAN_POINT ( 'NONE',  ( 0.5406532578619955800, -0.5718407022048629400, 0.1420699602967530900 ) ) ;
#6443 = CARTESIAN_POINT ( 'NONE',  ( 0.5406532578619955800, -0.5723407022048628800, 0.1420699602967530900 ) ) ;
#6444 = CARTESIAN_POINT ( 'NONE',  ( 0.5431958813457142800, -0.5718407022048626100, 0.1424487282076689300 ) ) ;
#6445 = CARTESIAN_POINT ( 'NONE',  ( 0.5431958813457142800, -0.5723407022048625500, 0.1424487282076689300 ) ) ;
#6446 = CARTESIAN_POINT ( 'NONE',  ( 0.5460161368129430300, -0.5718407022048628300, 0.1427053921137581600 ) ) ;
#6447 = CARTESIAN_POINT ( 'NONE',  ( 0.5460161368129430300, -0.5723407022048627700, 0.1427053921137581600 ) ) ;
#6448 = CARTESIAN_POINT ( 'NONE',  ( 0.5479913186335757500, -0.5718407022048628300, 0.1427315689160905700 ) ) ;
#6449 = CARTESIAN_POINT ( 'NONE',  ( 0.5479913186335757500, -0.5723407022048627700, 0.1427315689160905700 ) ) ;
#6450 = CARTESIAN_POINT ( 'NONE',  ( 0.5490257271576265400, -0.5718407022048628300, 0.1427452777843993500 ) ) ;
#6451 = CARTESIAN_POINT ( 'NONE',  ( 0.5490257271576265400, -0.5723407022048627700, 0.1427452777843993500 ) ) ;
#6452 = CARTESIAN_POINT ( 'NONE',  ( 0.5241463758918036800, -0.5718407022048628300, 0.1213410056325006200 ) ) ;
#6453 = CARTESIAN_POINT ( 'NONE',  ( 0.5241463758918036800, -0.5723407022048627700, 0.1213410056325006200 ) ) ;
#6454 = CARTESIAN_POINT ( 'NONE',  ( 0.5241656055711910700, -0.5718407022048628300, 0.1221822646912221100 ) ) ;
#6455 = CARTESIAN_POINT ( 'NONE',  ( 0.5241656055711910700, -0.5723407022048627700, 0.1221822646912221100 ) ) ;
#6456 = CARTESIAN_POINT ( 'NONE',  ( 0.5242029576532751800, -0.5718407022048627200, 0.1238163417230064000 ) ) ;
#6457 = CARTESIAN_POINT ( 'NONE',  ( 0.5242029576532751800, -0.5723407022048626600, 0.1238163417230064000 ) ) ;
#6458 = CARTESIAN_POINT ( 'NONE',  ( 0.5245511149179975500, -0.5718407022048629400, 0.1261887977964185600 ) ) ;
#6459 = CARTESIAN_POINT ( 'NONE',  ( 0.5245511149179975500, -0.5723407022048628800, 0.1261887977964185600 ) ) ;
#6460 = CARTESIAN_POINT ( 'NONE',  ( 0.5250738284068636700, -0.5718407022048628300, 0.1284197967729102900 ) ) ;
#6461 = CARTESIAN_POINT ( 'NONE',  ( 0.5250738284068636700, -0.5723407022048627700, 0.1284197967729102900 ) ) ;
#6462 = CARTESIAN_POINT ( 'NONE',  ( 0.5258606480651948400, -0.5718407022048624900, 0.1304830563311547600 ) ) ;
#6463 = CARTESIAN_POINT ( 'NONE',  ( 0.5258606480651948400, -0.5723407022048624400, 0.1304830563311547600 ) ) ;
#6464 = CARTESIAN_POINT ( 'NONE',  ( 0.5268168537599330300, -0.5718407022048629400, 0.1323875751034009100 ) ) ;
#6465 = CARTESIAN_POINT ( 'NONE',  ( 0.5268168537599330300, -0.5723407022048628800, 0.1323875751034009100 ) ) ;
#6466 = CARTESIAN_POINT ( 'NONE',  ( 0.5279282520440991000, -0.5718407022048628300, 0.1341200102209393100 ) ) ;
#6467 = CARTESIAN_POINT ( 'NONE',  ( 0.5279282520440991000, -0.5723407022048627700, 0.1341200102209393100 ) ) ;
#6468 = CARTESIAN_POINT ( 'NONE',  ( 0.5291701227191436500, -0.5718407022048629400, 0.1357020728802698600 ) ) ;
#6469 = CARTESIAN_POINT ( 'NONE',  ( 0.5291701227191436500, -0.5723407022048628800, 0.1357020728802698600 ) ) ;
#6470 = CARTESIAN_POINT ( 'NONE',  ( 0.5301423198214020300, -0.5718407022048628300, 0.1365964021239715600 ) ) ;
#6471 = CARTESIAN_POINT ( 'NONE',  ( 0.5301423198214020300, -0.5723407022048627700, 0.1365964021239715600 ) ) ;
#6472 = CARTESIAN_POINT ( 'NONE',  ( 0.5306258062715505400, -0.5718407022048628300, 0.1370411638603487000 ) ) ;
#6473 = CARTESIAN_POINT ( 'NONE',  ( 0.5306258062715505400, -0.5723407022048627700, 0.1370411638603487000 ) ) ;
#6474 = CARTESIAN_POINT ( 'NONE',  ( 0.5378113284234492500, -0.5718407022048628300, 0.1031487587970575800 ) ) ;
#6475 = CARTESIAN_POINT ( 'NONE',  ( 0.5378113284234492500, -0.5723407022048635500, 0.1031487587970575800 ) ) ;
#6476 = CARTESIAN_POINT ( 'NONE',  ( 0.5372920334231025000, -0.5718407022048627200, 0.1032788654583715500 ) ) ;
#6477 = CARTESIAN_POINT ( 'NONE',  ( 0.5372920334231025000, -0.5723407022048635500, 0.1032788654583715500 ) ) ;
#6478 = CARTESIAN_POINT ( 'NONE',  ( 0.5362741345638886200, -0.5718407022048628300, 0.1035338947231231600 ) ) ;
#6479 = CARTESIAN_POINT ( 'NONE',  ( 0.5362741345638886200, -0.5723407022048635500, 0.1035338947231231600 ) ) ;
#6480 = CARTESIAN_POINT ( 'NONE',  ( 0.5348064184132150800, -0.5718407022048627200, 0.1040545339216844400 ) ) ;
#6481 = CARTESIAN_POINT ( 'NONE',  ( 0.5348064184132150800, -0.5723407022048635500, 0.1040545339216844400 ) ) ;
#6482 = CARTESIAN_POINT ( 'NONE',  ( 0.5334253816626656200, -0.5718407022048628300, 0.1046731040677278300 ) ) ;
#6483 = CARTESIAN_POINT ( 'NONE',  ( 0.5334253816626656200, -0.5723407022048636600, 0.1046731040677278300 ) ) ;
#6484 = CARTESIAN_POINT ( 'NONE',  ( 0.5321238936290654300, -0.5718407022048628300, 0.1054010445043084700 ) ) ;
#6485 = CARTESIAN_POINT ( 'NONE',  ( 0.5321238936290654300, -0.5723407022048636600, 0.1054010445043084700 ) ) ;
#6486 = CARTESIAN_POINT ( 'NONE',  ( 0.5309074773696705900, -0.5718407022048627200, 0.1062273522933927800 ) ) ;
#6487 = CARTESIAN_POINT ( 'NONE',  ( 0.5309074773696705900, -0.5723407022048635500, 0.1062273522933927800 ) ) ;
#6488 = CARTESIAN_POINT ( 'NONE',  ( 0.5297806663522823800, -0.5718407022048626100, 0.1071633106724708100 ) ) ;
#6489 = CARTESIAN_POINT ( 'NONE',  ( 0.5297806663522823800, -0.5723407022048634400, 0.1071633106724708100 ) ) ;
#6490 = CARTESIAN_POINT ( 'NONE',  ( 0.5287336907567982100, -0.5718407022048628300, 0.1081922187679539600 ) ) ;
#6491 = CARTESIAN_POINT ( 'NONE',  ( 0.5287336907567982100, -0.5723407022048635500, 0.1081922187679539600 ) ) ;
#6492 = CARTESIAN_POINT ( 'NONE',  ( 0.5277807310128743700, -0.5718407022048629400, 0.1093290347754761500 ) ) ;
#6493 = CARTESIAN_POINT ( 'NONE',  ( 0.5277807310128743700, -0.5723407022048636600, 0.1093290347754761500 ) ) ;
#6494 = CARTESIAN_POINT ( 'NONE',  ( 0.5269225772231909100, -0.5718407022048627200, 0.1105539122316985100 ) ) ;
#6495 = CARTESIAN_POINT ( 'NONE',  ( 0.5269225772231909100, -0.5723407022048635500, 0.1105539122316985100 ) ) ;
#6496 = CARTESIAN_POINT ( 'NONE',  ( 0.5261884881850975600, -0.5718407022048628300, 0.1118716391073821100 ) ) ;
#6497 = CARTESIAN_POINT ( 'NONE',  ( 0.5261884881850975600, -0.5723407022048635500, 0.1118716391073821100 ) ) ;
#6498 = CARTESIAN_POINT ( 'NONE',  ( 0.5255461300830645000, -0.5718407022048628300, 0.1132511673651115500 ) ) ;
#6499 = CARTESIAN_POINT ( 'NONE',  ( 0.5255461300830645000, -0.5723407022048636600, 0.1132511673651115500 ) ) ;
#6500 = CARTESIAN_POINT ( 'NONE',  ( 0.5250368190764710400, -0.5718407022048627200, 0.1147185435744606100 ) ) ;
#6501 = CARTESIAN_POINT ( 'NONE',  ( 0.5250368190764710400, -0.5723407022048635500, 0.1147185435744606100 ) ) ;
#6502 = CARTESIAN_POINT ( 'NONE',  ( 0.5246287214104271600, -0.5718407022048628300, 0.1162585869915234900 ) ) ;
#6503 = CARTESIAN_POINT ( 'NONE',  ( 0.5246287214104271600, -0.5723407022048636600, 0.1162585869915234900 ) ) ;
#6504 = CARTESIAN_POINT ( 'NONE',  ( 0.5243656942460400700, -0.5718407022048627200, 0.1178869033371512200 ) ) ;
#6505 = CARTESIAN_POINT ( 'NONE',  ( 0.5243656942460400700, -0.5723407022048635500, 0.1178869033371512200 ) ) ;
#6506 = CARTESIAN_POINT ( 'NONE',  ( 0.5241716886159134600, -0.5718407022048628300, 0.1195872931631331800 ) ) ;
#6507 = CARTESIAN_POINT ( 'NONE',  ( 0.5241716886159134600, -0.5723407022048636600, 0.1195872931631331800 ) ) ;
#6508 = CARTESIAN_POINT ( 'NONE',  ( 0.5241549107115525100, -0.5718407022048628300, 0.1207496974922771500 ) ) ;
#6509 = CARTESIAN_POINT ( 'NONE',  ( 0.5241549107115525100, -0.5723407022048635500, 0.1207496974922771500 ) ) ;
#6510 = CARTESIAN_POINT ( 'NONE',  ( 0.5241463758918036800, -0.5718407022048628300, 0.1213410056325006200 ) ) ;
#6511 = CARTESIAN_POINT ( 'NONE',  ( 0.5241463758918036800, -0.5723407022048635500, 0.1213410056325006200 ) ) ;
#6512 = PLANE ( 'NONE',  #340 ) ;
#6513 = CARTESIAN_POINT ( 'NONE',  ( 0.08319700880319554100, -0.5723407022048635500, -0.1822547222156006800 ) ) ;
#6514 = DIRECTION ( 'NONE',  ( 0.0000000000000000000, -1.000000000000000000, 0.0000000000000000000 ) ) ;
#6515 = DIRECTION ( 'NONE',  ( 0.0000000000000000000, -0.0000000000000000000, -1.000000000000000000 ) ) ;
#6516 = PLANE ( 'NONE',  #339 ) ;
#6517 = CARTESIAN_POINT ( 'NONE',  ( 0.5970676575373732300, -0.5718407022048627200, 0.1152769233540195900 ) ) ;
#6518 = DIRECTION ( 'NONE',  ( -0.9526453801669819700, -1.546029130979821200E-015, -0.3040835076858104900 ) ) ;
#6519 = DIRECTION ( 'NONE',  ( -0.3040835076858104900, 0.0000000000000000000, 0.9526453801669819700 ) ) ;
#6520 = PLANE ( 'NONE',  #342 ) ;
#6521 = CARTESIAN_POINT ( 'NONE',  ( 0.6083235910816770000, -0.5718407022048626100, 0.08001386955655123700 ) ) ;
#6522 = DIRECTION ( 'NONE',  ( 0.9523198991723617100, 1.545500914384496600E-015, -0.3051013104533360500 ) ) ;
#6523 = DIRECTION ( 'NONE',  ( -0.3051013104533359900, 0.0000000000000000000, -0.9523198991723615900 ) ) ;
#6524 = CARTESIAN_POINT ( 'NONE',  ( 0.6774375151323099900, -0.5718407022048626100, 0.07274527778439934800 ) ) ;
#6525 = DIRECTION ( 'NONE',  ( 1.622879996236195800E-015, -1.000000000000000000, -0.0000000000000000000 ) ) ;
#6526 = CARTESIAN_POINT ( 'NONE',  ( 0.6774375151323099900, -0.5718407022048626100, 0.07274527778439934800 ) ) ;
#6527 = DIRECTION ( 'NONE',  ( -1.000000000000000000, 0.0000000000000000000, 0.0000000000000000000 ) ) ;
#6528 = CARTESIAN_POINT ( 'NONE',  ( 0.6694628315880063500, -0.5718407022048626100, 0.07274527778439934800 ) ) ;
#6529 = DIRECTION ( 'NONE',  ( 1.622879996236195800E-015, -1.000000000000000000, -0.0000000000000000000 ) ) ;
#6530 = CARTESIAN_POINT ( 'NONE',  ( 0.6694628315880063500, -0.5718407022048626100, 0.07274527778439934800 ) ) ;
#6531 = DIRECTION ( 'NONE',  ( 0.0000000000000000000, 0.0000000000000000000, 1.000000000000000000 ) ) ;
#6532 = CARTESIAN_POINT ( 'NONE',  ( 0.6694628315880063500, -0.5718407022048626100, 0.1347705942400955800 ) ) ;
#6533 = DIRECTION ( 'NONE',  ( 1.622879996236195800E-015, -1.000000000000000000, -0.0000000000000000000 ) ) ;
#6534 = CARTESIAN_POINT ( 'NONE',  ( 0.6694628315880063500, -0.5718407022048626100, 0.1347705942400955800 ) ) ;
#6535 = DIRECTION ( 'NONE',  ( -1.000000000000000000, -2.202203994892622900E-015, 0.0000000000000000000 ) ) ;
#6536 = CARTESIAN_POINT ( 'NONE',  ( 0.6027717714614239100, -0.5718407022048626100, 0.07274527778439934800 ) ) ;
#6537 = DIRECTION ( 'NONE',  ( 1.622879996236195800E-015, -1.000000000000000000, -0.0000000000000000000 ) ) ;
#6538 = CARTESIAN_POINT ( 'NONE',  ( 0.6027717714614239100, -0.5718407022048626100, 0.07274527778439934800 ) ) ;
#6539 = DIRECTION ( 'NONE',  ( -0.3097323523907807900, -9.276807317988596200E-016, 0.9508237848741862800 ) ) ;
#6540 = CARTESIAN_POINT ( 'NONE',  ( 0.5799691607019301600, -0.5718407022048627200, 0.1427452777843993500 ) ) ;
#6541 = DIRECTION ( 'NONE',  ( 1.622879996236195800E-015, -1.000000000000000000, -0.0000000000000000000 ) ) ;
#6542 = CARTESIAN_POINT ( 'NONE',  ( 0.5799691607019301600, -0.5718407022048627200, 0.1427452777843993500 ) ) ;
#6543 = DIRECTION ( 'NONE',  ( 1.000000000000000000, 0.0000000000000000000, 0.0000000000000000000 ) ) ;
#6544 = CARTESIAN_POINT ( 'NONE',  ( 0.5883591923474997800, -0.5718407022048627200, 0.1427452777843993500 ) ) ;
#6545 = DIRECTION ( 'NONE',  ( 1.622879996236195800E-015, -1.000000000000000000, -0.0000000000000000000 ) ) ;
#6546 = CARTESIAN_POINT ( 'NONE',  ( 0.5883591923474997800, -0.5718407022048627200, 0.1427452777843993500 ) ) ;
#6547 = DIRECTION ( 'NONE',  ( 0.3007423372023668200, 0.0000000000000000000, -0.9537054296867864000 ) ) ;
#6548 = CARTESIAN_POINT ( 'NONE',  ( 0.5945063442462339400, -0.5718407022048627200, 0.1232516068983234000 ) ) ;
#6549 = DIRECTION ( 'NONE',  ( 1.622879996236195800E-015, -1.000000000000000000, -0.0000000000000000000 ) ) ;
#6550 = CARTESIAN_POINT ( 'NONE',  ( 0.5945063442462339400, -0.5718407022048627200, 0.1232516068983234000 ) ) ;
#6551 = DIRECTION ( 'NONE',  ( 1.000000000000000000, 2.471411296873480600E-015, 0.0000000000000000000 ) ) ;
#6552 = CARTESIAN_POINT ( 'NONE',  ( 0.6221408379171200500, -0.5718407022048626100, 0.1232516068983234000 ) ) ;
#6553 = DIRECTION ( 'NONE',  ( 1.622879996236195800E-015, -1.000000000000000000, -0.0000000000000000000 ) ) ;
#6554 = CARTESIAN_POINT ( 'NONE',  ( 0.6221408379171200500, -0.5718407022048626100, 0.1232516068983234000 ) ) ;
#6555 = DIRECTION ( 'NONE',  ( 0.3007423372023668200, 0.0000000000000000000, 0.9537054296867864000 ) ) ;
#6556 = CARTESIAN_POINT ( 'NONE',  ( 0.6282879898158542100, -0.5718407022048626100, 0.1427452777843993500 ) ) ;
#6557 = DIRECTION ( 'NONE',  ( 1.622879996236195800E-015, -1.000000000000000000, -0.0000000000000000000 ) ) ;
#6558 = CARTESIAN_POINT ( 'NONE',  ( 0.6282879898158542100, -0.5718407022048626100, 0.1427452777843993500 ) ) ;
#6559 = DIRECTION ( 'NONE',  ( 1.000000000000000000, 0.0000000000000000000, 0.0000000000000000000 ) ) ;
#6560 = CARTESIAN_POINT ( 'NONE',  ( 0.6366780214614238300, -0.5718407022048626100, 0.1427452777843993500 ) ) ;
#6561 = DIRECTION ( 'NONE',  ( 1.622879996236195800E-015, -1.000000000000000000, -0.0000000000000000000 ) ) ;
#6562 = CARTESIAN_POINT ( 'NONE',  ( 0.6366780214614238300, -0.5718407022048626100, 0.1427452777843993500 ) ) ;
#6563 = DIRECTION ( 'NONE',  ( -0.3097323523907807900, 0.0000000000000000000, -0.9508237848741862800 ) ) ;
#6564 = CARTESIAN_POINT ( 'NONE',  ( 0.6138754107019301900, -0.5718407022048626100, 0.07274527778439934800 ) ) ;
#6565 = DIRECTION ( 'NONE',  ( 1.622879996236195800E-015, -1.000000000000000000, -0.0000000000000000000 ) ) ;
#6566 = CARTESIAN_POINT ( 'NONE',  ( 0.6138754107019301900, -0.5718407022048626100, 0.07274527778439934800 ) ) ;
#6567 = DIRECTION ( 'NONE',  ( -1.000000000000000000, 0.0000000000000000000, 0.0000000000000000000 ) ) ;
#6568 = CARTESIAN_POINT ( 'NONE',  ( 0.6083235910816770000, -0.5718407022048626100, 0.08001386955655123700 ) ) ;
#6569 = DIRECTION ( 'NONE',  ( 0.3051013104533359900, 0.0000000000000000000, 0.9523198991723615900 ) ) ;
#6570 = CARTESIAN_POINT ( 'NONE',  ( 0.6196210594361074600, -0.5718407022048626100, 0.1152769233540195900 ) ) ;
#6571 = DIRECTION ( 'NONE',  ( -1.000000000000000000, -3.028199477323179900E-015, 0.0000000000000000000 ) ) ;
#6572 = CARTESIAN_POINT ( 'NONE',  ( 0.5970676575373732300, -0.5718407022048627200, 0.1152769233540195900 ) ) ;
#6573 = DIRECTION ( 'NONE',  ( 0.3040835076858104400, 1.845048918217584200E-015, -0.9526453801669819700 ) ) ;
#6574 = CARTESIAN_POINT ( 'NONE',  ( 0.6196210594361074600, -0.5718407022048626100, 0.1152769233540195900 ) ) ;
#6575 = DIRECTION ( 'NONE',  ( 1.622879996236195800E-015, -1.000000000000000000, -0.0000000000000000000 ) ) ;
#6576 = CARTESIAN_POINT ( 'NONE',  ( 0.6196210594361074600, -0.5723407022048626600, 0.1152769233540195900 ) ) ;
#6577 = DIRECTION ( 'NONE',  ( -1.000000000000000000, -3.028199477323179900E-015, 0.0000000000000000000 ) ) ;
#6578 = CARTESIAN_POINT ( 'NONE',  ( 0.5970676575373732300, -0.5718407022048627200, 0.1152769233540195900 ) ) ;
#6579 = DIRECTION ( 'NONE',  ( 1.622879996236195800E-015, -1.000000000000000000, -0.0000000000000000000 ) ) ;
#6580 = CARTESIAN_POINT ( 'NONE',  ( 0.6083235910816770000, -0.5718407022048626100, 0.08001386955655123700 ) ) ;
#6581 = DIRECTION ( 'NONE',  ( 1.622879996236195800E-015, -1.000000000000000000, -0.0000000000000000000 ) ) ;
#6582 = CARTESIAN_POINT ( 'NONE',  ( 0.6083235910816770000, -0.5723407022048626600, 0.08001386955655123700 ) ) ;
#6583 = DIRECTION ( 'NONE',  ( 0.3051013104533359900, 0.0000000000000000000, 0.9523198991723615900 ) ) ;
#6584 = CARTESIAN_POINT ( 'NONE',  ( 0.5970676575373732300, -0.5723407022048626600, 0.1152769233540195900 ) ) ;
#6585 = DIRECTION ( 'NONE',  ( 0.3040835076858104400, 1.845048918217584200E-015, -0.9526453801669819700 ) ) ;
#6586 = CARTESIAN_POINT ( 'NONE',  ( 0.5378113284234492500, -0.5718407022048628300, 0.1031487587970575800 ) ) ;
#6587 = DIRECTION ( 'NONE',  ( 1.622879996236195800E-015, -1.000000000000000000, -0.0000000000000000000 ) ) ;
#6588 = CARTESIAN_POINT ( 'NONE',  ( 0.5378113284234492500, -0.5718407022048628300, 0.1031487587970575800 ) ) ;
#6589 = CARTESIAN_POINT ( 'NONE',  ( 0.5372920334231025000, -0.5718407022048627200, 0.1032788654583715500 ) ) ;
#6590 = CARTESIAN_POINT ( 'NONE',  ( 0.5362741345638886200, -0.5718407022048628300, 0.1035338947231231600 ) ) ;
#6591 = CARTESIAN_POINT ( 'NONE',  ( 0.5348064184132150800, -0.5718407022048627200, 0.1040545339216844400 ) ) ;
#6592 = CARTESIAN_POINT ( 'NONE',  ( 0.5334253816626656200, -0.5718407022048628300, 0.1046731040677278300 ) ) ;
#6593 = CARTESIAN_POINT ( 'NONE',  ( 0.5321238936290654300, -0.5718407022048628300, 0.1054010445043084700 ) ) ;
#6594 = CARTESIAN_POINT ( 'NONE',  ( 0.5309074773696705900, -0.5718407022048627200, 0.1062273522933927800 ) ) ;
#6595 = CARTESIAN_POINT ( 'NONE',  ( 0.5297806663522823800, -0.5718407022048626100, 0.1071633106724708100 ) ) ;
#6596 = CARTESIAN_POINT ( 'NONE',  ( 0.5287336907567982100, -0.5718407022048628300, 0.1081922187679539600 ) ) ;
#6597 = CARTESIAN_POINT ( 'NONE',  ( 0.5277807310128743700, -0.5718407022048629400, 0.1093290347754761500 ) ) ;
#6598 = CARTESIAN_POINT ( 'NONE',  ( 0.5269225772231909100, -0.5718407022048627200, 0.1105539122316985100 ) ) ;
#6599 = CARTESIAN_POINT ( 'NONE',  ( 0.5261884881850975600, -0.5718407022048628300, 0.1118716391073821100 ) ) ;
#6600 = CARTESIAN_POINT ( 'NONE',  ( 0.5255461300830645000, -0.5718407022048628300, 0.1132511673651115500 ) ) ;
#6601 = CARTESIAN_POINT ( 'NONE',  ( 0.5250368190764710400, -0.5718407022048627200, 0.1147185435744606100 ) ) ;
#6602 = CARTESIAN_POINT ( 'NONE',  ( 0.5246287214104271600, -0.5718407022048628300, 0.1162585869915234900 ) ) ;
#6603 = CARTESIAN_POINT ( 'NONE',  ( 0.5243656942460400700, -0.5718407022048627200, 0.1178869033371512200 ) ) ;
#6604 = CARTESIAN_POINT ( 'NONE',  ( 0.5241716886159134600, -0.5718407022048628300, 0.1195872931631331800 ) ) ;
#6605 = CARTESIAN_POINT ( 'NONE',  ( 0.5241549107115525100, -0.5718407022048628300, 0.1207496974922771500 ) ) ;
#6606 = CARTESIAN_POINT ( 'NONE',  ( 0.5241463758918036800, -0.5718407022048628300, 0.1213410056325006200 ) ) ;
#6607 = CARTESIAN_POINT ( 'NONE',  ( 0.5241463758918036800, -0.5718407022048628300, 0.1213410056325006200 ) ) ;
#6608 = DIRECTION ( 'NONE',  ( 1.622879996236195800E-015, -1.000000000000000000, -0.0000000000000000000 ) ) ;
#6609 = CARTESIAN_POINT ( 'NONE',  ( 0.5241463758918036800, -0.5718407022048628300, 0.1213410056325006200 ) ) ;
#6610 = CARTESIAN_POINT ( 'NONE',  ( 0.5241656055711910700, -0.5718407022048628300, 0.1221822646912221100 ) ) ;
#6611 = CARTESIAN_POINT ( 'NONE',  ( 0.5242029576532751800, -0.5718407022048627200, 0.1238163417230064000 ) ) ;
#6612 = CARTESIAN_POINT ( 'NONE',  ( 0.5245511149179975500, -0.5718407022048629400, 0.1261887977964185600 ) ) ;
#6613 = CARTESIAN_POINT ( 'NONE',  ( 0.5250738284068636700, -0.5718407022048628300, 0.1284197967729102900 ) ) ;
#6614 = CARTESIAN_POINT ( 'NONE',  ( 0.5258606480651948400, -0.5718407022048624900, 0.1304830563311547600 ) ) ;
#6615 = CARTESIAN_POINT ( 'NONE',  ( 0.5268168537599330300, -0.5718407022048629400, 0.1323875751034009100 ) ) ;
#6616 = CARTESIAN_POINT ( 'NONE',  ( 0.5279282520440991000, -0.5718407022048628300, 0.1341200102209393100 ) ) ;
#6617 = CARTESIAN_POINT ( 'NONE',  ( 0.5291701227191436500, -0.5718407022048629400, 0.1357020728802698600 ) ) ;
#6618 = CARTESIAN_POINT ( 'NONE',  ( 0.5301423198214020300, -0.5718407022048628300, 0.1365964021239715600 ) ) ;
#6619 = CARTESIAN_POINT ( 'NONE',  ( 0.5306258062715505400, -0.5718407022048628300, 0.1370411638603487000 ) ) ;
#6620 = CARTESIAN_POINT ( 'NONE',  ( 0.5306258062715505400, -0.5718407022048628300, 0.1370411638603487000 ) ) ;
#6621 = DIRECTION ( 'NONE',  ( 1.622879996236195800E-015, -1.000000000000000000, -0.0000000000000000000 ) ) ;
#6622 = CARTESIAN_POINT ( 'NONE',  ( 0.5306258062715505400, -0.5718407022048628300, 0.1370411638603487000 ) ) ;
#6623 = CARTESIAN_POINT ( 'NONE',  ( 0.5312167997787511400, -0.5718407022048628300, 0.1375282714140011200 ) ) ;
#6624 = CARTESIAN_POINT ( 'NONE',  ( 0.5323849944833146700, -0.5718407022048627200, 0.1384911186497092300 ) ) ;
#6625 = CARTESIAN_POINT ( 'NONE',  ( 0.5342781438905540600, -0.5718407022048626100, 0.1397178004370846200 ) ) ;
#6626 = CARTESIAN_POINT ( 'NONE',  ( 0.5362659024586160500, -0.5718407022048628300, 0.1407003545503184300 ) ) ;
#6627 = CARTESIAN_POINT ( 'NONE',  ( 0.5383674889582701400, -0.5718407022048629400, 0.1414798421708357300 ) ) ;
#6628 = CARTESIAN_POINT ( 'NONE',  ( 0.5406532578619955800, -0.5718407022048629400, 0.1420699602967530900 ) ) ;
#6629 = CARTESIAN_POINT ( 'NONE',  ( 0.5431958813457142800, -0.5718407022048626100, 0.1424487282076689300 ) ) ;
#6630 = CARTESIAN_POINT ( 'NONE',  ( 0.5460161368129430300, -0.5718407022048628300, 0.1427053921137581600 ) ) ;
#6631 = CARTESIAN_POINT ( 'NONE',  ( 0.5479913186335757500, -0.5718407022048628300, 0.1427315689160905700 ) ) ;
#6632 = CARTESIAN_POINT ( 'NONE',  ( 0.5490257271576265400, -0.5718407022048628300, 0.1427452777843993500 ) ) ;
#6633 = CARTESIAN_POINT ( 'NONE',  ( 0.5490257271576265400, -0.5718407022048628300, 0.1427452777843993500 ) ) ;
#6634 = DIRECTION ( 'NONE',  ( 1.622879996236195800E-015, -1.000000000000000000, -0.0000000000000000000 ) ) ;
#6635 = CARTESIAN_POINT ( 'NONE',  ( 0.5490257271576265400, -0.5718407022048628300, 0.1427452777843993500 ) ) ;
#6636 = DIRECTION ( 'NONE',  ( 1.000000000000000000, 3.092750437968319800E-015, 0.0000000000000000000 ) ) ;
#6637 = CARTESIAN_POINT ( 'NONE',  ( 0.5711084012082594500, -0.5718407022048627200, 0.1427452777843993500 ) ) ;
#6638 = DIRECTION ( 'NONE',  ( 1.622879996236195800E-015, -1.000000000000000000, -0.0000000000000000000 ) ) ;
#6639 = CARTESIAN_POINT ( 'NONE',  ( 0.5711084012082594500, -0.5718407022048627200, 0.1427452777843993500 ) ) ;
#6640 = DIRECTION ( 'NONE',  ( 0.0000000000000000000, 0.0000000000000000000, -1.000000000000000000 ) ) ;
#6641 = CARTESIAN_POINT ( 'NONE',  ( 0.5711084012082594500, -0.5718407022048627200, 0.07274527778439934800 ) ) ;
#6642 = DIRECTION ( 'NONE',  ( 1.622879996236195800E-015, -1.000000000000000000, -0.0000000000000000000 ) ) ;
#6643 = CARTESIAN_POINT ( 'NONE',  ( 0.5711084012082594500, -0.5718407022048627200, 0.07274527778439934800 ) ) ;
#6644 = DIRECTION ( 'NONE',  ( -1.000000000000000000, -3.703406117537145400E-015, 0.0000000000000000000 ) ) ;
#6645 = CARTESIAN_POINT ( 'NONE',  ( 0.5526669455120568600, -0.5718407022048628300, 0.07274527778439934800 ) ) ;
#6646 = DIRECTION ( 'NONE',  ( 1.622879996236195800E-015, -1.000000000000000000, -0.0000000000000000000 ) ) ;
#6647 = CARTESIAN_POINT ( 'NONE',  ( 0.5526669455120568600, -0.5718407022048628300, 0.07274527778439934800 ) ) ;
#6648 = CARTESIAN_POINT ( 'NONE',  ( 0.5521177535665434700, -0.5718407022048628300, 0.07274885694580801600 ) ) ;
#6649 = CARTESIAN_POINT ( 'NONE',  ( 0.5510516109311854900, -0.5718407022048628300, 0.07275580514781240800 ) ) ;
#6650 = CARTESIAN_POINT ( 'NONE',  ( 0.5495100870820841500, -0.5718407022048628300, 0.07278278670734644700 ) ) ;
#6651 = CARTESIAN_POINT ( 'NONE',  ( 0.5480748036412829100, -0.5718407022048628300, 0.07282552076345788500 ) ) ;
#6652 = CARTESIAN_POINT ( 'NONE',  ( 0.5467449873655427800, -0.5718407022048626100, 0.07287523635264379900 ) ) ;
#6653 = CARTESIAN_POINT ( 'NONE',  ( 0.5455220296142459000, -0.5718407022048628300, 0.07295996594060004400 ) ) ;
#6654 = CARTESIAN_POINT ( 'NONE',  ( 0.5444052055409150900, -0.5718407022048628300, 0.07305813480584103000 ) ) ;
#6655 = CARTESIAN_POINT ( 'NONE',  ( 0.5433971601341184300, -0.5718407022048626100, 0.07316149111821723700 ) ) ;
#6656 = CARTESIAN_POINT ( 'NONE',  ( 0.5421978416973476400, -0.5718407022048629400, 0.07334888860188215600 ) ) ;
#6657 = CARTESIAN_POINT ( 'NONE',  ( 0.5407814334433723700, -0.5718407022048628300, 0.07364567693130393000 ) ) ;
#6658 = CARTESIAN_POINT ( 'NONE',  ( 0.5391351395644586900, -0.5718407022048628300, 0.07416303364560256100 ) ) ;
#6659 = CARTESIAN_POINT ( 'NONE',  ( 0.5375289848153286300, -0.5718407022048628300, 0.07484091505775068700 ) ) ;
#6660 = CARTESIAN_POINT ( 'NONE',  ( 0.5365009567678790100, -0.5718407022048627200, 0.07539943514345881500 ) ) ;
#6661 = CARTESIAN_POINT ( 'NONE',  ( 0.5359837967778796600, -0.5718407022048628300, 0.07568040436667783400 ) ) ;
#6662 = CARTESIAN_POINT ( 'NONE',  ( 0.5359837967778796600, -0.5718407022048628300, 0.07568040436667783400 ) ) ;
#6663 = DIRECTION ( 'NONE',  ( 1.622879996236195800E-015, -1.000000000000000000, -0.0000000000000000000 ) ) ;
#6664 = CARTESIAN_POINT ( 'NONE',  ( 0.5359837967778796600, -0.5718407022048628300, 0.07568040436667783400 ) ) ;
#6665 = CARTESIAN_POINT ( 'NONE',  ( 0.5354431438519827700, -0.5718407022048628300, 0.07603125261345598800 ) ) ;
#6666 = CARTESIAN_POINT ( 'NONE',  ( 0.5343866253309542700, -0.5718407022048627200, 0.07671686375701272700 ) ) ;
#6667 = CARTESIAN_POINT ( 'NONE',  ( 0.5329988854961539300, -0.5718407022048628300, 0.07795770816964978100 ) ) ;
#6668 = CARTESIAN_POINT ( 'NONE',  ( 0.5318671964335983700, -0.5718407022048626100, 0.07936328733584491200 ) ) ;
#6669 = CARTESIAN_POINT ( 'NONE',  ( 0.5309528578899642700, -0.5718407022048628300, 0.08090483268035379700 ) ) ;
#6670 = CARTESIAN_POINT ( 'NONE',  ( 0.5302698875669777900, -0.5718407022048628300, 0.08260586367113424700 ) ) ;
#6671 = CARTESIAN_POINT ( 'NONE',  ( 0.5298152923001006000, -0.5718407022048629400, 0.08445747007471780800 ) ) ;
#6672 = CARTESIAN_POINT ( 'NONE',  ( 0.5295112850408455500, -0.5718407022048626100, 0.08645565946345593100 ) ) ;
#6673 = CARTESIAN_POINT ( 'NONE',  ( 0.5294793599929771300, -0.5718407022048628300, 0.08783966224912742600 ) ) ;
#6674 = CARTESIAN_POINT ( 'NONE',  ( 0.5294628315880062200, -0.5718407022048628300, 0.08855619550591832500 ) ) ;
#6675 = CARTESIAN_POINT ( 'NONE',  ( 0.5294628315880062200, -0.5718407022048628300, 0.08855619550591832500 ) ) ;
#6676 = DIRECTION ( 'NONE',  ( 1.622879996236195800E-015, -1.000000000000000000, -0.0000000000000000000 ) ) ;
#6677 = CARTESIAN_POINT ( 'NONE',  ( 0.5294628315880062200, -0.5718407022048628300, 0.08855619550591832500 ) ) ;
#6678 = CARTESIAN_POINT ( 'NONE',  ( 0.5294859758828662800, -0.5718407022048628300, 0.08936600009712009100 ) ) ;
#6679 = CARTESIAN_POINT ( 'NONE',  ( 0.5295307687268890900, -0.5718407022048628300, 0.09093327406082767100 ) ) ;
#6680 = CARTESIAN_POINT ( 'NONE',  ( 0.5299731873436293000, -0.5718407022048627200, 0.09318360108472102700 ) ) ;
#6681 = CARTESIAN_POINT ( 'NONE',  ( 0.5306741755460008300, -0.5718407022048626100, 0.09525269879503034400 ) ) ;
#6682 = CARTESIAN_POINT ( 'NONE',  ( 0.5316877769810198800, -0.5718407022048629400, 0.09711799047773281300 ) ) ;
#6683 = CARTESIAN_POINT ( 'NONE',  ( 0.5329335147618355900, -0.5718407022048628300, 0.09879928744885591000 ) ) ;
#6684 = CARTESIAN_POINT ( 'NONE',  ( 0.5343658953748738900, -0.5718407022048627200, 0.1003189951166107000 ) ) ;
#6685 = CARTESIAN_POINT ( 'NONE',  ( 0.5359967193465348100, -0.5718407022048629400, 0.1016615924132827500 ) ) ;
#6686 = CARTESIAN_POINT ( 'NONE',  ( 0.5372019529946858700, -0.5718407022048628300, 0.1024010633145300000 ) ) ;
#6687 = CARTESIAN_POINT ( 'NONE',  ( 0.5378113284234492500, -0.5718407022048628300, 0.1027749455059183400 ) ) ;
#6688 = CARTESIAN_POINT ( 'NONE',  ( 0.5378113284234492500, -0.5718407022048628300, 0.1027749455059183400 ) ) ;
#6689 = DIRECTION ( 'NONE',  ( 1.622879996236195800E-015, -1.000000000000000000, -0.0000000000000000000 ) ) ;
#6690 = CARTESIAN_POINT ( 'NONE',  ( 0.5378113284234492500, -0.5718407022048628300, 0.1027749455059183400 ) ) ;
#6691 = DIRECTION ( 'NONE',  ( 0.0000000000000000000, 0.0000000000000000000, 1.000000000000000000 ) ) ;
#6692 = CARTESIAN_POINT ( 'NONE',  ( 0.5631337176639555900, -0.5718407022048627200, 0.1347705942400955800 ) ) ;
#6693 = DIRECTION ( 'NONE',  ( -1.000000000000000000, -6.220601448372616900E-015, 0.0000000000000000000 ) ) ;
#6694 = CARTESIAN_POINT ( 'NONE',  ( 0.5521546828538290700, -0.5718407022048628300, 0.1347705942400955800 ) ) ;
#6695 = CARTESIAN_POINT ( 'NONE',  ( 0.5512869544130986100, -0.5718407022048628300, 0.1347620432539315700 ) ) ;
#6696 = CARTESIAN_POINT ( 'NONE',  ( 0.5496338095731682100, -0.5718407022048628300, 0.1347457524214663300 ) ) ;
#6697 = CARTESIAN_POINT ( 'NONE',  ( 0.5472779627211950000, -0.5718407022048629400, 0.1346403118331838100 ) ) ;
#6698 = CARTESIAN_POINT ( 'NONE',  ( 0.5451656895325254200, -0.5718407022048627200, 0.1344513622558172500 ) ) ;
#6699 = CARTESIAN_POINT ( 'NONE',  ( 0.5432828979646535700, -0.5718407022048630500, 0.1341783260776546500 ) ) ;
#6700 = CARTESIAN_POINT ( 'NONE',  ( 0.5415933764583847900, -0.5718407022048627200, 0.1338171658173463200 ) ) ;
#6701 = CARTESIAN_POINT ( 'NONE',  ( 0.5400889551605438900, -0.5718407022048629400, 0.1332958626950509800 ) ) ;
#6702 = CARTESIAN_POINT ( 'NONE',  ( 0.5387221247682536500, -0.5718407022048626100, 0.1326728036903054900 ) ) ;
#6703 = CARTESIAN_POINT ( 'NONE',  ( 0.5379243389972224700, -0.5718407022048628300, 0.1321196571037698300 ) ) ;
#6704 = CARTESIAN_POINT ( 'NONE',  ( 0.5375344296892722300, -0.5718407022048628300, 0.1318493125945259200 ) ) ;
#6705 = CARTESIAN_POINT ( 'NONE',  ( 0.5631337176639555900, -0.5718407022048627200, 0.1090743917084499900 ) ) ;
#6706 = DIRECTION ( 'NONE',  ( 0.0000000000000000000, 0.0000000000000000000, 1.000000000000000000 ) ) ;
#6707 = CARTESIAN_POINT ( 'NONE',  ( 0.5501056322209176800, -0.5718407022048628300, 0.1090743917084499900 ) ) ;
#6708 = DIRECTION ( 'NONE',  ( 1.000000000000000000, 5.242228425674265700E-015, 0.0000000000000000000 ) ) ;
#6709 = CARTESIAN_POINT ( 'NONE',  ( 0.5382405214614239800, -0.5718407022048629400, 0.1109296132274373300 ) ) ;
#6710 = CARTESIAN_POINT ( 'NONE',  ( 0.5385922422171276500, -0.5718407022048627200, 0.1107461999336440700 ) ) ;
#6711 = CARTESIAN_POINT ( 'NONE',  ( 0.5393107228532486600, -0.5718407022048626100, 0.1103715308307816200 ) ) ;
#6712 = CARTESIAN_POINT ( 'NONE',  ( 0.5404887864828156200, -0.5718407022048629400, 0.1099490559570281700 ) ) ;
#6713 = CARTESIAN_POINT ( 'NONE',  ( 0.5417662341238272900, -0.5718407022048626100, 0.1096118151240006700 ) ) ;
#6714 = CARTESIAN_POINT ( 'NONE',  ( 0.5431645391166873800, -0.5718407022048629400, 0.1094032080624301500 ) ) ;
#6715 = CARTESIAN_POINT ( 'NONE',  ( 0.5446900557223757200, -0.5718407022048626100, 0.1092563381259990000 ) ) ;
#6716 = CARTESIAN_POINT ( 'NONE',  ( 0.5463567365066365200, -0.5718407022048628300, 0.1091429474320621800 ) ) ;
#6717 = CARTESIAN_POINT ( 'NONE',  ( 0.5481809414616033400, -0.5718407022048626100, 0.1090967058250137800 ) ) ;
#6718 = CARTESIAN_POINT ( 'NONE',  ( 0.5494456827151050800, -0.5718407022048628300, 0.1090820429065074800 ) ) ;
#6719 = CARTESIAN_POINT ( 'NONE',  ( 0.5501056322209176800, -0.5718407022048628300, 0.1090743917084499900 ) ) ;
#6720 = CARTESIAN_POINT ( 'NONE',  ( 0.5330071353854746200, -0.5718407022048628300, 0.1217425087970575900 ) ) ;
#6721 = CARTESIAN_POINT ( 'NONE',  ( 0.5330196718830129100, -0.5718407022048628300, 0.1210821456348722800 ) ) ;
#6722 = CARTESIAN_POINT ( 'NONE',  ( 0.5330434997498763000, -0.5718407022048628300, 0.1198270067524331000 ) ) ;
#6723 = CARTESIAN_POINT ( 'NONE',  ( 0.5332398996363497700, -0.5718407022048628300, 0.1180477256809991000 ) ) ;
#6724 = CARTESIAN_POINT ( 'NONE',  ( 0.5336049132996011400, -0.5718407022048626100, 0.1164864100057980700 ) ) ;
#6725 = CARTESIAN_POINT ( 'NONE',  ( 0.5340764122724124300, -0.5718407022048628300, 0.1150992170229686300 ) ) ;
#6726 = CARTESIAN_POINT ( 'NONE',  ( 0.5347872261604932300, -0.5718407022048628300, 0.1138782029484369400 ) ) ;
#6727 = CARTESIAN_POINT ( 'NONE',  ( 0.5357153903268707700, -0.5718407022048628300, 0.1127763849802666700 ) ) ;
#6728 = CARTESIAN_POINT ( 'NONE',  ( 0.5368775455191018300, -0.5718407022048628300, 0.1117715897230660600 ) ) ;
#6729 = CARTESIAN_POINT ( 'NONE',  ( 0.5377749877663282600, -0.5718407022048628300, 0.1112171960211041600 ) ) ;
#6730 = CARTESIAN_POINT ( 'NONE',  ( 0.5382405214614239800, -0.5718407022048629400, 0.1109296132274373300 ) ) ;
#6731 = CARTESIAN_POINT ( 'NONE',  ( 0.5631337176639555900, -0.5718407022048627200, 0.1010997081641461900 ) ) ;
#6732 = DIRECTION ( 'NONE',  ( -1.000000000000000000, -6.365079933625140600E-015, 0.0000000000000000000 ) ) ;
#6733 = CARTESIAN_POINT ( 'NONE',  ( 0.5375344296892722300, -0.5718407022048628300, 0.1318493125945259200 ) ) ;
#6734 = CARTESIAN_POINT ( 'NONE',  ( 0.5371628786653603900, -0.5718407022048628300, 0.1315431754763571900 ) ) ;
#6735 = CARTESIAN_POINT ( 'NONE',  ( 0.5364383120998599300, -0.5718407022048627200, 0.1309461734335466700 ) ) ;
#6736 = CARTESIAN_POINT ( 'NONE',  ( 0.5354892142737239800, -0.5718407022048627200, 0.1299388636539361400 ) ) ;
#6737 = CARTESIAN_POINT ( 'NONE',  ( 0.5346901942409837400, -0.5718407022048628300, 0.1288704820340149400 ) ) ;
#6738 = CARTESIAN_POINT ( 'NONE',  ( 0.5340530279389796900, -0.5718407022048628300, 0.1277116893897460000 ) ) ;
#6739 = CARTESIAN_POINT ( 'NONE',  ( 0.5335765690602426400, -0.5718407022048629400, 0.1264385388099575300 ) ) ;
#6740 = CARTESIAN_POINT ( 'NONE',  ( 0.5332518272850788100, -0.5718407022048629400, 0.1250186937087371400 ) ) ;
#6741 = CARTESIAN_POINT ( 'NONE',  ( 0.5330411512296550100, -0.5718407022048626100, 0.1234378667878462100 ) ) ;
#6742 = CARTESIAN_POINT ( 'NONE',  ( 0.5330188172816081600, -0.5718407022048626100, 0.1223247373565627300 ) ) ;
#6743 = CARTESIAN_POINT ( 'NONE',  ( 0.5330071353854746200, -0.5718407022048628300, 0.1217425087970575900 ) ) ;
#6744 = CARTESIAN_POINT ( 'NONE',  ( 0.5524038917145885900, -0.5718407022048628300, 0.1010997081641461900 ) ) ;
#6745 = CARTESIAN_POINT ( 'NONE',  ( 0.5517900507080156800, -0.5718407022048628300, 0.1010944046903974200 ) ) ;
#6746 = CARTESIAN_POINT ( 'NONE',  ( 0.5506263480276275500, -0.5718407022048629400, 0.1010843505126043100 ) ) ;
#6747 = CARTESIAN_POINT ( 'NONE',  ( 0.5489761836785935800, -0.5718407022048626100, 0.1010100278210380500 ) ) ;
#6748 = CARTESIAN_POINT ( 'NONE',  ( 0.5475219508338392500, -0.5718407022048628300, 0.1008526522031958400 ) ) ;
#6749 = CARTESIAN_POINT ( 'NONE',  ( 0.5462336635931933600, -0.5718407022048628300, 0.1006660779204272800 ) ) ;
#6750 = CARTESIAN_POINT ( 'NONE',  ( 0.5450605838667467200, -0.5718407022048629400, 0.1003956339054574600 ) ) ;
#6751 = CARTESIAN_POINT ( 'NONE',  ( 0.5439747078620419400, -0.5718407022048626100, 0.09996056601420437400 ) ) ;
#6752 = CARTESIAN_POINT ( 'NONE',  ( 0.5429120448217722400, -0.5718407022048628300, 0.09944494846230037000 ) ) ;
#6753 = CARTESIAN_POINT ( 'NONE',  ( 0.5422552237884431500, -0.5718407022048628300, 0.09899909007036968000 ) ) ;
#6754 = CARTESIAN_POINT ( 'NONE',  ( 0.5419232746259808900, -0.5718407022048628300, 0.09877375879705757600 ) ) ;
#6755 = CARTESIAN_POINT ( 'NONE',  ( 0.5631337176639555900, -0.5718407022048627200, 0.08071996132870314100 ) ) ;
#6756 = DIRECTION ( 'NONE',  ( 0.0000000000000000000, 0.0000000000000000000, 1.000000000000000000 ) ) ;
#6757 = CARTESIAN_POINT ( 'NONE',  ( 0.5532484328538290800, -0.5718407022048628300, 0.08071996132870314100 ) ) ;
#6758 = DIRECTION ( 'NONE',  ( 1.000000000000000000, 6.908875278094496600E-015, 0.0000000000000000000 ) ) ;
#6759 = CARTESIAN_POINT ( 'NONE',  ( 0.5415079265247151300, -0.5718407022048629400, 0.08261671765781708500 ) ) ;
#6760 = CARTESIAN_POINT ( 'NONE',  ( 0.5418491915756759000, -0.5718407022048627200, 0.08241340093147414600 ) ) ;
#6761 = CARTESIAN_POINT ( 'NONE',  ( 0.5425413764428425000, -0.5718407022048626100, 0.08200101542402121700 ) ) ;
#6762 = CARTESIAN_POINT ( 'NONE',  ( 0.5436953496398139200, -0.5718407022048629400, 0.08154796899467581200 ) ) ;
#6763 = CARTESIAN_POINT ( 'NONE',  ( 0.5449508445365780500, -0.5718407022048628300, 0.08121802037142626700 ) ) ;
#6764 = CARTESIAN_POINT ( 'NONE',  ( 0.5463246785511425300, -0.5718407022048627200, 0.08100345161795907700 ) ) ;
#6765 = CARTESIAN_POINT ( 'NONE',  ( 0.5478282216241624500, -0.5718407022048628300, 0.08087065538227325400 ) ) ;
#6766 = CARTESIAN_POINT ( 'NONE',  ( 0.5494869459091070700, -0.5718407022048628300, 0.08080181077348948200 ) ) ;
#6767 = CARTESIAN_POINT ( 'NONE',  ( 0.5513093595237221800, -0.5718407022048628300, 0.08071737084170803300 ) ) ;
#6768 = CARTESIAN_POINT ( 'NONE',  ( 0.5525837524826098200, -0.5718407022048627200, 0.08071907335513824100 ) ) ;
#6769 = CARTESIAN_POINT ( 'NONE',  ( 0.5532484328538290800, -0.5718407022048628300, 0.08071996132870314100 ) ) ;
#6770 = CARTESIAN_POINT ( 'NONE',  ( 0.5383235910816771600, -0.5718407022048628300, 0.08977454993629807600 ) ) ;
#6771 = CARTESIAN_POINT ( 'NONE',  ( 0.5383273340658947200, -0.5718407022048628300, 0.08936302767206863500 ) ) ;
#6772 = CARTESIAN_POINT ( 'NONE',  ( 0.5383345129036126700, -0.5718407022048629400, 0.08857375061918618100 ) ) ;
#6773 = CARTESIAN_POINT ( 'NONE',  ( 0.5385064510641143200, -0.5718407022048627200, 0.08744270168136168700 ) ) ;
#6774 = CARTESIAN_POINT ( 'NONE',  ( 0.5387065584421943900, -0.5718407022048627200, 0.08640053670803483900 ) ) ;
#6775 = CARTESIAN_POINT ( 'NONE',  ( 0.5390443124655487400, -0.5718407022048628300, 0.08545903633207549400 ) ) ;
#6776 = CARTESIAN_POINT ( 'NONE',  ( 0.5394916692403202200, -0.5718407022048627200, 0.08461399906821721900 ) ) ;
#6777 = CARTESIAN_POINT ( 'NONE',  ( 0.5400577105875983300, -0.5718407022048627200, 0.08385998404402736400 ) ) ;
#6778 = CARTESIAN_POINT ( 'NONE',  ( 0.5407172299508374900, -0.5718407022048628300, 0.08316956773974805400 ) ) ;
#6779 = CARTESIAN_POINT ( 'NONE',  ( 0.5412425832030671700, -0.5718407022048628300, 0.08280224404298093500 ) ) ;
#6780 = CARTESIAN_POINT ( 'NONE',  ( 0.5415079265247151300, -0.5718407022048629400, 0.08261671765781708500 ) ) ;
#6781 = CARTESIAN_POINT ( 'NONE',  ( 0.5419232746259808900, -0.5718407022048628300, 0.09877375879705757600 ) ) ;
#6782 = CARTESIAN_POINT ( 'NONE',  ( 0.5416101223906363300, -0.5718407022048628300, 0.09852936591557071000 ) ) ;
#6783 = CARTESIAN_POINT ( 'NONE',  ( 0.5409948743662252900, -0.5718407022048627200, 0.09804920891669287300 ) ) ;
#6784 = CARTESIAN_POINT ( 'NONE',  ( 0.5402243595920818200, -0.5718407022048628300, 0.09716927532305812100 ) ) ;
#6785 = CARTESIAN_POINT ( 'NONE',  ( 0.5395929022760483900, -0.5718407022048627200, 0.09619011748916606000 ) ) ;
#6786 = CARTESIAN_POINT ( 'NONE',  ( 0.5391120434732368200, -0.5718407022048628300, 0.09509833521183153100 ) ) ;
#6787 = CARTESIAN_POINT ( 'NONE',  ( 0.5387513447749657800, -0.5718407022048627200, 0.09390722272612350700 ) ) ;
#6788 = CARTESIAN_POINT ( 'NONE',  ( 0.5385111035374967600, -0.5718407022048627200, 0.09261598311938130900 ) ) ;
#6789 = CARTESIAN_POINT ( 'NONE',  ( 0.5383555075516246500, -0.5718407022048629400, 0.09122741964227562600 ) ) ;
#6790 = CARTESIAN_POINT ( 'NONE',  ( 0.5383344486474703800, -0.5718407022048628300, 0.09026879721513356200 ) ) ;
#6791 = CARTESIAN_POINT ( 'NONE',  ( 0.5383235910816771600, -0.5718407022048628300, 0.08977454993629807600 ) ) ;
#6792 = CARTESIAN_POINT ( 'NONE',  ( 0.7997436860183859700, -0.5723407022048623300, 0.08055382208819682200 ) ) ;
#6793 = CARTESIAN_POINT ( 'NONE',  ( 0.7991011485764881700, -0.5723407022048624400, 0.07980788778946719400 ) ) ;
#6794 = CARTESIAN_POINT ( 'NONE',  ( 0.7978260912840576800, -0.5723407022048623300, 0.07832764880999292000 ) ) ;
#6795 = CARTESIAN_POINT ( 'NONE',  ( 0.7956015431852193600, -0.5723407022048625500, 0.07640135024103302000 ) ) ;
#6796 = CARTESIAN_POINT ( 'NONE',  ( 0.7931586373739301100, -0.5723407022048624400, 0.07475181230647857900 ) ) ;
#6797 = CARTESIAN_POINT ( 'NONE',  ( 0.7905075265308546500, -0.5723407022048623300, 0.07338443135439688700 ) ) ;
#6798 = CARTESIAN_POINT ( 'NONE',  ( 0.7876921006297504800, -0.5723407022048624400, 0.07229472507792854300 ) ) ;
#6799 = CARTESIAN_POINT ( 'NONE',  ( 0.7847287783286893700, -0.5723407022048623300, 0.07154976281451395900 ) ) ;
#6800 = CARTESIAN_POINT ( 'NONE',  ( 0.7816467020563717700, -0.5723407022048623300, 0.07105099451032960400 ) ) ;
#6801 = CARTESIAN_POINT ( 'NONE',  ( 0.7795459378918002700, -0.5723407022048623300, 0.07099937193645088100 ) ) ;
#6802 = CARTESIAN_POINT ( 'NONE',  ( 0.7784778632335759300, -0.5723407022048623300, 0.07097312588566516400 ) ) ;
#6803 = CARTESIAN_POINT ( 'NONE',  ( 0.7571566607019303300, -0.5723407022048624400, 0.1348951986704753100 ) ) ;
#6804 = CARTESIAN_POINT ( 'NONE',  ( 0.7578179679952350400, -0.5723407022048624400, 0.1356593101928129900 ) ) ;
#6805 = CARTESIAN_POINT ( 'NONE',  ( 0.7591239842842793000, -0.5723407022048622200, 0.1371683546339119700 ) ) ;
#6806 = CARTESIAN_POINT ( 'NONE',  ( 0.7613591401398496200, -0.5723407022048627700, 0.1391217093077449200 ) ) ;
#6807 = CARTESIAN_POINT ( 'NONE',  ( 0.7637586220891368100, -0.5723407022048624400, 0.1407881592422321500 ) ) ;
#6808 = CARTESIAN_POINT ( 'NONE',  ( 0.7663430741479028100, -0.5723407022048624400, 0.1421534502468861900 ) ) ;
#6809 = CARTESIAN_POINT ( 'NONE',  ( 0.7691096739234902800, -0.5723407022048624400, 0.1432289768999885400 ) ) ;
#6810 = CARTESIAN_POINT ( 'NONE',  ( 0.7720738836774081500, -0.5723407022048624400, 0.1439645754423119800 ) ) ;
#6811 = CARTESIAN_POINT ( 'NONE',  ( 0.7752137696638065100, -0.5723407022048623300, 0.1444365293101352600 ) ) ;
#6812 = CARTESIAN_POINT ( 'NONE',  ( 0.7773731223542763600, -0.5723407022048623300, 0.1444900487434357400 ) ) ;
#6813 = CARTESIAN_POINT ( 'NONE',  ( 0.7784778632335759300, -0.5723407022048623300, 0.1445174296831335200 ) ) ;
#6814 = CARTESIAN_POINT ( 'NONE',  ( 0.7784778632335759300, -0.5723407022048623300, 0.1445174296831335200 ) ) ;
#6815 = CARTESIAN_POINT ( 'NONE',  ( 0.7795594070688600700, -0.5723407022048624400, 0.1444892289446949000 ) ) ;
#6816 = CARTESIAN_POINT ( 'NONE',  ( 0.7816817280088478300, -0.5723407022048623300, 0.1444338904408277700 ) ) ;
#6817 = CARTESIAN_POINT ( 'NONE',  ( 0.7847928635951927400, -0.5723407022048621100, 0.1439664976397660400 ) ) ;
#6818 = CARTESIAN_POINT ( 'NONE',  ( 0.7877513000168170400, -0.5723407022048623300, 0.1431948396039229300 ) ) ;
#6819 = CARTESIAN_POINT ( 'NONE',  ( 0.7905503625775444100, -0.5723407022048623300, 0.1421077065473264100 ) ) ;
#6820 = CARTESIAN_POINT ( 'NONE',  ( 0.7931749243599493000, -0.5723407022048624400, 0.1407340101760279600 ) ) ;
#6821 = CARTESIAN_POINT ( 'NONE',  ( 0.7956145271757214500, -0.5723407022048624400, 0.1390834911944944200 ) ) ;
#6822 = CARTESIAN_POINT ( 'NONE',  ( 0.7978358377571477300, -0.5723407022048624400, 0.1371308845643569000 ) ) ;
#6823 = CARTESIAN_POINT ( 'NONE',  ( 0.7991320502307006600, -0.5723407022048624400, 0.1356442994056139600 ) ) ;
#6824 = CARTESIAN_POINT ( 'NONE',  ( 0.7997852208285126700, -0.5723407022048623300, 0.1348951986704753100 ) ) ;
#6825 = CARTESIAN_POINT ( 'NONE',  ( 0.7997852208285126700, -0.5723407022048623300, 0.1348951986704753100 ) ) ;
#6826 = CARTESIAN_POINT ( 'NONE',  ( 0.8004057248315750200, -0.5723407022048623300, 0.1340828868672359100 ) ) ;
#6827 = CARTESIAN_POINT ( 'NONE',  ( 0.8016681023480188900, -0.5723407022048625500, 0.1324302880899666200 ) ) ;
#6828 = CARTESIAN_POINT ( 'NONE',  ( 0.8032100755271681700, -0.5723407022048623300, 0.1296382914284990600 ) ) ;
#6829 = CARTESIAN_POINT ( 'NONE',  ( 0.8045756495715579200, -0.5723407022048624400, 0.1266129970864901000 ) ) ;
#6830 = CARTESIAN_POINT ( 'NONE',  ( 0.8057033939081139600, -0.5723407022048623300, 0.1233210686562582300 ) ) ;
#6831 = CARTESIAN_POINT ( 'NONE',  ( 0.8066083940719754900, -0.5723407022048624400, 0.1197811420731580800 ) ) ;
#6832 = CARTESIAN_POINT ( 'NONE',  ( 0.8072280815670545000, -0.5723407022048624400, 0.1159913248419031000 ) ) ;
#6833 = CARTESIAN_POINT ( 'NONE',  ( 0.8076288653127738900, -0.5723407022048624400, 0.1119627792111933700 ) ) ;
#6834 = CARTESIAN_POINT ( 'NONE',  ( 0.8076696938886186400, -0.5723407022048623300, 0.1091953964683339100 ) ) ;
#6835 = CARTESIAN_POINT ( 'NONE',  ( 0.8076906796892721100, -0.5723407022048623300, 0.1077729676578170800 ) ) ;
#6836 = CARTESIAN_POINT ( 'NONE',  ( 0.8759185277905379200, -0.5723407022048622200, 0.07274527778439934800 ) ) ;
#6837 = DIRECTION ( 'NONE',  ( 0.0000000000000000000, 0.0000000000000000000, 1.000000000000000000 ) ) ;
#6838 = CARTESIAN_POINT ( 'NONE',  ( 0.8076906796892721100, -0.5723407022048623300, 0.1077729676578170800 ) ) ;
#6839 = CARTESIAN_POINT ( 'NONE',  ( 0.8076692585399165600, -0.5723407022048623300, 0.1063690434050989500 ) ) ;
#6840 = CARTESIAN_POINT ( 'NONE',  ( 0.8076274569154389100, -0.5723407022048621100, 0.1036293998204855900 ) ) ;
#6841 = CARTESIAN_POINT ( 'NONE',  ( 0.8072300911147148900, -0.5723407022048624400, 0.09963711088434384900 ) ) ;
#6842 = CARTESIAN_POINT ( 'NONE',  ( 0.8065997562995836900, -0.5723407022048624400, 0.09586467270457246800 ) ) ;
#6843 = CARTESIAN_POINT ( 'NONE',  ( 0.8057175270186338600, -0.5723407022048624400, 0.09232266844658300300 ) ) ;
#6844 = CARTESIAN_POINT ( 'NONE',  ( 0.8046020639869236900, -0.5723407022048622200, 0.08900424954774456600 ) ) ;
#6845 = CARTESIAN_POINT ( 'NONE',  ( 0.8032227465498176200, -0.5723407022048624400, 0.08594259231100175000 ) ) ;
#6846 = CARTESIAN_POINT ( 'NONE',  ( 0.8016467004164779000, -0.5723407022048623300, 0.08309853082926693700 ) ) ;
#6847 = CARTESIAN_POINT ( 'NONE',  ( 0.8003724476912564800, -0.5723407022048623300, 0.08139460149932890900 ) ) ;
#6848 = CARTESIAN_POINT ( 'NONE',  ( 0.7997436860183859700, -0.5723407022048623300, 0.08055382208819682200 ) ) ;
#6849 = CARTESIAN_POINT ( 'NONE',  ( 0.9281970088031961100, -0.5723407022048621100, 0.07274527778439934800 ) ) ;
#6850 = DIRECTION ( 'NONE',  ( -1.000000000000000000, -1.306392200360030700E-015, 0.0000000000000000000 ) ) ;
#6851 = CARTESIAN_POINT ( 'NONE',  ( 0.8759185277905379200, -0.5723407022048622200, 0.08071996132870314100 ) ) ;
#6852 = DIRECTION ( 'NONE',  ( 1.000000000000000000, 3.083085592849683300E-015, 0.0000000000000000000 ) ) ;
#6853 = CARTESIAN_POINT ( 'NONE',  ( 0.8980704265247149200, -0.5723407022048621100, 0.08071996132870314100 ) ) ;
#6854 = DIRECTION ( 'NONE',  ( 0.0000000000000000000, 0.0000000000000000000, 1.000000000000000000 ) ) ;
#6855 = CARTESIAN_POINT ( 'NONE',  ( 0.8980704265247149200, -0.5723407022048621100, 0.1427452777843993500 ) ) ;
#6856 = DIRECTION ( 'NONE',  ( 1.000000000000000000, 0.0000000000000000000, 0.0000000000000000000 ) ) ;
#6857 = CARTESIAN_POINT ( 'NONE',  ( 0.9060451100690188900, -0.5723407022048621100, 0.1427452777843993500 ) ) ;
#6858 = DIRECTION ( 'NONE',  ( 0.0000000000000000000, 0.0000000000000000000, -1.000000000000000000 ) ) ;
#6859 = CARTESIAN_POINT ( 'NONE',  ( 0.9060451100690188900, -0.5723407022048621100, 0.08071996132870314100 ) ) ;
#6860 = DIRECTION ( 'NONE',  ( 1.000000000000000000, 0.0000000000000000000, 0.0000000000000000000 ) ) ;
#6861 = CARTESIAN_POINT ( 'NONE',  ( -1.066802991196802900, -0.5723407022048635500, -0.1822547222156006800 ) ) ;
#6862 = DIRECTION ( 'NONE',  ( 0.0000000000000000000, 0.0000000000000000000, 1.000000000000000000 ) ) ;
#6863 = CARTESIAN_POINT ( 'NONE',  ( 0.9281970088031961100, -0.5723407022048621100, 0.08071996132870314100 ) ) ;
#6864 = DIRECTION ( 'NONE',  ( 0.0000000000000000000, 0.0000000000000000000, -1.000000000000000000 ) ) ;
#6865 = CARTESIAN_POINT ( 'NONE',  ( 0.08319700880319554100, -0.5723407022048635500, 0.1927452777843993400 ) ) ;
#6866 = DIRECTION ( 'NONE',  ( 1.000000000000000000, 0.0000000000000000000, 0.0000000000000000000 ) ) ;
#6867 = CARTESIAN_POINT ( 'NONE',  ( 0.08319700880319554100, -0.5723407022048635500, -0.1822547222156006800 ) ) ;
#6868 = DIRECTION ( 'NONE',  ( 1.000000000000000000, 0.0000000000000000000, 0.0000000000000000000 ) ) ;
#6869 = CARTESIAN_POINT ( 'NONE',  ( 0.8200957429804112100, -0.5723407022048623300, 0.07274527778439934800 ) ) ;
#6870 = DIRECTION ( 'NONE',  ( 0.0000000000000000000, 0.0000000000000000000, 1.000000000000000000 ) ) ;
#6871 = VECTOR ( 'NONE', #6756, 39.37007874015748100 ) ;
#6872 = VECTOR ( 'NONE', #6758, 39.37007874015748100 ) ;
#6873 = VECTOR ( 'NONE', #6837, 39.37007874015748100 ) ;
#6874 = VECTOR ( 'NONE', #6850, 39.37007874015748100 ) ;
#6875 = VECTOR ( 'NONE', #6852, 39.37007874015748100 ) ;
#6876 = VECTOR ( 'NONE', #6854, 39.37007874015748100 ) ;
#6877 = VECTOR ( 'NONE', #6856, 39.37007874015748100 ) ;
#6878 = VECTOR ( 'NONE', #6858, 39.37007874015748100 ) ;
#6879 = VECTOR ( 'NONE', #6860, 39.37007874015748100 ) ;
#6880 = VECTOR ( 'NONE', #6862, 39.37007874015748100 ) ;
#6881 = VECTOR ( 'NONE', #6864, 39.37007874015748100 ) ;
#6882 = VECTOR ( 'NONE', #6866, 39.37007874015748100 ) ;
#6883 = VECTOR ( 'NONE', #6868, 39.37007874015748100 ) ;
#6884 = VECTOR ( 'NONE', #6870, 39.37007874015748100 ) ;
#6885 = VECTOR ( 'NONE', #7000, 39.37007874015748100 ) ;
#6886 = VECTOR ( 'NONE', #7002, 39.37007874015748100 ) ;
#6887 = VECTOR ( 'NONE', #7004, 39.37007874015748100 ) ;
#6888 = VECTOR ( 'NONE', #7006, 39.37007874015748100 ) ;
#6889 = VECTOR ( 'NONE', #7008, 39.37007874015748100 ) ;
#6890 = VECTOR ( 'NONE', #7010, 39.37007874015748100 ) ;
#6891 = VECTOR ( 'NONE', #7012, 39.37007874015748100 ) ;
#6892 = VECTOR ( 'NONE', #7014, 39.37007874015748100 ) ;
#6893 = VECTOR ( 'NONE', #7016, 39.37007874015748100 ) ;
#6894 = VECTOR ( 'NONE', #7018, 39.37007874015748100 ) ;
#6895 = VECTOR ( 'NONE', #7020, 39.37007874015748100 ) ;
#6896 = VECTOR ( 'NONE', #7022, 39.37007874015748100 ) ;
#6897 = VECTOR ( 'NONE', #7024, 39.37007874015748100 ) ;
#6898 = VECTOR ( 'NONE', #7045, 39.37007874015748100 ) ;
#6899 = VECTOR ( 'NONE', #7047, 39.37007874015748100 ) ;
#6900 = VECTOR ( 'NONE', #7049, 39.37007874015748100 ) ;
#6901 = VECTOR ( 'NONE', #7051, 39.37007874015748100 ) ;
#6902 = VECTOR ( 'NONE', #7053, 39.37007874015748100 ) ;
#6903 = VECTOR ( 'NONE', #7055, 39.37007874015748100 ) ;
#6904 = VECTOR ( 'NONE', #7057, 39.37007874015748100 ) ;
#6905 = VECTOR ( 'NONE', #7070, 39.37007874015748100 ) ;
#6906 = VECTOR ( 'NONE', #7083, 39.37007874015748100 ) ;
#6907 = VECTOR ( 'NONE', #7085, 39.37007874015748100 ) ;
#6908 = VECTOR ( 'NONE', #7087, 39.37007874015748100 ) ;
#6909 = VECTOR ( 'NONE', #7089, 39.37007874015748100 ) ;
#6910 = VECTOR ( 'NONE', #7091, 39.37007874015748100 ) ;
#6911 = VECTOR ( 'NONE', #7093, 39.37007874015748100 ) ;
#6912 = VECTOR ( 'NONE', #7114, 39.37007874015748100 ) ;
#6913 = VECTOR ( 'NONE', #7160, 39.37007874015748100 ) ;
#6914 = VECTOR ( 'NONE', #7162, 39.37007874015748100 ) ;
#6915 = VECTOR ( 'NONE', #7261, 39.37007874015748100 ) ;
#6916 = VECTOR ( 'NONE', #7263, 39.37007874015748100 ) ;
#6917 = VECTOR ( 'NONE', #7295, 39.37007874015748900 ) ;
#6918 = VECTOR ( 'NONE', #7312, 39.37007874015748100 ) ;
#6919 = VECTOR ( 'NONE', #7314, 39.37007874015748100 ) ;
#6920 = VECTOR ( 'NONE', #7316, 39.37007874015748100 ) ;
#6921 = VECTOR ( 'NONE', #7318, 39.37007874015748100 ) ;
#6922 = VECTOR ( 'NONE', #7320, 39.37007874015749600 ) ;
#6923 = CIRCLE ( 'NONE', #6930, 0.1325000000000000300 ) ;
#6924 = VECTOR ( 'NONE', #7322, 39.37007874015748100 ) ;
#6925 = VECTOR ( 'NONE', #7343, 39.37007874015748900 ) ;
#6926 = VECTOR ( 'NONE', #7389, 39.37007874015748100 ) ;
#6927 = VECTOR ( 'NONE', #7391, 39.37007874015748100 ) ;
#6928 = VECTOR ( 'NONE', #7490, 39.37007874015748100 ) ;
#6929 = VECTOR ( 'NONE', #7492, 39.37007874015748100 ) ;
#6930 = AXIS2_PLACEMENT_3D ( 'NONE', #7538, #7539, #7540 ) ;
#6931 = CIRCLE ( 'NONE', #6933, 0.1325000000000000300 ) ;
#6932 = VECTOR ( 'NONE', #7542, 39.37007874015748100 ) ;
#6933 = AXIS2_PLACEMENT_3D ( 'NONE', #7543, #7544, #7545 ) ;
#6934 = VECTOR ( 'NONE', #7547, 39.37007874015748100 ) ;
#6935 = VECTOR ( 'NONE', #7549, 39.37007874015748100 ) ;
#6936 = VECTOR ( 'NONE', #7551, 39.37007874015748100 ) ;
#6937 = VECTOR ( 'NONE', #7553, 39.37007874015748100 ) ;
#6938 = VECTOR ( 'NONE', #7555, 39.37007874015748100 ) ;
#6939 = VECTOR ( 'NONE', #7557, 39.37007874015748100 ) ;
#6940 = VECTOR ( 'NONE', #7570, 39.37007874015748100 ) ;
#6941 = VECTOR ( 'NONE', #7591, 39.37007874015748100 ) ;
#6942 = VECTOR ( 'NONE', #7604, 39.37007874015748100 ) ;
#6943 = VECTOR ( 'NONE', #7617, 39.37007874015748100 ) ;
#6944 = VECTOR ( 'NONE', #7619, 39.37007874015748100 ) ;
#6945 = VECTOR ( 'NONE', #7621, 39.37007874015748100 ) ;
#6946 = VECTOR ( 'NONE', #7623, 39.37007874015748100 ) ;
#6947 = VECTOR ( 'NONE', #7625, 39.37007874015748100 ) ;
#6948 = VECTOR ( 'NONE', #7627, 39.37007874015748100 ) ;
#6949 = VECTOR ( 'NONE', #7629, 39.37007874015748100 ) ;
#6950 = VECTOR ( 'NONE', #7646, 39.37007874015748100 ) ;
#6951 = VECTOR ( 'NONE', #7659, 39.37007874015748100 ) ;
#6952 = VECTOR ( 'NONE', #7672, 39.37007874015748100 ) ;
#6953 = VECTOR ( 'NONE', #7674, 39.37007874015748100 ) ;
#6954 = VECTOR ( 'NONE', #7676, 39.37007874015748100 ) ;
#6955 = VECTOR ( 'NONE', #7689, 39.37007874015748100 ) ;
#6956 = VECTOR ( 'NONE', #7691, 39.37007874015748100 ) ;
#6957 = VECTOR ( 'NONE', #7715, 39.37007874015748100 ) ;
#6958 = VECTOR ( 'NONE', #7739, 39.37007874015748100 ) ;
#6959 = VECTOR ( 'NONE', #7741, 39.37007874015748100 ) ;
#6960 = VECTOR ( 'NONE', #7776, 39.37007874015748100 ) ;
#6961 = VECTOR ( 'NONE', #7789, 39.37007874015748100 ) ;
#6962 = VECTOR ( 'NONE', #7791, 39.37007874015748100 ) ;
#6963 = VECTOR ( 'NONE', #7804, 39.37007874015748100 ) ;
#6964 = VECTOR ( 'NONE', #7806, 39.37007874015748100 ) ;
#6965 = VECTOR ( 'NONE', #7808, 39.37007874015748100 ) ;
#6966 = VECTOR ( 'NONE', #7810, 39.37007874015748100 ) ;
#6967 = VECTOR ( 'NONE', #7812, 39.37007874015748100 ) ;
#6968 = VECTOR ( 'NONE', #7814, 39.37007874015748100 ) ;
#6969 = VECTOR ( 'NONE', #7816, 39.37007874015748100 ) ;
#6970 = VECTOR ( 'NONE', #7840, 39.37007874015748100 ) ;
#6971 = VECTOR ( 'NONE', #7853, 39.37007874015748100 ) ;
#6972 = VECTOR ( 'NONE', #7855, 39.37007874015748100 ) ;
#6973 = VECTOR ( 'NONE', #7868, 39.37007874015748100 ) ;
#6974 = VECTOR ( 'NONE', #7870, 39.37007874015748100 ) ;
#6975 = VECTOR ( 'NONE', #7872, 39.37007874015748100 ) ;
#6976 = VECTOR ( 'NONE', #7874, 39.37007874015748100 ) ;
#6977 = VECTOR ( 'NONE', #7876, 39.37007874015748100 ) ;
#6978 = VECTOR ( 'NONE', #7898, 39.37007874015748100 ) ;
#6979 = VECTOR ( 'NONE', #7900, 39.37007874015748100 ) ;
#6980 = VECTOR ( 'NONE', #7924, 39.37007874015748100 ) ;
#6981 = VECTOR ( 'NONE', #7926, 39.37007874015748900 ) ;
#6982 = VECTOR ( 'NONE', #7928, 39.37007874015748100 ) ;
#6983 = VECTOR ( 'NONE', #7930, 39.37007874015748100 ) ;
#6984 = VECTOR ( 'NONE', #7932, 39.37007874015748100 ) ;
#6985 = VECTOR ( 'NONE', #7934, 39.37007874015748100 ) ;
#6986 = VECTOR ( 'NONE', #7936, 39.37007874015748100 ) ;
#6987 = VECTOR ( 'NONE', #7938, 39.37007874015748100 ) ;
#6988 = VECTOR ( 'NONE', #7940, 39.37007874015748100 ) ;
#6989 = VECTOR ( 'NONE', #7942, 39.37007874015749600 ) ;
#6990 = VECTOR ( 'NONE', #7944, 39.37007874015748100 ) ;
#6991 = VECTOR ( 'NONE', #7946, 39.37007874015748100 ) ;
#6992 = VECTOR ( 'NONE', #7948, 39.37007874015748100 ) ;
#6993 = VECTOR ( 'NONE', #7950, 39.37007874015748900 ) ;
#6994 = VECTOR ( 'NONE', #7952, 39.37007874015748100 ) ;
#6995 = VECTOR ( 'NONE', #7954, 39.37007874015748100 ) ;
#6996 = VECTOR ( 'NONE', #7956, 39.37007874015748100 ) ;
#6997 = VECTOR ( 'NONE', #7958, 39.37007874015748100 ) ;
#6998 = VECTOR ( 'NONE', #7960, 39.37007874015748100 ) ;
#6999 = CARTESIAN_POINT ( 'NONE',  ( 0.9531970088031970200, -0.5723407022048629900, -0.1822547222156006800 ) ) ;
#7000 = DIRECTION ( 'NONE',  ( 0.0000000000000000000, 0.0000000000000000000, 1.000000000000000000 ) ) ;
#7001 = CARTESIAN_POINT ( 'NONE',  ( 0.8280704265247150800, -0.5723407022048623300, 0.07274527778439934800 ) ) ;
#7002 = DIRECTION ( 'NONE',  ( -1.000000000000000000, 0.0000000000000000000, 0.0000000000000000000 ) ) ;
#7003 = CARTESIAN_POINT ( 'NONE',  ( 0.8200957429804112100, -0.5723407022048623300, 0.1427452777843993500 ) ) ;
#7004 = DIRECTION ( 'NONE',  ( 1.000000000000000000, 0.0000000000000000000, 0.0000000000000000000 ) ) ;
#7005 = CARTESIAN_POINT ( 'NONE',  ( 0.8280704265247150800, -0.5723407022048623300, 0.1427452777843993500 ) ) ;
#7006 = DIRECTION ( 'NONE',  ( 0.0000000000000000000, 0.0000000000000000000, -1.000000000000000000 ) ) ;
#7007 = CARTESIAN_POINT ( 'NONE',  ( 0.8280704265247150800, -0.5723407022048623300, 0.1081883157590828900 ) ) ;
#7008 = DIRECTION ( 'NONE',  ( 1.000000000000000000, 2.141031661701156900E-015, 0.0000000000000000000 ) ) ;
#7009 = CARTESIAN_POINT ( 'NONE',  ( 0.8599691607019303000, -0.5723407022048622200, 0.1081883157590828900 ) ) ;
#7010 = DIRECTION ( 'NONE',  ( 0.0000000000000000000, 0.0000000000000000000, 1.000000000000000000 ) ) ;
#7011 = CARTESIAN_POINT ( 'NONE',  ( 0.8599691607019303000, -0.5723407022048622200, 0.1427452777843993500 ) ) ;
#7012 = DIRECTION ( 'NONE',  ( 1.000000000000000000, 0.0000000000000000000, 0.0000000000000000000 ) ) ;
#7013 = CARTESIAN_POINT ( 'NONE',  ( 0.8679438442462339400, -0.5723407022048622200, 0.1427452777843993500 ) ) ;
#7014 = DIRECTION ( 'NONE',  ( 0.0000000000000000000, 0.0000000000000000000, -1.000000000000000000 ) ) ;
#7015 = CARTESIAN_POINT ( 'NONE',  ( 0.8679438442462339400, -0.5723407022048622200, 0.07274527778439934800 ) ) ;
#7016 = DIRECTION ( 'NONE',  ( -1.000000000000000000, 0.0000000000000000000, 0.0000000000000000000 ) ) ;
#7017 = CARTESIAN_POINT ( 'NONE',  ( 0.8599691607019303000, -0.5723407022048622200, 0.07274527778439934800 ) ) ;
#7018 = DIRECTION ( 'NONE',  ( 0.0000000000000000000, 0.0000000000000000000, 1.000000000000000000 ) ) ;
#7019 = CARTESIAN_POINT ( 'NONE',  ( 0.8599691607019303000, -0.5723407022048622200, 0.1002136322147791100 ) ) ;
#7020 = DIRECTION ( 'NONE',  ( -1.000000000000000000, -2.141031661701156900E-015, 0.0000000000000000000 ) ) ;
#7021 = CARTESIAN_POINT ( 'NONE',  ( 0.7089209012082594600, -0.5723407022048624400, 0.1124802461388297500 ) ) ;
#7022 = DIRECTION ( 'NONE',  ( -0.6134402671333849500, -1.782133191682247700E-015, 0.7897411212918581400 ) ) ;
#7023 = CARTESIAN_POINT ( 'NONE',  ( 0.8280704265247150800, -0.5723407022048623300, 0.1002136322147791100 ) ) ;
#7024 = DIRECTION ( 'NONE',  ( 0.0000000000000000000, 0.0000000000000000000, -1.000000000000000000 ) ) ;
#7025 = CARTESIAN_POINT ( 'NONE',  ( 0.6960451100690189200, -0.5723407022048624400, 0.09194820499958922300 ) ) ;
#7026 = CARTESIAN_POINT ( 'NONE',  ( 0.6960548486141584500, -0.5723407022048624400, 0.09257167430266924300 ) ) ;
#7027 = CARTESIAN_POINT ( 'NONE',  ( 0.6960739289564492600, -0.5723407022048624400, 0.09379321279122858300 ) ) ;
#7028 = CARTESIAN_POINT ( 'NONE',  ( 0.6962501049375664500, -0.5723407022048624400, 0.09558625818489512000 ) ) ;
#7029 = CARTESIAN_POINT ( 'NONE',  ( 0.6965037533399991400, -0.5723407022048624400, 0.09730415424269914200 ) ) ;
#7030 = CARTESIAN_POINT ( 'NONE',  ( 0.6968810174405323200, -0.5723407022048625500, 0.09894659262025143300 ) ) ;
#7031 = CARTESIAN_POINT ( 'NONE',  ( 0.6973615317148312800, -0.5723407022048624400, 0.1005130285133966900 ) ) ;
#7032 = CARTESIAN_POINT ( 'NONE',  ( 0.6979608145723409400, -0.5723407022048625500, 0.1019965261171165600 ) ) ;
#7033 = CARTESIAN_POINT ( 'NONE',  ( 0.6986547972933818700, -0.5723407022048626600, 0.1034064193334185300 ) ) ;
#7034 = CARTESIAN_POINT ( 'NONE',  ( 0.6994574687677248500, -0.5723407022048626600, 0.1047349761578643100 ) ) ;
#7035 = CARTESIAN_POINT ( 'NONE',  ( 0.7003648192180345100, -0.5723407022048623300, 0.1059822896964137500 ) ) ;
#7036 = CARTESIAN_POINT ( 'NONE',  ( 0.7013408668891083500, -0.5723407022048626600, 0.1071570004838670000 ) ) ;
#7037 = CARTESIAN_POINT ( 'NONE',  ( 0.7024056207928137700, -0.5723407022048623300, 0.1082494541659279600 ) ) ;
#7038 = CARTESIAN_POINT ( 'NONE',  ( 0.7035518501555183500, -0.5723407022048624400, 0.1092546652819111600 ) ) ;
#7039 = CARTESIAN_POINT ( 'NONE',  ( 0.7047791707926532900, -0.5723407022048624400, 0.1101870201489226900 ) ) ;
#7040 = CARTESIAN_POINT ( 'NONE',  ( 0.7060745521019312600, -0.5723407022048626600, 0.1110454125670229500 ) ) ;
#7041 = CARTESIAN_POINT ( 'NONE',  ( 0.7074602651624862800, -0.5723407022048624400, 0.1118153179829785700 ) ) ;
#7042 = CARTESIAN_POINT ( 'NONE',  ( 0.7084284924113608600, -0.5723407022048626600, 0.1122560859353388100 ) ) ;
#7043 = CARTESIAN_POINT ( 'NONE',  ( 0.7089209012082594600, -0.5723407022048624400, 0.1124802461388297500 ) ) ;
#7044 = CARTESIAN_POINT ( 'NONE',  ( 0.6854121986766136300, -0.5723407022048625500, 0.1427452777843993500 ) ) ;
#7045 = DIRECTION ( 'NONE',  ( 1.000000000000000000, 7.180403127451918400E-015, 0.0000000000000000000 ) ) ;
#7046 = CARTESIAN_POINT ( 'NONE',  ( 0.6949236701956009700, -0.5723407022048624400, 0.1427452777843993500 ) ) ;
#7047 = DIRECTION ( 'NONE',  ( 0.6048695327809147100, 0.0000000000000000000, -0.7963245872842291700 ) ) ;
#7048 = CARTESIAN_POINT ( 'NONE',  ( 0.7157879898158542300, -0.5723407022048624400, 0.1152769233540195900 ) ) ;
#7049 = DIRECTION ( 'NONE',  ( 1.000000000000000000, 5.236663427345521300E-015, 0.0000000000000000000 ) ) ;
#7050 = CARTESIAN_POINT ( 'NONE',  ( 0.7288299201956011100, -0.5723407022048624400, 0.1152769233540195900 ) ) ;
#7051 = DIRECTION ( 'NONE',  ( 0.0000000000000000000, 0.0000000000000000000, 1.000000000000000000 ) ) ;
#7052 = CARTESIAN_POINT ( 'NONE',  ( 0.7288299201956011100, -0.5723407022048624400, 0.1427452777843993500 ) ) ;
#7053 = DIRECTION ( 'NONE',  ( 1.000000000000000000, 0.0000000000000000000, 0.0000000000000000000 ) ) ;
#7054 = CARTESIAN_POINT ( 'NONE',  ( 0.7368046037399047500, -0.5723407022048624400, 0.1427452777843993500 ) ) ;
#7055 = DIRECTION ( 'NONE',  ( 0.0000000000000000000, 0.0000000000000000000, -1.000000000000000000 ) ) ;
#7056 = CARTESIAN_POINT ( 'NONE',  ( 0.7368046037399047500, -0.5723407022048624400, 0.07274527778439934800 ) ) ;
#7057 = DIRECTION ( 'NONE',  ( -1.000000000000000000, -3.921253536215800800E-015, 0.0000000000000000000 ) ) ;
#7058 = CARTESIAN_POINT ( 'NONE',  ( 0.7193876733601579600, -0.5723407022048624400, 0.07274527778439934800 ) ) ;
#7059 = CARTESIAN_POINT ( 'NONE',  ( 0.7184875602407169200, -0.5723407022048625500, 0.07275636680256772300 ) ) ;
#7060 = CARTESIAN_POINT ( 'NONE',  ( 0.7167644111262896400, -0.5723407022048625500, 0.07277759528088224800 ) ) ;
#7061 = CARTESIAN_POINT ( 'NONE',  ( 0.7142915453234488500, -0.5723407022048626600, 0.07292453781178866200 ) ) ;
#7062 = CARTESIAN_POINT ( 'NONE',  ( 0.7120545390032951800, -0.5723407022048623300, 0.07318508951640474700 ) ) ;
#7063 = CARTESIAN_POINT ( 'NONE',  ( 0.7100238099477675900, -0.5723407022048626600, 0.07353740214710569000 ) ) ;
#7064 = CARTESIAN_POINT ( 'NONE',  ( 0.7081613869981220300, -0.5723407022048624400, 0.07403798200727207400 ) ) ;
#7065 = CARTESIAN_POINT ( 'NONE',  ( 0.7064239988969640600, -0.5723407022048626600, 0.07471436709703774300 ) ) ;
#7066 = CARTESIAN_POINT ( 'NONE',  ( 0.7047608652003196600, -0.5723407022048623300, 0.07551900842140049600 ) ) ;
#7067 = CARTESIAN_POINT ( 'NONE',  ( 0.7037404346913415100, -0.5723407022048624400, 0.07619904649467081100 ) ) ;
#7068 = CARTESIAN_POINT ( 'NONE',  ( 0.7032306322209177500, -0.5723407022048625500, 0.07653879044262718000 ) ) ;
#7069 = CARTESIAN_POINT ( 'NONE',  ( 0.6027717714614239100, -0.5723407022048626600, 0.07274527778439934800 ) ) ;
#7070 = DIRECTION ( 'NONE',  ( -0.3097323523907807900, -9.276807317988596200E-016, 0.9508237848741862800 ) ) ;
#7071 = CARTESIAN_POINT ( 'NONE',  ( 0.7032306322209177500, -0.5723407022048625500, 0.07653879044262718000 ) ) ;
#7072 = CARTESIAN_POINT ( 'NONE',  ( 0.7026830009257338800, -0.5723407022048625500, 0.07695388795123329900 ) ) ;
#7073 = CARTESIAN_POINT ( 'NONE',  ( 0.7015961769956057200, -0.5723407022048625500, 0.07777768657205237600 ) ) ;
#7074 = CARTESIAN_POINT ( 'NONE',  ( 0.7001905818718141500, -0.5723407022048624400, 0.07925610951356036600 ) ) ;
#7075 = CARTESIAN_POINT ( 'NONE',  ( 0.6989380124793817000, -0.5723407022048624400, 0.08085452081394345300 ) ) ;
#7076 = CARTESIAN_POINT ( 'NONE',  ( 0.6978902796260866300, -0.5723407022048624400, 0.08263412517445102600 ) ) ;
#7077 = CARTESIAN_POINT ( 'NONE',  ( 0.6970406217376241600, -0.5723407022048624400, 0.08461927130304679200 ) ) ;
#7078 = CARTESIAN_POINT ( 'NONE',  ( 0.6964576541864514500, -0.5723407022048626600, 0.08684823782413866900 ) ) ;
#7079 = CARTESIAN_POINT ( 'NONE',  ( 0.6961157643950395300, -0.5723407022048624400, 0.08932092710015998600 ) ) ;
#7080 = CARTESIAN_POINT ( 'NONE',  ( 0.6960693422177741700, -0.5723407022048626600, 0.09104713365030692200 ) ) ;
#7081 = CARTESIAN_POINT ( 'NONE',  ( 0.6960451100690189200, -0.5723407022048624400, 0.09194820499958922300 ) ) ;
#7082 = CARTESIAN_POINT ( 'NONE',  ( 0.6138754107019301900, -0.5723407022048626600, 0.07274527778439934800 ) ) ;
#7083 = DIRECTION ( 'NONE',  ( -1.000000000000000000, 0.0000000000000000000, 0.0000000000000000000 ) ) ;
#7084 = CARTESIAN_POINT ( 'NONE',  ( 0.5799691607019301600, -0.5723407022048626600, 0.1427452777843993500 ) ) ;
#7085 = DIRECTION ( 'NONE',  ( 1.000000000000000000, 0.0000000000000000000, 0.0000000000000000000 ) ) ;
#7086 = CARTESIAN_POINT ( 'NONE',  ( 0.5883591923474997800, -0.5723407022048626600, 0.1427452777843993500 ) ) ;
#7087 = DIRECTION ( 'NONE',  ( 0.3007423372023668200, 0.0000000000000000000, -0.9537054296867864000 ) ) ;
#7088 = CARTESIAN_POINT ( 'NONE',  ( 0.5945063442462339400, -0.5723407022048626600, 0.1232516068983234000 ) ) ;
#7089 = DIRECTION ( 'NONE',  ( 1.000000000000000000, 2.471411296873480600E-015, 0.0000000000000000000 ) ) ;
#7090 = CARTESIAN_POINT ( 'NONE',  ( 0.6221408379171200500, -0.5723407022048626600, 0.1232516068983234000 ) ) ;
#7091 = DIRECTION ( 'NONE',  ( 0.3007423372023668200, 0.0000000000000000000, 0.9537054296867864000 ) ) ;
#7092 = CARTESIAN_POINT ( 'NONE',  ( 0.6282879898158542100, -0.5723407022048626600, 0.1427452777843993500 ) ) ;
#7093 = DIRECTION ( 'NONE',  ( 1.000000000000000000, 0.0000000000000000000, 0.0000000000000000000 ) ) ;
#7094 = CARTESIAN_POINT ( 'NONE',  ( 0.4813932113348416400, -0.5723407022048629900, 0.1047686163919942900 ) ) ;
#7095 = CARTESIAN_POINT ( 'NONE',  ( 0.4808325097845387900, -0.5723407022048627700, 0.1049466383476157500 ) ) ;
#7096 = CARTESIAN_POINT ( 'NONE',  ( 0.4797325773022048100, -0.5723407022048625500, 0.1052958653676782100 ) ) ;
#7097 = CARTESIAN_POINT ( 'NONE',  ( 0.4781558109163804300, -0.5723407022048628800, 0.1059203413516619000 ) ) ;
#7098 = CARTESIAN_POINT ( 'NONE',  ( 0.4766822433394006800, -0.5723407022048628800, 0.1066090234978386700 ) ) ;
#7099 = CARTESIAN_POINT ( 'NONE',  ( 0.4753243329309359600, -0.5723407022048628800, 0.1073787562746599500 ) ) ;
#7100 = CARTESIAN_POINT ( 'NONE',  ( 0.4740520867508402100, -0.5723407022048629900, 0.1081870371286133300 ) ) ;
#7101 = CARTESIAN_POINT ( 'NONE',  ( 0.4729074960690437500, -0.5723407022048628800, 0.1090926262503488900 ) ) ;
#7102 = CARTESIAN_POINT ( 'NONE',  ( 0.4718600499718352300, -0.5723407022048627700, 0.1100492887949898200 ) ) ;
#7103 = CARTESIAN_POINT ( 'NONE',  ( 0.4709181294980288600, -0.5723407022048629900, 0.1110802620745158200 ) ) ;
#7104 = CARTESIAN_POINT ( 'NONE',  ( 0.4701023943265039100, -0.5723407022048626600, 0.1122142314279442900 ) ) ;
#7105 = CARTESIAN_POINT ( 'NONE',  ( 0.4693690698696581500, -0.5723407022048628800, 0.1134333513800391400 ) ) ;
#7106 = CARTESIAN_POINT ( 'NONE',  ( 0.4687862773643249900, -0.5723407022048632200, 0.1147756157162913200 ) ) ;
#7107 = CARTESIAN_POINT ( 'NONE',  ( 0.4682746894022423200, -0.5723407022048627700, 0.1162049210104237100 ) ) ;
#7108 = CARTESIAN_POINT ( 'NONE',  ( 0.4679137325985288600, -0.5723407022048628800, 0.1177536588894007400 ) ) ;
#7109 = CARTESIAN_POINT ( 'NONE',  ( 0.4676349919123855000, -0.5723407022048627700, 0.1193990664985615900 ) ) ;
#7110 = CARTESIAN_POINT ( 'NONE',  ( 0.4674671599988560200, -0.5723407022048629900, 0.1211529631034645400 ) ) ;
#7111 = CARTESIAN_POINT ( 'NONE',  ( 0.4674475842661842100, -0.5723407022048627700, 0.1223559367869077000 ) ) ;
#7112 = CARTESIAN_POINT ( 'NONE',  ( 0.4674375151323100800, -0.5723407022048629900, 0.1229747081641461700 ) ) ;
#7113 = CARTESIAN_POINT ( 'NONE',  ( 0.6366780214614238300, -0.5723407022048626600, 0.1427452777843993500 ) ) ;
#7114 = DIRECTION ( 'NONE',  ( -0.3097323523907807900, 0.0000000000000000000, -0.9508237848741862800 ) ) ;
#7115 = CARTESIAN_POINT ( 'NONE',  ( 0.4973564233601581700, -0.5723407022048628800, 0.1011966227211082000 ) ) ;
#7116 = CARTESIAN_POINT ( 'NONE',  ( 0.4968628783367696800, -0.5723407022048628800, 0.1013131092498403100 ) ) ;
#7117 = CARTESIAN_POINT ( 'NONE',  ( 0.4957852006175981800, -0.5723407022048627700, 0.1015674628156738000 ) ) ;
#7118 = CARTESIAN_POINT ( 'NONE',  ( 0.4940276566039281100, -0.5723407022048629900, 0.1019550116474073500 ) ) ;
#7119 = CARTESIAN_POINT ( 'NONE',  ( 0.4919862508649849300, -0.5723407022048627700, 0.1023680043181506000 ) ) ;
#7120 = CARTESIAN_POINT ( 'NONE',  ( 0.4897396263838081900, -0.5723407022048626600, 0.1028014169158775200 ) ) ;
#7121 = CARTESIAN_POINT ( 'NONE',  ( 0.4874444132093623800, -0.5723407022048627700, 0.1032698938747856200 ) ) ;
#7122 = CARTESIAN_POINT ( 'NONE',  ( 0.4852583594868376000, -0.5723407022048627700, 0.1037472102955348500 ) ) ;
#7123 = CARTESIAN_POINT ( 'NONE',  ( 0.4832606268678129600, -0.5723407022048627700, 0.1042465776349750100 ) ) ;
#7124 = CARTESIAN_POINT ( 'NONE',  ( 0.4819970521167118400, -0.5723407022048627700, 0.1045998118138811900 ) ) ;
#7125 = CARTESIAN_POINT ( 'NONE',  ( 0.4813932113348416400, -0.5723407022048629900, 0.1047686163919942900 ) ) ;
#7126 = CARTESIAN_POINT ( 'NONE',  ( 0.4674375151323100800, -0.5723407022048629900, 0.1229747081641461700 ) ) ;
#7127 = CARTESIAN_POINT ( 'NONE',  ( 0.4674601469616495000, -0.5723407022048629900, 0.1236635024945759700 ) ) ;
#7128 = CARTESIAN_POINT ( 'NONE',  ( 0.4675056457296964400, -0.5723407022048627700, 0.1250482466530144500 ) ) ;
#7129 = CARTESIAN_POINT ( 'NONE',  ( 0.4678351001048771700, -0.5723407022048627700, 0.1271126389829727300 ) ) ;
#7130 = CARTESIAN_POINT ( 'NONE',  ( 0.4683675308020988600, -0.5723407022048627700, 0.1291648708845964700 ) ) ;
#7131 = CARTESIAN_POINT ( 'NONE',  ( 0.4690949213259642500, -0.5723407022048628800, 0.1311829928590122800 ) ) ;
#7132 = CARTESIAN_POINT ( 'NONE',  ( 0.4700105848487113300, -0.5723407022048627700, 0.1331287933857116500 ) ) ;
#7133 = CARTESIAN_POINT ( 'NONE',  ( 0.4711253949589210800, -0.5723407022048629900, 0.1349268311709904100 ) ) ;
#7134 = CARTESIAN_POINT ( 'NONE',  ( 0.4723843371271203000, -0.5723407022048628800, 0.1365915474351382100 ) ) ;
#7135 = CARTESIAN_POINT ( 'NONE',  ( 0.4733689348119170500, -0.5723407022048629900, 0.1375556318861937700 ) ) ;
#7136 = CARTESIAN_POINT ( 'NONE',  ( 0.4738615657652214300, -0.5723407022048628800, 0.1380379993033867000 ) ) ;
#7137 = CARTESIAN_POINT ( 'NONE',  ( 0.4738615657652214300, -0.5723407022048628800, 0.1380379993033867000 ) ) ;
#7138 = CARTESIAN_POINT ( 'NONE',  ( 0.4744291432884295000, -0.5723407022048628800, 0.1385297146072928800 ) ) ;
#7139 = CARTESIAN_POINT ( 'NONE',  ( 0.4755669538831663900, -0.5723407022048627700, 0.1395154458237377600 ) ) ;
#7140 = CARTESIAN_POINT ( 'NONE',  ( 0.4774551572817294900, -0.5723407022048627700, 0.1407904625081752800 ) ) ;
#7141 = CARTESIAN_POINT ( 'NONE',  ( 0.4794800898164666700, -0.5723407022048627700, 0.1418927509237084500 ) ) ;
#7142 = CARTESIAN_POINT ( 'NONE',  ( 0.4816477744482552900, -0.5723407022048628800, 0.1428556709896158000 ) ) ;
#7143 = CARTESIAN_POINT ( 'NONE',  ( 0.4840097883565133700, -0.5723407022048628800, 0.1436035554012002600 ) ) ;
#7144 = CARTESIAN_POINT ( 'NONE',  ( 0.4865833340646104100, -0.5723407022048627700, 0.1441392362897409000 ) ) ;
#7145 = CARTESIAN_POINT ( 'NONE',  ( 0.4893784733350077200, -0.5723407022048627700, 0.1444556534846908600 ) ) ;
#7146 = CARTESIAN_POINT ( 'NONE',  ( 0.4913145761489320900, -0.5723407022048627700, 0.1444963577298578600 ) ) ;
#7147 = CARTESIAN_POINT ( 'NONE',  ( 0.4923168663981327700, -0.5723407022048627700, 0.1445174296831335200 ) ) ;
#7148 = CARTESIAN_POINT ( 'NONE',  ( 0.4923168663981327700, -0.5723407022048627700, 0.1445174296831335200 ) ) ;
#7149 = CARTESIAN_POINT ( 'NONE',  ( 0.4934066030366482900, -0.5723407022048628800, 0.1445035245923550200 ) ) ;
#7150 = CARTESIAN_POINT ( 'NONE',  ( 0.4955386444069408400, -0.5723407022048627700, 0.1444763196441596600 ) ) ;
#7151 = CARTESIAN_POINT ( 'NONE',  ( 0.4986450267004881600, -0.5723407022048629900, 0.1442051666260125400 ) ) ;
#7152 = CARTESIAN_POINT ( 'NONE',  ( 0.5015890051946494400, -0.5723407022048626600, 0.1437867574845654300 ) ) ;
#7153 = CARTESIAN_POINT ( 'NONE',  ( 0.5043819445721538000, -0.5723407022048627700, 0.1431611531440318300 ) ) ;
#7154 = CARTESIAN_POINT ( 'NONE',  ( 0.5071104560070004400, -0.5723407022048628800, 0.1423923703381218800 ) ) ;
#7155 = CARTESIAN_POINT ( 'NONE',  ( 0.5098196758282748100, -0.5723407022048627700, 0.1414365858076435100 ) ) ;
#7156 = CARTESIAN_POINT ( 'NONE',  ( 0.5125704175998300200, -0.5723407022048628800, 0.1403577341849378500 ) ) ;
#7157 = CARTESIAN_POINT ( 'NONE',  ( 0.5143721349425057800, -0.5723407022048628800, 0.1394982753720911700 ) ) ;
#7158 = CARTESIAN_POINT ( 'NONE',  ( 0.5152856163981327500, -0.5723407022048627700, 0.1390625246198423900 ) ) ;
#7159 = CARTESIAN_POINT ( 'NONE',  ( 0.5152856163981327500, -0.5723407022048627700, 0.1390625246198423900 ) ) ;
#7160 = DIRECTION ( 'NONE',  ( 0.0000000000000000000, 0.0000000000000000000, -1.000000000000000000 ) ) ;
#7161 = CARTESIAN_POINT ( 'NONE',  ( 0.5152856163981327500, -0.5723407022048627700, 0.1276819866451588400 ) ) ;
#7162 = DIRECTION ( 'NONE',  ( -1.000000000000000000, 0.0000000000000000000, 0.0000000000000000000 ) ) ;
#7163 = CARTESIAN_POINT ( 'NONE',  ( 0.5147041290563606500, -0.5723407022048627700, 0.1276819866451588400 ) ) ;
#7164 = CARTESIAN_POINT ( 'NONE',  ( 0.5139047412794944800, -0.5723407022048628800, 0.1283675766143463900 ) ) ;
#7165 = CARTESIAN_POINT ( 'NONE',  ( 0.5123100344323759900, -0.5723407022048629900, 0.1297352670517272800 ) ) ;
#7166 = CARTESIAN_POINT ( 'NONE',  ( 0.5096799022650043700, -0.5723407022048625500, 0.1314981252824184700 ) ) ;
#7167 = CARTESIAN_POINT ( 'NONE',  ( 0.5068711217125263500, -0.5723407022048627700, 0.1330098731613416900 ) ) ;
#7168 = CARTESIAN_POINT ( 'NONE',  ( 0.5039230647499346500, -0.5723407022048627700, 0.1342630197402784900 ) ) ;
#7169 = CARTESIAN_POINT ( 'NONE',  ( 0.5009446081709005800, -0.5723407022048628800, 0.1352643273144114300 ) ) ;
#7170 = CARTESIAN_POINT ( 'NONE',  ( 0.4980142910736684000, -0.5723407022048629900, 0.1359896738031748700 ) ) ;
#7171 = CARTESIAN_POINT ( 'NONE',  ( 0.4951798178238785400, -0.5723407022048627700, 0.1364637045349954300 ) ) ;
#7172 = CARTESIAN_POINT ( 'NONE',  ( 0.4933108182293701700, -0.5723407022048627700, 0.1365168466237071700 ) ) ;
#7173 = CARTESIAN_POINT ( 'NONE',  ( 0.4923999360183860000, -0.5723407022048627700, 0.1365427461388297200 ) ) ;
#7174 = CARTESIAN_POINT ( 'NONE',  ( 0.4923999360183860000, -0.5723407022048627700, 0.1365427461388297200 ) ) ;
#7175 = CARTESIAN_POINT ( 'NONE',  ( 0.4917812571880465500, -0.5723407022048627700, 0.1365313214232518300 ) ) ;
#7176 = CARTESIAN_POINT ( 'NONE',  ( 0.4905788828871373000, -0.5723407022048626600, 0.1365091180056910200 ) ) ;
#7177 = CARTESIAN_POINT ( 'NONE',  ( 0.4888294205265201800, -0.5723407022048628800, 0.1363604436947369900 ) ) ;
#7178 = CARTESIAN_POINT ( 'NONE',  ( 0.4871881467829134400, -0.5723407022048627700, 0.1360942272474907300 ) ) ;
#7179 = CARTESIAN_POINT ( 'NONE',  ( 0.4856445562487256600, -0.5723407022048628800, 0.1357389853797196000 ) ) ;
#7180 = CARTESIAN_POINT ( 'NONE',  ( 0.4842043493790180700, -0.5723407022048627700, 0.1352751478716181200 ) ) ;
#7181 = CARTESIAN_POINT ( 'NONE',  ( 0.4828782285460298500, -0.5723407022048627700, 0.1346848783881333100 ) ) ;
#7182 = CARTESIAN_POINT ( 'NONE',  ( 0.4816539803729104600, -0.5723407022048627700, 0.1340052582293545800 ) ) ;
#7183 = CARTESIAN_POINT ( 'NONE',  ( 0.4805286795038514200, -0.5723407022048631100, 0.1332352824161071300 ) ) ;
#7184 = CARTESIAN_POINT ( 'NONE',  ( 0.4795330606496396300, -0.5723407022048626600, 0.1323628443749138600 ) ) ;
#7185 = CARTESIAN_POINT ( 'NONE',  ( 0.4786709917097453600, -0.5723407022048626600, 0.1314187413423789400 ) ) ;
#7186 = CARTESIAN_POINT ( 'NONE',  ( 0.4779367859488034600, -0.5723407022048629900, 0.1304086502630784100 ) ) ;
#7187 = CARTESIAN_POINT ( 'NONE',  ( 0.4773428263707207300, -0.5723407022048629900, 0.1293227769503235100 ) ) ;
#7188 = CARTESIAN_POINT ( 'NONE',  ( 0.4768659275469636600, -0.5723407022048627700, 0.1281685782799889800 ) ) ;
#7189 = CARTESIAN_POINT ( 'NONE',  ( 0.4765347681359690700, -0.5723407022048628800, 0.1269404232007936300 ) ) ;
#7190 = CARTESIAN_POINT ( 'NONE',  ( 0.4763395158208321200, -0.5723407022048627700, 0.1256438279674854700 ) ) ;
#7191 = CARTESIAN_POINT ( 'NONE',  ( 0.4763122148776189900, -0.5723407022048627700, 0.1247567677223193200 ) ) ;
#7192 = CARTESIAN_POINT ( 'NONE',  ( 0.4762982746259809600, -0.5723407022048628800, 0.1243038220881968100 ) ) ;
#7193 = CARTESIAN_POINT ( 'NONE',  ( 0.4762982746259809600, -0.5723407022048628800, 0.1243038220881968100 ) ) ;
#7194 = CARTESIAN_POINT ( 'NONE',  ( 0.4763166602090653200, -0.5723407022048627700, 0.1235677076069201100 ) ) ;
#7195 = CARTESIAN_POINT ( 'NONE',  ( 0.4763511890936806300, -0.5723407022048627700, 0.1221852541992164000 ) ) ;
#7196 = CARTESIAN_POINT ( 'NONE',  ( 0.4767460554896251200, -0.5723407022048629900, 0.1202668706605468500 ) ) ;
#7197 = CARTESIAN_POINT ( 'NONE',  ( 0.4773456246833980300, -0.5723407022048627700, 0.1186285806147877200 ) ) ;
#7198 = CARTESIAN_POINT ( 'NONE',  ( 0.4782763579412847600, -0.5723407022048629900, 0.1172965727241904000 ) ) ;
#7199 = CARTESIAN_POINT ( 'NONE',  ( 0.4794792324571545700, -0.5723407022048627700, 0.1162271266057976600 ) ) ;
#7200 = CARTESIAN_POINT ( 'NONE',  ( 0.4809141385222283600, -0.5723407022048626600, 0.1153012960323960300 ) ) ;
#7201 = CARTESIAN_POINT ( 'NONE',  ( 0.4825977668581348200, -0.5723407022048627700, 0.1144751831275756700 ) ) ;
#7202 = CARTESIAN_POINT ( 'NONE',  ( 0.4838421427499759500, -0.5723407022048628800, 0.1140746892048696400 ) ) ;
#7203 = CARTESIAN_POINT ( 'NONE',  ( 0.4844944771576264500, -0.5723407022048627700, 0.1138647398097158000 ) ) ;
#7204 = CARTESIAN_POINT ( 'NONE',  ( 0.4844944771576264500, -0.5723407022048627700, 0.1138647398097158000 ) ) ;
#7205 = CARTESIAN_POINT ( 'NONE',  ( 0.4855797873959545300, -0.5723407022048627700, 0.1135579229830019800 ) ) ;
#7206 = CARTESIAN_POINT ( 'NONE',  ( 0.4878161904557704600, -0.5723407022048629900, 0.1129256926162058300 ) ) ;
#7207 = CARTESIAN_POINT ( 'NONE',  ( 0.4913568798920567300, -0.5723407022048627700, 0.1122633258767653800 ) ) ;
#7208 = CARTESIAN_POINT ( 'NONE',  ( 0.4951337471962430900, -0.5723407022048627700, 0.1116126294296865000 ) ) ;
#7209 = CARTESIAN_POINT ( 'NONE',  ( 0.4977049763475672700, -0.5723407022048628800, 0.1110250923435840700 ) ) ;
#7210 = CARTESIAN_POINT ( 'NONE',  ( 0.4990316607019302800, -0.5723407022048627700, 0.1107219391768044100 ) ) ;
#7211 = CARTESIAN_POINT ( 'NONE',  ( 0.4990316607019302800, -0.5723407022048627700, 0.1107219391768044100 ) ) ;
#7212 = CARTESIAN_POINT ( 'NONE',  ( 0.4997035327683379000, -0.5723407022048627700, 0.1105513418139742900 ) ) ;
#7213 = CARTESIAN_POINT ( 'NONE',  ( 0.5010135771851278500, -0.5723407022048628800, 0.1102187038998998400 ) ) ;
#7214 = CARTESIAN_POINT ( 'NONE',  ( 0.5028843727215609500, -0.5723407022048626600, 0.1095756775290955000 ) ) ;
#7215 = CARTESIAN_POINT ( 'NONE',  ( 0.5046225694381407700, -0.5723407022048628800, 0.1088536719658188800 ) ) ;
#7216 = CARTESIAN_POINT ( 'NONE',  ( 0.5062343596894860500, -0.5723407022048628800, 0.1080621033598917900 ) ) ;
#7217 = CARTESIAN_POINT ( 'NONE',  ( 0.5077000404214692100, -0.5723407022048626600, 0.1071465918521080100 ) ) ;
#7218 = CARTESIAN_POINT ( 'NONE',  ( 0.5090432488718436000, -0.5723407022048627700, 0.1061618550538152200 ) ) ;
#7219 = CARTESIAN_POINT ( 'NONE',  ( 0.5102414935367382000, -0.5723407022048627700, 0.1050687723824604800 ) ) ;
#7220 = CARTESIAN_POINT ( 'NONE',  ( 0.5113176253904649900, -0.5723407022048627700, 0.1039010375813773400 ) ) ;
#7221 = CARTESIAN_POINT ( 'NONE',  ( 0.5122620345935886600, -0.5723407022048629900, 0.1026405228139725400 ) ) ;
#7222 = CARTESIAN_POINT ( 'NONE',  ( 0.5130667876294261500, -0.5723407022048627700, 0.1012802790710376900 ) ) ;
#7223 = CARTESIAN_POINT ( 'NONE',  ( 0.5137656281056945900, -0.5723407022048629900, 0.09984429325906747600 ) ) ;
#7224 = CARTESIAN_POINT ( 'NONE',  ( 0.5143126283193200100, -0.5723407022048626600, 0.09830386102692288700 ) ) ;
#7225 = CARTESIAN_POINT ( 'NONE',  ( 0.5147664472697762700, -0.5723407022048629900, 0.09668270923002797400 ) ) ;
#7226 = CARTESIAN_POINT ( 'NONE',  ( 0.5150541049496647500, -0.5723407022048627700, 0.09496031596635466600 ) ) ;
#7227 = CARTESIAN_POINT ( 'NONE',  ( 0.5152643306125066500, -0.5723407022048629900, 0.09315328371846953700 ) ) ;
#7228 = CARTESIAN_POINT ( 'NONE',  ( 0.5152784106120827900, -0.5723407022048627700, 0.09191656781532209200 ) ) ;
#7229 = CARTESIAN_POINT ( 'NONE',  ( 0.5152856163981327500, -0.5723407022048627700, 0.09128364803756391900 ) ) ;
#7230 = CARTESIAN_POINT ( 'NONE',  ( 0.5152856163981327500, -0.5723407022048627700, 0.09128364803756391900 ) ) ;
#7231 = CARTESIAN_POINT ( 'NONE',  ( 0.5152703420281623500, -0.5723407022048628800, 0.09055776155648975800 ) ) ;
#7232 = CARTESIAN_POINT ( 'NONE',  ( 0.5152403184076656000, -0.5723407022048627700, 0.08913094393498381700 ) ) ;
#7233 = CARTESIAN_POINT ( 'NONE',  ( 0.5149041486321086500, -0.5723407022048627700, 0.08704474311899568200 ) ) ;
#7234 = CARTESIAN_POINT ( 'NONE',  ( 0.5143976334559384700, -0.5723407022048628800, 0.08505175613595235300 ) ) ;
#7235 = CARTESIAN_POINT ( 'NONE',  ( 0.5136795239602869300, -0.5723407022048627700, 0.08315470104078595500 ) ) ;
#7236 = CARTESIAN_POINT ( 'NONE',  ( 0.5127223094348772900, -0.5723407022048627700, 0.08137608741700951000 ) ) ;
#7237 = CARTESIAN_POINT ( 'NONE',  ( 0.5115827773816689100, -0.5723407022048628800, 0.07968640884806904600 ) ) ;
#7238 = CARTESIAN_POINT ( 'NONE',  ( 0.5102269081398170800, -0.5723407022048629900, 0.07810363799259678600 ) ) ;
#7239 = CARTESIAN_POINT ( 'NONE',  ( 0.5086870733679186300, -0.5723407022048629900, 0.07662683810850304300 ) ) ;
#7240 = CARTESIAN_POINT ( 'NONE',  ( 0.5069710897954504700, -0.5723407022048627700, 0.07531565457417065100 ) ) ;
#7241 = CARTESIAN_POINT ( 'NONE',  ( 0.5051554785966356800, -0.5723407022048628800, 0.07413094411619433600 ) ) ;
#7242 = CARTESIAN_POINT ( 'NONE',  ( 0.5032036092743079600, -0.5723407022048627700, 0.07317390035729917600 ) ) ;
#7243 = CARTESIAN_POINT ( 'NONE',  ( 0.5011572207763336200, -0.5723407022048628800, 0.07235742972663321300 ) ) ;
#7244 = CARTESIAN_POINT ( 'NONE',  ( 0.4989902553721733400, -0.5723407022048627700, 0.07173743232881958600 ) ) ;
#7245 = CARTESIAN_POINT ( 'NONE',  ( 0.4967145593030162200, -0.5723407022048626600, 0.07130433863856858200 ) ) ;
#7246 = CARTESIAN_POINT ( 'NONE',  ( 0.4943320569288915900, -0.5723407022048629900, 0.07100975885552739100 ) ) ;
#7247 = CARTESIAN_POINT ( 'NONE',  ( 0.4927054503705506900, -0.5723407022048627700, 0.07098551886770791700 ) ) ;
#7248 = CARTESIAN_POINT ( 'NONE',  ( 0.4918738284234492900, -0.5723407022048627700, 0.07097312588566516400 ) ) ;
#7249 = CARTESIAN_POINT ( 'NONE',  ( 0.4918738284234492900, -0.5723407022048627700, 0.07097312588566516400 ) ) ;
#7250 = CARTESIAN_POINT ( 'NONE',  ( 0.4907977354146601500, -0.5723407022048627700, 0.07098501336127889500 ) ) ;
#7251 = CARTESIAN_POINT ( 'NONE',  ( 0.4886925408876295300, -0.5723407022048627700, 0.07100826920291887500 ) ) ;
#7252 = CARTESIAN_POINT ( 'NONE',  ( 0.4856071580623206300, -0.5723407022048627700, 0.07130958948001624200 ) ) ;
#7253 = CARTESIAN_POINT ( 'NONE',  ( 0.4826511202105991900, -0.5723407022048629900, 0.07171395781624859100 ) ) ;
#7254 = CARTESIAN_POINT ( 'NONE',  ( 0.4798465338268007600, -0.5723407022048627700, 0.07235245467044336400 ) ) ;
#7255 = CARTESIAN_POINT ( 'NONE',  ( 0.4771894624851553700, -0.5723407022048629900, 0.07310191567659089800 ) ) ;
#7256 = CARTESIAN_POINT ( 'NONE',  ( 0.4746804101430566200, -0.5723407022048626600, 0.07393184686240456000 ) ) ;
#7257 = CARTESIAN_POINT ( 'NONE',  ( 0.4723186920620484100, -0.5723407022048629900, 0.07483645478241499100 ) ) ;
#7258 = CARTESIAN_POINT ( 'NONE',  ( 0.4708258227508799200, -0.5723407022048628800, 0.07553339740836420600 ) ) ;
#7259 = CARTESIAN_POINT ( 'NONE',  ( 0.4700957429804112900, -0.5723407022048628800, 0.07587423348060189100 ) ) ;
#7260 = CARTESIAN_POINT ( 'NONE',  ( 0.4700957429804112900, -0.5723407022048628800, 0.07587423348060189100 ) ) ;
#7261 = DIRECTION ( 'NONE',  ( 0.0000000000000000000, 0.0000000000000000000, 1.000000000000000000 ) ) ;
#7262 = CARTESIAN_POINT ( 'NONE',  ( 0.4700957429804112900, -0.5723407022048628800, 0.08692249297427277800 ) ) ;
#7263 = DIRECTION ( 'NONE',  ( 1.000000000000000000, 0.0000000000000000000, 0.0000000000000000000 ) ) ;
#7264 = CARTESIAN_POINT ( 'NONE',  ( 0.4706772303221834500, -0.5723407022048628800, 0.08692249297427277800 ) ) ;
#7265 = CARTESIAN_POINT ( 'NONE',  ( 0.4713014907806202800, -0.5723407022048629900, 0.08635753198466879200 ) ) ;
#7266 = CARTESIAN_POINT ( 'NONE',  ( 0.4725813991585333100, -0.5723407022048632200, 0.08519920408801032200 ) ) ;
#7267 = CARTESIAN_POINT ( 'NONE',  ( 0.4748028615976492300, -0.5723407022048627700, 0.08371809580767623800 ) ) ;
#7268 = CARTESIAN_POINT ( 'NONE',  ( 0.4772736051566905400, -0.5723407022048629900, 0.08235533353684190700 ) ) ;
#7269 = CARTESIAN_POINT ( 'NONE',  ( 0.4799880952054237400, -0.5723407022048627700, 0.08117615151313652100 ) ) ;
#7270 = CARTESIAN_POINT ( 'NONE',  ( 0.4828464529473505100, -0.5723407022048629900, 0.08017441805140440600 ) ) ;
#7271 = CARTESIAN_POINT ( 'NONE',  ( 0.4857933098873844500, -0.5723407022048626600, 0.07947731596762377900 ) ) ;
#7272 = CARTESIAN_POINT ( 'NONE',  ( 0.4887722278898439800, -0.5723407022048626600, 0.07902271400000685000 ) ) ;
#7273 = CARTESIAN_POINT ( 'NONE',  ( 0.4907738178521843200, -0.5723407022048628800, 0.07897281586200284600 ) ) ;
#7274 = CARTESIAN_POINT ( 'NONE',  ( 0.4917769138664872000, -0.5723407022048627700, 0.07894780942996897100 ) ) ;
#7275 = CARTESIAN_POINT ( 'NONE',  ( 0.4917769138664872000, -0.5723407022048627700, 0.07894780942996897100 ) ) ;
#7276 = CARTESIAN_POINT ( 'NONE',  ( 0.4923171325074589000, -0.5723407022048628800, 0.07896028270451599400 ) ) ;
#7277 = CARTESIAN_POINT ( 'NONE',  ( 0.4933670456650802700, -0.5723407022048627700, 0.07898452447270451500 ) ) ;
#7278 = CARTESIAN_POINT ( 'NONE',  ( 0.4949041280630556700, -0.5723407022048629900, 0.07911971816184841500 ) ) ;
#7279 = CARTESIAN_POINT ( 'NONE',  ( 0.4963595505809407800, -0.5723407022048624400, 0.07936444485233958000 ) ) ;
#7280 = CARTESIAN_POINT ( 'NONE',  ( 0.4977307320770306100, -0.5723407022048631100, 0.07973111370384167200 ) ) ;
#7281 = CARTESIAN_POINT ( 'NONE',  ( 0.4990262926355375500, -0.5723407022048627700, 0.08016905399640049400 ) ) ;
#7282 = CARTESIAN_POINT ( 'NONE',  ( 0.5002424960577132000, -0.5723407022048628800, 0.08071281847588736300 ) ) ;
#7283 = CARTESIAN_POINT ( 'NONE',  ( 0.5013757907331984900, -0.5723407022048627700, 0.08135992544048913100 ) ) ;
#7284 = CARTESIAN_POINT ( 'NONE',  ( 0.5024162957507265500, -0.5723407022048627700, 0.08211130303435360000 ) ) ;
#7285 = CARTESIAN_POINT ( 'NONE',  ( 0.5033537551903368700, -0.5723407022048627700, 0.08293603571422179800 ) ) ;
#7286 = CARTESIAN_POINT ( 'NONE',  ( 0.5041778247191430800, -0.5723407022048629900, 0.08382520050061870200 ) ) ;
#7287 = CARTESIAN_POINT ( 'NONE',  ( 0.5048737062575743300, -0.5723407022048627700, 0.08477270357976439400 ) ) ;
#7288 = CARTESIAN_POINT ( 'NONE',  ( 0.5054553275302028400, -0.5723407022048626600, 0.08577507439995750400 ) ) ;
#7289 = CARTESIAN_POINT ( 'NONE',  ( 0.5058720146990040000, -0.5723407022048628800, 0.08684944570479889700 ) ) ;
#7290 = CARTESIAN_POINT ( 'NONE',  ( 0.5062062555349778900, -0.5723407022048627700, 0.08796675237003021000 ) ) ;
#7291 = CARTESIAN_POINT ( 'NONE',  ( 0.5063784609272565800, -0.5723407022048627700, 0.08915087506769556200 ) ) ;
#7292 = CARTESIAN_POINT ( 'NONE',  ( 0.5064092071219993300, -0.5723407022048626600, 0.08995870008604675600 ) ) ;
#7293 = CARTESIAN_POINT ( 'NONE',  ( 0.5064248569044619300, -0.5723407022048627700, 0.09036988221477909600 ) ) ;
#7294 = CARTESIAN_POINT ( 'NONE',  ( 0.8149365262082594000, -0.5723407022048623300, -0.06225472221560066100 ) ) ;
#7295 = DIRECTION ( 'NONE',  ( -0.3097323523907799500, -7.639723673637672100E-016, 0.9508237848741867300 ) ) ;
#7296 = CARTESIAN_POINT ( 'NONE',  ( 0.5064248569044619300, -0.5723407022048627700, 0.09036988221477909600 ) ) ;
#7297 = CARTESIAN_POINT ( 'NONE',  ( 0.5064024417701756800, -0.5723407022048628800, 0.09106817605487471700 ) ) ;
#7298 = CARTESIAN_POINT ( 'NONE',  ( 0.5063596259488968300, -0.5723407022048627700, 0.09240200809334253600 ) ) ;
#7299 = CARTESIAN_POINT ( 'NONE',  ( 0.5059986552444912800, -0.5723407022048627700, 0.09428945021518206300 ) ) ;
#7300 = CARTESIAN_POINT ( 'NONE',  ( 0.5053451528827022100, -0.5723407022048627700, 0.09592741957984689300 ) ) ;
#7301 = CARTESIAN_POINT ( 'NONE',  ( 0.5046170749337559600, -0.5723407022048626600, 0.09713323244581631400 ) ) ;
#7302 = CARTESIAN_POINT ( 'NONE',  ( 0.5038613593186047600, -0.5723407022048628800, 0.09794544442451598400 ) ) ;
#7303 = CARTESIAN_POINT ( 'NONE',  ( 0.5032245477731628300, -0.5723407022048626600, 0.09853984425109600700 ) ) ;
#7304 = CARTESIAN_POINT ( 'NONE',  ( 0.5024677882697087300, -0.5723407022048628800, 0.09906634299156415200 ) ) ;
#7305 = CARTESIAN_POINT ( 'NONE',  ( 0.5016413015170108100, -0.5723407022048627700, 0.09958997847509083700 ) ) ;
#7306 = CARTESIAN_POINT ( 'NONE',  ( 0.5007002984407454800, -0.5723407022048627700, 0.1000373965048818000 ) ) ;
#7307 = CARTESIAN_POINT ( 'NONE',  ( 0.4996777237535147700, -0.5723407022048627700, 0.1004709887497413600 ) ) ;
#7308 = CARTESIAN_POINT ( 'NONE',  ( 0.4985509598680257800, -0.5723407022048627700, 0.1008547570533215400 ) ) ;
#7309 = CARTESIAN_POINT ( 'NONE',  ( 0.4977635612797849900, -0.5723407022048628800, 0.1010801034888722900 ) ) ;
#7310 = CARTESIAN_POINT ( 'NONE',  ( 0.4973564233601581700, -0.5723407022048628800, 0.1011966227211082000 ) ) ;
#7311 = CARTESIAN_POINT ( 'NONE',  ( 0.8284195167145885800, -0.5723407022048623300, -0.06225472221560066100 ) ) ;
#7312 = DIRECTION ( 'NONE',  ( -1.000000000000000000, 0.0000000000000000000, 0.0000000000000000000 ) ) ;
#7313 = CARTESIAN_POINT ( 'NONE',  ( 0.7872476417145886100, -0.5723407022048623300, 0.02274527778439932100 ) ) ;
#7314 = DIRECTION ( 'NONE',  ( 1.000000000000000000, 0.0000000000000000000, 0.0000000000000000000 ) ) ;
#7315 = CARTESIAN_POINT ( 'NONE',  ( 0.7974355372842088000, -0.5723407022048623300, 0.02274527778439932100 ) ) ;
#7316 = DIRECTION ( 'NONE',  ( 0.3007423372023684800, 0.0000000000000000000, -0.9537054296867858400 ) ) ;
#7317 = CARTESIAN_POINT ( 'NONE',  ( 0.8048999360183860500, -0.5723407022048623300, -0.0009256082915500295300 ) ) ;
#7318 = DIRECTION ( 'NONE',  ( 1.000000000000000000, 2.035279891542864200E-015, 0.0000000000000000000 ) ) ;
#7319 = CARTESIAN_POINT ( 'NONE',  ( 0.8384561069044620400, -0.5723407022048623300, -0.0009256082915500295300 ) ) ;
#7320 = DIRECTION ( 'NONE',  ( 0.3007423372023634300, 0.0000000000000000000, 0.9537054296867874000 ) ) ;
#7321 = CARTESIAN_POINT ( 'NONE',  ( 0.8459205056386393000, -0.5723407022048623300, 0.02274527778439932100 ) ) ;
#7322 = DIRECTION ( 'NONE',  ( 1.000000000000000000, 6.703661160923324900E-015, 0.0000000000000000000 ) ) ;
#7323 = CARTESIAN_POINT ( 'NONE',  ( 0.6729280214614239400, -0.5723407022048626600, -0.02336923962066401700 ) ) ;
#7324 = CARTESIAN_POINT ( 'NONE',  ( 0.6722471695789135100, -0.5723407022048626600, -0.02315307010312366700 ) ) ;
#7325 = CARTESIAN_POINT ( 'NONE',  ( 0.6709115372789361500, -0.5723407022048624400, -0.02272900872161918600 ) ) ;
#7326 = CARTESIAN_POINT ( 'NONE',  ( 0.6689968923818642200, -0.5723407022048628800, -0.02197071645535343700 ) ) ;
#7327 = CARTESIAN_POINT ( 'NONE',  ( 0.6672075603241027800, -0.5723407022048624400, -0.02113445956356720800 ) ) ;
#7328 = CARTESIAN_POINT ( 'NONE',  ( 0.6655586691138237800, -0.5723407022048625500, -0.02019978404885564700 ) ) ;
#7329 = CARTESIAN_POINT ( 'NONE',  ( 0.6640137987522797300, -0.5723407022048627700, -0.01921830015476955500 ) ) ;
#7330 = CARTESIAN_POINT ( 'NONE',  ( 0.6626239386386690900, -0.5723407022048624400, -0.01811865622123326500 ) ) ;
#7331 = CARTESIAN_POINT ( 'NONE',  ( 0.6613520398063449400, -0.5723407022048626600, -0.01695699455988368800 ) ) ;
#7332 = CARTESIAN_POINT ( 'NONE',  ( 0.6602082792310083300, -0.5723407022048625500, -0.01570509843474503600 ) ) ;
#7333 = CARTESIAN_POINT ( 'NONE',  ( 0.6592177436655852800, -0.5723407022048625500, -0.01432813564843889700 ) ) ;
#7334 = CARTESIAN_POINT ( 'NONE',  ( 0.6583272782537010800, -0.5723407022048624400, -0.01284777570660959400 ) ) ;
#7335 = CARTESIAN_POINT ( 'NONE',  ( 0.6576196016400820400, -0.5723407022048624400, -0.01121788329830316300 ) ) ;
#7336 = CARTESIAN_POINT ( 'NONE',  ( 0.6569983876861251700, -0.5723407022048626600, -0.009482298298285443300 ) ) ;
#7337 = CARTESIAN_POINT ( 'NONE',  ( 0.6565600829959010700, -0.5723407022048623300, -0.007601688016670349700 ) ) ;
#7338 = CARTESIAN_POINT ( 'NONE',  ( 0.6562216121627273400, -0.5723407022048626600, -0.005603693062689411700 ) ) ;
#7339 = CARTESIAN_POINT ( 'NONE',  ( 0.6560178162677270400, -0.5723407022048624400, -0.003473961471021479400 ) ) ;
#7340 = CARTESIAN_POINT ( 'NONE',  ( 0.6559940457351971500, -0.5723407022048625500, -0.002013207712554846700 ) ) ;
#7341 = CARTESIAN_POINT ( 'NONE',  ( 0.6559818189297784700, -0.5723407022048625500, -0.001261842468765232400 ) ) ;
#7342 = CARTESIAN_POINT ( 'NONE',  ( 0.8561084012082594800, -0.5723407022048622200, 0.02274527778439932100 ) ) ;
#7343 = DIRECTION ( 'NONE',  ( -0.3097323523907799500, -7.639723673637672100E-016, -0.9508237848741867300 ) ) ;
#7344 = CARTESIAN_POINT ( 'NONE',  ( 0.6923119217778795900, -0.5723407022048624400, -0.02770666050673991800 ) ) ;
#7345 = CARTESIAN_POINT ( 'NONE',  ( 0.6917126171066222400, -0.5723407022048625500, -0.02756521257899378900 ) ) ;
#7346 = CARTESIAN_POINT ( 'NONE',  ( 0.6904040084476281700, -0.5723407022048624400, -0.02725635467762458100 ) ) ;
#7347 = CARTESIAN_POINT ( 'NONE',  ( 0.6882698478596003300, -0.5723407022048626600, -0.02678575966766237300 ) ) ;
#7348 = CARTESIAN_POINT ( 'NONE',  ( 0.6857909980337405500, -0.5723407022048623300, -0.02628426856747411900 ) ) ;
#7349 = CARTESIAN_POINT ( 'NONE',  ( 0.6830629540208833500, -0.5723407022048626600, -0.02575798184166296400 ) ) ;
#7350 = CARTESIAN_POINT ( 'NONE',  ( 0.6802759094519133000, -0.5723407022048624400, -0.02518911696298872400 ) ) ;
#7351 = CARTESIAN_POINT ( 'NONE',  ( 0.6776214156459904300, -0.5723407022048625500, -0.02460951845207905200 ) ) ;
#7352 = CARTESIAN_POINT ( 'NONE',  ( 0.6751955974657463100, -0.5723407022048626600, -0.02400314382561589300 ) ) ;
#7353 = CARTESIAN_POINT ( 'NONE',  ( 0.6736612566965520800, -0.5723407022048625500, -0.02357421660837278800 ) ) ;
#7354 = CARTESIAN_POINT ( 'NONE',  ( 0.6729280214614239400, -0.5723407022048626600, -0.02336923962066401700 ) ) ;
#7355 = CARTESIAN_POINT ( 'NONE',  ( 0.6559818189297784700, -0.5723407022048625500, -0.001261842468765232400 ) ) ;
#7356 = CARTESIAN_POINT ( 'NONE',  ( 0.6560093004368331400, -0.5723407022048625500, -0.0004254493532433685300 ) ) ;
#7357 = CARTESIAN_POINT ( 'NONE',  ( 0.6560645489408906100, -0.5723407022048626600, 0.001256025696289015000 ) ) ;
#7358 = CARTESIAN_POINT ( 'NONE',  ( 0.6564646006821812700, -0.5723407022048624400, 0.003762787811238443700 ) ) ;
#7359 = CARTESIAN_POINT ( 'NONE',  ( 0.6571111236716646900, -0.5723407022048624400, 0.006254783691781566800 ) ) ;
#7360 = CARTESIAN_POINT ( 'NONE',  ( 0.6579943835935016000, -0.5723407022048626600, 0.008705360375000697700 ) ) ;
#7361 = CARTESIAN_POINT ( 'NONE',  ( 0.6591062607282655000, -0.5723407022048623300, 0.01106811815742145800 ) ) ;
#7362 = CARTESIAN_POINT ( 'NONE',  ( 0.6604599587192345700, -0.5723407022048625500, 0.01325144975383133300 ) ) ;
#7363 = CARTESIAN_POINT ( 'NONE',  ( 0.6619886742091913900, -0.5723407022048627700, 0.01527289093172494400 ) ) ;
#7364 = CARTESIAN_POINT ( 'NONE',  ( 0.6631842571121584500, -0.5723407022048626600, 0.01644356490800681600 ) ) ;
#7365 = CARTESIAN_POINT ( 'NONE',  ( 0.6637824518411708000, -0.5723407022048625500, 0.01702929677174107700 ) ) ;
#7366 = CARTESIAN_POINT ( 'NONE',  ( 0.6637824518411708000, -0.5723407022048625500, 0.01702929677174107700 ) ) ;
#7367 = CARTESIAN_POINT ( 'NONE',  ( 0.6644716531193519700, -0.5723407022048624400, 0.01762637964077002500 ) ) ;
#7368 = CARTESIAN_POINT ( 'NONE',  ( 0.6658532802701040400, -0.5723407022048625500, 0.01882333897502450800 ) ) ;
#7369 = CARTESIAN_POINT ( 'NONE',  ( 0.6681460986826449600, -0.5723407022048626600, 0.02037157352041291800 ) ) ;
#7370 = CARTESIAN_POINT ( 'NONE',  ( 0.6706049453319684600, -0.5723407022048624400, 0.02171006659641758900 ) ) ;
#7371 = CARTESIAN_POINT ( 'NONE',  ( 0.6732371338134264200, -0.5723407022048628800, 0.02287932667644780200 ) ) ;
#7372 = CARTESIAN_POINT ( 'NONE',  ( 0.6761052935591678200, -0.5723407022048626600, 0.02378747203337179900 ) ) ;
#7373 = CARTESIAN_POINT ( 'NONE',  ( 0.6792303133475715600, -0.5723407022048624400, 0.02443794168374261900 ) ) ;
#7374 = CARTESIAN_POINT ( 'NONE',  ( 0.6826244110330543800, -0.5723407022048626600, 0.02482216256332472900 ) ) ;
#7375 = CARTESIAN_POINT ( 'NONE',  ( 0.6849753930213907700, -0.5723407022048624400, 0.02487158914674180200 ) ) ;
#7376 = CARTESIAN_POINT ( 'NONE',  ( 0.6861924597525631600, -0.5723407022048624400, 0.02489717651857654300 ) ) ;
#7377 = CARTESIAN_POINT ( 'NONE',  ( 0.6861924597525631600, -0.5723407022048624400, 0.02489717651857654300 ) ) ;
#7378 = CARTESIAN_POINT ( 'NONE',  ( 0.6875157113850461900, -0.5723407022048624400, 0.02488029176548838300 ) ) ;
#7379 = CARTESIAN_POINT ( 'NONE',  ( 0.6901046187632585700, -0.5723407022048623300, 0.02484725718553685400 ) ) ;
#7380 = CARTESIAN_POINT ( 'NONE',  ( 0.6938766544054230100, -0.5723407022048624400, 0.02451799994921538600 ) ) ;
#7381 = CARTESIAN_POINT ( 'NONE',  ( 0.6974514854340480000, -0.5723407022048624400, 0.02400993170602948300 ) ) ;
#7382 = CARTESIAN_POINT ( 'NONE',  ( 0.7008429118210173200, -0.5723407022048624400, 0.02325026929252454700 ) ) ;
#7383 = CARTESIAN_POINT ( 'NONE',  ( 0.7041561042776169900, -0.5723407022048625500, 0.02231674731391950300 ) ) ;
#7384 = CARTESIAN_POINT ( 'NONE',  ( 0.7074458712034494800, -0.5723407022048623300, 0.02115615181262437900 ) ) ;
#7385 = CARTESIAN_POINT ( 'NONE',  ( 0.7107860576403384200, -0.5723407022048625500, 0.01984611769933889900 ) ) ;
#7386 = CARTESIAN_POINT ( 'NONE',  ( 0.7129738572707303700, -0.5723407022048626600, 0.01880248914088223200 ) ) ;
#7387 = CARTESIAN_POINT ( 'NONE',  ( 0.7140830847525631000, -0.5723407022048624400, 0.01827336322743730600 ) ) ;
#7388 = CARTESIAN_POINT ( 'NONE',  ( 0.7140830847525631000, -0.5723407022048624400, 0.01827336322743730600 ) ) ;
#7389 = DIRECTION ( 'NONE',  ( 0.0000000000000000000, 0.0000000000000000000, -1.000000000000000000 ) ) ;
#7390 = CARTESIAN_POINT ( 'NONE',  ( 0.7140830847525631000, -0.5723407022048624400, 0.004454138543892976500 ) ) ;
#7391 = DIRECTION ( 'NONE',  ( -1.000000000000000000, 0.0000000000000000000, 0.0000000000000000000 ) ) ;
#7392 = CARTESIAN_POINT ( 'NONE',  ( 0.7133769929804112400, -0.5723407022048624400, 0.004454138543892976500 ) ) ;
#7393 = CARTESIAN_POINT ( 'NONE',  ( 0.7124063078227880200, -0.5723407022048624400, 0.005286640649335017600 ) ) ;
#7394 = CARTESIAN_POINT ( 'NONE',  ( 0.7104698780798584000, -0.5723407022048624400, 0.006947407609011830600 ) ) ;
#7395 = CARTESIAN_POINT ( 'NONE',  ( 0.7072761461623356900, -0.5723407022048624400, 0.009088021174851078000 ) ) ;
#7396 = CARTESIAN_POINT ( 'NONE',  ( 0.7038654840628982800, -0.5723407022048624400, 0.01092371502782933100 ) ) ;
#7397 = CARTESIAN_POINT ( 'NONE',  ( 0.7002857006083228500, -0.5723407022048625500, 0.01244539301653828500 ) ) ;
#7398 = CARTESIAN_POINT ( 'NONE',  ( 0.6966690033337809000, -0.5723407022048624400, 0.01366126649941402200 ) ) ;
#7399 = CARTESIAN_POINT ( 'NONE',  ( 0.6931107611442848300, -0.5723407022048624400, 0.01454204437862669300 ) ) ;
#7400 = CARTESIAN_POINT ( 'NONE',  ( 0.6896689007695404600, -0.5723407022048626600, 0.01511765312440876600 ) ) ;
#7401 = CARTESIAN_POINT ( 'NONE',  ( 0.6873994012619230000, -0.5723407022048625500, 0.01518218280355875500 ) ) ;
#7402 = CARTESIAN_POINT ( 'NONE',  ( 0.6862933300057280100, -0.5723407022048625500, 0.01521363221477902200 ) ) ;
#7403 = CARTESIAN_POINT ( 'NONE',  ( 0.6862933300057280100, -0.5723407022048625500, 0.01521363221477902200 ) ) ;
#7404 = CARTESIAN_POINT ( 'NONE',  ( 0.6855420771403156800, -0.5723407022048624400, 0.01519975934586304800 ) ) ;
#7405 = CARTESIAN_POINT ( 'NONE',  ( 0.6840820512034970800, -0.5723407022048624400, 0.01517279805311066800 ) ) ;
#7406 = CARTESIAN_POINT ( 'NONE',  ( 0.6819577040513195000, -0.5723407022048626600, 0.01499226496123787400 ) ) ;
#7407 = CARTESIAN_POINT ( 'NONE',  ( 0.6799647287912254900, -0.5723407022048626600, 0.01466900213243881200 ) ) ;
#7408 = CARTESIAN_POINT ( 'NONE',  ( 0.6780903688568543600, -0.5723407022048623300, 0.01423763700728825300 ) ) ;
#7409 = CARTESIAN_POINT ( 'NONE',  ( 0.6763415462293525000, -0.5723407022048626600, 0.01367440574745061200 ) ) ;
#7410 = CARTESIAN_POINT ( 'NONE',  ( 0.6747312566464384000, -0.5723407022048624400, 0.01295764994607631400 ) ) ;
#7411 = CARTESIAN_POINT ( 'NONE',  ( 0.6732446695790790200, -0.5723407022048626600, 0.01213239689613060000 ) ) ;
#7412 = CARTESIAN_POINT ( 'NONE',  ( 0.6718782328095073100, -0.5723407022048625500, 0.01119742626575877600 ) ) ;
#7413 = CARTESIAN_POINT ( 'NONE',  ( 0.6706692670579644800, -0.5723407022048626600, 0.01013803721573833600 ) ) ;
#7414 = CARTESIAN_POINT ( 'NONE',  ( 0.6696224690595212700, -0.5723407022048624400, 0.008991626390517400500 ) ) ;
#7415 = CARTESIAN_POINT ( 'NONE',  ( 0.6687309334926629900, -0.5723407022048626600, 0.007765087222795319900 ) ) ;
#7416 = CARTESIAN_POINT ( 'NONE',  ( 0.6680096968621341800, -0.5723407022048624400, 0.006446526771592953800 ) ) ;
#7417 = CARTESIAN_POINT ( 'NONE',  ( 0.6674306054332862500, -0.5723407022048624400, 0.005044999814758230200 ) ) ;
#7418 = CARTESIAN_POINT ( 'NONE',  ( 0.6670284832913647700, -0.5723407022048626600, 0.003553668647163746500 ) ) ;
#7419 = CARTESIAN_POINT ( 'NONE',  ( 0.6667913911944124400, -0.5723407022048625500, 0.001979231578146739400 ) ) ;
#7420 = CARTESIAN_POINT ( 'NONE',  ( 0.6667582400490821300, -0.5723407022048625500, 0.0009020869947306603300 ) ) ;
#7421 = CARTESIAN_POINT ( 'NONE',  ( 0.6667413126006643800, -0.5723407022048625500, 0.0003520815818676592700 ) ) ;
#7422 = CARTESIAN_POINT ( 'NONE',  ( 0.6667413126006643800, -0.5723407022048625500, 0.0003520815818676592700 ) ) ;
#7423 = CARTESIAN_POINT ( 'NONE',  ( 0.6667636379515526900, -0.5723407022048624400, -0.0005417717168254792100 ) ) ;
#7424 = CARTESIAN_POINT ( 'NONE',  ( 0.6668055658828714300, -0.5723407022048625500, -0.002220465140465723300 ) ) ;
#7425 = CARTESIAN_POINT ( 'NONE',  ( 0.6672850465065179900, -0.5723407022048626600, -0.004549930865993009700 ) ) ;
#7426 = CARTESIAN_POINT ( 'NONE',  ( 0.6680130948132423400, -0.5723407022048625500, -0.006539283064414811100 ) ) ;
#7427 = CARTESIAN_POINT ( 'NONE',  ( 0.6691432709121046800, -0.5723407022048624400, -0.008156721217282893500 ) ) ;
#7428 = CARTESIAN_POINT ( 'NONE',  ( 0.6706039042528041400, -0.5723407022048627700, -0.009455334361045708200 ) ) ;
#7429 = CARTESIAN_POINT ( 'NONE',  ( 0.6723462901889651900, -0.5723407022048624400, -0.01057955720017616000 ) ) ;
#7430 = CARTESIAN_POINT ( 'NONE',  ( 0.6743906960254227900, -0.5723407022048624400, -0.01158269429888654700 ) ) ;
#7431 = CARTESIAN_POINT ( 'NONE',  ( 0.6759017238940872000, -0.5723407022048625500, -0.01206900834788671700 ) ) ;
#7432 = CARTESIAN_POINT ( 'NONE',  ( 0.6766938442462342400, -0.5723407022048625500, -0.01232394689914498800 ) ) ;
#7433 = CARTESIAN_POINT ( 'NONE',  ( 0.6766938442462342400, -0.5723407022048625500, -0.01232394689914498800 ) ) ;
#7434 = CARTESIAN_POINT ( 'NONE',  ( 0.6780117209642041500, -0.5723407022048624400, -0.01269651018872602000 ) ) ;
#7435 = CARTESIAN_POINT ( 'NONE',  ( 0.6807273532511229900, -0.5723407022048623300, -0.01346421849126410600 ) ) ;
#7436 = CARTESIAN_POINT ( 'NONE',  ( 0.6850267618523281400, -0.5723407022048627700, -0.01426852096058491200 ) ) ;
#7437 = CARTESIAN_POINT ( 'NONE',  ( 0.6896129578645543400, -0.5723407022048624400, -0.01505865236060912600 ) ) ;
#7438 = CARTESIAN_POINT ( 'NONE',  ( 0.6927351646911621400, -0.5723407022048624400, -0.01577209025087639500 ) ) ;
#7439 = CARTESIAN_POINT ( 'NONE',  ( 0.6943461385500316900, -0.5723407022048624400, -0.01614020481053739200 ) ) ;
#7440 = CARTESIAN_POINT ( 'NONE',  ( 0.6943461385500316900, -0.5723407022048624400, -0.01614020481053739200 ) ) ;
#7441 = CARTESIAN_POINT ( 'NONE',  ( 0.6951619832020979900, -0.5723407022048624400, -0.01634735875111685600 ) ) ;
#7442 = CARTESIAN_POINT ( 'NONE',  ( 0.6967527514224859400, -0.5723407022048626600, -0.01675127621820728100 ) ) ;
#7443 = CARTESIAN_POINT ( 'NONE',  ( 0.6990244317167261200, -0.5723407022048624400, -0.01753209395418402900 ) ) ;
#7444 = CARTESIAN_POINT ( 'NONE',  ( 0.7011350991582873100, -0.5723407022048625500, -0.01840881499530542400 ) ) ;
#7445 = CARTESIAN_POINT ( 'NONE',  ( 0.7030922730349206100, -0.5723407022048625500, -0.01937000544535997700 ) ) ;
#7446 = CARTESIAN_POINT ( 'NONE',  ( 0.7048720282094722600, -0.5723407022048625500, -0.02048169799052590400 ) ) ;
#7447 = CARTESIAN_POINT ( 'NONE',  ( 0.7065030670420688900, -0.5723407022048624400, -0.02167744981702419300 ) ) ;
#7448 = CARTESIAN_POINT ( 'NONE',  ( 0.7079580784208700000, -0.5723407022048625500, -0.02300476448938356200 ) ) ;
#7449 = CARTESIAN_POINT ( 'NONE',  ( 0.7092648099575378200, -0.5723407022048623300, -0.02442272817641305500 ) ) ;
#7450 = CARTESIAN_POINT ( 'NONE',  ( 0.7104115925613311300, -0.5723407022048626600, -0.02595335325111899200 ) ) ;
#7451 = CARTESIAN_POINT ( 'NONE',  ( 0.7113887926762763000, -0.5723407022048623300, -0.02760507779611122400 ) ) ;
#7452 = CARTESIAN_POINT ( 'NONE',  ( 0.7122373846831737700, -0.5723407022048624400, -0.02934877485350360900 ) ) ;
#7453 = CARTESIAN_POINT ( 'NONE',  ( 0.7129015992282904400, -0.5723407022048623300, -0.03121929970682198500 ) ) ;
#7454 = CARTESIAN_POINT ( 'NONE',  ( 0.7134526650967019100, -0.5723407022048626600, -0.03318784117448025200 ) ) ;
#7455 = CARTESIAN_POINT ( 'NONE',  ( 0.7138019637079947600, -0.5723407022048624400, -0.03527931870894064600 ) ) ;
#7456 = CARTESIAN_POINT ( 'NONE',  ( 0.7140572377271600100, -0.5723407022048625500, -0.03747357215280112300 ) ) ;
#7457 = CARTESIAN_POINT ( 'NONE',  ( 0.7140743348695025600, -0.5723407022048624400, -0.03897529860662307000 ) ) ;
#7458 = CARTESIAN_POINT ( 'NONE',  ( 0.7140830847525631000, -0.5723407022048624400, -0.03974384405104372500 ) ) ;
#7459 = CARTESIAN_POINT ( 'NONE',  ( 0.7140830847525631000, -0.5723407022048624400, -0.03974384405104372500 ) ) ;
#7460 = CARTESIAN_POINT ( 'NONE',  ( 0.7140645373033132100, -0.5723407022048625500, -0.04062527763520522300 ) ) ;
#7461 = CARTESIAN_POINT ( 'NONE',  ( 0.7140280800498530800, -0.5723407022048626600, -0.04235784188989105700 ) ) ;
#7462 = CARTESIAN_POINT ( 'NONE',  ( 0.7136198738938194200, -0.5723407022048624400, -0.04489108573787654900 ) ) ;
#7463 = CARTESIAN_POINT ( 'NONE',  ( 0.7130048197513270100, -0.5723407022048624400, -0.04731114136014342300 ) ) ;
#7464 = CARTESIAN_POINT ( 'NONE',  ( 0.7121328296494648900, -0.5723407022048624400, -0.04961470826141699300 ) ) ;
#7465 = CARTESIAN_POINT ( 'NONE',  ( 0.7109704977257528300, -0.5723407022048624400, -0.05177445337600255400 ) ) ;
#7466 = CARTESIAN_POINT ( 'NONE',  ( 0.7095867802325713800, -0.5723407022048624400, -0.05382620592400178000 ) ) ;
#7467 = CARTESIAN_POINT ( 'NONE',  ( 0.7079403675817511600, -0.5723407022048624400, -0.05574814196278945300 ) ) ;
#7468 = CARTESIAN_POINT ( 'NONE',  ( 0.7060705682158744400, -0.5723407022048626600, -0.05754139896490326200 ) ) ;
#7469 = CARTESIAN_POINT ( 'NONE',  ( 0.7039868738778777300, -0.5723407022048624400, -0.05913355039944992500 ) ) ;
#7470 = CARTESIAN_POINT ( 'NONE',  ( 0.7017822031364596700, -0.5723407022048626600, -0.06057212738413531000 ) ) ;
#7471 = CARTESIAN_POINT ( 'NONE',  ( 0.6994120761022042400, -0.5723407022048625500, -0.06173425194850806100 ) ) ;
#7472 = CARTESIAN_POINT ( 'NONE',  ( 0.6969271757832359300, -0.5723407022048624400, -0.06272568057145959400 ) ) ;
#7473 = CARTESIAN_POINT ( 'NONE',  ( 0.6942958606496125700, -0.5723407022048625500, -0.06347853455451893400 ) ) ;
#7474 = CARTESIAN_POINT ( 'NONE',  ( 0.6915325154227790500, -0.5723407022048624400, -0.06400443403553811300 ) ) ;
#7475 = CARTESIAN_POINT ( 'NONE',  ( 0.6886394768256272100, -0.5723407022048625500, -0.06436213805780234600 ) ) ;
#7476 = CARTESIAN_POINT ( 'NONE',  ( 0.6866643117190705000, -0.5723407022048625500, -0.06439157232872604100 ) ) ;
#7477 = CARTESIAN_POINT ( 'NONE',  ( 0.6856544850690190500, -0.5723407022048625500, -0.06440662094977794800 ) ) ;
#7478 = CARTESIAN_POINT ( 'NONE',  ( 0.6856544850690190500, -0.5723407022048625500, -0.06440662094977794800 ) ) ;
#7479 = CARTESIAN_POINT ( 'NONE',  ( 0.6843478007012036000, -0.5723407022048624400, -0.06439218615796121800 ) ) ;
#7480 = CARTESIAN_POINT ( 'NONE',  ( 0.6817914930612374300, -0.5723407022048625500, -0.06436394692168413700 ) ) ;
#7481 = CARTESIAN_POINT ( 'NONE',  ( 0.6780449567733627400, -0.5723407022048624400, -0.06399805801378009900 ) ) ;
#7482 = CARTESIAN_POINT ( 'NONE',  ( 0.6744554822391292100, -0.5723407022048625500, -0.06350703931978374200 ) ) ;
#7483 = CARTESIAN_POINT ( 'NONE',  ( 0.6710499130588031300, -0.5723407022048626600, -0.06273172171111873800 ) ) ;
#7484 = CARTESIAN_POINT ( 'NONE',  ( 0.6678234692868044700, -0.5723407022048624400, -0.06182166191793939100 ) ) ;
#7485 = CARTESIAN_POINT ( 'NONE',  ( 0.6647767628713996400, -0.5723407022048625500, -0.06081388833516589800 ) ) ;
#7486 = CARTESIAN_POINT ( 'NONE',  ( 0.6619089623444606200, -0.5723407022048626600, -0.05971543586086734700 ) ) ;
#7487 = CARTESIAN_POINT ( 'NONE',  ( 0.6600961924666132200, -0.5723407022048624400, -0.05886914838650048100 ) ) ;
#7488 = CARTESIAN_POINT ( 'NONE',  ( 0.6592096670310442200, -0.5723407022048625500, -0.05845527601306905300 ) ) ;
#7489 = CARTESIAN_POINT ( 'NONE',  ( 0.6592096670310442200, -0.5723407022048625500, -0.05845527601306905300 ) ) ;
#7490 = DIRECTION ( 'NONE',  ( 0.0000000000000000000, 0.0000000000000000000, 1.000000000000000000 ) ) ;
#7491 = CARTESIAN_POINT ( 'NONE',  ( 0.6592096670310442200, -0.5723407022048625500, -0.04503953234218294900 ) ) ;
#7492 = DIRECTION ( 'NONE',  ( 1.000000000000000000, 0.0000000000000000000, 0.0000000000000000000 ) ) ;
#7493 = CARTESIAN_POINT ( 'NONE',  ( 0.6599157588031960800, -0.5723407022048625500, -0.04503953234218294900 ) ) ;
#7494 = CARTESIAN_POINT ( 'NONE',  ( 0.6606737893598695300, -0.5723407022048626600, -0.04572555640098782700 ) ) ;
#7495 = CARTESIAN_POINT ( 'NONE',  ( 0.6622279638187637000, -0.5723407022048626600, -0.04713209741835876200 ) ) ;
#7496 = CARTESIAN_POINT ( 'NONE',  ( 0.6649254539234045200, -0.5723407022048624400, -0.04893058604447869000 ) ) ;
#7497 = CARTESIAN_POINT ( 'NONE',  ( 0.6679256425308119900, -0.5723407022048626600, -0.05058536880192053600 ) ) ;
#7498 = CARTESIAN_POINT ( 'NONE',  ( 0.6712218090185592100, -0.5723407022048624400, -0.05201723268784828200 ) ) ;
#7499 = CARTESIAN_POINT ( 'NONE',  ( 0.6746926719908988800, -0.5723407022048626600, -0.05323362331995169100 ) ) ;
#7500 = CARTESIAN_POINT ( 'NONE',  ( 0.6782709982752257400, -0.5723407022048624400, -0.05408010442168529500 ) ) ;
#7501 = CARTESIAN_POINT ( 'NONE',  ( 0.6818882558496407500, -0.5723407022048624400, -0.05463212109664870900 ) ) ;
#7502 = CARTESIAN_POINT ( 'NONE',  ( 0.6843187579467686600, -0.5723407022048624400, -0.05469271169279643600 ) ) ;
#7503 = CARTESIAN_POINT ( 'NONE',  ( 0.6855368031069936100, -0.5723407022048624400, -0.05472307664598043100 ) ) ;
#7504 = CARTESIAN_POINT ( 'NONE',  ( 0.6855368031069936100, -0.5723407022048624400, -0.05472307664598043100 ) ) ;
#7505 = CARTESIAN_POINT ( 'NONE',  ( 0.6861927828853162700, -0.5723407022048624400, -0.05470793052688759800 ) ) ;
#7506 = CARTESIAN_POINT ( 'NONE',  ( 0.6874676774338568400, -0.5723407022048625500, -0.05467849409408727400 ) ) ;
#7507 = CARTESIAN_POINT ( 'NONE',  ( 0.6893341346313979200, -0.5723407022048624400, -0.05451433032869823500 ) ) ;
#7508 = CARTESIAN_POINT ( 'NONE',  ( 0.6911014334031161400, -0.5723407022048624400, -0.05421716220453040600 ) ) ;
#7509 = CARTESIAN_POINT ( 'NONE',  ( 0.6927664395055105300, -0.5723407022048626600, -0.05377192145627786300 ) ) ;
#7510 = CARTESIAN_POINT ( 'NONE',  ( 0.6943396201836974400, -0.5723407022048624400, -0.05324013681531360900 ) ) ;
#7511 = CARTESIAN_POINT ( 'NONE',  ( 0.6958164386249106000, -0.5723407022048626600, -0.05257985137593659800 ) ) ;
#7512 = CARTESIAN_POINT ( 'NONE',  ( 0.6971925821594285900, -0.5723407022048623300, -0.05179407863320601600 ) ) ;
#7513 = CARTESIAN_POINT ( 'NONE',  ( 0.6984560525378560300, -0.5723407022048627700, -0.05088169155494197400 ) ) ;
#7514 = CARTESIAN_POINT ( 'NONE',  ( 0.6995943961430970400, -0.5723407022048626600, -0.04988023044367346400 ) ) ;
#7515 = CARTESIAN_POINT ( 'NONE',  ( 0.7005950519995038900, -0.5723407022048622200, -0.04880053034590563900 ) ) ;
#7516 = CARTESIAN_POINT ( 'NONE',  ( 0.7014400510104568100, -0.5723407022048628800, -0.04764999089265750000 ) ) ;
#7517 = CARTESIAN_POINT ( 'NONE',  ( 0.7021463054129339900, -0.5723407022048623300, -0.04643282632528004200 ) ) ;
#7518 = CARTESIAN_POINT ( 'NONE',  ( 0.7026522826893355500, -0.5723407022048626600, -0.04512823259797269600 ) ) ;
#7519 = CARTESIAN_POINT ( 'NONE',  ( 0.7030581465615891600, -0.5723407022048623300, -0.04377150307590606200 ) ) ;
#7520 = CARTESIAN_POINT ( 'NONE',  ( 0.7032672531093561200, -0.5723407022048624400, -0.04233363980016962400 ) ) ;
#7521 = CARTESIAN_POINT ( 'NONE',  ( 0.7033045877744015200, -0.5723407022048624400, -0.04135270942074313600 ) ) ;
#7522 = CARTESIAN_POINT ( 'NONE',  ( 0.7033235910816770800, -0.5723407022048624400, -0.04085341683585384800 ) ) ;
#7523 = CARTESIAN_POINT ( 'NONE',  ( 0.7033235910816770800, -0.5723407022048624400, -0.04085341683585384800 ) ) ;
#7524 = CARTESIAN_POINT ( 'NONE',  ( 0.7032963727043294300, -0.5723407022048624400, -0.04000548860145197000 ) ) ;
#7525 = CARTESIAN_POINT ( 'NONE',  ( 0.7032443820642051400, -0.5723407022048623300, -0.03838583541188385400 ) ) ;
#7526 = CARTESIAN_POINT ( 'NONE',  ( 0.7028060604945700600, -0.5723407022048624400, -0.03609394140679305500 ) ) ;
#7527 = CARTESIAN_POINT ( 'NONE',  ( 0.7020125219123976000, -0.5723407022048624400, -0.03410497860684299400 ) ) ;
#7528 = CARTESIAN_POINT ( 'NONE',  ( 0.7011284272601054900, -0.5723407022048624400, -0.03264077726959441200 ) ) ;
#7529 = CARTESIAN_POINT ( 'NONE',  ( 0.7002107725845649900, -0.5723407022048625500, -0.03165451986688762300 ) ) ;
#7530 = CARTESIAN_POINT ( 'NONE',  ( 0.6994375014222428100, -0.5723407022048624400, -0.03093274864889764000 ) ) ;
#7531 = CARTESIAN_POINT ( 'NONE',  ( 0.6985185791680481600, -0.5723407022048625500, -0.03029342874975768400 ) ) ;
#7532 = CARTESIAN_POINT ( 'NONE',  ( 0.6975149881112009400, -0.5723407022048624400, -0.02965758566261824900 ) ) ;
#7533 = CARTESIAN_POINT ( 'NONE',  ( 0.6963723415185928400, -0.5723407022048624400, -0.02911429234072907700 ) ) ;
#7534 = CARTESIAN_POINT ( 'NONE',  ( 0.6951306436840984900, -0.5723407022048626600, -0.02858778747197125400 ) ) ;
#7535 = CARTESIAN_POINT ( 'NONE',  ( 0.6937624303945760800, -0.5723407022048624400, -0.02812178310333795000 ) ) ;
#7536 = CARTESIAN_POINT ( 'NONE',  ( 0.6928063035374265600, -0.5723407022048624400, -0.02784814814588349900 ) ) ;
#7537 = CARTESIAN_POINT ( 'NONE',  ( 0.6923119217778795900, -0.5723407022048624400, -0.02770666050673991800 ) ) ;
#7538 = CARTESIAN_POINT ( 'NONE',  ( 0.03319700880319696000, -0.07234070220486343800, -0.1822547222156006800 ) ) ;
#7539 = DIRECTION ( 'NONE',  ( -0.0000000000000000000, 0.0000000000000000000, 1.000000000000000000 ) ) ;
#7540 = DIRECTION ( 'NONE',  ( 1.000000000000000000, 0.0000000000000000000, 0.0000000000000000000 ) ) ;
#7541 = CARTESIAN_POINT ( 'NONE',  ( 0.03319700880319697400, -0.2048407022048634700, -0.1822547222156006800 ) ) ;
#7542 = DIRECTION ( 'NONE',  ( 0.0000000000000000000, 0.0000000000000000000, 1.000000000000000000 ) ) ;
#7543 = CARTESIAN_POINT ( 'NONE',  ( 0.03319700880319696000, -0.07234070220486343800, 0.1777452777843993900 ) ) ;
#7544 = DIRECTION ( 'NONE',  ( -0.0000000000000000000, -0.0000000000000000000, -1.000000000000000000 ) ) ;
#7545 = DIRECTION ( 'NONE',  ( 1.000000000000000000, 0.0000000000000000000, 0.0000000000000000000 ) ) ;
#7546 = CARTESIAN_POINT ( 'NONE',  ( 0.08319700880319554100, 0.06015929779513658200, 0.1777452777843993900 ) ) ;
#7547 = DIRECTION ( 'NONE',  ( -1.000000000000000000, 0.0000000000000000000, 0.0000000000000000000 ) ) ;
#7548 = CARTESIAN_POINT ( 'NONE',  ( -1.066802991196802700, 0.06015929779513658200, -0.1822547222156006800 ) ) ;
#7549 = DIRECTION ( 'NONE',  ( 0.0000000000000000000, 0.0000000000000000000, 1.000000000000000000 ) ) ;
#7550 = CARTESIAN_POINT ( 'NONE',  ( 0.08319700880319554100, 0.06015929779513658200, -0.1822547222156006800 ) ) ;
#7551 = DIRECTION ( 'NONE',  ( 1.000000000000000000, 0.0000000000000000000, 0.0000000000000000000 ) ) ;
#7552 = CARTESIAN_POINT ( 'NONE',  ( 0.08319700880319531900, -0.2048407022048634700, 0.1777452777843993900 ) ) ;
#7553 = DIRECTION ( 'NONE',  ( 1.000000000000000000, 1.241749088029210900E-016, -0.0000000000000000000 ) ) ;
#7554 = CARTESIAN_POINT ( 'NONE',  ( -1.066802991196802700, -0.2048407022048634700, -0.1822547222156006800 ) ) ;
#7555 = DIRECTION ( 'NONE',  ( 0.0000000000000000000, 0.0000000000000000000, 1.000000000000000000 ) ) ;
#7556 = CARTESIAN_POINT ( 'NONE',  ( 0.4973564233601581700, -0.5718407022048629400, 0.1011966227211082000 ) ) ;
#7557 = DIRECTION ( 'NONE',  ( 1.622879996236195800E-015, -1.000000000000000000, -0.0000000000000000000 ) ) ;
#7558 = CARTESIAN_POINT ( 'NONE',  ( 0.4973564233601581700, -0.5718407022048629400, 0.1011966227211082000 ) ) ;
#7559 = CARTESIAN_POINT ( 'NONE',  ( 0.4968628783367696800, -0.5718407022048629400, 0.1013131092498403100 ) ) ;
#7560 = CARTESIAN_POINT ( 'NONE',  ( 0.4957852006175981800, -0.5718407022048628300, 0.1015674628156738000 ) ) ;
#7561 = CARTESIAN_POINT ( 'NONE',  ( 0.4940276566039281100, -0.5718407022048630500, 0.1019550116474073500 ) ) ;
#7562 = CARTESIAN_POINT ( 'NONE',  ( 0.4919862508649849300, -0.5718407022048628300, 0.1023680043181506000 ) ) ;
#7563 = CARTESIAN_POINT ( 'NONE',  ( 0.4897396263838081900, -0.5718407022048627200, 0.1028014169158775200 ) ) ;
#7564 = CARTESIAN_POINT ( 'NONE',  ( 0.4874444132093623800, -0.5718407022048628300, 0.1032698938747856200 ) ) ;
#7565 = CARTESIAN_POINT ( 'NONE',  ( 0.4852583594868376000, -0.5718407022048628300, 0.1037472102955348500 ) ) ;
#7566 = CARTESIAN_POINT ( 'NONE',  ( 0.4832606268678129600, -0.5718407022048628300, 0.1042465776349750100 ) ) ;
#7567 = CARTESIAN_POINT ( 'NONE',  ( 0.4819970521167118400, -0.5718407022048628300, 0.1045998118138811900 ) ) ;
#7568 = CARTESIAN_POINT ( 'NONE',  ( 0.4813932113348416400, -0.5718407022048628300, 0.1047686163919942900 ) ) ;
#7569 = CARTESIAN_POINT ( 'NONE',  ( 0.8780813046892719200, -0.5718407022048622700, -0.02533620955737284100 ) ) ;
#7570 = DIRECTION ( 'NONE',  ( 1.622879996236195800E-015, -1.000000000000000000, -0.0000000000000000000 ) ) ;
#7571 = CARTESIAN_POINT ( 'NONE',  ( 0.8780813046892719200, -0.5718407022048622700, -0.02533620955737284100 ) ) ;
#7572 = CARTESIAN_POINT ( 'NONE',  ( 0.8774507321888510600, -0.5718407022048621600, -0.02517822289720586500 ) ) ;
#7573 = CARTESIAN_POINT ( 'NONE',  ( 0.8762147121455196000, -0.5718407022048622700, -0.02486854450429319700 ) ) ;
#7574 = CARTESIAN_POINT ( 'NONE',  ( 0.8744324853911308300, -0.5718407022048622700, -0.02423633976318309900 ) ) ;
#7575 = CARTESIAN_POINT ( 'NONE',  ( 0.8727555121940341300, -0.5718407022048620500, -0.02348521887155887900 ) ) ;
#7576 = CARTESIAN_POINT ( 'NONE',  ( 0.8711751338675204300, -0.5718407022048624900, -0.02260129119856827900 ) ) ;
#7577 = CARTESIAN_POINT ( 'NONE',  ( 0.8696980569811116900, -0.5718407022048620500, -0.02159791745467998900 ) ) ;
#7578 = CARTESIAN_POINT ( 'NONE',  ( 0.8683297864599981400, -0.5718407022048622700, -0.02046139656579974400 ) ) ;
#7579 = CARTESIAN_POINT ( 'NONE',  ( 0.8670584589511956000, -0.5718407022048622700, -0.01921200816414148100 ) ) ;
#7580 = CARTESIAN_POINT ( 'NONE',  ( 0.8659012935478595000, -0.5718407022048622700, -0.01783158872643595500 ) ) ;
#7581 = CARTESIAN_POINT ( 'NONE',  ( 0.8648592496603868500, -0.5718407022048621600, -0.01634423752959452200 ) ) ;
#7582 = CARTESIAN_POINT ( 'NONE',  ( 0.8639678558284162900, -0.5718407022048622700, -0.01474414060912166700 ) ) ;
#7583 = CARTESIAN_POINT ( 'NONE',  ( 0.8631878495616621700, -0.5718407022048623800, -0.01306899915330736100 ) ) ;
#7584 = CARTESIAN_POINT ( 'NONE',  ( 0.8625694004822271900, -0.5718407022048622700, -0.01128718518481193500 ) ) ;
#7585 = CARTESIAN_POINT ( 'NONE',  ( 0.8620738533163164700, -0.5718407022048622700, -0.009417132464092837000 ) ) ;
#7586 = CARTESIAN_POINT ( 'NONE',  ( 0.8617544631881320900, -0.5718407022048621600, -0.007439891187259067300 ) ) ;
#7587 = CARTESIAN_POINT ( 'NONE',  ( 0.8615188849229786800, -0.5718407022048623800, -0.005375132112852489900 ) ) ;
#7588 = CARTESIAN_POINT ( 'NONE',  ( 0.8614985117533973100, -0.5718407022048622700, -0.003963641141749096400 ) ) ;
#7589 = CARTESIAN_POINT ( 'NONE',  ( 0.8614881480437024400, -0.5718407022048622700, -0.003245624114334854000 ) ) ;
#7590 = CARTESIAN_POINT ( 'NONE',  ( 0.8614881480437024400, -0.5718407022048622700, -0.003245624114334854000 ) ) ;
#7591 = DIRECTION ( 'NONE',  ( 1.622879996236195800E-015, -1.000000000000000000, -0.0000000000000000000 ) ) ;
#7592 = CARTESIAN_POINT ( 'NONE',  ( 0.8614881480437024400, -0.5718407022048622700, -0.003245624114334854000 ) ) ;
#7593 = CARTESIAN_POINT ( 'NONE',  ( 0.8615114983686726900, -0.5718407022048622700, -0.002224095257315885300 ) ) ;
#7594 = CARTESIAN_POINT ( 'NONE',  ( 0.8615568544683462900, -0.5718407022048622700, -0.0002398588615778515600 ) ) ;
#7595 = CARTESIAN_POINT ( 'NONE',  ( 0.8619796168612232600, -0.5718407022048620500, 0.002640980656136978800 ) ) ;
#7596 = CARTESIAN_POINT ( 'NONE',  ( 0.8626143403834178900, -0.5718407022048622700, 0.005350050841876933000 ) ) ;
#7597 = CARTESIAN_POINT ( 'NONE',  ( 0.8635697642542491400, -0.5718407022048621600, 0.007855437448316501800 ) ) ;
#7598 = CARTESIAN_POINT ( 'NONE',  ( 0.8647308711692880400, -0.5718407022048623800, 0.01016806738604406400 ) ) ;
#7599 = CARTESIAN_POINT ( 'NONE',  ( 0.8660804262286326800, -0.5718407022048622700, 0.01227173860019786800 ) ) ;
#7600 = CARTESIAN_POINT ( 'NONE',  ( 0.8675884120483290400, -0.5718407022048621600, 0.01419281468652780800 ) ) ;
#7601 = CARTESIAN_POINT ( 'NONE',  ( 0.8687689371010718400, -0.5718407022048622700, 0.01527878591102268200 ) ) ;
#7602 = CARTESIAN_POINT ( 'NONE',  ( 0.8693560277905376700, -0.5718407022048622700, 0.01581885373376641000 ) ) ;
#7603 = CARTESIAN_POINT ( 'NONE',  ( 0.8693560277905376700, -0.5718407022048622700, 0.01581885373376641000 ) ) ;
#7604 = DIRECTION ( 'NONE',  ( 1.622879996236195800E-015, -1.000000000000000000, -0.0000000000000000000 ) ) ;
#7605 = CARTESIAN_POINT ( 'NONE',  ( 0.8693560277905376700, -0.5718407022048622700, 0.01581885373376641000 ) ) ;
#7606 = CARTESIAN_POINT ( 'NONE',  ( 0.8700736627635671200, -0.5718407022048622700, 0.01641034147748717000 ) ) ;
#7607 = CARTESIAN_POINT ( 'NONE',  ( 0.8714921849048227200, -0.5718407022048622700, 0.01757951312084698700 ) ) ;
#7608 = CARTESIAN_POINT ( 'NONE',  ( 0.8737910091850423800, -0.5718407022048622700, 0.01906905529123138100 ) ) ;
#7609 = CARTESIAN_POINT ( 'NONE',  ( 0.8762047160176885700, -0.5718407022048622700, 0.02026215671444389300 ) ) ;
#7610 = CARTESIAN_POINT ( 'NONE',  ( 0.8787566424815541600, -0.5718407022048620500, 0.02120867739650069200 ) ) ;
#7611 = CARTESIAN_POINT ( 'NONE',  ( 0.8815322190075066700, -0.5718407022048621600, 0.02192524940654313300 ) ) ;
#7612 = CARTESIAN_POINT ( 'NONE',  ( 0.8846196903805945100, -0.5718407022048624900, 0.02238518186979800800 ) ) ;
#7613 = CARTESIAN_POINT ( 'NONE',  ( 0.8880442863050856900, -0.5718407022048620500, 0.02269684518433509300 ) ) ;
#7614 = CARTESIAN_POINT ( 'NONE',  ( 0.8904427213729969600, -0.5718407022048621600, 0.02272863130145293500 ) ) ;
#7615 = CARTESIAN_POINT ( 'NONE',  ( 0.8916987888664872400, -0.5718407022048622700, 0.02274527778439932100 ) ) ;
#7616 = CARTESIAN_POINT ( 'NONE',  ( 0.8916987888664872400, -0.5718407022048622700, 0.02274527778439932100 ) ) ;
#7617 = DIRECTION ( 'NONE',  ( 1.622879996236195800E-015, -1.000000000000000000, -0.0000000000000000000 ) ) ;
#7618 = CARTESIAN_POINT ( 'NONE',  ( 0.8916987888664872400, -0.5718407022048622700, 0.02274527778439932100 ) ) ;
#7619 = DIRECTION ( 'NONE',  ( 1.000000000000000000, 2.546970948915084200E-015, 0.0000000000000000000 ) ) ;
#7620 = CARTESIAN_POINT ( 'NONE',  ( 0.9185134644993984100, -0.5718407022048621600, 0.02274527778439932100 ) ) ;
#7621 = DIRECTION ( 'NONE',  ( 1.622879996236195800E-015, -1.000000000000000000, -0.0000000000000000000 ) ) ;
#7622 = CARTESIAN_POINT ( 'NONE',  ( 0.9185134644993984100, -0.5718407022048621600, 0.02274527778439932100 ) ) ;
#7623 = DIRECTION ( 'NONE',  ( 0.0000000000000000000, 0.0000000000000000000, -1.000000000000000000 ) ) ;
#7624 = CARTESIAN_POINT ( 'NONE',  ( 0.9185134644993984100, -0.5718407022048621600, -0.06225472221560066100 ) ) ;
#7625 = DIRECTION ( 'NONE',  ( 1.622879996236195800E-015, -1.000000000000000000, -0.0000000000000000000 ) ) ;
#7626 = CARTESIAN_POINT ( 'NONE',  ( 0.9185134644993984100, -0.5718407022048621600, -0.06225472221560066100 ) ) ;
#7627 = DIRECTION ( 'NONE',  ( -1.000000000000000000, 0.0000000000000000000, 0.0000000000000000000 ) ) ;
#7628 = CARTESIAN_POINT ( 'NONE',  ( 0.8961202682968669700, -0.5718407022048621600, -0.06225472221560066100 ) ) ;
#7629 = DIRECTION ( 'NONE',  ( 1.622879996236195800E-015, -1.000000000000000000, -0.0000000000000000000 ) ) ;
#7630 = CARTESIAN_POINT ( 'NONE',  ( 0.8961202682968669700, -0.5718407022048621600, -0.06225472221560066100 ) ) ;
#7631 = CARTESIAN_POINT ( 'NONE',  ( 0.8954533923630291200, -0.5718407022048621600, -0.06225037609103303800 ) ) ;
#7632 = CARTESIAN_POINT ( 'NONE',  ( 0.8941587905915230300, -0.5718407022048621600, -0.06224193898859912300 ) ) ;
#7633 = CARTESIAN_POINT ( 'NONE',  ( 0.8922869402033284400, -0.5718407022048622700, -0.06220917566630778500 ) ) ;
#7634 = CARTESIAN_POINT ( 'NONE',  ( 0.8905440960252132300, -0.5718407022048623800, -0.06215728431245820500 ) ) ;
#7635 = CARTESIAN_POINT ( 'NONE',  ( 0.8889293191189570100, -0.5718407022048622700, -0.06209691538273243200 ) ) ;
#7636 = CARTESIAN_POINT ( 'NONE',  ( 0.8874442989923822000, -0.5718407022048621600, -0.06199402945449981200 ) ) ;
#7637 = CARTESIAN_POINT ( 'NONE',  ( 0.8860881554747661600, -0.5718407022048622700, -0.06187482440385005900 ) ) ;
#7638 = CARTESIAN_POINT ( 'NONE',  ( 0.8848641003379420500, -0.5718407022048621600, -0.06174932031025042600 ) ) ;
#7639 = CARTESIAN_POINT ( 'NONE',  ( 0.8834077850932912100, -0.5718407022048622700, -0.06152176622294289900 ) ) ;
#7640 = CARTESIAN_POINT ( 'NONE',  ( 0.8816878607848931400, -0.5718407022048622700, -0.06116138039435945600 ) ) ;
#7641 = CARTESIAN_POINT ( 'NONE',  ( 0.8796887896462117800, -0.5718407022048620500, -0.06053316152699673300 ) ) ;
#7642 = CARTESIAN_POINT ( 'NONE',  ( 0.8777384588794111500, -0.5718407022048623800, -0.05971001981224548200 ) ) ;
#7643 = CARTESIAN_POINT ( 'NONE',  ( 0.8764901391075079500, -0.5718407022048621600, -0.05903181685102848500 ) ) ;
#7644 = CARTESIAN_POINT ( 'NONE',  ( 0.8758621591196518200, -0.5718407022048622700, -0.05869063993711967600 ) ) ;
#7645 = CARTESIAN_POINT ( 'NONE',  ( 0.8758621591196518200, -0.5718407022048622700, -0.05869063993711967600 ) ) ;
#7646 = DIRECTION ( 'NONE',  ( 1.622879996236195800E-015, -1.000000000000000000, -0.0000000000000000000 ) ) ;
#7647 = CARTESIAN_POINT ( 'NONE',  ( 0.8758621591196518200, -0.5718407022048622700, -0.05869063993711967600 ) ) ;
#7648 = CARTESIAN_POINT ( 'NONE',  ( 0.8752056519953483900, -0.5718407022048622700, -0.05826460992317476800 ) ) ;
#7649 = CARTESIAN_POINT ( 'NONE',  ( 0.8739227366483852700, -0.5718407022048622700, -0.05743208210599881600 ) ) ;
#7650 = CARTESIAN_POINT ( 'NONE',  ( 0.8722376239918417900, -0.5718407022048620500, -0.05592534246208220900 ) ) ;
#7651 = CARTESIAN_POINT ( 'NONE',  ( 0.8708634301301675400, -0.5718407022048622700, -0.05421856776027403300 ) ) ;
#7652 = CARTESIAN_POINT ( 'NONE',  ( 0.8697531618986111800, -0.5718407022048619400, -0.05234669127051291100 ) ) ;
#7653 = CARTESIAN_POINT ( 'NONE',  ( 0.8689238407921282500, -0.5718407022048624900, -0.05028115363885126600 ) ) ;
#7654 = CARTESIAN_POINT ( 'NONE',  ( 0.8683718322537766800, -0.5718407022048620500, -0.04803277443449956200 ) ) ;
#7655 = CARTESIAN_POINT ( 'NONE',  ( 0.8680026805818248400, -0.5718407022048623800, -0.04560640160531777300 ) ) ;
#7656 = CARTESIAN_POINT ( 'NONE',  ( 0.8679639144522702800, -0.5718407022048623800, -0.04392582679414516100 ) ) ;
#7657 = CARTESIAN_POINT ( 'NONE',  ( 0.8679438442462339400, -0.5718407022048622700, -0.04305575069661332600 ) ) ;
#7658 = CARTESIAN_POINT ( 'NONE',  ( 0.8679438442462339400, -0.5718407022048622700, -0.04305575069661332600 ) ) ;
#7659 = DIRECTION ( 'NONE',  ( 1.622879996236195800E-015, -1.000000000000000000, -0.0000000000000000000 ) ) ;
#7660 = CARTESIAN_POINT ( 'NONE',  ( 0.8679438442462339400, -0.5718407022048622700, -0.04305575069661332600 ) ) ;
#7661 = CARTESIAN_POINT ( 'NONE',  ( 0.8679719480328498300, -0.5718407022048622700, -0.04207241655015411100 ) ) ;
#7662 = CARTESIAN_POINT ( 'NONE',  ( 0.8680263393434489700, -0.5718407022048623800, -0.04016929816565204000 ) ) ;
#7663 = CARTESIAN_POINT ( 'NONE',  ( 0.8685635619494906900, -0.5718407022048620500, -0.03743675820806716100 ) ) ;
#7664 = CARTESIAN_POINT ( 'NONE',  ( 0.8694147619095132800, -0.5718407022048623800, -0.03492428241697739100 ) ) ;
#7665 = CARTESIAN_POINT ( 'NONE',  ( 0.8706455636520358300, -0.5718407022048620500, -0.03265928537369569600 ) ) ;
#7666 = CARTESIAN_POINT ( 'NONE',  ( 0.8721582452430268800, -0.5718407022048624900, -0.03061771048018924900 ) ) ;
#7667 = CARTESIAN_POINT ( 'NONE',  ( 0.8738975645588592500, -0.5718407022048621600, -0.02877235116934406500 ) ) ;
#7668 = CARTESIAN_POINT ( 'NONE',  ( 0.8758778508101611200, -0.5718407022048621600, -0.02714205445195644300 ) ) ;
#7669 = CARTESIAN_POINT ( 'NONE',  ( 0.8773413488114876200, -0.5718407022048622700, -0.02624412550044207000 ) ) ;
#7670 = CARTESIAN_POINT ( 'NONE',  ( 0.8780813046892719200, -0.5718407022048622700, -0.02579012569661335400 ) ) ;
#7671 = CARTESIAN_POINT ( 'NONE',  ( 0.8780813046892719200, -0.5718407022048622700, -0.02579012569661335400 ) ) ;
#7672 = DIRECTION ( 'NONE',  ( 1.622879996236195800E-015, -1.000000000000000000, -0.0000000000000000000 ) ) ;
#7673 = CARTESIAN_POINT ( 'NONE',  ( 0.8780813046892719200, -0.5718407022048622700, -0.02579012569661335400 ) ) ;
#7674 = DIRECTION ( 'NONE',  ( 0.0000000000000000000, 0.0000000000000000000, 1.000000000000000000 ) ) ;
#7675 = CARTESIAN_POINT ( 'NONE',  ( 0.9088299201956011600, -0.5718407022048621600, 0.01306173348060183300 ) ) ;
#7676 = DIRECTION ( 'NONE',  ( -1.000000000000000000, -5.122848251600971400E-015, 0.0000000000000000000 ) ) ;
#7677 = CARTESIAN_POINT ( 'NONE',  ( 0.8954982350690187100, -0.5718407022048622700, 0.01306173348060183300 ) ) ;
#7678 = CARTESIAN_POINT ( 'NONE',  ( 0.8944445648195603600, -0.5718407022048622700, 0.01305135014025985400 ) ) ;
#7679 = CARTESIAN_POINT ( 'NONE',  ( 0.8924371746567876200, -0.5718407022048622700, 0.01303156841512347400 ) ) ;
#7680 = CARTESIAN_POINT ( 'NONE',  ( 0.8895765034793917700, -0.5718407022048624900, 0.01290353341506618800 ) ) ;
#7681 = CARTESIAN_POINT ( 'NONE',  ( 0.8870116003217214400, -0.5718407022048622700, 0.01267409464254954200 ) ) ;
#7682 = CARTESIAN_POINT ( 'NONE',  ( 0.8847253534178769500, -0.5718407022048622700, 0.01234255071192364900 ) ) ;
#7683 = CARTESIAN_POINT ( 'NONE',  ( 0.8826737915888367400, -0.5718407022048622700, 0.01190399896726339900 ) ) ;
#7684 = CARTESIAN_POINT ( 'NONE',  ( 0.8808469942986008000, -0.5718407022048622700, 0.01127098803304777400 ) ) ;
#7685 = CARTESIAN_POINT ( 'NONE',  ( 0.8791872716793918100, -0.5718407022048622700, 0.01051441638442815800 ) ) ;
#7686 = CARTESIAN_POINT ( 'NONE',  ( 0.8782185318145678800, -0.5718407022048621600, 0.009842738386492085000 ) ) ;
#7687 = CARTESIAN_POINT ( 'NONE',  ( 0.8777450705120567500, -0.5718407022048622700, 0.009514462910981610900 ) ) ;
#7688 = CARTESIAN_POINT ( 'NONE',  ( 0.9088299201956011600, -0.5718407022048621600, -0.01814079816496777900 ) ) ;
#7689 = DIRECTION ( 'NONE',  ( 0.0000000000000000000, 0.0000000000000000000, 1.000000000000000000 ) ) ;
#7690 = CARTESIAN_POINT ( 'NONE',  ( 0.8930101021576264400, -0.5718407022048622700, -0.01814079816496777900 ) ) ;
#7691 = DIRECTION ( 'NONE',  ( 1.000000000000000000, 4.317129291731727300E-015, 0.0000000000000000000 ) ) ;
#7692 = CARTESIAN_POINT ( 'NONE',  ( 0.8786024676639554400, -0.5718407022048622700, -0.01588802917762600900 ) ) ;
#7693 = CARTESIAN_POINT ( 'NONE',  ( 0.8790295571530244400, -0.5718407022048622700, -0.01611074532008923600 ) ) ;
#7694 = CARTESIAN_POINT ( 'NONE',  ( 0.8799019979254570900, -0.5718407022048622700, -0.01656570065927932100 ) ) ;
#7695 = CARTESIAN_POINT ( 'NONE',  ( 0.8813325037613594100, -0.5718407022048622700, -0.01707870586312291300 ) ) ;
#7696 = CARTESIAN_POINT ( 'NONE',  ( 0.8828836901825882800, -0.5718407022048622700, -0.01748821258894188800 ) ) ;
#7697 = CARTESIAN_POINT ( 'NONE',  ( 0.8845816319596320200, -0.5718407022048622700, -0.01774152116370616600 ) ) ;
#7698 = CARTESIAN_POINT ( 'NONE',  ( 0.8864340449808257900, -0.5718407022048621600, -0.01791986322937252900 ) ) ;
#7699 = CARTESIAN_POINT ( 'NONE',  ( 0.8884578716474277300, -0.5718407022048622700, -0.01805755192915304100 ) ) ;
#7700 = CARTESIAN_POINT ( 'NONE',  ( 0.8906729776641730800, -0.5718407022048621600, -0.01811370245199735200 ) ) ;
#7701 = CARTESIAN_POINT ( 'NONE',  ( 0.8922087349005684000, -0.5718407022048622700, -0.01813150742446940900 ) ) ;
#7702 = CARTESIAN_POINT ( 'NONE',  ( 0.8930101021576264400, -0.5718407022048622700, -0.01814079816496777900 ) ) ;
#7703 = CARTESIAN_POINT ( 'NONE',  ( 0.8722476417145883500, -0.5718407022048622700, -0.002758084557372813300 ) ) ;
#7704 = CARTESIAN_POINT ( 'NONE',  ( 0.8722628646044563400, -0.5718407022048622700, -0.003559954111454940100 ) ) ;
#7705 = CARTESIAN_POINT ( 'NONE',  ( 0.8722917984427905900, -0.5718407022048622700, -0.005084051325845376700 ) ) ;
#7706 = CARTESIAN_POINT ( 'NONE',  ( 0.8725302840192220600, -0.5718407022048621600, -0.007244606912586754200 ) ) ;
#7707 = CARTESIAN_POINT ( 'NONE',  ( 0.8729735148960280400, -0.5718407022048622700, -0.009140490232473656000 ) ) ;
#7708 = CARTESIAN_POINT ( 'NONE',  ( 0.8735460493630127200, -0.5718407022048621600, -0.01082493885448079600 ) ) ;
#7709 = CARTESIAN_POINT ( 'NONE',  ( 0.8744091805128253500, -0.5718407022048623800, -0.01230759880212647200 ) ) ;
#7710 = CARTESIAN_POINT ( 'NONE',  ( 0.8755362370005693700, -0.5718407022048621600, -0.01364552062061895000 ) ) ;
#7711 = CARTESIAN_POINT ( 'NONE',  ( 0.8769474254482785300, -0.5718407022048623800, -0.01486562914721972300 ) ) ;
#7712 = CARTESIAN_POINT ( 'NONE',  ( 0.8780371767484822500, -0.5718407022048622700, -0.01553882149960202200 ) ) ;
#7713 = CARTESIAN_POINT ( 'NONE',  ( 0.8786024676639554400, -0.5718407022048622700, -0.01588802917762600900 ) ) ;
#7714 = CARTESIAN_POINT ( 'NONE',  ( 0.9088299201956011600, -0.5718407022048621600, -0.02782434246876523000 ) ) ;
#7715 = DIRECTION ( 'NONE',  ( -1.000000000000000000, -5.241830533573641000E-015, 0.0000000000000000000 ) ) ;
#7716 = CARTESIAN_POINT ( 'NONE',  ( 0.8777450705120567500, -0.5718407022048622700, 0.009514462910981610900 ) ) ;
#7717 = CARTESIAN_POINT ( 'NONE',  ( 0.8772939014115923600, -0.5718407022048621600, 0.009142724981776746300 ) ) ;
#7718 = CARTESIAN_POINT ( 'NONE',  ( 0.8764140705820564500, -0.5718407022048622700, 0.008417793929792414700 ) ) ;
#7719 = CARTESIAN_POINT ( 'NONE',  ( 0.8752615946503201600, -0.5718407022048624900, 0.007194632054551035000 ) ) ;
#7720 = CARTESIAN_POINT ( 'NONE',  ( 0.8742913560391349900, -0.5718407022048620500, 0.005897311516075435600 ) ) ;
#7721 = CARTESIAN_POINT ( 'NONE',  ( 0.8735176541009874700, -0.5718407022048622700, 0.004490206162320255400 ) ) ;
#7722 = CARTESIAN_POINT ( 'NONE',  ( 0.8729390968910921700, -0.5718407022048621600, 0.002944237601148533000 ) ) ;
#7723 = CARTESIAN_POINT ( 'NONE',  ( 0.8725447675926791800, -0.5718407022048624900, 0.001220139978238052700 ) ) ;
#7724 = CARTESIAN_POINT ( 'NONE',  ( 0.8722889466682367500, -0.5718407022048622700, -0.0006994355685581078100 ) ) ;
#7725 = CARTESIAN_POINT ( 'NONE',  ( 0.8722618268741791900, -0.5718407022048621600, -0.002051092735116579200 ) ) ;
#7726 = CARTESIAN_POINT ( 'NONE',  ( 0.8722476417145883500, -0.5718407022048622700, -0.002758084557372813300 ) ) ;
#7727 = CARTESIAN_POINT ( 'NONE',  ( 0.8958008458285124900, -0.5718407022048622700, -0.02782434246876523000 ) ) ;
#7728 = CARTESIAN_POINT ( 'NONE',  ( 0.8950554674633882700, -0.5718407022048622700, -0.02783078240117444300 ) ) ;
#7729 = CARTESIAN_POINT ( 'NONE',  ( 0.8936423999229170500, -0.5718407022048622700, -0.02784299104563755700 ) ) ;
#7730 = CARTESIAN_POINT ( 'NONE',  ( 0.8916386289276614400, -0.5718407022048622700, -0.02793324002825373800 ) ) ;
#7731 = CARTESIAN_POINT ( 'NONE',  ( 0.8898727747590311500, -0.5718407022048621600, -0.02812433899277634900 ) ) ;
#7732 = CARTESIAN_POINT ( 'NONE',  ( 0.8883084259668183600, -0.5718407022048622700, -0.02835089347899528600 ) ) ;
#7733 = CARTESIAN_POINT ( 'NONE',  ( 0.8868839720132759600, -0.5718407022048622700, -0.02867928978288727300 ) ) ;
#7734 = CARTESIAN_POINT ( 'NONE',  ( 0.8855654082932775700, -0.5718407022048622700, -0.02920758650798032200 ) ) ;
#7735 = CARTESIAN_POINT ( 'NONE',  ( 0.8842750317443782700, -0.5718407022048620500, -0.02983369353529224600 ) ) ;
#7736 = CARTESIAN_POINT ( 'NONE',  ( 0.8834774633467644700, -0.5718407022048621600, -0.03037509301120816500 ) ) ;
#7737 = CARTESIAN_POINT ( 'NONE',  ( 0.8830743822209175000, -0.5718407022048622700, -0.03064870955737282500 ) ) ;
#7738 = CARTESIAN_POINT ( 'NONE',  ( 0.9088299201956011600, -0.5718407022048621600, -0.05257117791180320600 ) ) ;
#7739 = DIRECTION ( 'NONE',  ( 0.0000000000000000000, 0.0000000000000000000, 1.000000000000000000 ) ) ;
#7740 = CARTESIAN_POINT ( 'NONE',  ( 0.8968263600690188400, -0.5718407022048621600, -0.05257117791180320600 ) ) ;
#7741 = DIRECTION ( 'NONE',  ( 1.000000000000000000, 0.0000000000000000000, 0.0000000000000000000 ) ) ;
#7742 = CARTESIAN_POINT ( 'NONE',  ( 0.8825700309550949000, -0.5718407022048623800, -0.05026797379787918000 ) ) ;
#7743 = CARTESIAN_POINT ( 'NONE',  ( 0.8829844242312615600, -0.5718407022048622700, -0.05051485839415270600 ) ) ;
#7744 = CARTESIAN_POINT ( 'NONE',  ( 0.8838249344271069700, -0.5718407022048624900, -0.05101561222463130200 ) ) ;
#7745 = CARTESIAN_POINT ( 'NONE',  ( 0.8852261875948571600, -0.5718407022048620500, -0.05156574003169350100 ) ) ;
#7746 = CARTESIAN_POINT ( 'NONE',  ( 0.8867507171123567600, -0.5718407022048622700, -0.05196639193135364800 ) ) ;
#7747 = CARTESIAN_POINT ( 'NONE',  ( 0.8884189441300425200, -0.5718407022048621600, -0.05222693970342100200 ) ) ;
#7748 = CARTESIAN_POINT ( 'NONE',  ( 0.8902446750044238400, -0.5718407022048622700, -0.05238819227532522100 ) ) ;
#7749 = CARTESIAN_POINT ( 'NONE',  ( 0.8922588402075708500, -0.5718407022048622700, -0.05247178930027700900 ) ) ;
#7750 = CARTESIAN_POINT ( 'NONE',  ( 0.8944717710253175000, -0.5718407022048622700, -0.05257432350315440600 ) ) ;
#7751 = CARTESIAN_POINT ( 'NONE',  ( 0.8960192481896811500, -0.5718407022048621600, -0.05257225616541773300 ) ) ;
#7752 = CARTESIAN_POINT ( 'NONE',  ( 0.8968263600690188400, -0.5718407022048621600, -0.05257117791180320600 ) ) ;
#7753 = CARTESIAN_POINT ( 'NONE',  ( 0.8787033379171201900, -0.5718407022048622700, -0.04157632031686650500 ) ) ;
#7754 = CARTESIAN_POINT ( 'NONE',  ( 0.8787078829693842900, -0.5718407022048621600, -0.04207602592343080700 ) ) ;
#7755 = CARTESIAN_POINT ( 'NONE',  ( 0.8787166001294705000, -0.5718407022048621600, -0.04303443377335947800 ) ) ;
#7756 = CARTESIAN_POINT ( 'NONE',  ( 0.8789253821815080600, -0.5718407022048622700, -0.04440785034071791800 ) ) ;
#7757 = CARTESIAN_POINT ( 'NONE',  ( 0.8791683697120336000, -0.5718407022048620500, -0.04567333637975752600 ) ) ;
#7758 = CARTESIAN_POINT ( 'NONE',  ( 0.8795784995975355300, -0.5718407022048623800, -0.04681658683627978200 ) ) ;
#7759 = CARTESIAN_POINT ( 'NONE',  ( 0.8801217185383298800, -0.5718407022048622700, -0.04784270351382174200 ) ) ;
#7760 = CARTESIAN_POINT ( 'NONE',  ( 0.8808090544600246700, -0.5718407022048622700, -0.04875829318605250800 ) ) ;
#7761 = CARTESIAN_POINT ( 'NONE',  ( 0.8816098994011003500, -0.5718407022048621600, -0.04959665584124858100 ) ) ;
#7762 = CARTESIAN_POINT ( 'NONE',  ( 0.8822478283502364100, -0.5718407022048622700, -0.05004269175875165200 ) ) ;
#7763 = CARTESIAN_POINT ( 'NONE',  ( 0.8825700309550949000, -0.5718407022048623800, -0.05026797379787918000 ) ) ;
#7764 = CARTESIAN_POINT ( 'NONE',  ( 0.8830743822209175000, -0.5718407022048622700, -0.03064870955737282500 ) ) ;
#7765 = CARTESIAN_POINT ( 'NONE',  ( 0.8826941259351421800, -0.5718407022048622700, -0.03094547234203546400 ) ) ;
#7766 = CARTESIAN_POINT ( 'NONE',  ( 0.8819470390483573600, -0.5718407022048623800, -0.03152852012638708600 ) ) ;
#7767 = CARTESIAN_POINT ( 'NONE',  ( 0.8810114139654685600, -0.5718407022048620500, -0.03259701091865789500 ) ) ;
#7768 = CARTESIAN_POINT ( 'NONE',  ( 0.8802446443674278900, -0.5718407022048623800, -0.03378598828838396500 ) ) ;
#7769 = CARTESIAN_POINT ( 'NONE',  ( 0.8796607443925855700, -0.5718407022048623800, -0.03511172391086162700 ) ) ;
#7770 = CARTESIAN_POINT ( 'NONE',  ( 0.8792227531161130900, -0.5718407022048620500, -0.03655807478636412900 ) ) ;
#7771 = CARTESIAN_POINT ( 'NONE',  ( 0.8789310316134728600, -0.5718407022048622700, -0.03812600859455126500 ) ) ;
#7772 = CARTESIAN_POINT ( 'NONE',  ( 0.8787420936306273900, -0.5718407022048622700, -0.03981212138817937600 ) ) ;
#7773 = CARTESIAN_POINT ( 'NONE',  ( 0.8787165221041546300, -0.5718407022048622700, -0.04097616290685195800 ) ) ;
#7774 = CARTESIAN_POINT ( 'NONE',  ( 0.8787033379171201900, -0.5718407022048622700, -0.04157632031686650500 ) ) ;
#7775 = CARTESIAN_POINT ( 'NONE',  ( 0.8830743822209175000, -0.5718407022048622700, -0.03064870955737282500 ) ) ;
#7776 = DIRECTION ( 'NONE',  ( 1.622879996236195800E-015, -1.000000000000000000, -0.0000000000000000000 ) ) ;
#7777 = CARTESIAN_POINT ( 'NONE',  ( 0.8830743822209175000, -0.5723407022048622200, -0.03064870955737282500 ) ) ;
#7778 = CARTESIAN_POINT ( 'NONE',  ( 0.8826941259351421800, -0.5723407022048623300, -0.03094547234203546400 ) ) ;
#7779 = CARTESIAN_POINT ( 'NONE',  ( 0.8819470390483573600, -0.5723407022048623300, -0.03152852012638708600 ) ) ;
#7780 = CARTESIAN_POINT ( 'NONE',  ( 0.8810114139654685600, -0.5723407022048621100, -0.03259701091865789500 ) ) ;
#7781 = CARTESIAN_POINT ( 'NONE',  ( 0.8802446443674278900, -0.5723407022048623300, -0.03378598828838396500 ) ) ;
#7782 = CARTESIAN_POINT ( 'NONE',  ( 0.8796607443925855700, -0.5723407022048623300, -0.03511172391086162700 ) ) ;
#7783 = CARTESIAN_POINT ( 'NONE',  ( 0.8792227531161130900, -0.5723407022048621100, -0.03655807478636412900 ) ) ;
#7784 = CARTESIAN_POINT ( 'NONE',  ( 0.8789310316134728600, -0.5723407022048623300, -0.03812600859455126500 ) ) ;
#7785 = CARTESIAN_POINT ( 'NONE',  ( 0.8787420936306273900, -0.5723407022048622200, -0.03981212138817937600 ) ) ;
#7786 = CARTESIAN_POINT ( 'NONE',  ( 0.8787165221041546300, -0.5723407022048622200, -0.04097616290685195800 ) ) ;
#7787 = CARTESIAN_POINT ( 'NONE',  ( 0.8787033379171201900, -0.5723407022048623300, -0.04157632031686650500 ) ) ;
#7788 = CARTESIAN_POINT ( 'NONE',  ( 0.8787033379171201900, -0.5718407022048622700, -0.04157632031686650500 ) ) ;
#7789 = DIRECTION ( 'NONE',  ( 1.622879996236195800E-015, -1.000000000000000000, -0.0000000000000000000 ) ) ;
#7790 = CARTESIAN_POINT ( 'NONE',  ( 0.8958008458285124900, -0.5718407022048622700, -0.02782434246876523000 ) ) ;
#7791 = DIRECTION ( 'NONE',  ( 1.622879996236195800E-015, -1.000000000000000000, -0.0000000000000000000 ) ) ;
#7792 = CARTESIAN_POINT ( 'NONE',  ( 0.8958008458285124900, -0.5723407022048622200, -0.02782434246876523000 ) ) ;
#7793 = CARTESIAN_POINT ( 'NONE',  ( 0.8950554674633882700, -0.5723407022048622200, -0.02783078240117444300 ) ) ;
#7794 = CARTESIAN_POINT ( 'NONE',  ( 0.8936423999229170500, -0.5723407022048623300, -0.02784299104563755700 ) ) ;
#7795 = CARTESIAN_POINT ( 'NONE',  ( 0.8916386289276614400, -0.5723407022048623300, -0.02793324002825373800 ) ) ;
#7796 = CARTESIAN_POINT ( 'NONE',  ( 0.8898727747590311500, -0.5723407022048621100, -0.02812433899277634900 ) ) ;
#7797 = CARTESIAN_POINT ( 'NONE',  ( 0.8883084259668183600, -0.5723407022048622200, -0.02835089347899528600 ) ) ;
#7798 = CARTESIAN_POINT ( 'NONE',  ( 0.8868839720132759600, -0.5723407022048623300, -0.02867928978288727300 ) ) ;
#7799 = CARTESIAN_POINT ( 'NONE',  ( 0.8855654082932775700, -0.5723407022048622200, -0.02920758650798032200 ) ) ;
#7800 = CARTESIAN_POINT ( 'NONE',  ( 0.8842750317443782700, -0.5723407022048621100, -0.02983369353529224600 ) ) ;
#7801 = CARTESIAN_POINT ( 'NONE',  ( 0.8834774633467644700, -0.5723407022048621100, -0.03037509301120816500 ) ) ;
#7802 = CARTESIAN_POINT ( 'NONE',  ( 0.8830743822209175000, -0.5723407022048622200, -0.03064870955737282500 ) ) ;
#7803 = CARTESIAN_POINT ( 'NONE',  ( 0.9088299201956011600, -0.5718407022048621600, -0.02782434246876523000 ) ) ;
#7804 = DIRECTION ( 'NONE',  ( 1.622879996236195800E-015, -1.000000000000000000, -0.0000000000000000000 ) ) ;
#7805 = CARTESIAN_POINT ( 'NONE',  ( 0.9088299201956011600, -0.5723407022048621100, -0.02782434246876523000 ) ) ;
#7806 = DIRECTION ( 'NONE',  ( -1.000000000000000000, -5.241830533573641000E-015, 0.0000000000000000000 ) ) ;
#7807 = CARTESIAN_POINT ( 'NONE',  ( 0.9088299201956011600, -0.5718407022048621600, -0.05257117791180320600 ) ) ;
#7808 = DIRECTION ( 'NONE',  ( 1.622879996236195800E-015, -1.000000000000000000, -0.0000000000000000000 ) ) ;
#7809 = CARTESIAN_POINT ( 'NONE',  ( 0.9088299201956011600, -0.5723407022048621100, -0.05257117791180320600 ) ) ;
#7810 = DIRECTION ( 'NONE',  ( 0.0000000000000000000, 0.0000000000000000000, 1.000000000000000000 ) ) ;
#7811 = CARTESIAN_POINT ( 'NONE',  ( 0.8968263600690188400, -0.5718407022048621600, -0.05257117791180320600 ) ) ;
#7812 = DIRECTION ( 'NONE',  ( 1.622879996236195800E-015, -1.000000000000000000, -0.0000000000000000000 ) ) ;
#7813 = CARTESIAN_POINT ( 'NONE',  ( 0.8968263600690188400, -0.5723407022048621100, -0.05257117791180320600 ) ) ;
#7814 = DIRECTION ( 'NONE',  ( 1.000000000000000000, 0.0000000000000000000, 0.0000000000000000000 ) ) ;
#7815 = CARTESIAN_POINT ( 'NONE',  ( 0.8825700309550949000, -0.5718407022048622700, -0.05026797379787918000 ) ) ;
#7816 = DIRECTION ( 'NONE',  ( 1.622879996236195800E-015, -1.000000000000000000, -0.0000000000000000000 ) ) ;
#7817 = CARTESIAN_POINT ( 'NONE',  ( 0.8825700309550949000, -0.5723407022048624400, -0.05026797379787918000 ) ) ;
#7818 = CARTESIAN_POINT ( 'NONE',  ( 0.8829844242312615600, -0.5723407022048623300, -0.05051485839415270600 ) ) ;
#7819 = CARTESIAN_POINT ( 'NONE',  ( 0.8838249344271069700, -0.5723407022048624400, -0.05101561222463130200 ) ) ;
#7820 = CARTESIAN_POINT ( 'NONE',  ( 0.8852261875948571600, -0.5723407022048621100, -0.05156574003169350100 ) ) ;
#7821 = CARTESIAN_POINT ( 'NONE',  ( 0.8867507171123567600, -0.5723407022048622200, -0.05196639193135364800 ) ) ;
#7822 = CARTESIAN_POINT ( 'NONE',  ( 0.8884189441300425200, -0.5723407022048621100, -0.05222693970342100200 ) ) ;
#7823 = CARTESIAN_POINT ( 'NONE',  ( 0.8902446750044238400, -0.5723407022048623300, -0.05238819227532522100 ) ) ;
#7824 = CARTESIAN_POINT ( 'NONE',  ( 0.8922588402075708500, -0.5723407022048622200, -0.05247178930027700900 ) ) ;
#7825 = CARTESIAN_POINT ( 'NONE',  ( 0.8944717710253175000, -0.5723407022048623300, -0.05257432350315440600 ) ) ;
#7826 = CARTESIAN_POINT ( 'NONE',  ( 0.8960192481896811500, -0.5723407022048621100, -0.05257225616541773300 ) ) ;
#7827 = CARTESIAN_POINT ( 'NONE',  ( 0.8968263600690188400, -0.5723407022048621100, -0.05257117791180320600 ) ) ;
#7828 = CARTESIAN_POINT ( 'NONE',  ( 0.8787033379171201900, -0.5723407022048623300, -0.04157632031686650500 ) ) ;
#7829 = CARTESIAN_POINT ( 'NONE',  ( 0.8787078829693842900, -0.5723407022048621100, -0.04207602592343080700 ) ) ;
#7830 = CARTESIAN_POINT ( 'NONE',  ( 0.8787166001294705000, -0.5723407022048621100, -0.04303443377335947800 ) ) ;
#7831 = CARTESIAN_POINT ( 'NONE',  ( 0.8789253821815080600, -0.5723407022048623300, -0.04440785034071791800 ) ) ;
#7832 = CARTESIAN_POINT ( 'NONE',  ( 0.8791683697120336000, -0.5723407022048620000, -0.04567333637975752600 ) ) ;
#7833 = CARTESIAN_POINT ( 'NONE',  ( 0.8795784995975355300, -0.5723407022048623300, -0.04681658683627978200 ) ) ;
#7834 = CARTESIAN_POINT ( 'NONE',  ( 0.8801217185383298800, -0.5723407022048623300, -0.04784270351382174200 ) ) ;
#7835 = CARTESIAN_POINT ( 'NONE',  ( 0.8808090544600246700, -0.5723407022048622200, -0.04875829318605250800 ) ) ;
#7836 = CARTESIAN_POINT ( 'NONE',  ( 0.8816098994011003500, -0.5723407022048621100, -0.04959665584124858100 ) ) ;
#7837 = CARTESIAN_POINT ( 'NONE',  ( 0.8822478283502364100, -0.5723407022048623300, -0.05004269175875165200 ) ) ;
#7838 = CARTESIAN_POINT ( 'NONE',  ( 0.8825700309550949000, -0.5723407022048624400, -0.05026797379787918000 ) ) ;
#7839 = CARTESIAN_POINT ( 'NONE',  ( 0.8777450705120567500, -0.5718407022048622700, 0.009514462910981610900 ) ) ;
#7840 = DIRECTION ( 'NONE',  ( 1.622879996236195800E-015, -1.000000000000000000, -0.0000000000000000000 ) ) ;
#7841 = CARTESIAN_POINT ( 'NONE',  ( 0.8777450705120567500, -0.5723407022048622200, 0.009514462910981610900 ) ) ;
#7842 = CARTESIAN_POINT ( 'NONE',  ( 0.8772939014115923600, -0.5723407022048621100, 0.009142724981776746300 ) ) ;
#7843 = CARTESIAN_POINT ( 'NONE',  ( 0.8764140705820564500, -0.5723407022048623300, 0.008417793929792414700 ) ) ;
#7844 = CARTESIAN_POINT ( 'NONE',  ( 0.8752615946503201600, -0.5723407022048624400, 0.007194632054551035000 ) ) ;
#7845 = CARTESIAN_POINT ( 'NONE',  ( 0.8742913560391349900, -0.5723407022048621100, 0.005897311516075435600 ) ) ;
#7846 = CARTESIAN_POINT ( 'NONE',  ( 0.8735176541009874700, -0.5723407022048623300, 0.004490206162320255400 ) ) ;
#7847 = CARTESIAN_POINT ( 'NONE',  ( 0.8729390968910921700, -0.5723407022048621100, 0.002944237601148533000 ) ) ;
#7848 = CARTESIAN_POINT ( 'NONE',  ( 0.8725447675926791800, -0.5723407022048624400, 0.001220139978238052700 ) ) ;
#7849 = CARTESIAN_POINT ( 'NONE',  ( 0.8722889466682367500, -0.5723407022048623300, -0.0006994355685581078100 ) ) ;
#7850 = CARTESIAN_POINT ( 'NONE',  ( 0.8722618268741791900, -0.5723407022048621100, -0.002051092735116579200 ) ) ;
#7851 = CARTESIAN_POINT ( 'NONE',  ( 0.8722476417145883500, -0.5723407022048623300, -0.002758084557372813300 ) ) ;
#7852 = CARTESIAN_POINT ( 'NONE',  ( 0.8722476417145883500, -0.5718407022048622700, -0.002758084557372813300 ) ) ;
#7853 = DIRECTION ( 'NONE',  ( 1.622879996236195800E-015, -1.000000000000000000, -0.0000000000000000000 ) ) ;
#7854 = CARTESIAN_POINT ( 'NONE',  ( 0.8954982350690187100, -0.5718407022048622700, 0.01306173348060183300 ) ) ;
#7855 = DIRECTION ( 'NONE',  ( 1.622879996236195800E-015, -1.000000000000000000, -0.0000000000000000000 ) ) ;
#7856 = CARTESIAN_POINT ( 'NONE',  ( 0.8954982350690187100, -0.5723407022048622200, 0.01306173348060183300 ) ) ;
#7857 = CARTESIAN_POINT ( 'NONE',  ( 0.8944445648195603600, -0.5723407022048622200, 0.01305135014025985400 ) ) ;
#7858 = CARTESIAN_POINT ( 'NONE',  ( 0.8924371746567876200, -0.5723407022048623300, 0.01303156841512347400 ) ) ;
#7859 = CARTESIAN_POINT ( 'NONE',  ( 0.8895765034793917700, -0.5723407022048624400, 0.01290353341506618800 ) ) ;
#7860 = CARTESIAN_POINT ( 'NONE',  ( 0.8870116003217214400, -0.5723407022048623300, 0.01267409464254954200 ) ) ;
#7861 = CARTESIAN_POINT ( 'NONE',  ( 0.8847253534178769500, -0.5723407022048622200, 0.01234255071192364900 ) ) ;
#7862 = CARTESIAN_POINT ( 'NONE',  ( 0.8826737915888367400, -0.5723407022048623300, 0.01190399896726339900 ) ) ;
#7863 = CARTESIAN_POINT ( 'NONE',  ( 0.8808469942986008000, -0.5723407022048622200, 0.01127098803304777400 ) ) ;
#7864 = CARTESIAN_POINT ( 'NONE',  ( 0.8791872716793918100, -0.5723407022048623300, 0.01051441638442815800 ) ) ;
#7865 = CARTESIAN_POINT ( 'NONE',  ( 0.8782185318145678800, -0.5723407022048621100, 0.009842738386492085000 ) ) ;
#7866 = CARTESIAN_POINT ( 'NONE',  ( 0.8777450705120567500, -0.5723407022048622200, 0.009514462910981610900 ) ) ;
#7867 = CARTESIAN_POINT ( 'NONE',  ( 0.9088299201956011600, -0.5718407022048621600, 0.01306173348060183300 ) ) ;
#7868 = DIRECTION ( 'NONE',  ( 1.622879996236195800E-015, -1.000000000000000000, -0.0000000000000000000 ) ) ;
#7869 = CARTESIAN_POINT ( 'NONE',  ( 0.9088299201956011600, -0.5723407022048621100, 0.01306173348060183300 ) ) ;
#7870 = DIRECTION ( 'NONE',  ( -1.000000000000000000, -5.122848251600971400E-015, 0.0000000000000000000 ) ) ;
#7871 = CARTESIAN_POINT ( 'NONE',  ( 0.9088299201956011600, -0.5718407022048621600, -0.01814079816496777900 ) ) ;
#7872 = DIRECTION ( 'NONE',  ( 1.622879996236195800E-015, -1.000000000000000000, -0.0000000000000000000 ) ) ;
#7873 = CARTESIAN_POINT ( 'NONE',  ( 0.9088299201956011600, -0.5723407022048621100, -0.01814079816496777900 ) ) ;
#7874 = DIRECTION ( 'NONE',  ( 0.0000000000000000000, 0.0000000000000000000, 1.000000000000000000 ) ) ;
#7875 = CARTESIAN_POINT ( 'NONE',  ( 0.8930101021576264400, -0.5718407022048622700, -0.01814079816496777900 ) ) ;
#7876 = DIRECTION ( 'NONE',  ( 1.622879996236195800E-015, -1.000000000000000000, -0.0000000000000000000 ) ) ;
#7877 = B_SPLINE_SURFACE_WITH_KNOTS ( 'NONE', 3, 1, ( 
 ( #131, #132 ),
 ( #133, #134 ),
 ( #135, #136 ),
 ( #137, #138 ),
 ( #139, #140 ),
 ( #141, #142 ),
 ( #143, #144 ),
 ( #145, #146 ),
 ( #147, #148 ),
 ( #149, #150 ),
 ( #151, #5968 ) ),
 .UNSPECIFIED., .F., .F., .F.,
 ( 4, 1, 1, 1, 1, 1, 1, 1, 4 ),
 ( 2, 2 ),
 ( 0.0000000000000000000, 0.1094009317729926500, 0.2243024802153390200, 0.3462944381508414900, 0.4761369450025137500, 0.6088514006857854700, 0.7397610635772017300, 0.8695813604166365800, 1.000000000000000000 ),
 ( 0.0000000000000000000, 1.000000000000000000 ),
 .UNSPECIFIED. ) ;
#7878 = B_SPLINE_SURFACE_WITH_KNOTS ( 'NONE', 3, 1, ( 
 ( #5969, #5970 ),
 ( #5971, #5972 ),
 ( #5973, #5974 ),
 ( #5975, #5976 ),
 ( #5977, #5978 ),
 ( #5979, #5980 ),
 ( #5981, #5982 ),
 ( #5983, #5984 ),
 ( #5985, #5986 ),
 ( #5987, #5988 ),
 ( #5989, #5990 ),
 ( #5991, #5992 ),
 ( #5993, #5994 ),
 ( #5995, #5996 ),
 ( #5997, #5998 ),
 ( #5999, #6000 ),
 ( #6001, #6002 ),
 ( #6003, #6004 ),
 ( #6005, #6006 ) ),
 .UNSPECIFIED., .F., .F., .F.,
 ( 4, 1, 1, 1, 1, 1, 1, 1, 1, 1, 1, 1, 1, 1, 1, 1, 4 ),
 ( 2, 2 ),
 ( 0.0000000000000000000, 0.07786893674187848900, 0.1513380232644977500, 0.2221984107329239800, 0.2902821181484482900, 0.3557013316632560200, 0.4191184737263626300, 0.4819855685903794400, 0.5434578152314534200, 0.6037785017374882600, 0.6616778090979699200, 0.7178196540080801200, 0.7729315047465695800, 0.8281436136191224800, 0.8835117626771670200, 0.9407076033712801200, 1.000000000000000000 ),
 ( 0.0000000000000000000, 1.000000000000000000 ),
 .UNSPECIFIED. ) ;
#7879 = B_SPLINE_SURFACE_WITH_KNOTS ( 'NONE', 3, 1, ( 
 ( #6007, #6008 ),
 ( #6009, #6010 ),
 ( #6011, #6012 ),
 ( #6013, #6014 ),
 ( #6015, #6016 ),
 ( #6017, #6018 ),
 ( #6019, #6020 ),
 ( #6021, #6022 ),
 ( #6023, #6024 ),
 ( #6025, #6026 ),
 ( #6027, #6028 ),
 ( #6029, #6030 ),
 ( #6031, #6032 ),
 ( #6033, #6034 ),
 ( #6035, #6036 ) ),
 .UNSPECIFIED., .F., .F., .F.,
 ( 4, 1, 1, 1, 1, 1, 1, 1, 1, 1, 1, 1, 4 ),
 ( 2, 2 ),
 ( 0.0000000000000000000, 0.1346811585169582200, 0.2572585262720978300, 0.3683631288895833900, 0.4735938415341285900, 0.5265377478139053900, 0.5819972179096401000, 0.6413040282420053900, 0.7040656780394961600, 0.7705622271484037200, 0.8419956741563574500, 0.9183011584263282000, 1.000000000000000000 ),
 ( 0.0000000000000000000, 1.000000000000000000 ),
 .UNSPECIFIED. ) ;
#7880 = B_SPLINE_SURFACE_WITH_KNOTS ( 'NONE', 3, 1, ( 
 ( #6037, #6038 ),
 ( #6039, #6040 ),
 ( #6041, #6042 ),
 ( #6043, #6044 ),
 ( #6045, #6046 ),
 ( #6047, #6048 ),
 ( #6049, #6050 ),
 ( #6051, #6052 ),
 ( #6053, #6054 ),
 ( #6055, #6056 ),
 ( #6057, #6058 ) ),
 .UNSPECIFIED., .F., .F., .F.,
 ( 4, 1, 1, 1, 1, 1, 1, 1, 4 ),
 ( 2, 2 ),
 ( 0.0000000000000000000, 0.09297548605159207400, 0.2030161484741930800, 0.3299627188192695800, 0.4748308993559937100, 0.6225207293347597700, 0.7594519026480256500, 0.8850461747072364500, 1.000000000000000000 ),
 ( 0.0000000000000000000, 1.000000000000000000 ),
 .UNSPECIFIED. ) ;
#7881 = B_SPLINE_SURFACE_WITH_KNOTS ( 'NONE', 3, 1, ( 
 ( #6063, #6064 ),
 ( #6065, #6066 ),
 ( #6067, #6068 ),
 ( #6069, #6070 ),
 ( #6071, #6072 ),
 ( #6073, #6074 ),
 ( #6075, #6076 ),
 ( #6077, #6078 ),
 ( #6079, #6080 ),
 ( #6081, #6082 ),
 ( #6083, #6084 ),
 ( #6085, #6086 ),
 ( #6087, #6088 ),
 ( #6089, #6090 ),
 ( #6091, #6092 ),
 ( #6093, #6094 ),
 ( #6095, #6096 ),
 ( #6097, #6098 ),
 ( #6099, #6100 ) ),
 .UNSPECIFIED., .F., .F., .F.,
 ( 4, 1, 1, 1, 1, 1, 1, 1, 1, 1, 1, 1, 1, 1, 1, 1, 4 ),
 ( 2, 2 ),
 ( 0.0000000000000000000, 0.06475414165407886200, 0.1269281754591390400, 0.1881696785875784100, 0.2476753853819878300, 0.3071575011633740900, 0.3658637644658193600, 0.4247053478017486800, 0.4845559878074777700, 0.5451318026532715500, 0.6053978967742804600, 0.6668706877622457800, 0.7290447215673083700, 0.7931161257881125200, 0.8594054182558106300, 0.9284803759137122400, 1.000000000000000000 ),
 ( 0.0000000000000000000, 1.000000000000000000 ),
 .UNSPECIFIED. ) ;
#7882 = B_SPLINE_SURFACE_WITH_KNOTS ( 'NONE', 3, 1, ( 
 ( #6101, #6102 ),
 ( #6103, #6104 ),
 ( #6105, #6106 ),
 ( #6107, #6108 ),
 ( #6109, #6110 ),
 ( #6111, #6112 ),
 ( #6113, #6114 ),
 ( #6115, #6116 ),
 ( #6117, #6118 ),
 ( #6119, #6120 ),
 ( #6121, #6122 ) ),
 .UNSPECIFIED., .F., .F., .F.,
 ( 4, 1, 1, 1, 1, 1, 1, 1, 4 ),
 ( 2, 2 ),
 ( 0.0000000000000000000, 0.1439726444493268400, 0.2796551063086640300, 0.4098045422867009300, 0.5356006016324529300, 0.6568278938255051000, 0.7741142245126827500, 0.8876640225776265500, 1.000000000000000000 ),
 ( 0.0000000000000000000, 1.000000000000000000 ),
 .UNSPECIFIED. ) ;
#7883 = B_SPLINE_SURFACE_WITH_KNOTS ( 'NONE', 3, 1, ( 
 ( #6123, #6124 ),
 ( #6125, #6126 ),
 ( #6127, #6128 ),
 ( #6129, #6130 ),
 ( #6131, #6132 ),
 ( #6133, #6134 ),
 ( #6135, #6136 ),
 ( #6137, #6138 ),
 ( #6139, #6140 ),
 ( #6141, #6142 ),
 ( #6143, #6144 ) ),
 .UNSPECIFIED., .F., .F., .F.,
 ( 4, 1, 1, 1, 1, 1, 1, 1, 4 ),
 ( 2, 2 ),
 ( 0.0000000000000000000, 0.1163177735851352300, 0.2299209813528989600, 0.3418888978529580600, 0.4526178290634673700, 0.5699858355458877800, 0.6999266489111316500, 0.8428507041911678100, 1.000000000000000000 ),
 ( 0.0000000000000000000, 1.000000000000000000 ),
 .UNSPECIFIED. ) ;
#7884 = B_SPLINE_SURFACE_WITH_KNOTS ( 'NONE', 3, 1, ( 
 ( #6157, #6158 ),
 ( #6159, #6160 ),
 ( #6161, #6162 ),
 ( #6163, #6164 ),
 ( #6165, #6166 ),
 ( #6167, #6168 ),
 ( #6169, #6170 ),
 ( #6171, #6172 ),
 ( #6173, #6174 ),
 ( #6175, #6176 ),
 ( #6177, #6178 ),
 ( #6179, #6180 ),
 ( #6181, #6182 ),
 ( #6183, #6184 ),
 ( #6185, #6186 ) ),
 .UNSPECIFIED., .F., .F., .F.,
 ( 4, 1, 1, 1, 1, 1, 1, 1, 1, 1, 1, 1, 4 ),
 ( 2, 2 ),
 ( 0.0000000000000000000, 0.09599549267740326000, 0.1863554052124144500, 0.2694762421322485800, 0.3469824421475264400, 0.4189378146630719500, 0.4837168886230529500, 0.5429553482402658100, 0.5960048858375625000, 0.6958381803285019800, 0.7955932304384139000, 0.8971710906482218700, 1.000000000000000000 ),
 ( 0.0000000000000000000, 1.000000000000000000 ),
 .UNSPECIFIED. ) ;
#7885 = B_SPLINE_SURFACE_WITH_KNOTS ( 'NONE', 3, 1, ( 
 ( #6187, #6188 ),
 ( #6189, #6190 ),
 ( #6191, #6192 ),
 ( #6193, #6194 ),
 ( #6195, #6196 ),
 ( #6197, #6198 ),
 ( #6199, #6200 ),
 ( #6201, #6202 ),
 ( #6203, #6204 ),
 ( #6205, #6206 ),
 ( #6207, #6208 ) ),
 .UNSPECIFIED., .F., .F., .F.,
 ( 4, 1, 1, 1, 1, 1, 1, 1, 4 ),
 ( 2, 2 ),
 ( 0.0000000000000000000, 0.1272281655762731700, 0.2486232976632823100, 0.3659746731759328500, 0.4824868994968718500, 0.6015302622454459200, 0.7267125766875424100, 0.8585121869020957400, 0.9999999999999998900 ),
 ( 0.0000000000000000000, 1.000000000000000000 ),
 .UNSPECIFIED. ) ;
#7886 = B_SPLINE_SURFACE_WITH_KNOTS ( 'NONE', 3, 1, ( 
 ( #6209, #6210 ),
 ( #6211, #6212 ),
 ( #6213, #6214 ),
 ( #6215, #6216 ),
 ( #6217, #6218 ),
 ( #6219, #6220 ),
 ( #6221, #6222 ),
 ( #6223, #6224 ),
 ( #6225, #6226 ),
 ( #6227, #6228 ),
 ( #6229, #6230 ) ),
 .UNSPECIFIED., .F., .F., .F.,
 ( 4, 1, 1, 1, 1, 1, 1, 1, 4 ),
 ( 2, 2 ),
 ( 0.0000000000000000000, 0.1398646002837422000, 0.2706901749516870700, 0.3948437579216354000, 0.5162227536938763800, 0.6360762369188385200, 0.7557383287248432600, 0.8764994149539840900, 1.000000000000000000 ),
 ( 0.0000000000000000000, 1.000000000000000000 ),
 .UNSPECIFIED. ) ;
#7887 = B_SPLINE_SURFACE_WITH_KNOTS ( 'NONE', 3, 1, ( 
 ( #6239, #6240 ),
 ( #6241, #6242 ),
 ( #6243, #6244 ),
 ( #6245, #6246 ),
 ( #6247, #6248 ),
 ( #6249, #6250 ),
 ( #6251, #6252 ),
 ( #6253, #6254 ),
 ( #6255, #6256 ),
 ( #6257, #6258 ),
 ( #6259, #6260 ) ),
 .UNSPECIFIED., .F., .F., .F.,
 ( 4, 1, 1, 1, 1, 1, 1, 1, 4 ),
 ( 2, 2 ),
 ( 0.0000000000000000000, 0.1178836276408232000, 0.2316051454546722000, 0.3457892835860755800, 0.4630965380067401100, 0.5850620154468396700, 0.7150384810408050300, 0.8530793236933739100, 1.000000000000000000 ),
 ( 0.0000000000000000000, 1.000000000000000000 ),
 .UNSPECIFIED. ) ;
#7888 = B_SPLINE_SURFACE_WITH_KNOTS ( 'NONE', 3, 1, ( 
 ( #6261, #6262 ),
 ( #6263, #6264 ),
 ( #6265, #6266 ),
 ( #6267, #6268 ),
 ( #6269, #6270 ),
 ( #6271, #6272 ),
 ( #6273, #6274 ),
 ( #6275, #6276 ),
 ( #6277, #6278 ),
 ( #6279, #6280 ),
 ( #6281, #6282 ) ),
 .UNSPECIFIED., .F., .F., .F.,
 ( 4, 1, 1, 1, 1, 1, 1, 1, 4 ),
 ( 2, 2 ),
 ( 0.0000000000000000000, 0.1684634951889301100, 0.3193684012630447200, 0.4530786163945838000, 0.5696860292291412400, 0.6765834000212924700, 0.7824251918499550700, 0.8900404041992157100, 0.9999999999999998900 ),
 ( 0.0000000000000000000, 1.000000000000000000 ),
 .UNSPECIFIED. ) ;
#7889 = B_SPLINE_SURFACE_WITH_KNOTS ( 'NONE', 3, 1, ( 
 ( #6296, #6297 ),
 ( #6298, #6299 ),
 ( #6300, #6301 ),
 ( #6302, #6303 ),
 ( #6304, #6305 ),
 ( #6306, #6307 ),
 ( #6308, #6309 ),
 ( #6310, #6311 ),
 ( #6312, #6313 ),
 ( #6314, #6315 ),
 ( #6316, #6317 ) ),
 .UNSPECIFIED., .F., .F., .F.,
 ( 4, 1, 1, 1, 1, 1, 1, 1, 4 ),
 ( 2, 2 ),
 ( 0.0000000000000000000, 0.09874654301149410300, 0.2002867347978593000, 0.3072879817624836800, 0.4213569529759709200, 0.5459536630534929100, 0.6828296798409495500, 0.8345746618632778900, 1.000000000000000000 ),
 ( 0.0000000000000000000, 1.000000000000000000 ),
 .UNSPECIFIED. ) ;
#7890 = B_SPLINE_SURFACE_WITH_KNOTS ( 'NONE', 3, 1, ( 
 ( #6318, #6319 ),
 ( #6320, #6321 ),
 ( #6322, #6323 ),
 ( #6324, #6325 ),
 ( #6326, #6327 ),
 ( #6328, #6329 ),
 ( #6330, #6331 ),
 ( #6332, #6333 ),
 ( #6334, #6335 ),
 ( #6336, #6337 ),
 ( #6338, #6339 ) ),
 .UNSPECIFIED., .F., .F., .F.,
 ( 4, 1, 1, 1, 1, 1, 1, 1, 4 ),
 ( 2, 2 ),
 ( 0.0000000000000000000, 0.1503103030902406000, 0.2882868883487293400, 0.4177296430143361800, 0.5378569888759481300, 0.6526356275655464900, 0.7660659387415264000, 0.8818455189960090500, 1.000000000000000000 ),
 ( 0.0000000000000000000, 1.000000000000000000 ),
 .UNSPECIFIED. ) ;
#7891 = B_SPLINE_SURFACE_WITH_KNOTS ( 'NONE', 3, 1, ( 
 ( #6340, #6341 ),
 ( #6342, #6343 ),
 ( #6344, #6345 ),
 ( #6346, #6347 ),
 ( #6348, #6349 ),
 ( #6350, #6351 ),
 ( #6352, #6353 ),
 ( #6354, #6355 ),
 ( #6356, #6357 ),
 ( #6358, #6359 ),
 ( #6360, #6361 ) ),
 .UNSPECIFIED., .F., .F., .F.,
 ( 4, 1, 1, 1, 1, 1, 1, 1, 4 ),
 ( 2, 2 ),
 ( 0.0000000000000000000, 0.1250257353094075300, 0.2438143398948017200, 0.3587245394303648600, 0.4709170225857868300, 0.5863144760364090700, 0.7108328651274157300, 0.8487495167574907700, 0.9999999999999998900 ),
 ( 0.0000000000000000000, 1.000000000000000000 ),
 .UNSPECIFIED. ) ;
#7892 = B_SPLINE_SURFACE_WITH_KNOTS ( 'NONE', 3, 1, ( 
 ( #6362, #6363 ),
 ( #6364, #6365 ),
 ( #6366, #6367 ),
 ( #6368, #6369 ),
 ( #6370, #6371 ),
 ( #6372, #6373 ),
 ( #6374, #6375 ),
 ( #6376, #6377 ),
 ( #6378, #6379 ),
 ( #6380, #6381 ),
 ( #6382, #6383 ) ),
 .UNSPECIFIED., .F., .F., .F.,
 ( 4, 1, 1, 1, 1, 1, 1, 1, 4 ),
 ( 2, 2 ),
 ( 0.0000000000000000000, 0.1717943297225833800, 0.3272923836299874200, 0.4667600869445157600, 0.5914535910118183800, 0.7038366373276526700, 0.8081447016961479400, 0.9062327641021086200, 1.000000000000000000 ),
 ( 0.0000000000000000000, 1.000000000000000000 ),
 .UNSPECIFIED. ) ;
#7893 = B_SPLINE_SURFACE_WITH_KNOTS ( 'NONE', 3, 1, ( 
 ( #6388, #6389 ),
 ( #6390, #6391 ),
 ( #6392, #6393 ),
 ( #6394, #6395 ),
 ( #6396, #6397 ),
 ( #6398, #6399 ),
 ( #6400, #6401 ),
 ( #6402, #6403 ),
 ( #6404, #6405 ),
 ( #6406, #6407 ),
 ( #6408, #6409 ),
 ( #6410, #6411 ),
 ( #6412, #6413 ),
 ( #6414, #6415 ),
 ( #6416, #6417 ) ),
 .UNSPECIFIED., .F., .F., .F.,
 ( 4, 1, 1, 1, 1, 1, 1, 1, 1, 1, 1, 1, 4 ),
 ( 2, 2 ),
 ( 0.0000000000000000000, 0.09599549267740471700, 0.1863554052124101200, 0.2694762421322459100, 0.3469824421475261000, 0.4189378146630707300, 0.4837168886230517300, 0.5429553482402679200, 0.5960048858375632800, 0.6958381803285043100, 0.7955932304384149000, 0.8971710906482222000, 0.9999999999999998900 ),
 ( 0.0000000000000000000, 1.000000000000000000 ),
 .UNSPECIFIED. ) ;
#7894 = B_SPLINE_SURFACE_WITH_KNOTS ( 'NONE', 3, 1, ( 
 ( #6430, #6431 ),
 ( #6432, #6433 ),
 ( #6434, #6435 ),
 ( #6436, #6437 ),
 ( #6438, #6439 ),
 ( #6440, #6441 ),
 ( #6442, #6443 ),
 ( #6444, #6445 ),
 ( #6446, #6447 ),
 ( #6448, #6449 ),
 ( #6450, #6451 ) ),
 .UNSPECIFIED., .F., .F., .F.,
 ( 4, 1, 1, 1, 1, 1, 1, 1, 4 ),
 ( 2, 2 ),
 ( 0.0000000000000000000, 0.1163177735851331100, 0.2299209813528988700, 0.3418888978529554500, 0.4526178290634678100, 0.5699858355458877800, 0.6999266489111292100, 0.8428507041911659200, 1.000000000000000000 ),
 ( 0.0000000000000000000, 1.000000000000000000 ),
 .UNSPECIFIED. ) ;
#7895 = B_SPLINE_SURFACE_WITH_KNOTS ( 'NONE', 3, 1, ( 
 ( #6452, #6453 ),
 ( #6454, #6455 ),
 ( #6456, #6457 ),
 ( #6458, #6459 ),
 ( #6460, #6461 ),
 ( #6462, #6463 ),
 ( #6464, #6465 ),
 ( #6466, #6467 ),
 ( #6468, #6469 ),
 ( #6470, #6471 ),
 ( #6472, #6473 ) ),
 .UNSPECIFIED., .F., .F., .F.,
 ( 4, 1, 1, 1, 1, 1, 1, 1, 4 ),
 ( 2, 2 ),
 ( 0.0000000000000000000, 0.1439726444493272500, 0.2796551063086643600, 0.4098045422867014900, 0.5356006016324521600, 0.6568278938255067700, 0.7741142245126824100, 0.8876640225776245600, 1.000000000000000000 ),
 ( 0.0000000000000000000, 1.000000000000000000 ),
 .UNSPECIFIED. ) ;
#7896 = B_SPLINE_SURFACE_WITH_KNOTS ( 'NONE', 3, 1, ( 
 ( #6474, #6475 ),
 ( #6476, #6477 ),
 ( #6478, #6479 ),
 ( #6480, #6481 ),
 ( #6482, #6483 ),
 ( #6484, #6485 ),
 ( #6486, #6487 ),
 ( #6488, #6489 ),
 ( #6490, #6491 ),
 ( #6492, #6493 ),
 ( #6494, #6495 ),
 ( #6496, #6497 ),
 ( #6498, #6499 ),
 ( #6500, #6501 ),
 ( #6502, #6503 ),
 ( #6504, #6505 ),
 ( #6506, #6507 ),
 ( #6508, #6509 ),
 ( #6510, #6511 ) ),
 .UNSPECIFIED., .F., .F., .F.,
 ( 4, 1, 1, 1, 1, 1, 1, 1, 1, 1, 1, 1, 1, 1, 1, 1, 4 ),
 ( 2, 2 ),
 ( 0.0000000000000000000, 0.06475414165407752900, 0.1269281754591389300, 0.1881696785875778800, 0.2476753853819875000, 0.3071575011633724800, 0.3658637644658192500, 0.4247053478017481800, 0.4845559878074770500, 0.5451318026532727700, 0.6053978967742790200, 0.6668706877622449000, 0.7290447215673082600, 0.7931161257881119700, 0.8594054182558101800, 0.9284803759137126900, 1.000000000000000000 ),
 ( 0.0000000000000000000, 1.000000000000000000 ),
 .UNSPECIFIED. ) ;
#7897 = CARTESIAN_POINT ( 'NONE',  ( 0.8930101021576264400, -0.5723407022048622200, -0.01814079816496777900 ) ) ;
#7898 = DIRECTION ( 'NONE',  ( 1.000000000000000000, 4.317129291731727300E-015, 0.0000000000000000000 ) ) ;
#7899 = CARTESIAN_POINT ( 'NONE',  ( 0.8786024676639554400, -0.5718407022048622700, -0.01588802917762600900 ) ) ;
#7900 = DIRECTION ( 'NONE',  ( 1.622879996236195800E-015, -1.000000000000000000, -0.0000000000000000000 ) ) ;
#7901 = CARTESIAN_POINT ( 'NONE',  ( 0.8786024676639554400, -0.5723407022048623300, -0.01588802917762600900 ) ) ;
#7902 = CARTESIAN_POINT ( 'NONE',  ( 0.8790295571530244400, -0.5723407022048623300, -0.01611074532008923600 ) ) ;
#7903 = CARTESIAN_POINT ( 'NONE',  ( 0.8799019979254570900, -0.5723407022048623300, -0.01656570065927932100 ) ) ;
#7904 = CARTESIAN_POINT ( 'NONE',  ( 0.8813325037613594100, -0.5723407022048623300, -0.01707870586312291300 ) ) ;
#7905 = CARTESIAN_POINT ( 'NONE',  ( 0.8828836901825882800, -0.5723407022048622200, -0.01748821258894188800 ) ) ;
#7906 = CARTESIAN_POINT ( 'NONE',  ( 0.8845816319596320200, -0.5723407022048622200, -0.01774152116370616600 ) ) ;
#7907 = CARTESIAN_POINT ( 'NONE',  ( 0.8864340449808257900, -0.5723407022048621100, -0.01791986322937252900 ) ) ;
#7908 = CARTESIAN_POINT ( 'NONE',  ( 0.8884578716474277300, -0.5723407022048623300, -0.01805755192915304100 ) ) ;
#7909 = CARTESIAN_POINT ( 'NONE',  ( 0.8906729776641730800, -0.5723407022048621100, -0.01811370245199735200 ) ) ;
#7910 = CARTESIAN_POINT ( 'NONE',  ( 0.8922087349005684000, -0.5723407022048622200, -0.01813150742446940900 ) ) ;
#7911 = CARTESIAN_POINT ( 'NONE',  ( 0.8930101021576264400, -0.5723407022048622200, -0.01814079816496777900 ) ) ;
#7912 = CARTESIAN_POINT ( 'NONE',  ( 0.8722476417145883500, -0.5723407022048623300, -0.002758084557372813300 ) ) ;
#7913 = CARTESIAN_POINT ( 'NONE',  ( 0.8722628646044563400, -0.5723407022048622200, -0.003559954111454940100 ) ) ;
#7914 = CARTESIAN_POINT ( 'NONE',  ( 0.8722917984427905900, -0.5723407022048623300, -0.005084051325845376700 ) ) ;
#7915 = CARTESIAN_POINT ( 'NONE',  ( 0.8725302840192220600, -0.5723407022048621100, -0.007244606912586754200 ) ) ;
#7916 = CARTESIAN_POINT ( 'NONE',  ( 0.8729735148960280400, -0.5723407022048622200, -0.009140490232473656000 ) ) ;
#7917 = CARTESIAN_POINT ( 'NONE',  ( 0.8735460493630127200, -0.5723407022048621100, -0.01082493885448079600 ) ) ;
#7918 = CARTESIAN_POINT ( 'NONE',  ( 0.8744091805128253500, -0.5723407022048623300, -0.01230759880212647200 ) ) ;
#7919 = CARTESIAN_POINT ( 'NONE',  ( 0.8755362370005693700, -0.5723407022048621100, -0.01364552062061895000 ) ) ;
#7920 = CARTESIAN_POINT ( 'NONE',  ( 0.8769474254482785300, -0.5723407022048623300, -0.01486562914721972300 ) ) ;
#7921 = CARTESIAN_POINT ( 'NONE',  ( 0.8780371767484822500, -0.5723407022048622200, -0.01553882149960202200 ) ) ;
#7922 = CARTESIAN_POINT ( 'NONE',  ( 0.8786024676639554400, -0.5723407022048623300, -0.01588802917762600900 ) ) ;
#7923 = CARTESIAN_POINT ( 'NONE',  ( 0.8149365262082594000, -0.5718407022048622700, -0.06225472221560066100 ) ) ;
#7924 = DIRECTION ( 'NONE',  ( 1.622879996236195800E-015, -1.000000000000000000, -0.0000000000000000000 ) ) ;
#7925 = CARTESIAN_POINT ( 'NONE',  ( 0.8149365262082594000, -0.5718407022048622700, -0.06225472221560066100 ) ) ;
#7926 = DIRECTION ( 'NONE',  ( -0.3097323523907799500, -7.639723673637672100E-016, 0.9508237848741867300 ) ) ;
#7927 = CARTESIAN_POINT ( 'NONE',  ( 0.7872476417145886100, -0.5718407022048623800, 0.02274527778439932100 ) ) ;
#7928 = DIRECTION ( 'NONE',  ( 1.622879996236195800E-015, -1.000000000000000000, -0.0000000000000000000 ) ) ;
#7929 = CARTESIAN_POINT ( 'NONE',  ( 0.7872476417145886100, -0.5718407022048623800, 0.02274527778439932100 ) ) ;
#7930 = DIRECTION ( 'NONE',  ( 1.000000000000000000, 0.0000000000000000000, 0.0000000000000000000 ) ) ;
#7931 = CARTESIAN_POINT ( 'NONE',  ( 0.7974355372842088000, -0.5718407022048623800, 0.02274527778439932100 ) ) ;
#7932 = DIRECTION ( 'NONE',  ( 1.622879996236195800E-015, -1.000000000000000000, -0.0000000000000000000 ) ) ;
#7933 = CARTESIAN_POINT ( 'NONE',  ( 0.7974355372842088000, -0.5718407022048623800, 0.02274527778439932100 ) ) ;
#7934 = DIRECTION ( 'NONE',  ( 0.3007423372023684800, 0.0000000000000000000, -0.9537054296867858400 ) ) ;
#7935 = CARTESIAN_POINT ( 'NONE',  ( 0.8048999360183860500, -0.5718407022048623800, -0.0009256082915500295300 ) ) ;
#7936 = DIRECTION ( 'NONE',  ( 1.622879996236195800E-015, -1.000000000000000000, -0.0000000000000000000 ) ) ;
#7937 = CARTESIAN_POINT ( 'NONE',  ( 0.8048999360183860500, -0.5718407022048623800, -0.0009256082915500295300 ) ) ;
#7938 = DIRECTION ( 'NONE',  ( 1.000000000000000000, 2.035279891542864200E-015, 0.0000000000000000000 ) ) ;
#7939 = CARTESIAN_POINT ( 'NONE',  ( 0.8384561069044620400, -0.5718407022048622700, -0.0009256082915500295300 ) ) ;
#7940 = DIRECTION ( 'NONE',  ( 1.622879996236195800E-015, -1.000000000000000000, -0.0000000000000000000 ) ) ;
#7941 = CARTESIAN_POINT ( 'NONE',  ( 0.8384561069044620400, -0.5718407022048622700, -0.0009256082915500295300 ) ) ;
#7942 = DIRECTION ( 'NONE',  ( 0.3007423372023634300, 0.0000000000000000000, 0.9537054296867874000 ) ) ;
#7943 = CARTESIAN_POINT ( 'NONE',  ( 0.8459205056386393000, -0.5718407022048622700, 0.02274527778439932100 ) ) ;
#7944 = DIRECTION ( 'NONE',  ( 1.622879996236195800E-015, -1.000000000000000000, -0.0000000000000000000 ) ) ;
#7945 = CARTESIAN_POINT ( 'NONE',  ( 0.8459205056386393000, -0.5718407022048622700, 0.02274527778439932100 ) ) ;
#7946 = DIRECTION ( 'NONE',  ( 1.000000000000000000, 6.703661160923324900E-015, 0.0000000000000000000 ) ) ;
#7947 = CARTESIAN_POINT ( 'NONE',  ( 0.8561084012082594800, -0.5718407022048622700, 0.02274527778439932100 ) ) ;
#7948 = DIRECTION ( 'NONE',  ( 1.622879996236195800E-015, -1.000000000000000000, -0.0000000000000000000 ) ) ;
#7949 = CARTESIAN_POINT ( 'NONE',  ( 0.8561084012082594800, -0.5718407022048622700, 0.02274527778439932100 ) ) ;
#7950 = DIRECTION ( 'NONE',  ( -0.3097323523907799500, -7.639723673637672100E-016, -0.9508237848741867300 ) ) ;
#7951 = CARTESIAN_POINT ( 'NONE',  ( 0.8284195167145885800, -0.5718407022048622700, -0.06225472221560066100 ) ) ;
#7952 = DIRECTION ( 'NONE',  ( 1.622879996236195800E-015, -1.000000000000000000, -0.0000000000000000000 ) ) ;
#7953 = CARTESIAN_POINT ( 'NONE',  ( 0.8284195167145885800, -0.5718407022048622700, -0.06225472221560066100 ) ) ;
#7954 = DIRECTION ( 'NONE',  ( -1.000000000000000000, 0.0000000000000000000, 0.0000000000000000000 ) ) ;
#7955 = CARTESIAN_POINT ( 'NONE',  ( 0.8216780214614241000, -0.5718407022048622700, -0.05342857506370194500 ) ) ;
#7956 = DIRECTION ( 'NONE',  ( 0.3051013104533368800, 0.0000000000000000000, 0.9523198991723613700 ) ) ;
#7957 = CARTESIAN_POINT ( 'NONE',  ( 0.8353963758918039300, -0.5718407022048622700, -0.01060915259534751600 ) ) ;
#7958 = DIRECTION ( 'NONE',  ( -1.000000000000000000, -2.493811334266144300E-015, 0.0000000000000000000 ) ) ;
#7959 = CARTESIAN_POINT ( 'NONE',  ( 0.8080101021576265900, -0.5718407022048623800, -0.01060915259534751600 ) ) ;
#7960 = DIRECTION ( 'NONE',  ( 0.3040835076858106100, 1.519452050296834400E-015, -0.9526453801669819700 ) ) ;
#7961 = CARTESIAN_POINT ( 'NONE',  ( 0.8353963758918039300, -0.5718407022048622700, -0.01060915259534751600 ) ) ;
#7962 = DIRECTION ( 'NONE',  ( 1.622879996236195800E-015, -1.000000000000000000, -0.0000000000000000000 ) ) ;
#7963 = CARTESIAN_POINT ( 'NONE',  ( 0.8353963758918039300, -0.5723407022048623300, -0.01060915259534751600 ) ) ;
#7964 = DIRECTION ( 'NONE',  ( -1.000000000000000000, -2.493811334266144300E-015, 0.0000000000000000000 ) ) ;
#7965 = CARTESIAN_POINT ( 'NONE',  ( 0.8080101021576265900, -0.5718407022048623800, -0.01060915259534751600 ) ) ;
#7966 = DIRECTION ( 'NONE',  ( 1.622879996236195800E-015, -1.000000000000000000, -0.0000000000000000000 ) ) ;
#7967 = CARTESIAN_POINT ( 'NONE',  ( 0.8216780214614241000, -0.5718407022048622700, -0.05342857506370194500 ) ) ;
#7968 = DIRECTION ( 'NONE',  ( 1.622879996236195800E-015, -1.000000000000000000, -0.0000000000000000000 ) ) ;
#7969 = CARTESIAN_POINT ( 'NONE',  ( 0.8216780214614241000, -0.5723407022048623300, -0.05342857506370194500 ) ) ;
#7970 = DIRECTION ( 'NONE',  ( 0.3051013104533368800, 0.0000000000000000000, 0.9523198991723613700 ) ) ;
#7971 = CARTESIAN_POINT ( 'NONE',  ( 0.8080101021576265900, -0.5723407022048623300, -0.01060915259534751600 ) ) ;
#7972 = DIRECTION ( 'NONE',  ( 0.3040835076858106100, 1.519452050296834400E-015, -0.9526453801669819700 ) ) ;
#7973 = CARTESIAN_POINT ( 'NONE',  ( 0.7312982746259806300, -0.5718407022048624900, 0.01413768284769046300 ) ) ;
#7974 = DIRECTION ( 'NONE',  ( 1.622879996236195800E-015, -1.000000000000000000, -0.0000000000000000000 ) ) ;
#7975 = CARTESIAN_POINT ( 'NONE',  ( 0.7312982746259806300, -0.5718407022048624900, 0.01413768284769046300 ) ) ;
#7976 = DIRECTION ( 'NONE',  ( 0.0000000000000000000, 0.0000000000000000000, 1.000000000000000000 ) ) ;
#7977 = CARTESIAN_POINT ( 'NONE',  ( 0.7312982746259806300, -0.5718407022048624900, 0.02274527778439932100 ) ) ;
#7978 = DIRECTION ( 'NONE',  ( 1.622879996236195800E-015, -1.000000000000000000, -0.0000000000000000000 ) ) ;
#7979 = CARTESIAN_POINT ( 'NONE',  ( 0.7312982746259806300, -0.5718407022048624900, 0.02274527778439932100 ) ) ;
#7980 = DIRECTION ( 'NONE',  ( 1.000000000000000000, 1.670402410986660900E-015, 0.0000000000000000000 ) ) ;
#7981 = CARTESIAN_POINT ( 'NONE',  ( 0.7721843505753477300, -0.5718407022048623800, 0.02274527778439932100 ) ) ;
#7982 = DIRECTION ( 'NONE',  ( 1.622879996236195800E-015, -1.000000000000000000, -0.0000000000000000000 ) ) ;
#7983 = CARTESIAN_POINT ( 'NONE',  ( 0.7721843505753477300, -0.5718407022048623800, 0.02274527778439932100 ) ) ;
#7984 = DIRECTION ( 'NONE',  ( 0.0000000000000000000, 0.0000000000000000000, -1.000000000000000000 ) ) ;
#7985 = CARTESIAN_POINT ( 'NONE',  ( 0.7721843505753477300, -0.5718407022048623800, 0.01413768284769046300 ) ) ;
#7986 = DIRECTION ( 'NONE',  ( 1.622879996236195800E-015, -1.000000000000000000, -0.0000000000000000000 ) ) ;
#7987 = CARTESIAN_POINT ( 'NONE',  ( 0.7721843505753477300, -0.5718407022048623800, 0.01413768284769046300 ) ) ;
#7988 = DIRECTION ( 'NONE',  ( -1.000000000000000000, -4.231686107832858500E-015, 0.0000000000000000000 ) ) ;
#7989 = CARTESIAN_POINT ( 'NONE',  ( 0.7560451100690185300, -0.5718407022048624900, 0.01413768284769046300 ) ) ;
#7990 = DIRECTION ( 'NONE',  ( 1.622879996236195800E-015, -1.000000000000000000, -0.0000000000000000000 ) ) ;
#7991 = CARTESIAN_POINT ( 'NONE',  ( 0.7560451100690185300, -0.5718407022048624900, 0.01413768284769046300 ) ) ;
#7992 = DIRECTION ( 'NONE',  ( 0.0000000000000000000, 0.0000000000000000000, -1.000000000000000000 ) ) ;
#7993 = CARTESIAN_POINT ( 'NONE',  ( 0.7560451100690185300, -0.5718407022048624900, -0.04288763360800575800 ) ) ;
#7994 = DIRECTION ( 'NONE',  ( 1.622879996236195800E-015, -1.000000000000000000, -0.0000000000000000000 ) ) ;
#7995 = CARTESIAN_POINT ( 'NONE',  ( 0.7560451100690185300, -0.5718407022048624900, -0.04288763360800575800 ) ) ;
#7996 = DIRECTION ( 'NONE',  ( 1.000000000000000000, 4.231686107832858500E-015, 0.0000000000000000000 ) ) ;
#7997 = CARTESIAN_POINT ( 'NONE',  ( 0.7721843505753477300, -0.5718407022048623800, -0.04288763360800575800 ) ) ;
#7998 = DIRECTION ( 'NONE',  ( 1.622879996236195800E-015, -1.000000000000000000, -0.0000000000000000000 ) ) ;
#7999 = CARTESIAN_POINT ( 'NONE',  ( 0.7721843505753477300, -0.5718407022048623800, -0.04288763360800575800 ) ) ;
#8000 = DIRECTION ( 'NONE',  ( 0.0000000000000000000, 0.0000000000000000000, -1.000000000000000000 ) ) ;
#8001 = CARTESIAN_POINT ( 'NONE',  ( 0.7721843505753477300, -0.5718407022048623800, -0.05041927917762598800 ) ) ;
#8002 = DIRECTION ( 'NONE',  ( 1.622879996236195800E-015, -1.000000000000000000, -0.0000000000000000000 ) ) ;
#8003 = CARTESIAN_POINT ( 'NONE',  ( 0.7721843505753477300, -0.5718407022048623800, -0.05041927917762598800 ) ) ;
#8004 = CARTESIAN_POINT ( 'NONE',  ( 0.7710568190919733200, -0.5718407022048622700, -0.05045179291860923300 ) ) ;
#8005 = CARTESIAN_POINT ( 'NONE',  ( 0.7687094047199833900, -0.5718407022048624900, -0.05051948346561099100 ) ) ;
#8006 = CARTESIAN_POINT ( 'NONE',  ( 0.7657871809205426500, -0.5718407022048624900, -0.05089623702620479200 ) ) ;
#8007 = CARTESIAN_POINT ( 'NONE',  ( 0.7634885960091391000, -0.5718407022048624900, -0.05133281589280230800 ) ) ;
#8008 = CARTESIAN_POINT ( 'NONE',  ( 0.7619533920744868700, -0.5718407022048623800, -0.05170430639634300600 ) ) ;
#8009 = CARTESIAN_POINT ( 'NONE',  ( 0.7606409395464697200, -0.5718407022048624900, -0.05216556774341425000 ) ) ;
#8010 = CARTESIAN_POINT ( 'NONE',  ( 0.7598799156920972300, -0.5718407022048624900, -0.05256833878368093900 ) ) ;
#8011 = CARTESIAN_POINT ( 'NONE',  ( 0.7595251338031958600, -0.5718407022048624900, -0.05275610670927157600 ) ) ;
#8012 = CARTESIAN_POINT ( 'NONE',  ( 0.7595251338031958600, -0.5718407022048624900, -0.05275610670927157600 ) ) ;
#8013 = DIRECTION ( 'NONE',  ( 1.622879996236195800E-015, -1.000000000000000000, -0.0000000000000000000 ) ) ;
#8014 = CARTESIAN_POINT ( 'NONE',  ( 0.7595251338031958600, -0.5718407022048624900, -0.05275610670927157600 ) ) ;
#8015 = CARTESIAN_POINT ( 'NONE',  ( 0.7591433424289258900, -0.5718407022048624900, -0.05299948515517560700 ) ) ;
#8016 = CARTESIAN_POINT ( 'NONE',  ( 0.7583890452018157100, -0.5718407022048624900, -0.05348032285674728100 ) ) ;
#8017 = CARTESIAN_POINT ( 'NONE',  ( 0.7573828935185894500, -0.5718407022048624900, -0.05434398865061608500 ) ) ;
#8018 = CARTESIAN_POINT ( 'NONE',  ( 0.7564901587344677900, -0.5718407022048626100, -0.05529759981058545600 ) ) ;
#8019 = CARTESIAN_POINT ( 'NONE',  ( 0.7557269235237558100, -0.5718407022048624900, -0.05636745993184404800 ) ) ;
#8020 = CARTESIAN_POINT ( 'NONE',  ( 0.7550861079498670800, -0.5718407022048624900, -0.05757559631136068700 ) ) ;
#8021 = CARTESIAN_POINT ( 'NONE',  ( 0.7546466818878870800, -0.5718407022048624900, -0.05897873342554298100 ) ) ;
#8022 = CARTESIAN_POINT ( 'NONE',  ( 0.7542991095901328000, -0.5718407022048623800, -0.06054699479454378500 ) ) ;
#8023 = CARTESIAN_POINT ( 'NONE',  ( 0.7542201425663365200, -0.5718407022048623800, -0.06166985112219051900 ) ) ;
#8024 = CARTESIAN_POINT ( 'NONE',  ( 0.7541790103854741900, -0.5718407022048624900, -0.06225472221560066100 ) ) ;
#8025 = CARTESIAN_POINT ( 'NONE',  ( 0.7541790103854741900, -0.5718407022048624900, -0.06225472221560066100 ) ) ;
#8026 = DIRECTION ( 'NONE',  ( 1.622879996236195800E-015, -1.000000000000000000, -0.0000000000000000000 ) ) ;
#8027 = CARTESIAN_POINT ( 'NONE',  ( 0.7541790103854741900, -0.5718407022048624900, -0.06225472221560066100 ) ) ;
#8028 = DIRECTION ( 'NONE',  ( -1.000000000000000000, 0.0000000000000000000, 0.0000000000000000000 ) ) ;
#8029 = CARTESIAN_POINT ( 'NONE',  ( 0.7463615657652211700, -0.5718407022048624900, -0.06225472221560066100 ) ) ;
#8030 = DIRECTION ( 'NONE',  ( 1.622879996236195800E-015, -1.000000000000000000, -0.0000000000000000000 ) ) ;
#8031 = CARTESIAN_POINT ( 'NONE',  ( 0.7463615657652211700, -0.5718407022048624900, -0.06225472221560066100 ) ) ;
#8032 = DIRECTION ( 'NONE',  ( 0.0000000000000000000, 0.0000000000000000000, 1.000000000000000000 ) ) ;
#8033 = CARTESIAN_POINT ( 'NONE',  ( 0.7463615657652211700, -0.5718407022048624900, 0.01413768284769046300 ) ) ;
#8034 = DIRECTION ( 'NONE',  ( 1.622879996236195800E-015, -1.000000000000000000, -0.0000000000000000000 ) ) ;
#8035 = CARTESIAN_POINT ( 'NONE',  ( 0.7463615657652211700, -0.5718407022048624900, 0.01413768284769046300 ) ) ;
#8036 = DIRECTION ( 'NONE',  ( -1.000000000000000000, 0.0000000000000000000, 0.0000000000000000000 ) ) ;
#8037 = CARTESIAN_POINT ( 'NONE',  ( 0.6729280214614239400, -0.5718407022048626100, -0.02336923962066401700 ) ) ;
#8038 = DIRECTION ( 'NONE',  ( 1.622879996236195800E-015, -1.000000000000000000, -0.0000000000000000000 ) ) ;
#8039 = CARTESIAN_POINT ( 'NONE',  ( 0.6729280214614239400, -0.5718407022048626100, -0.02336923962066401700 ) ) ;
#8040 = CARTESIAN_POINT ( 'NONE',  ( 0.6722471695789135100, -0.5718407022048626100, -0.02315307010312366700 ) ) ;
#8041 = CARTESIAN_POINT ( 'NONE',  ( 0.6709115372789361500, -0.5718407022048624900, -0.02272900872161918600 ) ) ;
#8042 = CARTESIAN_POINT ( 'NONE',  ( 0.6689968923818642200, -0.5718407022048629400, -0.02197071645535343700 ) ) ;
#8043 = CARTESIAN_POINT ( 'NONE',  ( 0.6672075603241027800, -0.5718407022048624900, -0.02113445956356720800 ) ) ;
#8044 = CARTESIAN_POINT ( 'NONE',  ( 0.6655586691138237800, -0.5718407022048626100, -0.02019978404885564700 ) ) ;
#8045 = CARTESIAN_POINT ( 'NONE',  ( 0.6640137987522797300, -0.5718407022048628300, -0.01921830015476955500 ) ) ;
#8046 = CARTESIAN_POINT ( 'NONE',  ( 0.6626239386386690900, -0.5718407022048624900, -0.01811865622123326500 ) ) ;
#8047 = CARTESIAN_POINT ( 'NONE',  ( 0.6613520398063449400, -0.5718407022048626100, -0.01695699455988368800 ) ) ;
#8048 = CARTESIAN_POINT ( 'NONE',  ( 0.6602082792310083300, -0.5718407022048626100, -0.01570509843474503600 ) ) ;
#8049 = CARTESIAN_POINT ( 'NONE',  ( 0.6592177436655852800, -0.5718407022048626100, -0.01432813564843889700 ) ) ;
#8050 = CARTESIAN_POINT ( 'NONE',  ( 0.6583272782537010800, -0.5718407022048624900, -0.01284777570660959400 ) ) ;
#8051 = CARTESIAN_POINT ( 'NONE',  ( 0.6576196016400820400, -0.5718407022048624900, -0.01121788329830316300 ) ) ;
#8052 = CARTESIAN_POINT ( 'NONE',  ( 0.6569983876861251700, -0.5718407022048626100, -0.009482298298285443300 ) ) ;
#8053 = CARTESIAN_POINT ( 'NONE',  ( 0.6565600829959010700, -0.5718407022048623800, -0.007601688016670349700 ) ) ;
#8054 = CARTESIAN_POINT ( 'NONE',  ( 0.6562216121627273400, -0.5718407022048626100, -0.005603693062689411700 ) ) ;
#8055 = CARTESIAN_POINT ( 'NONE',  ( 0.6560178162677270400, -0.5718407022048624900, -0.003473961471021479400 ) ) ;
#8056 = CARTESIAN_POINT ( 'NONE',  ( 0.6559940457351971500, -0.5718407022048626100, -0.002013207712554846700 ) ) ;
#8057 = CARTESIAN_POINT ( 'NONE',  ( 0.6559818189297784700, -0.5718407022048626100, -0.001261842468765232400 ) ) ;
#8058 = CARTESIAN_POINT ( 'NONE',  ( 0.6559818189297784700, -0.5718407022048626100, -0.001261842468765232400 ) ) ;
#8059 = DIRECTION ( 'NONE',  ( 1.622879996236195800E-015, -1.000000000000000000, -0.0000000000000000000 ) ) ;
#8060 = CARTESIAN_POINT ( 'NONE',  ( 0.6559818189297784700, -0.5718407022048626100, -0.001261842468765232400 ) ) ;
#8061 = CARTESIAN_POINT ( 'NONE',  ( 0.6560093004368331400, -0.5718407022048626100, -0.0004254493532433685300 ) ) ;
#8062 = CARTESIAN_POINT ( 'NONE',  ( 0.6560645489408906100, -0.5718407022048627200, 0.001256025696289015000 ) ) ;
#8063 = CARTESIAN_POINT ( 'NONE',  ( 0.6564646006821812700, -0.5718407022048624900, 0.003762787811238443700 ) ) ;
#8064 = CARTESIAN_POINT ( 'NONE',  ( 0.6571111236716646900, -0.5718407022048624900, 0.006254783691781566800 ) ) ;
#8065 = CARTESIAN_POINT ( 'NONE',  ( 0.6579943835935016000, -0.5718407022048627200, 0.008705360375000697700 ) ) ;
#8066 = CARTESIAN_POINT ( 'NONE',  ( 0.6591062607282655000, -0.5718407022048623800, 0.01106811815742145800 ) ) ;
#8067 = CARTESIAN_POINT ( 'NONE',  ( 0.6604599587192345700, -0.5718407022048626100, 0.01325144975383133300 ) ) ;
#8068 = CARTESIAN_POINT ( 'NONE',  ( 0.6619886742091913900, -0.5718407022048628300, 0.01527289093172494400 ) ) ;
#8069 = CARTESIAN_POINT ( 'NONE',  ( 0.6631842571121584500, -0.5718407022048626100, 0.01644356490800681600 ) ) ;
#8070 = CARTESIAN_POINT ( 'NONE',  ( 0.6637824518411708000, -0.5718407022048626100, 0.01702929677174107700 ) ) ;
#8071 = CARTESIAN_POINT ( 'NONE',  ( 0.6637824518411708000, -0.5718407022048626100, 0.01702929677174107700 ) ) ;
#8072 = DIRECTION ( 'NONE',  ( 1.622879996236195800E-015, -1.000000000000000000, -0.0000000000000000000 ) ) ;
#8073 = CARTESIAN_POINT ( 'NONE',  ( 0.6637824518411708000, -0.5718407022048626100, 0.01702929677174107700 ) ) ;
#8074 = CARTESIAN_POINT ( 'NONE',  ( 0.6644716531193519700, -0.5718407022048624900, 0.01762637964077002500 ) ) ;
#8075 = CARTESIAN_POINT ( 'NONE',  ( 0.6658532802701040400, -0.5718407022048626100, 0.01882333897502450800 ) ) ;
#8076 = CARTESIAN_POINT ( 'NONE',  ( 0.6681460986826449600, -0.5718407022048627200, 0.02037157352041291800 ) ) ;
#8077 = CARTESIAN_POINT ( 'NONE',  ( 0.6706049453319684600, -0.5718407022048624900, 0.02171006659641758900 ) ) ;
#8078 = CARTESIAN_POINT ( 'NONE',  ( 0.6732371338134264200, -0.5718407022048629400, 0.02287932667644780200 ) ) ;
#8079 = CARTESIAN_POINT ( 'NONE',  ( 0.6761052935591678200, -0.5718407022048626100, 0.02378747203337179900 ) ) ;
#8080 = CARTESIAN_POINT ( 'NONE',  ( 0.6792303133475715600, -0.5718407022048624900, 0.02443794168374261900 ) ) ;
#8081 = CARTESIAN_POINT ( 'NONE',  ( 0.6826244110330543800, -0.5718407022048627200, 0.02482216256332472900 ) ) ;
#8082 = CARTESIAN_POINT ( 'NONE',  ( 0.6849753930213907700, -0.5718407022048624900, 0.02487158914674180200 ) ) ;
#8083 = CARTESIAN_POINT ( 'NONE',  ( 0.6861924597525631600, -0.5718407022048624900, 0.02489717651857654300 ) ) ;
#8084 = CARTESIAN_POINT ( 'NONE',  ( 0.08319700880319531900, -0.2048407022048634700, -0.1822547222156006800 ) ) ;
#8085 = DIRECTION ( 'NONE',  ( -1.000000000000000000, -1.241749088029210900E-016, 0.0000000000000000000 ) ) ;
#8086 = CARTESIAN_POINT ( 'NONE',  ( 0.7331970088031967100, -0.07234070220486343800, -0.08725472221560066900 ) ) ;
#8087 = DIRECTION ( 'NONE',  ( -0.0000000000000000000, 0.0000000000000000000, 1.000000000000000000 ) ) ;
#8088 = DIRECTION ( 'NONE',  ( 1.000000000000000000, 0.0000000000000000000, 0.0000000000000000000 ) ) ;
#8089 = CARTESIAN_POINT ( 'NONE',  ( 0.7331970088031967100, -0.07234070220486343800, 0.1777452777843993300 ) ) ;
#8090 = DIRECTION ( 'NONE',  ( -0.0000000000000000000, -0.0000000000000000000, -1.000000000000000000 ) ) ;
#8091 = DIRECTION ( 'NONE',  ( 1.000000000000000000, 0.0000000000000000000, 0.0000000000000000000 ) ) ;
#8092 = CARTESIAN_POINT ( 'NONE',  ( 0.7331970088031967100, -0.07234070220486343800, -0.1822547222156006800 ) ) ;
#8093 = DIRECTION ( 'NONE',  ( -0.0000000000000000000, 0.0000000000000000000, 1.000000000000000000 ) ) ;
#8094 = DIRECTION ( 'NONE',  ( 1.000000000000000000, 0.0000000000000000000, 0.0000000000000000000 ) ) ;
#8095 = CARTESIAN_POINT ( 'NONE',  ( 0.7331970088031967100, -0.07234070220486343800, -0.08725472221560066900 ) ) ;
#8096 = DIRECTION ( 'NONE',  ( -0.0000000000000000000, 0.0000000000000000000, 1.000000000000000000 ) ) ;
#8097 = DIRECTION ( 'NONE',  ( 1.000000000000000000, 0.0000000000000000000, 0.0000000000000000000 ) ) ;
#8098 = CARTESIAN_POINT ( 'NONE',  ( -1.066802991196802000, -2.028664735741966500, 0.1927452777843993400 ) ) ;
#8099 = DIRECTION ( 'NONE',  ( 3.716799991379953800E-016, -1.000000000000000000, 0.0000000000000000000 ) ) ;
#8100 = CARTESIAN_POINT ( 'NONE',  ( -1.066802991196802700, 0.2091592977951365600, 0.1777452777843993300 ) ) ;
#8101 = DIRECTION ( 'NONE',  ( -0.0000000000000000000, -0.0000000000000000000, 1.000000000000000000 ) ) ;
#8102 = CARTESIAN_POINT ( 'NONE',  ( -1.066802991196802900, 0.4276592977951365600, -0.1822547222156006800 ) ) ;
#8103 = DIRECTION ( 'NONE',  ( 0.0000000000000000000, 0.0000000000000000000, 1.000000000000000000 ) ) ;
#8104 = CARTESIAN_POINT ( 'NONE',  ( -1.066802991196802000, -2.028664735741966500, -0.1822547222156006800 ) ) ;
#8105 = DIRECTION ( 'NONE',  ( 3.716799991379953800E-016, -1.000000000000000000, 0.0000000000000000000 ) ) ;
#8106 = CARTESIAN_POINT ( 'NONE',  ( -1.066802991196802700, 0.2091592977951365600, 0.1777452777843993300 ) ) ;
#8107 = DIRECTION ( 'NONE',  ( 0.0000000000000000000, -1.000000000000000000, 0.0000000000000000000 ) ) ;
#8108 = CARTESIAN_POINT ( 'NONE',  ( 0.9531970088031956900, 0.4276592977951360100, -0.1822547222156006800 ) ) ;
#8109 = DIRECTION ( 'NONE',  ( 0.0000000000000000000, 0.0000000000000000000, 1.000000000000000000 ) ) ;
#8110 = CARTESIAN_POINT ( 'NONE',  ( 0.08319700880319522200, 0.4276592977951366700, 0.1927452777843993400 ) ) ;
#8111 = DIRECTION ( 'NONE',  ( -1.000000000000000000, -1.352399996863497500E-016, 0.0000000000000000000 ) ) ;
#8112 = CARTESIAN_POINT ( 'NONE',  ( 0.08319700880319522200, 0.4276592977951366700, -0.1822547222156006800 ) ) ;
#8113 = DIRECTION ( 'NONE',  ( -1.000000000000000000, -1.352399996863497500E-016, 0.0000000000000000000 ) ) ;
#8114 = CARTESIAN_POINT ( 'NONE',  ( 1.233197008803192900, 0.1476592977951364800, -0.1822547222156006800 ) ) ;
#8115 = DIRECTION ( 'NONE',  ( 0.0000000000000000000, 0.0000000000000000000, 1.000000000000000000 ) ) ;
#8116 = CARTESIAN_POINT ( 'NONE',  ( 1.746359025571750000, -0.3655027189734244600, 0.1927452777843993400 ) ) ;
#8117 = DIRECTION ( 'NONE',  ( -0.7071067811865446900, 0.7071067811865502400, 0.0000000000000000000 ) ) ;
#8118 = CARTESIAN_POINT ( 'NONE',  ( 1.746359025571750000, -0.3655027189734244600, -0.1822547222156006800 ) ) ;
#8119 = DIRECTION ( 'NONE',  ( -0.7071067811865446900, 0.7071067811865502400, 0.0000000000000000000 ) ) ;
#8120 = CARTESIAN_POINT ( 'NONE',  ( 1.233197008803193200, -0.2923407022048635800, -0.1822547222156006800 ) ) ;
#8121 = DIRECTION ( 'NONE',  ( 0.0000000000000000000, 0.0000000000000000000, 1.000000000000000000 ) ) ;
#8122 = CARTESIAN_POINT ( 'NONE',  ( 1.233197008803193600, -2.028664735741965600, 0.1927452777843993400 ) ) ;
#8123 = DIRECTION ( 'NONE',  ( 0.0000000000000000000, 1.000000000000000000, -0.0000000000000000000 ) ) ;
#8124 = CARTESIAN_POINT ( 'NONE',  ( 1.233197008803193600, -2.028664735741965600, -0.1822547222156006800 ) ) ;
#8125 = DIRECTION ( 'NONE',  ( 0.0000000000000000000, 1.000000000000000000, -0.0000000000000000000 ) ) ;
#8126 = CARTESIAN_POINT ( 'NONE',  ( -0.2099650079653498900, -1.735502718973423800, 0.1927452777843993400 ) ) ;
#8127 = DIRECTION ( 'NONE',  ( -0.7071067811865432400, -0.7071067811865516800, 0.0000000000000000000 ) ) ;
#8128 = CARTESIAN_POINT ( 'NONE',  ( -0.2099650079653498900, -1.735502718973423800, -0.1822547222156006800 ) ) ;
#8129 = DIRECTION ( 'NONE',  ( -0.7071067811865432400, -0.7071067811865516800, 0.0000000000000000000 ) ) ;
#8130 = CARTESIAN_POINT ( 'NONE',  ( -1.066802991196802700, -0.3538407022048634100, 0.1777452777843993300 ) ) ;
#8131 = DIRECTION ( 'NONE',  ( -0.0000000000000000000, -0.0000000000000000000, 1.000000000000000000 ) ) ;
#8132 = CARTESIAN_POINT ( 'NONE',  ( -1.066802991196803600, -2.028664735741965200, 0.1927452777843993400 ) ) ;
#8133 = DIRECTION ( 'NONE',  ( 3.716799991379951800E-016, 1.000000000000000000, 0.0000000000000000000 ) ) ;
#8134 = CARTESIAN_POINT ( 'NONE',  ( -1.066802991196802700, 0.2091592977951365600, 0.1777452777843993300 ) ) ;
#8135 = DIRECTION ( 'NONE',  ( 0.0000000000000000000, -1.000000000000000000, 0.0000000000000000000 ) ) ;
#8136 = CARTESIAN_POINT ( 'NONE',  ( -1.066802991196803600, -2.028664735741965200, -0.1822547222156006800 ) ) ;
#8137 = DIRECTION ( 'NONE',  ( 3.716799991379951800E-016, 1.000000000000000000, 0.0000000000000000000 ) ) ;
#8138 = CARTESIAN_POINT ( 'NONE',  ( -1.066802991196802700, 0.2091592977951365600, 0.1927452777843993400 ) ) ;
#8139 = DIRECTION ( 'NONE',  ( -1.000000000000000000, -0.0000000000000000000, -0.0000000000000000000 ) ) ;
#8140 = CARTESIAN_POINT ( 'NONE',  ( 0.7331970088031967100, -0.07234070220486343800, 0.1927452777843993400 ) ) ;
#8141 = DIRECTION ( 'NONE',  ( 0.0000000000000000000, 0.0000000000000000000, 1.000000000000000000 ) ) ;
#8142 = DIRECTION ( 'NONE',  ( 1.000000000000000000, 0.0000000000000000000, 0.0000000000000000000 ) ) ;
#8143 = CARTESIAN_POINT ( 'NONE',  ( -1.066802991196802700, -0.3538407022048634100, 0.1927452777843993400 ) ) ;
#8144 = DIRECTION ( 'NONE',  ( 1.000000000000000000, 0.0000000000000000000, 0.0000000000000000000 ) ) ;
#8145 = CARTESIAN_POINT ( 'NONE',  ( -1.066802991196802700, -0.3538407022048634100, 0.1777452777843993300 ) ) ;
#8146 = DIRECTION ( 'NONE',  ( 1.000000000000000000, 0.0000000000000000000, 0.0000000000000000000 ) ) ;
#8147 = CARTESIAN_POINT ( 'NONE',  ( 0.7331970088031967100, -0.07234070220486343800, 0.1777452777843993300 ) ) ;
#8148 = DIRECTION ( 'NONE',  ( 0.0000000000000000000, 0.0000000000000000000, 1.000000000000000000 ) ) ;
#8149 = DIRECTION ( 'NONE',  ( 1.000000000000000000, 0.0000000000000000000, 0.0000000000000000000 ) ) ;
#8150 = CARTESIAN_POINT ( 'NONE',  ( -1.066802991196802700, 0.2091592977951365600, 0.1777452777843993300 ) ) ;
#8151 = DIRECTION ( 'NONE',  ( -1.000000000000000000, -0.0000000000000000000, -0.0000000000000000000 ) ) ;
#8152 = CARTESIAN_POINT ( 'NONE',  ( 0.7331970088031967100, -0.3538407022048634100, 0.1777452777843993300 ) ) ;
#8153 = DIRECTION ( 'NONE',  ( -0.0000000000000000000, -0.0000000000000000000, 1.000000000000000000 ) ) ;
#8154 = CARTESIAN_POINT ( 'NONE',  ( 0.8759185277905379200, -0.5718407022048622700, 0.07274527778439934800 ) ) ;
#8155 = DIRECTION ( 'NONE',  ( 1.622879996236195800E-015, -1.000000000000000000, -0.0000000000000000000 ) ) ;
#8156 = CARTESIAN_POINT ( 'NONE',  ( 0.8759185277905379200, -0.5718407022048622700, 0.07274527778439934800 ) ) ;
#8157 = DIRECTION ( 'NONE',  ( 0.0000000000000000000, 0.0000000000000000000, 1.000000000000000000 ) ) ;
#8158 = CARTESIAN_POINT ( 'NONE',  ( 0.8759185277905379200, -0.5718407022048622700, 0.08071996132870314100 ) ) ;
#8159 = DIRECTION ( 'NONE',  ( 1.622879996236195800E-015, -1.000000000000000000, -0.0000000000000000000 ) ) ;
#8160 = CARTESIAN_POINT ( 'NONE',  ( 0.8759185277905379200, -0.5718407022048622700, 0.08071996132870314100 ) ) ;
#8161 = DIRECTION ( 'NONE',  ( 1.000000000000000000, 3.083085592849683300E-015, 0.0000000000000000000 ) ) ;
#8162 = CARTESIAN_POINT ( 'NONE',  ( 0.8980704265247149200, -0.5718407022048621600, 0.08071996132870314100 ) ) ;
#8163 = DIRECTION ( 'NONE',  ( 1.622879996236195800E-015, -1.000000000000000000, -0.0000000000000000000 ) ) ;
#8164 = CARTESIAN_POINT ( 'NONE',  ( 0.8980704265247149200, -0.5718407022048621600, 0.08071996132870314100 ) ) ;
#8165 = DIRECTION ( 'NONE',  ( 0.0000000000000000000, 0.0000000000000000000, 1.000000000000000000 ) ) ;
#8166 = CARTESIAN_POINT ( 'NONE',  ( 0.8980704265247149200, -0.5718407022048621600, 0.1427452777843993500 ) ) ;
#8167 = DIRECTION ( 'NONE',  ( 1.622879996236195800E-015, -1.000000000000000000, -0.0000000000000000000 ) ) ;
#8168 = CARTESIAN_POINT ( 'NONE',  ( 0.8980704265247149200, -0.5718407022048621600, 0.1427452777843993500 ) ) ;
#8169 = DIRECTION ( 'NONE',  ( 1.000000000000000000, 0.0000000000000000000, 0.0000000000000000000 ) ) ;
#8170 = CARTESIAN_POINT ( 'NONE',  ( 0.9060451100690188900, -0.5718407022048621600, 0.1427452777843993500 ) ) ;
#8171 = DIRECTION ( 'NONE',  ( 1.622879996236195800E-015, -1.000000000000000000, -0.0000000000000000000 ) ) ;
#8172 = CARTESIAN_POINT ( 'NONE',  ( 0.9060451100690188900, -0.5718407022048621600, 0.1427452777843993500 ) ) ;
#8173 = DIRECTION ( 'NONE',  ( 0.0000000000000000000, 0.0000000000000000000, -1.000000000000000000 ) ) ;
#8174 = CARTESIAN_POINT ( 'NONE',  ( 0.9060451100690188900, -0.5718407022048621600, 0.08071996132870314100 ) ) ;
#8175 = DIRECTION ( 'NONE',  ( 1.622879996236195800E-015, -1.000000000000000000, -0.0000000000000000000 ) ) ;
#8176 = CARTESIAN_POINT ( 'NONE',  ( 0.9060451100690188900, -0.5718407022048621600, 0.08071996132870314100 ) ) ;
#8177 = DIRECTION ( 'NONE',  ( 1.000000000000000000, 0.0000000000000000000, 0.0000000000000000000 ) ) ;
#8178 = CARTESIAN_POINT ( 'NONE',  ( 0.9281970088031961100, -0.5718407022048621600, 0.08071996132870314100 ) ) ;
#8179 = DIRECTION ( 'NONE',  ( 1.622879996236195800E-015, -1.000000000000000000, -0.0000000000000000000 ) ) ;
#8180 = CARTESIAN_POINT ( 'NONE',  ( 0.9281970088031961100, -0.5718407022048621600, 0.08071996132870314100 ) ) ;
#8181 = DIRECTION ( 'NONE',  ( 0.0000000000000000000, 0.0000000000000000000, -1.000000000000000000 ) ) ;
#8182 = CARTESIAN_POINT ( 'NONE',  ( 0.9281970088031961100, -0.5718407022048621600, 0.07274527778439934800 ) ) ;
#8183 = DIRECTION ( 'NONE',  ( 1.622879996236195800E-015, -1.000000000000000000, -0.0000000000000000000 ) ) ;
#8184 = CARTESIAN_POINT ( 'NONE',  ( 0.9281970088031961100, -0.5718407022048621600, 0.07274527778439934800 ) ) ;
#8185 = DIRECTION ( 'NONE',  ( -1.000000000000000000, -1.306392200360030700E-015, 0.0000000000000000000 ) ) ;
#8186 = CARTESIAN_POINT ( 'NONE',  ( 0.8200957429804112100, -0.5718407022048622700, 0.07274527778439934800 ) ) ;
#8187 = DIRECTION ( 'NONE',  ( 1.622879996236195800E-015, -1.000000000000000000, -0.0000000000000000000 ) ) ;
#8188 = CARTESIAN_POINT ( 'NONE',  ( 0.8200957429804112100, -0.5718407022048622700, 0.07274527778439934800 ) ) ;
#8189 = DIRECTION ( 'NONE',  ( 0.0000000000000000000, 0.0000000000000000000, 1.000000000000000000 ) ) ;
#8190 = CARTESIAN_POINT ( 'NONE',  ( 0.8200957429804112100, -0.5718407022048622700, 0.1427452777843993500 ) ) ;
#8191 = DIRECTION ( 'NONE',  ( 1.622879996236195800E-015, -1.000000000000000000, -0.0000000000000000000 ) ) ;
#8192 = CARTESIAN_POINT ( 'NONE',  ( 0.8200957429804112100, -0.5718407022048622700, 0.1427452777843993500 ) ) ;
#8193 = DIRECTION ( 'NONE',  ( 1.000000000000000000, 0.0000000000000000000, 0.0000000000000000000 ) ) ;
#8194 = CARTESIAN_POINT ( 'NONE',  ( 0.8280704265247150800, -0.5718407022048622700, 0.1427452777843993500 ) ) ;
#8195 = DIRECTION ( 'NONE',  ( 1.622879996236195800E-015, -1.000000000000000000, -0.0000000000000000000 ) ) ;
#8196 = CARTESIAN_POINT ( 'NONE',  ( 0.8280704265247150800, -0.5718407022048622700, 0.1427452777843993500 ) ) ;
#8197 = DIRECTION ( 'NONE',  ( 0.0000000000000000000, 0.0000000000000000000, -1.000000000000000000 ) ) ;
#8198 = CARTESIAN_POINT ( 'NONE',  ( 0.8280704265247150800, -0.5718407022048622700, 0.1081883157590828900 ) ) ;
#8199 = DIRECTION ( 'NONE',  ( 1.622879996236195800E-015, -1.000000000000000000, -0.0000000000000000000 ) ) ;
#8200 = CARTESIAN_POINT ( 'NONE',  ( 0.8280704265247150800, -0.5718407022048622700, 0.1081883157590828900 ) ) ;
#8201 = DIRECTION ( 'NONE',  ( 1.000000000000000000, 2.141031661701156900E-015, 0.0000000000000000000 ) ) ;
#8202 = CARTESIAN_POINT ( 'NONE',  ( 0.8599691607019303000, -0.5718407022048622700, 0.1081883157590828900 ) ) ;
#8203 = DIRECTION ( 'NONE',  ( 1.622879996236195800E-015, -1.000000000000000000, -0.0000000000000000000 ) ) ;
#8204 = CARTESIAN_POINT ( 'NONE',  ( 0.8599691607019303000, -0.5718407022048622700, 0.1081883157590828900 ) ) ;
#8205 = DIRECTION ( 'NONE',  ( 0.0000000000000000000, 0.0000000000000000000, 1.000000000000000000 ) ) ;
#8206 = CARTESIAN_POINT ( 'NONE',  ( 0.8599691607019303000, -0.5718407022048622700, 0.1427452777843993500 ) ) ;
#8207 = DIRECTION ( 'NONE',  ( 1.622879996236195800E-015, -1.000000000000000000, -0.0000000000000000000 ) ) ;
#8208 = CARTESIAN_POINT ( 'NONE',  ( 0.8599691607019303000, -0.5718407022048622700, 0.1427452777843993500 ) ) ;
#8209 = DIRECTION ( 'NONE',  ( 1.000000000000000000, 0.0000000000000000000, 0.0000000000000000000 ) ) ;
#8210 = CARTESIAN_POINT ( 'NONE',  ( 0.8679438442462339400, -0.5718407022048622700, 0.1427452777843993500 ) ) ;
#8211 = DIRECTION ( 'NONE',  ( 1.622879996236195800E-015, -1.000000000000000000, -0.0000000000000000000 ) ) ;
#8212 = CARTESIAN_POINT ( 'NONE',  ( 0.8679438442462339400, -0.5718407022048622700, 0.1427452777843993500 ) ) ;
#8213 = DIRECTION ( 'NONE',  ( 0.0000000000000000000, 0.0000000000000000000, -1.000000000000000000 ) ) ;
#8214 = CARTESIAN_POINT ( 'NONE',  ( 0.8679438442462339400, -0.5718407022048622700, 0.07274527778439934800 ) ) ;
#8215 = DIRECTION ( 'NONE',  ( 1.622879996236195800E-015, -1.000000000000000000, -0.0000000000000000000 ) ) ;
#8216 = CARTESIAN_POINT ( 'NONE',  ( 0.8679438442462339400, -0.5718407022048622700, 0.07274527778439934800 ) ) ;
#8217 = DIRECTION ( 'NONE',  ( -1.000000000000000000, 0.0000000000000000000, 0.0000000000000000000 ) ) ;
#8218 = CARTESIAN_POINT ( 'NONE',  ( 0.8599691607019303000, -0.5718407022048622700, 0.07274527778439934800 ) ) ;
#8219 = DIRECTION ( 'NONE',  ( 1.622879996236195800E-015, -1.000000000000000000, -0.0000000000000000000 ) ) ;
#8220 = CARTESIAN_POINT ( 'NONE',  ( 0.8599691607019303000, -0.5718407022048622700, 0.07274527778439934800 ) ) ;
#8221 = DIRECTION ( 'NONE',  ( 0.0000000000000000000, 0.0000000000000000000, 1.000000000000000000 ) ) ;
#8222 = CARTESIAN_POINT ( 'NONE',  ( 0.8599691607019303000, -0.5718407022048622700, 0.1002136322147791100 ) ) ;
#8223 = DIRECTION ( 'NONE',  ( 1.622879996236195800E-015, -1.000000000000000000, -0.0000000000000000000 ) ) ;
#8224 = CARTESIAN_POINT ( 'NONE',  ( 0.8599691607019303000, -0.5718407022048622700, 0.1002136322147791100 ) ) ;
#8225 = DIRECTION ( 'NONE',  ( -1.000000000000000000, -2.141031661701156900E-015, 0.0000000000000000000 ) ) ;
#8226 = CARTESIAN_POINT ( 'NONE',  ( 0.8280704265247150800, -0.5718407022048622700, 0.1002136322147791100 ) ) ;
#8227 = DIRECTION ( 'NONE',  ( 1.622879996236195800E-015, -1.000000000000000000, -0.0000000000000000000 ) ) ;
#8228 = CARTESIAN_POINT ( 'NONE',  ( 0.8280704265247150800, -0.5718407022048622700, 0.1002136322147791100 ) ) ;
#8229 = DIRECTION ( 'NONE',  ( 0.0000000000000000000, 0.0000000000000000000, -1.000000000000000000 ) ) ;
#8230 = CARTESIAN_POINT ( 'NONE',  ( 0.8280704265247150800, -0.5718407022048622700, 0.07274527778439934800 ) ) ;
#8231 = DIRECTION ( 'NONE',  ( 1.622879996236195800E-015, -1.000000000000000000, -0.0000000000000000000 ) ) ;
#8232 = CARTESIAN_POINT ( 'NONE',  ( 0.8280704265247150800, -0.5718407022048622700, 0.07274527778439934800 ) ) ;
#8233 = DIRECTION ( 'NONE',  ( -1.000000000000000000, 0.0000000000000000000, 0.0000000000000000000 ) ) ;
#8234 = CARTESIAN_POINT ( 'NONE',  ( 0.7784778632335759300, -0.5718407022048623800, 0.07097312588566516400 ) ) ;
#8235 = DIRECTION ( 'NONE',  ( 1.622879996236195800E-015, -1.000000000000000000, -0.0000000000000000000 ) ) ;
#8236 = CARTESIAN_POINT ( 'NONE',  ( 0.7784778632335759300, -0.5718407022048623800, 0.07097312588566516400 ) ) ;
#8237 = CARTESIAN_POINT ( 'NONE',  ( 0.7773776398921705700, -0.5718407022048622700, 0.07099960778999857300 ) ) ;
#8238 = CARTESIAN_POINT ( 'NONE',  ( 0.7752220365477883200, -0.5718407022048623800, 0.07105149223872674100 ) ) ;
#8239 = CARTESIAN_POINT ( 'NONE',  ( 0.7720764784254506900, -0.5718407022048623800, 0.07154011737660895300 ) ) ;
#8240 = CARTESIAN_POINT ( 'NONE',  ( 0.7690951864781734300, -0.5718407022048624900, 0.07230422345901606200 ) ) ;
#8241 = CARTESIAN_POINT ( 'NONE',  ( 0.7662994791009823900, -0.5718407022048624900, 0.07340456210919793500 ) ) ;
#8242 = CARTESIAN_POINT ( 'NONE',  ( 0.7637038221105593200, -0.5718407022048624900, 0.07480095607121710300 ) ) ;
#8243 = CARTESIAN_POINT ( 'NONE',  ( 0.7612878979547085300, -0.5718407022048624900, 0.07643791452061789200 ) ) ;
#8244 = CARTESIAN_POINT ( 'NONE',  ( 0.7590827171348096800, -0.5718407022048622700, 0.07835387023300620400 ) ) ;
#8245 = CARTESIAN_POINT ( 'NONE',  ( 0.7578005495238636600, -0.5718407022048624900, 0.07981836886669860200 ) ) ;
#8246 = CARTESIAN_POINT ( 'NONE',  ( 0.7571566607019303300, -0.5718407022048624900, 0.08055382208819682200 ) ) ;
#8247 = CARTESIAN_POINT ( 'NONE',  ( 0.7571566607019303300, -0.5718407022048624900, 0.08055382208819682200 ) ) ;
#8248 = DIRECTION ( 'NONE',  ( 1.622879996236195800E-015, -1.000000000000000000, -0.0000000000000000000 ) ) ;
#8249 = CARTESIAN_POINT ( 'NONE',  ( 0.7571566607019303300, -0.5718407022048624900, 0.08055382208819682200 ) ) ;
#8250 = CARTESIAN_POINT ( 'NONE',  ( 0.7565319293610699400, -0.5718407022048624900, 0.08137564557229840000 ) ) ;
#8251 = CARTESIAN_POINT ( 'NONE',  ( 0.7552635197450643400, -0.5718407022048624900, 0.08304421691123355100 ) ) ;
#8252 = CARTESIAN_POINT ( 'NONE',  ( 0.7537046811994899700, -0.5718407022048622700, 0.08585195847452471700 ) ) ;
#8253 = CARTESIAN_POINT ( 'NONE',  ( 0.7523191512591604900, -0.5718407022048627200, 0.08889208262812192700 ) ) ;
#8254 = CARTESIAN_POINT ( 'NONE',  ( 0.7511981751680886200, -0.5718407022048622700, 0.09221192576199860300 ) ) ;
#8255 = CARTESIAN_POINT ( 'NONE',  ( 0.7502950417413417600, -0.5718407022048624900, 0.09577009926794963200 ) ) ;
#8256 = CARTESIAN_POINT ( 'NONE',  ( 0.7496717930472919200, -0.5718407022048623800, 0.09956837037682528300 ) ) ;
#8257 = CARTESIAN_POINT ( 'NONE',  ( 0.7492720680237687800, -0.5718407022048623800, 0.1035924271615557600 ) ) ;
#8258 = CARTESIAN_POINT ( 'NONE',  ( 0.7492308298768387600, -0.5718407022048624900, 0.1063551675556469700 ) ) ;
#8259 = CARTESIAN_POINT ( 'NONE',  ( 0.7492096670310443000, -0.5718407022048624900, 0.1077729676578170800 ) ) ;
#8260 = CARTESIAN_POINT ( 'NONE',  ( 0.7492096670310443000, -0.5718407022048624900, 0.1077729676578170800 ) ) ;
#8261 = DIRECTION ( 'NONE',  ( 1.622879996236195800E-015, -1.000000000000000000, -0.0000000000000000000 ) ) ;
#8262 = CARTESIAN_POINT ( 'NONE',  ( 0.7492096670310443000, -0.5718407022048624900, 0.1077729676578170800 ) ) ;
#8263 = CARTESIAN_POINT ( 'NONE',  ( 0.7492294431956323400, -0.5718407022048624900, 0.1091908851627184500 ) ) ;
#8264 = CARTESIAN_POINT ( 'NONE',  ( 0.7492679855383966900, -0.5718407022048623800, 0.1119543058574522400 ) ) ;
#8265 = CARTESIAN_POINT ( 'NONE',  ( 0.7496875196586682000, -0.5718407022048623800, 0.1159824881910449400 ) ) ;
#8266 = CARTESIAN_POINT ( 'NONE',  ( 0.7503210973105500800, -0.5718407022048623800, 0.1197857363506187300 ) ) ;
#8267 = CARTESIAN_POINT ( 'NONE',  ( 0.7512377797999024700, -0.5718407022048626100, 0.1233493492876377200 ) ) ;
#8268 = CARTESIAN_POINT ( 'NONE',  ( 0.7523787356155602300, -0.5718407022048624900, 0.1266576308875440300 ) ) ;
#8269 = CARTESIAN_POINT ( 'NONE',  ( 0.7537387015914210900, -0.5718407022048622700, 0.1296955838509597500 ) ) ;
#8270 = CARTESIAN_POINT ( 'NONE',  ( 0.7552986785367366000, -0.5718407022048624900, 0.1324563154800356700 ) ) ;
#8271 = CARTESIAN_POINT ( 'NONE',  ( 0.7565474572998314200, -0.5718407022048626100, 0.1340955268734196600 ) ) ;
#8272 = CARTESIAN_POINT ( 'NONE',  ( 0.7571566607019303300, -0.5718407022048624900, 0.1348951986704753100 ) ) ;
#8273 = CARTESIAN_POINT ( 'NONE',  ( 0.7571566607019303300, -0.5718407022048624900, 0.1348951986704753100 ) ) ;
#8274 = DIRECTION ( 'NONE',  ( 1.622879996236195800E-015, -1.000000000000000000, -0.0000000000000000000 ) ) ;
#8275 = CARTESIAN_POINT ( 'NONE',  ( 0.7571566607019303300, -0.5718407022048624900, 0.1348951986704753100 ) ) ;
#8276 = CARTESIAN_POINT ( 'NONE',  ( 0.7578179679952350400, -0.5718407022048624900, 0.1356593101928129900 ) ) ;
#8277 = CARTESIAN_POINT ( 'NONE',  ( 0.7591239842842793000, -0.5718407022048622700, 0.1371683546339119700 ) ) ;
#8278 = CARTESIAN_POINT ( 'NONE',  ( 0.7613591401398496200, -0.5718407022048628300, 0.1391217093077449200 ) ) ;
#8279 = CARTESIAN_POINT ( 'NONE',  ( 0.7637586220891368100, -0.5718407022048624900, 0.1407881592422321500 ) ) ;
#8280 = CARTESIAN_POINT ( 'NONE',  ( 0.7663430741479028100, -0.5718407022048624900, 0.1421534502468861900 ) ) ;
#8281 = CARTESIAN_POINT ( 'NONE',  ( 0.7691096739234902800, -0.5718407022048624900, 0.1432289768999885400 ) ) ;
#8282 = CARTESIAN_POINT ( 'NONE',  ( 0.7720738836774081500, -0.5718407022048624900, 0.1439645754423119800 ) ) ;
#8283 = CARTESIAN_POINT ( 'NONE',  ( 0.7752137696638065100, -0.5718407022048623800, 0.1444365293101352600 ) ) ;
#8284 = CARTESIAN_POINT ( 'NONE',  ( 0.7773731223542763600, -0.5718407022048622700, 0.1444900487434357400 ) ) ;
#8285 = CARTESIAN_POINT ( 'NONE',  ( 0.7784778632335759300, -0.5718407022048623800, 0.1445174296831335200 ) ) ;
#8286 = CARTESIAN_POINT ( 'NONE',  ( 0.7784778632335759300, -0.5718407022048623800, 0.1445174296831335200 ) ) ;
#8287 = DIRECTION ( 'NONE',  ( 1.622879996236195800E-015, -1.000000000000000000, -0.0000000000000000000 ) ) ;
#8288 = CARTESIAN_POINT ( 'NONE',  ( 0.7784778632335759300, -0.5718407022048623800, 0.1445174296831335200 ) ) ;
#8289 = CARTESIAN_POINT ( 'NONE',  ( 0.7795594070688600700, -0.5718407022048624900, 0.1444892289446949000 ) ) ;
#8290 = CARTESIAN_POINT ( 'NONE',  ( 0.7816817280088478300, -0.5718407022048623800, 0.1444338904408277700 ) ) ;
#8291 = CARTESIAN_POINT ( 'NONE',  ( 0.7847928635951927400, -0.5718407022048621600, 0.1439664976397660400 ) ) ;
#8292 = CARTESIAN_POINT ( 'NONE',  ( 0.7877513000168170400, -0.5718407022048623800, 0.1431948396039229300 ) ) ;
#8293 = CARTESIAN_POINT ( 'NONE',  ( 0.7905503625775444100, -0.5718407022048623800, 0.1421077065473264100 ) ) ;
#8294 = CARTESIAN_POINT ( 'NONE',  ( 0.7931749243599493000, -0.5718407022048624900, 0.1407340101760279600 ) ) ;
#8295 = CARTESIAN_POINT ( 'NONE',  ( 0.7956145271757214500, -0.5718407022048624900, 0.1390834911944944200 ) ) ;
#8296 = CARTESIAN_POINT ( 'NONE',  ( 0.7978358377571477300, -0.5718407022048624900, 0.1371308845643569000 ) ) ;
#8297 = CARTESIAN_POINT ( 'NONE',  ( 0.7991320502307006600, -0.5718407022048624900, 0.1356442994056139600 ) ) ;
#8298 = CARTESIAN_POINT ( 'NONE',  ( 0.7997852208285126700, -0.5718407022048623800, 0.1348951986704753100 ) ) ;
#8299 = CARTESIAN_POINT ( 'NONE',  ( 0.7997852208285126700, -0.5718407022048623800, 0.1348951986704753100 ) ) ;
#8300 = DIRECTION ( 'NONE',  ( 1.622879996236195800E-015, -1.000000000000000000, -0.0000000000000000000 ) ) ;
#8301 = CARTESIAN_POINT ( 'NONE',  ( 0.7997852208285126700, -0.5718407022048623800, 0.1348951986704753100 ) ) ;
#8302 = CARTESIAN_POINT ( 'NONE',  ( 0.8004057248315750200, -0.5718407022048623800, 0.1340828868672359100 ) ) ;
#8303 = CARTESIAN_POINT ( 'NONE',  ( 0.8016681023480188900, -0.5718407022048626100, 0.1324302880899666200 ) ) ;
#8304 = CARTESIAN_POINT ( 'NONE',  ( 0.8032100755271681700, -0.5718407022048623800, 0.1296382914284990600 ) ) ;
#8305 = CARTESIAN_POINT ( 'NONE',  ( 0.8045756495715579200, -0.5718407022048624900, 0.1266129970864901000 ) ) ;
#8306 = CARTESIAN_POINT ( 'NONE',  ( 0.8057033939081139600, -0.5718407022048622700, 0.1233210686562582300 ) ) ;
#8307 = CARTESIAN_POINT ( 'NONE',  ( 0.8066083940719754900, -0.5718407022048624900, 0.1197811420731580800 ) ) ;
#8308 = CARTESIAN_POINT ( 'NONE',  ( 0.8072280815670545000, -0.5718407022048624900, 0.1159913248419031000 ) ) ;
#8309 = CARTESIAN_POINT ( 'NONE',  ( 0.8076288653127738900, -0.5718407022048624900, 0.1119627792111933700 ) ) ;
#8310 = CARTESIAN_POINT ( 'NONE',  ( 0.8076696938886186400, -0.5718407022048623800, 0.1091953964683339100 ) ) ;
#8311 = CARTESIAN_POINT ( 'NONE',  ( 0.8076906796892721100, -0.5718407022048623800, 0.1077729676578170800 ) ) ;
#8312 = CARTESIAN_POINT ( 'NONE',  ( 0.8076906796892721100, -0.5718407022048623800, 0.1077729676578170800 ) ) ;
#8313 = DIRECTION ( 'NONE',  ( 1.622879996236195800E-015, -1.000000000000000000, -0.0000000000000000000 ) ) ;
#8314 = CARTESIAN_POINT ( 'NONE',  ( 0.8076906796892721100, -0.5718407022048623800, 0.1077729676578170800 ) ) ;
#8315 = CARTESIAN_POINT ( 'NONE',  ( 0.8076692585399165600, -0.5718407022048622700, 0.1063690434050989500 ) ) ;
#8316 = CARTESIAN_POINT ( 'NONE',  ( 0.8076274569154389100, -0.5718407022048621600, 0.1036293998204855900 ) ) ;
#8317 = CARTESIAN_POINT ( 'NONE',  ( 0.8072300911147148900, -0.5718407022048624900, 0.09963711088434384900 ) ) ;
#8318 = CARTESIAN_POINT ( 'NONE',  ( 0.8065997562995836900, -0.5718407022048624900, 0.09586467270457246800 ) ) ;
#8319 = CARTESIAN_POINT ( 'NONE',  ( 0.8057175270186338600, -0.5718407022048624900, 0.09232266844658300300 ) ) ;
#8320 = CARTESIAN_POINT ( 'NONE',  ( 0.8046020639869236900, -0.5718407022048622700, 0.08900424954774456600 ) ) ;
#8321 = CARTESIAN_POINT ( 'NONE',  ( 0.8032227465498176200, -0.5718407022048624900, 0.08594259231100175000 ) ) ;
#8322 = CARTESIAN_POINT ( 'NONE',  ( 0.8016467004164779000, -0.5718407022048623800, 0.08309853082926693700 ) ) ;
#8323 = CARTESIAN_POINT ( 'NONE',  ( 0.8003724476912564800, -0.5718407022048623800, 0.08139460149932890900 ) ) ;
#8324 = CARTESIAN_POINT ( 'NONE',  ( 0.7997436860183859700, -0.5718407022048623800, 0.08055382208819682200 ) ) ;
#8325 = CARTESIAN_POINT ( 'NONE',  ( 0.6855368031069936100, -0.5718407022048624900, -0.05472307664598043100 ) ) ;
#8326 = CARTESIAN_POINT ( 'NONE',  ( 0.7033235910816770800, -0.5718407022048624900, -0.04085341683585384800 ) ) ;
#8327 = CARTESIAN_POINT ( 'NONE',  ( 0.6923119217778795900, -0.5718407022048624900, -0.02770666050673991800 ) ) ;
#8328 = CARTESIAN_POINT ( 'NONE',  ( 0.6599157588031960800, -0.5718407022048626100, -0.04503953234218294900 ) ) ;
#8329 = CARTESIAN_POINT ( 'NONE',  ( 0.6856544850690190500, -0.5718407022048626100, -0.06440662094977794800 ) ) ;
#8330 = CARTESIAN_POINT ( 'NONE',  ( 0.6667413126006643800, -0.5718407022048626100, 0.0003520815818676592700 ) ) ;
#8331 = CARTESIAN_POINT ( 'NONE',  ( 0.7133769929804112400, -0.5718407022048624900, 0.004454138543892976500 ) ) ;
#8332 = CARTESIAN_POINT ( 'NONE',  ( 0.6943461385500316900, -0.5718407022048624900, -0.01614020481053739200 ) ) ;
#8333 = CARTESIAN_POINT ( 'NONE',  ( 0.6862933300057280100, -0.5718407022048626100, 0.01521363221477902200 ) ) ;
#8334 = CARTESIAN_POINT ( 'NONE',  ( 0.7140830847525631000, -0.5718407022048624900, -0.03974384405104372500 ) ) ;
#8335 = CARTESIAN_POINT ( 'NONE',  ( 0.6766938442462342400, -0.5718407022048626100, -0.01232394689914498800 ) ) ;
#8336 = CARTESIAN_POINT ( 'NONE',  ( 0.8930101021576264400, -0.5718407022048622700, -0.01814079816496777900 ) ) ;
#8337 = CARTESIAN_POINT ( 'NONE',  ( 0.8968263600690188400, -0.5718407022048621600, -0.05257117791180320600 ) ) ;
#8338 = CARTESIAN_POINT ( 'NONE',  ( 0.4990316607019302800, -0.5718407022048628300, 0.1107219391768044100 ) ) ;
#8339 = CARTESIAN_POINT ( 'NONE',  ( 0.8787033379171201900, -0.5718407022048622700, -0.04157632031686650500 ) ) ;
#8340 = CARTESIAN_POINT ( 'NONE',  ( 0.6138754107019301900, -0.5718407022048626100, 0.07274527778439934800 ) ) ;
#8341 = CARTESIAN_POINT ( 'NONE',  ( 0.8614881480437024400, -0.5718407022048622700, -0.003245624114334854000 ) ) ;
#8342 = CARTESIAN_POINT ( 'NONE',  ( 0.6366780214614238300, -0.5718407022048626100, 0.1427452777843993500 ) ) ;
#8343 = CARTESIAN_POINT ( 'NONE',  ( 0.8722476417145883500, -0.5718407022048622700, -0.002758084557372813300 ) ) ;
#8344 = CARTESIAN_POINT ( 'NONE',  ( 0.8825700309550949000, -0.5718407022048623800, -0.05026797379787918000 ) ) ;
#8345 = CARTESIAN_POINT ( 'NONE',  ( 0.9088299201956011600, -0.5718407022048621600, -0.02782434246876523000 ) ) ;
#8346 = CARTESIAN_POINT ( 'NONE',  ( 0.8830743822209175000, -0.5718407022048622700, -0.03064870955737282500 ) ) ;
#8347 = CARTESIAN_POINT ( 'NONE',  ( 0.8693560277905376700, -0.5718407022048622700, 0.01581885373376641000 ) ) ;
#8348 = CARTESIAN_POINT ( 'NONE',  ( 0.6282879898158542100, -0.5718407022048626100, 0.1427452777843993500 ) ) ;
#8349 = CARTESIAN_POINT ( 'NONE',  ( 0.8787033379171201900, -0.5723407022048623300, -0.04157632031686650500 ) ) ;
#8350 = CARTESIAN_POINT ( 'NONE',  ( 0.8954982350690187100, -0.5718407022048622700, 0.01306173348060183300 ) ) ;
#8351 = CARTESIAN_POINT ( 'NONE',  ( 0.9088299201956011600, -0.5718407022048621600, -0.01814079816496777900 ) ) ;
#8352 = CARTESIAN_POINT ( 'NONE',  ( 0.8780813046892719200, -0.5718407022048622700, -0.02579012569661335400 ) ) ;
#8353 = CARTESIAN_POINT ( 'NONE',  ( 0.8958008458285124900, -0.5718407022048622700, -0.02782434246876523000 ) ) ;
#8354 = CARTESIAN_POINT ( 'NONE',  ( 0.4973564233601581700, -0.5718407022048629400, 0.1011966227211082000 ) ) ;
#8355 = CARTESIAN_POINT ( 'NONE',  ( 0.9088299201956011600, -0.5718407022048621600, 0.01306173348060183300 ) ) ;
#8356 = CARTESIAN_POINT ( 'NONE',  ( 0.9088299201956011600, -0.5718407022048621600, -0.05257117791180320600 ) ) ;
#8357 = CARTESIAN_POINT ( 'NONE',  ( 0.8679438442462339400, -0.5718407022048622700, -0.04305575069661332600 ) ) ;
#8358 = CARTESIAN_POINT ( 'NONE',  ( 0.8786024676639554400, -0.5718407022048622700, -0.01588802917762600900 ) ) ;
#8359 = CARTESIAN_POINT ( 'NONE',  ( 0.8777450705120567500, -0.5718407022048622700, 0.009514462910981610900 ) ) ;
#8360 = CARTESIAN_POINT ( 'NONE',  ( 0.8916987888664872400, -0.5718407022048622700, 0.02274527778439932100 ) ) ;
#8361 = CARTESIAN_POINT ( 'NONE',  ( 0.9185134644993984100, -0.5718407022048621600, 0.02274527778439932100 ) ) ;
#8362 = CARTESIAN_POINT ( 'NONE',  ( 0.9185134644993984100, -0.5718407022048621600, -0.06225472221560066100 ) ) ;
#8363 = CARTESIAN_POINT ( 'NONE',  ( 0.8961202682968669700, -0.5718407022048621600, -0.06225472221560066100 ) ) ;
#8364 = CARTESIAN_POINT ( 'NONE',  ( 0.8758621591196518200, -0.5718407022048622700, -0.05869063993711967600 ) ) ;
#8365 = CARTESIAN_POINT ( 'NONE',  ( 0.5064248569044619300, -0.5718407022048628300, 0.09036988221477909600 ) ) ;
#8366 = CARTESIAN_POINT ( 'NONE',  ( 0.8780813046892719200, -0.5718407022048622700, -0.02533620955737284100 ) ) ;
#8367 = CARTESIAN_POINT ( 'NONE',  ( 0.4923168663981327700, -0.5718407022048628300, 0.1445174296831335200 ) ) ;
#8368 = CARTESIAN_POINT ( 'NONE',  ( 0.5382405214614239800, -0.5723407022048628800, 0.1109296132274373300 ) ) ;
#8369 = CARTESIAN_POINT ( 'NONE',  ( 0.5152856163981327500, -0.5718407022048628300, 0.09128364803756391900 ) ) ;
#8370 = CARTESIAN_POINT ( 'NONE',  ( 0.4918738284234492900, -0.5718407022048628300, 0.07097312588566516400 ) ) ;
#8371 = CARTESIAN_POINT ( 'NONE',  ( 0.4700957429804112900, -0.5718407022048629400, 0.07587423348060189100 ) ) ;
#8372 = CARTESIAN_POINT ( 'NONE',  ( 0.4700957429804112900, -0.5718407022048629400, 0.08692249297427277800 ) ) ;
#8373 = CARTESIAN_POINT ( 'NONE',  ( 0.4706772303221834500, -0.5718407022048629400, 0.08692249297427277800 ) ) ;
#8374 = CARTESIAN_POINT ( 'NONE',  ( 0.4917769138664872000, -0.5718407022048628300, 0.07894780942996897100 ) ) ;
#8375 = CARTESIAN_POINT ( 'NONE',  ( 0.4813932113348416400, -0.5718407022048628300, 0.1047686163919942900 ) ) ;
#8376 = CARTESIAN_POINT ( 'NONE',  ( 0.5152856163981327500, -0.5718407022048628300, 0.1390625246198423900 ) ) ;
#8377 = CARTESIAN_POINT ( 'NONE',  ( 0.5152856163981327500, -0.5718407022048628300, 0.1276819866451588400 ) ) ;
#8378 = CARTESIAN_POINT ( 'NONE',  ( 0.5147041290563606500, -0.5718407022048628300, 0.1276819866451588400 ) ) ;
#8379 = CARTESIAN_POINT ( 'NONE',  ( 0.4923999360183860000, -0.5718407022048628300, 0.1365427461388297200 ) ) ;
#8380 = CARTESIAN_POINT ( 'NONE',  ( 0.4762982746259809600, -0.5718407022048629400, 0.1243038220881968100 ) ) ;
#8381 = CARTESIAN_POINT ( 'NONE',  ( 0.4844944771576264500, -0.5718407022048628300, 0.1138647398097158000 ) ) ;
#8382 = CARTESIAN_POINT ( 'NONE',  ( 0.5524038917145885900, -0.5723407022048627700, 0.1010997081641461900 ) ) ;
#8383 = CARTESIAN_POINT ( 'NONE',  ( 0.5521546828538290700, -0.5723407022048627700, 0.1347705942400955800 ) ) ;
#8384 = CARTESIAN_POINT ( 'NONE',  ( 0.4674375151323100800, -0.5718407022048629400, 0.1229747081641461700 ) ) ;
#8385 = CARTESIAN_POINT ( 'NONE',  ( 0.4738615657652214300, -0.5718407022048629400, 0.1380379993033867000 ) ) ;
#8386 = CARTESIAN_POINT ( 'NONE',  ( 0.5532484328538290800, -0.5723407022048627700, 0.08071996132870314100 ) ) ;
#8387 = CARTESIAN_POINT ( 'NONE',  ( 0.5631337176639555900, -0.5723407022048626600, 0.1347705942400955800 ) ) ;
#8388 = CARTESIAN_POINT ( 'NONE',  ( 0.5631337176639555900, -0.5723407022048626600, 0.1090743917084499900 ) ) ;
#8389 = CARTESIAN_POINT ( 'NONE',  ( 0.5501056322209176800, -0.5723407022048627700, 0.1090743917084499900 ) ) ;
#8390 = CARTESIAN_POINT ( 'NONE',  ( 0.5631337176639555900, -0.5723407022048626600, 0.08071996132870314100 ) ) ;
#8391 = CARTESIAN_POINT ( 'NONE',  ( 0.5415079265247151300, -0.5723407022048628800, 0.08261671765781708500 ) ) ;
#8392 = CARTESIAN_POINT ( 'NONE',  ( 0.5375344296892722300, -0.5723407022048627700, 0.1318493125945259200 ) ) ;
#8393 = CARTESIAN_POINT ( 'NONE',  ( 0.5330071353854746200, -0.5723407022048628800, 0.1217425087970575900 ) ) ;
#8394 = CARTESIAN_POINT ( 'NONE',  ( 0.5383235910816771600, -0.5723407022048628800, 0.08977454993629807600 ) ) ;
#8395 = CARTESIAN_POINT ( 'NONE',  ( 0.5631337176639555900, -0.5723407022048626600, 0.1010997081641461900 ) ) ;
#8396 = CARTESIAN_POINT ( 'NONE',  ( 0.5419232746259808900, -0.5723407022048627700, 0.09877375879705757600 ) ) ;
#8397 = CARTESIAN_POINT ( 'NONE',  ( 0.5383235910816771600, -0.5718407022048628300, 0.08977454993629807600 ) ) ;
#8398 = CARTESIAN_POINT ( 'NONE',  ( 0.5415079265247151300, -0.5718407022048629400, 0.08261671765781708500 ) ) ;
#8399 = CARTESIAN_POINT ( 'NONE',  ( 0.5532484328538290800, -0.5718407022048628300, 0.08071996132870314100 ) ) ;
#8400 = CARTESIAN_POINT ( 'NONE',  ( 0.5631337176639555900, -0.5718407022048627200, 0.08071996132870314100 ) ) ;
#8401 = CARTESIAN_POINT ( 'NONE',  ( 0.5631337176639555900, -0.5718407022048627200, 0.1090743917084499900 ) ) ;
#8402 = CARTESIAN_POINT ( 'NONE',  ( 0.5711084012082594500, -0.5718407022048627200, 0.1427452777843993500 ) ) ;
#8403 = CARTESIAN_POINT ( 'NONE',  ( 0.5526669455120568600, -0.5718407022048628300, 0.07274527778439934800 ) ) ;
#8404 = CARTESIAN_POINT ( 'NONE',  ( 0.5501056322209176800, -0.5718407022048628300, 0.1090743917084499900 ) ) ;
#8405 = CARTESIAN_POINT ( 'NONE',  ( 0.5382405214614239800, -0.5718407022048629400, 0.1109296132274373300 ) ) ;
#8406 = CARTESIAN_POINT ( 'NONE',  ( 0.5330071353854746200, -0.5718407022048628300, 0.1217425087970575900 ) ) ;
#8407 = CARTESIAN_POINT ( 'NONE',  ( 0.5524038917145885900, -0.5718407022048628300, 0.1010997081641461900 ) ) ;
#8408 = CARTESIAN_POINT ( 'NONE',  ( 0.5419232746259808900, -0.5718407022048628300, 0.09877375879705757600 ) ) ;
#8409 = CARTESIAN_POINT ( 'NONE',  ( 0.5631337176639555900, -0.5718407022048627200, 0.1010997081641461900 ) ) ;
#8410 = CARTESIAN_POINT ( 'NONE',  ( 0.5490257271576265400, -0.5718407022048628300, 0.1427452777843993500 ) ) ;
#8411 = CARTESIAN_POINT ( 'NONE',  ( 0.5359837967778796600, -0.5718407022048628300, 0.07568040436667783400 ) ) ;
#8412 = CARTESIAN_POINT ( 'NONE',  ( 0.5294628315880062200, -0.5718407022048628300, 0.08855619550591832500 ) ) ;
#8413 = CARTESIAN_POINT ( 'NONE',  ( 0.5378113284234492500, -0.5718407022048628300, 0.1027749455059183400 ) ) ;
#8414 = CARTESIAN_POINT ( 'NONE',  ( 0.5521546828538290700, -0.5718407022048628300, 0.1347705942400955800 ) ) ;
#8415 = CARTESIAN_POINT ( 'NONE',  ( 0.5375344296892722300, -0.5718407022048628300, 0.1318493125945259200 ) ) ;
#8416 = CARTESIAN_POINT ( 'NONE',  ( 0.5631337176639555900, -0.5718407022048627200, 0.1347705942400955800 ) ) ;
#8417 = CARTESIAN_POINT ( 'NONE',  ( 0.8830743822209175000, -0.5723407022048622200, -0.03064870955737282500 ) ) ;
#8418 = CARTESIAN_POINT ( 'NONE',  ( 0.5241463758918036800, -0.5718407022048628300, 0.1213410056325006200 ) ) ;
#8419 = CARTESIAN_POINT ( 'NONE',  ( 0.5711084012082594500, -0.5718407022048627200, 0.07274527778439934800 ) ) ;
#8420 = CARTESIAN_POINT ( 'NONE',  ( 0.5378113284234492500, -0.5718407022048628300, 0.1031487587970575800 ) ) ;
#8421 = CARTESIAN_POINT ( 'NONE',  ( 0.5970676575373732300, -0.5723407022048626600, 0.1152769233540195900 ) ) ;
#8422 = CARTESIAN_POINT ( 'NONE',  ( 0.5306258062715505400, -0.5718407022048628300, 0.1370411638603487000 ) ) ;
#8423 = CARTESIAN_POINT ( 'NONE',  ( 0.6196210594361074600, -0.5723407022048626600, 0.1152769233540195900 ) ) ;
#8424 = CARTESIAN_POINT ( 'NONE',  ( 0.6083235910816770000, -0.5718407022048626100, 0.08001386955655123700 ) ) ;
#8425 = CARTESIAN_POINT ( 'NONE',  ( 0.6083235910816771100, -0.5723407022048635500, 0.08001386955655122300 ) ) ;
#8426 = CARTESIAN_POINT ( 'NONE',  ( 0.5970676575373732300, -0.5718407022048627200, 0.1152769233540195900 ) ) ;
#8427 = CARTESIAN_POINT ( 'NONE',  ( 0.6196210594361074600, -0.5718407022048626100, 0.1152769233540195900 ) ) ;
#8428 = CARTESIAN_POINT ( 'NONE',  ( 0.8599691607019303000, -0.5723407022048622200, 0.1427452777843993500 ) ) ;
#8429 = CARTESIAN_POINT ( 'NONE',  ( 0.8679438442462339400, -0.5723407022048622200, 0.1427452777843993500 ) ) ;
#8430 = CARTESIAN_POINT ( 'NONE',  ( 0.8200957429804112100, -0.5723407022048623300, 0.1427452777843993500 ) ) ;
#8431 = CARTESIAN_POINT ( 'NONE',  ( 0.9531970088031970200, -0.5723407022048629900, -0.1822547222156006800 ) ) ;
#8432 = CARTESIAN_POINT ( 'NONE',  ( 0.8280704265247150800, -0.5723407022048623300, 0.1427452777843993500 ) ) ;
#8433 = CARTESIAN_POINT ( 'NONE',  ( 0.8280704265247150800, -0.5723407022048623300, 0.1081883157590828900 ) ) ;
#8434 = VECTOR ( 'NONE', #7964, 39.37007874015748100 ) ;
#8435 = VECTOR ( 'NONE', #7966, 39.37007874015748100 ) ;
#8436 = VECTOR ( 'NONE', #7968, 39.37007874015748100 ) ;
#8437 = VECTOR ( 'NONE', #7970, 39.37007874015748100 ) ;
#8438 = VECTOR ( 'NONE', #7972, 39.37007874015748100 ) ;
#8439 = VECTOR ( 'NONE', #7974, 39.37007874015748100 ) ;
#8440 = VECTOR ( 'NONE', #7976, 39.37007874015748100 ) ;
#8441 = VECTOR ( 'NONE', #7978, 39.37007874015748100 ) ;
#8442 = VECTOR ( 'NONE', #7980, 39.37007874015748100 ) ;
#8443 = VECTOR ( 'NONE', #7982, 39.37007874015748100 ) ;
#8444 = VECTOR ( 'NONE', #7984, 39.37007874015748100 ) ;
#8445 = VECTOR ( 'NONE', #7986, 39.37007874015748100 ) ;
#8446 = VECTOR ( 'NONE', #7988, 39.37007874015748100 ) ;
#8447 = VECTOR ( 'NONE', #7990, 39.37007874015748100 ) ;
#8448 = VECTOR ( 'NONE', #7992, 39.37007874015748100 ) ;
#8449 = VECTOR ( 'NONE', #7994, 39.37007874015748100 ) ;
#8450 = VECTOR ( 'NONE', #7996, 39.37007874015748100 ) ;
#8451 = VECTOR ( 'NONE', #7998, 39.37007874015748100 ) ;
#8452 = VECTOR ( 'NONE', #8000, 39.37007874015748100 ) ;
#8453 = VECTOR ( 'NONE', #8002, 39.37007874015748100 ) ;
#8454 = VECTOR ( 'NONE', #8013, 39.37007874015748100 ) ;
#8455 = VECTOR ( 'NONE', #8026, 39.37007874015748100 ) ;
#8456 = VECTOR ( 'NONE', #8028, 39.37007874015748100 ) ;
#8457 = VECTOR ( 'NONE', #8030, 39.37007874015748100 ) ;
#8458 = VECTOR ( 'NONE', #8032, 39.37007874015748100 ) ;
#8459 = VECTOR ( 'NONE', #8034, 39.37007874015748100 ) ;
#8460 = VECTOR ( 'NONE', #8036, 39.37007874015748100 ) ;
#8461 = CIRCLE ( 'NONE', #8469, 0.2029999999999999900 ) ;
#8462 = VECTOR ( 'NONE', #8038, 39.37007874015748100 ) ;
#8463 = CIRCLE ( 'NONE', #8471, 0.1325000000000000300 ) ;
#8464 = VECTOR ( 'NONE', #8059, 39.37007874015748100 ) ;
#8465 = CIRCLE ( 'NONE', #8470, 0.2029999999999999900 ) ;
#8466 = VECTOR ( 'NONE', #8072, 39.37007874015748100 ) ;
#8467 = CIRCLE ( 'NONE', #8472, 0.1325000000000000300 ) ;
#8468 = VECTOR ( 'NONE', #8085, 39.37007874015748100 ) ;
#8469 = AXIS2_PLACEMENT_3D ( 'NONE', #8086, #8087, #8088 ) ;
#8470 = AXIS2_PLACEMENT_3D ( 'NONE', #8089, #8090, #8091 ) ;
#8471 = AXIS2_PLACEMENT_3D ( 'NONE', #8092, #8093, #8094 ) ;
#8472 = AXIS2_PLACEMENT_3D ( 'NONE', #8095, #8096, #8097 ) ;
#8473 = VECTOR ( 'NONE', #8099, 39.37007874015748100 ) ;
#8474 = VECTOR ( 'NONE', #8101, 39.37007874015748100 ) ;
#8475 = VECTOR ( 'NONE', #8103, 39.37007874015748100 ) ;
#8476 = VECTOR ( 'NONE', #8105, 39.37007874015748100 ) ;
#8477 = VECTOR ( 'NONE', #8107, 39.37007874015748100 ) ;
#8478 = VECTOR ( 'NONE', #8109, 39.37007874015748100 ) ;
#8479 = VECTOR ( 'NONE', #8111, 39.37007874015748100 ) ;
#8480 = VECTOR ( 'NONE', #8113, 39.37007874015748100 ) ;
#8481 = VECTOR ( 'NONE', #8115, 39.37007874015748100 ) ;
#8482 = VECTOR ( 'NONE', #8117, 39.37007874015748900 ) ;
#8483 = VECTOR ( 'NONE', #8119, 39.37007874015748900 ) ;
#8484 = VECTOR ( 'NONE', #8121, 39.37007874015748100 ) ;
#8485 = VECTOR ( 'NONE', #8123, 39.37007874015748100 ) ;
#8486 = VECTOR ( 'NONE', #8125, 39.37007874015748100 ) ;
#8487 = VECTOR ( 'NONE', #8127, 39.37007874015748900 ) ;
#8488 = VECTOR ( 'NONE', #8129, 39.37007874015748900 ) ;
#8489 = CIRCLE ( 'NONE', #8495, 0.2814999999999999700 ) ;
#8490 = VECTOR ( 'NONE', #8131, 39.37007874015748100 ) ;
#8491 = VECTOR ( 'NONE', #8133, 39.37007874015748100 ) ;
#8492 = VECTOR ( 'NONE', #8135, 39.37007874015748100 ) ;
#8493 = VECTOR ( 'NONE', #8137, 39.37007874015748100 ) ;
#8494 = VECTOR ( 'NONE', #8139, 39.37007874015748100 ) ;
#8495 = AXIS2_PLACEMENT_3D ( 'NONE', #8140, #8141, #8142 ) ;
#8496 = CIRCLE ( 'NONE', #8499, 0.2814999999999999700 ) ;
#8497 = VECTOR ( 'NONE', #8144, 39.37007874015748100 ) ;
#8498 = VECTOR ( 'NONE', #8146, 39.37007874015748100 ) ;
#8499 = AXIS2_PLACEMENT_3D ( 'NONE', #8147, #8148, #8149 ) ;
#8500 = VECTOR ( 'NONE', #8151, 39.37007874015748100 ) ;
#8501 = VECTOR ( 'NONE', #8153, 39.37007874015748100 ) ;
#8502 = VECTOR ( 'NONE', #8155, 39.37007874015748100 ) ;
#8503 = VECTOR ( 'NONE', #8157, 39.37007874015748100 ) ;
#8504 = VECTOR ( 'NONE', #8159, 39.37007874015748100 ) ;
#8505 = VECTOR ( 'NONE', #8161, 39.37007874015748100 ) ;
#8506 = VECTOR ( 'NONE', #8163, 39.37007874015748100 ) ;
#8507 = VECTOR ( 'NONE', #8165, 39.37007874015748100 ) ;
#8508 = VECTOR ( 'NONE', #8167, 39.37007874015748100 ) ;
#8509 = VECTOR ( 'NONE', #8169, 39.37007874015748100 ) ;
#8510 = VECTOR ( 'NONE', #8171, 39.37007874015748100 ) ;
#8511 = VECTOR ( 'NONE', #8173, 39.37007874015748100 ) ;
#8512 = VECTOR ( 'NONE', #8175, 39.37007874015748100 ) ;
#8513 = VECTOR ( 'NONE', #8177, 39.37007874015748100 ) ;
#8514 = VECTOR ( 'NONE', #8179, 39.37007874015748100 ) ;
#8515 = VECTOR ( 'NONE', #8181, 39.37007874015748100 ) ;
#8516 = VECTOR ( 'NONE', #8183, 39.37007874015748100 ) ;
#8517 = VECTOR ( 'NONE', #8185, 39.37007874015748100 ) ;
#8518 = VECTOR ( 'NONE', #8187, 39.37007874015748100 ) ;
#8519 = VECTOR ( 'NONE', #8189, 39.37007874015748100 ) ;
#8520 = VECTOR ( 'NONE', #8191, 39.37007874015748100 ) ;
#8521 = VECTOR ( 'NONE', #8193, 39.37007874015748100 ) ;
#8522 = VECTOR ( 'NONE', #8195, 39.37007874015748100 ) ;
#8523 = VECTOR ( 'NONE', #8197, 39.37007874015748100 ) ;
#8524 = VECTOR ( 'NONE', #8199, 39.37007874015748100 ) ;
#8525 = VECTOR ( 'NONE', #8201, 39.37007874015748100 ) ;
#8526 = VECTOR ( 'NONE', #8203, 39.37007874015748100 ) ;
#8527 = VECTOR ( 'NONE', #8205, 39.37007874015748100 ) ;
#8528 = VECTOR ( 'NONE', #8207, 39.37007874015748100 ) ;
#8529 = VECTOR ( 'NONE', #8209, 39.37007874015748100 ) ;
#8530 = VECTOR ( 'NONE', #8211, 39.37007874015748100 ) ;
#8531 = VECTOR ( 'NONE', #8213, 39.37007874015748100 ) ;
#8532 = VECTOR ( 'NONE', #8215, 39.37007874015748100 ) ;
#8533 = VECTOR ( 'NONE', #8217, 39.37007874015748100 ) ;
#8534 = VECTOR ( 'NONE', #8219, 39.37007874015748100 ) ;
#8535 = VECTOR ( 'NONE', #8221, 39.37007874015748100 ) ;
#8536 = VECTOR ( 'NONE', #8223, 39.37007874015748100 ) ;
#8537 = VECTOR ( 'NONE', #8225, 39.37007874015748100 ) ;
#8538 = VECTOR ( 'NONE', #8227, 39.37007874015748100 ) ;
#8539 = VECTOR ( 'NONE', #8229, 39.37007874015748100 ) ;
#8540 = VECTOR ( 'NONE', #8231, 39.37007874015748100 ) ;
#8541 = VECTOR ( 'NONE', #8233, 39.37007874015748100 ) ;
#8542 = VECTOR ( 'NONE', #8235, 39.37007874015748100 ) ;
#8543 = VECTOR ( 'NONE', #8248, 39.37007874015748100 ) ;
#8544 = VECTOR ( 'NONE', #8261, 39.37007874015748100 ) ;
#8545 = VECTOR ( 'NONE', #8274, 39.37007874015748100 ) ;
#8546 = VECTOR ( 'NONE', #8287, 39.37007874015748100 ) ;
#8547 = VECTOR ( 'NONE', #8300, 39.37007874015748100 ) ;
#8548 = VECTOR ( 'NONE', #8313, 39.37007874015748100 ) ;
#8549 = VECTOR ( 'NONE', #9008, 39.37007874015748100 ) ;
#8550 = VECTOR ( 'NONE', #9021, 39.37007874015748100 ) ;
#8551 = VECTOR ( 'NONE', #9034, 39.37007874015748100 ) ;
#8552 = VECTOR ( 'NONE', #9036, 39.37007874015748100 ) ;
#8553 = VECTOR ( 'NONE', #9049, 39.37007874015748100 ) ;
#8554 = VECTOR ( 'NONE', #9051, 39.37007874015748100 ) ;
#8555 = VECTOR ( 'NONE', #9053, 39.37007874015748100 ) ;
#8556 = VECTOR ( 'NONE', #9055, 39.37007874015748100 ) ;
#8557 = VECTOR ( 'NONE', #9057, 39.37007874015748100 ) ;
#8558 = VECTOR ( 'NONE', #9059, 39.37007874015748100 ) ;
#8559 = VECTOR ( 'NONE', #9061, 39.37007874015748100 ) ;
#8560 = VECTOR ( 'NONE', #9085, 39.37007874015748100 ) ;
#8561 = VECTOR ( 'NONE', #9098, 39.37007874015748100 ) ;
#8562 = VECTOR ( 'NONE', #9100, 39.37007874015748100 ) ;
#8563 = VECTOR ( 'NONE', #9113, 39.37007874015748100 ) ;
#8564 = VECTOR ( 'NONE', #9115, 39.37007874015748100 ) ;
#8565 = VECTOR ( 'NONE', #9117, 39.37007874015748100 ) ;
#8566 = VECTOR ( 'NONE', #9119, 39.37007874015748100 ) ;
#8567 = LINE ( 'NONE', #8031, #8458 ) ;
#8568 = LINE ( 'NONE', #8033, #8459 ) ;
#8569 = LINE ( 'NONE', #8035, #8460 ) ;
#8570 = LINE ( 'NONE', #8037, #8462 ) ;
#8571 = LINE ( 'NONE', #8058, #8464 ) ;
#8572 = LINE ( 'NONE', #8071, #8466 ) ;
#8573 = LINE ( 'NONE', #8084, #8468 ) ;
#8574 = LINE ( 'NONE', #8098, #8473 ) ;
#8575 = LINE ( 'NONE', #8100, #8474 ) ;
#8576 = LINE ( 'NONE', #8102, #8475 ) ;
#8577 = LINE ( 'NONE', #8104, #8476 ) ;
#8578 = LINE ( 'NONE', #8106, #8477 ) ;
#8579 = LINE ( 'NONE', #8108, #8478 ) ;
#8580 = LINE ( 'NONE', #8110, #8479 ) ;
#8581 = LINE ( 'NONE', #8112, #8480 ) ;
#8582 = LINE ( 'NONE', #8114, #8481 ) ;
#8583 = LINE ( 'NONE', #8116, #8482 ) ;
#8584 = LINE ( 'NONE', #8118, #8483 ) ;
#8585 = LINE ( 'NONE', #8120, #8484 ) ;
#8586 = LINE ( 'NONE', #8122, #8485 ) ;
#8587 = LINE ( 'NONE', #8124, #8486 ) ;
#8588 = LINE ( 'NONE', #8126, #8487 ) ;
#8589 = LINE ( 'NONE', #8128, #8488 ) ;
#8590 = LINE ( 'NONE', #8130, #8490 ) ;
#8591 = LINE ( 'NONE', #8132, #8491 ) ;
#8592 = LINE ( 'NONE', #8134, #8492 ) ;
#8593 = LINE ( 'NONE', #8136, #8493 ) ;
#8594 = LINE ( 'NONE', #8138, #8494 ) ;
#8595 = LINE ( 'NONE', #8143, #8497 ) ;
#8596 = LINE ( 'NONE', #8145, #8498 ) ;
#8597 = LINE ( 'NONE', #8150, #8500 ) ;
#8598 = LINE ( 'NONE', #8152, #8501 ) ;
#8599 = LINE ( 'NONE', #8154, #8502 ) ;
#8600 = LINE ( 'NONE', #8156, #8503 ) ;
#8601 = LINE ( 'NONE', #8158, #8504 ) ;
#8602 = LINE ( 'NONE', #8160, #8505 ) ;
#8603 = LINE ( 'NONE', #8162, #8506 ) ;
#8604 = LINE ( 'NONE', #8164, #8507 ) ;
#8605 = LINE ( 'NONE', #8166, #8508 ) ;
#8606 = LINE ( 'NONE', #8168, #8509 ) ;
#8607 = LINE ( 'NONE', #8170, #8510 ) ;
#8608 = LINE ( 'NONE', #8172, #8511 ) ;
#8609 = LINE ( 'NONE', #8174, #8512 ) ;
#8610 = LINE ( 'NONE', #8176, #8513 ) ;
#8611 = LINE ( 'NONE', #8178, #8514 ) ;
#8612 = LINE ( 'NONE', #8180, #8515 ) ;
#8613 = LINE ( 'NONE', #8182, #8516 ) ;
#8614 = LINE ( 'NONE', #8184, #8517 ) ;
#8615 = LINE ( 'NONE', #8186, #8518 ) ;
#8616 = LINE ( 'NONE', #8188, #8519 ) ;
#8617 = LINE ( 'NONE', #8190, #8520 ) ;
#8618 = LINE ( 'NONE', #8192, #8521 ) ;
#8619 = LINE ( 'NONE', #8194, #8522 ) ;
#8620 = LINE ( 'NONE', #8196, #8523 ) ;
#8621 = LINE ( 'NONE', #8198, #8524 ) ;
#8622 = LINE ( 'NONE', #8200, #8525 ) ;
#8623 = LINE ( 'NONE', #8202, #8526 ) ;
#8624 = LINE ( 'NONE', #8204, #8527 ) ;
#8625 = LINE ( 'NONE', #8206, #8528 ) ;
#8626 = LINE ( 'NONE', #8208, #8529 ) ;
#8627 = LINE ( 'NONE', #8210, #8530 ) ;
#8628 = LINE ( 'NONE', #8212, #8531 ) ;
#8629 = LINE ( 'NONE', #8214, #8532 ) ;
#8630 = LINE ( 'NONE', #8216, #8533 ) ;
#8631 = LINE ( 'NONE', #8218, #8534 ) ;
#8632 = LINE ( 'NONE', #8220, #8535 ) ;
#8633 = LINE ( 'NONE', #8222, #8536 ) ;
#8634 = LINE ( 'NONE', #8224, #8537 ) ;
#8635 = LINE ( 'NONE', #8226, #8538 ) ;
#8636 = LINE ( 'NONE', #8228, #8539 ) ;
#8637 = LINE ( 'NONE', #8230, #8540 ) ;
#8638 = LINE ( 'NONE', #8232, #8541 ) ;
#8639 = LINE ( 'NONE', #8234, #8542 ) ;
#8640 = LINE ( 'NONE', #8247, #8543 ) ;
#8641 = LINE ( 'NONE', #8260, #8544 ) ;
#8642 = LINE ( 'NONE', #8273, #8545 ) ;
#8643 = LINE ( 'NONE', #8286, #8546 ) ;
#8644 = LINE ( 'NONE', #8299, #8547 ) ;
#8645 = LINE ( 'NONE', #8312, #8548 ) ;
#8646 = FACE_OUTER_BOUND ( 'NONE', #4195, .T. ) ;
#8647 = LINE ( 'NONE', #9020, #8550 ) ;
#8648 = LINE ( 'NONE', #9033, #8551 ) ;
#8649 = LINE ( 'NONE', #9035, #8552 ) ;
#8650 = LINE ( 'NONE', #9048, #8553 ) ;
#8651 = LINE ( 'NONE', #9050, #8554 ) ;
#8652 = LINE ( 'NONE', #9052, #8555 ) ;
#8653 = LINE ( 'NONE', #9054, #8556 ) ;
#8654 = LINE ( 'NONE', #9056, #8557 ) ;
#8655 = LINE ( 'NONE', #9058, #8558 ) ;
#8656 = LINE ( 'NONE', #9060, #8559 ) ;
#8657 = LINE ( 'NONE', #9084, #8560 ) ;
#8658 = LINE ( 'NONE', #9097, #8561 ) ;
#8659 = LINE ( 'NONE', #9099, #8562 ) ;
#8660 = LINE ( 'NONE', #9112, #8563 ) ;
#8661 = LINE ( 'NONE', #9114, #8564 ) ;
#8662 = LINE ( 'NONE', #9116, #8565 ) ;
#8663 = LINE ( 'NONE', #9118, #8566 ) ;
#8664 = LINE ( 'NONE', #9120, #437 ) ;
#8665 = LINE ( 'NONE', #9122, #9434 ) ;
#8666 = LINE ( 'NONE', #9124, #9435 ) ;
#8667 = LINE ( 'NONE', #9148, #9436 ) ;
#8668 = LINE ( 'NONE', #9169, #9437 ) ;
#8669 = LINE ( 'NONE', #9182, #9438 ) ;
#8670 = LINE ( 'NONE', #9195, #9439 ) ;
#8671 = LINE ( 'NONE', #9208, #9440 ) ;
#8672 = LINE ( 'NONE', #9210, #9441 ) ;
#8673 = LINE ( 'NONE', #9212, #9442 ) ;
#8674 = LINE ( 'NONE', #9214, #9443 ) ;
#8675 = LINE ( 'NONE', #9216, #9444 ) ;
#8676 = LINE ( 'NONE', #9229, #9445 ) ;
#8677 = LINE ( 'NONE', #9250, #9446 ) ;
#8678 = LINE ( 'NONE', #9263, #9447 ) ;
#8679 = LINE ( 'NONE', #9272, #9448 ) ;
#8680 = LINE ( 'NONE', #9293, #9449 ) ;
#8681 = LINE ( 'NONE', #9314, #9451 ) ;
#8682 = LINE ( 'NONE', #9327, #9452 ) ;
#8683 = LINE ( 'NONE', #9329, #9453 ) ;
#8684 = LINE ( 'NONE', #9331, #9454 ) ;
#8685 = LINE ( 'NONE', #9333, #9456 ) ;
#8686 = LINE ( 'NONE', #9335, #9458 ) ;
#8687 = LINE ( 'NONE', #9348, #9459 ) ;
#8688 = LINE ( 'NONE', #9384, #9461 ) ;
#8689 = FACE_OUTER_BOUND ( 'NONE', #4189, .T. ) ;
#8690 = FACE_OUTER_BOUND ( 'NONE', #4197, .T. ) ;
#8691 = FACE_OUTER_BOUND ( 'NONE', #4196, .T. ) ;
#8692 = FACE_OUTER_BOUND ( 'NONE', #4194, .T. ) ;
#8693 = FACE_OUTER_BOUND ( 'NONE', #4193, .T. ) ;
#8694 = FACE_OUTER_BOUND ( 'NONE', #4192, .T. ) ;
#8695 = FACE_OUTER_BOUND ( 'NONE', #4190, .T. ) ;
#8696 = FACE_OUTER_BOUND ( 'NONE', #4181, .T. ) ;
#8697 = FACE_OUTER_BOUND ( 'NONE', #4184, .T. ) ;
#8698 = FACE_OUTER_BOUND ( 'NONE', #4186, .T. ) ;
#8699 = FACE_OUTER_BOUND ( 'NONE', #4182, .T. ) ;
#8700 = FACE_OUTER_BOUND ( 'NONE', #4191, .T. ) ;
#8701 = FACE_OUTER_BOUND ( 'NONE', #4185, .T. ) ;
#8702 = FACE_OUTER_BOUND ( 'NONE', #4183, .T. ) ;
#8703 = FACE_OUTER_BOUND ( 'NONE', #4188, .T. ) ;
#8704 = FACE_OUTER_BOUND ( 'NONE', #4200, .T. ) ;
#8705 = FACE_OUTER_BOUND ( 'NONE', #4198, .T. ) ;
#8706 = FACE_OUTER_BOUND ( 'NONE', #4199, .T. ) ;
#8707 = FACE_OUTER_BOUND ( 'NONE', #4202, .T. ) ;
#8708 = FACE_OUTER_BOUND ( 'NONE', #4203, .T. ) ;
#8709 = FACE_OUTER_BOUND ( 'NONE', #4201, .T. ) ;
#8710 = FACE_OUTER_BOUND ( 'NONE', #4180, .T. ) ;
#8711 = FACE_OUTER_BOUND ( 'NONE', #1446, .T. ) ;
#8712 = FACE_OUTER_BOUND ( 'NONE', #1444, .T. ) ;
#8713 = FACE_OUTER_BOUND ( 'NONE', #1442, .T. ) ;
#8714 = FACE_OUTER_BOUND ( 'NONE', #1440, .T. ) ;
#8715 = FACE_OUTER_BOUND ( 'NONE', #1438, .T. ) ;
#8716 = FACE_OUTER_BOUND ( 'NONE', #1436, .T. ) ;
#8717 = FACE_OUTER_BOUND ( 'NONE', #1434, .T. ) ;
#8718 = FACE_OUTER_BOUND ( 'NONE', #1432, .T. ) ;
#8719 = FACE_OUTER_BOUND ( 'NONE', #1454, .T. ) ;
#8720 = FACE_OUTER_BOUND ( 'NONE', #1433, .T. ) ;
#8721 = FACE_OUTER_BOUND ( 'NONE', #1435, .T. ) ;
#8722 = FACE_OUTER_BOUND ( 'NONE', #1437, .T. ) ;
#8723 = FACE_OUTER_BOUND ( 'NONE', #1439, .T. ) ;
#8724 = FACE_OUTER_BOUND ( 'NONE', #1441, .T. ) ;
#8725 = FACE_OUTER_BOUND ( 'NONE', #1443, .T. ) ;
#8726 = FACE_OUTER_BOUND ( 'NONE', #1445, .T. ) ;
#8727 = FACE_OUTER_BOUND ( 'NONE', #1447, .T. ) ;
#8728 = FACE_OUTER_BOUND ( 'NONE', #1449, .T. ) ;
#8729 = FACE_OUTER_BOUND ( 'NONE', #1450, .T. ) ;
#8730 = FACE_OUTER_BOUND ( 'NONE', #1451, .T. ) ;
#8731 = FACE_BOUND ( 'NONE', #1452, .T. ) ;
#8732 = FACE_OUTER_BOUND ( 'NONE', #1453, .T. ) ;
#8733 = FACE_BOUND ( 'NONE', #4141, .T. ) ;
#8734 = FACE_BOUND ( 'NONE', #4140, .T. ) ;
#8735 = FACE_BOUND ( 'NONE', #4143, .T. ) ;
#8736 = FACE_BOUND ( 'NONE', #4145, .T. ) ;
#8737 = FACE_BOUND ( 'NONE', #4146, .T. ) ;
#8738 = FACE_BOUND ( 'NONE', #4147, .T. ) ;
#8739 = FACE_OUTER_BOUND ( 'NONE', #4148, .T. ) ;
#8740 = FACE_BOUND ( 'NONE', #4151, .T. ) ;
#8741 = FACE_BOUND ( 'NONE', #4149, .T. ) ;
#8742 = FACE_BOUND ( 'NONE', #4153, .T. ) ;
#8743 = FACE_BOUND ( 'NONE', #4150, .T. ) ;
#8744 = FACE_BOUND ( 'NONE', #4152, .T. ) ;
#8745 = FACE_BOUND ( 'NONE', #4154, .T. ) ;
#8746 = FACE_OUTER_BOUND ( 'NONE', #4139, .T. ) ;
#8747 = CYLINDRICAL_SURFACE ( 'NONE', #9486, 0.2029999999999999900 ) ;
#8748 = FACE_OUTER_BOUND ( 'NONE', #4144, .T. ) ;
#8749 = CYLINDRICAL_SURFACE ( 'NONE', #9497, 0.1325000000000000300 ) ;
#8750 = FACE_OUTER_BOUND ( 'NONE', #4155, .T. ) ;
#8751 = CYLINDRICAL_SURFACE ( 'NONE', #9495, 0.1325000000000000300 ) ;
#8752 = FACE_OUTER_BOUND ( 'NONE', #4156, .T. ) ;
#8753 = FACE_OUTER_BOUND ( 'NONE', #4157, .T. ) ;
#8754 = FACE_OUTER_BOUND ( 'NONE', #4158, .T. ) ;
#8755 = CYLINDRICAL_SURFACE ( 'NONE', #9502, 0.2029999999999999900 ) ;
#8756 = FACE_OUTER_BOUND ( 'NONE', #4159, .T. ) ;
#8757 = CYLINDRICAL_SURFACE ( 'NONE', #9500, 0.1325000000000000300 ) ;
#8758 = FACE_OUTER_BOUND ( 'NONE', #4160, .T. ) ;
#8759 = FACE_OUTER_BOUND ( 'NONE', #4161, .T. ) ;
#8760 = FACE_OUTER_BOUND ( 'NONE', #4162, .T. ) ;
#8761 = FACE_OUTER_BOUND ( 'NONE', #4163, .T. ) ;
#8762 = FACE_OUTER_BOUND ( 'NONE', #4164, .T. ) ;
#8763 = FACE_OUTER_BOUND ( 'NONE', #4165, .T. ) ;
#8764 = FACE_BOUND ( 'NONE', #4166, .T. ) ;
#8765 = FACE_OUTER_BOUND ( 'NONE', #4167, .T. ) ;
#8766 = FACE_OUTER_BOUND ( 'NONE', #4168, .T. ) ;
#8767 = FACE_BOUND ( 'NONE', #4169, .T. ) ;
#8768 = FACE_OUTER_BOUND ( 'NONE', #4170, .T. ) ;
#8769 = FACE_OUTER_BOUND ( 'NONE', #4171, .T. ) ;
#8770 = FACE_BOUND ( 'NONE', #4172, .T. ) ;
#8771 = FACE_OUTER_BOUND ( 'NONE', #4173, .T. ) ;
#8772 = FACE_OUTER_BOUND ( 'NONE', #4174, .T. ) ;
#8773 = CYLINDRICAL_SURFACE ( 'NONE', #9515, 0.2814999999999999700 ) ;
#8774 = FACE_OUTER_BOUND ( 'NONE', #4175, .T. ) ;
#8775 = FACE_OUTER_BOUND ( 'NONE', #4176, .T. ) ;
#8776 = FACE_OUTER_BOUND ( 'NONE', #4177, .T. ) ;
#8777 = FACE_OUTER_BOUND ( 'NONE', #4178, .T. ) ;
#8778 = FACE_OUTER_BOUND ( 'NONE', #4179, .T. ) ;
#8779 = LINE ( 'NONE', #10029, #9522 ) ;
#8780 = ORGANIZATION ( 'UNSPECIFIED', 'UNSPECIFIED', '' ) ;
#8781 = SHAPE_DEFINITION_REPRESENTATION ( #196, #400 ) ;
#8782 = PERSON_AND_ORGANIZATION ( #10057, #8780 ) ;
#8783 = PERSON_AND_ORGANIZATION ( #10057, #8780 ) ;
#8784 = APPROVAL_PERSON_ORGANIZATION ( #8783, #9526, #10045 ) ;
#8785 = COORDINATED_UNIVERSAL_TIME_OFFSET ( 5, 0, .BEHIND. ) ;
#8786 = CALENDAR_DATE ( 2011, 30, 6 ) ;
#8787 = DATE_AND_TIME ( #8786, #2440 ) ;
#8788 = APPROVAL_DATE_TIME ( #8787, #9526 ) ;
#8789 = PERSON_AND_ORGANIZATION ( #10057, #8780 ) ;
#8790 = COORDINATED_UNIVERSAL_TIME_OFFSET ( 5, 0, .BEHIND. ) ;
#8791 = CALENDAR_DATE ( 2011, 30, 6 ) ;
#8792 = DATE_AND_TIME ( #8791, #2441 ) ;
#8793 = PERSON_AND_ORGANIZATION ( #10057, #8780 ) ;
#8794 = APPROVAL_PERSON_ORGANIZATION ( #8793, #9531, #10049 ) ;
#8795 = COORDINATED_UNIVERSAL_TIME_OFFSET ( 5, 0, .BEHIND. ) ;
#8796 = CALENDAR_DATE ( 2011, 30, 6 ) ;
#8797 = DATE_AND_TIME ( #8796, #2442 ) ;
#8798 = APPROVAL_DATE_TIME ( #8797, #9531 ) ;
#8799 = PERSON_AND_ORGANIZATION ( #10057, #8780 ) ;
#8800 = PERSON_AND_ORGANIZATION ( #10057, #8780 ) ;
#8801 = PERSON_AND_ORGANIZATION ( #10057, #8780 ) ;
#8802 = COORDINATED_UNIVERSAL_TIME_OFFSET ( 5, 0, .BEHIND. ) ;
#8803 = CALENDAR_DATE ( 2011, 30, 6 ) ;
#8804 = DATE_AND_TIME ( #8803, #2443 ) ;
#8805 = PERSON_AND_ORGANIZATION ( #10057, #8780 ) ;
#8806 = APPROVAL_PERSON_ORGANIZATION ( #8805, #9538, #10056 ) ;
#8807 = COORDINATED_UNIVERSAL_TIME_OFFSET ( 5, 0, .BEHIND. ) ;
#8808 = CALENDAR_DATE ( 2011, 30, 6 ) ;
#8809 = DATE_AND_TIME ( #8808, #2444 ) ;
#8810 = APPROVAL_DATE_TIME ( #8809, #9538 ) ;
#8811 = B_SPLINE_SURFACE_WITH_KNOTS ( 'NONE', 3, 1, ( 
 ( #2801, #2802 ),
 ( #2803, #2804 ),
 ( #2805, #2806 ),
 ( #2807, #2808 ),
 ( #2809, #2810 ),
 ( #2811, #2812 ),
 ( #2813, #2814 ),
 ( #2815, #2816 ),
 ( #2817, #2818 ),
 ( #2819, #2820 ),
 ( #2821, #2822 ) ),
 .UNSPECIFIED., .F., .F., .F.,
 ( 4, 1, 1, 1, 1, 1, 1, 1, 4 ),
 ( 2, 2 ),
 ( 0.0000000000000000000, 0.1188082764357436000, 0.2347270250529342200, 0.3472209946315993300, 0.4611885382195852800, 0.5790445751375236100, 0.7047304818725264000, 0.8462006209825555500, 1.000000000000000000 ),
 ( 0.0000000000000000000, 1.000000000000000000 ),
 .UNSPECIFIED. ) ;
#8812 = B_SPLINE_SURFACE_WITH_KNOTS ( 'NONE', 3, 1, ( 
 ( #2823, #2824 ),
 ( #2825, #2826 ),
 ( #2827, #2828 ),
 ( #2829, #2830 ),
 ( #2831, #2832 ),
 ( #2833, #2834 ),
 ( #2835, #2836 ),
 ( #2837, #2838 ),
 ( #2839, #2840 ) ),
 .UNSPECIFIED., .F., .F., .F.,
 ( 4, 1, 1, 1, 1, 1, 4 ),
 ( 2, 2 ),
 ( 0.0000000000000000000, 0.2605774420645360400, 0.5424976965504000300, 0.6796568628294217300, 0.8012177302725237400, 0.9073296471210827700, 1.000000000000000000 ),
 ( 0.0000000000000000000, 1.000000000000000000 ),
 .UNSPECIFIED. ) ;
#8813 = B_SPLINE_SURFACE_WITH_KNOTS ( 'NONE', 3, 1, ( 
 ( #2868, #2869 ),
 ( #2870, #2871 ),
 ( #2872, #2873 ),
 ( #2874, #2875 ),
 ( #2876, #2877 ),
 ( #2878, #2879 ),
 ( #2880, #2881 ),
 ( #2882, #2883 ),
 ( #2884, #2885 ),
 ( #2886, #2887 ),
 ( #2888, #2889 ),
 ( #2890, #2891 ),
 ( #2892, #2893 ),
 ( #2894, #2895 ),
 ( #2896, #2897 ),
 ( #2898, #2899 ),
 ( #2900, #2901 ),
 ( #2902, #2903 ),
 ( #2904, #2905 ) ),
 .UNSPECIFIED., .F., .F., .F.,
 ( 4, 1, 1, 1, 1, 1, 1, 1, 1, 1, 1, 1, 1, 1, 1, 1, 4 ),
 ( 2, 2 ),
 ( 0.0000000000000000000, 0.07786893674188037600, 0.1513380232644986900, 0.2221984107329259300, 0.2902821181484497900, 0.3557013316632575700, 0.4191184737263595700, 0.4819855685903808300, 0.5434578152314552000, 0.6037785017374918100, 0.6616778090979700300, 0.7178196540080793400, 0.7729315047465716800, 0.8281436136191222500, 0.8835117626771674700, 0.9407076033712799000, 1.000000000000000000 ),
 ( 0.0000000000000000000, 1.000000000000000000 ),
 .UNSPECIFIED. ) ;
#8814 = B_SPLINE_SURFACE_WITH_KNOTS ( 'NONE', 3, 1, ( 
 ( #2906, #2907 ),
 ( #2908, #2909 ),
 ( #2910, #2911 ),
 ( #2912, #2913 ),
 ( #2914, #2915 ),
 ( #2916, #2917 ),
 ( #2918, #2919 ),
 ( #2920, #2921 ),
 ( #2922, #2923 ),
 ( #2924, #2925 ),
 ( #2926, #2927 ) ),
 .UNSPECIFIED., .F., .F., .F.,
 ( 4, 1, 1, 1, 1, 1, 1, 1, 4 ),
 ( 2, 2 ),
 ( 0.0000000000000000000, 0.1094009317729910100, 0.2243024802153386600, 0.3462944381508401600, 0.4761369450025155800, 0.6088514006857836900, 0.7397610635772019500, 0.8695813604166361400, 1.000000000000000000 ),
 ( 0.0000000000000000000, 1.000000000000000000 ),
 .UNSPECIFIED. ) ;
#8815 = B_SPLINE_SURFACE_WITH_KNOTS ( 'NONE', 3, 1, ( 
 ( #2955, #2956 ),
 ( #2957, #2958 ),
 ( #2959, #2960 ),
 ( #2961, #2962 ),
 ( #2963, #2964 ),
 ( #2965, #2966 ),
 ( #2967, #2968 ),
 ( #2969, #2970 ),
 ( #2971, #2972 ),
 ( #2973, #2974 ),
 ( #2975, #2976 ),
 ( #2977, #2978 ),
 ( #2979, #2980 ),
 ( #2981, #2982 ),
 ( #2983, #2984 ) ),
 .UNSPECIFIED., .F., .F., .F.,
 ( 4, 1, 1, 1, 1, 1, 1, 1, 1, 1, 1, 1, 4 ),
 ( 2, 2 ),
 ( 0.0000000000000000000, 0.1346811585169580800, 0.2572585262720982800, 0.3683631288895860600, 0.4735938415341292000, 0.5265377478139072800, 0.5819972179096414300, 0.6413040282420081600, 0.7040656780394993800, 0.7705622271484042800, 0.8419956741563628900, 0.9183011584263286500, 1.000000000000000000 ),
 ( 0.0000000000000000000, 1.000000000000000000 ),
 .UNSPECIFIED. ) ;
#8816 = B_SPLINE_SURFACE_WITH_KNOTS ( 'NONE', 3, 1, ( 
 ( #3027, #3028 ),
 ( #3029, #3030 ),
 ( #3031, #3032 ),
 ( #3033, #3034 ),
 ( #3035, #3036 ),
 ( #3037, #3038 ),
 ( #3039, #3040 ),
 ( #3041, #3042 ),
 ( #3043, #3044 ),
 ( #3045, #3046 ),
 ( #3047, #3048 ),
 ( #3049, #3050 ),
 ( #3051, #3052 ),
 ( #3053, #3054 ),
 ( #2007, #2008 ),
 ( #2009, #2010 ),
 ( #2011, #2012 ),
 ( #2013, #2014 ),
 ( #2015, #2016 ) ),
 .UNSPECIFIED., .F., .F., .F.,
 ( 4, 1, 1, 1, 1, 1, 1, 1, 1, 1, 1, 1, 1, 1, 1, 1, 4 ),
 ( 2, 2 ),
 ( 0.0000000000000000000, 0.07050815297330222100, 0.1383163782636595800, 0.2031593777326896600, 0.2653346128907721500, 0.3253376927304437700, 0.3836644928466825800, 0.4400486527487961800, 0.4952782156860610100, 0.5507207486573481000, 0.6072729528639024800, 0.6654710337831979400, 0.7258377642752835700, 0.7890408396165101700, 0.8558027193120136800, 0.9258295079989048400, 1.000000000000000000 ),
 ( 0.0000000000000000000, 1.000000000000000000 ),
 .UNSPECIFIED. ) ;
#8817 = B_SPLINE_SURFACE_WITH_KNOTS ( 'NONE', 3, 1, ( 
 ( #2029, #2030 ),
 ( #2031, #2032 ),
 ( #2033, #2034 ),
 ( #2035, #2036 ),
 ( #2037, #2038 ),
 ( #2039, #2040 ),
 ( #2041, #2042 ),
 ( #2043, #2044 ),
 ( #2045, #2046 ),
 ( #2047, #2048 ),
 ( #2049, #2050 ),
 ( #2051, #2052 ),
 ( #2053, #2054 ),
 ( #2055, #2056 ),
 ( #2057, #2058 ),
 ( #2059, #2060 ),
 ( #2061, #2062 ),
 ( #2063, #2064 ),
 ( #2065, #2066 ) ),
 .UNSPECIFIED., .F., .F., .F.,
 ( 4, 1, 1, 1, 1, 1, 1, 1, 1, 1, 1, 1, 1, 1, 1, 1, 4 ),
 ( 2, 2 ),
 ( 0.0000000000000000000, 0.07484077472688956100, 0.1459276906739703800, 0.2134073542623041400, 0.2780496123628721200, 0.3396010845772687900, 0.3998120810118381300, 0.4576814130207297900, 0.5144782957318261300, 0.5710999466092858700, 0.6274312732493875200, 0.6849475038721977200, 0.7432871521877362200, 0.8037452029176227500, 0.8665156344999362900, 0.9316860931993536900, 1.000000000000000000 ),
 ( 0.0000000000000000000, 1.000000000000000000 ),
 .UNSPECIFIED. ) ;
#8818 = B_SPLINE_SURFACE_WITH_KNOTS ( 'NONE', 3, 1, ( 
 ( #2199, #2200 ),
 ( #2201, #2202 ),
 ( #2203, #2204 ),
 ( #2205, #2206 ),
 ( #2207, #2208 ),
 ( #2209, #2210 ),
 ( #2211, #2212 ),
 ( #2213, #2214 ),
 ( #2215, #2216 ),
 ( #2217, #2218 ),
 ( #2219, #2220 ) ),
 .UNSPECIFIED., .F., .F., .F.,
 ( 4, 1, 1, 1, 1, 1, 1, 1, 4 ),
 ( 2, 2 ),
 ( 0.0000000000000000000, 0.1433273978964131300, 0.2803958869360104200, 0.4127570269214289600, 0.5406191931560685400, 0.6632675511379658700, 0.7805268405879604000, 0.8926678225288394700, 1.000000000000000000 ),
 ( 0.0000000000000000000, 1.000000000000000000 ),
 .UNSPECIFIED. ) ;
#8819 = B_SPLINE_SURFACE_WITH_KNOTS ( 'NONE', 3, 1, ( 
 ( #2252, #2253 ),
 ( #2254, #2255 ),
 ( #2256, #2257 ),
 ( #2258, #2259 ),
 ( #2260, #2261 ),
 ( #2262, #2263 ),
 ( #2264, #2265 ),
 ( #2266, #2267 ),
 ( #2268, #2269 ),
 ( #2270, #2271 ),
 ( #2272, #2273 ) ),
 .UNSPECIFIED., .F., .F., .F.,
 ( 4, 1, 1, 1, 1, 1, 1, 1, 4 ),
 ( 2, 2 ),
 ( 0.0000000000000000000, 0.1513581679372825700, 0.2842568926042191000, 0.4016247117995280800, 0.5081392608195277600, 0.6150981072352655900, 0.7310840102245931300, 0.8590272006649329900, 0.9999999999999998900 ),
 ( 0.0000000000000000000, 1.000000000000000000 ),
 .UNSPECIFIED. ) ;
#8820 = EDGE_CURVE ( 'NONE', #1890, #1891, #8779, .T. ) ;
#8821 = PRODUCT ( '0079-E0W', '0079-E0W', '', ( #10040 ) ) ;
#8822 = B_SPLINE_CURVE_WITH_KNOTS ( 'NONE', 3,
 ( #30, #31, #32, #33, #34, #35, #36, #37, #38, #39, #40 ),
 .UNSPECIFIED., .F., .F.,
 ( 4, 1, 1, 1, 1, 1, 1, 1, 4 ),
 ( 0.0000000000000000000, 0.1398646002837422000, 0.2706901749516870700, 0.3948437579216354000, 0.5162227536938763800, 0.6360762369188385200, 0.7557383287248432600, 0.8764994149539840900, 1.000000000000000000 ),
 .UNSPECIFIED. ) ;
#8823 = B_SPLINE_SURFACE_WITH_KNOTS ( 'NONE', 3, 1, ( 
 ( #9558, #9559 ),
 ( #9560, #9561 ),
 ( #9562, #9563 ),
 ( #9564, #9565 ),
 ( #9566, #9567 ),
 ( #9568, #9569 ),
 ( #9570, #9571 ),
 ( #9572, #9573 ),
 ( #9574, #9575 ),
 ( #9576, #9577 ),
 ( #9578, #9579 ) ),
 .UNSPECIFIED., .F., .F., .F.,
 ( 4, 1, 1, 1, 1, 1, 1, 1, 4 ),
 ( 2, 2 ),
 ( 0.0000000000000000000, 0.1476572334771600600, 0.2877734799855690100, 0.4214260811844743300, 0.5489910894036884600, 0.6706247349901089900, 0.7855338076948535900, 0.8953749552372990400, 1.000000000000000000 ),
 ( 0.0000000000000000000, 1.000000000000000000 ),
 .UNSPECIFIED. ) ;
#8824 = B_SPLINE_SURFACE_WITH_KNOTS ( 'NONE', 3, 1, ( 
 ( #9580, #9581 ),
 ( #9582, #9583 ),
 ( #9584, #9585 ),
 ( #9586, #9587 ),
 ( #9588, #9589 ),
 ( #9590, #9591 ),
 ( #9592, #9593 ),
 ( #9594, #9595 ),
 ( #9596, #9597 ),
 ( #9598, #9599 ),
 ( #9600, #9601 ) ),
 .UNSPECIFIED., .F., .F., .F.,
 ( 4, 1, 1, 1, 1, 1, 1, 1, 4 ),
 ( 2, 2 ),
 ( 0.0000000000000000000, 0.1363909809987949000, 0.2672228844092047200, 0.3938544031343370100, 0.5174872626762914200, 0.6388825834428176800, 0.7587621009892971900, 0.8788532908852539900, 1.000000000000000000 ),
 ( 0.0000000000000000000, 1.000000000000000000 ),
 .UNSPECIFIED. ) ;
#8825 = B_SPLINE_SURFACE_WITH_KNOTS ( 'NONE', 3, 1, ( 
 ( #9602, #9603 ),
 ( #9604, #9605 ),
 ( #9606, #9607 ),
 ( #9608, #9609 ),
 ( #9610, #9611 ),
 ( #9612, #9613 ),
 ( #9614, #9615 ),
 ( #9616, #9617 ),
 ( #9618, #9619 ),
 ( #9620, #9621 ),
 ( #9622, #9623 ) ),
 .UNSPECIFIED., .F., .F., .F.,
 ( 4, 1, 1, 1, 1, 1, 1, 1, 4 ),
 ( 2, 2 ),
 ( 0.0000000000000000000, 0.1070552347733366600, 0.2173572547893814800, 0.3325123162232289100, 0.4535792005441706700, 0.5805954420131156400, 0.7132443974846352000, 0.8528409967821575200, 1.000000000000000000 ),
 ( 0.0000000000000000000, 1.000000000000000000 ),
 .UNSPECIFIED. ) ;
#8826 = B_SPLINE_SURFACE_WITH_KNOTS ( 'NONE', 3, 1, ( 
 ( #9624, #9625 ),
 ( #9626, #9627 ),
 ( #9628, #9629 ),
 ( #9630, #9631 ),
 ( #9632, #9633 ),
 ( #9634, #9635 ),
 ( #9636, #9637 ),
 ( #9638, #9639 ),
 ( #9640, #9641 ),
 ( #9642, #9643 ),
 ( #9644, #9645 ) ),
 .UNSPECIFIED., .F., .F., .F.,
 ( 4, 1, 1, 1, 1, 1, 1, 1, 4 ),
 ( 2, 2 ),
 ( 0.0000000000000000000, 0.1340492518697042600, 0.2630457730435126800, 0.3890724451322121700, 0.5124470092845159200, 0.6345369494846023800, 0.7556358922642975000, 0.8768632044590711800, 1.000000000000000000 ),
 ( 0.0000000000000000000, 1.000000000000000000 ),
 .UNSPECIFIED. ) ;
#8827 = B_SPLINE_SURFACE_WITH_KNOTS ( 'NONE', 3, 1, ( 
 ( #9646, #9647 ),
 ( #9648, #9649 ),
 ( #9650, #9651 ),
 ( #9652, #9653 ),
 ( #9654, #9655 ),
 ( #9656, #9657 ),
 ( #9658, #9659 ),
 ( #9660, #9661 ),
 ( #9662, #9663 ),
 ( #9664, #9665 ),
 ( #9666, #9667 ) ),
 .UNSPECIFIED., .F., .F., .F.,
 ( 4, 1, 1, 1, 1, 1, 1, 1, 4 ),
 ( 2, 2 ),
 ( 0.0000000000000000000, 0.1063918198379831300, 0.2164476629227200000, 0.3313943154147658800, 0.4520014428224506900, 0.5785571418488312200, 0.7116987298020272000, 0.8518137637822893500, 1.000000000000000000 ),
 ( 0.0000000000000000000, 1.000000000000000000 ),
 .UNSPECIFIED. ) ;
#8828 = B_SPLINE_SURFACE_WITH_KNOTS ( 'NONE', 3, 1, ( 
 ( #9668, #9669 ),
 ( #9670, #9671 ),
 ( #9672, #9673 ),
 ( #9674, #9675 ),
 ( #9676, #9677 ),
 ( #9678, #9679 ),
 ( #9680, #9681 ),
 ( #9682, #9683 ),
 ( #9684, #9685 ),
 ( #9686, #9687 ),
 ( #9688, #9689 ) ),
 .UNSPECIFIED., .F., .F., .F.,
 ( 4, 1, 1, 1, 1, 1, 1, 1, 4 ),
 ( 2, 2 ),
 ( 0.0000000000000000000, 0.1249790721037397100, 0.2468212669203946900, 0.3663154931895829000, 0.4859243920049982600, 0.6078322038964806300, 0.7328204167177683200, 0.8633089401889720800, 0.9999999999999998900 ),
 ( 0.0000000000000000000, 1.000000000000000000 ),
 .UNSPECIFIED. ) ;
#8829 = B_SPLINE_SURFACE_WITH_KNOTS ( 'NONE', 3, 1, ( 
 ( #9718, #9719 ),
 ( #9720, #9721 ),
 ( #9722, #9723 ),
 ( #9724, #9725 ),
 ( #9726, #9727 ),
 ( #9728, #9729 ),
 ( #9730, #9731 ),
 ( #9732, #9733 ),
 ( #9734, #9735 ),
 ( #9736, #9737 ),
 ( #9738, #9739 ) ),
 .UNSPECIFIED., .F., .F., .F.,
 ( 4, 1, 1, 1, 1, 1, 1, 1, 4 ),
 ( 2, 2 ),
 ( 0.0000000000000000000, 0.1074685635692120300, 0.2163627120176605200, 0.3286730940955772100, 0.4455517317686555300, 0.5693092726095514400, 0.7037517653940358300, 0.8468204462711563800, 1.000000000000000000 ),
 ( 0.0000000000000000000, 1.000000000000000000 ),
 .UNSPECIFIED. ) ;
#8830 = B_SPLINE_SURFACE_WITH_KNOTS ( 'NONE', 3, 1, ( 
 ( #9752, #9753 ),
 ( #9754, #9755 ),
 ( #9756, #9757 ),
 ( #9758, #9759 ),
 ( #9760, #9761 ),
 ( #9762, #9763 ),
 ( #9764, #9765 ),
 ( #9766, #9767 ),
 ( #9768, #9769 ),
 ( #9770, #9771 ),
 ( #9772, #9773 ) ),
 .UNSPECIFIED., .F., .F., .F.,
 ( 4, 1, 1, 1, 1, 1, 1, 1, 4 ),
 ( 2, 2 ),
 ( 0.0000000000000000000, 0.1387702809134284400, 0.2706933448608909700, 0.3966976500722819200, 0.5183271678186264200, 0.6365097009989220100, 0.7551619455695386400, 0.8755468494562425000, 1.000000000000000000 ),
 ( 0.0000000000000000000, 1.000000000000000000 ),
 .UNSPECIFIED. ) ;
#8831 = CARTESIAN_POINT ( 'NONE',  ( 0.8599691607019303000, -0.5723407022048622200, 0.1081883157590828900 ) ) ;
#8832 = CARTESIAN_POINT ( 'NONE',  ( -1.066802991196802900, -0.5723407022048635500, -0.1822547222156006800 ) ) ;
#8833 = CARTESIAN_POINT ( 'NONE',  ( 0.9281970088031961100, -0.5723407022048621100, 0.08071996132870314100 ) ) ;
#8834 = CARTESIAN_POINT ( 'NONE',  ( 0.8280704265247150800, -0.5723407022048623300, 0.07274527778439934800 ) ) ;
#8835 = CARTESIAN_POINT ( 'NONE',  ( 0.8200957429804112100, -0.5723407022048635500, 0.07274527778439933400 ) ) ;
#8836 = CARTESIAN_POINT ( 'NONE',  ( 0.9060451100690188900, -0.5723407022048621100, 0.08071996132870314100 ) ) ;
#8837 = CARTESIAN_POINT ( 'NONE',  ( 0.8980704265247149200, -0.5723407022048621100, 0.08071996132870314100 ) ) ;
#8838 = CARTESIAN_POINT ( 'NONE',  ( -1.066802991196802900, -0.5723407022048635500, 0.1927452777843993400 ) ) ;
#8839 = CARTESIAN_POINT ( 'NONE',  ( 0.9531970088031970200, -0.5723407022048629900, 0.1927452777843993400 ) ) ;
#8840 = CARTESIAN_POINT ( 'NONE',  ( 0.8759185277905379200, -0.5723407022048622200, 0.08071996132870314100 ) ) ;
#8841 = CARTESIAN_POINT ( 'NONE',  ( 0.8076906796892721100, -0.5723407022048623300, 0.1077729676578170800 ) ) ;
#8842 = CARTESIAN_POINT ( 'NONE',  ( 0.8980704265247149200, -0.5723407022048621100, 0.1427452777843993500 ) ) ;
#8843 = CARTESIAN_POINT ( 'NONE',  ( 0.9060451100690188900, -0.5723407022048621100, 0.1427452777843993500 ) ) ;
#8844 = CARTESIAN_POINT ( 'NONE',  ( 0.7997852208285126700, -0.5723407022048623300, 0.1348951986704753100 ) ) ;
#8845 = CARTESIAN_POINT ( 'NONE',  ( 0.7492096670310443000, -0.5723407022048624400, 0.1077729676578170800 ) ) ;
#8846 = CARTESIAN_POINT ( 'NONE',  ( 0.9281970088031961100, -0.5723407022048621100, 0.07274527778439934800 ) ) ;
#8847 = CARTESIAN_POINT ( 'NONE',  ( 0.8759185277905379200, -0.5723407022048635500, 0.07274527778439933400 ) ) ;
#8848 = CARTESIAN_POINT ( 'NONE',  ( 0.7571566607019303300, -0.5723407022048624400, 0.08055382208819682200 ) ) ;
#8849 = CARTESIAN_POINT ( 'NONE',  ( 0.6694628315880063500, -0.5723407022048625500, 0.07274527778439934800 ) ) ;
#8850 = CARTESIAN_POINT ( 'NONE',  ( 0.7571566607019303300, -0.5723407022048624400, 0.1348951986704753100 ) ) ;
#8851 = CARTESIAN_POINT ( 'NONE',  ( 0.7784778632335759300, -0.5723407022048623300, 0.1445174296831335200 ) ) ;
#8852 = CARTESIAN_POINT ( 'NONE',  ( 0.6774375151323099900, -0.5723407022048625500, 0.07274527778439934800 ) ) ;
#8853 = CARTESIAN_POINT ( 'NONE',  ( 0.6384501733601580800, -0.5723407022048635500, 0.1347705942400955200 ) ) ;
#8854 = CARTESIAN_POINT ( 'NONE',  ( 0.7997436860183859700, -0.5723407022048623300, 0.08055382208819682200 ) ) ;
#8855 = CARTESIAN_POINT ( 'NONE',  ( 0.7784778632335759300, -0.5723407022048623300, 0.07097312588566516400 ) ) ;
#8856 = CARTESIAN_POINT ( 'NONE',  ( 0.6694628315880063500, -0.5723407022048625500, 0.1347705942400955800 ) ) ;
#8857 = CARTESIAN_POINT ( 'NONE',  ( 0.5526669455120568600, -0.5723407022048627700, 0.07274527778439934800 ) ) ;
#8858 = CARTESIAN_POINT ( 'NONE',  ( 0.6384501733601580800, -0.5723407022048626600, 0.1427452777843993500 ) ) ;
#8859 = CARTESIAN_POINT ( 'NONE',  ( 0.6774375151323099900, -0.5723407022048625500, 0.1427452777843993500 ) ) ;
#8860 = CARTESIAN_POINT ( 'NONE',  ( 0.5711084012082594500, -0.5723407022048626600, 0.07274527778439934800 ) ) ;
#8861 = CARTESIAN_POINT ( 'NONE',  ( 0.5306258062715505400, -0.5723407022048627700, 0.1370411638603487000 ) ) ;
#8862 = CARTESIAN_POINT ( 'NONE',  ( 0.5359837967778796600, -0.5723407022048627700, 0.07568040436667783400 ) ) ;
#8863 = CARTESIAN_POINT ( 'NONE',  ( 0.5294628315880062200, -0.5723407022048627700, 0.08855619550591832500 ) ) ;
#8864 = CARTESIAN_POINT ( 'NONE',  ( 0.5241463758918036800, -0.5723407022048627700, 0.1213410056325006200 ) ) ;
#8865 = CARTESIAN_POINT ( 'NONE',  ( 0.8679438442462339400, -0.5723407022048622200, -0.04305575069661332600 ) ) ;
#8866 = CARTESIAN_POINT ( 'NONE',  ( 0.5490257271576265400, -0.5723407022048627700, 0.1427452777843993500 ) ) ;
#8867 = CARTESIAN_POINT ( 'NONE',  ( 0.5711084012082594500, -0.5723407022048626600, 0.1427452777843993500 ) ) ;
#8868 = CARTESIAN_POINT ( 'NONE',  ( 0.8758621591196518200, -0.5723407022048622200, -0.05869063993711967600 ) ) ;
#8869 = CARTESIAN_POINT ( 'NONE',  ( 0.9185134644993984100, -0.5723407022048621100, 0.02274527778439932100 ) ) ;
#8870 = CARTESIAN_POINT ( 'NONE',  ( 0.5378113284234492500, -0.5723407022048627700, 0.1027749455059183400 ) ) ;
#8871 = CARTESIAN_POINT ( 'NONE',  ( 0.5378113284234492500, -0.5723407022048635500, 0.1031487587970576100 ) ) ;
#8872 = CARTESIAN_POINT ( 'NONE',  ( 0.8916987888664872400, -0.5723407022048622200, 0.02274527778439932100 ) ) ;
#8873 = CARTESIAN_POINT ( 'NONE',  ( 0.8780813046892719200, -0.5723407022048635500, -0.02533620955737284100 ) ) ;
#8874 = CARTESIAN_POINT ( 'NONE',  ( 0.9185134644993984100, -0.5723407022048621100, -0.06225472221560066100 ) ) ;
#8875 = CARTESIAN_POINT ( 'NONE',  ( 0.8961202682968669700, -0.5723407022048621100, -0.06225472221560066100 ) ) ;
#8876 = CARTESIAN_POINT ( 'NONE',  ( 0.8780813046892719200, -0.5723407022048622200, -0.02579012569661335400 ) ) ;
#8877 = CARTESIAN_POINT ( 'NONE',  ( 0.9361970088031966700, -0.07234070220486343800, -0.08725472221560066900 ) ) ;
#8878 = CARTESIAN_POINT ( 'NONE',  ( 0.8614881480437024400, -0.5723407022048622200, -0.003245624114334854000 ) ) ;
#8879 = CARTESIAN_POINT ( 'NONE',  ( 0.8693560277905376700, -0.5723407022048622200, 0.01581885373376641000 ) ) ;
#8880 = CARTESIAN_POINT ( 'NONE',  ( 0.5301970088031966500, -0.07234070220486341100, -0.08725472221560066900 ) ) ;
#8881 = CARTESIAN_POINT ( 'NONE',  ( 0.8656970088031966700, -0.07234070220486343800, -0.1822547222156006800 ) ) ;
#8882 = CARTESIAN_POINT ( 'NONE',  ( 0.5301970088031966500, -0.07234070220486341100, 0.1777452777843993300 ) ) ;
#8883 = CARTESIAN_POINT ( 'NONE',  ( 0.9361970088031966700, -0.07234070220486343800, 0.1777452777843993300 ) ) ;
#8884 = CARTESIAN_POINT ( 'NONE',  ( 0.1656970088031969900, -0.07234070220486343800, -0.1822547222156006800 ) ) ;
#8885 = CARTESIAN_POINT ( 'NONE',  ( 0.03319700880319696000, 0.06015929779513658200, -0.1822547222156006800 ) ) ;
#8886 = CARTESIAN_POINT ( 'NONE',  ( 0.1656970088031969900, -0.07234070220486343800, 0.1777452777843993900 ) ) ;
#8887 = CARTESIAN_POINT ( 'NONE',  ( 0.03319700880319696000, 0.06015929779513656100, 0.1777452777843993900 ) ) ;
#8888 = CARTESIAN_POINT ( 'NONE',  ( 0.7463615657652211700, -0.5723407022048624400, 0.01413768284769046300 ) ) ;
#8889 = CARTESIAN_POINT ( 'NONE',  ( 0.7312982746259806300, -0.5723407022048635500, 0.01413768284769046300 ) ) ;
#8890 = CARTESIAN_POINT ( 'NONE',  ( 0.7312982746259806300, -0.5723407022048624400, 0.02274527778439932100 ) ) ;
#8891 = CARTESIAN_POINT ( 'NONE',  ( 0.7721843505753477300, -0.5723407022048623300, 0.02274527778439932100 ) ) ;
#8892 = CARTESIAN_POINT ( 'NONE',  ( 0.7721843505753477300, -0.5723407022048623300, 0.01413768284769046300 ) ) ;
#8893 = CARTESIAN_POINT ( 'NONE',  ( 0.7560451100690185300, -0.5723407022048624400, 0.01413768284769046300 ) ) ;
#8894 = CARTESIAN_POINT ( 'NONE',  ( 0.7560451100690185300, -0.5723407022048624400, -0.04288763360800575800 ) ) ;
#8895 = CARTESIAN_POINT ( 'NONE',  ( 0.7721843505753477300, -0.5723407022048623300, -0.04288763360800575800 ) ) ;
#8896 = CARTESIAN_POINT ( 'NONE',  ( 0.7721843505753477300, -0.5723407022048623300, -0.05041927917762598800 ) ) ;
#8897 = CARTESIAN_POINT ( 'NONE',  ( 0.7595251338031958600, -0.5723407022048624400, -0.05275610670927157600 ) ) ;
#8898 = CARTESIAN_POINT ( 'NONE',  ( 0.7541790103854741900, -0.5723407022048624400, -0.06225472221560066100 ) ) ;
#8899 = CARTESIAN_POINT ( 'NONE',  ( 0.7463615657652211700, -0.5723407022048624400, -0.06225472221560066100 ) ) ;
#8900 = CARTESIAN_POINT ( 'NONE',  ( 0.6006970088031967600, -0.07234070220486342500, -0.1822547222156006800 ) ) ;
#8901 = CARTESIAN_POINT ( 'NONE',  ( 0.6006970088031967600, -0.07234070220486342500, -0.08725472221560066900 ) ) ;
#8902 = CARTESIAN_POINT ( 'NONE',  ( 0.8656970088031966700, -0.07234070220486343800, -0.08725472221560066900 ) ) ;
#8903 = CARTESIAN_POINT ( 'NONE',  ( 0.7331970088031969400, 0.2091592977951365600, 0.1777452777843993300 ) ) ;
#8904 = CARTESIAN_POINT ( 'NONE',  ( 0.7331970088031969400, 0.2091592977951365600, 0.1927452777843993400 ) ) ;
#8905 = CARTESIAN_POINT ( 'NONE',  ( 1.014697008803196600, -0.07234070220486343800, 0.1777452777843993300 ) ) ;
#8906 = CARTESIAN_POINT ( 'NONE',  ( 1.014697008803196600, -0.07234070220486343800, 0.1927452777843993400 ) ) ;
#8907 = CARTESIAN_POINT ( 'NONE',  ( 0.8200957429804112100, -0.5718407022048622700, 0.1427452777843993500 ) ) ;
#8908 = CARTESIAN_POINT ( 'NONE',  ( 0.4674375151323100800, -0.5723407022048629900, 0.1229747081641461700 ) ) ;
#8909 = CARTESIAN_POINT ( 'NONE',  ( 0.8284195167145885800, -0.5723407022048623300, -0.06225472221560066100 ) ) ;
#8910 = CARTESIAN_POINT ( 'NONE',  ( 0.5064248569044619300, -0.5723407022048627700, 0.09036988221477909600 ) ) ;
#8911 = CARTESIAN_POINT ( 'NONE',  ( 0.4917769138664872000, -0.5723407022048627700, 0.07894780942996897100 ) ) ;
#8912 = CARTESIAN_POINT ( 'NONE',  ( 0.4973564233601581700, -0.5723407022048628800, 0.1011966227211082000 ) ) ;
#8913 = CARTESIAN_POINT ( 'NONE',  ( 0.6282879898158542100, -0.5723407022048626600, 0.1427452777843993500 ) ) ;
#8914 = CARTESIAN_POINT ( 'NONE',  ( 0.4813932113348416400, -0.5723407022048629900, 0.1047686163919942900 ) ) ;
#8915 = CARTESIAN_POINT ( 'NONE',  ( 0.6366780214614238300, -0.5723407022048626600, 0.1427452777843993500 ) ) ;
#8916 = CARTESIAN_POINT ( 'NONE',  ( 0.4700957429804112900, -0.5723407022048628800, 0.07587423348060189100 ) ) ;
#8917 = CARTESIAN_POINT ( 'NONE',  ( 0.4700957429804112900, -0.5723407022048628800, 0.08692249297427277800 ) ) ;
#8918 = CARTESIAN_POINT ( 'NONE',  ( 0.7872476417145886100, -0.5723407022048623300, 0.02274527778439932100 ) ) ;
#8919 = CARTESIAN_POINT ( 'NONE',  ( 0.5152856163981327500, -0.5723407022048627700, 0.1390625246198423900 ) ) ;
#8920 = CARTESIAN_POINT ( 'NONE',  ( 0.4738615657652214300, -0.5723407022048628800, 0.1380379993033867000 ) ) ;
#8921 = CARTESIAN_POINT ( 'NONE',  ( 0.4706772303221834500, -0.5723407022048628800, 0.08692249297427277800 ) ) ;
#8922 = CARTESIAN_POINT ( 'NONE',  ( 0.8149365262082594000, -0.5723407022048635500, -0.06225472221560066100 ) ) ;
#8923 = CARTESIAN_POINT ( 'NONE',  ( 0.6221408379171200500, -0.5723407022048626600, 0.1232516068983234000 ) ) ;
#8924 = CARTESIAN_POINT ( 'NONE',  ( 0.4923168663981327700, -0.5723407022048627700, 0.1445174296831335200 ) ) ;
#8925 = CARTESIAN_POINT ( 'NONE',  ( 0.8048999360183860500, -0.5723407022048623300, -0.0009256082915500295300 ) ) ;
#8926 = CARTESIAN_POINT ( 'NONE',  ( 0.4923999360183860000, -0.5723407022048627700, 0.1365427461388297200 ) ) ;
#8927 = CARTESIAN_POINT ( 'NONE',  ( 0.7974355372842088000, -0.5723407022048623300, 0.02274527778439932100 ) ) ;
#8928 = CARTESIAN_POINT ( 'NONE',  ( 0.5147041290563606500, -0.5723407022048627700, 0.1276819866451588400 ) ) ;
#8929 = CARTESIAN_POINT ( 'NONE',  ( 0.4762982746259809600, -0.5723407022048628800, 0.1243038220881968100 ) ) ;
#8930 = CARTESIAN_POINT ( 'NONE',  ( 0.8384561069044620400, -0.5723407022048623300, -0.0009256082915500295300 ) ) ;
#8931 = CARTESIAN_POINT ( 'NONE',  ( 0.5152856163981327500, -0.5723407022048627700, 0.1276819866451588400 ) ) ;
#8932 = CARTESIAN_POINT ( 'NONE',  ( 0.8561084012082594800, -0.5723407022048622200, 0.02274527778439932100 ) ) ;
#8933 = CARTESIAN_POINT ( 'NONE',  ( 0.6923119217778795900, -0.5723407022048624400, -0.02770666050673991800 ) ) ;
#8934 = CARTESIAN_POINT ( 'NONE',  ( 0.8459205056386393000, -0.5723407022048623300, 0.02274527778439932100 ) ) ;
#8935 = CARTESIAN_POINT ( 'NONE',  ( 0.4844944771576264500, -0.5723407022048627700, 0.1138647398097158000 ) ) ;
#8936 = CARTESIAN_POINT ( 'NONE',  ( 0.4990316607019302800, -0.5723407022048627700, 0.1107219391768044100 ) ) ;
#8937 = CARTESIAN_POINT ( 'NONE',  ( 0.6729280214614239400, -0.5723407022048626600, -0.02336923962066401700 ) ) ;
#8938 = CARTESIAN_POINT ( 'NONE',  ( 0.4918738284234492900, -0.5723407022048627700, 0.07097312588566516400 ) ) ;
#8939 = CARTESIAN_POINT ( 'NONE',  ( 0.6559818189297784700, -0.5723407022048625500, -0.001261842468765232400 ) ) ;
#8940 = CARTESIAN_POINT ( 'NONE',  ( 0.6960451100690189200, -0.5723407022048624400, 0.09194820499958922300 ) ) ;
#8941 = CARTESIAN_POINT ( 'NONE',  ( 0.7997436860183859700, -0.5718407022048623800, 0.08055382208819682200 ) ) ;
#8942 = CARTESIAN_POINT ( 'NONE',  ( 0.6637824518411708000, -0.5723407022048625500, 0.01702929677174107700 ) ) ;
#8943 = CARTESIAN_POINT ( 'NONE',  ( 0.8599691607019303000, -0.5723407022048622200, 0.1002136322147791100 ) ) ;
#8944 = CARTESIAN_POINT ( 'NONE',  ( 0.6694628315880063500, -0.5718407022048626100, 0.1347705942400955800 ) ) ;
#8945 = CARTESIAN_POINT ( 'NONE',  ( 0.8200957429804112100, -0.5718407022048622700, 0.07274527778439934800 ) ) ;
#8946 = CARTESIAN_POINT ( 'NONE',  ( -1.066802991196802700, -0.2048407022048634700, -0.1822547222156006800 ) ) ;
#8947 = CARTESIAN_POINT ( 'NONE',  ( 0.5883591923474997800, -0.5723407022048626600, 0.1427452777843993500 ) ) ;
#8948 = CARTESIAN_POINT ( 'NONE',  ( 0.7784224834867404800, -0.5723407022048623300, 0.1365427461388297200 ) ) ;
#8949 = CARTESIAN_POINT ( 'NONE',  ( 0.6943461385500316900, -0.5723407022048624400, -0.01614020481053739200 ) ) ;
#8950 = CARTESIAN_POINT ( 'NONE',  ( 0.7140830847525631000, -0.5723407022048624400, -0.03974384405104372500 ) ) ;
#8951 = CARTESIAN_POINT ( 'NONE',  ( 0.6592096670310442200, -0.5723407022048625500, -0.05845527601306905300 ) ) ;
#8952 = CARTESIAN_POINT ( 'NONE',  ( 0.6856544850690190500, -0.5723407022048625500, -0.06440662094977794800 ) ) ;
#8953 = CARTESIAN_POINT ( 'NONE',  ( 0.6592096670310442200, -0.5723407022048625500, -0.04503953234218294900 ) ) ;
#8954 = CARTESIAN_POINT ( 'NONE',  ( 0.8599691607019303000, -0.5718407022048622700, 0.07274527778439934800 ) ) ;
#8955 = CARTESIAN_POINT ( 'NONE',  ( 0.8679438442462339400, -0.5723407022048622200, 0.07274527778439934800 ) ) ;
#8956 = CARTESIAN_POINT ( 'NONE',  ( 0.8599691607019303000, -0.5723407022048622200, 0.07274527778439934800 ) ) ;
#8957 = CARTESIAN_POINT ( 'NONE',  ( 0.5799691607019301600, -0.5723407022048626600, 0.1427452777843993500 ) ) ;
#8958 = CARTESIAN_POINT ( 'NONE',  ( 0.6027717714614239100, -0.5723407022048635500, 0.07274527778439933400 ) ) ;
#8959 = CARTESIAN_POINT ( 'NONE',  ( 0.7193876733601579600, -0.5723407022048624400, 0.07274527778439934800 ) ) ;
#8960 = CARTESIAN_POINT ( 'NONE',  ( 0.7032306322209177500, -0.5723407022048625500, 0.07653879044262718000 ) ) ;
#8961 = CARTESIAN_POINT ( 'NONE',  ( 0.6138754107019301900, -0.5723407022048626600, 0.07274527778439934800 ) ) ;
#8962 = CARTESIAN_POINT ( 'NONE',  ( 0.7368046037399047500, -0.5723407022048624400, 0.1427452777843993500 ) ) ;
#8963 = CARTESIAN_POINT ( 'NONE',  ( 0.7368046037399047500, -0.5723407022048624400, 0.07274527778439934800 ) ) ;
#8964 = CARTESIAN_POINT ( 'NONE',  ( 0.7288299201956011100, -0.5723407022048624400, 0.1427452777843993500 ) ) ;
#8965 = CARTESIAN_POINT ( 'NONE',  ( 0.7288299201956011100, -0.5723407022048624400, 0.1152769233540195900 ) ) ;
#8966 = CARTESIAN_POINT ( 'NONE',  ( 0.6949236701956009700, -0.5723407022048624400, 0.1427452777843993500 ) ) ;
#8967 = CARTESIAN_POINT ( 'NONE',  ( 0.7157879898158542300, -0.5723407022048624400, 0.1152769233540195900 ) ) ;
#8968 = CARTESIAN_POINT ( 'NONE',  ( 0.7089209012082594600, -0.5723407022048624400, 0.1124802461388297500 ) ) ;
#8969 = CARTESIAN_POINT ( 'NONE',  ( 0.6854121986766136300, -0.5723407022048625500, 0.1427452777843993500 ) ) ;
#8970 = CARTESIAN_POINT ( 'NONE',  ( 0.5152856163981327500, -0.5723407022048627700, 0.09128364803756391900 ) ) ;
#8971 = CARTESIAN_POINT ( 'NONE',  ( 0.5945063442462339400, -0.5723407022048626600, 0.1232516068983234000 ) ) ;
#8972 = CARTESIAN_POINT ( 'NONE',  ( 0.6599157588031960800, -0.5723407022048625500, -0.04503953234218294900 ) ) ;
#8973 = CARTESIAN_POINT ( 'NONE',  ( 0.8280704265247150800, -0.5723407022048623300, 0.1002136322147791100 ) ) ;
#8974 = CARTESIAN_POINT ( 'NONE',  ( 0.6766938442462342400, -0.5723407022048625500, -0.01232394689914498800 ) ) ;
#8975 = CARTESIAN_POINT ( 'NONE',  ( 0.7988299201956011700, -0.5718407022048623800, 0.1077729676578170800 ) ) ;
#8976 = CARTESIAN_POINT ( 'NONE',  ( 0.8076906796892721100, -0.5718407022048623800, 0.1077729676578170800 ) ) ;
#8977 = CARTESIAN_POINT ( 'NONE',  ( 0.7784224834867404800, -0.5718407022048623800, 0.1365427461388297200 ) ) ;
#8978 = CARTESIAN_POINT ( 'NONE',  ( 0.6855368031069936100, -0.5723407022048624400, -0.05472307664598043100 ) ) ;
#8979 = CARTESIAN_POINT ( 'NONE',  ( -1.066802991196802700, 0.06015929779513658200, -0.1822547222156006800 ) ) ;
#8980 = CARTESIAN_POINT ( 'NONE',  ( 0.7033235910816770800, -0.5723407022048624400, -0.04085341683585384800 ) ) ;
#8981 = CARTESIAN_POINT ( 'NONE',  ( -1.066802991196802700, 0.06015929779513658200, 0.1777452777843993300 ) ) ;
#8982 = CARTESIAN_POINT ( 'NONE',  ( 0.03319700880319697400, -0.2048407022048634700, 0.1777452777843993900 ) ) ;
#8983 = CARTESIAN_POINT ( 'NONE',  ( 0.03319700880319697400, -0.2048407022048634700, -0.1822547222156006800 ) ) ;
#8984 = CARTESIAN_POINT ( 'NONE',  ( 0.8280704265247150800, -0.5718407022048622700, 0.1002136322147791100 ) ) ;
#8985 = CARTESIAN_POINT ( 'NONE',  ( 0.8599691607019303000, -0.5718407022048622700, 0.1002136322147791100 ) ) ;
#8986 = CARTESIAN_POINT ( 'NONE',  ( 0.7492096670310443000, -0.5718407022048624900, 0.1077729676578170800 ) ) ;
#8987 = CARTESIAN_POINT ( 'NONE',  ( 0.7571566607019303300, -0.5718407022048624900, 0.08055382208819682200 ) ) ;
#8988 = CARTESIAN_POINT ( 'NONE',  ( 0.7784224834867404800, -0.5718407022048624900, 0.07894780942996897100 ) ) ;
#8989 = CARTESIAN_POINT ( 'NONE',  ( 0.8280704265247150800, -0.5718407022048622700, 0.07274527778439934800 ) ) ;
#8990 = CARTESIAN_POINT ( 'NONE',  ( -1.066802991196802700, -0.2048407022048635300, 0.1777452777843993300 ) ) ;
#8991 = CARTESIAN_POINT ( 'NONE',  ( 0.6667413126006643800, -0.5723407022048625500, 0.0003520815818676592700 ) ) ;
#8992 = CARTESIAN_POINT ( 'NONE',  ( -1.066802991196802700, 0.2091592977951365600, 0.1927452777843993400 ) ) ;
#8993 = CARTESIAN_POINT ( 'NONE',  ( 0.9531970088031956900, 0.4276592977951360100, 0.1927452777843993400 ) ) ;
#8994 = CARTESIAN_POINT ( 'NONE',  ( 0.9531970088031956900, 0.4276592977951360100, -0.1822547222156006800 ) ) ;
#8995 = CARTESIAN_POINT ( 'NONE',  ( 1.233197008803192900, 0.1476592977951364800, 0.1927452777843993400 ) ) ;
#8996 = CARTESIAN_POINT ( 'NONE',  ( -1.066802991196802900, 0.4276592977951365600, 0.1927452777843993400 ) ) ;
#8997 = CARTESIAN_POINT ( 'NONE',  ( 1.233197008803192900, 0.1476592977951364800, -0.1822547222156006800 ) ) ;
#8998 = CARTESIAN_POINT ( 'NONE',  ( 0.6861924597525631600, -0.5723407022048624400, 0.02489717651857654300 ) ) ;
#8999 = CARTESIAN_POINT ( 'NONE',  ( 1.233197008803193200, -0.2923407022048635800, 0.1927452777843993400 ) ) ;
#9000 = CARTESIAN_POINT ( 'NONE',  ( 0.7140830847525631000, -0.5723407022048624400, 0.01827336322743730600 ) ) ;
#9001 = CARTESIAN_POINT ( 'NONE',  ( 1.233197008803193200, -0.2923407022048635800, -0.1822547222156006800 ) ) ;
#9002 = CARTESIAN_POINT ( 'NONE',  ( -1.066802991196802700, -0.3538407022048634100, 0.1927452777843993400 ) ) ;
#9003 = CARTESIAN_POINT ( 'NONE',  ( 0.7140830847525631000, -0.5723407022048624400, 0.004454138543892976500 ) ) ;
#9004 = CARTESIAN_POINT ( 'NONE',  ( -1.066802991196802700, -0.3538407022048634100, 0.1777452777843993300 ) ) ;
#9005 = CARTESIAN_POINT ( 'NONE',  ( 0.7133769929804112400, -0.5723407022048624400, 0.004454138543892976500 ) ) ;
#9006 = CARTESIAN_POINT ( 'NONE',  ( 0.7331970088031967100, -0.3538407022048634100, 0.1927452777843993400 ) ) ;
#9007 = CARTESIAN_POINT ( 'NONE',  ( 0.7997436860183859700, -0.5718407022048623800, 0.08055382208819682200 ) ) ;
#9008 = DIRECTION ( 'NONE',  ( 1.622879996236195800E-015, -1.000000000000000000, -0.0000000000000000000 ) ) ;
#9009 = CARTESIAN_POINT ( 'NONE',  ( 0.7997436860183859700, -0.5718407022048623800, 0.08055382208819682200 ) ) ;
#9010 = CARTESIAN_POINT ( 'NONE',  ( 0.7991011485764881700, -0.5718407022048624900, 0.07980788778946719400 ) ) ;
#9011 = CARTESIAN_POINT ( 'NONE',  ( 0.7978260912840576800, -0.5718407022048623800, 0.07832764880999292000 ) ) ;
#9012 = CARTESIAN_POINT ( 'NONE',  ( 0.7956015431852193600, -0.5718407022048626100, 0.07640135024103302000 ) ) ;
#9013 = CARTESIAN_POINT ( 'NONE',  ( 0.7931586373739301100, -0.5718407022048624900, 0.07475181230647857900 ) ) ;
#9014 = CARTESIAN_POINT ( 'NONE',  ( 0.7905075265308546500, -0.5718407022048623800, 0.07338443135439688700 ) ) ;
#9015 = CARTESIAN_POINT ( 'NONE',  ( 0.7876921006297504800, -0.5718407022048624900, 0.07229472507792854300 ) ) ;
#9016 = CARTESIAN_POINT ( 'NONE',  ( 0.7847287783286893700, -0.5718407022048622700, 0.07154976281451395900 ) ) ;
#9017 = CARTESIAN_POINT ( 'NONE',  ( 0.7816467020563717700, -0.5718407022048623800, 0.07105099451032960400 ) ) ;
#9018 = CARTESIAN_POINT ( 'NONE',  ( 0.7795459378918002700, -0.5718407022048622700, 0.07099937193645088100 ) ) ;
#9019 = CARTESIAN_POINT ( 'NONE',  ( 0.7784778632335759300, -0.5718407022048623800, 0.07097312588566516400 ) ) ;
#9020 = CARTESIAN_POINT ( 'NONE',  ( 0.5419232746259808900, -0.5718407022048628300, 0.09877375879705757600 ) ) ;
#9021 = DIRECTION ( 'NONE',  ( 1.622879996236195800E-015, -1.000000000000000000, -0.0000000000000000000 ) ) ;
#9022 = CARTESIAN_POINT ( 'NONE',  ( 0.5419232746259808900, -0.5723407022048627700, 0.09877375879705757600 ) ) ;
#9023 = CARTESIAN_POINT ( 'NONE',  ( 0.5416101223906363300, -0.5723407022048627700, 0.09852936591557071000 ) ) ;
#9024 = CARTESIAN_POINT ( 'NONE',  ( 0.5409948743662252900, -0.5723407022048626600, 0.09804920891669287300 ) ) ;
#9025 = CARTESIAN_POINT ( 'NONE',  ( 0.5402243595920818200, -0.5723407022048627700, 0.09716927532305812100 ) ) ;
#9026 = CARTESIAN_POINT ( 'NONE',  ( 0.5395929022760483900, -0.5723407022048626600, 0.09619011748916606000 ) ) ;
#9027 = CARTESIAN_POINT ( 'NONE',  ( 0.5391120434732368200, -0.5723407022048627700, 0.09509833521183153100 ) ) ;
#9028 = CARTESIAN_POINT ( 'NONE',  ( 0.5387513447749657800, -0.5723407022048626600, 0.09390722272612350700 ) ) ;
#9029 = CARTESIAN_POINT ( 'NONE',  ( 0.5385111035374967600, -0.5723407022048626600, 0.09261598311938130900 ) ) ;
#9030 = CARTESIAN_POINT ( 'NONE',  ( 0.5383555075516246500, -0.5723407022048629900, 0.09122741964227562600 ) ) ;
#9031 = CARTESIAN_POINT ( 'NONE',  ( 0.5383344486474703800, -0.5723407022048627700, 0.09026879721513356200 ) ) ;
#9032 = CARTESIAN_POINT ( 'NONE',  ( 0.5383235910816771600, -0.5723407022048628800, 0.08977454993629807600 ) ) ;
#9033 = CARTESIAN_POINT ( 'NONE',  ( 0.5383235910816771600, -0.5718407022048628300, 0.08977454993629807600 ) ) ;
#9034 = DIRECTION ( 'NONE',  ( 1.622879996236195800E-015, -1.000000000000000000, -0.0000000000000000000 ) ) ;
#9035 = CARTESIAN_POINT ( 'NONE',  ( 0.5524038917145885900, -0.5718407022048628300, 0.1010997081641461900 ) ) ;
#9036 = DIRECTION ( 'NONE',  ( 1.622879996236195800E-015, -1.000000000000000000, -0.0000000000000000000 ) ) ;
#9037 = CARTESIAN_POINT ( 'NONE',  ( 0.5524038917145885900, -0.5723407022048627700, 0.1010997081641461900 ) ) ;
#9038 = CARTESIAN_POINT ( 'NONE',  ( 0.5517900507080156800, -0.5723407022048627700, 0.1010944046903974200 ) ) ;
#9039 = CARTESIAN_POINT ( 'NONE',  ( 0.5506263480276275500, -0.5723407022048628800, 0.1010843505126043100 ) ) ;
#9040 = CARTESIAN_POINT ( 'NONE',  ( 0.5489761836785935800, -0.5723407022048626600, 0.1010100278210380500 ) ) ;
#9041 = CARTESIAN_POINT ( 'NONE',  ( 0.5475219508338392500, -0.5723407022048627700, 0.1008526522031958400 ) ) ;
#9042 = CARTESIAN_POINT ( 'NONE',  ( 0.5462336635931933600, -0.5723407022048627700, 0.1006660779204272800 ) ) ;
#9043 = CARTESIAN_POINT ( 'NONE',  ( 0.5450605838667467200, -0.5723407022048629900, 0.1003956339054574600 ) ) ;
#9044 = CARTESIAN_POINT ( 'NONE',  ( 0.5439747078620419400, -0.5723407022048626600, 0.09996056601420437400 ) ) ;
#9045 = CARTESIAN_POINT ( 'NONE',  ( 0.5429120448217722400, -0.5723407022048627700, 0.09944494846230037000 ) ) ;
#9046 = CARTESIAN_POINT ( 'NONE',  ( 0.5422552237884431500, -0.5723407022048627700, 0.09899909007036968000 ) ) ;
#9047 = CARTESIAN_POINT ( 'NONE',  ( 0.5419232746259808900, -0.5723407022048627700, 0.09877375879705757600 ) ) ;
#9048 = CARTESIAN_POINT ( 'NONE',  ( 0.5631337176639555900, -0.5718407022048627200, 0.1010997081641461900 ) ) ;
#9049 = DIRECTION ( 'NONE',  ( 1.622879996236195800E-015, -1.000000000000000000, -0.0000000000000000000 ) ) ;
#9050 = CARTESIAN_POINT ( 'NONE',  ( 0.5631337176639555900, -0.5723407022048626600, 0.1010997081641461900 ) ) ;
#9051 = DIRECTION ( 'NONE',  ( -1.000000000000000000, -6.365079933625140600E-015, 0.0000000000000000000 ) ) ;
#9052 = CARTESIAN_POINT ( 'NONE',  ( 0.5631337176639555900, -0.5718407022048627200, 0.08071996132870314100 ) ) ;
#9053 = DIRECTION ( 'NONE',  ( 1.622879996236195800E-015, -1.000000000000000000, -0.0000000000000000000 ) ) ;
#9054 = CARTESIAN_POINT ( 'NONE',  ( 0.5631337176639555900, -0.5723407022048626600, 0.08071996132870314100 ) ) ;
#9055 = DIRECTION ( 'NONE',  ( 0.0000000000000000000, 0.0000000000000000000, 1.000000000000000000 ) ) ;
#9056 = CARTESIAN_POINT ( 'NONE',  ( 0.5532484328538290800, -0.5718407022048628300, 0.08071996132870314100 ) ) ;
#9057 = DIRECTION ( 'NONE',  ( 1.622879996236195800E-015, -1.000000000000000000, -0.0000000000000000000 ) ) ;
#9058 = CARTESIAN_POINT ( 'NONE',  ( 0.5532484328538290800, -0.5723407022048627700, 0.08071996132870314100 ) ) ;
#9059 = DIRECTION ( 'NONE',  ( 1.000000000000000000, 6.908875278094496600E-015, 0.0000000000000000000 ) ) ;
#9060 = CARTESIAN_POINT ( 'NONE',  ( 0.5415079265247151300, -0.5718407022048628300, 0.08261671765781708500 ) ) ;
#9061 = DIRECTION ( 'NONE',  ( 1.622879996236195800E-015, -1.000000000000000000, -0.0000000000000000000 ) ) ;
#9062 = CARTESIAN_POINT ( 'NONE',  ( 0.5415079265247151300, -0.5723407022048628800, 0.08261671765781708500 ) ) ;
#9063 = CARTESIAN_POINT ( 'NONE',  ( 0.5418491915756759000, -0.5723407022048626600, 0.08241340093147414600 ) ) ;
#9064 = CARTESIAN_POINT ( 'NONE',  ( 0.5425413764428425000, -0.5723407022048625500, 0.08200101542402121700 ) ) ;
#9065 = CARTESIAN_POINT ( 'NONE',  ( 0.5436953496398139200, -0.5723407022048628800, 0.08154796899467581200 ) ) ;
#9066 = CARTESIAN_POINT ( 'NONE',  ( 0.5449508445365780500, -0.5723407022048627700, 0.08121802037142626700 ) ) ;
#9067 = CARTESIAN_POINT ( 'NONE',  ( 0.5463246785511425300, -0.5723407022048626600, 0.08100345161795907700 ) ) ;
#9068 = CARTESIAN_POINT ( 'NONE',  ( 0.5478282216241624500, -0.5723407022048627700, 0.08087065538227325400 ) ) ;
#9069 = CARTESIAN_POINT ( 'NONE',  ( 0.5494869459091070700, -0.5723407022048627700, 0.08080181077348948200 ) ) ;
#9070 = CARTESIAN_POINT ( 'NONE',  ( 0.5513093595237221800, -0.5723407022048627700, 0.08071737084170803300 ) ) ;
#9071 = CARTESIAN_POINT ( 'NONE',  ( 0.5525837524826098200, -0.5723407022048626600, 0.08071907335513824100 ) ) ;
#9072 = CARTESIAN_POINT ( 'NONE',  ( 0.5532484328538290800, -0.5723407022048627700, 0.08071996132870314100 ) ) ;
#9073 = CARTESIAN_POINT ( 'NONE',  ( 0.5383235910816771600, -0.5723407022048628800, 0.08977454993629807600 ) ) ;
#9074 = CARTESIAN_POINT ( 'NONE',  ( 0.5383273340658947200, -0.5723407022048627700, 0.08936302767206863500 ) ) ;
#9075 = CARTESIAN_POINT ( 'NONE',  ( 0.5383345129036126700, -0.5723407022048628800, 0.08857375061918618100 ) ) ;
#9076 = CARTESIAN_POINT ( 'NONE',  ( 0.5385064510641143200, -0.5723407022048626600, 0.08744270168136168700 ) ) ;
#9077 = CARTESIAN_POINT ( 'NONE',  ( 0.5387065584421943900, -0.5723407022048626600, 0.08640053670803483900 ) ) ;
#9078 = CARTESIAN_POINT ( 'NONE',  ( 0.5390443124655487400, -0.5723407022048627700, 0.08545903633207549400 ) ) ;
#9079 = CARTESIAN_POINT ( 'NONE',  ( 0.5394916692403202200, -0.5723407022048626600, 0.08461399906821721900 ) ) ;
#9080 = CARTESIAN_POINT ( 'NONE',  ( 0.5400577105875983300, -0.5723407022048626600, 0.08385998404402736400 ) ) ;
#9081 = CARTESIAN_POINT ( 'NONE',  ( 0.5407172299508374900, -0.5723407022048627700, 0.08316956773974805400 ) ) ;
#9082 = CARTESIAN_POINT ( 'NONE',  ( 0.5412425832030671700, -0.5723407022048627700, 0.08280224404298093500 ) ) ;
#9083 = CARTESIAN_POINT ( 'NONE',  ( 0.5415079265247151300, -0.5723407022048628800, 0.08261671765781708500 ) ) ;
#9084 = CARTESIAN_POINT ( 'NONE',  ( 0.5375344296892722300, -0.5718407022048628300, 0.1318493125945259200 ) ) ;
#9085 = DIRECTION ( 'NONE',  ( 1.622879996236195800E-015, -1.000000000000000000, -0.0000000000000000000 ) ) ;
#9086 = CARTESIAN_POINT ( 'NONE',  ( 0.5375344296892722300, -0.5723407022048627700, 0.1318493125945259200 ) ) ;
#9087 = CARTESIAN_POINT ( 'NONE',  ( 0.5371628786653603900, -0.5723407022048627700, 0.1315431754763571900 ) ) ;
#9088 = CARTESIAN_POINT ( 'NONE',  ( 0.5364383120998599300, -0.5723407022048626600, 0.1309461734335466700 ) ) ;
#9089 = CARTESIAN_POINT ( 'NONE',  ( 0.5354892142737239800, -0.5723407022048626600, 0.1299388636539361400 ) ) ;
#9090 = CARTESIAN_POINT ( 'NONE',  ( 0.5346901942409837400, -0.5723407022048627700, 0.1288704820340149400 ) ) ;
#9091 = CARTESIAN_POINT ( 'NONE',  ( 0.5340530279389796900, -0.5723407022048627700, 0.1277116893897460000 ) ) ;
#9092 = CARTESIAN_POINT ( 'NONE',  ( 0.5335765690602426400, -0.5723407022048628800, 0.1264385388099575300 ) ) ;
#9093 = CARTESIAN_POINT ( 'NONE',  ( 0.5332518272850788100, -0.5723407022048628800, 0.1250186937087371400 ) ) ;
#9094 = CARTESIAN_POINT ( 'NONE',  ( 0.5330411512296550100, -0.5723407022048626600, 0.1234378667878462100 ) ) ;
#9095 = CARTESIAN_POINT ( 'NONE',  ( 0.5330188172816081600, -0.5723407022048626600, 0.1223247373565627300 ) ) ;
#9096 = CARTESIAN_POINT ( 'NONE',  ( 0.5330071353854746200, -0.5723407022048628800, 0.1217425087970575900 ) ) ;
#9097 = CARTESIAN_POINT ( 'NONE',  ( 0.5330071353854746200, -0.5718407022048628300, 0.1217425087970575900 ) ) ;
#9098 = DIRECTION ( 'NONE',  ( 1.622879996236195800E-015, -1.000000000000000000, -0.0000000000000000000 ) ) ;
#9099 = CARTESIAN_POINT ( 'NONE',  ( 0.5521546828538290700, -0.5718407022048628300, 0.1347705942400955800 ) ) ;
#9100 = DIRECTION ( 'NONE',  ( 1.622879996236195800E-015, -1.000000000000000000, -0.0000000000000000000 ) ) ;
#9101 = CARTESIAN_POINT ( 'NONE',  ( 0.5521546828538290700, -0.5723407022048627700, 0.1347705942400955800 ) ) ;
#9102 = CARTESIAN_POINT ( 'NONE',  ( 0.5512869544130986100, -0.5723407022048627700, 0.1347620432539315700 ) ) ;
#9103 = CARTESIAN_POINT ( 'NONE',  ( 0.5496338095731682100, -0.5723407022048627700, 0.1347457524214663300 ) ) ;
#9104 = CARTESIAN_POINT ( 'NONE',  ( 0.5472779627211950000, -0.5723407022048628800, 0.1346403118331838100 ) ) ;
#9105 = CARTESIAN_POINT ( 'NONE',  ( 0.5451656895325254200, -0.5723407022048626600, 0.1344513622558172500 ) ) ;
#9106 = CARTESIAN_POINT ( 'NONE',  ( 0.5432828979646535700, -0.5723407022048629900, 0.1341783260776546500 ) ) ;
#9107 = CARTESIAN_POINT ( 'NONE',  ( 0.5415933764583847900, -0.5723407022048626600, 0.1338171658173463200 ) ) ;
#9108 = CARTESIAN_POINT ( 'NONE',  ( 0.5400889551605438900, -0.5723407022048628800, 0.1332958626950509800 ) ) ;
#9109 = CARTESIAN_POINT ( 'NONE',  ( 0.5387221247682536500, -0.5723407022048626600, 0.1326728036903054900 ) ) ;
#9110 = CARTESIAN_POINT ( 'NONE',  ( 0.5379243389972224700, -0.5723407022048627700, 0.1321196571037698300 ) ) ;
#9111 = CARTESIAN_POINT ( 'NONE',  ( 0.5375344296892722300, -0.5723407022048627700, 0.1318493125945259200 ) ) ;
#9112 = CARTESIAN_POINT ( 'NONE',  ( 0.5631337176639555900, -0.5718407022048627200, 0.1347705942400955800 ) ) ;
#9113 = DIRECTION ( 'NONE',  ( 1.622879996236195800E-015, -1.000000000000000000, -0.0000000000000000000 ) ) ;
#9114 = CARTESIAN_POINT ( 'NONE',  ( 0.5631337176639555900, -0.5723407022048626600, 0.1347705942400955800 ) ) ;
#9115 = DIRECTION ( 'NONE',  ( -1.000000000000000000, -6.220601448372616900E-015, 0.0000000000000000000 ) ) ;
#9116 = CARTESIAN_POINT ( 'NONE',  ( 0.5631337176639555900, -0.5718407022048627200, 0.1090743917084499900 ) ) ;
#9117 = DIRECTION ( 'NONE',  ( 1.622879996236195800E-015, -1.000000000000000000, -0.0000000000000000000 ) ) ;
#9118 = CARTESIAN_POINT ( 'NONE',  ( 0.5631337176639555900, -0.5723407022048626600, 0.1090743917084499900 ) ) ;
#9119 = DIRECTION ( 'NONE',  ( 0.0000000000000000000, 0.0000000000000000000, 1.000000000000000000 ) ) ;
#9120 = CARTESIAN_POINT ( 'NONE',  ( 0.5501056322209176800, -0.5718407022048628300, 0.1090743917084499900 ) ) ;
#9121 = DIRECTION ( 'NONE',  ( 1.622879996236195800E-015, -1.000000000000000000, -0.0000000000000000000 ) ) ;
#9122 = CARTESIAN_POINT ( 'NONE',  ( 0.5501056322209176800, -0.5723407022048627700, 0.1090743917084499900 ) ) ;
#9123 = DIRECTION ( 'NONE',  ( 1.000000000000000000, 5.242228425674265700E-015, 0.0000000000000000000 ) ) ;
#9124 = CARTESIAN_POINT ( 'NONE',  ( 0.5382405214614239800, -0.5718407022048628300, 0.1109296132274373300 ) ) ;
#9125 = DIRECTION ( 'NONE',  ( 1.622879996236195800E-015, -1.000000000000000000, -0.0000000000000000000 ) ) ;
#9126 = CARTESIAN_POINT ( 'NONE',  ( 0.5382405214614239800, -0.5723407022048628800, 0.1109296132274373300 ) ) ;
#9127 = CARTESIAN_POINT ( 'NONE',  ( 0.5385922422171276500, -0.5723407022048626600, 0.1107461999336440700 ) ) ;
#9128 = CARTESIAN_POINT ( 'NONE',  ( 0.5393107228532486600, -0.5723407022048626600, 0.1103715308307816200 ) ) ;
#9129 = CARTESIAN_POINT ( 'NONE',  ( 0.5404887864828156200, -0.5723407022048628800, 0.1099490559570281700 ) ) ;
#9130 = CARTESIAN_POINT ( 'NONE',  ( 0.5417662341238272900, -0.5723407022048625500, 0.1096118151240006700 ) ) ;
#9131 = CARTESIAN_POINT ( 'NONE',  ( 0.5431645391166873800, -0.5723407022048628800, 0.1094032080624301500 ) ) ;
#9132 = CARTESIAN_POINT ( 'NONE',  ( 0.5446900557223757200, -0.5723407022048625500, 0.1092563381259990000 ) ) ;
#9133 = CARTESIAN_POINT ( 'NONE',  ( 0.5463567365066365200, -0.5723407022048627700, 0.1091429474320621800 ) ) ;
#9134 = CARTESIAN_POINT ( 'NONE',  ( 0.5481809414616033400, -0.5723407022048626600, 0.1090967058250137800 ) ) ;
#9135 = CARTESIAN_POINT ( 'NONE',  ( 0.5494456827151050800, -0.5723407022048627700, 0.1090820429065074800 ) ) ;
#9136 = CARTESIAN_POINT ( 'NONE',  ( 0.5501056322209176800, -0.5723407022048627700, 0.1090743917084499900 ) ) ;
#9137 = CARTESIAN_POINT ( 'NONE',  ( 0.5330071353854746200, -0.5723407022048628800, 0.1217425087970575900 ) ) ;
#9138 = CARTESIAN_POINT ( 'NONE',  ( 0.5330196718830129100, -0.5723407022048627700, 0.1210821456348722800 ) ) ;
#9139 = CARTESIAN_POINT ( 'NONE',  ( 0.5330434997498763000, -0.5723407022048627700, 0.1198270067524331000 ) ) ;
#9140 = CARTESIAN_POINT ( 'NONE',  ( 0.5332398996363497700, -0.5723407022048627700, 0.1180477256809991000 ) ) ;
#9141 = CARTESIAN_POINT ( 'NONE',  ( 0.5336049132996011400, -0.5723407022048626600, 0.1164864100057980700 ) ) ;
#9142 = CARTESIAN_POINT ( 'NONE',  ( 0.5340764122724124300, -0.5723407022048627700, 0.1150992170229686300 ) ) ;
#9143 = CARTESIAN_POINT ( 'NONE',  ( 0.5347872261604932300, -0.5723407022048627700, 0.1138782029484369400 ) ) ;
#9144 = CARTESIAN_POINT ( 'NONE',  ( 0.5357153903268707700, -0.5723407022048627700, 0.1127763849802666700 ) ) ;
#9145 = CARTESIAN_POINT ( 'NONE',  ( 0.5368775455191018300, -0.5723407022048627700, 0.1117715897230660600 ) ) ;
#9146 = CARTESIAN_POINT ( 'NONE',  ( 0.5377749877663282600, -0.5723407022048627700, 0.1112171960211041600 ) ) ;
#9147 = CARTESIAN_POINT ( 'NONE',  ( 0.5382405214614239800, -0.5723407022048628800, 0.1109296132274373300 ) ) ;
#9148 = CARTESIAN_POINT ( 'NONE',  ( 0.4813932113348416400, -0.5718407022048628300, 0.1047686163919942900 ) ) ;
#9149 = DIRECTION ( 'NONE',  ( 1.622879996236195800E-015, -1.000000000000000000, -0.0000000000000000000 ) ) ;
#9150 = CARTESIAN_POINT ( 'NONE',  ( 0.4813932113348416400, -0.5718407022048628300, 0.1047686163919942900 ) ) ;
#9151 = CARTESIAN_POINT ( 'NONE',  ( 0.4808325097845387900, -0.5718407022048628300, 0.1049466383476157500 ) ) ;
#9152 = CARTESIAN_POINT ( 'NONE',  ( 0.4797325773022048100, -0.5718407022048626100, 0.1052958653676782100 ) ) ;
#9153 = CARTESIAN_POINT ( 'NONE',  ( 0.4781558109163804300, -0.5718407022048629400, 0.1059203413516619000 ) ) ;
#9154 = CARTESIAN_POINT ( 'NONE',  ( 0.4766822433394006800, -0.5718407022048629400, 0.1066090234978386700 ) ) ;
#9155 = CARTESIAN_POINT ( 'NONE',  ( 0.4753243329309359600, -0.5718407022048629400, 0.1073787562746599500 ) ) ;
#9156 = CARTESIAN_POINT ( 'NONE',  ( 0.4740520867508402100, -0.5718407022048629400, 0.1081870371286133300 ) ) ;
#9157 = CARTESIAN_POINT ( 'NONE',  ( 0.4729074960690437500, -0.5718407022048629400, 0.1090926262503488900 ) ) ;
#9158 = CARTESIAN_POINT ( 'NONE',  ( 0.4718600499718352300, -0.5718407022048628300, 0.1100492887949898200 ) ) ;
#9159 = CARTESIAN_POINT ( 'NONE',  ( 0.4709181294980288600, -0.5718407022048630500, 0.1110802620745158200 ) ) ;
#9160 = CARTESIAN_POINT ( 'NONE',  ( 0.4701023943265039100, -0.5718407022048627200, 0.1122142314279442900 ) ) ;
#9161 = CARTESIAN_POINT ( 'NONE',  ( 0.4693690698696581500, -0.5718407022048629400, 0.1134333513800391400 ) ) ;
#9162 = CARTESIAN_POINT ( 'NONE',  ( 0.4687862773643249900, -0.5718407022048631600, 0.1147756157162913200 ) ) ;
#9163 = CARTESIAN_POINT ( 'NONE',  ( 0.4682746894022423200, -0.5718407022048628300, 0.1162049210104237100 ) ) ;
#9164 = CARTESIAN_POINT ( 'NONE',  ( 0.4679137325985288600, -0.5718407022048629400, 0.1177536588894007400 ) ) ;
#9165 = CARTESIAN_POINT ( 'NONE',  ( 0.4676349919123855000, -0.5718407022048628300, 0.1193990664985615900 ) ) ;
#9166 = CARTESIAN_POINT ( 'NONE',  ( 0.4674671599988560200, -0.5718407022048629400, 0.1211529631034645400 ) ) ;
#9167 = CARTESIAN_POINT ( 'NONE',  ( 0.4674475842661842100, -0.5718407022048628300, 0.1223559367869077000 ) ) ;
#9168 = CARTESIAN_POINT ( 'NONE',  ( 0.4674375151323100800, -0.5718407022048629400, 0.1229747081641461700 ) ) ;
#9169 = CARTESIAN_POINT ( 'NONE',  ( 0.4674375151323100800, -0.5718407022048629400, 0.1229747081641461700 ) ) ;
#9170 = DIRECTION ( 'NONE',  ( 1.622879996236195800E-015, -1.000000000000000000, -0.0000000000000000000 ) ) ;
#9171 = CARTESIAN_POINT ( 'NONE',  ( 0.4674375151323100800, -0.5718407022048629400, 0.1229747081641461700 ) ) ;
#9172 = CARTESIAN_POINT ( 'NONE',  ( 0.4674601469616495000, -0.5718407022048630500, 0.1236635024945759700 ) ) ;
#9173 = CARTESIAN_POINT ( 'NONE',  ( 0.4675056457296964400, -0.5718407022048628300, 0.1250482466530144500 ) ) ;
#9174 = CARTESIAN_POINT ( 'NONE',  ( 0.4678351001048771700, -0.5718407022048628300, 0.1271126389829727300 ) ) ;
#9175 = CARTESIAN_POINT ( 'NONE',  ( 0.4683675308020988600, -0.5718407022048628300, 0.1291648708845964700 ) ) ;
#9176 = CARTESIAN_POINT ( 'NONE',  ( 0.4690949213259642500, -0.5718407022048629400, 0.1311829928590122800 ) ) ;
#9177 = CARTESIAN_POINT ( 'NONE',  ( 0.4700105848487113300, -0.5718407022048628300, 0.1331287933857116500 ) ) ;
#9178 = CARTESIAN_POINT ( 'NONE',  ( 0.4711253949589210800, -0.5718407022048629400, 0.1349268311709904100 ) ) ;
#9179 = CARTESIAN_POINT ( 'NONE',  ( 0.4723843371271203000, -0.5718407022048629400, 0.1365915474351382100 ) ) ;
#9180 = CARTESIAN_POINT ( 'NONE',  ( 0.4733689348119170500, -0.5718407022048629400, 0.1375556318861937700 ) ) ;
#9181 = CARTESIAN_POINT ( 'NONE',  ( 0.4738615657652214300, -0.5718407022048629400, 0.1380379993033867000 ) ) ;
#9182 = CARTESIAN_POINT ( 'NONE',  ( 0.4738615657652214300, -0.5718407022048629400, 0.1380379993033867000 ) ) ;
#9183 = DIRECTION ( 'NONE',  ( 1.622879996236195800E-015, -1.000000000000000000, -0.0000000000000000000 ) ) ;
#9184 = CARTESIAN_POINT ( 'NONE',  ( 0.4738615657652214300, -0.5718407022048629400, 0.1380379993033867000 ) ) ;
#9185 = CARTESIAN_POINT ( 'NONE',  ( 0.4744291432884295000, -0.5718407022048629400, 0.1385297146072928800 ) ) ;
#9186 = CARTESIAN_POINT ( 'NONE',  ( 0.4755669538831663900, -0.5718407022048628300, 0.1395154458237377600 ) ) ;
#9187 = CARTESIAN_POINT ( 'NONE',  ( 0.4774551572817294900, -0.5718407022048628300, 0.1407904625081752800 ) ) ;
#9188 = CARTESIAN_POINT ( 'NONE',  ( 0.4794800898164666700, -0.5718407022048628300, 0.1418927509237084500 ) ) ;
#9189 = CARTESIAN_POINT ( 'NONE',  ( 0.4816477744482552900, -0.5718407022048629400, 0.1428556709896158000 ) ) ;
#9190 = CARTESIAN_POINT ( 'NONE',  ( 0.4840097883565133700, -0.5718407022048629400, 0.1436035554012002600 ) ) ;
#9191 = CARTESIAN_POINT ( 'NONE',  ( 0.4865833340646104100, -0.5718407022048628300, 0.1441392362897409000 ) ) ;
#9192 = CARTESIAN_POINT ( 'NONE',  ( 0.4893784733350077200, -0.5718407022048628300, 0.1444556534846908600 ) ) ;
#9193 = CARTESIAN_POINT ( 'NONE',  ( 0.4913145761489320900, -0.5718407022048628300, 0.1444963577298578600 ) ) ;
#9194 = CARTESIAN_POINT ( 'NONE',  ( 0.4923168663981327700, -0.5718407022048628300, 0.1445174296831335200 ) ) ;
#9195 = CARTESIAN_POINT ( 'NONE',  ( 0.4923168663981327700, -0.5718407022048628300, 0.1445174296831335200 ) ) ;
#9196 = DIRECTION ( 'NONE',  ( 1.622879996236195800E-015, -1.000000000000000000, -0.0000000000000000000 ) ) ;
#9197 = CARTESIAN_POINT ( 'NONE',  ( 0.4923168663981327700, -0.5718407022048628300, 0.1445174296831335200 ) ) ;
#9198 = CARTESIAN_POINT ( 'NONE',  ( 0.4934066030366482900, -0.5718407022048629400, 0.1445035245923550200 ) ) ;
#9199 = CARTESIAN_POINT ( 'NONE',  ( 0.4955386444069408400, -0.5718407022048628300, 0.1444763196441596600 ) ) ;
#9200 = CARTESIAN_POINT ( 'NONE',  ( 0.4986450267004881600, -0.5718407022048629400, 0.1442051666260125400 ) ) ;
#9201 = CARTESIAN_POINT ( 'NONE',  ( 0.5015890051946494400, -0.5718407022048627200, 0.1437867574845654300 ) ) ;
#9202 = CARTESIAN_POINT ( 'NONE',  ( 0.5043819445721538000, -0.5718407022048628300, 0.1431611531440318300 ) ) ;
#9203 = CARTESIAN_POINT ( 'NONE',  ( 0.5071104560070004400, -0.5718407022048629400, 0.1423923703381218800 ) ) ;
#9204 = CARTESIAN_POINT ( 'NONE',  ( 0.5098196758282748100, -0.5718407022048628300, 0.1414365858076435100 ) ) ;
#9205 = CARTESIAN_POINT ( 'NONE',  ( 0.5125704175998300200, -0.5718407022048629400, 0.1403577341849378500 ) ) ;
#9206 = CARTESIAN_POINT ( 'NONE',  ( 0.5143721349425057800, -0.5718407022048629400, 0.1394982753720911700 ) ) ;
#9207 = CARTESIAN_POINT ( 'NONE',  ( 0.5152856163981327500, -0.5718407022048628300, 0.1390625246198423900 ) ) ;
#9208 = CARTESIAN_POINT ( 'NONE',  ( 0.5152856163981327500, -0.5718407022048628300, 0.1390625246198423900 ) ) ;
#9209 = DIRECTION ( 'NONE',  ( 1.622879996236195800E-015, -1.000000000000000000, -0.0000000000000000000 ) ) ;
#9210 = CARTESIAN_POINT ( 'NONE',  ( 0.5152856163981327500, -0.5718407022048628300, 0.1390625246198423900 ) ) ;
#9211 = DIRECTION ( 'NONE',  ( 0.0000000000000000000, 0.0000000000000000000, -1.000000000000000000 ) ) ;
#9212 = CARTESIAN_POINT ( 'NONE',  ( 0.5152856163981327500, -0.5718407022048628300, 0.1276819866451588400 ) ) ;
#9213 = DIRECTION ( 'NONE',  ( 1.622879996236195800E-015, -1.000000000000000000, -0.0000000000000000000 ) ) ;
#9214 = CARTESIAN_POINT ( 'NONE',  ( 0.5152856163981327500, -0.5718407022048628300, 0.1276819866451588400 ) ) ;
#9215 = DIRECTION ( 'NONE',  ( -1.000000000000000000, 0.0000000000000000000, 0.0000000000000000000 ) ) ;
#9216 = CARTESIAN_POINT ( 'NONE',  ( 0.5147041290563606500, -0.5718407022048628300, 0.1276819866451588400 ) ) ;
#9217 = DIRECTION ( 'NONE',  ( 1.622879996236195800E-015, -1.000000000000000000, -0.0000000000000000000 ) ) ;
#9218 = CARTESIAN_POINT ( 'NONE',  ( 0.5147041290563606500, -0.5718407022048628300, 0.1276819866451588400 ) ) ;
#9219 = CARTESIAN_POINT ( 'NONE',  ( 0.5139047412794944800, -0.5718407022048629400, 0.1283675766143463900 ) ) ;
#9220 = CARTESIAN_POINT ( 'NONE',  ( 0.5123100344323759900, -0.5718407022048629400, 0.1297352670517272800 ) ) ;
#9221 = CARTESIAN_POINT ( 'NONE',  ( 0.5096799022650043700, -0.5718407022048626100, 0.1314981252824184700 ) ) ;
#9222 = CARTESIAN_POINT ( 'NONE',  ( 0.5068711217125263500, -0.5718407022048628300, 0.1330098731613416900 ) ) ;
#9223 = CARTESIAN_POINT ( 'NONE',  ( 0.5039230647499346500, -0.5718407022048628300, 0.1342630197402784900 ) ) ;
#9224 = CARTESIAN_POINT ( 'NONE',  ( 0.5009446081709005800, -0.5718407022048629400, 0.1352643273144114300 ) ) ;
#9225 = CARTESIAN_POINT ( 'NONE',  ( 0.4980142910736684000, -0.5718407022048629400, 0.1359896738031748700 ) ) ;
#9226 = CARTESIAN_POINT ( 'NONE',  ( 0.4951798178238785400, -0.5718407022048628300, 0.1364637045349954300 ) ) ;
#9227 = CARTESIAN_POINT ( 'NONE',  ( 0.4933108182293701700, -0.5718407022048628300, 0.1365168466237071700 ) ) ;
#9228 = CARTESIAN_POINT ( 'NONE',  ( 0.4923999360183860000, -0.5718407022048628300, 0.1365427461388297200 ) ) ;
#9229 = CARTESIAN_POINT ( 'NONE',  ( 0.4923999360183860000, -0.5718407022048628300, 0.1365427461388297200 ) ) ;
#9230 = DIRECTION ( 'NONE',  ( 1.622879996236195800E-015, -1.000000000000000000, -0.0000000000000000000 ) ) ;
#9231 = CARTESIAN_POINT ( 'NONE',  ( 0.4923999360183860000, -0.5718407022048628300, 0.1365427461388297200 ) ) ;
#9232 = CARTESIAN_POINT ( 'NONE',  ( 0.4917812571880465500, -0.5718407022048628300, 0.1365313214232518300 ) ) ;
#9233 = CARTESIAN_POINT ( 'NONE',  ( 0.4905788828871373000, -0.5718407022048627200, 0.1365091180056910200 ) ) ;
#9234 = CARTESIAN_POINT ( 'NONE',  ( 0.4888294205265201800, -0.5718407022048629400, 0.1363604436947369900 ) ) ;
#9235 = CARTESIAN_POINT ( 'NONE',  ( 0.4871881467829134400, -0.5718407022048628300, 0.1360942272474907300 ) ) ;
#9236 = CARTESIAN_POINT ( 'NONE',  ( 0.4856445562487256600, -0.5718407022048629400, 0.1357389853797196000 ) ) ;
#9237 = CARTESIAN_POINT ( 'NONE',  ( 0.4842043493790180700, -0.5718407022048628300, 0.1352751478716181200 ) ) ;
#9238 = CARTESIAN_POINT ( 'NONE',  ( 0.4828782285460298500, -0.5718407022048628300, 0.1346848783881333100 ) ) ;
#9239 = CARTESIAN_POINT ( 'NONE',  ( 0.4816539803729104600, -0.5718407022048628300, 0.1340052582293545800 ) ) ;
#9240 = CARTESIAN_POINT ( 'NONE',  ( 0.4805286795038514200, -0.5718407022048631600, 0.1332352824161071300 ) ) ;
#9241 = CARTESIAN_POINT ( 'NONE',  ( 0.4795330606496396300, -0.5718407022048626100, 0.1323628443749138600 ) ) ;
#9242 = CARTESIAN_POINT ( 'NONE',  ( 0.4786709917097453600, -0.5718407022048627200, 0.1314187413423789400 ) ) ;
#9243 = CARTESIAN_POINT ( 'NONE',  ( 0.4779367859488034600, -0.5718407022048629400, 0.1304086502630784100 ) ) ;
#9244 = CARTESIAN_POINT ( 'NONE',  ( 0.4773428263707207300, -0.5718407022048629400, 0.1293227769503235100 ) ) ;
#9245 = CARTESIAN_POINT ( 'NONE',  ( 0.4768659275469636600, -0.5718407022048628300, 0.1281685782799889800 ) ) ;
#9246 = CARTESIAN_POINT ( 'NONE',  ( 0.4765347681359690700, -0.5718407022048629400, 0.1269404232007936300 ) ) ;
#9247 = CARTESIAN_POINT ( 'NONE',  ( 0.4763395158208321200, -0.5718407022048628300, 0.1256438279674854700 ) ) ;
#9248 = CARTESIAN_POINT ( 'NONE',  ( 0.4763122148776189900, -0.5718407022048628300, 0.1247567677223193200 ) ) ;
#9249 = CARTESIAN_POINT ( 'NONE',  ( 0.4762982746259809600, -0.5718407022048629400, 0.1243038220881968100 ) ) ;
#9250 = CARTESIAN_POINT ( 'NONE',  ( 0.4762982746259809600, -0.5718407022048629400, 0.1243038220881968100 ) ) ;
#9251 = DIRECTION ( 'NONE',  ( 1.622879996236195800E-015, -1.000000000000000000, -0.0000000000000000000 ) ) ;
#9252 = CARTESIAN_POINT ( 'NONE',  ( 0.4762982746259809600, -0.5718407022048629400, 0.1243038220881968100 ) ) ;
#9253 = CARTESIAN_POINT ( 'NONE',  ( 0.4763166602090653200, -0.5718407022048628300, 0.1235677076069201100 ) ) ;
#9254 = CARTESIAN_POINT ( 'NONE',  ( 0.4763511890936806300, -0.5718407022048628300, 0.1221852541992164000 ) ) ;
#9255 = CARTESIAN_POINT ( 'NONE',  ( 0.4767460554896251200, -0.5718407022048630500, 0.1202668706605468500 ) ) ;
#9256 = CARTESIAN_POINT ( 'NONE',  ( 0.4773456246833980300, -0.5718407022048628300, 0.1186285806147877200 ) ) ;
#9257 = CARTESIAN_POINT ( 'NONE',  ( 0.4782763579412847600, -0.5718407022048630500, 0.1172965727241904000 ) ) ;
#9258 = CARTESIAN_POINT ( 'NONE',  ( 0.4794792324571545700, -0.5718407022048628300, 0.1162271266057976600 ) ) ;
#9259 = CARTESIAN_POINT ( 'NONE',  ( 0.4809141385222283600, -0.5718407022048627200, 0.1153012960323960300 ) ) ;
#9260 = CARTESIAN_POINT ( 'NONE',  ( 0.4825977668581348200, -0.5718407022048628300, 0.1144751831275756700 ) ) ;
#9261 = CARTESIAN_POINT ( 'NONE',  ( 0.4838421427499759500, -0.5718407022048629400, 0.1140746892048696400 ) ) ;
#9262 = CARTESIAN_POINT ( 'NONE',  ( 0.4844944771576264500, -0.5718407022048628300, 0.1138647398097158000 ) ) ;
#9263 = CARTESIAN_POINT ( 'NONE',  ( 0.4844944771576264500, -0.5718407022048628300, 0.1138647398097158000 ) ) ;
#9264 = DIRECTION ( 'NONE',  ( 1.622879996236195800E-015, -1.000000000000000000, -0.0000000000000000000 ) ) ;
#9265 = CARTESIAN_POINT ( 'NONE',  ( 0.4844944771576264500, -0.5718407022048628300, 0.1138647398097158000 ) ) ;
#9266 = CARTESIAN_POINT ( 'NONE',  ( 0.4855797873959545300, -0.5718407022048628300, 0.1135579229830019800 ) ) ;
#9267 = CARTESIAN_POINT ( 'NONE',  ( 0.4878161904557704600, -0.5718407022048629400, 0.1129256926162058300 ) ) ;
#9268 = CARTESIAN_POINT ( 'NONE',  ( 0.4913568798920567300, -0.5718407022048628300, 0.1122633258767653800 ) ) ;
#9269 = CARTESIAN_POINT ( 'NONE',  ( 0.4951337471962430900, -0.5718407022048628300, 0.1116126294296865000 ) ) ;
#9270 = CARTESIAN_POINT ( 'NONE',  ( 0.4977049763475672700, -0.5718407022048629400, 0.1110250923435840700 ) ) ;
#9271 = CARTESIAN_POINT ( 'NONE',  ( 0.4990316607019302800, -0.5718407022048628300, 0.1107219391768044100 ) ) ;
#9272 = CARTESIAN_POINT ( 'NONE',  ( 0.4990316607019302800, -0.5718407022048628300, 0.1107219391768044100 ) ) ;
#9273 = DIRECTION ( 'NONE',  ( 1.622879996236195800E-015, -1.000000000000000000, -0.0000000000000000000 ) ) ;
#9274 = CARTESIAN_POINT ( 'NONE',  ( 0.4990316607019302800, -0.5718407022048628300, 0.1107219391768044100 ) ) ;
#9275 = CARTESIAN_POINT ( 'NONE',  ( 0.4997035327683379000, -0.5718407022048628300, 0.1105513418139742900 ) ) ;
#9276 = CARTESIAN_POINT ( 'NONE',  ( 0.5010135771851278500, -0.5718407022048629400, 0.1102187038998998400 ) ) ;
#9277 = CARTESIAN_POINT ( 'NONE',  ( 0.5028843727215609500, -0.5718407022048626100, 0.1095756775290955000 ) ) ;
#9278 = CARTESIAN_POINT ( 'NONE',  ( 0.5046225694381407700, -0.5718407022048629400, 0.1088536719658188800 ) ) ;
#9279 = CARTESIAN_POINT ( 'NONE',  ( 0.5062343596894860500, -0.5718407022048629400, 0.1080621033598917900 ) ) ;
#9280 = CARTESIAN_POINT ( 'NONE',  ( 0.5077000404214692100, -0.5718407022048627200, 0.1071465918521080100 ) ) ;
#9281 = CARTESIAN_POINT ( 'NONE',  ( 0.5090432488718436000, -0.5718407022048628300, 0.1061618550538152200 ) ) ;
#9282 = CARTESIAN_POINT ( 'NONE',  ( 0.5102414935367382000, -0.5718407022048628300, 0.1050687723824604800 ) ) ;
#9283 = CARTESIAN_POINT ( 'NONE',  ( 0.5113176253904649900, -0.5718407022048628300, 0.1039010375813773400 ) ) ;
#9284 = CARTESIAN_POINT ( 'NONE',  ( 0.5122620345935886600, -0.5718407022048629400, 0.1026405228139725400 ) ) ;
#9285 = CARTESIAN_POINT ( 'NONE',  ( 0.5130667876294261500, -0.5718407022048628300, 0.1012802790710376900 ) ) ;
#9286 = CARTESIAN_POINT ( 'NONE',  ( 0.5137656281056945900, -0.5718407022048630500, 0.09984429325906747600 ) ) ;
#9287 = CARTESIAN_POINT ( 'NONE',  ( 0.5143126283193200100, -0.5718407022048626100, 0.09830386102692288700 ) ) ;
#9288 = CARTESIAN_POINT ( 'NONE',  ( 0.5147664472697762700, -0.5718407022048629400, 0.09668270923002797400 ) ) ;
#9289 = CARTESIAN_POINT ( 'NONE',  ( 0.5150541049496647500, -0.5718407022048628300, 0.09496031596635466600 ) ) ;
#9290 = CARTESIAN_POINT ( 'NONE',  ( 0.5152643306125066500, -0.5718407022048629400, 0.09315328371846953700 ) ) ;
#9291 = CARTESIAN_POINT ( 'NONE',  ( 0.5152784106120827900, -0.5718407022048628300, 0.09191656781532209200 ) ) ;
#9292 = CARTESIAN_POINT ( 'NONE',  ( 0.5152856163981327500, -0.5718407022048628300, 0.09128364803756391900 ) ) ;
#9293 = CARTESIAN_POINT ( 'NONE',  ( 0.5152856163981327500, -0.5718407022048628300, 0.09128364803756391900 ) ) ;
#9294 = DIRECTION ( 'NONE',  ( 1.622879996236195800E-015, -1.000000000000000000, -0.0000000000000000000 ) ) ;
#9295 = CARTESIAN_POINT ( 'NONE',  ( 0.5152856163981327500, -0.5718407022048628300, 0.09128364803756391900 ) ) ;
#9296 = CARTESIAN_POINT ( 'NONE',  ( 0.5152703420281623500, -0.5718407022048629400, 0.09055776155648975800 ) ) ;
#9297 = CARTESIAN_POINT ( 'NONE',  ( 0.5152403184076656000, -0.5718407022048628300, 0.08913094393498381700 ) ) ;
#9298 = CARTESIAN_POINT ( 'NONE',  ( 0.5149041486321086500, -0.5718407022048628300, 0.08704474311899568200 ) ) ;
#9299 = CARTESIAN_POINT ( 'NONE',  ( 0.5143976334559384700, -0.5718407022048629400, 0.08505175613595235300 ) ) ;
#9300 = CARTESIAN_POINT ( 'NONE',  ( 0.5136795239602869300, -0.5718407022048628300, 0.08315470104078595500 ) ) ;
#9301 = CARTESIAN_POINT ( 'NONE',  ( 0.5127223094348772900, -0.5718407022048628300, 0.08137608741700951000 ) ) ;
#9302 = CARTESIAN_POINT ( 'NONE',  ( 0.5115827773816689100, -0.5718407022048629400, 0.07968640884806904600 ) ) ;
#9303 = CARTESIAN_POINT ( 'NONE',  ( 0.5102269081398170800, -0.5718407022048629400, 0.07810363799259678600 ) ) ;
#9304 = CARTESIAN_POINT ( 'NONE',  ( 0.5086870733679186300, -0.5718407022048629400, 0.07662683810850304300 ) ) ;
#9305 = CARTESIAN_POINT ( 'NONE',  ( 0.5069710897954504700, -0.5718407022048628300, 0.07531565457417065100 ) ) ;
#9306 = CARTESIAN_POINT ( 'NONE',  ( 0.5051554785966356800, -0.5718407022048629400, 0.07413094411619433600 ) ) ;
#9307 = CARTESIAN_POINT ( 'NONE',  ( 0.5032036092743079600, -0.5718407022048628300, 0.07317390035729917600 ) ) ;
#9308 = CARTESIAN_POINT ( 'NONE',  ( 0.5011572207763336200, -0.5718407022048629400, 0.07235742972663321300 ) ) ;
#9309 = CARTESIAN_POINT ( 'NONE',  ( 0.4989902553721733400, -0.5718407022048628300, 0.07173743232881958600 ) ) ;
#9310 = CARTESIAN_POINT ( 'NONE',  ( 0.4967145593030162200, -0.5718407022048626100, 0.07130433863856858200 ) ) ;
#9311 = CARTESIAN_POINT ( 'NONE',  ( 0.4943320569288915900, -0.5718407022048629400, 0.07100975885552739100 ) ) ;
#9312 = CARTESIAN_POINT ( 'NONE',  ( 0.4927054503705506900, -0.5718407022048628300, 0.07098551886770791700 ) ) ;
#9313 = CARTESIAN_POINT ( 'NONE',  ( 0.4918738284234492900, -0.5718407022048628300, 0.07097312588566516400 ) ) ;
#9314 = CARTESIAN_POINT ( 'NONE',  ( 0.4918738284234492900, -0.5718407022048628300, 0.07097312588566516400 ) ) ;
#9315 = DIRECTION ( 'NONE',  ( 1.622879996236195800E-015, -1.000000000000000000, -0.0000000000000000000 ) ) ;
#9316 = CARTESIAN_POINT ( 'NONE',  ( 0.4918738284234492900, -0.5718407022048628300, 0.07097312588566516400 ) ) ;
#9317 = CARTESIAN_POINT ( 'NONE',  ( 0.4907977354146601500, -0.5718407022048628300, 0.07098501336127889500 ) ) ;
#9318 = CARTESIAN_POINT ( 'NONE',  ( 0.4886925408876295300, -0.5718407022048628300, 0.07100826920291887500 ) ) ;
#9319 = CARTESIAN_POINT ( 'NONE',  ( 0.4856071580623206300, -0.5718407022048628300, 0.07130958948001624200 ) ) ;
#9320 = CARTESIAN_POINT ( 'NONE',  ( 0.4826511202105991900, -0.5718407022048630500, 0.07171395781624859100 ) ) ;
#9321 = CARTESIAN_POINT ( 'NONE',  ( 0.4798465338268007600, -0.5718407022048628300, 0.07235245467044336400 ) ) ;
#9322 = CARTESIAN_POINT ( 'NONE',  ( 0.4771894624851553700, -0.5718407022048630500, 0.07310191567659089800 ) ) ;
#9323 = CARTESIAN_POINT ( 'NONE',  ( 0.4746804101430566200, -0.5718407022048626100, 0.07393184686240456000 ) ) ;
#9324 = CARTESIAN_POINT ( 'NONE',  ( 0.4723186920620484100, -0.5718407022048629400, 0.07483645478241499100 ) ) ;
#9325 = CARTESIAN_POINT ( 'NONE',  ( 0.4708258227508799200, -0.5718407022048629400, 0.07553339740836420600 ) ) ;
#9326 = CARTESIAN_POINT ( 'NONE',  ( 0.4700957429804112900, -0.5718407022048629400, 0.07587423348060189100 ) ) ;
#9327 = CARTESIAN_POINT ( 'NONE',  ( 0.4700957429804112900, -0.5718407022048629400, 0.07587423348060189100 ) ) ;
#9328 = DIRECTION ( 'NONE',  ( 1.622879996236195800E-015, -1.000000000000000000, -0.0000000000000000000 ) ) ;
#9329 = CARTESIAN_POINT ( 'NONE',  ( 0.4700957429804112900, -0.5718407022048629400, 0.07587423348060189100 ) ) ;
#9330 = DIRECTION ( 'NONE',  ( 0.0000000000000000000, 0.0000000000000000000, 1.000000000000000000 ) ) ;
#9331 = CARTESIAN_POINT ( 'NONE',  ( 0.4700957429804112900, -0.5718407022048629400, 0.08692249297427277800 ) ) ;
#9332 = DIRECTION ( 'NONE',  ( 1.622879996236195800E-015, -1.000000000000000000, -0.0000000000000000000 ) ) ;
#9333 = CARTESIAN_POINT ( 'NONE',  ( 0.4700957429804112900, -0.5718407022048629400, 0.08692249297427277800 ) ) ;
#9334 = DIRECTION ( 'NONE',  ( 1.000000000000000000, 0.0000000000000000000, 0.0000000000000000000 ) ) ;
#9335 = CARTESIAN_POINT ( 'NONE',  ( 0.4706772303221834500, -0.5718407022048629400, 0.08692249297427277800 ) ) ;
#9336 = DIRECTION ( 'NONE',  ( 1.622879996236195800E-015, -1.000000000000000000, -0.0000000000000000000 ) ) ;
#9337 = CARTESIAN_POINT ( 'NONE',  ( 0.4706772303221834500, -0.5718407022048629400, 0.08692249297427277800 ) ) ;
#9338 = CARTESIAN_POINT ( 'NONE',  ( 0.4713014907806202800, -0.5718407022048630500, 0.08635753198466879200 ) ) ;
#9339 = CARTESIAN_POINT ( 'NONE',  ( 0.4725813991585333100, -0.5718407022048631600, 0.08519920408801032200 ) ) ;
#9340 = CARTESIAN_POINT ( 'NONE',  ( 0.4748028615976492300, -0.5718407022048628300, 0.08371809580767623800 ) ) ;
#9341 = CARTESIAN_POINT ( 'NONE',  ( 0.4772736051566905400, -0.5718407022048629400, 0.08235533353684190700 ) ) ;
#9342 = CARTESIAN_POINT ( 'NONE',  ( 0.4799880952054237400, -0.5718407022048628300, 0.08117615151313652100 ) ) ;
#9343 = CARTESIAN_POINT ( 'NONE',  ( 0.4828464529473505100, -0.5718407022048630500, 0.08017441805140440600 ) ) ;
#9344 = CARTESIAN_POINT ( 'NONE',  ( 0.4857933098873844500, -0.5718407022048627200, 0.07947731596762377900 ) ) ;
#9345 = CARTESIAN_POINT ( 'NONE',  ( 0.4887722278898439800, -0.5718407022048627200, 0.07902271400000685000 ) ) ;
#9346 = CARTESIAN_POINT ( 'NONE',  ( 0.4907738178521843200, -0.5718407022048629400, 0.07897281586200284600 ) ) ;
#9347 = CARTESIAN_POINT ( 'NONE',  ( 0.4917769138664872000, -0.5718407022048628300, 0.07894780942996897100 ) ) ;
#9348 = CARTESIAN_POINT ( 'NONE',  ( 0.4917769138664872000, -0.5718407022048628300, 0.07894780942996897100 ) ) ;
#9349 = DIRECTION ( 'NONE',  ( 1.622879996236195800E-015, -1.000000000000000000, -0.0000000000000000000 ) ) ;
#9350 = CARTESIAN_POINT ( 'NONE',  ( 0.4917769138664872000, -0.5718407022048628300, 0.07894780942996897100 ) ) ;
#9351 = CARTESIAN_POINT ( 'NONE',  ( 0.4923171325074589000, -0.5718407022048629400, 0.07896028270451599400 ) ) ;
#9352 = CARTESIAN_POINT ( 'NONE',  ( 0.4933670456650802700, -0.5718407022048628300, 0.07898452447270451500 ) ) ;
#9353 = CARTESIAN_POINT ( 'NONE',  ( 0.4949041280630556700, -0.5718407022048630500, 0.07911971816184841500 ) ) ;
#9354 = CARTESIAN_POINT ( 'NONE',  ( 0.4963595505809407800, -0.5718407022048624900, 0.07936444485233958000 ) ) ;
#9355 = CARTESIAN_POINT ( 'NONE',  ( 0.4977307320770306100, -0.5718407022048631600, 0.07973111370384167200 ) ) ;
#9356 = CARTESIAN_POINT ( 'NONE',  ( 0.4990262926355375500, -0.5718407022048628300, 0.08016905399640049400 ) ) ;
#9357 = CARTESIAN_POINT ( 'NONE',  ( 0.5002424960577132000, -0.5718407022048629400, 0.08071281847588736300 ) ) ;
#9358 = CARTESIAN_POINT ( 'NONE',  ( 0.5013757907331984900, -0.5718407022048628300, 0.08135992544048913100 ) ) ;
#9359 = CARTESIAN_POINT ( 'NONE',  ( 0.5024162957507265500, -0.5718407022048628300, 0.08211130303435360000 ) ) ;
#9360 = CARTESIAN_POINT ( 'NONE',  ( 0.5033537551903368700, -0.5718407022048628300, 0.08293603571422179800 ) ) ;
#9361 = CARTESIAN_POINT ( 'NONE',  ( 0.5041778247191430800, -0.5718407022048629400, 0.08382520050061870200 ) ) ;
#9362 = CARTESIAN_POINT ( 'NONE',  ( 0.5048737062575743300, -0.5718407022048628300, 0.08477270357976439400 ) ) ;
#9363 = CARTESIAN_POINT ( 'NONE',  ( 0.5054553275302028400, -0.5718407022048626100, 0.08577507439995750400 ) ) ;
#9364 = CARTESIAN_POINT ( 'NONE',  ( 0.5058720146990040000, -0.5718407022048629400, 0.08684944570479889700 ) ) ;
#9365 = CARTESIAN_POINT ( 'NONE',  ( 0.5062062555349778900, -0.5718407022048628300, 0.08796675237003021000 ) ) ;
#9366 = CARTESIAN_POINT ( 'NONE',  ( 0.5063784609272565800, -0.5718407022048628300, 0.08915087506769556200 ) ) ;
#9367 = CARTESIAN_POINT ( 'NONE',  ( 0.5064092071219993300, -0.5718407022048627200, 0.08995870008604675600 ) ) ;
#9368 = CARTESIAN_POINT ( 'NONE',  ( 0.5064248569044619300, -0.5718407022048628300, 0.09036988221477909600 ) ) ;
#9369 = CARTESIAN_POINT ( 'NONE',  ( 0.5064248569044619300, -0.5718407022048628300, 0.09036988221477909600 ) ) ;
#9370 = CARTESIAN_POINT ( 'NONE',  ( 0.5064024417701756800, -0.5718407022048629400, 0.09106817605487471700 ) ) ;
#9371 = CARTESIAN_POINT ( 'NONE',  ( 0.5063596259488968300, -0.5718407022048628300, 0.09240200809334253600 ) ) ;
#9372 = CARTESIAN_POINT ( 'NONE',  ( 0.5059986552444912800, -0.5718407022048628300, 0.09428945021518206300 ) ) ;
#9373 = CARTESIAN_POINT ( 'NONE',  ( 0.5053451528827022100, -0.5718407022048628300, 0.09592741957984689300 ) ) ;
#9374 = CARTESIAN_POINT ( 'NONE',  ( 0.5046170749337559600, -0.5718407022048627200, 0.09713323244581631400 ) ) ;
#9375 = CARTESIAN_POINT ( 'NONE',  ( 0.5038613593186047600, -0.5718407022048629400, 0.09794544442451598400 ) ) ;
#9376 = CARTESIAN_POINT ( 'NONE',  ( 0.5032245477731628300, -0.5718407022048627200, 0.09853984425109600700 ) ) ;
#9377 = CARTESIAN_POINT ( 'NONE',  ( 0.5024677882697087300, -0.5718407022048629400, 0.09906634299156415200 ) ) ;
#9378 = CARTESIAN_POINT ( 'NONE',  ( 0.5016413015170108100, -0.5718407022048628300, 0.09958997847509083700 ) ) ;
#9379 = CARTESIAN_POINT ( 'NONE',  ( 0.5007002984407454800, -0.5718407022048628300, 0.1000373965048818000 ) ) ;
#9380 = CARTESIAN_POINT ( 'NONE',  ( 0.4996777237535147700, -0.5718407022048628300, 0.1004709887497413600 ) ) ;
#9381 = CARTESIAN_POINT ( 'NONE',  ( 0.4985509598680257800, -0.5718407022048628300, 0.1008547570533215400 ) ) ;
#9382 = CARTESIAN_POINT ( 'NONE',  ( 0.4977635612797849900, -0.5718407022048629400, 0.1010801034888722900 ) ) ;
#9383 = CARTESIAN_POINT ( 'NONE',  ( 0.4973564233601581700, -0.5718407022048629400, 0.1011966227211082000 ) ) ;
#9384 = CARTESIAN_POINT ( 'NONE',  ( 0.5064248569044619300, -0.5718407022048628300, 0.09036988221477909600 ) ) ;
#9385 = DIRECTION ( 'NONE',  ( 1.622879996236195800E-015, -1.000000000000000000, -0.0000000000000000000 ) ) ;
#9386 = PLANE ( 'NONE',  #9457 ) ;
#9387 = CARTESIAN_POINT ( 'NONE',  ( 0.8599691607019303000, -0.5718407022048622700, 0.1081883157590828900 ) ) ;
#9388 = DIRECTION ( 'NONE',  ( 1.000000000000000000, 1.622879996236195800E-015, -0.0000000000000000000 ) ) ;
#9389 = DIRECTION ( 'NONE',  ( -1.622879996236195800E-015, 1.000000000000000000, 0.0000000000000000000 ) ) ;
#9390 = PLANE ( 'NONE',  #9450 ) ;
#9391 = CARTESIAN_POINT ( 'NONE',  ( 0.8280704265247150800, -0.5718407022048622700, 0.1002136322147791100 ) ) ;
#9392 = DIRECTION ( 'NONE',  ( -1.000000000000000000, -1.622879996236195800E-015, 0.0000000000000000000 ) ) ;
#9393 = DIRECTION ( 'NONE',  ( 1.622879996236195800E-015, -1.000000000000000000, 0.0000000000000000000 ) ) ;
#9394 = PLANE ( 'NONE',  #9462 ) ;
#9395 = CARTESIAN_POINT ( 'NONE',  ( 0.8200957429804112100, -0.5718407022048622700, 0.1427452777843993500 ) ) ;
#9396 = DIRECTION ( 'NONE',  ( 0.0000000000000000000, 1.000000000000000000, 0.0000000000000000000 ) ) ;
#9397 = DIRECTION ( 'NONE',  ( 0.0000000000000000000, -0.0000000000000000000, 1.000000000000000000 ) ) ;
#9398 = PLANE ( 'NONE',  #9463 ) ;
#9399 = CARTESIAN_POINT ( 'NONE',  ( 0.8280704265247150800, -0.5718407022048622700, 0.07274527778439934800 ) ) ;
#9400 = DIRECTION ( 'NONE',  ( 0.0000000000000000000, 0.0000000000000000000, 1.000000000000000000 ) ) ;
#9401 = DIRECTION ( 'NONE',  ( 1.000000000000000000, 0.0000000000000000000, -0.0000000000000000000 ) ) ;
#9402 = PLANE ( 'NONE',  #9464 ) ;
#9403 = CARTESIAN_POINT ( 'NONE',  ( 0.8599691607019303000, -0.5718407022048622700, 0.1002136322147791100 ) ) ;
#9404 = DIRECTION ( 'NONE',  ( 0.0000000000000000000, 0.0000000000000000000, 1.000000000000000000 ) ) ;
#9405 = DIRECTION ( 'NONE',  ( 1.000000000000000000, 0.0000000000000000000, -0.0000000000000000000 ) ) ;
#9406 = PLANE ( 'NONE',  #9465 ) ;
#9407 = CARTESIAN_POINT ( 'NONE',  ( 0.8599691607019303000, -0.5718407022048622700, 0.07274527778439934800 ) ) ;
#9408 = DIRECTION ( 'NONE',  ( 1.000000000000000000, 1.622879996236195800E-015, -0.0000000000000000000 ) ) ;
#9409 = DIRECTION ( 'NONE',  ( -1.622879996236195800E-015, 1.000000000000000000, 0.0000000000000000000 ) ) ;
#9410 = PLANE ( 'NONE',  #9466 ) ;
#9411 = CARTESIAN_POINT ( 'NONE',  ( 0.8679438442462339400, -0.5718407022048622700, 0.07274527778439934800 ) ) ;
#9412 = DIRECTION ( 'NONE',  ( 0.0000000000000000000, 0.0000000000000000000, 1.000000000000000000 ) ) ;
#9413 = DIRECTION ( 'NONE',  ( 1.000000000000000000, 0.0000000000000000000, -0.0000000000000000000 ) ) ;
#9414 = PLANE ( 'NONE',  #9467 ) ;
#9415 = CARTESIAN_POINT ( 'NONE',  ( 0.8599691607019303000, -0.5718407022048622700, 0.1427452777843993500 ) ) ;
#9416 = DIRECTION ( 'NONE',  ( 0.0000000000000000000, 0.0000000000000000000, -1.000000000000000000 ) ) ;
#9417 = DIRECTION ( 'NONE',  ( -1.000000000000000000, 0.0000000000000000000, -0.0000000000000000000 ) ) ;
#9418 = PLANE ( 'NONE',  #9468 ) ;
#9419 = CARTESIAN_POINT ( 'NONE',  ( 0.9060451100690188900, -0.5718407022048621600, 0.08071996132870314100 ) ) ;
#9420 = DIRECTION ( 'NONE',  ( 0.0000000000000000000, 0.0000000000000000000, -1.000000000000000000 ) ) ;
#9421 = DIRECTION ( 'NONE',  ( -1.000000000000000000, 0.0000000000000000000, -0.0000000000000000000 ) ) ;
#9422 = PLANE ( 'NONE',  #9469 ) ;
#9423 = CARTESIAN_POINT ( 'NONE',  ( 0.8759185277905379200, -0.5718407022048622700, 0.08071996132870314100 ) ) ;
#9424 = DIRECTION ( 'NONE',  ( -3.083085592849683300E-015, 1.000000000000000000, 0.0000000000000000000 ) ) ;
#9425 = DIRECTION ( 'NONE',  ( -1.000000000000000000, -3.083085592849683300E-015, 0.0000000000000000000 ) ) ;
#9426 = PLANE ( 'NONE',  #9470 ) ;
#9427 = CARTESIAN_POINT ( 'NONE',  ( 0.8200957429804112100, -0.5718407022048622700, 0.1427452777843993500 ) ) ;
#9428 = DIRECTION ( 'NONE',  ( 0.0000000000000000000, 0.0000000000000000000, -1.000000000000000000 ) ) ;
#9429 = DIRECTION ( 'NONE',  ( -1.000000000000000000, 0.0000000000000000000, -0.0000000000000000000 ) ) ;
#9430 = PLANE ( 'NONE',  #9471 ) ;
#9431 = CARTESIAN_POINT ( 'NONE',  ( 0.9281970088031961100, -0.5718407022048621600, 0.08071996132870314100 ) ) ;
#9432 = DIRECTION ( 'NONE',  ( -1.000000000000000000, -1.622879996236195800E-015, 0.0000000000000000000 ) ) ;
#9433 = DIRECTION ( 'NONE',  ( 1.622879996236195800E-015, -1.000000000000000000, 0.0000000000000000000 ) ) ;
#9434 = VECTOR ( 'NONE', #9123, 39.37007874015748100 ) ;
#9435 = VECTOR ( 'NONE', #9125, 39.37007874015748100 ) ;
#9436 = VECTOR ( 'NONE', #9149, 39.37007874015748100 ) ;
#9437 = VECTOR ( 'NONE', #9170, 39.37007874015748100 ) ;
#9438 = VECTOR ( 'NONE', #9183, 39.37007874015748100 ) ;
#9439 = VECTOR ( 'NONE', #9196, 39.37007874015748100 ) ;
#9440 = VECTOR ( 'NONE', #9209, 39.37007874015748100 ) ;
#9441 = VECTOR ( 'NONE', #9211, 39.37007874015748100 ) ;
#9442 = VECTOR ( 'NONE', #9213, 39.37007874015748100 ) ;
#9443 = VECTOR ( 'NONE', #9215, 39.37007874015748100 ) ;
#9444 = VECTOR ( 'NONE', #9217, 39.37007874015748100 ) ;
#9445 = VECTOR ( 'NONE', #9230, 39.37007874015748100 ) ;
#9446 = VECTOR ( 'NONE', #9251, 39.37007874015748100 ) ;
#9447 = VECTOR ( 'NONE', #9264, 39.37007874015748100 ) ;
#9448 = VECTOR ( 'NONE', #9273, 39.37007874015748100 ) ;
#9449 = VECTOR ( 'NONE', #9294, 39.37007874015748100 ) ;
#9450 = AXIS2_PLACEMENT_3D ( 'NONE', #9391, #9392, #9393 ) ;
#9451 = VECTOR ( 'NONE', #9315, 39.37007874015748100 ) ;
#9452 = VECTOR ( 'NONE', #9328, 39.37007874015748100 ) ;
#9453 = VECTOR ( 'NONE', #9330, 39.37007874015748100 ) ;
#9454 = VECTOR ( 'NONE', #9332, 39.37007874015748100 ) ;
#9455 = AXIS2_PLACEMENT_3D ( 'NONE', #9741, #9742, #9743 ) ;
#9456 = VECTOR ( 'NONE', #9334, 39.37007874015748100 ) ;
#9457 = AXIS2_PLACEMENT_3D ( 'NONE', #9387, #9388, #9389 ) ;
#9458 = VECTOR ( 'NONE', #9336, 39.37007874015748100 ) ;
#9459 = VECTOR ( 'NONE', #9349, 39.37007874015748100 ) ;
#9460 = AXIS2_PLACEMENT_3D ( 'NONE', #9745, #9746, #9747 ) ;
#9461 = VECTOR ( 'NONE', #9385, 39.37007874015748100 ) ;
#9462 = AXIS2_PLACEMENT_3D ( 'NONE', #9395, #9396, #9397 ) ;
#9463 = AXIS2_PLACEMENT_3D ( 'NONE', #9399, #9400, #9401 ) ;
#9464 = AXIS2_PLACEMENT_3D ( 'NONE', #9403, #9404, #9405 ) ;
#9465 = AXIS2_PLACEMENT_3D ( 'NONE', #9407, #9408, #9409 ) ;
#9466 = AXIS2_PLACEMENT_3D ( 'NONE', #9411, #9412, #9413 ) ;
#9467 = AXIS2_PLACEMENT_3D ( 'NONE', #9415, #9416, #9417 ) ;
#9468 = AXIS2_PLACEMENT_3D ( 'NONE', #9419, #9420, #9421 ) ;
#9469 = AXIS2_PLACEMENT_3D ( 'NONE', #9423, #9424, #9425 ) ;
#9470 = AXIS2_PLACEMENT_3D ( 'NONE', #9427, #9428, #9429 ) ;
#9471 = AXIS2_PLACEMENT_3D ( 'NONE', #9431, #9432, #9433 ) ;
#9472 = AXIS2_PLACEMENT_3D ( 'NONE', #9543, #9544, #9545 ) ;
#9473 = AXIS2_PLACEMENT_3D ( 'NONE', #9547, #9548, #9549 ) ;
#9474 = AXIS2_PLACEMENT_3D ( 'NONE', #9551, #9552, #9553 ) ;
#9475 = AXIS2_PLACEMENT_3D ( 'NONE', #9555, #9556, #9557 ) ;
#9476 = AXIS2_PLACEMENT_3D ( 'NONE', #9695, #9696, #9697 ) ;
#9477 = AXIS2_PLACEMENT_3D ( 'NONE', #9691, #9692, #9693 ) ;
#9478 = AXIS2_PLACEMENT_3D ( 'NONE', #9699, #9700, #9701 ) ;
#9479 = AXIS2_PLACEMENT_3D ( 'NONE', #9703, #9704, #9705 ) ;
#9480 = AXIS2_PLACEMENT_3D ( 'NONE', #9707, #9708, #9709 ) ;
#9481 = AXIS2_PLACEMENT_3D ( 'NONE', #9711, #9712, #9713 ) ;
#9482 = AXIS2_PLACEMENT_3D ( 'NONE', #9715, #9716, #9717 ) ;
#9483 = AXIS2_PLACEMENT_3D ( 'NONE', #9775, #9776, #9777 ) ;
#9484 = AXIS2_PLACEMENT_3D ( 'NONE', #9779, #9780, #9781 ) ;
#9485 = AXIS2_PLACEMENT_3D ( 'NONE', #9749, #9750, #9751 ) ;
#9486 = AXIS2_PLACEMENT_3D ( 'NONE', #9818, #9819, #9820 ) ;
#9487 = AXIS2_PLACEMENT_3D ( 'NONE', #10026, #10027, #10028 ) ;
#9488 = AXIS2_PLACEMENT_3D ( 'NONE', #9783, #9784, #9785 ) ;
#9489 = AXIS2_PLACEMENT_3D ( 'NONE', #9787, #9788, #9789 ) ;
#9490 = AXIS2_PLACEMENT_3D ( 'NONE', #9791, #9792, #9793 ) ;
#9491 = AXIS2_PLACEMENT_3D ( 'NONE', #9795, #9796, #9797 ) ;
#9492 = AXIS2_PLACEMENT_3D ( 'NONE', #9799, #9800, #9801 ) ;
#9493 = AXIS2_PLACEMENT_3D ( 'NONE', #9803, #9804, #9805 ) ;
#9494 = AXIS2_PLACEMENT_3D ( 'NONE', #9807, #9808, #9809 ) ;
#9495 = AXIS2_PLACEMENT_3D ( 'NONE', #9824, #9825, #9826 ) ;
#9496 = AXIS2_PLACEMENT_3D ( 'NONE', #9811, #9812, #9813 ) ;
#9497 = AXIS2_PLACEMENT_3D ( 'NONE', #9821, #9822, #9823 ) ;
#9498 = AXIS2_PLACEMENT_3D ( 'NONE', #9815, #9816, #9817 ) ;
#9499 = AXIS2_PLACEMENT_3D ( 'NONE', #9828, #9829, #9830 ) ;
#9500 = AXIS2_PLACEMENT_3D ( 'NONE', #9838, #9839, #9840 ) ;
#9501 = AXIS2_PLACEMENT_3D ( 'NONE', #9832, #9833, #9834 ) ;
#9502 = AXIS2_PLACEMENT_3D ( 'NONE', #9835, #9836, #9837 ) ;
#9503 = AXIS2_PLACEMENT_3D ( 'NONE', #9842, #9843, #9844 ) ;
#9504 = AXIS2_PLACEMENT_3D ( 'NONE', #9870, #9871, #9872 ) ;
#9505 = AXIS2_PLACEMENT_3D ( 'NONE', #9846, #9847, #9848 ) ;
#9506 = AXIS2_PLACEMENT_3D ( 'NONE', #9850, #9851, #9852 ) ;
#9507 = AXIS2_PLACEMENT_3D ( 'NONE', #9854, #9855, #9856 ) ;
#9508 = AXIS2_PLACEMENT_3D ( 'NONE', #9858, #9859, #9860 ) ;
#9509 = AXIS2_PLACEMENT_3D ( 'NONE', #9862, #9863, #9864 ) ;
#9510 = AXIS2_PLACEMENT_3D ( 'NONE', #9889, #9890, #9891 ) ;
#9511 = AXIS2_PLACEMENT_3D ( 'NONE', #9866, #9867, #9868 ) ;
#9512 = AXIS2_PLACEMENT_3D ( 'NONE', #9882, #9883, #9884 ) ;
#9513 = AXIS2_PLACEMENT_3D ( 'NONE', #9874, #9875, #9876 ) ;
#9514 = AXIS2_PLACEMENT_3D ( 'NONE', #9878, #9879, #9880 ) ;
#9515 = AXIS2_PLACEMENT_3D ( 'NONE', #9885, #9886, #9887 ) ;
#9516 = AXIS2_PLACEMENT_3D ( 'NONE', #9893, #9894, #9895 ) ;
#9517 = AXIS2_PLACEMENT_3D ( 'NONE', #9897, #9898, #9899 ) ;
#9518 = AXIS2_PLACEMENT_3D ( 'NONE', #9901, #9902, #9903 ) ;
#9519 = AXIS2_PLACEMENT_3D ( 'NONE', #9905, #9906, #9907 ) ;
#9520 = CIRCLE ( 'NONE', #9487, 0.2814999999999999700 ) ;
#9521 = LENGTH_MEASURE_WITH_UNIT ( LENGTH_MEASURE( 0.02539999999999999900 ), #10031 );
#9522 = VECTOR ( 'NONE', #10030, 39.37007874015748100 ) ;
#9523 = AXIS2_PLACEMENT_3D ( 'NONE', #10035, #10036, #10037 ) ;
#9524 = CC_DESIGN_PERSON_AND_ORGANIZATION_ASSIGNMENT ( #8782, #10041, ( #8821 ) ) ;
#9525 = PRODUCT_DEFINITION ( 'UNKNOWN', '', #9530, #195 ) ;
#9526 = APPROVAL ( #10044, 'UNSPECIFIED' ) ;
#9527 = CC_DESIGN_APPROVAL ( #9526, ( #9525 ) ) ;
#9528 = CC_DESIGN_PERSON_AND_ORGANIZATION_ASSIGNMENT ( #8789, #10046, ( #9525 ) ) ;
#9529 = CC_DESIGN_DATE_AND_TIME_ASSIGNMENT ( #8792, #10047, ( #9525 ) ) ;
#9530 = PRODUCT_DEFINITION_FORMATION_WITH_SPECIFIED_SOURCE ( 'ANY', '', #8821, .NOT_KNOWN. ) ;
#9531 = APPROVAL ( #10048, 'UNSPECIFIED' ) ;
#9532 = CC_DESIGN_APPROVAL ( #9531, ( #9530 ) ) ;
#9533 = CC_DESIGN_PERSON_AND_ORGANIZATION_ASSIGNMENT ( #8799, #10050, ( #9530 ) ) ;
#9534 = CC_DESIGN_PERSON_AND_ORGANIZATION_ASSIGNMENT ( #8800, #10051, ( #9530 ) ) ;
#9535 = SECURITY_CLASSIFICATION ( '', '', #10052 ) ;
#9536 = CC_DESIGN_PERSON_AND_ORGANIZATION_ASSIGNMENT ( #8801, #10053, ( #9535 ) ) ;
#9537 = CC_DESIGN_DATE_AND_TIME_ASSIGNMENT ( #8804, #10054, ( #9535 ) ) ;
#9538 = APPROVAL ( #10055, 'UNSPECIFIED' ) ;
#9539 = CC_DESIGN_APPROVAL ( #9538, ( #9535 ) ) ;
#9540 = CC_DESIGN_SECURITY_CLASSIFICATION ( #9535, ( #9530 ) ) ;
#9541 = PRODUCT_RELATED_PRODUCT_CATEGORY ( 'detail', '', ( #8821 ) ) ;
#9542 = PLANE ( 'NONE',  #9472 ) ;
#9543 = CARTESIAN_POINT ( 'NONE',  ( 0.8679438442462339400, -0.5718407022048622700, 0.1427452777843993500 ) ) ;
#9544 = DIRECTION ( 'NONE',  ( -1.000000000000000000, -1.622879996236195800E-015, 0.0000000000000000000 ) ) ;
#9545 = DIRECTION ( 'NONE',  ( 1.622879996236195800E-015, -1.000000000000000000, 0.0000000000000000000 ) ) ;
#9546 = PLANE ( 'NONE',  #9473 ) ;
#9547 = CARTESIAN_POINT ( 'NONE',  ( 0.8200957429804112100, -0.5718407022048622700, 0.07274527778439934800 ) ) ;
#9548 = DIRECTION ( 'NONE',  ( 1.000000000000000000, 1.622879996236195800E-015, -0.0000000000000000000 ) ) ;
#9549 = DIRECTION ( 'NONE',  ( -1.622879996236195800E-015, 1.000000000000000000, 0.0000000000000000000 ) ) ;
#9550 = PLANE ( 'NONE',  #9474 ) ;
#9551 = CARTESIAN_POINT ( 'NONE',  ( 0.9281970088031961100, -0.5718407022048621600, 0.07274527778439934800 ) ) ;
#9552 = DIRECTION ( 'NONE',  ( 0.0000000000000000000, 0.0000000000000000000, 1.000000000000000000 ) ) ;
#9553 = DIRECTION ( 'NONE',  ( 1.000000000000000000, 0.0000000000000000000, -0.0000000000000000000 ) ) ;
#9554 = PLANE ( 'NONE',  #9475 ) ;
#9555 = CARTESIAN_POINT ( 'NONE',  ( 0.8280704265247150800, -0.5718407022048622700, 0.1081883157590828900 ) ) ;
#9556 = DIRECTION ( 'NONE',  ( 0.0000000000000000000, 0.0000000000000000000, -1.000000000000000000 ) ) ;
#9557 = DIRECTION ( 'NONE',  ( -1.000000000000000000, 0.0000000000000000000, -0.0000000000000000000 ) ) ;
#9558 = CARTESIAN_POINT ( 'NONE',  ( 0.7492096670310443000, -0.5718407022048624900, 0.1077729676578170800 ) ) ;
#9559 = CARTESIAN_POINT ( 'NONE',  ( 0.7492096670310443000, -0.5723407022048624400, 0.1077729676578170800 ) ) ;
#9560 = CARTESIAN_POINT ( 'NONE',  ( 0.7492294431956323400, -0.5718407022048624900, 0.1091908851627184500 ) ) ;
#9561 = CARTESIAN_POINT ( 'NONE',  ( 0.7492294431956323400, -0.5723407022048624400, 0.1091908851627184500 ) ) ;
#9562 = CARTESIAN_POINT ( 'NONE',  ( 0.7492679855383966900, -0.5718407022048623800, 0.1119543058574522400 ) ) ;
#9563 = CARTESIAN_POINT ( 'NONE',  ( 0.7492679855383966900, -0.5723407022048623300, 0.1119543058574522400 ) ) ;
#9564 = CARTESIAN_POINT ( 'NONE',  ( 0.7496875196586682000, -0.5718407022048623800, 0.1159824881910449400 ) ) ;
#9565 = CARTESIAN_POINT ( 'NONE',  ( 0.7496875196586682000, -0.5723407022048623300, 0.1159824881910449400 ) ) ;
#9566 = CARTESIAN_POINT ( 'NONE',  ( 0.7503210973105500800, -0.5718407022048623800, 0.1197857363506187300 ) ) ;
#9567 = CARTESIAN_POINT ( 'NONE',  ( 0.7503210973105500800, -0.5723407022048623300, 0.1197857363506187300 ) ) ;
#9568 = CARTESIAN_POINT ( 'NONE',  ( 0.7512377797999024700, -0.5718407022048626100, 0.1233493492876377200 ) ) ;
#9569 = CARTESIAN_POINT ( 'NONE',  ( 0.7512377797999024700, -0.5723407022048625500, 0.1233493492876377200 ) ) ;
#9570 = CARTESIAN_POINT ( 'NONE',  ( 0.7523787356155602300, -0.5718407022048624900, 0.1266576308875440300 ) ) ;
#9571 = CARTESIAN_POINT ( 'NONE',  ( 0.7523787356155602300, -0.5723407022048624400, 0.1266576308875440300 ) ) ;
#9572 = CARTESIAN_POINT ( 'NONE',  ( 0.7537387015914210900, -0.5718407022048622700, 0.1296955838509597500 ) ) ;
#9573 = CARTESIAN_POINT ( 'NONE',  ( 0.7537387015914210900, -0.5723407022048623300, 0.1296955838509597500 ) ) ;
#9574 = CARTESIAN_POINT ( 'NONE',  ( 0.7552986785367366000, -0.5718407022048624900, 0.1324563154800356700 ) ) ;
#9575 = CARTESIAN_POINT ( 'NONE',  ( 0.7552986785367366000, -0.5723407022048624400, 0.1324563154800356700 ) ) ;
#9576 = CARTESIAN_POINT ( 'NONE',  ( 0.7565474572998314200, -0.5718407022048626100, 0.1340955268734196600 ) ) ;
#9577 = CARTESIAN_POINT ( 'NONE',  ( 0.7565474572998314200, -0.5723407022048625500, 0.1340955268734196600 ) ) ;
#9578 = CARTESIAN_POINT ( 'NONE',  ( 0.7571566607019303300, -0.5718407022048624900, 0.1348951986704753100 ) ) ;
#9579 = CARTESIAN_POINT ( 'NONE',  ( 0.7571566607019303300, -0.5723407022048624400, 0.1348951986704753100 ) ) ;
#9580 = CARTESIAN_POINT ( 'NONE',  ( 0.7784778632335759300, -0.5718407022048623800, 0.07097312588566516400 ) ) ;
#9581 = CARTESIAN_POINT ( 'NONE',  ( 0.7784778632335759300, -0.5723407022048623300, 0.07097312588566516400 ) ) ;
#9582 = CARTESIAN_POINT ( 'NONE',  ( 0.7773776398921705700, -0.5718407022048622700, 0.07099960778999857300 ) ) ;
#9583 = CARTESIAN_POINT ( 'NONE',  ( 0.7773776398921705700, -0.5723407022048623300, 0.07099960778999857300 ) ) ;
#9584 = CARTESIAN_POINT ( 'NONE',  ( 0.7752220365477883200, -0.5718407022048623800, 0.07105149223872674100 ) ) ;
#9585 = CARTESIAN_POINT ( 'NONE',  ( 0.7752220365477883200, -0.5723407022048623300, 0.07105149223872674100 ) ) ;
#9586 = CARTESIAN_POINT ( 'NONE',  ( 0.7720764784254506900, -0.5718407022048623800, 0.07154011737660895300 ) ) ;
#9587 = CARTESIAN_POINT ( 'NONE',  ( 0.7720764784254506900, -0.5723407022048623300, 0.07154011737660895300 ) ) ;
#9588 = CARTESIAN_POINT ( 'NONE',  ( 0.7690951864781734300, -0.5718407022048624900, 0.07230422345901606200 ) ) ;
#9589 = CARTESIAN_POINT ( 'NONE',  ( 0.7690951864781734300, -0.5723407022048624400, 0.07230422345901606200 ) ) ;
#9590 = CARTESIAN_POINT ( 'NONE',  ( 0.7662994791009823900, -0.5718407022048624900, 0.07340456210919793500 ) ) ;
#9591 = CARTESIAN_POINT ( 'NONE',  ( 0.7662994791009823900, -0.5723407022048624400, 0.07340456210919793500 ) ) ;
#9592 = CARTESIAN_POINT ( 'NONE',  ( 0.7637038221105593200, -0.5718407022048624900, 0.07480095607121710300 ) ) ;
#9593 = CARTESIAN_POINT ( 'NONE',  ( 0.7637038221105593200, -0.5723407022048624400, 0.07480095607121710300 ) ) ;
#9594 = CARTESIAN_POINT ( 'NONE',  ( 0.7612878979547085300, -0.5718407022048624900, 0.07643791452061789200 ) ) ;
#9595 = CARTESIAN_POINT ( 'NONE',  ( 0.7612878979547085300, -0.5723407022048624400, 0.07643791452061789200 ) ) ;
#9596 = CARTESIAN_POINT ( 'NONE',  ( 0.7590827171348096800, -0.5718407022048622700, 0.07835387023300620400 ) ) ;
#9597 = CARTESIAN_POINT ( 'NONE',  ( 0.7590827171348096800, -0.5723407022048623300, 0.07835387023300620400 ) ) ;
#9598 = CARTESIAN_POINT ( 'NONE',  ( 0.7578005495238636600, -0.5718407022048624900, 0.07981836886669860200 ) ) ;
#9599 = CARTESIAN_POINT ( 'NONE',  ( 0.7578005495238636600, -0.5723407022048624400, 0.07981836886669860200 ) ) ;
#9600 = CARTESIAN_POINT ( 'NONE',  ( 0.7571566607019303300, -0.5718407022048624900, 0.08055382208819682200 ) ) ;
#9601 = CARTESIAN_POINT ( 'NONE',  ( 0.7571566607019303300, -0.5723407022048624400, 0.08055382208819682200 ) ) ;
#9602 = CARTESIAN_POINT ( 'NONE',  ( 0.7571566607019303300, -0.5718407022048624900, 0.08055382208819682200 ) ) ;
#9603 = CARTESIAN_POINT ( 'NONE',  ( 0.7571566607019303300, -0.5723407022048624400, 0.08055382208819682200 ) ) ;
#9604 = CARTESIAN_POINT ( 'NONE',  ( 0.7565319293610699400, -0.5718407022048624900, 0.08137564557229840000 ) ) ;
#9605 = CARTESIAN_POINT ( 'NONE',  ( 0.7565319293610699400, -0.5723407022048624400, 0.08137564557229840000 ) ) ;
#9606 = CARTESIAN_POINT ( 'NONE',  ( 0.7552635197450643400, -0.5718407022048624900, 0.08304421691123355100 ) ) ;
#9607 = CARTESIAN_POINT ( 'NONE',  ( 0.7552635197450643400, -0.5723407022048624400, 0.08304421691123355100 ) ) ;
#9608 = CARTESIAN_POINT ( 'NONE',  ( 0.7537046811994899700, -0.5718407022048622700, 0.08585195847452471700 ) ) ;
#9609 = CARTESIAN_POINT ( 'NONE',  ( 0.7537046811994899700, -0.5723407022048623300, 0.08585195847452471700 ) ) ;
#9610 = CARTESIAN_POINT ( 'NONE',  ( 0.7523191512591604900, -0.5718407022048627200, 0.08889208262812192700 ) ) ;
#9611 = CARTESIAN_POINT ( 'NONE',  ( 0.7523191512591604900, -0.5723407022048626600, 0.08889208262812192700 ) ) ;
#9612 = CARTESIAN_POINT ( 'NONE',  ( 0.7511981751680886200, -0.5718407022048622700, 0.09221192576199860300 ) ) ;
#9613 = CARTESIAN_POINT ( 'NONE',  ( 0.7511981751680886200, -0.5723407022048623300, 0.09221192576199860300 ) ) ;
#9614 = CARTESIAN_POINT ( 'NONE',  ( 0.7502950417413417600, -0.5718407022048624900, 0.09577009926794963200 ) ) ;
#9615 = CARTESIAN_POINT ( 'NONE',  ( 0.7502950417413417600, -0.5723407022048624400, 0.09577009926794963200 ) ) ;
#9616 = CARTESIAN_POINT ( 'NONE',  ( 0.7496717930472919200, -0.5718407022048623800, 0.09956837037682528300 ) ) ;
#9617 = CARTESIAN_POINT ( 'NONE',  ( 0.7496717930472919200, -0.5723407022048623300, 0.09956837037682528300 ) ) ;
#9618 = CARTESIAN_POINT ( 'NONE',  ( 0.7492720680237687800, -0.5718407022048623800, 0.1035924271615557600 ) ) ;
#9619 = CARTESIAN_POINT ( 'NONE',  ( 0.7492720680237687800, -0.5723407022048623300, 0.1035924271615557600 ) ) ;
#9620 = CARTESIAN_POINT ( 'NONE',  ( 0.7492308298768387600, -0.5718407022048624900, 0.1063551675556469700 ) ) ;
#9621 = CARTESIAN_POINT ( 'NONE',  ( 0.7492308298768387600, -0.5723407022048624400, 0.1063551675556469700 ) ) ;
#9622 = CARTESIAN_POINT ( 'NONE',  ( 0.7492096670310443000, -0.5718407022048624900, 0.1077729676578170800 ) ) ;
#9623 = CARTESIAN_POINT ( 'NONE',  ( 0.7492096670310443000, -0.5723407022048624400, 0.1077729676578170800 ) ) ;
#9624 = CARTESIAN_POINT ( 'NONE',  ( 0.7784778632335759300, -0.5718407022048623800, 0.1445174296831335200 ) ) ;
#9625 = CARTESIAN_POINT ( 'NONE',  ( 0.7784778632335759300, -0.5723407022048623300, 0.1445174296831335200 ) ) ;
#9626 = CARTESIAN_POINT ( 'NONE',  ( 0.7795594070688600700, -0.5718407022048624900, 0.1444892289446949000 ) ) ;
#9627 = CARTESIAN_POINT ( 'NONE',  ( 0.7795594070688600700, -0.5723407022048624400, 0.1444892289446949000 ) ) ;
#9628 = CARTESIAN_POINT ( 'NONE',  ( 0.7816817280088478300, -0.5718407022048623800, 0.1444338904408277700 ) ) ;
#9629 = CARTESIAN_POINT ( 'NONE',  ( 0.7816817280088478300, -0.5723407022048623300, 0.1444338904408277700 ) ) ;
#9630 = CARTESIAN_POINT ( 'NONE',  ( 0.7847928635951927400, -0.5718407022048621600, 0.1439664976397660400 ) ) ;
#9631 = CARTESIAN_POINT ( 'NONE',  ( 0.7847928635951927400, -0.5723407022048621100, 0.1439664976397660400 ) ) ;
#9632 = CARTESIAN_POINT ( 'NONE',  ( 0.7877513000168170400, -0.5718407022048623800, 0.1431948396039229300 ) ) ;
#9633 = CARTESIAN_POINT ( 'NONE',  ( 0.7877513000168170400, -0.5723407022048623300, 0.1431948396039229300 ) ) ;
#9634 = CARTESIAN_POINT ( 'NONE',  ( 0.7905503625775444100, -0.5718407022048623800, 0.1421077065473264100 ) ) ;
#9635 = CARTESIAN_POINT ( 'NONE',  ( 0.7905503625775444100, -0.5723407022048623300, 0.1421077065473264100 ) ) ;
#9636 = CARTESIAN_POINT ( 'NONE',  ( 0.7931749243599493000, -0.5718407022048624900, 0.1407340101760279600 ) ) ;
#9637 = CARTESIAN_POINT ( 'NONE',  ( 0.7931749243599493000, -0.5723407022048624400, 0.1407340101760279600 ) ) ;
#9638 = CARTESIAN_POINT ( 'NONE',  ( 0.7956145271757214500, -0.5718407022048624900, 0.1390834911944944200 ) ) ;
#9639 = CARTESIAN_POINT ( 'NONE',  ( 0.7956145271757214500, -0.5723407022048624400, 0.1390834911944944200 ) ) ;
#9640 = CARTESIAN_POINT ( 'NONE',  ( 0.7978358377571477300, -0.5718407022048624900, 0.1371308845643569000 ) ) ;
#9641 = CARTESIAN_POINT ( 'NONE',  ( 0.7978358377571477300, -0.5723407022048624400, 0.1371308845643569000 ) ) ;
#9642 = CARTESIAN_POINT ( 'NONE',  ( 0.7991320502307006600, -0.5718407022048624900, 0.1356442994056139600 ) ) ;
#9643 = CARTESIAN_POINT ( 'NONE',  ( 0.7991320502307006600, -0.5723407022048624400, 0.1356442994056139600 ) ) ;
#9644 = CARTESIAN_POINT ( 'NONE',  ( 0.7997852208285126700, -0.5718407022048623800, 0.1348951986704753100 ) ) ;
#9645 = CARTESIAN_POINT ( 'NONE',  ( 0.7997852208285126700, -0.5723407022048623300, 0.1348951986704753100 ) ) ;
#9646 = CARTESIAN_POINT ( 'NONE',  ( 0.7997852208285126700, -0.5718407022048623800, 0.1348951986704753100 ) ) ;
#9647 = CARTESIAN_POINT ( 'NONE',  ( 0.7997852208285126700, -0.5723407022048623300, 0.1348951986704753100 ) ) ;
#9648 = CARTESIAN_POINT ( 'NONE',  ( 0.8004057248315750200, -0.5718407022048623800, 0.1340828868672359100 ) ) ;
#9649 = CARTESIAN_POINT ( 'NONE',  ( 0.8004057248315750200, -0.5723407022048623300, 0.1340828868672359100 ) ) ;
#9650 = CARTESIAN_POINT ( 'NONE',  ( 0.8016681023480188900, -0.5718407022048626100, 0.1324302880899666200 ) ) ;
#9651 = CARTESIAN_POINT ( 'NONE',  ( 0.8016681023480188900, -0.5723407022048625500, 0.1324302880899666200 ) ) ;
#9652 = CARTESIAN_POINT ( 'NONE',  ( 0.8032100755271681700, -0.5718407022048623800, 0.1296382914284990600 ) ) ;
#9653 = CARTESIAN_POINT ( 'NONE',  ( 0.8032100755271681700, -0.5723407022048623300, 0.1296382914284990600 ) ) ;
#9654 = CARTESIAN_POINT ( 'NONE',  ( 0.8045756495715579200, -0.5718407022048624900, 0.1266129970864901000 ) ) ;
#9655 = CARTESIAN_POINT ( 'NONE',  ( 0.8045756495715579200, -0.5723407022048624400, 0.1266129970864901000 ) ) ;
#9656 = CARTESIAN_POINT ( 'NONE',  ( 0.8057033939081139600, -0.5718407022048622700, 0.1233210686562582300 ) ) ;
#9657 = CARTESIAN_POINT ( 'NONE',  ( 0.8057033939081139600, -0.5723407022048623300, 0.1233210686562582300 ) ) ;
#9658 = CARTESIAN_POINT ( 'NONE',  ( 0.8066083940719754900, -0.5718407022048624900, 0.1197811420731580800 ) ) ;
#9659 = CARTESIAN_POINT ( 'NONE',  ( 0.8066083940719754900, -0.5723407022048624400, 0.1197811420731580800 ) ) ;
#9660 = CARTESIAN_POINT ( 'NONE',  ( 0.8072280815670545000, -0.5718407022048624900, 0.1159913248419031000 ) ) ;
#9661 = CARTESIAN_POINT ( 'NONE',  ( 0.8072280815670545000, -0.5723407022048624400, 0.1159913248419031000 ) ) ;
#9662 = CARTESIAN_POINT ( 'NONE',  ( 0.8076288653127738900, -0.5718407022048624900, 0.1119627792111933700 ) ) ;
#9663 = CARTESIAN_POINT ( 'NONE',  ( 0.8076288653127738900, -0.5723407022048624400, 0.1119627792111933700 ) ) ;
#9664 = CARTESIAN_POINT ( 'NONE',  ( 0.8076696938886186400, -0.5718407022048623800, 0.1091953964683339100 ) ) ;
#9665 = CARTESIAN_POINT ( 'NONE',  ( 0.8076696938886186400, -0.5723407022048623300, 0.1091953964683339100 ) ) ;
#9666 = CARTESIAN_POINT ( 'NONE',  ( 0.8076906796892721100, -0.5718407022048623800, 0.1077729676578170800 ) ) ;
#9667 = CARTESIAN_POINT ( 'NONE',  ( 0.8076906796892721100, -0.5723407022048623300, 0.1077729676578170800 ) ) ;
#9668 = CARTESIAN_POINT ( 'NONE',  ( 0.7571566607019303300, -0.5718407022048624900, 0.1348951986704753100 ) ) ;
#9669 = CARTESIAN_POINT ( 'NONE',  ( 0.7571566607019303300, -0.5723407022048624400, 0.1348951986704753100 ) ) ;
#9670 = CARTESIAN_POINT ( 'NONE',  ( 0.7578179679952350400, -0.5718407022048624900, 0.1356593101928129900 ) ) ;
#9671 = CARTESIAN_POINT ( 'NONE',  ( 0.7578179679952350400, -0.5723407022048624400, 0.1356593101928129900 ) ) ;
#9672 = CARTESIAN_POINT ( 'NONE',  ( 0.7591239842842793000, -0.5718407022048622700, 0.1371683546339119700 ) ) ;
#9673 = CARTESIAN_POINT ( 'NONE',  ( 0.7591239842842793000, -0.5723407022048622200, 0.1371683546339119700 ) ) ;
#9674 = CARTESIAN_POINT ( 'NONE',  ( 0.7613591401398496200, -0.5718407022048628300, 0.1391217093077449200 ) ) ;
#9675 = CARTESIAN_POINT ( 'NONE',  ( 0.7613591401398496200, -0.5723407022048627700, 0.1391217093077449200 ) ) ;
#9676 = CARTESIAN_POINT ( 'NONE',  ( 0.7637586220891368100, -0.5718407022048624900, 0.1407881592422321500 ) ) ;
#9677 = CARTESIAN_POINT ( 'NONE',  ( 0.7637586220891368100, -0.5723407022048624400, 0.1407881592422321500 ) ) ;
#9678 = CARTESIAN_POINT ( 'NONE',  ( 0.7663430741479028100, -0.5718407022048624900, 0.1421534502468861900 ) ) ;
#9679 = CARTESIAN_POINT ( 'NONE',  ( 0.7663430741479028100, -0.5723407022048624400, 0.1421534502468861900 ) ) ;
#9680 = CARTESIAN_POINT ( 'NONE',  ( 0.7691096739234902800, -0.5718407022048624900, 0.1432289768999885400 ) ) ;
#9681 = CARTESIAN_POINT ( 'NONE',  ( 0.7691096739234902800, -0.5723407022048624400, 0.1432289768999885400 ) ) ;
#9682 = CARTESIAN_POINT ( 'NONE',  ( 0.7720738836774081500, -0.5718407022048624900, 0.1439645754423119800 ) ) ;
#9683 = CARTESIAN_POINT ( 'NONE',  ( 0.7720738836774081500, -0.5723407022048624400, 0.1439645754423119800 ) ) ;
#9684 = CARTESIAN_POINT ( 'NONE',  ( 0.7752137696638065100, -0.5718407022048623800, 0.1444365293101352600 ) ) ;
#9685 = CARTESIAN_POINT ( 'NONE',  ( 0.7752137696638065100, -0.5723407022048623300, 0.1444365293101352600 ) ) ;
#9686 = CARTESIAN_POINT ( 'NONE',  ( 0.7773731223542763600, -0.5718407022048622700, 0.1444900487434357400 ) ) ;
#9687 = CARTESIAN_POINT ( 'NONE',  ( 0.7773731223542763600, -0.5723407022048623300, 0.1444900487434357400 ) ) ;
#9688 = CARTESIAN_POINT ( 'NONE',  ( 0.7784778632335759300, -0.5718407022048623800, 0.1445174296831335200 ) ) ;
#9689 = CARTESIAN_POINT ( 'NONE',  ( 0.7784778632335759300, -0.5723407022048623300, 0.1445174296831335200 ) ) ;
#9690 = PLANE ( 'NONE',  #9477 ) ;
#9691 = CARTESIAN_POINT ( 'NONE',  ( 0.9060451100690188900, -0.5718407022048621600, 0.1427452777843993500 ) ) ;
#9692 = DIRECTION ( 'NONE',  ( -1.000000000000000000, -1.622879996236195800E-015, 0.0000000000000000000 ) ) ;
#9693 = DIRECTION ( 'NONE',  ( 1.622879996236195800E-015, -1.000000000000000000, 0.0000000000000000000 ) ) ;
#9694 = PLANE ( 'NONE',  #9476 ) ;
#9695 = CARTESIAN_POINT ( 'NONE',  ( 0.5883591923474997800, -0.5718407022048627200, 0.1427452777843993500 ) ) ;
#9696 = DIRECTION ( 'NONE',  ( -0.9537054296867864000, -1.547749464140531400E-015, -0.3007423372023668200 ) ) ;
#9697 = DIRECTION ( 'NONE',  ( -0.3007423372023668200, 0.0000000000000000000, 0.9537054296867864000 ) ) ;
#9698 = PLANE ( 'NONE',  #9478 ) ;
#9699 = CARTESIAN_POINT ( 'NONE',  ( 0.6027717714614239100, -0.5718407022048626100, 0.07274527778439934800 ) ) ;
#9700 = DIRECTION ( 'NONE',  ( 0.9508237848741865100, 1.543072900417905700E-015, 0.3097323523907807900 ) ) ;
#9701 = DIRECTION ( 'NONE',  ( 0.3097323523907807900, 0.0000000000000000000, -0.9508237848741865100 ) ) ;
#9702 = PLANE ( 'NONE',  #9479 ) ;
#9703 = CARTESIAN_POINT ( 'NONE',  ( 0.6694628315880063500, -0.5718407022048626100, 0.1347705942400955800 ) ) ;
#9704 = DIRECTION ( 'NONE',  ( 0.0000000000000000000, 0.0000000000000000000, 1.000000000000000000 ) ) ;
#9705 = DIRECTION ( 'NONE',  ( 1.000000000000000000, 0.0000000000000000000, -0.0000000000000000000 ) ) ;
#9706 = PLANE ( 'NONE',  #9480 ) ;
#9707 = CARTESIAN_POINT ( 'NONE',  ( 0.6774375151323099900, -0.5718407022048626100, 0.07274527778439934800 ) ) ;
#9708 = DIRECTION ( 'NONE',  ( 0.0000000000000000000, 0.0000000000000000000, 1.000000000000000000 ) ) ;
#9709 = DIRECTION ( 'NONE',  ( 1.000000000000000000, 0.0000000000000000000, -0.0000000000000000000 ) ) ;
#9710 = PLANE ( 'NONE',  #9481 ) ;
#9711 = CARTESIAN_POINT ( 'NONE',  ( 0.6384501733601580800, -0.5718407022048626100, 0.1427452777843993500 ) ) ;
#9712 = DIRECTION ( 'NONE',  ( 0.0000000000000000000, 0.0000000000000000000, -1.000000000000000000 ) ) ;
#9713 = DIRECTION ( 'NONE',  ( -1.000000000000000000, 0.0000000000000000000, -0.0000000000000000000 ) ) ;
#9714 = PLANE ( 'NONE',  #9482 ) ;
#9715 = CARTESIAN_POINT ( 'NONE',  ( 0.08319700880319554100, -0.5723407022048635500, -0.1822547222156006800 ) ) ;
#9716 = DIRECTION ( 'NONE',  ( 0.0000000000000000000, -1.000000000000000000, 0.0000000000000000000 ) ) ;
#9717 = DIRECTION ( 'NONE',  ( 0.0000000000000000000, -0.0000000000000000000, -1.000000000000000000 ) ) ;
#9718 = CARTESIAN_POINT ( 'NONE',  ( 0.7089762809550945700, -0.5718407022048624900, 0.08318436006288036600 ) ) ;
#9719 = CARTESIAN_POINT ( 'NONE',  ( 0.7089762809550945700, -0.5723407022048625500, 0.08318436006288036600 ) ) ;
#9720 = CARTESIAN_POINT ( 'NONE',  ( 0.7092848813419536700, -0.5718407022048624900, 0.08296366753294720500 ) ) ;
#9721 = CARTESIAN_POINT ( 'NONE',  ( 0.7092848813419536700, -0.5723407022048626600, 0.08296366753294720500 ) ) ;
#9722 = CARTESIAN_POINT ( 'NONE',  ( 0.7099061757411059300, -0.5718407022048627200, 0.08251935495713407000 ) ) ;
#9723 = CARTESIAN_POINT ( 'NONE',  ( 0.7099061757411059300, -0.5723407022048627700, 0.08251935495713407000 ) ) ;
#9724 = CARTESIAN_POINT ( 'NONE',  ( 0.7109463622076477300, -0.5718407022048622700, 0.08199963316255588800 ) ) ;
#9725 = CARTESIAN_POINT ( 'NONE',  ( 0.7109463622076477300, -0.5723407022048624400, 0.08199963316255588800 ) ) ;
#9726 = CARTESIAN_POINT ( 'NONE',  ( 0.7120586576079736000, -0.5718407022048624900, 0.08156814890337900400 ) ) ;
#9727 = CARTESIAN_POINT ( 'NONE',  ( 0.7120586576079736000, -0.5723407022048626600, 0.08156814890337900400 ) ) ;
#9728 = CARTESIAN_POINT ( 'NONE',  ( 0.7132597996213124700, -0.5718407022048624900, 0.08123449622955948600 ) ) ;
#9729 = CARTESIAN_POINT ( 'NONE',  ( 0.7132597996213124700, -0.5723407022048626600, 0.08123449622955948600 ) ) ;
#9730 = CARTESIAN_POINT ( 'NONE',  ( 0.7145635620244086300, -0.5718407022048623800, 0.08100489365133935200 ) ) ;
#9731 = CARTESIAN_POINT ( 'NONE',  ( 0.7145635620244086300, -0.5723407022048624400, 0.08100489365133935200 ) ) ;
#9732 = CARTESIAN_POINT ( 'NONE',  ( 0.7159697190410826400, -0.5718407022048623800, 0.08084798162604568700 ) ) ;
#9733 = CARTESIAN_POINT ( 'NONE',  ( 0.7159697190410826400, -0.5723407022048624400, 0.08084798162604568700 ) ) ;
#9734 = CARTESIAN_POINT ( 'NONE',  ( 0.7174842269758448000, -0.5718407022048623800, 0.08072622225071554600 ) ) ;
#9735 = CARTESIAN_POINT ( 'NONE',  ( 0.7174842269758448000, -0.5723407022048624400, 0.08072622225071554600 ) ) ;
#9736 = CARTESIAN_POINT ( 'NONE',  ( 0.7185290160784952900, -0.5718407022048624900, 0.08072209525380677500 ) ) ;
#9737 = CARTESIAN_POINT ( 'NONE',  ( 0.7185290160784952900, -0.5723407022048625500, 0.08072209525380677500 ) ) ;
#9738 = CARTESIAN_POINT ( 'NONE',  ( 0.7190692398158541300, -0.5718407022048624900, 0.08071996132870314100 ) ) ;
#9739 = CARTESIAN_POINT ( 'NONE',  ( 0.7190692398158541300, -0.5723407022048625500, 0.08071996132870314100 ) ) ;
#9740 = PLANE ( 'NONE',  #9455 ) ;
#9741 = CARTESIAN_POINT ( 'NONE',  ( 0.7288299201956011100, -0.5718407022048624900, 0.08071996132870314100 ) ) ;
#9742 = DIRECTION ( 'NONE',  ( 1.000000000000000000, 1.622879996236195800E-015, -0.0000000000000000000 ) ) ;
#9743 = DIRECTION ( 'NONE',  ( -1.622879996236195800E-015, 1.000000000000000000, 0.0000000000000000000 ) ) ;
#9744 = PLANE ( 'NONE',  #9460 ) ;
#9745 = CARTESIAN_POINT ( 'NONE',  ( 0.6196210594361074600, -0.5718407022048626100, 0.1152769233540195900 ) ) ;
#9746 = DIRECTION ( 'NONE',  ( 0.0000000000000000000, 0.0000000000000000000, 1.000000000000000000 ) ) ;
#9747 = DIRECTION ( 'NONE',  ( 1.000000000000000000, 0.0000000000000000000, -0.0000000000000000000 ) ) ;
#9748 = PLANE ( 'NONE',  #9485 ) ;
#9749 = CARTESIAN_POINT ( 'NONE',  ( 0.7190692398158541300, -0.5718407022048624900, 0.08071996132870314100 ) ) ;
#9750 = DIRECTION ( 'NONE',  ( 0.0000000000000000000, 0.0000000000000000000, -1.000000000000000000 ) ) ;
#9751 = DIRECTION ( 'NONE',  ( -1.000000000000000000, 0.0000000000000000000, -0.0000000000000000000 ) ) ;
#9752 = CARTESIAN_POINT ( 'NONE',  ( 0.7049058695626895200, -0.5718407022048624900, 0.09250200246794365600 ) ) ;
#9753 = CARTESIAN_POINT ( 'NONE',  ( 0.7049058695626895200, -0.5723407022048624400, 0.09250200246794365600 ) ) ;
#9754 = CARTESIAN_POINT ( 'NONE',  ( 0.7049145556207639900, -0.5718407022048623800, 0.09201216921091735800 ) ) ;
#9755 = CARTESIAN_POINT ( 'NONE',  ( 0.7049145556207639900, -0.5723407022048624400, 0.09201216921091735800 ) ) ;
#9756 = CARTESIAN_POINT ( 'NONE',  ( 0.7049314991485734500, -0.5718407022048622700, 0.09105667209802127700 ) ) ;
#9757 = CARTESIAN_POINT ( 'NONE',  ( 0.7049314991485734500, -0.5723407022048623300, 0.09105667209802127700 ) ) ;
#9758 = CARTESIAN_POINT ( 'NONE',  ( 0.7051198348583542800, -0.5718407022048626100, 0.08966720159257847400 ) ) ;
#9759 = CARTESIAN_POINT ( 'NONE',  ( 0.7051198348583542800, -0.5723407022048626600, 0.08966720159257847400 ) ) ;
#9760 = CARTESIAN_POINT ( 'NONE',  ( 0.7054045964546266100, -0.5718407022048623800, 0.08835731508444218100 ) ) ;
#9761 = CARTESIAN_POINT ( 'NONE',  ( 0.7054045964546266100, -0.5723407022048624400, 0.08835731508444218100 ) ) ;
#9762 = CARTESIAN_POINT ( 'NONE',  ( 0.7058165461378673700, -0.5718407022048624900, 0.08713081761609083000 ) ) ;
#9763 = CARTESIAN_POINT ( 'NONE',  ( 0.7058165461378673700, -0.5723407022048625500, 0.08713081761609083000 ) ) ;
#9764 = CARTESIAN_POINT ( 'NONE',  ( 0.7063765132868696800, -0.5718407022048623800, 0.08599234495693178200 ) ) ;
#9765 = CARTESIAN_POINT ( 'NONE',  ( 0.7063765132868696800, -0.5723407022048624400, 0.08599234495693178200 ) ) ;
#9766 = CARTESIAN_POINT ( 'NONE',  ( 0.7070880457899776400, -0.5718407022048624900, 0.08494801980179682300 ) ) ;
#9767 = CARTESIAN_POINT ( 'NONE',  ( 0.7070880457899776400, -0.5723407022048625500, 0.08494801980179682300 ) ) ;
#9768 = CARTESIAN_POINT ( 'NONE',  ( 0.7079516723965688700, -0.5718407022048624900, 0.08399195872501390200 ) ) ;
#9769 = CARTESIAN_POINT ( 'NONE',  ( 0.7079516723965688700, -0.5723407022048624400, 0.08399195872501390200 ) ) ;
#9770 = CARTESIAN_POINT ( 'NONE',  ( 0.7086309822816764200, -0.5718407022048624900, 0.08345652521743492100 ) ) ;
#9771 = CARTESIAN_POINT ( 'NONE',  ( 0.7086309822816764200, -0.5723407022048624400, 0.08345652521743492100 ) ) ;
#9772 = CARTESIAN_POINT ( 'NONE',  ( 0.7089762809550945700, -0.5718407022048624900, 0.08318436006288036600 ) ) ;
#9773 = CARTESIAN_POINT ( 'NONE',  ( 0.7089762809550945700, -0.5723407022048624400, 0.08318436006288036600 ) ) ;
#9774 = PLANE ( 'NONE',  #9483 ) ;
#9775 = CARTESIAN_POINT ( 'NONE',  ( 0.6384501733601580800, -0.5718407022048626100, 0.1347705942400955800 ) ) ;
#9776 = DIRECTION ( 'NONE',  ( 1.000000000000000000, 1.622879996236195800E-015, -0.0000000000000000000 ) ) ;
#9777 = DIRECTION ( 'NONE',  ( -1.622879996236195800E-015, 1.000000000000000000, 0.0000000000000000000 ) ) ;
#9778 = PLANE ( 'NONE',  #9484 ) ;
#9779 = CARTESIAN_POINT ( 'NONE',  ( 0.6774375151323099900, -0.5718407022048626100, 0.1427452777843993500 ) ) ;
#9780 = DIRECTION ( 'NONE',  ( -1.000000000000000000, -1.622879996236195800E-015, 0.0000000000000000000 ) ) ;
#9781 = DIRECTION ( 'NONE',  ( 1.622879996236195800E-015, -1.000000000000000000, 0.0000000000000000000 ) ) ;
#9782 = PLANE ( 'NONE',  #9488 ) ;
#9783 = CARTESIAN_POINT ( 'NONE',  ( 0.6694628315880063500, -0.5718407022048626100, 0.07274527778439934800 ) ) ;
#9784 = DIRECTION ( 'NONE',  ( 1.000000000000000000, 1.622879996236195800E-015, -0.0000000000000000000 ) ) ;
#9785 = DIRECTION ( 'NONE',  ( -1.622879996236195800E-015, 1.000000000000000000, 0.0000000000000000000 ) ) ;
#9786 = PLANE ( 'NONE',  #9489 ) ;
#9787 = CARTESIAN_POINT ( 'NONE',  ( 0.6384501733601580800, -0.5718407022048626100, 0.1427452777843993500 ) ) ;
#9788 = DIRECTION ( 'NONE',  ( -1.751753177755495000E-015, 1.000000000000000000, 0.0000000000000000000 ) ) ;
#9789 = DIRECTION ( 'NONE',  ( -1.000000000000000000, -1.751753177755495000E-015, 0.0000000000000000000 ) ) ;
#9790 = PLANE ( 'NONE',  #9490 ) ;
#9791 = CARTESIAN_POINT ( 'NONE',  ( 0.5799691607019301600, -0.5718407022048627200, 0.1427452777843993500 ) ) ;
#9792 = DIRECTION ( 'NONE',  ( 0.0000000000000000000, 0.0000000000000000000, -1.000000000000000000 ) ) ;
#9793 = DIRECTION ( 'NONE',  ( -1.000000000000000000, 0.0000000000000000000, -0.0000000000000000000 ) ) ;
#9794 = PLANE ( 'NONE',  #9491 ) ;
#9795 = CARTESIAN_POINT ( 'NONE',  ( 0.5945063442462339400, -0.5718407022048627200, 0.1232516068983234000 ) ) ;
#9796 = DIRECTION ( 'NONE',  ( 0.0000000000000000000, 0.0000000000000000000, -1.000000000000000000 ) ) ;
#9797 = DIRECTION ( 'NONE',  ( -1.000000000000000000, 0.0000000000000000000, -0.0000000000000000000 ) ) ;
#9798 = PLANE ( 'NONE',  #9492 ) ;
#9799 = CARTESIAN_POINT ( 'NONE',  ( 0.6282879898158542100, -0.5718407022048626100, 0.1427452777843993500 ) ) ;
#9800 = DIRECTION ( 'NONE',  ( 0.0000000000000000000, 0.0000000000000000000, -1.000000000000000000 ) ) ;
#9801 = DIRECTION ( 'NONE',  ( -1.000000000000000000, 0.0000000000000000000, -0.0000000000000000000 ) ) ;
#9802 = PLANE ( 'NONE',  #9493 ) ;
#9803 = CARTESIAN_POINT ( 'NONE',  ( 0.6366780214614238300, -0.5718407022048626100, 0.1427452777843993500 ) ) ;
#9804 = DIRECTION ( 'NONE',  ( -0.9508237848741865100, -1.543072900417905700E-015, 0.3097323523907807900 ) ) ;
#9805 = DIRECTION ( 'NONE',  ( 0.3097323523907807900, 0.0000000000000000000, 0.9508237848741865100 ) ) ;
#9806 = PLANE ( 'NONE',  #9494 ) ;
#9807 = CARTESIAN_POINT ( 'NONE',  ( 0.6138754107019301900, -0.5718407022048626100, 0.07274527778439934800 ) ) ;
#9808 = DIRECTION ( 'NONE',  ( 0.0000000000000000000, 0.0000000000000000000, 1.000000000000000000 ) ) ;
#9809 = DIRECTION ( 'NONE',  ( 1.000000000000000000, 0.0000000000000000000, -0.0000000000000000000 ) ) ;
#9810 = PLANE ( 'NONE',  #9496 ) ;
#9811 = CARTESIAN_POINT ( 'NONE',  ( 0.5799691607019301600, -0.5718407022048627200, 0.1427452777843993500 ) ) ;
#9812 = DIRECTION ( 'NONE',  ( -0.0000000000000000000, 1.000000000000000000, 9.756599977372366700E-016 ) ) ;
#9813 = DIRECTION ( 'NONE',  ( 0.0000000000000000000, -9.756599977372366700E-016, 1.000000000000000000 ) ) ;
#9814 = PLANE ( 'NONE',  #9498 ) ;
#9815 = CARTESIAN_POINT ( 'NONE',  ( 0.08319700880319554100, -0.5723407022048635500, -0.1822547222156006800 ) ) ;
#9816 = DIRECTION ( 'NONE',  ( 0.0000000000000000000, -1.000000000000000000, 0.0000000000000000000 ) ) ;
#9817 = DIRECTION ( 'NONE',  ( 0.0000000000000000000, -0.0000000000000000000, -1.000000000000000000 ) ) ;
#9818 = CARTESIAN_POINT ( 'NONE',  ( 0.7331970088031967100, -0.07234070220486343800, -0.08725472221560066900 ) ) ;
#9819 = DIRECTION ( 'NONE',  ( -0.0000000000000000000, -0.0000000000000000000, 1.000000000000000000 ) ) ;
#9820 = DIRECTION ( 'NONE',  ( 1.000000000000000000, 0.0000000000000000000, 0.0000000000000000000 ) ) ;
#9821 = CARTESIAN_POINT ( 'NONE',  ( 0.03319700880319696000, -0.07234070220486343800, -0.1822547222156006800 ) ) ;
#9822 = DIRECTION ( 'NONE',  ( 0.0000000000000000000, 0.0000000000000000000, 1.000000000000000000 ) ) ;
#9823 = DIRECTION ( 'NONE',  ( 1.000000000000000000, 0.0000000000000000000, 0.0000000000000000000 ) ) ;
#9824 = CARTESIAN_POINT ( 'NONE',  ( 0.03319700880319696000, -0.07234070220486343800, -0.1822547222156006800 ) ) ;
#9825 = DIRECTION ( 'NONE',  ( 0.0000000000000000000, 0.0000000000000000000, 1.000000000000000000 ) ) ;
#9826 = DIRECTION ( 'NONE',  ( 1.000000000000000000, 0.0000000000000000000, 0.0000000000000000000 ) ) ;
#9827 = PLANE ( 'NONE',  #9499 ) ;
#9828 = CARTESIAN_POINT ( 'NONE',  ( 0.08319700880319554100, 0.06015929779513658200, -0.1822547222156006800 ) ) ;
#9829 = DIRECTION ( 'NONE',  ( 0.0000000000000000000, -1.000000000000000000, 0.0000000000000000000 ) ) ;
#9830 = DIRECTION ( 'NONE',  ( 0.0000000000000000000, -0.0000000000000000000, -1.000000000000000000 ) ) ;
#9831 = PLANE ( 'NONE',  #9501 ) ;
#9832 = CARTESIAN_POINT ( 'NONE',  ( 0.08319700880319531900, -0.2048407022048634700, -0.1822547222156006800 ) ) ;
#9833 = DIRECTION ( 'NONE',  ( -1.241749088029210900E-016, 1.000000000000000000, 0.0000000000000000000 ) ) ;
#9834 = DIRECTION ( 'NONE',  ( -1.000000000000000000, -1.241749088029210900E-016, 0.0000000000000000000 ) ) ;
#9835 = CARTESIAN_POINT ( 'NONE',  ( 0.7331970088031967100, -0.07234070220486343800, -0.08725472221560066900 ) ) ;
#9836 = DIRECTION ( 'NONE',  ( -0.0000000000000000000, -0.0000000000000000000, 1.000000000000000000 ) ) ;
#9837 = DIRECTION ( 'NONE',  ( 1.000000000000000000, 0.0000000000000000000, 0.0000000000000000000 ) ) ;
#9838 = CARTESIAN_POINT ( 'NONE',  ( 0.7331970088031967100, -0.07234070220486343800, -0.1822547222156006800 ) ) ;
#9839 = DIRECTION ( 'NONE',  ( -0.0000000000000000000, -0.0000000000000000000, 1.000000000000000000 ) ) ;
#9840 = DIRECTION ( 'NONE',  ( 1.000000000000000000, 0.0000000000000000000, 0.0000000000000000000 ) ) ;
#9841 = PLANE ( 'NONE',  #9503 ) ;
#9842 = CARTESIAN_POINT ( 'NONE',  ( -1.066802991196802000, -2.028664735741966500, -0.1822547222156006800 ) ) ;
#9843 = DIRECTION ( 'NONE',  ( -1.000000000000000000, -3.716799991379954300E-016, 0.0000000000000000000 ) ) ;
#9844 = DIRECTION ( 'NONE',  ( 3.716799991379954300E-016, -1.000000000000000000, 0.0000000000000000000 ) ) ;
#9845 = PLANE ( 'NONE',  #9505 ) ;
#9846 = CARTESIAN_POINT ( 'NONE',  ( 0.08319700880319522200, 0.4276592977951366700, -0.1822547222156006800 ) ) ;
#9847 = DIRECTION ( 'NONE',  ( -1.352399996863497700E-016, 1.000000000000000000, 0.0000000000000000000 ) ) ;
#9848 = DIRECTION ( 'NONE',  ( -1.000000000000000000, -1.352399996863497700E-016, 0.0000000000000000000 ) ) ;
#9849 = PLANE ( 'NONE',  #9506 ) ;
#9850 = CARTESIAN_POINT ( 'NONE',  ( 1.746359025571750000, -0.3655027189734244600, -0.1822547222156006800 ) ) ;
#9851 = DIRECTION ( 'NONE',  ( 0.7071067811865503500, 0.7071067811865448000, -0.0000000000000000000 ) ) ;
#9852 = DIRECTION ( 'NONE',  ( -0.7071067811865446900, 0.7071067811865502400, 0.0000000000000000000 ) ) ;
#9853 = PLANE ( 'NONE',  #9507 ) ;
#9854 = CARTESIAN_POINT ( 'NONE',  ( 1.233197008803193600, -2.028664735741965600, -0.1822547222156006800 ) ) ;
#9855 = DIRECTION ( 'NONE',  ( 1.000000000000000000, -0.0000000000000000000, 0.0000000000000000000 ) ) ;
#9856 = DIRECTION ( 'NONE',  ( 0.0000000000000000000, 0.0000000000000000000, -1.000000000000000000 ) ) ;
#9857 = PLANE ( 'NONE',  #9508 ) ;
#9858 = CARTESIAN_POINT ( 'NONE',  ( -0.2099650079653498900, -1.735502718973423800, -0.1822547222156006800 ) ) ;
#9859 = DIRECTION ( 'NONE',  ( -0.7071067811865517900, 0.7071067811865433500, 0.0000000000000000000 ) ) ;
#9860 = DIRECTION ( 'NONE',  ( -0.7071067811865432400, -0.7071067811865516800, 0.0000000000000000000 ) ) ;
#9861 = PLANE ( 'NONE',  #9509 ) ;
#9862 = CARTESIAN_POINT ( 'NONE',  ( -1.066802991196803600, -2.028664735741965200, -0.1822547222156006800 ) ) ;
#9863 = DIRECTION ( 'NONE',  ( 1.000000000000000000, -3.716799991379952800E-016, 0.0000000000000000000 ) ) ;
#9864 = DIRECTION ( 'NONE',  ( 3.716799991379952800E-016, 1.000000000000000000, 0.0000000000000000000 ) ) ;
#9865 = PLANE ( 'NONE',  #9511 ) ;
#9866 = CARTESIAN_POINT ( 'NONE',  ( 0.08319700880319554100, -2.028664735741965600, -0.1822547222156006800 ) ) ;
#9867 = DIRECTION ( 'NONE',  ( -0.0000000000000000000, 0.0000000000000000000, 1.000000000000000000 ) ) ;
#9868 = DIRECTION ( 'NONE',  ( 1.000000000000000000, 0.0000000000000000000, 0.0000000000000000000 ) ) ;
#9869 = PLANE ( 'NONE',  #9504 ) ;
#9870 = CARTESIAN_POINT ( 'NONE',  ( 0.08319700880319554100, -2.028664735741965600, 0.1927452777843993400 ) ) ;
#9871 = DIRECTION ( 'NONE',  ( -0.0000000000000000000, 0.0000000000000000000, 1.000000000000000000 ) ) ;
#9872 = DIRECTION ( 'NONE',  ( 1.000000000000000000, 0.0000000000000000000, 0.0000000000000000000 ) ) ;
#9873 = PLANE ( 'NONE',  #9513 ) ;
#9874 = CARTESIAN_POINT ( 'NONE',  ( 0.08319700880319554100, -2.028664735741965600, -0.08725472221560066900 ) ) ;
#9875 = DIRECTION ( 'NONE',  ( -0.0000000000000000000, 0.0000000000000000000, 1.000000000000000000 ) ) ;
#9876 = DIRECTION ( 'NONE',  ( 1.000000000000000000, 0.0000000000000000000, 0.0000000000000000000 ) ) ;
#9877 = PLANE ( 'NONE',  #9514 ) ;
#9878 = CARTESIAN_POINT ( 'NONE',  ( 0.7331970088031967100, -0.07234070220486343800, 0.1777452777843993300 ) ) ;
#9879 = DIRECTION ( 'NONE',  ( 0.0000000000000000000, 0.0000000000000000000, 1.000000000000000000 ) ) ;
#9880 = DIRECTION ( 'NONE',  ( 1.000000000000000000, 0.0000000000000000000, -0.0000000000000000000 ) ) ;
#9881 = PLANE ( 'NONE',  #9512 ) ;
#9882 = CARTESIAN_POINT ( 'NONE',  ( -1.066802991196802700, 0.2091592977951365600, 0.1777452777843993300 ) ) ;
#9883 = DIRECTION ( 'NONE',  ( -0.0000000000000000000, 1.000000000000000000, 0.0000000000000000000 ) ) ;
#9884 = DIRECTION ( 'NONE',  ( 0.0000000000000000000, -0.0000000000000000000, 1.000000000000000000 ) ) ;
#9885 = CARTESIAN_POINT ( 'NONE',  ( 0.7331970088031967100, -0.07234070220486343800, 0.1777452777843993300 ) ) ;
#9886 = DIRECTION ( 'NONE',  ( -0.0000000000000000000, -0.0000000000000000000, 1.000000000000000000 ) ) ;
#9887 = DIRECTION ( 'NONE',  ( 1.000000000000000000, 0.0000000000000000000, 0.0000000000000000000 ) ) ;
#9888 = PLANE ( 'NONE',  #9510 ) ;
#9889 = CARTESIAN_POINT ( 'NONE',  ( -1.066802991196802700, -0.3538407022048634100, 0.1777452777843993300 ) ) ;
#9890 = DIRECTION ( 'NONE',  ( 0.0000000000000000000, -1.000000000000000000, 0.0000000000000000000 ) ) ;
#9891 = DIRECTION ( 'NONE',  ( 0.0000000000000000000, -0.0000000000000000000, -1.000000000000000000 ) ) ;
#9892 = PLANE ( 'NONE',  #9516 ) ;
#9893 = CARTESIAN_POINT ( 'NONE',  ( 0.8759185277905379200, -0.5718407022048622700, 0.07274527778439934800 ) ) ;
#9894 = DIRECTION ( 'NONE',  ( 1.000000000000000000, 1.622879996236195800E-015, -0.0000000000000000000 ) ) ;
#9895 = DIRECTION ( 'NONE',  ( -1.622879996236195800E-015, 1.000000000000000000, 0.0000000000000000000 ) ) ;
#9896 = PLANE ( 'NONE',  #9517 ) ;
#9897 = CARTESIAN_POINT ( 'NONE',  ( 0.8759185277905379200, -0.5718407022048622700, 0.08071996132870314100 ) ) ;
#9898 = DIRECTION ( 'NONE',  ( 0.0000000000000000000, 0.0000000000000000000, -1.000000000000000000 ) ) ;
#9899 = DIRECTION ( 'NONE',  ( -1.000000000000000000, 0.0000000000000000000, -0.0000000000000000000 ) ) ;
#9900 = PLANE ( 'NONE',  #9518 ) ;
#9901 = CARTESIAN_POINT ( 'NONE',  ( 0.8980704265247149200, -0.5718407022048621600, 0.08071996132870314100 ) ) ;
#9902 = DIRECTION ( 'NONE',  ( 1.000000000000000000, 1.622879996236195800E-015, -0.0000000000000000000 ) ) ;
#9903 = DIRECTION ( 'NONE',  ( -1.622879996236195800E-015, 1.000000000000000000, 0.0000000000000000000 ) ) ;
#9904 = PLANE ( 'NONE',  #9519 ) ;
#9905 = CARTESIAN_POINT ( 'NONE',  ( 0.8980704265247149200, -0.5718407022048621600, 0.1427452777843993500 ) ) ;
#9906 = DIRECTION ( 'NONE',  ( 0.0000000000000000000, 0.0000000000000000000, -1.000000000000000000 ) ) ;
#9907 = DIRECTION ( 'NONE',  ( -1.000000000000000000, 0.0000000000000000000, -0.0000000000000000000 ) ) ;
#9908 = CARTESIAN_POINT ( 'NONE',  ( 0.7571566607019303300, -0.5723407022048624400, 0.08055382208819682200 ) ) ;
#9909 = CARTESIAN_POINT ( 'NONE',  ( 0.7565319293610699400, -0.5723407022048624400, 0.08137564557229840000 ) ) ;
#9910 = CARTESIAN_POINT ( 'NONE',  ( 0.7552635197450643400, -0.5723407022048624400, 0.08304421691123355100 ) ) ;
#9911 = CARTESIAN_POINT ( 'NONE',  ( 0.7537046811994899700, -0.5723407022048623300, 0.08585195847452471700 ) ) ;
#9912 = CARTESIAN_POINT ( 'NONE',  ( 0.7523191512591604900, -0.5723407022048626600, 0.08889208262812192700 ) ) ;
#9913 = CARTESIAN_POINT ( 'NONE',  ( 0.7511981751680886200, -0.5723407022048623300, 0.09221192576199860300 ) ) ;
#9914 = CARTESIAN_POINT ( 'NONE',  ( 0.7502950417413417600, -0.5723407022048624400, 0.09577009926794963200 ) ) ;
#9915 = CARTESIAN_POINT ( 'NONE',  ( 0.7496717930472919200, -0.5723407022048623300, 0.09956837037682528300 ) ) ;
#9916 = CARTESIAN_POINT ( 'NONE',  ( 0.7492720680237687800, -0.5723407022048623300, 0.1035924271615557600 ) ) ;
#9917 = CARTESIAN_POINT ( 'NONE',  ( 0.7492308298768387600, -0.5723407022048624400, 0.1063551675556469700 ) ) ;
#9918 = CARTESIAN_POINT ( 'NONE',  ( 0.7492096670310443000, -0.5723407022048624400, 0.1077729676578170800 ) ) ;
#9919 = CARTESIAN_POINT ( 'NONE',  ( 0.6592096670310442200, -0.5718407022048626100, -0.05845527601306905300 ) ) ;
#9920 = CARTESIAN_POINT ( 'NONE',  ( 0.7721843505753477300, -0.5718407022048623800, 0.02274527778439932100 ) ) ;
#9921 = CARTESIAN_POINT ( 'NONE',  ( 0.7721843505753477300, -0.5718407022048623800, 0.01413768284769046300 ) ) ;
#9922 = CARTESIAN_POINT ( 'NONE',  ( 0.7312982746259806300, -0.5718407022048624900, 0.02274527778439932100 ) ) ;
#9923 = CARTESIAN_POINT ( 'NONE',  ( 0.8216780214614241000, -0.5723407022048635500, -0.05342857506370194500 ) ) ;
#9924 = CARTESIAN_POINT ( 'NONE',  ( 0.7312982746259806300, -0.5718407022048624900, 0.01413768284769046300 ) ) ;
#9925 = CARTESIAN_POINT ( 'NONE',  ( 0.8080101021576265900, -0.5723407022048623300, -0.01060915259534751600 ) ) ;
#9926 = CARTESIAN_POINT ( 'NONE',  ( 0.8353963758918039300, -0.5723407022048623300, -0.01060915259534751600 ) ) ;
#9927 = CARTESIAN_POINT ( 'NONE',  ( 0.8216780214614241000, -0.5718407022048622700, -0.05342857506370194500 ) ) ;
#9928 = CARTESIAN_POINT ( 'NONE',  ( 0.8080101021576265900, -0.5718407022048623800, -0.01060915259534751600 ) ) ;
#9929 = CARTESIAN_POINT ( 'NONE',  ( 0.8353963758918039300, -0.5718407022048622700, -0.01060915259534751600 ) ) ;
#9930 = CARTESIAN_POINT ( 'NONE',  ( 0.8284195167145885800, -0.5718407022048622700, -0.06225472221560066100 ) ) ;
#9931 = CARTESIAN_POINT ( 'NONE',  ( 0.8561084012082594800, -0.5718407022048622700, 0.02274527778439932100 ) ) ;
#9932 = CARTESIAN_POINT ( 'NONE',  ( 0.8459205056386393000, -0.5718407022048622700, 0.02274527778439932100 ) ) ;
#9933 = CARTESIAN_POINT ( 'NONE',  ( 0.8384561069044620400, -0.5718407022048622700, -0.0009256082915500295300 ) ) ;
#9934 = CARTESIAN_POINT ( 'NONE',  ( 0.8048999360183860500, -0.5718407022048623800, -0.0009256082915500295300 ) ) ;
#9935 = CARTESIAN_POINT ( 'NONE',  ( 0.7974355372842088000, -0.5718407022048623800, 0.02274527778439932100 ) ) ;
#9936 = CARTESIAN_POINT ( 'NONE',  ( 0.7872476417145886100, -0.5718407022048623800, 0.02274527778439932100 ) ) ;
#9937 = CARTESIAN_POINT ( 'NONE',  ( 0.8149365262082594000, -0.5718407022048622700, -0.06225472221560066100 ) ) ;
#9938 = CARTESIAN_POINT ( 'NONE',  ( 0.8786024676639554400, -0.5723407022048623300, -0.01588802917762600900 ) ) ;
#9939 = CARTESIAN_POINT ( 'NONE',  ( 0.8930101021576264400, -0.5723407022048622200, -0.01814079816496777900 ) ) ;
#9940 = CARTESIAN_POINT ( 'NONE',  ( 0.9088299201956011600, -0.5723407022048621100, -0.01814079816496777900 ) ) ;
#9941 = CARTESIAN_POINT ( 'NONE',  ( 0.9088299201956011600, -0.5723407022048621100, 0.01306173348060183300 ) ) ;
#9942 = CARTESIAN_POINT ( 'NONE',  ( 0.8954982350690187100, -0.5723407022048622200, 0.01306173348060183300 ) ) ;
#9943 = CARTESIAN_POINT ( 'NONE',  ( 0.8722476417145883500, -0.5723407022048623300, -0.002758084557372813300 ) ) ;
#9944 = CARTESIAN_POINT ( 'NONE',  ( 0.8777450705120567500, -0.5723407022048622200, 0.009514462910981610900 ) ) ;
#9945 = CARTESIAN_POINT ( 'NONE',  ( 0.8825700309550949000, -0.5723407022048624400, -0.05026797379787918000 ) ) ;
#9946 = CARTESIAN_POINT ( 'NONE',  ( 0.8968263600690188400, -0.5723407022048621100, -0.05257117791180320600 ) ) ;
#9947 = CARTESIAN_POINT ( 'NONE',  ( 0.9088299201956011600, -0.5723407022048621100, -0.05257117791180320600 ) ) ;
#9948 = CARTESIAN_POINT ( 'NONE',  ( 0.9088299201956011600, -0.5723407022048621100, -0.02782434246876523000 ) ) ;
#9949 = CARTESIAN_POINT ( 'NONE',  ( 0.8958008458285124900, -0.5723407022048622200, -0.02782434246876523000 ) ) ;
#9950 = CARTESIAN_POINT ( 'NONE',  ( 0.7595251338031958600, -0.5718407022048624900, -0.05275610670927157600 ) ) ;
#9951 = CARTESIAN_POINT ( 'NONE',  ( 0.7721843505753477300, -0.5718407022048623800, -0.04288763360800575800 ) ) ;
#9952 = CARTESIAN_POINT ( 'NONE',  ( 0.7560451100690185300, -0.5718407022048624900, -0.04288763360800575800 ) ) ;
#9953 = CARTESIAN_POINT ( 'NONE',  ( 0.7721843505753477300, -0.5718407022048623800, -0.05041927917762598800 ) ) ;
#9954 = CARTESIAN_POINT ( 'NONE',  ( 0.7463615657652211700, -0.5718407022048624900, -0.06225472221560066100 ) ) ;
#9955 = CARTESIAN_POINT ( 'NONE',  ( 0.7541790103854741900, -0.5718407022048624900, -0.06225472221560066100 ) ) ;
#9956 = CARTESIAN_POINT ( 'NONE',  ( 0.7560451100690185300, -0.5718407022048624900, 0.01413768284769046300 ) ) ;
#9957 = CARTESIAN_POINT ( 'NONE',  ( 0.7140830847525631000, -0.5718407022048624900, 0.004454138543892976500 ) ) ;
#9958 = CARTESIAN_POINT ( 'NONE',  ( 0.6637824518411708000, -0.5718407022048626100, 0.01702929677174107700 ) ) ;
#9959 = CARTESIAN_POINT ( 'NONE',  ( 0.6861924597525631600, -0.5718407022048624900, 0.02489717651857654300 ) ) ;
#9960 = CARTESIAN_POINT ( 'NONE',  ( 0.7140830847525631000, -0.5718407022048624900, 0.01827336322743730600 ) ) ;
#9961 = CARTESIAN_POINT ( 'NONE',  ( 0.6559818189297784700, -0.5718407022048626100, -0.001261842468765232400 ) ) ;
#9962 = CARTESIAN_POINT ( 'NONE',  ( 0.6729280214614239400, -0.5718407022048626100, -0.02336923962066401700 ) ) ;
#9963 = CARTESIAN_POINT ( 'NONE',  ( 0.7463615657652211700, -0.5718407022048624900, 0.01413768284769046300 ) ) ;
#9964 = CARTESIAN_POINT ( 'NONE',  ( 0.6862933300057280100, -0.5723407022048625500, 0.01521363221477902200 ) ) ;
#9965 = CARTESIAN_POINT ( 'NONE',  ( 0.9281970088031961100, -0.5718407022048621600, 0.07274527778439934800 ) ) ;
#9966 = CARTESIAN_POINT ( 'NONE',  ( 0.9060451100690188900, -0.5718407022048621600, 0.08071996132870314100 ) ) ;
#9967 = CARTESIAN_POINT ( 'NONE',  ( 0.9281970088031961100, -0.5718407022048621600, 0.08071996132870314100 ) ) ;
#9968 = CARTESIAN_POINT ( 'NONE',  ( 0.8980704265247149200, -0.5718407022048621600, 0.1427452777843993500 ) ) ;
#9969 = CARTESIAN_POINT ( 'NONE',  ( 0.9060451100690188900, -0.5718407022048621600, 0.1427452777843993500 ) ) ;
#9970 = CARTESIAN_POINT ( 'NONE',  ( 0.8759185277905379200, -0.5718407022048622700, 0.08071996132870314100 ) ) ;
#9971 = CARTESIAN_POINT ( 'NONE',  ( 0.8980704265247149200, -0.5718407022048621600, 0.08071996132870314100 ) ) ;
#9972 = CARTESIAN_POINT ( 'NONE',  ( 0.7331970088031967100, -0.3538407022048634100, 0.1777452777843993300 ) ) ;
#9973 = CARTESIAN_POINT ( 'NONE',  ( 0.8759185277905379200, -0.5718407022048622700, 0.07274527778439934800 ) ) ;
#9974 = CARTESIAN_POINT ( 'NONE',  ( 0.7784778632335759300, -0.5718407022048623800, 0.07097312588566516400 ) ) ;
#9975 = CARTESIAN_POINT ( 'NONE',  ( 0.8599691607019303000, -0.5718407022048622700, 0.1427452777843993500 ) ) ;
#9976 = CARTESIAN_POINT ( 'NONE',  ( 0.8280704265247150800, -0.5718407022048622700, 0.1081883157590828900 ) ) ;
#9977 = CARTESIAN_POINT ( 'NONE',  ( 0.8679438442462339400, -0.5718407022048622700, 0.07274527778439934800 ) ) ;
#9978 = CARTESIAN_POINT ( 'NONE',  ( 0.8679438442462339400, -0.5718407022048622700, 0.1427452777843993500 ) ) ;
#9979 = CARTESIAN_POINT ( 'NONE',  ( 0.8280704265247150800, -0.5718407022048622700, 0.1427452777843993500 ) ) ;
#9980 = CARTESIAN_POINT ( 'NONE',  ( 0.8599691607019303000, -0.5718407022048622700, 0.1081883157590828900 ) ) ;
#9981 = CARTESIAN_POINT ( 'NONE',  ( 0.7571566607019303300, -0.5718407022048624900, 0.1348951986704753100 ) ) ;
#9982 = CARTESIAN_POINT ( 'NONE',  ( 0.7784778632335759300, -0.5718407022048623800, 0.1445174296831335200 ) ) ;
#9983 = CARTESIAN_POINT ( 'NONE',  ( 0.7997852208285126700, -0.5718407022048623800, 0.1348951986704753100 ) ) ;
#9984 = CARTESIAN_POINT ( 'NONE',  ( -1.066802991196802900, 0.4276592977951365600, -0.1822547222156006800 ) ) ;
#9985 = CARTESIAN_POINT ( 'NONE',  ( 0.5799691607019301600, -0.5718407022048627200, 0.1427452777843993500 ) ) ;
#9986 = CARTESIAN_POINT ( 'NONE',  ( -1.066802991196802700, 0.2091592977951365600, 0.1777452777843993300 ) ) ;
#9987 = CARTESIAN_POINT ( 'NONE',  ( 0.6221408379171200500, -0.5718407022048626100, 0.1232516068983234000 ) ) ;
#9988 = CARTESIAN_POINT ( 'NONE',  ( 0.5945063442462339400, -0.5718407022048627200, 0.1232516068983234000 ) ) ;
#9989 = CARTESIAN_POINT ( 'NONE',  ( 0.7580704265247150100, -0.5718407022048624900, 0.1077729676578170800 ) ) ;
#9990 = CARTESIAN_POINT ( 'NONE',  ( 0.7085886227272465400, -0.5718407022048624900, 0.1036194866451588500 ) ) ;
#9991 = CARTESIAN_POINT ( 'NONE',  ( 0.5883591923474997800, -0.5718407022048627200, 0.1427452777843993500 ) ) ;
#9992 = CARTESIAN_POINT ( 'NONE',  ( 0.7204537334867404700, -0.5718407022048624900, 0.1073022398097158200 ) ) ;
#9993 = CARTESIAN_POINT ( 'NONE',  ( 0.7288299201956011100, -0.5718407022048624900, 0.1073022398097158200 ) ) ;
#9994 = CARTESIAN_POINT ( 'NONE',  ( 0.7288299201956011100, -0.5718407022048624900, 0.08071996132870314100 ) ) ;
#9995 = CARTESIAN_POINT ( 'NONE',  ( 0.7190692398158541300, -0.5718407022048624900, 0.08071996132870314100 ) ) ;
#9996 = CARTESIAN_POINT ( 'NONE',  ( 0.7089762809550945700, -0.5718407022048624900, 0.08318436006288036600 ) ) ;
#9997 = CARTESIAN_POINT ( 'NONE',  ( 0.7204537334867404700, -0.5723407022048624400, 0.1073022398097158200 ) ) ;
#9998 = CARTESIAN_POINT ( 'NONE',  ( 0.7288299201956011100, -0.5723407022048624400, 0.1073022398097158200 ) ) ;
#9999 = CARTESIAN_POINT ( 'NONE',  ( 0.7288299201956011100, -0.5723407022048624400, 0.08071996132870314100 ) ) ;
#10000 = CARTESIAN_POINT ( 'NONE',  ( 0.7049058695626895200, -0.5718407022048624900, 0.09250200246794365600 ) ) ;
#10001 = CARTESIAN_POINT ( 'NONE',  ( 0.7085886227272465400, -0.5723407022048624400, 0.1036194866451588500 ) ) ;
#10002 = CARTESIAN_POINT ( 'NONE',  ( 0.7049058695626895200, -0.5723407022048624400, 0.09250200246794365600 ) ) ;
#10003 = CARTESIAN_POINT ( 'NONE',  ( 0.7190692398158541300, -0.5723407022048624400, 0.08071996132870314100 ) ) ;
#10004 = CARTESIAN_POINT ( 'NONE',  ( 0.7089762809550945700, -0.5723407022048624400, 0.08318436006288036600 ) ) ;
#10005 = CARTESIAN_POINT ( 'NONE',  ( 0.6384501733601580800, -0.5718407022048626100, 0.1347705942400955800 ) ) ;
#10006 = CARTESIAN_POINT ( 'NONE',  ( 0.6694628315880063500, -0.5718407022048626100, 0.07274527778439934800 ) ) ;
#10007 = CARTESIAN_POINT ( 'NONE',  ( 0.6384501733601580800, -0.5718407022048626100, 0.1427452777843993500 ) ) ;
#10008 = CARTESIAN_POINT ( 'NONE',  ( 0.6774375151323099900, -0.5718407022048626100, 0.07274527778439934800 ) ) ;
#10009 = CARTESIAN_POINT ( 'NONE',  ( 0.6774375151323099900, -0.5718407022048626100, 0.1427452777843993500 ) ) ;
#10010 = CARTESIAN_POINT ( 'NONE',  ( 0.7157879898158542300, -0.5718407022048624900, 0.1152769233540195900 ) ) ;
#10011 = CARTESIAN_POINT ( 'NONE',  ( 0.7368046037399047500, -0.5718407022048624900, 0.1427452777843993500 ) ) ;
#10012 = CARTESIAN_POINT ( 'NONE',  ( 0.7288299201956011100, -0.5718407022048624900, 0.1427452777843993500 ) ) ;
#10013 = CARTESIAN_POINT ( 'NONE',  ( 0.7288299201956011100, -0.5718407022048624900, 0.1152769233540195900 ) ) ;
#10014 = CARTESIAN_POINT ( 'NONE',  ( 0.7580704265247150100, -0.5723407022048624400, 0.1077729676578170800 ) ) ;
#10015 = CARTESIAN_POINT ( 'NONE',  ( 0.7368046037399047500, -0.5718407022048624900, 0.07274527778439934800 ) ) ;
#10016 = CARTESIAN_POINT ( 'NONE',  ( 0.7032306322209177500, -0.5718407022048626100, 0.07653879044262718000 ) ) ;
#10017 = CARTESIAN_POINT ( 'NONE',  ( 0.7193876733601579600, -0.5718407022048624900, 0.07274527778439934800 ) ) ;
#10018 = CARTESIAN_POINT ( 'NONE',  ( 0.6960451100690189200, -0.5718407022048624900, 0.09194820499958922300 ) ) ;
#10019 = CARTESIAN_POINT ( 'NONE',  ( 0.6949236701956009700, -0.5718407022048624900, 0.1427452777843993500 ) ) ;
#10020 = CARTESIAN_POINT ( 'NONE',  ( 0.6854121986766136300, -0.5718407022048626100, 0.1427452777843993500 ) ) ;
#10021 = CARTESIAN_POINT ( 'NONE',  ( 0.7988299201956011700, -0.5723407022048623300, 0.1077729676578170800 ) ) ;
#10022 = CARTESIAN_POINT ( 'NONE',  ( 0.6027717714614239100, -0.5718407022048626100, 0.07274527778439934800 ) ) ;
#10023 = CARTESIAN_POINT ( 'NONE',  ( 0.7089209012082594600, -0.5718407022048624900, 0.1124802461388297500 ) ) ;
#10024 = CARTESIAN_POINT ( 'NONE',  ( 0.7784224834867404800, -0.5723407022048624400, 0.07894780942996897100 ) ) ;
#10025 = CARTESIAN_POINT ( 'NONE',  ( 0.6592096670310442200, -0.5718407022048626100, -0.04503953234218294900 ) ) ;
#10026 = CARTESIAN_POINT ( 'NONE',  ( 0.7331970088031967100, -0.07234070220486343800, 0.1777452777843993300 ) ) ;
#10027 = DIRECTION ( 'NONE',  ( 0.0000000000000000000, 0.0000000000000000000, 1.000000000000000000 ) ) ;
#10028 = DIRECTION ( 'NONE',  ( 1.000000000000000000, 0.0000000000000000000, 0.0000000000000000000 ) ) ;
#10029 = CARTESIAN_POINT ( 'NONE',  ( 0.7312982746259806300, -0.5723407022048624400, 0.02274527778439932100 ) ) ;
#10030 = DIRECTION ( 'NONE',  ( 1.000000000000000000, 1.670402410986660900E-015, 0.0000000000000000000 ) ) ;
#10031 =( LENGTH_UNIT ( ) NAMED_UNIT ( * ) SI_UNIT ( $, .METRE. ) );
#10032 =( CONVERSION_BASED_UNIT ( 'INCH', #9521 ) LENGTH_UNIT ( ) NAMED_UNIT ( #4733 ) );
#10033 =( NAMED_UNIT ( * ) PLANE_ANGLE_UNIT ( ) SI_UNIT ( $, .RADIAN. ) );
#10034 =( NAMED_UNIT ( * ) SI_UNIT ( $, .STERADIAN. ) SOLID_ANGLE_UNIT ( ) );
#10035 = CARTESIAN_POINT ( 'NONE',  ( 0.0000000000000000000, 0.0000000000000000000, 0.0000000000000000000 ) ) ;
#10036 = DIRECTION ( 'NONE',  ( 0.0000000000000000000, 0.0000000000000000000, 1.000000000000000000 ) ) ;
#10037 = DIRECTION ( 'NONE',  ( 1.000000000000000000, 0.0000000000000000000, 0.0000000000000000000 ) ) ;
#10038 = APPLICATION_CONTEXT ( 'configuration controlled 3d designs of mechanical parts and assemblies' ) ;
#10039 = APPLICATION_PROTOCOL_DEFINITION ( 'international standard', 'config_control_design', 1994, #10038 ) ;
#10040 = MECHANICAL_CONTEXT ( 'NONE', #10038, 'mechanical' ) ;
#10041 = PERSON_AND_ORGANIZATION_ROLE ( 'design_owner' ) ;
#10042 = APPLICATION_CONTEXT ( 'configuration controlled 3d designs of mechanical parts and assemblies' ) ;
#10043 = APPLICATION_PROTOCOL_DEFINITION ( 'international standard', 'config_control_design', 1994, #10042 ) ;
#10044 = APPROVAL_STATUS ( 'not_yet_approved' ) ;
#10045 = APPROVAL_ROLE ( '' ) ;
#10046 = PERSON_AND_ORGANIZATION_ROLE ( 'creator' ) ;
#10047 = DATE_TIME_ROLE ( 'creation_date' ) ;
#10048 = APPROVAL_STATUS ( 'not_yet_approved' ) ;
#10049 = APPROVAL_ROLE ( '' ) ;
#10050 = PERSON_AND_ORGANIZATION_ROLE ( 'creator' ) ;
#10051 = PERSON_AND_ORGANIZATION_ROLE ( 'design_supplier' ) ;
#10052 = SECURITY_CLASSIFICATION_LEVEL ( 'unclassified' ) ;
#10053 = PERSON_AND_ORGANIZATION_ROLE ( 'classification_officer' ) ;
#10054 = DATE_TIME_ROLE ( 'classification_date' ) ;
#10055 = APPROVAL_STATUS ( 'not_yet_approved' ) ;
#10056 = APPROVAL_ROLE ( '' ) ;
#10057 = PERSON ( 'UNSPECIFIED', 'UNSPECIFIED', 'UNSPECIFIED', ('UNSPECIFIED'), ('UNSPECIFIED'), ('UNSPECIFIED') ) ;
#10058 = VECTOR ( 'NONE', #6689, 39.37007874015748100 ) ;
#10059 = VECTOR ( 'NONE', #6691, 39.37007874015748100 ) ;
#10060 = VECTOR ( 'NONE', #6693, 39.37007874015748100 ) ;
ENDSEC;
END-ISO-10303-21;
