ISO-10303-21;
HEADER;
FILE_DESCRIPTION (( 'STEP AP203' ),
    '1' );
FILE_NAME ('TTN236917-E0W.STEP',
    '2021-04-12T20:00:01',
    ( '' ),
    ( '' ),
    'SwSTEP 2.0',
    'SolidWorks 2018',
    '' );
FILE_SCHEMA (( 'CONFIG_CONTROL_DESIGN' ));
ENDSEC;

DATA;
#1 = CARTESIAN_POINT ( 'NONE',  ( -2.540000000000000036, -8.941593749999997343, 2.561980769230768562 ) ) ;
#2 = CARTESIAN_POINT ( 'NONE',  ( -2.540000000000000036, -6.097705820796507581, 0.05802251227237957554 ) ) ;
#3 = CARTESIAN_POINT ( 'NONE',  ( -2.540000000000000036, -9.185866887789305935, -2.246923442110701608 ) ) ;
#4 = B_SPLINE_CURVE_WITH_KNOTS ( 'NONE', 3,
 ( #4718, #2088, #1347, #247 ),
 .UNSPECIFIED., .F., .F.,
 ( 4, 4 ),
 ( 3.000000000000000000, 4.000000000000000000 ),
 .UNSPECIFIED. ) ;
#5 = EDGE_CURVE ( 'NONE', #4707, #3053, #4836, .T. ) ;
#6 = CARTESIAN_POINT ( 'NONE',  ( -2.540000000000000036, 7.587819290282484808, 5.836518905277792157 ) ) ;
#7 = CARTESIAN_POINT ( 'NONE',  ( -2.540000000000000036, 7.218406402375413755, 4.126081750500257606 ) ) ;
#8 = CARTESIAN_POINT ( 'NONE',  ( -2.540000000000000036, 7.526413354384060561, 5.330349608025478858 ) ) ;
#9 = EDGE_LOOP ( 'NONE', ( #1807, #1159, #4458, #2160, #4426 ) ) ;
#10 = CARTESIAN_POINT ( 'NONE',  ( -2.540000000000000036, 4.775199999999999889, 0.000000000000000000 ) ) ;
#11 = AXIS2_PLACEMENT_3D ( 'NONE', #4093, #1462, #708 ) ;
#12 = VERTEX_POINT ( 'NONE', #1722 ) ;
#13 = CARTESIAN_POINT ( 'NONE',  ( -2.540000000000000036, -6.127907381629533745, -0.1828797974644153501 ) ) ;
#14 = CARTESIAN_POINT ( 'NONE',  ( -2.540000000000000036, -6.095999999999997421, -2.989384615384612420 ) ) ;
#15 = ORIENTED_EDGE ( 'NONE', *, *, #2424, .T. ) ;
#16 = CARTESIAN_POINT ( 'NONE',  ( -2.540000000000000036, -9.431578056635256502, -0.4412586769268369014 ) ) ;
#17 = CARTESIAN_POINT ( 'NONE',  ( -2.540000000000000036, -9.495692307692305434, -1.777999999999999137 ) ) ;
#18 = B_SPLINE_CURVE_WITH_KNOTS ( 'NONE', 3,
 ( #2648, #1557, #1915, #3031, #436, #1170, #3787, #4168, #3049, #823, #3438, #478, #1620, #2040, #106, #2337, #3125, #90, #2365, #495, #1268, #3083, #3865, #123, #853, #3107, #2744 ),
 .UNSPECIFIED., .F., .F.,
 ( 4, 1, 1, 1, 1, 1, 1, 1, 1, 1, 1, 1, 1, 1, 1, 1, 1, 1, 1, 1, 1, 1, 1, 1, 4 ),
 ( 0.000000000000000000, 0.06287394621143263529, 0.1228366299919125687, 0.1796565674430316284, 0.2339600122308624630, 0.2855950186955586445, 0.3345131060783803068, 0.3809048259061768027, 0.4248945919393345427, 0.4665290347654870162, 0.5064882940692467805, 0.5450315536447541964, 0.5818311798231345922, 0.6174482799494430685, 0.6520669127690462696, 0.6858797142465108410, 0.7191745547913923620, 0.7521816462063929398, 0.7852401639180912607, 0.8186564497770837390, 0.8525477406533115143, 0.8876263422585194407, 0.9236350780687513362, 0.9610218444769893509, 1.000000000000000000 ),
 .UNSPECIFIED. ) ;
#19 = CARTESIAN_POINT ( 'NONE',  ( 0.000000000000000000, 4.775000000000000355, 0.000000000000000000 ) ) ;
#20 = ORIENTED_EDGE ( 'NONE', *, *, #2187, .F. ) ;
#21 = AXIS2_PLACEMENT_3D ( 'NONE', #3194, #2575, #1823 ) ;
#22 = CARTESIAN_POINT ( 'NONE',  ( -2.540000000000000036, -8.538307692307688157, 0.9183076923076924913 ) ) ;
#23 = CARTESIAN_POINT ( 'NONE',  ( -2.540000000000000036, -6.122696533082219617, 0.1670663450432591512 ) ) ;
#24 = ORIENTED_EDGE ( 'NONE', *, *, #958, .F. ) ;
#25 = EDGE_LOOP ( 'NONE', ( #2685, #1145 ) ) ;
#26 = CARTESIAN_POINT ( 'NONE',  ( -2.540000000000000036, -6.095999999999998309, 1.934307692307693616 ) ) ;
#27 = CARTESIAN_POINT ( 'NONE',  ( -2.540000000000000036, 4.775199999999999889, 0.000000000000000000 ) ) ;
#28 = B_SPLINE_CURVE_WITH_KNOTS ( 'NONE', 3,
 ( #439, #3806, #1574, #1963 ),
 .UNSPECIFIED., .F., .F.,
 ( 4, 4 ),
 ( 0.000000000000000000, 1.000000000000000000 ),
 .UNSPECIFIED. ) ;
#29 = DIRECTION ( 'NONE',  ( -0.000000000000000000, 0.001227981745710329592, 0.9999992460301319053 ) ) ;
#30 = ORIENTED_EDGE ( 'NONE', *, *, #644, .T. ) ;
#31 = EDGE_CURVE ( 'NONE', #4069, #4205, #3669, .T. ) ;
#32 = CARTESIAN_POINT ( 'NONE',  ( -2.540000000000000036, -6.100612625720687632, -0.07796379537240509527 ) ) ;
#33 = CARTESIAN_POINT ( 'NONE',  ( -2.540000000000000036, -6.667449672895624957, 1.652475190945787320 ) ) ;
#34 = CARTESIAN_POINT ( 'NONE',  ( -2.540000000000000036, -9.408342584853627955, -1.590360696132099960 ) ) ;
#35 = ORIENTED_EDGE ( 'NONE', *, *, #988, .T. ) ;
#36 = CARTESIAN_POINT ( 'NONE',  ( -2.540000000000000036, 7.652443044910192782, 4.060964772084330932 ) ) ;
#37 = CALENDAR_DATE ( 2021, 12, 4 ) ;
#38 = ADVANCED_FACE ( 'NONE', ( #4425 ), #3135, .F. ) ;
#39 = CARTESIAN_POINT ( 'NONE',  ( -2.540000000000000036, 7.519470158435301421, 4.956757347844841455 ) ) ;
#40 = ORIENTED_EDGE ( 'NONE', *, *, #1014, .T. ) ;
#41 = ORIENTED_EDGE ( 'NONE', *, *, #2543, .T. ) ;
#42 = B_SPLINE_CURVE_WITH_KNOTS ( 'NONE', 3,
 ( #3012, #1536, #1098, #362 ),
 .UNSPECIFIED., .F., .F.,
 ( 4, 4 ),
 ( 4.000000000000000000, 5.000000000000000000 ),
 .UNSPECIFIED. ) ;
#43 = LINE ( 'NONE', #4192, #2979 ) ;
#44 = CARTESIAN_POINT ( 'NONE',  ( -2.540000000000000036, 7.272935878140164512, 3.907430993875518066 ) ) ;
#45 = ORIENTED_EDGE ( 'NONE', *, *, #4378, .F. ) ;
#46 = CARTESIAN_POINT ( 'NONE',  ( -2.540000000000000036, 8.155278076434104406, 3.814877290590777292 ) ) ;
#47 = ORIENTED_EDGE ( 'NONE', *, *, #3122, .T. ) ;
#48 = DIRECTION ( 'NONE',  ( 0.000000000000000000, 0.000000000000000000, -1.000000000000000000 ) ) ;
#49 = FACE_OUTER_BOUND ( 'NONE', #4509, .T. ) ;
#50 = VECTOR ( 'NONE', #2622, 1000.000000000000000 ) ;
#51 = CARTESIAN_POINT ( 'NONE',  ( -2.540000000000000036, -6.868379807692305938, -0.4884615384615378919 ) ) ;
#52 = CARTESIAN_POINT ( 'NONE',  ( 0.000000000000000000, 0.05000000000000000278, 0.000000000000000000 ) ) ;
#53 = CARTESIAN_POINT ( 'NONE',  ( -2.540000000000000036, -8.570931019860017486, 2.243299363324855911 ) ) ;
#54 = DIRECTION ( 'NONE',  ( 0.000000000000000000, 1.000000000000000000, 0.000000000000000000 ) ) ;
#55 = B_SPLINE_CURVE_WITH_KNOTS ( 'NONE', 3,
 ( #140, #3525, #574, #2825 ),
 .UNSPECIFIED., .F., .F.,
 ( 4, 4 ),
 ( 7.000000000000000000, 8.000000000000000000 ),
 .UNSPECIFIED. ) ;
#56 = ORIENTED_EDGE ( 'NONE', *, *, #2645, .T. ) ;
#57 = DIRECTION ( 'NONE',  ( 0.000000000000000000, 0.000000000000000000, 1.000000000000000000 ) ) ;
#58 = CONICAL_SURFACE ( 'NONE', #752, 12.69999999999999929, 0.7853981633974551624 ) ;
#59 = CARTESIAN_POINT ( 'NONE',  ( -2.540000000000000036, -9.495692307692305434, 1.175360576923076827 ) ) ;
#60 = CC_DESIGN_DATE_AND_TIME_ASSIGNMENT ( #364, #902, ( #3431 ) ) ;
#61 = EDGE_CURVE ( 'NONE', #3136, #2779, #3428, .T. ) ;
#62 = CARTESIAN_POINT ( 'NONE',  ( -2.540000000000000036, -8.274185911808100258, -0.2674550492085473463 ) ) ;
#63 = CARTESIAN_POINT ( 'NONE',  ( -2.540000000000000036, 8.143258714057994396, -5.973015205252835358 ) ) ;
#64 = ORIENTED_EDGE ( 'NONE', *, *, #4760, .F. ) ;
#65 = DIRECTION ( 'NONE',  ( 1.000000000000000000, 0.000000000000000000, 0.000000000000000000 ) ) ;
#66 = B_SPLINE_CURVE_WITH_KNOTS ( 'NONE', 3,
 ( #103, #883, #538, #3468, #3895, #4222, #1231, #3542, #3862, #2409, #2375 ),
 .UNSPECIFIED., .F., .F.,
 ( 4, 1, 1, 1, 1, 1, 1, 1, 4 ),
 ( 0.000000000000000000, 0.09742066817721398153, 0.2008855880393205229, 0.3111719701726501364, 0.4297979458253726737, 0.5577399263645879124, 0.6947152693641583943, 0.8421299102060549879, 1.000000000000000000 ),
 .UNSPECIFIED. ) ;
#67 = CARTESIAN_POINT ( 'NONE',  ( -2.540000000000000036, 7.260348996165103763, -2.486836198377317064 ) ) ;
#68 = ADVANCED_FACE ( 'NONE', ( #1075 ), #973, .F. ) ;
#69 = LINE ( 'NONE', #1171, #2938 ) ;
#70 = VERTEX_POINT ( 'NONE', #204 ) ;
#71 = CARTESIAN_POINT ( 'NONE',  ( -2.540000000000000036, -6.159926585305477431, -0.2438352093893063621 ) ) ;
#72 = APPROVAL_PERSON_ORGANIZATION ( #1070, #484, #4322 ) ;
#73 = CARTESIAN_POINT ( 'NONE',  ( -2.540000000000000036, -9.524694711538458591, -0.9460889423076911386 ) ) ;
#74 = EDGE_CURVE ( 'NONE', #4100, #3300, #967, .T. ) ;
#75 = CARTESIAN_POINT ( 'NONE',  ( -2.540000000000000036, 7.845352721052764267, 3.490771575464230114 ) ) ;
#76 = ORIENTED_EDGE ( 'NONE', *, *, #2206, .F. ) ;
#77 = CARTESIAN_POINT ( 'NONE',  ( -2.540000000000000036, 6.731635480874061273, 2.592801117241520625 ) ) ;
#78 = DIRECTION ( 'NONE',  ( -1.000000000000000000, -0.000000000000000000, -0.000000000000000000 ) ) ;
#79 = CARTESIAN_POINT ( 'NONE',  ( -2.540000000000000036, -8.423644075026720301, -1.025819257395011119 ) ) ;
#80 = LINE ( 'NONE', #4726, #2311 ) ;
#81 = CARTESIAN_POINT ( 'NONE',  ( -2.540000000000000036, -9.290457567355010937, -0.1581267230064153650 ) ) ;
#82 = B_SPLINE_CURVE_WITH_KNOTS ( 'NONE', 3,
 ( #4792, #229, #4384, #3664, #649, #268, #1342, #2886, #1004, #4351, #3982, #3269, #2871, #1746, #4370, #2097, #2854, #3649, #4013 ),
 .UNSPECIFIED., .F., .F.,
 ( 4, 1, 1, 1, 1, 1, 1, 1, 1, 1, 1, 1, 1, 1, 1, 1, 4 ),
 ( 0.000000000000000000, 0.04078184587225949786, 0.08086958872158661604, 0.1202681657882671146, 0.1601868504553523032, 0.2004597376386389462, 0.2422651778979084958, 0.2864592615494684913, 0.3329520837492634389, 0.3844305340495300372, 0.4433891253601062177, 0.5116814722136837634, 0.5890200255490085635, 0.6762451906507725985, 0.7737051914728233504, 0.8815677677819830915, 1.000000000000000000 ),
 .UNSPECIFIED. ) ;
#83 = ORIENTED_EDGE ( 'NONE', *, *, #3771, .F. ) ;
#84 = EDGE_CURVE ( 'NONE', #4214, #681, #80, .T. ) ;
#85 = CARTESIAN_POINT ( 'NONE',  ( -2.540000000000000036, -6.285278846153842913, -2.235016826923074351 ) ) ;
#86 = DIRECTION ( 'NONE',  ( 0.000000000000000000, 1.000000000000000000, 0.000000000000000000 ) ) ;
#87 = ORIENTED_EDGE ( 'NONE', *, *, #4133, .T. ) ;
#88 = CARTESIAN_POINT ( 'NONE',  ( -2.540000000000000036, -8.303846153846151878, -0.6078293269230757856 ) ) ;
#89 = AXIS2_PLACEMENT_3D ( 'NONE', #2123, #657, #4752 ) ;
#90 = CARTESIAN_POINT ( 'NONE',  ( -2.540000000000000036, -7.555558323854323355, 0.2726611068724781317 ) ) ;
#91 = CARTESIAN_POINT ( 'NONE',  ( -2.540000000000000036, -9.670501959923893054, 1.134988143247113390 ) ) ;
#92 = ORIENTED_EDGE ( 'NONE', *, *, #1190, .F. ) ;
#93 = DIRECTION ( 'NONE',  ( 0.000000000000000000, -0.004989411720878769024, -0.9999875528078735476 ) ) ;
#94 = ORIENTED_EDGE ( 'NONE', *, *, #3758, .F. ) ;
#95 = VERTEX_POINT ( 'NONE', #3160 ) ;
#96 = EDGE_CURVE ( 'NONE', #222, #2156, #741, .T. ) ;
#97 = ORIENTED_EDGE ( 'NONE', *, *, #4743, .F. ) ;
#98 = CARTESIAN_POINT ( 'NONE',  ( -2.540000000000000036, -6.281891860592867971, -2.248868276815099598 ) ) ;
#99 = ORIENTED_EDGE ( 'NONE', *, *, #2543, .F. ) ;
#100 = CARTESIAN_POINT ( 'NONE',  ( -2.540000000000000036, -8.695252418070422706, 2.990281184933549774 ) ) ;
#101 = CARTESIAN_POINT ( 'NONE',  ( -2.540000000000000036, -7.628092086071604605, 1.287474403400346468 ) ) ;
#102 = B_SPLINE_CURVE_WITH_KNOTS ( 'NONE', 3,
 ( #3886, #4277, #3583, #4326, #3918, #4309, #3158 ),
 .UNSPECIFIED., .F., .F.,
 ( 4, 1, 1, 1, 4 ),
 ( 0.000000000000000000, 0.1985165406677407429, 0.4292669735567878897, 0.6966787812792285539, 1.000000000000000000 ),
 .UNSPECIFIED. ) ;
#103 = CARTESIAN_POINT ( 'NONE',  ( -2.540000000000000036, -7.492694711538459451, -0.3403966346153841083 ) ) ;
#104 = EDGE_CURVE ( 'NONE', #279, #1776, #2781, .T. ) ;
#105 = LOCAL_TIME ( 16, 0, 1.000000000000000000, #872 ) ;
#106 = CARTESIAN_POINT ( 'NONE',  ( -2.540000000000000036, -7.480159646833603126, 0.3461412514099161397 ) ) ;
#107 = CARTESIAN_POINT ( 'NONE',  ( -2.540000000000000036, -7.419369742224887432, -0.1401053327853534758 ) ) ;
#108 = CARTESIAN_POINT ( 'NONE',  ( 1.836970198721030181E-16, 0.05000000000000000278, -1.500000000000000222 ) ) ;
#109 = VERTEX_POINT ( 'NONE', #2110 ) ;
#110 = EDGE_LOOP ( 'NONE', ( #3246, #2112 ) ) ;
#111 = CARTESIAN_POINT ( 'NONE',  ( -2.540000000000000036, 7.204449111858056476, 0.06553035955093704235 ) ) ;
#112 = VERTEX_POINT ( 'NONE', #253 ) ;
#113 = CARTESIAN_POINT ( 'NONE',  ( -2.540000000000000036, 7.673360980509772666, 5.190696505309794873 ) ) ;
#114 = VECTOR ( 'NONE', #4306, 1000.000000000000000 ) ;
#115 = EDGE_CURVE ( 'NONE', #1937, #530, #1398, .T. ) ;
#116 = VECTOR ( 'NONE', #3015, 1000.000000000000000 ) ;
#117 = CARTESIAN_POINT ( 'NONE',  ( -2.540000000000000036, -9.639015433758249429, -0.4222064128286899254 ) ) ;
#118 = B_SPLINE_CURVE_WITH_KNOTS ( 'NONE', 3,
 ( #2470, #997, #1383, #2451, #1332, #3953, #4004, #1717, #1752, #2103, #4338 ),
 .UNSPECIFIED., .F., .F.,
 ( 4, 1, 1, 1, 1, 1, 1, 1, 4 ),
 ( 0.000000000000000000, 0.1276647678962244403, 0.2517385630080486991, 0.3727533493873897985, 0.4921467589723832470, 0.6140696213092420308, 0.7371973244121063917, 0.8656069906011127912, 1.000000000000000000 ),
 .UNSPECIFIED. ) ;
#119 = CARTESIAN_POINT ( 'NONE',  ( -2.540000000000000036, -7.462567613155266955, 1.142196701506598133 ) ) ;
#120 = AXIS2_PLACEMENT_3D ( 'NONE', #317, #300, #2210 ) ;
#121 = CARTESIAN_POINT ( 'NONE',  ( -0.1269999999999973372, 0.000000000000000000, 0.000000000000000000 ) ) ;
#122 = ADVANCED_FACE ( 'NONE', ( #1672, #1842 ), #4771, .F. ) ;
#123 = CARTESIAN_POINT ( 'NONE',  ( -2.540000000000000036, -7.634914764791409070, 0.07837201606779234386 ) ) ;
#124 = CARTESIAN_POINT ( 'NONE',  ( -2.540000000000000036, -7.105671065347380910, -0.2819527708696293322 ) ) ;
#125 = VECTOR ( 'NONE', #4255, 1000.000000000000000 ) ;
#126 = ORIENTED_EDGE ( 'NONE', *, *, #2497, .F. ) ;
#127 = CARTESIAN_POINT ( 'NONE',  ( -2.540000000000000036, -8.229803591889739423, -2.944449519281679084 ) ) ;
#128 = LINE ( 'NONE', #1510, #3350 ) ;
#129 = CARTESIAN_POINT ( 'NONE',  ( -2.540000000000000036, -9.512159646833605819, -0.2595510562823906131 ) ) ;
#130 = CARTESIAN_POINT ( 'NONE',  ( -2.540000000000000036, -8.349564148060107271, -1.634696436380534967 ) ) ;
#131 = APPROVAL_DATE_TIME ( #1493, #4082 ) ;
#132 = EDGE_CURVE ( 'NONE', #3524, #738, #2530, .T. ) ;
#133 = CARTESIAN_POINT ( 'NONE',  ( -2.540000000000000036, -7.463315270467748341, 1.162213427574925406 ) ) ;
#134 = LINE ( 'NONE', #1445, #1898 ) ;
#135 = CARTESIAN_POINT ( 'NONE',  ( -2.540000000000000036, -7.533292636659163932, 1.471398768244345678 ) ) ;
#136 = B_SPLINE_CURVE_WITH_KNOTS ( 'NONE', 3,
 ( #4404, #2501, #4104, #716, #2217, #686, #1794, #4422, #2583, #1068, #2186, #1038, #672, #4482, #4799, #699, #4081, #2232, #4433 ),
 .UNSPECIFIED., .F., .F.,
 ( 4, 1, 1, 1, 1, 1, 1, 1, 1, 1, 1, 1, 1, 1, 1, 1, 4 ),
 ( 0.000000000000000000, 0.06849268513903603028, 0.1336448985184772731, 0.1953466000273887393, 0.2542475050093695454, 0.3113035050924221614, 0.3666490750652282582, 0.4212985754017462559, 0.4757287284935637350, 0.5310920965139114269, 0.5881875510057463785, 0.6472697780619290908, 0.7093693758273907912, 0.7752605143705016966, 0.8452130337113059610, 0.9203888085482179182, 1.000000000000000000 ),
 .UNSPECIFIED. ) ;
#137 = PLANE ( 'NONE',  #1821 ) ;
#138 = SECURITY_CLASSIFICATION_LEVEL ( 'unclassified' ) ;
#139 = FACE_OUTER_BOUND ( 'NONE', #2887, .T. ) ;
#140 = CARTESIAN_POINT ( 'NONE',  ( -2.540000000000000036, 6.656335835890905273, -0.1112863498164114312 ) ) ;
#141 = CARTESIAN_POINT ( 'NONE',  ( -2.540000000000000036, -8.349564148060107271, -0.4623887440728429166 ) ) ;
#142 = ORIENTED_EDGE ( 'NONE', *, *, #3385, .T. ) ;
#143 = CARTESIAN_POINT ( 'NONE',  ( -2.540000000000000036, 7.005675944454452519, 4.509991222645200359 ) ) ;
#144 = CARTESIAN_POINT ( 'NONE',  ( -2.540000000000000036, 7.100566515515577493, -3.414128830722015007 ) ) ;
#145 = ORIENTED_EDGE ( 'NONE', *, *, #839, .T. ) ;
#146 = ADVANCED_FACE ( 'NONE', ( #3826 ), #3245, .T. ) ;
#147 = CARTESIAN_POINT ( 'NONE',  ( -2.540000000000000036, 7.719607280104298752, 2.366423100429259740 ) ) ;
#148 = ORIENTED_EDGE ( 'NONE', *, *, #1897, .F. ) ;
#149 = CARTESIAN_POINT ( 'NONE',  ( -2.540000000000000036, -8.602697782861492115, -1.504335832635349757 ) ) ;
#150 = VERTEX_POINT ( 'NONE', #2848 ) ;
#151 = CARTESIAN_POINT ( 'NONE',  ( -2.540000000000000036, 8.151049937115333321, 0.3717185094035607151 ) ) ;
#152 = ORIENTED_EDGE ( 'NONE', *, *, #2897, .F. ) ;
#153 = APPROVAL_ROLE ( '' ) ;
#154 = AXIS2_PLACEMENT_3D ( 'NONE', #249, #2879, #1011 ) ;
#155 = DIRECTION ( 'NONE',  ( 0.000000000000000000, 1.000000000000000000, 0.000000000000000000 ) ) ;
#156 = CARTESIAN_POINT ( 'NONE',  ( -2.540000000000000036, 6.971532828533621995, 5.889007682524041165 ) ) ;
#157 = ORIENTED_EDGE ( 'NONE', *, *, #2789, .F. ) ;
#158 = CARTESIAN_POINT ( 'NONE',  ( -2.540000000000000036, 7.306723525676950715, 4.459152008899281761 ) ) ;
#159 = CARTESIAN_POINT ( 'NONE',  ( -2.540000000000000036, -9.431608389606525478, -1.942457629321101109 ) ) ;
#160 = DIRECTION ( 'NONE',  ( 0.000000000000000000, -1.000000000000000000, 0.000000000000000000 ) ) ;
#161 = EDGE_CURVE ( 'NONE', #2137, #1111, #2840, .T. ) ;
#162 = DIRECTION ( 'NONE',  ( 0.000000000000000000, 0.000000000000000000, 1.000000000000000000 ) ) ;
#163 = ORIENTED_EDGE ( 'NONE', *, *, #600, .F. ) ;
#164 = B_SPLINE_CURVE_WITH_KNOTS ( 'NONE', 3,
 ( #88, #784, #4203, #2300, #1958, #397, #2334, #3816, #1587, #3416, #1149 ),
 .UNSPECIFIED., .F., .F.,
 ( 4, 1, 1, 1, 1, 1, 1, 1, 4 ),
 ( 0.000000000000000000, 0.1276647678962236909, 0.2517385630080485326, 0.3727533493873893544, 0.4921467589723833580, 0.6140696213092422528, 0.7371973244121068358, 0.8656069906011136794, 1.000000000000000000 ),
 .UNSPECIFIED. ) ;
#165 = ORIENTED_EDGE ( 'NONE', *, *, #2301, .T. ) ;
#166 = APPROVAL_STATUS ( 'not_yet_approved' ) ;
#167 = CC_DESIGN_DATE_AND_TIME_ASSIGNMENT ( #842, #2393, ( #381 ) ) ;
#168 = CARTESIAN_POINT ( 'NONE',  ( -2.540000000000000036, -7.033353556731652745, -0.2886317332103515154 ) ) ;
#169 = DIRECTION ( 'NONE',  ( 0.000000000000000000, 0.000000000000000000, -1.000000000000000000 ) ) ;
#170 = CYLINDRICAL_SURFACE ( 'NONE', #1603, 4.762500000000000178 ) ;
#171 = CARTESIAN_POINT ( 'NONE',  ( -2.540000000000000036, 6.414766881035075308, 5.543147314414847315 ) ) ;
#172 = CARTESIAN_POINT ( 'NONE',  ( 0.000000000000000000, 3.657862215893166180, -3.069310836253171804 ) ) ;
#173 = DIRECTION ( 'NONE',  ( 0.000000000000000000, 0.000000000000000000, 1.000000000000000000 ) ) ;
#174 = CARTESIAN_POINT ( 'NONE',  ( -2.540000000000000036, -7.033353556731650968, 0.8836759590973413125 ) ) ;
#175 = CARTESIAN_POINT ( 'NONE',  ( -2.540000000000000036, -8.709886944372906115, 2.721294793072249085 ) ) ;
#176 = CARTESIAN_POINT ( 'NONE',  ( -2.540000000000000036, -6.827236251001637335, -1.946207589709012753 ) ) ;
#177 = APPROVAL_PERSON_ORGANIZATION ( #4411, #866, #2496 ) ;
#178 = CARTESIAN_POINT ( 'NONE',  ( -2.540000000000000036, -9.467846680247323121, -0.7203360140502754749 ) ) ;
#179 = DATE_TIME_ROLE ( 'classification_date' ) ;
#180 = ORIENTED_EDGE ( 'NONE', *, *, #695, .F. ) ;
#181 = CARTESIAN_POINT ( 'NONE',  ( -2.540000000000000036, -9.026321066306037366, -1.292458127622059472 ) ) ;
#182 = DIRECTION ( 'NONE',  ( 0.000000000000000000, 0.001227981745710494824, 0.9999992460301319053 ) ) ;
#183 = LOCAL_TIME ( 16, 0, 1.000000000000000000, #965 ) ;
#184 = CARTESIAN_POINT ( 'NONE',  ( -2.540000000000000036, 6.835674995498084883, -0.1240020165941607133 ) ) ;
#185 = CARTESIAN_POINT ( 'NONE',  ( -2.540000000000000036, -6.479330351941670507, -1.857570661847883997 ) ) ;
#186 = VECTOR ( 'NONE', #3248, 1000.000000000000000 ) ;
#187 = EDGE_CURVE ( 'NONE', #569, #1745, #1309, .T. ) ;
#188 = VERTEX_POINT ( 'NONE', #4749 ) ;
#189 = CARTESIAN_POINT ( 'NONE',  ( -2.540000000000000036, 7.748074703113579709, 4.956476625425332294 ) ) ;
#190 = PERSON_AND_ORGANIZATION ( #2323, #4393 ) ;
#191 = DIRECTION ( 'NONE',  ( 0.000000000000000000, 0.9999992460301319053, -0.001227981745711199989 ) ) ;
#192 = CIRCLE ( 'NONE', #11, 4.775000000000000355 ) ;
#193 = ORIENTED_EDGE ( 'NONE', *, *, #4527, .T. ) ;
#194 = CARTESIAN_POINT ( 'NONE',  ( -2.540000000000000036, -6.465822807486730994, 1.420715122648369855 ) ) ;
#195 = EDGE_CURVE ( 'NONE', #4238, #1027, #2549, .T. ) ;
#196 =( LENGTH_UNIT ( ) NAMED_UNIT ( * ) SI_UNIT ( .MILLI., .METRE. ) );
#197 = CARTESIAN_POINT ( 'NONE',  ( -2.540000000000000036, -9.489364027724580097, -0.6651944740071186191 ) ) ;
#198 = ORIENTED_EDGE ( 'NONE', *, *, #2585, .T. ) ;
#199 = APPROVAL_ROLE ( '' ) ;
#200 = VERTEX_POINT ( 'NONE', #4702 ) ;
#201 = CARTESIAN_POINT ( 'NONE',  ( -2.540000000000000036, 4.775199999999999889, 0.000000000000000000 ) ) ;
#202 = EDGE_LOOP ( 'NONE', ( #4853, #620, #2521, #3518, #1502 ) ) ;
#203 = EDGE_CURVE ( 'NONE', #2156, #918, #4, .T. ) ;
#204 = CARTESIAN_POINT ( 'NONE',  ( -2.540000000000000036, -7.492694711538459451, 0.8319110576923088862 ) ) ;
#205 = ORIENTED_EDGE ( 'NONE', *, *, #4834, .T. ) ;
#206 = CARTESIAN_POINT ( 'NONE',  ( -2.540000000000000036, -6.424587037213046692, 0.2319112611794959811 ) ) ;
#207 = CARTESIAN_POINT ( 'NONE',  ( -2.540000000000000036, 8.150248869661689710, -0.2806257558583304945 ) ) ;
#208 = VERTEX_POINT ( 'NONE', #233 ) ;
#209 = EDGE_CURVE ( 'NONE', #3389, #632, #4009, .T. ) ;
#210 = ORIENTED_EDGE ( 'NONE', *, *, #2947, .T. ) ;
#211 = APPROVAL_STATUS ( 'not_yet_approved' ) ;
#212 = CARTESIAN_POINT ( 'NONE',  ( -2.540000000000000036, 7.077553468916143231, 4.980253752384589561 ) ) ;
#213 = CARTESIAN_POINT ( 'NONE',  ( -2.540000000000000036, 6.456168487802501410, 0.3727604669423283390 ) ) ;
#214 = ORIENTED_EDGE ( 'NONE', *, *, #4510, .T. ) ;
#215 = AXIS2_PLACEMENT_3D ( 'NONE', #2727, #851, #2691 ) ;
#216 = CARTESIAN_POINT ( 'NONE',  ( 0.000000000000000000, 0.05000000000000000278, 0.000000000000000000 ) ) ;
#217 = ORIENTED_EDGE ( 'NONE', *, *, #3973, .F. ) ;
#218 = CARTESIAN_POINT ( 'NONE',  ( -2.540000000000000036, 7.189410584293125517, 3.884147729009187255 ) ) ;
#219 = DIRECTION ( 'NONE',  ( -1.000000000000000000, -0.000000000000000000, -0.000000000000000000 ) ) ;
#220 = DIRECTION ( 'NONE',  ( 0.000000000000000000, 1.000000000000000000, 0.000000000000000000 ) ) ;
#221 = CALENDAR_DATE ( 2021, 12, 4 ) ;
#222 = VERTEX_POINT ( 'NONE', #994 ) ;
#223 = CARTESIAN_POINT ( 'NONE',  ( -2.540000000000000036, 8.174707149457255184, 5.874664540913784982 ) ) ;
#224 = CARTESIAN_POINT ( 'NONE',  ( -2.540000000000000036, 7.406709657007141345, 4.360729842524701638 ) ) ;
#225 = EDGE_CURVE ( 'NONE', #3617, #4136, #1254, .T. ) ;
#226 = VERTEX_POINT ( 'NONE', #3949 ) ;
#227 = CARTESIAN_POINT ( 'NONE',  ( -2.540000000000000036, -8.963269230769229878, 3.206749999999999989 ) ) ;
#228 = CYLINDRICAL_SURFACE ( 'NONE', #4747, 0.05000000000000000278 ) ;
#229 = CARTESIAN_POINT ( 'NONE',  ( -2.540000000000000036, -7.463307032150569675, 1.182399429320887041 ) ) ;
#230 = LINE ( 'NONE', #2404, #3857 ) ;
#231 = DIRECTION ( 'NONE',  ( 0.000000000000000000, 0.000000000000000000, -1.000000000000000000 ) ) ;
#232 = ORIENTED_EDGE ( 'NONE', *, *, #1071, .T. ) ;
#233 = CARTESIAN_POINT ( 'NONE',  ( -2.540000000000000036, -6.432427884615382396, -1.172307692307691163 ) ) ;
#234 = CARTESIAN_POINT ( 'NONE',  ( -2.540000000000000036, -9.141017185287445557, -1.302332207567509226 ) ) ;
#235 = TOROIDAL_SURFACE ( 'NONE', #3268, 4.500000000000000888, 0.2750000000000000222 ) ;
#236 = CARTESIAN_POINT ( 'NONE',  ( -4.381250000000000533, 0.05000000000000000278, 0.01250000000000000590 ) ) ;
#237 = CARTESIAN_POINT ( 'NONE',  ( -2.540000000000000036, 7.556224406844160413, 5.330255616223390724 ) ) ;
#238 = EDGE_CURVE ( 'NONE', #514, #1664, #2139, .T. ) ;
#239 = CARTESIAN_POINT ( 'NONE',  ( -2.540000000000000036, -9.522849489564315206, 1.437360320406866121 ) ) ;
#240 = CIRCLE ( 'NONE', #786, 4.775199999999999889 ) ;
#241 = AXIS2_PLACEMENT_3D ( 'NONE', #2188, #1896, #4165 ) ;
#242 = VECTOR ( 'NONE', #531, 1000.000000000000114 ) ;
#243 = CARTESIAN_POINT ( 'NONE',  ( -2.540000000000000036, 6.981377484850979087, 4.980400546999571354 ) ) ;
#244 = CARTESIAN_POINT ( 'NONE',  ( -2.540000000000000036, 7.428355447792413635, 4.475558030901703788 ) ) ;
#245 = PERSON_AND_ORGANIZATION ( #2323, #4393 ) ;
#246 = LINE ( 'NONE', #2175, #4654 ) ;
#247 = CARTESIAN_POINT ( 'NONE',  ( -2.540000000000000036, 7.834874360955342176, 4.505604426270652496 ) ) ;
#248 = VERTEX_POINT ( 'NONE', #1685 ) ;
#249 = CARTESIAN_POINT ( 'NONE',  ( -0.6349999999999988987, 0.000000000000000000, 0.000000000000000000 ) ) ;
#250 = CARTESIAN_POINT ( 'NONE',  ( -2.540000000000000036, -6.330199801254155823, 1.008818586328174005 ) ) ;
#251 = EDGE_CURVE ( 'NONE', #3238, #4640, #3691, .T. ) ;
#252 = FACE_BOUND ( 'NONE', #3320, .T. ) ;
#253 = CARTESIAN_POINT ( 'NONE',  ( -2.540000000000000036, 7.162218523076876231, 2.206661115617274849 ) ) ;
#254 = VERTEX_POINT ( 'NONE', #3915 ) ;
#255 = ORIENTED_EDGE ( 'NONE', *, *, #4164, .T. ) ;
#256 = CARTESIAN_POINT ( 'NONE',  ( -2.540000000000000036, 6.852457565216916180, 5.139083114961330523 ) ) ;
#257 = VERTEX_POINT ( 'NONE', #4735 ) ;
#258 = PRODUCT_RELATED_PRODUCT_CATEGORY ( 'detail', '', ( #3458 ) ) ;
#259 = CARTESIAN_POINT ( 'NONE',  ( -2.413000000000005141, 0.000000000000000000, 12.69999999999999929 ) ) ;
#260 = ORIENTED_EDGE ( 'NONE', *, *, #3980, .T. ) ;
#261 = CARTESIAN_POINT ( 'NONE',  ( -2.540000000000000036, -8.538307692307688157, 1.641230769230769493 ) ) ;
#262 = CARTESIAN_POINT ( 'NONE',  ( -2.540000000000000036, 6.329810464637362522, 5.653066742667309796 ) ) ;
#263 = CARTESIAN_POINT ( 'NONE',  ( -2.540000000000000036, -6.272111071811099947, 1.160077042319680451 ) ) ;
#264 = VERTEX_POINT ( 'NONE', #3625 ) ;
#265 = DIRECTION ( 'NONE',  ( 0.000000000000000000, -0.9520753384899146576, -0.3058636131338843267 ) ) ;
#266 = CARTESIAN_POINT ( 'NONE',  ( -2.540000000000000036, 6.757905543153423622, 5.340159203797306020 ) ) ;
#267 = ORIENTED_EDGE ( 'NONE', *, *, #2405, .T. ) ;
#268 = CARTESIAN_POINT ( 'NONE',  ( -2.540000000000000036, -7.435515431389360330, 1.286861938754539914 ) ) ;
#269 = ORIENTED_EDGE ( 'NONE', *, *, #4182, .F. ) ;
#270 = CARTESIAN_POINT ( 'NONE',  ( -2.540000000000000036, -8.900950273041281946, 2.128432422138623270 ) ) ;
#271 = AXIS2_PLACEMENT_3D ( 'NONE', #3591, #302, #692 ) ;
#272 = CARTESIAN_POINT ( 'NONE',  ( -2.540000000000000036, -6.095999999999998309, 2.149230769230770388 ) ) ;
#273 = CARTESIAN_POINT ( 'NONE',  ( -2.540000000000000036, -6.414035320389683825, 0.9448617702747037495 ) ) ;
#274 = DIRECTION ( 'NONE',  ( 0.000000000000000000, 0.000000000000000000, -1.000000000000000000 ) ) ;
#275 = ADVANCED_FACE ( 'NONE', ( #4541 ), #4131, .T. ) ;
#276 = ORIENTED_EDGE ( 'NONE', *, *, #4353, .F. ) ;
#277 = CARTESIAN_POINT ( 'NONE',  ( -2.540000000000000036, 4.775199999999999889, 0.000000000000000000 ) ) ;
#278 = DIRECTION ( 'NONE',  ( 1.000000000000000000, 0.000000000000000000, 0.000000000000000000 ) ) ;
#279 = VERTEX_POINT ( 'NONE', #2875 ) ;
#280 = EDGE_LOOP ( 'NONE', ( #3491, #4090 ) ) ;
#281 = EDGE_CURVE ( 'NONE', #3872, #3348, #2431, .T. ) ;
#282 = VECTOR ( 'NONE', #568, 1000.000000000000000 ) ;
#283 = DIRECTION ( 'NONE',  ( 0.000000000000000000, 0.000000000000000000, -1.000000000000000000 ) ) ;
#284 = CARTESIAN_POINT ( 'NONE',  ( -2.540000000000000036, -8.538307692307688157, 0.9183076923076924913 ) ) ;
#285 = ORIENTED_EDGE ( 'NONE', *, *, #332, .T. ) ;
#286 = CARTESIAN_POINT ( 'NONE',  ( -2.540000000000000036, 6.833717196937410421, 5.345804543025836075 ) ) ;
#287 =( NAMED_UNIT ( * ) SI_UNIT ( $, .STERADIAN. ) SOLID_ANGLE_UNIT ( ) );
#288 = B_SPLINE_CURVE_WITH_KNOTS ( 'NONE', 3,
 ( #3582, #4003, #3223, #2500 ),
 .UNSPECIFIED., .F., .F.,
 ( 4, 4 ),
 ( 1.000000000000000000, 2.000000000000000000 ),
 .UNSPECIFIED. ) ;
#289 = VERTEX_POINT ( 'NONE', #4305 ) ;
#290 = CARTESIAN_POINT ( 'NONE',  ( -2.540000000000000036, -9.334156073710696333, -1.343247782782479804 ) ) ;
#291 = DIRECTION ( 'NONE',  ( 1.000000000000000000, 0.000000000000000000, 0.000000000000000000 ) ) ;
#292 = DIRECTION ( 'NONE',  ( -0.000000000000000000, -1.000000000000000000, -0.000000000000000000 ) ) ;
#293 = LINE ( 'NONE', #2058, #2537 ) ;
#294 = VECTOR ( 'NONE', #3141, 1000.000000000000000 ) ;
#295 = CALENDAR_DATE ( 2021, 12, 4 ) ;
#296 = ORIENTED_EDGE ( 'NONE', *, *, #3086, .T. ) ;
#297 = CARTESIAN_POINT ( 'NONE',  ( -2.540000000000000036, 7.259475737413522367, -2.946798826133434801 ) ) ;
#298 = APPROVAL_PERSON_ORGANIZATION ( #2599, #832, #199 ) ;
#299 = AXIS2_PLACEMENT_3D ( 'NONE', #3314, #3671, #1433 ) ;
#300 = DIRECTION ( 'NONE',  ( 1.000000000000000000, 0.000000000000000000, 0.000000000000000000 ) ) ;
#301 = FACE_BOUND ( 'NONE', #1888, .T. ) ;
#302 = DIRECTION ( 'NONE',  ( 0.000000000000000000, 0.000000000000000000, 1.000000000000000000 ) ) ;
#303 = DIRECTION ( 'NONE',  ( 0.000000000000000000, 0.000000000000000000, 1.000000000000000000 ) ) ;
#304 = ORIENTED_EDGE ( 'NONE', *, *, #3631, .T. ) ;
#305 = CARTESIAN_POINT ( 'NONE',  ( -2.540000000000000036, -9.660092086071600193, -1.662833288907347384 ) ) ;
#306 = LINE ( 'NONE', #953, #3189 ) ;
#307 = DIRECTION ( 'NONE',  ( 0.000000000000000000, 0.000000000000000000, 1.000000000000000000 ) ) ;
#308 = CARTESIAN_POINT ( 'NONE',  ( -2.540000000000000036, -9.651999999999997470, 2.112596153846153069 ) ) ;
#309 = ORIENTED_EDGE ( 'NONE', *, *, #4378, .T. ) ;
#310 = EDGE_CURVE ( 'NONE', #3566, #2262, #1109, .T. ) ;
#311 = CARTESIAN_POINT ( 'NONE',  ( -2.540000000000000036, -8.174921577443722498, -1.992138905174949848 ) ) ;
#312 = ORIENTED_EDGE ( 'NONE', *, *, #3794, .T. ) ;
#313 = CARTESIAN_POINT ( 'NONE',  ( -2.540000000000000036, -9.495692307692305434, -1.777999999999999137 ) ) ;
#314 = VERTEX_POINT ( 'NONE', #261 ) ;
#315 = CARTESIAN_POINT ( 'NONE',  ( 4.381250000000000533, 0.05000000000000000278, -0.01250000000000000590 ) ) ;
#316 = ORIENTED_EDGE ( 'NONE', *, *, #2445, .T. ) ;
#317 = CARTESIAN_POINT ( 'NONE',  ( -2.540000000000000036, 4.775199999999999889, 0.000000000000000000 ) ) ;
#318 =( NAMED_UNIT ( * ) SI_UNIT ( $, .STERADIAN. ) SOLID_ANGLE_UNIT ( ) );
#319 = CARTESIAN_POINT ( 'NONE',  ( -2.540000000000000036, -9.524694711538458591, -2.118396634615383523 ) ) ;
#320 = B_SPLINE_CURVE_WITH_KNOTS ( 'NONE', 3,
 ( #4672, #171, #944, #4635 ),
 .UNSPECIFIED., .F., .F.,
 ( 4, 4 ),
 ( 31.00000000000000000, 32.00000000000000000 ),
 .UNSPECIFIED. ) ;
#321 = ORIENTED_EDGE ( 'NONE', *, *, #3010, .T. ) ;
#322 = DIRECTION ( 'NONE',  ( -1.000000000000000000, -0.000000000000000000, -0.000000000000000000 ) ) ;
#323 = CARTESIAN_POINT ( 'NONE',  ( -2.540000000000000036, -6.867769230769229516, 0.2930769230769235678 ) ) ;
#324 = DIRECTION ( 'NONE',  ( 0.000000000000000000, -0.004989411720878928619, -0.9999875528078735476 ) ) ;
#325 = EDGE_CURVE ( 'NONE', #4136, #3617, #3558, .T. ) ;
#326 = EDGE_LOOP ( 'NONE', ( #126, #2883 ) ) ;
#327 = CARTESIAN_POINT ( 'NONE',  ( -2.540000000000000036, -8.349880373398754330, -2.163816855348380308 ) ) ;
#328 = CARTESIAN_POINT ( 'NONE',  ( -2.540000000000000036, -9.489454197098213584, -0.5461297705212762033 ) ) ;
#329 = AXIS2_PLACEMENT_3D ( 'NONE', #3594, #4385, #2509 ) ;
#330 = ORIENTED_EDGE ( 'NONE', *, *, #3122, .F. ) ;
#331 = CARTESIAN_POINT ( 'NONE',  ( -2.540000000000000036, -6.095999999999998309, 1.934307692307693616 ) ) ;
#332 = EDGE_CURVE ( 'NONE', #279, #2171, #306, .T. ) ;
#333 = CARTESIAN_POINT ( 'NONE',  ( -2.540000000000000036, -8.723938798925928495, 3.125780322627930818 ) ) ;
#334 = CARTESIAN_POINT ( 'NONE',  ( -0.6349999999999988987, 0.000000000000000000, 0.000000000000000000 ) ) ;
#335 = CARTESIAN_POINT ( 'NONE',  ( 0.000000000000000000, 0.05000000000000000278, -4.762500000000000178 ) ) ;
#336 = CARTESIAN_POINT ( 'NONE',  ( -2.540000000000000036, -6.443277379560592877, -1.183557955748141932 ) ) ;
#337 = ORIENTED_EDGE ( 'NONE', *, *, #4436, .F. ) ;
#338 = CC_DESIGN_APPROVAL ( #1257, ( #2547 ) ) ;
#339 = EDGE_CURVE ( 'NONE', #1157, #4748, #4311, .T. ) ;
#340 = CARTESIAN_POINT ( 'NONE',  ( -2.540000000000000036, -6.732831730769229139, 2.508860576923078067 ) ) ;
#341 = LINE ( 'NONE', #3730, #1471 ) ;
#342 = ORIENTED_EDGE ( 'NONE', *, *, #1405, .T. ) ;
#343 = ORIENTED_EDGE ( 'NONE', *, *, #225, .T. ) ;
#344 = VECTOR ( 'NONE', #231, 1000.000000000000000 ) ;
#345 = DIRECTION ( 'NONE',  ( 0.000000000000000000, 0.004782463502232508004, 0.9999885639560333050 ) ) ;
#346 = AXIS2_PLACEMENT_3D ( 'NONE', #654, #2579, #2561 ) ;
#347 = CARTESIAN_POINT ( 'NONE',  ( -2.540000000000000036, -9.671035733328897877, -0.6233164015625629606 ) ) ;
#348 = CARTESIAN_POINT ( 'NONE',  ( -2.540000000000000036, -9.258022279497595264, -1.516613461390144524 ) ) ;
#349 = ORIENTED_EDGE ( 'NONE', *, *, #4852, .T. ) ;
#350 = CARTESIAN_POINT ( 'NONE',  ( -2.540000000000000036, 7.780477673051001020, -0.7252303260061669921 ) ) ;
#351 = LINE ( 'NONE', #498, #4237 ) ;
#352 = FACE_OUTER_BOUND ( 'NONE', #202, .T. ) ;
#353 = DIRECTION ( 'NONE',  ( 1.000000000000000000, 0.000000000000000000, 0.000000000000000000 ) ) ;
#354 = ORIENTED_EDGE ( 'NONE', *, *, #84, .T. ) ;
#355 = CARTESIAN_POINT ( 'NONE',  ( -2.540000000000000036, 7.298350287071495579, 4.393026832030214379 ) ) ;
#356 = CARTESIAN_POINT ( 'NONE',  ( -2.540000000000000036, -6.530085353870182630, -1.290581497965993529 ) ) ;
#357 = B_SPLINE_CURVE_WITH_KNOTS ( 'NONE', 3,
 ( #3024, #2358, #3079, #2343 ),
 .UNSPECIFIED., .F., .F.,
 ( 4, 4 ),
 ( 25.00000000000000000, 26.00000000000000000 ),
 .UNSPECIFIED. ) ;
#358 = CARTESIAN_POINT ( 'NONE',  ( -2.540000000000000036, -8.541524007261708462, -2.037763527086666304 ) ) ;
#359 = EDGE_CURVE ( 'NONE', #2092, #3967, #2212, .T. ) ;
#360 = FACE_OUTER_BOUND ( 'NONE', #3992, .T. ) ;
#361 = VERTEX_POINT ( 'NONE', #1859 ) ;
#362 = CARTESIAN_POINT ( 'NONE',  ( -2.540000000000000036, 7.199456681376780409, 0.06553649016905721547 ) ) ;
#363 = CARTESIAN_POINT ( 'NONE',  ( -2.540000000000000036, -7.053146122507943261, 1.653422754971416886 ) ) ;
#364 = DATE_AND_TIME ( #2072, #2357 ) ;
#365 = CARTESIAN_POINT ( 'NONE',  ( -2.540000000000000036, -6.284845169087374117, 0.8057836307450899627 ) ) ;
#366 = LINE ( 'NONE', #1984, #4000 ) ;
#367 = ORIENTED_EDGE ( 'NONE', *, *, #4510, .F. ) ;
#368 = EDGE_CURVE ( 'NONE', #1623, #2919, #3003, .T. ) ;
#369 = CARTESIAN_POINT ( 'NONE',  ( -2.540000000000000036, -8.423644075026725631, -2.198126949702704280 ) ) ;
#370 = CARTESIAN_POINT ( 'NONE',  ( -2.540000000000000036, -9.635954281193326310, -0.7993750749636644448 ) ) ;
#371 = FACE_OUTER_BOUND ( 'NONE', #4321, .T. ) ;
#372 = ORIENTED_EDGE ( 'NONE', *, *, #2081, .T. ) ;
#373 = CC_DESIGN_PERSON_AND_ORGANIZATION_ASSIGNMENT ( #245, #2007, ( #403 ) ) ;
#374 = CARTESIAN_POINT ( 'NONE',  ( -2.540000000000000036, -8.699449672895626762, -1.297832501361904312 ) ) ;
#375 = CARTESIAN_POINT ( 'NONE',  ( -2.540000000000000036, -8.538307692307688157, 1.445846153846154003 ) ) ;
#376 = CARTESIAN_POINT ( 'NONE',  ( -2.540000000000000036, -8.900379807692305079, -2.266461538461537639 ) ) ;
#377 = ORIENTED_EDGE ( 'NONE', *, *, #4644, .T. ) ;
#378 = VERTEX_POINT ( 'NONE', #1877 ) ;
#379 = CARTESIAN_POINT ( 'NONE',  ( -2.540000000000000036, 7.758346163959190633, -1.206772449346147136 ) ) ;
#380 = ORIENTED_EDGE ( 'NONE', *, *, #1305, .T. ) ;
#381 = SECURITY_CLASSIFICATION ( '', '', #3897 ) ;
#382 = EDGE_CURVE ( 'NONE', #1948, #289, #1503, .T. ) ;
#383 = ORIENTED_EDGE ( 'NONE', *, *, #733, .T. ) ;
#384 = CARTESIAN_POINT ( 'NONE',  ( -2.540000000000000036, -8.128616771416208309, -0.6452665939747261881 ) ) ;
#385 = CARTESIAN_POINT ( 'NONE',  ( -2.540000000000000036, 7.639370821174638948, 5.047019149436295926 ) ) ;
#386 = ORIENTED_EDGE ( 'NONE', *, *, #4436, .T. ) ;
#387 = CARTESIAN_POINT ( 'NONE',  ( -2.540000000000000036, -6.271846153846151850, -0.002137019230768707513 ) ) ;
#388 = ORIENTED_EDGE ( 'NONE', *, *, #3400, .F. ) ;
#389 = CARTESIAN_POINT ( 'NONE',  ( -2.540000000000000036, -9.120812578465313791, 1.444184565179917668 ) ) ;
#390 = ORIENTED_EDGE ( 'NONE', *, *, #84, .F. ) ;
#391 = DATE_AND_TIME ( #1518, #2624 ) ;
#392 = ORIENTED_EDGE ( 'NONE', *, *, #1405, .F. ) ;
#393 = DIRECTION ( 'NONE',  ( 1.000000000000000000, 0.000000000000000000, 0.000000000000000000 ) ) ;
#394 = ORIENTED_EDGE ( 'NONE', *, *, #3010, .F. ) ;
#395 = DIRECTION ( 'NONE',  ( 0.000000000000000000, 0.000000000000000000, -1.000000000000000000 ) ) ;
#396 = EDGE_CURVE ( 'NONE', #1324, #612, #2545, .T. ) ;
#397 = CARTESIAN_POINT ( 'NONE',  ( -2.540000000000000036, -8.329252141854986746, -0.7209927528227504379 ) ) ;
#398 = ORIENTED_EDGE ( 'NONE', *, *, #3828, .T. ) ;
#399 = ORIENTED_EDGE ( 'NONE', *, *, #339, .F. ) ;
#400 = CARTESIAN_POINT ( 'NONE',  ( -2.540000000000000036, -8.148604698942991220, -0.7551544299255095183 ) ) ;
#401 = CARTESIAN_POINT ( 'NONE',  ( -2.540000000000000036, -9.641846449820434373, 1.037137526989615255 ) ) ;
#402 = CARTESIAN_POINT ( 'NONE',  ( -2.540000000000000036, -7.504491251382323647, 0.8424044685351174122 ) ) ;
#403 = PRODUCT ( 'DWG2163_100æm', 'DWG2163_100æm', '', ( #1653 ) ) ;
#404 = LINE ( 'NONE', #528, #3034 ) ;
#405 = ORIENTED_EDGE ( 'NONE', *, *, #4442, .T. ) ;
#406 = CARTESIAN_POINT ( 'NONE',  ( -2.540000000000000036, 4.775199999999999889, 0.000000000000000000 ) ) ;
#407 = PLANE ( 'NONE',  #4300 ) ;
#408 = CARTESIAN_POINT ( 'NONE',  ( -2.540000000000000036, 7.102749822960102044, 4.890559770672168405 ) ) ;
#409 = VECTOR ( 'NONE', #2846, 1000.000000000000000 ) ;
#410 = LINE ( 'NONE', #4029, #3286 ) ;
#411 = CC_DESIGN_APPROVAL ( #3681, ( #4525 ) ) ;
#412 = EDGE_CURVE ( 'NONE', #1036, #4301, #2136, .T. ) ;
#413 = ORIENTED_EDGE ( 'NONE', *, *, #2331, .T. ) ;
#414 = DIRECTION ( 'NONE',  ( 0.000000000000000000, 0.8080107891339031179, -0.5891676880508698311 ) ) ;
#415 = CARTESIAN_POINT ( 'NONE',  ( -2.540000000000000036, -8.683273093833454581, -3.287785372946316897 ) ) ;
#416 = B_SPLINE_CURVE_WITH_KNOTS ( 'NONE', 3,
 ( #319, #4417, #777, #1890, #1906, #3376, #3, #3345, #1840, #4841, #376 ),
 .UNSPECIFIED., .F., .F.,
 ( 4, 1, 1, 1, 1, 1, 1, 1, 4 ),
 ( 0.000000000000000000, 0.09742066817721527217, 0.2008855880393204951, 0.3111719701726490261, 0.4297979458253715079, 0.5577399263645880234, 0.6947152693641598376, 0.8421299102060564312, 1.000000000000000000 ),
 .UNSPECIFIED. ) ;
#417 = DIRECTION ( 'NONE',  ( 0.000000000000000000, -0.004989411720881444835, -0.9999875528078735476 ) ) ;
#418 = ADVANCED_FACE ( 'NONE', ( #2306, #619, #301, #2189, #1374, #1730, #2605, #4598, #4125, #1613, #252, #3489, #2486, #504, #3132 ), #1083, .F. ) ;
#419 = LINE ( 'NONE', #4421, #2060 ) ;
#420 = ORIENTED_EDGE ( 'NONE', *, *, #2961, .T. ) ;
#421 = CARTESIAN_POINT ( 'NONE',  ( -2.540000000000000036, -6.317880373398757854, -0.3858168553483807828 ) ) ;
#422 = FACE_BOUND ( 'NONE', #2618, .T. ) ;
#423 = CC_DESIGN_APPROVAL ( #3544, ( #1221 ) ) ;
#424 = LINE ( 'NONE', #1187, #4468 ) ;
#425 = ORIENTED_EDGE ( 'NONE', *, *, #1743, .F. ) ;
#426 = APPROVAL_PERSON_ORGANIZATION ( #4418, #3281, #1665 ) ;
#427 = DIRECTION ( 'NONE',  ( 0.000000000000000000, 0.000000000000000000, -1.000000000000000000 ) ) ;
#428 = CARTESIAN_POINT ( 'NONE',  ( -2.540000000000000036, -8.835943856243769545, -1.093571449773270698 ) ) ;
#429 = ORIENTED_EDGE ( 'NONE', *, *, #3432, .F. ) ;
#430 = EDGE_CURVE ( 'NONE', #2215, #807, #4250, .T. ) ;
#431 = APPROVAL_PERSON_ORGANIZATION ( #970, #3534, #153 ) ;
#432 = VECTOR ( 'NONE', #2428, 1000.000000000000000 ) ;
#433 = CARTESIAN_POINT ( 'NONE',  ( -2.540000000000000036, 8.063065648615221903, 0.4653917291569317771 ) ) ;
#434 = AXIS2_PLACEMENT_3D ( 'NONE', #3209, #3977, #3570 ) ;
#435 = VECTOR ( 'NONE', #3257, 1000.000000000000000 ) ;
#436 = CARTESIAN_POINT ( 'NONE',  ( -2.540000000000000036, -7.053146122507942373, 0.4811150626637237804 ) ) ;
#437 = DIRECTION ( 'NONE',  ( 0.000000000000000000, -0.000000000000000000, 1.000000000000000000 ) ) ;
#438 = CARTESIAN_POINT ( 'NONE',  ( -2.540000000000000036, -8.530672829346716668, 2.331579320194352434 ) ) ;
#439 = CARTESIAN_POINT ( 'NONE',  ( -2.540000000000000036, 7.496111598873794080, 5.448752188893708492 ) ) ;
#440 = VERTEX_POINT ( 'NONE', #4116 ) ;
#441 = CARTESIAN_POINT ( 'NONE',  ( -2.540000000000000036, 7.779698119025134417, 5.158861073839461575 ) ) ;
#442 = ORIENTED_EDGE ( 'NONE', *, *, #2585, .F. ) ;
#443 = ADVANCED_FACE ( 'NONE', ( #4005 ), #4859, .F. ) ;
#444 = CARTESIAN_POINT ( 'NONE',  ( -2.540000000000000036, 7.642760240453823961, 4.956605949760546359 ) ) ;
#445 = EDGE_CURVE ( 'NONE', #663, #1396, #4371, .T. ) ;
#446 = ORIENTED_EDGE ( 'NONE', *, *, #2405, .F. ) ;
#447 = CARTESIAN_POINT ( 'NONE',  ( -2.540000000000000036, 4.775199999999999889, 0.000000000000000000 ) ) ;
#448 = CARTESIAN_POINT ( 'NONE',  ( -2.540000000000000036, 7.589456790629025562, -0.1199639009140300722 ) ) ;
#449 = CARTESIAN_POINT ( 'NONE',  ( -2.540000000000000036, -8.791565742350019974, 2.813104439500380138 ) ) ;
#450 = CARTESIAN_POINT ( 'NONE',  ( -2.540000000000000036, -6.376254807692305349, 0.9674591346153855742 ) ) ;
#451 = B_SPLINE_CURVE_WITH_KNOTS ( 'NONE', 3,
 ( #1635, #3565, #3901, #1271, #1671, #3188, #2042, #3509, #957, #4684, #888, #4264, #185, #3548, #2437 ),
 .UNSPECIFIED., .F., .F.,
 ( 4, 1, 1, 1, 1, 1, 1, 1, 1, 1, 1, 1, 4 ),
 ( 0.000000000000000000, 0.08924249378152833423, 0.1729768290722686896, 0.2526551372368088244, 0.3289533944009838118, 0.4046880824662915654, 0.4814988935669577974, 0.5618700905962239478, 0.6456290048367238077, 0.7322912491886801600, 0.8191788448148054069, 0.9080746859653676673, 1.000000000000000000 ),
 .UNSPECIFIED. ) ;
#452 = CARTESIAN_POINT ( 'NONE',  ( -2.540000000000000036, -8.689120192307690616, -3.301999999999999602 ) ) ;
#453 = VERTEX_POINT ( 'NONE', #6 ) ;
#454 = AXIS2_PLACEMENT_3D ( 'NONE', #4655, #1301, #2044 ) ;
#455 = ORIENTED_EDGE ( 'NONE', *, *, #3603, .F. ) ;
#456 = CARTESIAN_POINT ( 'NONE',  ( -2.540000000000000036, -6.391644075026722938, -0.4201269497027039779 ) ) ;
#457 = CARTESIAN_POINT ( 'NONE',  ( -2.540000000000000036, -6.571845199183638186, -2.071714472521514860 ) ) ;
#458 = ORIENTED_EDGE ( 'NONE', *, *, #396, .T. ) ;
#459 = ORIENTED_EDGE ( 'NONE', *, *, #4241, .F. ) ;
#460 = CARTESIAN_POINT ( 'NONE',  ( -2.540000000000000036, 7.099814263991548913, -4.026720149348139266 ) ) ;
#461 = DATE_AND_TIME ( #37, #3585 ) ;
#462 = CARTESIAN_POINT ( 'NONE',  ( -2.540000000000000036, -8.428841560149150425, -3.161480069117721836 ) ) ;
#463 = ORIENTED_EDGE ( 'NONE', *, *, #1389, .F. ) ;
#464 = EDGE_CURVE ( 'NONE', #3419, #1693, #3377, .T. ) ;
#465 = CARTESIAN_POINT ( 'NONE',  ( -2.540000000000000036, -9.651179195159096835, -0.4553952922307260565 ) ) ;
#466 = CARTESIAN_POINT ( 'NONE',  ( -2.540000000000000036, 4.775199999999999889, 0.000000000000000000 ) ) ;
#467 = CARTESIAN_POINT ( 'NONE',  ( -2.540000000000000036, -9.651999999999997470, 1.445846153846154003 ) ) ;
#468 = ORIENTED_EDGE ( 'NONE', *, *, #1259, .T. ) ;
#469 = CARTESIAN_POINT ( 'NONE',  ( -2.540000000000000036, -9.003052200125630122, 2.757612554095089319 ) ) ;
#470 = CARTESIAN_POINT ( 'NONE',  ( -0.6349999999999988987, 0.000000000000000000, 3.682999999999999385 ) ) ;
#471 = ORIENTED_EDGE ( 'NONE', *, *, #2354, .F. ) ;
#472 = EDGE_CURVE ( 'NONE', #738, #95, #3755, .T. ) ;
#473 = CARTESIAN_POINT ( 'NONE',  ( -2.540000000000000036, 7.189410584293125517, 3.884147729009187255 ) ) ;
#474 = ORIENTED_EDGE ( 'NONE', *, *, #3855, .F. ) ;
#475 = ADVANCED_FACE ( 'NONE', ( #139 ), #1974, .F. ) ;
#476 = LINE ( 'NONE', #1866, #4101 ) ;
#477 = CIRCLE ( 'NONE', #3765, 0.2750000000000000222 ) ;
#478 = CARTESIAN_POINT ( 'NONE',  ( -2.540000000000000036, -7.381300007551997666, 0.4044958929698032057 ) ) ;
#479 = CARTESIAN_POINT ( 'NONE',  ( -2.540000000000000036, 7.077553468916143231, 4.980253752384589561 ) ) ;
#480 = VERTEX_POINT ( 'NONE', #3395 ) ;
#481 = AXIS2_PLACEMENT_3D ( 'NONE', #4333, #3705, #2546 ) ;
#482 = CARTESIAN_POINT ( 'NONE',  ( 0.01250000000000000590, 0.05000000000000000278, -4.381249999999999645 ) ) ;
#483 = CARTESIAN_POINT ( 'NONE',  ( -2.540000000000000036, -8.332455625419241230, -3.040103371248024100 ) ) ;
#484 = APPROVAL ( #1683, 'UNSPECIFIED' ) ;
#485 = FACE_BOUND ( 'NONE', #1575, .T. ) ;
#486 = EDGE_CURVE ( 'NONE', #453, #3419, #357, .T. ) ;
#487 = PLANE ( 'NONE',  #2284 ) ;
#488 = VECTOR ( 'NONE', #4875, 1000.000000000000000 ) ;
#489 = ORIENTED_EDGE ( 'NONE', *, *, #695, .T. ) ;
#490 = PLANE ( 'NONE',  #3453 ) ;
#491 = B_SPLINE_CURVE_WITH_KNOTS ( 'NONE', 3,
 ( #3180, #244, #1310, #3218 ),
 .UNSPECIFIED., .F., .F.,
 ( 4, 4 ),
 ( 9.000000000000000000, 10.00000000000000000 ),
 .UNSPECIFIED. ) ;
#492 = DATE_AND_TIME ( #2769, #4297 ) ;
#493 = FACE_OUTER_BOUND ( 'NONE', #3586, .T. ) ;
#494 = ORIENTED_EDGE ( 'NONE', *, *, #325, .F. ) ;
#495 = CARTESIAN_POINT ( 'NONE',  ( -2.540000000000000036, -7.592787985522702954, 0.2150700983606437799 ) ) ;
#496 = CARTESIAN_POINT ( 'NONE',  ( -2.540000000000000036, -7.316162666547926463, -0.2303218109894440147 ) ) ;
#497 = APPROVAL_PERSON_ORGANIZATION ( #2012, #1927, #2378 ) ;
#498 = CARTESIAN_POINT ( 'NONE',  ( -2.540000000000000036, -6.095999999999997421, -2.989384615384612420 ) ) ;
#499 = LINE ( 'NONE', #4366, #1773 ) ;
#500 = VERTEX_POINT ( 'NONE', #3843 ) ;
#501 = CARTESIAN_POINT ( 'NONE',  ( -2.540000000000000036, -10.06230769230768907, 0.9183076923076924913 ) ) ;
#502 = ADVANCED_FACE ( 'NONE', ( #371 ), #487, .F. ) ;
#503 = CARTESIAN_POINT ( 'NONE',  ( -2.540000000000000036, -8.508999999999996788, -3.301999999999999602 ) ) ;
#504 = FACE_BOUND ( 'NONE', #1709, .T. ) ;
#505 = CARTESIAN_POINT ( 'NONE',  ( -2.540000000000000036, -9.481836001046833218, -0.2384775524927661428 ) ) ;
#506 = B_SPLINE_CURVE_WITH_KNOTS ( 'NONE', 3,
 ( #4359, #3710, #3301, #1037 ),
 .UNSPECIFIED., .F., .F.,
 ( 4, 4 ),
 ( 20.00000000000000000, 21.00000000000000000 ),
 .UNSPECIFIED. ) ;
#507 = ORIENTED_EDGE ( 'NONE', *, *, #3212, .T. ) ;
#508 = EDGE_CURVE ( 'NONE', #3088, #3520, #1875, .T. ) ;
#509 = CARTESIAN_POINT ( 'NONE',  ( -2.540000000000000036, 7.005675944454452519, 4.509991222645200359 ) ) ;
#510 = ORIENTED_EDGE ( 'NONE', *, *, #3205, .T. ) ;
#511 = CARTESIAN_POINT ( 'NONE',  ( -2.540000000000000036, -7.399608389606527226, -0.1644576293211010287 ) ) ;
#512 = ORIENTED_EDGE ( 'NONE', *, *, #1729, .T. ) ;
#513 = CARTESIAN_POINT ( 'NONE',  ( -2.540000000000000036, 7.019899034531098536, -0.1542115614409590996 ) ) ;
#514 = VERTEX_POINT ( 'NONE', #1262 ) ;
#515 = ORIENTED_EDGE ( 'NONE', *, *, #3114, .T. ) ;
#516 = CARTESIAN_POINT ( 'NONE',  ( -2.540000000000000036, -8.985191066290370898, -2.070511560126611084 ) ) ;
#517 = CARTESIAN_POINT ( 'NONE',  ( 0.000000000000000000, 4.510374161259701612E-16, -3.682999999999999385 ) ) ;
#518 = EDGE_CURVE ( 'NONE', #4776, #1771, #3254, .T. ) ;
#519 = VERTEX_POINT ( 'NONE', #3411 ) ;
#520 = CARTESIAN_POINT ( 'NONE',  ( -2.540000000000000036, -8.532807108926531825, -0.1532624571600894603 ) ) ;
#521 =( LENGTH_UNIT ( ) NAMED_UNIT ( * ) SI_UNIT ( .MILLI., .METRE. ) );
#522 = DIRECTION ( 'NONE',  ( 0.000000000000000000, 0.000000000000000000, 1.000000000000000000 ) ) ;
#523 = CARTESIAN_POINT ( 'NONE',  ( -2.540000000000000036, -7.619179195159093254, 1.322604707769273080 ) ) ;
#524 = B_SPLINE_CURVE_WITH_KNOTS ( 'NONE', 3,
 ( #969, #1447, #1379, #2529 ),
 .UNSPECIFIED., .F., .F.,
 ( 4, 4 ),
 ( 3.000000000000000000, 4.000000000000000000 ),
 .UNSPECIFIED. ) ;
#525 = COORDINATED_UNIVERSAL_TIME_OFFSET ( 5, 0, .BEHIND. ) ;
#526 = ADVANCED_FACE ( 'NONE', ( #1429 ), #2426, .T. ) ;
#527 = PERSON_AND_ORGANIZATION_ROLE ( 'design_owner' ) ;
#528 = CARTESIAN_POINT ( 'NONE',  ( -2.540000000000000036, 7.270871268506767571, 3.493637935635127700 ) ) ;
#529 = CARTESIAN_POINT ( 'NONE',  ( -2.540000000000000036, -8.310493083938654379, -0.5453811099366410176 ) ) ;
#530 = VERTEX_POINT ( 'NONE', #1289 ) ;
#531 = DIRECTION ( 'NONE',  ( -0.000000000000000000, -0.9999992460301319053, 0.001227981745711138623 ) ) ;
#532 = ORIENTED_EDGE ( 'NONE', *, *, #3065, .T. ) ;
#533 = DIRECTION ( 'NONE',  ( -1.000000000000000000, -0.000000000000000000, -0.000000000000000000 ) ) ;
#534 = AXIS2_PLACEMENT_3D ( 'NONE', #3263, #1388, #768 ) ;
#535 = VECTOR ( 'NONE', #608, 1000.000000000000000 ) ;
#536 = CARTESIAN_POINT ( 'NONE',  ( -2.540000000000000036, 6.773927481077797630, 0.3261535820622386561 ) ) ;
#537 = VECTOR ( 'NONE', #3607, 999.9999999999998863 ) ;
#538 = CARTESIAN_POINT ( 'NONE',  ( -2.540000000000000036, -7.439344987683950805, -0.3773804691239965314 ) ) ;
#539 = APPLICATION_CONTEXT ( 'configuration controlled 3d designs of mechanical parts and assemblies' ) ;
#540 = ORIENTED_EDGE ( 'NONE', *, *, #2794, .T. ) ;
#541 = CARTESIAN_POINT ( 'NONE',  ( -2.540000000000000036, 6.656335835890905273, -0.1112863498164114312 ) ) ;
#542 = VECTOR ( 'NONE', #4849, 1000.000000000000000 ) ;
#543 = AXIS2_PLACEMENT_3D ( 'NONE', #1371, #278, #624 ) ;
#544 = VECTOR ( 'NONE', #1292, 1000.000000000000000 ) ;
#545 = ORIENTED_EDGE ( 'NONE', *, *, #760, .F. ) ;
#546 = CARTESIAN_POINT ( 'NONE',  ( -2.540000000000000036, -6.297252141854986718, -0.1153004451304426303 ) ) ;
#547 = LINE ( 'NONE', #3258, #4647 ) ;
#548 = ORIENTED_EDGE ( 'NONE', *, *, #2598, .T. ) ;
#549 = PERSON_AND_ORGANIZATION ( #1194, #3606 ) ;
#550 = EDGE_CURVE ( 'NONE', #1664, #514, #1022, .T. ) ;
#551 = CARTESIAN_POINT ( 'NONE',  ( -2.540000000000000036, -8.615717116072667991, -0.1357511621265882762 ) ) ;
#552 = CARTESIAN_POINT ( 'NONE',  ( -2.540000000000000036, 8.151049937115333321, 0.3717185094035606041 ) ) ;
#553 = LINE ( 'NONE', #4392, #1121 ) ;
#554 = CARTESIAN_POINT ( 'NONE',  ( -2.540000000000000036, 6.953600971848576506, 5.375583264400559891 ) ) ;
#555 = ORIENTED_EDGE ( 'NONE', *, *, #3249, .F. ) ;
#556 = APPROVAL_STATUS ( 'not_yet_approved' ) ;
#557 = CIRCLE ( 'NONE', #2218, 0.2750000000000000777 ) ;
#558 = CARTESIAN_POINT ( 'NONE',  ( -2.540000000000000036, -8.871066927329355423, -0.3128004104291317589 ) ) ;
#559 = ORIENTED_EDGE ( 'NONE', *, *, #3349, .T. ) ;
#560 = VECTOR ( 'NONE', #573, 1000.000000000000000 ) ;
#561 = CARTESIAN_POINT ( 'NONE',  ( -2.540000000000000036, -6.271846153846150962, -2.410557692307689681 ) ) ;
#562 = CARTESIAN_POINT ( 'NONE',  ( -2.540000000000000036, -6.784074400114882053, 1.464845087113626043 ) ) ;
#563 = EDGE_CURVE ( 'NONE', #1789, #3986, #2021, .T. ) ;
#564 = CARTESIAN_POINT ( 'NONE',  ( -2.540000000000000036, -9.530800480769228145, 0.9183076923076924913 ) ) ;
#565 = ORIENTED_EDGE ( 'NONE', *, *, #508, .T. ) ;
#566 = CARTESIAN_POINT ( 'NONE',  ( -2.540000000000000036, 8.000741740803881896, 4.445503057342077291 ) ) ;
#567 = CARTESIAN_POINT ( 'NONE',  ( -2.540000000000000036, -6.868379807692305050, 0.6838461538461548805 ) ) ;
#568 = DIRECTION ( 'NONE',  ( -0.000000000000000000, 0.001227981745711024999, 0.9999992460301319053 ) ) ;
#569 = VERTEX_POINT ( 'NONE', #564 ) ;
#570 = APPROVAL_STATUS ( 'not_yet_approved' ) ;
#571 = ORIENTED_EDGE ( 'NONE', *, *, #1986, .T. ) ;
#572 = AXIS2_PLACEMENT_3D ( 'NONE', #27, #65, #395 ) ;
#573 = DIRECTION ( 'NONE',  ( 0.000000000000000000, -0.9321152025493252280, 0.3621619101678563157 ) ) ;
#574 = CARTESIAN_POINT ( 'NONE',  ( -2.540000000000000036, 6.432294390808333873, -0.09847275114702487564 ) ) ;
#575 = DIRECTION ( 'NONE',  ( 0.000000000000000000, 1.000000000000000000, 0.000000000000000000 ) ) ;
#576 = CARTESIAN_POINT ( 'NONE',  ( -2.540000000000000036, -9.651999999999997470, 1.445846153846154003 ) ) ;
#577 = CARTESIAN_POINT ( 'NONE',  ( -2.540000000000000036, -6.095999999999998309, 3.145692307692308898 ) ) ;
#578 = EDGE_CURVE ( 'NONE', #1468, #2611, #713, .T. ) ;
#579 = VERTEX_POINT ( 'NONE', #1711 ) ;
#580 = CARTESIAN_POINT ( 'NONE',  ( -2.540000000000000036, -6.424587037213045804, 1.404218953487189170 ) ) ;
#581 = CARTESIAN_POINT ( 'NONE',  ( -2.540000000000000036, -8.914187854894024099, 3.205945057338620785 ) ) ;
#582 = PERSON_AND_ORGANIZATION ( #2323, #4393 ) ;
#583 = CARTESIAN_POINT ( 'NONE',  ( 0.000000000000000000, 0.000000000000000000, 0.000000000000000000 ) ) ;
#584 = VERTEX_POINT ( 'NONE', #2869 ) ;
#585 = CARTESIAN_POINT ( 'NONE',  ( -2.540000000000000036, -8.572092935238627476, 2.622120989050555018 ) ) ;
#586 = CARTESIAN_POINT ( 'NONE',  ( -2.540000000000000036, 6.637797683363556800, 2.549906780911337378 ) ) ;
#587 = DATE_TIME_ROLE ( 'classification_date' ) ;
#588 = CARTESIAN_POINT ( 'NONE',  ( -2.540000000000000036, -6.567597795040075681, -0.2722436376910471467 ) ) ;
#589 = VERTEX_POINT ( 'NONE', #3962 ) ;
#590 = CARTESIAN_POINT ( 'NONE',  ( -2.540000000000000036, -7.603954281193323617, -0.1936827672713574144 ) ) ;
#591 = LINE ( 'NONE', #4491, #3227 ) ;
#592 = CARTESIAN_POINT ( 'NONE',  ( -2.540000000000000036, -6.301022613225112146, 0.1169764730956121407 ) ) ;
#593 = EDGE_CURVE ( 'NONE', #4083, #3536, #1081, .T. ) ;
#594 = ORIENTED_EDGE ( 'NONE', *, *, #3584, .F. ) ;
#595 = LINE ( 'NONE', #1395, #2523 ) ;
#596 = VERTEX_POINT ( 'NONE', #2505 ) ;
#597 = AXIS2_PLACEMENT_3D ( 'NONE', #2590, #2926, #4440 ) ;
#598 = CARTESIAN_POINT ( 'NONE',  ( -2.540000000000000036, -8.638020775311165522, 2.686730298831412789 ) ) ;
#599 = PLANE ( 'NONE',  #2481 ) ;
#600 = EDGE_CURVE ( 'NONE', #807, #2215, #557, .T. ) ;
#601 = CARTESIAN_POINT ( 'NONE',  ( -2.540000000000000036, 7.259451802890562355, -1.191151910359529165 ) ) ;
#602 = DATE_TIME_ROLE ( 'classification_date' ) ;
#603 = VECTOR ( 'NONE', #1992, 1000.000000000000000 ) ;
#604 = VERTEX_POINT ( 'NONE', #1021 ) ;
#605 = CARTESIAN_POINT ( 'NONE',  ( -2.540000000000000036, -9.453013406617431613, 1.033707233771978151 ) ) ;
#606 = DIRECTION ( 'NONE',  ( 0.000000000000000000, -1.000000000000000000, 0.000000000000000000 ) ) ;
#607 = CARTESIAN_POINT ( 'NONE',  ( -2.398232558139534287, 4.510374161259701612E-16, -3.682999999999999385 ) ) ;
#608 = DIRECTION ( 'NONE',  ( 0.000000000000000000, 0.000000000000000000, -1.000000000000000000 ) ) ;
#609 = CC_DESIGN_APPROVAL ( #2946, ( #2017 ) ) ;
#610 = EDGE_CURVE ( 'NONE', #4023, #378, #1248, .T. ) ;
#611 = CARTESIAN_POINT ( 'NONE',  ( 0.000000000000000000, 0.05000000000000000278, 0.000000000000000000 ) ) ;
#612 = VERTEX_POINT ( 'NONE', #648 ) ;
#613 = PLANE ( 'NONE',  #1762 ) ;
#614 = APPROVAL_DATE_TIME ( #2243, #3534 ) ;
#615 = DIRECTION ( 'NONE',  ( 0.000000000000000000, -1.000000000000000000, 0.000000000000000000 ) ) ;
#616 = ORIENTED_EDGE ( 'NONE', *, *, #3225, .F. ) ;
#617 = AXIS2_PLACEMENT_3D ( 'NONE', #611, #1740, #2502 ) ;
#618 = APPROVAL ( #4733, 'UNKNOWN' ) ;
#619 = FACE_BOUND ( 'NONE', #2900, .T. ) ;
#620 = ORIENTED_EDGE ( 'NONE', *, *, #2236, .F. ) ;
#621 = CARTESIAN_POINT ( 'NONE',  ( -2.540000000000000036, -6.704813311388992503, -0.2883997615990239183 ) ) ;
#622 = CARTESIAN_POINT ( 'NONE',  ( -2.540000000000000036, -9.250210576964345677, 0.9286046203924852582 ) ) ;
#623 = CARTESIAN_POINT ( 'NONE',  ( -2.540000000000000036, -8.708982181515105836, 2.737646056012860374 ) ) ;
#624 = DIRECTION ( 'NONE',  ( 0.000000000000000000, 0.000000000000000000, -1.000000000000000000 ) ) ;
#625 = ORIENTED_EDGE ( 'NONE', *, *, #4659, .T. ) ;
#626 = CARTESIAN_POINT ( 'NONE',  ( -2.540000000000000036, -6.285278846153842913, -2.235016826923074351 ) ) ;
#627 = EDGE_CURVE ( 'NONE', #2317, #928, #4781, .T. ) ;
#628 = EDGE_LOOP ( 'NONE', ( #2435, #3018, #1973, #2976, #4818 ) ) ;
#629 = DIRECTION ( 'NONE',  ( -1.000000000000000000, -0.000000000000000000, -0.000000000000000000 ) ) ;
#630 = AXIS2_PLACEMENT_3D ( 'NONE', #1338, #1815, #2158 ) ;
#631 = EDGE_CURVE ( 'NONE', #1311, #1985, #3347, .T. ) ;
#632 = VERTEX_POINT ( 'NONE', #3620 ) ;
#633 = CARTESIAN_POINT ( 'NONE',  ( -2.540000000000000036, -6.285278846153842913, -2.235016826923074351 ) ) ;
#634 = ORIENTED_EDGE ( 'NONE', *, *, #2798, .T. ) ;
#635 = CARTESIAN_POINT ( 'NONE',  ( -0.5079999999999988969, 5.847933395288442187E-16, -4.775199999999999889 ) ) ;
#636 = CC_DESIGN_PERSON_AND_ORGANIZATION_ASSIGNMENT ( #4303, #527, ( #3458 ) ) ;
#637 = CARTESIAN_POINT ( 'NONE',  ( -2.540000000000000036, 7.380242137153053328, -0.1946796373294401861 ) ) ;
#638 = PLANE ( 'NONE',  #4395 ) ;
#639 = CARTESIAN_POINT ( 'NONE',  ( -2.540000000000000036, -8.871068918993296748, -0.8984353947247982752 ) ) ;
#640 = DIRECTION ( 'NONE',  ( 0.000000000000000000, 0.001227981745712294816, 0.9999992460301319053 ) ) ;
#641 = CARTESIAN_POINT ( 'NONE',  ( -2.540000000000000036, 1.539748420567967537E-15, 12.57300000000000217 ) ) ;
#642 = DIRECTION ( 'NONE',  ( 0.000000000000000000, -0.001227981745711377148, -0.9999992460301319053 ) ) ;
#643 = ADVANCED_FACE ( 'NONE', ( #3943 ), #4412, .F. ) ;
#644 = EDGE_CURVE ( 'NONE', #952, #1669, #1954, .T. ) ;
#645 = VERTEX_POINT ( 'NONE', #1483 ) ;
#646 = ORIENTED_EDGE ( 'NONE', *, *, #1631, .F. ) ;
#647 = VERTEX_POINT ( 'NONE', #4026 ) ;
#648 = CARTESIAN_POINT ( 'NONE',  ( -2.540000000000000036, -6.869295673076921460, 2.372701923076924402 ) ) ;
#649 = CARTESIAN_POINT ( 'NONE',  ( -2.540000000000000036, -7.447946623836836366, 1.259936133264019098 ) ) ;
#650 = CARTESIAN_POINT ( 'NONE',  ( -2.540000000000000036, -8.819296572271674961, 2.156920695607722038 ) ) ;
#651 = VERTEX_POINT ( 'NONE', #2956 ) ;
#652 = EDGE_LOOP ( 'NONE', ( #3430, #4244, #2115, #1903, #4016 ) ) ;
#653 = ORIENTED_EDGE ( 'NONE', *, *, #2219, .T. ) ;
#654 = CARTESIAN_POINT ( 'NONE',  ( 0.000000000000000000, 5.510910596163089556E-16, -4.500000000000000888 ) ) ;
#655 = LINE ( 'NONE', #4054, #2340 ) ;
#656 = LINE ( 'NONE', #2508, #767 ) ;
#657 = DIRECTION ( 'NONE',  ( -0.000000000000000000, -1.000000000000000000, -0.000000000000000000 ) ) ;
#658 = CARTESIAN_POINT ( 'NONE',  ( -2.540000000000000036, 6.899679955067874459, 3.574882156375193798 ) ) ;
#659 = CARTESIAN_POINT ( 'NONE',  ( -2.540000000000000036, -6.682257361978456878, 0.6909951921570842703 ) ) ;
#660 = DIRECTION ( 'NONE',  ( 0.000000000000000000, 0.000000000000000000, 1.000000000000000000 ) ) ;
#661 = LINE ( 'NONE', #501, #2355 ) ;
#662 = LINE ( 'NONE', #1977, #544 ) ;
#663 = VERTEX_POINT ( 'NONE', #1819 ) ;
#664 = CARTESIAN_POINT ( 'NONE',  ( -2.540000000000000036, -8.127999999999998337, -2.880701923076922633 ) ) ;
#665 = AXIS2_PLACEMENT_3D ( 'NONE', #3329, #2152, #307 ) ;
#666 = LINE ( 'NONE', #3128, #904 ) ;
#667 = CARTESIAN_POINT ( 'NONE',  ( -2.540000000000000036, 6.901230201754883886, 3.885585597484975118 ) ) ;
#668 = ORIENTED_EDGE ( 'NONE', *, *, #1676, .F. ) ;
#669 =( NAMED_UNIT ( * ) PLANE_ANGLE_UNIT ( ) SI_UNIT ( $, .RADIAN. ) );
#670 = CALENDAR_DATE ( 2021, 12, 4 ) ;
#671 = VECTOR ( 'NONE', #3046, 1000.000000000000000 ) ;
#672 = CARTESIAN_POINT ( 'NONE',  ( -2.540000000000000036, -8.692779421019073638, 3.368746266787578492 ) ) ;
#673 = CARTESIAN_POINT ( 'NONE',  ( -2.540000000000000036, 6.570395627067084021, 3.115110591405514828 ) ) ;
#674 = EDGE_CURVE ( 'NONE', #807, #1867, #192, .T. ) ;
#675 = EDGE_LOOP ( 'NONE', ( #296, #758 ) ) ;
#676 = CARTESIAN_POINT ( 'NONE',  ( -2.540000000000000036, -8.694951261242694684, 3.027570338309116149 ) ) ;
#677 = EDGE_LOOP ( 'NONE', ( #4217, #285, #1758, #3198 ) ) ;
#678 = CC_DESIGN_SECURITY_CLASSIFICATION ( #1619, ( #4881 ) ) ;
#679 = CARTESIAN_POINT ( 'NONE',  ( -2.540000000000000036, -8.794516647673495058, -1.291381987114034402 ) ) ;
#680 = DIRECTION ( 'NONE',  ( 0.000000000000000000, 0.000000000000000000, 1.000000000000000000 ) ) ;
#681 = VERTEX_POINT ( 'NONE', #2208 ) ;
#682 = B_SPLINE_CURVE_WITH_KNOTS ( 'NONE', 3,
 ( #4325, #623, #2843, #955, #3241, #1751, #4388, #4682, #2809, #3201, #4704 ),
 .UNSPECIFIED., .F., .F.,
 ( 4, 1, 1, 1, 1, 1, 1, 1, 4 ),
 ( 0.000000000000000000, 0.1423153202033204112, 0.2758893603343597345, 0.4024548018034058705, 0.5233628519927449041, 0.6412279460412269039, 0.7590240660699258957, 0.8775424113033094553, 1.000000000000000000 ),
 .UNSPECIFIED. ) ;
#683 = ORIENTED_EDGE ( 'NONE', *, *, #715, .F. ) ;
#684 = SHAPE_REPRESENTATION ( 'TTN164142', ( #724 ), #1576 ) ;
#685 = CARTESIAN_POINT ( 'NONE',  ( -2.540000000000000036, 6.368400745688109765, -3.413229743843948505 ) ) ;
#686 = CARTESIAN_POINT ( 'NONE',  ( -2.540000000000000036, -8.541051738641439073, 3.208127116857043326 ) ) ;
#687 = EDGE_CURVE ( 'NONE', #1813, #4503, #2835, .T. ) ;
#688 = CARTESIAN_POINT ( 'NONE',  ( 0.000000000000000000, 0.000000000000000000, 3.682999999999999385 ) ) ;
#689 = CARTESIAN_POINT ( 'NONE',  ( -2.540000000000000036, -6.867769230769229516, 0.2930769230769235678 ) ) ;
#690 = ORIENTED_EDGE ( 'NONE', *, *, #3340, .F. ) ;
#691 = ORIENTED_EDGE ( 'NONE', *, *, #1710, .T. ) ;
#692 = DIRECTION ( 'NONE',  ( 1.000000000000000000, 0.000000000000000000, 0.000000000000000000 ) ) ;
#693 = CARTESIAN_POINT ( 'NONE',  ( -2.540000000000000036, -8.877778220346803195, 2.134129228979466664 ) ) ;
#694 = DATE_AND_TIME ( #2683, #2567 ) ;
#695 = EDGE_CURVE ( 'NONE', #2034, #1848, #3822, .T. ) ;
#696 = CARTESIAN_POINT ( 'NONE',  ( -2.540000000000000036, -9.671538461538458975, -1.777999999999999137 ) ) ;
#697 = ORIENTED_EDGE ( 'NONE', *, *, #627, .F. ) ;
#698 = CARTESIAN_POINT ( 'NONE',  ( -2.540000000000000036, 6.329281011760307329, 5.221910107225780528 ) ) ;
#699 = CARTESIAN_POINT ( 'NONE',  ( -2.540000000000000036, -8.803328244459807550, 3.397134966900054120 ) ) ;
#700 = TOROIDAL_SURFACE ( 'NONE', #1381, 4.500000000000000888, 0.2750000000000000222 ) ;
#701 = EDGE_LOOP ( 'NONE', ( #3709, #494, #1211, #1874 ) ) ;
#702 = CARTESIAN_POINT ( 'NONE',  ( -2.540000000000000036, -9.559800814606482788, -2.087168599322104523 ) ) ;
#703 = AXIS2_PLACEMENT_3D ( 'NONE', #1755, #1767, #3633 ) ;
#704 = CARTESIAN_POINT ( 'NONE',  ( -2.540000000000000036, -6.465822807486730106, 0.2484074303406770823 ) ) ;
#705 = VECTOR ( 'NONE', #4149, 1000.000000000000000 ) ;
#706 = LINE ( 'NONE', #2133, #1706 ) ;
#707 = CARTESIAN_POINT ( 'NONE',  ( -2.540000000000000036, 7.649510260283718388, 3.970598002931378101 ) ) ;
#708 = DIRECTION ( 'NONE',  ( 0.000000000000000000, 0.000000000000000000, 1.000000000000000000 ) ) ;
#709 = VERTEX_POINT ( 'NONE', #3676 ) ;
#710 = CARTESIAN_POINT ( 'NONE',  ( 0.000000000000000000, 0.000000000000000000, 4.775000000000000355 ) ) ;
#711 =( LENGTH_UNIT ( ) NAMED_UNIT ( * ) SI_UNIT ( .MILLI., .METRE. ) );
#712 = CIRCLE ( 'NONE', #3947, 4.775199999999999889 ) ;
#713 = B_SPLINE_CURVE_WITH_KNOTS ( 'NONE', 3,
 ( #3574, #3926, #3875, #2069 ),
 .UNSPECIFIED., .F., .F.,
 ( 4, 4 ),
 ( 0.000000000000000000, 1.000000000000000000 ),
 .UNSPECIFIED. ) ;
#714 = EDGE_CURVE ( 'NONE', #1066, #1201, #1244, .T. ) ;
#715 = EDGE_CURVE ( 'NONE', #4372, #1813, #246, .T. ) ;
#716 = CARTESIAN_POINT ( 'NONE',  ( -2.540000000000000036, -8.524010864887303640, 3.140528929460623786 ) ) ;
#717 = CARTESIAN_POINT ( 'NONE',  ( -2.540000000000000036, -6.095999999999998309, 1.172307692307693605 ) ) ;
#718 = VECTOR ( 'NONE', #3271, 1000.000000000000000 ) ;
#719 = FACE_BOUND ( 'NONE', #4740, .T. ) ;
#720 = VERTEX_POINT ( 'NONE', #2911 ) ;
#721 = APPROVAL_DATE_TIME ( #4175, #866 ) ;
#722 = CARTESIAN_POINT ( 'NONE',  ( -2.540000000000000036, -8.128207913039938504, -1.791340453121135878 ) ) ;
#723 = DIRECTION ( 'NONE',  ( 0.000000000000000000, 0.000000000000000000, -1.000000000000000000 ) ) ;
#724 = AXIS2_PLACEMENT_3D ( 'NONE', #4695, #680, #2442 ) ;
#725 = FACE_OUTER_BOUND ( 'NONE', #2201, .T. ) ;
#726 = DIRECTION ( 'NONE',  ( -0.000000000000000000, -1.000000000000000000, -0.000000000000000000 ) ) ;
#727 = ORIENTED_EDGE ( 'NONE', *, *, #281, .F. ) ;
#728 = DIRECTION ( 'NONE',  ( 0.000000000000000000, 0.000000000000000000, -1.000000000000000000 ) ) ;
#729 = VECTOR ( 'NONE', #761, 1000.000000000000000 ) ;
#730 = CARTESIAN_POINT ( 'NONE',  ( -2.540000000000000036, -6.867769230769229516, 0.2930769230769235678 ) ) ;
#731 = VERTEX_POINT ( 'NONE', #3293 ) ;
#732 = CC_DESIGN_PERSON_AND_ORGANIZATION_ASSIGNMENT ( #190, #3912, ( #3431 ) ) ;
#733 = EDGE_CURVE ( 'NONE', #254, #1090, #4445, .T. ) ;
#734 = ORIENTED_EDGE ( 'NONE', *, *, #1421, .T. ) ;
#735 = EDGE_LOOP ( 'NONE', ( #4256, #2532, #555, #3143, #4754 ) ) ;
#736 = CARTESIAN_POINT ( 'NONE',  ( -2.540000000000000036, -8.929081426135489608, -1.485114222905034254 ) ) ;
#737 = CARTESIAN_POINT ( 'NONE',  ( -2.398232558139534287, 0.000000000000000000, 0.000000000000000000 ) ) ;
#738 = VERTEX_POINT ( 'NONE', #297 ) ;
#739 = CARTESIAN_POINT ( 'NONE',  ( -2.540000000000000036, -8.882061781606479300, -1.289679986256840438 ) ) ;
#740 = DIRECTION ( 'NONE',  ( 0.000000000000000000, 0.000000000000000000, -1.000000000000000000 ) ) ;
#741 = B_SPLINE_CURVE_WITH_KNOTS ( 'NONE', 3,
 ( #2866, #3974, #223, #3993 ),
 .UNSPECIFIED., .F., .F.,
 ( 4, 4 ),
 ( 2.000000000000000000, 3.000000000000000000 ),
 .UNSPECIFIED. ) ;
#742 = ORIENTED_EDGE ( 'NONE', *, *, #2548, .T. ) ;
#743 = CARTESIAN_POINT ( 'NONE',  ( -2.540000000000000036, 4.775199999999999889, 0.000000000000000000 ) ) ;
#744 = CARTESIAN_POINT ( 'NONE',  ( -2.540000000000000036, -7.439344987683948140, 0.7949272231836960190 ) ) ;
#745 = EDGE_CURVE ( 'NONE', #4649, #2693, #3061, .T. ) ;
#746 = ORIENTED_EDGE ( 'NONE', *, *, #359, .F. ) ;
#747 = ORIENTED_EDGE ( 'NONE', *, *, #325, .T. ) ;
#748 = CARTESIAN_POINT ( 'NONE',  ( -2.540000000000000036, -8.233966541117776927, -0.9037406755375448908 ) ) ;
#749 = CARTESIAN_POINT ( 'NONE',  ( -2.540000000000000036, -8.658178622306905936, -2.253080041259613697 ) ) ;
#750 = DATE_AND_TIME ( #1095, #820 ) ;
#751 = CARTESIAN_POINT ( 'NONE',  ( -2.540000000000000036, -9.201536708591898872, -0.3325825853347941230 ) ) ;
#752 = AXIS2_PLACEMENT_3D ( 'NONE', #121, #3502, #522 ) ;
#753 = ORIENTED_EDGE ( 'NONE', *, *, #631, .F. ) ;
#754 = CARTESIAN_POINT ( 'NONE',  ( -2.540000000000000036, -9.398354464500396688, 1.381893440925342054 ) ) ;
#755 = VERTEX_POINT ( 'NONE', #664 ) ;
#756 = CARTESIAN_POINT ( 'NONE',  ( -2.540000000000000036, 7.260348996165103763, -2.486836198377317064 ) ) ;
#757 = CARTESIAN_POINT ( 'NONE',  ( -2.540000000000000036, 7.260620382961734620, 5.888652688016636993 ) ) ;
#758 = ORIENTED_EDGE ( 'NONE', *, *, #3603, .T. ) ;
#759 = ORIENTED_EDGE ( 'NONE', *, *, #914, .F. ) ;
#760 = EDGE_CURVE ( 'NONE', #604, #1015, #2560, .T. ) ;
#761 = DIRECTION ( 'NONE',  ( 0.000000000000000000, -1.000000000000000000, 0.000000000000000000 ) ) ;
#762 = VECTOR ( 'NONE', #93, 1000.000000000000000 ) ;
#763 = LINE ( 'NONE', #1178, #2925 ) ;
#764 = CARTESIAN_POINT ( 'NONE',  ( -2.540000000000000036, -6.096380513233132348, -2.362694674886117063 ) ) ;
#765 = CARTESIAN_POINT ( 'NONE',  ( -2.540000000000000036, -6.353357369927902454, 0.7683256387173093005 ) ) ;
#766 = ORIENTED_EDGE ( 'NONE', *, *, #1554, .T. ) ;
#767 = VECTOR ( 'NONE', #3235, 1000.000000000000000 ) ;
#768 = DIRECTION ( 'NONE',  ( 0.000000000000000000, 0.000000000000000000, 1.000000000000000000 ) ) ;
#769 = CARTESIAN_POINT ( 'NONE',  ( -2.540000000000000036, -6.095999999999998309, -2.429485576923074763 ) ) ;
#770 = UNCERTAINTY_MEASURE_WITH_UNIT (LENGTH_MEASURE( 1.000000000000000082E-05 ), #521, 'distance_accuracy_value', 'NONE');
#771 = DESIGN_CONTEXT ( 'detailed design', #1267, 'design' ) ;
#772 = LINE ( 'NONE', #1440, #542 ) ;
#773 = CIRCLE ( 'NONE', #3002, 4.775000000000000355 ) ;
#774 = CARTESIAN_POINT ( 'NONE',  ( -2.540000000000000036, -8.912346155527556490, 2.561764507073879482 ) ) ;
#775 = VERTEX_POINT ( 'NONE', #1093 ) ;
#776 = CARTESIAN_POINT ( 'NONE',  ( -2.540000000000000036, 7.306764290765042524, 4.492348803150021830 ) ) ;
#777 = CARTESIAN_POINT ( 'NONE',  ( -2.540000000000000036, -9.471344987683950833, -2.155380469123996168 ) ) ;
#778 = B_SPLINE_CURVE_WITH_KNOTS ( 'NONE', 3,
 ( #3477, #1273, #4281, #3075 ),
 .UNSPECIFIED., .F., .F.,
 ( 4, 4 ),
 ( 1.025766611794651562, 2.000000000000000000 ),
 .UNSPECIFIED. ) ;
#779 = VECTOR ( 'NONE', #2041, 1000.000000000000000 ) ;
#780 = VERTEX_POINT ( 'NONE', #4478 ) ;
#781 = DIRECTION ( 'NONE',  ( -1.000000000000000000, 0.000000000000000000, 0.000000000000000000 ) ) ;
#782 = CARTESIAN_POINT ( 'NONE',  ( -2.540000000000000036, -6.994321066306036450, 1.657849564685633492 ) ) ;
#783 = LOCAL_TIME ( 16, 0, 1.000000000000000000, #1602 ) ;
#784 = CARTESIAN_POINT ( 'NONE',  ( -2.540000000000000036, -8.304111071811099976, -0.6179229576803192403 ) ) ;
#785 = LINE ( 'NONE', #4347, #4361 ) ;
#786 = AXIS2_PLACEMENT_3D ( 'NONE', #2191, #629, #660 ) ;
#787 = ORIENTED_EDGE ( 'NONE', *, *, #2922, .T. ) ;
#788 = CARTESIAN_POINT ( 'NONE',  ( -2.540000000000000036, 8.067240106382811859, 3.864835275248244439 ) ) ;
#789 = CARTESIAN_POINT ( 'NONE',  ( -2.540000000000000036, -9.451414052346521544, -1.637799064391205039 ) ) ;
#790 = B_SPLINE_CURVE_WITH_KNOTS ( 'NONE', 3,
 ( #2414, #2511, #273, #4052, #1065, #1808, #2892, #2562, #4431, #3693, #2183 ),
 .UNSPECIFIED., .F., .F.,
 ( 4, 1, 1, 1, 1, 1, 1, 1, 4 ),
 ( 0.000000000000000000, 0.08388811327954547037, 0.1771540327539700699, 0.2825136355617222650, 0.3993998606601621981, 0.5294908061912194652, 0.6728021776758326133, 0.8295357616196704642, 1.000000000000000000 ),
 .UNSPECIFIED. ) ;
#791 = CARTESIAN_POINT ( 'NONE',  ( -2.540000000000000036, 7.587305304884834456, 5.417958114845806250 ) ) ;
#792 = AXIS2_PLACEMENT_3D ( 'NONE', #1718, #4339, #1026 ) ;
#793 = ADVANCED_FACE ( 'NONE', ( #725 ), #1126, .T. ) ;
#794 = CARTESIAN_POINT ( 'NONE',  ( -2.540000000000000036, -8.695006619719753971, 2.398138473075366317 ) ) ;
#795 = CARTESIAN_POINT ( 'NONE',  ( -2.540000000000000036, -6.286458929623361058, 0.3678921288377374199 ) ) ;
#796 = CARTESIAN_POINT ( 'NONE',  ( -2.540000000000000036, -8.666352553273052095, -1.495747721037587574 ) ) ;
#797 = VECTOR ( 'NONE', #642, 1000.000000000000000 ) ;
#798 = CARTESIAN_POINT ( 'NONE',  ( -2.540000000000000036, 4.775199999999999889, 0.000000000000000000 ) ) ;
#799 = CARTESIAN_POINT ( 'NONE',  ( -2.540000000000000036, 6.365914022464360222, -5.438277231333872308 ) ) ;
#800 = CARTESIAN_POINT ( 'NONE',  ( -2.540000000000000036, -8.529740019678044405, -3.024465939468898412 ) ) ;
#801 = B_SPLINE_CURVE_WITH_KNOTS ( 'NONE', 3,
 ( #1498, #2225, #4851, #4126 ),
 .UNSPECIFIED., .F., .F.,
 ( 4, 4 ),
 ( 2.000000000000000000, 3.000000000000000000 ),
 .UNSPECIFIED. ) ;
#802 = DIRECTION ( 'NONE',  ( 0.000000000000000000, 0.000000000000000000, 1.000000000000000000 ) ) ;
#803 = AXIS2_PLACEMENT_3D ( 'NONE', #216, #1314, #4323 ) ;
#804 = ORIENTED_EDGE ( 'NONE', *, *, #3567, .F. ) ;
#805 = CARTESIAN_POINT ( 'NONE',  ( -2.540000000000000036, -6.116604698942987639, -0.1494621222332026544 ) ) ;
#806 = CARTESIAN_POINT ( 'NONE',  ( -2.540000000000000036, -6.818205752306309542, -2.363993015652530616 ) ) ;
#807 = VERTEX_POINT ( 'NONE', #710 ) ;
#808 = CARTESIAN_POINT ( 'NONE',  ( -2.540000000000000036, -8.697929308185791797, 2.121197266245504753 ) ) ;
#809 = SHAPE_REPRESENTATION ( 'DWG2082_Design Only', ( #724 ), #4401 ) ;
#810 = CARTESIAN_POINT ( 'NONE',  ( -2.540000000000000036, -6.271846153846151850, -0.002137019230768707513 ) ) ;
#811 = DIRECTION ( 'NONE',  ( 0.000000000000000000, 0.000000000000000000, -1.000000000000000000 ) ) ;
#812 = CARTESIAN_POINT ( 'NONE',  ( -2.540000000000000036, -8.658178622306907712, -1.080772348951921202 ) ) ;
#813 = CARTESIAN_POINT ( 'NONE',  ( -2.540000000000000036, -7.619999999999998330, -0.9769230769230760059 ) ) ;
#814 = CARTESIAN_POINT ( 'NONE',  ( -2.540000000000000036, -9.085146122507945066, -0.1245772450285832361 ) ) ;
#815 = EDGE_LOOP ( 'NONE', ( #3748, #2146, #936, #1993, #3642 ) ) ;
#816 = CARTESIAN_POINT ( 'NONE',  ( -2.540000000000000036, -8.138925260515843974, -0.4915321115445221434 ) ) ;
#817 = CARTESIAN_POINT ( 'NONE',  ( -2.540000000000000036, -9.651999999999997470, 1.641230769230769493 ) ) ;
#818 = ORIENTED_EDGE ( 'NONE', *, *, #4038, .T. ) ;
#819 = CARTESIAN_POINT ( 'NONE',  ( -2.540000000000000036, -9.651999999999997470, 1.917211538461538245 ) ) ;
#820 = LOCAL_TIME ( 16, 0, 1.000000000000000000, #3907 ) ;
#821 = ADVANCED_FACE ( 'NONE', ( #4593 ), #1485, .F. ) ;
#822 = VERTEX_POINT ( 'NONE', #1855 ) ;
#823 = CARTESIAN_POINT ( 'NONE',  ( -2.540000000000000036, -7.302156073710699857, 0.4347522172175201094 ) ) ;
#824 = PLANE ( 'NONE',  #3646 ) ;
#825 = CARTESIAN_POINT ( 'NONE',  ( -2.540000000000000036, -8.599790056568416219, 2.204542508444989668 ) ) ;
#826 = B_SPLINE_CURVE_WITH_KNOTS ( 'NONE', 3,
 ( #898, #4675, #2387, #174, #2023, #1243, #2004, #1290, #2801, #1277, #1987, #3150, #4611, #2371, #2359, #916, #119, #133, #2740 ),
 .UNSPECIFIED., .F., .F.,
 ( 4, 1, 1, 1, 1, 1, 1, 1, 1, 1, 1, 1, 1, 1, 1, 1, 4 ),
 ( 0.000000000000000000, 0.1184055081537691428, 0.2266543328167020255, 0.3240923419286012575, 0.4117048030053213070, 0.4890259050064151292, 0.5569093973430750966, 0.6162333444927069470, 0.6673492812770744909, 0.7135123932013472947, 0.7576965045209774763, 0.7994925114422911649, 0.8399760647439388217, 0.8798857418167759237, 0.9191486593857416398, 0.9592273564930828833, 1.000000000000000000 ),
 .UNSPECIFIED. ) ;
#827 = ORIENTED_EDGE ( 'NONE', *, *, #833, .F. ) ;
#828 = CLOSED_SHELL ( 'NONE', ( #3036, #4204, #3287, #3121, #526, #4568, #4232, #1994 ) ) ;
#829 = CARTESIAN_POINT ( 'NONE',  ( -2.540000000000000036, -9.169868330226515596, 1.442089848912942562 ) ) ;
#830 = FACE_OUTER_BOUND ( 'NONE', #972, .T. ) ;
#831 = CIRCLE ( 'NONE', #597, 4.521200000000000330 ) ;
#832 = APPROVAL ( #556, 'UNSPECIFIED' ) ;
#833 = EDGE_CURVE ( 'NONE', #4221, #4214, #1609, .T. ) ;
#834 = DIRECTION ( 'NONE',  ( 0.000000000000000000, 1.000000000000000000, 0.000000000000000000 ) ) ;
#835 = CARTESIAN_POINT ( 'NONE',  ( -2.540000000000000036, -8.903651910555508309, 2.767156404969860706 ) ) ;
#836 = VECTOR ( 'NONE', #2085, 1000.000000000000000 ) ;
#837 = DIRECTION ( 'NONE',  ( 0.000000000000000000, 0.001227981745710863236, 0.9999992460301319053 ) ) ;
#838 = CARTESIAN_POINT ( 'NONE',  ( -2.540000000000000036, -6.713561661991030327, 1.656114913935693655 ) ) ;
#839 = EDGE_CURVE ( 'NONE', #2056, #2551, #134, .T. ) ;
#840 = LINE ( 'NONE', #3641, #903 ) ;
#841 = CARTESIAN_POINT ( 'NONE',  ( -2.540000000000000036, 8.154314346573139360, 3.030069912381535779 ) ) ;
#842 = DATE_AND_TIME ( #4358, #3177 ) ;
#843 = CARTESIAN_POINT ( 'NONE',  ( 0.000000000000000000, 0.05000000000000000278, 0.000000000000000000 ) ) ;
#844 = ADVANCED_FACE ( 'NONE', ( #1838, #1662 ), #4839, .F. ) ;
#845 = CARTESIAN_POINT ( 'NONE',  ( -2.540000000000000036, -8.144715248529662333, -2.889482499979536101 ) ) ;
#846 = VERTEX_POINT ( 'NONE', #3325 ) ;
#847 = CARTESIAN_POINT ( 'NONE',  ( -2.540000000000000036, -9.666914764791410875, -0.5273202916245145477 ) ) ;
#848 = EDGE_CURVE ( 'NONE', #709, #1275, #4717, .T. ) ;
#849 = APPROVAL_DATE_TIME ( #2832, #484 ) ;
#850 = CARTESIAN_POINT ( 'NONE',  ( -2.540000000000000036, -9.016694711538459472, 2.757365384615384052 ) ) ;
#851 = DIRECTION ( 'NONE',  ( -1.000000000000000000, -0.000000000000000000, -0.000000000000000000 ) ) ;
#852 = CARTESIAN_POINT ( 'NONE',  ( 1.881250000000000089, 0.05000000000000000278, 0.01250000000000000590 ) ) ;
#853 = CARTESIAN_POINT ( 'NONE',  ( -2.540000000000000036, -7.638932452100808845, 0.03977735927986969511 ) ) ;
#854 = ORIENTED_EDGE ( 'NONE', *, *, #1941, .T. ) ;
#855 = CARTESIAN_POINT ( 'NONE',  ( -2.540000000000000036, -6.448172775266346690, 1.609965645394700440 ) ) ;
#856 = CARTESIAN_POINT ( 'NONE',  ( -2.540000000000000036, -6.249360540032796507, -1.210194162937890505 ) ) ;
#857 = CARTESIAN_POINT ( 'NONE',  ( -0.5079999999999988969, 4.521200000000000330, 0.000000000000000000 ) ) ;
#858 = PRODUCT_DEFINITION ( 'UNKNOWN', '', #4525, #2889 ) ;
#859 = DIRECTION ( 'NONE',  ( -0.000000000000000000, 0.001227981745710737035, 0.9999992460301319053 ) ) ;
#860 = EDGE_CURVE ( 'NONE', #4112, #4327, #2623, .T. ) ;
#861 = CARTESIAN_POINT ( 'NONE',  ( 0.000000000000000000, 0.05000000000000000278, -4.762500000000000178 ) ) ;
#862 = VERTEX_POINT ( 'NONE', #2573 ) ;
#863 = CARTESIAN_POINT ( 'NONE',  ( -2.540000000000000036, -6.580948434336528763, -1.857152506572297357 ) ) ;
#864 = ORIENTED_EDGE ( 'NONE', *, *, #2213, .F. ) ;
#865 = ADVANCED_FACE ( 'NONE', ( #3713 ), #1018, .T. ) ;
#866 = APPROVAL ( #3220, 'UNKNOWN' ) ;
#867 = ORIENTED_EDGE ( 'NONE', *, *, #745, .T. ) ;
#868 = CARTESIAN_POINT ( 'NONE',  ( -1.881250000000000089, 0.05000000000000000278, -0.01250000000000000590 ) ) ;
#869 = CARTESIAN_POINT ( 'NONE',  ( -2.540000000000000036, -6.546242933368320749, 1.635274325158522002 ) ) ;
#870 = ORIENTED_EDGE ( 'NONE', *, *, #3065, .F. ) ;
#871 = CARTESIAN_POINT ( 'NONE',  ( -2.540000000000000036, -9.202043463821661717, -2.051122746407140873 ) ) ;
#872 = COORDINATED_UNIVERSAL_TIME_OFFSET ( 5, 0, .BEHIND. ) ;
#873 = CARTESIAN_POINT ( 'NONE',  ( -2.540000000000000036, -8.382442036595199042, -3.098009559947073832 ) ) ;
#874 = ORIENTED_EDGE ( 'NONE', *, *, #860, .T. ) ;
#875 = CARTESIAN_POINT ( 'NONE',  ( -2.540000000000000036, -9.413300007551990589, -0.2011964147225044075 ) ) ;
#876 = B_SPLINE_CURVE_WITH_KNOTS ( 'NONE', 3,
 ( #4671, #3866, #2417, #2379, #1270, #4651, #4738, #1766, #1370, #639, #1702 ),
 .UNSPECIFIED., .F., .F.,
 ( 4, 1, 1, 1, 1, 1, 1, 1, 4 ),
 ( 0.000000000000000000, 0.08388811327954572017, 0.1771540327539688764, 0.2825136355617229311, 0.3993998606601630308, 0.5294908061912187991, 0.6728021776758321693, 0.8295357616196686878, 1.000000000000000000 ),
 .UNSPECIFIED. ) ;
#877 = CIRCLE ( 'NONE', #4653, 12.57300000000000217 ) ;
#878 = CARTESIAN_POINT ( 'NONE',  ( -2.540000000000000036, -6.271846153846150962, -2.410557692307689681 ) ) ;
#879 = AXIS2_PLACEMENT_3D ( 'NONE', #1424, #1438, #2908 ) ;
#880 = CARTESIAN_POINT ( 'NONE',  ( 0.000000000000000000, 0.05000000000000000278, 0.000000000000000000 ) ) ;
#881 = CARTESIAN_POINT ( 'NONE',  ( -2.540000000000000036, -7.417027945290314506, 1.559275254832950930 ) ) ;
#882 = ORIENTED_EDGE ( 'NONE', *, *, #1500, .T. ) ;
#883 = CARTESIAN_POINT ( 'NONE',  ( -2.540000000000000036, -7.475271792519278868, -0.3524747918598275520 ) ) ;
#884 = ORIENTED_EDGE ( 'NONE', *, *, #4481, .T. ) ;
#885 = VECTOR ( 'NONE', #2699, 1000.000000000000000 ) ;
#886 = FACE_OUTER_BOUND ( 'NONE', #3790, .T. ) ;
#887 = CARTESIAN_POINT ( 'NONE',  ( -2.540000000000000036, -8.816074400114883858, -0.3131549128863733711 ) ) ;
#888 = CARTESIAN_POINT ( 'NONE',  ( -2.540000000000000036, -6.375328659080282456, -1.880427191589268965 ) ) ;
#889 = ORIENTED_EDGE ( 'NONE', *, *, #578, .T. ) ;
#890 = CARTESIAN_POINT ( 'NONE',  ( -2.540000000000000036, -8.154696533082216092, -1.610933654956740346 ) ) ;
#891 = CARTESIAN_POINT ( 'NONE',  ( -2.540000000000000036, 7.650525262860737641, 0.3450468876736410562 ) ) ;
#892 = ADVANCED_FACE ( 'NONE', ( #2716, #1727 ), #407, .F. ) ;
#893 = CC_DESIGN_APPROVAL ( #866, ( #1769 ) ) ;
#894 = CARTESIAN_POINT ( 'NONE',  ( -2.540000000000000036, -8.546561036766808783, -1.515749431356310462 ) ) ;
#895 = VECTOR ( 'NONE', #2534, 999.9999999999998863 ) ;
#896 = EDGE_CURVE ( 'NONE', #3341, #3014, #1144, .T. ) ;
#897 = LINE ( 'NONE', #2250, #3472 ) ;
#898 = CARTESIAN_POINT ( 'NONE',  ( -2.540000000000000036, -6.867769230769228628, 0.8792307692307703704 ) ) ;
#899 = ORIENTED_EDGE ( 'NONE', *, *, #3197, .F. ) ;
#900 = CARTESIAN_POINT ( 'NONE',  ( -2.540000000000000036, -8.725449519230767947, 2.726836538461538062 ) ) ;
#901 = B_SPLINE_CURVE_WITH_KNOTS ( 'NONE', 3,
 ( #1316, #4705, #1253, #3142, #4390, #590, #3954, #2513, #2861, #4768, #3991 ),
 .UNSPECIFIED., .F., .F.,
 ( 4, 1, 1, 1, 1, 1, 1, 1, 4 ),
 ( 0.000000000000000000, 0.1379032299933933281, 0.2688733426002936633, 0.3951781273461130173, 0.5170892381308875851, 0.6367430265135473055, 0.7562218164637970474, 0.8766283594636791188, 1.000000000000000000 ),
 .UNSPECIFIED. ) ;
#902 = DATE_TIME_ROLE ( 'creation_date' ) ;
#903 = VECTOR ( 'NONE', #2074, 1000.000000000000000 ) ;
#904 = VECTOR ( 'NONE', #3508, 1000.000000000000000 ) ;
#905 = CARTESIAN_POINT ( 'NONE',  ( -2.540000000000000036, -6.953191066290372646, -0.2925115601266120025 ) ) ;
#906 = CONTEXT_DEPENDENT_SHAPE_REPRESENTATION ( #3199, #4699 ) ;
#907 = PLANE ( 'NONE',  #1247 ) ;
#908 = VECTOR ( 'NONE', #859, 1000.000000000000000 ) ;
#909 = ORIENTED_EDGE ( 'NONE', *, *, #3192, .T. ) ;
#910 = CARTESIAN_POINT ( 'NONE',  ( -2.540000000000000036, -6.277619608749340330, -0.06127510218693809491 ) ) ;
#911 = CARTESIAN_POINT ( 'NONE',  ( -2.540000000000000036, -9.084774038461535639, 2.112596153846153069 ) ) ;
#912 = VECTOR ( 'NONE', #220, 1000.000000000000000 ) ;
#913 = EDGE_LOOP ( 'NONE', ( #3009, #342 ) ) ;
#914 = EDGE_CURVE ( 'NONE', #2790, #1380, #4122, .T. ) ;
#915 = DIRECTION ( 'NONE',  ( 0.000000000000000000, 1.000000000000000000, 0.000000000000000000 ) ) ;
#916 = CARTESIAN_POINT ( 'NONE',  ( -2.540000000000000036, -7.457364027724580957, 1.112805525992880851 ) ) ;
#917 = VECTOR ( 'NONE', #2487, 1000.000000000000000 ) ;
#918 = VERTEX_POINT ( 'NONE', #3426 ) ;
#919 = APPROVAL_ROLE ( '' ) ;
#920 = AXIS2_PLACEMENT_3D ( 'NONE', #1059, #4777, #2525 ) ;
#921 = DIRECTION ( 'NONE',  ( 0.000000000000000000, 0.9527893329422557622, -0.3036321574396414480 ) ) ;
#922 = CARTESIAN_POINT ( 'NONE',  ( 0.000000000000000000, 0.000000000000000000, 0.05000000000000000278 ) ) ;
#923 = ORIENTED_EDGE ( 'NONE', *, *, #2767, .F. ) ;
#924 = VERTEX_POINT ( 'NONE', #1175 ) ;
#925 = CARTESIAN_POINT ( 'NONE',  ( -2.540000000000000036, -6.367988198145211776, -0.1981783188469752599 ) ) ;
#926 = PRODUCT_DEFINITION ( 'UNKNOWN', '', #4846, #771 ) ;
#927 = EDGE_CURVE ( 'NONE', #2171, #3102, #3877, .T. ) ;
#928 = VERTEX_POINT ( 'NONE', #2310 ) ;
#929 = CARTESIAN_POINT ( 'NONE',  ( -2.540000000000000036, -8.304184745740023743, -1.769427257151715782 ) ) ;
#930 = ORIENTED_EDGE ( 'NONE', *, *, #3097, .F. ) ;
#931 = CARTESIAN_POINT ( 'NONE',  ( -2.540000000000000036, 0.000000000000000000, 0.000000000000000000 ) ) ;
#932 = DIRECTION ( 'NONE',  ( 0.000000000000000000, -0.9528591105695458641, -0.3034131101396477792 ) ) ;
#933 = CARTESIAN_POINT ( 'NONE',  ( -2.540000000000000036, -6.861836200416683518, -1.973817230681487400 ) ) ;
#934 = CARTESIAN_POINT ( 'NONE',  ( -2.540000000000000036, 8.153136118212566785, 2.070587024023569089 ) ) ;
#935 = APPLICATION_PROTOCOL_DEFINITION ( 'international standard', 'config_control_design', 1994, #1267 ) ;
#936 = ORIENTED_EDGE ( 'NONE', *, *, #1694, .F. ) ;
#937 = ORIENTED_EDGE ( 'NONE', *, *, #563, .F. ) ;
#938 = CARTESIAN_POINT ( 'NONE',  ( 4.381250000000000533, 0.05000000000000000278, 0.01250000000000000590 ) ) ;
#939 = CARTESIAN_POINT ( 'NONE',  ( -2.540000000000000036, -8.304184745740023743, -0.5971195648440231762 ) ) ;
#940 = PLANE ( 'NONE',  #2507 ) ;
#941 = CARTESIAN_POINT ( 'NONE',  ( -2.540000000000000036, 7.587305304884834456, 5.417958114845806250 ) ) ;
#942 = PERSON_AND_ORGANIZATION ( #2323, #4393 ) ;
#943 = VERTEX_POINT ( 'NONE', #4553 ) ;
#944 = CARTESIAN_POINT ( 'NONE',  ( -2.540000000000000036, 6.565883496539703934, 5.889505812874464397 ) ) ;
#945 = EDGE_CURVE ( 'NONE', #3191, #3394, #4068, .T. ) ;
#946 = DIRECTION ( 'NONE',  ( 0.000000000000000000, 0.000000000000000000, 1.000000000000000000 ) ) ;
#947 = CARTESIAN_POINT ( 'NONE',  ( -2.540000000000000036, -6.390439511821382368, 1.384605067220967989 ) ) ;
#948 = CARTESIAN_POINT ( 'NONE',  ( -2.540000000000000036, -8.882061781606481077, -0.1173722939491481793 ) ) ;
#949 = CARTESIAN_POINT ( 'NONE',  ( -2.540000000000000036, 8.072055905153561639, 4.141565371354235303 ) ) ;
#950 = CARTESIAN_POINT ( 'NONE',  ( -2.540000000000000036, -6.962484694904190086, -2.141196752008709847 ) ) ;
#951 = MECHANICAL_CONTEXT ( 'NONE', #3522, 'mechanical' ) ;
#952 = VERTEX_POINT ( 'NONE', #22 ) ;
#953 = CARTESIAN_POINT ( 'NONE',  ( -2.398232558139534287, 1.555301434917138433E-15, -12.69999999999999929 ) ) ;
#954 = CARTESIAN_POINT ( 'NONE',  ( -2.540000000000000036, -9.338986285884821825, 0.9466660812003002690 ) ) ;
#955 = CARTESIAN_POINT ( 'NONE',  ( -2.540000000000000036, -8.635211743671529661, 2.795491347824042183 ) ) ;
#956 = DIRECTION ( 'NONE',  ( 0.000000000000000000, 0.000000000000000000, 1.000000000000000000 ) ) ;
#957 = CARTESIAN_POINT ( 'NONE',  ( -2.540000000000000036, -6.283179452810795595, -1.924218547427799519 ) ) ;
#958 = EDGE_CURVE ( 'NONE', #1274, #2747, #4099, .T. ) ;
#959 = VERTEX_POINT ( 'NONE', #1938 ) ;
#960 = CARTESIAN_POINT ( 'NONE',  ( -2.540000000000000036, 8.173861088903802141, 5.185680426529160059 ) ) ;
#961 = PLANE ( 'NONE',  #4548 ) ;
#962 = VECTOR ( 'NONE', #606, 1000.000000000000000 ) ;
#963 = LINE ( 'NONE', #3488, #603 ) ;
#964 = EDGE_LOOP ( 'NONE', ( #3311, #349 ) ) ;
#965 = COORDINATED_UNIVERSAL_TIME_OFFSET ( 5, 0, .BEHIND. ) ;
#966 = FACE_BOUND ( 'NONE', #989, .T. ) ;
#967 = B_SPLINE_CURVE_WITH_KNOTS ( 'NONE', 3,
 ( #3568, #158, #2782, #2829 ),
 .UNSPECIFIED., .F., .F.,
 ( 4, 4 ),
 ( 8.000000000000000000, 9.000000000000000000 ),
 .UNSPECIFIED. ) ;
#968 = VERTEX_POINT ( 'NONE', #2737 ) ;
#969 = CARTESIAN_POINT ( 'NONE',  ( -2.540000000000000036, 7.045076938641807729, 4.048845564814140374 ) ) ;
#970 = PERSON_AND_ORGANIZATION ( #2323, #4393 ) ;
#971 = CARTESIAN_POINT ( 'NONE',  ( -2.540000000000000036, -6.632719438575183091, -0.2812721221916629211 ) ) ;
#972 = EDGE_LOOP ( 'NONE', ( #3896, #4011, #1101, #4118, #1456, #2741, #1626 ) ) ;
#973 = CYLINDRICAL_SURFACE ( 'NONE', #3469, 3.682999999999999385 ) ;
#974 = CARTESIAN_POINT ( 'NONE',  ( -2.540000000000000036, -9.489364027724580097, -1.837502166314811003 ) ) ;
#975 = ORIENTED_EDGE ( 'NONE', *, *, #3573, .T. ) ;
#976 = CARTESIAN_POINT ( 'NONE',  ( -2.540000000000000036, -6.867769230769228628, 1.465384615384616396 ) ) ;
#977 = EDGE_CURVE ( 'NONE', #2693, #3136, #2482, .T. ) ;
#978 = CARTESIAN_POINT ( 'NONE',  ( -2.540000000000000036, -6.524680778470526299, -2.071532188192756863 ) ) ;
#979 = ORIENTED_EDGE ( 'NONE', *, *, #4200, .F. ) ;
#980 = DIRECTION ( 'NONE',  ( 1.000000000000000000, 0.000000000000000000, 0.000000000000000000 ) ) ;
#981 = CARTESIAN_POINT ( 'NONE',  ( -2.540000000000000036, -9.495315270467747482, -0.6157865724250747297 ) ) ;
#982 =( GEOMETRIC_REPRESENTATION_CONTEXT ( 3 ) GLOBAL_UNCERTAINTY_ASSIGNED_CONTEXT ( ( #2660 ) ) GLOBAL_UNIT_ASSIGNED_CONTEXT ( ( #196, #3946, #318 ) ) REPRESENTATION_CONTEXT ( 'NONE', 'WORKASPACE' ) );
#983 = DIRECTION ( 'NONE',  ( 0.000000000000000000, -0.9999875528078735476, 0.004989411720881040645 ) ) ;
#984 = DIRECTION ( 'NONE',  ( 0.000000000000000000, 0.000000000000000000, 1.000000000000000000 ) ) ;
#985 = DIRECTION ( 'NONE',  ( -1.000000000000000000, -0.000000000000000000, -0.000000000000000000 ) ) ;
#986 = CARTESIAN_POINT ( 'NONE',  ( -2.540000000000000036, -6.312452408262993586, 1.032465890174410372 ) ) ;
#987 = CARTESIAN_POINT ( 'NONE',  ( -2.540000000000000036, -6.278493083938657016, 0.06031119775566610303 ) ) ;
#988 = EDGE_CURVE ( 'NONE', #1656, #2056, #3361, .T. ) ;
#989 = EDGE_LOOP ( 'NONE', ( #3714, #1920, #4106, #3073 ) ) ;
#990 = DIRECTION ( 'NONE',  ( 0.000000000000000000, 0.000000000000000000, -1.000000000000000000 ) ) ;
#991 = PERSON_AND_ORGANIZATION ( #2323, #4393 ) ;
#992 = DATE_TIME_ROLE ( 'classification_date' ) ;
#993 = VERTEX_POINT ( 'NONE', #517 ) ;
#994 = CARTESIAN_POINT ( 'NONE',  ( -2.540000000000000036, 7.501623418708962987, 5.926247530335809088 ) ) ;
#995 = CARTESIAN_POINT ( 'NONE',  ( -2.540000000000000036, 7.099814263991548913, -4.026720149348139266 ) ) ;
#996 = ORIENTED_EDGE ( 'NONE', *, *, #3192, .F. ) ;
#997 = CARTESIAN_POINT ( 'NONE',  ( -2.540000000000000036, -8.304111071811103528, -1.790230649988012290 ) ) ;
#998 = CARTESIAN_POINT ( 'NONE',  ( -2.540000000000000036, 6.821927784686520724, 0.8855346308902587449 ) ) ;
#999 = ORIENTED_EDGE ( 'NONE', *, *, #3317, .F. ) ;
#1000 = CARTESIAN_POINT ( 'NONE',  ( -2.540000000000000036, 7.048479250286336928, 4.126929597577901454 ) ) ;
#1001 = LINE ( 'NONE', #2398, #912 ) ;
#1002 = DIRECTION ( 'NONE',  ( 1.000000000000000000, 0.000000000000000000, 0.000000000000000000 ) ) ;
#1003 = TOROIDAL_SURFACE ( 'NONE', #3169, 4.500000000000000888, 0.2750000000000000222 ) ;
#1004 = CARTESIAN_POINT ( 'NONE',  ( -2.540000000000000036, -7.376342584853624373, 1.359946996175593226 ) ) ;
#1005 = CARTESIAN_POINT ( 'NONE',  ( -2.540000000000000036, -8.941593749999997343, 2.561980769230768562 ) ) ;
#1006 = SECURITY_CLASSIFICATION_LEVEL ( 'unclassified' ) ;
#1007 = CIRCLE ( 'NONE', #1540, 12.69999999999999929 ) ;
#1008 = ORIENTED_EDGE ( 'NONE', *, *, #4152, .T. ) ;
#1009 = CARTESIAN_POINT ( 'NONE',  ( -2.540000000000000036, 7.719281168556324957, 2.301063192880259400 ) ) ;
#1010 = CARTESIAN_POINT ( 'NONE',  ( -2.540000000000000036, -8.518769230769228429, 2.430706730769230273 ) ) ;
#1011 = DIRECTION ( 'NONE',  ( 0.000000000000000000, 0.000000000000000000, 1.000000000000000000 ) ) ;
#1012 = DIRECTION ( 'NONE',  ( 0.7071067811865426878, 8.659560562354990790E-17, 0.7071067811865523467 ) ) ;
#1013 = FACE_BOUND ( 'NONE', #3200, .T. ) ;
#1014 = EDGE_CURVE ( 'NONE', #1396, #1369, #3250, .T. ) ;
#1015 = VERTEX_POINT ( 'NONE', #3131 ) ;
#1016 = PERSON_AND_ORGANIZATION ( #2323, #4393 ) ;
#1017 = CARTESIAN_POINT ( 'NONE',  ( -2.540000000000000036, -9.607878299255514065, 1.368965442410478461 ) ) ;
#1018 = CYLINDRICAL_SURFACE ( 'NONE', #2631, 12.69999999999999929 ) ;
#1019 = ORIENTED_EDGE ( 'NONE', *, *, #4812, .F. ) ;
#1020 = CARTESIAN_POINT ( 'NONE',  ( -2.540000000000000036, -6.272184745740023715, 1.180880435155976960 ) ) ;
#1021 = CARTESIAN_POINT ( 'NONE',  ( -2.540000000000000036, -8.128000000000000114, -1.777999999999999359 ) ) ;
#1022 = CIRCLE ( 'NONE', #4483, 1.474999999999999867 ) ;
#1023 = CARTESIAN_POINT ( 'NONE',  ( -2.540000000000000036, -8.926227764714072421, 2.123585156858813772 ) ) ;
#1024 = CARTESIAN_POINT ( 'NONE',  ( -0.1269999999999973372, 0.000000000000000000, 12.69999999999999929 ) ) ;
#1025 = VECTOR ( 'NONE', #983, 1000.000000000000000 ) ;
#1026 = DIRECTION ( 'NONE',  ( 0.000000000000000000, 0.000000000000000000, -1.000000000000000000 ) ) ;
#1027 = VERTEX_POINT ( 'NONE', #4268 ) ;
#1028 = CARTESIAN_POINT ( 'NONE',  ( -2.540000000000000036, -6.626178622306908572, 0.6972276510480788225 ) ) ;
#1029 = ORIENTED_EDGE ( 'NONE', *, *, #4423, .F. ) ;
#1030 = CARTESIAN_POINT ( 'NONE',  ( -2.540000000000000036, -9.580942156007271393, 1.394830218670361388 ) ) ;
#1031 = VERTEX_POINT ( 'NONE', #4588 ) ;
#1032 = DIRECTION ( 'NONE',  ( 0.000000000000000000, 1.000000000000000000, 0.000000000000000000 ) ) ;
#1033 = ORIENTED_EDGE ( 'NONE', *, *, #1756, .F. ) ;
#1034 = DIRECTION ( 'NONE',  ( 0.000000000000000000, 0.000000000000000000, 1.000000000000000000 ) ) ;
#1035 = ORIENTED_EDGE ( 'NONE', *, *, #4200, .T. ) ;
#1036 = VERTEX_POINT ( 'NONE', #3870 ) ;
#1037 = CARTESIAN_POINT ( 'NONE',  ( -2.540000000000000036, 7.006167274751287977, 4.910102973575677154 ) ) ;
#1038 = CARTESIAN_POINT ( 'NONE',  ( -2.540000000000000036, -8.661913011950884922, 3.353815317071385138 ) ) ;
#1039 = EDGE_LOOP ( 'NONE', ( #1759, #4787, #316, #1556 ) ) ;
#1040 = ORIENTED_EDGE ( 'NONE', *, *, #715, .T. ) ;
#1041 = DATE_AND_TIME ( #221, #2863 ) ;
#1042 = ORIENTED_EDGE ( 'NONE', *, *, #1161, .F. ) ;
#1043 = ORIENTED_EDGE ( 'NONE', *, *, #848, .T. ) ;
#1044 = CARTESIAN_POINT ( 'NONE',  ( -2.540000000000000036, 8.102454319408780137, 5.192235422590385063 ) ) ;
#1045 = CARTESIAN_POINT ( 'NONE',  ( -2.540000000000000036, 7.411964782276258212, 5.770150474418214159 ) ) ;
#1046 = LINE ( 'NONE', #2959, #4398 ) ;
#1047 = CARTESIAN_POINT ( 'NONE',  ( -2.540000000000000036, -8.532807108926531825, -1.325570149467782066 ) ) ;
#1048 = ORIENTED_EDGE ( 'NONE', *, *, #3955, .F. ) ;
#1049 = DATE_TIME_ROLE ( 'classification_date' ) ;
#1050 = CARTESIAN_POINT ( 'NONE',  ( -2.540000000000000036, -8.704256721972534194, 2.301350721698202317 ) ) ;
#1051 = VECTOR ( 'NONE', #2251, 1000.000000000000000 ) ;
#1052 = CYLINDRICAL_SURFACE ( 'NONE', #4519, 4.775199999999999889 ) ;
#1053 = DIRECTION ( 'NONE',  ( 0.000000000000000000, -0.7066232895397897007, -0.7075899424666567405 ) ) ;
#1054 = CARTESIAN_POINT ( 'NONE',  ( -2.540000000000000036, -6.897081426135489579, 0.2928857770949654937 ) ) ;
#1055 = EDGE_CURVE ( 'NONE', #2077, #1157, #3610, .T. ) ;
#1056 = CARTESIAN_POINT ( 'NONE',  ( -2.540000000000000036, -6.818923076923074866, -2.774461538461535426 ) ) ;
#1057 = CARTESIAN_POINT ( 'NONE',  ( -2.540000000000000036, 0.000000000000000000, 0.000000000000000000 ) ) ;
#1058 = ORIENTED_EDGE ( 'NONE', *, *, #2815, .T. ) ;
#1059 = CARTESIAN_POINT ( 'NONE',  ( 0.000000000000000000, 0.05000000000000000278, 0.000000000000000000 ) ) ;
#1060 = VECTOR ( 'NONE', #4737, 1000.000000000000114 ) ;
#1061 = AXIS2_PLACEMENT_3D ( 'NONE', #1148, #3011, #2627 ) ;
#1062 = CARTESIAN_POINT ( 'NONE',  ( -2.540000000000000036, 0.000000000000000000, 0.000000000000000000 ) ) ;
#1063 = EDGE_LOOP ( 'NONE', ( #1129, #4701, #1339, #746 ) ) ;
#1064 = COORDINATED_UNIVERSAL_TIME_OFFSET ( 5, 0, .BEHIND. ) ;
#1065 = CARTESIAN_POINT ( 'NONE',  ( -2.540000000000000036, -6.509524007261705769, 0.9125441652210266597 ) ) ;
#1066 = VERTEX_POINT ( 'NONE', #1999 ) ;
#1067 = CARTESIAN_POINT ( 'NONE',  ( -2.540000000000000036, 7.458581116394175758, 3.865244894399022080 ) ) ;
#1068 = CARTESIAN_POINT ( 'NONE',  ( -2.540000000000000036, -8.609712871518160782, 3.315134126839092144 ) ) ;
#1069 = CC_DESIGN_APPROVAL ( #832, ( #4846 ) ) ;
#1070 = PERSON_AND_ORGANIZATION ( #2323, #4393 ) ;
#1071 = EDGE_CURVE ( 'NONE', #1072, #188, #2891, .T. ) ;
#1072 = VERTEX_POINT ( 'NONE', #911 ) ;
#1073 = CARTESIAN_POINT ( 'NONE',  ( -2.540000000000000036, -8.191926585305475683, -2.021835209389306165 ) ) ;
#1074 = CARTESIAN_POINT ( 'NONE',  ( -2.540000000000000036, 7.046898556340920550, 3.031429799782167311 ) ) ;
#1075 = FACE_OUTER_BOUND ( 'NONE', #1039, .T. ) ;
#1076 = DESIGN_CONTEXT ( 'detailed design', #4667, 'design' ) ;
#1077 = ORIENTED_EDGE ( 'NONE', *, *, #1110, .T. ) ;
#1078 =( NAMED_UNIT ( * ) SI_UNIT ( $, .STERADIAN. ) SOLID_ANGLE_UNIT ( ) );
#1079 = DIRECTION ( 'NONE',  ( 0.000000000000000000, -0.7071067811865474617, -0.7071067811865474617 ) ) ;
#1080 = ORIENTED_EDGE ( 'NONE', *, *, #2598, .F. ) ;
#1081 = B_SPLINE_CURVE_WITH_KNOTS ( 'NONE', 3,
 ( #2816, #978, #3232, #2147, #2493, #4368, #3981, #3253, #4778, #1340, #633 ),
 .UNSPECIFIED., .F., .F.,
 ( 4, 1, 1, 1, 1, 1, 1, 1, 4 ),
 ( 0.000000000000000000, 0.1428946013811192850, 0.2768798469236303239, 0.4054067255101087563, 0.5318333729300083190, 0.6542249868698853943, 0.7698109407908954038, 0.8841096717431475849, 1.000000000000000000 ),
 .UNSPECIFIED. ) ;
#1082 = ORIENTED_EDGE ( 'NONE', *, *, #860, .F. ) ;
#1083 = PLANE ( 'NONE',  #1781 ) ;
#1084 = CARTESIAN_POINT ( 'NONE',  ( -2.540000000000000036, -7.619999999999998330, -1.172307692307691163 ) ) ;
#1085 = CARTESIAN_POINT ( 'NONE',  ( -2.540000000000000036, -7.226022279497597012, 0.2613865386098549459 ) ) ;
#1086 = EDGE_CURVE ( 'NONE', #95, #3029, #778, .T. ) ;
#1087 = ORIENTED_EDGE ( 'NONE', *, *, #3609, .T. ) ;
#1088 = CARTESIAN_POINT ( 'NONE',  ( -2.540000000000000036, -9.651674382831719967, -1.927269347140066147 ) ) ;
#1089 = CARTESIAN_POINT ( 'NONE',  ( -2.540000000000000036, -9.306619554010458373, -1.531024826614416856 ) ) ;
#1090 = VERTEX_POINT ( 'NONE', #1595 ) ;
#1091 = DIRECTION ( 'NONE',  ( -0.000000000000000000, -0.9999992460301319053, 0.001227981745710832661 ) ) ;
#1092 = CLOSED_SHELL ( 'NONE', ( #4258, #1945, #146, #2677, #2702, #3092, #3417, #3521, #1555, #122, #1417 ) ) ;
#1093 = CARTESIAN_POINT ( 'NONE',  ( -2.540000000000000036, 6.730998178442426649, 2.073817872291336961 ) ) ;
#1094 = APPROVAL ( #4629, 'UNSPECIFIED' ) ;
#1095 = CALENDAR_DATE ( 2021, 12, 4 ) ;
#1096 = EDGE_CURVE ( 'NONE', #3939, #755, #2901, .T. ) ;
#1097 = CARTESIAN_POINT ( 'NONE',  ( -2.540000000000000036, 8.102084121672756822, 4.890767214126680251 ) ) ;
#1098 = CARTESIAN_POINT ( 'NONE',  ( -2.540000000000000036, 7.154844268697105214, 0.2556482282412997908 ) ) ;
#1099 = CARTESIAN_POINT ( 'NONE',  ( -2.540000000000000036, -7.435515431389355001, 0.1145542464468469468 ) ) ;
#1100 = CARTESIAN_POINT ( 'NONE',  ( -2.540000000000000036, -8.233966541117775151, -2.076048367845236609 ) ) ;
#1101 = ORIENTED_EDGE ( 'NONE', *, *, #1096, .F. ) ;
#1102 = CARTESIAN_POINT ( 'NONE',  ( -2.540000000000000036, -9.670055551688989226, -0.6576785338304165229 ) ) ;
#1103 = FACE_OUTER_BOUND ( 'NONE', #1486, .T. ) ;
#1104 = LINE ( 'NONE', #1913, #3040 ) ;
#1105 = CARTESIAN_POINT ( 'NONE',  ( -2.540000000000000036, 6.873973184402070835, 4.505361358439897046 ) ) ;
#1106 = ORIENTED_EDGE ( 'NONE', *, *, #3275, .F. ) ;
#1107 = CARTESIAN_POINT ( 'NONE',  ( -2.540000000000000036, -6.203850169410160653, 0.3028887332004093214 ) ) ;
#1108 = FACE_BOUND ( 'NONE', #735, .T. ) ;
#1109 = B_SPLINE_CURVE_WITH_KNOTS ( 'NONE', 3,
 ( #1297, #2121, #3580, #2842, #3988, #3936, #1698 ),
 .UNSPECIFIED., .F., .F.,
 ( 4, 1, 1, 1, 4 ),
 ( 0.000000000000000000, 0.2398509211444638245, 0.4833853821908939974, 0.7357957560188322921, 1.000000000000000000 ),
 .UNSPECIFIED. ) ;
#1110 = EDGE_CURVE ( 'NONE', #2407, #1476, #366, .T. ) ;
#1111 = VERTEX_POINT ( 'NONE', #1969 ) ;
#1112 = CARTESIAN_POINT ( 'NONE',  ( -2.540000000000000036, -9.307070143542061302, -0.8525163327931216672 ) ) ;
#1113 = CARTESIAN_POINT ( 'NONE',  ( -2.540000000000000036, -6.890056865759802918, 1.660568693401104801 ) ) ;
#1114 = CARTESIAN_POINT ( 'NONE',  ( -2.540000000000000036, -6.100612625720686744, 1.094343896935287663 ) ) ;
#1115 = LINE ( 'NONE', #3791, #4764 ) ;
#1116 = LINE ( 'NONE', #3679, #1174 ) ;
#1117 = EDGE_CURVE ( 'NONE', #3673, #1688, #1365, .T. ) ;
#1118 = ORGANIZATION ( 'NAUO-ORG3', 'UNSPECIFIED', 'UNSPECIFIED' ) ;
#1119 = CARTESIAN_POINT ( 'NONE',  ( -2.540000000000000036, -8.211633867921200647, -0.8775467544995823044 ) ) ;
#1120 = CARTESIAN_POINT ( 'NONE',  ( -2.540000000000000036, -8.835943856243771322, -2.265879142080963859 ) ) ;
#1121 = VECTOR ( 'NONE', #2172, 1000.000000000000000 ) ;
#1122 = MANIFOLD_SOLID_BREP ( 'Revolve1', #828 ) ;
#1123 = CARTESIAN_POINT ( 'NONE',  ( -2.540000000000000036, -8.127999999999998337, -2.754923076923076142 ) ) ;
#1124 = CC_DESIGN_PERSON_AND_ORGANIZATION_ASSIGNMENT ( #3333, #3665, ( #1705 ) ) ;
#1125 = DIRECTION ( 'NONE',  ( 0.000000000000000000, 0.000000000000000000, 1.000000000000000000 ) ) ;
#1126 = CONICAL_SURFACE ( 'NONE', #3484, 12.57300000000000217, 0.7853981633974551624 ) ;
#1127 = CARTESIAN_POINT ( 'NONE',  ( -2.540000000000000036, 7.168543408030118691, 4.495330368965444023 ) ) ;
#1128 = CARTESIAN_POINT ( 'NONE',  ( -2.540000000000000036, -8.816074400114880305, -1.485462605194065144 ) ) ;
#1129 = ORIENTED_EDGE ( 'NONE', *, *, #3478, .F. ) ;
#1130 = DIRECTION ( 'NONE',  ( 0.000000000000000000, 0.000000000000000000, -1.000000000000000000 ) ) ;
#1131 = VECTOR ( 'NONE', #2231, 1000.000000000000114 ) ;
#1132 = CARTESIAN_POINT ( 'NONE',  ( -2.540000000000000036, -6.969020231702529600, 0.6853070529163232116 ) ) ;
#1133 = DIRECTION ( 'NONE',  ( 0.000000000000000000, -0.9359962751063446440, -0.3520099046717973246 ) ) ;
#1134 = ORIENTED_EDGE ( 'NONE', *, *, #4847, .T. ) ;
#1135 = EDGE_CURVE ( 'NONE', #2729, #2494, #3283, .T. ) ;
#1136 = DIRECTION ( 'NONE',  ( 0.000000000000000000, 0.000000000000000000, 1.000000000000000000 ) ) ;
#1137 = CARTESIAN_POINT ( 'NONE',  ( -2.540000000000000036, -9.589344846796313604, -2.051149775985806833 ) ) ;
#1138 = CARTESIAN_POINT ( 'NONE',  ( -2.540000000000000036, -7.582927740002233463, 0.9373970643015894222 ) ) ;
#1139 = CARTESIAN_POINT ( 'NONE',  ( -2.540000000000000036, -7.619999999999998330, 3.184769230769232351 ) ) ;
#1140 = ORIENTED_EDGE ( 'NONE', *, *, #1435, .F. ) ;
#1141 = CARTESIAN_POINT ( 'NONE',  ( -2.540000000000000036, -8.773137107606341800, 2.528887932564428009 ) ) ;
#1142 = CARTESIAN_POINT ( 'NONE',  ( -2.540000000000000036, -6.335447877366789271, 0.3938134455710452508 ) ) ;
#1143 = DIRECTION ( 'NONE',  ( 0.000000000000000000, -0.001227981745709714849, -0.9999992460301319053 ) ) ;
#1144 = B_SPLINE_CURVE_WITH_KNOTS ( 'NONE', 3,
 ( #3754, #2292, #39, #444 ),
 .UNSPECIFIED., .F., .F.,
 ( 4, 4 ),
 ( 29.00000000000000000, 30.00000000000000000 ),
 .UNSPECIFIED. ) ;
#1145 = ORIENTED_EDGE ( 'NONE', *, *, #238, .F. ) ;
#1146 = CARTESIAN_POINT ( 'NONE',  ( -2.540000000000000036, -8.871068918993296748, -2.070743087032490770 ) ) ;
#1147 = EDGE_LOOP ( 'NONE', ( #1375, #3374, #4447, #2912, #3613, #4040, #4850, #3635 ) ) ;
#1148 = CARTESIAN_POINT ( 'NONE',  ( 0.000000000000000000, 0.000000000000000000, 0.000000000000000000 ) ) ;
#1149 = CARTESIAN_POINT ( 'NONE',  ( -2.540000000000000036, -8.408254807692305377, -0.8105408653846142286 ) ) ;
#1150 = ORIENTED_EDGE ( 'NONE', *, *, #4872, .F. ) ;
#1151 = CARTESIAN_POINT ( 'NONE',  ( -2.540000000000000036, -6.626178622306907684, -0.4750800412596141165 ) ) ;
#1152 = CARTESIAN_POINT ( 'NONE',  ( -2.540000000000000036, -6.778856681413273577, -2.192820998618815853 ) ) ;
#1153 = ORIENTED_EDGE ( 'NONE', *, *, #1196, .F. ) ;
#1154 = ORIENTED_EDGE ( 'NONE', *, *, #161, .T. ) ;
#1155 = CARTESIAN_POINT ( 'NONE',  ( -2.540000000000000036, 7.458581116394175758, 3.865244894399022080 ) ) ;
#1156 = CARTESIAN_POINT ( 'NONE',  ( -2.540000000000000036, -9.337652279315378223, 1.417082880974429138 ) ) ;
#1157 = VERTEX_POINT ( 'NONE', #3618 ) ;
#1158 = CARTESIAN_POINT ( 'NONE',  ( -2.540000000000000036, -6.868379807692305938, 0.4884615384615389466 ) ) ;
#1159 = ORIENTED_EDGE ( 'NONE', *, *, #4700, .T. ) ;
#1160 = CC_DESIGN_DATE_AND_TIME_ASSIGNMENT ( #1428, #2434, ( #4252 ) ) ;
#1161 = EDGE_CURVE ( 'NONE', #2747, #1468, #3726, .T. ) ;
#1162 = ORIENTED_EDGE ( 'NONE', *, *, #3837, .T. ) ;
#1163 = CARTESIAN_POINT ( 'NONE',  ( -2.540000000000000036, -8.689120192307690616, -3.301999999999999602 ) ) ;
#1164 = B_SPLINE_CURVE_WITH_KNOTS ( 'NONE', 3,
 ( #1930, #2266, #764, #2298, #4876, #2676, #2280 ),
 .UNSPECIFIED., .F., .F.,
 ( 4, 1, 1, 1, 4 ),
 ( 0.000000000000000000, 0.3071626301099396605, 0.5768528599096827136, 0.8066330493509297206, 1.000000000000000000 ),
 .UNSPECIFIED. ) ;
#1165 = EDGE_LOOP ( 'NONE', ( #3495, #2589, #510, #1893, #1431, #2973, #532, #4234, #1377, #2792, #3473, #142, #3168, #4625, #4865, #2140, #4546, #1260, #1212, #4534, #1154, #1728, #3632, #3975, #255, #489, #3697, #405, #3917, #3551, #2577, #3722 ) ) ;
#1166 = DIRECTION ( 'NONE',  ( 0.000000000000000000, 0.000000000000000000, -1.000000000000000000 ) ) ;
#1167 = ORIENTED_EDGE ( 'NONE', *, *, #4741, .T. ) ;
#1168 = LINE ( 'NONE', #4663, #4696 ) ;
#1169 = CIRCLE ( 'NONE', #4779, 1.500000000000000222 ) ;
#1170 = CARTESIAN_POINT ( 'NONE',  ( -2.540000000000000036, -7.109017185287448193, 0.4756677924324904660 ) ) ;
#1171 = CARTESIAN_POINT ( 'NONE',  ( -2.540000000000000036, 7.379591234614241380, -0.7247380444064981386 ) ) ;
#1172 = ORIENTED_EDGE ( 'NONE', *, *, #4872, .T. ) ;
#1173 = ADVANCED_FACE ( 'NONE', ( #2997 ), #961, .F. ) ;
#1174 = VECTOR ( 'NONE', #1432, 1000.000000000000000 ) ;
#1175 = CARTESIAN_POINT ( 'NONE',  ( -2.540000000000000036, -9.495692307692305434, -0.6056923076923065308 ) ) ;
#1176 = ORIENTED_EDGE ( 'NONE', *, *, #4084, .T. ) ;
#1177 = CARTESIAN_POINT ( 'NONE',  ( -2.540000000000000036, -8.349880373398754330, -0.9915091630406881462 ) ) ;
#1178 = CARTESIAN_POINT ( 'NONE',  ( -2.540000000000000036, 7.744825452724457548, -5.972525936112138112 ) ) ;
#1179 = B_SPLINE_CURVE_WITH_KNOTS ( 'NONE', 3,
 ( #4763, #3621, #286, #2164 ),
 .UNSPECIFIED., .F., .F.,
 ( 4, 4 ),
 ( 4.000000000000000000, 5.000000000000000000 ),
 .UNSPECIFIED. ) ;
#1180 = CARTESIAN_POINT ( 'NONE',  ( -2.540000000000000036, -8.235850169410159793, -0.3028035744918976535 ) ) ;
#1181 = FACE_BOUND ( 'NONE', #1183, .T. ) ;
#1182 = DIRECTION ( 'NONE',  ( 0.000000000000000000, 0.000000000000000000, 1.000000000000000000 ) ) ;
#1183 = EDGE_LOOP ( 'NONE', ( #4681, #1785, #399, #1584 ) ) ;
#1184 = CARTESIAN_POINT ( 'NONE',  ( -2.540000000000000036, 6.366485086032026786, -4.973235190524890825 ) ) ;
#1185 = CARTESIAN_POINT ( 'NONE',  ( -2.540000000000000036, -6.868379807692305050, 1.660769230769231664 ) ) ;
#1186 = DATE_AND_TIME ( #2299, #4470 ) ;
#1187 = CARTESIAN_POINT ( 'NONE',  ( -2.540000000000000036, -6.657120192307690587, -1.523999999999999133 ) ) ;
#1188 = LINE ( 'NONE', #4486, #3056 ) ;
#1189 = ORIENTED_EDGE ( 'NONE', *, *, #1300, .T. ) ;
#1190 = EDGE_CURVE ( 'NONE', #632, #4658, #499, .T. ) ;
#1191 = CARTESIAN_POINT ( 'NONE',  ( -2.540000000000000036, -8.139390616492248043, -0.7202719316888603895 ) ) ;
#1192 = DATE_AND_TIME ( #2304, #2129 ) ;
#1193 = CARTESIAN_POINT ( 'NONE',  ( -2.540000000000000036, -6.106925260515840392, 1.286467888455476993 ) ) ;
#1194 = PERSON ( 'NAUO-PER1', 'UNSPECIFIED', 'UNSPECIFIED', ('UNSPECIFIED'), ('UNSPECIFIED'), ('UNSPECIFIED') ) ;
#1195 = ORIENTED_EDGE ( 'NONE', *, *, #2253, .F. ) ;
#1196 = EDGE_CURVE ( 'NONE', #681, #4776, #785, .T. ) ;
#1197 = CARTESIAN_POINT ( 'NONE',  ( -2.540000000000000036, -8.508458969370957803, -1.053002104007934037 ) ) ;
#1198 = ORIENTED_EDGE ( 'NONE', *, *, #1449, .T. ) ;
#1199 = CARTESIAN_POINT ( 'NONE',  ( -2.540000000000000036, -7.480159646833598686, 1.518448943717608524 ) ) ;
#1201 = VERTEX_POINT ( 'NONE', #172 ) ;
#1200 = B_SPLINE_CURVE_WITH_KNOTS ( 'NONE', 3,
 ( #3260, #263, #2894, #3655, #3628, #3224, #986, #250, #1777, #3614, #1384 ),
 .UNSPECIFIED., .F., .F.,
 ( 4, 1, 1, 1, 1, 1, 1, 1, 4 ),
 ( 0.000000000000000000, 0.1276647678962241905, 0.2517385630080496983, 0.3727533493873903536, 0.4921467589723858560, 0.6140696213092460276, 0.7371973244121087232, 0.8656069906011183424, 1.000000000000000000 ),
 .UNSPECIFIED. ) ;
#1202 = DIRECTION ( 'NONE',  ( 1.000000000000000000, 0.000000000000000000, 0.000000000000000000 ) ) ;
#1203 = EDGE_CURVE ( 'NONE', #1380, #2790, #3767, .T. ) ;
#1204 = VERTEX_POINT ( 'NONE', #207 ) ;
#1205 = ADVANCED_FACE ( 'NONE', ( #493 ), #1240, .T. ) ;
#1206 = CARTESIAN_POINT ( 'NONE',  ( -2.540000000000000036, 7.102749822960102044, 4.890559770672168405 ) ) ;
#1207 = CARTESIAN_POINT ( 'NONE',  ( -2.540000000000000036, -9.671538461538458975, 1.175360576923076827 ) ) ;
#1208 = ORIENTED_EDGE ( 'NONE', *, *, #2033, .T. ) ;
#1209 = CARTESIAN_POINT ( 'NONE',  ( -2.540000000000000036, 7.525321530586570162, -1.657111357539907459 ) ) ;
#1210 = CARTESIAN_POINT ( 'NONE',  ( -2.540000000000000036, -9.624787985522704759, -0.3906222093316626953 ) ) ;
#1211 = ORIENTED_EDGE ( 'NONE', *, *, #3567, .T. ) ;
#1212 = ORIENTED_EDGE ( 'NONE', *, *, #2049, .T. ) ;
#1213 = CARTESIAN_POINT ( 'NONE',  ( -2.540000000000000036, -8.699155730730705471, 2.963952860655619581 ) ) ;
#1214 = EDGE_CURVE ( 'NONE', #1066, #4136, #1547, .T. ) ;
#1215 = CALENDAR_DATE ( 2021, 12, 4 ) ;
#1216 = ORIENTED_EDGE ( 'NONE', *, *, #2316, .F. ) ;
#1217 = CARTESIAN_POINT ( 'NONE',  ( -2.413000000000005141, 0.000000000000000000, 0.000000000000000000 ) ) ;
#1218 = CARTESIAN_POINT ( 'NONE',  ( -2.540000000000000036, -9.636430288461536264, 1.026074519230769422 ) ) ;
#1219 = CARTESIAN_POINT ( 'NONE',  ( -2.540000000000000036, -6.500807108926531797, 1.624737542839910454 ) ) ;
#1220 = B_SPLINE_CURVE_WITH_KNOTS ( 'NONE', 3,
 ( #85, #3044, #98, #3876, #2770, #1307, #4639, #3117, #2050, #4661, #878 ),
 .UNSPECIFIED., .F., .F.,
 ( 4, 1, 1, 1, 1, 1, 1, 1, 4 ),
 ( 0.000000000000000000, 0.07638299760369514357, 0.1659855054655314521, 0.2707148802617363459, 0.3888240826834096220, 0.5206018700426662260, 0.6660294782576512418, 0.8252434598020195189, 1.000000000000000000 ),
 .UNSPECIFIED. ) ;
#1221 = SECURITY_CLASSIFICATION ( '', '', #4304 ) ;
#1222 = ORIENTED_EDGE ( 'NONE', *, *, #3961, .F. ) ;
#1223 = CARTESIAN_POINT ( 'NONE',  ( -2.540000000000000036, 7.779855682961129837, 5.287172278583898155 ) ) ;
#1224 = CARTESIAN_POINT ( 'NONE',  ( -2.540000000000000036, -8.179674635996944332, -2.907846785115949295 ) ) ;
#1225 = CARTESIAN_POINT ( 'NONE',  ( -2.540000000000000036, 7.780932078704517529, -0.3551879271714343256 ) ) ;
#1226 = CC_DESIGN_PERSON_AND_ORGANIZATION_ASSIGNMENT ( #2968, #2038, ( #3922 ) ) ;
#1227 = EDGE_CURVE ( 'NONE', #2096, #1618, #1360, .T. ) ;
#1228 = ORIENTED_EDGE ( 'NONE', *, *, #760, .T. ) ;
#1229 = CARTESIAN_POINT ( 'NONE',  ( -2.540000000000000036, -8.127999999999998337, -0.6056923076923065308 ) ) ;
#1230 = B_SPLINE_CURVE_WITH_KNOTS ( 'NONE', 3,
 ( #4746, #243, #3854, #3645 ),
 .UNSPECIFIED., .F., .F.,
 ( 4, 4 ),
 ( 5.000000000000000000, 6.000000000000000000 ),
 .UNSPECIFIED. ) ;
#1231 = CARTESIAN_POINT ( 'NONE',  ( -2.540000000000000036, -7.153866887789305906, -0.4689234421107005280 ) ) ;
#1232 = CARTESIAN_POINT ( 'NONE',  ( -2.540000000000000036, -6.867769230769229516, -0.2930769230769225131 ) ) ;
#1233 = DESIGN_CONTEXT ( 'detailed design', #3308, 'design' ) ;
#1234 = CARTESIAN_POINT ( 'NONE',  ( -2.540000000000000036, -6.814436984600703795, 1.660352469552117016 ) ) ;
#1235 = EDGE_CURVE ( 'NONE', #3617, #807, #4299, .T. ) ;
#1236 = FACE_OUTER_BOUND ( 'NONE', #2413, .T. ) ;
#1237 = FACE_OUTER_BOUND ( 'NONE', #1390, .T. ) ;
#1238 = VERTEX_POINT ( 'NONE', #2813 ) ;
#1239 = CARTESIAN_POINT ( 'NONE',  ( -2.540000000000000036, -8.929081293899676197, -2.070882921690859302 ) ) ;
#1240 = CYLINDRICAL_SURFACE ( 'NONE', #434, 4.521200000000000330 ) ;
#1241 = B_SPLINE_CURVE_WITH_KNOTS ( 'NONE', 3,
 ( #1816, #237, #1319, #1459 ),
 .UNSPECIFIED., .F., .F.,
 ( 4, 4 ),
 ( 3.000000000000000000, 4.000000000000000000 ),
 .UNSPECIFIED. ) ;
#1242 = CARTESIAN_POINT ( 'NONE',  ( -2.540000000000000036, -8.900379807692305079, -0.1172307692307681254 ) ) ;
#1243 = CARTESIAN_POINT ( 'NONE',  ( -2.540000000000000036, -7.170043463821660801, 0.8991849459005519796 ) ) ;
#1244 = CIRCLE ( 'NONE', #4641, 0.2750000000000000222 ) ;
#1245 = ADVANCED_FACE ( 'NONE', ( #2541, #4474 ), #2833, .F. ) ;
#1246 = PERSON_AND_ORGANIZATION_ROLE ( 'creator' ) ;
#1247 = AXIS2_PLACEMENT_3D ( 'NONE', #2397, #3187, #2029 ) ;
#1248 = CIRCLE ( 'NONE', #1630, 4.762500000000000178 ) ;
#1249 = CARTESIAN_POINT ( 'NONE',  ( -2.398232558139534287, 0.000000000000000000, 0.000000000000000000 ) ) ;
#1250 = CARTESIAN_POINT ( 'NONE',  ( -2.540000000000000036, -8.546561036766805231, -0.3434417390486178556 ) ) ;
#1251 = EDGE_LOOP ( 'NONE', ( #1477, #2268, #210, #3572 ) ) ;
#1252 = CARTESIAN_POINT ( 'NONE',  ( -2.540000000000000036, 7.845352721052764267, 3.490771575464230114 ) ) ;
#1253 = CARTESIAN_POINT ( 'NONE',  ( -2.540000000000000036, -7.638055551688992750, -0.05198622613810945092 ) ) ;
#1254 = CIRCLE ( 'NONE', #4408, 0.2750000000000000777 ) ;
#1255 = CARTESIAN_POINT ( 'NONE',  ( -2.540000000000000036, -9.307070143542055973, -2.024824025100812719 ) ) ;
#1256 = VERTEX_POINT ( 'NONE', #3923 ) ;
#1257 = APPROVAL ( #211, 'UNSPECIFIED' ) ;
#1258 = DIRECTION ( 'NONE',  ( -1.000000000000000000, 0.000000000000000000, 0.000000000000000000 ) ) ;
#1259 = EDGE_CURVE ( 'NONE', #1476, #3690, #1833, .T. ) ;
#1260 = ORIENTED_EDGE ( 'NONE', *, *, #3304, .T. ) ;
#1261 = CARTESIAN_POINT ( 'NONE',  ( -2.540000000000000036, -8.310493083938652603, -1.717688802244333512 ) ) ;
#1262 = CARTESIAN_POINT ( 'NONE',  ( 1.806354028742346048E-16, 0.05000000000000000278, -1.474999999999999867 ) ) ;
#1263 = CARTESIAN_POINT ( 'NONE',  ( -2.540000000000000036, -7.575615086893064287, 1.417146292034856758 ) ) ;
#1264 = B_SPLINE_CURVE_WITH_KNOTS ( 'NONE', 3,
 ( #3711, #4071, #3045, #800, #4120, #1894, #3413, #4508, #3367, #415, #1163 ),
 .UNSPECIFIED., .F., .F.,
 ( 4, 1, 1, 1, 1, 1, 1, 1, 4 ),
 ( 0.000000000000000000, 0.1116703001015843938, 0.2320944808560163608, 0.3627434591045528012, 0.5025575097108849754, 0.6415251033312800999, 0.7710984952996662312, 0.8901617573732525379, 0.9999999999999998890 ),
 .UNSPECIFIED. ) ;
#1265 = CARTESIAN_POINT ( 'NONE',  ( -0.6349999999999988987, 3.682999999999999385, 0.000000000000000000 ) ) ;
#1266 = EDGE_LOOP ( 'NONE', ( #4080, #3858, #2427, #4292 ) ) ;
#1267 = APPLICATION_CONTEXT ( 'configuration controlled 3d designs of mechanical parts and assemblies' ) ;
#1268 = CARTESIAN_POINT ( 'NONE',  ( -2.540000000000000036, -7.607015433758251177, 0.1834858948636179377 ) ) ;
#1269 = CARTESIAN_POINT ( 'NONE',  ( -2.540000000000000036, -7.170043463821660801, -0.2731227464071409039 ) ) ;
#1270 = CARTESIAN_POINT ( 'NONE',  ( -2.540000000000000036, -8.541524007261706686, -0.8654558347789732542 ) ) ;
#1271 = CARTESIAN_POINT ( 'NONE',  ( -2.540000000000000036, -6.136122514688717722, -2.103581487558754404 ) ) ;
#1272 = CARTESIAN_POINT ( 'NONE',  ( -2.540000000000000036, -6.868379807692305050, 1.660769230769231664 ) ) ;
#1273 = CARTESIAN_POINT ( 'NONE',  ( -2.540000000000000036, 6.371748851908138889, -1.519764257716484268 ) ) ;
#1274 = VERTEX_POINT ( 'NONE', #1376 ) ;
#1275 = VERTEX_POINT ( 'NONE', #2540 ) ;
#1276 = CARTESIAN_POINT ( 'NONE',  ( -2.540000000000000036, -8.480172775266346719, -0.1680343546052990578 ) ) ;
#1277 = CARTESIAN_POINT ( 'NONE',  ( -2.540000000000000036, -7.349326087373270866, 0.9624070585740009953 ) ) ;
#1278 = ORIENTED_EDGE ( 'NONE', *, *, #4772, .F. ) ;
#1279 = AXIS2_PLACEMENT_3D ( 'NONE', #2860, #219, #984 ) ;
#1280 = CARTESIAN_POINT ( 'NONE',  ( -2.540000000000000036, -6.993546237391411680, -2.328728736908565189 ) ) ;
#1281 = VERTEX_POINT ( 'NONE', #2520 ) ;
#1282 = APPROVAL_ROLE ( '' ) ;
#1283 = VECTOR ( 'NONE', #2313, 1000.000000000000114 ) ;
#1284 = CARTESIAN_POINT ( 'NONE',  ( -2.540000000000000036, -7.275070143542059498, -0.2468240251008139430 ) ) ;
#1285 = VERTEX_POINT ( 'NONE', #1056 ) ;
#1286 = LINE ( 'NONE', #3236, #3346 ) ;
#1287 = DIRECTION ( 'NONE',  ( 0.000000000000000000, 0.004989411720877776762, 0.9999875528078735476 ) ) ;
#1288 = AXIS2_PLACEMENT_3D ( 'NONE', #1366, #4373, #2468 ) ;
#1289 = CARTESIAN_POINT ( 'NONE',  ( -2.540000000000000036, 6.921725764032453654, 5.470507423139055803 ) ) ;
#1290 = CARTESIAN_POINT ( 'NONE',  ( -2.540000000000000036, -7.275070143542061274, 0.9254836672068790238 ) ) ;
#1291 = VERTEX_POINT ( 'NONE', #688 ) ;
#1292 = DIRECTION ( 'NONE',  ( -0.000000000000000000, 1.000000000000000000, -0.000000000000000000 ) ) ;
#1293 = CARTESIAN_POINT ( 'NONE',  ( -2.540000000000000036, 6.381958662226773882, 4.216242136179572775 ) ) ;
#1294 = B_SPLINE_CURVE_WITH_KNOTS ( 'NONE', 3,
 ( #4146, #3445, #3809, #3041, #814, #3429, #3095, #4589, #81, #4624, #2356, #875, #2367, #505, #129, #4606, #2328, #1971, #3464, #1210, #117, #465, #3840, #847, #1598, #2341, #2722 ),
 .UNSPECIFIED., .F., .F.,
 ( 4, 1, 1, 1, 1, 1, 1, 1, 1, 1, 1, 1, 1, 1, 1, 1, 1, 1, 1, 1, 1, 1, 1, 1, 4 ),
 ( 0.000000000000000000, 0.06287394621143181650, 0.1228366299919134430, 0.1796565674430316562, 0.2339600122308625185, 0.2855950186955594772, 0.3345131060783803068, 0.3809048259061768027, 0.4248945919393345427, 0.4665290347654870717, 0.5064882940692461144, 0.5450315536447541964, 0.5818311798231347032, 0.6174482799494437346, 0.6520669127690462696, 0.6858797142465101748, 0.7191745547913928061, 0.7521816462063933839, 0.7852401639180917048, 0.8186564497770835169, 0.8525477406533116254, 0.8876263422585193297, 0.9236350780687514472, 0.9610218444769894619, 1.000000000000000000 ),
 .UNSPECIFIED. ) ;
#1295 = APPROVAL_STATUS ( 'not_yet_approved' ) ;
#1296 = ORIENTED_EDGE ( 'NONE', *, *, #2674, .F. ) ;
#1297 = CARTESIAN_POINT ( 'NONE',  ( -2.540000000000000036, -9.627576923076921034, 1.341132211538461849 ) ) ;
#1298 = CARTESIAN_POINT ( 'NONE',  ( -2.540000000000000036, 8.151791797739678103, 0.9758480639328647177 ) ) ;
#1299 = DIRECTION ( 'NONE',  ( 0.000000000000000000, 0.000000000000000000, -1.000000000000000000 ) ) ;
#1300 = EDGE_CURVE ( 'NONE', #1201, #1066, #3243, .T. ) ;
#1301 = DIRECTION ( 'NONE',  ( -1.000000000000000000, -0.000000000000000000, -0.000000000000000000 ) ) ;
#1302 = VERTEX_POINT ( 'NONE', #4057 ) ;
#1303 = CARTESIAN_POINT ( 'NONE',  ( -2.540000000000000036, -8.899769230769228656, -2.071076923076922149 ) ) ;
#1304 = APPROVAL_DATE_TIME ( #1192, #1320 ) ;
#1305 = EDGE_CURVE ( 'NONE', #4748, #2686, #2241, .T. ) ;
#1306 = CARTESIAN_POINT ( 'NONE',  ( -2.540000000000000036, -8.421372635508124205, -0.1888509333566065485 ) ) ;
#1307 = CARTESIAN_POINT ( 'NONE',  ( -2.540000000000000036, -6.275112164079436283, -2.303591118136247839 ) ) ;
#1308 = CARTESIAN_POINT ( 'NONE',  ( -2.540000000000000036, 6.459006290476886569, 2.712753570935402259 ) ) ;
#1309 = LINE ( 'NONE', #4742, #917 ) ;
#1310 = CARTESIAN_POINT ( 'NONE',  ( -2.540000000000000036, 7.389574288527755996, 4.425824733115480747 ) ) ;
#1311 = VERTEX_POINT ( 'NONE', #4789 ) ;
#1312 = APPLICATION_PROTOCOL_DEFINITION ( 'international standard', 'config_control_design', 1994, #4667 ) ;
#1313 = AXIS2_PLACEMENT_3D ( 'NONE', #2026, #1604, #4275 ) ;
#1314 = DIRECTION ( 'NONE',  ( 0.000000000000000000, 1.000000000000000000, 0.000000000000000000 ) ) ;
#1315 = CARTESIAN_POINT ( 'NONE',  ( 0.000000000000000000, 0.05000000000000000278, 0.000000000000000000 ) ) ;
#1316 = CARTESIAN_POINT ( 'NONE',  ( -2.540000000000000036, -7.639538461538459835, 5.421010862427522170E-16 ) ) ;
#1317 = VERTEX_POINT ( 'NONE', #3994 ) ;
#1318 = ORIENTED_EDGE ( 'NONE', *, *, #2665, .F. ) ;
#1319 = CARTESIAN_POINT ( 'NONE',  ( -2.540000000000000036, 7.570397825728026220, 5.329836521086799728 ) ) ;
#1320 = APPROVAL ( #166, 'UNSPECIFIED' ) ;
#1321 = DIRECTION ( 'NONE',  ( 0.000000000000000000, 0.000000000000000000, 1.000000000000000000 ) ) ;
#1322 = EDGE_CURVE ( 'NONE', #3053, #4707, #240, .T. ) ;
#1323 = CARTESIAN_POINT ( 'NONE',  ( -2.540000000000000036, -8.538307692307688157, 1.641230769230769493 ) ) ;
#1324 = VERTEX_POINT ( 'NONE', #4819 ) ;
#1325 = CARTESIAN_POINT ( 'NONE',  ( -0.6349999999999988987, 0.000000000000000000, 0.000000000000000000 ) ) ;
#1326 = CARTESIAN_POINT ( 'NONE',  ( -2.540000000000000036, 7.550269990831450784, 2.330225975752048484 ) ) ;
#1327 = CARTESIAN_POINT ( 'NONE',  ( -2.540000000000000036, -9.348162666547922939, -0.8360141186817504622 ) ) ;
#1328 = ORIENTED_EDGE ( 'NONE', *, *, #2548, .F. ) ;
#1329 = ORIENTED_EDGE ( 'NONE', *, *, #2934, .F. ) ;
#1330 = CARTESIAN_POINT ( 'NONE',  ( -2.540000000000000036, -9.283048854467663702, 0.9329943633363019240 ) ) ;
#1331 = CARTESIAN_POINT ( 'NONE',  ( -2.540000000000000036, -10.06230769230768907, 0.9183076923076924913 ) ) ;
#1332 = CARTESIAN_POINT ( 'NONE',  ( -2.540000000000000036, -8.317957567343313485, -1.866891785783472590 ) ) ;
#1333 = CARTESIAN_POINT ( 'NONE',  ( -2.540000000000000036, 6.637268300953376610, 2.118807529729524575 ) ) ;
#1334 = PERSON_AND_ORGANIZATION ( #2323, #4393 ) ;
#1335 = UNCERTAINTY_MEASURE_WITH_UNIT (LENGTH_MEASURE( 1.000000000000000082E-05 ), #711, 'distance_accuracy_value', 'NONE');
#1336 = CARTESIAN_POINT ( 'NONE',  ( -2.413000000000005141, 1.555301434917138433E-15, -12.69999999999999929 ) ) ;
#1337 = EDGE_CURVE ( 'NONE', #4209, #1979, #4712, .T. ) ;
#1338 = CARTESIAN_POINT ( 'NONE',  ( 0.000000000000000000, 0.000000000000000000, 0.000000000000000000 ) ) ;
#1339 = ORIENTED_EDGE ( 'NONE', *, *, #1959, .F. ) ;
#1340 = CARTESIAN_POINT ( 'NONE',  ( -2.540000000000000036, -6.289388306352475588, -2.223097289299168278 ) ) ;
#1341 = VECTOR ( 'NONE', #1453, 1000.000000000000000 ) ;
#1342 = CARTESIAN_POINT ( 'NONE',  ( -2.540000000000000036, -7.419414052346523292, 1.312508627916487924 ) ) ;
#1343 = CIRCLE ( 'NONE', #3849, 12.57300000000000040 ) ;
#1344 = CARTESIAN_POINT ( 'NONE',  ( -2.540000000000000036, -9.431608389606521925, -0.7701499370134082811 ) ) ;
#1345 = VERTEX_POINT ( 'NONE', #3290 ) ;
#1346 = ORIENTED_EDGE ( 'NONE', *, *, #2316, .T. ) ;
#1347 = CARTESIAN_POINT ( 'NONE',  ( -2.540000000000000036, 7.977471984275759986, 4.585365713195938220 ) ) ;
#1348 = CARTESIAN_POINT ( 'NONE',  ( -2.540000000000000036, -9.167933106180818470, 0.9220666623145720164 ) ) ;
#1349 = CARTESIAN_POINT ( 'NONE',  ( -2.540000000000000036, 6.375848354638610438, 2.651683974329866800 ) ) ;
#1350 = LINE ( 'NONE', #1747, #344 ) ;
#1351 = CARTESIAN_POINT ( 'NONE',  ( -2.540000000000000036, -8.508999999999996788, -3.301999999999999602 ) ) ;
#1352 = EDGE_CURVE ( 'NONE', #2454, #3191, #553, .T. ) ;
#1353 = EDGE_LOOP ( 'NONE', ( #1318, #15, #1917, #4051 ) ) ;
#1354 = CARTESIAN_POINT ( 'NONE',  ( -2.540000000000000036, 6.921725764032453654, 5.470507423139055803 ) ) ;
#1355 = CARTESIAN_POINT ( 'NONE',  ( -2.540000000000000036, -9.467846680247323121, -1.892643706357967970 ) ) ;
#1356 = VECTOR ( 'NONE', #4088, 1000.000000000000000 ) ;
#1357 = VECTOR ( 'NONE', #2582, 1000.000000000000000 ) ;
#1358 = CARTESIAN_POINT ( 'NONE',  ( -2.540000000000000036, -6.514561036766806978, 1.434558260951382058 ) ) ;
#1359 = CARTESIAN_POINT ( 'NONE',  ( -2.540000000000000036, -8.946071132838833151, 3.206467948356746422 ) ) ;
#1360 = LINE ( 'NONE', #2439, #4242 ) ;
#1361 = LINE ( 'NONE', #2257, #1356 ) ;
#1362 = CARTESIAN_POINT ( 'NONE',  ( -5.322435762069739423E-16, 1.547524927742553084E-15, -12.57300000000000040 ) ) ;
#1363 = CARTESIAN_POINT ( 'NONE',  ( -2.540000000000000036, -9.480321935174075065, -0.6933700022746495106 ) ) ;
#1364 = DATE_AND_TIME ( #4245, #4879 ) ;
#1365 = LINE ( 'NONE', #3497, #2014 ) ;
#1366 = CARTESIAN_POINT ( 'NONE',  ( -2.398232558139534287, 0.000000000000000000, 0.000000000000000000 ) ) ;
#1367 = CARTESIAN_POINT ( 'NONE',  ( -2.540000000000000036, -9.063313043589866780, 0.9182834090624416579 ) ) ;
#1368 = DIRECTION ( 'NONE',  ( -0.000000000000000000, 0.9999992460301319053, -0.001227981745775744713 ) ) ;
#1369 = VERTEX_POINT ( 'NONE', #2130 ) ;
#1370 = CARTESIAN_POINT ( 'NONE',  ( -2.540000000000000036, -8.815980065153139478, -0.8977946126593689957 ) ) ;
#1371 = CARTESIAN_POINT ( 'NONE',  ( -2.540000000000000036, 4.775199999999999889, 0.000000000000000000 ) ) ;
#1372 = EDGE_CURVE ( 'NONE', #3958, #3206, #2479, .T. ) ;
#1373 = CARTESIAN_POINT ( 'NONE',  ( -2.540000000000000036, -6.741529598346665431, 0.6868199689120754181 ) ) ;
#1374 = FACE_BOUND ( 'NONE', #280, .T. ) ;
#1375 = ORIENTED_EDGE ( 'NONE', *, *, #3535, .F. ) ;
#1376 = CARTESIAN_POINT ( 'NONE',  ( -2.540000000000000036, 7.593232145518045151, 5.326049806257939778 ) ) ;
#1377 = ORIENTED_EDGE ( 'NONE', *, *, #464, .T. ) ;
#1378 = VERTEX_POINT ( 'NONE', #4803 ) ;
#1379 = CARTESIAN_POINT ( 'NONE',  ( -2.540000000000000036, 7.189830749961826584, 3.968358145451817087 ) ) ;
#1380 = VERTEX_POINT ( 'NONE', #4042 ) ;
#1381 = AXIS2_PLACEMENT_3D ( 'NONE', #3403, #3068, #1136 ) ;
#1382 = CARTESIAN_POINT ( 'NONE',  ( -2.540000000000000036, 8.155278076434104406, 3.814877290590777292 ) ) ;
#1383 = CARTESIAN_POINT ( 'NONE',  ( -2.540000000000000036, -8.304633456090730448, -1.810133996418155089 ) ) ;
#1384 = CARTESIAN_POINT ( 'NONE',  ( -2.540000000000000036, -6.376254807692305349, 0.9674591346153855742 ) ) ;
#1385 = ORIENTED_EDGE ( 'NONE', *, *, #1858, .T. ) ;
#1386 = VERTEX_POINT ( 'NONE', #2896 ) ;
#1387 = CC_DESIGN_DATE_AND_TIME_ASSIGNMENT ( #2595, #602, ( #1619 ) ) ;
#1388 = DIRECTION ( 'NONE',  ( -0.000000000000000000, 1.000000000000000000, -0.000000000000000000 ) ) ;
#1389 = EDGE_CURVE ( 'NONE', #2632, #3566, #4828, .T. ) ;
#1390 = EDGE_LOOP ( 'NONE', ( #455, #4189, #148, #2351 ) ) ;
#1391 = CARTESIAN_POINT ( 'NONE',  ( -2.540000000000000036, 7.432617183148345852, 5.422624048186837520 ) ) ;
#1392 = CARTESIAN_POINT ( 'NONE',  ( 0.000000000000000000, 0.000000000000000000, 0.000000000000000000 ) ) ;
#1393 = CALENDAR_DATE ( 2021, 12, 4 ) ;
#1394 = ORIENTED_EDGE ( 'NONE', *, *, #4527, .F. ) ;
#1395 = CARTESIAN_POINT ( 'NONE',  ( -2.398232558139534287, 0.000000000000000000, 12.69999999999999929 ) ) ;
#1396 = VERTEX_POINT ( 'NONE', #3277 ) ;
#1397 = DIRECTION ( 'NONE',  ( 0.000000000000000000, 0.000000000000000000, 1.000000000000000000 ) ) ;
#1398 = B_SPLINE_CURVE_WITH_KNOTS ( 'NONE', 3,
 ( #4006, #3228, #2142, #1354 ),
 .UNSPECIFIED., .F., .F.,
 ( 4, 4 ),
 ( 22.00000000000000000, 23.00000000000000000 ),
 .UNSPECIFIED. ) ;
#1399 = APPROVAL_PERSON_ORGANIZATION ( #2386, #2514, #2165 ) ;
#1400 = CARTESIAN_POINT ( 'NONE',  ( -2.540000000000000036, -9.607615086893062539, -1.533161400272835984 ) ) ;
#1401 = VERTEX_POINT ( 'NONE', #1406 ) ;
#1402 = CARTESIAN_POINT ( 'NONE',  ( -2.540000000000000036, 8.148047265470706790, -2.073488344192774502 ) ) ;
#1403 = LINE ( 'NONE', #4218, #1283 ) ;
#1404 = VERTEX_POINT ( 'NONE', #1780 ) ;
#1405 = EDGE_CURVE ( 'NONE', #2388, #4555, #2419, .T. ) ;
#1406 = CARTESIAN_POINT ( 'NONE',  ( -2.540000000000000036, 7.102749822960102044, 4.890559770672168405 ) ) ;
#1407 = ORIENTED_EDGE ( 'NONE', *, *, #3980, .F. ) ;
#1408 = LINE ( 'NONE', #4019, #409 ) ;
#1409 = CARTESIAN_POINT ( 'NONE',  ( -2.540000000000000036, -8.758470643043104076, 3.165227743471039634 ) ) ;
#1410 = ORIENTED_EDGE ( 'NONE', *, *, #2385, .T. ) ;
#1411 = AXIS2_PLACEMENT_3D ( 'NONE', #1784, #1032, #2161 ) ;
#1412 = DIRECTION ( 'NONE',  ( 1.000000000000000000, 0.000000000000000000, 0.000000000000000000 ) ) ;
#1413 = CARTESIAN_POINT ( 'NONE',  ( -2.540000000000000036, -8.717150790301282370, 2.266696054612814315 ) ) ;
#1414 = VECTOR ( 'NONE', #2671, 1000.000000000000000 ) ;
#1415 = ORIENTED_EDGE ( 'NONE', *, *, #4058, .F. ) ;
#1416 = CARTESIAN_POINT ( 'NONE',  ( -2.540000000000000036, 6.733306293361794204, -1.771079622105352414 ) ) ;
#1417 = ADVANCED_FACE ( 'NONE', ( #4114 ), #1490, .F. ) ;
#1418 = DIRECTION ( 'NONE',  ( -0.000000000000000000, 0.001227981745710413509, 0.9999992460301319053 ) ) ;
#1419 = DIRECTION ( 'NONE',  ( 0.000000000000000000, 0.000000000000000000, -1.000000000000000000 ) ) ;
#1420 = LINE ( 'NONE', #1764, #2295 ) ;
#1421 = EDGE_CURVE ( 'NONE', #3513, #1522, #3668, .T. ) ;
#1422 = VECTOR ( 'NONE', #4844, 1000.000000000000000 ) ;
#1423 = ORIENTED_EDGE ( 'NONE', *, *, #674, .F. ) ;
#1424 = CARTESIAN_POINT ( 'NONE',  ( -5.322435762069739423E-16, 12.69999999999999929, 0.000000000000000000 ) ) ;
#1425 = VECTOR ( 'NONE', #2220, 999.9999999999998863 ) ;
#1426 = CARTESIAN_POINT ( 'NONE',  ( -2.540000000000000036, 6.921725764032453654, 5.470507423139055803 ) ) ;
#1427 = CARTESIAN_POINT ( 'NONE',  ( -2.540000000000000036, 7.019631965068924728, -0.3716979057975773881 ) ) ;
#1428 = DATE_AND_TIME ( #3482, #1895 ) ;
#1429 = FACE_OUTER_BOUND ( 'NONE', #701, .T. ) ;
#1430 = APPROVAL_STATUS ( 'not_yet_approved' ) ;
#1431 = ORIENTED_EDGE ( 'NONE', *, *, #2107, .T. ) ;
#1432 = DIRECTION ( 'NONE',  ( -0.000000000000000000, 0.001227981745711574039, 0.9999992460301319053 ) ) ;
#1433 = DIRECTION ( 'NONE',  ( 0.000000000000000000, 0.000000000000000000, -1.000000000000000000 ) ) ;
#1434 = ORIENTED_EDGE ( 'NONE', *, *, #2144, .T. ) ;
#1435 = EDGE_CURVE ( 'NONE', #720, #3958, #4829, .T. ) ;
#1436 = CARTESIAN_POINT ( 'NONE',  ( -2.540000000000000036, -6.096616771416209168, 1.132733406025273615 ) ) ;
#1437 = ORIENTED_EDGE ( 'NONE', *, *, #2990, .T. ) ;
#1438 = DIRECTION ( 'NONE',  ( -1.000000000000000000, 0.000000000000000000, -0.000000000000000000 ) ) ;
#1439 = ORIENTED_EDGE ( 'NONE', *, *, #4623, .T. ) ;
#1440 = CARTESIAN_POINT ( 'NONE',  ( -1.881250000000000089, 0.05000000000000000278, -0.01250000000000000590 ) ) ;
#1441 = AXIS2_PLACEMENT_3D ( 'NONE', #406, #2339, #3019 ) ;
#1442 = ORIENTED_EDGE ( 'NONE', *, *, #2789, .T. ) ;
#1443 = CARTESIAN_POINT ( 'NONE',  ( -2.540000000000000036, -8.694615384615381970, 3.017471153846153609 ) ) ;
#1444 = ORIENTED_EDGE ( 'NONE', *, *, #1135, .F. ) ;
#1445 = CARTESIAN_POINT ( 'NONE',  ( -2.540000000000000036, 6.368400745688109765, -3.413229743843948505 ) ) ;
#1446 = APPLICATION_PROTOCOL_DEFINITION ( 'international standard', 'config_control_design', 1994, #4711 ) ;
#1447 = CARTESIAN_POINT ( 'NONE',  ( -2.540000000000000036, 7.154421366942607996, 4.048299993651135686 ) ) ;
#1448 = VERTEX_POINT ( 'NONE', #4123 ) ;
#1449 = EDGE_CURVE ( 'NONE', #2763, #604, #4419, .T. ) ;
#1450 = ORIENTED_EDGE ( 'NONE', *, *, #4094, .F. ) ;
#1451 = CARTESIAN_POINT ( 'NONE',  ( -2.540000000000000036, -9.449027945290314534, -1.391032437474740924 ) ) ;
#1452 = CARTESIAN_POINT ( 'NONE',  ( -2.540000000000000036, -9.524694711538458591, -0.9460889423076911386 ) ) ;
#1453 = DIRECTION ( 'NONE',  ( 0.000000000000000000, 0.000000000000000000, -1.000000000000000000 ) ) ;
#1454 = CARTESIAN_POINT ( 'NONE',  ( -2.540000000000000036, -6.179633867921201507, 0.9004532455004172764 ) ) ;
#1455 = ORIENTED_EDGE ( 'NONE', *, *, #1970, .T. ) ;
#1456 = ORIENTED_EDGE ( 'NONE', *, *, #4084, .F. ) ;
#1457 = CARTESIAN_POINT ( 'NONE',  ( -2.540000000000000036, -8.316845169087374146, -2.144524061562602224 ) ) ;
#1458 = EDGE_CURVE ( 'NONE', #2686, #2077, #3418, .T. ) ;
#1459 = CARTESIAN_POINT ( 'NONE',  ( -2.540000000000000036, 7.593232145518045151, 5.326049806257939778 ) ) ;
#1460 = ORIENTED_EDGE ( 'NONE', *, *, #3304, .F. ) ;
#1461 = CARTESIAN_POINT ( 'NONE',  ( -2.540000000000000036, -6.272850454817466392, 1.201937010822230700 ) ) ;
#1462 = DIRECTION ( 'NONE',  ( -1.000000000000000000, -0.000000000000000000, -0.000000000000000000 ) ) ;
#1463 = DIRECTION ( 'NONE',  ( 0.000000000000000000, 0.000000000000000000, -1.000000000000000000 ) ) ;
#1464 = VERTEX_POINT ( 'NONE', #2602 ) ;
#1465 = PERSON_AND_ORGANIZATION_ROLE ( 'creator' ) ;
#1466 = CARTESIAN_POINT ( 'NONE',  ( -2.540000000000000036, -6.639087814764195628, -1.480162270431839122 ) ) ;
#1467 = ORIENTED_EDGE ( 'NONE', *, *, #3801, .F. ) ;
#1468 = VERTEX_POINT ( 'NONE', #385 ) ;
#1469 = EDGE_CURVE ( 'NONE', #3261, #222, #4060, .T. ) ;
#1470 = CARTESIAN_POINT ( 'NONE',  ( -2.540000000000000036, -8.408254807692305377, -1.982848557692306946 ) ) ;
#1471 = VECTOR ( 'NONE', #1418, 1000.000000000000000 ) ;
#1472 = EDGE_CURVE ( 'NONE', #1771, #968, #1188, .T. ) ;
#1473 = TOROIDAL_SURFACE ( 'NONE', #3422, 4.500000000000000888, 0.2750000000000000222 ) ;
#1474 = CARTESIAN_POINT ( 'NONE',  ( -2.540000000000000036, 6.494548406446101652, 4.568070765690801061 ) ) ;
#1475 = CARTESIAN_POINT ( 'NONE',  ( -2.540000000000000036, -7.348995349365824659, 0.2098978016666043223 ) ) ;
#1476 = VERTEX_POINT ( 'NONE', #4835 ) ;
#1477 = ORIENTED_EDGE ( 'NONE', *, *, #332, .F. ) ;
#1478 = CARTESIAN_POINT ( 'NONE',  ( -2.540000000000000036, -8.128616771416210085, -1.817574286282418683 ) ) ;
#1479 = CARTESIAN_POINT ( 'NONE',  ( -2.540000000000000036, -9.306619554010456596, -0.3587171343067240281 ) ) ;
#1480 = CARTESIAN_POINT ( 'NONE',  ( -2.540000000000000036, -9.201536708591900648, -1.504890277642487284 ) ) ;
#1481 = ORIENTED_EDGE ( 'NONE', *, *, #3174, .F. ) ;
#1482 = CARTESIAN_POINT ( 'NONE',  ( -2.540000000000000036, 4.775199999999999889, 0.000000000000000000 ) ) ;
#1483 = CARTESIAN_POINT ( 'NONE',  ( -2.540000000000000036, 7.761799480845715138, 3.832801469995910537 ) ) ;
#1484 = LINE ( 'NONE', #482, #1414 ) ;
#1485 = PLANE ( 'NONE',  #120 ) ;
#1486 = EDGE_LOOP ( 'NONE', ( #1423, #3736, #691, #1172 ) ) ;
#1487 = CARTESIAN_POINT ( 'NONE',  ( -2.540000000000000036, -6.096575408236223126, 0.01957217986573185284 ) ) ;
#1488 = CARTESIAN_POINT ( 'NONE',  ( -2.540000000000000036, -6.376254807692306237, -0.2048485576923071982 ) ) ;
#1489 = CALENDAR_DATE ( 2021, 12, 4 ) ;
#1490 = CYLINDRICAL_SURFACE ( 'NONE', #534, 0.05000000000000000278 ) ;
#1491 = CARTESIAN_POINT ( 'NONE',  ( -2.540000000000000036, -7.376342584853624373, 0.1876393038679004810 ) ) ;
#1492 = PRODUCT_RELATED_PRODUCT_CATEGORY ( 'detail', '', ( #1739 ) ) ;
#1493 = DATE_AND_TIME ( #1393, #4391 ) ;
#1494 = EDGE_CURVE ( 'NONE', #4109, #4083, #2993, .T. ) ;
#1495 = VECTOR ( 'NONE', #2607, 1000.000000000000000 ) ;
#1496 = CARTESIAN_POINT ( 'NONE',  ( -2.540000000000000036, -8.132612625720684107, -1.855963795372404190 ) ) ;
#1497 = DIRECTION ( 'NONE',  ( 0.000000000000000000, 0.000000000000000000, 1.000000000000000000 ) ) ;
#1498 = CARTESIAN_POINT ( 'NONE',  ( -2.540000000000000036, 7.537487032549811339, 3.833920671085488507 ) ) ;
#1499 = VERTEX_POINT ( 'NONE', #479 ) ;
#1500 = EDGE_CURVE ( 'NONE', #2338, #3675, #69, .T. ) ;
#1501 = CARTESIAN_POINT ( 'NONE',  ( -2.540000000000000036, -6.170997436452315910, 0.2622323274430544138 ) ) ;
#1502 = ORIENTED_EDGE ( 'NONE', *, *, #4543, .F. ) ;
#1503 = B_SPLINE_CURVE_WITH_KNOTS ( 'NONE', 3,
 ( #1470, #2249, #1841, #1520, #358, #4493, #2659, #3744, #2216, #1146, #3756 ),
 .UNSPECIFIED., .F., .F.,
 ( 4, 1, 1, 1, 1, 1, 1, 1, 4 ),
 ( 0.000000000000000000, 0.08388811327954551200, 0.1771540327539687654, 0.2825136355617227091, 0.3993998606601628643, 0.5294908061912185770, 0.6728021776758320582, 0.8295357616196684658, 1.000000000000000000 ),
 .UNSPECIFIED. ) ;
#1504 = DIRECTION ( 'NONE',  ( 0.000000000000000000, -1.000000000000000000, 0.000000000000000000 ) ) ;
#1505 = CARTESIAN_POINT ( 'NONE',  ( -2.398232558139534287, 0.000000000000000000, 4.521200000000000330 ) ) ;
#1506 = CARTESIAN_POINT ( 'NONE',  ( -2.540000000000000036, -6.818923076923075755, -2.406894230769228482 ) ) ;
#1507 = ORIENTED_EDGE ( 'NONE', *, *, #1967, .T. ) ;
#1508 = CARTESIAN_POINT ( 'NONE',  ( -2.540000000000000036, -8.508458969370957803, -2.225309796315626532 ) ) ;
#1509 = ORIENTED_EDGE ( 'NONE', *, *, #1214, .F. ) ;
#1510 = CARTESIAN_POINT ( 'NONE',  ( -2.540000000000000036, 6.885732714684636768, 1.593941375828132223 ) ) ;
#1511 = ORIENTED_EDGE ( 'NONE', *, *, #4560, .F. ) ;
#1512 = DIRECTION ( 'NONE',  ( 0.000000000000000000, 0.000000000000000000, -1.000000000000000000 ) ) ;
#1513 = VERTEX_POINT ( 'NONE', #4550 ) ;
#1514 = CARTESIAN_POINT ( 'NONE',  ( -2.540000000000000036, -8.884341277376444523, 2.559440376619377844 ) ) ;
#1515 = ORIENTED_EDGE ( 'NONE', *, *, #3728, .F. ) ;
#1516 = CARTESIAN_POINT ( 'NONE',  ( -2.540000000000000036, 7.788765145187238836, -2.072452799949347835 ) ) ;
#1517 = CARTESIAN_POINT ( 'NONE',  ( -2.540000000000000036, -6.432427884615382396, -1.172307692307691163 ) ) ;
#1518 = CALENDAR_DATE ( 2021, 12, 4 ) ;
#1519 = EDGE_CURVE ( 'NONE', #2262, #1238, #1908, .T. ) ;
#1520 = CARTESIAN_POINT ( 'NONE',  ( -2.540000000000000036, -8.490597695144938228, -2.022605465093654242 ) ) ;
#1521 = CARTESIAN_POINT ( 'NONE',  ( -2.540000000000000036, -7.211674079184695607, 1.630855235658044577 ) ) ;
#1522 = VERTEX_POINT ( 'NONE', #1605 ) ;
#1523 = VERTEX_POINT ( 'NONE', #4600 ) ;
#1524 = CARTESIAN_POINT ( 'NONE',  ( -2.540000000000000036, -8.878600448791459598, -2.266264688418822004 ) ) ;
#1525 = CARTESIAN_POINT ( 'NONE',  ( -2.540000000000000036, -9.494543038419090308, -0.5755888570283941297 ) ) ;
#1526 = DIRECTION ( 'NONE',  ( 0.000000000000000000, 0.7071067811865474617, 0.7071067811865474617 ) ) ;
#1527 = CC_DESIGN_PERSON_AND_ORGANIZATION_ASSIGNMENT ( #1949, #3624, ( #1619 ) ) ;
#1528 = LINE ( 'NONE', #3501, #4863 ) ;
#1529 = VERTEX_POINT ( 'NONE', #788 ) ;
#1530 = VERTEX_POINT ( 'NONE', #1558 ) ;
#1531 = CARTESIAN_POINT ( 'NONE',  ( -2.540000000000000036, -8.718221880642630595, 2.477531179067401723 ) ) ;
#1532 = CARTESIAN_POINT ( 'NONE',  ( -2.540000000000000036, -6.389372635508121512, 0.4168413743357008983 ) ) ;
#1533 = FACE_BOUND ( 'NONE', #1964, .T. ) ;
#1534 = LINE ( 'NONE', #1770, #537 ) ;
#1535 = ORIENTED_EDGE ( 'NONE', *, *, #3078, .T. ) ;
#1536 = CARTESIAN_POINT ( 'NONE',  ( -2.540000000000000036, 6.943221312307309212, 0.3109396856249324048 ) ) ;
#1537 = CARTESIAN_POINT ( 'NONE',  ( -2.540000000000000036, -9.495692307692305434, 1.175360576923076827 ) ) ;
#1538 = CARTESIAN_POINT ( 'NONE',  ( -0.01249999999999963987, 0.05000000000000000278, -1.881250000000000089 ) ) ;
#1539 = FACE_OUTER_BOUND ( 'NONE', #3276, .T. ) ;
#1540 = AXIS2_PLACEMENT_3D ( 'NONE', #3440, #1577, #57 ) ;
#1541 = CARTESIAN_POINT ( 'NONE',  ( -2.540000000000000036, -8.174921577443720722, -0.8198312128672566867 ) ) ;
#1542 = CARTESIAN_POINT ( 'NONE',  ( -2.540000000000000036, -9.589344846796311828, -0.8788420836781143386 ) ) ;
#1543 = VERTEX_POINT ( 'NONE', #3834 ) ;
#1544 = DATE_AND_TIME ( #3415, #2477 ) ;
#1545 = DIRECTION ( 'NONE',  ( 0.000000000000000000, -1.000000000000000000, 0.000000000000000000 ) ) ;
#1546 = CARTESIAN_POINT ( 'NONE',  ( -2.540000000000000036, -9.213367907222220765, 1.439578291190019232 ) ) ;
#1547 = CIRCLE ( 'NONE', #2884, 4.225000000000000533 ) ;
#1548 = CARTESIAN_POINT ( 'NONE',  ( -2.540000000000000036, -8.286765590379310709, -0.9507803677091507533 ) ) ;
#1549 = CARTESIAN_POINT ( 'NONE',  ( -2.540000000000000036, -8.497822807486729246, -1.529592569659322443 ) ) ;
#1550 = VERTEX_POINT ( 'NONE', #14 ) ;
#1551 = CARTESIAN_POINT ( 'NONE',  ( -2.540000000000000036, -7.378086452801214001, 0.7657772873917044754 ) ) ;
#1552 = B_SPLINE_CURVE_WITH_KNOTS ( 'NONE', 3,
 ( #408, #1889, #776, #1856 ),
 .UNSPECIFIED., .F., .F.,
 ( 4, 4 ),
 ( 10.00000000000000000, 11.00000000000000000 ),
 .UNSPECIFIED. ) ;
#1553 = CARTESIAN_POINT ( 'NONE',  ( -2.540000000000000036, -6.271846153846150962, 1.170170673076924128 ) ) ;
#1554 = EDGE_CURVE ( 'NONE', #150, #1776, #2070, .T. ) ;
#1555 = ADVANCED_FACE ( 'NONE', ( #966, #2711, #1013, #3935, #2065 ), #824, .T. ) ;
#1556 = ORIENTED_EDGE ( 'NONE', *, *, #2385, .F. ) ;
#1557 = CARTESIAN_POINT ( 'NONE',  ( -2.540000000000000036, -6.890056865759804694, 0.4882610010934121947 ) ) ;
#1558 = CARTESIAN_POINT ( 'NONE',  ( 0.000000000000000000, 0.05000000000000000278, 0.05000000000000000278 ) ) ;
#1559 = CARTESIAN_POINT ( 'NONE',  ( -2.540000000000000036, -6.122696533082220505, 1.339374037350953062 ) ) ;
#1560 = CARTESIAN_POINT ( 'NONE',  ( -2.540000000000000036, -6.112715248529662304, -1.111482499979536076 ) ) ;
#1561 = ORIENTED_EDGE ( 'NONE', *, *, #927, .F. ) ;
#1562 = CARTESIAN_POINT ( 'NONE',  ( -2.540000000000000036, -8.694615384615381970, 3.017471153846153609 ) ) ;
#1563 = CARTESIAN_POINT ( 'NONE',  ( -2.540000000000000036, -8.858194763007436023, 2.556330756358227596 ) ) ;
#1564 = B_SPLINE_CURVE_WITH_KNOTS ( 'NONE', 3,
 ( #2221, #2616, #3763, #2987, #4453, #2650, #1138, #4075, #3717, #402, #1865 ),
 .UNSPECIFIED., .F., .F.,
 ( 4, 1, 1, 1, 1, 1, 1, 1, 4 ),
 ( 0.000000000000000000, 0.1379032299933930505, 0.2688733426002936633, 0.3951781273461130173, 0.5170892381308876962, 0.6367430265135471945, 0.7562218164637970474, 0.8766283594636792298, 1.000000000000000000 ),
 .UNSPECIFIED. ) ;
#1565 = EDGE_LOOP ( 'NONE', ( #446, #3378, #4434, #4602, #394 ) ) ;
#1566 = ORIENTED_EDGE ( 'NONE', *, *, #3461, .F. ) ;
#1567 = CARTESIAN_POINT ( 'NONE',  ( -2.540000000000000036, -9.016694711538459472, 2.757365384615384052 ) ) ;
#1568 = DIRECTION ( 'NONE',  ( -1.000000000000000000, -0.000000000000000000, -0.000000000000000000 ) ) ;
#1569 = CARTESIAN_POINT ( 'NONE',  ( -2.540000000000000036, 6.371132605557829010, -1.188556763548217043 ) ) ;
#1570 = CARTESIAN_POINT ( 'NONE',  ( -2.540000000000000036, 8.150635662347145427, 0.03435644577055489007 ) ) ;
#1571 = CARTESIAN_POINT ( 'NONE',  ( -2.540000000000000036, -8.127999999999998337, -0.6056923076923065308 ) ) ;
#1572 = CARTESIAN_POINT ( 'NONE',  ( -2.540000000000000036, -6.540194711538458883, -2.071076923076920373 ) ) ;
#1573 = CARTESIAN_POINT ( 'NONE',  ( -2.540000000000000036, -8.519411978268875529, 2.413665612505824232 ) ) ;
#1574 = CARTESIAN_POINT ( 'NONE',  ( -2.540000000000000036, 7.498210745989711157, 5.440830571393989068 ) ) ;
#1575 = EDGE_LOOP ( 'NONE', ( #3779, #759 ) ) ;
#1576 =( GEOMETRIC_REPRESENTATION_CONTEXT ( 3 ) GLOBAL_UNCERTAINTY_ASSIGNED_CONTEXT ( ( #770 ) ) GLOBAL_UNIT_ASSIGNED_CONTEXT ( ( #521, #2559, #287 ) ) REPRESENTATION_CONTEXT ( 'NONE', 'WORKASPACE' ) );
#1577 = DIRECTION ( 'NONE',  ( -1.000000000000000000, -0.000000000000000000, -0.000000000000000000 ) ) ;
#1578 = APPROVAL_DATE_TIME ( #1041, #2946 ) ;
#1579 = CARTESIAN_POINT ( 'NONE',  ( -2.540000000000000036, -8.791655710750601926, 2.537657110744936606 ) ) ;
#1580 = CARTESIAN_POINT ( 'NONE',  ( -2.540000000000000036, -8.714257361978457794, -1.087004807842915755 ) ) ;
#1581 = CC_DESIGN_PERSON_AND_ORGANIZATION_ASSIGNMENT ( #4063, #3543, ( #4846 ) ) ;
#1582 = EDGE_CURVE ( 'NONE', #4640, #4538, #4795, .T. ) ;
#1583 = CARTESIAN_POINT ( 'NONE',  ( -2.540000000000000036, 7.589456790629025562, -0.1199639009140300722 ) ) ;
#1584 = ORIENTED_EDGE ( 'NONE', *, *, #1055, .F. ) ;
#1585 = CARTESIAN_POINT ( 'NONE',  ( -2.540000000000000036, -7.343000660216573827, 1.592629148156479379 ) ) ;
#1586 = ORIENTED_EDGE ( 'NONE', *, *, #2002, .F. ) ;
#1587 = CARTESIAN_POINT ( 'NONE',  ( -2.540000000000000036, -8.383823018745374611, -0.7908271161423939821 ) ) ;
#1588 = LINE ( 'NONE', #2921, #3285 ) ;
#1589 = CARTESIAN_POINT ( 'NONE',  ( -2.540000000000000036, -6.846600448791459570, -0.4882646884188220904 ) ) ;
#1590 = CARTESIAN_POINT ( 'NONE',  ( -2.540000000000000036, -6.801251055760014097, -2.251536236549366077 ) ) ;
#1591 = DIRECTION ( 'NONE',  ( 0.000000000000000000, 0.000000000000000000, 1.000000000000000000 ) ) ;
#1592 = CARTESIAN_POINT ( 'NONE',  ( -2.540000000000000036, -6.300455625419239425, -1.262103371248023853 ) ) ;
#1593 = VERTEX_POINT ( 'NONE', #868 ) ;
#1594 = LINE ( 'NONE', #2443, #2586 ) ;
#1595 = CARTESIAN_POINT ( 'NONE',  ( -2.540000000000000036, 7.496111598873794080, 5.448752188893708492 ) ) ;
#1596 = ORIENTED_EDGE ( 'NONE', *, *, #1791, .F. ) ;
#1597 = CARTESIAN_POINT ( 'NONE',  ( -2.540000000000000036, -8.385357369927900706, -1.009674361282690613 ) ) ;
#1598 = CARTESIAN_POINT ( 'NONE',  ( -2.540000000000000036, -9.670932452100805321, -0.5659149484124372798 ) ) ;
#1599 = B_SPLINE_CURVE_WITH_KNOTS ( 'NONE', 3,
 ( #689, #2458, #4059, #3976, #3940, #2568, #2850, #704, #206, #2830, #4438, #2192, #1724, #592, #3208, #987, #2093, #3616, #387 ),
 .UNSPECIFIED., .F., .F.,
 ( 4, 1, 1, 1, 1, 1, 1, 1, 1, 1, 1, 1, 1, 1, 1, 1, 4 ),
 ( 0.000000000000000000, 0.1156291309254423028, 0.2215410391198771867, 0.3170478562190425231, 0.4031508756396165460, 0.4801812167162792799, 0.5476493661481904862, 0.6070358428421811503, 0.6586524080635067779, 0.7057228903536454379, 0.7498040879796473712, 0.7925868153452744203, 0.8338739610102604560, 0.8747683933034325898, 0.9152226988916380979, 0.9568807037304798424, 0.9999999999999998890 ),
 .UNSPECIFIED. ) ;
#1600 = LINE ( 'NONE', #607, #2009 ) ;
#1601 = CARTESIAN_POINT ( 'NONE',  ( -2.540000000000000036, -8.842045015101856364, 2.785776528213462555 ) ) ;
#1602 = COORDINATED_UNIVERSAL_TIME_OFFSET ( 5, 0, .BEHIND. ) ;
#1603 = AXIS2_PLACEMENT_3D ( 'NONE', #2906, #292, #2125 ) ;
#1604 = DIRECTION ( 'NONE',  ( 1.000000000000000000, 0.000000000000000000, 0.000000000000000000 ) ) ;
#1605 = CARTESIAN_POINT ( 'NONE',  ( -2.540000000000000036, -9.524694711538458591, -2.118396634615383523 ) ) ;
#1606 = CALENDAR_DATE ( 2021, 12, 4 ) ;
#1607 = CARTESIAN_POINT ( 'NONE',  ( -2.540000000000000036, -6.097705820796504028, 1.230330204580072362 ) ) ;
#1608 = B_SPLINE_CURVE_WITH_KNOTS ( 'NONE', 3,
 ( #2246, #2621, #428, #3462, #1580, #812, #3444, #4570, #1197, #4159, #79, #1597, #1177, #4216, #1548, #3427, #748, #1119, #2999, #1541, #3818, #400, #1191, #3803, #384, #2697, #1571 ),
 .UNSPECIFIED., .F., .F.,
 ( 4, 1, 1, 1, 1, 1, 1, 1, 1, 1, 1, 1, 1, 1, 1, 1, 1, 1, 1, 1, 1, 1, 1, 1, 4 ),
 ( 0.000000000000000000, 0.06311445839479415398, 0.1236146457694901751, 0.1809737111859574532, 0.2352614550083219902, 0.2871007018338722072, 0.3360307363034443218, 0.3823823485850661452, 0.4263340836597065420, 0.4682106947981607425, 0.5082496012618057390, 0.5466283366065856075, 0.5836495392304459351, 0.6189943150301618902, 0.6535830186205956460, 0.6871561361903317788, 0.7204221919788077466, 0.7532302188118170649, 0.7862601560779002297, 0.8195039834988843142, 0.8535452747120184647, 0.8883082803397300831, 0.9239958607406950630, 0.9613503047546450020, 1.000000000000000000 ),
 .UNSPECIFIED. ) ;
#1609 = LINE ( 'NONE', #2929, #3483 ) ;
#1610 = ORIENTED_EDGE ( 'NONE', *, *, #203, .T. ) ;
#1611 = CC_DESIGN_PERSON_AND_ORGANIZATION_ASSIGNMENT ( #1806, #4048, ( #2547 ) ) ;
#1612 = EDGE_CURVE ( 'NONE', #226, #2977, #2275, .T. ) ;
#1613 = FACE_BOUND ( 'NONE', #4380, .T. ) ;
#1614 = VERTEX_POINT ( 'NONE', #922 ) ;
#1615 = DIRECTION ( 'NONE',  ( 0.000000000000000000, 0.000000000000000000, -1.000000000000000000 ) ) ;
#1616 = CARTESIAN_POINT ( 'NONE',  ( -2.540000000000000036, -6.752719400642027914, -1.901534634114273148 ) ) ;
#1617 = ORIENTED_EDGE ( 'NONE', *, *, #1928, .F. ) ;
#1618 = VERTEX_POINT ( 'NONE', #1298 ) ;
#1619 = SECURITY_CLASSIFICATION ( '', '', #3608 ) ;
#1620 = CARTESIAN_POINT ( 'NONE',  ( -2.540000000000000036, -7.417027945290312729, 0.3869675625252586015 ) ) ;
#1621 = ORIENTED_EDGE ( 'NONE', *, *, #1372, .T. ) ;
#1622 = CARTESIAN_POINT ( 'NONE',  ( -2.540000000000000036, 8.063579704479748145, 0.8840099038486282090 ) ) ;
#1623 = VERTEX_POINT ( 'NONE', #3916 ) ;
#1624 = ORIENTED_EDGE ( 'NONE', *, *, #1970, .F. ) ;
#1625 = DIRECTION ( 'NONE',  ( 1.000000000000000000, 0.000000000000000000, 0.000000000000000000 ) ) ;
#1626 = ORIENTED_EDGE ( 'NONE', *, *, #445, .F. ) ;
#1627 = B_SPLINE_CURVE_WITH_KNOTS ( 'NONE', 3,
 ( #3108, #808, #1962, #2305, #825, #53, #2680, #438, #3051, #1573, #4190 ),
 .UNSPECIFIED., .F., .F.,
 ( 4, 1, 1, 1, 1, 1, 1, 1, 4 ),
 ( 0.000000000000000000, 0.1266046417732668017, 0.2497905393020262155, 0.3725243587355523966, 0.4960148443883823366, 0.6198313715740499941, 0.7439657028780283232, 0.8691950232938129295, 0.9999999999999998890 ),
 .UNSPECIFIED. ) ;
#1628 = CARTESIAN_POINT ( 'NONE',  ( -2.540000000000000036, 7.498180551131855331, -4.027209336245686444 ) ) ;
#1629 = ORIENTED_EDGE ( 'NONE', *, *, #2984, .F. ) ;
#1630 = AXIS2_PLACEMENT_3D ( 'NONE', #1392, #2526, #4728 ) ;
#1631 = EDGE_CURVE ( 'NONE', #2510, #208, #293, .T. ) ;
#1632 = APPROVAL_DATE_TIME ( #1933, #1257 ) ;
#1633 = PERSON_AND_ORGANIZATION_ROLE ( 'classification_officer' ) ;
#1634 = EDGE_LOOP ( 'NONE', ( #163, #3070, #4679, #3780 ) ) ;
#1635 = CARTESIAN_POINT ( 'NONE',  ( -2.540000000000000036, -6.110348557692305782, -2.203572115384612840 ) ) ;
#1636 = AXIS2_PLACEMENT_3D ( 'NONE', #1249, #3898, #2010 ) ;
#1637 = SHAPE_REPRESENTATION_RELATIONSHIP ( 'NONE' , 'NONE' ,  #684, #4193 ) ;
#1638 = ORIENTED_EDGE ( 'NONE', *, *, #1337, .F. ) ;
#1639 = ORIENTED_EDGE ( 'NONE', *, *, #2206, .T. ) ;
#1640 = CARTESIAN_POINT ( 'NONE',  ( -2.540000000000000036, -9.381326087373272671, -1.987900633733693079 ) ) ;
#1641 = CARTESIAN_POINT ( 'NONE',  ( -2.540000000000000036, 7.100566515515577493, -3.414128830722015007 ) ) ;
#1642 = CIRCLE ( 'NONE', #1061, 4.762500000000000178 ) ;
#1643 = ORIENTED_EDGE ( 'NONE', *, *, #2645, .F. ) ;
#1644 = VERTEX_POINT ( 'NONE', #4669 ) ;
#1645 = EDGE_CURVE ( 'NONE', #1027, #2145, #4582, .T. ) ;
#1646 = ORIENTED_EDGE ( 'NONE', *, *, #2144, .F. ) ;
#1647 = VERTEX_POINT ( 'NONE', #1382 ) ;
#1648 = LINE ( 'NONE', #1882, #3531 ) ;
#1649 = CARTESIAN_POINT ( 'NONE',  ( 1.881250000000000089, 0.05000000000000000278, 0.01250000000000000590 ) ) ;
#1650 = B_SPLINE_CURVE_WITH_KNOTS ( 'NONE', 3,
 ( #3798, #379, #3027, #1943 ),
 .UNSPECIFIED., .F., .F.,
 ( 4, 4 ),
 ( 0.000000000000000000, 0.9772566066605142820 ),
 .UNSPECIFIED. ) ;
#1651 = LINE ( 'NONE', #4352, #282 ) ;
#1652 = ADVANCED_FACE ( 'NONE', ( #4769 ), #638, .F. ) ;
#1653 = MECHANICAL_CONTEXT ( 'NONE', #539, 'mechanical' ) ;
#1654 = CARTESIAN_POINT ( 'NONE',  ( -2.540000000000000036, -8.899769230769228656, -0.3126153846153835181 ) ) ;
#1655 = FACE_OUTER_BOUND ( 'NONE', #9, .T. ) ;
#1656 = VERTEX_POINT ( 'NONE', #995 ) ;
#1657 = DIRECTION ( 'NONE',  ( -1.000000000000000000, -0.000000000000000000, -0.000000000000000000 ) ) ;
#1658 = CARTESIAN_POINT ( 'NONE',  ( -2.540000000000000036, 4.775199999999999889, 0.000000000000000000 ) ) ;
#1659 = VERTEX_POINT ( 'NONE', #4357 ) ;
#1660 = EDGE_CURVE ( 'NONE', #1530, #3435, #3871, .T. ) ;
#1661 = APPROVAL_PERSON_ORGANIZATION ( #549, #3544, #2055 ) ;
#1662 = FACE_OUTER_BOUND ( 'NONE', #3133, .T. ) ;
#1663 = CARTESIAN_POINT ( 'NONE',  ( -2.540000000000000036, 6.659851554272828267, 4.504113767598405538 ) ) ;
#1664 = VERTEX_POINT ( 'NONE', #4720 ) ;
#1665 = APPROVAL_ROLE ( '' ) ;
#1666 = AXIS2_PLACEMENT_3D ( 'NONE', #1868, #4476, #3739 ) ;
#1667 = APPLICATION_PROTOCOL_DEFINITION ( 'international standard', 'config_control_design', 1994, #4416 ) ;
#1668 = CARTESIAN_POINT ( 'NONE',  ( -2.540000000000000036, -7.462567613155267843, -0.03011099080109481962 ) ) ;
#1669 = VERTEX_POINT ( 'NONE', #3627 ) ;
#1670 = CARTESIAN_POINT ( 'NONE',  ( -2.540000000000000036, 8.149131264999402546, -1.190740115092090212 ) ) ;
#1671 = CARTESIAN_POINT ( 'NONE',  ( -2.540000000000000036, -6.155814035000394924, -2.059587675321902456 ) ) ;
#1672 = FACE_BOUND ( 'NONE', #326, .T. ) ;
#1673 = DIRECTION ( 'NONE',  ( 0.000000000000000000, -0.001227981745710310726, -0.9999992460301319053 ) ) ;
#1674 = ORIENTED_EDGE ( 'NONE', *, *, #2059, .F. ) ;
#1675 = CC_DESIGN_DATE_AND_TIME_ASSIGNMENT ( #1864, #3863, ( #858 ) ) ;
#1676 = EDGE_CURVE ( 'NONE', #4314, #1644, #547, .T. ) ;
#1677 = ORIENTED_EDGE ( 'NONE', *, *, #281, .T. ) ;
#1678 = CARTESIAN_POINT ( 'NONE',  ( -2.540000000000000036, -8.846436984600705600, -0.1176475304478827172 ) ) ;
#1679 = ORIENTED_EDGE ( 'NONE', *, *, #1798, .F. ) ;
#1680 = CARTESIAN_POINT ( 'NONE',  ( -2.540000000000000036, -8.679488436261456386, 2.710470055282617086 ) ) ;
#1681 = CARTESIAN_POINT ( 'NONE',  ( -2.540000000000000036, 6.368971826872495079, -2.948173356970043901 ) ) ;
#1682 = B_SPLINE_CURVE_WITH_KNOTS ( 'NONE', 3,
 ( #2116, #3735, #3035, #3569, #2845, #3971, #2185, #1112, #1327, #4677, #3622, #1344, #2432, #178, #1363, #197, #4698, #981, #3966 ),
 .UNSPECIFIED., .F., .F.,
 ( 4, 1, 1, 1, 1, 1, 1, 1, 1, 1, 1, 1, 1, 1, 1, 1, 4 ),
 ( 0.000000000000000000, 0.1184055081537703086, 0.2266543328167019977, 0.3240923419286023677, 0.4117048030053212515, 0.4890259050064150181, 0.5569093973430762068, 0.6162333444927070580, 0.6673492812770754901, 0.7135123932013474057, 0.7576965045209776983, 0.7994925114422907209, 0.8399760647439388217, 0.8798857418167760347, 0.9191486593857413068, 0.9592273564930828833, 1.000000000000000000 ),
 .UNSPECIFIED. ) ;
#1683 = APPROVAL_STATUS ( 'not_yet_approved' ) ;
#1684 = VERTEX_POINT ( 'NONE', #4374 ) ;
#1685 = CARTESIAN_POINT ( 'NONE',  ( -2.540000000000000036, 6.899679955067874459, 3.574882156375193798 ) ) ;
#1686 = CARTESIAN_POINT ( 'NONE',  ( -2.540000000000000036, 7.642760240453823961, 4.956605949760546359 ) ) ;
#1687 = CARTESIAN_POINT ( 'NONE',  ( 3.367778697655221258E-17, 0.000000000000000000, 0.000000000000000000 ) ) ;
#1688 = VERTEX_POINT ( 'NONE', #2469 ) ;
#1689 = DIRECTION ( 'NONE',  ( 0.000000000000000000, -1.000000000000000000, 0.000000000000000000 ) ) ;
#1690 = CARTESIAN_POINT ( 'NONE',  ( -2.540000000000000036, -8.656151970180724575, -0.1299609183266125789 ) ) ;
#1691 =( LENGTH_UNIT ( ) NAMED_UNIT ( * ) SI_UNIT ( .MILLI., .METRE. ) );
#1692 = VERTEX_POINT ( 'NONE', #1010 ) ;
#1693 = VERTEX_POINT ( 'NONE', #3970 ) ;
#1694 = EDGE_CURVE ( 'NONE', #731, #4855, #288, .T. ) ;
#1695 = APPLICATION_PROTOCOL_DEFINITION ( 'international standard', 'config_control_design', 1994, #4646 ) ;
#1696 = VECTOR ( 'NONE', #2638, 1000.000000000000000 ) ;
#1697 = EDGE_LOOP ( 'NONE', ( #3100, #3546, #4257 ) ) ;
#1698 = CARTESIAN_POINT ( 'NONE',  ( -2.540000000000000036, -9.671538461538458975, 1.175360576923076827 ) ) ;
#1699 = CARTESIAN_POINT ( 'NONE',  ( -2.540000000000000036, -9.004483173076922142, 0.9183076923076926024 ) ) ;
#1700 = DIRECTION ( 'NONE',  ( 0.000000000000000000, 0.000000000000000000, 1.000000000000000000 ) ) ;
#1701 = VERTEX_POINT ( 'NONE', #3185 ) ;
#1702 = CARTESIAN_POINT ( 'NONE',  ( -2.540000000000000036, -8.899769230769228656, -0.8987692307692296545 ) ) ;
#1703 = EDGE_CURVE ( 'NONE', #1404, #2099, #3294, .T. ) ;
#1704 = VECTOR ( 'NONE', #1133, 1000.000000000000114 ) ;
#1705 = PRODUCT ( 'TTN236917-E0W', 'TTN236917-E0W', '', ( #1712 ) ) ;
#1706 = VECTOR ( 'NONE', #3279, 999.9999999999998863 ) ;
#1707 = DIRECTION ( 'NONE',  ( 0.000000000000000000, 0.000000000000000000, 1.000000000000000000 ) ) ;
#1708 = CARTESIAN_POINT ( 'NONE',  ( -2.540000000000000036, 7.673360980509772666, 5.190696505309794873 ) ) ;
#1709 = EDGE_LOOP ( 'NONE', ( #4046, #884, #2667, #198, #1723, #3155, #4349, #4027, #2476, #4180, #3151, #309, #4506, #30, #2721, #874 ) ) ;
#1710 = EDGE_CURVE ( 'NONE', #2215, #2841, #4413, .T. ) ;
#1711 = CARTESIAN_POINT ( 'NONE',  ( -2.540000000000000036, -8.303846153846151878, -1.780137019230768169 ) ) ;
#1712 = MECHANICAL_CONTEXT ( 'NONE', #4711, 'mechanical' ) ;
#1713 = ORIENTED_EDGE ( 'NONE', *, *, #209, .F. ) ;
#1714 = CARTESIAN_POINT ( 'NONE',  ( -2.540000000000000036, -8.900379807692305079, -1.289538461538460634 ) ) ;
#1715 = DIRECTION ( 'NONE',  ( 0.000000000000000000, 0.000000000000000000, -1.000000000000000000 ) ) ;
#1716 = PERSON_AND_ORGANIZATION ( #2323, #4393 ) ;
#1717 = CARTESIAN_POINT ( 'NONE',  ( -2.540000000000000036, -8.362199801254156739, -1.941489105979517404 ) ) ;
#1718 = CARTESIAN_POINT ( 'NONE',  ( -2.540000000000000036, 0.000000000000000000, 0.000000000000000000 ) ) ;
#1719 = EDGE_CURVE ( 'NONE', #4327, #1790, #840, .T. ) ;
#1720 = VECTOR ( 'NONE', #4535, 1000.000000000000000 ) ;
#1721 = EDGE_CURVE ( 'NONE', #755, #3504, #1420, .T. ) ;
#1722 = CARTESIAN_POINT ( 'NONE',  ( -2.540000000000000036, 6.372520344991421837, -0.05845984465981287487 ) ) ;
#1723 = ORIENTED_EDGE ( 'NONE', *, *, #2374, .T. ) ;
#1724 = CARTESIAN_POINT ( 'NONE',  ( -2.540000000000000036, -6.317564148060110796, 0.1433035636194629203 ) ) ;
#1725 = PERSON_AND_ORGANIZATION ( #2323, #4393 ) ;
#1726 = CARTESIAN_POINT ( 'NONE',  ( -2.540000000000000036, 6.460834835456818581, 4.201817726531694497 ) ) ;
#1727 = FACE_OUTER_BOUND ( 'NONE', #3334, .T. ) ;
#1728 = ORIENTED_EDGE ( 'NONE', *, *, #3683, .T. ) ;
#1729 = EDGE_CURVE ( 'NONE', #4430, #3307, #682, .T. ) ;
#1730 = FACE_BOUND ( 'NONE', #3704, .T. ) ;
#1731 = CARTESIAN_POINT ( 'NONE',  ( 0.000000000000000000, 0.000000000000000000, 0.000000000000000000 ) ) ;
#1732 = ORIENTED_EDGE ( 'NONE', *, *, #600, .T. ) ;
#1733 = CC_DESIGN_PERSON_AND_ORGANIZATION_ASSIGNMENT ( #942, #3182, ( #1739 ) ) ;
#1734 = CARTESIAN_POINT ( 'NONE',  ( -2.540000000000000036, -6.867769230769229516, -0.2930769230769225131 ) ) ;
#1735 = CARTESIAN_POINT ( 'NONE',  ( -2.540000000000000036, -8.964407265593086649, -1.290130788128872386 ) ) ;
#1736 = CARTESIAN_POINT ( 'NONE',  ( -2.540000000000000036, 7.746652471488113534, -4.492514159263707896 ) ) ;
#1737 = CARTESIAN_POINT ( 'NONE',  ( -2.540000000000000036, 6.460448359872308366, 3.887093754071551999 ) ) ;
#1738 = ORIENTED_EDGE ( 'NONE', *, *, #2864, .F. ) ;
#1739 = PRODUCT ( 'DWG2082_Design Only', 'DWG2082_Design Only', '', ( #4259 ) ) ;
#1740 = DIRECTION ( 'NONE',  ( 0.000000000000000000, 1.000000000000000000, 0.000000000000000000 ) ) ;
#1741 = CARTESIAN_POINT ( 'NONE',  ( -2.540000000000000036, -7.619999999999997442, -2.774461538461535426 ) ) ;
#1742 = CC_DESIGN_PERSON_AND_ORGANIZATION_ASSIGNMENT ( #4087, #2410, ( #4525 ) ) ;
#1743 = EDGE_CURVE ( 'NONE', #2489, #109, #4171, .T. ) ;
#1744 = ORIENTED_EDGE ( 'NONE', *, *, #610, .T. ) ;
#1745 = VERTEX_POINT ( 'NONE', #1331 ) ;
#1746 = CARTESIAN_POINT ( 'NONE',  ( -2.540000000000000036, -7.169536708591898844, 1.445417414665206124 ) ) ;
#1747 = CARTESIAN_POINT ( 'NONE',  ( -2.540000000000000036, -7.619999999999998330, 2.149230769230770388 ) ) ;
#1748 = ORIENTED_EDGE ( 'NONE', *, *, #1778, .T. ) ;
#1749 = CARTESIAN_POINT ( 'NONE',  ( -2.540000000000000036, -6.388395896696799525, -0.2121104128694666080 ) ) ;
#1750 = CARTESIAN_POINT ( 'NONE',  ( -2.540000000000000036, -9.494242848475350272, 1.136977364640529009 ) ) ;
#1751 = CARTESIAN_POINT ( 'NONE',  ( -2.540000000000000036, -8.569640724381322627, 2.875188379870362798 ) ) ;
#1752 = CARTESIAN_POINT ( 'NONE',  ( -2.540000000000000036, -8.383823018745374611, -1.963134808450086366 ) ) ;
#1753 = CARTESIAN_POINT ( 'NONE',  ( -2.540000000000000036, -8.538307692307688157, 1.917211538461538245 ) ) ;
#1754 = PERSON_AND_ORGANIZATION ( #2323, #4393 ) ;
#1755 = CARTESIAN_POINT ( 'NONE',  ( 0.000000000000000000, 0.000000000000000000, 0.000000000000000000 ) ) ;
#1756 = EDGE_CURVE ( 'NONE', #3530, #2137, #2705, .T. ) ;
#1757 = CARTESIAN_POINT ( 'NONE',  ( -2.540000000000000036, -9.621309594297468237, 1.349987652936343041 ) ) ;
#1758 = ORIENTED_EDGE ( 'NONE', *, *, #927, .T. ) ;
#1759 = ORIENTED_EDGE ( 'NONE', *, *, #2219, .F. ) ;
#1760 = CARTESIAN_POINT ( 'NONE',  ( -2.540000000000000036, -8.518769230769228429, 3.064485576923076771 ) ) ;
#1761 = DIRECTION ( 'NONE',  ( 0.000000000000000000, -1.000000000000000000, 0.000000000000000000 ) ) ;
#1762 = AXIS2_PLACEMENT_3D ( 'NONE', #4364, #3700, #2063 ) ;
#1763 = VERTEX_POINT ( 'NONE', #2150 ) ;
#1764 = CARTESIAN_POINT ( 'NONE',  ( -2.540000000000000036, -8.127999999999998337, -2.880701923076922633 ) ) ;
#1765 = LINE ( 'NONE', #3964, #2878 ) ;
#1766 = CARTESIAN_POINT ( 'NONE',  ( -2.540000000000000036, -8.736813311388992531, -0.8940920692913313372 ) ) ;
#1767 = DIRECTION ( 'NONE',  ( 0.000000000000000000, 1.000000000000000000, 0.000000000000000000 ) ) ;
#1768 = CARTESIAN_POINT ( 'NONE',  ( -2.540000000000000036, 7.762150931175072266, 3.903239825146375797 ) ) ;
#1769 = SECURITY_CLASSIFICATION ( '', '', #1006 ) ;
#1770 = CARTESIAN_POINT ( 'NONE',  ( -2.540000000000000036, 7.270871268506767571, 3.493637935635127700 ) ) ;
#1771 = VERTEX_POINT ( 'NONE', #3654 ) ;
#1772 = CARTESIAN_POINT ( 'NONE',  ( -2.540000000000000036, -9.651999999999997470, 3.206749999999999545 ) ) ;
#1773 = VECTOR ( 'NONE', #2490, 1000.000000000000000 ) ;
#1774 = CARTESIAN_POINT ( 'NONE',  ( -2.540000000000000036, -9.375000660216571191, -1.357678544151213362 ) ) ;
#1775 = CARTESIAN_POINT ( 'NONE',  ( -2.540000000000000036, 6.822873344469680745, 1.655545320006160059 ) ) ;
#1776 = VERTEX_POINT ( 'NONE', #1024 ) ;
#1777 = CARTESIAN_POINT ( 'NONE',  ( -2.540000000000000036, -6.351823018745374583, 0.9871728838576068199 ) ) ;
#1778 = EDGE_CURVE ( 'NONE', #361, #257, #3650, .T. ) ;
#1779 = VERTEX_POINT ( 'NONE', #2903 ) ;
#1780 = CARTESIAN_POINT ( 'NONE',  ( -2.540000000000000036, -6.994769230769228407, -2.774461538461535426 ) ) ;
#1781 = AXIS2_PLACEMENT_3D ( 'NONE', #2264, #2612, #1130 ) ;
#1782 = VECTOR ( 'NONE', #3532, 1000.000000000000000 ) ;
#1783 = ADVANCED_FACE ( 'NONE', ( #422, #2882 ), #2893, .F. ) ;
#1784 = CARTESIAN_POINT ( 'NONE',  ( 0.000000000000000000, 0.05000000000000000278, 0.000000000000000000 ) ) ;
#1785 = ORIENTED_EDGE ( 'NONE', *, *, #1305, .F. ) ;
#1786 = DIRECTION ( 'NONE',  ( 0.000000000000000000, 0.000000000000000000, -1.000000000000000000 ) ) ;
#1787 = PERSON_AND_ORGANIZATION_ROLE ( 'classification_officer' ) ;
#1788 = CARTESIAN_POINT ( 'NONE',  ( -2.540000000000000036, -9.015255442737302616, 2.114361739045532484 ) ) ;
#1789 = VERTEX_POINT ( 'NONE', #1775 ) ;
#1790 = VERTEX_POINT ( 'NONE', #2138 ) ;
#1791 = EDGE_CURVE ( 'NONE', #2211, #3842, #1805, .T. ) ;
#1792 = CARTESIAN_POINT ( 'NONE',  ( -2.540000000000000036, -9.666914764791409098, -1.699627983932207043 ) ) ;
#1793 = CARTESIAN_POINT ( 'NONE',  ( -2.540000000000000036, -9.185866887789304158, -1.074615749803007558 ) ) ;
#1794 = CARTESIAN_POINT ( 'NONE',  ( -2.540000000000000036, -8.553814698147727213, 3.238455583028325702 ) ) ;
#1795 = ORIENTED_EDGE ( 'NONE', *, *, #1214, .T. ) ;
#1796 = CARTESIAN_POINT ( 'NONE',  ( -2.540000000000000036, -6.432699895776228693, 0.7379502956093827448 ) ) ;
#1797 = CARTESIAN_POINT ( 'NONE',  ( 0.000000000000000000, 3.447199994035444526, -2.892544243589376673 ) ) ;
#1798 = EDGE_CURVE ( 'NONE', #1975, #254, #2658, .T. ) ;
#1799 = ORIENTED_EDGE ( 'NONE', *, *, #4316, .F. ) ;
#1800 = CARTESIAN_POINT ( 'NONE',  ( -2.540000000000000036, 6.757750797892491335, 5.214143369441851306 ) ) ;
#1801 = ORIENTED_EDGE ( 'NONE', *, *, #3855, .T. ) ;
#1802 = EDGE_LOOP ( 'NONE', ( #2498, #429 ) ) ;
#1803 = APPROVAL_ROLE ( '' ) ;
#1804 = CARTESIAN_POINT ( 'NONE',  ( -2.540000000000000036, -8.757825282880586926, 2.203705770219010596 ) ) ;
#1805 = B_SPLINE_CURVE_WITH_KNOTS ( 'NONE', 3,
 ( #441, #1223, #2308, #791 ),
 .UNSPECIFIED., .F., .F.,
 ( 4, 4 ),
 ( 27.00000000000000000, 28.00000000000000000 ),
 .UNSPECIFIED. ) ;
#1806 = PERSON_AND_ORGANIZATION ( #2323, #4393 ) ;
#1807 = ORIENTED_EDGE ( 'NONE', *, *, #3934, .T. ) ;
#1808 = CARTESIAN_POINT ( 'NONE',  ( -2.540000000000000036, -6.567597795040070352, 0.9000640546166451816 ) ) ;
#1809 = ORIENTED_EDGE ( 'NONE', *, *, #61, .F. ) ;
#1810 = CARTESIAN_POINT ( 'NONE',  ( -2.540000000000000036, -6.953089807584451165, 0.2925205442307537984 ) ) ;
#1811 = CARTESIAN_POINT ( 'NONE',  ( -2.540000000000000036, -6.096207913039938475, 1.158967239186557086 ) ) ;
#1812 = LINE ( 'NONE', #841, #885 ) ;
#1813 = VERTEX_POINT ( 'NONE', #2718 ) ;
#1814 = ORIENTED_EDGE ( 'NONE', *, *, #382, .T. ) ;
#1815 = DIRECTION ( 'NONE',  ( -1.000000000000000000, -0.000000000000000000, -0.000000000000000000 ) ) ;
#1816 = CARTESIAN_POINT ( 'NONE',  ( -2.540000000000000036, 7.526413354384060561, 5.330349608025478858 ) ) ;
#1817 = LINE ( 'NONE', #308, #1341 ) ;
#1818 = FACE_OUTER_BOUND ( 'NONE', #652, .T. ) ;
#1819 = CARTESIAN_POINT ( 'NONE',  ( -2.540000000000000036, -9.651999999999997470, -2.754923076923076142 ) ) ;
#1820 = VERTEX_POINT ( 'NONE', #4521 ) ;
#1821 = AXIS2_PLACEMENT_3D ( 'NONE', #1265, #2117, #740 ) ;
#1822 = DIRECTION ( 'NONE',  ( -0.000000000000000000, -0.9999992460301319053, 0.001227981745710096488 ) ) ;
#1823 = DIRECTION ( 'NONE',  ( 1.000000000000000000, 0.000000000000000000, 0.000000000000000000 ) ) ;
#1824 = VECTOR ( 'NONE', #2430, 1000.000000000000114 ) ;
#1825 = ORIENTED_EDGE ( 'NONE', *, *, #3038, .F. ) ;
#1826 = CARTESIAN_POINT ( 'NONE',  ( -2.540000000000000036, 7.350856638085529582, 4.392761509929139940 ) ) ;
#1827 = PRODUCT_DEFINITION_FORMATION_WITH_SPECIFIED_SOURCE ( 'ANY', '', #3458, .NOT_KNOWN. ) ;
#1828 = CARTESIAN_POINT ( 'NONE',  ( -2.540000000000000036, -6.391644075026722938, 0.7521807426049890166 ) ) ;
#1829 = EDGE_CURVE ( 'NONE', #2512, #2171, #2475, .T. ) ;
#1830 = DATE_AND_TIME ( #670, #3658 ) ;
#1831 = CARTESIAN_POINT ( 'NONE',  ( -2.540000000000000036, -8.773529598346664571, -2.263487723395616324 ) ) ;
#1832 = CARTESIAN_POINT ( 'NONE',  ( -2.540000000000000036, -8.929081426135489608, -0.3128065305973417032 ) ) ;
#1833 = LINE ( 'NONE', #2796, #186 ) ;
#1834 = ORIENTED_EDGE ( 'NONE', *, *, #4294, .F. ) ;
#1835 = CARTESIAN_POINT ( 'NONE',  ( -2.540000000000000036, -8.128000000000000114, -1.777999999999999359 ) ) ;
#1836 = COORDINATED_UNIVERSAL_TIME_OFFSET ( 5, 0, .BEHIND. ) ;
#1837 = CARTESIAN_POINT ( 'NONE',  ( -2.540000000000000036, -8.318458929623361087, -1.410107871162262771 ) ) ;
#1838 = FACE_BOUND ( 'NONE', #1063, .T. ) ;
#1839 = CARTESIAN_POINT ( 'NONE',  ( -2.540000000000000036, 7.524302244833806164, -2.487160328392785669 ) ) ;
#1840 = CARTESIAN_POINT ( 'NONE',  ( -2.540000000000000036, -9.001020231702529628, -2.265000639391369752 ) ) ;
#1841 = CARTESIAN_POINT ( 'NONE',  ( -2.540000000000000036, -8.446035320389682965, -2.005445922032988992 ) ) ;
#1842 = FACE_OUTER_BOUND ( 'NONE', #1846, .T. ) ;
#1843 = CARTESIAN_POINT ( 'NONE',  ( -2.540000000000000036, 7.006167274751287977, 4.910102973575677154 ) ) ;
#1844 = ORIENTED_EDGE ( 'NONE', *, *, #4723, .T. ) ;
#1845 = CARTESIAN_POINT ( 'NONE',  ( -2.540000000000000036, -6.201966541117776011, 0.8742593244624562443 ) ) ;
#1846 = EDGE_LOOP ( 'NONE', ( #4420, #2723 ) ) ;
#1847 = CARTESIAN_POINT ( 'NONE',  ( -2.540000000000000036, -9.671035733328899653, -1.795624093870255233 ) ) ;
#1848 = VERTEX_POINT ( 'NONE', #4176 ) ;
#1849 = CARTESIAN_POINT ( 'NONE',  ( -2.540000000000000036, -9.451414052346523320, -0.4654913720835127666 ) ) ;
#1850 = CARTESIAN_POINT ( 'NONE',  ( -2.540000000000000036, -9.137266087684647431, -1.496023828014042101 ) ) ;
#1851 = AXIS2_PLACEMENT_3D ( 'NONE', #737, #2606, #2954 ) ;
#1852 = CARTESIAN_POINT ( 'NONE',  ( -2.540000000000000036, 6.413932095181872128, 4.863344681586177387 ) ) ;
#1853 = DIRECTION ( 'NONE',  ( 0.000000000000000000, -1.000000000000000000, 0.000000000000000000 ) ) ;
#1854 = ORIENTED_EDGE ( 'NONE', *, *, #1472, .T. ) ;
#1855 = CARTESIAN_POINT ( 'NONE',  ( -2.540000000000000036, 5.847933395288442187E-16, -4.775199999999999889 ) ) ;
#1856 = CARTESIAN_POINT ( 'NONE',  ( -2.540000000000000036, 7.494697741363441246, 4.492118024129278631 ) ) ;
#1857 = CARTESIAN_POINT ( 'NONE',  ( -2.540000000000000036, 7.432617183148345852, 5.422624048186837520 ) ) ;
#1858 = EDGE_CURVE ( 'NONE', #1701, #1656, #3244, .T. ) ;
#1859 = CARTESIAN_POINT ( 'NONE',  ( -2.540000000000000036, 6.822992358568303217, 3.495872615733402355 ) ) ;
#1860 = CARTESIAN_POINT ( 'NONE',  ( 4.381250000000000533, 0.05000000000000000278, -0.01250000000000000590 ) ) ;
#1861 = CARTESIAN_POINT ( 'NONE',  ( -2.540000000000000036, -7.033149155088916693, 0.2886147525685950344 ) ) ;
#1862 = EDGE_LOOP ( 'NONE', ( #2952, #1511, #3963, #2120, #1825 ) ) ;
#1863 = DIRECTION ( 'NONE',  ( 0.000000000000000000, 1.000000000000000000, 0.000000000000000000 ) ) ;
#1864 = DATE_AND_TIME ( #3213, #105 ) ;
#1865 = CARTESIAN_POINT ( 'NONE',  ( -2.540000000000000036, -7.492694711538459451, 0.8319110576923088862 ) ) ;
#1866 = CARTESIAN_POINT ( 'NONE',  ( -2.540000000000000036, -10.06230769230768907, 0.7229230769230770015 ) ) ;
#1867 = VERTEX_POINT ( 'NONE', #19 ) ;
#1868 = CARTESIAN_POINT ( 'NONE',  ( -2.540000000000000036, 4.775199999999999889, 0.000000000000000000 ) ) ;
#1869 = PRODUCT_DEFINITION_SHAPE ( 'NONE', 'NONE',  #858 ) ;
#1870 = SHAPE_DEFINITION_REPRESENTATION ( #4537, #2448 ) ;
#1871 = ORIENTED_EDGE ( 'NONE', *, *, #3758, .T. ) ;
#1872 = CARTESIAN_POINT ( 'NONE',  ( -2.540000000000000036, 7.080724836157438418, 4.969289447865515186 ) ) ;
#1873 = CARTESIAN_POINT ( 'NONE',  ( -2.540000000000000036, 6.971532828533621995, 5.889007682524041165 ) ) ;
#1874 = ORIENTED_EDGE ( 'NONE', *, *, #430, .T. ) ;
#1875 = B_SPLINE_CURVE_WITH_KNOTS ( 'NONE', 3,
 ( #1229, #2724, #2296, #816, #3059, #3447, #4183, #1180, #62, #4674, #2799, #1306, #1276, #520, #3516, #551, #1690, #3134, #3553, #2441, #1678, #948, #1242 ),
 .UNSPECIFIED., .F., .F.,
 ( 4, 1, 1, 1, 1, 1, 1, 1, 1, 1, 1, 1, 1, 1, 1, 1, 1, 1, 1, 1, 4 ),
 ( 0.000000000000000000, 0.05672433721815057367, 0.1114372357370104483, 0.1643678222229011110, 0.2164353724620896036, 0.2676414903219249131, 0.3173597799690271448, 0.3674730633322798590, 0.4182103970528083248, 0.4714042826470191128, 0.5279657201290487434, 0.5880611158232129654, 0.6521342629937145752, 0.6863448363353058523, 0.7232636803169655293, 0.7626102507715417644, 0.8047389366452176729, 0.8494303387909502012, 0.8967112583864915720, 0.9468896380534762569, 1.000000000000000000 ),
 .UNSPECIFIED. ) ;
#1876 = ORIENTED_EDGE ( 'NONE', *, *, #3906, .T. ) ;
#1877 = CARTESIAN_POINT ( 'NONE',  ( 5.832380380939270108E-16, 0.000000000000000000, 4.762500000000000178 ) ) ;
#1878 = LINE ( 'NONE', #63, #4755 ) ;
#1879 = FACE_BOUND ( 'NONE', #25, .T. ) ;
#1880 = CARTESIAN_POINT ( 'NONE',  ( -2.540000000000000036, -8.605166798596435740, -2.245699642274525676 ) ) ;
#1881 = DIRECTION ( 'NONE',  ( 0.000000000000000000, -0.001227981745711396446, -0.9999992460301319053 ) ) ;
#1882 = CARTESIAN_POINT ( 'NONE',  ( -2.540000000000000036, -6.818923076923074866, -2.774461538461535426 ) ) ;
#1883 = CARTESIAN_POINT ( 'NONE',  ( -2.540000000000000036, -8.408254807692305377, -0.8105408653846142286 ) ) ;
#1884 = CARTESIAN_POINT ( 'NONE',  ( -2.540000000000000036, -8.138925260515838644, -1.663839803852214416 ) ) ;
#1885 = VECTOR ( 'NONE', #4195, 1000.000000000000000 ) ;
#1886 = VECTOR ( 'NONE', #3797, 1000.000000000000000 ) ;
#1887 = CARTESIAN_POINT ( 'NONE',  ( -2.540000000000000036, -9.309970190347838681, 1.425663644019966814 ) ) ;
#1888 = EDGE_LOOP ( 'NONE', ( #3390, #4512, #3589, #2440, #76, #2935, #3266, #1646, #1029, #3145, #269, #2376, #2614, #2849, #337, #2836, #1679, #4194, #459, #2504, #4142, #474, #157, #1328, #4766, #471, #4186, #683, #3074, #3211, #1195, #4091, #4873, #668, #1643 ) ) ;
#1889 = CARTESIAN_POINT ( 'NONE',  ( -2.540000000000000036, 7.163233934301670658, 4.669412303277206355 ) ) ;
#1890 = CARTESIAN_POINT ( 'NONE',  ( -2.540000000000000036, -9.410086452801211365, -2.184530404915987933 ) ) ;
#1891 = CARTESIAN_POINT ( 'NONE',  ( 0.000000000000000000, 0.000000000000000000, 4.500000000000000888 ) ) ;
#1892 = FACE_BOUND ( 'NONE', #1697, .T. ) ;
#1893 = ORIENTED_EDGE ( 'NONE', *, *, #896, .T. ) ;
#1894 = CARTESIAN_POINT ( 'NONE',  ( -2.540000000000000036, -8.593189008742065482, -3.116714202290339575 ) ) ;
#1895 = LOCAL_TIME ( 16, 0, 1.000000000000000000, #1953 ) ;
#1896 = DIRECTION ( 'NONE',  ( -1.000000000000000000, -0.000000000000000000, -0.000000000000000000 ) ) ;
#1897 = EDGE_CURVE ( 'NONE', #1776, #279, #1007, .T. ) ;
#1898 = VECTOR ( 'NONE', #1822, 1000.000000000000000 ) ;
#1899 = CARTESIAN_POINT ( 'NONE',  ( -2.540000000000000036, -6.573166798596435711, -0.4676996422745260396 ) ) ;
#1900 = CARTESIAN_POINT ( 'NONE',  ( -2.540000000000000036, -8.464699895776224281, -2.212357396698308776 ) ) ;
#1901 = CARTESIAN_POINT ( 'NONE',  ( -2.540000000000000036, -9.380995349365823799, -0.3957945060257019865 ) ) ;
#1902 = VECTOR ( 'NONE', #2363, 1000.000000000000000 ) ;
#1903 = ORIENTED_EDGE ( 'NONE', *, *, #74, .T. ) ;
#1904 = CARTESIAN_POINT ( 'NONE',  ( -2.540000000000000036, -8.698172974511658495, 2.420520955885695713 ) ) ;
#1905 = CARTESIAN_POINT ( 'NONE',  ( -2.540000000000000036, -6.667449672895626733, 0.4801674986380949361 ) ) ;
#1906 = CARTESIAN_POINT ( 'NONE',  ( -2.540000000000000036, -9.342649406773610110, -2.210532663735184755 ) ) ;
#1907 = ORIENTED_EDGE ( 'NONE', *, *, #4182, .T. ) ;
#1908 = B_SPLINE_CURVE_WITH_KNOTS ( 'NONE', 3,
 ( #3069, #3819, #91, #3084, #4226, #401, #1218 ),
 .UNSPECIFIED., .F., .F.,
 ( 4, 1, 1, 1, 4 ),
 ( 0.000000000000000000, 0.2645320512467233542, 0.5166904200442429262, 0.7617910007343434708, 1.000000000000000000 ),
 .UNSPECIFIED. ) ;
#1909 = VERTEX_POINT ( 'NONE', #2682 ) ;
#1910 = CARTESIAN_POINT ( 'NONE',  ( -2.540000000000000036, 6.761700569398586325, -2.932071101583782369 ) ) ;
#1911 = CARTESIAN_POINT ( 'NONE',  ( 0.000000000000000000, 0.05000000000000000278, 0.000000000000000000 ) ) ;
#1912 = ORIENTED_EDGE ( 'NONE', *, *, #2374, .F. ) ;
#1913 = CARTESIAN_POINT ( 'NONE',  ( -2.540000000000000036, 6.368971826872495079, -2.948173356970043901 ) ) ;
#1914 = ORIENTED_EDGE ( 'NONE', *, *, #1322, .T. ) ;
#1915 = CARTESIAN_POINT ( 'NONE',  ( -2.540000000000000036, -6.932407265593088397, 0.4878692118711275838 ) ) ;
#1916 = CARTESIAN_POINT ( 'NONE',  ( -0.1269999999999973372, 0.000000000000000000, 12.69999999999999929 ) ) ;
#1917 = ORIENTED_EDGE ( 'NONE', *, *, #2783, .T. ) ;
#1918 = CARTESIAN_POINT ( 'NONE',  ( -2.540000000000000036, -6.335447877366788383, 1.566121137878738523 ) ) ;
#1919 = PERSON ( 'NAUO-PER3', 'UNSPECIFIED', 'UNSPECIFIED', ('UNSPECIFIED'), ('UNSPECIFIED'), ('UNSPECIFIED') ) ;
#1920 = ORIENTED_EDGE ( 'NONE', *, *, #1110, .F. ) ;
#1921 = AXIS2_PLACEMENT_3D ( 'NONE', #10, #3066, #1166 ) ;
#1922 = ORIENTED_EDGE ( 'NONE', *, *, #3114, .F. ) ;
#1923 = CARTESIAN_POINT ( 'NONE',  ( -2.540000000000000036, 7.507822055445440235, 4.061686354725929426 ) ) ;
#1924 = ADVANCED_FACE ( 'NONE', ( #360 ), #2655, .F. ) ;
#1925 = CARTESIAN_POINT ( 'NONE',  ( -2.540000000000000036, -9.066060806569533170, 1.445869965613167940 ) ) ;
#1926 = CARTESIAN_POINT ( 'NONE',  ( -2.540000000000000036, -8.319677518183251408, -1.688477375637713607 ) ) ;
#1927 = APPROVAL ( #3560, 'UNSPECIFIED' ) ;
#1928 = EDGE_CURVE ( 'NONE', #775, #3459, #3123, .T. ) ;
#1929 = CARTESIAN_POINT ( 'NONE',  ( -2.540000000000000036, -6.902683915248934987, 0.6843441131833229996 ) ) ;
#1930 = CARTESIAN_POINT ( 'NONE',  ( -2.540000000000000036, -6.095999999999998309, -2.429485576923074763 ) ) ;
#1931 = B_SPLINE_CURVE_WITH_KNOTS ( 'NONE', 3,
 ( #67, #4110, #2989, #2635 ),
 .UNSPECIFIED., .F., .F.,
 ( 4, 4 ),
 ( 3.000000000000000000, 4.000000000000000000 ),
 .UNSPECIFIED. ) ;
#1932 = CARTESIAN_POINT ( 'NONE',  ( -2.540000000000000036, 8.150248869661689710, -0.2806257558583304945 ) ) ;
#1933 = DATE_AND_TIME ( #4446, #3684 ) ;
#1934 = ORIENTED_EDGE ( 'NONE', *, *, #1743, .T. ) ;
#1935 = CARTESIAN_POINT ( 'NONE',  ( -2.540000000000000036, -6.284845169087376782, -0.3665240615626025877 ) ) ;
#1936 = CARTESIAN_POINT ( 'NONE',  ( -2.540000000000000036, -6.203850169410162430, 1.475196425508102260 ) ) ;
#1937 = VERTEX_POINT ( 'NONE', #4552 ) ;
#1938 = CARTESIAN_POINT ( 'NONE',  ( -2.540000000000000036, 7.589456790629025562, -0.1199639009140300722 ) ) ;
#1939 = CONICAL_SURFACE ( 'NONE', #792, 12.57300000000000217, 0.7853981633974551624 ) ;
#1940 = FACE_OUTER_BOUND ( 'NONE', #4578, .T. ) ;
#1941 = EDGE_CURVE ( 'NONE', #846, #3291, #1115, .T. ) ;
#1942 = CARTESIAN_POINT ( 'NONE',  ( -2.540000000000000036, -8.694615384615381970, 3.017471153846153609 ) ) ;
#1943 = CARTESIAN_POINT ( 'NONE',  ( -2.540000000000000036, 8.148047265470706790, -2.073488344192774502 ) ) ;
#1944 = CARTESIAN_POINT ( 'NONE',  ( -2.540000000000000036, 7.456722366464901164, 3.492710636446365591 ) ) ;
#1945 = ADVANCED_FACE ( 'NONE', ( #1236 ), #4111, .T. ) ;
#1946 = CARTESIAN_POINT ( 'NONE',  ( -2.540000000000000036, 7.780932078704517529, -0.3551879271714345476 ) ) ;
#1947 = CONICAL_SURFACE ( 'NONE', #2411, 12.69999999999999929, 0.7853981633974551624 ) ;
#1948 = VERTEX_POINT ( 'NONE', #4587 ) ;
#1949 = PERSON_AND_ORGANIZATION ( #4342, #3352 ) ;
#1950 = CARTESIAN_POINT ( 'NONE',  ( -2.540000000000000036, -9.494210797742169916, 1.215762854860908071 ) ) ;
#1951 = EDGE_CURVE ( 'NONE', #4153, #731, #2181, .T. ) ;
#1952 = ORIENTED_EDGE ( 'NONE', *, *, #3924, .F. ) ;
#1953 = COORDINATED_UNIVERSAL_TIME_OFFSET ( 5, 0, .BEHIND. ) ;
#1954 = LINE ( 'NONE', #284, #2360 ) ;
#1955 = CARTESIAN_POINT ( 'NONE',  ( -2.540000000000000036, -8.713475823324925429, 2.914843156167214566 ) ) ;
#1956 = CARTESIAN_POINT ( 'NONE',  ( -2.540000000000000036, -7.638932452100807069, 1.212085051587562745 ) ) ;
#1957 = EDGE_LOOP ( 'NONE', ( #193, #653 ) ) ;
#1958 = CARTESIAN_POINT ( 'NONE',  ( -2.540000000000000036, -8.317957567343311709, -0.6945840934757802065 ) ) ;
#1959 = EDGE_CURVE ( 'NONE', #3967, #3832, #2931, .T. ) ;
#1960 = EDGE_LOOP ( 'NONE', ( #2200, #1814, #372, #4529, #3221 ) ) ;
#1961 = CARTESIAN_POINT ( 'NONE',  ( -2.540000000000000036, -6.226797481157992920, -0.3228026847816876654 ) ) ;
#1962 = CARTESIAN_POINT ( 'NONE',  ( -2.540000000000000036, -8.670134680330711774, 2.138167232549577967 ) ) ;
#1963 = CARTESIAN_POINT ( 'NONE',  ( -2.540000000000000036, 7.499281451077249194, 5.436554122790566268 ) ) ;
#1964 = EDGE_LOOP ( 'NONE', ( #3968, #2538, #3118 ) ) ;
#1965 = PLANE ( 'NONE',  #2036 ) ;
#1966 = ORIENTED_EDGE ( 'NONE', *, *, #1829, .F. ) ;
#1967 = EDGE_CURVE ( 'NONE', #2856, #2407, #1484, .T. ) ;
#1968 = ADVANCED_FACE ( 'NONE', ( #485, #3995 ), #1965, .F. ) ;
#1969 = CARTESIAN_POINT ( 'NONE',  ( -2.540000000000000036, 8.065099005571884305, 2.121243235643051950 ) ) ;
#1970 = EDGE_CURVE ( 'NONE', #2620, #3238, #3310, .T. ) ;
#1971 = CARTESIAN_POINT ( 'NONE',  ( -2.540000000000000036, -9.587558323854324271, -0.3330312008198283436 ) ) ;
#1972 = B_SPLINE_CURVE_WITH_KNOTS ( 'NONE', 3,
 ( #2488, #224, #3229, #4345 ),
 .UNSPECIFIED., .F., .F.,
 ( 4, 4 ),
 ( 17.00000000000000000, 18.00000000000000000 ),
 .UNSPECIFIED. ) ;
#1973 = ORIENTED_EDGE ( 'NONE', *, *, #3559, .T. ) ;
#1974 = PLANE ( 'NONE',  #4239 ) ;
#1975 = VERTEX_POINT ( 'NONE', #3494 ) ;
#1976 = AXIS2_PLACEMENT_3D ( 'NONE', #1891, #1504, #2978 ) ;
#1977 = CARTESIAN_POINT ( 'NONE',  ( 0.000000000000000000, -0.0009999999999999972019, 0.05000000000000000278 ) ) ;
#1978 = ORIENTED_EDGE ( 'NONE', *, *, #4139, .F. ) ;
#1979 = VERTEX_POINT ( 'NONE', #2016 ) ;
#1980 =( GEOMETRIC_REPRESENTATION_CONTEXT ( 3 ) GLOBAL_UNCERTAINTY_ASSIGNED_CONTEXT ( ( #4615 ) ) GLOBAL_UNIT_ASSIGNED_CONTEXT ( ( #1691, #4066, #2915 ) ) REPRESENTATION_CONTEXT ( 'NONE', 'WORKASPACE' ) );
#1981 = ORIENTED_EDGE ( 'NONE', *, *, #3275, .T. ) ;
#1982 = CARTESIAN_POINT ( 'NONE',  ( -2.540000000000000036, -6.330199801254156711, -0.1634891059795180734 ) ) ;
#1983 = PERSON_AND_ORGANIZATION ( #2323, #4393 ) ;
#1984 = CARTESIAN_POINT ( 'NONE',  ( -0.01249999999999962599, 0.05000000000000000278, -4.381250000000000533 ) ) ;
#1985 = VERTEX_POINT ( 'NONE', #1562 ) ;
#1986 = EDGE_CURVE ( 'NONE', #112, #1256, #2126, .T. ) ;
#1987 = CARTESIAN_POINT ( 'NONE',  ( -2.540000000000000036, -7.376359113174264515, 0.9847659921343395739 ) ) ;
#1988 = ORIENTED_EDGE ( 'NONE', *, *, #412, .F. ) ;
#1989 = CARTESIAN_POINT ( 'NONE',  ( -2.540000000000000036, -6.790830963755641214, -1.922142922855786917 ) ) ;
#1990 = B_SPLINE_CURVE_WITH_KNOTS ( 'NONE', 3,
 ( #707, #3306, #1768, #4396 ),
 .UNSPECIFIED., .F., .F.,
 ( 4, 4 ),
 ( 3.000000000000000000, 4.000000000000000000 ),
 .UNSPECIFIED. ) ;
#1991 = ORIENTED_EDGE ( 'NONE', *, *, #2107, .F. ) ;
#1992 = DIRECTION ( 'NONE',  ( -0.000000000000000000, 0.001227981745710325255, 0.9999992460301319053 ) ) ;
#1993 = ORIENTED_EDGE ( 'NONE', *, *, #1951, .F. ) ;
#1994 = ADVANCED_FACE ( 'NONE', ( #4290 ), #3889, .F. ) ;
#1995 = CIRCLE ( 'NONE', #3651, 3.682999999999999385 ) ;
#1996 = VECTOR ( 'NONE', #2199, 1000.000000000000000 ) ;
#1997 = VERTEX_POINT ( 'NONE', #561 ) ;
#1998 = LINE ( 'NONE', #1944, #4871 ) ;
#1999 = CARTESIAN_POINT ( 'NONE',  ( 3.367778697655221258E-17, 3.236537772177722427, -2.715777650925581099 ) ) ;
#2000 = EDGE_LOOP ( 'NONE', ( #2463, #634, #571 ) ) ;
#2001 = CARTESIAN_POINT ( 'NONE',  ( -2.540000000000000036, -8.456587037213044056, -1.546088738820503572 ) ) ;
#2002 = EDGE_CURVE ( 'NONE', #1745, #4265, #661, .T. ) ;
#2003 = FACE_OUTER_BOUND ( 'NONE', #2344, .T. ) ;
#2004 = CARTESIAN_POINT ( 'NONE',  ( -2.540000000000000036, -7.226557828553026752, 0.9108441533189463035 ) ) ;
#2005 = ORIENTED_EDGE ( 'NONE', *, *, #1469, .T. ) ;
#2006 = CARTESIAN_POINT ( 'NONE',  ( -2.540000000000000036, 8.143258714057994396, -5.973015205252835358 ) ) ;
#2007 = PERSON_AND_ORGANIZATION_ROLE ( 'design_owner' ) ;
#2008 = AXIS2_PLACEMENT_3D ( 'NONE', #1057, #4708, #3587 ) ;
#2009 = VECTOR ( 'NONE', #985, 1000.000000000000000 ) ;
#2010 = DIRECTION ( 'NONE',  ( 0.000000000000000000, 0.000000000000000000, 1.000000000000000000 ) ) ;
#2011 = CARTESIAN_POINT ( 'NONE',  ( -2.540000000000000036, -8.422439511821382396, -0.3933949327790315920 ) ) ;
#2012 = PERSON_AND_ORGANIZATION ( #2323, #4393 ) ;
#2013 = DIRECTION ( 'NONE',  ( 1.000000000000000000, 0.000000000000000000, 0.000000000000000000 ) ) ;
#2014 = VECTOR ( 'NONE', #615, 1000.000000000000000 ) ;
#2015 = EDGE_LOOP ( 'NONE', ( #2248, #1394, #1410, #3925 ) ) ;
#2016 = CARTESIAN_POINT ( 'NONE',  ( -0.6349999999999988987, 4.510374161259701612E-16, -3.682999999999999385 ) ) ;
#2017 = SECURITY_CLASSIFICATION ( '', '', #4031 ) ;
#2018 = ADVANCED_FACE ( 'NONE', ( #1539 ), #4293, .F. ) ;
#2019 = CARTESIAN_POINT ( 'NONE',  ( 1.881250000000000089, 0.05000000000000000278, -0.01250000000000000590 ) ) ;
#2020 = EDGE_CURVE ( 'NONE', #1386, #2320, #320, .T. ) ;
#2021 = LINE ( 'NONE', #4284, #432 ) ;
#2022 = DIRECTION ( 'NONE',  ( -0.000000000000000000, -0.9999992460301319053, 0.001227981745713645515 ) ) ;
#2023 = CARTESIAN_POINT ( 'NONE',  ( -2.540000000000000036, -7.105671065347378246, 0.8903549214380634957 ) ) ;
#2024 = B_SPLINE_CURVE_WITH_KNOTS ( 'NONE', 3,
 ( #2663, #4545, #3757, #46 ),
 .UNSPECIFIED., .F., .F.,
 ( 4, 4 ),
 ( 4.000000000000000000, 5.000000000000000000 ),
 .UNSPECIFIED. ) ;
#2025 = PERSON_AND_ORGANIZATION_ROLE ( 'creator' ) ;
#2026 = CARTESIAN_POINT ( 'NONE',  ( -2.540000000000000036, 4.775199999999999889, 0.000000000000000000 ) ) ;
#2027 = CARTESIAN_POINT ( 'NONE',  ( -2.540000000000000036, -7.457364027724582733, -0.05950216631481190788 ) ) ;
#2028 = ORIENTED_EDGE ( 'NONE', *, *, #3476, .F. ) ;
#2029 = DIRECTION ( 'NONE',  ( 0.000000000000000000, 0.000000000000000000, -1.000000000000000000 ) ) ;
#2030 = DIRECTION ( 'NONE',  ( 1.000000000000000000, 0.000000000000000000, 0.000000000000000000 ) ) ;
#2031 = ORIENTED_EDGE ( 'NONE', *, *, #4215, .T. ) ;
#2032 = DIRECTION ( 'NONE',  ( 0.000000000000000000, -1.000000000000000000, 0.000000000000000000 ) ) ;
#2033 = EDGE_CURVE ( 'NONE', #1644, #1820, #3096, .T. ) ;
#2034 = VERTEX_POINT ( 'NONE', #2764 ) ;
#2035 = DIRECTION ( 'NONE',  ( 0.000000000000000000, 0.000000000000000000, 1.000000000000000000 ) ) ;
#2036 = AXIS2_PLACEMENT_3D ( 'NONE', #857, #3475, #2272 ) ;
#2037 = CARTESIAN_POINT ( 'NONE',  ( -2.540000000000000036, 6.365914022464360222, -5.438277231333872308 ) ) ;
#2038 = PERSON_AND_ORGANIZATION_ROLE ( 'classification_officer' ) ;
#2039 = ORIENTED_EDGE ( 'NONE', *, *, #839, .F. ) ;
#2040 = CARTESIAN_POINT ( 'NONE',  ( -2.540000000000000036, -7.449836001046835854, 0.3672147551995412207 ) ) ;
#2041 = DIRECTION ( 'NONE',  ( 0.000000000000000000, 1.000000000000000000, 0.000000000000000000 ) ) ;
#2042 = CARTESIAN_POINT ( 'NONE',  ( -2.540000000000000036, -6.209168619282509738, -1.984032626759680396 ) ) ;
#2043 = ORIENTED_EDGE ( 'NONE', *, *, #4223, .T. ) ;
#2044 = DIRECTION ( 'NONE',  ( 0.000000000000000000, 0.000000000000000000, 1.000000000000000000 ) ) ;
#2045 = EDGE_LOOP ( 'NONE', ( #4155, #3282, #766, #4613 ) ) ;
#2046 = CARTESIAN_POINT ( 'NONE',  ( -2.540000000000000036, -6.351823018745375471, -0.1851348084500866187 ) ) ;
#2047 = DIRECTION ( 'NONE',  ( 0.000000000000000000, 0.000000000000000000, -1.000000000000000000 ) ) ;
#2048 = EDGE_LOOP ( 'NONE', ( #1415, #4877, #330, #3686, #4811, #2962, #616, #2756, #753, #1481, #388, #3164, #1407, #4261, #2190, #3368, #1674, #727, #979 ) ) ;
#2049 = EDGE_CURVE ( 'NONE', #2312, #3530, #4354, .T. ) ;
#2050 = CARTESIAN_POINT ( 'NONE',  ( -2.540000000000000036, -6.272058351268415599, -2.380636151149545299 ) ) ;
#2051 = VECTOR ( 'NONE', #2880, 1000.000000000000000 ) ;
#2052 = CARTESIAN_POINT ( 'NONE',  ( 0.01249999999999963987, 0.05000000000000000278, -1.881250000000000089 ) ) ;
#2053 = B_SPLINE_CURVE_WITH_KNOTS ( 'NONE', 3,
 ( #17, #4499, #2258, #3474, #2603, #2651, #789, #2289, #34, #4475, #4108, #1089, #348, #1480, #1850, #2222, #2970, #736, #3355 ),
 .UNSPECIFIED., .F., .F.,
 ( 4, 1, 1, 1, 1, 1, 1, 1, 1, 1, 1, 1, 1, 1, 1, 1, 4 ),
 ( 0.000000000000000000, 0.04078184587225977542, 0.08086958872158728218, 0.1202681657882674199, 0.1601868504553525807, 0.2004597376386396124, 0.2422651778979084125, 0.2864592615494684358, 0.3329520837492626062, 0.3844305340495300927, 0.4433891253601052185, 0.5116814722136839855, 0.5890200255490086745, 0.6762451906507714883, 0.7737051914728235724, 0.8815677677819820923, 1.000000000000000000 ),
 .UNSPECIFIED. ) ;
#2054 = VECTOR ( 'NONE', #1419, 1000.000000000000000 ) ;
#2055 = APPROVAL_ROLE ( '' ) ;
#2056 = VERTEX_POINT ( 'NONE', #144 ) ;
#2057 = CARTESIAN_POINT ( 'NONE',  ( -2.540000000000000036, -6.414035320389682937, -0.2274459220329892173 ) ) ;
#2058 = CARTESIAN_POINT ( 'NONE',  ( -2.540000000000000036, -7.619999999999998330, -1.172307692307691163 ) ) ;
#2059 = EDGE_CURVE ( 'NONE', #3348, #647, #4520, .T. ) ;
#2060 = VECTOR ( 'NONE', #1053, 1000.000000000000114 ) ;
#2061 = ORIENTED_EDGE ( 'NONE', *, *, #2720, .T. ) ;
#2062 = CARTESIAN_POINT ( 'NONE',  ( -2.398232558139534287, 0.000000000000000000, 0.000000000000000000 ) ) ;
#2063 = DIRECTION ( 'NONE',  ( 0.000000000000000000, 0.000000000000000000, -1.000000000000000000 ) ) ;
#2064 = CARTESIAN_POINT ( 'NONE',  ( -2.540000000000000036, 4.775199999999999889, 0.000000000000000000 ) ) ;
#2065 = FACE_OUTER_BOUND ( 'NONE', #913, .T. ) ;
#2066 = CIRCLE ( 'NONE', #154, 3.682999999999999385 ) ;
#2067 = ORIENTED_EDGE ( 'NONE', *, *, #2202, .F. ) ;
#2068 = COORDINATED_UNIVERSAL_TIME_OFFSET ( 5, 0, .BEHIND. ) ;
#2069 = CARTESIAN_POINT ( 'NONE',  ( -2.540000000000000036, 7.526413354384060561, 5.330349608025478858 ) ) ;
#2070 = LINE ( 'NONE', #1916, #1720 ) ;
#2071 = CARTESIAN_POINT ( 'NONE',  ( -2.540000000000000036, 8.067240106382811859, 3.864835275248244439 ) ) ;
#2072 = CALENDAR_DATE ( 2021, 12, 4 ) ;
#2073 = APPROVAL_STATUS ( 'not_yet_approved' ) ;
#2074 = DIRECTION ( 'NONE',  ( 0.000000000000000000, 1.000000000000000000, 0.000000000000000000 ) ) ;
#2075 = EDGE_LOOP ( 'NONE', ( #899, #2681, #2735, #545, #3905 ) ) ;
#2076 = CARTESIAN_POINT ( 'NONE',  ( -2.540000000000000036, -9.651999999999997470, 2.561980769230768562 ) ) ;
#2077 = VERTEX_POINT ( 'NONE', #3868 ) ;
#2078 = DIRECTION ( 'NONE',  ( 0.000000000000000000, 0.9372500895625341943, -0.3486578116363116542 ) ) ;
#2079 = VERTEX_POINT ( 'NONE', #1272 ) ;
#2080 = CC_DESIGN_APPROVAL ( #484, ( #1827 ) ) ;
#2081 = EDGE_CURVE ( 'NONE', #289, #3833, #2368, .T. ) ;
#2082 = ORIENTED_EDGE ( 'NONE', *, *, #4050, .F. ) ;
#2083 = CARTESIAN_POINT ( 'NONE',  ( -2.540000000000000036, -6.278493083938655239, 1.232618890063359229 ) ) ;
#2084 = EDGE_LOOP ( 'NONE', ( #1150, #4666 ) ) ;
#2085 = DIRECTION ( 'NONE',  ( 0.000000000000000000, -0.001227981745706997188, -0.9999992460301319053 ) ) ;
#2086 = CARTESIAN_POINT ( 'NONE',  ( -2.540000000000000036, -6.994351126806489738, -2.376354369324680249 ) ) ;
#2087 = ORIENTED_EDGE ( 'NONE', *, *, #3584, .T. ) ;
#2088 = CARTESIAN_POINT ( 'NONE',  ( -2.540000000000000036, 8.173367926468175781, 4.784076684845830485 ) ) ;
#2089 = DIRECTION ( 'NONE',  ( 1.000000000000000000, 0.000000000000000000, 0.000000000000000000 ) ) ;
#2090 = DIRECTION ( 'NONE',  ( 1.000000000000000000, 0.000000000000000000, 0.000000000000000000 ) ) ;
#2091 = ORIENTED_EDGE ( 'NONE', *, *, #1055, .T. ) ;
#2092 = VERTEX_POINT ( 'NONE', #3921 ) ;
#2093 = CARTESIAN_POINT ( 'NONE',  ( -2.540000000000000036, -6.272850454817466392, 0.02962931851453804583 ) ) ;
#2094 = CARTESIAN_POINT ( 'NONE',  ( -2.540000000000000036, 7.660488228753334461, 5.046993217625719730 ) ) ;
#2095 = VERTEX_POINT ( 'NONE', #577 ) ;
#2096 = VERTEX_POINT ( 'NONE', #3533 ) ;
#2097 = CARTESIAN_POINT ( 'NONE',  ( -2.540000000000000036, -7.033149155088914917, 1.460922444876288084 ) ) ;
#2098 = CARTESIAN_POINT ( 'NONE',  ( -2.540000000000000036, -8.127999999999998337, -0.6056923076923065308 ) ) ;
#2099 = VERTEX_POINT ( 'NONE', #1741 ) ;
#2100 = CARTESIAN_POINT ( 'NONE',  ( -2.540000000000000036, 6.371703686742214323, -0.7235003766743095532 ) ) ;
#2101 = DIRECTION ( 'NONE',  ( 0.000000000000000000, 0.000000000000000000, 1.000000000000000000 ) ) ;
#2102 = ORIENTED_EDGE ( 'NONE', *, *, #1798, .T. ) ;
#2103 = CARTESIAN_POINT ( 'NONE',  ( -2.540000000000000036, -8.399988198145209140, -1.976178318846974813 ) ) ;
#2104 = CARTESIAN_POINT ( 'NONE',  ( -2.540000000000000036, 6.825516215719653168, 4.001708950276336552 ) ) ;
#2105 = ORIENTED_EDGE ( 'NONE', *, *, #4038, .F. ) ;
#2106 = CC_DESIGN_APPROVAL ( #2514, ( #4211 ) ) ;
#2107 = EDGE_CURVE ( 'NONE', #3014, #2211, #4607, .T. ) ;
#2108 = LINE ( 'NONE', #3099, #2870 ) ;
#2109 = LINE ( 'NONE', #641, #3752 ) ;
#2110 = CARTESIAN_POINT ( 'NONE',  ( -2.540000000000000036, 6.367077483446572650, -4.490820065084258239 ) ) ;
#2111 = CARTESIAN_POINT ( 'NONE',  ( -2.540000000000000036, 6.568177456466133712, 4.463071608852904326 ) ) ;
#2112 = ORIENTED_EDGE ( 'NONE', *, *, #238, .T. ) ;
#2113 = FACE_OUTER_BOUND ( 'NONE', #2574, .T. ) ;
#2114 = CARTESIAN_POINT ( 'NONE',  ( 0.000000000000000000, 0.000000000000000000, 4.500000000000000888 ) ) ;
#2115 = ORIENTED_EDGE ( 'NONE', *, *, #3038, .T. ) ;
#2116 = CARTESIAN_POINT ( 'NONE',  ( -2.540000000000000036, -8.899769230769228656, -0.8987692307692296545 ) ) ;
#2117 = DIRECTION ( 'NONE',  ( 1.000000000000000000, 0.000000000000000000, 0.000000000000000000 ) ) ;
#2118 = APPROVAL_ROLE ( '' ) ;
#2119 = LINE ( 'NONE', #2643, #488 ) ;
#2120 = ORIENTED_EDGE ( 'NONE', *, *, #74, .F. ) ;
#2121 = CARTESIAN_POINT ( 'NONE',  ( -2.540000000000000036, -9.634391071238949777, 1.329004294930826724 ) ) ;
#2122 = CARTESIAN_POINT ( 'NONE',  ( -2.540000000000000036, 7.380070197974240465, -0.3346972310577017717 ) ) ;
#2123 = CARTESIAN_POINT ( 'NONE',  ( 0.000000000000000000, 0.000000000000000000, 0.000000000000000000 ) ) ;
#2124 = CARTESIAN_POINT ( 'NONE',  ( -2.540000000000000036, -7.619999999999998330, 3.184769230769232351 ) ) ;
#2125 = DIRECTION ( 'NONE',  ( 0.000000000000000000, 0.000000000000000000, -1.000000000000000000 ) ) ;
#2126 = LINE ( 'NONE', #2380, #4637 ) ;
#2127 = DIRECTION ( 'NONE',  ( 0.000000000000000000, 0.000000000000000000, 1.000000000000000000 ) ) ;
#2128 = ORIENTED_EDGE ( 'NONE', *, *, #3500, .T. ) ;
#2129 = LOCAL_TIME ( 16, 0, 1.000000000000000000, #3127 ) ;
#2130 = CARTESIAN_POINT ( 'NONE',  ( -2.540000000000000036, -8.464427884615384201, -2.950307692307692076 ) ) ;
#2131 = AXIS2_PLACEMENT_3D ( 'NONE', #2637, #3793, #811 ) ;
#2132 = ORIENTED_EDGE ( 'NONE', *, *, #3225, .T. ) ;
#2133 = CARTESIAN_POINT ( 'NONE',  ( -2.540000000000000036, 6.459006290476886569, 2.712753570935402259 ) ) ;
#2134 = EDGE_CURVE ( 'NONE', #4127, #4074, #1972, .T. ) ;
#2135 = DIRECTION ( 'NONE',  ( 0.000000000000000000, -1.000000000000000000, 0.000000000000000000 ) ) ;
#2136 = LINE ( 'NONE', #340, #1131 ) ;
#2137 = VERTEX_POINT ( 'NONE', #3190 ) ;
#2138 = CARTESIAN_POINT ( 'NONE',  ( -2.540000000000000036, -8.538307692307688157, 1.445846153846154003 ) ) ;
#2139 = CIRCLE ( 'NONE', #803, 1.474999999999999867 ) ;
#2140 = ORIENTED_EDGE ( 'NONE', *, *, #2134, .T. ) ;
#2141 = CARTESIAN_POINT ( 'NONE',  ( -2.540000000000000036, -6.846600448791458682, 0.6840430038888707376 ) ) ;
#2142 = CARTESIAN_POINT ( 'NONE',  ( -2.540000000000000036, 7.062891042955218524, 5.470334074622710929 ) ) ;
#2143 = VERTEX_POINT ( 'NONE', #4328 ) ;
#2144 = EDGE_CURVE ( 'NONE', #4618, #584, #3357, .T. ) ;
#2145 = VERTEX_POINT ( 'NONE', #3319 ) ;
#2146 = ORIENTED_EDGE ( 'NONE', *, *, #4397, .F. ) ;
#2147 = CARTESIAN_POINT ( 'NONE',  ( -2.540000000000000036, -6.451363935605392896, -2.081302161954879715 ) ) ;
#2148 = DIRECTION ( 'NONE',  ( -1.000000000000000000, -0.000000000000000000, -0.000000000000000000 ) ) ;
#2149 = CARTESIAN_POINT ( 'NONE',  ( -2.540000000000000036, 6.997443725379039137, -1.656463132742404865 ) ) ;
#2150 = CARTESIAN_POINT ( 'NONE',  ( -2.540000000000000036, 1.547524927742553084E-15, 12.57300000000000217 ) ) ;
#2151 = ADVANCED_FACE ( 'NONE', ( #1655 ), #613, .F. ) ;
#2152 = DIRECTION ( 'NONE',  ( -0.000000000000000000, -1.000000000000000000, -0.000000000000000000 ) ) ;
#2153 = CARTESIAN_POINT ( 'NONE',  ( -2.540000000000000036, 7.261368281917867762, -1.656787227524436634 ) ) ;
#2154 = CARTESIAN_POINT ( 'NONE',  ( -2.540000000000000036, -6.476458969370958663, 0.7249978959920655441 ) ) ;
#2155 = ORIENTED_EDGE ( 'NONE', *, *, #2961, .F. ) ;
#2156 = VERTEX_POINT ( 'NONE', #960 ) ;
#2157 = EDGE_CURVE ( 'NONE', #822, #3662, #3538, .T. ) ;
#2158 = DIRECTION ( 'NONE',  ( 0.000000000000000000, 0.000000000000000000, 1.000000000000000000 ) ) ;
#2159 = ORIENTED_EDGE ( 'NONE', *, *, #2170, .F. ) ;
#2160 = ORIENTED_EDGE ( 'NONE', *, *, #2963, .T. ) ;
#2161 = DIRECTION ( 'NONE',  ( 0.000000000000000000, -0.000000000000000000, 1.000000000000000000 ) ) ;
#2162 = CARTESIAN_POINT ( 'NONE',  ( -2.540000000000000036, -8.739927596863681813, 3.147000136697465145 ) ) ;
#2163 = VECTOR ( 'NONE', #1182, 1000.000000000000000 ) ;
#2164 = CARTESIAN_POINT ( 'NONE',  ( -2.540000000000000036, 6.912329005068735377, 5.365304763334370897 ) ) ;
#2165 = APPROVAL_ROLE ( '' ) ;
#2166 = FACE_OUTER_BOUND ( 'NONE', #3838, .T. ) ;
#2167 = CARTESIAN_POINT ( 'NONE',  ( -2.540000000000000036, 7.048479250286336928, 4.126929597577901454 ) ) ;
#2168 = FACE_OUTER_BOUND ( 'NONE', #3251, .T. ) ;
#2169 = CARTESIAN_POINT ( 'NONE',  ( -2.540000000000000036, -7.315678603011503967, 0.2301633980004808289 ) ) ;
#2170 = EDGE_CURVE ( 'NONE', #2611, #1274, #1241, .T. ) ;
#2171 = VERTEX_POINT ( 'NONE', #1336 ) ;
#2172 = DIRECTION ( 'NONE',  ( 0.000000000000000000, 1.000000000000000000, 0.000000000000000000 ) ) ;
#2173 = VECTOR ( 'NONE', #781, 1000.000000000000000 ) ;
#2174 = ORIENTED_EDGE ( 'NONE', *, *, #2354, .T. ) ;
#2175 = CARTESIAN_POINT ( 'NONE',  ( -2.540000000000000036, 7.019198981345883936, -0.7242954896760076533 ) ) ;
#2176 = FACE_BOUND ( 'NONE', #815, .T. ) ;
#2177 = ORIENTED_EDGE ( 'NONE', *, *, #3476, .T. ) ;
#2178 = DIRECTION ( 'NONE',  ( 1.000000000000000000, 0.000000000000000000, 0.000000000000000000 ) ) ;
#2179 = CARTESIAN_POINT ( 'NONE',  ( -2.540000000000000036, -6.095999999999998309, 3.145692307692308898 ) ) ;
#2180 = APPROVAL_DATE_TIME ( #4710, #618 ) ;
#2181 = B_SPLINE_CURVE_WITH_KNOTS ( 'NONE', 3,
 ( #1155, #3824, #1923, #36 ),
 .UNSPECIFIED., .F., .F.,
 ( 4, 4 ),
 ( 2.000000000000000000, 3.000000000000000000 ),
 .UNSPECIFIED. ) ;
#2182 = VECTOR ( 'NONE', #265, 1000.000000000000114 ) ;
#2183 = CARTESIAN_POINT ( 'NONE',  ( -2.540000000000000036, -6.867769230769228628, 0.8792307692307703704 ) ) ;
#2184 = ORIENTED_EDGE ( 'NONE', *, *, #4820, .F. ) ;
#2185 = CARTESIAN_POINT ( 'NONE',  ( -2.540000000000000036, -9.258557828553028557, -0.8671558466810532773 ) ) ;
#2186 = CARTESIAN_POINT ( 'NONE',  ( -2.540000000000000036, -8.634385203986798984, 3.335647623818861263 ) ) ;
#2187 = EDGE_CURVE ( 'NONE', #2517, #2620, #1599, .T. ) ;
#2188 = CARTESIAN_POINT ( 'NONE',  ( 3.367778697655221258E-17, 0.000000000000000000, 0.000000000000000000 ) ) ;
#2189 = FACE_OUTER_BOUND ( 'NONE', #964, .T. ) ;
#2190 = ORIENTED_EDGE ( 'NONE', *, *, #2922, .F. ) ;
#2191 = CARTESIAN_POINT ( 'NONE',  ( -0.5079999999999988969, 0.000000000000000000, 0.000000000000000000 ) ) ;
#2192 = CARTESIAN_POINT ( 'NONE',  ( -2.540000000000000036, -6.338183981838377612, 0.1676553242913089992 ) ) ;
#2193 = AXIS2_PLACEMENT_3D ( 'NONE', #4783, #4017, #274 ) ;
#2194 = ORIENTED_EDGE ( 'NONE', *, *, #2445, .F. ) ;
#2195 = EDGE_CURVE ( 'NONE', #924, #226, #2754, .T. ) ;
#2196 = ORIENTED_EDGE ( 'NONE', *, *, #1096, .T. ) ;
#2197 = DIRECTION ( 'NONE',  ( 1.000000000000000000, 0.000000000000000000, 0.000000000000000000 ) ) ;
#2198 = DIRECTION ( 'NONE',  ( 0.000000000000000000, 0.000000000000000000, 1.000000000000000000 ) ) ;
#2199 = DIRECTION ( 'NONE',  ( 0.000000000000000000, 1.000000000000000000, 0.000000000000000000 ) ) ;
#2200 = ORIENTED_EDGE ( 'NONE', *, *, #2455, .T. ) ;
#2201 = EDGE_LOOP ( 'NONE', ( #2519, #4409, #1561, #1966 ) ) ;
#2202 = EDGE_CURVE ( 'NONE', #3206, #1593, #772, .T. ) ;
#2203 = CARTESIAN_POINT ( 'NONE',  ( -2.540000000000000036, -8.900379807692305079, -1.094153846153844922 ) ) ;
#2204 = CARTESIAN_POINT ( 'NONE',  ( -2.540000000000000036, -6.540194711538458883, -2.071076923076920373 ) ) ;
#2205 = CARTESIAN_POINT ( 'NONE',  ( -2.540000000000000036, 7.078425455714625336, 2.572506988928578320 ) ) ;
#2206 = EDGE_CURVE ( 'NONE', #264, #2096, #128, .T. ) ;
#2207 = CARTESIAN_POINT ( 'NONE',  ( -2.540000000000000036, -9.258022279497597040, -0.3443057690824524175 ) ) ;
#2208 = CARTESIAN_POINT ( 'NONE',  ( -2.540000000000000036, 8.146399405129685078, -3.415413095387821674 ) ) ;
#2209 = VERTEX_POINT ( 'NONE', #769 ) ;
#2210 = DIRECTION ( 'NONE',  ( 0.000000000000000000, 0.000000000000000000, -1.000000000000000000 ) ) ;
#2211 = VERTEX_POINT ( 'NONE', #2953 ) ;
#2212 = B_SPLINE_CURVE_WITH_KNOTS ( 'NONE', 3,
 ( #4797, #1416, #2149, #2948 ),
 .UNSPECIFIED., .F., .F.,
 ( 4, 4 ),
 ( 0.000000000000000000, 1.000000000000000000 ),
 .UNSPECIFIED. ) ;
#2213 = EDGE_CURVE ( 'NONE', #4315, #70, #1564, .T. ) ;
#2214 = LOCAL_TIME ( 16, 0, 1.000000000000000000, #3742 ) ;
#2215 = VERTEX_POINT ( 'NONE', #3405 ) ;
#2216 = CARTESIAN_POINT ( 'NONE',  ( -2.540000000000000036, -8.815980065153137701, -2.070102304967061713 ) ) ;
#2217 = CARTESIAN_POINT ( 'NONE',  ( -2.540000000000000036, -8.530831684922365099, 3.175551280042268498 ) ) ;
#2218 = AXIS2_PLACEMENT_3D ( 'NONE', #2114, #1761, #990 ) ;
#2219 = EDGE_CURVE ( 'NONE', #993, #1291, #4117, .T. ) ;
#2220 = DIRECTION ( 'NONE',  ( -0.000000000000000000, 0.004989411720879721387, 0.9999875528078735476 ) ) ;
#2221 = CARTESIAN_POINT ( 'NONE',  ( -2.540000000000000036, -7.639538461538458947, 1.172307692307693383 ) ) ;
#2222 = CARTESIAN_POINT ( 'NONE',  ( -2.540000000000000036, -9.065149155088915833, -1.489385247431404657 ) ) ;
#2223 = VECTOR ( 'NONE', #4235, 1000.000000000000000 ) ;
#2224 = CIRCLE ( 'NONE', #241, 4.225000000000000533 ) ;
#2225 = CARTESIAN_POINT ( 'NONE',  ( -2.540000000000000036, 7.537775636975059257, 3.891763328512513720 ) ) ;
#2226 = DIRECTION ( 'NONE',  ( 1.000000000000000000, 0.000000000000000000, 0.000000000000000000 ) ) ;
#2227 = DIRECTION ( 'NONE',  ( -1.000000000000000000, -0.000000000000000000, -0.000000000000000000 ) ) ;
#2228 = ORIENTED_EDGE ( 'NONE', *, *, #2951, .F. ) ;
#2229 = CARTESIAN_POINT ( 'NONE',  ( -2.540000000000000036, -6.242185911808102894, 0.3382372584837594065 ) ) ;
#2230 = FACE_OUTER_BOUND ( 'NONE', #4656, .T. ) ;
#2231 = DIRECTION ( 'NONE',  ( 0.000000000000000000, -0.7954442868540236855, 0.6060267209548551026 ) ) ;
#2232 = CARTESIAN_POINT ( 'NONE',  ( -2.540000000000000036, -8.875943567066245876, 3.401975452360775698 ) ) ;
#2233 = CC_DESIGN_PERSON_AND_ORGANIZATION_ASSIGNMENT ( #1016, #1246, ( #926 ) ) ;
#2234 = CARTESIAN_POINT ( 'NONE',  ( -2.540000000000000036, -6.142921577443718917, 0.9581687871327430051 ) ) ;
#2235 = VECTOR ( 'NONE', #2436, 1000.000000000000000 ) ;
#2236 = EDGE_CURVE ( 'NONE', #1378, #651, #3810, .T. ) ;
#2237 = LINE ( 'NONE', #1184, #1886 ) ;
#2238 = ORIENTED_EDGE ( 'NONE', *, *, #518, .F. ) ;
#2239 = CARTESIAN_POINT ( 'NONE',  ( -2.540000000000000036, -8.258797481157992948, -2.100802684781687191 ) ) ;
#2240 = CARTESIAN_POINT ( 'NONE',  ( -2.540000000000000036, -9.651674382831716414, -0.7549616548323733189 ) ) ;
#2241 = LINE ( 'NONE', #4774, #2182 ) ;
#2242 = CARTESIAN_POINT ( 'NONE',  ( -2.540000000000000036, 6.414332946009199787, 5.189775043030142143 ) ) ;
#2243 = DATE_AND_TIME ( #4365, #3360 ) ;
#2244 = CARTESIAN_POINT ( 'NONE',  ( -2.540000000000000036, -8.480172775266346719, -1.340342046912991636 ) ) ;
#2245 = VECTOR ( 'NONE', #160, 1000.000000000000000 ) ;
#2246 = CARTESIAN_POINT ( 'NONE',  ( -2.540000000000000036, -8.900379807692305079, -1.094153846153844922 ) ) ;
#2247 = CARTESIAN_POINT ( 'NONE',  ( -2.540000000000000036, -9.016694711538459472, 2.757365384615384052 ) ) ;
#2248 = ORIENTED_EDGE ( 'NONE', *, *, #2472, .F. ) ;
#2249 = CARTESIAN_POINT ( 'NONE',  ( -2.540000000000000036, -8.420395896696799554, -1.990110412869466661 ) ) ;
#2250 = CARTESIAN_POINT ( 'NONE',  ( 6.123233995736766344E-18, -0.0009999999999999972019, -0.05000000000000000278 ) ) ;
#2251 = DIRECTION ( 'NONE',  ( -0.000000000000000000, 0.9999992460301319053, -0.001227981745710398547 ) ) ;
#2252 = ORIENTED_EDGE ( 'NONE', *, *, #2941, .T. ) ;
#2253 = EDGE_CURVE ( 'NONE', #1204, #2330, #1361, .T. ) ;
#2254 = VECTOR ( 'NONE', #1673, 1000.000000000000114 ) ;
#2255 = DIRECTION ( 'NONE',  ( 0.000000000000000000, 0.000000000000000000, 1.000000000000000000 ) ) ;
#2256 = ORIENTED_EDGE ( 'NONE', *, *, #1472, .F. ) ;
#2257 = CARTESIAN_POINT ( 'NONE',  ( -2.540000000000000036, 8.149131264999402546, -1.190740115092090212 ) ) ;
#2258 = CARTESIAN_POINT ( 'NONE',  ( -2.540000000000000036, -9.494543038419090308, -1.747896549336087180 ) ) ;
#2259 = VERTEX_POINT ( 'NONE', #3457 ) ;
#2260 = ORIENTED_EDGE ( 'NONE', *, *, #2951, .T. ) ;
#2261 = CARTESIAN_POINT ( 'NONE',  ( -2.540000000000000036, 7.343790842438876254, 4.234762389185649845 ) ) ;
#2262 = VERTEX_POINT ( 'NONE', #1207 ) ;
#2263 = EDGE_CURVE ( 'NONE', #3571, #2079, #4198, .T. ) ;
#2264 = CARTESIAN_POINT ( 'NONE',  ( -2.540000000000000036, 4.775199999999999889, 0.000000000000000000 ) ) ;
#2265 = DIRECTION ( 'NONE',  ( -1.000000000000000000, -0.000000000000000000, -0.000000000000000000 ) ) ;
#2266 = CARTESIAN_POINT ( 'NONE',  ( -2.540000000000000036, -6.096132214250541637, -2.406278213060443871 ) ) ;
#2267 = CARTESIAN_POINT ( 'NONE',  ( 0.000000000000000000, 5.847688465928612791E-16, -4.775000000000000355 ) ) ;
#2268 = ORIENTED_EDGE ( 'NONE', *, *, #104, .T. ) ;
#2269 = CARTESIAN_POINT ( 'NONE',  ( -2.540000000000000036, -6.201966541117776899, -0.2980483678452367502 ) ) ;
#2270 = CARTESIAN_POINT ( 'NONE',  ( -2.540000000000000036, -8.159907381629526668, -1.960879797464415208 ) ) ;
#2271 = CARTESIAN_POINT ( 'NONE',  ( -2.540000000000000036, -6.476999999999999424, -1.523999999999999355 ) ) ;
#2272 = DIRECTION ( 'NONE',  ( 0.000000000000000000, 0.000000000000000000, -1.000000000000000000 ) ) ;
#2273 = CARTESIAN_POINT ( 'NONE',  ( -2.540000000000000036, -6.500807108926531797, 0.4524298505322174035 ) ) ;
#2274 = ORIENTED_EDGE ( 'NONE', *, *, #578, .F. ) ;
#2275 = B_SPLINE_CURVE_WITH_KNOTS ( 'NONE', 3,
 ( #1654, #558, #887, #4276, #4650, #4288, #1250, #2396, #4260, #2011, #4632, #2415, #141, #3156, #3170, #529, #3139, #939, #3562 ),
 .UNSPECIFIED., .F., .F.,
 ( 4, 1, 1, 1, 1, 1, 1, 1, 1, 1, 1, 1, 1, 1, 1, 1, 4 ),
 ( 0.000000000000000000, 0.1156291309254422750, 0.2215410391198771589, 0.3170478562190424676, 0.4031508756396164905, 0.4801812167162791689, 0.5476493661481903752, 0.6070358428421810393, 0.6586524080635076661, 0.7057228903536454379, 0.7498040879796464830, 0.7925868153452749754, 0.8338739610102599009, 0.8747683933034325898, 0.9152226988916383199, 0.9568807037304798424, 0.9999999999999998890 ),
 .UNSPECIFIED. ) ;
#2276 = CARTESIAN_POINT ( 'NONE',  ( -2.540000000000000036, 6.370052852164888257, -2.067847178581395884 ) ) ;
#2277 = CIRCLE ( 'NONE', #3887, 12.69999999999999929 ) ;
#2278 = CARTESIAN_POINT ( 'NONE',  ( -2.540000000000000036, 7.498932802655883911, -3.414618017619561741 ) ) ;
#2279 = CARTESIAN_POINT ( 'NONE',  ( -2.540000000000000036, -7.064957246806637059, 0.6918399757378781434 ) ) ;
#2280 = CARTESIAN_POINT ( 'NONE',  ( -2.540000000000000036, -6.110348557692305782, -2.203572115384612840 ) ) ;
#2281 = EDGE_LOOP ( 'NONE', ( #515, #854, #420, #2905, #507, #3749, #3639 ) ) ;
#2282 = CARTESIAN_POINT ( 'NONE',  ( -2.540000000000000036, -9.651999999999997470, 2.757365384615384052 ) ) ;
#2283 = ORIENTED_EDGE ( 'NONE', *, *, #4700, .F. ) ;
#2284 = AXIS2_PLACEMENT_3D ( 'NONE', #466, #4161, #3098 ) ;
#2285 = LINE ( 'NONE', #1333, #3919 ) ;
#2286 = FACE_OUTER_BOUND ( 'NONE', #1634, .T. ) ;
#2287 = CARTESIAN_POINT ( 'NONE',  ( -2.540000000000000036, 7.163450102377673545, 2.453496622484719669 ) ) ;
#2288 = CARTESIAN_POINT ( 'NONE',  ( -2.540000000000000036, -9.559800814606484565, -0.9148609070144124722 ) ) ;
#2289 = CARTESIAN_POINT ( 'NONE',  ( -2.540000000000000036, -9.431578056635256502, -1.613566369234529452 ) ) ;
#2290 = CARTESIAN_POINT ( 'NONE',  ( -2.540000000000000036, 7.789133634101505166, -1.772376159783953131 ) ) ;
#2291 = LINE ( 'NONE', #1505, #3408 ) ;
#2292 = CARTESIAN_POINT ( 'NONE',  ( -2.540000000000000036, 7.497317387663626320, 5.188445156902208311 ) ) ;
#2293 = EDGE_CURVE ( 'NONE', #1550, #2209, #351, .T. ) ;
#2294 = CARTESIAN_POINT ( 'NONE',  ( -2.540000000000000036, -8.303846153846151878, -1.780137019230768169 ) ) ;
#2295 = VECTOR ( 'NONE', #1700, 1000.000000000000000 ) ;
#2296 = CARTESIAN_POINT ( 'NONE',  ( -2.540000000000000036, -8.129705820796504057, -0.5476697954199273299 ) ) ;
#2297 = ORIENTED_EDGE ( 'NONE', *, *, #3205, .F. ) ;
#2298 = CARTESIAN_POINT ( 'NONE',  ( -2.540000000000000036, -6.099288413581930079, -2.301830823783193036 ) ) ;
#2299 = CALENDAR_DATE ( 2021, 12, 4 ) ;
#2300 = CARTESIAN_POINT ( 'NONE',  ( -2.540000000000000036, -8.309619608749335029, -0.6669674098792454098 ) ) ;
#2301 = EDGE_CURVE ( 'NONE', #647, #1692, #1627, .T. ) ;
#2302 = ORIENTED_EDGE ( 'NONE', *, *, #3400, .T. ) ;
#2303 = CARTESIAN_POINT ( 'NONE',  ( -2.540000000000000036, -6.353357369927904230, -0.4039820535903836940 ) ) ;
#2304 = CALENDAR_DATE ( 2021, 12, 4 ) ;
#2305 = CARTESIAN_POINT ( 'NONE',  ( -2.540000000000000036, -8.632998540999651027, 2.169640939530927959 ) ) ;
#2306 = FACE_BOUND ( 'NONE', #4634, .T. ) ;
#2307 = ORIENTED_EDGE ( 'NONE', *, *, #2963, .F. ) ;
#2308 = CARTESIAN_POINT ( 'NONE',  ( -2.540000000000000036, 7.732940525092630857, 5.424550630177340516 ) ) ;
#2309 = ADVANCED_FACE ( 'NONE', ( #2761 ), #3032, .F. ) ;
#2310 = CARTESIAN_POINT ( 'NONE',  ( -2.540000000000000036, 7.745479420572399576, -5.439971313737049563 ) ) ;
#2311 = VECTOR ( 'NONE', #4278, 1000.000000000000000 ) ;
#2312 = VERTEX_POINT ( 'NONE', #4601 ) ;
#2313 = DIRECTION ( 'NONE',  ( -0.000000000000000000, 0.9999992460301319053, -0.001227981745710551419 ) ) ;
#2314 = CARTESIAN_POINT ( 'NONE',  ( -2.540000000000000036, -8.704704414284966774, 2.938673581000673884 ) ) ;
#2315 = PLANE ( 'NONE',  #572 ) ;
#2316 = EDGE_CURVE ( 'NONE', #4283, #943, #3052, .T. ) ;
#2317 = VERTEX_POINT ( 'NONE', #3885 ) ;
#2318 = CARTESIAN_POINT ( 'NONE',  ( -2.540000000000000036, -6.682257361978455990, -0.4813125001506087242 ) ) ;
#2319 = DIRECTION ( 'NONE',  ( -0.000000000000000000, 0.9999992460301319053, -0.001227981745709923883 ) ) ;
#2320 = VERTEX_POINT ( 'NONE', #156 ) ;
#2321 = CARTESIAN_POINT ( 'NONE',  ( -2.540000000000000036, -9.536491251382321011, -0.9355955314648822796 ) ) ;
#2322 = CARTESIAN_POINT ( 'NONE',  ( -2.540000000000000036, -6.396841560149146844, -1.383480069117721145 ) ) ;
#2323 = PERSON ( 'UNSPECIFIED', 'UNSPECIFIED', 'UNSPECIFIED', ('UNSPECIFIED'), ('UNSPECIFIED'), ('UNSPECIFIED') ) ;
#2324 = AXIS2_PLACEMENT_3D ( 'NONE', #583, #2198, #2178 ) ;
#2325 = CARTESIAN_POINT ( 'NONE',  ( -2.540000000000000036, 6.591933278412944297, 5.972949512507157444 ) ) ;
#2326 = CARTESIAN_POINT ( 'NONE',  ( -2.540000000000000036, -9.426909974094224154, 1.356252696381834877 ) ) ;
#2327 = ORIENTED_EDGE ( 'NONE', *, *, #3212, .F. ) ;
#2328 = CARTESIAN_POINT ( 'NONE',  ( -2.540000000000000036, -9.565292636659163961, -0.3066012317556553457 ) ) ;
#2329 = CC_DESIGN_PERSON_AND_ORGANIZATION_ASSIGNMENT ( #3712, #2025, ( #1827 ) ) ;
#2330 = VERTEX_POINT ( 'NONE', #1670 ) ;
#2331 = EDGE_CURVE ( 'NONE', #3690, #2856, #2349, .T. ) ;
#2332 = DIRECTION ( 'NONE',  ( 0.000000000000000000, 0.000000000000000000, -1.000000000000000000 ) ) ;
#2333 = CARTESIAN_POINT ( 'NONE',  ( -2.540000000000000036, -8.771011354055973541, 2.830773729263976080 ) ) ;
#2334 = CARTESIAN_POINT ( 'NONE',  ( -2.540000000000000036, -8.344452408262993615, -0.7455341098255900967 ) ) ;
#2335 = PERSON_AND_ORGANIZATION ( #2323, #4393 ) ;
#2336 = ADVANCED_FACE ( 'NONE', ( #3237, #1892, #3997, #4173, #2412, #2994 ), #907, .F. ) ;
#2337 = CARTESIAN_POINT ( 'NONE',  ( -2.540000000000000036, -7.508112633462728169, 0.3235927101465210787 ) ) ;
#2338 = VERTEX_POINT ( 'NONE', #3900 ) ;
#2339 = DIRECTION ( 'NONE',  ( 1.000000000000000000, 0.000000000000000000, 0.000000000000000000 ) ) ;
#2340 = VECTOR ( 'NONE', #2564, 1000.000000000000000 ) ;
#2341 = CARTESIAN_POINT ( 'NONE',  ( -2.540000000000000036, -9.671333671353986361, -0.5922502517794124843 ) ) ;
#2342 = B_SPLINE_CURVE_WITH_KNOTS ( 'NONE', 3,
 ( #1942, #4557, #100, #1213, #2314, #1955, #3829, #3081, #4575, #2333, #449, #3062, #1601, #4219, #835, #3449, #3813, #469, #850 ),
 .UNSPECIFIED., .F., .F.,
 ( 4, 1, 1, 1, 1, 1, 1, 1, 1, 1, 1, 1, 1, 1, 1, 1, 4 ),
 ( 0.000000000000000000, 0.05856116146595532340, 0.1150060130467080166, 0.1697212884800875787, 0.2235921357043514357, 0.2768039995842379586, 0.3307610590291437114, 0.3849798294230241669, 0.4410867972467153453, 0.4982679656459615969, 0.5575961644186545607, 0.6201148054024288037, 0.6857042391013381533, 0.7568083997193520984, 0.8319348943756392778, 0.9128561250450190068, 0.9999999999999998890 ),
 .UNSPECIFIED. ) ;
#2343 = CARTESIAN_POINT ( 'NONE',  ( -2.540000000000000036, 8.102454319408780137, 5.192235422590385063 ) ) ;
#2344 = EDGE_LOOP ( 'NONE', ( #1043, #4608 ) ) ;
#2345 = CARTESIAN_POINT ( 'NONE',  ( -2.540000000000000036, -7.449836001046836742, 1.539522447507234659 ) ) ;
#2346 = FACE_BOUND ( 'NONE', #2420, .T. ) ;
#2347 = ORIENTED_EDGE ( 'NONE', *, *, #132, .T. ) ;
#2348 = CARTESIAN_POINT ( 'NONE',  ( -2.540000000000000036, -6.095999999999998309, 1.172307692307693605 ) ) ;
#2349 = LINE ( 'NONE', #3564, #2235 ) ;
#2350 = B_SPLINE_CURVE_WITH_KNOTS ( 'NONE', 3,
 ( #1699, #2808, #1367, #4719, #1348, #4356, #622, #1330, #3184, #954, #4337, #3626, #3581, #605, #3989, #3222, #1750, #4324, #4668 ),
 .UNSPECIFIED., .F., .F.,
 ( 4, 1, 1, 1, 1, 1, 1, 1, 1, 1, 1, 1, 1, 1, 1, 1, 4 ),
 ( 0.000000000000000000, 0.09619044829846434830, 0.1832293458290517041, 0.2620901314812497107, 0.3313477994136303506, 0.3925748373908685696, 0.4448004127900593296, 0.4886907299400456428, 0.5244791811917224322, 0.5863666340472122318, 0.6454971610461061049, 0.7037459104157626211, 0.7627874672492417352, 0.8213123260016530480, 0.8794767819228291872, 0.9384589507545237907, 1.000000000000000000 ),
 .UNSPECIFIED. ) ;
#2351 = ORIENTED_EDGE ( 'NONE', *, *, #1554, .F. ) ;
#2352 = CARTESIAN_POINT ( 'NONE',  ( -2.540000000000000036, -6.272633456090728643, -0.03213399641815517516 ) ) ;
#2353 = ADVANCED_FACE ( 'NONE', ( #3175, #4585 ), #940, .F. ) ;
#2354 = EDGE_CURVE ( 'NONE', #4503, #3005, #3514, .T. ) ;
#2355 = VECTOR ( 'NONE', #3511, 1000.000000000000000 ) ;
#2356 = CARTESIAN_POINT ( 'NONE',  ( -2.540000000000000036, -9.375000660216572967, -0.1853708518435210617 ) ) ;
#2357 = LOCAL_TIME ( 16, 0, 1.000000000000000000, #3058 ) ;
#2358 = CARTESIAN_POINT ( 'NONE',  ( -2.540000000000000036, 7.948634350691411221, 5.833780456785689239 ) ) ;
#2359 = CARTESIAN_POINT ( 'NONE',  ( -2.540000000000000036, -7.448321935174073261, 1.084629997725350847 ) ) ;
#2360 = VECTOR ( 'NONE', #1853, 1000.000000000000000 ) ;
#2361 = B_SPLINE_CURVE_WITH_KNOTS ( 'NONE', 3,
 ( #1426, #3321, #266, #1800 ),
 .UNSPECIFIED., .F., .F.,
 ( 4, 4 ),
 ( 21.00000000000000000, 22.00000000000000000 ),
 .UNSPECIFIED. ) ;
#2362 = ORIENTED_EDGE ( 'NONE', *, *, #1086, .F. ) ;
#2363 = DIRECTION ( 'NONE',  ( 0.000000000000000000, 1.000000000000000000, 0.000000000000000000 ) ) ;
#2364 = CC_DESIGN_SECURITY_CLASSIFICATION ( #1769, ( #4882 ) ) ;
#2365 = CARTESIAN_POINT ( 'NONE',  ( -2.540000000000000036, -7.575615086893062511, 0.2448385997271638748 ) ) ;
#2366 = CARTESIAN_POINT ( 'NONE',  ( -2.540000000000000036, -8.281360540032796536, -2.988194162937891640 ) ) ;
#2367 = CARTESIAN_POINT ( 'NONE',  ( -2.540000000000000036, -9.449027945290314534, -0.2187247451670480680 ) ) ;
#2368 = B_SPLINE_CURVE_WITH_KNOTS ( 'NONE', 3,
 ( #1303, #1239, #516, #2400, #4231, #871, #3130, #1255, #4657, #1640, #4267, #159, #2812, #1355, #4727, #974, #4687, #4313, #313 ),
 .UNSPECIFIED., .F., .F.,
 ( 4, 1, 1, 1, 1, 1, 1, 1, 1, 1, 1, 1, 1, 1, 1, 1, 4 ),
 ( 0.000000000000000000, 0.1184055081537703363, 0.2266543328167020810, 0.3240923419286024787, 0.4117048030053213625, 0.4890259050064152957, 0.5569093973430764288, 0.6162333444927070580, 0.6673492812770758231, 0.7135123932013475168, 0.7576965045209778093, 0.7994925114422908319, 0.8399760647439391548, 0.8798857418167762567, 0.9191486593857414178, 0.9592273564930832164, 1.000000000000000000 ),
 .UNSPECIFIED. ) ;
#2369 = ORIENTED_EDGE ( 'NONE', *, *, #3708, .F. ) ;
#2370 = CARTESIAN_POINT ( 'NONE',  ( -2.540000000000000036, -8.370183981838380305, -1.610344675708691664 ) ) ;
#2371 = CARTESIAN_POINT ( 'NONE',  ( -2.540000000000000036, -7.435846680247322205, 1.057663985949724550 ) ) ;
#2372 = AXIS2_PLACEMENT_3D ( 'NONE', #3375, #78, #1125 ) ;
#2373 = DIRECTION ( 'NONE',  ( 0.000000000000000000, -0.000000000000000000, 1.000000000000000000 ) ) ;
#2374 = EDGE_CURVE ( 'NONE', #4825, #2632, #4770, .T. ) ;
#2375 = CARTESIAN_POINT ( 'NONE',  ( -2.540000000000000036, -6.868379807692305938, -0.4884615384615378919 ) ) ;
#2376 = ORIENTED_EDGE ( 'NONE', *, *, #203, .F. ) ;
#2377 = ADVANCED_FACE ( 'NONE', ( #3702 ), #1947, .T. ) ;
#2378 = APPROVAL_ROLE ( '' ) ;
#2379 = CARTESIAN_POINT ( 'NONE',  ( -2.540000000000000036, -8.490597695144941781, -0.8502977727859624135 ) ) ;
#2380 = CARTESIAN_POINT ( 'NONE',  ( -2.540000000000000036, 7.162218523076876231, 2.206661115617274849 ) ) ;
#2381 = APPROVAL_PERSON_ORGANIZATION ( #3387, #4082, #3154 ) ;
#2382 = CARTESIAN_POINT ( 'NONE',  ( -2.540000000000000036, 7.593232145518045151, 5.326049806257939778 ) ) ;
#2383 = ORIENTED_EDGE ( 'NONE', *, *, #1458, .T. ) ;
#2384 = CC_DESIGN_SECURITY_CLASSIFICATION ( #381, ( #1827 ) ) ;
#2385 = EDGE_CURVE ( 'NONE', #1291, #4209, #666, .T. ) ;
#2386 = PERSON_AND_ORGANIZATION ( #2323, #4393 ) ;
#2387 = CARTESIAN_POINT ( 'NONE',  ( -2.540000000000000036, -6.953191066290372646, 0.8797961321810807700 ) ) ;
#2388 = VERTEX_POINT ( 'NONE', #4289 ) ;
#2389 = CARTESIAN_POINT ( 'NONE',  ( -2.540000000000000036, -6.798163461538459629, 2.149230769230770388 ) ) ;
#2390 = B_SPLINE_CURVE_WITH_KNOTS ( 'NONE', 3,
 ( #1185, #1113, #4185, #782, #363, #2982, #2629, #1521, #4135, #3119, #1585, #4595, #881, #2345, #1199, #2742, #135, #3467, #1263, #3880, #3814, #523, #101, #4202, #1956, #4273, #4643 ),
 .UNSPECIFIED., .F., .F.,
 ( 4, 1, 1, 1, 1, 1, 1, 1, 1, 1, 1, 1, 1, 1, 1, 1, 1, 1, 1, 1, 1, 1, 1, 1, 4 ),
 ( 0.000000000000000000, 0.06287394621143263529, 0.1228366299919125687, 0.1796565674430316284, 0.2339600122308616303, 0.2855950186955585890, 0.3345131060783810284, 0.3809048259061759700, 0.4248945919393344317, 0.4665290347654876824, 0.5064882940692467805, 0.5450315536447541964, 0.5818311798231345922, 0.6174482799494429575, 0.6520669127690461586, 0.6858797142465107299, 0.7191745547913923620, 0.7521816462063929398, 0.7852401639180911497, 0.8186564497770837390, 0.8525477406533115143, 0.8876263422585194407, 0.9236350780687513362, 0.9610218444769893509, 1.000000000000000000 ),
 .UNSPECIFIED. ) ;
#2391 = VERTEX_POINT ( 'NONE', #1252 ) ;
#2392 = ORIENTED_EDGE ( 'NONE', *, *, #2202, .T. ) ;
#2393 = DATE_TIME_ROLE ( 'classification_date' ) ;
#2394 = FACE_BOUND ( 'NONE', #4055, .T. ) ;
#2395 = DIRECTION ( 'NONE',  ( 1.000000000000000000, 0.000000000000000000, 0.000000000000000000 ) ) ;
#2396 = CARTESIAN_POINT ( 'NONE',  ( -2.540000000000000036, -8.497822807486732799, -0.3572848773516301146 ) ) ;
#2397 = CARTESIAN_POINT ( 'NONE',  ( -2.540000000000000036, 4.775199999999999889, 0.000000000000000000 ) ) ;
#2398 = CARTESIAN_POINT ( 'NONE',  ( -2.540000000000000036, -7.619999999999997442, -2.989384615384612420 ) ) ;
#2399 = EDGE_LOOP ( 'NONE', ( #1455, #3030, #4061, #2433, #3437 ) ) ;
#2400 = CARTESIAN_POINT ( 'NONE',  ( -2.540000000000000036, -9.065353556731656326, -2.066631733210351651 ) ) ;
#2401 = ADVANCED_FACE ( 'NONE', ( #719, #2176, #1181, #4648 ), #3157, .F. ) ;
#2402 = CARTESIAN_POINT ( 'NONE',  ( -2.540000000000000036, -8.694615384615381970, 2.374533653846153225 ) ) ;
#2403 = ORIENTED_EDGE ( 'NONE', *, *, #593, .T. ) ;
#2404 = CARTESIAN_POINT ( 'NONE',  ( -2.540000000000000036, 8.066317201700465844, 3.113273625633832697 ) ) ;
#2405 = EDGE_CURVE ( 'NONE', #3454, #1302, #876, .T. ) ;
#2406 = VECTOR ( 'NONE', #3781, 1000.000000000000000 ) ;
#2407 = VERTEX_POINT ( 'NONE', #3547 ) ;
#2408 = CARTESIAN_POINT ( 'NONE',  ( -2.540000000000000036, 6.912329005068735377, 5.365304763334370897 ) ) ;
#2409 = CARTESIAN_POINT ( 'NONE',  ( -2.540000000000000036, -6.902683915248935875, -0.4879635791243699949 ) ) ;
#2410 = PERSON_AND_ORGANIZATION_ROLE ( 'design_supplier' ) ;
#2411 = AXIS2_PLACEMENT_3D ( 'NONE', #3529, #2780, #956 ) ;
#2412 = FACE_BOUND ( 'NONE', #4556, .T. ) ;
#2413 = EDGE_LOOP ( 'NONE', ( #392, #2712, #1844, #4098 ) ) ;
#2414 = CARTESIAN_POINT ( 'NONE',  ( -2.540000000000000036, -6.376254807692305349, 0.9674591346153855742 ) ) ;
#2415 = CARTESIAN_POINT ( 'NONE',  ( -2.540000000000000036, -8.370183981838378529, -0.4380369834009988361 ) ) ;
#2416 = ITEM_DEFINED_TRANSFORMATION ( 'NONE', 'NONE', #21,  #724 ) ;
#2417 = CARTESIAN_POINT ( 'NONE',  ( -2.540000000000000036, -8.446035320389682965, -0.8331382297252960534 ) ) ;
#2418 = CARTESIAN_POINT ( 'NONE',  ( -2.540000000000000036, 7.788765145187238836, -2.072452799949347835 ) ) ;
#2419 = CIRCLE ( 'NONE', #4806, 4.762500000000000178 ) ;
#2420 = EDGE_LOOP ( 'NONE', ( #4329, #3278 ) ) ;
#2421 = DIRECTION ( 'NONE',  ( 0.000000000000000000, 0.000000000000000000, -1.000000000000000000 ) ) ;
#2422 = CC_DESIGN_SECURITY_CLASSIFICATION ( #4252, ( #4846 ) ) ;
#2423 = DIRECTION ( 'NONE',  ( -0.000000000000000000, -0.9999992460301319053, 0.001227981745711260054 ) ) ;
#2424 = EDGE_CURVE ( 'NONE', #2553, #1614, #3656, .T. ) ;
#2425 = SHAPE_REPRESENTATION ( 'TTN236917-E0W', ( #271, #2572, #3324, #21 ), #982 ) ;
#2426 = TOROIDAL_SURFACE ( 'NONE', #3292, 4.500000000000000888, 0.2750000000000000222 ) ;
#2427 = ORIENTED_EDGE ( 'NONE', *, *, #2462, .T. ) ;
#2428 = DIRECTION ( 'NONE',  ( 0.000000000000000000, -0.001227981745710042061, -0.9999992460301319053 ) ) ;
#2429 = CARTESIAN_POINT ( 'NONE',  ( -2.540000000000000036, 7.847211470982039749, 3.863305833416886603 ) ) ;
#2430 = DIRECTION ( 'NONE',  ( 0.000000000000000000, 0.9278320352014630679, 0.3729982767438891900 ) ) ;
#2431 = LINE ( 'NONE', #3239, #435 ) ;
#2432 = CARTESIAN_POINT ( 'NONE',  ( -2.540000000000000036, -9.451369742224887460, -0.7457976404776601731 ) ) ;
#2433 = ORIENTED_EDGE ( 'NONE', *, *, #3973, .T. ) ;
#2434 = DATE_TIME_ROLE ( 'classification_date' ) ;
#2435 = ORIENTED_EDGE ( 'NONE', *, *, #2213, .T. ) ;
#2436 = DIRECTION ( 'NONE',  ( 1.000000000000000000, 0.000000000000000000, 0.000000000000000000 ) ) ;
#2437 = CARTESIAN_POINT ( 'NONE',  ( -2.540000000000000036, -6.534088942307689329, -1.856153846153843601 ) ) ;
#2438 = ORIENTED_EDGE ( 'NONE', *, *, #4800, .F. ) ;
#2439 = CARTESIAN_POINT ( 'NONE',  ( -2.540000000000000036, 6.884975617092831790, 0.9774036922507675085 ) ) ;
#2440 = ORIENTED_EDGE ( 'NONE', *, *, #1227, .F. ) ;
#2441 = CARTESIAN_POINT ( 'NONE',  ( -2.540000000000000036, -8.794516647673496834, -0.1190742948063421153 ) ) ;
#2442 = DIRECTION ( 'NONE',  ( 1.000000000000000000, 0.000000000000000000, 0.000000000000000000 ) ) ;
#2443 = CARTESIAN_POINT ( 'NONE',  ( -2.540000000000000036, -7.092461538461536819, 2.149230769230770388 ) ) ;
#2444 = CARTESIAN_POINT ( 'NONE',  ( -2.540000000000000036, 7.318560605003181507, -1.189720188714098459 ) ) ;
#2445 = EDGE_CURVE ( 'NONE', #1979, #4209, #2066, .T. ) ;
#2446 = APPLICATION_PROTOCOL_DEFINITION ( 'international standard', 'config_control_design', 1994, #3522 ) ;
#2447 = VERTEX_POINT ( 'NONE', #4262 ) ;
#2448 = SHAPE_REPRESENTATION ( 'DWG2163_100æm', ( #724 ), #1980 ) ;
#2449 = DIRECTION ( 'NONE',  ( -0.000000000000000000, 1.000000000000000000, 1.224646799147353207E-16 ) ) ;
#2450 = VERTEX_POINT ( 'NONE', #4389 ) ;
#2451 = CARTESIAN_POINT ( 'NONE',  ( -2.540000000000000036, -8.309619608749335029, -1.839275102186938016 ) ) ;
#2452 = CC_DESIGN_PERSON_AND_ORGANIZATION_ASSIGNMENT ( #3327, #1787, ( #2017 ) ) ;
#2453 = APPROVAL_PERSON_ORGANIZATION ( #4744, #1257, #2837 ) ;
#2454 = VERTEX_POINT ( 'NONE', #2076 ) ;
#2455 = EDGE_CURVE ( 'NONE', #579, #1948, #118, .T. ) ;
#2456 = B_SPLINE_CURVE_WITH_KNOTS ( 'NONE', 3,
 ( #4129, #1127, #355, #2261 ),
 .UNSPECIFIED., .F., .F.,
 ( 4, 4 ),
 ( 18.00000000000000000, 19.00000000000000000 ),
 .UNSPECIFIED. ) ;
#2457 = DIRECTION ( 'NONE',  ( -1.000000000000000000, -0.000000000000000000, -0.000000000000000000 ) ) ;
#2458 = CARTESIAN_POINT ( 'NONE',  ( -2.540000000000000036, -6.839066927329356282, 0.2928918972631753270 ) ) ;
#2459 = DIRECTION ( 'NONE',  ( -1.000000000000000000, -0.000000000000000000, -0.000000000000000000 ) ) ;
#2460 = SHAPE_REPRESENTATION_RELATIONSHIP ( 'NONE' , 'NONE' ,  #809, #3316 ) ;
#2461 = ORIENTED_EDGE ( 'NONE', *, *, #4282, .T. ) ;
#2462 = EDGE_CURVE ( 'NONE', #3435, #1530, #2652, .T. ) ;
#2463 = ORIENTED_EDGE ( 'NONE', *, *, #4591, .T. ) ;
#2464 = CARTESIAN_POINT ( 'NONE',  ( -2.540000000000000036, -8.530954472231243813, 2.535918588402038321 ) ) ;
#2465 = CARTESIAN_POINT ( 'NONE',  ( -2.540000000000000036, -6.987667252602200563, -2.260216154113769527 ) ) ;
#2466 = LINE ( 'NONE', #1772, #1996 ) ;
#2467 = DIRECTION ( 'NONE',  ( -1.000000000000000000, -0.000000000000000000, -0.000000000000000000 ) ) ;
#2468 = DIRECTION ( 'NONE',  ( 0.000000000000000000, 0.000000000000000000, 1.000000000000000000 ) ) ;
#2469 = CARTESIAN_POINT ( 'NONE',  ( -2.540000000000000036, -9.651999999999997470, 3.402134615384615035 ) ) ;
#2470 = CARTESIAN_POINT ( 'NONE',  ( -2.540000000000000036, -8.303846153846151878, -1.780137019230768169 ) ) ;
#2471 = CARTESIAN_POINT ( 'NONE',  ( -2.540000000000000036, 6.825056968201700158, 3.909665673973793165 ) ) ;
#2472 = EDGE_CURVE ( 'NONE', #993, #1979, #1600, .T. ) ;
#2473 = ORIENTED_EDGE ( 'NONE', *, *, #1612, .T. ) ;
#2474 = CARTESIAN_POINT ( 'NONE',  ( -0.1269999999999973372, 0.000000000000000000, 0.000000000000000000 ) ) ;
#2475 = LINE ( 'NONE', #4210, #4407 ) ;
#2476 = ORIENTED_EDGE ( 'NONE', *, *, #3801, .T. ) ;
#2477 = LOCAL_TIME ( 16, 0, 1.000000000000000000, #1064 ) ;
#2478 = DIRECTION ( 'NONE',  ( -0.000000000000000000, 0.001227981745710068082, 0.9999992460301319053 ) ) ;
#2479 = LINE ( 'NONE', #4759, #4179 ) ;
#2480 = COORDINATED_UNIVERSAL_TIME_OFFSET ( 5, 0, .BEHIND. ) ;
#2481 = AXIS2_PLACEMENT_3D ( 'NONE', #4286, #3216, #980 ) ;
#2482 = LINE ( 'NONE', #2019, #4367 ) ;
#2483 = CARTESIAN_POINT ( 'NONE',  ( -2.540000000000000036, 7.760501906187755594, 3.572739045929131940 ) ) ;
#2484 = CARTESIAN_POINT ( 'NONE',  ( -2.540000000000000036, 6.825056968201700158, 3.909665673973793165 ) ) ;
#2485 = CARTESIAN_POINT ( 'NONE',  ( -2.540000000000000036, 7.048479250286336928, 4.126929597577901454 ) ) ;
#2486 = FACE_BOUND ( 'NONE', #3623, .T. ) ;
#2487 = DIRECTION ( 'NONE',  ( 0.000000000000000000, -1.000000000000000000, 0.000000000000000000 ) ) ;
#2488 = CARTESIAN_POINT ( 'NONE',  ( -2.540000000000000036, 7.343790842438876254, 4.234762389185649845 ) ) ;
#2489 = VERTEX_POINT ( 'NONE', #1736 ) ;
#2490 = DIRECTION ( 'NONE',  ( 0.000000000000000000, 0.004989411720878928619, 0.9999875528078735476 ) ) ;
#2491 = EDGE_CURVE ( 'NONE', #1281, #4069, #506, .T. ) ;
#2492 = CARTESIAN_POINT ( 'NONE',  ( -2.540000000000000036, -6.317564148060110796, 1.315611255927156220 ) ) ;
#2493 = CARTESIAN_POINT ( 'NONE',  ( -2.540000000000000036, -6.411394387044938803, -2.095236400037303603 ) ) ;
#2494 = VERTEX_POINT ( 'NONE', #4721 ) ;
#2495 = ORIENTED_EDGE ( 'NONE', *, *, #3996, .F. ) ;
#2496 = APPROVAL_ROLE ( '' ) ;
#2497 = EDGE_CURVE ( 'NONE', #1614, #2553, #2592, .T. ) ;
#2498 = ORIENTED_EDGE ( 'NONE', *, *, #4115, .F. ) ;
#2499 = CARTESIAN_POINT ( 'NONE',  ( -2.540000000000000036, -6.376254807692306237, -0.2048485576923071982 ) ) ;
#2500 = CARTESIAN_POINT ( 'NONE',  ( -2.540000000000000036, 7.847211470982039749, 3.863305833416886603 ) ) ;
#2501 = CARTESIAN_POINT ( 'NONE',  ( -2.540000000000000036, -8.519067903864350200, 3.077625744611837355 ) ) ;
#2502 = DIRECTION ( 'NONE',  ( 0.000000000000000000, -0.000000000000000000, 1.000000000000000000 ) ) ;
#2503 = EDGE_CURVE ( 'NONE', #2259, #4153, #4414, .T. ) ;
#2504 = ORIENTED_EDGE ( 'NONE', *, *, #1645, .F. ) ;
#2505 = CARTESIAN_POINT ( 'NONE',  ( -2.540000000000000036, 6.773927481077797630, 0.3261535820622386561 ) ) ;
#2506 = ORIENTED_EDGE ( 'NONE', *, *, #914, .T. ) ;
#2507 = AXIS2_PLACEMENT_3D ( 'NONE', #4246, #4683, #1299 ) ;
#2508 = CARTESIAN_POINT ( 'NONE',  ( -2.540000000000000036, -8.538307692307688157, 0.7229230769230770015 ) ) ;
#2509 = DIRECTION ( 'NONE',  ( 0.000000000000000000, -0.000000000000000000, 1.000000000000000000 ) ) ;
#2510 = VERTEX_POINT ( 'NONE', #1084 ) ;
#2511 = CARTESIAN_POINT ( 'NONE',  ( -2.540000000000000036, -6.388395896696798637, 0.9601972794382261922 ) ) ;
#2512 = VERTEX_POINT ( 'NONE', #3313 ) ;
#2513 = CARTESIAN_POINT ( 'NONE',  ( -2.540000000000000036, -7.557344846796312687, -0.2731497759858070307 ) ) ;
#2514 = APPROVAL ( #3326, 'UNSPECIFIED' ) ;
#2515 = EDGE_CURVE ( 'NONE', #2957, #279, #3545, .T. ) ;
#2516 = VECTOR ( 'NONE', #3165, 1000.000000000000000 ) ;
#2517 = VERTEX_POINT ( 'NONE', #323 ) ;
#2518 = CARTESIAN_POINT ( 'NONE',  ( -2.540000000000000036, 8.148047265470706790, -2.073488344192774502 ) ) ;
#2519 = ORIENTED_EDGE ( 'NONE', *, *, #4852, .F. ) ;
#2520 = CARTESIAN_POINT ( 'NONE',  ( -2.540000000000000036, 6.757750797892491335, 5.214143369441851306 ) ) ;
#2521 = ORIENTED_EDGE ( 'NONE', *, *, #4263, .F. ) ;
#2522 = LINE ( 'NONE', #4831, #2810 ) ;
#2523 = VECTOR ( 'NONE', #3998, 1000.000000000000000 ) ;
#2524 = ADVANCED_FACE ( 'NONE', ( #3116 ), #4464, .F. ) ;
#2525 = DIRECTION ( 'NONE',  ( 0.000000000000000000, 0.000000000000000000, 1.000000000000000000 ) ) ;
#2526 = DIRECTION ( 'NONE',  ( 0.000000000000000000, 1.000000000000000000, 0.000000000000000000 ) ) ;
#2527 = CC_DESIGN_DATE_AND_TIME_ASSIGNMENT ( #1830, #992, ( #1769 ) ) ;
#2528 = CARTESIAN_POINT ( 'NONE',  ( -2.540000000000000036, 7.218888184887377157, 4.779263676076784151 ) ) ;
#2529 = CARTESIAN_POINT ( 'NONE',  ( -2.540000000000000036, 7.189410584293125517, 3.884147729009187255 ) ) ;
#2530 = B_SPLINE_CURVE_WITH_KNOTS ( 'NONE', 3,
 ( #2518, #3615, #4379, #4757 ),
 .UNSPECIFIED., .F., .F.,
 ( 4, 4 ),
 ( 3.024271300429066667, 4.000000000000000000 ),
 .UNSPECIFIED. ) ;
#2531 = FACE_OUTER_BOUND ( 'NONE', #4279, .T. ) ;
#2532 = ORIENTED_EDGE ( 'NONE', *, *, #2455, .F. ) ;
#2533 = CARTESIAN_POINT ( 'NONE',  ( -2.540000000000000036, -9.481836001046836770, -1.410785244800459193 ) ) ;
#2534 = DIRECTION ( 'NONE',  ( -0.000000000000000000, 0.004989411720880229661, 0.9999875528078735476 ) ) ;
#2535 = PLANE ( 'NONE',  #543 ) ;
#2536 = EDGE_CURVE ( 'NONE', #651, #500, #3873, .T. ) ;
#2537 = VECTOR ( 'NONE', #155, 1000.000000000000000 ) ;
#2538 = ORIENTED_EDGE ( 'NONE', *, *, #4591, .F. ) ;
#2539 = COORDINATED_UNIVERSAL_TIME_OFFSET ( 5, 0, .BEHIND. ) ;
#2540 = CARTESIAN_POINT ( 'NONE',  ( -0.6349999999999988987, 5.536873108305013435E-16, -4.521200000000000330 ) ) ;
#2541 = FACE_OUTER_BOUND ( 'NONE', #675, .T. ) ;
#2542 = DIRECTION ( 'NONE',  ( -1.000000000000000000, -0.000000000000000000, -0.000000000000000000 ) ) ;
#2543 = EDGE_CURVE ( 'NONE', #612, #2805, #419, .T. ) ;
#2544 = CARTESIAN_POINT ( 'NONE',  ( -2.540000000000000036, 7.287688735445088994, 5.972095136862269449 ) ) ;
#2545 = LINE ( 'NONE', #3379, #2661 ) ;
#2546 = DIRECTION ( 'NONE',  ( 1.000000000000000000, 0.000000000000000000, 0.000000000000000000 ) ) ;
#2547 = PRODUCT_DEFINITION_FORMATION_WITH_SPECIFIED_SOURCE ( 'ANY', '', #1705, .NOT_KNOWN. ) ;
#2548 = EDGE_CURVE ( 'NONE', #12, #4596, #1116, .T. ) ;
#2549 = LINE ( 'NONE', #3262, #560 ) ;
#2550 = ORIENTED_EDGE ( 'NONE', *, *, #2263, .F. ) ;
#2551 = VERTEX_POINT ( 'NONE', #685 ) ;
#2552 = EDGE_CURVE ( 'NONE', #1523, #1975, #3481, .T. ) ;
#2553 = VERTEX_POINT ( 'NONE', #4432 ) ;
#2554 = CARTESIAN_POINT ( 'NONE',  ( -2.540000000000000036, 6.731635480874061273, 2.592801117241520625 ) ) ;
#2555 = ORIENTED_EDGE ( 'NONE', *, *, #115, .F. ) ;
#2556 = CARTESIAN_POINT ( 'NONE',  ( -2.540000000000000036, 6.458458286063258669, 0.4673621591928236452 ) ) ;
#2557 = ORIENTED_EDGE ( 'NONE', *, *, #225, .F. ) ;
#2558 = CARTESIAN_POINT ( 'NONE',  ( -2.540000000000000036, -8.745561661991029467, -1.294192778371999530 ) ) ;
#2559 =( NAMED_UNIT ( * ) PLANE_ANGLE_UNIT ( ) SI_UNIT ( $, .RADIAN. ) );
#2560 = B_SPLINE_CURVE_WITH_KNOTS ( 'NONE', 3,
 ( #1835, #2927, #2942, #1884, #890, #3089, #4344, #3043, #2593, #1837, #4078, #3342, #2244, #1047, #2958, #2609, #2619, #374, #2558, #679, #4095, #739, #4047 ),
 .UNSPECIFIED., .F., .F.,
 ( 4, 1, 1, 1, 1, 1, 1, 1, 1, 1, 1, 1, 1, 1, 1, 1, 1, 1, 1, 1, 4 ),
 ( 0.000000000000000000, 0.05672433721815077490, 0.1114372357370105454, 0.1643678222229013053, 0.2164353724620896313, 0.2676414903219250796, 0.3173597799690272558, 0.3674730633322800255, 0.4182103970528084358, 0.4714042826470192238, 0.5279657201290488544, 0.5880611158232130764, 0.6521342629937146862, 0.6863448363353059634, 0.7232636803169656403, 0.7626102507715418755, 0.8047389366452177839, 0.8494303387909503122, 0.8967112583864916830, 0.9468896380534762569, 1.000000000000000000 ),
 .UNSPECIFIED. ) ;
#2561 = DIRECTION ( 'NONE',  ( 0.000000000000000000, -1.224646799147351482E-16, 1.000000000000000000 ) ) ;
#2562 = CARTESIAN_POINT ( 'NONE',  ( -2.540000000000000036, -6.704813311388992503, 0.8839079307086689097 ) ) ;
#2563 = CARTESIAN_POINT ( 'NONE',  ( -2.540000000000000036, 6.328751558883251249, 4.790753471784237938 ) ) ;
#2564 = DIRECTION ( 'NONE',  ( -1.000000000000000000, -0.000000000000000000, -0.000000000000000000 ) ) ;
#2565 = EDGE_LOOP ( 'NONE', ( #4610, #1914 ) ) ;
#2566 = CARTESIAN_POINT ( 'NONE',  ( -2.540000000000000036, -8.139390616492251596, -1.892579623996553329 ) ) ;
#2567 = LOCAL_TIME ( 16, 0, 1.000000000000000000, #3512 ) ;
#2568 = CARTESIAN_POINT ( 'NONE',  ( -2.540000000000000036, -6.570697782861493863, 0.2736641673646494355 ) ) ;
#2569 = ORIENTED_EDGE ( 'NONE', *, *, #3047, .T. ) ;
#2570 = PRODUCT_DEFINITION_SHAPE ( 'NONE', 'NONE',  #4882 ) ;
#2571 = CARTESIAN_POINT ( 'NONE',  ( -2.540000000000000036, -8.833926825379835535, 3.197606837979473760 ) ) ;
#2572 = AXIS2_PLACEMENT_3D ( 'NONE', #3677, #4428, #1412 ) ;
#2573 = CARTESIAN_POINT ( 'NONE',  ( -2.540000000000000036, -8.689120192307690616, -3.301999999999999602 ) ) ;
#2574 = EDGE_LOOP ( 'NONE', ( #1439, #3844, #1748, #3799, #2853 ) ) ;
#2575 = DIRECTION ( 'NONE',  ( 0.000000000000000000, 0.000000000000000000, 1.000000000000000000 ) ) ;
#2576 = CARTESIAN_POINT ( 'NONE',  ( -2.540000000000000036, -8.953749591890405313, 2.119701629254439279 ) ) ;
#2577 = ORIENTED_EDGE ( 'NONE', *, *, #3955, .T. ) ;
#2578 = EDGE_LOOP ( 'NONE', ( #1346, #2128, #882, #4296, #4140 ) ) ;
#2579 = DIRECTION ( 'NONE',  ( -0.000000000000000000, 1.000000000000000000, 1.224646799147353207E-16 ) ) ;
#2580 = VECTOR ( 'NONE', #4753, 999.9999999999998863 ) ;
#2581 = LINE ( 'NONE', #350, #3463 ) ;
#2582 = DIRECTION ( 'NONE',  ( -0.7071067811865426878, 8.659560562354992023E-17, -0.7071067811865523467 ) ) ;
#2583 = CARTESIAN_POINT ( 'NONE',  ( -2.540000000000000036, -8.588203470164950559, 3.291960795742763679 ) ) ;
#2584 = CC_DESIGN_PERSON_AND_ORGANIZATION_ASSIGNMENT ( #2714, #3167, ( #1827 ) ) ;
#2585 = EDGE_CURVE ( 'NONE', #4782, #4825, #2119, .T. ) ;
#2586 = VECTOR ( 'NONE', #4319, 1000.000000000000000 ) ;
#2587 = VECTOR ( 'NONE', #3908, 1000.000000000000000 ) ;
#2588 = CARTESIAN_POINT ( 'NONE',  ( -2.540000000000000036, -9.495692307692305434, -0.6056923076923065308 ) ) ;
#2589 = ORIENTED_EDGE ( 'NONE', *, *, #2020, .T. ) ;
#2590 = CARTESIAN_POINT ( 'NONE',  ( -0.6349999999999988987, 0.000000000000000000, 0.000000000000000000 ) ) ;
#2591 = CARTESIAN_POINT ( 'NONE',  ( 0.000000000000000000, 3.447199994035444526, -2.892544243589376673 ) ) ;
#2592 = CIRCLE ( 'NONE', #665, 0.05000000000000000278 ) ;
#2593 = CARTESIAN_POINT ( 'NONE',  ( -2.540000000000000036, -8.274185911808100258, -1.439762741516240174 ) ) ;
#2594 = CARTESIAN_POINT ( 'NONE',  ( -2.540000000000000036, -6.497740019678047929, -1.246465939468899053 ) ) ;
#2595 = DATE_AND_TIME ( #2708, #183 ) ;
#2596 = CARTESIAN_POINT ( 'NONE',  ( -2.540000000000000036, -9.507271792519276232, -0.9581670995521345269 ) ) ;
#2597 = CARTESIAN_POINT ( 'NONE',  ( -2.540000000000000036, -7.447946623836842583, 0.08762844095632628394 ) ) ;
#2598 = EDGE_CURVE ( 'NONE', #1593, #720, #2646, .T. ) ;
#2599 = PERSON_AND_ORGANIZATION ( #2323, #4393 ) ;
#2600 = CARTESIAN_POINT ( 'NONE',  ( -2.540000000000000036, 7.260348996165103763, -2.486836198377317064 ) ) ;
#2601 = VECTOR ( 'NONE', #2766, 1000.000000000000000 ) ;
#2602 = CARTESIAN_POINT ( 'NONE',  ( -2.540000000000000036, -6.095999999999998309, 2.851394230769232152 ) ) ;
#2603 = CARTESIAN_POINT ( 'NONE',  ( -2.540000000000000036, -9.479946623836841724, -1.690371559043673422 ) ) ;
#2604 = AXIS2_PLACEMENT_3D ( 'NONE', #1315, #3202, #3598 ) ;
#2605 = FACE_BOUND ( 'NONE', #2281, .T. ) ;
#2606 = DIRECTION ( 'NONE',  ( -1.000000000000000000, -0.000000000000000000, -0.000000000000000000 ) ) ;
#2607 = DIRECTION ( 'NONE',  ( 0.000000000000000000, 0.000000000000000000, -1.000000000000000000 ) ) ;
#2608 = ORIENTED_EDGE ( 'NONE', *, *, #396, .F. ) ;
#2609 = CARTESIAN_POINT ( 'NONE',  ( -2.540000000000000036, -8.615717116072667991, -1.308058854434280383 ) ) ;
#2610 = CARTESIAN_POINT ( 'NONE',  ( -2.540000000000000036, 6.460281616494324197, 1.952179879569470256 ) ) ;
#2611 = VERTEX_POINT ( 'NONE', #8 ) ;
#2612 = DIRECTION ( 'NONE',  ( 1.000000000000000000, 0.000000000000000000, 0.000000000000000000 ) ) ;
#2613 = CARTESIAN_POINT ( 'NONE',  ( -2.540000000000000036, 7.666765349206116298, 4.445913174563674630 ) ) ;
#2614 = ORIENTED_EDGE ( 'NONE', *, *, #96, .F. ) ;
#2615 = EDGE_LOOP ( 'NONE', ( #3600, #3672, #2028, #92, #1713 ) ) ;
#2616 = CARTESIAN_POINT ( 'NONE',  ( -2.540000000000000036, -7.639035733328899624, 1.154683598437437064 ) ) ;
#2617 = CC_DESIGN_PERSON_AND_ORGANIZATION_ASSIGNMENT ( #1716, #1633, ( #381 ) ) ;
#2618 = EDGE_LOOP ( 'NONE', ( #2844, #1624, #20, #217, #3008 ) ) ;
#2619 = CARTESIAN_POINT ( 'NONE',  ( -2.540000000000000036, -8.656151970180724575, -1.302268610634305102 ) ) ;
#2620 = VERTEX_POINT ( 'NONE', #4860 ) ;
#2621 = CARTESIAN_POINT ( 'NONE',  ( -2.540000000000000036, -8.878600448791457822, -1.093956996111129287 ) ) ;
#2622 = DIRECTION ( 'NONE',  ( 0.000000000000000000, -1.000000000000000000, 0.000000000000000000 ) ) ;
#2623 = B_SPLINE_CURVE_WITH_KNOTS ( 'NONE', 3,
 ( #59, #4522, #1950, #3783, #3037, #2991, #2326, #754, #4128, #1156, #1887, #4502, #3442, #1546, #829, #389, #1925, #4158, #4178 ),
 .UNSPECIFIED., .F., .F.,
 ( 4, 1, 1, 1, 1, 1, 1, 1, 1, 1, 1, 1, 1, 1, 1, 1, 4 ),
 ( 0.000000000000000000, 0.06373885325541676916, 0.1259217366484758072, 0.1866538087127270484, 0.2485714087011941797, 0.3101780676199487607, 0.3697451584416240888, 0.4282316213097846491, 0.4877084487272397295, 0.5217375325535965613, 0.5642172464603032456, 0.6150021148608725285, 0.6746171624496914987, 0.7426501311502375913, 0.8197043649978453805, 0.9053258835195259202, 1.000000000000000000 ),
 .UNSPECIFIED. ) ;
#2624 = LOCAL_TIME ( 16, 0, 1.000000000000000000, #4621 ) ;
#2625 = ORIENTED_EDGE ( 'NONE', *, *, #593, .F. ) ;
#2626 = CARTESIAN_POINT ( 'NONE',  ( -2.540000000000000036, 7.964960915216089177, 4.537591486971791710 ) ) ;
#2627 = DIRECTION ( 'NONE',  ( 0.000000000000000000, 0.000000000000000000, 1.000000000000000000 ) ) ;
#2628 = VERTEX_POINT ( 'NONE', #799 ) ;
#2629 = CARTESIAN_POINT ( 'NONE',  ( -2.540000000000000036, -7.161785105202610247, 1.639734905871284454 ) ) ;
#2630 = CARTESIAN_POINT ( 'NONE',  ( -2.540000000000000036, -6.226797481157991143, 0.8495050075260051070 ) ) ;
#2631 = AXIS2_PLACEMENT_3D ( 'NONE', #3703, #4824, #4540 ) ;
#2632 = VERTEX_POINT ( 'NONE', #4103 ) ;
#2633 = CARTESIAN_POINT ( 'NONE',  ( -2.540000000000000036, -8.555297544186561964, -2.236105077032924715 ) ) ;
#2634 = ORIENTED_EDGE ( 'NONE', *, *, #3747, .T. ) ;
#2635 = CARTESIAN_POINT ( 'NONE',  ( -2.540000000000000036, 6.732937804447527874, -2.071156262270747117 ) ) ;
#2636 = ORIENTED_EDGE ( 'NONE', *, *, #1703, .T. ) ;
#2637 = CARTESIAN_POINT ( 'NONE',  ( -2.413000000000005141, 0.000000000000000000, 0.000000000000000000 ) ) ;
#2638 = DIRECTION ( 'NONE',  ( 0.000000000000000000, 0.000000000000000000, 1.000000000000000000 ) ) ;
#2639 = LINE ( 'NONE', #3774, #1704 ) ;
#2640 = CARTESIAN_POINT ( 'NONE',  ( -2.540000000000000036, -6.657120192307690587, -1.523999999999999133 ) ) ;
#2641 = LINE ( 'NONE', #3948, #2986 ) ;
#2642 = CARTESIAN_POINT ( 'NONE',  ( -2.540000000000000036, 7.615347312843344874, 4.538020806417250697 ) ) ;
#2643 = CARTESIAN_POINT ( 'NONE',  ( -2.540000000000000036, -9.651999999999997470, 1.641230769230769493 ) ) ;
#2644 = CC_DESIGN_PERSON_AND_ORGANIZATION_ASSIGNMENT ( #4411, #3638, ( #1769 ) ) ;
#2645 = EDGE_CURVE ( 'NONE', #596, #4314, #42, .T. ) ;
#2646 = LINE ( 'NONE', #3026, #2173 ) ;
#2647 = ORIENTED_EDGE ( 'NONE', *, *, #4253, .F. ) ;
#2648 = CARTESIAN_POINT ( 'NONE',  ( -2.540000000000000036, -6.868379807692305938, 0.4884615384615389466 ) ) ;
#2649 = CARTESIAN_POINT ( 'NONE',  ( -2.540000000000000036, -6.657636723489546604, -2.089914684539947665 ) ) ;
#2650 = CARTESIAN_POINT ( 'NONE',  ( -2.540000000000000036, -7.603954281193325393, 0.9786249250363352470 ) ) ;
#2651 = CARTESIAN_POINT ( 'NONE',  ( -2.540000000000000036, -9.467515431389356806, -1.663445753553152162 ) ) ;
#2652 = CIRCLE ( 'NONE', #2604, 0.05000000000000000278 ) ;
#2653 = ORIENTED_EDGE ( 'NONE', *, *, #687, .T. ) ;
#2654 = APPROVAL_DATE_TIME ( #1544, #3544 ) ;
#2655 = PLANE ( 'NONE',  #1441 ) ;
#2656 = CARTESIAN_POINT ( 'NONE',  ( -2.540000000000000036, -8.931615452618583362, 2.561906987842838657 ) ) ;
#2657 = CARTESIAN_POINT ( 'NONE',  ( -2.540000000000000036, -6.713561661991032992, 0.4838072216280008275 ) ) ;
#2658 = B_SPLINE_CURVE_WITH_KNOTS ( 'NONE', 3,
 ( #4403, #262, #2325, #3407 ),
 .UNSPECIFIED., .F., .F.,
 ( 4, 4 ),
 ( 21.00000000000000000, 22.00000000000000000 ),
 .UNSPECIFIED. ) ;
#2659 = CARTESIAN_POINT ( 'NONE',  ( -2.540000000000000036, -8.664719438575183119, -2.059272122191662557 ) ) ;
#2660 = UNCERTAINTY_MEASURE_WITH_UNIT (LENGTH_MEASURE( 1.000000000000000082E-05 ), #196, 'distance_accuracy_value', 'NONE');
#2661 = VECTOR ( 'NONE', #414, 1000.000000000000114 ) ;
#2662 = CARTESIAN_POINT ( 'NONE',  ( -2.540000000000000036, 7.076040031340663283, 2.094415619530458628 ) ) ;
#2663 = CARTESIAN_POINT ( 'NONE',  ( -2.540000000000000036, 7.834874360955342176, 4.505604426270652496 ) ) ;
#2664 = ORIENTED_EDGE ( 'NONE', *, *, #1778, .F. ) ;
#2665 = EDGE_CURVE ( 'NONE', #2553, #3435, #897, .T. ) ;
#2666 = CARTESIAN_POINT ( 'NONE',  ( -2.540000000000000036, 0.000000000000000000, 4.775199999999999889 ) ) ;
#2667 = ORIENTED_EDGE ( 'NONE', *, *, #3312, .T. ) ;
#2668 = CARTESIAN_POINT ( 'NONE',  ( -2.540000000000000036, 6.375064551570600813, 2.013398853412020184 ) ) ;
#2669 = AXIS2_PLACEMENT_3D ( 'NONE', #880, #86, #2373 ) ;
#2670 = ORIENTED_EDGE ( 'NONE', *, *, #4820, .T. ) ;
#2671 = DIRECTION ( 'NONE',  ( 1.463672932855431232E-16, -0.000000000000000000, -1.000000000000000000 ) ) ;
#2672 = ORIENTED_EDGE ( 'NONE', *, *, #3414, .F. ) ;
#2673 = PRODUCT_RELATED_PRODUCT_CATEGORY ( 'detail', '', ( #403 ) ) ;
#2674 = EDGE_CURVE ( 'NONE', #70, #4266, #4270, .T. ) ;
#2675 = ORIENTED_EDGE ( 'NONE', *, *, #4800, .T. ) ;
#2676 = CARTESIAN_POINT ( 'NONE',  ( -2.540000000000000036, -6.108007948932803188, -2.217997910868460210 ) ) ;
#2677 = ADVANCED_FACE ( 'NONE', ( #4166 ), #3366, .T. ) ;
#2678 = CARTESIAN_POINT ( 'NONE',  ( -2.540000000000000036, -6.254765590379312457, -0.3450880600168434453 ) ) ;
#2679 = DIRECTION ( 'NONE',  ( 0.000000000000000000, 1.000000000000000000, 0.000000000000000000 ) ) ;
#2680 = CARTESIAN_POINT ( 'NONE',  ( -2.540000000000000036, -8.547582676910963073, 2.285847075447136056 ) ) ;
#2681 = ORIENTED_EDGE ( 'NONE', *, *, #1421, .F. ) ;
#2682 = CARTESIAN_POINT ( 'NONE',  ( -2.540000000000000036, -8.538307692307688157, 0.7229230769230770015 ) ) ;
#2683 = CALENDAR_DATE ( 2021, 12, 4 ) ;
#2684 = CARTESIAN_POINT ( 'NONE',  ( -2.540000000000000036, 4.775199999999999889, 0.000000000000000000 ) ) ;
#2685 = ORIENTED_EDGE ( 'NONE', *, *, #550, .F. ) ;
#2686 = VERTEX_POINT ( 'NONE', #2662 ) ;
#2687 = EDGE_CURVE ( 'NONE', #1380, #709, #2291, .T. ) ;
#2688 = VECTOR ( 'NONE', #921, 1000.000000000000114 ) ;
#2689 = DIRECTION ( 'NONE',  ( 0.000000000000000000, -0.9999875528078735476, 0.004989411720875227586 ) ) ;
#2690 = DIRECTION ( 'NONE',  ( 0.000000000000000000, 0.000000000000000000, -1.000000000000000000 ) ) ;
#2691 = DIRECTION ( 'NONE',  ( 0.000000000000000000, 0.000000000000000000, 1.000000000000000000 ) ) ;
#2692 = ORIENTED_EDGE ( 'NONE', *, *, #3332, .F. ) ;
#2693 = VERTEX_POINT ( 'NONE', #1860 ) ;
#2694 = AXIS2_PLACEMENT_3D ( 'NONE', #843, #4156, #3460 ) ;
#2695 = VECTOR ( 'NONE', #3373, 1000.000000000000000 ) ;
#2696 = FACE_OUTER_BOUND ( 'NONE', #3424, .T. ) ;
#2697 = CARTESIAN_POINT ( 'NONE',  ( -2.540000000000000036, -8.128207913039940280, -0.6190327608134431614 ) ) ;
#2698 = CARTESIAN_POINT ( 'NONE',  ( -2.540000000000000036, -6.809206462825725836, -2.285734824692460254 ) ) ;
#2699 = DIRECTION ( 'NONE',  ( 0.000000000000000000, -0.9999992460301319053, 0.001227981745711109783 ) ) ;
#2700 = ORIENTED_EDGE ( 'NONE', *, *, #4058, .T. ) ;
#2701 = CARTESIAN_POINT ( 'NONE',  ( -2.540000000000000036, 7.261368281917867762, -1.656787227524436634 ) ) ;
#2702 = ADVANCED_FACE ( 'NONE', ( #2531 ), #3433, .T. ) ;
#2703 = LINE ( 'NONE', #2037, #2587 ) ;
#2704 = ORIENTED_EDGE ( 'NONE', *, *, #2134, .F. ) ;
#2705 = LINE ( 'NONE', #3597, #718 ) ;
#2706 = ORIENTED_EDGE ( 'NONE', *, *, #977, .T. ) ;
#2707 = CARTESIAN_POINT ( 'NONE',  ( -2.540000000000000036, -9.651999999999997470, 1.917211538461538245 ) ) ;
#2708 = CALENDAR_DATE ( 2021, 12, 4 ) ;
#2709 = CARTESIAN_POINT ( 'NONE',  ( -2.540000000000000036, 6.822873344469680745, 1.655545320006160059 ) ) ;
#2710 = EDGE_CURVE ( 'NONE', #1201, #3617, #773, .T. ) ;
#2711 = FACE_BOUND ( 'NONE', #3103, .T. ) ;
#2712 = ORIENTED_EDGE ( 'NONE', *, *, #4462, .T. ) ;
#2713 = CARTESIAN_POINT ( 'NONE',  ( -2.540000000000000036, -6.818677955674706581, -2.392234202157097922 ) ) ;
#2714 = PERSON_AND_ORGANIZATION ( #2323, #4393 ) ;
#2715 = CARTESIAN_POINT ( 'NONE',  ( -2.540000000000000036, -6.242185911808100229, 1.510544950791452123 ) ) ;
#2716 = FACE_BOUND ( 'NONE', #2615, .T. ) ;
#2717 = VERTEX_POINT ( 'NONE', #4184 ) ;
#2718 = CARTESIAN_POINT ( 'NONE',  ( -2.540000000000000036, 7.019198981345883936, -0.7242954896760076533 ) ) ;
#2719 = CARTESIAN_POINT ( 'NONE',  ( -2.540000000000000036, 7.651121377479388919, 5.316625070844370526 ) ) ;
#2720 = EDGE_CURVE ( 'NONE', #4707, #3662, #4638, .T. ) ;
#2721 = ORIENTED_EDGE ( 'NONE', *, *, #4673, .T. ) ;
#2722 = CARTESIAN_POINT ( 'NONE',  ( -2.540000000000000036, -9.671538461538458975, -0.6056923076923065308 ) ) ;
#2723 = ORIENTED_EDGE ( 'NONE', *, *, #4723, .F. ) ;
#2724 = CARTESIAN_POINT ( 'NONE',  ( -2.540000000000000036, -8.128575408236221378, -0.5861201278265751879 ) ) ;
#2725 = AXIS2_PLACEMENT_3D ( 'NONE', #3173, #2459, #946 ) ;
#2726 = CARTESIAN_POINT ( 'NONE',  ( -2.540000000000000036, 7.673360980509772666, 5.190696505309794873 ) ) ;
#2727 = CARTESIAN_POINT ( 'NONE',  ( 0.000000000000000000, 0.000000000000000000, 0.000000000000000000 ) ) ;
#2728 = EDGE_CURVE ( 'NONE', #4375, #1404, #3048, .T. ) ;
#2729 = VERTEX_POINT ( 'NONE', #4626 ) ;
#2730 = ADVANCED_FACE ( 'NONE', ( #1237 ), #58, .T. ) ;
#2731 = CARTESIAN_POINT ( 'NONE',  ( -2.540000000000000036, -7.463315270467748341, -0.01009426473276751196 ) ) ;
#2732 = ORIENTED_EDGE ( 'NONE', *, *, #3197, .T. ) ;
#2733 = PRODUCT_DEFINITION_SHAPE ( 'NONE', 'NONE',  #3431 ) ;
#2734 = CARTESIAN_POINT ( 'NONE',  ( -2.540000000000000036, -6.439643923214235066, -1.451464210551649758 ) ) ;
#2735 = ORIENTED_EDGE ( 'NONE', *, *, #4690, .F. ) ;
#2736 = DIRECTION ( 'NONE',  ( 1.000000000000000000, 0.000000000000000000, -0.000000000000000000 ) ) ;
#2737 = CARTESIAN_POINT ( 'NONE',  ( -2.540000000000000036, 8.145647153605654722, -4.028004414013945045 ) ) ;
#2738 = EDGE_LOOP ( 'NONE', ( #94, #4406, #3498, #367, #2939 ) ) ;
#2739 = EDGE_CURVE ( 'NONE', #1985, #4796, #2342, .T. ) ;
#2740 = CARTESIAN_POINT ( 'NONE',  ( -2.540000000000000036, -7.463692307692304517, 1.172307692307693383 ) ) ;
#2741 = ORIENTED_EDGE ( 'NONE', *, *, #1014, .F. ) ;
#2742 = CARTESIAN_POINT ( 'NONE',  ( -2.540000000000000036, -7.508112633462725505, 1.495900402454214184 ) ) ;
#2743 = DATE_AND_TIME ( #2800, #4804 ) ;
#2744 = CARTESIAN_POINT ( 'NONE',  ( -2.540000000000000036, -7.639538461538459835, 5.421010862427522170E-16 ) ) ;
#2745 = CARTESIAN_POINT ( 'NONE',  ( -2.540000000000000036, -7.376359113174264515, -0.1875417001733532263 ) ) ;
#2746 = CARTESIAN_POINT ( 'NONE',  ( -2.540000000000000036, 7.019631965068924728, -0.3716979057975774436 ) ) ;
#2747 = VERTEX_POINT ( 'NONE', #2726 ) ;
#2748 = ORIENTED_EDGE ( 'NONE', *, *, #2236, .T. ) ;
#2749 = CARTESIAN_POINT ( 'NONE',  ( -2.540000000000000036, 6.570395627067084021, 3.115110591405514828 ) ) ;
#2750 = ADVANCED_FACE ( 'NONE', ( #4291, #352 ), #490, .F. ) ;
#2751 = CARTESIAN_POINT ( 'NONE',  ( -2.540000000000000036, 7.670638209804136132, 5.286589091420167641 ) ) ;
#2752 = CYLINDRICAL_SURFACE ( 'NONE', #1636, 3.682999999999999385 ) ;
#2753 = CIRCLE ( 'NONE', #2913, 12.57300000000000217 ) ;
#2754 = B_SPLINE_CURVE_WITH_KNOTS ( 'NONE', 3,
 ( #2588, #3336, #1525, #328, #4498, #4866, #1849, #16, #4141, #1901, #3737, #1479, #2207, #751, #4473, #3001, #3388, #1832, #4517 ),
 .UNSPECIFIED., .F., .F.,
 ( 4, 1, 1, 1, 1, 1, 1, 1, 1, 1, 1, 1, 1, 1, 1, 1, 4 ),
 ( 0.000000000000000000, 0.04078184587225963664, 0.08086958872158701850, 0.1202681657882671423, 0.1601868504553524419, 0.2004597376386394458, 0.2422651778979083015, 0.2864592615494683248, 0.3329520837492624397, 0.3844305340495299816, 0.4433891253601051630, 0.5116814722136838745, 0.5890200255490085635, 0.6762451906507714883, 0.7737051914728235724, 0.8815677677819820923, 1.000000000000000000 ),
 .UNSPECIFIED. ) ;
#2755 = CARTESIAN_POINT ( 'NONE',  ( -2.540000000000000036, -8.394429277157941627, -1.587536804966841242 ) ) ;
#2756 = ORIENTED_EDGE ( 'NONE', *, *, #2739, .F. ) ;
#2757 = CARTESIAN_POINT ( 'NONE',  ( -2.540000000000000036, -6.994769230769228407, -2.401093749999997584 ) ) ;
#2758 = PERSON_AND_ORGANIZATION_ROLE ( 'classification_officer' ) ;
#2759 = ORIENTED_EDGE ( 'NONE', *, *, #977, .F. ) ;
#2760 = CARTESIAN_POINT ( 'NONE',  ( -2.540000000000000036, 4.775199999999999889, 0.000000000000000000 ) ) ;
#2761 = FACE_OUTER_BOUND ( 'NONE', #1960, .T. ) ;
#2762 = FACE_BOUND ( 'NONE', #3358, .T. ) ;
#2763 = VERTEX_POINT ( 'NONE', #3879 ) ;
#2764 = CARTESIAN_POINT ( 'NONE',  ( -2.540000000000000036, 8.063065648615221903, 0.4653917291569317771 ) ) ;
#2765 = CC_DESIGN_DATE_AND_TIME_ASSIGNMENT ( #694, #1049, ( #2017 ) ) ;
#2766 = DIRECTION ( 'NONE',  ( -0.000000000000000000, 0.9520330033815656012, -0.3059953602136411543 ) ) ;
#2767 = EDGE_CURVE ( 'NONE', #2628, #2447, #2237, .T. ) ;
#2768 = DIRECTION ( 'NONE',  ( -1.000000000000000000, -0.000000000000000000, -0.000000000000000000 ) ) ;
#2769 = CALENDAR_DATE ( 2021, 12, 4 ) ;
#2770 = CARTESIAN_POINT ( 'NONE',  ( -2.540000000000000036, -6.276766138015236862, -2.282793338930490634 ) ) ;
#2771 = LINE ( 'NONE', #2709, #671 ) ;
#2772 = CARTESIAN_POINT ( 'NONE',  ( -2.540000000000000036, 7.045076938641807729, 4.048845564814140374 ) ) ;
#2773 = CARTESIAN_POINT ( 'NONE',  ( -2.540000000000000036, -6.921152876881002669, -2.045428013242949650 ) ) ;
#2774 = B_SPLINE_CURVE_WITH_KNOTS ( 'NONE', 3,
 ( #213, #4730, #2839, #536 ),
 .UNSPECIFIED., .F., .F.,
 ( 4, 4 ),
 ( 5.000000000000015987, 5.744187289366918137 ),
 .UNSPECIFIED. ) ;
#2775 = ORIENTED_EDGE ( 'NONE', *, *, #161, .F. ) ;
#2776 = DATE_TIME_ROLE ( 'creation_date' ) ;
#2777 = CC_DESIGN_APPROVAL ( #3281, ( #381 ) ) ;
#2778 = VECTOR ( 'NONE', #4134, 1000.000000000000000 ) ;
#2779 = VERTEX_POINT ( 'NONE', #1649 ) ;
#2780 = DIRECTION ( 'NONE',  ( -1.000000000000000000, -0.000000000000000000, -0.000000000000000000 ) ) ;
#2781 = CIRCLE ( 'NONE', #4472, 12.69999999999999929 ) ;
#2782 = CARTESIAN_POINT ( 'NONE',  ( -2.540000000000000036, 7.201824938699931344, 4.564294176196313835 ) ) ;
#2783 = EDGE_CURVE ( 'NONE', #1614, #1530, #662, .T. ) ;
#2784 = VERTEX_POINT ( 'NONE', #151 ) ;
#2785 = CARTESIAN_POINT ( 'NONE',  ( 0.000000000000000000, 0.000000000000000000, 0.000000000000000000 ) ) ;
#2786 = EDGE_LOOP ( 'NONE', ( #4492, #1216, #1019, #2998, #4636 ) ) ;
#2787 = AXIS2_PLACEMENT_3D ( 'NONE', #743, #393, #728 ) ;
#2788 = CARTESIAN_POINT ( 'NONE',  ( -2.540000000000000036, -8.519330214868963580, 2.449280982541406804 ) ) ;
#2789 = EDGE_CURVE ( 'NONE', #4596, #200, #4577, .T. ) ;
#2790 = VERTEX_POINT ( 'NONE', #3195 ) ;
#2791 = APPROVAL_STATUS ( 'not_yet_approved' ) ;
#2792 = ORIENTED_EDGE ( 'NONE', *, *, #2934, .T. ) ;
#2793 = CARTESIAN_POINT ( 'NONE',  ( -2.540000000000000036, -6.897081293899676169, -0.2928829216908598321 ) ) ;
#2794 = EDGE_CURVE ( 'NONE', #2858, #1499, #3841, .T. ) ;
#2795 = CARTESIAN_POINT ( 'NONE',  ( -2.540000000000000036, 7.276883107175832421, 0.2529447632539668089 ) ) ;
#2796 = CARTESIAN_POINT ( 'NONE',  ( -0.01249999999999962599, 0.05000000000000000278, -4.381250000000000533 ) ) ;
#2797 = CARTESIAN_POINT ( 'NONE',  ( -2.540000000000000036, 7.080227692343286527, 4.564443495507751081 ) ) ;
#2798 = EDGE_CURVE ( 'NONE', #3179, #112, #4706, .T. ) ;
#2799 = CARTESIAN_POINT ( 'NONE',  ( -2.540000000000000036, -8.367447877366787523, -0.2118788621212613632 ) ) ;
#2800 = CALENDAR_DATE ( 2021, 12, 4 ) ;
#2801 = CARTESIAN_POINT ( 'NONE',  ( -2.540000000000000036, -7.316162666547922022, 0.9419858813182487856 ) ) ;
#2802 = ORIENTED_EDGE ( 'NONE', *, *, #4462, .F. ) ;
#2803 = CARTESIAN_POINT ( 'NONE',  ( -2.540000000000000036, 6.375064551570600813, 2.013398853412020184 ) ) ;
#2804 = CARTESIAN_POINT ( 'NONE',  ( 0.000000000000000000, -0.0009999999999999972019, 0.000000000000000000 ) ) ;
#2805 = VERTEX_POINT ( 'NONE', #4334 ) ;
#2806 = PERSON_AND_ORGANIZATION_ROLE ( 'design_supplier' ) ;
#2807 = LINE ( 'NONE', #552, #2516 ) ;
#2808 = CARTESIAN_POINT ( 'NONE',  ( -2.540000000000000036, -9.024735394776714159, 0.9182993327845095921 ) ) ;
#2809 = CARTESIAN_POINT ( 'NONE',  ( -2.540000000000000036, -8.520768207754157331, 3.014221830547634262 ) ) ;
#2810 = VECTOR ( 'NONE', #2904, 1000.000000000000000 ) ;
#2811 = LINE ( 'NONE', #4360, #2054 ) ;
#2812 = CARTESIAN_POINT ( 'NONE',  ( -2.540000000000000036, -9.451369742224885684, -1.918105332785352779 ) ) ;
#2813 = CARTESIAN_POINT ( 'NONE',  ( -2.540000000000000036, -9.636430288461536264, 1.026074519230769422 ) ) ;
#2814 = DIRECTION ( 'NONE',  ( 0.000000000000000000, 0.000000000000000000, 1.000000000000000000 ) ) ;
#2815 = EDGE_CURVE ( 'NONE', #1618, #2784, #2932, .T. ) ;
#2816 = CARTESIAN_POINT ( 'NONE',  ( -2.540000000000000036, -6.540194711538458883, -2.071076923076920373 ) ) ;
#2817 = ORIENTED_EDGE ( 'NONE', *, *, #1959, .T. ) ;
#2818 = CARTESIAN_POINT ( 'NONE',  ( -2.540000000000000036, -8.548131657537128447, 2.581660236351328575 ) ) ;
#2819 = CARTESIAN_POINT ( 'NONE',  ( -2.540000000000000036, 7.746060074073568558, -4.974929284704340482 ) ) ;
#2820 = CARTESIAN_POINT ( 'NONE',  ( -2.540000000000000036, 0.000000000000000000, 0.000000000000000000 ) ) ;
#2821 =( REPRESENTATION_RELATIONSHIP ('NONE','NONE', #2425, #684 ) REPRESENTATION_RELATIONSHIP_WITH_TRANSFORMATION ( #3815 )SHAPE_REPRESENTATION_RELATIONSHIP( ) );
#2822 = FACE_BOUND ( 'NONE', #4802, .T. ) ;
#2823 = VERTEX_POINT ( 'NONE', #1308 ) ;
#2824 = CARTESIAN_POINT ( 'NONE',  ( 0.000000000000000000, 5.510910596163089556E-16, -4.500000000000000888 ) ) ;
#2825 = CARTESIAN_POINT ( 'NONE',  ( -2.540000000000000036, 6.372520344991421837, -0.05845984465981287487 ) ) ;
#2826 = COORDINATED_UNIVERSAL_TIME_OFFSET ( 5, 0, .BEHIND. ) ;
#2827 = DIRECTION ( 'NONE',  ( 0.000000000000000000, 0.000000000000000000, -1.000000000000000000 ) ) ;
#2828 = VECTOR ( 'NONE', #345, 1000.000000000000114 ) ;
#2829 = CARTESIAN_POINT ( 'NONE',  ( -2.540000000000000036, 7.080227692343286527, 4.564443495507751081 ) ) ;
#2830 = CARTESIAN_POINT ( 'NONE',  ( -2.540000000000000036, -6.390439511821384144, 0.2122973749132752996 ) ) ;
#2831 = CC_DESIGN_PERSON_AND_ORGANIZATION_ASSIGNMENT ( #1725, #2758, ( #4252 ) ) ;
#2832 = DATE_AND_TIME ( #4832, #2943 ) ;
#2833 = PLANE ( 'NONE',  #879 ) ;
#2834 = EDGE_CURVE ( 'NONE', #1647, #3987, #2641, .T. ) ;
#2835 = LINE ( 'NONE', #1427, #4479 ) ;
#2836 = ORIENTED_EDGE ( 'NONE', *, *, #733, .F. ) ;
#2837 = APPROVAL_ROLE ( '' ) ;
#2838 = CARTESIAN_POINT ( 'NONE',  ( -2.540000000000000036, -8.602545753793130245, 2.656852552697122061 ) ) ;
#2839 = CARTESIAN_POINT ( 'NONE',  ( -2.540000000000000036, 6.718484902105561041, 0.3315163153241127980 ) ) ;
#2840 = LINE ( 'NONE', #2881, #797 ) ;
#2841 = VERTEX_POINT ( 'NONE', #4285 ) ;
#2842 = CARTESIAN_POINT ( 'NONE',  ( -2.540000000000000036, -9.661551536096899540, 1.263918685834003464 ) ) ;
#2843 = CARTESIAN_POINT ( 'NONE',  ( -2.540000000000000036, -8.677058961567363227, 2.758601149803864505 ) ) ;
#2844 = ORIENTED_EDGE ( 'NONE', *, *, #251, .F. ) ;
#2845 = CARTESIAN_POINT ( 'NONE',  ( -2.540000000000000036, -9.137671065347378274, -0.8876450785619367512 ) ) ;
#2846 = DIRECTION ( 'NONE',  ( -0.000000000000000000, 0.001227981745711310361, 0.9999992460301319053 ) ) ;
#2847 = ORIENTED_EDGE ( 'NONE', *, *, #2049, .F. ) ;
#2848 = CARTESIAN_POINT ( 'NONE',  ( -5.322435762069739423E-16, 0.000000000000000000, 12.57300000000000040 ) ) ;
#2849 = ORIENTED_EDGE ( 'NONE', *, *, #1469, .F. ) ;
#2850 = CARTESIAN_POINT ( 'NONE',  ( -2.540000000000000036, -6.514561036766809643, 0.2622505686436892858 ) ) ;
#2851 = EDGE_CURVE ( 'NONE', #928, #2628, #2703, .T. ) ;
#2852 = ORIENTED_EDGE ( 'NONE', *, *, #945, .T. ) ;
#2853 = ORIENTED_EDGE ( 'NONE', *, *, #4743, .T. ) ;
#2854 = CARTESIAN_POINT ( 'NONE',  ( -2.540000000000000036, -6.953089807584451165, 1.464828236538446404 ) ) ;
#2855 = DIRECTION ( 'NONE',  ( 1.000000000000000000, 0.000000000000000000, 0.000000000000000000 ) ) ;
#2856 = VERTEX_POINT ( 'NONE', #2052 ) ;
#2857 = CARTESIAN_POINT ( 'NONE',  ( -2.540000000000000036, -6.509524007261704881, -0.2597635270866663904 ) ) ;
#2858 = VERTEX_POINT ( 'NONE', #2408 ) ;
#2859 = PLANE ( 'NONE',  #4143 ) ;
#2860 = CARTESIAN_POINT ( 'NONE',  ( 3.367778697655221258E-17, 0.000000000000000000, 0.000000000000000000 ) ) ;
#2861 = CARTESIAN_POINT ( 'NONE',  ( -2.540000000000000036, -7.527800814606484536, -0.3091685993221055528 ) ) ;
#2862 = CC_DESIGN_PERSON_AND_ORGANIZATION_ASSIGNMENT ( #582, #1465, ( #4211 ) ) ;
#2863 = LOCAL_TIME ( 16, 0, 1.000000000000000000, #4857 ) ;
#2864 = EDGE_CURVE ( 'NONE', #4074, #1529, #4236, .T. ) ;
#2865 = B_SPLINE_CURVE_WITH_KNOTS ( 'NONE', 3,
 ( #1516, #3392, #1839, #756 ),
 .UNSPECIFIED., .F., .F.,
 ( 4, 4 ),
 ( 2.000000000000000000, 3.000000000000000000 ),
 .UNSPECIFIED. ) ;
#2866 = CARTESIAN_POINT ( 'NONE',  ( -2.540000000000000036, 7.501623418708962987, 5.926247530335809088 ) ) ;
#2867 = VERTEX_POINT ( 'NONE', #2772 ) ;
#2868 = VERTEX_POINT ( 'NONE', #3929 ) ;
#2869 = CARTESIAN_POINT ( 'NONE',  ( -2.540000000000000036, 8.153810367471962195, 2.619657686830466847 ) ) ;
#2870 = VECTOR ( 'NONE', #834, 1000.000000000000000 ) ;
#2871 = CARTESIAN_POINT ( 'NONE',  ( -2.540000000000000036, -7.226022279497593459, 1.433694230917547774 ) ) ;
#2872 = VECTOR ( 'NONE', #1689, 1000.000000000000000 ) ;
#2873 = DIRECTION ( 'NONE',  ( -1.000000000000000000, -0.000000000000000000, -0.000000000000000000 ) ) ;
#2874 = ORIENTED_EDGE ( 'NONE', *, *, #472, .T. ) ;
#2875 = CARTESIAN_POINT ( 'NONE',  ( -0.1269999999999973372, 1.555301434917138433E-15, -12.69999999999999929 ) ) ;
#2876 = CARTESIAN_POINT ( 'NONE',  ( -2.540000000000000036, -9.290457567355010937, -1.330434415314108110 ) ) ;
#2877 = CARTESIAN_POINT ( 'NONE',  ( 0.000000000000000000, 0.05000000000000000278, 0.000000000000000000 ) ) ;
#2878 = VECTOR ( 'NONE', #2135, 1000.000000000000000 ) ;
#2879 = DIRECTION ( 'NONE',  ( -1.000000000000000000, -0.000000000000000000, -0.000000000000000000 ) ) ;
#2880 = DIRECTION ( 'NONE',  ( -0.000000000000000000, 0.001227981745710598257, 0.9999992460301319053 ) ) ;
#2881 = CARTESIAN_POINT ( 'NONE',  ( -2.540000000000000036, 8.065099005571884305, 2.121243235643051950 ) ) ;
#2882 = FACE_OUTER_BOUND ( 'NONE', #2738, .T. ) ;
#2883 = ORIENTED_EDGE ( 'NONE', *, *, #2424, .F. ) ;
#2884 = AXIS2_PLACEMENT_3D ( 'NONE', #1687, #4689, #1321 ) ;
#2885 = VECTOR ( 'NONE', #48, 1000.000000000000000 ) ;
#2886 = CARTESIAN_POINT ( 'NONE',  ( -2.540000000000000036, -7.399578056635259138, 1.336741323073162846 ) ) ;
#2887 = EDGE_LOOP ( 'NONE', ( #889, #3689, #3510, #3667 ) ) ;
#2888 = CARTESIAN_POINT ( 'NONE',  ( -2.540000000000000036, -8.694615384615381970, 2.374533653846153225 ) ) ;
#2889 = DESIGN_CONTEXT ( 'detailed design', #4646, 'design' ) ;
#2890 = LOCAL_TIME ( 16, 0, 1.000000000000000000, #2480 ) ;
#2891 = LINE ( 'NONE', #4233, #2245 ) ;
#2892 = CARTESIAN_POINT ( 'NONE',  ( -2.540000000000000036, -6.632719438575183979, 0.8910355701160301845 ) ) ;
#2893 = PLANE ( 'NONE',  #2193 ) ;
#2894 = CARTESIAN_POINT ( 'NONE',  ( -2.540000000000000036, -6.272633456090728643, 1.140173695889537875 ) ) ;
#2895 = CARTESIAN_POINT ( 'NONE',  ( -2.540000000000000036, -9.627576923076921034, 1.341132211538461849 ) ) ;
#2896 = CARTESIAN_POINT ( 'NONE',  ( -2.540000000000000036, 6.414332946009199787, 5.189775043030142143 ) ) ;
#2897 = EDGE_CURVE ( 'NONE', #2805, #589, #1594, .T. ) ;
#2898 = CARTESIAN_POINT ( 'NONE',  ( -2.540000000000000036, -8.694615384615381970, 2.374533653846153225 ) ) ;
#2899 = PLANE ( 'NONE',  #3523 ) ;
#2900 = EDGE_LOOP ( 'NONE', ( #3952, #923, #3743, #697, #1106, #4450, #2256, #2238, #1153, #390, #827, #594, #2039, #4201, #4174, #2647, #425, #2495 ) ) ;
#2901 = B_SPLINE_CURVE_WITH_KNOTS ( 'NONE', 3,
 ( #503, #3147, #4249, #462, #873, #483, #2366, #127, #1224, #845, #3839 ),
 .UNSPECIFIED., .F., .F.,
 ( 4, 1, 1, 1, 1, 1, 1, 1, 4 ),
 ( 0.000000000000000000, 0.1426572507006141910, 0.2811689939054433651, 0.4169771923679753134, 0.5508524927475574318, 0.6783641702618121716, 0.7950324430070955239, 0.9019981783473534076, 1.000000000000000000 ),
 .UNSPECIFIED. ) ;
#2902 = ORIENTED_EDGE ( 'NONE', *, *, #4576, .T. ) ;
#2903 = CARTESIAN_POINT ( 'NONE',  ( -2.540000000000000036, -8.899769230769228656, -1.484923076923075902 ) ) ;
#2904 = DIRECTION ( 'NONE',  ( 0.000000000000000000, 0.000000000000000000, 1.000000000000000000 ) ) ;
#2905 = ORIENTED_EDGE ( 'NONE', *, *, #1631, .T. ) ;
#2906 = CARTESIAN_POINT ( 'NONE',  ( 0.000000000000000000, 0.05000000000000000278, 0.000000000000000000 ) ) ;
#2907 = ORIENTED_EDGE ( 'NONE', *, *, #2710, .T. ) ;
#2908 = DIRECTION ( 'NONE',  ( -0.000000000000000000, 0.000000000000000000, 1.000000000000000000 ) ) ;
#2909 = ORIENTED_EDGE ( 'NONE', *, *, #3047, .F. ) ;
#2910 = PLANE ( 'NONE',  #3913 ) ;
#2911 = CARTESIAN_POINT ( 'NONE',  ( -4.381250000000000533, 0.05000000000000000278, -0.01250000000000000590 ) ) ;
#2912 = ORIENTED_EDGE ( 'NONE', *, *, #4215, .F. ) ;
#2913 = AXIS2_PLACEMENT_3D ( 'NONE', #4410, #2542, #283 ) ;
#2914 = CLOSED_SHELL ( 'NONE', ( #793, #2730, #3219, #1205, #68, #275, #418, #3825, #1652, #1173, #2309, #2750, #3146, #4177, #2151, #3470, #443, #4645, #1783, #502, #1924, #821, #3848, #2018, #892, #4790, #4018, #3441, #844, #2524, #643, #4597, #3661, #2401, #475, #2336, #865, #1245, #4622, #3782, #3496, #1968, #38, #2353, #2377, #3869 ) ) ;
#2915 =( NAMED_UNIT ( * ) SI_UNIT ( $, .STERADIAN. ) SOLID_ANGLE_UNIT ( ) );
#2916 = CARTESIAN_POINT ( 'NONE',  ( -2.540000000000000036, -8.695810835878395650, 2.337392196904036101 ) ) ;
#2917 = COORDINATED_UNIVERSAL_TIME_OFFSET ( 5, 0, .BEHIND. ) ;
#2918 = CARTESIAN_POINT ( 'NONE',  ( -2.540000000000000036, -9.565292636659160408, -1.478908924063347285 ) ) ;
#2919 = VERTEX_POINT ( 'NONE', #2389 ) ;
#2920 = CARTESIAN_POINT ( 'NONE',  ( -2.540000000000000036, -9.096957246806635311, -1.086160024262121437 ) ) ;
#2921 = CARTESIAN_POINT ( 'NONE',  ( -2.540000000000000036, 7.761799480845715138, 3.832801469995910537 ) ) ;
#2922 = EDGE_CURVE ( 'NONE', #1692, #4430, #4573, .T. ) ;
#2923 = ORIENTED_EDGE ( 'NONE', *, *, #1694, .T. ) ;
#2924 = ORIENTED_EDGE ( 'NONE', *, *, #4397, .T. ) ;
#2925 = VECTOR ( 'NONE', #2022, 1000.000000000000000 ) ;
#2926 = DIRECTION ( 'NONE',  ( -1.000000000000000000, -0.000000000000000000, -0.000000000000000000 ) ) ;
#2927 = CARTESIAN_POINT ( 'NONE',  ( -2.540000000000000036, -8.128575408236223154, -1.758427820134267794 ) ) ;
#2928 = ORIENTED_EDGE ( 'NONE', *, *, #4847, .F. ) ;
#2929 = CARTESIAN_POINT ( 'NONE',  ( -2.540000000000000036, 7.295858594494356808, -2.949311557859193300 ) ) ;
#2930 = CARTESIAN_POINT ( 'NONE',  ( -2.540000000000000036, -9.084774038461535639, 2.112596153846153069 ) ) ;
#2931 = B_SPLINE_CURVE_WITH_KNOTS ( 'NONE', 3,
 ( #2701, #1209, #2290, #3090 ),
 .UNSPECIFIED., .F., .F.,
 ( 4, 4 ),
 ( 1.000000000000000000, 2.000000000000000000 ),
 .UNSPECIFIED. ) ;
#2932 = LINE ( 'NONE', #3540, #836 ) ;
#2933 = CARTESIAN_POINT ( 'NONE',  ( -2.540000000000000036, -9.670932452100807097, -1.738222640720129997 ) ) ;
#2934 = EDGE_CURVE ( 'NONE', #1693, #1937, #4542, .T. ) ;
#2935 = ORIENTED_EDGE ( 'NONE', *, *, #4152, .F. ) ;
#2936 = APPROVAL_PERSON_ORGANIZATION ( #1949, #618, #2118 ) ;
#2937 = CARTESIAN_POINT ( 'NONE',  ( -2.540000000000000036, -8.128000000000000114, -1.777999999999999359 ) ) ;
#2938 = VECTOR ( 'NONE', #837, 1000.000000000000000 ) ;
#2939 = ORIENTED_EDGE ( 'NONE', *, *, #4554, .F. ) ;
#2940 = PLANE ( 'NONE',  #1411 ) ;
#2941 = EDGE_CURVE ( 'NONE', #3315, #2858, #1179, .T. ) ;
#2942 = CARTESIAN_POINT ( 'NONE',  ( -2.540000000000000036, -8.129705820796507609, -1.719977487727620158 ) ) ;
#2943 = LOCAL_TIME ( 16, 0, 1.000000000000000000, #3941 ) ;
#2944 = APPLICATION_PROTOCOL_DEFINITION ( 'international standard', 'config_control_design', 1994, #3308 ) ;
#2945 = CARTESIAN_POINT ( 'NONE',  ( -2.540000000000000036, 4.775199999999999889, 0.000000000000000000 ) ) ;
#2946 = APPROVAL ( #1430, 'UNSPECIFIED' ) ;
#2947 = EDGE_CURVE ( 'NONE', #1776, #3102, #595, .T. ) ;
#2948 = CARTESIAN_POINT ( 'NONE',  ( -2.540000000000000036, 7.261368281917867762, -1.656787227524436634 ) ) ;
#2949 = CARTESIAN_POINT ( 'NONE',  ( -2.540000000000000036, -6.159926585305479207, 0.9284724829183866879 ) ) ;
#2950 = ORIENTED_EDGE ( 'NONE', *, *, #1721, .T. ) ;
#2951 = EDGE_CURVE ( 'NONE', #1031, #1285, #1765, .T. ) ;
#2952 = ORIENTED_EDGE ( 'NONE', *, *, #4456, .F. ) ;
#2953 = CARTESIAN_POINT ( 'NONE',  ( -2.540000000000000036, 7.779698119025134417, 5.158861073839461575 ) ) ;
#2954 = DIRECTION ( 'NONE',  ( 0.000000000000000000, 0.000000000000000000, 1.000000000000000000 ) ) ;
#2955 = ORIENTED_EDGE ( 'NONE', *, *, #3385, .F. ) ;
#2956 = CARTESIAN_POINT ( 'NONE',  ( -2.540000000000000036, -9.524694711538458591, -0.9460889423076911386 ) ) ;
#2957 = VERTEX_POINT ( 'NONE', #1362 ) ;
#2958 = CARTESIAN_POINT ( 'NONE',  ( -2.540000000000000036, -8.578242933368322554, -1.315033367149171184 ) ) ;
#2959 = CARTESIAN_POINT ( 'NONE',  ( 5.832380380939270108E-16, 0.05000000000000000278, 4.762500000000000178 ) ) ;
#2960 = DIRECTION ( 'NONE',  ( 0.000000000000000000, 0.000000000000000000, 1.000000000000000000 ) ) ;
#2961 = EDGE_CURVE ( 'NONE', #3291, #2510, #410, .T. ) ;
#2962 = ORIENTED_EDGE ( 'NONE', *, *, #3696, .F. ) ;
#2963 = EDGE_CURVE ( 'NONE', #4340, #1513, #82, .T. ) ;
#2964 = CARTESIAN_POINT ( 'NONE',  ( -2.540000000000000036, -7.105266087684650067, 0.2819761719859575355 ) ) ;
#2965 = ORIENTED_EDGE ( 'NONE', *, *, #4294, .T. ) ;
#2966 = EDGE_CURVE ( 'NONE', #1909, #952, #656, .T. ) ;
#2967 = CARTESIAN_POINT ( 'NONE',  ( 0.000000000000000000, 0.05000000000000000278, 0.000000000000000000 ) ) ;
#2968 = PERSON_AND_ORGANIZATION ( #2323, #4393 ) ;
#2969 = DIRECTION ( 'NONE',  ( -1.000000000000000000, -0.000000000000000000, -0.000000000000000000 ) ) ;
#2970 = CARTESIAN_POINT ( 'NONE',  ( -2.540000000000000036, -8.985089807584452970, -1.485479455769245893 ) ) ;
#2971 = PLANE ( 'NONE',  #1666 ) ;
#2972 = AXIS2_PLACEMENT_3D ( 'NONE', #1911, #3745, #3397 ) ;
#2973 = ORIENTED_EDGE ( 'NONE', *, *, #1791, .T. ) ;
#2974 = CARTESIAN_POINT ( 'NONE',  ( -2.540000000000000036, -6.106925260515840392, 0.1141601961477849841 ) ) ;
#2975 = CARTESIAN_POINT ( 'NONE',  ( -2.398232558139534287, 0.000000000000000000, 0.000000000000000000 ) ) ;
#2976 = ORIENTED_EDGE ( 'NONE', *, *, #2263, .T. ) ;
#2977 = VERTEX_POINT ( 'NONE', #4780 ) ;
#2978 = DIRECTION ( 'NONE',  ( 0.000000000000000000, 0.000000000000000000, -1.000000000000000000 ) ) ;
#2979 = VECTOR ( 'NONE', #4228, 1000.000000000000000 ) ;
#2980 = VECTOR ( 'NONE', #1079, 1000.000000000000114 ) ;
#2981 = CARTESIAN_POINT ( 'NONE',  ( -2.540000000000000036, -7.475271792519276204, 0.8198329004478652760 ) ) ;
#2982 = CARTESIAN_POINT ( 'NONE',  ( -2.540000000000000036, -7.109017185287449081, 1.647975484740183294 ) ) ;
#2983 = CC_DESIGN_SECURITY_CLASSIFICATION ( #3922, ( #4525 ) ) ;
#2984 = EDGE_CURVE ( 'NONE', #2868, #361, #1534, .T. ) ;
#2985 = VERTEX_POINT ( 'NONE', #667 ) ;
#2986 = VECTOR ( 'NONE', #4676, 1000.000000000000000 ) ;
#2987 = CARTESIAN_POINT ( 'NONE',  ( -2.540000000000000036, -7.631395821192213269, 1.070138105709499632 ) ) ;
#2988 = ORIENTED_EDGE ( 'NONE', *, *, #4673, .F. ) ;
#2989 = CARTESIAN_POINT ( 'NONE',  ( -2.540000000000000036, 6.732569350766699046, -2.371204210306278259 ) ) ;
#2990 = EDGE_CURVE ( 'NONE', #1499, #3315, #1230, .T. ) ;
#2991 = CARTESIAN_POINT ( 'NONE',  ( -2.540000000000000036, -9.450980261424712481, 1.325384503680092418 ) ) ;
#2992 = EDGE_LOOP ( 'NONE', ( #2228, #2909, #2184, #2625, #4463, #1799 ) ) ;
#2993 = B_SPLINE_CURVE_WITH_KNOTS ( 'NONE', 3,
 ( #3439, #2713, #806, #3804, #2698, #1590, #3421, #1152, #3778, #4564, #3050, #4169, #3017, #2649, #3471, #3456, #457, #4580, #1572 ),
 .UNSPECIFIED., .F., .F.,
 ( 4, 1, 1, 1, 1, 1, 1, 1, 1, 1, 1, 1, 1, 1, 1, 1, 4 ),
 ( 0.000000000000000000, 0.08773102264437430964, 0.1690056846605414442, 0.2448021443962129506, 0.3142317617715640887, 0.3789415805204462973, 0.4391718549354325374, 0.4957867026411693079, 0.5494347689706726712, 0.6020003354234682025, 0.6542545252912738141, 0.7069046930323724665, 0.7612021463875942029, 0.8168623067330516019, 0.8746699957507760859, 0.9360077445631980186, 1.000000000000000000 ),
 .UNSPECIFIED. ) ;
#2994 = FACE_OUTER_BOUND ( 'NONE', #3891, .T. ) ;
#2995 = ORIENTED_EDGE ( 'NONE', *, *, #3550, .F. ) ;
#2996 = CARTESIAN_POINT ( 'NONE',  ( -2.540000000000000036, -7.310649406773609194, 0.7397750285725073205 ) ) ;
#2997 = FACE_OUTER_BOUND ( 'NONE', #3563, .T. ) ;
#2998 = ORIENTED_EDGE ( 'NONE', *, *, #4739, .F. ) ;
#2999 = CARTESIAN_POINT ( 'NONE',  ( -2.540000000000000036, -8.191926585305475683, -0.8495275170816136701 ) ) ;
#3000 = CARTESIAN_POINT ( 'NONE',  ( -2.540000000000000036, -9.671538461538458975, -1.777999999999999137 ) ) ;
#3001 = CARTESIAN_POINT ( 'NONE',  ( -2.540000000000000036, -9.065149155088915833, -0.3170775551237121626 ) ) ;
#3002 = AXIS2_PLACEMENT_3D ( 'NONE', #4612, #1568, #4594 ) ;
#3003 = LINE ( 'NONE', #272, #729 ) ;
#3004 = DIRECTION ( 'NONE',  ( 0.000000000000000000, -0.9999992460301319053, 0.001227981745710851960 ) ) ;
#3005 = VERTEX_POINT ( 'NONE', #3404 ) ;
#3006 = DIRECTION ( 'NONE',  ( 1.000000000000000000, 0.000000000000000000, 0.000000000000000000 ) ) ;
#3007 = CARTESIAN_POINT ( 'NONE',  ( -1.881250000000000089, 0.05000000000000000278, 0.01250000000000000590 ) ) ;
#3008 = ORIENTED_EDGE ( 'NONE', *, *, #1582, .F. ) ;
#3009 = ORIENTED_EDGE ( 'NONE', *, *, #3365, .T. ) ;
#3010 = EDGE_CURVE ( 'NONE', #1302, #924, #1682, .T. ) ;
#3011 = DIRECTION ( 'NONE',  ( 0.000000000000000000, 1.000000000000000000, 0.000000000000000000 ) ) ;
#3012 = CARTESIAN_POINT ( 'NONE',  ( -2.540000000000000036, 6.773927481077797630, 0.3261535820622386561 ) ) ;
#3013 = CARTESIAN_POINT ( 'NONE',  ( -2.540000000000000036, 7.458581116394175758, 3.865244894399022080 ) ) ;
#3014 = VERTEX_POINT ( 'NONE', #3911 ) ;
#3015 = DIRECTION ( 'NONE',  ( 0.000000000000000000, -1.000000000000000000, 0.000000000000000000 ) ) ;
#3016 = CARTESIAN_POINT ( 'NONE',  ( -2.540000000000000036, -6.096616771416210945, -0.03957428628241897034 ) ) ;
#3017 = CARTESIAN_POINT ( 'NONE',  ( -2.540000000000000036, -6.682767643321296802, -2.100353250348466982 ) ) ;
#3018 = ORIENTED_EDGE ( 'NONE', *, *, #2674, .T. ) ;
#3019 = DIRECTION ( 'NONE',  ( 0.000000000000000000, 0.000000000000000000, -1.000000000000000000 ) ) ;
#3020 = CARTESIAN_POINT ( 'NONE',  ( -2.540000000000000036, -8.703024309677580561, 2.441191249171154709 ) ) ;
#3021 = CARTESIAN_POINT ( 'NONE',  ( -2.540000000000000036, -6.814436984600703795, 0.4880447772444244103 ) ) ;
#3022 = CARTESIAN_POINT ( 'NONE',  ( -2.540000000000000036, -8.333022613225111286, -1.661023526904388481 ) ) ;
#3023 = EDGE_CURVE ( 'NONE', #3662, #822, #712, .T. ) ;
#3024 = CARTESIAN_POINT ( 'NONE',  ( -2.540000000000000036, 7.587819290282484808, 5.836518905277792157 ) ) ;
#3025 = CARTESIAN_POINT ( 'NONE',  ( -2.540000000000000036, 7.721411895865971431, -0.1201259394966864569 ) ) ;
#3026 = CARTESIAN_POINT ( 'NONE',  ( -4.381250000000000533, 0.05000000000000000278, -0.01250000000000000590 ) ) ;
#3027 = CARTESIAN_POINT ( 'NONE',  ( -2.540000000000000036, 8.149748528201032016, -1.523704625119343348 ) ) ;
#3028 = CARTESIAN_POINT ( 'NONE',  ( -2.540000000000000036, -8.891221153846151637, 3.402134615384615035 ) ) ;
#3029 = VERTEX_POINT ( 'NONE', #601 ) ;
#3030 = ORIENTED_EDGE ( 'NONE', *, *, #251, .T. ) ;
#3031 = CARTESIAN_POINT ( 'NONE',  ( -2.540000000000000036, -6.994321066306036450, 0.4855418723779404977 ) ) ;
#3032 = PLANE ( 'NONE',  #4012 ) ;
#3033 = CARTESIAN_POINT ( 'NONE',  ( -2.540000000000000036, 7.199456681376780409, 0.06553649016905721547 ) ) ;
#3034 = VECTOR ( 'NONE', #3138, 999.9999999999998863 ) ;
#3035 = CARTESIAN_POINT ( 'NONE',  ( -2.540000000000000036, -8.985191066290374451, -0.8982038678189191439 ) ) ;
#3036 = ADVANCED_FACE ( 'NONE', ( #2286 ), #1003, .T. ) ;
#3037 = CARTESIAN_POINT ( 'NONE',  ( -2.540000000000000036, -9.470795720471608448, 1.291411433599503500 ) ) ;
#3038 = EDGE_CURVE ( 'NONE', #3077, #4100, #491, .T. ) ;
#3039 = TOROIDAL_SURFACE ( 'NONE', #215, 4.500000000000000888, 0.2750000000000000222 ) ;
#3040 = VECTOR ( 'NONE', #29, 1000.000000000000000 ) ;
#3041 = CARTESIAN_POINT ( 'NONE',  ( -2.540000000000000036, -9.026321066306035590, -0.1201504353143665327 ) ) ;
#3042 = ORIENTED_EDGE ( 'NONE', *, *, #1676, .T. ) ;
#3043 = CARTESIAN_POINT ( 'NONE',  ( -2.540000000000000036, -8.235850169410159793, -1.475111266799589815 ) ) ;
#3044 = CARTESIAN_POINT ( 'NONE',  ( -2.540000000000000036, -6.284211429774603452, -2.239382143581436058 ) ) ;
#3045 = CARTESIAN_POINT ( 'NONE',  ( -2.540000000000000036, -8.497826865812248442, -2.984940395397089219 ) ) ;
#3046 = DIRECTION ( 'NONE',  ( 0.000000000000000000, -0.9363630516803340686, -0.3510330973681713984 ) ) ;
#3047 = EDGE_CURVE ( 'NONE', #1997, #1031, #1286, .T. ) ;
#3048 = LINE ( 'NONE', #2757, #4765 ) ;
#3049 = CARTESIAN_POINT ( 'NONE',  ( -2.540000000000000036, -7.258457567355010021, 0.4475655846858916376 ) ) ;
#3050 = CARTESIAN_POINT ( 'NONE',  ( -2.540000000000000036, -6.727080433269013504, -2.129342609286342558 ) ) ;
#3051 = CARTESIAN_POINT ( 'NONE',  ( -2.540000000000000036, -8.520670075693322687, 2.380309765911824194 ) ) ;
#3052 = LINE ( 'NONE', #1946, #294 ) ;
#3053 = VERTEX_POINT ( 'NONE', #635 ) ;
#3054 = COORDINATED_UNIVERSAL_TIME_OFFSET ( 5, 0, .BEHIND. ) ;
#3055 = CARTESIAN_POINT ( 'NONE',  ( -2.540000000000000036, -8.811825636006787477, 2.545376287769675727 ) ) ;
#3056 = VECTOR ( 'NONE', #2319, 1000.000000000000000 ) ;
#3057 = ORIENTED_EDGE ( 'NONE', *, *, #1203, .T. ) ;
#3058 = COORDINATED_UNIVERSAL_TIME_OFFSET ( 5, 0, .BEHIND. ) ;
#3059 = CARTESIAN_POINT ( 'NONE',  ( -2.540000000000000036, -8.154696533082216092, -0.4386259626490479069 ) ) ;
#3060 = CARTESIAN_POINT ( 'NONE',  ( -2.540000000000000036, 7.781091774263527938, -0.2251408485703270679 ) ) ;
#3061 = LINE ( 'NONE', #315, #1495 ) ;
#3062 = CARTESIAN_POINT ( 'NONE',  ( -2.540000000000000036, -8.815352612473315475, 2.798093143539314376 ) ) ;
#3063 = CARTESIAN_POINT ( 'NONE',  ( -2.540000000000000036, 8.146970486314069504, -2.950356708513917070 ) ) ;
#3064 = VERTEX_POINT ( 'NONE', #934 ) ;
#3065 = EDGE_CURVE ( 'NONE', #3842, #453, #1651, .T. ) ;
#3066 = DIRECTION ( 'NONE',  ( 1.000000000000000000, 0.000000000000000000, 0.000000000000000000 ) ) ;
#3067 = ORIENTED_EDGE ( 'NONE', *, *, #2157, .T. ) ;
#3068 = DIRECTION ( 'NONE',  ( -1.000000000000000000, -0.000000000000000000, -0.000000000000000000 ) ) ;
#3069 = CARTESIAN_POINT ( 'NONE',  ( -2.540000000000000036, -9.671538461538458975, 1.175360576923076827 ) ) ;
#3070 = ORIENTED_EDGE ( 'NONE', *, *, #674, .T. ) ;
#3071 = CARTESIAN_POINT ( 'NONE',  ( -2.540000000000000036, -6.170997436452311469, 1.434540019750747852 ) ) ;
#3072 = CARTESIAN_POINT ( 'NONE',  ( -2.540000000000000036, -6.147674635996947856, -1.129846785115949270 ) ) ;
#3073 = ORIENTED_EDGE ( 'NONE', *, *, #2331, .F. ) ;
#3074 = ORIENTED_EDGE ( 'NONE', *, *, #4659, .F. ) ;
#3075 = CARTESIAN_POINT ( 'NONE',  ( -2.540000000000000036, 7.259451802890562355, -1.191151910359529165 ) ) ;
#3076 = MANIFOLD_SOLID_BREP ( 'Wrap Target', #1092 ) ;
#3077 = VERTEX_POINT ( 'NONE', #3932 ) ;
#3078 = EDGE_CURVE ( 'NONE', #589, #1345, #1350, .T. ) ;
#3079 = CARTESIAN_POINT ( 'NONE',  ( -2.540000000000000036, 8.102846749444358565, 5.511808364997240695 ) ) ;
#3080 = DIRECTION ( 'NONE',  ( 0.000000000000000000, 0.000000000000000000, -1.000000000000000000 ) ) ;
#3081 = CARTESIAN_POINT ( 'NONE',  ( -2.540000000000000036, -8.737253082959016481, 2.870293026437566120 ) ) ;
#3082 = CARTESIAN_POINT ( 'NONE',  ( -2.540000000000000036, -8.127999999999998337, -2.754923076923076142 ) ) ;
#3083 = CARTESIAN_POINT ( 'NONE',  ( -2.540000000000000036, -7.619179195159095030, 0.1502970154615805021 ) ) ;
#3084 = CARTESIAN_POINT ( 'NONE',  ( -2.540000000000000036, -9.663393354333143392, 1.096200571443520788 ) ) ;
#3085 = CARTESIAN_POINT ( 'NONE',  ( -2.540000000000000036, -6.286458929623361058, 1.540199821145430858 ) ) ;
#3086 = EDGE_CURVE ( 'NONE', #150, #2957, #4230, .T. ) ;
#3087 = ORIENTED_EDGE ( 'NONE', *, *, #2687, .F. ) ;
#3088 = VERTEX_POINT ( 'NONE', #2098 ) ;
#3089 = CARTESIAN_POINT ( 'NONE',  ( -2.540000000000000036, -8.175972660142818427, -1.561293413780783013 ) ) ;
#3090 = CARTESIAN_POINT ( 'NONE',  ( -2.540000000000000036, 7.788765145187238836, -2.072452799949347835 ) ) ;
#3091 = APPROVAL_PERSON_ORGANIZATION ( #4212, #2946, #1803 ) ;
#3092 = ADVANCED_FACE ( 'NONE', ( #2346, #4460 ), #4320, .T. ) ;
#3093 = CARTESIAN_POINT ( 'NONE',  ( -2.540000000000000036, -8.694748820481345675, 2.382584387176482466 ) ) ;
#3094 = ORIENTED_EDGE ( 'NONE', *, *, #3478, .T. ) ;
#3095 = CARTESIAN_POINT ( 'NONE',  ( -2.540000000000000036, -9.193785105202612939, -0.1382650941287155710 ) ) ;
#3096 = B_SPLINE_CURVE_WITH_KNOTS ( 'NONE', 3,
 ( #111, #2795, #3112, #891 ),
 .UNSPECIFIED., .F., .F.,
 ( 4, 4 ),
 ( 2.000000000000000000, 3.000000000000000000 ),
 .UNSPECIFIED. ) ;
#3097 = EDGE_CURVE ( 'NONE', #2867, #4692, #524, .T. ) ;
#3098 = DIRECTION ( 'NONE',  ( 0.000000000000000000, 0.000000000000000000, -1.000000000000000000 ) ) ;
#3099 = CARTESIAN_POINT ( 'NONE',  ( -2.540000000000000036, -7.619999999999998330, 1.934307692307693616 ) ) ;
#3100 = ORIENTED_EDGE ( 'NONE', *, *, #2990, .F. ) ;
#3101 = CARTESIAN_POINT ( 'NONE',  ( -2.540000000000000036, -6.549879549553958569, -1.856490372517178411 ) ) ;
#3102 = VERTEX_POINT ( 'NONE', #259 ) ;
#3103 = EDGE_LOOP ( 'NONE', ( #1809, #2759, #3115, #1515 ) ) ;
#3104 = AXIS2_PLACEMENT_3D ( 'NONE', #2760, #2013, #4633 ) ;
#3105 = LINE ( 'NONE', #2100, #114 ) ;
#3106 = LINE ( 'NONE', #3082, #116 ) ;
#3107 = CARTESIAN_POINT ( 'NONE',  ( -2.540000000000000036, -7.639333671353989885, 0.01344205591289448706 ) ) ;
#3108 = CARTESIAN_POINT ( 'NONE',  ( -2.540000000000000036, -8.712016826923074220, 2.112596153846153069 ) ) ;
#3109 = B_SPLINE_CURVE_WITH_KNOTS ( 'NONE', 3,
 ( #1714, #3969, #1735, #181, #4703, #234, #4736, #3240, #2876, #290, #1774, #4035, #1451, #2533, #3640, #4814, #2918, #4002, #1400, #3299, #4402, #4387, #305, #1792, #2933, #4767, #696 ),
 .UNSPECIFIED., .F., .F.,
 ( 4, 1, 1, 1, 1, 1, 1, 1, 1, 1, 1, 1, 1, 1, 1, 1, 1, 1, 1, 1, 1, 1, 1, 1, 4 ),
 ( 0.000000000000000000, 0.06287394621143178874, 0.1228366299919134014, 0.1796565674430316284, 0.2339600122308624630, 0.2855950186955594217, 0.3345131060783802512, 0.3809048259061767472, 0.4248945919393344872, 0.4665290347654869607, 0.5064882940692460034, 0.5450315536447540854, 0.5818311798231344811, 0.6174482799494435126, 0.6520669127690461586, 0.6858797142465100638, 0.7191745547913926950, 0.7521816462063933839, 0.7852401639180915938, 0.8186564497770834059, 0.8525477406533115143, 0.8876263422585189966, 0.9236350780687512252, 0.9610218444769892399, 1.000000000000000000 ),
 .UNSPECIFIED. ) ;
#3110 = ORIENTED_EDGE ( 'NONE', *, *, #1435, .T. ) ;
#3111 = VECTOR ( 'NONE', #1034, 1000.000000000000000 ) ;
#3112 = CARTESIAN_POINT ( 'NONE',  ( -2.540000000000000036, 7.458747066860789587, 0.3452823879751115155 ) ) ;
#3113 = DIRECTION ( 'NONE',  ( -1.000000000000000000, 0.000000000000000000, -3.469446951953665307E-14 ) ) ;
#3114 = EDGE_CURVE ( 'NONE', #1684, #846, #4107, .T. ) ;
#3115 = ORIENTED_EDGE ( 'NONE', *, *, #745, .F. ) ;
#3116 = FACE_OUTER_BOUND ( 'NONE', #4761, .T. ) ;
#3117 = CARTESIAN_POINT ( 'NONE',  ( -2.540000000000000036, -6.272712356794035493, -2.352447841053785460 ) ) ;
#3118 = ORIENTED_EDGE ( 'NONE', *, *, #1986, .F. ) ;
#3119 = CARTESIAN_POINT ( 'NONE',  ( -2.540000000000000036, -7.302156073710695416, 1.607059909525212937 ) ) ;
#3120 = B_SPLINE_CURVE_WITH_KNOTS ( 'NONE', 3,
 ( #1105, #4092, #1852, #2242 ),
 .UNSPECIFIED., .F., .F.,
 ( 4, 4 ),
 ( 0.000000000000000000, 1.000000000000000000 ),
 .UNSPECIFIED. ) ;
#3121 = ADVANCED_FACE ( 'NONE', ( #2230 ), #235, .T. ) ;
#3122 = EDGE_CURVE ( 'NONE', #3394, #1072, #3831, .T. ) ;
#3123 = LINE ( 'NONE', #77, #1885 ) ;
#3124 = ORIENTED_EDGE ( 'NONE', *, *, #1322, .F. ) ;
#3125 = CARTESIAN_POINT ( 'NONE',  ( -2.540000000000000036, -7.533292636659165709, 0.2990910759366526839 ) ) ;
#3126 = CARTESIAN_POINT ( 'NONE',  ( -2.540000000000000036, -7.463692307692306294, 5.421010862427523156E-16 ) ) ;
#3127 = COORDINATED_UNIVERSAL_TIME_OFFSET ( 5, 0, .BEHIND. ) ;
#3128 = CARTESIAN_POINT ( 'NONE',  ( -2.398232558139534287, 0.000000000000000000, 3.682999999999999385 ) ) ;
#3129 = ORIENTED_EDGE ( 'NONE', *, *, #339, .T. ) ;
#3130 = CARTESIAN_POINT ( 'NONE',  ( -2.540000000000000036, -9.258557828553032110, -2.039463538988746549 ) ) ;
#3131 = CARTESIAN_POINT ( 'NONE',  ( -2.540000000000000036, -8.900379807692305079, -1.289538461538460634 ) ) ;
#3132 = FACE_BOUND ( 'NONE', #3274, .T. ) ;
#3133 = EDGE_LOOP ( 'NONE', ( #2347, #2874, #4187, #4830 ) ) ;
#3134 = CARTESIAN_POINT ( 'NONE',  ( -2.540000000000000036, -8.699449672895626762, -0.1255248090542121220 ) ) ;
#3135 = CYLINDRICAL_SURFACE ( 'NONE', #3660, 4.775199999999999889 ) ;
#3136 = VERTEX_POINT ( 'NONE', #3309 ) ;
#3137 = APPROVAL_ROLE ( '' ) ;
#3138 = DIRECTION ( 'NONE',  ( 0.000000000000000000, -0.004989411720880229661, -0.9999875528078735476 ) ) ;
#3139 = CARTESIAN_POINT ( 'NONE',  ( -2.540000000000000036, -8.304850454817465533, -0.5760629891777691025 ) ) ;
#3140 = ORIENTED_EDGE ( 'NONE', *, *, #3023, .T. ) ;
#3141 = DIRECTION ( 'NONE',  ( 0.000000000000000000, -0.001227981745711219071, -0.9999992460301319053 ) ) ;
#3142 = CARTESIAN_POINT ( 'NONE',  ( -2.540000000000000036, -7.631395821192212381, -0.1021695865981933210 ) ) ;
#3143 = ORIENTED_EDGE ( 'NONE', *, *, #4348, .F. ) ;
#3144 = AXIS2_PLACEMENT_3D ( 'NONE', #201, #2030, #2827 ) ;
#3145 = ORIENTED_EDGE ( 'NONE', *, *, #2834, .F. ) ;
#3146 = ADVANCED_FACE ( 'NONE', ( #1108, #3990 ), #2899, .F. ) ;
#3147 = CARTESIAN_POINT ( 'NONE',  ( -2.540000000000000036, -8.496426179291532321, -3.277584909071125097 ) ) ;
#3148 = ORIENTED_EDGE ( 'NONE', *, *, #3174, .T. ) ;
#3149 = CARTESIAN_POINT ( 'NONE',  ( 0.000000000000000000, 0.05000000000000000278, 0.000000000000000000 ) ) ;
#3150 = CARTESIAN_POINT ( 'NONE',  ( -2.540000000000000036, -7.399608389606525449, 1.007850062986592299 ) ) ;
#3151 = ORIENTED_EDGE ( 'NONE', *, *, #2002, .T. ) ;
#3152 = CARTESIAN_POINT ( 'NONE',  ( -2.540000000000000036, 7.666765349206116298, 4.445913174563674630 ) ) ;
#3153 = CARTESIAN_POINT ( 'NONE',  ( -2.540000000000000036, -10.06230769230768907, 0.7229230769230770015 ) ) ;
#3154 = APPROVAL_ROLE ( '' ) ;
#3155 = ORIENTED_EDGE ( 'NONE', *, *, #1389, .T. ) ;
#3156 = CARTESIAN_POINT ( 'NONE',  ( -2.540000000000000036, -8.333022613225113062, -0.4887158345966959305 ) ) ;
#3157 = PLANE ( 'NONE',  #3104 ) ;
#3158 = CARTESIAN_POINT ( 'NONE',  ( -2.540000000000000036, -9.530800480769228145, 0.9183076923076924913 ) ) ;
#3159 = SHAPE_REPRESENTATION_RELATIONSHIP ( 'NONE' , 'NONE' ,  #2448, #3234 ) ;
#3160 = CARTESIAN_POINT ( 'NONE',  ( -2.540000000000000036, 6.370052852164888257, -2.067847178581395884 ) ) ;
#3161 = ORIENTED_EDGE ( 'NONE', *, *, #1372, .F. ) ;
#3162 = CARTESIAN_POINT ( 'NONE',  ( -2.540000000000000036, -6.312452408262996251, -0.1398418021332832328 ) ) ;
#3163 = EDGE_LOOP ( 'NONE', ( #540, #1437, #2252 ) ) ;
#3164 = ORIENTED_EDGE ( 'NONE', *, *, #1117, .F. ) ;
#3165 = DIRECTION ( 'NONE',  ( 0.000000000000000000, -0.9999998110306926868, 0.0006147670931746586397 ) ) ;
#3166 = LINE ( 'NONE', #433, #705 ) ;
#3167 = PERSON_AND_ORGANIZATION_ROLE ( 'design_supplier' ) ;
#3168 = ORIENTED_EDGE ( 'NONE', *, *, #2491, .T. ) ;
#3169 = AXIS2_PLACEMENT_3D ( 'NONE', #1731, #2467, #4302 ) ;
#3170 = CARTESIAN_POINT ( 'NONE',  ( -2.540000000000000036, -8.319677518183251408, -0.5161696833300210008 ) ) ;
#3171 = CARTESIAN_POINT ( 'NONE',  ( -2.540000000000000036, 4.775199999999999889, 0.000000000000000000 ) ) ;
#3172 = ORIENTED_EDGE ( 'NONE', *, *, #209, .T. ) ;
#3173 = CARTESIAN_POINT ( 'NONE',  ( -0.5079999999999988969, 0.000000000000000000, 0.000000000000000000 ) ) ;
#3174 = EDGE_CURVE ( 'NONE', #1659, #1311, #2466, .T. ) ;
#3175 = FACE_BOUND ( 'NONE', #2992, .T. ) ;
#3176 = CARTESIAN_POINT ( 'NONE',  ( -2.540000000000000036, -6.570697782861496528, 1.445971859672342763 ) ) ;
#3177 = LOCAL_TIME ( 16, 0, 1.000000000000000000, #3054 ) ;
#3178 = B_SPLINE_CURVE_WITH_KNOTS ( 'NONE', 3,
 ( #2271, #3337, #2734, #2322, #4617, #1592, #856, #3788, #3072, #1560, #4583 ),
 .UNSPECIFIED., .F., .F.,
 ( 4, 1, 1, 1, 1, 1, 1, 1, 4 ),
 ( 0.000000000000000000, 0.1426572507006136636, 0.2811689939054437537, 0.4169771923679743142, 0.5508524927475575428, 0.6783641702618113944, 0.7950324430070945247, 0.9019981783473525194, 1.000000000000000000 ),
 .UNSPECIFIED. ) ;
#3179 = VERTEX_POINT ( 'NONE', #4810 ) ;
#3180 = CARTESIAN_POINT ( 'NONE',  ( -2.540000000000000036, 7.494697741363441246, 4.492118024129278631 ) ) ;
#3181 = COORDINATED_UNIVERSAL_TIME_OFFSET ( 5, 0, .BEHIND. ) ;
#3182 = PERSON_AND_ORGANIZATION_ROLE ( 'design_owner' ) ;
#3183 = CARTESIAN_POINT ( 'NONE',  ( -2.540000000000000036, -6.839068918993298496, -0.2927430870324913559 ) ) ;
#3184 = CARTESIAN_POINT ( 'NONE',  ( -2.540000000000000036, -9.310343302783802955, 0.9382789827499630197 ) ) ;
#3185 = CARTESIAN_POINT ( 'NONE',  ( -2.540000000000000036, 6.367648494164081185, -4.025821062470072320 ) ) ;
#3186 = ORIENTED_EDGE ( 'NONE', *, *, #3906, .F. ) ;
#3187 = DIRECTION ( 'NONE',  ( 1.000000000000000000, 0.000000000000000000, 0.000000000000000000 ) ) ;
#3188 = CARTESIAN_POINT ( 'NONE',  ( -2.540000000000000036, -6.180347637408538652, -2.019957514862935177 ) ) ;
#3189 = VECTOR ( 'NONE', #322, 1000.000000000000000 ) ;
#3190 = CARTESIAN_POINT ( 'NONE',  ( -2.540000000000000036, 8.065621270827531220, 2.546546676592672753 ) ) ;
#3191 = VERTEX_POINT ( 'NONE', #1005 ) ;
#3192 = EDGE_CURVE ( 'NONE', #2095, #1036, #4572, .T. ) ;
#3193 = CARTESIAN_POINT ( 'NONE',  ( -2.540000000000000036, -6.301022613225112146, 1.289284165403305149 ) ) ;
#3194 = CARTESIAN_POINT ( 'NONE',  ( -0.9599999999999988542, 0.000000000000000000, 0.000000000000000000 ) ) ;
#3195 = CARTESIAN_POINT ( 'NONE',  ( -0.5079999999999988969, 5.536873108305013435E-16, -4.521200000000000330 ) ) ;
#3196 = CARTESIAN_POINT ( 'NONE',  ( -2.540000000000000036, 6.377478759233858874, 3.979393748247873841 ) ) ;
#3197 = EDGE_CURVE ( 'NONE', #1522, #2763, #416, .T. ) ;
#3198 = ORIENTED_EDGE ( 'NONE', *, *, #2947, .F. ) ;
#3199 =( REPRESENTATION_RELATIONSHIP ('NONE','NONE', #2425, #2448 ) REPRESENTATION_RELATIONSHIP_WITH_TRANSFORMATION ( #4773 )SHAPE_REPRESENTATION_RELATIONSHIP( ) );
#3200 = EDGE_LOOP ( 'NONE', ( #1140, #1080, #2067, #3161 ) ) ;
#3201 = CARTESIAN_POINT ( 'NONE',  ( -2.540000000000000036, -8.519442778711823649, 3.047549392458002604 ) ) ;
#3202 = DIRECTION ( 'NONE',  ( 0.000000000000000000, 1.000000000000000000, 0.000000000000000000 ) ) ;
#3203 = CARTESIAN_POINT ( 'NONE',  ( -2.540000000000000036, -7.462543038419091168, 0.03010345066391280355 ) ) ;
#3204 = CC_DESIGN_SECURITY_CLASSIFICATION ( #2017, ( #2547 ) ) ;
#3205 = EDGE_CURVE ( 'NONE', #2320, #3341, #3503, .T. ) ;
#3206 = VERTEX_POINT ( 'NONE', #3007 ) ;
#3207 = CARTESIAN_POINT ( 'NONE',  ( -2.398232558139534287, 0.000000000000000000, 0.000000000000000000 ) ) ;
#3208 = CARTESIAN_POINT ( 'NONE',  ( -2.540000000000000036, -6.287677518183253156, 0.08952262436228580755 ) ) ;
#3209 = CARTESIAN_POINT ( 'NONE',  ( -2.398232558139534287, 0.000000000000000000, 0.000000000000000000 ) ) ;
#3210 = ORIENTED_EDGE ( 'NONE', *, *, #1719, .F. ) ;
#3211 = ORIENTED_EDGE ( 'NONE', *, *, #4282, .F. ) ;
#3212 = EDGE_CURVE ( 'NONE', #208, #1543, #3894, .T. ) ;
#3213 = CALENDAR_DATE ( 2021, 12, 4 ) ;
#3214 = EDGE_CURVE ( 'NONE', #584, #3064, #591, .T. ) ;
#3215 = CARTESIAN_POINT ( 'NONE',  ( -2.540000000000000036, 7.154196724320334155, 5.008880501096596660 ) ) ;
#3216 = DIRECTION ( 'NONE',  ( -0.000000000000000000, 0.6427876096865280386, 0.7660444431189875614 ) ) ;
#3217 = EDGE_LOOP ( 'NONE', ( #734, #2732, #1198, #1228, #3398 ) ) ;
#3218 = CARTESIAN_POINT ( 'NONE',  ( -2.540000000000000036, 7.350856638085529582, 4.392761509929139940 ) ) ;
#3219 = ADVANCED_FACE ( 'NONE', ( #2168 ), #1052, .F. ) ;
#3220 = APPROVAL_STATUS ( 'not_yet_approved' ) ;
#3221 = ORIENTED_EDGE ( 'NONE', *, *, #3249, .T. ) ;
#3222 = CARTESIAN_POINT ( 'NONE',  ( -2.540000000000000036, -9.485554419512141067, 1.100164922341445584 ) ) ;
#3223 = CARTESIAN_POINT ( 'NONE',  ( -2.540000000000000036, 7.847715526627524696, 3.964329641353688150 ) ) ;
#3224 = CARTESIAN_POINT ( 'NONE',  ( -2.540000000000000036, -6.297252141854984941, 1.057007247177250031 ) ) ;
#3225 = EDGE_CURVE ( 'NONE', #4796, #3944, #4225, .T. ) ;
#3226 = LINE ( 'NONE', #2444, #2223 ) ;
#3227 = VECTOR ( 'NONE', #1143, 1000.000000000000000 ) ;
#3228 = CARTESIAN_POINT ( 'NONE',  ( -2.540000000000000036, 7.089493771596863780, 5.240821406251955139 ) ) ;
#3229 = CARTESIAN_POINT ( 'NONE',  ( -2.540000000000000036, 7.523304699894364234, 4.446089341755080859 ) ) ;
#3230 = ORIENTED_EDGE ( 'NONE', *, *, #2728, .T. ) ;
#3231 = AXIS2_PLACEMENT_3D ( 'NONE', #334, #2227, #4854 ) ;
#3232 = CARTESIAN_POINT ( 'NONE',  ( -2.540000000000000036, -6.494620192755493626, -2.072414333034929168 ) ) ;
#3233 = EDGE_LOOP ( 'NONE', ( #2802, #3446, #3370, #1744 ) ) ;
#3234 = ADVANCED_BREP_SHAPE_REPRESENTATION ( '', ( #3076, #724 ), #1980 ) ;
#3235 = DIRECTION ( 'NONE',  ( 0.000000000000000000, 0.000000000000000000, 1.000000000000000000 ) ) ;
#3236 = CARTESIAN_POINT ( 'NONE',  ( -2.540000000000000036, -6.271846153846150962, -2.410557692307689681 ) ) ;
#3237 = FACE_BOUND ( 'NONE', #2786, .T. ) ;
#3238 = VERTEX_POINT ( 'NONE', #1488 ) ;
#3239 = CARTESIAN_POINT ( 'NONE',  ( -2.540000000000000036, -8.538307692307688157, 1.917211538461538245 ) ) ;
#3240 = CARTESIAN_POINT ( 'NONE',  ( -2.540000000000000036, -9.243674079184692971, -1.319452456649648164 ) ) ;
#3241 = CARTESIAN_POINT ( 'NONE',  ( -2.540000000000000036, -8.598930249637135148, 2.833829508510847806 ) ) ;
#3242 = CARTESIAN_POINT ( 'NONE',  ( -2.540000000000000036, -9.495692307692305434, -1.777999999999999137 ) ) ;
#3243 = CIRCLE ( 'NONE', #4138, 0.2750000000000000222 ) ;
#3244 = LINE ( 'NONE', #460, #2406 ) ;
#3245 = PLANE ( 'NONE',  #617 ) ;
#3246 = ORIENTED_EDGE ( 'NONE', *, *, #550, .T. ) ;
#3247 = CALENDAR_DATE ( 2021, 12, 4 ) ;
#3248 = DIRECTION ( 'NONE',  ( -5.421010862427521400E-18, 0.000000000000000000, 1.000000000000000000 ) ) ;
#3249 = EDGE_CURVE ( 'NONE', #1779, #579, #3576, .T. ) ;
#3250 = LINE ( 'NONE', #4213, #4775 ) ;
#3251 = EDGE_LOOP ( 'NONE', ( #3124, #4330, #3067, #4745 ) ) ;
#3252 = CARTESIAN_POINT ( 'NONE',  ( 0.000000000000000000, 4.500000000000000888, 0.000000000000000000 ) ) ;
#3253 = CARTESIAN_POINT ( 'NONE',  ( -2.540000000000000036, -6.318165657100301758, -2.167713007903474765 ) ) ;
#3254 = LINE ( 'NONE', #1628, #3423 ) ;
#3255 = CARTESIAN_POINT ( 'NONE',  ( -2.540000000000000036, -8.850277632318116261, 2.142968030196517937 ) ) ;
#3256 = ORIENTED_EDGE ( 'NONE', *, *, #4191, .F. ) ;
#3257 = DIRECTION ( 'NONE',  ( 0.000000000000000000, 0.000000000000000000, 1.000000000000000000 ) ) ;
#3258 = CARTESIAN_POINT ( 'NONE',  ( -2.540000000000000036, 7.204449111858057364, 0.06553035955093704235 ) ) ;
#3259 = VERTEX_POINT ( 'NONE', #3725 ) ;
#3260 = CARTESIAN_POINT ( 'NONE',  ( -2.540000000000000036, -6.271846153846150962, 1.170170673076924128 ) ) ;
#3261 = VERTEX_POINT ( 'NONE', #3537 ) ;
#3262 = CARTESIAN_POINT ( 'NONE',  ( -2.540000000000000036, 6.637797683363556800, 2.549906780911337378 ) ) ;
#3263 = CARTESIAN_POINT ( 'NONE',  ( 0.000000000000000000, -0.0009999999999999972019, 0.000000000000000000 ) ) ;
#3264 = ORIENTED_EDGE ( 'NONE', *, *, #2059, .T. ) ;
#3265 = CARTESIAN_POINT ( 'NONE',  ( -2.540000000000000036, 7.760501906187755594, 3.572739045929131940 ) ) ;
#3266 = ORIENTED_EDGE ( 'NONE', *, *, #3214, .F. ) ;
#3267 = CARTESIAN_POINT ( 'NONE',  ( -2.540000000000000036, 7.745479420572399576, -5.439971313737049563 ) ) ;
#3268 = AXIS2_PLACEMENT_3D ( 'NONE', #4794, #2148, #1397 ) ;
#3269 = CARTESIAN_POINT ( 'NONE',  ( -2.540000000000000036, -7.274619554010458344, 1.419282865693275442 ) ) ;
#3270 = EDGE_LOOP ( 'NONE', ( #304, #267, #321, #3835, #2473 ) ) ;
#3271 = DIRECTION ( 'NONE',  ( -0.000000000000000000, 0.9347050593480100700, -0.3554243267268477613 ) ) ;
#3272 = CC_DESIGN_APPROVAL ( #3534, ( #4252 ) ) ;
#3273 = CARTESIAN_POINT ( 'NONE',  ( -2.540000000000000036, -6.868379807692305050, 0.6838461538461548805 ) ) ;
#3274 = EDGE_LOOP ( 'NONE', ( #232, #2700, #1035, #1677, #3264, #165, #787, #512, #260, #4439, #2302, #3148, #4272, #4807, #2132, #3363, #3890, #2852, #47 ) ) ;
#3275 = EDGE_CURVE ( 'NONE', #3740, #2317, #763, .T. ) ;
#3276 = EDGE_LOOP ( 'NONE', ( #559, #3412, #3172, #4480, #2177 ) ) ;
#3277 = CARTESIAN_POINT ( 'NONE',  ( -2.540000000000000036, -9.651999999999997470, -2.950307692307691632 ) ) ;
#3278 = ORIENTED_EDGE ( 'NONE', *, *, #2462, .F. ) ;
#3279 = DIRECTION ( 'NONE',  ( -0.000000000000000000, -0.9153204656835203235, 0.4027262657201584051 ) ) ;
#3280 = CARTESIAN_POINT ( 'NONE',  ( -2.540000000000000036, -8.779798331705141123, 3.179282461205636956 ) ) ;
#3281 = APPROVAL ( #2791, 'UNSPECIFIED' ) ;
#3282 = ORIENTED_EDGE ( 'NONE', *, *, #3086, .F. ) ;
#3283 = B_SPLINE_CURVE_WITH_KNOTS ( 'NONE', 3,
 ( #3960, #1726, #2111, #3602 ),
 .UNSPECIFIED., .F., .F.,
 ( 4, 4 ),
 ( 1.000000000000000000, 2.000000000000000000 ),
 .UNSPECIFIED. ) ;
#3284 = ORIENTED_EDGE ( 'NONE', *, *, #486, .F. ) ;
#3285 = VECTOR ( 'NONE', #324, 1000.000000000000000 ) ;
#3286 = VECTOR ( 'NONE', #1786, 1000.000000000000000 ) ;
#3287 = ADVANCED_FACE ( 'NONE', ( #2696 ), #1473, .T. ) ;
#3288 = DIRECTION ( 'NONE',  ( 0.000000000000000000, 0.000000000000000000, -1.000000000000000000 ) ) ;
#3289 = CARTESIAN_POINT ( 'NONE',  ( 0.000000000000000000, 0.000000000000000000, -4.762500000000000178 ) ) ;
#3290 = CARTESIAN_POINT ( 'NONE',  ( -2.540000000000000036, -7.619999999999998330, 1.934307692307693616 ) ) ;
#3291 = VERTEX_POINT ( 'NONE', #813 ) ;
#3292 = AXIS2_PLACEMENT_3D ( 'NONE', #4660, #4254, #162 ) ;
#3293 = CARTESIAN_POINT ( 'NONE',  ( -2.540000000000000036, 7.652443044910192782, 4.060964772084330932 ) ) ;
#3294 = LINE ( 'NONE', #4750, #962 ) ;
#3295 = ORIENTED_EDGE ( 'NONE', *, *, #2710, .F. ) ;
#3296 = DIRECTION ( 'NONE',  ( 0.000000000000000000, 0.000000000000000000, 1.000000000000000000 ) ) ;
#3297 = ORIENTED_EDGE ( 'NONE', *, *, #31, .F. ) ;
#3298 = EDGE_CURVE ( 'NONE', #1867, #2841, #477, .T. ) ;
#3299 = CARTESIAN_POINT ( 'NONE',  ( -2.540000000000000036, -9.624787985522704759, -1.562929901639355190 ) ) ;
#3300 = VERTEX_POINT ( 'NONE', #2797 ) ;
#3301 = CARTESIAN_POINT ( 'NONE',  ( -2.540000000000000036, 6.817900511427286148, 4.919286119914727529 ) ) ;
#3302 = APPROVAL_PERSON_ORGANIZATION ( #4715, #1320, #3137 ) ;
#3303 = CARTESIAN_POINT ( 'NONE',  ( -2.540000000000000036, -9.509430288461535596, 1.445846153846154003 ) ) ;
#3304 = EDGE_CURVE ( 'NONE', #1529, #2312, #230, .T. ) ;
#3305 = VECTOR ( 'NONE', #4001, 1000.000000000000114 ) ;
#3306 = CARTESIAN_POINT ( 'NONE',  ( -2.540000000000000036, 7.734624468248643581, 3.970173327818531384 ) ) ;
#3307 = VERTEX_POINT ( 'NONE', #1760 ) ;
#3308 = APPLICATION_CONTEXT ( 'configuration controlled 3d designs of mechanical parts and assemblies' ) ;
#3309 = CARTESIAN_POINT ( 'NONE',  ( 1.881250000000000089, 0.05000000000000000278, -0.01250000000000000590 ) ) ;
#3310 = B_SPLINE_CURVE_WITH_KNOTS ( 'NONE', 3,
 ( #810, #3425, #2352, #910, #4619, #546, #3162, #1982, #2046, #925, #3549 ),
 .UNSPECIFIED., .F., .F.,
 ( 4, 1, 1, 1, 1, 1, 1, 1, 4 ),
 ( 0.000000000000000000, 0.1276647678962241073, 0.2517385630080499759, 0.3727533493873901316, 0.4921467589723857450, 0.6140696213092435851, 0.7371973244121085012, 0.8656069906011156778, 0.9999999999999998890 ),
 .UNSPECIFIED. ) ;
#3311 = ORIENTED_EDGE ( 'NONE', *, *, #3414, .T. ) ;
#3312 = EDGE_CURVE ( 'NONE', #314, #4782, #4044, .T. ) ;
#3313 = CARTESIAN_POINT ( 'NONE',  ( -2.540000000000000036, 0.000000000000000000, -12.57300000000000217 ) ) ;
#3314 = CARTESIAN_POINT ( 'NONE',  ( -2.540000000000000036, 4.775199999999999889, 0.000000000000000000 ) ) ;
#3315 = VERTEX_POINT ( 'NONE', #256 ) ;
#3316 = ADVANCED_BREP_SHAPE_REPRESENTATION ( '', ( #1122, #724 ), #4401 ) ;
#3317 = EDGE_CURVE ( 'NONE', #1513, #3629, #4220, .T. ) ;
#3318 = CARTESIAN_POINT ( 'NONE',  ( -2.540000000000000036, -9.536491251382322787, -2.107903223772574552 ) ) ;
#3319 = CARTESIAN_POINT ( 'NONE',  ( -2.540000000000000036, 6.377478759233858874, 3.979393748247873841 ) ) ;
#3320 = EDGE_LOOP ( 'NONE', ( #2950, #1087, #4007, #40, #1176, #2634, #2196 ) ) ;
#3321 = CARTESIAN_POINT ( 'NONE',  ( -2.540000000000000036, 6.802940346402318816, 5.470653289573540690 ) ) ;
#3322 = CARTESIAN_POINT ( 'NONE',  ( -2.540000000000000036, -8.701144829729821950, 3.075661267244058195 ) ) ;
#3323 = EDGE_LOOP ( 'NONE', ( #4686, #4685 ) ) ;
#3324 = AXIS2_PLACEMENT_3D ( 'NONE', #1325, #4826, #3296 ) ;
#3325 = CARTESIAN_POINT ( 'NONE',  ( -2.540000000000000036, -6.095999999999998309, -0.9769230769230760059 ) ) ;
#3326 = APPROVAL_STATUS ( 'not_yet_approved' ) ;
#3327 = PERSON_AND_ORGANIZATION ( #2323, #4393 ) ;
#3328 = CARTESIAN_POINT ( 'NONE',  ( -2.540000000000000036, 7.454991124029119121, -0.1197987794055238725 ) ) ;
#3329 = CARTESIAN_POINT ( 'NONE',  ( 0.000000000000000000, 0.000000000000000000, 0.000000000000000000 ) ) ;
#3330 = CC_DESIGN_DATE_AND_TIME_ASSIGNMENT ( #4590, #2776, ( #926 ) ) ;
#3331 = CARTESIAN_POINT ( 'NONE',  ( -2.540000000000000036, -6.107390616492249791, 1.057728068311140079 ) ) ;
#3332 = EDGE_CURVE ( 'NONE', #3459, #2823, #706, .T. ) ;
#3333 = PERSON_AND_ORGANIZATION ( #2323, #4393 ) ;
#3334 = EDGE_LOOP ( 'NONE', ( #2924, #4335, #4020, #4547, #2923 ) ) ;
#3335 = CARTESIAN_POINT ( 'NONE',  ( -2.540000000000000036, -8.714257361978461347, -2.259312500150609360 ) ) ;
#3336 = CARTESIAN_POINT ( 'NONE',  ( -2.540000000000000036, -9.495307032150570592, -0.5956005706791126508 ) ) ;
#3337 = CARTESIAN_POINT ( 'NONE',  ( -2.540000000000000036, -6.464426179291534069, -1.499584909071125072 ) ) ;
#3338 = LINE ( 'NONE', #1737, #2051 ) ;
#3339 = CARTESIAN_POINT ( 'NONE',  ( -2.540000000000000036, -9.671538461538458975, -1.777999999999999137 ) ) ;
#3340 = EDGE_CURVE ( 'NONE', #1275, #709, #831, .T. ) ;
#3341 = VERTEX_POINT ( 'NONE', #1391 ) ;
#3342 = CARTESIAN_POINT ( 'NONE',  ( -2.540000000000000036, -8.421372635508124205, -1.361158625664299349 ) ) ;
#3343 = ORIENTED_EDGE ( 'NONE', *, *, #2767, .T. ) ;
#3344 = CARTESIAN_POINT ( 'NONE',  ( -2.540000000000000036, -6.143972660142821063, 0.2167065862192165404 ) ) ;
#3345 = CARTESIAN_POINT ( 'NONE',  ( -2.540000000000000036, -9.096957246806635311, -2.258467716569813710 ) ) ;
#3346 = VECTOR ( 'NONE', #3984, 1000.000000000000000 ) ;
#3347 = B_SPLINE_CURVE_WITH_KNOTS ( 'NONE', 3,
 ( #227, #1359, #581, #4045, #2571, #4077, #3280, #1409, #2162, #333, #3663, #3322, #3688, #676, #1443 ),
 .UNSPECIFIED., .F., .F.,
 ( 4, 1, 1, 1, 1, 1, 1, 1, 1, 1, 1, 1, 4 ),
 ( 0.000000000000000000, 0.1364249452617774527, 0.2529160181544771735, 0.3493712064443990628, 0.4270887412885005507, 0.4942803049249913649, 0.5612047814637954879, 0.6285512538099503610, 0.6994085365156184064, 0.7712878959125790690, 0.8443044513049321464, 0.9199582073922761838, 1.000000000000000000 ),
 .UNSPECIFIED. ) ;
#3348 = VERTEX_POINT ( 'NONE', #4823 ) ;
#3349 = EDGE_CURVE ( 'NONE', #2143, #645, #1990, .T. ) ;
#3350 = VECTOR ( 'NONE', #1881, 1000.000000000000000 ) ;
#3351 = VERTEX_POINT ( 'NONE', #4010 ) ;
#3352 = ORGANIZATION ( 'NAUO-ORG2', 'UNSPECIFIED', 'UNSPECIFIED' ) ;
#3353 = CARTESIAN_POINT ( 'NONE',  ( -2.540000000000000036, -9.663395821192215962, -1.880169586598193776 ) ) ;
#3354 = DIRECTION ( 'NONE',  ( 0.000000000000000000, 0.000000000000000000, 1.000000000000000000 ) ) ;
#3355 = CARTESIAN_POINT ( 'NONE',  ( -2.540000000000000036, -8.899769230769228656, -1.484923076923075902 ) ) ;
#3356 = AXIS2_PLACEMENT_3D ( 'NONE', #4731, #2855, #303 ) ;
#3357 = LINE ( 'NONE', #1074, #4243 ) ;
#3358 = EDGE_LOOP ( 'NONE', ( #1638, #2194 ) ) ;
#3359 = DIRECTION ( 'NONE',  ( 0.000000000000000000, 0.000000000000000000, 1.000000000000000000 ) ) ;
#3360 = LOCAL_TIME ( 16, 0, 1.000000000000000000, #3181 ) ;
#3361 = LINE ( 'NONE', #1641, #908 ) ;
#3362 = CARTESIAN_POINT ( 'NONE',  ( 0.000000000000000000, 0.000000000000000000, 0.000000000000000000 ) ) ;
#3363 = ORIENTED_EDGE ( 'NONE', *, *, #3696, .T. ) ;
#3364 = CC_DESIGN_PERSON_AND_ORGANIZATION_ASSIGNMENT ( #1754, #4793, ( #2547 ) ) ;
#3365 = EDGE_CURVE ( 'NONE', #4555, #2388, #4102, .T. ) ;
#3366 = PLANE ( 'NONE',  #4680 ) ;
#3367 = CARTESIAN_POINT ( 'NONE',  ( -2.540000000000000036, -8.671087814764195656, -3.258162270431839147 ) ) ;
#3368 = ORIENTED_EDGE ( 'NONE', *, *, #2301, .F. ) ;
#3369 = CARTESIAN_POINT ( 'NONE',  ( -2.540000000000000036, -6.254765590379314233, 0.8272196322908497157 ) ) ;
#3370 = ORIENTED_EDGE ( 'NONE', *, *, #4310, .T. ) ;
#3371 = CARTESIAN_POINT ( 'NONE',  ( -2.540000000000000036, -8.148604698942992997, -1.927462122233202235 ) ) ;
#3372 = CARTESIAN_POINT ( 'NONE',  ( -2.540000000000000036, -9.614927740002233492, -0.8406029356984101586 ) ) ;
#3373 = DIRECTION ( 'NONE',  ( -0.000000000000000000, -1.000000000000000000, -0.000000000000000000 ) ) ;
#3374 = ORIENTED_EDGE ( 'NONE', *, *, #1703, .F. ) ;
#3375 = CARTESIAN_POINT ( 'NONE',  ( -0.5079999999999988969, 0.000000000000000000, 0.000000000000000000 ) ) ;
#3376 = CARTESIAN_POINT ( 'NONE',  ( -2.540000000000000036, -9.267710742752557351, -2.230939669529664382 ) ) ;
#3377 = B_SPLINE_CURVE_WITH_KNOTS ( 'NONE', 3,
 ( #4874, #1097, #2626, #2642 ),
 .UNSPECIFIED., .F., .F.,
 ( 4, 4 ),
 ( 24.00000000000000000, 25.00000000000000000 ),
 .UNSPECIFIED. ) ;
#3378 = ORIENTED_EDGE ( 'NONE', *, *, #3631, .F. ) ;
#3379 = CARTESIAN_POINT ( 'NONE',  ( -2.540000000000000036, -7.619999999999998330, 2.920084134615386073 ) ) ;
#3380 = ORIENTED_EDGE ( 'NONE', *, *, #1519, .F. ) ;
#3381 = CARTESIAN_POINT ( 'NONE',  ( -2.540000000000000036, -7.235710742752558211, 0.7193680227780284708 ) ) ;
#3382 = CARTESIAN_POINT ( 'NONE',  ( 0.000000000000000000, 5.174132726397568293E-16, -4.225000000000000533 ) ) ;
#3383 = CARTESIAN_POINT ( 'NONE',  ( -2.540000000000000036, -6.127907381629531969, 0.9894278948432777554 ) ) ;
#3384 = AXIS2_PLACEMENT_3D ( 'NONE', #4008, #3634, #4381 ) ;
#3385 = EDGE_CURVE ( 'NONE', #530, #1281, #2361, .T. ) ;
#3386 = CARTESIAN_POINT ( 'NONE',  ( -2.540000000000000036, -6.179633867921202395, -0.2718544468072755516 ) ) ;
#3387 = PERSON_AND_ORGANIZATION ( #2323, #4393 ) ;
#3388 = CARTESIAN_POINT ( 'NONE',  ( -2.540000000000000036, -8.985089807584452970, -0.3131717634615532320 ) ) ;
#3389 = VERTEX_POINT ( 'NONE', #3265 ) ;
#3390 = ORIENTED_EDGE ( 'NONE', *, *, #4223, .F. ) ;
#3391 = CARTESIAN_POINT ( 'NONE',  ( -2.540000000000000036, -8.834050391449556727, 2.551359950348623062 ) ) ;
#3392 = CARTESIAN_POINT ( 'NONE',  ( -2.540000000000000036, 7.788396691506410896, -2.372500747984878533 ) ) ;
#3393 = CARTESIAN_POINT ( 'NONE',  ( -2.540000000000000036, -6.616803266651042570, -1.435190569173134145 ) ) ;
#3394 = VERTEX_POINT ( 'NONE', #2898 ) ;
#3395 = CARTESIAN_POINT ( 'NONE',  ( -2.540000000000000036, -6.868379807692305938, -0.4884615384615378919 ) ) ;
#3396 = DIRECTION ( 'NONE',  ( 0.000000000000000000, -0.000000000000000000, 1.000000000000000000 ) ) ;
#3397 = DIRECTION ( 'NONE',  ( 0.000000000000000000, 0.000000000000000000, 1.000000000000000000 ) ) ;
#3398 = ORIENTED_EDGE ( 'NONE', *, *, #4690, .T. ) ;
#3399 = CARTESIAN_POINT ( 'NONE',  ( -2.540000000000000036, 6.901230201754883886, 3.885585597484975118 ) ) ;
#3400 = EDGE_CURVE ( 'NONE', #1688, #1659, #3593, .T. ) ;
#3401 = ORIENTED_EDGE ( 'NONE', *, *, #4164, .F. ) ;
#3402 = FACE_OUTER_BOUND ( 'NONE', #4030, .T. ) ;
#3403 = CARTESIAN_POINT ( 'NONE',  ( 0.000000000000000000, 0.000000000000000000, 0.000000000000000000 ) ) ;
#3404 = CARTESIAN_POINT ( 'NONE',  ( -2.540000000000000036, 6.656335835890905273, -0.1112863498164114312 ) ) ;
#3405 = CARTESIAN_POINT ( 'NONE',  ( 0.000000000000000000, 0.000000000000000000, 4.225000000000000533 ) ) ;
#3406 = ORIENTED_EDGE ( 'NONE', *, *, #4862, .F. ) ;
#3407 = CARTESIAN_POINT ( 'NONE',  ( -2.540000000000000036, 6.936870063618124860, 5.972525936112138112 ) ) ;
#3408 = VECTOR ( 'NONE', #2265, 1000.000000000000000 ) ;
#3409 = ORIENTED_EDGE ( 'NONE', *, *, #5, .F. ) ;
#3410 = CARTESIAN_POINT ( 'NONE',  ( -2.540000000000000036, -6.850061781606480160, 0.4883200137431588095 ) ) ;
#3411 = CARTESIAN_POINT ( 'NONE',  ( -2.540000000000000036, 6.456168487802501410, 0.3727604669423283390 ) ) ;
#3412 = ORIENTED_EDGE ( 'NONE', *, *, #4022, .T. ) ;
#3413 = CARTESIAN_POINT ( 'NONE',  ( -2.540000000000000036, -8.622469745547093112, -3.165777351840294962 ) ) ;
#3414 = EDGE_CURVE ( 'NONE', #2512, #1763, #2753, .T. ) ;
#3415 = CALENDAR_DATE ( 2021, 12, 4 ) ;
#3416 = CARTESIAN_POINT ( 'NONE',  ( -2.540000000000000036, -8.399988198145210916, -0.8038706265392822070 ) ) ;
#3417 = ADVANCED_FACE ( 'NONE', ( #1879, #4343 ), #2940, .T. ) ;
#3418 = LINE ( 'NONE', #2205, #1425 ) ;
#3419 = VERTEX_POINT ( 'NONE', #1044 ) ;
#3420 = CARTESIAN_POINT ( 'NONE',  ( -2.540000000000000036, -6.432699895776228693, -0.4343573966983104162 ) ) ;
#3421 = CARTESIAN_POINT ( 'NONE',  ( -2.540000000000000036, -6.791362713124005523, -2.220546478831737058 ) ) ;
#3422 = AXIS2_PLACEMENT_3D ( 'NONE', #2785, #2768, #2035 ) ;
#3423 = VECTOR ( 'NONE', #4298, 1000.000000000000000 ) ;
#3424 = EDGE_LOOP ( 'NONE', ( #3851, #2907, #343, #1509 ) ) ;
#3425 = CARTESIAN_POINT ( 'NONE',  ( -2.540000000000000036, -6.272111071811100835, -0.01223064998801223074 ) ) ;
#3426 = CARTESIAN_POINT ( 'NONE',  ( -2.540000000000000036, 7.834874360955342176, 4.505604426270652496 ) ) ;
#3427 = CARTESIAN_POINT ( 'NONE',  ( -2.540000000000000036, -8.258797481157991172, -0.9284949924739936966 ) ) ;
#3428 = LINE ( 'NONE', #4312, #1782 ) ;
#3429 = CARTESIAN_POINT ( 'NONE',  ( -2.540000000000000036, -9.141017185287447333, -0.1300245152598165921 ) ) ;
#3430 = ORIENTED_EDGE ( 'NONE', *, *, #4560, .T. ) ;
#3431 = PRODUCT_DEFINITION ( 'UNKNOWN', '', #1827, #1076 ) ;
#3432 = EDGE_CURVE ( 'NONE', #4394, #4837, #1169, .T. ) ;
#3433 = PLANE ( 'NONE',  #2669 ) ;
#3434 = DIRECTION ( 'NONE',  ( 0.000000000000000000, 1.000000000000000000, 0.000000000000000000 ) ) ;
#3435 = VERTEX_POINT ( 'NONE', #3687 ) ;
#3436 = CARTESIAN_POINT ( 'NONE',  ( -2.540000000000000036, 7.045076938641807729, 4.048845564814140374 ) ) ;
#3437 = ORIENTED_EDGE ( 'NONE', *, *, #2187, .T. ) ;
#3438 = CARTESIAN_POINT ( 'NONE',  ( -2.540000000000000036, -7.343000660216570274, 0.4203214558487857189 ) ) ;
#3439 = CARTESIAN_POINT ( 'NONE',  ( -2.540000000000000036, -6.818923076923075755, -2.406894230769228482 ) ) ;
#3440 = CARTESIAN_POINT ( 'NONE',  ( -0.1269999999999973372, 0.000000000000000000, 0.000000000000000000 ) ) ;
#3441 = ADVANCED_FACE ( 'NONE', ( #1940 ), #2910, .F. ) ;
#3442 = CARTESIAN_POINT ( 'NONE',  ( -2.540000000000000036, -9.251164545810969031, 1.435690317761418866 ) ) ;
#3443 = ORIENTED_EDGE ( 'NONE', *, *, #4543, .T. ) ;
#3444 = CARTESIAN_POINT ( 'NONE',  ( -2.540000000000000036, -8.605166798596433964, -1.073391949966832737 ) ) ;
#3445 = CARTESIAN_POINT ( 'NONE',  ( -2.540000000000000036, -8.922056865759802946, -0.1174313065988949745 ) ) ;
#3446 = ORIENTED_EDGE ( 'NONE', *, *, #3365, .F. ) ;
#3447 = CARTESIAN_POINT ( 'NONE',  ( -2.540000000000000036, -8.175972660142821979, -0.3889857214730906287 ) ) ;
#3448 = CARTESIAN_POINT ( 'NONE',  ( -2.540000000000000036, 7.780932078704517529, -0.3551879271714343256 ) ) ;
#3449 = CARTESIAN_POINT ( 'NONE',  ( -2.540000000000000036, -8.938770928858490450, 2.761360520361888060 ) ) ;
#3450 = CARTESIAN_POINT ( 'NONE',  ( -5.322435762069739423E-16, 0.000000000000000000, 0.000000000000000000 ) ) ;
#3451 = COORDINATED_UNIVERSAL_TIME_OFFSET ( 5, 0, .BEHIND. ) ;
#3452 = ORIENTED_EDGE ( 'NONE', *, *, #4485, .T. ) ;
#3453 = AXIS2_PLACEMENT_3D ( 'NONE', #3485, #3845, #1615 ) ;
#3454 = VERTEX_POINT ( 'NONE', #1883 ) ;
#3455 = CARTESIAN_POINT ( 'NONE',  ( -2.540000000000000036, 7.095637227952268589, 4.916420152804274579 ) ) ;
#3456 = CARTESIAN_POINT ( 'NONE',  ( -2.540000000000000036, -6.602243314534405272, -2.075552211351978649 ) ) ;
#3457 = CARTESIAN_POINT ( 'NONE',  ( -2.540000000000000036, 7.456722366464901164, 3.492710636446365591 ) ) ;
#3458 = PRODUCT ( 'TTN164142', 'TTN164142', '', ( #951 ) ) ;
#3459 = VERTEX_POINT ( 'NONE', #2554 ) ;
#3460 = DIRECTION ( 'NONE',  ( 0.000000000000000000, 0.000000000000000000, -1.000000000000000000 ) ) ;
#3461 = EDGE_CURVE ( 'NONE', #2494, #1386, #3120, .T. ) ;
#3462 = CARTESIAN_POINT ( 'NONE',  ( -2.540000000000000036, -8.773529598346664571, -1.091180031087924496 ) ) ;
#3463 = VECTOR ( 'NONE', #3004, 1000.000000000000000 ) ;
#3464 = CARTESIAN_POINT ( 'NONE',  ( -2.540000000000000036, -9.607615086893062539, -0.3608537079651433221 ) ) ;
#3465 = ORIENTED_EDGE ( 'NONE', *, *, #1227, .T. ) ;
#3466 = CARTESIAN_POINT ( 'NONE',  ( -2.540000000000000036, 7.187860337606116090, 3.573444287899405936 ) ) ;
#3467 = CARTESIAN_POINT ( 'NONE',  ( -2.540000000000000036, -7.555558323854322467, 1.444968799180171182 ) ) ;
#3468 = CARTESIAN_POINT ( 'NONE',  ( -2.540000000000000036, -7.378086452801218442, -0.4065304049159890742 ) ) ;
#3469 = AXIS2_PLACEMENT_3D ( 'NONE', #2062, #2457, #1707 ) ;
#3470 = ADVANCED_FACE ( 'NONE', ( #3644 ), #2971, .F. ) ;
#3471 = CARTESIAN_POINT ( 'NONE',  ( -2.540000000000000036, -6.630979394423884621, -2.081071780133402438 ) ) ;
#3472 = VECTOR ( 'NONE', #4119, 1000.000000000000000 ) ;
#3473 = ORIENTED_EDGE ( 'NONE', *, *, #115, .T. ) ;
#3474 = CARTESIAN_POINT ( 'NONE',  ( -2.540000000000000036, -9.489454197098215360, -1.718437462828968698 ) ) ;
#3475 = DIRECTION ( 'NONE',  ( 1.000000000000000000, 0.000000000000000000, 0.000000000000000000 ) ) ;
#3476 = EDGE_CURVE ( 'NONE', #4658, #2143, #801, .T. ) ;
#3477 = CARTESIAN_POINT ( 'NONE',  ( -2.540000000000000036, 6.370052852164888257, -2.067847178581395884 ) ) ;
#3478 = EDGE_CURVE ( 'NONE', #3657, #2092, #1931, .T. ) ;
#3479 = ORIENTED_EDGE ( 'NONE', *, *, #412, .T. ) ;
#3480 = CARTESIAN_POINT ( 'NONE',  ( -2.540000000000000036, -6.798163461538459629, 2.149230769230770388 ) ) ;
#3481 = B_SPLINE_CURVE_WITH_KNOTS ( 'NONE', 3,
 ( #4815, #1474, #2563, #698 ),
 .UNSPECIFIED., .F., .F.,
 ( 4, 4 ),
 ( 20.00000000000000000, 21.00000000000000000 ),
 .UNSPECIFIED. ) ;
#3482 = CALENDAR_DATE ( 2021, 12, 4 ) ;
#3483 = VECTOR ( 'NONE', #4064, 1000.000000000000000 ) ;
#3484 = AXIS2_PLACEMENT_3D ( 'NONE', #1062, #353, #3723 ) ;
#3485 = CARTESIAN_POINT ( 'NONE',  ( -2.540000000000000036, 4.775199999999999889, 0.000000000000000000 ) ) ;
#3486 = CARTESIAN_POINT ( 'NONE',  ( -2.540000000000000036, -6.670505143693344685, -1.871805630360859674 ) ) ;
#3487 = ORIENTED_EDGE ( 'NONE', *, *, #3716, .F. ) ;
#3488 = CARTESIAN_POINT ( 'NONE',  ( -2.540000000000000036, 6.460281616494324197, 1.952179879569470256 ) ) ;
#3489 = FACE_BOUND ( 'NONE', #3217, .T. ) ;
#3490 = PLANE ( 'NONE',  #1313 ) ;
#3491 = ORIENTED_EDGE ( 'NONE', *, *, #3023, .F. ) ;
#3492 = CARTESIAN_POINT ( 'NONE',  ( -2.540000000000000036, -6.994769230769228407, -2.401093749999998028 ) ) ;
#3493 = EDGE_LOOP ( 'NONE', ( #2082, #3409, #2061, #3140 ) ) ;
#3494 = CARTESIAN_POINT ( 'NONE',  ( -2.540000000000000036, 6.329281011760307329, 5.221910107225780528 ) ) ;
#3495 = ORIENTED_EDGE ( 'NONE', *, *, #3461, .T. ) ;
#3496 = ADVANCED_FACE ( 'NONE', ( #886 ), #4756, .T. ) ;
#3497 = CARTESIAN_POINT ( 'NONE',  ( -2.540000000000000036, -8.891221153846149861, 3.402134615384615035 ) ) ;
#3498 = ORIENTED_EDGE ( 'NONE', *, *, #4576, .F. ) ;
#3499 = CC_DESIGN_PERSON_AND_ORGANIZATION_ASSIGNMENT ( #1983, #4274, ( #4525 ) ) ;
#3500 = EDGE_CURVE ( 'NONE', #943, #2338, #2581, .T. ) ;
#3501 = CARTESIAN_POINT ( 'NONE',  ( -2.398232558139534287, 5.536873108305013435E-16, -4.521200000000000330 ) ) ;
#3502 = DIRECTION ( 'NONE',  ( -1.000000000000000000, -0.000000000000000000, -0.000000000000000000 ) ) ;
#3503 = B_SPLINE_CURVE_WITH_KNOTS ( 'NONE', 3,
 ( #1873, #757, #4870, #1857 ),
 .UNSPECIFIED., .F., .F.,
 ( 4, 4 ),
 ( 30.00000000000000000, 31.00000000000000000 ),
 .UNSPECIFIED. ) ;
#3504 = VERTEX_POINT ( 'NONE', #1123 ) ;
#3505 = APPLICATION_PROTOCOL_DEFINITION ( 'international standard', 'config_control_design', 1994, #539 ) ;
#3506 = CARTESIAN_POINT ( 'NONE',  ( -2.540000000000000036, -6.867769230769229516, -0.2930769230769225131 ) ) ;
#3507 = CARTESIAN_POINT ( 'NONE',  ( -2.540000000000000036, -7.448321935174077701, -0.08767769458234214719 ) ) ;
#3508 = DIRECTION ( 'NONE',  ( -1.000000000000000000, -0.000000000000000000, -0.000000000000000000 ) ) ;
#3509 = CARTESIAN_POINT ( 'NONE',  ( -2.540000000000000036, -6.243702921124205218, -1.952324981659970149 ) ) ;
#3510 = ORIENTED_EDGE ( 'NONE', *, *, #958, .T. ) ;
#3511 = DIRECTION ( 'NONE',  ( 0.000000000000000000, 0.000000000000000000, -1.000000000000000000 ) ) ;
#3512 = COORDINATED_UNIVERSAL_TIME_OFFSET ( 5, 0, .BEHIND. ) ;
#3513 = VERTEX_POINT ( 'NONE', #3339 ) ;
#3514 = B_SPLINE_CURVE_WITH_KNOTS ( 'NONE', 3,
 ( #2746, #513, #184, #541 ),
 .UNSPECIFIED., .F., .F.,
 ( 4, 4 ),
 ( 8.000000000000000000, 9.000000000000000000 ),
 .UNSPECIFIED. ) ;
#3515 = CARTESIAN_POINT ( 'NONE',  ( -2.540000000000000036, -8.422439511821378844, -1.565702625086723643 ) ) ;
#3516 = CARTESIAN_POINT ( 'NONE',  ( -2.540000000000000036, -8.578242933368322554, -0.1427256748414784115 ) ) ;
#3517 = SHAPE_DEFINITION_REPRESENTATION ( #3985, #2425 ) ;
#3518 = ORIENTED_EDGE ( 'NONE', *, *, #508, .F. ) ;
#3519 = CARTESIAN_POINT ( 'NONE',  ( -2.540000000000000036, 7.321712055832044541, 4.538381385424625769 ) ) ;
#3520 = VERTEX_POINT ( 'NONE', #4377 ) ;
#3521 = ADVANCED_FACE ( 'NONE', ( #4631 ), #170, .T. ) ;
#3522 = APPLICATION_CONTEXT ( 'configuration controlled 3d designs of mechanical parts and assemblies' ) ;
#3523 = AXIS2_PLACEMENT_3D ( 'NONE', #2945, #4032, #3678 ) ;
#3524 = VERTEX_POINT ( 'NONE', #1402 ) ;
#3525 = CARTESIAN_POINT ( 'NONE',  ( -2.540000000000000036, 6.606561156431423498, -0.1062040970750827984 ) ) ;
#3526 = CARTESIAN_POINT ( 'NONE',  ( -2.540000000000000036, -7.226557828553032081, -0.2614635389887465244 ) ) ;
#3527 = PRODUCT_DEFINITION_SHAPE ( 'NONE', 'NONE',  #4880 ) ;
#3528 = ORIENTED_EDGE ( 'NONE', *, *, #4495, .F. ) ;
#3529 = CARTESIAN_POINT ( 'NONE',  ( -0.1269999999999973372, 0.000000000000000000, 0.000000000000000000 ) ) ;
#3530 = VERTEX_POINT ( 'NONE', #673 ) ;
#3531 = VECTOR ( 'NONE', #1497, 1000.000000000000000 ) ;
#3532 = DIRECTION ( 'NONE',  ( 0.000000000000000000, 0.000000000000000000, 1.000000000000000000 ) ) ;
#3533 = CARTESIAN_POINT ( 'NONE',  ( -2.540000000000000036, 6.884975617092831790, 0.9774036922507675085 ) ) ;
#3534 = APPROVAL ( #3883, 'UNSPECIFIED' ) ;
#3535 = EDGE_CURVE ( 'NONE', #2099, #3786, #2811, .T. ) ;
#3536 = VERTEX_POINT ( 'NONE', #626 ) ;
#3537 = CARTESIAN_POINT ( 'NONE',  ( -2.540000000000000036, 7.499281451077249194, 5.436554122790566268 ) ) ;
#3538 = CIRCLE ( 'NONE', #2008, 4.775199999999999889 ) ;
#3539 = VERTEX_POINT ( 'NONE', #1000 ) ;
#3540 = CARTESIAN_POINT ( 'NONE',  ( -2.540000000000000036, 8.151791797739678103, 0.9758480639328647177 ) ) ;
#3541 = CARTESIAN_POINT ( 'NONE',  ( -2.540000000000000036, -6.944013532449218928, -2.090382953566224167 ) ) ;
#3542 = CARTESIAN_POINT ( 'NONE',  ( -2.540000000000000036, -7.064957246806637059, -0.4804677165698147401 ) ) ;
#3543 = PERSON_AND_ORGANIZATION_ROLE ( 'creator' ) ;
#3544 = APPROVAL ( #2073, 'UNKNOWN' ) ;
#3545 = LINE ( 'NONE', #4053, #1357 ) ;
#3546 = ORIENTED_EDGE ( 'NONE', *, *, #2794, .F. ) ;
#3547 = CARTESIAN_POINT ( 'NONE',  ( 0.01250000000000000590, 0.05000000000000000278, -4.381249999999999645 ) ) ;
#3548 = CARTESIAN_POINT ( 'NONE',  ( -2.540000000000000036, -6.515633339088009457, -1.856631363710629756 ) ) ;
#3549 = CARTESIAN_POINT ( 'NONE',  ( -2.540000000000000036, -6.376254807692306237, -0.2048485576923071982 ) ) ;
#3550 = EDGE_CURVE ( 'NONE', #1763, #3102, #2109, .T. ) ;
#3551 = ORIENTED_EDGE ( 'NONE', *, *, #3332, .T. ) ;
#3552 = DIRECTION ( 'NONE',  ( 0.000000000000000000, -0.001227981745713068720, -0.9999992460301319053 ) ) ;
#3553 = CARTESIAN_POINT ( 'NONE',  ( -2.540000000000000036, -8.745561661991031244, -0.1218850860643065082 ) ) ;
#3554 = CARTESIAN_POINT ( 'NONE',  ( 0.000000000000000000, 0.05000000000000000278, 1.500000000000000222 ) ) ;
#3555 = AXIS2_PLACEMENT_3D ( 'NONE', #4443, #2197, #1463 ) ;
#3556 = CARTESIAN_POINT ( 'NONE',  ( -2.540000000000000036, -8.518769230769228429, 2.430706730769230273 ) ) ;
#3557 = CARTESIAN_POINT ( 'NONE',  ( -2.540000000000000036, -6.893928700196516601, -2.006321446161686950 ) ) ;
#3558 = CIRCLE ( 'NONE', #346, 0.2750000000000000777 ) ;
#3559 = EDGE_CURVE ( 'NONE', #4266, #3571, #4558, .T. ) ;
#3560 = APPROVAL_STATUS ( 'not_yet_approved' ) ;
#3561 = CARTESIAN_POINT ( 'NONE',  ( -2.540000000000000036, 4.775199999999999889, 0.000000000000000000 ) ) ;
#3562 = CARTESIAN_POINT ( 'NONE',  ( -2.540000000000000036, -8.303846153846151878, -0.6078293269230757856 ) ) ;
#3563 = EDGE_LOOP ( 'NONE', ( #4693, #3210, #1082, #2988, #4565, #4487, #45, #1586, #3867, #1467, #3380, #3604, #463, #1912, #442, #4762 ) ) ;
#3564 = CARTESIAN_POINT ( 'NONE',  ( -0.01249999999999963987, 0.05000000000000000278, -1.881250000000000089 ) ) ;
#3565 = CARTESIAN_POINT ( 'NONE',  ( -2.540000000000000036, -6.113734944926881631, -2.185976127336746622 ) ) ;
#3566 = VERTEX_POINT ( 'NONE', #2895 ) ;
#3567 = EDGE_CURVE ( 'NONE', #4136, #2215, #2224, .T. ) ;
#3568 = CARTESIAN_POINT ( 'NONE',  ( -2.540000000000000036, 7.350856638085529582, 4.392761509929139940 ) ) ;
#3569 = CARTESIAN_POINT ( 'NONE',  ( -2.540000000000000036, -9.065353556731652773, -0.8943240409026586013 ) ) ;
#3570 = DIRECTION ( 'NONE',  ( 0.000000000000000000, 0.000000000000000000, 1.000000000000000000 ) ) ;
#3571 = VERTEX_POINT ( 'NONE', #717 ) ;
#3572 = ORIENTED_EDGE ( 'NONE', *, *, #4609, .T. ) ;
#3573 = EDGE_CURVE ( 'NONE', #1820, #1204, #3931, .T. ) ;
#3574 = CARTESIAN_POINT ( 'NONE',  ( -2.540000000000000036, 7.639370821174638948, 5.047019149436295926 ) ) ;
#3575 = CARTESIAN_POINT ( 'NONE',  ( -2.540000000000000036, -6.977018523270684724, -2.197746056967100348 ) ) ;
#3576 = B_SPLINE_CURVE_WITH_KNOTS ( 'NONE', 3,
 ( #4113, #4524, #1128, #4097, #796, #149, #894, #1549, #2001, #3515, #2755, #2370, #130, #3022, #1926, #1261, #4271, #929, #2294 ),
 .UNSPECIFIED., .F., .F.,
 ( 4, 1, 1, 1, 1, 1, 1, 1, 1, 1, 1, 1, 1, 1, 1, 1, 4 ),
 ( 0.000000000000000000, 0.1156291309254423166, 0.2215410391198771867, 0.3170478562190425786, 0.4031508756396166016, 0.4801812167162793354, 0.5476493661481905972, 0.6070358428421812613, 0.6586524080635078882, 0.7057228903536455489, 0.7498040879796465941, 0.7925868153452753084, 0.8338739610102602340, 0.8747683933034328119, 0.9152226988916385420, 0.9568807037304800645, 1.000000000000000000 ),
 .UNSPECIFIED. ) ;
#3577 = DIRECTION ( 'NONE',  ( 0.000000000000000000, 0.000000000000000000, 1.000000000000000000 ) ) ;
#3578 = PERSON_AND_ORGANIZATION_ROLE ( 'creator' ) ;
#3579 = ORIENTED_EDGE ( 'NONE', *, *, #2897, .T. ) ;
#3580 = CARTESIAN_POINT ( 'NONE',  ( -2.540000000000000036, -9.648124016678101711, 1.304562205750647630 ) ) ;
#3581 = CARTESIAN_POINT ( 'NONE',  ( -2.540000000000000036, -9.429416435779440775, 1.004985628242584417 ) ) ;
#3582 = CARTESIAN_POINT ( 'NONE',  ( -2.540000000000000036, 7.652443044910192782, 4.060964772084330932 ) ) ;
#3583 = CARTESIAN_POINT ( 'NONE',  ( -2.540000000000000036, -9.619451815286906182, 0.9991460503731470766 ) ) ;
#3584 = EDGE_CURVE ( 'NONE', #2551, #4221, #1104, .T. ) ;
#3585 = LOCAL_TIME ( 16, 0, 1.000000000000000000, #3451 ) ;
#3586 = EDGE_LOOP ( 'NONE', ( #3057, #1134, #4505, #3087 ) ) ;
#3587 = DIRECTION ( 'NONE',  ( 0.000000000000000000, 0.000000000000000000, 1.000000000000000000 ) ) ;
#3588 = LINE ( 'NONE', #3466, #3751 ) ;
#3589 = ORIENTED_EDGE ( 'NONE', *, *, #2815, .F. ) ;
#3590 = ORIENTED_EDGE ( 'NONE', *, *, #2293, .T. ) ;
#3591 = CARTESIAN_POINT ( 'NONE',  ( 0.000000000000000000, 0.000000000000000000, 0.000000000000000000 ) ) ;
#3592 = VECTOR ( 'NONE', #1526, 1000.000000000000114 ) ;
#3593 = LINE ( 'NONE', #4808, #4455 ) ;
#3594 = CARTESIAN_POINT ( 'NONE',  ( 0.000000000000000000, 0.05000000000000000278, 0.000000000000000000 ) ) ;
#3595 = CARTESIAN_POINT ( 'NONE',  ( -2.540000000000000036, -6.783980065153137673, -0.2921023049670620209 ) ) ;
#3596 = CARTESIAN_POINT ( 'NONE',  ( -2.540000000000000036, 7.537487032549811339, 3.833920671085488507 ) ) ;
#3597 = CARTESIAN_POINT ( 'NONE',  ( -2.540000000000000036, 8.065621270827531220, 2.546546676592672753 ) ) ;
#3598 = DIRECTION ( 'NONE',  ( 0.000000000000000000, 0.000000000000000000, 1.000000000000000000 ) ) ;
#3599 = CARTESIAN_POINT ( 'NONE',  ( -2.540000000000000036, -9.651999999999997470, 2.757365384615384052 ) ) ;
#3600 = ORIENTED_EDGE ( 'NONE', *, *, #4022, .F. ) ;
#3601 = B_SPLINE_CURVE_WITH_KNOTS ( 'NONE', 3,
 ( #1872, #4563, #3455, #1206 ),
 .UNSPECIFIED., .F., .F.,
 ( 4, 4 ),
 ( 0.000000000000000000, 1.000000000000000000 ),
 .UNSPECIFIED. ) ;
#3602 = CARTESIAN_POINT ( 'NONE',  ( -2.540000000000000036, 6.873973184402070835, 4.505361358439897046 ) ) ;
#3603 = EDGE_CURVE ( 'NONE', #2957, #150, #1343, .T. ) ;
#3604 = ORIENTED_EDGE ( 'NONE', *, *, #310, .F. ) ;
#3605 = CARTESIAN_POINT ( 'NONE',  ( -2.540000000000000036, -6.705456242021568869, 1.460838559738270481 ) ) ;
#3606 = ORGANIZATION ( 'NAUO-ORG1', 'UNSPECIFIED', 'UNSPECIFIED' ) ;
#3607 = DIRECTION ( 'NONE',  ( 0.000000000000000000, -0.9999875528078735476, 0.004989411720880843754 ) ) ;
#3608 = SECURITY_CLASSIFICATION_LEVEL ( 'unclassified' ) ;
#3609 = EDGE_CURVE ( 'NONE', #3504, #663, #3106, .T. ) ;
#3610 = LINE ( 'NONE', #147, #2601 ) ;
#3611 = CARTESIAN_POINT ( 'NONE',  ( -2.540000000000000036, -6.458597695144944417, -0.2446054650936547725 ) ) ;
#3612 = DIRECTION ( 'NONE',  ( 0.000000000000000000, 0.000000000000000000, -1.000000000000000000 ) ) ;
#3613 = ORIENTED_EDGE ( 'NONE', *, *, #3794, .F. ) ;
#3614 = CARTESIAN_POINT ( 'NONE',  ( -2.540000000000000036, -6.367988198145209999, 0.9741293734607174848 ) ) ;
#3615 = CARTESIAN_POINT ( 'NONE',  ( -2.540000000000000036, 8.146247178372812314, -2.620338790336058654 ) ) ;
#3616 = CARTESIAN_POINT ( 'NONE',  ( -2.540000000000000036, -6.272184745740022827, 0.008572742848284062300 ) ) ;
#3617 = VERTEX_POINT ( 'NONE', #2267 ) ;
#3618 = CARTESIAN_POINT ( 'NONE',  ( -2.540000000000000036, 7.719607280104298752, 2.366423100429259740 ) ) ;
#3619 = CARTESIAN_POINT ( 'NONE',  ( -2.540000000000000036, -6.839066927329356282, 1.465199589570868266 ) ) ;
#3620 = CARTESIAN_POINT ( 'NONE',  ( -2.540000000000000036, 7.536189457891851795, 3.573858247018710355 ) ) ;
#3621 = CARTESIAN_POINT ( 'NONE',  ( -2.540000000000000036, 6.811869438728758830, 5.288475717610641169 ) ) ;
#3622 = CARTESIAN_POINT ( 'NONE',  ( -2.540000000000000036, -9.408359113174267208, -0.7932340078656600069 ) ) ;
#3623 = EDGE_LOOP ( 'NONE', ( #2748, #4248, #3443, #565, #4067 ) ) ;
#3624 = PERSON_AND_ORGANIZATION_ROLE ( 'classification_officer' ) ;
#3625 = CARTESIAN_POINT ( 'NONE',  ( -2.540000000000000036, 6.885732714684636768, 1.593941375828132223 ) ) ;
#3626 = CARTESIAN_POINT ( 'NONE',  ( -2.540000000000000036, -9.401101044977920651, 0.9807006786956826705 ) ) ;
#3627 = CARTESIAN_POINT ( 'NONE',  ( -2.540000000000000036, -9.004483173076922142, 0.9183076923076926024 ) ) ;
#3628 = CARTESIAN_POINT ( 'NONE',  ( -2.540000000000000036, -6.285957567343314345, 1.083415906524219707 ) ) ;
#3629 = VERTEX_POINT ( 'NONE', #1553 ) ;
#3630 = CARTESIAN_POINT ( 'NONE',  ( -2.540000000000000036, -6.803943856243768629, 0.6844285502267292154 ) ) ;
#3631 = EDGE_CURVE ( 'NONE', #2977, #3454, #164, .T. ) ;
#3632 = ORIENTED_EDGE ( 'NONE', *, *, #563, .T. ) ;
#3633 = DIRECTION ( 'NONE',  ( 0.000000000000000000, -0.000000000000000000, 1.000000000000000000 ) ) ;
#3634 = DIRECTION ( 'NONE',  ( -1.000000000000000000, -0.000000000000000000, -0.000000000000000000 ) ) ;
#3635 = ORIENTED_EDGE ( 'NONE', *, *, #3837, .F. ) ;
#3636 = ORIENTED_EDGE ( 'NONE', *, *, #1196, .T. ) ;
#3637 = DATE_AND_TIME ( #1215, #2214 ) ;
#3638 = PERSON_AND_ORGANIZATION_ROLE ( 'classification_officer' ) ;
#3639 = ORIENTED_EDGE ( 'NONE', *, *, #4353, .T. ) ;
#3640 = CARTESIAN_POINT ( 'NONE',  ( -2.540000000000000036, -9.512159646833602267, -1.431858748590082664 ) ) ;
#3641 = CARTESIAN_POINT ( 'NONE',  ( -2.540000000000000036, -9.007536057692306031, 1.445846153846154003 ) ) ;
#3642 = ORIENTED_EDGE ( 'NONE', *, *, #2503, .F. ) ;
#3643 = CARTESIAN_POINT ( 'NONE',  ( -2.540000000000000036, 6.881751233268240675, 4.127761482654845437 ) ) ;
#3644 = FACE_OUTER_BOUND ( 'NONE', #4604, .T. ) ;
#3645 = CARTESIAN_POINT ( 'NONE',  ( -2.540000000000000036, 6.852457565216916180, 5.139083114961330523 ) ) ;
#3646 = AXIS2_PLACEMENT_3D ( 'NONE', #52, #2679, #437 ) ;
#3647 = LINE ( 'NONE', #861, #2695 ) ;
#3648 = CARTESIAN_POINT ( 'NONE',  ( -2.540000000000000036, -6.271846153846150962, 1.170170673076924128 ) ) ;
#3649 = CARTESIAN_POINT ( 'NONE',  ( -2.540000000000000036, -6.897081426135487803, 1.465193469402658488 ) ) ;
#3650 = LINE ( 'NONE', #2484, #895 ) ;
#3651 = AXIS2_PLACEMENT_3D ( 'NONE', #3362, #3741, #4869 ) ;
#3652 = LINE ( 'NONE', #852, #3699 ) ;
#3653 = ORIENTED_EDGE ( 'NONE', *, *, #3674, .T. ) ;
#3654 = CARTESIAN_POINT ( 'NONE',  ( -2.540000000000000036, 7.498180551131855331, -4.027209336245686444 ) ) ;
#3655 = CARTESIAN_POINT ( 'NONE',  ( -2.540000000000000036, -6.277619608749335001, 1.111032590120754726 ) ) ;
#3656 = CIRCLE ( 'NONE', #89, 0.05000000000000000278 ) ;
#3657 = VERTEX_POINT ( 'NONE', #2600 ) ;
#3658 = LOCAL_TIME ( 16, 0, 1.000000000000000000, #2068 ) ;
#3659 = CARTESIAN_POINT ( 'NONE',  ( -2.540000000000000036, -9.627576923076921034, 1.341132211538461849 ) ) ;
#3660 = AXIS2_PLACEMENT_3D ( 'NONE', #3207, #1657, #3957 ) ;
#3661 = ADVANCED_FACE ( 'NONE', ( #1818 ), #3759, .F. ) ;
#3662 = VERTEX_POINT ( 'NONE', #2666 ) ;
#3663 = CARTESIAN_POINT ( 'NONE',  ( -2.540000000000000036, -8.710690014928532676, 3.101900549025001563 ) ) ;
#3664 = CARTESIAN_POINT ( 'NONE',  ( -2.540000000000000036, -7.457454197098217996, 1.231870229478724044 ) ) ;
#3665 = PERSON_AND_ORGANIZATION_ROLE ( 'design_owner' ) ;
#3666 = CARTESIAN_POINT ( 'NONE',  ( -2.540000000000000036, -8.695016501687351962, 2.362071353693681264 ) ) ;
#3667 = ORIENTED_EDGE ( 'NONE', *, *, #1161, .T. ) ;
#3668 = B_SPLINE_CURVE_WITH_KNOTS ( 'NONE', 3,
 ( #3000, #1847, #3715, #3353, #1088, #4848, #4496, #1137, #702, #3318, #3762 ),
 .UNSPECIFIED., .F., .F.,
 ( 4, 1, 1, 1, 1, 1, 1, 1, 4 ),
 ( 0.000000000000000000, 0.1379032299933930505, 0.2688733426002933857, 0.3951781273461132948, 0.5170892381308874741, 0.6367430265135474166, 0.7562218164637958262, 0.8766283594636797849, 1.000000000000000000 ),
 .UNSPECIFIED. ) ;
#3669 = LINE ( 'NONE', #143, #2254 ) ;
#3670 = CARTESIAN_POINT ( 'NONE',  ( -2.540000000000000036, -9.342649406773611886, -1.038224971427492704 ) ) ;
#3671 = DIRECTION ( 'NONE',  ( 1.000000000000000000, 0.000000000000000000, 0.000000000000000000 ) ) ;
#3672 = ORIENTED_EDGE ( 'NONE', *, *, #3349, .F. ) ;
#3673 = VERTEX_POINT ( 'NONE', #3028 ) ;
#3674 = EDGE_CURVE ( 'NONE', #4692, #3351, #3983, .T. ) ;
#3675 = VERTEX_POINT ( 'NONE', #4137 ) ;
#3676 = CARTESIAN_POINT ( 'NONE',  ( -0.6349999999999988987, 0.000000000000000000, 4.521200000000000330 ) ) ;
#3677 = CARTESIAN_POINT ( 'NONE',  ( 0.000000000000000000, 0.000000000000000000, 0.000000000000000000 ) ) ;
#3678 = DIRECTION ( 'NONE',  ( 0.000000000000000000, 0.000000000000000000, -1.000000000000000000 ) ) ;
#3679 = CARTESIAN_POINT ( 'NONE',  ( -2.540000000000000036, 6.373049938803104553, 0.3728115600126628015 ) ) ;
#3680 = CARTESIAN_POINT ( 'NONE',  ( -2.540000000000000036, -7.274619554010455680, 0.2469751733855825582 ) ) ;
#3681 = APPROVAL ( #570, 'UNSPECIFIED' ) ;
#3682 = ORIENTED_EDGE ( 'NONE', *, *, #195, .T. ) ;
#3683 = EDGE_CURVE ( 'NONE', #1111, #1789, #2771, .T. ) ;
#3684 = LOCAL_TIME ( 16, 0, 1.000000000000000000, #2917 ) ;
#3685 = CARTESIAN_POINT ( 'NONE',  ( -2.540000000000000036, 7.779587697429561466, 5.068939938850868465 ) ) ;
#3686 = ORIENTED_EDGE ( 'NONE', *, *, #945, .F. ) ;
#3687 = CARTESIAN_POINT ( 'NONE',  ( 6.123233995736766344E-18, 0.05000000000000000278, -0.05000000000000000278 ) ) ;
#3688 = CARTESIAN_POINT ( 'NONE',  ( -2.540000000000000036, -8.695604601130268563, 3.047215051590837387 ) ) ;
#3689 = ORIENTED_EDGE ( 'NONE', *, *, #2170, .T. ) ;
#3690 = VERTEX_POINT ( 'NONE', #1538 ) ;
#3691 = B_SPLINE_CURVE_WITH_KNOTS ( 'NONE', 3,
 ( #2499, #1749, #2057, #3611, #2857, #588, #971, #621, #3595, #3183, #1734 ),
 .UNSPECIFIED., .F., .F.,
 ( 4, 1, 1, 1, 1, 1, 1, 1, 4 ),
 ( 0.000000000000000000, 0.08388811327954552588, 0.1771540327539700976, 0.2825136355617222650, 0.3993998606601638635, 0.5294908061912193542, 0.6728021776758325023, 0.8295357616196686878, 1.000000000000000000 ),
 .UNSPECIFIED. ) ;
#3692 = LINE ( 'NONE', #819, #4224 ) ;
#3693 = CARTESIAN_POINT ( 'NONE',  ( -2.540000000000000036, -6.839068918993300272, 0.8795646052752016386 ) ) ;
#3694 = FACE_OUTER_BOUND ( 'NONE', #2048, .T. ) ;
#3695 = CARTESIAN_POINT ( 'NONE',  ( -2.540000000000000036, 7.343790842438876254, 4.234762389185649845 ) ) ;
#3696 = EDGE_CURVE ( 'NONE', #3944, #2454, #4709, .T. ) ;
#3697 = ORIENTED_EDGE ( 'NONE', *, *, #3771, .T. ) ;
#3698 = CARTESIAN_POINT ( 'NONE',  ( -2.540000000000000036, -8.900379807692305079, -2.266461538461537639 ) ) ;
#3699 = VECTOR ( 'NONE', #3776, 1000.000000000000000 ) ;
#3700 = DIRECTION ( 'NONE',  ( 1.000000000000000000, 0.000000000000000000, 0.000000000000000000 ) ) ;
#3701 = DIRECTION ( 'NONE',  ( -0.000000000000000000, 0.001227981745711171583, 0.9999992460301319053 ) ) ;
#3702 = FACE_OUTER_BOUND ( 'NONE', #2045, .T. ) ;
#3703 = CARTESIAN_POINT ( 'NONE',  ( -2.398232558139534287, 0.000000000000000000, 0.000000000000000000 ) ) ;
#3704 = EDGE_LOOP ( 'NONE', ( #2636, #3928, #1162, #3590, #87, #312, #2031, #3230 ) ) ;
#3705 = DIRECTION ( 'NONE',  ( 0.000000000000000000, 0.000000000000000000, 1.000000000000000000 ) ) ;
#3706 = CARTESIAN_POINT ( 'NONE',  ( -2.540000000000000036, -6.590469745547093083, -1.387777351840294937 ) ) ;
#3707 = LOCAL_TIME ( 16, 0, 1.000000000000000000, #4532 ) ;
#3708 = EDGE_CURVE ( 'NONE', #2985, #2867, #4287, .T. ) ;
#3709 = ORIENTED_EDGE ( 'NONE', *, *, #1235, .F. ) ;
#3710 = CARTESIAN_POINT ( 'NONE',  ( -2.540000000000000036, 6.757532526742338064, 5.036395624944596250 ) ) ;
#3711 = CARTESIAN_POINT ( 'NONE',  ( -2.540000000000000036, -8.464427884615384201, -2.950307692307692076 ) ) ;
#3712 = PERSON_AND_ORGANIZATION ( #2323, #4393 ) ;
#3713 = FACE_OUTER_BOUND ( 'NONE', #1251, .T. ) ;
#3714 = ORIENTED_EDGE ( 'NONE', *, *, #1259, .F. ) ;
#3715 = CARTESIAN_POINT ( 'NONE',  ( -2.540000000000000036, -9.670055551688989226, -1.829986226138109018 ) ) ;
#3716 = EDGE_CURVE ( 'NONE', #1543, #3259, #424, .T. ) ;
#3717 = CARTESIAN_POINT ( 'NONE',  ( -2.540000000000000036, -7.527800814606482760, 0.8631390929855873306 ) ) ;
#3718 = CARTESIAN_POINT ( 'NONE',  ( -2.540000000000000036, -7.639538461538458947, 1.172307692307693383 ) ) ;
#3719 = ORIENTED_EDGE ( 'NONE', *, *, #96, .T. ) ;
#3720 = CARTESIAN_POINT ( 'NONE',  ( 0.000000000000000000, 0.05000000000000000278, 0.000000000000000000 ) ) ;
#3721 = DIRECTION ( 'NONE',  ( 0.000000000000000000, 0.6427876096865280386, 0.7660444431189875614 ) ) ;
#3722 = ORIENTED_EDGE ( 'NONE', *, *, #1135, .T. ) ;
#3723 = DIRECTION ( 'NONE',  ( 0.000000000000000000, 0.000000000000000000, -1.000000000000000000 ) ) ;
#3724 = CARTESIAN_POINT ( 'NONE',  ( -2.540000000000000036, -6.583717116072666187, 0.4699411455657187542 ) ) ;
#3725 = CARTESIAN_POINT ( 'NONE',  ( -2.540000000000000036, -6.476999999999999424, -1.523999999999999355 ) ) ;
#3726 = B_SPLINE_CURVE_WITH_KNOTS ( 'NONE', 3,
 ( #1708, #3942, #2094, #3904 ),
 .UNSPECIFIED., .F., .F.,
 ( 4, 4 ),
 ( 1.000000000000000000, 2.000000000000000000 ),
 .UNSPECIFIED. ) ;
#3727 = ORIENTED_EDGE ( 'NONE', *, *, #3728, .T. ) ;
#3728 = EDGE_CURVE ( 'NONE', #2779, #4649, #3652, .T. ) ;
#3729 = CARTESIAN_POINT ( 'NONE',  ( -2.540000000000000036, 6.370381084060438681, -2.616705164296816655 ) ) ;
#3730 = CARTESIAN_POINT ( 'NONE',  ( -2.540000000000000036, 7.746652471488113534, -4.492514159263707896 ) ) ;
#3731 = ORIENTED_EDGE ( 'NONE', *, *, #2020, .F. ) ;
#3732 = CARTESIAN_POINT ( 'NONE',  ( -2.540000000000000036, -6.317880373398756078, 0.7864908369593125448 ) ) ;
#3733 = AXIS2_PLACEMENT_3D ( 'NONE', #4791, #4457, #723 ) ;
#3734 = EDGE_CURVE ( 'NONE', #2391, #2259, #1998, .T. ) ;
#3735 = CARTESIAN_POINT ( 'NONE',  ( -2.540000000000000036, -8.929081293899677974, -0.8985752293831669180 ) ) ;
#3736 = ORIENTED_EDGE ( 'NONE', *, *, #430, .F. ) ;
#3737 = CARTESIAN_POINT ( 'NONE',  ( -2.540000000000000036, -9.347678603011505771, -0.3755289096918269509 ) ) ;
#3738 = ORIENTED_EDGE ( 'NONE', *, *, #4623, .F. ) ;
#3739 = DIRECTION ( 'NONE',  ( 0.000000000000000000, 0.000000000000000000, -1.000000000000000000 ) ) ;
#3740 = VERTEX_POINT ( 'NONE', #2006 ) ;
#3741 = DIRECTION ( 'NONE',  ( -1.000000000000000000, -0.000000000000000000, -0.000000000000000000 ) ) ;
#3742 = COORDINATED_UNIVERSAL_TIME_OFFSET ( 5, 0, .BEHIND. ) ;
#3743 = ORIENTED_EDGE ( 'NONE', *, *, #2851, .F. ) ;
#3744 = CARTESIAN_POINT ( 'NONE',  ( -2.540000000000000036, -8.736813311388992531, -2.066399761599023499 ) ) ;
#3745 = DIRECTION ( 'NONE',  ( 0.000000000000000000, 1.000000000000000000, 0.000000000000000000 ) ) ;
#3746 = CC_DESIGN_APPROVAL ( #1927, ( #926 ) ) ;
#3747 = EDGE_CURVE ( 'NONE', #862, #3939, #3888, .T. ) ;
#3748 = ORIENTED_EDGE ( 'NONE', *, *, #3734, .F. ) ;
#3749 = ORIENTED_EDGE ( 'NONE', *, *, #3716, .T. ) ;
#3750 = ORIENTED_EDGE ( 'NONE', *, *, #4241, .T. ) ;
#3751 = VECTOR ( 'NONE', #2689, 1000.000000000000000 ) ;
#3752 = VECTOR ( 'NONE', #1012, 1000.000000000000000 ) ;
#3753 = DIRECTION ( 'NONE',  ( 0.000000000000000000, 1.000000000000000000, 0.000000000000000000 ) ) ;
#3754 = CARTESIAN_POINT ( 'NONE',  ( -2.540000000000000036, 7.432617183148345852, 5.422624048186837520 ) ) ;
#3755 = B_SPLINE_CURVE_WITH_KNOTS ( 'NONE', 3,
 ( #4147, #1910, #3729, #2276 ),
 .UNSPECIFIED., .F., .F.,
 ( 4, 4 ),
 ( 2.000000000000000000, 2.975681233052640096 ),
 .UNSPECIFIED. ) ;
#3756 = CARTESIAN_POINT ( 'NONE',  ( -2.540000000000000036, -8.899769230769228656, -2.071076923076922149 ) ) ;
#3757 = CARTESIAN_POINT ( 'NONE',  ( -2.540000000000000036, 8.155979574190288517, 4.386137596150174289 ) ) ;
#3758 = EDGE_CURVE ( 'NONE', #2450, #480, #66, .T. ) ;
#3759 = PLANE ( 'NONE',  #1921 ) ;
#3760 = CONTEXT_DEPENDENT_SHAPE_REPRESENTATION ( #4716, #2570 ) ;
#3761 = CARTESIAN_POINT ( 'NONE',  ( -2.540000000000000036, -6.803943856243769517, -0.4878791420809636681 ) ) ;
#3762 = CARTESIAN_POINT ( 'NONE',  ( -2.540000000000000036, -9.524694711538458591, -2.118396634615383523 ) ) ;
#3763 = CARTESIAN_POINT ( 'NONE',  ( -2.540000000000000036, -7.638055551688990086, 1.120321466169583502 ) ) ;
#3764 = CARTESIAN_POINT ( 'NONE',  ( -2.540000000000000036, -7.463692307692304517, 1.172307692307693383 ) ) ;
#3765 = AXIS2_PLACEMENT_3D ( 'NONE', #3252, #2814, #4350 ) ;
#3766 = CARTESIAN_POINT ( 'NONE',  ( -2.540000000000000036, -8.729039896232864137, 2.492872074905244428 ) ) ;
#3767 = CIRCLE ( 'NONE', #2725, 4.521200000000000330 ) ;
#3768 = CARTESIAN_POINT ( 'NONE',  ( -2.540000000000000036, 7.019631965068924728, -0.3716979057975774436 ) ) ;
#3769 = DIRECTION ( 'NONE',  ( -1.000000000000000000, -0.000000000000000000, -0.000000000000000000 ) ) ;
#3770 = CC_DESIGN_PERSON_AND_ORGANIZATION_ASSIGNMENT ( #4121, #2806, ( #4846 ) ) ;
#3771 = EDGE_CURVE ( 'NONE', #1848, #4518, #963, .T. ) ;
#3772 = CARTESIAN_POINT ( 'NONE',  ( -2.540000000000000036, -9.651999999999997470, -2.754923076923076142 ) ) ;
#3773 = VECTOR ( 'NONE', #2478, 1000.000000000000000 ) ;
#3774 = CARTESIAN_POINT ( 'NONE',  ( -2.540000000000000036, 8.153136118212566785, 2.070587024023569089 ) ) ;
#3775 = ORIENTED_EDGE ( 'NONE', *, *, #2491, .F. ) ;
#3776 = DIRECTION ( 'NONE',  ( 1.000000000000000000, 0.000000000000000000, 0.000000000000000000 ) ) ;
#3777 = CARTESIAN_POINT ( 'NONE',  ( -2.540000000000000036, -6.142921577443721581, -0.2141389051749497674 ) ) ;
#3778 = CARTESIAN_POINT ( 'NONE',  ( -2.540000000000000036, -6.763854985748456450, -2.168502767514637775 ) ) ;
#3779 = ORIENTED_EDGE ( 'NONE', *, *, #1203, .F. ) ;
#3780 = ORIENTED_EDGE ( 'NONE', *, *, #1710, .F. ) ;
#3781 = DIRECTION ( 'NONE',  ( -0.000000000000000000, 0.9999992460301319053, -0.001227981745710688679 ) ) ;
#3782 = ADVANCED_FACE ( 'NONE', ( #2762, #2003 ), #137, .F. ) ;
#3783 = CARTESIAN_POINT ( 'NONE',  ( -2.540000000000000036, -9.485498349232408088, 1.254770371310122590 ) ) ;
#3784 = CARTESIAN_POINT ( 'NONE',  ( -2.540000000000000036, -7.463692307692306294, 5.421010862427523156E-16 ) ) ;
#3785 = DIRECTION ( 'NONE',  ( 1.000000000000000000, 0.000000000000000000, 0.000000000000000000 ) ) ;
#3786 = VERTEX_POINT ( 'NONE', #4665 ) ;
#3787 = CARTESIAN_POINT ( 'NONE',  ( -2.540000000000000036, -7.161785105202613799, 0.4674272135635914038 ) ) ;
#3788 = CARTESIAN_POINT ( 'NONE',  ( -2.540000000000000036, -6.197803591889738506, -1.166449519281677727 ) ) ;
#3789 = VERTEX_POINT ( 'NONE', #331 ) ;
#3790 = EDGE_LOOP ( 'NONE', ( #2928, #2506, #4734, #690 ) ) ;
#3791 = CARTESIAN_POINT ( 'NONE',  ( -2.540000000000000036, -6.095999999999998309, -0.9769230769230760059 ) ) ;
#3792 = COORDINATED_UNIVERSAL_TIME_OFFSET ( 5, 0, .BEHIND. ) ;
#3793 = DIRECTION ( 'NONE',  ( 1.000000000000000000, 0.000000000000000000, 0.000000000000000000 ) ) ;
#3794 = EDGE_CURVE ( 'NONE', #1317, #4386, #451, .T. ) ;
#3795 = LINE ( 'NONE', #75, #762 ) ;
#3796 = CARTESIAN_POINT ( 'NONE',  ( -2.540000000000000036, 7.273495478684952609, 4.019587218023476183 ) ) ;
#3797 = DIRECTION ( 'NONE',  ( -0.000000000000000000, 0.001227981745710937829, 0.9999992460301319053 ) ) ;
#3798 = CARTESIAN_POINT ( 'NONE',  ( -2.540000000000000036, 7.259451802890562355, -1.191151910359529165 ) ) ;
#3799 = ORIENTED_EDGE ( 'NONE', *, *, #3924, .T. ) ;
#3800 = DIRECTION ( 'NONE',  ( 0.000000000000000000, 1.000000000000000000, 0.000000000000000000 ) ) ;
#3801 = EDGE_CURVE ( 'NONE', #1238, #569, #102, .T. ) ;
#3802 = LINE ( 'NONE', #2124, #535 ) ;
#3803 = CARTESIAN_POINT ( 'NONE',  ( -2.540000000000000036, -8.132612625720687660, -0.6836561030647120285 ) ) ;
#3804 = CARTESIAN_POINT ( 'NONE',  ( -2.540000000000000036, -6.814910460702212625, -2.323185789179040395 ) ) ;
#3805 = CARTESIAN_POINT ( 'NONE',  ( -2.540000000000000036, -6.624151970180721882, 1.648039081673387418 ) ) ;
#3806 = CARTESIAN_POINT ( 'NONE',  ( -2.540000000000000036, 7.497225377389561629, 5.444504379569996999 ) ) ;
#3807 = ORIENTED_EDGE ( 'NONE', *, *, #2851, .T. ) ;
#3808 = VECTOR ( 'NONE', #932, 1000.000000000000114 ) ;
#3809 = CARTESIAN_POINT ( 'NONE',  ( -2.540000000000000036, -8.964407265593086649, -0.1178230958211796547 ) ) ;
#3810 = B_SPLINE_CURVE_WITH_KNOTS ( 'NONE', 3,
 ( #4821, #347, #1102, #4488, #2240, #370, #3372, #1542, #2288, #2321, #73 ),
 .UNSPECIFIED., .F., .F.,
 ( 4, 1, 1, 1, 1, 1, 1, 1, 4 ),
 ( 0.000000000000000000, 0.1379032299933932448, 0.2688733426002931637, 0.3951781273461130173, 0.5170892381308873631, 0.6367430265135473055, 0.7562218164637956042, 0.8766283594636790077, 1.000000000000000000 ),
 .UNSPECIFIED. ) ;
#3811 = CARTESIAN_POINT ( 'NONE',  ( -2.540000000000000036, 7.080724836157438418, 4.969289447865515186 ) ) ;
#3812 = ORIENTED_EDGE ( 'NONE', *, *, #714, .F. ) ;
#3813 = CARTESIAN_POINT ( 'NONE',  ( -2.540000000000000036, -8.976741342101895782, 2.758089243532358736 ) ) ;
#3814 = CARTESIAN_POINT ( 'NONE',  ( -2.540000000000000036, -7.607015433758251177, 1.355793587171311154 ) ) ;
#3815 = ITEM_DEFINED_TRANSFORMATION ( 'NONE', 'NONE', #2572,  #724 ) ;
#3816 = CARTESIAN_POINT ( 'NONE',  ( -2.540000000000000036, -8.362199801254153186, -0.7691814136718249095 ) ) ;
#3817 = VECTOR ( 'NONE', #2255, 1000.000000000000000 ) ;
#3818 = CARTESIAN_POINT ( 'NONE',  ( -2.540000000000000036, -8.159907381629528444, -0.7885721051567229356 ) ) ;
#3819 = CARTESIAN_POINT ( 'NONE',  ( -2.540000000000000036, -9.671187488661592724, 1.161689947766088249 ) ) ;
#3820 = APPROVAL_DATE_TIME ( #3999, #832 ) ;
#3821 = CARTESIAN_POINT ( 'NONE',  ( -2.540000000000000036, 6.371703686742214323, -0.7235003766743095532 ) ) ;
#3822 = LINE ( 'NONE', #2556, #4065 ) ;
#3823 = ORIENTED_EDGE ( 'NONE', *, *, #464, .F. ) ;
#3824 = CARTESIAN_POINT ( 'NONE',  ( -2.540000000000000036, 7.458994696842857763, 3.948135488301156570 ) ) ;
#3825 = ADVANCED_FACE ( 'NONE', ( #3694 ), #4652, .F. ) ;
#3826 = FACE_OUTER_BOUND ( 'NONE', #4670, .T. ) ;
#3827 = CC_DESIGN_DATE_AND_TIME_ASSIGNMENT ( #391, #179, ( #3922 ) ) ;
#3828 = EDGE_CURVE ( 'NONE', #2717, #2450, #901, .T. ) ;
#3829 = CARTESIAN_POINT ( 'NONE',  ( -2.540000000000000036, -8.724208694748741166, 2.892004636301606535 ) ) ;
#3830 = CARTESIAN_POINT ( 'NONE',  ( -2.540000000000000036, -6.534088942307689329, -1.856153846153843601 ) ) ;
#3832 = VERTEX_POINT ( 'NONE', #2418 ) ;
#3831 = B_SPLINE_CURVE_WITH_KNOTS ( 'NONE', 3,
 ( #2888, #3666, #2916, #1050, #1413, #4049, #1804, #4827, #650, #3255, #693, #270, #1023, #2576, #4014, #1788, #4444, #4429, #2930 ),
 .UNSPECIFIED., .F., .F.,
 ( 4, 1, 1, 1, 1, 1, 1, 1, 1, 1, 1, 1, 1, 1, 1, 1, 4 ),
 ( 0.000000000000000000, 0.06987351629987237356, 0.1383708820290608377, 0.2067322146693831297, 0.2770646561280086795, 0.3475918732820810764, 0.4179823400302222769, 0.4907456693150431537, 0.5672272266896252191, 0.6080729413239263081, 0.6528441806308871165, 0.7011525269561735829, 0.7525563376302050189, 0.8089156725594504049, 0.8684868137539740740, 0.9319883439885607856, 1.000000000000000000 ),
 .UNSPECIFIED. ) ;
#3833 = VERTEX_POINT ( 'NONE', #3242 ) ;
#3834 = CARTESIAN_POINT ( 'NONE',  ( -2.540000000000000036, -6.657120192307690587, -1.523999999999999133 ) ) ;
#3835 = ORIENTED_EDGE ( 'NONE', *, *, #2195, .T. ) ;
#3836 = CARTESIAN_POINT ( 'NONE',  ( -2.540000000000000036, -6.096575408236221350, 1.191879872173424948 ) ) ;
#3837 = EDGE_CURVE ( 'NONE', #3786, #1550, #1001, .T. ) ;
#3838 = EDGE_LOOP ( 'NONE', ( #380, #2383, #2091, #3129 ) ) ;
#3839 = CARTESIAN_POINT ( 'NONE',  ( -2.540000000000000036, -8.127999999999998337, -2.880701923076922633 ) ) ;
#3840 = CARTESIAN_POINT ( 'NONE',  ( -2.540000000000000036, -9.660092086071598416, -0.4905255965996544454 ) ) ;
#3841 = B_SPLINE_CURVE_WITH_KNOTS ( 'NONE', 3,
 ( #4642, #554, #4697, #212 ),
 .UNSPECIFIED., .F., .F.,
 ( 4, 4 ),
 ( 3.000000000000000000, 4.000000000000000000 ),
 .UNSPECIFIED. ) ;
#3842 = VERTEX_POINT ( 'NONE', #941 ) ;
#3843 = CARTESIAN_POINT ( 'NONE',  ( -2.540000000000000036, -8.900379807692305079, -1.094153846153844922 ) ) ;
#3844 = ORIENTED_EDGE ( 'NONE', *, *, #2984, .T. ) ;
#3845 = DIRECTION ( 'NONE',  ( 1.000000000000000000, 0.000000000000000000, 0.000000000000000000 ) ) ;
#3846 = CARTESIAN_POINT ( 'NONE',  ( -2.540000000000000036, -6.712384038791580743, -1.885181848325425902 ) ) ;
#3847 = APPROVAL_DATE_TIME ( #2743, #2514 ) ;
#3848 = ADVANCED_FACE ( 'NONE', ( #2822, #2113 ), #2535, .F. ) ;
#3849 = AXIS2_PLACEMENT_3D ( 'NONE', #3450, #1202, #802 ) ;
#3850 = SHAPE_DEFINITION_REPRESENTATION ( #1869, #809 ) ;
#3851 = ORIENTED_EDGE ( 'NONE', *, *, #1300, .F. ) ;
#3852 = ORIENTED_EDGE ( 'NONE', *, *, #2253, .T. ) ;
#3853 = CC_DESIGN_APPROVAL ( #1094, ( #858 ) ) ;
#3854 = CARTESIAN_POINT ( 'NONE',  ( -2.540000000000000036, 6.895102681462133454, 4.982486250908972458 ) ) ;
#3855 = EDGE_CURVE ( 'NONE', #200, #4238, #2285, .T. ) ;
#3856 = FACE_OUTER_BOUND ( 'NONE', #3163, .T. ) ;
#3857 = VECTOR ( 'NONE', #3552, 1000.000000000000000 ) ;
#3858 = ORIENTED_EDGE ( 'NONE', *, *, #2665, .T. ) ;
#3859 = DIRECTION ( 'NONE',  ( -1.000000000000000000, -0.000000000000000000, -0.000000000000000000 ) ) ;
#3860 = CARTESIAN_POINT ( 'NONE',  ( -2.398232558139534287, 0.000000000000000000, 4.775199999999999889 ) ) ;
#3861 = B_SPLINE_CURVE_WITH_KNOTS ( 'NONE', 3,
 ( #2471, #2104, #3643, #2485 ),
 .UNSPECIFIED., .F., .F.,
 ( 4, 4 ),
 ( 2.000000000000000000, 3.000000000000000000 ),
 .UNSPECIFIED. ) ;
#3862 = CARTESIAN_POINT ( 'NONE',  ( -2.540000000000000036, -6.969020231702529600, -0.4870006393913694498 ) ) ;
#3863 = DATE_TIME_ROLE ( 'creation_date' ) ;
#3864 = ORIENTED_EDGE ( 'NONE', *, *, #2552, .T. ) ;
#3865 = CARTESIAN_POINT ( 'NONE',  ( -2.540000000000000036, -7.628092086071604605, 0.1151667110926529597 ) ) ;
#3866 = CARTESIAN_POINT ( 'NONE',  ( -2.540000000000000036, -8.420395896696799554, -0.8178027205617736106 ) ) ;
#3867 = ORIENTED_EDGE ( 'NONE', *, *, #187, .F. ) ;
#3868 = CARTESIAN_POINT ( 'NONE',  ( -2.540000000000000036, 7.078425455714625336, 2.572506988928578320 ) ) ;
#3869 = ADVANCED_FACE ( 'NONE', ( #4341 ), #1939, .T. ) ;
#3870 = CARTESIAN_POINT ( 'NONE',  ( -2.540000000000000036, -6.732831730769229139, 2.508860576923078067 ) ) ;
#3871 = CIRCLE ( 'NONE', #3878, 0.05000000000000000278 ) ;
#3872 = VERTEX_POINT ( 'NONE', #1753 ) ;
#3873 = B_SPLINE_CURVE_WITH_KNOTS ( 'NONE', 3,
 ( #1452, #2596, #4785, #4070, #3670, #4036, #1793, #2920, #4798, #4448, #2203 ),
 .UNSPECIFIED., .F., .F.,
 ( 4, 1, 1, 1, 1, 1, 1, 1, 4 ),
 ( 0.000000000000000000, 0.09742066817721509175, 0.2008855880393204951, 0.3111719701726489151, 0.4297979458253713969, 0.5577399263645879124, 0.6947152693641598376, 0.8421299102060563202, 1.000000000000000000 ),
 .UNSPECIFIED. ) ;
#3874 = APPROVAL_DATE_TIME ( #1364, #1927 ) ;
#3875 = CARTESIAN_POINT ( 'NONE',  ( -2.540000000000000036, 7.582232669216068643, 5.107314185493293301 ) ) ;
#3876 = CARTESIAN_POINT ( 'NONE',  ( -2.540000000000000036, -6.279259114608062298, -2.264581982244411762 ) ) ;
#3877 = CIRCLE ( 'NONE', #2131, 12.69999999999999929 ) ;
#3878 = AXIS2_PLACEMENT_3D ( 'NONE', #2877, #575, #2101 ) ;
#3879 = CARTESIAN_POINT ( 'NONE',  ( -2.540000000000000036, -8.900379807692305079, -2.266461538461537639 ) ) ;
#3880 = CARTESIAN_POINT ( 'NONE',  ( -2.540000000000000036, -7.592787985522702066, 1.387377790668336441 ) ) ;
#3881 = ORIENTED_EDGE ( 'NONE', *, *, #2834, .T. ) ;
#3882 = EDGE_CURVE ( 'NONE', #3300, #4843, #1408, .T. ) ;
#3883 = APPROVAL_STATUS ( 'not_yet_approved' ) ;
#3884 = CARTESIAN_POINT ( 'NONE',  ( -2.540000000000000036, -7.349326087373269090, -0.2099006337336923045 ) ) ;
#3885 = CARTESIAN_POINT ( 'NONE',  ( -2.540000000000000036, 7.744825452724457548, -5.972525936112138112 ) ) ;
#3886 = CARTESIAN_POINT ( 'NONE',  ( -2.540000000000000036, -9.636430288461536264, 1.026074519230769422 ) ) ;
#3887 = AXIS2_PLACEMENT_3D ( 'NONE', #1217, #2395, #4599 ) ;
#3888 = LINE ( 'NONE', #452, #1902 ) ;
#3889 = PLANE ( 'NONE',  #4427 ) ;
#3890 = ORIENTED_EDGE ( 'NONE', *, *, #1352, .T. ) ;
#3891 = EDGE_LOOP ( 'NONE', ( #205, #2043, #56, #3042, #1208, #975, #3852, #2461, #625, #1040, #2653, #2174, #377, #742, #1442, #1801, #3682, #4307, #3750, #3864, #2102, #383, #386, #2005, #3719, #1610, #1907, #3881, #4199, #1434, #3902, #1008, #1639, #3465, #1058 ) ) ;
#3892 = CC_DESIGN_PERSON_AND_ORGANIZATION_ASSIGNMENT ( #549, #4678, ( #1221 ) ) ;
#3893 = CARTESIAN_POINT ( 'NONE',  ( -2.540000000000000036, 6.494387565800346707, 4.437091192869166534 ) ) ;
#3894 = B_SPLINE_CURVE_WITH_KNOTS ( 'NONE', 3,
 ( #1517, #336, #4130, #2594, #356, #4504, #3706, #3393, #1466, #4079, #2640 ),
 .UNSPECIFIED., .F., .F.,
 ( 4, 1, 1, 1, 1, 1, 1, 1, 4 ),
 ( 0.000000000000000000, 0.1116703001015878910, 0.2320944808560184702, 0.3627434591045543555, 0.5025575097108857525, 0.6415251033312814322, 0.7710984952996687847, 0.8901617573732527600, 1.000000000000000000 ),
 .UNSPECIFIED. ) ;
#3895 = CARTESIAN_POINT ( 'NONE',  ( -2.540000000000000036, -7.310649406773611858, -0.4325326637351853409 ) ) ;
#3896 = ORIENTED_EDGE ( 'NONE', *, *, #3609, .F. ) ;
#3897 = SECURITY_CLASSIFICATION_LEVEL ( 'unclassified' ) ;
#3898 = DIRECTION ( 'NONE',  ( -1.000000000000000000, -0.000000000000000000, -0.000000000000000000 ) ) ;
#3899 = CARTESIAN_POINT ( 'NONE',  ( -2.540000000000000036, -7.435846680247323093, -0.1146437063579680976 ) ) ;
#3900 = CARTESIAN_POINT ( 'NONE',  ( -2.540000000000000036, 7.379591234614241380, -0.7247380444064981386 ) ) ;
#3901 = CARTESIAN_POINT ( 'NONE',  ( -2.540000000000000036, -6.120298707334528743, -2.151870197661981621 ) ) ;
#3902 = ORIENTED_EDGE ( 'NONE', *, *, #3214, .T. ) ;
#3903 = CARTESIAN_POINT ( 'NONE',  ( 0.000000000000000000, 4.500000000000000888, 0.000000000000000000 ) ) ;
#3904 = CARTESIAN_POINT ( 'NONE',  ( -2.540000000000000036, 7.639370821174638948, 5.047019149436295926 ) ) ;
#3905 = ORIENTED_EDGE ( 'NONE', *, *, #1449, .F. ) ;
#3906 = EDGE_CURVE ( 'NONE', #4301, #1324, #3802, .T. ) ;
#3907 = COORDINATED_UNIVERSAL_TIME_OFFSET ( 5, 0, .BEHIND. ) ;
#3908 = DIRECTION ( 'NONE',  ( -0.000000000000000000, -0.9999992460301319053, 0.001227981745710186911 ) ) ;
#3909 = DIRECTION ( 'NONE',  ( -0.000000000000000000, 0.001227981745710970789, 0.9999992460301319053 ) ) ;
#3910 = ORIENTED_EDGE ( 'NONE', *, *, #368, .T. ) ;
#3911 = CARTESIAN_POINT ( 'NONE',  ( -2.540000000000000036, 7.642760240453823961, 4.956605949760546359 ) ) ;
#3912 = PERSON_AND_ORGANIZATION_ROLE ( 'creator' ) ;
#3913 = AXIS2_PLACEMENT_3D ( 'NONE', #1482, #4500, #1512 ) ;
#3914 = LINE ( 'NONE', #2287, #2688 ) ;
#3915 = CARTESIAN_POINT ( 'NONE',  ( -2.540000000000000036, 6.936870063618124860, 5.972525936112138112 ) ) ;
#3916 = CARTESIAN_POINT ( 'NONE',  ( -2.540000000000000036, -6.095999999999998309, 2.149230769230770388 ) ) ;
#3917 = ORIENTED_EDGE ( 'NONE', *, *, #1928, .T. ) ;
#3918 = CARTESIAN_POINT ( 'NONE',  ( -2.540000000000000036, -9.565928888228741656, 0.9452585191083118232 ) ) ;
#3919 = VECTOR ( 'NONE', #640, 1000.000000000000000 ) ;
#3920 = B_SPLINE_CURVE_WITH_KNOTS ( 'NONE', 3,
 ( #51, #1589, #3761, #4878, #2318, #1151, #1899, #4206, #4515, #3420, #456, #2303, #421, #1935, #2678, #1961, #2269, #3386, #71, #3777, #13, #805, #4579, #32, #3016, #4188, #4549 ),
 .UNSPECIFIED., .F., .F.,
 ( 4, 1, 1, 1, 1, 1, 1, 1, 1, 1, 1, 1, 1, 1, 1, 1, 1, 1, 1, 1, 1, 1, 1, 1, 4 ),
 ( 0.000000000000000000, 0.06311445839479332132, 0.1236146457694902029, 0.1809737111859574810, 0.2352614550083220180, 0.2871007018338722627, 0.3360307363034435446, 0.3823823485850661452, 0.4263340836597074301, 0.4682106947981600209, 0.5082496012618050729, 0.5466283366065849414, 0.5836495392304459351, 0.6189943150301620012, 0.6535830186205963122, 0.6871561361903313347, 0.7204221919788078576, 0.7532302188118171760, 0.7862601560779002297, 0.8195039834988839811, 0.8535452747120184647, 0.8883082803397301941, 0.9239958607406951741, 0.9613503047546450020, 1.000000000000000000 ),
 .UNSPECIFIED. ) ;
#3921 = CARTESIAN_POINT ( 'NONE',  ( -2.540000000000000036, 6.732937804447527874, -2.071156262270747117 ) ) ;
#3922 = SECURITY_CLASSIFICATION ( '', '', #3933 ) ;
#3923 = CARTESIAN_POINT ( 'NONE',  ( -2.540000000000000036, 7.163450102377673545, 2.453496622484719669 ) ) ;
#3924 = EDGE_CURVE ( 'NONE', #257, #3539, #3861, .T. ) ;
#3925 = ORIENTED_EDGE ( 'NONE', *, *, #1337, .T. ) ;
#3926 = CARTESIAN_POINT ( 'NONE',  ( -2.540000000000000036, 7.591899692317382708, 5.047077443159936117 ) ) ;
#3927 = DIRECTION ( 'NONE',  ( 0.000000000000000000, 0.000000000000000000, -1.000000000000000000 ) ) ;
#3928 = ORIENTED_EDGE ( 'NONE', *, *, #3535, .T. ) ;
#3929 = CARTESIAN_POINT ( 'NONE',  ( -2.540000000000000036, 7.270871268506767571, 3.493637935635127700 ) ) ;
#3930 = DIRECTION ( 'NONE',  ( -0.000000000000000000, 1.000000000000000000, -0.000000000000000000 ) ) ;
#3931 = B_SPLINE_CURVE_WITH_KNOTS ( 'NONE', 3,
 ( #4466, #4511, #1570, #1932 ),
 .UNSPECIFIED., .F., .F.,
 ( 4, 4 ),
 ( 1.000000000000000000, 2.000000000000000000 ),
 .UNSPECIFIED. ) ;
#3932 = CARTESIAN_POINT ( 'NONE',  ( -2.540000000000000036, 7.494697741363441246, 4.492118024129278631 ) ) ;
#3933 = SECURITY_CLASSIFICATION_LEVEL ( 'unclassified' ) ;
#3934 = EDGE_CURVE ( 'NONE', #3629, #4452, #1200, .T. ) ;
#3935 = FACE_BOUND ( 'NONE', #1802, .T. ) ;
#3936 = CARTESIAN_POINT ( 'NONE',  ( -2.540000000000000036, -9.671043163176161528, 1.190667684327551212 ) ) ;
#3937 = CARTESIAN_POINT ( 'NONE',  ( -2.540000000000000036, 4.775199999999999889, 0.000000000000000000 ) ) ;
#3938 = CONTEXT_DEPENDENT_SHAPE_REPRESENTATION ( #2821, #3527 ) ;
#3939 = VERTEX_POINT ( 'NONE', #1351 ) ;
#3940 = CARTESIAN_POINT ( 'NONE',  ( -2.540000000000000036, -6.634352553273057396, 0.2822522789624120065 ) ) ;
#3941 = COORDINATED_UNIVERSAL_TIME_OFFSET ( 5, 0, .BEHIND. ) ;
#3942 = CARTESIAN_POINT ( 'NONE',  ( -2.540000000000000036, 7.674638086378354984, 5.144213616577901327 ) ) ;
#3943 = FACE_OUTER_BOUND ( 'NONE', #2578, .T. ) ;
#3944 = VERTEX_POINT ( 'NONE', #3599 ) ;
#3945 = CARTESIAN_POINT ( 'NONE',  ( -2.540000000000000036, -6.287677518183250491, 1.261830316669978469 ) ) ;
#3946 =( NAMED_UNIT ( * ) PLANE_ANGLE_UNIT ( ) SI_UNIT ( $, .RADIAN. ) );
#3947 = AXIS2_PLACEMENT_3D ( 'NONE', #2820, #2873, #3577 ) ;
#3948 = CARTESIAN_POINT ( 'NONE',  ( -2.540000000000000036, 8.155278076434104406, 3.814877290590777292 ) ) ;
#3949 = CARTESIAN_POINT ( 'NONE',  ( -2.540000000000000036, -8.899769230769228656, -0.3126153846153835181 ) ) ;
#3950 = CARTESIAN_POINT ( 'NONE',  ( -0.5079999999999988969, 0.000000000000000000, 4.775199999999999889 ) ) ;
#3951 = CARTESIAN_POINT ( 'NONE',  ( -2.540000000000000036, 6.367077483446572650, -4.490820065084258239 ) ) ;
#3952 = ORIENTED_EDGE ( 'NONE', *, *, #4741, .F. ) ;
#3953 = CARTESIAN_POINT ( 'NONE',  ( -2.540000000000000036, -8.329252141854984970, -1.893300445130443599 ) ) ;
#3954 = CARTESIAN_POINT ( 'NONE',  ( -2.540000000000000036, -7.582927740002236128, -0.2349106280061034613 ) ) ;
#3955 = EDGE_CURVE ( 'NONE', #2823, #2729, #3338, .T. ) ;
#3956 = B_SPLINE_CURVE_WITH_KNOTS ( 'NONE', 3,
 ( #448, #3025, #3060, #3448 ),
 .UNSPECIFIED., .F., .F.,
 ( 4, 4 ),
 ( 2.000000000000000000, 3.000000000000000000 ),
 .UNSPECIFIED. ) ;
#3957 = DIRECTION ( 'NONE',  ( 0.000000000000000000, 0.000000000000000000, 1.000000000000000000 ) ) ;
#3958 = VERTEX_POINT ( 'NONE', #236 ) ;
#3959 = CARTESIAN_POINT ( 'NONE',  ( -2.540000000000000036, 7.779698119025134417, 5.158861073839461575 ) ) ;
#3960 = CARTESIAN_POINT ( 'NONE',  ( -2.540000000000000036, 6.460448359872308366, 3.887093754071551999 ) ) ;
#3961 = EDGE_CURVE ( 'NONE', #248, #2985, #4813, .T. ) ;
#3962 = CARTESIAN_POINT ( 'NONE',  ( -2.540000000000000036, -7.619999999999998330, 2.149230769230770388 ) ) ;
#3963 = ORIENTED_EDGE ( 'NONE', *, *, #3882, .F. ) ;
#3964 = CARTESIAN_POINT ( 'NONE',  ( -2.540000000000000036, -6.271846153846150962, -2.774461538461535426 ) ) ;
#3965 = DIRECTION ( 'NONE',  ( 0.000000000000000000, 0.000000000000000000, 1.000000000000000000 ) ) ;
#3966 = CARTESIAN_POINT ( 'NONE',  ( -2.540000000000000036, -9.495692307692305434, -0.6056923076923065308 ) ) ;
#3967 = VERTEX_POINT ( 'NONE', #2153 ) ;
#3968 = ORIENTED_EDGE ( 'NONE', *, *, #2798, .F. ) ;
#3969 = CARTESIAN_POINT ( 'NONE',  ( -2.540000000000000036, -8.922056865759801170, -1.289738998906587275 ) ) ;
#3970 = CARTESIAN_POINT ( 'NONE',  ( -2.540000000000000036, 7.615347312843344874, 4.538020806417250697 ) ) ;
#3971 = CARTESIAN_POINT ( 'NONE',  ( -2.540000000000000036, -9.202043463821663494, -0.8788150540994481563 ) ) ;
#3972 = APPROVAL_DATE_TIME ( #3637, #3681 ) ;
#3973 = EDGE_CURVE ( 'NONE', #4538, #2517, #4627, .T. ) ;
#3974 = CARTESIAN_POINT ( 'NONE',  ( -2.540000000000000036, 7.760168200898602819, 5.925930041823455063 ) ) ;
#3975 = ORIENTED_EDGE ( 'NONE', *, *, #4139, .T. ) ;
#3976 = CARTESIAN_POINT ( 'NONE',  ( -2.540000000000000036, -6.705456242021565316, 0.2885308674305771537 ) ) ;
#3977 = DIRECTION ( 'NONE',  ( -1.000000000000000000, -0.000000000000000000, -0.000000000000000000 ) ) ;
#3978 = EDGE_LOOP ( 'NONE', ( #1296, #864, #3256, #2550, #4805 ) ) ;
#3979 = CARTESIAN_POINT ( 'NONE',  ( -2.540000000000000036, -6.362429277157938934, 1.362770887340852166 ) ) ;
#3980 = EDGE_CURVE ( 'NONE', #3307, #3673, #136, .T. ) ;
#3981 = CARTESIAN_POINT ( 'NONE',  ( -2.540000000000000036, -6.343951546468626468, -2.139331102520499073 ) ) ;
#3982 = CARTESIAN_POINT ( 'NONE',  ( -2.540000000000000036, -7.315678603011500414, 1.402471090308173407 ) ) ;
#3983 = LINE ( 'NONE', #473, #4784 ) ;
#3984 = DIRECTION ( 'NONE',  ( 0.000000000000000000, 0.000000000000000000, -1.000000000000000000 ) ) ;
#3985 = PRODUCT_DEFINITION_SHAPE ( 'NONE', 'NONE',  #4211 ) ;
#3986 = VERTEX_POINT ( 'NONE', #998 ) ;
#3987 = VERTEX_POINT ( 'NONE', #4816 ) ;
#3988 = CARTESIAN_POINT ( 'NONE',  ( -2.540000000000000036, -9.670074676181837248, 1.220598601872120215 ) ) ;
#3989 = CARTESIAN_POINT ( 'NONE',  ( -2.540000000000000036, -9.472204927544410680, 1.065530546696548342 ) ) ;
#3990 = FACE_OUTER_BOUND ( 'NONE', #2075, .T. ) ;
#3991 = CARTESIAN_POINT ( 'NONE',  ( -2.540000000000000036, -7.492694711538459451, -0.3403966346153841083 ) ) ;
#3992 = EDGE_LOOP ( 'NONE', ( #4105, #1922, #276, #3487, #2327, #646, #2155 ) ) ;
#3993 = CARTESIAN_POINT ( 'NONE',  ( -2.540000000000000036, 8.173861088903802141, 5.185680426529160059 ) ) ;
#3994 = CARTESIAN_POINT ( 'NONE',  ( -2.540000000000000036, -6.110348557692305782, -2.203572115384612840 ) ) ;
#3995 = FACE_OUTER_BOUND ( 'NONE', #2565, .T. ) ;
#3996 = EDGE_CURVE ( 'NONE', #4251, #2489, #341, .T. ) ;
#3997 = FACE_BOUND ( 'NONE', #1862, .T. ) ;
#3998 = DIRECTION ( 'NONE',  ( -1.000000000000000000, -0.000000000000000000, -0.000000000000000000 ) ) ;
#3999 = DATE_AND_TIME ( #1606, #4181 ) ;
#4000 = VECTOR ( 'NONE', #3113, 1000.000000000000000 ) ;
#4001 = DIRECTION ( 'NONE',  ( 0.000000000000000000, -0.004989411720886426094, -0.9999875528078734366 ) ) ;
#4002 = CARTESIAN_POINT ( 'NONE',  ( -2.540000000000000036, -9.587558323854324271, -1.505338893127521116 ) ) ;
#4003 = CARTESIAN_POINT ( 'NONE',  ( -2.540000000000000036, 7.799904522016454678, 4.060229016903992516 ) ) ;
#4004 = CARTESIAN_POINT ( 'NONE',  ( -2.540000000000000036, -8.344452408262990062, -1.917841802133281703 ) ) ;
#4005 = FACE_OUTER_BOUND ( 'NONE', #2399, .T. ) ;
#4006 = CARTESIAN_POINT ( 'NONE',  ( -2.540000000000000036, 7.154196724320334155, 5.008880501096596660 ) ) ;
#4007 = ORIENTED_EDGE ( 'NONE', *, *, #445, .T. ) ;
#4008 = CARTESIAN_POINT ( 'NONE',  ( -0.6349999999999988987, 0.000000000000000000, 0.000000000000000000 ) ) ;
#4009 = LINE ( 'NONE', #2483, #1025 ) ;
#4010 = CARTESIAN_POINT ( 'NONE',  ( -2.540000000000000036, 7.187860337606116090, 3.573444287899405936 ) ) ;
#4011 = ORIENTED_EDGE ( 'NONE', *, *, #1721, .F. ) ;
#4012 = AXIS2_PLACEMENT_3D ( 'NONE', #3171, #4308, #169 ) ;
#4013 = CARTESIAN_POINT ( 'NONE',  ( -2.540000000000000036, -6.867769230769228628, 1.465384615384616396 ) ) ;
#4014 = CARTESIAN_POINT ( 'NONE',  ( -2.540000000000000036, -8.983350967074828830, 2.116207591712178093 ) ) ;
#4015 = EDGE_LOOP ( 'NONE', ( #3731, #1566, #1444, #1048, #2692, #1617, #4586, #83, #180, #3401, #1978, #937, #4157, #2775, #1033, #2847, #1460, #1738, #2704, #3528, #3297, #3775, #2955, #2555, #1329, #3823, #3284, #870, #1596, #1991, #4167, #2297 ) ) ;
#4016 = ORIENTED_EDGE ( 'NONE', *, *, #3882, .T. ) ;
#4017 = DIRECTION ( 'NONE',  ( 1.000000000000000000, 0.000000000000000000, 0.000000000000000000 ) ) ;
#4018 = ADVANCED_FACE ( 'NONE', ( #1533, #2166 ), #4449, .F. ) ;
#4019 = CARTESIAN_POINT ( 'NONE',  ( -2.540000000000000036, 7.080724836157438418, 4.969289447865516074 ) ) ;
#4020 = ORIENTED_EDGE ( 'NONE', *, *, #2503, .T. ) ;
#4021 = CARTESIAN_POINT ( 'NONE',  ( -2.540000000000000036, -6.573166798596433935, 0.7046080500331668439 ) ) ;
#4022 = EDGE_CURVE ( 'NONE', #645, #3389, #1588, .T. ) ;
#4023 = VERTEX_POINT ( 'NONE', #3289 ) ;
#4024 = CARTESIAN_POINT ( 'NONE',  ( -2.540000000000000036, -9.548087054146995101, 1.421400967251521319 ) ) ;
#4025 = DIRECTION ( 'NONE',  ( 0.000000000000000000, 0.000000000000000000, -1.000000000000000000 ) ) ;
#4026 = CARTESIAN_POINT ( 'NONE',  ( -2.540000000000000036, -8.712016826923074220, 2.112596153846153069 ) ) ;
#4027 = ORIENTED_EDGE ( 'NONE', *, *, #1519, .T. ) ;
#4028 = CC_DESIGN_SECURITY_CLASSIFICATION ( #1221, ( #4880 ) ) ;
#4029 = CARTESIAN_POINT ( 'NONE',  ( -2.540000000000000036, -7.619999999999998330, -0.9769230769230760059 ) ) ;
#4030 = EDGE_LOOP ( 'NONE', ( #4041, #1189 ) ) ;
#4031 = SECURITY_CLASSIFICATION_LEVEL ( 'unclassified' ) ;
#4032 = DIRECTION ( 'NONE',  ( 1.000000000000000000, 0.000000000000000000, 0.000000000000000000 ) ) ;
#4033 = CIRCLE ( 'NONE', #481, 0.2750000000000000222 ) ;
#4034 = ORIENTED_EDGE ( 'NONE', *, *, #833, .T. ) ;
#4035 = CARTESIAN_POINT ( 'NONE',  ( -2.540000000000000036, -9.413300007551992366, -1.373504107030196986 ) ) ;
#4036 = CARTESIAN_POINT ( 'NONE',  ( -2.540000000000000036, -9.267710742752555575, -1.058631977221971665 ) ) ;
#4037 = CARTESIAN_POINT ( 'NONE',  ( -2.540000000000000036, -7.399578056635256473, 0.1644336307654697127 ) ) ;
#4038 = EDGE_CURVE ( 'NONE', #1464, #2095, #2522, .T. ) ;
#4039 = FACE_OUTER_BOUND ( 'NONE', #2015, .T. ) ;
#4040 = ORIENTED_EDGE ( 'NONE', *, *, #4133, .F. ) ;
#4041 = ORIENTED_EDGE ( 'NONE', *, *, #714, .T. ) ;
#4042 = CARTESIAN_POINT ( 'NONE',  ( -0.5079999999999988969, 0.000000000000000000, 4.521200000000000330 ) ) ;
#4043 = LINE ( 'NONE', #3480, #3592 ) ;
#4044 = LINE ( 'NONE', #1323, #2872 ) ;
#4045 = CARTESIAN_POINT ( 'NONE',  ( -2.540000000000000036, -8.870147756502563041, 3.203442398098777399 ) ) ;
#4046 = ORIENTED_EDGE ( 'NONE', *, *, #1719, .T. ) ;
#4047 = CARTESIAN_POINT ( 'NONE',  ( -2.540000000000000036, -8.900379807692305079, -1.289538461538460634 ) ) ;
#4048 = PERSON_AND_ORGANIZATION_ROLE ( 'creator' ) ;
#4049 = CARTESIAN_POINT ( 'NONE',  ( -2.540000000000000036, -8.735071450832540663, 2.233885447896503340 ) ) ;
#4050 = EDGE_CURVE ( 'NONE', #3053, #822, #655, .T. ) ;
#4051 = ORIENTED_EDGE ( 'NONE', *, *, #1660, .T. ) ;
#4052 = CARTESIAN_POINT ( 'NONE',  ( -2.540000000000000036, -6.458597695144939976, 0.9277022272140379444 ) ) ;
#4053 = CARTESIAN_POINT ( 'NONE',  ( -0.1269999999999973372, 1.555301434917138433E-15, -12.69999999999999929 ) ) ;
#4054 = CARTESIAN_POINT ( 'NONE',  ( -2.398232558139534287, 5.847933395288442187E-16, -4.775199999999999889 ) ) ;
#4055 = EDGE_LOOP ( 'NONE', ( #2283, #4160, #999, #2307, #3406 ) ) ;
#4056 = APPROVAL_DATE_TIME ( #1186, #3281 ) ;
#4057 = CARTESIAN_POINT ( 'NONE',  ( -2.540000000000000036, -8.899769230769228656, -0.8987692307692296545 ) ) ;
#4058 = EDGE_CURVE ( 'NONE', #188, #4229, #1817, .T. ) ;
#4059 = CARTESIAN_POINT ( 'NONE',  ( -2.540000000000000036, -6.784074400114882941, 0.2925373948059337148 ) ) ;
#4060 = LINE ( 'NONE', #4086, #2828 ) ;
#4061 = ORIENTED_EDGE ( 'NONE', *, *, #1582, .T. ) ;
#4062 = DIRECTION ( 'NONE',  ( -0.000000000000000000, 0.9999992460301319053, -0.001227981745710678271 ) ) ;
#4063 = PERSON_AND_ORGANIZATION ( #2323, #4393 ) ;
#4064 = DIRECTION ( 'NONE',  ( -0.000000000000000000, 0.9999992460301319053, -0.001227981745710487885 ) ) ;
#4065 = VECTOR ( 'NONE', #1091, 1000.000000000000000 ) ;
#4066 =( NAMED_UNIT ( * ) PLANE_ANGLE_UNIT ( ) SI_UNIT ( $, .RADIAN. ) );
#4067 = ORIENTED_EDGE ( 'NONE', *, *, #4263, .T. ) ;
#4068 = B_SPLINE_CURVE_WITH_KNOTS ( 'NONE', 3,
 ( #1, #2656, #774, #1514, #1563, #3391, #3055, #1579, #1141, #4197, #4569, #3766, #1531, #4144, #3020, #1904, #794, #3093, #2402 ),
 .UNSPECIFIED., .F., .F.,
 ( 4, 1, 1, 1, 1, 1, 1, 1, 1, 1, 1, 1, 1, 1, 1, 1, 4 ),
 ( 0.000000000000000000, 0.08410951514219970615, 0.1624256296947328149, 0.2368218560929518657, 0.3059866465664437540, 0.3701078016338673060, 0.4306679461857582658, 0.4878512204212719361, 0.5426073215497774216, 0.5956767428670651787, 0.6472830623447278775, 0.6996541713763447801, 0.7533785827348170594, 0.8098296631517243327, 0.8689377279335723792, 0.9321626864520836664, 0.9999999999999998890 ),
 .UNSPECIFIED. ) ;
#4069 = VERTEX_POINT ( 'NONE', #1843 ) ;
#4070 = CARTESIAN_POINT ( 'NONE',  ( -2.540000000000000036, -9.410086452801216694, -1.012222712608296327 ) ) ;
#4071 = CARTESIAN_POINT ( 'NONE',  ( -2.540000000000000036, -8.475277379560594682, -2.961557955748143289 ) ) ;
#4072 = ORIENTED_EDGE ( 'NONE', *, *, #4253, .T. ) ;
#4073 = CARTESIAN_POINT ( 'NONE',  ( -2.540000000000000036, -8.286765590379308932, -2.123088060016842249 ) ) ;
#4074 = VERTEX_POINT ( 'NONE', #2613 ) ;
#4075 = CARTESIAN_POINT ( 'NONE',  ( -2.540000000000000036, -7.557344846796314464, 0.8991579163218860193 ) ) ;
#4076 = ORIENTED_EDGE ( 'NONE', *, *, #627, .T. ) ;
#4077 = CARTESIAN_POINT ( 'NONE',  ( -2.540000000000000036, -8.804292431411500530, 3.190252478558257554 ) ) ;
#4078 = CARTESIAN_POINT ( 'NONE',  ( -2.540000000000000036, -8.367447877366785747, -1.384186554428953553 ) ) ;
#4079 = CARTESIAN_POINT ( 'NONE',  ( -2.540000000000000036, -6.651273093833453665, -1.509785372946315762 ) ) ;
#4080 = ORIENTED_EDGE ( 'NONE', *, *, #2497, .T. ) ;
#4081 = CARTESIAN_POINT ( 'NONE',  ( -2.540000000000000036, -8.846239561049621614, 3.401665993839225077 ) ) ;
#4082 = APPROVAL ( #1295, 'UNSPECIFIED' ) ;
#4083 = VERTEX_POINT ( 'NONE', #2204 ) ;
#4084 = EDGE_CURVE ( 'NONE', #1369, #862, #1264, .T. ) ;
#4085 = ORIENTED_EDGE ( 'NONE', *, *, #4554, .T. ) ;
#4086 = CARTESIAN_POINT ( 'NONE',  ( -2.540000000000000036, 7.499281451077249194, 5.436554122790566268 ) ) ;
#4087 = PERSON_AND_ORGANIZATION ( #2323, #4393 ) ;
#4088 = DIRECTION ( 'NONE',  ( 0.000000000000000000, -0.001227981745711395796, -0.9999992460301319053 ) ) ;
#4089 = CARTESIAN_POINT ( 'NONE',  ( -2.540000000000000036, -9.007536057692306031, 1.445846153846154003 ) ) ;
#4090 = ORIENTED_EDGE ( 'NONE', *, *, #2157, .F. ) ;
#4091 = ORIENTED_EDGE ( 'NONE', *, *, #3573, .F. ) ;
#4092 = CARTESIAN_POINT ( 'NONE',  ( -2.540000000000000036, 6.560906800954573015, 4.570504033284634282 ) ) ;
#4093 = CARTESIAN_POINT ( 'NONE',  ( 0.000000000000000000, 0.000000000000000000, 0.000000000000000000 ) ) ;
#4094 = EDGE_CURVE ( 'NONE', #3029, #3524, #1650, .T. ) ;
#4095 = CARTESIAN_POINT ( 'NONE',  ( -2.540000000000000036, -8.846436984600703823, -1.289955222755575281 ) ) ;
#4096 = CARTESIAN_POINT ( 'NONE',  ( -2.540000000000000036, -6.762516647673496806, 0.4866180128859649567 ) ) ;
#4097 = CARTESIAN_POINT ( 'NONE',  ( -2.540000000000000036, -8.737456242021568897, -1.489469132569422927 ) ) ;
#4098 = ORIENTED_EDGE ( 'NONE', *, *, #4310, .F. ) ;
#4099 = B_SPLINE_CURVE_WITH_KNOTS ( 'NONE', 3,
 ( #2382, #2719, #2751, #113 ),
 .UNSPECIFIED., .F., .F.,
 ( 4, 4 ),
 ( 2.000000000000000000, 3.000000000000000000 ),
 .UNSPECIFIED. ) ;
#4100 = VERTEX_POINT ( 'NONE', #1826 ) ;
#4101 = VECTOR ( 'NONE', #54, 1000.000000000000000 ) ;
#4102 = CIRCLE ( 'NONE', #920, 4.762500000000000178 ) ;
#4103 = CARTESIAN_POINT ( 'NONE',  ( -2.540000000000000036, -9.509430288461535596, 1.445846153846154003 ) ) ;
#4104 = CARTESIAN_POINT ( 'NONE',  ( -2.540000000000000036, -8.519650683403606095, 3.103265217990862190 ) ) ;
#4105 = ORIENTED_EDGE ( 'NONE', *, *, #1941, .F. ) ;
#4106 = ORIENTED_EDGE ( 'NONE', *, *, #1967, .F. ) ;
#4107 = LINE ( 'NONE', #4399, #3111 ) ;
#4108 = CARTESIAN_POINT ( 'NONE',  ( -2.540000000000000036, -9.347678603011505771, -1.547836601999519557 ) ) ;
#4109 = VERTEX_POINT ( 'NONE', #1506 ) ;
#4110 = CARTESIAN_POINT ( 'NONE',  ( -2.540000000000000036, 6.996424439626275138, -2.486512103595283296 ) ) ;
#4111 = CYLINDRICAL_SURFACE ( 'NONE', #2694, 4.762500000000000178 ) ;
#4112 = VERTEX_POINT ( 'NONE', #1537 ) ;
#4113 = CARTESIAN_POINT ( 'NONE',  ( -2.540000000000000036, -8.899769230769228656, -1.484923076923075902 ) ) ;
#4114 = FACE_OUTER_BOUND ( 'NONE', #1353, .T. ) ;
#4115 = EDGE_CURVE ( 'NONE', #4837, #4394, #4514, .T. ) ;
#4116 = CARTESIAN_POINT ( 'NONE',  ( -2.540000000000000036, 7.272935878140164512, 3.907430993875518066 ) ) ;
#4117 = CIRCLE ( 'NONE', #4614, 3.682999999999999385 ) ;
#4118 = ORIENTED_EDGE ( 'NONE', *, *, #3747, .F. ) ;
#4119 = DIRECTION ( 'NONE',  ( -0.000000000000000000, 1.000000000000000000, -0.000000000000000000 ) ) ;
#4120 = CARTESIAN_POINT ( 'NONE',  ( -2.540000000000000036, -8.562085353870184434, -3.068581497965994664 ) ) ;
#4121 = PERSON_AND_ORGANIZATION ( #2323, #4393 ) ;
#4122 = CIRCLE ( 'NONE', #2372, 4.521200000000000330 ) ;
#4123 = CARTESIAN_POINT ( 'NONE',  ( -2.540000000000000036, -6.095999999999998309, 5.421010862427522170E-16 ) ) ;
#4124 = CARTESIAN_POINT ( 'NONE',  ( 0.000000000000000000, 0.000000000000000000, 0.000000000000000000 ) ) ;
#4125 = FACE_BOUND ( 'NONE', #628, .T. ) ;
#4126 = CARTESIAN_POINT ( 'NONE',  ( -2.540000000000000036, 7.649510260283718388, 3.970598002931378101 ) ) ;
#4127 = VERTEX_POINT ( 'NONE', #3695 ) ;
#4128 = CARTESIAN_POINT ( 'NONE',  ( -2.540000000000000036, -9.367255067199042884, 1.403583606343986601 ) ) ;
#4129 = CARTESIAN_POINT ( 'NONE',  ( -2.540000000000000036, 7.005675944454452519, 4.509991222645200359 ) ) ;
#4130 = CARTESIAN_POINT ( 'NONE',  ( -2.540000000000000036, -6.465826865812244861, -1.206940395397086752 ) ) ;
#4131 = CYLINDRICAL_SURFACE ( 'NONE', #1288, 12.69999999999999929 ) ;
#4132 = VERTEX_POINT ( 'NONE', #1569 ) ;
#4133 = EDGE_CURVE ( 'NONE', #2209, #1317, #1164, .T. ) ;
#4134 = DIRECTION ( 'NONE',  ( 0.000000000000000000, 0.000000000000000000, -1.000000000000000000 ) ) ;
#4135 = CARTESIAN_POINT ( 'NONE',  ( -2.540000000000000036, -7.258457567355010021, 1.619873276993583966 ) ) ;
#4136 = VERTEX_POINT ( 'NONE', #3382 ) ;
#4137 = CARTESIAN_POINT ( 'NONE',  ( -2.540000000000000036, 7.380070197974240465, -0.3346972310577017717 ) ) ;
#4138 = AXIS2_PLACEMENT_3D ( 'NONE', #1797, #4424, #4437 ) ;
#4139 = EDGE_CURVE ( 'NONE', #3986, #4415, #4454, .T. ) ;
#4140 = ORIENTED_EDGE ( 'NONE', *, *, #4812, .T. ) ;
#4141 = CARTESIAN_POINT ( 'NONE',  ( -2.540000000000000036, -9.408342584853622625, -0.4180530038244070212 ) ) ;
#4142 = ORIENTED_EDGE ( 'NONE', *, *, #195, .F. ) ;
#4143 = AXIS2_PLACEMENT_3D ( 'NONE', #3561, #2089, #3612 ) ;
#4144 = CARTESIAN_POINT ( 'NONE',  ( -2.540000000000000036, -8.709702665064968485, 2.460166186251699472 ) ) ;
#4145 = CARTESIAN_POINT ( 'NONE',  ( -2.540000000000000036, -6.448172775266348467, 0.4376579530870077783 ) ) ;
#4146 = CARTESIAN_POINT ( 'NONE',  ( -2.540000000000000036, -8.900379807692305079, -0.1172307692307681254 ) ) ;
#4147 = CARTESIAN_POINT ( 'NONE',  ( -2.540000000000000036, 7.259475737413522367, -2.946798826133434801 ) ) ;
#4148 = CARTESIAN_POINT ( 'NONE',  ( -2.540000000000000036, -7.492694711538459451, 0.8319110576923088862 ) ) ;
#4149 = DIRECTION ( 'NONE',  ( 0.000000000000000000, -0.001227981745710336747, -0.9999992460301319053 ) ) ;
#4150 = CC_DESIGN_APPROVAL ( #618, ( #1619 ) ) ;
#4151 = CARTESIAN_POINT ( 'NONE',  ( -2.540000000000000036, 6.901575066864220176, 3.954704130094955694 ) ) ;
#4152 = EDGE_CURVE ( 'NONE', #3064, #264, #2639, .T. ) ;
#4153 = VERTEX_POINT ( 'NONE', #3013 ) ;
#4154 = LINE ( 'NONE', #26, #2163 ) ;
#4155 = ORIENTED_EDGE ( 'NONE', *, *, #2515, .F. ) ;
#4156 = DIRECTION ( 'NONE',  ( -0.000000000000000000, -1.000000000000000000, -0.000000000000000000 ) ) ;
#4157 = ORIENTED_EDGE ( 'NONE', *, *, #3683, .F. ) ;
#4158 = CARTESIAN_POINT ( 'NONE',  ( -2.540000000000000036, -9.027686561019734768, 1.445854352413420640 ) ) ;
#4159 = CARTESIAN_POINT ( 'NONE',  ( -2.540000000000000036, -8.464699895776227834, -1.040049704390617169 ) ) ;
#4160 = ORIENTED_EDGE ( 'NONE', *, *, #3934, .F. ) ;
#4161 = DIRECTION ( 'NONE',  ( 1.000000000000000000, 0.000000000000000000, 0.000000000000000000 ) ) ;
#4162 = DIRECTION ( 'NONE',  ( 0.000000000000000000, -0.001227981745709684925, -0.9999992460301319053 ) ) ;
#4163 = DIRECTION ( 'NONE',  ( 0.000000000000000000, 1.000000000000000000, 0.000000000000000000 ) ) ;
#4164 = EDGE_CURVE ( 'NONE', #4415, #2034, #3166, .T. ) ;
#4165 = DIRECTION ( 'NONE',  ( 0.000000000000000000, 0.000000000000000000, 1.000000000000000000 ) ) ;
#4166 = FACE_OUTER_BOUND ( 'NONE', #4751, .T. ) ;
#4167 = ORIENTED_EDGE ( 'NONE', *, *, #896, .F. ) ;
#4168 = CARTESIAN_POINT ( 'NONE',  ( -2.540000000000000036, -7.211674079184695607, 0.4585475433503510834 ) ) ;
#4169 = CARTESIAN_POINT ( 'NONE',  ( -2.540000000000000036, -6.705883308626948924, -2.113669754743033646 ) ) ;
#4170 = CARTESIAN_POINT ( 'NONE',  ( -2.540000000000000036, -6.762516647673495918, 1.658925705193658340 ) ) ;
#4171 = LINE ( 'NONE', #3951, #1060 ) ;
#4172 = B_SPLINE_CURVE_WITH_KNOTS ( 'NONE', 3,
 ( #2122, #637, #3328, #1583 ),
 .UNSPECIFIED., .F., .F.,
 ( 4, 4 ),
 ( 1.000000000000000000, 2.000000000000000000 ),
 .UNSPECIFIED. ) ;
#4173 = FACE_BOUND ( 'NONE', #4015, .T. ) ;
#4174 = ORIENTED_EDGE ( 'NONE', *, *, #1858, .F. ) ;
#4175 = DATE_AND_TIME ( #295, #3707 ) ;
#4176 = CARTESIAN_POINT ( 'NONE',  ( -2.540000000000000036, 6.458458286063258669, 0.4673621591928236452 ) ) ;
#4177 = ADVANCED_FACE ( 'NONE', ( #830 ), #2315, .F. ) ;
#4178 = CARTESIAN_POINT ( 'NONE',  ( -2.540000000000000036, -9.007536057692306031, 1.445846153846154003 ) ) ;
#4179 = VECTOR ( 'NONE', #1002, 1000.000000000000000 ) ;
#4180 = ORIENTED_EDGE ( 'NONE', *, *, #187, .T. ) ;
#4181 = LOCAL_TIME ( 16, 0, 1.000000000000000000, #4477 ) ;
#4182 = EDGE_CURVE ( 'NONE', #918, #1647, #2024, .T. ) ;
#4183 = CARTESIAN_POINT ( 'NONE',  ( -2.540000000000000036, -8.202997436452314162, -0.3434599802492529497 ) ) ;
#4184 = CARTESIAN_POINT ( 'NONE',  ( -2.540000000000000036, -7.639538461538459835, 5.421010862427522170E-16 ) ) ;
#4185 = CARTESIAN_POINT ( 'NONE',  ( -2.540000000000000036, -6.932407265593087509, 1.660176904178820578 ) ) ;
#4186 = ORIENTED_EDGE ( 'NONE', *, *, #687, .F. ) ;
#4187 = ORIENTED_EDGE ( 'NONE', *, *, #1086, .T. ) ;
#4188 = CARTESIAN_POINT ( 'NONE',  ( -2.540000000000000036, -6.096207913039940252, -0.01334045312113587255 ) ) ;
#4189 = ORIENTED_EDGE ( 'NONE', *, *, #2515, .T. ) ;
#4190 = CARTESIAN_POINT ( 'NONE',  ( -2.540000000000000036, -8.518769230769228429, 2.430706730769230273 ) ) ;
#4191 = EDGE_CURVE ( 'NONE', #2079, #4315, #2390, .T. ) ;
#4192 = CARTESIAN_POINT ( 'NONE',  ( -2.540000000000000036, 6.730998178442426649, 2.073817872291336961 ) ) ;
#4193 = ADVANCED_BREP_SHAPE_REPRESENTATION ( '', ( #4318, #724 ), #1576 ) ;
#4194 = ORIENTED_EDGE ( 'NONE', *, *, #2552, .F. ) ;
#4195 = DIRECTION ( 'NONE',  ( -0.000000000000000000, 0.001227981745709625728, 0.9999992460301319053 ) ) ;
#4196 = ORIENTED_EDGE ( 'NONE', *, *, #472, .F. ) ;
#4197 = CARTESIAN_POINT ( 'NONE',  ( -2.540000000000000036, -8.756541003812372992, 2.518434899968707175 ) ) ;
#4198 = B_SPLINE_CURVE_WITH_KNOTS ( 'NONE', 3,
 ( #2348, #3836, #1607, #1193, #1559, #4536, #3071, #1936, #2715, #3085, #1918, #4227, #855, #1219, #869, #4581, #3805, #33, #838, #4170, #1234, #4551, #4207 ),
 .UNSPECIFIED., .F., .F.,
 ( 4, 1, 1, 1, 1, 1, 1, 1, 1, 1, 1, 1, 1, 1, 1, 1, 1, 1, 1, 1, 4 ),
 ( 0.000000000000000000, 0.05672433721815058061, 0.1114372357370106287, 0.1643678222229011665, 0.2164353724620899921, 0.2676414903219245800, 0.3173597799690276999, 0.3674730633322805806, 0.4182103970528074921, 0.4714042826470199454, 0.5279657201290496316, 0.5880611158232137425, 0.6521342629937137980, 0.6863448363353050752, 0.7232636803169646411, 0.7626102507715408763, 0.8047389366452176729, 0.8494303387909493130, 0.8967112583864915720, 0.9468896380534763679, 1.000000000000000000 ),
 .UNSPECIFIED. ) ;
#4199 = ORIENTED_EDGE ( 'NONE', *, *, #4423, .T. ) ;
#4200 = EDGE_CURVE ( 'NONE', #4229, #3872, #3692, .T. ) ;
#4201 = ORIENTED_EDGE ( 'NONE', *, *, #988, .F. ) ;
#4202 = CARTESIAN_POINT ( 'NONE',  ( -2.540000000000000036, -7.634914764791408182, 1.250679708375485255 ) ) ;
#4203 = CARTESIAN_POINT ( 'NONE',  ( -2.540000000000000036, -8.304633456090728671, -0.6378263041104621500 ) ) ;
#4204 = ADVANCED_FACE ( 'NONE', ( #49 ), #3039, .T. ) ;
#4205 = VERTEX_POINT ( 'NONE', #509 ) ;
#4206 = CARTESIAN_POINT ( 'NONE',  ( -2.540000000000000036, -6.523297544186566377, -0.4581050770329248012 ) ) ;
#4207 = CARTESIAN_POINT ( 'NONE',  ( -2.540000000000000036, -6.868379807692305050, 1.660769230769231664 ) ) ;
#4208 = CARTESIAN_POINT ( 'NONE',  ( -2.540000000000000036, -6.534088942307689329, -1.856153846153843601 ) ) ;
#4209 = VERTEX_POINT ( 'NONE', #470 ) ;
#4210 = CARTESIAN_POINT ( 'NONE',  ( -2.540000000000000036, 0.000000000000000000, -12.57300000000000217 ) ) ;
#4211 = PRODUCT_DEFINITION ( 'UNKNOWN', '', #2547, #1233 ) ;
#4212 = PERSON_AND_ORGANIZATION ( #2323, #4393 ) ;
#4213 = CARTESIAN_POINT ( 'NONE',  ( -2.540000000000000036, -9.651999999999997470, -2.950307692307691632 ) ) ;
#4214 = VERTEX_POINT ( 'NONE', #3063 ) ;
#4215 = EDGE_CURVE ( 'NONE', #4386, #4375, #4531, .T. ) ;
#4216 = CARTESIAN_POINT ( 'NONE',  ( -2.540000000000000036, -8.316845169087374146, -0.9722163692549092850 ) ) ;
#4217 = ORIENTED_EDGE ( 'NONE', *, *, #1897, .T. ) ;
#4218 = CARTESIAN_POINT ( 'NONE',  ( -2.540000000000000036, 7.746060074073568558, -4.974929284704340482 ) ) ;
#4219 = CARTESIAN_POINT ( 'NONE',  ( -2.540000000000000036, -8.871437650190742374, 2.775229145949356990 ) ) ;
#4220 = B_SPLINE_CURVE_WITH_KNOTS ( 'NONE', 3,
 ( #976, #3619, #562, #3605, #4694, #3176, #1358, #194, #580, #947, #3979, #4331, #2492, #3193, #3945, #2083, #1461, #1020, #3648 ),
 .UNSPECIFIED., .F., .F.,
 ( 4, 1, 1, 1, 1, 1, 1, 1, 1, 1, 1, 1, 1, 1, 1, 1, 4 ),
 ( 0.000000000000000000, 0.1156291309254410954, 0.2215410391198771034, 0.3170478562190413019, 0.4031508756396164905, 0.4801812167162791689, 0.5476493661481892650, 0.6070358428421810393, 0.6586524080635066669, 0.7057228903536453268, 0.7498040879796472602, 0.7925868153452744203, 0.8338739610102603450, 0.8747683933034325898, 0.9152226988916378758, 0.9568807037304799534, 0.9999999999999998890 ),
 .UNSPECIFIED. ) ;
#4221 = VERTEX_POINT ( 'NONE', #1681 ) ;
#4222 = CARTESIAN_POINT ( 'NONE',  ( -2.540000000000000036, -7.235710742752554658, -0.4529396695296648012 ) ) ;
#4223 = EDGE_CURVE ( 'NONE', #519, #596, #2774, .T. ) ;
#4224 = VECTOR ( 'NONE', #3434, 1000.000000000000000 ) ;
#4225 = LINE ( 'NONE', #2247, #50 ) ;
#4226 = CARTESIAN_POINT ( 'NONE',  ( -2.540000000000000036, -9.652835466521779040, 1.059583604381561850 ) ) ;
#4227 = CARTESIAN_POINT ( 'NONE',  ( -2.540000000000000036, -6.389372635508123288, 1.589149066643393393 ) ) ;
#4228 = DIRECTION ( 'NONE',  ( -0.000000000000000000, 0.9121539445652355749, 0.4098477539453903584 ) ) ;
#4229 = VERTEX_POINT ( 'NONE', #2707 ) ;
#4230 = CIRCLE ( 'NONE', #3356, 12.57300000000000040 ) ;
#4231 = CARTESIAN_POINT ( 'NONE',  ( -2.540000000000000036, -9.137671065347374721, -2.059952770869628580 ) ) ;
#4232 = ADVANCED_FACE ( 'NONE', ( #3402 ), #599, .T. ) ;
#4233 = CARTESIAN_POINT ( 'NONE',  ( -2.540000000000000036, -9.084774038461535639, 2.112596153846153069 ) ) ;
#4234 = ORIENTED_EDGE ( 'NONE', *, *, #486, .T. ) ;
#4235 = DIRECTION ( 'NONE',  ( -0.000000000000000000, -0.9999992460301319053, 0.001227981745710434109 ) ) ;
#4236 = B_SPLINE_CURVE_WITH_KNOTS ( 'NONE', 3,
 ( #3152, #566, #949, #2071 ),
 .UNSPECIFIED., .F., .F.,
 ( 4, 4 ),
 ( 16.00000000000000000, 17.00000000000000000 ),
 .UNSPECIFIED. ) ;
#4237 = VECTOR ( 'NONE', #1591, 1000.000000000000000 ) ;
#4238 = VERTEX_POINT ( 'NONE', #586 ) ;
#4239 = AXIS2_PLACEMENT_3D ( 'NONE', #447, #3785, #2332 ) ;
#4240 = CARTESIAN_POINT ( 'NONE',  ( -2.540000000000000036, -6.626593109920506208, -1.862838146694099750 ) ) ;
#4241 = EDGE_CURVE ( 'NONE', #2145, #1523, #4664, .T. ) ;
#4242 = VECTOR ( 'NONE', #191, 1000.000000000000000 ) ;
#4243 = VECTOR ( 'NONE', #2078, 999.9999999999998863 ) ;
#4244 = ORIENTED_EDGE ( 'NONE', *, *, #4456, .T. ) ;
#4245 = CALENDAR_DATE ( 2021, 12, 4 ) ;
#4246 = CARTESIAN_POINT ( 'NONE',  ( -2.540000000000000036, 4.775199999999999889, 0.000000000000000000 ) ) ;
#4247 = CARTESIAN_POINT ( 'NONE',  ( -2.540000000000000036, -8.725449519230767947, 2.726836538461538062 ) ) ;
#4248 = ORIENTED_EDGE ( 'NONE', *, *, #2536, .T. ) ;
#4249 = CARTESIAN_POINT ( 'NONE',  ( -2.540000000000000036, -8.471643923214232430, -3.229464210551649561 ) ) ;
#4250 = CIRCLE ( 'NONE', #1976, 0.2750000000000000777 ) ;
#4251 = VERTEX_POINT ( 'NONE', #2819 ) ;
#4252 = SECURITY_CLASSIFICATION ( '', '', #138 ) ;
#4253 = EDGE_CURVE ( 'NONE', #109, #1701, #1168, .T. ) ;
#4254 = DIRECTION ( 'NONE',  ( -1.000000000000000000, -0.000000000000000000, -0.000000000000000000 ) ) ;
#4255 = DIRECTION ( 'NONE',  ( -1.000000000000000000, -0.000000000000000000, -0.000000000000000000 ) ) ;
#4256 = ORIENTED_EDGE ( 'NONE', *, *, #382, .F. ) ;
#4257 = ORIENTED_EDGE ( 'NONE', *, *, #2941, .F. ) ;
#4258 = ADVANCED_FACE ( 'NONE', ( #4571 ), #228, .F. ) ;
#4259 = MECHANICAL_CONTEXT ( 'NONE', #4416, 'mechanical' ) ;
#4260 = CARTESIAN_POINT ( 'NONE',  ( -2.540000000000000036, -8.456587037213044056, -0.3737810465128111881 ) ) ;
#4261 = ORIENTED_EDGE ( 'NONE', *, *, #1729, .F. ) ;
#4262 = CARTESIAN_POINT ( 'NONE',  ( -2.540000000000000036, 6.366485086032026786, -4.973235190524890825 ) ) ;
#4263 = EDGE_CURVE ( 'NONE', #3520, #1378, #1294, .T. ) ;
#4264 = CARTESIAN_POINT ( 'NONE',  ( -2.540000000000000036, -6.426211004800521209, -1.866494546269406696 ) ) ;
#4265 = VERTEX_POINT ( 'NONE', #3153 ) ;
#4266 = VERTEX_POINT ( 'NONE', #567 ) ;
#4267 = CARTESIAN_POINT ( 'NONE',  ( -2.540000000000000036, -9.408359113174260102, -1.965541700173351947 ) ) ;
#4268 = CARTESIAN_POINT ( 'NONE',  ( -2.540000000000000036, 6.375848354638610438, 2.651683974329866800 ) ) ;
#4269 = ORIENTED_EDGE ( 'NONE', *, *, #3961, .T. ) ;
#4270 = B_SPLINE_CURVE_WITH_KNOTS ( 'NONE', 3,
 ( #4148, #2981, #744, #1551, #2996, #3381, #4530, #2279, #1132, #1929, #4544 ),
 .UNSPECIFIED., .F., .F.,
 ( 4, 1, 1, 1, 1, 1, 1, 1, 4 ),
 ( 0.000000000000000000, 0.09742066817721396765, 0.2008855880393204951, 0.3111719701726501364, 0.4297979458253727292, 0.5577399263645879124, 0.6947152693641585053, 0.8421299102060549879, 1.000000000000000000 ),
 .UNSPECIFIED. ) ;
#4271 = CARTESIAN_POINT ( 'NONE',  ( -2.540000000000000036, -8.304850454817467309, -1.748370681485462264 ) ) ;
#4272 = ORIENTED_EDGE ( 'NONE', *, *, #631, .T. ) ;
#4273 = CARTESIAN_POINT ( 'NONE',  ( -2.540000000000000036, -7.639333671353988997, 1.185749748220587207 ) ) ;
#4274 = PERSON_AND_ORGANIZATION_ROLE ( 'creator' ) ;
#4275 = DIRECTION ( 'NONE',  ( 0.000000000000000000, 0.000000000000000000, -1.000000000000000000 ) ) ;
#4276 = CARTESIAN_POINT ( 'NONE',  ( -2.540000000000000036, -8.737456242021567121, -0.3171614402617297657 ) ) ;
#4277 = CARTESIAN_POINT ( 'NONE',  ( -2.540000000000000036, -9.631061387106090166, 1.017559248660631299 ) ) ;
#4278 = DIRECTION ( 'NONE',  ( 0.000000000000000000, -0.001227981745706599502, -0.9999992460301319053 ) ) ;
#4279 = EDGE_LOOP ( 'NONE', ( #548, #3110, #1621, #2392 ) ) ;
#4280 = CARTESIAN_POINT ( 'NONE',  ( -2.540000000000000036, -8.538307692307688157, 2.112596153846153069 ) ) ;
#4281 = CARTESIAN_POINT ( 'NONE',  ( -2.540000000000000036, 6.762694016976253941, -1.205507835239117309 ) ) ;
#4282 = EDGE_CURVE ( 'NONE', #2330, #4132, #3226, .T. ) ;
#4283 = VERTEX_POINT ( 'NONE', #1225 ) ;
#4284 = CARTESIAN_POINT ( 'NONE',  ( -2.540000000000000036, 6.821927784686520724, 0.8855346308902587449 ) ) ;
#4285 = CARTESIAN_POINT ( 'NONE',  ( 3.367778697655220642E-17, 4.225000000000000533, 0.000000000000000000 ) ) ;
#4286 = CARTESIAN_POINT ( 'NONE',  ( 0.000000000000000000, 3.447199994035444526, -2.892544243589376673 ) ) ;
#4287 = B_SPLINE_CURVE_WITH_KNOTS ( 'NONE', 3,
 ( #3399, #4151, #4533, #3436 ),
 .UNSPECIFIED., .F., .F.,
 ( 4, 4 ),
 ( 2.000000000000000000, 3.000000000000000000 ),
 .UNSPECIFIED. ) ;
#4288 = CARTESIAN_POINT ( 'NONE',  ( -2.540000000000000036, -8.602697782861493891, -0.3320281403276575949 ) ) ;
#4289 = CARTESIAN_POINT ( 'NONE',  ( 5.832380380939270108E-16, 0.05000000000000000278, 4.762500000000000178 ) ) ;
#4290 = FACE_OUTER_BOUND ( 'NONE', #2084, .T. ) ;
#4291 = FACE_BOUND ( 'NONE', #1565, .T. ) ;
#4292 = ORIENTED_EDGE ( 'NONE', *, *, #2783, .F. ) ;
#4293 = PLANE ( 'NONE',  #4369 ) ;
#4294 = EDGE_CURVE ( 'NONE', #2919, #1464, #4043, .T. ) ;
#4295 = DIRECTION ( 'NONE',  ( 1.000000000000000000, 0.000000000000000000, 0.000000000000000000 ) ) ;
#4296 = ORIENTED_EDGE ( 'NONE', *, *, #4739, .T. ) ;
#4297 = LOCAL_TIME ( 16, 0, 1.000000000000000000, #2539 ) ;
#4298 = DIRECTION ( 'NONE',  ( 0.000000000000000000, -0.001227981745710735951, -0.9999992460301319053 ) ) ;
#4299 = CIRCLE ( 'NONE', #630, 4.775000000000000355 ) ;
#4300 = AXIS2_PLACEMENT_3D ( 'NONE', #2684, #3006, #427 ) ;
#4301 = VERTEX_POINT ( 'NONE', #1139 ) ;
#4302 = DIRECTION ( 'NONE',  ( 0.000000000000000000, 0.000000000000000000, 1.000000000000000000 ) ) ;
#4303 = PERSON_AND_ORGANIZATION ( #2323, #4393 ) ;
#4304 = SECURITY_CLASSIFICATION_LEVEL ( 'unclassified' ) ;
#4305 = CARTESIAN_POINT ( 'NONE',  ( -2.540000000000000036, -8.899769230769228656, -2.071076923076922149 ) ) ;
#4306 = DIRECTION ( 'NONE',  ( -0.000000000000000000, 0.001227981745710322002, 0.9999992460301319053 ) ) ;
#4307 = ORIENTED_EDGE ( 'NONE', *, *, #1645, .T. ) ;
#4308 = DIRECTION ( 'NONE',  ( 1.000000000000000000, 0.000000000000000000, 0.000000000000000000 ) ) ;
#4309 = CARTESIAN_POINT ( 'NONE',  ( -2.540000000000000036, -9.542991018623476762, 0.9276603814295930617 ) ) ;
#4310 = EDGE_CURVE ( 'NONE', #4555, #4023, #3647, .T. ) ;
#4311 = LINE ( 'NONE', #1009, #3305 ) ;
#4312 = CARTESIAN_POINT ( 'NONE',  ( 1.881250000000000089, 0.05000000000000000278, -0.01250000000000000590 ) ) ;
#4313 = CARTESIAN_POINT ( 'NONE',  ( -2.540000000000000036, -9.495315270467747482, -1.788094264732767336 ) ) ;
#4314 = VERTEX_POINT ( 'NONE', #3033 ) ;
#4315 = VERTEX_POINT ( 'NONE', #3718 ) ;
#4316 = EDGE_CURVE ( 'NONE', #1285, #4109, #1648, .T. ) ;
#4317 = DATE_TIME_ROLE ( 'creation_date' ) ;
#4318 = MANIFOLD_SOLID_BREP ( 'Wrap3', #2914 ) ;
#4319 = DIRECTION ( 'NONE',  ( 0.000000000000000000, -1.000000000000000000, 0.000000000000000000 ) ) ;
#4320 = PLANE ( 'NONE',  #329 ) ;
#4321 = EDGE_LOOP ( 'NONE', ( #2569, #2260, #4858, #4562, #2403, #2670 ) ) ;
#4322 = APPROVAL_ROLE ( '' ) ;
#4323 = DIRECTION ( 'NONE',  ( 0.000000000000000000, 0.000000000000000000, 1.000000000000000000 ) ) ;
#4324 = CARTESIAN_POINT ( 'NONE',  ( -2.540000000000000036, -9.495202363990767225, 1.162386349788799400 ) ) ;
#4325 = CARTESIAN_POINT ( 'NONE',  ( -2.540000000000000036, -8.725449519230767947, 2.726836538461538062 ) ) ;
#4326 = CARTESIAN_POINT ( 'NONE',  ( -2.540000000000000036, -9.595418175780361381, 0.9731489584312765784 ) ) ;
#4327 = VERTEX_POINT ( 'NONE', #4089 ) ;
#4328 = CARTESIAN_POINT ( 'NONE',  ( -2.540000000000000036, 7.649510260283718388, 3.970598002931378101 ) ) ;
#4329 = ORIENTED_EDGE ( 'NONE', *, *, #1660, .F. ) ;
#4330 = ORIENTED_EDGE ( 'NONE', *, *, #4050, .T. ) ;
#4331 = CARTESIAN_POINT ( 'NONE',  ( -2.540000000000000036, -6.338183981838376724, 1.339963016599001300 ) ) ;
#4332 = APPROVAL_PERSON_ORGANIZATION ( #2335, #3681, #919 ) ;
#4333 = CARTESIAN_POINT ( 'NONE',  ( 0.000000000000000000, 4.500000000000000888, 0.000000000000000000 ) ) ;
#4334 = CARTESIAN_POINT ( 'NONE',  ( -2.540000000000000036, -7.092461538461536819, 2.149230769230770388 ) ) ;
#4335 = ORIENTED_EDGE ( 'NONE', *, *, #3734, .T. ) ;
#4336 = DIRECTION ( 'NONE',  ( 0.000000000000000000, -1.224646799147351482E-16, 1.000000000000000000 ) ) ;
#4337 = CARTESIAN_POINT ( 'NONE',  ( -2.540000000000000036, -9.369259163393019563, 0.9602433488406493245 ) ) ;
#4338 = CARTESIAN_POINT ( 'NONE',  ( -2.540000000000000036, -8.408254807692305377, -1.982848557692306946 ) ) ;
#4339 = DIRECTION ( 'NONE',  ( 1.000000000000000000, 0.000000000000000000, 0.000000000000000000 ) ) ;
#4340 = VERTEX_POINT ( 'NONE', #3764 ) ;
#4341 = FACE_OUTER_BOUND ( 'NONE', #4382, .T. ) ;
#4342 = PERSON ( 'NAUO-PER2', 'UNSPECIFIED', 'UNSPECIFIED', ('UNSPECIFIED'), ('UNSPECIFIED'), ('UNSPECIFIED') ) ;
#4343 = FACE_OUTER_BOUND ( 'NONE', #3323, .T. ) ;
#4344 = CARTESIAN_POINT ( 'NONE',  ( -2.540000000000000036, -8.202997436452317714, -1.515767672556945778 ) ) ;
#4345 = CARTESIAN_POINT ( 'NONE',  ( -2.540000000000000036, 7.666765349206116298, 4.445913174563674630 ) ) ;
#4346 = CC_DESIGN_APPROVAL ( #4082, ( #3922 ) ) ;
#4347 = CARTESIAN_POINT ( 'NONE',  ( -2.540000000000000036, 7.498932802655883911, -3.414618017619561741 ) ) ;
#4348 = EDGE_CURVE ( 'NONE', #3833, #1779, #2053, .T. ) ;
#4349 = ORIENTED_EDGE ( 'NONE', *, *, #310, .T. ) ;
#4350 = DIRECTION ( 'NONE',  ( 1.000000000000000000, 0.000000000000000000, 0.000000000000000000 ) ) ;
#4351 = CARTESIAN_POINT ( 'NONE',  ( -2.540000000000000036, -7.348995349365827323, 1.382205493974298260 ) ) ;
#4352 = CARTESIAN_POINT ( 'NONE',  ( -2.540000000000000036, 7.587819290282484808, 5.836518905277791269 ) ) ;
#4353 = EDGE_CURVE ( 'NONE', #3259, #1684, #3178, .T. ) ;
#4354 = LINE ( 'NONE', #2749, #242 ) ;
#4355 = ORIENTED_EDGE ( 'NONE', *, *, #132, .F. ) ;
#4356 = CARTESIAN_POINT ( 'NONE',  ( -2.540000000000000036, -9.211947944771219809, 0.9245486037945433999 ) ) ;
#4357 = CARTESIAN_POINT ( 'NONE',  ( -2.540000000000000036, -9.651999999999997470, 3.206749999999999545 ) ) ;
#4358 = CALENDAR_DATE ( 2021, 12, 4 ) ;
#4359 = CARTESIAN_POINT ( 'NONE',  ( -2.540000000000000036, 6.757750797892491335, 5.214143369441851306 ) ) ;
#4360 = CARTESIAN_POINT ( 'NONE',  ( -2.540000000000000036, -7.619999999999997442, -2.774461538461535426 ) ) ;
#4361 = VECTOR ( 'NONE', #2423, 1000.000000000000000 ) ;
#4362 = DIRECTION ( 'NONE',  ( -1.000000000000000000, -0.000000000000000000, -0.000000000000000000 ) ) ;
#4363 = ORIENTED_EDGE ( 'NONE', *, *, #3996, .T. ) ;
#4364 = CARTESIAN_POINT ( 'NONE',  ( -2.540000000000000036, 4.775199999999999889, 0.000000000000000000 ) ) ;
#4365 = CALENDAR_DATE ( 2021, 12, 4 ) ;
#4366 = CARTESIAN_POINT ( 'NONE',  ( -2.540000000000000036, 7.536189457891851795, 3.573858247018710355 ) ) ;
#4367 = VECTOR ( 'NONE', #1258, 1000.000000000000000 ) ;
#4368 = CARTESIAN_POINT ( 'NONE',  ( -2.540000000000000036, -6.375468296549001934, -2.115186128379823671 ) ) ;
#4369 = AXIS2_PLACEMENT_3D ( 'NONE', #1658, #1625, #2421 ) ;
#4370 = CARTESIAN_POINT ( 'NONE',  ( -2.540000000000000036, -7.105266087684648291, 1.454283864293650419 ) ) ;
#4371 = LINE ( 'NONE', #3772, #2778 ) ;
#4372 = VERTEX_POINT ( 'NONE', #3821 ) ;
#4373 = DIRECTION ( 'NONE',  ( -1.000000000000000000, -0.000000000000000000, -0.000000000000000000 ) ) ;
#4374 = CARTESIAN_POINT ( 'NONE',  ( -2.540000000000000036, -6.095999999999998309, -1.102701923076922164 ) ) ;
#4375 = VERTEX_POINT ( 'NONE', #3492 ) ;
#4376 = CARTESIAN_POINT ( 'NONE',  ( -2.540000000000000036, -7.463692307692306294, 5.421010862427523156E-16 ) ) ;
#4377 = CARTESIAN_POINT ( 'NONE',  ( -2.540000000000000036, -8.900379807692305079, -0.1172307692307681254 ) ) ;
#4378 = EDGE_CURVE ( 'NONE', #4265, #1909, #476, .T. ) ;
#4379 = CARTESIAN_POINT ( 'NONE',  ( -2.540000000000000036, 7.755506670731242558, -2.933490161529957341 ) ) ;
#4380 = EDGE_LOOP ( 'NONE', ( #3579, #1535, #4523, #4484, #3910, #2965, #818, #909, #3479, #1876, #458, #41 ) ) ;
#4381 = DIRECTION ( 'NONE',  ( 0.000000000000000000, 0.000000000000000000, 1.000000000000000000 ) ) ;
#4382 = EDGE_LOOP ( 'NONE', ( #2995, #2672, #4725, #4383 ) ) ;
#4383 = ORIENTED_EDGE ( 'NONE', *, *, #4609, .F. ) ;
#4384 = CARTESIAN_POINT ( 'NONE',  ( -2.540000000000000036, -7.462543038419085839, 1.202411142971605118 ) ) ;
#4385 = DIRECTION ( 'NONE',  ( 0.000000000000000000, 1.000000000000000000, 0.000000000000000000 ) ) ;
#4386 = VERTEX_POINT ( 'NONE', #4208 ) ;
#4387 = CARTESIAN_POINT ( 'NONE',  ( -2.540000000000000036, -9.651179195159096835, -1.627702984538418107 ) ) ;
#4388 = CARTESIAN_POINT ( 'NONE',  ( -2.540000000000000036, -8.546681436380117347, 2.918989085734556621 ) ) ;
#4389 = CARTESIAN_POINT ( 'NONE',  ( -2.540000000000000036, -7.492694711538459451, -0.3403966346153841083 ) ) ;
#4390 = CARTESIAN_POINT ( 'NONE',  ( -2.540000000000000036, -7.619674382831719939, -0.1492693471400664829 ) ) ;
#4391 = LOCAL_TIME ( 16, 0, 1.000000000000000000, #525 ) ;
#4392 = CARTESIAN_POINT ( 'NONE',  ( -2.540000000000000036, -9.651999999999997470, 2.561980769230768562 ) ) ;
#4393 = ORGANIZATION ( 'UNSPECIFIED', 'UNSPECIFIED', '' ) ;
#4394 = VERTEX_POINT ( 'NONE', #108 ) ;
#4395 = AXIS2_PLACEMENT_3D ( 'NONE', #3937, #2090, #1715 ) ;
#4396 = CARTESIAN_POINT ( 'NONE',  ( -2.540000000000000036, 7.761799480845715138, 3.832801469995910537 ) ) ;
#4397 = EDGE_CURVE ( 'NONE', #4855, #2391, #3795, .T. ) ;
#4398 = VECTOR ( 'NONE', #726, 1000.000000000000000 ) ;
#4399 = CARTESIAN_POINT ( 'NONE',  ( -2.540000000000000036, -6.095999999999998309, -1.102701923076922164 ) ) ;
#4400 = ORIENTED_EDGE ( 'NONE', *, *, #61, .T. ) ;
#4401 =( GEOMETRIC_REPRESENTATION_CONTEXT ( 3 ) GLOBAL_UNCERTAINTY_ASSIGNED_CONTEXT ( ( #1335 ) ) GLOBAL_UNIT_ASSIGNED_CONTEXT ( ( #711, #669, #1078 ) ) REPRESENTATION_CONTEXT ( 'NONE', 'WORKASPACE' ) );
#4402 = CARTESIAN_POINT ( 'NONE',  ( -2.540000000000000036, -9.639015433758247653, -1.594514105136382698 ) ) ;
#4403 = CARTESIAN_POINT ( 'NONE',  ( -2.540000000000000036, 6.329281011760307329, 5.221910107225780528 ) ) ;
#4404 = CARTESIAN_POINT ( 'NONE',  ( -2.540000000000000036, -8.518769230769228429, 3.064485576923076771 ) ) ;
#4405 = CARTESIAN_POINT ( 'NONE',  ( -2.540000000000000036, -6.523297544186565489, 0.7142026152747680268 ) ) ;
#4406 = ORIENTED_EDGE ( 'NONE', *, *, #3828, .F. ) ;
#4407 = VECTOR ( 'NONE', #4539, 1000.000000000000000 ) ;
#4408 = AXIS2_PLACEMENT_3D ( 'NONE', #2824, #2449, #4336 ) ;
#4409 = ORIENTED_EDGE ( 'NONE', *, *, #3550, .T. ) ;
#4410 = CARTESIAN_POINT ( 'NONE',  ( -2.540000000000000036, 0.000000000000000000, 0.000000000000000000 ) ) ;
#4411 = PERSON_AND_ORGANIZATION ( #1919, #1118 ) ;
#4412 = PLANE ( 'NONE',  #3733 ) ;
#4413 = CIRCLE ( 'NONE', #1279, 4.225000000000000533 ) ;
#4414 = LINE ( 'NONE', #1067, #1422 ) ;
#4415 = VERTEX_POINT ( 'NONE', #1622 ) ;
#4416 = APPLICATION_CONTEXT ( 'configuration controlled 3d designs of mechanical parts and assemblies' ) ;
#4417 = CARTESIAN_POINT ( 'NONE',  ( -2.540000000000000036, -9.507271792519276232, -2.130474791859827022 ) ) ;
#4418 = PERSON_AND_ORGANIZATION ( #2323, #4393 ) ;
#4419 = B_SPLINE_CURVE_WITH_KNOTS ( 'NONE', 3,
 ( #3698, #1524, #1120, #1831, #3335, #749, #1880, #2633, #1508, #1900, #369, #4516, #327, #1457, #4073, #2239, #1100, #4471, #1073, #311, #2270, #3371, #2566, #1496, #1478, #722, #2937 ),
 .UNSPECIFIED., .F., .F.,
 ( 4, 1, 1, 1, 1, 1, 1, 1, 1, 1, 1, 1, 1, 1, 1, 1, 1, 1, 1, 1, 1, 1, 1, 1, 4 ),
 ( 0.000000000000000000, 0.06311445839479416786, 0.1236146457694902168, 0.1809737111859575087, 0.2352614550083220457, 0.2871007018338722627, 0.3360307363034443773, 0.3823823485850662562, 0.4263340836597067640, 0.4682106947981609646, 0.5082496012618058501, 0.5466283366065857185, 0.5836495392304460461, 0.6189943150301621122, 0.6535830186205956460, 0.6871561361903320009, 0.7204221919788077466, 0.7532302188118170649, 0.7862601560779001186, 0.8195039834988844252, 0.8535452747120184647, 0.8883082803397301941, 0.9239958607406951741, 0.9613503047546450020, 1.000000000000000000 ),
 .UNSPECIFIED. ) ;
#4420 = ORIENTED_EDGE ( 'NONE', *, *, #610, .F. ) ;
#4421 = CARTESIAN_POINT ( 'NONE',  ( -2.540000000000000036, -6.869295673076921460, 2.372701923076924402 ) ) ;
#4422 = CARTESIAN_POINT ( 'NONE',  ( -2.540000000000000036, -8.569409301394083300, 3.266540876104169655 ) ) ;
#4423 = EDGE_CURVE ( 'NONE', #3987, #4618, #1812, .T. ) ;
#4424 = DIRECTION ( 'NONE',  ( 0.000000000000000000, 0.6427876096865280386, 0.7660444431189875614 ) ) ;
#4425 = FACE_OUTER_BOUND ( 'NONE', #3493, .T. ) ;
#4426 = ORIENTED_EDGE ( 'NONE', *, *, #3317, .T. ) ;
#4427 = AXIS2_PLACEMENT_3D ( 'NONE', #3903, #4603, #2736 ) ;
#4428 = DIRECTION ( 'NONE',  ( 0.000000000000000000, 0.000000000000000000, 1.000000000000000000 ) ) ;
#4429 = CARTESIAN_POINT ( 'NONE',  ( -2.540000000000000036, -9.072661317225954036, 2.112586016838605030 ) ) ;
#4430 = VERTEX_POINT ( 'NONE', #4247 ) ;
#4431 = CARTESIAN_POINT ( 'NONE',  ( -2.540000000000000036, -6.783980065153136785, 0.8802053873406308071 ) ) ;
#4432 = CARTESIAN_POINT ( 'NONE',  ( 6.123233995736766344E-18, 0.000000000000000000, -0.05000000000000000278 ) ) ;
#4433 = CARTESIAN_POINT ( 'NONE',  ( -2.540000000000000036, -8.891221153846151637, 3.402134615384615035 ) ) ;
#4434 = ORIENTED_EDGE ( 'NONE', *, *, #1612, .F. ) ;
#4435 = CARTESIAN_POINT ( 'NONE',  ( -2.540000000000000036, -6.095999999999998309, 1.172307692307693605 ) ) ;
#4436 = EDGE_CURVE ( 'NONE', #1090, #3261, #28, .T. ) ;
#4437 = DIRECTION ( 'NONE',  ( 1.000000000000000000, 0.000000000000000000, 0.000000000000000000 ) ) ;
#4438 = CARTESIAN_POINT ( 'NONE',  ( -2.540000000000000036, -6.362429277157941598, 0.1904631950331587553 ) ) ;
#4439 = ORIENTED_EDGE ( 'NONE', *, *, #1117, .T. ) ;
#4440 = DIRECTION ( 'NONE',  ( 0.000000000000000000, 0.000000000000000000, 1.000000000000000000 ) ) ;
#4441 = CARTESIAN_POINT ( 'NONE',  ( -2.540000000000000036, 6.936870063618124860, 5.972525936112138112 ) ) ;
#4442 = EDGE_CURVE ( 'NONE', #4518, #775, #43, .T. ) ;
#4443 = CARTESIAN_POINT ( 'NONE',  ( -2.540000000000000036, 4.775199999999999889, 0.000000000000000000 ) ) ;
#4444 = CARTESIAN_POINT ( 'NONE',  ( -2.540000000000000036, -9.049239117896865636, 2.112566415049149882 ) ) ;
#4445 = B_SPLINE_CURVE_WITH_KNOTS ( 'NONE', 3,
 ( #4441, #2544, #1045, #4809 ),
 .UNSPECIFIED., .F., .F.,
 ( 4, 4 ),
 ( 22.00000000000000000, 23.00000000000000000 ),
 .UNSPECIFIED. ) ;
#4446 = CALENDAR_DATE ( 2021, 12, 4 ) ;
#4447 = ORIENTED_EDGE ( 'NONE', *, *, #2728, .F. ) ;
#4448 = CARTESIAN_POINT ( 'NONE',  ( -2.540000000000000036, -8.934683915248935904, -1.093655886816677025 ) ) ;
#4449 = PLANE ( 'NONE',  #299 ) ;
#4450 = ORIENTED_EDGE ( 'NONE', *, *, #4788, .F. ) ;
#4451 = CARTESIAN_POINT ( 'NONE',  ( -4.381250000000000533, 0.05000000000000000278, -0.01250000000000000590 ) ) ;
#4452 = VERTEX_POINT ( 'NONE', #450 ) ;
#4453 = CARTESIAN_POINT ( 'NONE',  ( -2.540000000000000036, -7.619674382831718162, 1.023038345167626151 ) ) ;
#4454 = LINE ( 'NONE', #4494, #1051 ) ;
#4455 = VECTOR ( 'NONE', #4025, 1000.000000000000000 ) ;
#4456 = EDGE_CURVE ( 'NONE', #1401, #3077, #1552, .T. ) ;
#4457 = DIRECTION ( 'NONE',  ( 1.000000000000000000, 0.000000000000000000, 0.000000000000000000 ) ) ;
#4458 = ORIENTED_EDGE ( 'NONE', *, *, #4862, .T. ) ;
#4459 = CARTESIAN_POINT ( 'NONE',  ( -2.540000000000000036, -6.095999999999998309, 5.421010862427522170E-16 ) ) ;
#4460 = FACE_OUTER_BOUND ( 'NONE', #110, .T. ) ;
#4461 = PRODUCT_RELATED_PRODUCT_CATEGORY ( 'detail', '', ( #1705 ) ) ;
#4462 = EDGE_CURVE ( 'NONE', #2388, #378, #1046, .T. ) ;
#4463 = ORIENTED_EDGE ( 'NONE', *, *, #1494, .F. ) ;
#4464 = PLANE ( 'NONE',  #4867 ) ;
#4465 = CARTESIAN_POINT ( 'NONE',  ( -2.540000000000000036, -7.169536708591898844, 0.2731097223575129629 ) ) ;
#4466 = CARTESIAN_POINT ( 'NONE',  ( -2.540000000000000036, 7.650525262860737641, 0.3450468876736410562 ) ) ;
#4467 = VECTOR ( 'NONE', #2032, 1000.000000000000000 ) ;
#4468 = VECTOR ( 'NONE', #3800, 1000.000000000000000 ) ;
#4469 = ORIENTED_EDGE ( 'NONE', *, *, #4788, .T. ) ;
#4470 = LOCAL_TIME ( 16, 0, 1.000000000000000000, #2826 ) ;
#4471 = CARTESIAN_POINT ( 'NONE',  ( -2.540000000000000036, -8.211633867921200647, -2.049854446807275021 ) ) ;
#4472 = AXIS2_PLACEMENT_3D ( 'NONE', #2474, #4362, #2127 ) ;
#4473 = CARTESIAN_POINT ( 'NONE',  ( -2.540000000000000036, -9.137266087684647431, -0.3237161357063494393 ) ) ;
#4474 = FACE_BOUND ( 'NONE', #1957, .T. ) ;
#4475 = CARTESIAN_POINT ( 'NONE',  ( -2.540000000000000036, -9.380995349365822022, -1.568102198333394259 ) ) ;
#4476 = DIRECTION ( 'NONE',  ( 1.000000000000000000, 0.000000000000000000, 0.000000000000000000 ) ) ;
#4477 = COORDINATED_UNIVERSAL_TIME_OFFSET ( 5, 0, .BEHIND. ) ;
#4478 = CARTESIAN_POINT ( 'NONE',  ( -2.540000000000000036, -6.867769230769228628, 0.8792307692307703704 ) ) ;
#4479 = VECTOR ( 'NONE', #3701, 1000.000000000000000 ) ;
#4480 = ORIENTED_EDGE ( 'NONE', *, *, #1190, .T. ) ;
#4481 = EDGE_CURVE ( 'NONE', #1790, #314, #4868, .T. ) ;
#4482 = CARTESIAN_POINT ( 'NONE',  ( -2.540000000000000036, -8.726606296003781793, 3.380833860278495528 ) ) ;
#4483 = AXIS2_PLACEMENT_3D ( 'NONE', #3149, #915, #173 ) ;
#4484 = ORIENTED_EDGE ( 'NONE', *, *, #4760, .T. ) ;
#4485 = EDGE_CURVE ( 'NONE', #3832, #3657, #2865, .T. ) ;
#4486 = CARTESIAN_POINT ( 'NONE',  ( -2.540000000000000036, 8.145647153605654722, -4.028004414013945045 ) ) ;
#4487 = ORIENTED_EDGE ( 'NONE', *, *, #2966, .F. ) ;
#4488 = CARTESIAN_POINT ( 'NONE',  ( -2.540000000000000036, -9.663395821192219515, -0.7078618942905010591 ) ) ;
#4489 = VERTEX_POINT ( 'NONE', #4840 ) ;
#4490 = CARTESIAN_POINT ( 'NONE',  ( -2.540000000000000036, -6.546242933368322525, 0.4629666328508287854 ) ) ;
#4491 = CARTESIAN_POINT ( 'NONE',  ( -2.540000000000000036, 8.153810367471962195, 2.619657686830466847 ) ) ;
#4492 = ORIENTED_EDGE ( 'NONE', *, *, #3500, .F. ) ;
#4493 = CARTESIAN_POINT ( 'NONE',  ( -2.540000000000000036, -8.599597795040073933, -2.050243637691047116 ) ) ;
#4494 = CARTESIAN_POINT ( 'NONE',  ( -2.540000000000000036, 8.063579704479748145, 0.8840099038486282090 ) ) ;
#4495 = EDGE_CURVE ( 'NONE', #4205, #4127, #2456, .T. ) ;
#4496 = CARTESIAN_POINT ( 'NONE',  ( -2.540000000000000036, -9.614927740002237044, -2.012910628006103764 ) ) ;
#4497 = APPROVAL_DATE_TIME ( #461, #1094 ) ;
#4498 = CARTESIAN_POINT ( 'NONE',  ( -2.540000000000000036, -9.479946623836841724, -0.5180638667359807048 ) ) ;
#4499 = CARTESIAN_POINT ( 'NONE',  ( -2.540000000000000036, -9.495307032150570592, -1.767908262986805701 ) ) ;
#4500 = DIRECTION ( 'NONE',  ( 1.000000000000000000, 0.000000000000000000, 0.000000000000000000 ) ) ;
#4501 = SHAPE_DEFINITION_REPRESENTATION ( #2733, #684 ) ;
#4502 = CARTESIAN_POINT ( 'NONE',  ( -2.540000000000000036, -9.283325041555599455, 1.430759400740161835 ) ) ;
#4503 = VERTEX_POINT ( 'NONE', #3768 ) ;
#4504 = CARTESIAN_POINT ( 'NONE',  ( -2.540000000000000036, -6.561189008742069007, -1.338714202290340660 ) ) ;
#4505 = ORIENTED_EDGE ( 'NONE', *, *, #848, .F. ) ;
#4506 = ORIENTED_EDGE ( 'NONE', *, *, #2966, .T. ) ;
#4507 = CARTESIAN_POINT ( 'NONE',  ( 0.000000000000000000, 0.05000000000000000278, 0.000000000000000000 ) ) ;
#4508 = CARTESIAN_POINT ( 'NONE',  ( -2.540000000000000036, -8.648803266651038157, -3.213190569173134836 ) ) ;
#4509 = EDGE_LOOP ( 'NONE', ( #2557, #4628, #1732, #804 ) ) ;
#4510 = EDGE_CURVE ( 'NONE', #1448, #4489, #4724, .T. ) ;
#4511 = CARTESIAN_POINT ( 'NONE',  ( -2.540000000000000036, 8.009062117620672439, 0.3446066106288729336 ) ) ;
#4512 = ORIENTED_EDGE ( 'NONE', *, *, #4834, .F. ) ;
#4513 = ORIENTED_EDGE ( 'NONE', *, *, #3097, .T. ) ;
#4514 = CIRCLE ( 'NONE', #2972, 1.500000000000000222 ) ;
#4515 = CARTESIAN_POINT ( 'NONE',  ( -2.540000000000000036, -6.476458969370961327, -0.4473097963156275059 ) ) ;
#4516 = CARTESIAN_POINT ( 'NONE',  ( -2.540000000000000036, -8.385357369927897153, -2.181982053590382442 ) ) ;
#4517 = CARTESIAN_POINT ( 'NONE',  ( -2.540000000000000036, -8.899769230769228656, -0.3126153846153835181 ) ) ;
#4518 = VERTEX_POINT ( 'NONE', #2610 ) ;
#4519 = AXIS2_PLACEMENT_3D ( 'NONE', #2975, #3769, #2960 ) ;
#4520 = LINE ( 'NONE', #4280, #4467 ) ;
#4521 = CARTESIAN_POINT ( 'NONE',  ( -2.540000000000000036, 7.650525262860737641, 0.3450468876736410562 ) ) ;
#4522 = CARTESIAN_POINT ( 'NONE',  ( -2.540000000000000036, -9.495194419621011406, 1.188938489266220699 ) ) ;
#4523 = ORIENTED_EDGE ( 'NONE', *, *, #4772, .T. ) ;
#4524 = CARTESIAN_POINT ( 'NONE',  ( -2.540000000000000036, -8.871066927329355423, -1.485108102736824032 ) ) ;
#4525 = PRODUCT_DEFINITION_FORMATION_WITH_SPECIFIED_SOURCE ( 'ANY', '', #1739, .NOT_KNOWN. ) ;
#4526 = VECTOR ( 'NONE', #182, 1000.000000000000000 ) ;
#4527 = EDGE_CURVE ( 'NONE', #1291, #993, #1995, .T. ) ;
#4528 = CARTESIAN_POINT ( 'NONE',  ( -2.540000000000000036, 7.719281168556324957, 2.301063192880259400 ) ) ;
#4529 = ORIENTED_EDGE ( 'NONE', *, *, #4348, .T. ) ;
#4530 = CARTESIAN_POINT ( 'NONE',  ( -2.540000000000000036, -7.153866887789304130, 0.7033842501969923555 ) ) ;
#4531 = B_SPLINE_CURVE_WITH_KNOTS ( 'NONE', 3,
 ( #3830, #3101, #863, #4240, #3486, #3846, #1616, #1989, #176, #933, #3557, #2773, #3541, #950, #3575, #2465, #1280, #2086, #4714 ),
 .UNSPECIFIED., .F., .F.,
 ( 4, 1, 1, 1, 1, 1, 1, 1, 1, 1, 1, 1, 1, 1, 1, 1, 4 ),
 ( 0.000000000000000000, 0.05804806865914693276, 0.1142127550191540525, 0.1688916471752765769, 0.2226262701242396336, 0.2756512298918104564, 0.3287250271459027373, 0.3816587912372604863, 0.4359534350342104125, 0.4912638558489653140, 0.5489925911805686454, 0.6104165486580287459, 0.6762479649809730597, 0.7474094740183923058, 0.8248664857445533460, 0.9090259917114389410, 1.000000000000000000 ),
 .UNSPECIFIED. ) ;
#4532 = COORDINATED_UNIVERSAL_TIME_OFFSET ( 5, 0, .BEHIND. ) ;
#4533 = CARTESIAN_POINT ( 'NONE',  ( -2.540000000000000036, 6.937798319534827840, 4.049380828676246047 ) ) ;
#4534 = ORIENTED_EDGE ( 'NONE', *, *, #1756, .T. ) ;
#4535 = DIRECTION ( 'NONE',  ( -0.7071067811865426878, 0.000000000000000000, 0.7071067811865523467 ) ) ;
#4536 = CARTESIAN_POINT ( 'NONE',  ( -2.540000000000000036, -6.143972660142820175, 1.389014278526908175 ) ) ;
#4537 = PRODUCT_DEFINITION_SHAPE ( 'NONE', 'NONE',  #926 ) ;
#4538 = VERTEX_POINT ( 'NONE', #3784 ) ;
#4539 = DIRECTION ( 'NONE',  ( 0.7071067811865426878, 0.000000000000000000, -0.7071067811865523467 ) ) ;
#4540 = DIRECTION ( 'NONE',  ( 0.000000000000000000, 0.000000000000000000, 1.000000000000000000 ) ) ;
#4541 = FACE_OUTER_BOUND ( 'NONE', #677, .T. ) ;
#4542 = B_SPLINE_CURVE_WITH_KNOTS ( 'NONE', 3,
 ( #4713, #3519, #2528, #3215 ),
 .UNSPECIFIED., .F., .F.,
 ( 4, 4 ),
 ( 23.00000000000000000, 24.00000000000000000 ),
 .UNSPECIFIED. ) ;
#4543 = EDGE_CURVE ( 'NONE', #500, #3088, #1608, .T. ) ;
#4544 = CARTESIAN_POINT ( 'NONE',  ( -2.540000000000000036, -6.868379807692305050, 0.6838461538461548805 ) ) ;
#4545 = CARTESIAN_POINT ( 'NONE',  ( -2.540000000000000036, 7.977281899876230042, 4.430571672588561327 ) ) ;
#4546 = ORIENTED_EDGE ( 'NONE', *, *, #2864, .T. ) ;
#4547 = ORIENTED_EDGE ( 'NONE', *, *, #1951, .T. ) ;
#4548 = AXIS2_PLACEMENT_3D ( 'NONE', #2064, #4295, #2047 ) ;
#4549 = CARTESIAN_POINT ( 'NONE',  ( -2.540000000000000036, -6.095999999999998309, 5.421010862427522170E-16 ) ) ;
#4550 = CARTESIAN_POINT ( 'NONE',  ( -2.540000000000000036, -6.867769230769228628, 1.465384615384616396 ) ) ;
#4551 = CARTESIAN_POINT ( 'NONE',  ( -2.540000000000000036, -6.850061781606480160, 1.660627706050851193 ) ) ;
#4552 = CARTESIAN_POINT ( 'NONE',  ( -2.540000000000000036, 7.154196724320334155, 5.008880501096596660 ) ) ;
#4553 = CARTESIAN_POINT ( 'NONE',  ( -2.540000000000000036, 7.780477673051001020, -0.7252303260061669921 ) ) ;
#4554 = EDGE_CURVE ( 'NONE', #480, #1448, #3920, .T. ) ;
#4555 = VERTEX_POINT ( 'NONE', #335 ) ;
#4556 = EDGE_LOOP ( 'NONE', ( #2159, #2274, #1042, #24 ) ) ;
#4557 = CARTESIAN_POINT ( 'NONE',  ( -2.540000000000000036, -8.694830318223219834, 3.008297321500169819 ) ) ;
#4558 = B_SPLINE_CURVE_WITH_KNOTS ( 'NONE', 3,
 ( #3273, #2141, #3630, #1373, #659, #1028, #4021, #4405, #2154, #1796, #1828, #765, #3732, #365, #3369, #2630, #1845, #1454, #2949, #2234, #3383, #4817, #3331, #1114, #1436, #1811, #4435 ),
 .UNSPECIFIED., .F., .F.,
 ( 4, 1, 1, 1, 1, 1, 1, 1, 1, 1, 1, 1, 1, 1, 1, 1, 1, 1, 1, 1, 1, 1, 1, 1, 4 ),
 ( 0.000000000000000000, 0.06311445839479330744, 0.1236146457694901751, 0.1809737111859574532, 0.2352614550083219902, 0.2871007018338722072, 0.3360307363034434891, 0.3823823485850660897, 0.4263340836597073191, 0.4682106947981599099, 0.5082496012618049619, 0.5466283366065848304, 0.5836495392304464902, 0.6189943150301617791, 0.6535830186205962011, 0.6871561361903312237, 0.7204221919788076356, 0.7532302188118169539, 0.7862601560779000076, 0.8195039834988839811, 0.8535452747120185757, 0.8883082803397298610, 0.9239958607406948410, 0.9613503047546447799, 1.000000000000000000 ),
 .UNSPECIFIED. ) ;
#4559 = DIRECTION ( 'NONE',  ( -0.000000000000000000, -0.9999875528078735476, 0.004989411720881016359 ) ) ;
#4560 = EDGE_CURVE ( 'NONE', #4843, #1401, #3601, .T. ) ;
#4561 = APPROVAL_PERSON_ORGANIZATION ( #991, #1094, #1282 ) ;
#4562 = ORIENTED_EDGE ( 'NONE', *, *, #1494, .T. ) ;
#4563 = CARTESIAN_POINT ( 'NONE',  ( -2.540000000000000036, 7.088267073211002689, 4.942826002504721927 ) ) ;
#4564 = CARTESIAN_POINT ( 'NONE',  ( -2.540000000000000036, -6.746510494744864417, -2.147430646841915980 ) ) ;
#4565 = ORIENTED_EDGE ( 'NONE', *, *, #644, .F. ) ;
#4566 = EDGE_LOOP ( 'NONE', ( #4513, #3653, #2675, #4269, #4567 ) ) ;
#4567 = ORIENTED_EDGE ( 'NONE', *, *, #3708, .T. ) ;
#4568 = ADVANCED_FACE ( 'NONE', ( #1103 ), #700, .T. ) ;
#4569 = CARTESIAN_POINT ( 'NONE',  ( -2.540000000000000036, -8.741753341701434366, 2.506564485837015077 ) ) ;
#4570 = CARTESIAN_POINT ( 'NONE',  ( -2.540000000000000036, -8.555297544186563741, -1.063797384725232220 ) ) ;
#4571 = FACE_OUTER_BOUND ( 'NONE', #1266, .T. ) ;
#4572 = LINE ( 'NONE', #2179, #2980 ) ;
#4573 = B_SPLINE_CURVE_WITH_KNOTS ( 'NONE', 3,
 ( #3556, #2788, #4662, #2464, #2818, #585, #2838, #598, #1680, #175, #900 ),
 .UNSPECIFIED., .F., .F.,
 ( 4, 1, 1, 1, 1, 1, 1, 1, 4 ),
 ( 0.000000000000000000, 0.1428250587215692535, 0.2747889427656924899, 0.3980100116350987483, 0.5174379727098236126, 0.6346044449490653161, 0.7519488386867851926, 0.8730097295444708694, 1.000000000000000000 ),
 .UNSPECIFIED. ) ;
#4574 = PLANE ( 'NONE',  #4838 ) ;
#4575 = CARTESIAN_POINT ( 'NONE',  ( -2.540000000000000036, -8.753150936551589822, 2.850018112353396749 ) ) ;
#4576 = EDGE_CURVE ( 'NONE', #4489, #2717, #18, .T. ) ;
#4577 = LINE ( 'NONE', #2803, #1824 ) ;
#4578 = EDGE_LOOP ( 'NONE', ( #3452, #3094, #4729, #2817 ) ) ;
#4579 = CARTESIAN_POINT ( 'NONE',  ( -2.540000000000000036, -6.107390616492251567, -0.1145796239965531510 ) ) ;
#4580 = CARTESIAN_POINT ( 'NONE',  ( -2.540000000000000036, -6.550892798987070442, -2.071292419273615515 ) ) ;
#4581 = CARTESIAN_POINT ( 'NONE',  ( -2.540000000000000036, -6.583717116072669739, 1.642248837873411249 ) ) ;
#4582 = LINE ( 'NONE', #1349, #4526 ) ;
#4583 = CARTESIAN_POINT ( 'NONE',  ( -2.540000000000000036, -6.095999999999998309, -1.102701923076922164 ) ) ;
#4584 = B_SPLINE_CURVE_WITH_KNOTS ( 'NONE', 3,
 ( #2167, #7, #3796, #44 ),
 .UNSPECIFIED., .F., .F.,
 ( 4, 4 ),
 ( 1.000000000000000000, 2.000000000000000000 ),
 .UNSPECIFIED. ) ;
#4585 = FACE_OUTER_BOUND ( 'NONE', #1147, .T. ) ;
#4586 = ORIENTED_EDGE ( 'NONE', *, *, #4442, .F. ) ;
#4587 = CARTESIAN_POINT ( 'NONE',  ( -2.540000000000000036, -8.408254807692305377, -1.982848557692306946 ) ) ;
#4588 = CARTESIAN_POINT ( 'NONE',  ( -2.540000000000000036, -6.271846153846150962, -2.774461538461535426 ) ) ;
#4589 = CARTESIAN_POINT ( 'NONE',  ( -2.540000000000000036, -9.243674079184692971, -0.1471447643419561691 ) ) ;
#4590 = DATE_AND_TIME ( #3247, #2890 ) ;
#4591 = EDGE_CURVE ( 'NONE', #1256, #3179, #3914, .T. ) ;
#4592 = DIRECTION ( 'NONE',  ( 1.000000000000000000, 0.000000000000000000, 0.000000000000000000 ) ) ;
#4593 = FACE_OUTER_BOUND ( 'NONE', #4566, .T. ) ;
#4594 = DIRECTION ( 'NONE',  ( 0.000000000000000000, 0.000000000000000000, 1.000000000000000000 ) ) ;
#4595 = CARTESIAN_POINT ( 'NONE',  ( -2.540000000000000036, -7.381300007551993225, 1.576803585277495756 ) ) ;
#4596 = VERTEX_POINT ( 'NONE', #2668 ) ;
#4597 = ADVANCED_FACE ( 'NONE', ( #3856 ), #3490, .F. ) ;
#4598 = FACE_BOUND ( 'NONE', #4732, .T. ) ;
#4599 = DIRECTION ( 'NONE',  ( 0.000000000000000000, 0.000000000000000000, -1.000000000000000000 ) ) ;
#4600 = CARTESIAN_POINT ( 'NONE',  ( -2.540000000000000036, 6.659851554272828267, 4.504113767598405538 ) ) ;
#4601 = CARTESIAN_POINT ( 'NONE',  ( -2.540000000000000036, 8.066317201700465844, 3.113273625633832697 ) ) ;
#4602 = ORIENTED_EDGE ( 'NONE', *, *, #2195, .F. ) ;
#4603 = DIRECTION ( 'NONE',  ( 0.000000000000000000, 0.000000000000000000, 1.000000000000000000 ) ) ;
#4604 = EDGE_LOOP ( 'NONE', ( #4822, #152, #99, #2608, #3186, #1988, #996, #2105, #1834, #4842, #64, #1278 ) ) ;
#4605 = DIRECTION ( 'NONE',  ( 0.000000000000000000, 1.000000000000000000, 0.000000000000000000 ) ) ;
#4606 = CARTESIAN_POINT ( 'NONE',  ( -2.540000000000000036, -9.540112633462724645, -0.2820995975457858407 ) ) ;
#4607 = B_SPLINE_CURVE_WITH_KNOTS ( 'NONE', 3,
 ( #1686, #189, #3685, #3959 ),
 .UNSPECIFIED., .F., .F.,
 ( 4, 4 ),
 ( 28.00000000000000000, 29.00000000000000000 ),
 .UNSPECIFIED. ) ;
#4608 = ORIENTED_EDGE ( 'NONE', *, *, #3340, .T. ) ;
#4609 = EDGE_CURVE ( 'NONE', #3102, #2171, #2277, .T. ) ;
#4610 = ORIENTED_EDGE ( 'NONE', *, *, #5, .T. ) ;
#4611 = CARTESIAN_POINT ( 'NONE',  ( -2.540000000000000036, -7.419369742224884767, 1.032202359522339297 ) ) ;
#4612 = CARTESIAN_POINT ( 'NONE',  ( 0.000000000000000000, 0.000000000000000000, 0.000000000000000000 ) ) ;
#4613 = ORIENTED_EDGE ( 'NONE', *, *, #104, .F. ) ;
#4614 = AXIS2_PLACEMENT_3D ( 'NONE', #4124, #2969, #3354 ) ;
#4615 = UNCERTAINTY_MEASURE_WITH_UNIT (LENGTH_MEASURE( 1.000000000000000082E-05 ), #1691, 'distance_accuracy_value', 'NONE');
#4616 = CARTESIAN_POINT ( 'NONE',  ( -2.540000000000000036, 7.046898556340920550, 3.031429799782167311 ) ) ;
#4617 = CARTESIAN_POINT ( 'NONE',  ( -2.540000000000000036, -6.350442036595201678, -1.320009559947073363 ) ) ;
#4618 = VERTEX_POINT ( 'NONE', #4616 ) ;
#4619 = CARTESIAN_POINT ( 'NONE',  ( -2.540000000000000036, -6.285957567343310792, -0.08889178578347355086 ) ) ;
#4620 = CC_DESIGN_PERSON_AND_ORGANIZATION_ASSIGNMENT ( #1334, #3578, ( #858 ) ) ;
#4621 = COORDINATED_UNIVERSAL_TIME_OFFSET ( 5, 0, .BEHIND. ) ;
#4622 = ADVANCED_FACE ( 'NONE', ( #4039 ), #2752, .F. ) ;
#4623 = EDGE_CURVE ( 'NONE', #440, #2868, #404, .T. ) ;
#4624 = CARTESIAN_POINT ( 'NONE',  ( -2.540000000000000036, -9.334156073710694557, -0.1709400904747870598 ) ) ;
#4625 = ORIENTED_EDGE ( 'NONE', *, *, #31, .T. ) ;
#4626 = CARTESIAN_POINT ( 'NONE',  ( -2.540000000000000036, 6.460448359872308366, 3.887093754071551999 ) ) ;
#4627 = B_SPLINE_CURVE_WITH_KNOTS ( 'NONE', 3,
 ( #4376, #4786, #3203, #4845, #2597, #1099, #4861, #4037, #1491, #1475, #2169, #3680, #1085, #4465, #2964, #1861, #1810, #1054, #730 ),
 .UNSPECIFIED., .F., .F.,
 ( 4, 1, 1, 1, 1, 1, 1, 1, 1, 1, 1, 1, 1, 1, 1, 1, 4 ),
 ( 0.000000000000000000, 0.04078184587225964358, 0.08086958872158661604, 0.1202681657882671146, 0.1601868504553524142, 0.2004597376386388352, 0.2422651778979084125, 0.2864592615494684358, 0.3329520837492634389, 0.3844305340495299816, 0.4433891253601062177, 0.5116814722136837634, 0.5890200255490085635, 0.6762451906507725985, 0.7737051914728233504, 0.8815677677819830915, 1.000000000000000000 ),
 .UNSPECIFIED. ) ;
#4628 = ORIENTED_EDGE ( 'NONE', *, *, #1235, .T. ) ;
#4629 = APPROVAL_STATUS ( 'not_yet_approved' ) ;
#4630 = FACE_OUTER_BOUND ( 'NONE', #2000, .T. ) ;
#4631 = FACE_OUTER_BOUND ( 'NONE', #3233, .T. ) ;
#4632 = CARTESIAN_POINT ( 'NONE',  ( -2.540000000000000036, -8.394429277157936298, -0.4152291126591481363 ) ) ;
#4633 = DIRECTION ( 'NONE',  ( 0.000000000000000000, 0.000000000000000000, -1.000000000000000000 ) ) ;
#4634 = EDGE_LOOP ( 'NONE', ( #4196, #4355, #1450, #2362 ) ) ;
#4635 = CARTESIAN_POINT ( 'NONE',  ( -2.540000000000000036, 6.971532828533621995, 5.889007682524041165 ) ) ;
#4636 = ORIENTED_EDGE ( 'NONE', *, *, #1500, .F. ) ;
#4637 = VECTOR ( 'NONE', #1287, 1000.000000000000000 ) ;
#4638 = LINE ( 'NONE', #3860, #125 ) ;
#4639 = CARTESIAN_POINT ( 'NONE',  ( -2.540000000000000036, -6.273469557508669858, -2.326785649317625992 ) ) ;
#4640 = VERTEX_POINT ( 'NONE', #3506 ) ;
#4641 = AXIS2_PLACEMENT_3D ( 'NONE', #2591, #3721, #2226 ) ;
#4642 = CARTESIAN_POINT ( 'NONE',  ( -2.540000000000000036, 6.912329005068735377, 5.365304763334370897 ) ) ;
#4643 = CARTESIAN_POINT ( 'NONE',  ( -2.540000000000000036, -7.639538461538458947, 1.172307692307693383 ) ) ;
#4644 = EDGE_CURVE ( 'NONE', #3005, #12, #55, .T. ) ;
#4645 = ADVANCED_FACE ( 'NONE', ( #2394, #4691 ), #2859, .F. ) ;
#4646 = APPLICATION_CONTEXT ( 'configuration controlled 3d designs of mechanical parts and assemblies' ) ;
#4647 = VECTOR ( 'NONE', #1368, 999.9999999999998863 ) ;
#4648 = FACE_OUTER_BOUND ( 'NONE', #1165, .T. ) ;
#4649 = VERTEX_POINT ( 'NONE', #938 ) ;
#4650 = CARTESIAN_POINT ( 'NONE',  ( -2.540000000000000036, -8.666352553273053871, -0.3234400287298953569 ) ) ;
#4651 = CARTESIAN_POINT ( 'NONE',  ( -2.540000000000000036, -8.599597795040072157, -0.8779359453833542881 ) ) ;
#4652 = PLANE ( 'NONE',  #3144 ) ;
#4653 = AXIS2_PLACEMENT_3D ( 'NONE', #931, #533, #3927 ) ;
#4654 = VECTOR ( 'NONE', #4062, 1000.000000000000000 ) ;
#4655 = CARTESIAN_POINT ( 'NONE',  ( -0.5079999999999988969, 0.000000000000000000, 0.000000000000000000 ) ) ;
#4656 = EDGE_LOOP ( 'NONE', ( #3295, #3812, #1795, #747 ) ) ;
#4657 = CARTESIAN_POINT ( 'NONE',  ( -2.540000000000000036, -9.348162666547924715, -2.008321810989443179 ) ) ;
#4658 = VERTEX_POINT ( 'NONE', #3596 ) ;
#4659 = EDGE_CURVE ( 'NONE', #4132, #4372, #3105, .T. ) ;
#4660 = CARTESIAN_POINT ( 'NONE',  ( 0.000000000000000000, 0.000000000000000000, 0.000000000000000000 ) ) ;
#4661 = CARTESIAN_POINT ( 'NONE',  ( -2.540000000000000036, -6.271919047328980312, -2.400279125662846624 ) ) ;
#4662 = CARTESIAN_POINT ( 'NONE',  ( -2.540000000000000036, -8.520409522863332086, 2.485017001506330203 ) ) ;
#4663 = CARTESIAN_POINT ( 'NONE',  ( -2.540000000000000036, 6.367648494164081185, -4.025821062470072320 ) ) ;
#4664 = B_SPLINE_CURVE_WITH_KNOTS ( 'NONE', 3,
 ( #3196, #1293, #3893, #1663 ),
 .UNSPECIFIED., .F., .F.,
 ( 4, 4 ),
 ( 19.00000000000000000, 20.00000000000000000 ),
 .UNSPECIFIED. ) ;
#4665 = CARTESIAN_POINT ( 'NONE',  ( -2.540000000000000036, -7.619999999999997442, -2.989384615384612420 ) ) ;
#4666 = ORIENTED_EDGE ( 'NONE', *, *, #3298, .F. ) ;
#4667 = APPLICATION_CONTEXT ( 'configuration controlled 3d designs of mechanical parts and assemblies' ) ;
#4668 = CARTESIAN_POINT ( 'NONE',  ( -2.540000000000000036, -9.495692307692305434, 1.175360576923076827 ) ) ;
#4669 = CARTESIAN_POINT ( 'NONE',  ( -2.540000000000000036, 7.204449111858056476, 0.06553035955093704235 ) ) ;
#4670 = EDGE_LOOP ( 'NONE', ( #1077, #468, #413, #1507 ) ) ;
#4671 = CARTESIAN_POINT ( 'NONE',  ( -2.540000000000000036, -8.408254807692305377, -0.8105408653846142286 ) ) ;
#4672 = CARTESIAN_POINT ( 'NONE',  ( -2.540000000000000036, 6.414332946009199787, 5.189775043030142143 ) ) ;
#4673 = EDGE_CURVE ( 'NONE', #1669, #4112, #2350, .T. ) ;
#4674 = CARTESIAN_POINT ( 'NONE',  ( -2.540000000000000036, -8.318458929623362863, -0.2378001788545702211 ) ) ;
#4675 = CARTESIAN_POINT ( 'NONE',  ( -2.540000000000000036, -6.897081293899676169, 0.8794247706168331069 ) ) ;
#4676 = DIRECTION ( 'NONE',  ( 0.000000000000000000, -0.001227981745712519680, -0.9999992460301319053 ) ) ;
#4677 = CARTESIAN_POINT ( 'NONE',  ( -2.540000000000000036, -9.381326087373269118, -0.8155929414260003618 ) ) ;
#4678 = PERSON_AND_ORGANIZATION_ROLE ( 'classification_officer' ) ;
#4679 = ORIENTED_EDGE ( 'NONE', *, *, #3298, .T. ) ;
#4680 = AXIS2_PLACEMENT_3D ( 'NONE', #4507, #4163, #3396 ) ;
#4681 = ORIENTED_EDGE ( 'NONE', *, *, #1458, .F. ) ;
#4682 = CARTESIAN_POINT ( 'NONE',  ( -2.540000000000000036, -8.530452784406529432, 2.965356119621032072 ) ) ;
#4683 = DIRECTION ( 'NONE',  ( 1.000000000000000000, 0.000000000000000000, 0.000000000000000000 ) ) ;
#4684 = CARTESIAN_POINT ( 'NONE',  ( -2.540000000000000036, -6.327567326272299120, -1.900319492758630213 ) ) ;
#4685 = ORIENTED_EDGE ( 'NONE', *, *, #3432, .T. ) ;
#4686 = ORIENTED_EDGE ( 'NONE', *, *, #4115, .T. ) ;
#4687 = CARTESIAN_POINT ( 'NONE',  ( -2.540000000000000036, -9.494567613155272312, -1.808110990801095275 ) ) ;
#4688 = CC_DESIGN_APPROVAL ( #1320, ( #3431 ) ) ;
#4689 = DIRECTION ( 'NONE',  ( -1.000000000000000000, -0.000000000000000000, -0.000000000000000000 ) ) ;
#4690 = EDGE_CURVE ( 'NONE', #1015, #3513, #3109, .T. ) ;
#4691 = FACE_OUTER_BOUND ( 'NONE', #3978, .T. ) ;
#4692 = VERTEX_POINT ( 'NONE', #218 ) ;
#4693 = ORIENTED_EDGE ( 'NONE', *, *, #4481, .F. ) ;
#4694 = CARTESIAN_POINT ( 'NONE',  ( -2.540000000000000036, -6.634352553273052955, 1.454559971270104723 ) ) ;
#4695 = CARTESIAN_POINT ( 'NONE',  ( 0.000000000000000000, 0.000000000000000000, 0.000000000000000000 ) ) ;
#4696 = VECTOR ( 'NONE', #3909, 1000.000000000000000 ) ;
#4697 = CARTESIAN_POINT ( 'NONE',  ( -2.540000000000000036, 7.020956272446067459, 5.177323713460721955 ) ) ;
#4698 = CARTESIAN_POINT ( 'NONE',  ( -2.540000000000000036, -9.494567613155270536, -0.6358032984934022247 ) ) ;
#4699 = PRODUCT_DEFINITION_SHAPE ( 'NONE', 'NONE',  #4881 ) ;
#4700 = EDGE_CURVE ( 'NONE', #4452, #780, #790, .T. ) ;
#4701 = ORIENTED_EDGE ( 'NONE', *, *, #4485, .F. ) ;
#4702 = CARTESIAN_POINT ( 'NONE',  ( -2.540000000000000036, 6.637268300953376610, 2.118807529729524575 ) ) ;
#4703 = CARTESIAN_POINT ( 'NONE',  ( -2.540000000000000036, -9.085146122507943289, -1.296884937336275634 ) ) ;
#4704 = CARTESIAN_POINT ( 'NONE',  ( -2.540000000000000036, -8.518769230769228429, 3.064485576923076771 ) ) ;
#4705 = CARTESIAN_POINT ( 'NONE',  ( -2.540000000000000036, -7.639035733328899624, -0.01762409387025593369 ) ) ;
#4706 = LINE ( 'NONE', #1326, #3808 ) ;
#4707 = VERTEX_POINT ( 'NONE', #3950 ) ;
#4708 = DIRECTION ( 'NONE',  ( -1.000000000000000000, -0.000000000000000000, -0.000000000000000000 ) ) ;
#4709 = LINE ( 'NONE', #2282, #2885 ) ;
#4710 = DATE_AND_TIME ( #1489, #783 ) ;
#4711 = APPLICATION_CONTEXT ( 'configuration controlled 3d designs of mechanical parts and assemblies' ) ;
#4712 = CIRCLE ( 'NONE', #3384, 3.682999999999999385 ) ;
#4713 = CARTESIAN_POINT ( 'NONE',  ( -2.540000000000000036, 7.615347312843344874, 4.538020806417250697 ) ) ;
#4714 = CARTESIAN_POINT ( 'NONE',  ( -2.540000000000000036, -6.994769230769228407, -2.401093749999998028 ) ) ;
#4715 = PERSON_AND_ORGANIZATION ( #2323, #4393 ) ;
#4716 =( REPRESENTATION_RELATIONSHIP ('NONE','NONE', #2425, #809 ) REPRESENTATION_RELATIONSHIP_WITH_TRANSFORMATION ( #2416 )SHAPE_REPRESENTATION_RELATIONSHIP( ) );
#4717 = CIRCLE ( 'NONE', #3231, 4.521200000000000330 ) ;
#4718 = CARTESIAN_POINT ( 'NONE',  ( -2.540000000000000036, 8.173861088903802141, 5.185680426529160059 ) ) ;
#4719 = CARTESIAN_POINT ( 'NONE',  ( -2.540000000000000036, -9.118472158995231780, 0.9199752937871171765 ) ) ;
#4720 = CARTESIAN_POINT ( 'NONE',  ( 0.000000000000000000, 0.05000000000000000278, 1.474999999999999867 ) ) ;
#4721 = CARTESIAN_POINT ( 'NONE',  ( -2.540000000000000036, 6.873973184402070835, 4.505361358439897046 ) ) ;
#4722 = CC_DESIGN_DATE_AND_TIME_ASSIGNMENT ( #750, #4317, ( #4211 ) ) ;
#4723 = EDGE_CURVE ( 'NONE', #378, #4023, #1642, .T. ) ;
#4724 = B_SPLINE_CURVE_WITH_KNOTS ( 'NONE', 3,
 ( #4459, #1487, #2, #2974, #23, #3344, #1501, #1107, #2229, #795, #1142, #1532, #4145, #2273, #4490, #3724, #4856, #1905, #2657, #4096, #3021, #3410, #1158 ),
 .UNSPECIFIED., .F., .F.,
 ( 4, 1, 1, 1, 1, 1, 1, 1, 1, 1, 1, 1, 1, 1, 1, 1, 1, 1, 1, 1, 4 ),
 ( 0.000000000000000000, 0.05672433721815062224, 0.1114372357370105038, 0.1643678222229011665, 0.2164353724620896591, 0.2676414903219250241, 0.3173597799690277554, 0.3674730633322805251, 0.4182103970528082693, 0.4714042826470198344, 0.5279657201290486324, 0.5880611158232136315, 0.6521342629937144642, 0.6863448363353049642, 0.7232636803169646411, 0.7626102507715417644, 0.8047389366452176729, 0.8494303387909493130, 0.8967112583864915720, 0.9468896380534763679, 1.000000000000000000 ),
 .UNSPECIFIED. ) ;
#4725 = ORIENTED_EDGE ( 'NONE', *, *, #1829, .T. ) ;
#4726 = CARTESIAN_POINT ( 'NONE',  ( -2.540000000000000036, 8.146399405129685078, -3.415413095387821674 ) ) ;
#4727 = CARTESIAN_POINT ( 'NONE',  ( -2.540000000000000036, -9.480321935174073289, -1.865677694582342117 ) ) ;
#4728 = DIRECTION ( 'NONE',  ( 0.000000000000000000, 0.000000000000000000, 1.000000000000000000 ) ) ;
#4729 = ORIENTED_EDGE ( 'NONE', *, *, #359, .T. ) ;
#4730 = CARTESIAN_POINT ( 'NONE',  ( -2.540000000000000036, 6.559689005724941069, 0.3414573099608663176 ) ) ;
#4731 = CARTESIAN_POINT ( 'NONE',  ( -5.322435762069739423E-16, 0.000000000000000000, 0.000000000000000000 ) ) ;
#4732 = EDGE_LOOP ( 'NONE', ( #398, #1871, #4085, #214, #2902 ) ) ;
#4733 = APPROVAL_STATUS ( 'not_yet_approved' ) ;
#4734 = ORIENTED_EDGE ( 'NONE', *, *, #2687, .T. ) ;
#4735 = CARTESIAN_POINT ( 'NONE',  ( -2.540000000000000036, 6.825056968201700158, 3.909665673973793165 ) ) ;
#4736 = CARTESIAN_POINT ( 'NONE',  ( -2.540000000000000036, -9.193785105202614716, -1.310572786436408510 ) ) ;
#4737 = DIRECTION ( 'NONE',  ( -0.000000000000000000, -0.9999992460301319053, 0.001227981745710551419 ) ) ;
#4738 = CARTESIAN_POINT ( 'NONE',  ( -2.540000000000000036, -8.664719438575181343, -0.8869644298839698404 ) ) ;
#4739 = EDGE_CURVE ( 'NONE', #3675, #959, #4172, .T. ) ;
#4740 = EDGE_LOOP ( 'NONE', ( #1629, #3738, #97, #1952, #2664 ) ) ;
#4741 = EDGE_CURVE ( 'NONE', #2447, #4251, #1403, .T. ) ;
#4742 = CARTESIAN_POINT ( 'NONE',  ( -2.540000000000000036, -9.530800480769228145, 0.9183076923076924913 ) ) ;
#4743 = EDGE_CURVE ( 'NONE', #3539, #440, #4584, .T. ) ;
#4744 = PERSON_AND_ORGANIZATION ( #2323, #4393 ) ;
#4745 = ORIENTED_EDGE ( 'NONE', *, *, #2720, .F. ) ;
#4746 = CARTESIAN_POINT ( 'NONE',  ( -2.540000000000000036, 7.077553468916143231, 4.980253752384589561 ) ) ;
#4747 = AXIS2_PLACEMENT_3D ( 'NONE', #2804, #3930, #3965 ) ;
#4748 = VERTEX_POINT ( 'NONE', #4528 ) ;
#4749 = CARTESIAN_POINT ( 'NONE',  ( -2.540000000000000036, -9.651999999999997470, 2.112596153846153069 ) ) ;
#4750 = CARTESIAN_POINT ( 'NONE',  ( -2.540000000000000036, -6.994769230769228407, -2.774461538461535426 ) ) ;
#4751 = EDGE_LOOP ( 'NONE', ( #2706, #4400, #3727, #867 ) ) ;
#4752 = DIRECTION ( 'NONE',  ( 0.000000000000000000, 0.000000000000000000, 1.000000000000000000 ) ) ;
#4753 = DIRECTION ( 'NONE',  ( 0.000000000000000000, 0.004989411720881444835, 0.9999875528078735476 ) ) ;
#4754 = ORIENTED_EDGE ( 'NONE', *, *, #2081, .F. ) ;
#4755 = VECTOR ( 'NONE', #4162, 1000.000000000000000 ) ;
#4756 = CYLINDRICAL_SURFACE ( 'NONE', #1851, 4.521200000000000330 ) ;
#4757 = CARTESIAN_POINT ( 'NONE',  ( -2.540000000000000036, 7.259475737413522367, -2.946798826133434801 ) ) ;
#4758 = CC_DESIGN_DATE_AND_TIME_ASSIGNMENT ( #492, #587, ( #1221 ) ) ;
#4759 = CARTESIAN_POINT ( 'NONE',  ( -4.381250000000000533, 0.05000000000000000278, 0.01250000000000000590 ) ) ;
#4760 = EDGE_CURVE ( 'NONE', #3789, #1623, #4154, .T. ) ;
#4761 = EDGE_LOOP ( 'NONE', ( #3343, #1167, #4363, #1934, #4072, #1385, #35, #145, #2087, #4034, #354, #3636, #4801, #1854, #4469, #1981, #4076, #3807 ) ) ;
#4762 = ORIENTED_EDGE ( 'NONE', *, *, #3312, .F. ) ;
#4763 = CARTESIAN_POINT ( 'NONE',  ( -2.540000000000000036, 6.852457565216916180, 5.139083114961330523 ) ) ;
#4764 = VECTOR ( 'NONE', #1545, 1000.000000000000000 ) ;
#4765 = VECTOR ( 'NONE', #2690, 1000.000000000000000 ) ;
#4766 = ORIENTED_EDGE ( 'NONE', *, *, #4644, .F. ) ;
#4767 = CARTESIAN_POINT ( 'NONE',  ( -2.540000000000000036, -9.671333671353988137, -1.764557944087104868 ) ) ;
#4768 = CARTESIAN_POINT ( 'NONE',  ( -2.540000000000000036, -7.504491251382325423, -0.3299032237725753602 ) ) ;
#4769 = FACE_OUTER_BOUND ( 'NONE', #3270, .T. ) ;
#4770 = LINE ( 'NONE', #576, #779 ) ;
#4771 = PLANE ( 'NONE',  #703 ) ;
#4772 = EDGE_CURVE ( 'NONE', #1345, #3789, #2108, .T. ) ;
#4773 = ITEM_DEFINED_TRANSFORMATION ( 'NONE', 'NONE', #3324,  #724 ) ;
#4774 = CARTESIAN_POINT ( 'NONE',  ( -2.540000000000000036, 7.719281168556324957, 2.301063192880259400 ) ) ;
#4775 = VECTOR ( 'NONE', #4605, 1000.000000000000000 ) ;
#4776 = VERTEX_POINT ( 'NONE', #2278 ) ;
#4777 = DIRECTION ( 'NONE',  ( 0.000000000000000000, 1.000000000000000000, 0.000000000000000000 ) ) ;
#4778 = CARTESIAN_POINT ( 'NONE',  ( -2.540000000000000036, -6.297550788858213622, -2.199421912819317093 ) ) ;
#4779 = AXIS2_PLACEMENT_3D ( 'NONE', #3720, #3753, #3359 ) ;
#4780 = CARTESIAN_POINT ( 'NONE',  ( -2.540000000000000036, -8.303846153846151878, -0.6078293269230757856 ) ) ;
#4781 = LINE ( 'NONE', #3267, #3773 ) ;
#4782 = VERTEX_POINT ( 'NONE', #817 ) ;
#4783 = CARTESIAN_POINT ( 'NONE',  ( -2.540000000000000036, 4.775199999999999889, 0.000000000000000000 ) ) ;
#4784 = VECTOR ( 'NONE', #417, 999.9999999999998863 ) ;
#4785 = CARTESIAN_POINT ( 'NONE',  ( -2.540000000000000036, -9.471344987683945504, -0.9830727768163028957 ) ) ;
#4786 = CARTESIAN_POINT ( 'NONE',  ( -2.540000000000000036, -7.463307032150572340, 0.01009173701319433618 ) ) ;
#4787 = ORIENTED_EDGE ( 'NONE', *, *, #2472, .T. ) ;
#4788 = EDGE_CURVE ( 'NONE', #968, #3740, #1878, .T. ) ;
#4789 = CARTESIAN_POINT ( 'NONE',  ( -2.540000000000000036, -8.963269230769229878, 3.206749999999999989 ) ) ;
#4790 = ADVANCED_FACE ( 'NONE', ( #4630 ), #4574, .F. ) ;
#4791 = CARTESIAN_POINT ( 'NONE',  ( -2.540000000000000036, 4.775199999999999889, 0.000000000000000000 ) ) ;
#4792 = CARTESIAN_POINT ( 'NONE',  ( -2.540000000000000036, -7.463692307692304517, 1.172307692307693383 ) ) ;
#4793 = PERSON_AND_ORGANIZATION_ROLE ( 'design_supplier' ) ;
#4794 = CARTESIAN_POINT ( 'NONE',  ( 0.000000000000000000, 0.000000000000000000, 0.000000000000000000 ) ) ;
#4795 = B_SPLINE_CURVE_WITH_KNOTS ( 'NONE', 3,
 ( #1232, #2793, #905, #168, #124, #1269, #3526, #1284, #496, #3884, #2745, #511, #107, #3899, #3507, #2027, #1668, #2731, #3126 ),
 .UNSPECIFIED., .F., .F.,
 ( 4, 1, 1, 1, 1, 1, 1, 1, 1, 1, 1, 1, 1, 1, 1, 1, 4 ),
 ( 0.000000000000000000, 0.1184055081537691151, 0.2266543328167019977, 0.3240923419286012019, 0.4117048030053212515, 0.4890259050064150181, 0.5569093973430750966, 0.6162333444927069470, 0.6673492812770743798, 0.7135123932013472947, 0.7576965045209774763, 0.7994925114422911649, 0.8399760647439388217, 0.8798857418167760347, 0.9191486593857417509, 0.9592273564930828833, 1.000000000000000000 ),
 .UNSPECIFIED. ) ;
#4796 = VERTEX_POINT ( 'NONE', #1567 ) ;
#4797 = CARTESIAN_POINT ( 'NONE',  ( -2.540000000000000036, 6.732937804447527874, -2.071156262270747117 ) ) ;
#4798 = CARTESIAN_POINT ( 'NONE',  ( -2.540000000000000036, -9.001020231702529628, -1.092692947083676591 ) ) ;
#4799 = CARTESIAN_POINT ( 'NONE',  ( -2.540000000000000036, -8.763314522290459152, 3.390765863725949458 ) ) ;
#4800 = EDGE_CURVE ( 'NONE', #3351, #248, #3588, .T. ) ;
#4801 = ORIENTED_EDGE ( 'NONE', *, *, #518, .T. ) ;
#4802 = EDGE_LOOP ( 'NONE', ( #4833, #930, #2369, #1222, #2438 ) ) ;
#4803 = CARTESIAN_POINT ( 'NONE',  ( -2.540000000000000036, -9.671538461538458975, -0.6056923076923065308 ) ) ;
#4804 = LOCAL_TIME ( 16, 0, 1.000000000000000000, #3792 ) ;
#4805 = ORIENTED_EDGE ( 'NONE', *, *, #3559, .F. ) ;
#4806 = AXIS2_PLACEMENT_3D ( 'NONE', #2967, #1863, #4864 ) ;
#4807 = ORIENTED_EDGE ( 'NONE', *, *, #2739, .T. ) ;
#4808 = CARTESIAN_POINT ( 'NONE',  ( -2.540000000000000036, -9.651999999999997470, 3.402134615384615035 ) ) ;
#4809 = CARTESIAN_POINT ( 'NONE',  ( -2.540000000000000036, 7.496111598873794080, 5.448752188893708492 ) ) ;
#4810 = CARTESIAN_POINT ( 'NONE',  ( -2.540000000000000036, 7.550269990831450784, 2.330225975752048484 ) ) ;
#4811 = ORIENTED_EDGE ( 'NONE', *, *, #1352, .F. ) ;
#4812 = EDGE_CURVE ( 'NONE', #959, #4283, #3956, .T. ) ;
#4813 = LINE ( 'NONE', #658, #2580 ) ;
#4814 = CARTESIAN_POINT ( 'NONE',  ( -2.540000000000000036, -9.540112633462729974, -1.454407289853479002 ) ) ;
#4815 = CARTESIAN_POINT ( 'NONE',  ( -2.540000000000000036, 6.659851554272828267, 4.504113767598405538 ) ) ;
#4816 = CARTESIAN_POINT ( 'NONE',  ( -2.540000000000000036, 8.154314346573139360, 3.030069912381535779 ) ) ;
#4817 = CARTESIAN_POINT ( 'NONE',  ( -2.540000000000000036, -6.116604698942987639, 1.022845570074489618 ) ) ;
#4818 = ORIENTED_EDGE ( 'NONE', *, *, #4191, .T. ) ;
#4819 = CARTESIAN_POINT ( 'NONE',  ( -2.540000000000000036, -7.619999999999998330, 2.920084134615386073 ) ) ;
#4820 = EDGE_CURVE ( 'NONE', #3536, #1997, #1220, .T. ) ;
#4821 = CARTESIAN_POINT ( 'NONE',  ( -2.540000000000000036, -9.671538461538458975, -0.6056923076923065308 ) ) ;
#4822 = ORIENTED_EDGE ( 'NONE', *, *, #3078, .F. ) ;
#4823 = CARTESIAN_POINT ( 'NONE',  ( -2.540000000000000036, -8.538307692307688157, 2.112596153846153069 ) ) ;
#4824 = DIRECTION ( 'NONE',  ( -1.000000000000000000, -0.000000000000000000, -0.000000000000000000 ) ) ;
#4825 = VERTEX_POINT ( 'NONE', #467 ) ;
#4826 = DIRECTION ( 'NONE',  ( 0.000000000000000000, -1.000000000000000000, 0.000000000000000000 ) ) ;
#4827 = CARTESIAN_POINT ( 'NONE',  ( -2.540000000000000036, -8.786204181023123283, 2.178032313225944705 ) ) ;
#4828 = B_SPLINE_CURVE_WITH_KNOTS ( 'NONE', 3,
 ( #3303, #239, #4024, #1030, #1017, #1757, #3659 ),
 .UNSPECIFIED., .F., .F.,
 ( 4, 1, 1, 1, 4 ),
 ( 0.000000000000000000, 0.2990796225180107903, 0.5624806745833415000, 0.7958441497125877673, 1.000000000000000000 ),
 .UNSPECIFIED. ) ;
#4829 = LINE ( 'NONE', #4451, #3817 ) ;
#4830 = ORIENTED_EDGE ( 'NONE', *, *, #4094, .T. ) ;
#4831 = CARTESIAN_POINT ( 'NONE',  ( -2.540000000000000036, -6.095999999999998309, 2.851394230769232152 ) ) ;
#4832 = CALENDAR_DATE ( 2021, 12, 4 ) ;
#4833 = ORIENTED_EDGE ( 'NONE', *, *, #3674, .F. ) ;
#4834 = EDGE_CURVE ( 'NONE', #2784, #519, #2807, .T. ) ;
#4835 = CARTESIAN_POINT ( 'NONE',  ( -0.01249999999999962599, 0.05000000000000000278, -4.381250000000000533 ) ) ;
#4836 = CIRCLE ( 'NONE', #454, 4.775199999999999889 ) ;
#4837 = VERTEX_POINT ( 'NONE', #3554 ) ;
#4838 = AXIS2_PLACEMENT_3D ( 'NONE', #798, #4592, #3080 ) ;
#4839 = PLANE ( 'NONE',  #3555 ) ;
#4840 = CARTESIAN_POINT ( 'NONE',  ( -2.540000000000000036, -6.868379807692305938, 0.4884615384615389466 ) ) ;
#4841 = CARTESIAN_POINT ( 'NONE',  ( -2.540000000000000036, -8.934683915248935904, -2.265963579124369964 ) ) ;
#4842 = ORIENTED_EDGE ( 'NONE', *, *, #368, .F. ) ;
#4843 = VERTEX_POINT ( 'NONE', #3811 ) ;
#4844 = DIRECTION ( 'NONE',  ( -0.000000000000000000, 0.004989411720878769024, 0.9999875528078735476 ) ) ;
#4845 = CARTESIAN_POINT ( 'NONE',  ( -2.540000000000000036, -7.457454197098215332, 0.05956253717103113243 ) ) ;
#4846 = PRODUCT_DEFINITION_FORMATION_WITH_SPECIFIED_SOURCE ( 'ANY', '', #403, .NOT_KNOWN. ) ;
#4847 = EDGE_CURVE ( 'NONE', #2790, #1275, #1528, .T. ) ;
#4848 = CARTESIAN_POINT ( 'NONE',  ( -2.540000000000000036, -9.635954281193324533, -1.971682767271356385 ) ) ;
#4849 = DIRECTION ( 'NONE',  ( 0.000000000000000000, 0.000000000000000000, -1.000000000000000000 ) ) ;
#4850 = ORIENTED_EDGE ( 'NONE', *, *, #2293, .F. ) ;
#4851 = CARTESIAN_POINT ( 'NONE',  ( -2.540000000000000036, 7.566031484597237622, 3.971014518097676138 ) ) ;
#4852 = EDGE_CURVE ( 'NONE', #1763, #2512, #877, .T. ) ;
#4853 = ORIENTED_EDGE ( 'NONE', *, *, #2536, .F. ) ;
#4854 = DIRECTION ( 'NONE',  ( 0.000000000000000000, 0.000000000000000000, 1.000000000000000000 ) ) ;
#4855 = VERTEX_POINT ( 'NONE', #2429 ) ;
#4856 = CARTESIAN_POINT ( 'NONE',  ( -2.540000000000000036, -6.624151970180724547, 0.4757313893656945347 ) ) ;
#4857 = COORDINATED_UNIVERSAL_TIME_OFFSET ( 5, 0, .BEHIND. ) ;
#4858 = ORIENTED_EDGE ( 'NONE', *, *, #4316, .T. ) ;
#4859 = PLANE ( 'NONE',  #2787 ) ;
#4860 = CARTESIAN_POINT ( 'NONE',  ( -2.540000000000000036, -6.271846153846151850, -0.002137019230768707513 ) ) ;
#4861 = CARTESIAN_POINT ( 'NONE',  ( -2.540000000000000036, -7.419414052346527733, 0.1402009356087950687 ) ) ;
#4862 = EDGE_CURVE ( 'NONE', #780, #4340, #826, .T. ) ;
#4863 = VECTOR ( 'NONE', #3859, 1000.000000000000000 ) ;
#4864 = DIRECTION ( 'NONE',  ( 0.000000000000000000, 0.000000000000000000, 1.000000000000000000 ) ) ;
#4865 = ORIENTED_EDGE ( 'NONE', *, *, #4495, .T. ) ;
#4866 = CARTESIAN_POINT ( 'NONE',  ( -2.540000000000000036, -9.467515431389355030, -0.4911380612454596672 ) ) ;
#4867 = AXIS2_PLACEMENT_3D ( 'NONE', #277, #291, #3288 ) ;
#4868 = LINE ( 'NONE', #375, #1696 ) ;
#4869 = DIRECTION ( 'NONE',  ( 0.000000000000000000, 0.000000000000000000, 1.000000000000000000 ) ) ;
#4870 = CARTESIAN_POINT ( 'NONE',  ( -2.540000000000000036, 7.367928541256363317, 5.654536243595622125 ) ) ;
#4871 = VECTOR ( 'NONE', #4559, 999.9999999999998863 ) ;
#4872 = EDGE_CURVE ( 'NONE', #2841, #1867, #4033, .T. ) ;
#4873 = ORIENTED_EDGE ( 'NONE', *, *, #2033, .F. ) ;
#4874 = CARTESIAN_POINT ( 'NONE',  ( -2.540000000000000036, 8.102454319408780137, 5.192235422590385063 ) ) ;
#4875 = DIRECTION ( 'NONE',  ( 0.000000000000000000, 0.000000000000000000, -1.000000000000000000 ) ) ;
#4876 = CARTESIAN_POINT ( 'NONE',  ( -2.540000000000000036, -6.102885967646289878, -2.249566046385039986 ) ) ;
#4877 = ORIENTED_EDGE ( 'NONE', *, *, #1071, .F. ) ;
#4878 = CARTESIAN_POINT ( 'NONE',  ( -2.540000000000000036, -6.741529598346667207, -0.4854877233956172433 ) ) ;
#4879 = LOCAL_TIME ( 16, 0, 1.000000000000000000, #1836 ) ;
#4880 = NEXT_ASSEMBLY_USAGE_OCCURRENCE ( 'NAUO1', ' ', ' ', #4211, #3431, $ ) ;
#4881 = NEXT_ASSEMBLY_USAGE_OCCURRENCE ( 'NAUO2', ' ', ' ', #4211, #926, $ ) ;
#4882 = NEXT_ASSEMBLY_USAGE_OCCURRENCE ( 'NAUO3', ' ', ' ', #4211, #858, $ ) ;
ENDSEC;
END-ISO-10303-21;
