ISO-10303-21;
HEADER;
FILE_DESCRIPTION (( 'STEP AP214' ),
    '1' );
FILE_NAME ('34249.STEP',
    '2017-01-16T21:32:12',
    ( '' ),
    ( '' ),
    'SwSTEP 2.0',
    'SolidWorks 2016',
    '' );
FILE_SCHEMA (( 'AUTOMOTIVE_DESIGN' ));
ENDSEC;

DATA;
#1 = ADVANCED_FACE ( 'NONE', ( #1640 ), #4281, .F. ) ;
#2 = STYLED_ITEM ( 'NONE', ( #13 ), #4458 ) ;
#3 = EDGE_CURVE ( 'NONE', #2795, #2035, #43, .T. ) ;
#4 = CIRCLE ( 'NONE', #4127, 11.43000000000000000 ) ;
#5 = ADVANCED_FACE ( 'NONE', ( #2861 ), #2416, .F. ) ;
#6 = CARTESIAN_POINT ( 'NONE',  ( -24.50000000000000000, 9.199999999999999300, 80.90000000000000600 ) ) ;
#7 = DIRECTION ( 'NONE',  ( 1.000000000000000000, 0.0000000000000000000, 0.0000000000000000000 ) ) ;
#8 =( LENGTH_UNIT ( ) NAMED_UNIT ( * ) SI_UNIT ( .MILLI., .METRE. ) );
#9 = LINE ( 'NONE', #3106, #3605 ) ;
#10 = EDGE_CURVE ( 'NONE', #239, #2470, #4487, .T. ) ;
#11 = DIRECTION ( 'NONE',  ( 0.0000000000000000000, 1.000000000000000000, 0.0000000000000000000 ) ) ;
#12 = CONICAL_SURFACE ( 'NONE', #1940, 1.249999999999997600, 1.029744258676653400 ) ;
#13 = PRESENTATION_STYLE_ASSIGNMENT (( #3880 ) ) ;
#14 = CIRCLE ( 'NONE', #2442, 1.700000000000000200 ) ;
#15 = DIRECTION ( 'NONE',  ( -0.0000000000000000000, -1.000000000000000000, -0.0000000000000000000 ) ) ;
#16 = AXIS2_PLACEMENT_3D ( 'NONE', #1035, #1083, #2191 ) ;
#17 = DIRECTION ( 'NONE',  ( 0.0000000000000000000, 0.7071067811865505700, 0.7071067811865444600 ) ) ;
#18 = VERTEX_POINT ( 'NONE', #2652 ) ;
#19 = ORIENTED_EDGE ( 'NONE', *, *, #3051, .T. ) ;
#20 = ORIENTED_EDGE ( 'NONE', *, *, #2697, .F. ) ;
#21 = DIRECTION ( 'NONE',  ( 0.0000000000000000000, 0.0000000000000000000, -1.000000000000000000 ) ) ;
#22 = CIRCLE ( 'NONE', #971, 1.250000000000001100 ) ;
#23 = AXIS2_PLACEMENT_3D ( 'NONE', #4141, #1779, #688 ) ;
#24 = EDGE_LOOP ( 'NONE', ( #2948, #2623, #1761, #151 ) ) ;
#25 = ORIENTED_EDGE ( 'NONE', *, *, #2704, .F. ) ;
#26 = VERTEX_POINT ( 'NONE', #4304 ) ;
#27 = LINE ( 'NONE', #227, #741 ) ;
#28 = ADVANCED_FACE ( 'NONE', ( #3587, #760 ), #1900, .T. ) ;
#29 = VERTEX_POINT ( 'NONE', #149 ) ;
#30 = VERTEX_POINT ( 'NONE', #3941 ) ;
#31 = ORIENTED_EDGE ( 'NONE', *, *, #1480, .F. ) ;
#32 = CARTESIAN_POINT ( 'NONE',  ( 11.58254108737392400, -14.53534796915275300, 80.91979923549364200 ) ) ;
#33 = CARTESIAN_POINT ( 'NONE',  ( -18.35181795883132200, -14.08184519828838400, 92.09999999999999400 ) ) ;
#34 = LINE ( 'NONE', #2904, #2734 ) ;
#35 = CARTESIAN_POINT ( 'NONE',  ( 0.0000000000000000000, 9.199999999999999300, 90.50000000000000000 ) ) ;
#36 = UNCERTAINTY_MEASURE_WITH_UNIT (LENGTH_MEASURE( 1.000000000000000100E-005 ), #1300, 'distance_accuracy_value', 'NONE');
#37 = ORIENTED_EDGE ( 'NONE', *, *, #1739, .T. ) ;
#38 = VERTEX_POINT ( 'NONE', #4351 ) ;
#39 = VECTOR ( 'NONE', #4387, 1000.000000000000100 ) ;
#40 = VECTOR ( 'NONE', #2884, 1000.000000000000000 ) ;
#41 = FACE_OUTER_BOUND ( 'NONE', #2341, .T. ) ;
#42 = ORIENTED_EDGE ( 'NONE', *, *, #3513, .F. ) ;
#43 = CIRCLE ( 'NONE', #2598, 1.700000000000000200 ) ;
#44 =( NAMED_UNIT ( * ) PLANE_ANGLE_UNIT ( ) SI_UNIT ( $, .RADIAN. ) );
#45 = LINE ( 'NONE', #1917, #3547 ) ;
#46 = DIRECTION ( 'NONE',  ( 0.0000000000000000000, 1.000000000000000000, 2.449293598294706200E-017 ) ) ;
#47 = ORIENTED_EDGE ( 'NONE', *, *, #2496, .T. ) ;
#48 = CARTESIAN_POINT ( 'NONE',  ( 24.50000000000000000, 31.80000000000000100, 92.09999999999999400 ) ) ;
#49 = VECTOR ( 'NONE', #3735, 1000.000000000000000 ) ;
#50 = DIRECTION ( 'NONE',  ( 0.0000000000000000000, 0.0000000000000000000, -1.000000000000000000 ) ) ;
#51 = ORIENTED_EDGE ( 'NONE', *, *, #3698, .T. ) ;
#52 = FILL_AREA_STYLE_COLOUR ( '', #4250 ) ;
#53 = AXIS2_PLACEMENT_3D ( 'NONE', #1249, #3657, #200 ) ;
#54 = ADVANCED_FACE ( 'NONE', ( #2956 ), #183, .F. ) ;
#55 = CARTESIAN_POINT ( 'NONE',  ( -1.250000000000000400, 12.70000000000000600, 80.90000000000000600 ) ) ;
#56 = CARTESIAN_POINT ( 'NONE',  ( 10.50000000000373600, -3.673940397442319200E-016, 3.000000000000211400 ) ) ;
#57 = CARTESIAN_POINT ( 'NONE',  ( -19.49999999999634800, 5.537200000000000300, 1.750000000000213200 ) ) ;
#58 = CARTESIAN_POINT ( 'NONE',  ( 24.50000000000000000, -25.39999999999999900, 81.00000000000000000 ) ) ;
#59 = CARTESIAN_POINT ( 'NONE',  ( 9.999999999999609200, 6.662500000000164800, 5.199379999999999700 ) ) ;
#60 = EDGE_CURVE ( 'NONE', #3934, #2336, #4119, .T. ) ;
#61 = PRESENTATION_LAYER_ASSIGNMENT (  '', '', ( #4102 ) ) ;
#62 = CARTESIAN_POINT ( 'NONE',  ( 18.75000000000000000, 31.80000000000000800, 79.29999999999995500 ) ) ;
#63 = EDGE_CURVE ( 'NONE', #2253, #3787, #152, .T. ) ;
#64 = VECTOR ( 'NONE', #3713, 1000.000000000000000 ) ;
#65 = CARTESIAN_POINT ( 'NONE',  ( 12.20214174601139800, -16.72019299383206500, 80.78186033083829900 ) ) ;
#66 = DIRECTION ( 'NONE',  ( 1.000000000000000000, 0.0000000000000000000, 0.0000000000000000000 ) ) ;
#67 = CIRCLE ( 'NONE', #831, 3.249930000000001800 ) ;
#68 = DIRECTION ( 'NONE',  ( 0.0000000000000000000, -2.449293598294706500E-017, 1.000000000000000000 ) ) ;
#69 = LINE ( 'NONE', #2664, #4142 ) ;
#70 = CARTESIAN_POINT ( 'NONE',  ( 24.50000000000000000, -25.39999999999999900, 81.00000000000000000 ) ) ;
#71 = CARTESIAN_POINT ( 'NONE',  ( -18.35181795883132200, -23.91655480171161900, 85.11225999999999200 ) ) ;
#72 = CARTESIAN_POINT ( 'NONE',  ( 18.75000000000000000, 12.70000000000000600, 80.90000000000000600 ) ) ;
#73 = DIRECTION ( 'NONE',  ( -0.0000000000000000000, -1.000000000000000000, -0.0000000000000000000 ) ) ;
#74 = CARTESIAN_POINT ( 'NONE',  ( 24.50000000000000000, 31.80000000000000100, 1.600000000000004100 ) ) ;
#75 = CYLINDRICAL_SURFACE ( 'NONE', #4440, 11.43000000000000000 ) ;
#76 = ADVANCED_FACE ( 'NONE', ( #3744 ), #2312, .F. ) ;
#77 = ORIENTED_EDGE ( 'NONE', *, *, #1878, .F. ) ;
#78 = VERTEX_POINT ( 'NONE', #1210 ) ;
#79 = DIRECTION ( 'NONE',  ( -0.0000000000000000000, 1.000000000000000000, 1.925545281678369200E-019 ) ) ;
#80 = SURFACE_STYLE_USAGE ( .BOTH. , #3597 ) ;
#81 = AXIS2_PLACEMENT_3D ( 'NONE', #162, #2629, #2973 ) ;
#82 = DIRECTION ( 'NONE',  ( -0.0000000000000000000, 2.449293598294706500E-017, -1.000000000000000000 ) ) ;
#83 = ORIENTED_EDGE ( 'NONE', *, *, #158, .T. ) ;
#84 = ORIENTED_EDGE ( 'NONE', *, *, #2522, .F. ) ;
#85 = VECTOR ( 'NONE', #545, 1000.000000000000000 ) ;
#86 = ORIENTED_EDGE ( 'NONE', *, *, #2837, .T. ) ;
#87 = ORIENTED_EDGE ( 'NONE', *, *, #1050, .F. ) ;
#88 = DIRECTION ( 'NONE',  ( 0.0000000000000000000, -2.449293598294706500E-017, 1.000000000000000000 ) ) ;
#89 = DIRECTION ( 'NONE',  ( -0.0000000000000000000, 2.449293598294706500E-017, -1.000000000000000000 ) ) ;
#90 = ORIENTED_EDGE ( 'NONE', *, *, #1809, .T. ) ;
#91 = EDGE_CURVE ( 'NONE', #1413, #4333, #1270, .T. ) ;
#92 = ORIENTED_EDGE ( 'NONE', *, *, #4343, .F. ) ;
#93 = VERTEX_POINT ( 'NONE', #1276 ) ;
#94 = CARTESIAN_POINT ( 'NONE',  ( 24.50000000000000000, -41.60000000000000900, 81.00000000000000000 ) ) ;
#95 = VECTOR ( 'NONE', #1457, 1000.000000000000000 ) ;
#96 = VERTEX_POINT ( 'NONE', #2661 ) ;
#97 = CARTESIAN_POINT ( 'NONE',  ( 10.55000000000000200, -12.48405801130797400, 81.00000000000000000 ) ) ;
#98 = CARTESIAN_POINT ( 'NONE',  ( -21.25000000000000000, 12.70000000000000600, 0.0000000000000000000 ) ) ;
#99 = LINE ( 'NONE', #2984, #763 ) ;
#100 = VECTOR ( 'NONE', #3283, 1000.000000000000000 ) ;
#101 = LINE ( 'NONE', #775, #3486 ) ;
#102 = VERTEX_POINT ( 'NONE', #4050 ) ;
#103 = CARTESIAN_POINT ( 'NONE',  ( -21.25000000000000000, 12.70000000000000600, 0.0000000000000000000 ) ) ;
#104 = FACE_OUTER_BOUND ( 'NONE', #3146, .T. ) ;
#105 = DIRECTION ( 'NONE',  ( -1.000000000000000000, 0.0000000000000000000, 0.0000000000000000000 ) ) ;
#106 = ORIENTED_EDGE ( 'NONE', *, *, #2555, .T. ) ;
#107 = VECTOR ( 'NONE', #917, 1000.000000000000000 ) ;
#108 = CARTESIAN_POINT ( 'NONE',  ( 11.25000000000000000, 30.19999999999999900, 0.0000000000000000000 ) ) ;
#109 = AXIS2_PLACEMENT_3D ( 'NONE', #1159, #1511, #3879 ) ;
#110 = EDGE_CURVE ( 'NONE', #26, #626, #3377, .T. ) ;
#111 = PRESENTATION_LAYER_ASSIGNMENT (  '', '', ( #4412 ) ) ;
#112 = VECTOR ( 'NONE', #1876, 1000.000000000000000 ) ;
#113 = DIRECTION ( 'NONE',  ( -1.000000000000000000, 0.0000000000000000000, 0.0000000000000000000 ) ) ;
#114 = CARTESIAN_POINT ( 'NONE',  ( -18.35181795883124800, -23.91655480171189300, -0.001000000000001000100 ) ) ;
#115 = SURFACE_STYLE_FILL_AREA ( #3223 ) ;
#116 = CARTESIAN_POINT ( 'NONE',  ( -18.35181795883124800, -14.08184519828810400, 85.11225999999999200 ) ) ;
#117 = LINE ( 'NONE', #2434, #2705 ) ;
#118 = PRESENTATION_STYLE_ASSIGNMENT (( #1068 ) ) ;
#119 = EDGE_CURVE ( 'NONE', #1178, #2311, #993, .T. ) ;
#120 = DIRECTION ( 'NONE',  ( 0.0000000000000000000, -1.000000000000000000, 0.0000000000000000000 ) ) ;
#121 = CARTESIAN_POINT ( 'NONE',  ( 24.50000000000000000, 31.80000000000000100, 1.600000000000004100 ) ) ;
#122 = CARTESIAN_POINT ( 'NONE',  ( 13.74999999999999800, 31.80000000000000800, 1.600000000000011200 ) ) ;
#123 = SURFACE_STYLE_FILL_AREA ( #4336 ) ;
#124 = VECTOR ( 'NONE', #1122, 1000.000000000000000 ) ;
#125 = ORIENTED_EDGE ( 'NONE', *, *, #2924, .F. ) ;
#126 = ORIENTED_EDGE ( 'NONE', *, *, #3489, .F. ) ;
#127 = CARTESIAN_POINT ( 'NONE',  ( -8.750000000000000000, 12.70000000000000600, 80.90000000000000600 ) ) ;
#128 = EDGE_LOOP ( 'NONE', ( #3047, #2063, #3155, #3948 ) ) ;
#129 = AXIS2_PLACEMENT_3D ( 'NONE', #2561, #841, #791 ) ;
#130 = CARTESIAN_POINT ( 'NONE',  ( -18.75000000000000000, 12.70000000000000600, 0.0000000000000000000 ) ) ;
#131 = VERTEX_POINT ( 'NONE', #4023 ) ;
#132 = CARTESIAN_POINT ( 'NONE',  ( 8.749999999999998200, 12.70000000000000600, 0.0000000000000000000 ) ) ;
#133 = EDGE_CURVE ( 'NONE', #979, #1358, #3116, .T. ) ;
#134 = VERTEX_POINT ( 'NONE', #3398 ) ;
#135 = ORIENTED_EDGE ( 'NONE', *, *, #889, .F. ) ;
#136 = VERTEX_POINT ( 'NONE', #548 ) ;
#137 = AXIS2_PLACEMENT_3D ( 'NONE', #1561, #473, #983 ) ;
#138 = CARTESIAN_POINT ( 'NONE',  ( -18.35181795883132200, -14.08184519828838400, -0.001000000000001000100 ) ) ;
#139 = ORIENTED_EDGE ( 'NONE', *, *, #4196, .T. ) ;
#140 = ORIENTED_EDGE ( 'NONE', *, *, #2307, .T. ) ;
#141 = ORIENTED_EDGE ( 'NONE', *, *, #1672, .T. ) ;
#142 = CARTESIAN_POINT ( 'NONE',  ( -18.75000000000000000, 12.70000000000000600, 0.0000000000000000000 ) ) ;
#143 = DIRECTION ( 'NONE',  ( -0.0000000000000000000, -1.000000000000000000, -0.0000000000000000000 ) ) ;
#144 = VERTEX_POINT ( 'NONE', #2017 ) ;
#145 = ORIENTED_EDGE ( 'NONE', *, *, #1936, .F. ) ;
#146 =( GEOMETRIC_REPRESENTATION_CONTEXT ( 3 ) GLOBAL_UNCERTAINTY_ASSIGNED_CONTEXT ( ( #3211 ) ) GLOBAL_UNIT_ASSIGNED_CONTEXT ( ( #4366, #4033, #2324 ) ) REPRESENTATION_CONTEXT ( 'NONE', 'WORKASPACE' ) );
#147 = VECTOR ( 'NONE', #1047, 1000.000000000000000 ) ;
#148 = EDGE_CURVE ( 'NONE', #3648, #2458, #1749, .T. ) ;
#149 = CARTESIAN_POINT ( 'NONE',  ( -1.250000000000000400, 28.86144357025108700, 7.069014897415989800E-016 ) ) ;
#150 = CARTESIAN_POINT ( 'NONE',  ( -19.49999999999634400, 5.537199999999992400, 65.75000000000021300 ) ) ;
#151 = ORIENTED_EDGE ( 'NONE', *, *, #1252, .F. ) ;
#152 = LINE ( 'NONE', #3270, #1491 ) ;
#153 = DIRECTION ( 'NONE',  ( 0.0000000000000000000, 0.0000000000000000000, -1.000000000000000000 ) ) ;
#154 = VECTOR ( 'NONE', #1168, 1000.000000000000000 ) ;
#155 = EDGE_CURVE ( 'NONE', #4159, #1046, #1277, .T. ) ;
#156 = VERTEX_POINT ( 'NONE', #2444 ) ;
#157 = FACE_OUTER_BOUND ( 'NONE', #24, .T. ) ;
#158 = EDGE_CURVE ( 'NONE', #3686, #26, #3550, .T. ) ;
#159 = CARTESIAN_POINT ( 'NONE',  ( 24.50000000000000000, -41.60000000000000900, 90.50000000000000000 ) ) ;
#160 = DIRECTION ( 'NONE',  ( -0.0000000000000000000, -0.0000000000000000000, -1.000000000000000000 ) ) ;
#161 = DIRECTION ( 'NONE',  ( 0.0000000000000000000, -2.449293598294706500E-017, 1.000000000000000000 ) ) ;
#162 = CARTESIAN_POINT ( 'NONE',  ( -2.602085213965210600E-015, 17.49999999999999300, 4.286263797015734100E-016 ) ) ;
#163 = EDGE_CURVE ( 'NONE', #1902, #3035, #3013, .T. ) ;
#164 = CARTESIAN_POINT ( 'NONE',  ( 13.74999999999999800, 12.70000000000000600, 0.0000000000000000000 ) ) ;
#165 = PRESENTATION_STYLE_ASSIGNMENT (( #2105 ) ) ;
#166 = EDGE_CURVE ( 'NONE', #303, #4496, #1706, .T. ) ;
#167 = DIRECTION ( 'NONE',  ( 0.0000000000000000000, 0.0000000000000000000, -1.000000000000000000 ) ) ;
#168 = CARTESIAN_POINT ( 'NONE',  ( -19.49999999999634800, 6.288275773784451200, 3.000000000000210900 ) ) ;
#169 = DIRECTION ( 'NONE',  ( 0.0000000000000000000, -0.7071067811865475700, 0.7071067811865475700 ) ) ;
#170 = LINE ( 'NONE', #3288, #3667 ) ;
#171 = EDGE_CURVE ( 'NONE', #3052, #2567, #3906, .T. ) ;
#172 = DIRECTION ( 'NONE',  ( 0.0000000000000000000, 0.7071067811865444600, -0.7071067811865505700 ) ) ;
#173 = CARTESIAN_POINT ( 'NONE',  ( -13.75000000000000000, 30.19999999999998500, 80.90000000000000600 ) ) ;
#174 = LINE ( 'NONE', #3649, #1718 ) ;
#175 = CARTESIAN_POINT ( 'NONE',  ( 4.917354801711685000, -37.35101795883130600, 85.11225999999999200 ) ) ;
#176 = CARTESIAN_POINT ( 'NONE',  ( -24.50000000000000000, 31.80000000000000100, 80.90000000000000600 ) ) ;
#177 = ORIENTED_EDGE ( 'NONE', *, *, #328, .F. ) ;
#178 = ORIENTED_EDGE ( 'NONE', *, *, #2445, .T. ) ;
#179 = PLANE ( 'NONE',  #362 ) ;
#180 = ORIENTED_EDGE ( 'NONE', *, *, #3051, .F. ) ;
#181 = ORIENTED_EDGE ( 'NONE', *, *, #3665, .F. ) ;
#182 = STYLED_ITEM ( 'NONE', ( #3903 ), #1727 ) ;
#183 = PLANE ( 'NONE',  #2372 ) ;
#184 = EDGE_LOOP ( 'NONE', ( #3520, #643, #2717, #1628, #1629, #1865, #1520, #1735, #2240, #1429, #370, #3949, #31, #1207, #2833, #3194, #1380, #252, #2011, #1102, #3876, #2194, #1367, #141, #1374, #992, #4205, #2644, #1155, #2254, #3012, #1740, #649, #1741, #969, #1844, #642, #87, #1683, #3154 ) ) ;
#185 = ORIENTED_EDGE ( 'NONE', *, *, #4255, .F. ) ;
#186 = EDGE_CURVE ( 'NONE', #4318, #1734, #1544, .T. ) ;
#187 = ORIENTED_EDGE ( 'NONE', *, *, #2222, .F. ) ;
#188 = PLANE ( 'NONE',  #2914 ) ;
#189 = VERTEX_POINT ( 'NONE', #1318 ) ;
#190 = ORIENTED_EDGE ( 'NONE', *, *, #1831, .T. ) ;
#191 = DIRECTION ( 'NONE',  ( 0.0000000000000000000, 1.000000000000000000, 0.0000000000000000000 ) ) ;
#192 = AXIS2_PLACEMENT_3D ( 'NONE', #559, #3355, #941 ) ;
#193 = PLANE ( 'NONE',  #2707 ) ;
#194 = EDGE_LOOP ( 'NONE', ( #3265, #2415, #1269, #3180 ) ) ;
#195 = ORIENTED_EDGE ( 'NONE', *, *, #4297, .T. ) ;
#196 = FACE_OUTER_BOUND ( 'NONE', #3581, .T. ) ;
#197 = VECTOR ( 'NONE', #2720, 1000.000000000000000 ) ;
#198 = CARTESIAN_POINT ( 'NONE',  ( -4.917354801711829800, -37.35101795883126400, 92.09999999999999400 ) ) ;
#199 = CARTESIAN_POINT ( 'NONE',  ( 11.25000000000000000, 15.47950501114209500, 3.791385252856116300E-016 ) ) ;
#200 = DIRECTION ( 'NONE',  ( 0.0000000000000000000, -0.0000000000000000000, -1.000000000000000000 ) ) ;
#201 =( GEOMETRIC_REPRESENTATION_CONTEXT ( 3 ) GLOBAL_UNCERTAINTY_ASSIGNED_CONTEXT ( ( #36 ) ) GLOBAL_UNIT_ASSIGNED_CONTEXT ( ( #1300, #3046, #1320 ) ) REPRESENTATION_CONTEXT ( 'NONE', 'WORKASPACE' ) );
#202 = ORIENTED_EDGE ( 'NONE', *, *, #2759, .T. ) ;
#203 = EDGE_CURVE ( 'NONE', #1982, #2785, #2313, .T. ) ;
#204 = DIRECTION ( 'NONE',  ( 0.0000000000000000000, -1.000000000000000000, 0.0000000000000000000 ) ) ;
#205 = DIRECTION ( 'NONE',  ( -0.0000000000000000000, -0.0000000000000000000, -1.000000000000000000 ) ) ;
#206 = DIRECTION ( 'NONE',  ( 0.0000000000000000000, 0.0000000000000000000, 1.000000000000000000 ) ) ;
#207 = ORIENTED_EDGE ( 'NONE', *, *, #2882, .T. ) ;
#208 = FACE_OUTER_BOUND ( 'NONE', #2803, .T. ) ;
#209 = CARTESIAN_POINT ( 'NONE',  ( 6.617354801711838000, -37.35101795883126400, -0.001000000000001000100 ) ) ;
#210 = DIRECTION ( 'NONE',  ( -0.0000000000000000000, -0.0000000000000000000, 1.000000000000000000 ) ) ;
#211 = PLANE ( 'NONE',  #707 ) ;
#212 = EDGE_CURVE ( 'NONE', #790, #3493, #2643, .T. ) ;
#213 = DIRECTION ( 'NONE',  ( 1.000000000000000000, 0.0000000000000000000, 0.0000000000000000000 ) ) ;
#214 = CARTESIAN_POINT ( 'NONE',  ( -4.917354801711829800, -37.35101795883126400, 81.00000000000000000 ) ) ;
#215 = CARTESIAN_POINT ( 'NONE',  ( -10.00000000000056700, 7.462500000000100700, 1.827785347727449300E-016 ) ) ;
#216 = DIRECTION ( 'NONE',  ( 0.0000000000000000000, -1.000000000000000000, 0.0000000000000000000 ) ) ;
#217 = VECTOR ( 'NONE', #3736, 1000.000000000000000 ) ;
#218 = VECTOR ( 'NONE', #1489, 1000.000000000000000 ) ;
#219 = DIRECTION ( 'NONE',  ( -1.000000000000000000, 0.0000000000000000000, 0.0000000000000000000 ) ) ;
#220 = EDGE_CURVE ( 'NONE', #4473, #3035, #1381, .T. ) ;
#221 = DIRECTION ( 'NONE',  ( 0.0000000000000000000, -0.7071067811865475700, 0.7071067811865475700 ) ) ;
#222 = EDGE_CURVE ( 'NONE', #1046, #189, #2580, .T. ) ;
#223 = CIRCLE ( 'NONE', #1241, 11.43000000000000000 ) ;
#224 = PRESENTATION_LAYER_ASSIGNMENT (  '', '', ( #2659 ) ) ;
#225 = EDGE_CURVE ( 'NONE', #3065, #356, #716, .T. ) ;
#226 = DIRECTION ( 'NONE',  ( -0.0000000000000000000, -1.000000000000000000, -0.0000000000000000000 ) ) ;
#227 = CARTESIAN_POINT ( 'NONE',  ( 1.249999999999999600, 12.70000000000000600, 6.400000000000000400 ) ) ;
#228 = ORIENTED_EDGE ( 'NONE', *, *, #2385, .T. ) ;
#229 = CARTESIAN_POINT ( 'NONE',  ( 10.50000000000373600, -3.673940397442319200E-016, 4.250000000000210500 ) ) ;
#230 = CARTESIAN_POINT ( 'NONE',  ( 6.249999999999999100, 31.80000000000000800, 79.29999999999995500 ) ) ;
#231 = ADVANCED_FACE ( 'NONE', ( #3651 ), #4422, .F. ) ;
#232 = ORIENTED_EDGE ( 'NONE', *, *, #3504, .T. ) ;
#233 = EDGE_CURVE ( 'NONE', #3056, #1982, #1817, .T. ) ;
#234 = CARTESIAN_POINT ( 'NONE',  ( -16.25000000000000000, 12.70000000000000600, 80.90000000000000600 ) ) ;
#235 = VERTEX_POINT ( 'NONE', #1659 ) ;
#236 = ORIENTED_EDGE ( 'NONE', *, *, #2198, .T. ) ;
#237 = ORIENTED_EDGE ( 'NONE', *, *, #272, .T. ) ;
#238 = VERTEX_POINT ( 'NONE', #3867 ) ;
#239 = VERTEX_POINT ( 'NONE', #1430 ) ;
#240 = DIRECTION ( 'NONE',  ( 0.0000000000000000000, -0.7071067811865444600, 0.7071067811865505700 ) ) ;
#241 = CARTESIAN_POINT ( 'NONE',  ( 21.25000000000000000, 30.19999999999998500, 80.90000000000000600 ) ) ;
#242 = EDGE_CURVE ( 'NONE', #3417, #1296, #1980, .T. ) ;
#243 = ORIENTED_EDGE ( 'NONE', *, *, #2905, .F. ) ;
#244 = VERTEX_POINT ( 'NONE', #3846 ) ;
#245 = ORIENTED_EDGE ( 'NONE', *, *, #2107, .F. ) ;
#246 = FACE_OUTER_BOUND ( 'NONE', #1129, .T. ) ;
#247 = AXIS2_PLACEMENT_3D ( 'NONE', #1126, #1819, #1838 ) ;
#248 = ADVANCED_FACE ( 'NONE', ( #1646 ), #1818, .T. ) ;
#249 = FILL_AREA_STYLE ('',( #2371 ) ) ;
#250 = EDGE_CURVE ( 'NONE', #2246, #2721, #1048, .T. ) ;
#251 = EDGE_LOOP ( 'NONE', ( #3961, #2856, #2559, #1796, #451, #412 ) ) ;
#252 = ORIENTED_EDGE ( 'NONE', *, *, #4360, .F. ) ;
#253 = VECTOR ( 'NONE', #1576, 1000.000000000000000 ) ;
#254 = FACE_BOUND ( 'NONE', #1814, .T. ) ;
#255 = ORIENTED_EDGE ( 'NONE', *, *, #1268, .F. ) ;
#256 = LINE ( 'NONE', #504, #2306 ) ;
#257 = ADVANCED_FACE ( 'NONE', ( #2097 ), #712, .F. ) ;
#258 = LINE ( 'NONE', #3804, #1608 ) ;
#259 = ORIENTED_EDGE ( 'NONE', *, *, #2108, .T. ) ;
#260 = CARTESIAN_POINT ( 'NONE',  ( -19.49999999999634800, 5.537200000000000300, 1.750000000000213200 ) ) ;
#261 = DIRECTION ( 'NONE',  ( 0.0000000000000000000, 0.8571673007021111100, -0.5150380749100562600 ) ) ;
#262 = VECTOR ( 'NONE', #347, 1000.000000000000000 ) ;
#263 = DIRECTION ( 'NONE',  ( 0.0000000000000000000, 0.0000000000000000000, 1.000000000000000000 ) ) ;
#264 = CARTESIAN_POINT ( 'NONE',  ( 24.50000000000000000, -40.00000000000002800, 81.00000000000000000 ) ) ;
#265 = CARTESIAN_POINT ( 'NONE',  ( -21.25000000000000000, 31.80000000000000800, 79.29999999999995500 ) ) ;
#266 = ADVANCED_FACE ( 'NONE', ( #3435 ), #1157, .F. ) ;
#267 = VECTOR ( 'NONE', #1462, 1000.000000000000000 ) ;
#268 = AXIS2_PLACEMENT_3D ( 'NONE', #1775, #701, #3439 ) ;
#269 = CARTESIAN_POINT ( 'NONE',  ( 21.25000000000000000, 31.80000000000000800, 79.29999999999995500 ) ) ;
#270 = CARTESIAN_POINT ( 'NONE',  ( 1.250000000000001100, 31.80000000000000100, 1.600000000000004100 ) ) ;
#271 = DIRECTION ( 'NONE',  ( 0.0000000000000000000, 1.000000000000000000, 2.449293598294706500E-017 ) ) ;
#272 = EDGE_CURVE ( 'NONE', #855, #3206, #4344, .T. ) ;
#273 = CARTESIAN_POINT ( 'NONE',  ( -24.50000000000000000, 7.599999999999996100, 92.09999999999999400 ) ) ;
#274 = ADVANCED_FACE ( 'NONE', ( #104 ), #425, .F. ) ;
#275 = CARTESIAN_POINT ( 'NONE',  ( 11.25000000000000000, 31.80000000000000800, 0.0000000000000000000 ) ) ;
#276 = DIRECTION ( 'NONE',  ( -0.0000000000000000000, 2.449293598294706200E-017, -1.000000000000000000 ) ) ;
#277 = AXIS2_PLACEMENT_3D ( 'NONE', #1011, #624, #999 ) ;
#278 = CARTESIAN_POINT ( 'NONE',  ( 24.50000000000000000, 31.80000000000000100, 1.600000000000004100 ) ) ;
#279 = UNCERTAINTY_MEASURE_WITH_UNIT (LENGTH_MEASURE( 1.000000000000000100E-005 ), #8, 'distance_accuracy_value', 'NONE');
#280 = CARTESIAN_POINT ( 'NONE',  ( 10.62073443788140800, -25.39999999999999900, 80.99960602236845400 ) ) ;
#281 = CYLINDRICAL_SURFACE ( 'NONE', #4036, 1.249999999999999300 ) ;
#282 = ORIENTED_EDGE ( 'NONE', *, *, #782, .T. ) ;
#283 = AXIS2_PLACEMENT_3D ( 'NONE', #4140, #2400, #2814 ) ;
#284 = ORIENTED_EDGE ( 'NONE', *, *, #3289, .T. ) ;
#285 = EDGE_CURVE ( 'NONE', #626, #718, #4445, .T. ) ;
#286 = DIRECTION ( 'NONE',  ( -1.000000000000000000, 0.0000000000000000000, 0.0000000000000000000 ) ) ;
#287 = DIRECTION ( 'NONE',  ( 0.0000000000000000000, 1.000000000000000000, 0.0000000000000000000 ) ) ;
#288 = EDGE_LOOP ( 'NONE', ( #3682, #404, #3922 ) ) ;
#289 = ADVANCED_FACE ( 'NONE', ( #4287 ), #1000, .F. ) ;
#290 = VERTEX_POINT ( 'NONE', #690 ) ;
#291 = CARTESIAN_POINT ( 'NONE',  ( 11.25000000000000000, 12.70000000000000600, 80.90000000000000600 ) ) ;
#292 = ORIENTED_EDGE ( 'NONE', *, *, #1714, .F. ) ;
#293 = VERTEX_POINT ( 'NONE', #2115 ) ;
#294 = EDGE_LOOP ( 'NONE', ( #4080, #4161, #1858, #2450 ) ) ;
#295 = DIRECTION ( 'NONE',  ( 0.0000000000000000000, 1.000000000000000000, 2.449293598294705600E-017 ) ) ;
#296 = EDGE_LOOP ( 'NONE', ( #698, #1218, #648, #1587 ) ) ;
#297 = CARTESIAN_POINT ( 'NONE',  ( 12.39999999999999900, -19.55880833265211300, 80.72453701939498700 ) ) ;
#298 = DIRECTION ( 'NONE',  ( 0.0000000000000000000, 0.0000000000000000000, 1.000000000000000000 ) ) ;
#299 = VECTOR ( 'NONE', #2972, 1000.000000000000000 ) ;
#300 = VECTOR ( 'NONE', #3173, 1000.000000000000000 ) ;
#301 = ADVANCED_FACE ( 'NONE', ( #935 ), #4199, .T. ) ;
#302 = ORIENTED_EDGE ( 'NONE', *, *, #666, .T. ) ;
#303 = VERTEX_POINT ( 'NONE', #3192 ) ;
#304 = VECTOR ( 'NONE', #1553, 1000.000000000000000 ) ;
#305 = CARTESIAN_POINT ( 'NONE',  ( 6.249999999999999100, 31.80000000000000800, 0.0000000000000000000 ) ) ;
#306 = LINE ( 'NONE', #674, #95 ) ;
#307 = EDGE_CURVE ( 'NONE', #4150, #4415, #4495, .T. ) ;
#308 = VERTEX_POINT ( 'NONE', #1054 ) ;
#309 = ORIENTED_EDGE ( 'NONE', *, *, #3790, .F. ) ;
#310 = AXIS2_PLACEMENT_3D ( 'NONE', #1336, #940, #3388 ) ;
#311 = VECTOR ( 'NONE', #2790, 1000.000000000000000 ) ;
#312 = COLOUR_RGB ( '',0.9098039215686274400, 0.4431372549019607600, 0.03137254901960784300 ) ;
#313 = B_SPLINE_CURVE_WITH_KNOTS ( 'NONE', 3,
 ( #784, #3558, #2215, #806, #3551, #65, #2158, #2514, #32, #2168, #391, #97 ),
 .UNSPECIFIED., .F., .F.,
 ( 4, 2, 2, 2, 2, 4 ),
 ( 0.006705406421211888800, 0.007558259021200962300, 0.008411111621190035800, 0.01011681682116816900, 0.01182252202114630500, 0.01352822722112444000 ),
 .UNSPECIFIED. ) ;
#314 = ORIENTED_EDGE ( 'NONE', *, *, #2770, .T. ) ;
#315 = CARTESIAN_POINT ( 'NONE',  ( -19.49999999999634800, -2.724839128103117800E-016, 3.000000000000210900 ) ) ;
#316 = CARTESIAN_POINT ( 'NONE',  ( -6.250000000000000000, 31.80000000000000800, 0.0000000000000000000 ) ) ;
#317 = ORIENTED_EDGE ( 'NONE', *, *, #2130, .F. ) ;
#318 = ADVANCED_FACE ( 'NONE', ( #2425 ), #1179, .F. ) ;
#319 = AXIS2_PLACEMENT_3D ( 'NONE', #1783, #4189, #7 ) ;
#320 = EDGE_CURVE ( 'NONE', #3304, #2505, #4017, .T. ) ;
#321 = CARTESIAN_POINT ( 'NONE',  ( -16.25000000000000000, 12.70000000000000600, 0.0000000000000000000 ) ) ;
#322 = DIRECTION ( 'NONE',  ( 0.0000000000000000000, -1.000000000000000000, 0.0000000000000000000 ) ) ;
#323 = EDGE_CURVE ( 'NONE', #1526, #1963, #3491, .T. ) ;
#324 = FACE_OUTER_BOUND ( 'NONE', #2021, .T. ) ;
#325 = CARTESIAN_POINT ( 'NONE',  ( 3.750000000000000000, 31.80000000000000800, 1.600000000000011200 ) ) ;
#326 = ADVANCED_FACE ( 'NONE', ( #4390 ), #2207, .F. ) ;
#327 = DIRECTION ( 'NONE',  ( 0.0000000000000000000, 1.000000000000000000, 2.449293598294706500E-017 ) ) ;
#328 = EDGE_CURVE ( 'NONE', #577, #3493, #3009, .T. ) ;
#329 = CARTESIAN_POINT ( 'NONE',  ( 16.90000000000000200, -25.39999999999999900, 81.00000000000000000 ) ) ;
#330 = CARTESIAN_POINT ( 'NONE',  ( -10.00000000000056700, 7.462500000000100700, 5.199379999999999700 ) ) ;
#331 = LINE ( 'NONE', #3042, #217 ) ;
#332 = FACE_OUTER_BOUND ( 'NONE', #1080, .T. ) ;
#333 = SURFACE_STYLE_USAGE ( .BOTH. , #4489 ) ;
#334 = VECTOR ( 'NONE', #2471, 1000.000000000000000 ) ;
#335 = AXIS2_PLACEMENT_3D ( 'NONE', #1681, #3099, #4477 ) ;
#336 = EDGE_CURVE ( 'NONE', #863, #38, #1859, .T. ) ;
#337 = CYLINDRICAL_SURFACE ( 'NONE', #2484, 12.40000000000000000 ) ;
#338 = ADVANCED_FACE ( 'NONE', ( #2263 ), #3178, .F. ) ;
#339 = DIRECTION ( 'NONE',  ( -1.000000000000000000, 0.0000000000000000000, 0.0000000000000000000 ) ) ;
#340 = CARTESIAN_POINT ( 'NONE',  ( 21.25000000000000000, 30.19999999999998500, 80.90000000000000600 ) ) ;
#341 = EDGE_LOOP ( 'NONE', ( #3517, #2616, #3303, #792 ) ) ;
#342 = ORIENTED_EDGE ( 'NONE', *, *, #1512, .T. ) ;
#343 = DIRECTION ( 'NONE',  ( 0.0000000000000000000, 0.0000000000000000000, -1.000000000000000000 ) ) ;
#344 = ADVANCED_FACE ( 'NONE', ( #2152 ), #3900, .F. ) ;
#345 = ORIENTED_EDGE ( 'NONE', *, *, #951, .F. ) ;
#346 = ORIENTED_EDGE ( 'NONE', *, *, #1189, .F. ) ;
#347 = DIRECTION ( 'NONE',  ( 0.0000000000000000000, -1.000000000000000000, 0.0000000000000000000 ) ) ;
#348 = EDGE_CURVE ( 'NONE', #1137, #2630, #2526, .T. ) ;
#349 = CARTESIAN_POINT ( 'NONE',  ( 3.217354801711837600, -37.35101795883126400, 92.09999999999999400 ) ) ;
#350 = ORIENTED_EDGE ( 'NONE', *, *, #1393, .F. ) ;
#351 = VERTEX_POINT ( 'NONE', #3910 ) ;
#352 = ORIENTED_EDGE ( 'NONE', *, *, #453, .T. ) ;
#353 = DIRECTION ( 'NONE',  ( -0.0000000000000000000, -1.000000000000000000, -0.0000000000000000000 ) ) ;
#354 = ORIENTED_EDGE ( 'NONE', *, *, #3608, .F. ) ;
#355 = CARTESIAN_POINT ( 'NONE',  ( 24.50000000000000000, 30.19999999999998500, 80.90000000000000600 ) ) ;
#356 = VERTEX_POINT ( 'NONE', #441 ) ;
#357 = SURFACE_STYLE_FILL_AREA ( #3508 ) ;
#358 = EDGE_LOOP ( 'NONE', ( #20, #1803, #106, #3317, #292 ) ) ;
#359 = ORIENTED_EDGE ( 'NONE', *, *, #2541, .T. ) ;
#360 = VECTOR ( 'NONE', #167, 1000.000000000000000 ) ;
#361 = VECTOR ( 'NONE', #570, 1000.000000000000000 ) ;
#362 = AXIS2_PLACEMENT_3D ( 'NONE', #2289, #169, #893 ) ;
#363 = FACE_OUTER_BOUND ( 'NONE', #3527, .T. ) ;
#364 = ORIENTED_EDGE ( 'NONE', *, *, #3947, .F. ) ;
#365 = CARTESIAN_POINT ( 'NONE',  ( -18.35181795883132200, -23.91655480171161900, 81.00000000000000000 ) ) ;
#366 = DIRECTION ( 'NONE',  ( -0.0000000000000000000, -0.0000000000000000000, 1.000000000000000000 ) ) ;
#367 = EDGE_CURVE ( 'NONE', #293, #1896, #2089, .T. ) ;
#368 = VECTOR ( 'NONE', #1313, 1000.000000000000000 ) ;
#369 = AXIS2_PLACEMENT_3D ( 'NONE', #411, #1133, #807 ) ;
#370 = ORIENTED_EDGE ( 'NONE', *, *, #2213, .F. ) ;
#371 = ADVANCED_FACE ( 'NONE', ( #1974 ), #3795, .F. ) ;
#372 = LINE ( 'NONE', #3678, #3860 ) ;
#373 = CARTESIAN_POINT ( 'NONE',  ( -11.25000000000000400, 15.47950501114207400, 6.400000000000000400 ) ) ;
#374 = APPLICATION_CONTEXT ( 'automotive_design' ) ;
#375 = EDGE_CURVE ( 'NONE', #2747, #626, #479, .T. ) ;
#376 = DIRECTION ( 'NONE',  ( 1.000000000000000000, 0.0000000000000000000, 0.0000000000000000000 ) ) ;
#377 = VECTOR ( 'NONE', #2980, 1000.000000000000000 ) ;
#378 = CARTESIAN_POINT ( 'NONE',  ( 16.25000000000000000, 12.70000000000000600, 0.0000000000000000000 ) ) ;
#379 = VECTOR ( 'NONE', #828, 1000.000000000000000 ) ;
#380 = EDGE_CURVE ( 'NONE', #290, #2988, #2865, .T. ) ;
#381 = CIRCLE ( 'NONE', #2741, 11.43000000000000000 ) ;
#382 = DIRECTION ( 'NONE',  ( -0.0000000000000000000, -0.0000000000000000000, 1.000000000000000000 ) ) ;
#383 = DIRECTION ( 'NONE',  ( 0.0000000000000000000, 0.0000000000000000000, -1.000000000000000000 ) ) ;
#384 = DIRECTION ( 'NONE',  ( 1.000000000000000000, 0.0000000000000000000, 0.0000000000000000000 ) ) ;
#385 = EDGE_CURVE ( 'NONE', #1139, #3955, #3957, .T. ) ;
#386 = DIRECTION ( 'NONE',  ( 0.0000000000000000000, -0.7071067811865475700, 0.7071067811865475700 ) ) ;
#387 = CARTESIAN_POINT ( 'NONE',  ( -16.65181795883132300, -14.08184519828838400, 92.09999999999999400 ) ) ;
#388 = CARTESIAN_POINT ( 'NONE',  ( -24.50000000000000000, 30.19999999999998500, 80.90000000000000600 ) ) ;
#389 = ADVANCED_FACE ( 'NONE', ( #1492 ), #1215, .F. ) ;
#390 = EDGE_CURVE ( 'NONE', #30, #2391, #4120, .T. ) ;
#391 = CARTESIAN_POINT ( 'NONE',  ( 10.85292005671957400, -12.97451765688762600, 81.00000000000000000 ) ) ;
#392 = DIRECTION ( 'NONE',  ( 0.0000000000000000000, 0.0000000000000000000, 1.000000000000000000 ) ) ;
#393 = MECHANICAL_DESIGN_GEOMETRIC_PRESENTATION_REPRESENTATION (  '', ( #4075 ), #2792 ) ;
#394 = CARTESIAN_POINT ( 'NONE',  ( 6.249999999999999100, 12.70000000000000600, 0.0000000000000000000 ) ) ;
#395 = SURFACE_SIDE_STYLE ('',( #115 ) ) ;
#396 = ORIENTED_EDGE ( 'NONE', *, *, #3591, .T. ) ;
#397 = EDGE_CURVE ( 'NONE', #3246, #855, #1103, .T. ) ;
#398 = VERTEX_POINT ( 'NONE', #127 ) ;
#399 = CARTESIAN_POINT ( 'NONE',  ( 24.50000000000000000, 30.19999999999999900, 5.815146750668674300E-018 ) ) ;
#400 = ORIENTED_EDGE ( 'NONE', *, *, #2905, .T. ) ;
#401 = DIRECTION ( 'NONE',  ( -0.0000000000000000000, -0.0000000000000000000, -1.000000000000000000 ) ) ;
#402 = DIRECTION ( 'NONE',  ( -0.0000000000000000000, -1.000000000000000000, -0.0000000000000000000 ) ) ;
#403 = DIRECTION ( 'NONE',  ( 0.0000000000000000000, 0.0000000000000000000, -1.000000000000000000 ) ) ;
#404 = ORIENTED_EDGE ( 'NONE', *, *, #2811, .T. ) ;
#405 = EDGE_CURVE ( 'NONE', #464, #244, #256, .T. ) ;
#406 = ORIENTED_EDGE ( 'NONE', *, *, #3633, .T. ) ;
#407 = ORIENTED_EDGE ( 'NONE', *, *, #4320, .F. ) ;
#408 = VERTEX_POINT ( 'NONE', #2646 ) ;
#409 = ORIENTED_EDGE ( 'NONE', *, *, #946, .T. ) ;
#410 = CARTESIAN_POINT ( 'NONE',  ( -15.10188795883132300, -23.91655480171161900, 85.11225999999999200 ) ) ;
#411 = CARTESIAN_POINT ( 'NONE',  ( 24.50000000000000000, 30.19999999999998500, 80.90000000000000600 ) ) ;
#412 = ORIENTED_EDGE ( 'NONE', *, *, #320, .T. ) ;
#413 = VERTEX_POINT ( 'NONE', #3308 ) ;
#414 = FACE_OUTER_BOUND ( 'NONE', #1525, .T. ) ;
#415 = FACE_OUTER_BOUND ( 'NONE', #1096, .T. ) ;
#416 = ADVANCED_FACE ( 'NONE', ( #196 ), #2971, .F. ) ;
#417 = CIRCLE ( 'NONE', #3136, 3.249930000000001800 ) ;
#418 = VERTEX_POINT ( 'NONE', #4313 ) ;
#419 = ORIENTED_EDGE ( 'NONE', *, *, #133, .F. ) ;
#420 = VECTOR ( 'NONE', #1273, 1000.000000000000000 ) ;
#421 = VECTOR ( 'NONE', #561, 1000.000000000000000 ) ;
#422 = PLANE ( 'NONE',  #1391 ) ;
#423 = ORIENTED_EDGE ( 'NONE', *, *, #2004, .F. ) ;
#424 = AXIS2_PLACEMENT_3D ( 'NONE', #3032, #3380, #191 ) ;
#425 = CYLINDRICAL_SURFACE ( 'NONE', #1742, 3.249930000000000000 ) ;
#426 = EDGE_CURVE ( 'NONE', #1302, #308, #45, .T. ) ;
#427 = CARTESIAN_POINT ( 'NONE',  ( 9.999999999999609200, 7.462500000000163800, 1.827785347727464600E-016 ) ) ;
#428 = DIRECTION ( 'NONE',  ( 0.0000000000000000000, -1.000000000000000000, -2.449293598294706200E-017 ) ) ;
#429 = ORIENTED_EDGE ( 'NONE', *, *, #2224, .F. ) ;
#430 = VECTOR ( 'NONE', #4243, 1000.000000000000000 ) ;
#431 = PRESENTATION_LAYER_ASSIGNMENT (  '', '', ( #3563 ) ) ;
#432 = LINE ( 'NONE', #2151, #2485 ) ;
#433 = PLANE ( 'NONE',  #1643 ) ;
#434 = DIRECTION ( 'NONE',  ( 1.000000000000000000, 0.0000000000000000000, 0.0000000000000000000 ) ) ;
#435 = VECTOR ( 'NONE', #1087, 1000.000000000000000 ) ;
#436 = AXIS2_PLACEMENT_3D ( 'NONE', #3578, #401, #768 ) ;
#437 = EDGE_CURVE ( 'NONE', #3641, #2087, #1916, .T. ) ;
#438 =( NAMED_UNIT ( * ) PLANE_ANGLE_UNIT ( ) SI_UNIT ( $, .RADIAN. ) );
#439 = CARTESIAN_POINT ( 'NONE',  ( 6.249999999999999100, 30.19999999999999900, 0.0000000000000000000 ) ) ;
#440 = CONICAL_SURFACE ( 'NONE', #2827, 1.250000000000001100, 1.029744258676653400 ) ;
#441 = CARTESIAN_POINT ( 'NONE',  ( -3.750000000000000900, 30.19999999999998500, 80.90000000000000600 ) ) ;
#442 = DIRECTION ( 'NONE',  ( -0.0000000000000000000, -1.000000000000000000, -0.0000000000000000000 ) ) ;
#443 = VECTOR ( 'NONE', #1415, 1000.000000000000000 ) ;
#444 = ORIENTED_EDGE ( 'NONE', *, *, #1985, .T. ) ;
#445 = EDGE_CURVE ( 'NONE', #3641, #2715, #536, .T. ) ;
#446 = ORIENTED_EDGE ( 'NONE', *, *, #1301, .T. ) ;
#447 = CARTESIAN_POINT ( 'NONE',  ( 24.50000000000000000, 31.80000000000000100, 1.600000000000004100 ) ) ;
#448 = AXIS2_PLACEMENT_3D ( 'NONE', #1938, #3673, #1607 ) ;
#449 = CARTESIAN_POINT ( 'NONE',  ( 18.75000000000000000, 12.70000000000000600, 0.0000000000000000000 ) ) ;
#450 = CARTESIAN_POINT ( 'NONE',  ( -2.602085213965210600E-015, 17.49999999999999300, 6.400000000000000400 ) ) ;
#451 = ORIENTED_EDGE ( 'NONE', *, *, #672, .T. ) ;
#452 = ORIENTED_EDGE ( 'NONE', *, *, #1951, .F. ) ;
#453 = EDGE_CURVE ( 'NONE', #1302, #798, #2748, .T. ) ;
#454 = CARTESIAN_POINT ( 'NONE',  ( 24.50000000000000000, 31.80000000000000100, 1.600000000000004100 ) ) ;
#455 = PLANE ( 'NONE',  #3340 ) ;
#456 = VERTEX_POINT ( 'NONE', #4302 ) ;
#457 = ORIENTED_EDGE ( 'NONE', *, *, #2107, .T. ) ;
#458 = CARTESIAN_POINT ( 'NONE',  ( 10.50000000000373600, 5.537200000000000300, 4.250000000000210500 ) ) ;
#459 = ORIENTED_EDGE ( 'NONE', *, *, #4247, .F. ) ;
#460 = EDGE_CURVE ( 'NONE', #3802, #2836, #3644, .T. ) ;
#461 = EDGE_CURVE ( 'NONE', #2294, #2782, #4077, .T. ) ;
#462 = CARTESIAN_POINT ( 'NONE',  ( 4.917354801711837800, -37.35101795883126400, 85.11225999999999200 ) ) ;
#463 = ORIENTED_EDGE ( 'NONE', *, *, #925, .T. ) ;
#464 = VERTEX_POINT ( 'NONE', #1221 ) ;
#465 = ORIENTED_EDGE ( 'NONE', *, *, #1736, .T. ) ;
#466 = LINE ( 'NONE', #4295, #100 ) ;
#467 = CARTESIAN_POINT ( 'NONE',  ( 10.50000000000373600, -2.724839128103118300E-016, 1.750000000000211800 ) ) ;
#468 = VECTOR ( 'NONE', #3107, 1000.000000000000000 ) ;
#469 = EDGE_CURVE ( 'NONE', #2715, #93, #2038, .T. ) ;
#470 = ORIENTED_EDGE ( 'NONE', *, *, #3285, .F. ) ;
#471 = VERTEX_POINT ( 'NONE', #1944 ) ;
#472 = LINE ( 'NONE', #1281, #3423 ) ;
#473 = DIRECTION ( 'NONE',  ( 0.0000000000000000000, -1.000000000000000000, 0.0000000000000000000 ) ) ;
#474 = CARTESIAN_POINT ( 'NONE',  ( -12.40000000000000200, -19.00000000000001100, 92.09999999999999400 ) ) ;
#475 = LINE ( 'NONE', #2864, #757 ) ;
#476 = EDGE_CURVE ( 'NONE', #3891, #582, #3222, .T. ) ;
#477 = ORIENTED_EDGE ( 'NONE', *, *, #4247, .T. ) ;
#478 = PLANE ( 'NONE',  #129 ) ;
#479 = LINE ( 'NONE', #2232, #1330 ) ;
#480 = SURFACE_SIDE_STYLE ('',( #123 ) ) ;
#481 = DIRECTION ( 'NONE',  ( 0.0000000000000000000, -1.000000000000000000, 0.0000000000000000000 ) ) ;
#482 = DIRECTION ( 'NONE',  ( -1.000000000000000000, 0.0000000000000000000, 0.0000000000000000000 ) ) ;
#483 = CARTESIAN_POINT ( 'NONE',  ( -6.800155680845194600, -40.00000000000002800, 81.00000000000000000 ) ) ;
#484 = LINE ( 'NONE', #316, #3959 ) ;
#485 = VERTEX_POINT ( 'NONE', #495 ) ;
#486 = CARTESIAN_POINT ( 'NONE',  ( -8.750000000000000000, 31.80000000000000100, 1.600000000000004100 ) ) ;
#487 = EDGE_CURVE ( 'NONE', #2637, #29, #99, .T. ) ;
#488 = VECTOR ( 'NONE', #3933, 1000.000000000000000 ) ;
#489 = CARTESIAN_POINT ( 'NONE',  ( 6.249999999999998200, 30.19999999999998500, 80.90000000000000600 ) ) ;
#490 = AXIS2_PLACEMENT_3D ( 'NONE', #2930, #895, #482 ) ;
#491 = EDGE_CURVE ( 'NONE', #1896, #4113, #878, .T. ) ;
#492 = DIRECTION ( 'NONE',  ( -0.0000000000000000000, 2.449293598294706200E-017, -1.000000000000000000 ) ) ;
#493 = LINE ( 'NONE', #2119, #603 ) ;
#494 = CARTESIAN_POINT ( 'NONE',  ( 1.249999999999999600, 31.80000000000000800, 0.0000000000000000000 ) ) ;
#495 = CARTESIAN_POINT ( 'NONE',  ( 18.75000000000000000, 12.70000000000000600, 80.90000000000000600 ) ) ;
#496 = VECTOR ( 'NONE', #261, 1000.000000000000000 ) ;
#497 = DIRECTION ( 'NONE',  ( 1.049727191138618000E-016, -0.5150380749100550400, 0.8571673007021117800 ) ) ;
#498 = CARTESIAN_POINT ( 'NONE',  ( 24.50000000000000000, 31.80000000000000100, 6.123233995737214700E-018 ) ) ;
#499 = VECTOR ( 'NONE', #1496, 1000.000000000000000 ) ;
#500 = CARTESIAN_POINT ( 'NONE',  ( 24.50000000000000000, 30.19999999999998500, 80.90000000000000600 ) ) ;
#501 = PLANE ( 'NONE',  #3221 ) ;
#502 = DIRECTION ( 'NONE',  ( -0.0000000000000000000, -1.000000000000000000, -0.0000000000000000000 ) ) ;
#503 = VERTEX_POINT ( 'NONE', #3000 ) ;
#504 = CARTESIAN_POINT ( 'NONE',  ( 8.167284801711687700, -37.35101795883130600, 85.11225999999999200 ) ) ;
#505 = DIRECTION ( 'NONE',  ( -0.0000000000000000000, -0.0000000000000000000, -1.000000000000000000 ) ) ;
#506 = FACE_OUTER_BOUND ( 'NONE', #184, .T. ) ;
#507 = PLANE ( 'NONE',  #786 ) ;
#508 = ORIENTED_EDGE ( 'NONE', *, *, #1776, .F. ) ;
#509 = STYLED_ITEM ( 'NONE', ( #1450 ), #1376 ) ;
#510 = DIRECTION ( 'NONE',  ( 0.0000000000000000000, 0.0000000000000000000, 1.000000000000000000 ) ) ;
#511 = ORIENTED_EDGE ( 'NONE', *, *, #3870, .F. ) ;
#512 = CARTESIAN_POINT ( 'NONE',  ( -8.750000000000000000, 12.70000000000000600, 0.0000000000000000000 ) ) ;
#513 = VECTOR ( 'NONE', #492, 1000.000000000000000 ) ;
#514 = DIRECTION ( 'NONE',  ( 0.0000000000000000000, 0.0000000000000000000, -1.000000000000000000 ) ) ;
#515 = EDGE_LOOP ( 'NONE', ( #903, #3092, #4486, #342, #3717, #139, #470, #4371, #2983, #3942 ) ) ;
#516 = ORIENTED_EDGE ( 'NONE', *, *, #862, .T. ) ;
#517 = DIRECTION ( 'NONE',  ( -0.0000000000000000000, 0.7071067811865474600, 0.7071067811865474600 ) ) ;
#518 = AXIS2_PLACEMENT_3D ( 'NONE', #959, #4413, #2388 ) ;
#519 = ORIENTED_EDGE ( 'NONE', *, *, #2016, .T. ) ;
#520 = ORIENTED_EDGE ( 'NONE', *, *, #220, .T. ) ;
#521 = ORIENTED_EDGE ( 'NONE', *, *, #3659, .F. ) ;
#522 = FACE_OUTER_BOUND ( 'NONE', #1212, .T. ) ;
#523 = CARTESIAN_POINT ( 'NONE',  ( -8.750000000000000000, 31.80000000000000800, 1.600000000000011200 ) ) ;
#524 = CARTESIAN_POINT ( 'NONE',  ( 3.750000000000000000, 12.70000000000000600, 6.400000000000000400 ) ) ;
#525 = DIRECTION ( 'NONE',  ( 0.0000000000000000000, 1.000000000000000000, 0.0000000000000000000 ) ) ;
#526 = VERTEX_POINT ( 'NONE', #3406 ) ;
#527 = AXIS2_PLACEMENT_3D ( 'NONE', #2441, #3133, #1372 ) ;
#528 = LINE ( 'NONE', #3021, #1369 ) ;
#529 = LINE ( 'NONE', #3774, #1806 ) ;
#530 = LINE ( 'NONE', #2116, #4005 ) ;
#531 = EDGE_CURVE ( 'NONE', #1470, #739, #1699, .T. ) ;
#532 = DIRECTION ( 'NONE',  ( 0.0000000000000000000, 2.449293598294706200E-017, -1.000000000000000000 ) ) ;
#533 = ORIENTED_EDGE ( 'NONE', *, *, #3947, .T. ) ;
#534 = ORIENTED_EDGE ( 'NONE', *, *, #672, .F. ) ;
#535 = CARTESIAN_POINT ( 'NONE',  ( 16.90000000000000200, -25.39999999999999900, 1.600000000000004100 ) ) ;
#536 = LINE ( 'NONE', #2291, #2417 ) ;
#537 = FACE_OUTER_BOUND ( 'NONE', #2346, .T. ) ;
#538 = DIRECTION ( 'NONE',  ( -0.0000000000000000000, 0.7071067811865474600, 0.7071067811865474600 ) ) ;
#539 = ORIENTED_EDGE ( 'NONE', *, *, #1766, .F. ) ;
#540 = DIRECTION ( 'NONE',  ( 1.000000000000000000, 0.0000000000000000000, -0.0000000000000000000 ) ) ;
#541 = AXIS2_PLACEMENT_3D ( 'NONE', #1234, #510, #2595 ) ;
#542 = EDGE_CURVE ( 'NONE', #2239, #2995, #1596, .T. ) ;
#543 = ORIENTED_EDGE ( 'NONE', *, *, #2496, .F. ) ;
#544 = CARTESIAN_POINT ( 'NONE',  ( 24.50000000000000000, 30.19999999999998500, 80.90000000000000600 ) ) ;
#545 = DIRECTION ( 'NONE',  ( 1.000000000000000000, 0.0000000000000000000, 0.0000000000000000000 ) ) ;
#546 = FACE_OUTER_BOUND ( 'NONE', #1592, .T. ) ;
#547 = DIRECTION ( 'NONE',  ( 0.0000000000000000000, -1.000000000000000000, 0.0000000000000000000 ) ) ;
#548 = CARTESIAN_POINT ( 'NONE',  ( -3.750000000000000900, 28.29733300403390200, 6.400000000000000400 ) ) ;
#549 = EDGE_CURVE ( 'NONE', #974, #464, #1377, .T. ) ;
#550 = STYLED_ITEM ( 'NONE', ( #1873 ), #3557 ) ;
#551 = FACE_OUTER_BOUND ( 'NONE', #296, .T. ) ;
#552 = CARTESIAN_POINT ( 'NONE',  ( 16.25000000000000000, 31.80000000000000800, 1.600000000000011200 ) ) ;
#553 = AXIS2_PLACEMENT_3D ( 'NONE', #4446, #2784, #3094 ) ;
#554 = LINE ( 'NONE', #3341, #112 ) ;
#555 = EDGE_CURVE ( 'NONE', #4107, #4473, #1272, .T. ) ;
#556 = DIRECTION ( 'NONE',  ( 0.0000000000000000000, 1.000000000000000000, 0.0000000000000000000 ) ) ;
#557 = CARTESIAN_POINT ( 'NONE',  ( 11.25000000000000000, 12.70000000000000600, 0.0000000000000000000 ) ) ;
#558 = LINE ( 'NONE', #1547, #4031 ) ;
#559 = CARTESIAN_POINT ( 'NONE',  ( 10.50000000000373600, 5.537199999999992400, 67.00000000000021300 ) ) ;
#560 = EDGE_CURVE ( 'NONE', #4068, #4308, #932, .T. ) ;
#561 = DIRECTION ( 'NONE',  ( 1.000000000000000000, 0.0000000000000000000, 0.0000000000000000000 ) ) ;
#562 = CARTESIAN_POINT ( 'NONE',  ( 24.50000000000000000, 9.199999999999999300, 92.09999999999999400 ) ) ;
#563 = CARTESIAN_POINT ( 'NONE',  ( -2.602085213965210600E-015, 17.49999999999999300, 6.400000000000000400 ) ) ;
#564 = VECTOR ( 'NONE', #1348, 1000.000000000000000 ) ;
#565 = CARTESIAN_POINT ( 'NONE',  ( 9.999999999999609200, 8.262500000000162700, 5.199379999999999700 ) ) ;
#566 = ORIENTED_EDGE ( 'NONE', *, *, #1834, .T. ) ;
#567 = ORIENTED_EDGE ( 'NONE', *, *, #1714, .T. ) ;
#568 = DIRECTION ( 'NONE',  ( 1.000000000000000000, 0.0000000000000000000, 0.0000000000000000000 ) ) ;
#569 = ORIENTED_EDGE ( 'NONE', *, *, #1366, .T. ) ;
#570 = DIRECTION ( 'NONE',  ( 0.0000000000000000000, -0.5150380749100550400, -0.8571673007021117800 ) ) ;
#571 = ORIENTED_EDGE ( 'NONE', *, *, #977, .F. ) ;
#572 = VECTOR ( 'NONE', #657, 1000.000000000000100 ) ;
#573 = AXIS2_PLACEMENT_3D ( 'NONE', #1373, #3134, #3454 ) ;
#574 =( NAMED_UNIT ( * ) PLANE_ANGLE_UNIT ( ) SI_UNIT ( $, .RADIAN. ) );
#575 = DIRECTION ( 'NONE',  ( 0.0000000000000000000, 0.0000000000000000000, -1.000000000000000000 ) ) ;
#576 = ORIENTED_EDGE ( 'NONE', *, *, #4053, .F. ) ;
#577 = VERTEX_POINT ( 'NONE', #2320 ) ;
#578 = DIRECTION ( 'NONE',  ( -0.0000000000000000000, 2.449293598294706200E-017, -1.000000000000000000 ) ) ;
#579 = EDGE_LOOP ( 'NONE', ( #915, #1244, #190, #2582, #1243 ) ) ;
#580 = FACE_OUTER_BOUND ( 'NONE', #1837, .T. ) ;
#581 = VERTEX_POINT ( 'NONE', #2349 ) ;
#582 = VERTEX_POINT ( 'NONE', #2728 ) ;
#583 = DIRECTION ( 'NONE',  ( 0.0000000000000000000, 2.449293598294706200E-017, -1.000000000000000000 ) ) ;
#584 = ORIENTED_EDGE ( 'NONE', *, *, #60, .F. ) ;
#585 = AXIS2_PLACEMENT_3D ( 'NONE', #2449, #1737, #3817 ) ;
#586 = LINE ( 'NONE', #48, #1433 ) ;
#587 = VERTEX_POINT ( 'NONE', #3731 ) ;
#588 = ORIENTED_EDGE ( 'NONE', *, *, #3583, .F. ) ;
#589 = PRESENTATION_STYLE_ASSIGNMENT (( #2610 ) ) ;
#590 = CIRCLE ( 'NONE', #1947, 0.7999999999999986000 ) ;
#591 = LINE ( 'NONE', #3414, #2256 ) ;
#592 = DIRECTION ( 'NONE',  ( -1.000000000000000000, 0.0000000000000000000, 0.0000000000000000000 ) ) ;
#593 = DIRECTION ( 'NONE',  ( 0.0000000000000000000, 1.000000000000000000, 2.449293598294706200E-017 ) ) ;
#594 = DIRECTION ( 'NONE',  ( -0.0000000000000000000, -0.7071067811865474600, -0.7071067811865474600 ) ) ;
#595 = ORIENTED_EDGE ( 'NONE', *, *, #272, .F. ) ;
#596 = EDGE_CURVE ( 'NONE', #979, #693, #4335, .T. ) ;
#597 = VECTOR ( 'NONE', #1410, 1000.000000000000000 ) ;
#598 = CARTESIAN_POINT ( 'NONE',  ( 3.750000000000000000, 28.29733300403389900, 6.400000000000000400 ) ) ;
#599 = EDGE_CURVE ( 'NONE', #1586, #4367, #3431, .T. ) ;
#600 = CARTESIAN_POINT ( 'NONE',  ( 24.50000000000000000, 31.80000000000000100, 1.600000000000004100 ) ) ;
#601 = ORIENTED_EDGE ( 'NONE', *, *, #2440, .T. ) ;
#602 = CYLINDRICAL_SURFACE ( 'NONE', #4404, 3.249930000000001800 ) ;
#603 = VECTOR ( 'NONE', #695, 1000.000000000000000 ) ;
#604 = AXIS2_PLACEMENT_3D ( 'NONE', #4207, #50, #2873 ) ;
#605 = DIRECTION ( 'NONE',  ( -0.0000000000000000000, -0.0000000000000000000, 1.000000000000000000 ) ) ;
#606 = EDGE_CURVE ( 'NONE', #4095, #2624, #2639, .T. ) ;
#607 = LINE ( 'NONE', #142, #4188 ) ;
#608 = EDGE_CURVE ( 'NONE', #1619, #1178, #3117, .T. ) ;
#609 =( NAMED_UNIT ( * ) PLANE_ANGLE_UNIT ( ) SI_UNIT ( $, .RADIAN. ) );
#610 = DIRECTION ( 'NONE',  ( -0.0000000000000000000, -0.0000000000000000000, 1.000000000000000000 ) ) ;
#611 = DIRECTION ( 'NONE',  ( 0.0000000000000000000, -0.7071067811865475700, 0.7071067811865475700 ) ) ;
#612 = CARTESIAN_POINT ( 'NONE',  ( -2.602085213965210600E-015, 17.49999999999999300, 4.286263797015734100E-016 ) ) ;
#613 = CARTESIAN_POINT ( 'NONE',  ( 3.750000000000000000, 12.70000000000000600, 80.90000000000000600 ) ) ;
#614 = CARTESIAN_POINT ( 'NONE',  ( 24.50000000000000000, 30.19999999999998500, 80.90000000000000600 ) ) ;
#615 = LINE ( 'NONE', #598, #2825 ) ;
#616 = CARTESIAN_POINT ( 'NONE',  ( 24.50000000000000000, 31.80000000000000100, 1.600000000000004100 ) ) ;
#617 = CARTESIAN_POINT ( 'NONE',  ( -13.75000000000000000, 31.80000000000000800, 79.29999999999995500 ) ) ;
#618 = FACE_OUTER_BOUND ( 'NONE', #2534, .T. ) ;
#619 = AXIS2_PLACEMENT_3D ( 'NONE', #114, #3936, #3971 ) ;
#620 = EDGE_CURVE ( 'NONE', #1649, #2081, #2797, .T. ) ;
#621 = CARTESIAN_POINT ( 'NONE',  ( -8.750000000000000000, 24.85407370101767900, 6.400000000000000400 ) ) ;
#622 = EDGE_LOOP ( 'NONE', ( #180, #2562 ) ) ;
#623 = CARTESIAN_POINT ( 'NONE',  ( 10.50000000000373600, -3.673940397442319200E-016, 3.000000000000211400 ) ) ;
#624 = DIRECTION ( 'NONE',  ( 0.0000000000000000000, 0.0000000000000000000, 1.000000000000000000 ) ) ;
#625 = VERTEX_POINT ( 'NONE', #4071 ) ;
#626 = VERTEX_POINT ( 'NONE', #241 ) ;
#627 = EDGE_CURVE ( 'NONE', #2200, #700, #3268, .T. ) ;
#628 = LINE ( 'NONE', #671, #4206 ) ;
#629 = DIRECTION ( 'NONE',  ( -1.000000000000000000, 0.0000000000000000000, -0.0000000000000000000 ) ) ;
#630 = ADVANCED_FACE ( 'NONE', ( #4385 ), #3751, .F. ) ;
#631 = EDGE_LOOP ( 'NONE', ( #1971, #2290, #1018, #1160, #2558, #465 ) ) ;
#632 = VERTEX_POINT ( 'NONE', #2668 ) ;
#633 = CARTESIAN_POINT ( 'NONE',  ( -11.25000000000000400, 30.19999999999999900, 5.815146750668674300E-018 ) ) ;
#634 = CARTESIAN_POINT ( 'NONE',  ( -24.50000000000000000, -41.60000000000000900, 90.50000000000000000 ) ) ;
#635 = EDGE_CURVE ( 'NONE', #2774, #2459, #4330, .T. ) ;
#636 = CARTESIAN_POINT ( 'NONE',  ( 16.25000000000000000, 31.80000000000000100, 1.600000000000004100 ) ) ;
#637 = ORIENTED_EDGE ( 'NONE', *, *, #2004, .T. ) ;
#638 = ORIENTED_EDGE ( 'NONE', *, *, #2704, .T. ) ;
#639 = ORIENTED_EDGE ( 'NONE', *, *, #4271, .T. ) ;
#640 = AXIS2_PLACEMENT_3D ( 'NONE', #3937, #3616, #3958 ) ;
#641 = EDGE_CURVE ( 'NONE', #1314, #3544, #2743, .T. ) ;
#642 = ORIENTED_EDGE ( 'NONE', *, *, #320, .F. ) ;
#643 = ORIENTED_EDGE ( 'NONE', *, *, #1968, .F. ) ;
#644 = VECTOR ( 'NONE', #3348, 1000.000000000000000 ) ;
#645 = DIRECTION ( 'NONE',  ( -0.0000000000000000000, -0.0000000000000000000, 1.000000000000000000 ) ) ;
#646 = LINE ( 'NONE', #1121, #1541 ) ;
#647 = LINE ( 'NONE', #2596, #3172 ) ;
#648 = ORIENTED_EDGE ( 'NONE', *, *, #1291, .T. ) ;
#649 = ORIENTED_EDGE ( 'NONE', *, *, #4204, .F. ) ;
#650 = CARTESIAN_POINT ( 'NONE',  ( -8.750000000000000000, 12.70000000000000600, 0.0000000000000000000 ) ) ;
#651 = VECTOR ( 'NONE', #1930, 1000.000000000000000 ) ;
#652 = EDGE_CURVE ( 'NONE', #3068, #2304, #1099, .T. ) ;
#653 = PRESENTATION_STYLE_ASSIGNMENT (( #2384 ) ) ;
#654 = CYLINDRICAL_SURFACE ( 'NONE', #2967, 1.700000000000000200 ) ;
#655 = EDGE_LOOP ( 'NONE', ( #459, #3413, #533, #2333, #1907, #766 ) ) ;
#656 = DIRECTION ( 'NONE',  ( 0.0000000000000000000, 0.0000000000000000000, -1.000000000000000000 ) ) ;
#657 = DIRECTION ( 'NONE',  ( -0.0000000000000000000, -0.7071067811865474600, -0.7071067811865474600 ) ) ;
#658 = VERTEX_POINT ( 'NONE', #1680 ) ;
#659 = ADVANCED_FACE ( 'NONE', ( #415 ), #670, .F. ) ;
#660 = PLANE ( 'NONE',  #771 ) ;
#661 = FACE_OUTER_BOUND ( 'NONE', #2666, .T. ) ;
#662 =( NAMED_UNIT ( * ) PLANE_ANGLE_UNIT ( ) SI_UNIT ( $, .RADIAN. ) );
#663 = PLANE ( 'NONE',  #3393 ) ;
#664 = CARTESIAN_POINT ( 'NONE',  ( 12.39999999999999900, -19.00000000000001100, 80.72453701939498700 ) ) ;
#665 = VECTOR ( 'NONE', #2055, 1000.000000000000000 ) ;
#666 = EDGE_CURVE ( 'NONE', #4481, #913, #3216, .T. ) ;
#667 = CARTESIAN_POINT ( 'NONE',  ( 6.249999999999999100, 27.06986938259868600, 6.400000000000000400 ) ) ;
#668 = DIRECTION ( 'NONE',  ( 0.0000000000000000000, 1.000000000000000000, 0.0000000000000000000 ) ) ;
#669 = STYLED_ITEM ( 'NONE', ( #4377 ), #2069 ) ;
#670 = PLANE ( 'NONE',  #1860 ) ;
#671 = CARTESIAN_POINT ( 'NONE',  ( 9.999999999999609200, 8.262500000000162700, 2.023728835591040600E-016 ) ) ;
#672 = EDGE_CURVE ( 'NONE', #2246, #3304, #2954, .T. ) ;
#673 = LINE ( 'NONE', #132, #2438 ) ;
#674 = CARTESIAN_POINT ( 'NONE',  ( 13.74999999999999800, 12.70000000000000600, 80.90000000000000600 ) ) ;
#675 = DIRECTION ( 'NONE',  ( 0.0000000000000000000, 0.0000000000000000000, -1.000000000000000000 ) ) ;
#676 = MECHANICAL_DESIGN_GEOMETRIC_PRESENTATION_REPRESENTATION (  '', ( #2185 ), #2423 ) ;
#677 = CARTESIAN_POINT ( 'NONE',  ( 10.50000000000373600, -8.205133554287294400E-015, 67.00000000000021300 ) ) ;
#678 = DIRECTION ( 'NONE',  ( -0.0000000000000000000, -1.000000000000000000, -0.0000000000000000000 ) ) ;
#679 = FACE_OUTER_BOUND ( 'NONE', #2673, .T. ) ;
#680 = AXIS2_PLACEMENT_3D ( 'NONE', #3208, #1583, #857 ) ;
#681 = DIRECTION ( 'NONE',  ( 0.0000000000000000000, 0.0000000000000000000, -1.000000000000000000 ) ) ;
#682 = ORIENTED_EDGE ( 'NONE', *, *, #774, .T. ) ;
#683 = EDGE_CURVE ( 'NONE', #3266, #913, #1694, .T. ) ;
#684 = CARTESIAN_POINT ( 'NONE',  ( 6.249999999999998200, 12.70000000000000600, 6.400000000000000400 ) ) ;
#685 = CARTESIAN_POINT ( 'NONE',  ( -19.49999999999634800, -3.673940397442318700E-016, 3.000000000000210900 ) ) ;
#686 = EDGE_LOOP ( 'NONE', ( #3471, #4317 ) ) ;
#687 = ORIENTED_EDGE ( 'NONE', *, *, #3595, .T. ) ;
#688 = DIRECTION ( 'NONE',  ( -1.000000000000000000, 0.0000000000000000000, 0.0000000000000000000 ) ) ;
#689 = ORIENTED_EDGE ( 'NONE', *, *, #2270, .T. ) ;
#690 = CARTESIAN_POINT ( 'NONE',  ( -11.25000000000000400, 15.47950501114207400, 3.791385252856110900E-016 ) ) ;
#691 = FILL_AREA_STYLE_COLOUR ( '', #3916 ) ;
#692 = ORIENTED_EDGE ( 'NONE', *, *, #63, .T. ) ;
#693 = VERTEX_POINT ( 'NONE', #4451 ) ;
#694 = ORIENTED_EDGE ( 'NONE', *, *, #3132, .F. ) ;
#695 = DIRECTION ( 'NONE',  ( 0.0000000000000000000, 1.000000000000000000, 0.0000000000000000000 ) ) ;
#696 = LINE ( 'NONE', #2539, #2347 ) ;
#697 = ADVANCED_FACE ( 'NONE', ( #1485 ), #4461, .F. ) ;
#698 = ORIENTED_EDGE ( 'NONE', *, *, #977, .T. ) ;
#699 = ORIENTED_EDGE ( 'NONE', *, *, #4476, .T. ) ;
#700 = VERTEX_POINT ( 'NONE', #3083 ) ;
#701 = DIRECTION ( 'NONE',  ( -1.000000000000000000, 0.0000000000000000000, 0.0000000000000000000 ) ) ;
#702 = LINE ( 'NONE', #2613, #1144 ) ;
#703 = DIRECTION ( 'NONE',  ( 0.0000000000000000000, 0.7071067811865444600, -0.7071067811865505700 ) ) ;
#704 = EDGE_CURVE ( 'NONE', #4009, #2253, #1751, .T. ) ;
#705 = ORIENTED_EDGE ( 'NONE', *, *, #1174, .T. ) ;
#706 = ORIENTED_EDGE ( 'NONE', *, *, #367, .T. ) ;
#707 = AXIS2_PLACEMENT_3D ( 'NONE', #1285, #2332, #3988 ) ;
#708 = LINE ( 'NONE', #3339, #3636 ) ;
#709 = FACE_OUTER_BOUND ( 'NONE', #1953, .T. ) ;
#710 = ADVANCED_FACE ( 'NONE', ( #254, #4436, #821, #3741, #2684, #1589 ), #3490, .F. ) ;
#711 = DIRECTION ( 'NONE',  ( 0.0000000000000000000, 1.000000000000000000, 2.449293598294706500E-017 ) ) ;
#712 = PLANE ( 'NONE',  #997 ) ;
#713 = EDGE_CURVE ( 'NONE', #714, #4391, #1209, .T. ) ;
#714 = VERTEX_POINT ( 'NONE', #4149 ) ;
#715 = CARTESIAN_POINT ( 'NONE',  ( 24.50000000000000000, 31.80000000000000100, 79.29999999999996900 ) ) ;
#716 = LINE ( 'NONE', #4032, #3593 ) ;
#717 = PLANE ( 'NONE',  #3703 ) ;
#718 = VERTEX_POINT ( 'NONE', #269 ) ;
#719 = EDGE_CURVE ( 'NONE', #3420, #2838, #2146, .T. ) ;
#720 = CARTESIAN_POINT ( 'NONE',  ( 16.90000000000000200, -25.39999999999999900, 1.600000000000004100 ) ) ;
#721 = DIRECTION ( 'NONE',  ( 0.0000000000000000000, 1.000000000000000000, 0.0000000000000000000 ) ) ;
#722 = EDGE_CURVE ( 'NONE', #1428, #3685, #529, .T. ) ;
#723 = EDGE_CURVE ( 'NONE', #1412, #144, #3424, .T. ) ;
#724 = CARTESIAN_POINT ( 'NONE',  ( 16.25000000000000000, 12.70000000000000600, 0.0000000000000000000 ) ) ;
#725 = COLOUR_RGB ( '',0.9098039215686274400, 0.4431372549019607600, 0.03137254901960784300 ) ;
#726 = ADVANCED_FACE ( 'NONE', ( #2576 ), #2773, .F. ) ;
#727 = EDGE_CURVE ( 'NONE', #2774, #3369, #4223, .T. ) ;
#728 = VECTOR ( 'NONE', #403, 1000.000000000000000 ) ;
#729 = CARTESIAN_POINT ( 'NONE',  ( 11.25000000000000000, 12.70000000000000600, 6.400000000000000400 ) ) ;
#730 = AXIS2_PLACEMENT_3D ( 'NONE', #3084, #2050, #4462 ) ;
#731 = COLOUR_RGB ( '',0.9098039215686274400, 0.4431372549019607600, 0.03137254901960784300 ) ;
#732 = EDGE_CURVE ( 'NONE', #2304, #1428, #3323, .T. ) ;
#733 = VECTOR ( 'NONE', #2469, 1000.000000000000000 ) ;
#734 = CARTESIAN_POINT ( 'NONE',  ( -3.750000000000000900, 30.19999999999999900, 0.0000000000000000000 ) ) ;
#735 = DIRECTION ( 'NONE',  ( 0.0000000000000000000, 0.0000000000000000000, -1.000000000000000000 ) ) ;
#736 = SURFACE_SIDE_STYLE ('',( #4460 ) ) ;
#737 = ORIENTED_EDGE ( 'NONE', *, *, #874, .T. ) ;
#738 = LINE ( 'NONE', #4442, #1518 ) ;
#739 = VERTEX_POINT ( 'NONE', #684 ) ;
#740 = VERTEX_POINT ( 'NONE', #1392 ) ;
#741 = VECTOR ( 'NONE', #593, 1000.000000000000000 ) ;
#742 = CARTESIAN_POINT ( 'NONE',  ( 1.249999999999999600, 12.70000000000000600, 0.0000000000000000000 ) ) ;
#743 = ORIENTED_EDGE ( 'NONE', *, *, #3352, .T. ) ;
#744 = ORIENTED_EDGE ( 'NONE', *, *, #3442, .T. ) ;
#745 = VECTOR ( 'NONE', #3632, 1000.000000000000000 ) ;
#746 = ADVANCED_FACE ( 'NONE', ( #3484 ), #4283, .F. ) ;
#747 = DIRECTION ( 'NONE',  ( -0.0000000000000000000, -0.0000000000000000000, 1.000000000000000000 ) ) ;
#748 = ORIENTED_EDGE ( 'NONE', *, *, #3062, .T. ) ;
#749 = ORIENTED_EDGE ( 'NONE', *, *, #2034, .F. ) ;
#750 = VERTEX_POINT ( 'NONE', #776 ) ;
#751 = FILL_AREA_STYLE ('',( #691 ) ) ;
#752 = PRESENTATION_STYLE_ASSIGNMENT (( #3602 ) ) ;
#753 = LINE ( 'NONE', #3859, #4219 ) ;
#754 = ORIENTED_EDGE ( 'NONE', *, *, #4418, .T. ) ;
#755 = VERTEX_POINT ( 'NONE', #3147 ) ;
#756 = VECTOR ( 'NONE', #2679, 1000.000000000000000 ) ;
#757 = VECTOR ( 'NONE', #66, 1000.000000000000000 ) ;
#758 = CIRCLE ( 'NONE', #247, 3.249930000000001800 ) ;
#759 = ORIENTED_EDGE ( 'NONE', *, *, #3923, .T. ) ;
#760 = FACE_BOUND ( 'NONE', #3088, .T. ) ;
#761 = DIRECTION ( 'NONE',  ( -0.0000000000000000000, -0.0000000000000000000, 1.000000000000000000 ) ) ;
#762 = CARTESIAN_POINT ( 'NONE',  ( -10.00000000000056800, 7.462500000000100700, 5.680068495222049500 ) ) ;
#763 = VECTOR ( 'NONE', #2275, 1000.000000000000000 ) ;
#764 = DIRECTION ( 'NONE',  ( 0.0000000000000000000, 0.0000000000000000000, -1.000000000000000000 ) ) ;
#765 = LINE ( 'NONE', #3571, #4339 ) ;
#766 = ORIENTED_EDGE ( 'NONE', *, *, #2307, .F. ) ;
#767 = VECTOR ( 'NONE', #2702, 1000.000000000000000 ) ;
#768 = DIRECTION ( 'NONE',  ( -1.000000000000000000, 0.0000000000000000000, 0.0000000000000000000 ) ) ;
#769 = CARTESIAN_POINT ( 'NONE',  ( -6.250000000000000000, 27.06986938259868900, 6.400000000000000400 ) ) ;
#770 = ORIENTED_EDGE ( 'NONE', *, *, #2618, .F. ) ;
#771 = AXIS2_PLACEMENT_3D ( 'NONE', #4096, #1408, #339 ) ;
#772 = LINE ( 'NONE', #1473, #3342 ) ;
#773 = ADVANCED_FACE ( 'NONE', ( #709 ), #2535, .T. ) ;
#774 = EDGE_CURVE ( 'NONE', #303, #235, #989, .T. ) ;
#775 = CARTESIAN_POINT ( 'NONE',  ( 24.50000000000000000, -40.00000000000002800, 81.00000000000000000 ) ) ;
#776 = CARTESIAN_POINT ( 'NONE',  ( -21.25000000000000000, 30.19999999999998500, 80.90000000000000600 ) ) ;
#777 = CARTESIAN_POINT ( 'NONE',  ( 24.50000000000000000, 31.80000000000000100, 79.29999999999996900 ) ) ;
#778 = DIRECTION ( 'NONE',  ( -0.0000000000000000000, 2.449293598294706500E-017, -1.000000000000000000 ) ) ;
#779 = DIRECTION ( 'NONE',  ( 0.0000000000000000000, -1.925545281678369200E-019, 1.000000000000000000 ) ) ;
#780 = FILL_AREA_STYLE ('',( #3011 ) ) ;
#781 = LINE ( 'NONE', #2020, #1123 ) ;
#782 = EDGE_CURVE ( 'NONE', #4203, #131, #3538, .T. ) ;
#783 = CYLINDRICAL_SURFACE ( 'NONE', #943, 1.700000000000000200 ) ;
#784 = CARTESIAN_POINT ( 'NONE',  ( 12.39999999999999900, -19.00000000000001100, 80.72453701939498700 ) ) ;
#785 = CARTESIAN_POINT ( 'NONE',  ( 24.50000000000000000, 0.0000000000000000000, 0.0000000000000000000 ) ) ;
#786 = AXIS2_PLACEMENT_3D ( 'NONE', #4350, #547, #2649 ) ;
#787 = CARTESIAN_POINT ( 'NONE',  ( -18.35181795883124800, -23.91655480171189300, 85.11225999999999200 ) ) ;
#788 =( NAMED_UNIT ( * ) SI_UNIT ( $, .STERADIAN. ) SOLID_ANGLE_UNIT ( ) );
#789 = ADVANCED_FACE ( 'NONE', ( #3379, #2632 ), #2841, .T. ) ;
#790 = VERTEX_POINT ( 'NONE', #1777 ) ;
#791 = DIRECTION ( 'NONE',  ( -1.000000000000000000, -0.0000000000000000000, 0.0000000000000000000 ) ) ;
#792 = ORIENTED_EDGE ( 'NONE', *, *, #2385, .F. ) ;
#793 = CARTESIAN_POINT ( 'NONE',  ( -10.00000000000056700, 6.662500000000102700, 5.199379999999999700 ) ) ;
#794 = CARTESIAN_POINT ( 'NONE',  ( 18.75000000000000000, 12.70000000000000600, 0.0000000000000000000 ) ) ;
#795 = CARTESIAN_POINT ( 'NONE',  ( -24.50000000000000000, 30.19999999999998500, 80.90000000000000600 ) ) ;
#796 = DIRECTION ( 'NONE',  ( 1.049727191138617200E-016, -0.8571673007021111100, -0.5150380749100562600 ) ) ;
#797 = AXIS2_PLACEMENT_3D ( 'NONE', #2389, #2708, #2027 ) ;
#798 = VERTEX_POINT ( 'NONE', #3856 ) ;
#799 = EDGE_CURVE ( 'NONE', #1432, #2200, #2475, .T. ) ;
#800 = ORIENTED_EDGE ( 'NONE', *, *, #348, .F. ) ;
#801 = PLANE ( 'NONE',  #3755 ) ;
#802 = ORIENTED_EDGE ( 'NONE', *, *, #531, .F. ) ;
#803 = EDGE_CURVE ( 'NONE', #1677, #2246, #475, .T. ) ;
#804 = ORIENTED_EDGE ( 'NONE', *, *, #487, .F. ) ;
#805 = ORIENTED_EDGE ( 'NONE', *, *, #3026, .F. ) ;
#806 = CARTESIAN_POINT ( 'NONE',  ( 12.35082408717547500, -17.86029287617543200, 80.73933130021851000 ) ) ;
#807 = DIRECTION ( 'NONE',  ( 1.000000000000000000, 0.0000000000000000000, -0.0000000000000000000 ) ) ;
#808 = LINE ( 'NONE', #777, #300 ) ;
#809 = ORIENTED_EDGE ( 'NONE', *, *, #2270, .F. ) ;
#810 = EDGE_CURVE ( 'NONE', #2505, #2782, #646, .T. ) ;
#811 = ORIENTED_EDGE ( 'NONE', *, *, #732, .F. ) ;
#812 = LINE ( 'NONE', #3018, #4004 ) ;
#813 = FILL_AREA_STYLE ('',( #2590 ) ) ;
#814 = CARTESIAN_POINT ( 'NONE',  ( -19.49999999999634400, -8.110223427353373700E-015, 67.00000000000021300 ) ) ;
#815 = DIRECTION ( 'NONE',  ( 1.049727191138618000E-016, -0.5150380749100550400, 0.8571673007021117800 ) ) ;
#816 = CARTESIAN_POINT ( 'NONE',  ( -6.617354801711829100, -37.35101795883126400, -0.001000000000001000100 ) ) ;
#817 = CARTESIAN_POINT ( 'NONE',  ( 16.90000000000000200, -9.843074079615387000E-015, 74.65000000000000600 ) ) ;
#818 = ORIENTED_EDGE ( 'NONE', *, *, #437, .F. ) ;
#819 = ORIENTED_EDGE ( 'NONE', *, *, #3130, .T. ) ;
#820 = LINE ( 'NONE', #2586, #2518 ) ;
#821 = FACE_BOUND ( 'NONE', #1725, .T. ) ;
#822 = LINE ( 'NONE', #373, #990 ) ;
#823 = ORIENTED_EDGE ( 'NONE', *, *, #2098, .F. ) ;
#824 = PLANE ( 'NONE',  #1904 ) ;
#825 = AXIS2_PLACEMENT_3D ( 'NONE', #985, #3650, #2377 ) ;
#826 = DIRECTION ( 'NONE',  ( 0.0000000000000000000, 0.0000000000000000000, 1.000000000000000000 ) ) ;
#827 = VERTEX_POINT ( 'NONE', #349 ) ;
#828 = DIRECTION ( 'NONE',  ( 1.000000000000000000, 0.0000000000000000000, 0.0000000000000000000 ) ) ;
#829 = DIRECTION ( 'NONE',  ( 0.0000000000000000000, 1.000000000000000000, 0.0000000000000000000 ) ) ;
#830 = CARTESIAN_POINT ( 'NONE',  ( -11.25000000000000200, 12.70000000000000600, 0.0000000000000000000 ) ) ;
#831 = AXIS2_PLACEMENT_3D ( 'NONE', #2018, #3028, #4051 ) ;
#832 = CARTESIAN_POINT ( 'NONE',  ( 1.249999999999999600, 28.86144357025108300, 7.069014897415989800E-016 ) ) ;
#833 = DIRECTION ( 'NONE',  ( 0.0000000000000000000, -1.000000000000000000, 0.0000000000000000000 ) ) ;
#834 = CARTESIAN_POINT ( 'NONE',  ( 0.0000000000000000000, 9.199999999999999300, 90.50000000000000000 ) ) ;
#835 = FACE_OUTER_BOUND ( 'NONE', #2446, .T. ) ;
#836 = EDGE_CURVE ( 'NONE', #1895, #4367, #590, .T. ) ;
#837 = CARTESIAN_POINT ( 'NONE',  ( 8.749999999999998200, 24.85407370101767600, 6.400000000000000400 ) ) ;
#838 = CARTESIAN_POINT ( 'NONE',  ( -19.49999999999634800, 5.537200000000000300, 3.000000000000210900 ) ) ;
#839 = CARTESIAN_POINT ( 'NONE',  ( -10.00000000000056700, 6.662500000000102700, 1.631841859863873200E-016 ) ) ;
#840 = VECTOR ( 'NONE', #2420, 1000.000000000000000 ) ;
#841 = DIRECTION ( 'NONE',  ( 0.0000000000000000000, 0.7071067811865505700, 0.7071067811865444600 ) ) ;
#842 = CARTESIAN_POINT ( 'NONE',  ( 10.55000000000000200, -25.39999999999999900, 74.65000000000000600 ) ) ;
#843 = DIRECTION ( 'NONE',  ( 0.0000000000000000000, 0.8571673007021111100, -0.5150380749100562600 ) ) ;
#844 = AXIS2_PLACEMENT_3D ( 'NONE', #500, #4326, #3258 ) ;
#845 = DIRECTION ( 'NONE',  ( 0.0000000000000000000, 0.7071067811865444600, -0.7071067811865505700 ) ) ;
#846 = EDGE_CURVE ( 'NONE', #739, #2836, #3953, .T. ) ;
#847 = DIRECTION ( 'NONE',  ( 1.000000000000000000, 0.0000000000000000000, 0.0000000000000000000 ) ) ;
#848 = EDGE_CURVE ( 'NONE', #2078, #2247, #2255, .T. ) ;
#849 = EDGE_LOOP ( 'NONE', ( #3418, #3925, #4478, #3168, #3034 ) ) ;
#850 = DIRECTION ( 'NONE',  ( -1.000000000000000000, 0.0000000000000000000, 0.0000000000000000000 ) ) ;
#851 = DIRECTION ( 'NONE',  ( 0.0000000000000000000, 1.000000000000000000, 0.0000000000000000000 ) ) ;
#852 = VERTEX_POINT ( 'NONE', #2160 ) ;
#853 = EDGE_LOOP ( 'NONE', ( #1357, #2082, #601, #4040 ) ) ;
#854 = LINE ( 'NONE', #839, #513 ) ;
#855 = VERTEX_POINT ( 'NONE', #3864 ) ;
#856 = EDGE_LOOP ( 'NONE', ( #963, #2899, #3634, #4325 ) ) ;
#857 = DIRECTION ( 'NONE',  ( 0.0000000000000000000, 1.000000000000000000, 2.449293598294705600E-017 ) ) ;
#858 = SURFACE_SIDE_STYLE ('',( #4218 ) ) ;
#859 = UNCERTAINTY_MEASURE_WITH_UNIT (LENGTH_MEASURE( 1.000000000000000100E-005 ), #2850, 'distance_accuracy_value', 'NONE');
#860 = ORIENTED_EDGE ( 'NONE', *, *, #1043, .T. ) ;
#861 = AXIS2_PLACEMENT_3D ( 'NONE', #3367, #2331, #4047 ) ;
#862 = EDGE_CURVE ( 'NONE', #1793, #2231, #1325, .T. ) ;
#863 = VERTEX_POINT ( 'NONE', #762 ) ;
#864 = ORIENTED_EDGE ( 'NONE', *, *, #222, .T. ) ;
#865 = CARTESIAN_POINT ( 'NONE',  ( 24.50000000000000000, -41.60000000000000900, 82.59999999999999400 ) ) ;
#866 = EDGE_LOOP ( 'NONE', ( #2064, #3412, #2498, #4389 ) ) ;
#867 = CYLINDRICAL_SURFACE ( 'NONE', #2382, 3.249930000000001800 ) ;
#868 = CARTESIAN_POINT ( 'NONE',  ( 18.75000000000000000, 31.80000000000000800, 1.600000000000011200 ) ) ;
#869 = ORIENTED_EDGE ( 'NONE', *, *, #2751, .T. ) ;
#870 = ORIENTED_EDGE ( 'NONE', *, *, #3280, .F. ) ;
#871 = DIRECTION ( 'NONE',  ( -1.000000000000000000, 0.0000000000000000000, 0.0000000000000000000 ) ) ;
#872 = VECTOR ( 'NONE', #3914, 1000.000000000000100 ) ;
#873 = VECTOR ( 'NONE', #721, 1000.000000000000000 ) ;
#874 = EDGE_CURVE ( 'NONE', #2785, #2187, #3171, .T. ) ;
#875 = ORIENTED_EDGE ( 'NONE', *, *, #3, .T. ) ;
#876 = ORIENTED_EDGE ( 'NONE', *, *, #1026, .F. ) ;
#877 = CARTESIAN_POINT ( 'NONE',  ( 13.74999999999999800, 30.19999999999998500, 80.90000000000000600 ) ) ;
#878 = LINE ( 'NONE', #3655, #651 ) ;
#879 = CARTESIAN_POINT ( 'NONE',  ( 3.750000000000000000, 12.70000000000000600, 80.90000000000000600 ) ) ;
#880 = CARTESIAN_POINT ( 'NONE',  ( 24.50000000000000000, 30.19999999999998500, 80.90000000000000600 ) ) ;
#881 = VECTOR ( 'NONE', #3450, 1000.000000000000000 ) ;
#882 = VERTEX_POINT ( 'NONE', #2269 ) ;
#883 = DIRECTION ( 'NONE',  ( 0.0000000000000000000, 0.0000000000000000000, -1.000000000000000000 ) ) ;
#884 = EDGE_CURVE ( 'NONE', #1183, #4235, #2031, .T. ) ;
#885 = VECTOR ( 'NONE', #1081, 1000.000000000000000 ) ;
#886 = DIRECTION ( 'NONE',  ( -0.0000000000000000000, -1.000000000000000000, -0.0000000000000000000 ) ) ;
#887 = EDGE_LOOP ( 'NONE', ( #3989, #2401, #2235, #19 ) ) ;
#888 = LINE ( 'NONE', #1469, #2963 ) ;
#889 = EDGE_CURVE ( 'NONE', #930, #2078, #1965, .T. ) ;
#890 = CARTESIAN_POINT ( 'NONE',  ( 10.50000000000373600, 5.537200000000000300, 4.250000000000210500 ) ) ;
#891 = DIRECTION ( 'NONE',  ( -0.0000000000000000000, -0.0000000000000000000, -1.000000000000000000 ) ) ;
#892 = CIRCLE ( 'NONE', #797, 11.43000000000000000 ) ;
#893 = DIRECTION ( 'NONE',  ( -1.000000000000000000, 0.0000000000000000000, 0.0000000000000000000 ) ) ;
#894 = EDGE_CURVE ( 'NONE', #134, #3315, #3584, .T. ) ;
#895 = DIRECTION ( 'NONE',  ( -0.0000000000000000000, -0.0000000000000000000, 1.000000000000000000 ) ) ;
#896 = DIRECTION ( 'NONE',  ( 1.000000000000000000, -0.0000000000000000000, 0.0000000000000000000 ) ) ;
#897 = DIRECTION ( 'NONE',  ( 0.0000000000000000000, 0.0000000000000000000, -1.000000000000000000 ) ) ;
#898 = VECTOR ( 'NONE', #1585, 1000.000000000000000 ) ;
#899 = VECTOR ( 'NONE', #3525, 1000.000000000000000 ) ;
#900 = CARTESIAN_POINT ( 'NONE',  ( 24.50000000000000000, -41.60000000000000900, 82.59999999999999400 ) ) ;
#901 = CARTESIAN_POINT ( 'NONE',  ( -21.25000000000000000, 12.70000000000000600, 0.0000000000000000000 ) ) ;
#902 = FACE_OUTER_BOUND ( 'NONE', #4003, .T. ) ;
#903 = ORIENTED_EDGE ( 'NONE', *, *, #1688, .F. ) ;
#904 = DIRECTION ( 'NONE',  ( 1.000000000000000000, -0.0000000000000000000, 0.0000000000000000000 ) ) ;
#905 = ORIENTED_EDGE ( 'NONE', *, *, #2569, .T. ) ;
#906 = DIRECTION ( 'NONE',  ( -1.000000000000000000, 0.0000000000000000000, 0.0000000000000000000 ) ) ;
#907 = EDGE_CURVE ( 'NONE', #4100, #1279, #702, .T. ) ;
#908 = DIRECTION ( 'NONE',  ( 0.0000000000000000000, 0.0000000000000000000, 1.000000000000000000 ) ) ;
#909 = CARTESIAN_POINT ( 'NONE',  ( 10.50000000000373600, 5.537200000000000300, 1.750000000000211800 ) ) ;
#910 = ORIENTED_EDGE ( 'NONE', *, *, #1236, .T. ) ;
#911 = CARTESIAN_POINT ( 'NONE',  ( 11.25000000000000000, 31.80000000000000100, 1.600000000000004100 ) ) ;
#912 = AXIS2_PLACEMENT_3D ( 'NONE', #214, #575, #3763 ) ;
#913 = VERTEX_POINT ( 'NONE', #3282 ) ;
#914 = VERTEX_POINT ( 'NONE', #2258 ) ;
#915 = ORIENTED_EDGE ( 'NONE', *, *, #2654, .T. ) ;
#916 = LINE ( 'NONE', #399, #2648 ) ;
#917 = DIRECTION ( 'NONE',  ( 0.0000000000000000000, -0.7071067811865444600, 0.7071067811865505700 ) ) ;
#918 = CARTESIAN_POINT ( 'NONE',  ( -16.65181795883124500, -23.91655480171189300, -0.001000000000001000100 ) ) ;
#919 = ORIENTED_EDGE ( 'NONE', *, *, #1766, .T. ) ;
#920 = ORIENTED_EDGE ( 'NONE', *, *, #203, .T. ) ;
#921 = AXIS2_PLACEMENT_3D ( 'NONE', #1225, #3640, #1572 ) ;
#922 = COLOUR_RGB ( '',0.9098039215686274400, 0.4431372549019607600, 0.03137254901960784300 ) ;
#923 = LINE ( 'NONE', #264, #2527 ) ;
#924 = FACE_BOUND ( 'NONE', #2961, .T. ) ;
#925 = EDGE_CURVE ( 'NONE', #4444, #485, #3693, .T. ) ;
#926 = CONICAL_SURFACE ( 'NONE', #283, 1.250000000000001100, 1.029744258676653400 ) ;
#927 = CARTESIAN_POINT ( 'NONE',  ( -1.250000000000000400, 12.70000000000000600, 80.90000000000000600 ) ) ;
#928 = DIRECTION ( 'NONE',  ( -1.000000000000000000, 0.0000000000000000000, 0.0000000000000000000 ) ) ;
#929 = ORIENTED_EDGE ( 'NONE', *, *, #652, .F. ) ;
#930 = VERTEX_POINT ( 'NONE', #3346 ) ;
#931 = CARTESIAN_POINT ( 'NONE',  ( 3.750000000000000000, 28.29733300403389900, 6.400000000000000400 ) ) ;
#932 = CIRCLE ( 'NONE', #1251, 1.700000000000000200 ) ;
#933 = LINE ( 'NONE', #305, #304 ) ;
#934 = VERTEX_POINT ( 'NONE', #1605 ) ;
#935 = FACE_OUTER_BOUND ( 'NONE', #4112, .T. ) ;
#936 = VERTEX_POINT ( 'NONE', #865 ) ;
#937 = AXIS2_PLACEMENT_3D ( 'NONE', #544, #4310, #3999 ) ;
#938 = DIRECTION ( 'NONE',  ( -0.0000000000000000000, 1.224646799147353200E-016, -1.000000000000000000 ) ) ;
#939 = LINE ( 'NONE', #2453, #3125 ) ;
#940 = DIRECTION ( 'NONE',  ( 0.0000000000000000000, -1.000000000000000000, 0.0000000000000000000 ) ) ;
#941 = DIRECTION ( 'NONE',  ( 0.0000000000000000000, 0.0000000000000000000, -1.000000000000000000 ) ) ;
#942 = SURFACE_SIDE_STYLE ('',( #3902 ) ) ;
#943 = AXIS2_PLACEMENT_3D ( 'NONE', #2874, #366, #1792 ) ;
#944 = DIRECTION ( 'NONE',  ( 0.0000000000000000000, 0.0000000000000000000, -1.000000000000000000 ) ) ;
#945 = CARTESIAN_POINT ( 'NONE',  ( -6.250000000000000000, 31.80000000000000800, 79.29999999999995500 ) ) ;
#946 = EDGE_CURVE ( 'NONE', #3271, #582, #3119, .T. ) ;
#947 = CARTESIAN_POINT ( 'NONE',  ( 3.034553922578260700, -40.00000000000002800, 81.00000000000000000 ) ) ;
#948 = PLANE ( 'NONE',  #2060 ) ;
#949 = CONICAL_SURFACE ( 'NONE', #4327, 0.7999999999999986000, 1.029744258676652100 ) ;
#950 = EDGE_CURVE ( 'NONE', #2459, #3369, #4231, .T. ) ;
#951 = EDGE_CURVE ( 'NONE', #3480, #2009, #2196, .T. ) ;
#952 = DIRECTION ( 'NONE',  ( -0.0000000000000000000, 0.7071067811865474600, 0.7071067811865474600 ) ) ;
#953 = LINE ( 'NONE', #58, #728 ) ;
#954 = DIRECTION ( 'NONE',  ( -0.0000000000000000000, 2.449293598294706500E-017, -1.000000000000000000 ) ) ;
#955 = SURFACE_STYLE_USAGE ( .BOTH. , #2039 ) ;
#956 = FACE_OUTER_BOUND ( 'NONE', #1385, .T. ) ;
#957 = CARTESIAN_POINT ( 'NONE',  ( -1.250000000000000400, 12.70000000000000600, 6.400000000000000400 ) ) ;
#958 = LINE ( 'NONE', #3220, #1882 ) ;
#959 = CARTESIAN_POINT ( 'NONE',  ( 4.917354801711837800, -37.35101795883126400, -0.001000000000001000100 ) ) ;
#960 = LINE ( 'NONE', #3201, #2713 ) ;
#961 = ORIENTED_EDGE ( 'NONE', *, *, #4125, .F. ) ;
#962 = ADVANCED_FACE ( 'NONE', ( #1379 ), #2296, .T. ) ;
#963 = ORIENTED_EDGE ( 'NONE', *, *, #4280, .F. ) ;
#964 = VECTOR ( 'NONE', #204, 1000.000000000000000 ) ;
#965 = VERTEX_POINT ( 'NONE', #4319 ) ;
#966 = DIRECTION ( 'NONE',  ( -0.0000000000000000000, -0.7071067811865474600, 0.7071067811865474600 ) ) ;
#967 = EDGE_CURVE ( 'NONE', #1261, #4107, #1265, .T. ) ;
#968 = DIRECTION ( 'NONE',  ( -0.0000000000000000000, 0.7071067811865474600, -0.7071067811865474600 ) ) ;
#969 = ORIENTED_EDGE ( 'NONE', *, *, #3585, .F. ) ;
#970 = VECTOR ( 'NONE', #4452, 1000.000000000000000 ) ;
#971 = AXIS2_PLACEMENT_3D ( 'NONE', #3124, #4136, #2096 ) ;
#972 = DIRECTION ( 'NONE',  ( -0.0000000000000000000, 2.449293598294706200E-017, -1.000000000000000000 ) ) ;
#973 = DIRECTION ( 'NONE',  ( -1.000000000000000000, 0.0000000000000000000, 0.0000000000000000000 ) ) ;
#974 = VERTEX_POINT ( 'NONE', #4353 ) ;
#975 = EDGE_LOOP ( 'NONE', ( #805, #920, #737, #3931 ) ) ;
#976 = DIRECTION ( 'NONE',  ( -1.000000000000000000, 0.0000000000000000000, 0.0000000000000000000 ) ) ;
#977 = EDGE_CURVE ( 'NONE', #4235, #2062, #2568, .T. ) ;
#978 = ORIENTED_EDGE ( 'NONE', *, *, #2490, .T. ) ;
#979 = VERTEX_POINT ( 'NONE', #1922 ) ;
#980 = VERTEX_POINT ( 'NONE', #2314 ) ;
#981 = DIRECTION ( 'NONE',  ( -1.000000000000000000, -0.0000000000000000000, 0.0000000000000000000 ) ) ;
#982 = ORIENTED_EDGE ( 'NONE', *, *, #1216, .T. ) ;
#983 = DIRECTION ( 'NONE',  ( 0.0000000000000000000, -0.0000000000000000000, -1.000000000000000000 ) ) ;
#984 = ADVANCED_FACE ( 'NONE', ( #1274 ), #2281, .F. ) ;
#985 = CARTESIAN_POINT ( 'NONE',  ( 10.50000000000373600, -2.724839128103118300E-016, 3.000000000000211400 ) ) ;
#986 = ORIENTED_EDGE ( 'NONE', *, *, #2222, .T. ) ;
#987 = ORIENTED_EDGE ( 'NONE', *, *, #2660, .F. ) ;
#988 = CIRCLE ( 'NONE', #424, 0.7999999999999986000 ) ;
#989 = LINE ( 'NONE', #3202, #40 ) ;
#990 = VECTOR ( 'NONE', #4200, 1000.000000000000000 ) ;
#991 = CARTESIAN_POINT ( 'NONE',  ( -11.25000000000000200, 12.70000000000000600, 0.0000000000000000000 ) ) ;
#992 = ORIENTED_EDGE ( 'NONE', *, *, #222, .F. ) ;
#993 = LINE ( 'NONE', #2714, #3430 ) ;
#994 = VECTOR ( 'NONE', #2189, 1000.000000000000000 ) ;
#995 = DIRECTION ( 'NONE',  ( 1.000000000000000000, 0.0000000000000000000, -0.0000000000000000000 ) ) ;
#996 = DIRECTION ( 'NONE',  ( -1.000000000000000000, 0.0000000000000000000, 0.0000000000000000000 ) ) ;
#997 = AXIS2_PLACEMENT_3D ( 'NONE', #4214, #1100, #21 ) ;
#998 = EDGE_LOOP ( 'NONE', ( #3772, #2099, #748, #4447 ) ) ;
#999 = DIRECTION ( 'NONE',  ( 1.000000000000000000, 0.0000000000000000000, 0.0000000000000000000 ) ) ;
#1000 = CYLINDRICAL_SURFACE ( 'NONE', #1573, 1.249999999999999300 ) ;
#1001 = CARTESIAN_POINT ( 'NONE',  ( -4.917354801711829800, -37.35101795883126400, 85.11225999999999200 ) ) ;
#1002 = ORIENTED_EDGE ( 'NONE', *, *, #1551, .T. ) ;
#1003 = CARTESIAN_POINT ( 'NONE',  ( 18.75000000000000000, 30.19999999999998500, 80.90000000000000600 ) ) ;
#1004 =( GEOMETRIC_REPRESENTATION_CONTEXT ( 3 ) GLOBAL_UNCERTAINTY_ASSIGNED_CONTEXT ( ( #3992 ) ) GLOBAL_UNIT_ASSIGNED_CONTEXT ( ( #3956, #1202, #3613 ) ) REPRESENTATION_CONTEXT ( 'NONE', 'WORKASPACE' ) );
#1005 = CARTESIAN_POINT ( 'NONE',  ( -18.35181795883124800, -14.08184519828810400, 81.00000000000000000 ) ) ;
#1006 = EDGE_CURVE ( 'NONE', #1311, #1413, #3432, .T. ) ;
#1007 = CIRCLE ( 'NONE', #1513, 1.700000000000000200 ) ;
#1008 = DIRECTION ( 'NONE',  ( -1.000000000000000000, 0.0000000000000000000, 0.0000000000000000000 ) ) ;
#1009 = CARTESIAN_POINT ( 'NONE',  ( 24.50000000000000000, 31.80000000000000100, 79.29999999999996900 ) ) ;
#1010 = AXIS2_PLACEMENT_3D ( 'NONE', #3675, #3980, #1956 ) ;
#1011 = CARTESIAN_POINT ( 'NONE',  ( -18.35181795883124800, -23.91655480171189300, 92.09999999999999400 ) ) ;
#1012 = CARTESIAN_POINT ( 'NONE',  ( -24.50000000000000000, 30.19999999999998500, 80.90000000000000600 ) ) ;
#1013 = CARTESIAN_POINT ( 'NONE',  ( 11.16902851352547700, -24.41520394893266800, 80.97367625279649400 ) ) ;
#1014 = AXIS2_PLACEMENT_3D ( 'NONE', #4467, #276, #711 ) ;
#1015 = CARTESIAN_POINT ( 'NONE',  ( 21.25000000000000000, 12.70000000000000600, 0.0000000000000000000 ) ) ;
#1016 = EDGE_CURVE ( 'NONE', #2477, #3266, #3893, .T. ) ;
#1017 = DIRECTION ( 'NONE',  ( -0.0000000000000000000, 0.7071067811865474600, 0.7071067811865474600 ) ) ;
#1018 = ORIENTED_EDGE ( 'NONE', *, *, #148, .F. ) ;
#1019 = ORIENTED_EDGE ( 'NONE', *, *, #2987, .F. ) ;
#1020 = CARTESIAN_POINT ( 'NONE',  ( -2.602085213965210600E-015, 17.49999999999999300, 6.400000000000000400 ) ) ;
#1021 = ORIENTED_EDGE ( 'NONE', *, *, #4116, .T. ) ;
#1022 = ORIENTED_EDGE ( 'NONE', *, *, #4022, .F. ) ;
#1023 = LINE ( 'NONE', #3293, #1359 ) ;
#1024 = CARTESIAN_POINT ( 'NONE',  ( 21.25000000000000000, 31.80000000000000100, 1.600000000000004100 ) ) ;
#1025 = CARTESIAN_POINT ( 'NONE',  ( 13.74999999999999800, 12.70000000000000600, 0.0000000000000000000 ) ) ;
#1026 = EDGE_CURVE ( 'NONE', #1354, #1176, #3330, .T. ) ;
#1027 = ORIENTED_EDGE ( 'NONE', *, *, #3235, .F. ) ;
#1028 = ORIENTED_EDGE ( 'NONE', *, *, #1445, .T. ) ;
#1029 = ORIENTED_EDGE ( 'NONE', *, *, #3742, .F. ) ;
#1030 = PRESENTATION_LAYER_ASSIGNMENT (  '', '', ( #550 ) ) ;
#1031 = CARTESIAN_POINT ( 'NONE',  ( -3.217354801711828700, -37.35101795883126400, 85.11225999999999200 ) ) ;
#1032 = DIRECTION ( 'NONE',  ( 0.0000000000000000000, -1.000000000000000000, -2.449293598294706200E-017 ) ) ;
#1033 = ORIENTED_EDGE ( 'NONE', *, *, #3159, .T. ) ;
#1034 = ORIENTED_EDGE ( 'NONE', *, *, #967, .F. ) ;
#1035 = CARTESIAN_POINT ( 'NONE',  ( -19.49999999999634400, -8.205133554287294400E-015, 67.00000000000021300 ) ) ;
#1036 = VECTOR ( 'NONE', #1827, 1000.000000000000000 ) ;
#1037 = CARTESIAN_POINT ( 'NONE',  ( 11.25000000000000000, 12.70000000000000600, 0.0000000000000000000 ) ) ;
#1038 = ORIENTED_EDGE ( 'NONE', *, *, #1006, .F. ) ;
#1039 = ORIENTED_EDGE ( 'NONE', *, *, #2366, .T. ) ;
#1040 = VECTOR ( 'NONE', #172, 1000.000000000000000 ) ;
#1041 = AXIS2_PLACEMENT_3D ( 'NONE', #329, #3156, #3477 ) ;
#1042 = LINE ( 'NONE', #74, #2249 ) ;
#1043 = EDGE_CURVE ( 'NONE', #2731, #2394, #2421, .T. ) ;
#1044 = CYLINDRICAL_SURFACE ( 'NONE', #2277, 1.249999999999999300 ) ;
#1045 = VECTOR ( 'NONE', #1132, 1000.000000000000000 ) ;
#1046 = VERTEX_POINT ( 'NONE', #4410 ) ;
#1047 = DIRECTION ( 'NONE',  ( 0.0000000000000000000, 0.7071067811865444600, -0.7071067811865505700 ) ) ;
#1048 = LINE ( 'NONE', #3861, #2206 ) ;
#1049 = FILL_AREA_STYLE_COLOUR ( '', #725 ) ;
#1050 = EDGE_CURVE ( 'NONE', #2746, #3304, #1746, .T. ) ;
#1051 = ORIENTED_EDGE ( 'NONE', *, *, #1625, .T. ) ;
#1052 = DIRECTION ( 'NONE',  ( -1.000000000000000000, 0.0000000000000000000, 0.0000000000000000000 ) ) ;
#1053 = VECTOR ( 'NONE', #15, 1000.000000000000000 ) ;
#1054 = CARTESIAN_POINT ( 'NONE',  ( 10.62073443788140600, -25.39999999999999900, 81.00000000000000000 ) ) ;
#1055 = EDGE_CURVE ( 'NONE', #2995, #2150, #812, .T. ) ;
#1056 = LINE ( 'NONE', #4492, #2157 ) ;
#1057 = CARTESIAN_POINT ( 'NONE',  ( -13.74999999999999800, 31.80000000000000100, 1.600000000000004100 ) ) ;
#1058 = CARTESIAN_POINT ( 'NONE',  ( 24.50000000000000000, 31.80000000000000100, 79.29999999999996900 ) ) ;
#1059 =( NAMED_UNIT ( * ) SI_UNIT ( $, .STERADIAN. ) SOLID_ANGLE_UNIT ( ) );
#1060 = ADVANCED_FACE ( 'NONE', ( #4121 ), #1044, .F. ) ;
#1061 = CARTESIAN_POINT ( 'NONE',  ( -24.50000000000000000, -40.00000000000002800, 81.00000000000000000 ) ) ;
#1062 = STYLED_ITEM ( 'NONE', ( #1461 ), #2876 ) ;
#1063 = DIRECTION ( 'NONE',  ( -0.0000000000000000000, -0.0000000000000000000, 1.000000000000000000 ) ) ;
#1064 = DIRECTION ( 'NONE',  ( 0.0000000000000000000, 1.000000000000000000, 0.0000000000000000000 ) ) ;
#1065 = DIRECTION ( 'NONE',  ( 0.0000000000000000000, 1.000000000000000000, 0.0000000000000000000 ) ) ;
#1066 = LINE ( 'NONE', #2871, #334 ) ;
#1067 = DIRECTION ( 'NONE',  ( -0.0000000000000000000, -0.0000000000000000000, -1.000000000000000000 ) ) ;
#1068 = SURFACE_STYLE_USAGE ( .BOTH. , #736 ) ;
#1069 = VECTOR ( 'NONE', #1398, 1000.000000000000000 ) ;
#1070 = ADVANCED_FACE ( 'NONE', ( #2308 ), #2338, .F. ) ;
#1071 = VECTOR ( 'NONE', #3775, 1000.000000000000000 ) ;
#1072 = DIRECTION ( 'NONE',  ( -0.0000000000000000000, -0.7071067811865475700, -0.7071067811865475700 ) ) ;
#1073 = ORIENTED_EDGE ( 'NONE', *, *, #1862, .T. ) ;
#1074 = EDGE_CURVE ( 'NONE', #4150, #4391, #923, .T. ) ;
#1075 = CARTESIAN_POINT ( 'NONE',  ( 9.999999999999609200, 7.462500000000163800, 1.276694288111155100E-016 ) ) ;
#1076 = ORIENTED_EDGE ( 'NONE', *, *, #2999, .T. ) ;
#1077 = ADVANCED_FACE ( 'NONE', ( #537 ), #1349, .F. ) ;
#1078 = VERTEX_POINT ( 'NONE', #1341 ) ;
#1079 = DIRECTION ( 'NONE',  ( 0.0000000000000000000, 1.000000000000000000, 2.449293598294706200E-017 ) ) ;
#1080 = EDGE_LOOP ( 'NONE', ( #3456, #3251, #2897, #705, #3376, #4426, #2140, #3618 ) ) ;
#1081 = DIRECTION ( 'NONE',  ( -1.000000000000000000, 0.0000000000000000000, 0.0000000000000000000 ) ) ;
#1082 = DIRECTION ( 'NONE',  ( 0.0000000000000000000, 1.000000000000000000, 2.449293598294706200E-017 ) ) ;
#1083 = DIRECTION ( 'NONE',  ( -0.0000000000000000000, -1.000000000000000000, -0.0000000000000000000 ) ) ;
#1084 = CARTESIAN_POINT ( 'NONE',  ( 6.249999999999999100, 12.70000000000000600, 0.0000000000000000000 ) ) ;
#1085 = ORIENTED_EDGE ( 'NONE', *, *, #158, .F. ) ;
#1086 = ORIENTED_EDGE ( 'NONE', *, *, #148, .T. ) ;
#1087 = DIRECTION ( 'NONE',  ( -0.0000000000000000000, -0.0000000000000000000, 1.000000000000000000 ) ) ;
#1088 = ORIENTED_EDGE ( 'NONE', *, *, #1387, .F. ) ;
#1089 = AXIS2_PLACEMENT_3D ( 'NONE', #3662, #2328, #1598 ) ;
#1090 = ORIENTED_EDGE ( 'NONE', *, *, #2279, .T. ) ;
#1091 = ORIENTED_EDGE ( 'NONE', *, *, #2071, .F. ) ;
#1092 = VERTEX_POINT ( 'NONE', #4088 ) ;
#1093 =( NAMED_UNIT ( * ) SI_UNIT ( $, .STERADIAN. ) SOLID_ANGLE_UNIT ( ) );
#1094 = FACE_OUTER_BOUND ( 'NONE', #3205, .T. ) ;
#1095 = EDGE_LOOP ( 'NONE', ( #1798, #3353, #135, #4056 ) ) ;
#1096 = EDGE_LOOP ( 'NONE', ( #1811, #689, #1447, #1490 ) ) ;
#1097 = AXIS2_PLACEMENT_3D ( 'NONE', #2033, #4420, #271 ) ;
#1098 = LINE ( 'NONE', #1992, #2300 ) ;
#1099 = LINE ( 'NONE', #1293, #4115 ) ;
#1100 = DIRECTION ( 'NONE',  ( 0.0000000000000000000, -1.000000000000000000, -0.0000000000000000000 ) ) ;
#1101 = ORIENTED_EDGE ( 'NONE', *, *, #3518, .F. ) ;
#1102 = ORIENTED_EDGE ( 'NONE', *, *, #1846, .T. ) ;
#1103 = LINE ( 'NONE', #1247, #1040 ) ;
#1104 = EDGE_CURVE ( 'NONE', #4159, #4253, #3224, .T. ) ;
#1105 = ORIENTED_EDGE ( 'NONE', *, *, #3901, .F. ) ;
#1106 = ADVANCED_FACE ( 'NONE', ( #3010 ), #3854, .F. ) ;
#1107 = EDGE_CURVE ( 'NONE', #4342, #632, #4331, .T. ) ;
#1108 = COLOUR_RGB ( '',0.9098039215686274400, 0.4431372549019607600, 0.03137254901960784300 ) ;
#1109 = DIRECTION ( 'NONE',  ( 0.0000000000000000000, 1.000000000000000000, 0.0000000000000000000 ) ) ;
#1110 = DIRECTION ( 'NONE',  ( -1.000000000000000000, 0.0000000000000000000, -0.0000000000000000000 ) ) ;
#1111 = CARTESIAN_POINT ( 'NONE',  ( 24.50000000000000000, 9.199999999999999300, 80.90000000000000600 ) ) ;
#1112 = DIRECTION ( 'NONE',  ( -0.0000000000000000000, -1.000000000000000000, -0.0000000000000000000 ) ) ;
#1113 = CARTESIAN_POINT ( 'NONE',  ( 0.0000000000000000000, 0.0000000000000000000, 0.0000000000000000000 ) ) ;
#1114 = LINE ( 'NONE', #3929, #379 ) ;
#1115 = CARTESIAN_POINT ( 'NONE',  ( 8.749999999999998200, 12.70000000000000600, 6.400000000000000400 ) ) ;
#1116 = CARTESIAN_POINT ( 'NONE',  ( -8.750000000000000000, 24.85407370101767900, 6.087492360744742300E-016 ) ) ;
#1117 = EDGE_CURVE ( 'NONE', #3468, #4150, #3927, .T. ) ;
#1118 = UNCERTAINTY_MEASURE_WITH_UNIT (LENGTH_MEASURE( 1.000000000000000100E-005 ), #1759, 'distance_accuracy_value', 'NONE');
#1119 = FILL_AREA_STYLE ('',( #3529 ) ) ;
#1120 = STYLED_ITEM ( 'NONE', ( #2798 ), #2166 ) ;
#1121 = CARTESIAN_POINT ( 'NONE',  ( -13.74999999999999800, 30.19999999999998500, 80.90000000000000600 ) ) ;
#1122 = DIRECTION ( 'NONE',  ( -0.0000000000000000000, -1.000000000000000000, -0.0000000000000000000 ) ) ;
#1123 = VECTOR ( 'NONE', #1032, 1000.000000000000000 ) ;
#1124 = ADVANCED_FACE ( 'NONE', ( #2745 ), #660, .F. ) ;
#1125 = VECTOR ( 'NONE', #2657, 1000.000000000000000 ) ;
#1126 = CARTESIAN_POINT ( 'NONE',  ( -18.35181795883132200, -23.91655480171161900, 85.11225999999999200 ) ) ;
#1127 = VECTOR ( 'NONE', #4104, 1000.000000000000000 ) ;
#1128 = EDGE_CURVE ( 'NONE', #3493, #790, #1326, .T. ) ;
#1129 = EDGE_LOOP ( 'NONE', ( #2609, #4173, #1840, #2525, #1532, #1797, #3732, #3793, #2188, #3574, #2138, #2399, #4382, #364, #3907, #3101 ) ) ;
#1130 = ORIENTED_EDGE ( 'NONE', *, *, #2594, .T. ) ;
#1131 = EDGE_CURVE ( 'NONE', #3685, #78, #1912, .T. ) ;
#1132 = DIRECTION ( 'NONE',  ( 0.0000000000000000000, -1.000000000000000000, 0.0000000000000000000 ) ) ;
#1133 = DIRECTION ( 'NONE',  ( 0.0000000000000000000, 0.7071067811865505700, 0.7071067811865444600 ) ) ;
#1134 = ORIENTED_EDGE ( 'NONE', *, *, #336, .F. ) ;
#1135 = EDGE_LOOP ( 'NONE', ( #1362, #2933, #4059, #1086 ) ) ;
#1136 = EDGE_LOOP ( 'NONE', ( #1536, #3549 ) ) ;
#1137 = VERTEX_POINT ( 'NONE', #4111 ) ;
#1138 = CARTESIAN_POINT ( 'NONE',  ( 24.50000000000000000, 31.80000000000000100, 79.29999999999996900 ) ) ;
#1139 = VERTEX_POINT ( 'NONE', #3800 ) ;
#1140 = SURFACE_SIDE_STYLE ('',( #3378 ) ) ;
#1141 = EDGE_CURVE ( 'NONE', #2234, #2838, #3850, .T. ) ;
#1142 = ORIENTED_EDGE ( 'NONE', *, *, #2697, .T. ) ;
#1143 = ORIENTED_EDGE ( 'NONE', *, *, #907, .F. ) ;
#1144 = VECTOR ( 'NONE', #906, 1000.000000000000000 ) ;
#1145 = ADVANCED_FACE ( 'NONE', ( #4225 ), #926, .F. ) ;
#1146 = AXIS2_PLACEMENT_3D ( 'NONE', #677, #226, #656 ) ;
#1147 = CARTESIAN_POINT ( 'NONE',  ( 1.249999999999999600, 12.70000000000000600, 0.0000000000000000000 ) ) ;
#1148 = EDGE_CURVE ( 'NONE', #235, #398, #3792, .T. ) ;
#1149 = VERTEX_POINT ( 'NONE', #2101 ) ;
#1150 = ORIENTED_EDGE ( 'NONE', *, *, #2431, .F. ) ;
#1151 = PLANE ( 'NONE',  #2032 ) ;
#1152 =( LENGTH_UNIT ( ) NAMED_UNIT ( * ) SI_UNIT ( .MILLI., .METRE. ) );
#1153 = VECTOR ( 'NONE', #556, 1000.000000000000000 ) ;
#1154 = VECTOR ( 'NONE', #4345, 1000.000000000000000 ) ;
#1155 = ORIENTED_EDGE ( 'NONE', *, *, #2490, .F. ) ;
#1156 = CARTESIAN_POINT ( 'NONE',  ( 24.50000000000000000, 31.80000000000000100, 1.600000000000004100 ) ) ;
#1157 = CONICAL_SURFACE ( 'NONE', #3570, 1.249999999999999300, 1.029744258676653400 ) ;
#1158 = DIRECTION ( 'NONE',  ( -1.000000000000000000, 0.0000000000000000000, 0.0000000000000000000 ) ) ;
#1159 = CARTESIAN_POINT ( 'NONE',  ( 24.50000000000000000, 31.80000000000000100, 92.09999999999999400 ) ) ;
#1160 = ORIENTED_EDGE ( 'NONE', *, *, #2611, .F. ) ;
#1161 = VECTOR ( 'NONE', #4043, 1000.000000000000000 ) ;
#1162 = AXIS2_PLACEMENT_3D ( 'NONE', #215, #578, #327 ) ;
#1163 =( LENGTH_UNIT ( ) NAMED_UNIT ( * ) SI_UNIT ( .MILLI., .METRE. ) );
#1164 = EDGE_CURVE ( 'NONE', #4315, #156, #2902, .T. ) ;
#1165 = LINE ( 'NONE', #1731, #3911 ) ;
#1166 = CARTESIAN_POINT ( 'NONE',  ( -11.25000000000000200, 12.70000000000000600, 80.90000000000000600 ) ) ;
#1167 = CARTESIAN_POINT ( 'NONE',  ( -16.25000000000000000, 12.70000000000000600, 80.90000000000000600 ) ) ;
#1168 = DIRECTION ( 'NONE',  ( 1.049727191138617200E-016, -0.8571673007021111100, -0.5150380749100562600 ) ) ;
#1169 = VECTOR ( 'NONE', #2086, 1000.000000000000000 ) ;
#1170 = LINE ( 'NONE', #2262, #4134 ) ;
#1171 = CYLINDRICAL_SURFACE ( 'NONE', #518, 1.700000000000000200 ) ;
#1172 = CARTESIAN_POINT ( 'NONE',  ( -21.24999999999999600, 31.80000000000000100, 1.600000000000004100 ) ) ;
#1173 = DIRECTION ( 'NONE',  ( -0.0000000000000000000, -0.0000000000000000000, -1.000000000000000000 ) ) ;
#1174 = EDGE_CURVE ( 'NONE', #4253, #189, #1967, .T. ) ;
#1175 = CIRCLE ( 'NONE', #1973, 0.7999999999999986000 ) ;
#1176 = VERTEX_POINT ( 'NONE', #3128 ) ;
#1177 = DIRECTION ( 'NONE',  ( -1.000000000000000000, 0.0000000000000000000, 0.0000000000000000000 ) ) ;
#1178 = VERTEX_POINT ( 'NONE', #734 ) ;
#1179 = PLANE ( 'NONE',  #1187 ) ;
#1180 = CIRCLE ( 'NONE', #4388, 1.700000000000000200 ) ;
#1181 = CARTESIAN_POINT ( 'NONE',  ( 10.50000000000373600, 5.537199999999992400, 68.25000000000021300 ) ) ;
#1182 = EDGE_CURVE ( 'NONE', #2231, #413, #306, .T. ) ;
#1183 = VERTEX_POINT ( 'NONE', #3541 ) ;
#1184 = EDGE_CURVE ( 'NONE', #3065, #1046, #4275, .T. ) ;
#1185 = DIRECTION ( 'NONE',  ( -0.0000000000000000000, -0.0000000000000000000, 1.000000000000000000 ) ) ;
#1186 = ORIENTED_EDGE ( 'NONE', *, *, #4449, .F. ) ;
#1187 = AXIS2_PLACEMENT_3D ( 'NONE', #1487, #833, #2878 ) ;
#1188 = VERTEX_POINT ( 'NONE', #70 ) ;
#1189 = EDGE_CURVE ( 'NONE', #418, #2023, #3054, .T. ) ;
#1190 = EDGE_LOOP ( 'NONE', ( #3218, #2503, #1957, #2571, #3275, #2730 ) ) ;
#1191 = EDGE_LOOP ( 'NONE', ( #4257, #2866, #4306 ) ) ;
#1192 = CARTESIAN_POINT ( 'NONE',  ( 24.50000000000000000, 30.19999999999999900, 5.815146750668674300E-018 ) ) ;
#1193 = CARTESIAN_POINT ( 'NONE',  ( -11.25000000000000200, 12.70000000000000600, 0.0000000000000000000 ) ) ;
#1194 = LINE ( 'NONE', #1584, #2242 ) ;
#1195 = DIRECTION ( 'NONE',  ( 0.0000000000000000000, -1.000000000000000000, 0.0000000000000000000 ) ) ;
#1196 = CARTESIAN_POINT ( 'NONE',  ( 13.74999999999999800, 12.70000000000000600, 0.0000000000000000000 ) ) ;
#1197 = CARTESIAN_POINT ( 'NONE',  ( -3.750000000000000900, 12.70000000000000600, 0.0000000000000000000 ) ) ;
#1198 = ORIENTED_EDGE ( 'NONE', *, *, #1403, .F. ) ;
#1199 = VERTEX_POINT ( 'NONE', #3827 ) ;
#1200 = EDGE_LOOP ( 'NONE', ( #508, #2893, #1821, #92 ) ) ;
#1201 = FACE_BOUND ( 'NONE', #3457, .T. ) ;
#1202 =( NAMED_UNIT ( * ) PLANE_ANGLE_UNIT ( ) SI_UNIT ( $, .RADIAN. ) );
#1203 = CARTESIAN_POINT ( 'NONE',  ( 24.50000000000000000, -41.60000000000000900, 92.09999999999999400 ) ) ;
#1204 = DIRECTION ( 'NONE',  ( -0.0000000000000000000, 0.7071067811865474600, 0.7071067811865474600 ) ) ;
#1205 = DIRECTION ( 'NONE',  ( 1.000000000000000000, 0.0000000000000000000, -0.0000000000000000000 ) ) ;
#1206 = ORIENTED_EDGE ( 'NONE', *, *, #212, .F. ) ;
#1207 = ORIENTED_EDGE ( 'NONE', *, *, #1182, .F. ) ;
#1208 = LINE ( 'NONE', #2228, #1641 ) ;
#1209 = CIRCLE ( 'NONE', #2974, 3.249930000000000000 ) ;
#1210 = CARTESIAN_POINT ( 'NONE',  ( 24.50000000000000000, 31.80000000000000100, 1.600000000000004100 ) ) ;
#1211 = CARTESIAN_POINT ( 'NONE',  ( 10.50000000000373600, -2.724839128103118300E-016, 3.000000000000211400 ) ) ;
#1212 = EDGE_LOOP ( 'NONE', ( #3157, #1678, #1375, #2524 ) ) ;
#1213 = DIRECTION ( 'NONE',  ( 0.0000000000000000000, -1.000000000000000000, -1.925545281678369200E-019 ) ) ;
#1214 = AXIS2_PLACEMENT_3D ( 'NONE', #616, #221, #3382 ) ;
#1215 = CYLINDRICAL_SURFACE ( 'NONE', #619, 1.700000000000000200 ) ;
#1216 = EDGE_CURVE ( 'NONE', #1470, #3802, #4065, .T. ) ;
#1217 = CARTESIAN_POINT ( 'NONE',  ( -24.50000000000000000, 15.10000000000000000, -15.10000000000000000 ) ) ;
#1218 = ORIENTED_EDGE ( 'NONE', *, *, #2143, .F. ) ;
#1219 = CARTESIAN_POINT ( 'NONE',  ( 18.75000000000000000, 12.70000000000000600, 0.0000000000000000000 ) ) ;
#1220 = DIRECTION ( 'NONE',  ( -0.0000000000000000000, -0.0000000000000000000, -1.000000000000000000 ) ) ;
#1221 = CARTESIAN_POINT ( 'NONE',  ( 8.167284801711687700, -37.35101795883130600, 85.11225999999999200 ) ) ;
#1222 = DIRECTION ( 'NONE',  ( 0.0000000000000000000, 0.0000000000000000000, 1.000000000000000000 ) ) ;
#1223 = DIRECTION ( 'NONE',  ( -0.0000000000000000000, 2.449293598294706200E-017, -1.000000000000000000 ) ) ;
#1224 = LINE ( 'NONE', #1399, #881 ) ;
#1225 = CARTESIAN_POINT ( 'NONE',  ( -2.602085213965210600E-015, 17.49999999999999300, 6.400000000000000400 ) ) ;
#1226 = CARTESIAN_POINT ( 'NONE',  ( -11.25000000000000400, 19.52049498885790900, 4.781142341175356400E-016 ) ) ;
#1227 = VECTOR ( 'NONE', #4301, 1000.000000000000100 ) ;
#1228 = CARTESIAN_POINT ( 'NONE',  ( -16.25000000000000000, 12.70000000000000600, 0.0000000000000000000 ) ) ;
#1229 = DIRECTION ( 'NONE',  ( 1.000000000000000000, 0.0000000000000000000, -0.0000000000000000000 ) ) ;
#1230 = LINE ( 'NONE', #2621, #3510 ) ;
#1231 = DIRECTION ( 'NONE',  ( 0.0000000000000000000, 0.0000000000000000000, -1.000000000000000000 ) ) ;
#1232 =( NAMED_UNIT ( * ) PLANE_ANGLE_UNIT ( ) SI_UNIT ( $, .RADIAN. ) );
#1233 = CARTESIAN_POINT ( 'NONE',  ( -19.49999999999634400, 5.537199999999992400, 68.25000000000021300 ) ) ;
#1234 = CARTESIAN_POINT ( 'NONE',  ( -18.35181795883132200, -14.08184519828838400, 92.09999999999999400 ) ) ;
#1235 = CARTESIAN_POINT ( 'NONE',  ( 18.75000000000000000, 12.70000000000000600, 0.0000000000000000000 ) ) ;
#1236 = EDGE_CURVE ( 'NONE', #2078, #413, #2193, .T. ) ;
#1237 = VECTOR ( 'NONE', #1755, 1000.000000000000000 ) ;
#1238 = DIRECTION ( 'NONE',  ( 0.0000000000000000000, 1.000000000000000000, 0.0000000000000000000 ) ) ;
#1239 = ORIENTED_EDGE ( 'NONE', *, *, #1445, .F. ) ;
#1240 = CARTESIAN_POINT ( 'NONE',  ( 24.50000000000000000, -40.00000000000002800, 81.00000000000000000 ) ) ;
#1241 = AXIS2_PLACEMENT_3D ( 'NONE', #2065, #4485, #295 ) ;
#1242 = DIRECTION ( 'NONE',  ( -1.000000000000000000, 0.0000000000000000000, 0.0000000000000000000 ) ) ;
#1243 = ORIENTED_EDGE ( 'NONE', *, *, #3360, .F. ) ;
#1244 = ORIENTED_EDGE ( 'NONE', *, *, #2660, .T. ) ;
#1245 = DIRECTION ( 'NONE',  ( 0.0000000000000000000, -0.7071067811865444600, 0.7071067811865505700 ) ) ;
#1246 = ORIENTED_EDGE ( 'NONE', *, *, #3451, .F. ) ;
#1247 = CARTESIAN_POINT ( 'NONE',  ( -24.50000000000000000, 55.55000000000011100, 55.54999999999963500 ) ) ;
#1248 =( LENGTH_UNIT ( ) NAMED_UNIT ( * ) SI_UNIT ( .MILLI., .METRE. ) );
#1249 = CARTESIAN_POINT ( 'NONE',  ( 24.50000000000000000, 31.80000000000000100, 92.09999999999999400 ) ) ;
#1250 = ORIENTED_EDGE ( 'NONE', *, *, #155, .F. ) ;
#1251 = AXIS2_PLACEMENT_3D ( 'NONE', #198, #3038, #4405 ) ;
#1252 = EDGE_CURVE ( 'NONE', #718, #526, #808, .T. ) ;
#1253 = DIRECTION ( 'NONE',  ( 0.0000000000000000000, 0.0000000000000000000, -1.000000000000000000 ) ) ;
#1254 = ORIENTED_EDGE ( 'NONE', *, *, #3386, .T. ) ;
#1255 = ORIENTED_EDGE ( 'NONE', *, *, #1809, .F. ) ;
#1256 = CARTESIAN_POINT ( 'NONE',  ( 11.25000000000000000, 19.52049498885788700, 6.400000000000000400 ) ) ;
#1257 = ORIENTED_EDGE ( 'NONE', *, *, #2261, .F. ) ;
#1258 = PLANE ( 'NONE',  #4296 ) ;
#1259 = FACE_OUTER_BOUND ( 'NONE', #1533, .T. ) ;
#1260 = CARTESIAN_POINT ( 'NONE',  ( -2.326730946636039600E-015, -19.00000000000001100, 92.09999999999999400 ) ) ;
#1261 = VERTEX_POINT ( 'NONE', #2829 ) ;
#1262 = EDGE_LOOP ( 'NONE', ( #869, #3252, #3097, #576, #3257, #2506 ) ) ;
#1263 = DIRECTION ( 'NONE',  ( 1.000000000000000000, 0.0000000000000000000, 0.0000000000000000000 ) ) ;
#1264 = VECTOR ( 'NONE', #2891, 1000.000000000000000 ) ;
#1265 = LINE ( 'NONE', #2635, #2681 ) ;
#1266 = FACE_OUTER_BOUND ( 'NONE', #998, .T. ) ;
#1267 = VECTOR ( 'NONE', #2537, 1000.000000000000000 ) ;
#1268 = EDGE_CURVE ( 'NONE', #1802, #136, #753, .T. ) ;
#1269 = ORIENTED_EDGE ( 'NONE', *, *, #328, .T. ) ;
#1270 = LINE ( 'NONE', #486, #3219 ) ;
#1271 = CARTESIAN_POINT ( 'NONE',  ( 16.25000000000000000, 12.70000000000000600, 80.90000000000000600 ) ) ;
#1272 = LINE ( 'NONE', #1656, #4013 ) ;
#1273 = DIRECTION ( 'NONE',  ( 1.000000000000000000, 0.0000000000000000000, 0.0000000000000000000 ) ) ;
#1274 = FACE_OUTER_BOUND ( 'NONE', #2517, .T. ) ;
#1275 = ORIENTED_EDGE ( 'NONE', *, *, #1535, .T. ) ;
#1276 = CARTESIAN_POINT ( 'NONE',  ( 24.50000000000000000, -40.00000000000000000, 92.09999999999999400 ) ) ;
#1277 = LINE ( 'NONE', #4396, #3227 ) ;
#1278 = AXIS2_PLACEMENT_3D ( 'NONE', #1839, #4278, #434 ) ;
#1279 = VERTEX_POINT ( 'NONE', #1449 ) ;
#1280 = DIRECTION ( 'NONE',  ( 0.0000000000000000000, 0.7071067811865505700, 0.7071067811865444600 ) ) ;
#1281 = CARTESIAN_POINT ( 'NONE',  ( -8.750000000000000000, 12.70000000000000600, 0.0000000000000000000 ) ) ;
#1282 = EDGE_CURVE ( 'NONE', #3369, #2459, #2244, .T. ) ;
#1283 = CARTESIAN_POINT ( 'NONE',  ( -18.35181795883124800, -14.08184519828810400, 81.00000000000000000 ) ) ;
#1284 = EDGE_CURVE ( 'NONE', #2852, #3781, #916, .T. ) ;
#1285 = CARTESIAN_POINT ( 'NONE',  ( 24.50000000000000000, 0.0000000000000000000, 0.0000000000000000000 ) ) ;
#1286 = VECTOR ( 'NONE', #3020, 1000.000000000000000 ) ;
#1287 = CARTESIAN_POINT ( 'NONE',  ( -21.60174795883132500, -23.91655480171161900, 85.11225999999999200 ) ) ;
#1288 = CARTESIAN_POINT ( 'NONE',  ( -13.75000000000000000, 12.70000000000000600, 0.0000000000000000000 ) ) ;
#1289 = VECTOR ( 'NONE', #3399, 1000.000000000000000 ) ;
#1290 = DIRECTION ( 'NONE',  ( -0.0000000000000000000, 2.449293598294706500E-017, -1.000000000000000000 ) ) ;
#1291 = EDGE_CURVE ( 'NONE', #1199, #1261, #2487, .T. ) ;
#1292 = CONICAL_SURFACE ( 'NONE', #3274, 1.249999999999997600, 1.029744258676653400 ) ;
#1293 = CARTESIAN_POINT ( 'NONE',  ( 24.50000000000000000, -25.39999999999999900, 1.600000000000004100 ) ) ;
#1294 = LINE ( 'NONE', #2764, #3144 ) ;
#1295 = CARTESIAN_POINT ( 'NONE',  ( -10.00000000000056700, 8.262500000000098800, 1.472637775974716100E-016 ) ) ;
#1296 = VERTEX_POINT ( 'NONE', #6 ) ;
#1297 = PRESENTATION_LAYER_ASSIGNMENT (  '', '', ( #1062 ) ) ;
#1298 = CARTESIAN_POINT ( 'NONE',  ( -21.25000000000000000, 12.70000000000000600, 0.0000000000000000000 ) ) ;
#1299 = ORIENTED_EDGE ( 'NONE', *, *, #3140, .T. ) ;
#1300 =( LENGTH_UNIT ( ) NAMED_UNIT ( * ) SI_UNIT ( .MILLI., .METRE. ) );
#1301 = EDGE_CURVE ( 'NONE', #2238, #1470, #888, .T. ) ;
#1302 = VERTEX_POINT ( 'NONE', #3909 ) ;
#1303 = ORIENTED_EDGE ( 'NONE', *, *, #1906, .T. ) ;
#1304 = DIRECTION ( 'NONE',  ( 0.0000000000000000000, 1.000000000000000000, 0.0000000000000000000 ) ) ;
#1305 = CIRCLE ( 'NONE', #335, 1.700000000000000200 ) ;
#1306 = AXIS2_PLACEMENT_3D ( 'NONE', #4471, #3142, #298 ) ;
#1307 = PLANE ( 'NONE',  #2885 ) ;
#1308 = ORIENTED_EDGE ( 'NONE', *, *, #4352, .F. ) ;
#1309 = DIRECTION ( 'NONE',  ( 0.0000000000000000000, 1.000000000000000000, 0.0000000000000000000 ) ) ;
#1310 = ORIENTED_EDGE ( 'NONE', *, *, #555, .T. ) ;
#1311 = VERTEX_POINT ( 'NONE', #1509 ) ;
#1312 = DIRECTION ( 'NONE',  ( 0.0000000000000000000, 1.000000000000000000, 0.0000000000000000000 ) ) ;
#1313 = DIRECTION ( 'NONE',  ( 1.000000000000000000, 0.0000000000000000000, 0.0000000000000000000 ) ) ;
#1314 = VERTEX_POINT ( 'NONE', #1524 ) ;
#1315 = ORIENTED_EDGE ( 'NONE', *, *, #1164, .F. ) ;
#1316 = FACE_BOUND ( 'NONE', #3805, .T. ) ;
#1317 = EDGE_CURVE ( 'NONE', #3648, #740, #4499, .T. ) ;
#1318 = CARTESIAN_POINT ( 'NONE',  ( 1.249999999999999600, 12.70000000000000600, 80.90000000000000600 ) ) ;
#1319 = ADVANCED_FACE ( 'NONE', ( #4019 ), #602, .F. ) ;
#1320 =( NAMED_UNIT ( * ) SI_UNIT ( $, .STERADIAN. ) SOLID_ANGLE_UNIT ( ) );
#1321 = ORIENTED_EDGE ( 'NONE', *, *, #3501, .F. ) ;
#1322 = EDGE_LOOP ( 'NONE', ( #3739, #1516 ) ) ;
#1323 = LINE ( 'NONE', #2979, #4069 ) ;
#1324 = CARTESIAN_POINT ( 'NONE',  ( -4.917354801711829800, -37.35101795883126400, -0.001000000000001000100 ) ) ;
#1325 = LINE ( 'NONE', #1465, #3059 ) ;
#1326 = CIRCLE ( 'NONE', #1014, 0.7999999999999986000 ) ;
#1327 = ORIENTED_EDGE ( 'NONE', *, *, #10, .T. ) ;
#1328 = DIRECTION ( 'NONE',  ( 0.0000000000000000000, -0.0000000000000000000, -1.000000000000000000 ) ) ;
#1329 = DIRECTION ( 'NONE',  ( -0.0000000000000000000, 0.7071067811865444600, -0.7071067811865505700 ) ) ;
#1330 = VECTOR ( 'NONE', #2581, 1000.000000000000000 ) ;
#1331 = DIRECTION ( 'NONE',  ( 0.0000000000000000000, 1.000000000000000000, 0.0000000000000000000 ) ) ;
#1332 = EDGE_LOOP ( 'NONE', ( #3845, #3727, #638 ) ) ;
#1333 = AXIS2_PLACEMENT_3D ( 'NONE', #4399, #4027, #1304 ) ;
#1334 = DIRECTION ( 'NONE',  ( -1.000000000000000000, 0.0000000000000000000, 0.0000000000000000000 ) ) ;
#1335 = LINE ( 'NONE', #667, #311 ) ;
#1336 = CARTESIAN_POINT ( 'NONE',  ( -1.250000000000000400, 12.70000000000000600, 0.0000000000000000000 ) ) ;
#1337 = LINE ( 'NONE', #2093, #262 ) ;
#1338 = VECTOR ( 'NONE', #3521, 1000.000000000000100 ) ;
#1339 = ADVANCED_FACE ( 'NONE', ( #546 ), #2579, .F. ) ;
#1340 = DIRECTION ( 'NONE',  ( -0.0000000000000000000, -0.0000000000000000000, 1.000000000000000000 ) ) ;
#1341 = CARTESIAN_POINT ( 'NONE',  ( -19.49999999999634800, -2.724839128103117800E-016, 1.750000000000209600 ) ) ;
#1342 = FACE_OUTER_BOUND ( 'NONE', #1475, .T. ) ;
#1343 = FACE_OUTER_BOUND ( 'NONE', #4365, .T. ) ;
#1344 = AXIS2_PLACEMENT_3D ( 'NONE', #2219, #2919, #1502 ) ;
#1345 = CARTESIAN_POINT ( 'NONE',  ( 9.999999999999609200, 7.462500000000163800, 5.199379999999999700 ) ) ;
#1346 = EDGE_CURVE ( 'NONE', #914, #2746, #3069, .T. ) ;
#1347 = FACE_OUTER_BOUND ( 'NONE', #3519, .T. ) ;
#1348 = DIRECTION ( 'NONE',  ( -0.0000000000000000000, -0.0000000000000000000, 1.000000000000000000 ) ) ;
#1349 = PLANE ( 'NONE',  #4341 ) ;
#1350 = EDGE_CURVE ( 'NONE', #102, #293, #1388, .T. ) ;
#1351 = LINE ( 'NONE', #4403, #1127 ) ;
#1352 = ADVANCED_FACE ( 'NONE', ( #2156 ), #433, .F. ) ;
#1353 = ORIENTED_EDGE ( 'NONE', *, *, #4285, .F. ) ;
#1354 = VERTEX_POINT ( 'NONE', #832 ) ;
#1355 = ORIENTED_EDGE ( 'NONE', *, *, #2975, .F. ) ;
#1356 = ADVANCED_FACE ( 'NONE', ( #2212 ), #478, .F. ) ;
#1357 = ORIENTED_EDGE ( 'NONE', *, *, #2759, .F. ) ;
#1358 = VERTEX_POINT ( 'NONE', #2218 ) ;
#1359 = VECTOR ( 'NONE', #2593, 1000.000000000000000 ) ;
#1360 = CARTESIAN_POINT ( 'NONE',  ( 24.50000000000000000, 31.80000000000000100, 92.09999999999999400 ) ) ;
#1361 = EDGE_LOOP ( 'NONE', ( #2938, #3904, #4101 ) ) ;
#1362 = ORIENTED_EDGE ( 'NONE', *, *, #1968, .T. ) ;
#1363 = ORIENTED_EDGE ( 'NONE', *, *, #1776, .T. ) ;
#1364 = CARTESIAN_POINT ( 'NONE',  ( 11.61043828346838900, -23.38968730210392600, 80.91478637286971300 ) ) ;
#1365 = DIRECTION ( 'NONE',  ( -0.0000000000000000000, -0.0000000000000000000, 1.000000000000000000 ) ) ;
#1366 = EDGE_CURVE ( 'NONE', #1847, #4496, #2043, .T. ) ;
#1367 = ORIENTED_EDGE ( 'NONE', *, *, #3591, .F. ) ;
#1368 = ORIENTED_EDGE ( 'NONE', *, *, #4500, .F. ) ;
#1369 = VECTOR ( 'NONE', #1290, 1000.000000000000000 ) ;
#1370 = VECTOR ( 'NONE', #3428, 1000.000000000000000 ) ;
#1371 = CARTESIAN_POINT ( 'NONE',  ( -21.25000000000000000, 12.70000000000000600, 0.0000000000000000000 ) ) ;
#1372 = DIRECTION ( 'NONE',  ( 0.0000000000000000000, 1.000000000000000000, 0.0000000000000000000 ) ) ;
#1373 = CARTESIAN_POINT ( 'NONE',  ( -10.00000000000056700, 7.462500000000100700, 5.199379999999999700 ) ) ;
#1374 = ORIENTED_EDGE ( 'NONE', *, *, #1522, .F. ) ;
#1375 = ORIENTED_EDGE ( 'NONE', *, *, #1611, .T. ) ;
#1376 = ADVANCED_FACE ( 'NONE', ( #2695 ), #3181, .F. ) ;
#1377 = CIRCLE ( 'NONE', #2749, 3.249930000000001300 ) ;
#1378 = PLANE ( 'NONE',  #4044 ) ;
#1379 = FACE_OUTER_BOUND ( 'NONE', #1954, .T. ) ;
#1380 = ORIENTED_EDGE ( 'NONE', *, *, #3706, .F. ) ;
#1381 = LINE ( 'NONE', #4087, #1444 ) ;
#1382 = CARTESIAN_POINT ( 'NONE',  ( -21.25000000000000000, 12.70000000000000600, 80.90000000000000600 ) ) ;
#1383 = LINE ( 'NONE', #742, #2912 ) ;
#1384 = DIRECTION ( 'NONE',  ( 0.0000000000000000000, 1.000000000000000000, 0.0000000000000000000 ) ) ;
#1385 = EDGE_LOOP ( 'NONE', ( #2689, #4262, #3169, #1029, #3642, #4421 ) ) ;
#1386 = DIRECTION ( 'NONE',  ( -0.0000000000000000000, -0.0000000000000000000, 1.000000000000000000 ) ) ;
#1387 = EDGE_CURVE ( 'NONE', #693, #979, #2316, .T. ) ;
#1388 = LINE ( 'NONE', #494, #3129 ) ;
#1389 = LINE ( 'NONE', #1631, #4122 ) ;
#1390 = VECTOR ( 'NONE', #2172, 1000.000000000000000 ) ;
#1391 = AXIS2_PLACEMENT_3D ( 'NONE', #1679, #1770, #4174 ) ;
#1392 = CARTESIAN_POINT ( 'NONE',  ( -18.75000000000000000, 12.70000000000000600, 0.0000000000000000000 ) ) ;
#1393 = EDGE_CURVE ( 'NONE', #156, #1793, #3807, .T. ) ;
#1394 = LINE ( 'NONE', #4398, #2430 ) ;
#1395 = FACE_BOUND ( 'NONE', #4470, .T. ) ;
#1396 = DIRECTION ( 'NONE',  ( 0.0000000000000000000, 0.0000000000000000000, -1.000000000000000000 ) ) ;
#1397 = AXIS2_PLACEMENT_3D ( 'NONE', #1716, #2757, #1008 ) ;
#1398 = DIRECTION ( 'NONE',  ( -0.0000000000000000000, -0.0000000000000000000, 1.000000000000000000 ) ) ;
#1399 = CARTESIAN_POINT ( 'NONE',  ( 11.25000000000000000, 30.19999999999998500, 80.90000000000000600 ) ) ;
#1400 = PRESENTATION_STYLE_ASSIGNMENT (( #955 ) ) ;
#1401 = FACE_OUTER_BOUND ( 'NONE', #3204, .T. ) ;
#1402 = AXIS2_PLACEMENT_3D ( 'NONE', #814, #3228, #3895 ) ;
#1403 = EDGE_CURVE ( 'NONE', #3362, #852, #2809, .T. ) ;
#1404 = CARTESIAN_POINT ( 'NONE',  ( -4.917354801711829800, -37.35101795883126400, 81.00000000000000000 ) ) ;
#1405 = CARTESIAN_POINT ( 'NONE',  ( -24.50000000000000000, -40.00000000000000000, 92.09999999999999400 ) ) ;
#1406 = UNCERTAINTY_MEASURE_WITH_UNIT (LENGTH_MEASURE( 1.000000000000000100E-005 ), #1248, 'distance_accuracy_value', 'NONE');
#1407 = FACE_OUTER_BOUND ( 'NONE', #2144, .T. ) ;
#1408 = DIRECTION ( 'NONE',  ( 0.0000000000000000000, -0.7071067811865475700, 0.7071067811865475700 ) ) ;
#1409 = CIRCLE ( 'NONE', #2614, 1.700000000000000200 ) ;
#1410 = DIRECTION ( 'NONE',  ( 1.000000000000000000, 0.0000000000000000000, -0.0000000000000000000 ) ) ;
#1411 = DIRECTION ( 'NONE',  ( 0.0000000000000000000, 0.0000000000000000000, -1.000000000000000000 ) ) ;
#1412 = VERTEX_POINT ( 'NONE', #552 ) ;
#1413 = VERTEX_POINT ( 'NONE', #523 ) ;
#1414 = VECTOR ( 'NONE', #1728, 1000.000000000000000 ) ;
#1415 = DIRECTION ( 'NONE',  ( 1.000000000000000000, 0.0000000000000000000, -0.0000000000000000000 ) ) ;
#1416 =( NAMED_UNIT ( * ) PLANE_ANGLE_UNIT ( ) SI_UNIT ( $, .RADIAN. ) );
#1417 = AXIS2_PLACEMENT_3D ( 'NONE', #2073, #1745, #4167 ) ;
#1418 = ORIENTED_EDGE ( 'NONE', *, *, #1252, .T. ) ;
#1419 = VECTOR ( 'NONE', #952, 1000.000000000000100 ) ;
#1420 = CARTESIAN_POINT ( 'NONE',  ( -16.65181795883124500, -23.91655480171189300, 85.11225999999999200 ) ) ;
#1421 = DIRECTION ( 'NONE',  ( -1.000000000000000000, 0.0000000000000000000, -0.0000000000000000000 ) ) ;
#1422 = EDGE_CURVE ( 'NONE', #3262, #2405, #372, .T. ) ;
#1423 = ORIENTED_EDGE ( 'NONE', *, *, #3518, .T. ) ;
#1424 = ORIENTED_EDGE ( 'NONE', *, *, #599, .T. ) ;
#1425 = EDGE_LOOP ( 'NONE', ( #2563, #3833, #4016, #1479, #2364, #4434, #396, #2342 ) ) ;
#1426 = AXIS2_PLACEMENT_3D ( 'NONE', #4400, #3053, #1328 ) ;
#1427 = ADVANCED_FACE ( 'NONE', ( #157 ), #1564, .T. ) ;
#1428 = VERTEX_POINT ( 'NONE', #1915 ) ;
#1429 = ORIENTED_EDGE ( 'NONE', *, *, #2481, .F. ) ;
#1430 = CARTESIAN_POINT ( 'NONE',  ( 10.50000000000373600, 5.537199999999992400, 65.75000000000021300 ) ) ;
#1431 = CARTESIAN_POINT ( 'NONE',  ( -1.249999999999997600, 30.19999999999999900, 5.815146750668674300E-018 ) ) ;
#1432 = VERTEX_POINT ( 'NONE', #4373 ) ;
#1433 = VECTOR ( 'NONE', #2176, 1000.000000000000000 ) ;
#1434 = VERTEX_POINT ( 'NONE', #159 ) ;
#1435 = CARTESIAN_POINT ( 'NONE',  ( -6.250000000000000000, 12.70000000000000600, 80.90000000000000600 ) ) ;
#1436 = ORIENTED_EDGE ( 'NONE', *, *, #4459, .F. ) ;
#1437 = VECTOR ( 'NONE', #517, 1000.000000000000100 ) ;
#1438 = VECTOR ( 'NONE', #4182, 1000.000000000000000 ) ;
#1439 = AXIS2_PLACEMENT_3D ( 'NONE', #4501, #3509, #1411 ) ;
#1440 = ADVANCED_FACE ( 'NONE', ( #208 ), #2868, .F. ) ;
#1441 = EDGE_CURVE ( 'NONE', #456, #658, #2368, .T. ) ;
#1442 = VERTEX_POINT ( 'NONE', #2319 ) ;
#1443 = DIRECTION ( 'NONE',  ( -1.000000000000000000, 0.0000000000000000000, 0.0000000000000000000 ) ) ;
#1444 = VECTOR ( 'NONE', #3041, 1000.000000000000000 ) ;
#1445 = EDGE_CURVE ( 'NONE', #913, #3266, #4393, .T. ) ;
#1446 = SURFACE_STYLE_FILL_AREA ( #1119 ) ;
#1447 = ORIENTED_EDGE ( 'NONE', *, *, #719, .T. ) ;
#1448 = AXIS2_PLACEMENT_3D ( 'NONE', #3005, #972, #2037 ) ;
#1449 = CARTESIAN_POINT ( 'NONE',  ( -24.50000000000000000, 31.80000000000000100, 1.600000000000004100 ) ) ;
#1450 = PRESENTATION_STYLE_ASSIGNMENT (( #3276 ) ) ;
#1451 = FILL_AREA_STYLE ('',( #2149 ) ) ;
#1452 = CARTESIAN_POINT ( 'NONE',  ( -8.750000000000000000, 30.19999999999998500, 80.90000000000000600 ) ) ;
#1453 = CARTESIAN_POINT ( 'NONE',  ( -24.50000000000000000, 31.80000000000000100, 6.123233995737214700E-018 ) ) ;
#1454 = FACE_OUTER_BOUND ( 'NONE', #4227, .T. ) ;
#1455 = EDGE_CURVE ( 'NONE', #2502, #755, #1987, .T. ) ;
#1456 = ADVANCED_FACE ( 'NONE', ( #1549 ), #2683, .F. ) ;
#1457 = DIRECTION ( 'NONE',  ( 1.000000000000000000, 0.0000000000000000000, 0.0000000000000000000 ) ) ;
#1458 = DIRECTION ( 'NONE',  ( -1.000000000000000000, 0.0000000000000000000, 0.0000000000000000000 ) ) ;
#1459 =( NAMED_UNIT ( * ) SI_UNIT ( $, .STERADIAN. ) SOLID_ANGLE_UNIT ( ) );
#1460 = APPLICATION_PROTOCOL_DEFINITION ( 'draft international standard', 'automotive_design', 1998, #374 ) ;
#1461 = PRESENTATION_STYLE_ASSIGNMENT (( #333 ) ) ;
#1462 = DIRECTION ( 'NONE',  ( 1.000000000000000000, 0.0000000000000000000, 0.0000000000000000000 ) ) ;
#1463 = SURFACE_SIDE_STYLE ('',( #1446 ) ) ;
#1464 = DIRECTION ( 'NONE',  ( 1.000000000000000000, 0.0000000000000000000, 0.0000000000000000000 ) ) ;
#1465 = CARTESIAN_POINT ( 'NONE',  ( 13.74999999999999800, 31.80000000000000100, 80.90000000000000600 ) ) ;
#1466 = ORIENTED_EDGE ( 'NONE', *, *, #1883, .T. ) ;
#1467 = LINE ( 'NONE', #2028, #1946 ) ;
#1468 = ORIENTED_EDGE ( 'NONE', *, *, #250, .T. ) ;
#1469 = CARTESIAN_POINT ( 'NONE',  ( 3.750000000000000000, 12.70000000000000600, 6.400000000000000400 ) ) ;
#1470 = VERTEX_POINT ( 'NONE', #3023 ) ;
#1471 = DIRECTION ( 'NONE',  ( 1.000000000000000000, 0.0000000000000000000, -0.0000000000000000000 ) ) ;
#1472 = DIRECTION ( 'NONE',  ( -0.0000000000000000000, -0.0000000000000000000, 1.000000000000000000 ) ) ;
#1473 = CARTESIAN_POINT ( 'NONE',  ( -18.75000000000000000, 12.70000000000000600, 0.0000000000000000000 ) ) ;
#1474 = ORIENTED_EDGE ( 'NONE', *, *, #1651, .T. ) ;
#1475 = EDGE_LOOP ( 'NONE', ( #3364, #1788, #4002, #2901 ) ) ;
#1476 = ADVANCED_FACE ( 'NONE', ( #2916 ), #179, .F. ) ;
#1477 = AXIS2_PLACEMENT_3D ( 'NONE', #3979, #3928, #2620 ) ;
#1478 = ORIENTED_EDGE ( 'NONE', *, *, #4187, .T. ) ;
#1479 = ORIENTED_EDGE ( 'NONE', *, *, #2618, .T. ) ;
#1480 = EDGE_CURVE ( 'NONE', #413, #2669, #3015, .T. ) ;
#1481 = ORIENTED_EDGE ( 'NONE', *, *, #426, .T. ) ;
#1482 = ORIENTED_EDGE ( 'NONE', *, *, #3210, .T. ) ;
#1483 = ORIENTED_EDGE ( 'NONE', *, *, #2732, .F. ) ;
#1484 = CIRCLE ( 'NONE', #1333, 11.43000000000000000 ) ;
#1485 = FACE_OUTER_BOUND ( 'NONE', #4439, .T. ) ;
#1486 = LINE ( 'NONE', #4057, #3061 ) ;
#1487 = CARTESIAN_POINT ( 'NONE',  ( 24.50000000000000000, 31.80000000000000100, 92.09999999999999400 ) ) ;
#1488 = DIRECTION ( 'NONE',  ( 0.0000000000000000000, -1.000000000000000000, -1.925545281678369200E-019 ) ) ;
#1489 = DIRECTION ( 'NONE',  ( -0.0000000000000000000, -0.0000000000000000000, 1.000000000000000000 ) ) ;
#1490 = ORIENTED_EDGE ( 'NONE', *, *, #1141, .F. ) ;
#1491 = VECTOR ( 'NONE', #3604, 1000.000000000000000 ) ;
#1492 = FACE_OUTER_BOUND ( 'NONE', #887, .T. ) ;
#1493 = AXIS2_PLACEMENT_3D ( 'NONE', #3182, #3503, #1110 ) ;
#1494 = EDGE_LOOP ( 'NONE', ( #3437, #1733, #1418, #2396 ) ) ;
#1495 = EDGE_CURVE ( 'NONE', #2674, #2669, #3232, .T. ) ;
#1496 = DIRECTION ( 'NONE',  ( -0.0000000000000000000, -1.000000000000000000, -0.0000000000000000000 ) ) ;
#1497 = EDGE_LOOP ( 'NONE', ( #3313, #457, #3522, #284, #3093, #3311, #3943, #2362, #1466, #207, #429, #3356, #3057, #1363 ) ) ;
#1498 = CARTESIAN_POINT ( 'NONE',  ( -18.74999999999999600, 30.19999999999998500, 80.90000000000000600 ) ) ;
#1499 = DIRECTION ( 'NONE',  ( 0.0000000000000000000, -0.7071067811865444600, 0.7071067811865505700 ) ) ;
#1500 = ADVANCED_FACE ( 'NONE', ( #2584 ), #2761, .F. ) ;
#1501 = DIRECTION ( 'NONE',  ( -1.000000000000000000, 0.0000000000000000000, 0.0000000000000000000 ) ) ;
#1502 = DIRECTION ( 'NONE',  ( 0.0000000000000000000, -1.000000000000000000, -1.925545281678369200E-019 ) ) ;
#1503 = DIRECTION ( 'NONE',  ( 0.0000000000000000000, 0.7071067811865444600, -0.7071067811865505700 ) ) ;
#1504 = FACE_OUTER_BOUND ( 'NONE', #2947, .T. ) ;
#1505 = VECTOR ( 'NONE', #968, 1000.000000000000100 ) ;
#1506 = CARTESIAN_POINT ( 'NONE',  ( 24.50000000000000000, 30.19999999999999900, 5.815146750668674300E-018 ) ) ;
#1507 =( NAMED_UNIT ( * ) PLANE_ANGLE_UNIT ( ) SI_UNIT ( $, .RADIAN. ) );
#1508 = AXIS2_PLACEMENT_3D ( 'NONE', #4073, #2754, #2013 ) ;
#1509 = CARTESIAN_POINT ( 'NONE',  ( -6.250000000000000000, 31.80000000000000800, 1.600000000000011200 ) ) ;
#1510 = DIRECTION ( 'NONE',  ( 0.0000000000000000000, 1.000000000000000000, 0.0000000000000000000 ) ) ;
#1511 = DIRECTION ( 'NONE',  ( 0.0000000000000000000, -1.000000000000000000, 0.0000000000000000000 ) ) ;
#1512 = EDGE_CURVE ( 'NONE', #4095, #3371, #3387, .T. ) ;
#1513 = AXIS2_PLACEMENT_3D ( 'NONE', #1001, #1676, #4089 ) ;
#1514 = EDGE_CURVE ( 'NONE', #3573, #4108, #4292, .T. ) ;
#1515 =( NAMED_UNIT ( * ) PLANE_ANGLE_UNIT ( ) SI_UNIT ( $, .RADIAN. ) );
#1516 = ORIENTED_EDGE ( 'NONE', *, *, #874, .F. ) ;
#1517 = ORIENTED_EDGE ( 'NONE', *, *, #722, .F. ) ;
#1518 = VECTOR ( 'NONE', #2460, 1000.000000000000000 ) ;
#1519 = DIRECTION ( 'NONE',  ( 0.0000000000000000000, 0.0000000000000000000, -1.000000000000000000 ) ) ;
#1520 = ORIENTED_EDGE ( 'NONE', *, *, #2882, .F. ) ;
#1521 = ORIENTED_EDGE ( 'NONE', *, *, #119, .T. ) ;
#1522 = EDGE_CURVE ( 'NONE', #189, #581, #3496, .T. ) ;
#1523 = VECTOR ( 'NONE', #2380, 1000.000000000000000 ) ;
#1524 = CARTESIAN_POINT ( 'NONE',  ( -24.50000000000000000, -9.919639073093561200E-015, 81.00000000000000000 ) ) ;
#1525 = EDGE_LOOP ( 'NONE', ( #1027, #3528, #1327, #2205 ) ) ;
#1526 = VERTEX_POINT ( 'NONE', #1996 ) ;
#1527 = CARTESIAN_POINT ( 'NONE',  ( -12.40000000000000200, -19.00000000000001100, 81.00000000000000000 ) ) ;
#1528 = ORIENTED_EDGE ( 'NONE', *, *, #3489, .T. ) ;
#1529 = CYLINDRICAL_SURFACE ( 'NONE', #3242, 1.250000000000001100 ) ;
#1530 = EDGE_CURVE ( 'NONE', #2836, #1183, #2266, .T. ) ;
#1531 = ORIENTED_EDGE ( 'NONE', *, *, #3467, .T. ) ;
#1532 = ORIENTED_EDGE ( 'NONE', *, *, #2374, .T. ) ;
#1533 = EDGE_LOOP ( 'NONE', ( #1623, #3944, #3779, #2297 ) ) ;
#1534 = AXIS2_PLACEMENT_3D ( 'NONE', #138, #2274, #1927 ) ;
#1535 = EDGE_CURVE ( 'NONE', #1734, #934, #3696, .T. ) ;
#1536 = ORIENTED_EDGE ( 'NONE', *, *, #3391, .F. ) ;
#1537 = ORIENTED_EDGE ( 'NONE', *, *, #4395, .F. ) ;
#1538 = CARTESIAN_POINT ( 'NONE',  ( -11.25000000000000200, 31.80000000000000800, 1.600000000000011200 ) ) ;
#1539 = LINE ( 'NONE', #1217, #872 ) ;
#1540 = DIRECTION ( 'NONE',  ( -0.0000000000000000000, -0.0000000000000000000, 1.000000000000000000 ) ) ;
#1541 = VECTOR ( 'NONE', #4194, 1000.000000000000000 ) ;
#1542 = CIRCLE ( 'NONE', #3390, 11.43000000000000000 ) ;
#1543 = VERTEX_POINT ( 'NONE', #633 ) ;
#1544 = LINE ( 'NONE', #2335, #2532 ) ;
#1545 = CARTESIAN_POINT ( 'NONE',  ( 10.37327817037603600, 12.70000000000000600, 6.400000000000000400 ) ) ;
#1546 = FACE_OUTER_BOUND ( 'NONE', #3614, .T. ) ;
#1547 = CARTESIAN_POINT ( 'NONE',  ( 24.50000000000000000, 30.19999999999999900, 5.815146750668674300E-018 ) ) ;
#1548 = ORIENTED_EDGE ( 'NONE', *, *, #3102, .T. ) ;
#1549 = FACE_OUTER_BOUND ( 'NONE', #849, .T. ) ;
#1550 = LINE ( 'NONE', #1057, #1338 ) ;
#1551 = EDGE_CURVE ( 'NONE', #3794, #827, #3853, .T. ) ;
#1552 = DIRECTION ( 'NONE',  ( 1.000000000000000000, -0.0000000000000000000, 0.0000000000000000000 ) ) ;
#1553 = DIRECTION ( 'NONE',  ( -0.0000000000000000000, -0.0000000000000000000, 1.000000000000000000 ) ) ;
#1554 = CARTESIAN_POINT ( 'NONE',  ( 18.75000000000000000, 12.70000000000000600, 0.0000000000000000000 ) ) ;
#1555 = CARTESIAN_POINT ( 'NONE',  ( 3.750000000000000000, 30.19999999999998500, 80.90000000000000600 ) ) ;
#1556 = CIRCLE ( 'NONE', #2329, 1.250000000000001100 ) ;
#1557 = DIRECTION ( 'NONE',  ( 0.0000000000000000000, -0.7071067811865444600, 0.7071067811865505700 ) ) ;
#1558 = DIRECTION ( 'NONE',  ( 0.0000000000000000000, 0.0000000000000000000, -1.000000000000000000 ) ) ;
#1559 = DIRECTION ( 'NONE',  ( 0.0000000000000000000, 1.000000000000000000, 2.449293598294705600E-017 ) ) ;
#1560 = AXIS2_PLACEMENT_3D ( 'NONE', #1360, #216, #1638 ) ;
#1561 = CARTESIAN_POINT ( 'NONE',  ( 8.749999999999998200, 12.70000000000000600, 0.0000000000000000000 ) ) ;
#1562 = DIRECTION ( 'NONE',  ( 0.0000000000000000000, -0.0000000000000000000, -1.000000000000000000 ) ) ;
#1563 = DIRECTION ( 'NONE',  ( 0.0000000000000000000, 0.0000000000000000000, 1.000000000000000000 ) ) ;
#1564 = PLANE ( 'NONE',  #937 ) ;
#1565 = ORIENTED_EDGE ( 'NONE', *, *, #1055, .F. ) ;
#1566 = CARTESIAN_POINT ( 'NONE',  ( 10.50000000000373600, -8.110223427353373700E-015, 65.75000000000021300 ) ) ;
#1567 = AXIS2_PLACEMENT_3D ( 'NONE', #4135, #322, #3440 ) ;
#1568 = ORIENTED_EDGE ( 'NONE', *, *, #3074, .T. ) ;
#1569 = EDGE_CURVE ( 'NONE', #2150, #2674, #2468, .T. ) ;
#1570 = CARTESIAN_POINT ( 'NONE',  ( -2.602085213965210600E-015, 17.49999999999999300, 6.400000000000000400 ) ) ;
#1571 = ORIENTED_EDGE ( 'NONE', *, *, #3978, .F. ) ;
#1572 = DIRECTION ( 'NONE',  ( 0.0000000000000000000, 1.000000000000000000, 2.449293598294706200E-017 ) ) ;
#1573 = AXIS2_PLACEMENT_3D ( 'NONE', #56, #2816, #735 ) ;
#1574 = ORIENTED_EDGE ( 'NONE', *, *, #836, .F. ) ;
#1575 = EDGE_LOOP ( 'NONE', ( #819, #3040, #3582, #4177 ) ) ;
#1576 = DIRECTION ( 'NONE',  ( 1.000000000000000000, 0.0000000000000000000, 0.0000000000000000000 ) ) ;
#1577 = DIRECTION ( 'NONE',  ( -0.0000000000000000000, 2.449293598294706200E-017, -1.000000000000000000 ) ) ;
#1578 = ORIENTED_EDGE ( 'NONE', *, *, #4500, .T. ) ;
#1579 = ORIENTED_EDGE ( 'NONE', *, *, #3665, .T. ) ;
#1580 = ORIENTED_EDGE ( 'NONE', *, *, #4201, .F. ) ;
#1581 = VECTOR ( 'NONE', #161, 1000.000000000000000 ) ;
#1582 = AXIS2_PLACEMENT_3D ( 'NONE', #175, #1253, #1604 ) ;
#1583 = DIRECTION ( 'NONE',  ( 0.0000000000000000000, 2.449293598294706200E-017, -1.000000000000000000 ) ) ;
#1584 = CARTESIAN_POINT ( 'NONE',  ( -3.750000000000000900, 12.70000000000000600, 80.90000000000000600 ) ) ;
#1585 = DIRECTION ( 'NONE',  ( 1.049727191138618000E-016, -0.5150380749100550400, 0.8571673007021117800 ) ) ;
#1586 = VERTEX_POINT ( 'NONE', #3073 ) ;
#1587 = ORIENTED_EDGE ( 'NONE', *, *, #2058, .T. ) ;
#1588 = CYLINDRICAL_SURFACE ( 'NONE', #1477, 1.700000000000000200 ) ;
#1589 = FACE_OUTER_BOUND ( 'NONE', #3677, .T. ) ;
#1590 = DIRECTION ( 'NONE',  ( -0.0000000000000000000, 2.449293598294706500E-017, -1.000000000000000000 ) ) ;
#1591 = DIRECTION ( 'NONE',  ( 0.0000000000000000000, 0.0000000000000000000, -1.000000000000000000 ) ) ;
#1592 = EDGE_LOOP ( 'NONE', ( #1308, #4154, #181, #1255 ) ) ;
#1593 = EDGE_LOOP ( 'NONE', ( #2777, #3688, #1303, #1958 ) ) ;
#1594 =( GEOMETRIC_REPRESENTATION_CONTEXT ( 3 ) GLOBAL_UNCERTAINTY_ASSIGNED_CONTEXT ( ( #4456 ) ) GLOBAL_UNIT_ASSIGNED_CONTEXT ( ( #1163, #1515, #1923 ) ) REPRESENTATION_CONTEXT ( 'NONE', 'WORKASPACE' ) );
#1595 = DIRECTION ( 'NONE',  ( 1.000000000000000000, 0.0000000000000000000, -0.0000000000000000000 ) ) ;
#1596 = LINE ( 'NONE', #4419, #4441 ) ;
#1597 = COLOUR_RGB ( '',0.9098039215686274400, 0.4431372549019607600, 0.03137254901960784300 ) ;
#1598 = DIRECTION ( 'NONE',  ( 0.0000000000000000000, 0.0000000000000000000, -1.000000000000000000 ) ) ;
#1599 = ORIENTED_EDGE ( 'NONE', *, *, #171, .T. ) ;
#1600 = DIRECTION ( 'NONE',  ( 0.0000000000000000000, 0.0000000000000000000, 1.000000000000000000 ) ) ;
#1601 = UNCERTAINTY_MEASURE_WITH_UNIT (LENGTH_MEASURE( 1.000000000000000100E-005 ), #3281, 'distance_accuracy_value', 'NONE');
#1602 = ORIENTED_EDGE ( 'NONE', *, *, #2522, .T. ) ;
#1603 = EDGE_CURVE ( 'NONE', #239, #1149, #1822, .T. ) ;
#1604 = DIRECTION ( 'NONE',  ( -1.000000000000000000, 0.0000000000000000000, -0.0000000000000000000 ) ) ;
#1605 = CARTESIAN_POINT ( 'NONE',  ( 3.750000000000000000, 28.29733300403389900, 6.930847657559374400E-016 ) ) ;
#1606 = CARTESIAN_POINT ( 'NONE',  ( -1.250000000000000400, 12.70000000000000600, 0.0000000000000000000 ) ) ;
#1607 = DIRECTION ( 'NONE',  ( 0.0000000000000000000, 0.0000000000000000000, -1.000000000000000000 ) ) ;
#1608 = VECTOR ( 'NONE', #1384, 1000.000000000000000 ) ;
#1609 = PLANE ( 'NONE',  #1933 ) ;
#1610 = FACE_BOUND ( 'NONE', #1850, .T. ) ;
#1611 = EDGE_CURVE ( 'NONE', #3315, #1137, #3072, .T. ) ;
#1612 = CIRCLE ( 'NONE', #4183, 1.250000000000001100 ) ;
#1613 = DIRECTION ( 'NONE',  ( 0.0000000000000000000, 1.000000000000000000, 0.0000000000000000000 ) ) ;
#1614 = DIRECTION ( 'NONE',  ( 0.0000000000000000000, 0.0000000000000000000, -1.000000000000000000 ) ) ;
#1615 = EDGE_CURVE ( 'NONE', #2062, #471, #939, .T. ) ;
#1616 = FACE_OUTER_BOUND ( 'NONE', #358, .T. ) ;
#1617 = CARTESIAN_POINT ( 'NONE',  ( 24.50000000000000000, 9.199999999999999300, 90.50000000000000000 ) ) ;
#1618 = LINE ( 'NONE', #1181, #1945 ) ;
#1619 = VERTEX_POINT ( 'NONE', #2771 ) ;
#1620 = ORIENTED_EDGE ( 'NONE', *, *, #4343, .T. ) ;
#1621 = ORIENTED_EDGE ( 'NONE', *, *, #3752, .F. ) ;
#1622 = DIRECTION ( 'NONE',  ( -0.0000000000000000000, 0.7071067811865474600, 0.7071067811865474600 ) ) ;
#1623 = ORIENTED_EDGE ( 'NONE', *, *, #1862, .F. ) ;
#1624 = AXIS2_PLACEMENT_3D ( 'NONE', #71, #1828, #2538 ) ;
#1625 = EDGE_CURVE ( 'NONE', #882, #1902, #2413, .T. ) ;
#1626 =( NAMED_UNIT ( * ) SI_UNIT ( $, .STERADIAN. ) SOLID_ANGLE_UNIT ( ) );
#1627 = ORIENTED_EDGE ( 'NONE', *, *, #233, .F. ) ;
#1628 = ORIENTED_EDGE ( 'NONE', *, *, #3239, .T. ) ;
#1629 = ORIENTED_EDGE ( 'NONE', *, *, #1936, .T. ) ;
#1630 = CARTESIAN_POINT ( 'NONE',  ( -1.250000000000000400, 31.80000000000000800, 1.600000000000011200 ) ) ;
#1631 = CARTESIAN_POINT ( 'NONE',  ( -24.50000000000000000, 20.49999999999981500, 20.49999999999963800 ) ) ;
#1632 = ORIENTED_EDGE ( 'NONE', *, *, #336, .T. ) ;
#1633 = ORIENTED_EDGE ( 'NONE', *, *, #836, .T. ) ;
#1634 = PLANE ( 'NONE',  #4006 ) ;
#1635 = ORIENTED_EDGE ( 'NONE', *, *, #2917, .T. ) ;
#1636 = LINE ( 'NONE', #59, #4273 ) ;
#1637 = LINE ( 'NONE', #795, #2854 ) ;
#1638 = DIRECTION ( 'NONE',  ( 0.0000000000000000000, -0.0000000000000000000, -1.000000000000000000 ) ) ;
#1639 = ORIENTED_EDGE ( 'NONE', *, *, #3199, .F. ) ;
#1640 = FACE_OUTER_BOUND ( 'NONE', #341, .T. ) ;
#1641 = VECTOR ( 'NONE', #1926, 1000.000000000000000 ) ;
#1642 = VECTOR ( 'NONE', #1705, 1000.000000000000000 ) ;
#1643 = AXIS2_PLACEMENT_3D ( 'NONE', #1156, #3575, #4252 ) ;
#1644 = CARTESIAN_POINT ( 'NONE',  ( -6.250000000000000000, 12.70000000000000600, 6.400000000000000400 ) ) ;
#1645 = EDGE_LOOP ( 'NONE', ( #1134, #2014, #86 ) ) ;
#1646 = FACE_OUTER_BOUND ( 'NONE', #4417, .T. ) ;
#1647 = CARTESIAN_POINT ( 'NONE',  ( -2.326730946636039600E-015, -19.00000000000001100, 92.09999999999999400 ) ) ;
#1648 = AXIS2_PLACEMENT_3D ( 'NONE', #1228, #1242, #1600 ) ;
#1649 = VERTEX_POINT ( 'NONE', #1420 ) ;
#1650 = VECTOR ( 'NONE', #1312, 1000.000000000000000 ) ;
#1651 = EDGE_CURVE ( 'NONE', #3535, #882, #1335, .T. ) ;
#1652 = LINE ( 'NONE', #729, #3233 ) ;
#1653 = ADVANCED_FACE ( 'NONE', ( #363 ), #3502, .F. ) ;
#1654 = CARTESIAN_POINT ( 'NONE',  ( 3.750000000000000000, 12.70000000000000600, 0.0000000000000000000 ) ) ;
#1655 = EDGE_CURVE ( 'NONE', #3699, #2567, #2267, .T. ) ;
#1656 = CARTESIAN_POINT ( 'NONE',  ( 24.50000000000000000, 30.19999999999999900, 5.815146750668674300E-018 ) ) ;
#1657 = CARTESIAN_POINT ( 'NONE',  ( -11.25000000000000400, 15.47950501114207400, 6.400000000000000400 ) ) ;
#1658 = CARTESIAN_POINT ( 'NONE',  ( 24.50000000000000000, 30.19999999999999900, 5.815146750668674300E-018 ) ) ;
#1659 = CARTESIAN_POINT ( 'NONE',  ( -11.25000000000000200, 12.70000000000000600, 80.90000000000000600 ) ) ;
#1660 = EDGE_CURVE ( 'NONE', #700, #93, #1337, .T. ) ;
#1661 = LINE ( 'NONE', #2369, #3077 ) ;
#1662 = LINE ( 'NONE', #2243, #3114 ) ;
#1663 = LINE ( 'NONE', #2529, #3562 ) ;
#1664 = ADVANCED_FACE ( 'NONE', ( #661 ), #3823, .T. ) ;
#1665 = CARTESIAN_POINT ( 'NONE',  ( 16.25000000000000000, 30.19999999999998500, 80.90000000000000600 ) ) ;
#1666 = CYLINDRICAL_SURFACE ( 'NONE', #1534, 1.700000000000000200 ) ;
#1667 = CARTESIAN_POINT ( 'NONE',  ( -4.917354801711829800, -37.35101795883126400, 85.11225999999999200 ) ) ;
#1668 = FILL_AREA_STYLE ('',( #2355 ) ) ;
#1669 = ORIENTED_EDGE ( 'NONE', *, *, #1672, .F. ) ;
#1670 = LINE ( 'NONE', #2813, #564 ) ;
#1671 = DIRECTION ( 'NONE',  ( 0.0000000000000000000, -1.925545281678369200E-019, 1.000000000000000000 ) ) ;
#1672 = EDGE_CURVE ( 'NONE', #4113, #581, #1056, .T. ) ;
#1673 = ORIENTED_EDGE ( 'NONE', *, *, #950, .F. ) ;
#1674 = ORIENTED_EDGE ( 'NONE', *, *, #4443, .T. ) ;
#1675 = DIRECTION ( 'NONE',  ( 0.0000000000000000000, 2.449293598294706200E-017, -1.000000000000000000 ) ) ;
#1676 = DIRECTION ( 'NONE',  ( -0.0000000000000000000, -0.0000000000000000000, 1.000000000000000000 ) ) ;
#1677 = VERTEX_POINT ( 'NONE', #2913 ) ;
#1678 = ORIENTED_EDGE ( 'NONE', *, *, #1978, .F. ) ;
#1679 = CARTESIAN_POINT ( 'NONE',  ( 24.50000000000000000, -41.60000000000000900, 92.09999999999999400 ) ) ;
#1680 = CARTESIAN_POINT ( 'NONE',  ( -18.75000000000000000, 30.19999999999998500, 80.90000000000000600 ) ) ;
#1681 = CARTESIAN_POINT ( 'NONE',  ( -18.35181795883124800, -23.91655480171189300, 85.11225999999999200 ) ) ;
#1682 = PLANE ( 'NONE',  #3809 ) ;
#1683 = ORIENTED_EDGE ( 'NONE', *, *, #1346, .F. ) ;
#1684 = ORIENTED_EDGE ( 'NONE', *, *, #203, .F. ) ;
#1685 = ORIENTED_EDGE ( 'NONE', *, *, #2091, .F. ) ;
#1686 = VECTOR ( 'NONE', #240, 1000.000000000000000 ) ;
#1687 = DIRECTION ( 'NONE',  ( -0.0000000000000000000, -0.0000000000000000000, 1.000000000000000000 ) ) ;
#1688 = EDGE_CURVE ( 'NONE', #408, #2009, #1652, .T. ) ;
#1689 = DIRECTION ( 'NONE',  ( -0.0000000000000000000, -0.0000000000000000000, 1.000000000000000000 ) ) ;
#1690 = ORIENTED_EDGE ( 'NONE', *, *, #155, .T. ) ;
#1691 = ORIENTED_EDGE ( 'NONE', *, *, #560, .F. ) ;
#1692 = COLOUR_RGB ( '',0.9098039215686274400, 0.4431372549019607600, 0.03137254901960784300 ) ;
#1693 = DIRECTION ( 'NONE',  ( -1.000000000000000000, 0.0000000000000000000, 0.0000000000000000000 ) ) ;
#1694 = CIRCLE ( 'NONE', #2046, 3.249930000000001800 ) ;
#1695 = LINE ( 'NONE', #3579, #1753 ) ;
#1696 = DIRECTION ( 'NONE',  ( 0.0000000000000000000, -1.000000000000000000, 0.0000000000000000000 ) ) ;
#1697 = ORIENTED_EDGE ( 'NONE', *, *, #3608, .T. ) ;
#1698 = EDGE_LOOP ( 'NONE', ( #3676, #1038, #3416, #1321 ) ) ;
#1699 = LINE ( 'NONE', #524, #368 ) ;
#1700 = ADVANCED_FACE ( 'NONE', ( #4181 ), #1151, .F. ) ;
#1701 = FACE_BOUND ( 'NONE', #686, .T. ) ;
#1702 = ORIENTED_EDGE ( 'NONE', *, *, #1949, .T. ) ;
#1703 = AXIS2_PLACEMENT_3D ( 'NONE', #2564, #3237, #1158 ) ;
#1704 = PRESENTATION_LAYER_ASSIGNMENT (  '', '', ( #509 ) ) ;
#1705 = DIRECTION ( 'NONE',  ( 1.049727191138618000E-016, -0.5150380749100550400, 0.8571673007021117800 ) ) ;
#1706 = LINE ( 'NONE', #3027, #2805 ) ;
#1707 = EDGE_CURVE ( 'NONE', #1354, #4318, #1383, .T. ) ;
#1708 = ORIENTED_EDGE ( 'NONE', *, *, #2091, .T. ) ;
#1709 =( GEOMETRIC_REPRESENTATION_CONTEXT ( 3 ) GLOBAL_UNCERTAINTY_ASSIGNED_CONTEXT ( ( #1871 ) ) GLOBAL_UNIT_ASSIGNED_CONTEXT ( ( #1760, #1416, #1059 ) ) REPRESENTATION_CONTEXT ( 'NONE', 'WORKASPACE' ) );
#1710 = SURFACE_STYLE_USAGE ( .BOTH. , #3766 ) ;
#1711 = CARTESIAN_POINT ( 'NONE',  ( -2.602085213965210600E-015, 17.49999999999999300, 6.400000000000000400 ) ) ;
#1712 = CARTESIAN_POINT ( 'NONE',  ( 10.91333935486809500, -24.91442513772907200, 80.99634641157506100 ) ) ;
#1713 = AXIS2_PLACEMENT_3D ( 'NONE', #2521, #778, #1510 ) ;
#1714 = EDGE_CURVE ( 'NONE', #351, #30, #313, .T. ) ;
#1715 = LINE ( 'NONE', #1233, #898 ) ;
#1716 = CARTESIAN_POINT ( 'NONE',  ( -4.917354801711829800, -37.35101795883126400, 81.00000000000000000 ) ) ;
#1717 = ADVANCED_FACE ( 'NONE', ( #2755 ), #3801, .F. ) ;
#1718 = VECTOR ( 'NONE', #540, 1000.000000000000000 ) ;
#1719 = FILL_AREA_STYLE_COLOUR ( '', #922 ) ;
#1720 = CARTESIAN_POINT ( 'NONE',  ( -3.750000000000000900, 31.80000000000000800, 1.600000000000011200 ) ) ;
#1721 = LINE ( 'NONE', #2094, #2282 ) ;
#1722 = CARTESIAN_POINT ( 'NONE',  ( -1.250000000000001100, 31.80000000000000100, 1.600000000000004100 ) ) ;
#1723 = ORIENTED_EDGE ( 'NONE', *, *, #1284, .T. ) ;
#1724 =( NAMED_UNIT ( * ) PLANE_ANGLE_UNIT ( ) SI_UNIT ( $, .RADIAN. ) );
#1725 = EDGE_LOOP ( 'NONE', ( #1810, #1691 ) ) ;
#1726 = MECHANICAL_DESIGN_GEOMETRIC_PRESENTATION_REPRESENTATION (  '', ( #550 ), #3951 ) ;
#1727 = ADVANCED_FACE ( 'NONE', ( #3645 ), #3433, .F. ) ;
#1728 = DIRECTION ( 'NONE',  ( 1.000000000000000000, 0.0000000000000000000, 0.0000000000000000000 ) ) ;
#1729 = ORIENTED_EDGE ( 'NONE', *, *, #385, .T. ) ;
#1730 = CARTESIAN_POINT ( 'NONE',  ( -20.05181795883124700, -23.91655480171189300, -0.001000000000001000100 ) ) ;
#1731 = CARTESIAN_POINT ( 'NONE',  ( -16.25000000000000000, 30.19999999999998500, 80.90000000000000600 ) ) ;
#1732 = ORIENTED_EDGE ( 'NONE', *, *, #3349, .F. ) ;
#1733 = ORIENTED_EDGE ( 'NONE', *, *, #2130, .T. ) ;
#1734 = VERTEX_POINT ( 'NONE', #2556 ) ;
#1735 = ORIENTED_EDGE ( 'NONE', *, *, #375, .T. ) ;
#1736 = EDGE_CURVE ( 'NONE', #4100, #3206, #765, .T. ) ;
#1737 = DIRECTION ( 'NONE',  ( 0.0000000000000000000, -1.000000000000000000, 0.0000000000000000000 ) ) ;
#1738 = ADVANCED_FACE ( 'NONE', ( #1546, #1701 ), #3872, .T. ) ;
#1739 = EDGE_CURVE ( 'NONE', #3544, #2852, #3332, .T. ) ;
#1740 = ORIENTED_EDGE ( 'NONE', *, *, #1993, .T. ) ;
#1741 = ORIENTED_EDGE ( 'NONE', *, *, #1148, .F. ) ;
#1742 = AXIS2_PLACEMENT_3D ( 'NONE', #4186, #3505, #1458 ) ;
#1743 = VERTEX_POINT ( 'NONE', #410 ) ;
#1744 = VECTOR ( 'NONE', #1386, 1000.000000000000000 ) ;
#1745 = DIRECTION ( 'NONE',  ( -0.0000000000000000000, -1.000000000000000000, -0.0000000000000000000 ) ) ;
#1746 = LINE ( 'NONE', #234, #3789 ) ;
#1747 = DIRECTION ( 'NONE',  ( 0.0000000000000000000, 0.0000000000000000000, -1.000000000000000000 ) ) ;
#1748 = ORIENTED_EDGE ( 'NONE', *, *, #2058, .F. ) ;
#1749 = LINE ( 'NONE', #1298, #3803 ) ;
#1750 = CYLINDRICAL_SURFACE ( 'NONE', #2651, 3.249930000000001800 ) ;
#1751 = LINE ( 'NONE', #3808, #147 ) ;
#1752 = CARTESIAN_POINT ( 'NONE',  ( 21.25000000000000000, 30.19999999999999900, 0.0000000000000000000 ) ) ;
#1753 = VECTOR ( 'NONE', #105, 1000.000000000000000 ) ;
#1754 = VECTOR ( 'NONE', #1848, 1000.000000000000000 ) ;
#1755 = DIRECTION ( 'NONE',  ( -0.0000000000000000000, -1.000000000000000000, -0.0000000000000000000 ) ) ;
#1756 =( NAMED_UNIT ( * ) PLANE_ANGLE_UNIT ( ) SI_UNIT ( $, .RADIAN. ) );
#1757 = EDGE_CURVE ( 'NONE', #238, #30, #2310, .T. ) ;
#1758 = ORIENTED_EDGE ( 'NONE', *, *, #1997, .F. ) ;
#1759 =( LENGTH_UNIT ( ) NAMED_UNIT ( * ) SI_UNIT ( .MILLI., .METRE. ) );
#1760 =( LENGTH_UNIT ( ) NAMED_UNIT ( * ) SI_UNIT ( .MILLI., .METRE. ) );
#1761 = ORIENTED_EDGE ( 'NONE', *, *, #1883, .F. ) ;
#1762 = EDGE_CURVE ( 'NONE', #1924, #3468, #101, .T. ) ;
#1763 = SURFACE_STYLE_FILL_AREA ( #813 ) ;
#1764 = AXIS2_PLACEMENT_3D ( 'NONE', #3668, #4000, #1222 ) ;
#1765 = DIRECTION ( 'NONE',  ( 1.000000000000000000, 0.0000000000000000000, -0.0000000000000000000 ) ) ;
#1766 = EDGE_CURVE ( 'NONE', #2247, #2239, #3590, .T. ) ;
#1767 = ADVANCED_FACE ( 'NONE', ( #2909 ), #3950, .F. ) ;
#1768 = DIRECTION ( 'NONE',  ( 1.000000000000000000, 0.0000000000000000000, -0.0000000000000000000 ) ) ;
#1769 = AXIS2_PLACEMENT_3D ( 'NONE', #2443, #3411, #1396 ) ;
#1770 = DIRECTION ( 'NONE',  ( -0.0000000000000000000, 1.000000000000000000, 0.0000000000000000000 ) ) ;
#1771 = LINE ( 'NONE', #3754, #496 ) ;
#1772 = CARTESIAN_POINT ( 'NONE',  ( 4.917354801711685000, -37.35101795883130600, 81.00000000000000000 ) ) ;
#1773 = LINE ( 'NONE', #1886, #4354 ) ;
#1774 = LINE ( 'NONE', #2523, #3822 ) ;
#1775 = CARTESIAN_POINT ( 'NONE',  ( 8.749999999999998200, 12.70000000000000600, 0.0000000000000000000 ) ) ;
#1776 = EDGE_CURVE ( 'NONE', #93, #1434, #2577, .T. ) ;
#1777 = CARTESIAN_POINT ( 'NONE',  ( -10.00000000000056700, 6.662500000000102700, 1.080750800247563700E-016 ) ) ;
#1778 = FACE_OUTER_BOUND ( 'NONE', #2788, .T. ) ;
#1779 = DIRECTION ( 'NONE',  ( 0.0000000000000000000, 0.0000000000000000000, -1.000000000000000000 ) ) ;
#1780 = CARTESIAN_POINT ( 'NONE',  ( 10.50000000000373600, 5.537200000000000300, 3.000000000000211400 ) ) ;
#1781 = VECTOR ( 'NONE', #1195, 1000.000000000000000 ) ;
#1782 = ORIENTED_EDGE ( 'NONE', *, *, #2569, .F. ) ;
#1783 = CARTESIAN_POINT ( 'NONE',  ( -2.326730946636039600E-015, -19.00000000000001100, 81.00000000000000000 ) ) ;
#1784 = DIRECTION ( 'NONE',  ( 0.0000000000000000000, 1.000000000000000000, 0.0000000000000000000 ) ) ;
#1785 = ADVANCED_FACE ( 'NONE', ( #4386 ), #1750, .F. ) ;
#1786 = VERTEX_POINT ( 'NONE', #1538 ) ;
#1787 = STYLED_ITEM ( 'NONE', ( #589 ), #2053 ) ;
#1788 = ORIENTED_EDGE ( 'NONE', *, *, #3167, .F. ) ;
#1789 = FACE_OUTER_BOUND ( 'NONE', #4117, .T. ) ;
#1790 = EDGE_CURVE ( 'NONE', #3781, #4100, #4384, .T. ) ;
#1791 = CARTESIAN_POINT ( 'NONE',  ( -18.35181795883132200, -14.08184519828838400, -0.001000000000001000100 ) ) ;
#1792 = DIRECTION ( 'NONE',  ( 1.000000000000000000, 0.0000000000000000000, 0.0000000000000000000 ) ) ;
#1793 = VERTEX_POINT ( 'NONE', #2285 ) ;
#1794 = ORIENTED_EDGE ( 'NONE', *, *, #2224, .T. ) ;
#1795 = ORIENTED_EDGE ( 'NONE', *, *, #3972, .F. ) ;
#1796 = ORIENTED_EDGE ( 'NONE', *, *, #250, .F. ) ;
#1797 = ORIENTED_EDGE ( 'NONE', *, *, #4258, .T. ) ;
#1798 = ORIENTED_EDGE ( 'NONE', *, *, #1182, .T. ) ;
#1799 = CARTESIAN_POINT ( 'NONE',  ( -11.25000000000000200, 12.70000000000000600, 6.400000000000000400 ) ) ;
#1800 = LINE ( 'NONE', #3238, #1966 ) ;
#1801 = DIRECTION ( 'NONE',  ( 0.0000000000000000000, 0.0000000000000000000, -1.000000000000000000 ) ) ;
#1802 = VERTEX_POINT ( 'NONE', #2241 ) ;
#1803 = ORIENTED_EDGE ( 'NONE', *, *, #1043, .F. ) ;
#1804 = AXIS2_PLACEMENT_3D ( 'NONE', #2592, #481, #3615 ) ;
#1805 = DIRECTION ( 'NONE',  ( 1.000000000000000000, 0.0000000000000000000, -0.0000000000000000000 ) ) ;
#1806 = VECTOR ( 'NONE', #4169, 1000.000000000000000 ) ;
#1807 = AXIS2_PLACEMENT_3D ( 'NONE', #1113, #2804, #4175 ) ;
#1808 = LINE ( 'NONE', #2817, #2633 ) ;
#1809 = EDGE_CURVE ( 'NONE', #4202, #1092, #2574, .T. ) ;
#1810 = ORIENTED_EDGE ( 'NONE', *, *, #4271, .F. ) ;
#1811 = ORIENTED_EDGE ( 'NONE', *, *, #2824, .T. ) ;
#1812 = DIRECTION ( 'NONE',  ( -0.0000000000000000000, -0.0000000000000000000, 1.000000000000000000 ) ) ;
#1813 = VECTOR ( 'NONE', #143, 1000.000000000000000 ) ;
#1814 = EDGE_LOOP ( 'NONE', ( #584, #3523 ) ) ;
#1815 = ADVANCED_FACE ( 'NONE', ( #3112 ), #1588, .F. ) ;
#1816 = AXIS2_PLACEMENT_3D ( 'NONE', #130, #2976, #883 ) ;
#1817 = CIRCLE ( 'NONE', #3552, 1.249999999999999300 ) ;
#1818 = PLANE ( 'NONE',  #4229 ) ;
#1819 = DIRECTION ( 'NONE',  ( 0.0000000000000000000, 0.0000000000000000000, -1.000000000000000000 ) ) ;
#1820 = CARTESIAN_POINT ( 'NONE',  ( -10.37327817037604300, 12.70000000000000600, 3.110602869834278600E-016 ) ) ;
#1821 = ORIENTED_EDGE ( 'NONE', *, *, #445, .F. ) ;
#1822 = CIRCLE ( 'NONE', #1417, 1.250000000000001100 ) ;
#1823 = DIRECTION ( 'NONE',  ( -0.0000000000000000000, -0.0000000000000000000, 1.000000000000000000 ) ) ;
#1824 = DIRECTION ( 'NONE',  ( -0.0000000000000000000, -1.000000000000000000, -0.0000000000000000000 ) ) ;
#1825 = AXIS2_PLACEMENT_3D ( 'NONE', #880, #3309, #1205 ) ;
#1826 = CARTESIAN_POINT ( 'NONE',  ( -1.250000000000001100, 30.19999999999998500, 80.90000000000000600 ) ) ;
#1827 = DIRECTION ( 'NONE',  ( -0.0000000000000000000, -0.0000000000000000000, 1.000000000000000000 ) ) ;
#1828 = DIRECTION ( 'NONE',  ( -0.0000000000000000000, -0.0000000000000000000, -1.000000000000000000 ) ) ;
#1829 = CARTESIAN_POINT ( 'NONE',  ( -18.35181795883124800, -23.91655480171189300, 92.09999999999999400 ) ) ;
#1830 = CIRCLE ( 'NONE', #3245, 3.249930000000001300 ) ;
#1831 = EDGE_CURVE ( 'NONE', #238, #1314, #820, .T. ) ;
#1832 = CIRCLE ( 'NONE', #3191, 1.250000000000001100 ) ;
#1833 = ADVANCED_FACE ( 'NONE', ( #2474 ), #4265, .T. ) ;
#1834 = EDGE_CURVE ( 'NONE', #798, #3068, #2857, .T. ) ;
#1835 = VECTOR ( 'NONE', #1499, 1000.000000000000000 ) ;
#1836 = ORIENTED_EDGE ( 'NONE', *, *, #1117, .F. ) ;
#1837 = EDGE_LOOP ( 'NONE', ( #2133, #1482, #567, #2796, #987, #1639 ) ) ;
#1838 = DIRECTION ( 'NONE',  ( -1.000000000000000000, 0.0000000000000000000, 0.0000000000000000000 ) ) ;
#1839 = CARTESIAN_POINT ( 'NONE',  ( -18.35181795883124800, -23.91655480171189300, -0.001000000000001000100 ) ) ;
#1840 = ORIENTED_EDGE ( 'NONE', *, *, #4340, .F. ) ;
#1841 = EDGE_CURVE ( 'NONE', #4108, #156, #1208, .T. ) ;
#1842 = EDGE_LOOP ( 'NONE', ( #2042, #694, #1599, #4226 ) ) ;
#1843 = AXIS2_PLACEMENT_3D ( 'NONE', #454, #1855, #1177 ) ;
#1844 = ORIENTED_EDGE ( 'NONE', *, *, #2381, .T. ) ;
#1845 = ORIENTED_EDGE ( 'NONE', *, *, #549, .T. ) ;
#1846 = EDGE_CURVE ( 'NONE', #471, #1183, #3482, .T. ) ;
#1847 = VERTEX_POINT ( 'NONE', #3596 ) ;
#1848 = DIRECTION ( 'NONE',  ( 1.000000000000000000, 0.0000000000000000000, 0.0000000000000000000 ) ) ;
#1849 =( LENGTH_UNIT ( ) NAMED_UNIT ( * ) SI_UNIT ( .MILLI., .METRE. ) );
#1850 = EDGE_LOOP ( 'NONE', ( #3883, #1355 ) ) ;
#1851 = ORIENTED_EDGE ( 'NONE', *, *, #2481, .T. ) ;
#1852 = AXIS2_PLACEMENT_3D ( 'NONE', #330, #3785, #2767 ) ;
#1853 = VECTOR ( 'NONE', #1112, 1000.000000000000000 ) ;
#1854 = VECTOR ( 'NONE', #3778, 1000.000000000000000 ) ;
#1855 = DIRECTION ( 'NONE',  ( 0.0000000000000000000, -0.7071067811865475700, 0.7071067811865475700 ) ) ;
#1856 = CARTESIAN_POINT ( 'NONE',  ( -3.750000000000000900, 31.80000000000000800, 79.29999999999995500 ) ) ;
#1857 = ORIENTED_EDGE ( 'NONE', *, *, #4258, .F. ) ;
#1858 = ORIENTED_EDGE ( 'NONE', *, *, #1981, .F. ) ;
#1859 = LINE ( 'NONE', #793, #154 ) ;
#1860 = AXIS2_PLACEMENT_3D ( 'NONE', #3791, #2109, #2455 ) ;
#1861 = ORIENTED_EDGE ( 'NONE', *, *, #2811, .F. ) ;
#1862 = EDGE_CURVE ( 'NONE', #3839, #1178, #1323, .T. ) ;
#1863 = VECTOR ( 'NONE', #4244, 1000.000000000000000 ) ;
#1864 = DIRECTION ( 'NONE',  ( -0.0000000000000000000, -0.7071067811865474600, -0.7071067811865474600 ) ) ;
#1865 = ORIENTED_EDGE ( 'NONE', *, *, #242, .F. ) ;
#1866 = CARTESIAN_POINT ( 'NONE',  ( -16.25000000000000000, 12.70000000000000600, 80.90000000000000600 ) ) ;
#1867 = CYLINDRICAL_SURFACE ( 'NONE', #2921, 0.7999999999999986000 ) ;
#1868 = CARTESIAN_POINT ( 'NONE',  ( -13.75000000000000000, 12.70000000000000600, 80.90000000000000600 ) ) ;
#1869 = CARTESIAN_POINT ( 'NONE',  ( -18.75000000000000000, 31.80000000000000800, 79.29999999999995500 ) ) ;
#1870 = CARTESIAN_POINT ( 'NONE',  ( -19.49999999999634400, 5.537199999999992400, 67.00000000000021300 ) ) ;
#1871 = UNCERTAINTY_MEASURE_WITH_UNIT (LENGTH_MEASURE( 1.000000000000000100E-005 ), #1760, 'distance_accuracy_value', 'NONE');
#1872 = VECTOR ( 'NONE', #3008, 1000.000000000000100 ) ;
#1873 = PRESENTATION_STYLE_ASSIGNMENT (( #3561 ) ) ;
#1874 = DIRECTION ( 'NONE',  ( -0.0000000000000000000, 1.000000000000000000, 1.224646799147353500E-016 ) ) ;
#1875 = AXIS2_PLACEMENT_3D ( 'NONE', #98, #2557, #2202 ) ;
#1876 = DIRECTION ( 'NONE',  ( -0.0000000000000000000, 2.449293598294706500E-017, -1.000000000000000000 ) ) ;
#1877 = FACE_OUTER_BOUND ( 'NONE', #2554, .T. ) ;
#1878 = EDGE_CURVE ( 'NONE', #1279, #2852, #1539, .T. ) ;
#1879 = DIRECTION ( 'NONE',  ( 0.0000000000000000000, 0.0000000000000000000, -1.000000000000000000 ) ) ;
#1880 = CARTESIAN_POINT ( 'NONE',  ( 24.50000000000000000, 31.80000000000000100, 1.600000000000004100 ) ) ;
#1881 = CARTESIAN_POINT ( 'NONE',  ( -4.201509354613286000, -40.82942982594751400, 81.82942982594748600 ) ) ;
#1882 = VECTOR ( 'NONE', #428, 1000.000000000000000 ) ;
#1883 = EDGE_CURVE ( 'NONE', #526, #2747, #4328, .T. ) ;
#1884 = DIRECTION ( 'NONE',  ( 0.0000000000000000000, -0.5150380749100550400, -0.8571673007021117800 ) ) ;
#1885 = ORIENTED_EDGE ( 'NONE', *, *, #460, .T. ) ;
#1886 = CARTESIAN_POINT ( 'NONE',  ( 24.50000000000000000, 31.80000000000000100, 80.90000000000000600 ) ) ;
#1887 = ORIENTED_EDGE ( 'NONE', *, *, #4168, .F. ) ;
#1888 = EDGE_CURVE ( 'NONE', #1442, #1901, #3740, .T. ) ;
#1889 = CARTESIAN_POINT ( 'NONE',  ( -18.35181795883132200, -23.91655480171161900, 85.11225999999999200 ) ) ;
#1890 = DIRECTION ( 'NONE',  ( -1.000000000000000000, 0.0000000000000000000, 0.0000000000000000000 ) ) ;
#1891 = CARTESIAN_POINT ( 'NONE',  ( -13.75000000000000000, 30.19999999999999900, 0.0000000000000000000 ) ) ;
#1892 = ORIENTED_EDGE ( 'NONE', *, *, #1993, .F. ) ;
#1893 = ORIENTED_EDGE ( 'NONE', *, *, #3595, .F. ) ;
#1894 = FACE_OUTER_BOUND ( 'NONE', #1645, .T. ) ;
#1895 = VERTEX_POINT ( 'NONE', #3301 ) ;
#1896 = VERTEX_POINT ( 'NONE', #3609 ) ;
#1897 = DIRECTION ( 'NONE',  ( 1.000000000000000000, 0.0000000000000000000, 0.0000000000000000000 ) ) ;
#1898 = CARTESIAN_POINT ( 'NONE',  ( 13.74999999999999800, 12.70000000000000600, 0.0000000000000000000 ) ) ;
#1899 = ORIENTED_EDGE ( 'NONE', *, *, #4196, .F. ) ;
#1900 = PLANE ( 'NONE',  #1582 ) ;
#1901 = VERTEX_POINT ( 'NONE', #4288 ) ;
#1902 = VERTEX_POINT ( 'NONE', #837 ) ;
#1903 = ORIENTED_EDGE ( 'NONE', *, *, #4285, .T. ) ;
#1904 = AXIS2_PLACEMENT_3D ( 'NONE', #498, #3241, #1213 ) ;
#1905 = CARTESIAN_POINT ( 'NONE',  ( -19.49999999999634400, 5.537199999999992400, 68.25000000000021300 ) ) ;
#1906 = EDGE_CURVE ( 'NONE', #3271, #4333, #472, .T. ) ;
#1907 = ORIENTED_EDGE ( 'NONE', *, *, #307, .T. ) ;
#1908 = ORIENTED_EDGE ( 'NONE', *, *, #803, .T. ) ;
#1909 = VECTOR ( 'NONE', #3623, 1000.000000000000000 ) ;
#1910 = VECTOR ( 'NONE', #4493, 1000.000000000000000 ) ;
#1911 = VECTOR ( 'NONE', #2325, 1000.000000000000000 ) ;
#1912 = LINE ( 'NONE', #3813, #3325 ) ;
#1913 = ORIENTED_EDGE ( 'NONE', *, *, #186, .T. ) ;
#1914 = VECTOR ( 'NONE', #2000, 1000.000000000000000 ) ;
#1915 = CARTESIAN_POINT ( 'NONE',  ( 24.50000000000000000, -23.79999999999999400, -4.582797770394518000E-018 ) ) ;
#1916 = LINE ( 'NONE', #3329, #2958 ) ;
#1917 = CARTESIAN_POINT ( 'NONE',  ( 10.62073443788140600, -25.39999999999999900, 92.09999999999999400 ) ) ;
#1918 = DIRECTION ( 'NONE',  ( 0.0000000000000000000, -0.7071067811865475700, 0.7071067811865475700 ) ) ;
#1919 = ORIENTED_EDGE ( 'NONE', *, *, #727, .T. ) ;
#1920 = DIRECTION ( 'NONE',  ( -0.0000000000000000000, -1.000000000000000000, -0.0000000000000000000 ) ) ;
#1921 = VECTOR ( 'NONE', #2998, 1000.000000000000000 ) ;
#1922 = CARTESIAN_POINT ( 'NONE',  ( -8.167284801711829800, -37.35101795883126400, 85.11225999999999200 ) ) ;
#1923 =( NAMED_UNIT ( * ) SI_UNIT ( $, .STERADIAN. ) SOLID_ANGLE_UNIT ( ) );
#1924 = VERTEX_POINT ( 'NONE', #1240 ) ;
#1925 = CARTESIAN_POINT ( 'NONE',  ( 8.749999999999998200, 24.85407370101767600, 6.087492360744741300E-016 ) ) ;
#1926 = DIRECTION ( 'NONE',  ( -0.0000000000000000000, -0.0000000000000000000, 1.000000000000000000 ) ) ;
#1927 = DIRECTION ( 'NONE',  ( 1.000000000000000000, 0.0000000000000000000, 0.0000000000000000000 ) ) ;
#1928 = LINE ( 'NONE', #3663, #3075 ) ;
#1929 = DIRECTION ( 'NONE',  ( 0.0000000000000000000, 1.000000000000000000, 0.0000000000000000000 ) ) ;
#1930 = DIRECTION ( 'NONE',  ( 0.0000000000000000000, -0.7071067811865444600, 0.7071067811865505700 ) ) ;
#1931 = CARTESIAN_POINT ( 'NONE',  ( 8.749999999999998200, 12.70000000000000600, 6.400000000000000400 ) ) ;
#1932 = PLANE ( 'NONE',  #3866 ) ;
#1933 = AXIS2_PLACEMENT_3D ( 'NONE', #4356, #583, #2317 ) ;
#1934 = FACE_OUTER_BOUND ( 'NONE', #579, .T. ) ;
#1935 = DIRECTION ( 'NONE',  ( -0.0000000000000000000, -1.000000000000000000, -0.0000000000000000000 ) ) ;
#1936 = EDGE_CURVE ( 'NONE', #3246, #1296, #3267, .T. ) ;
#1937 = DIRECTION ( 'NONE',  ( 0.0000000000000000000, -1.000000000000000000, 0.0000000000000000000 ) ) ;
#1938 = CARTESIAN_POINT ( 'NONE',  ( 10.50000000000373600, 5.537200000000000300, 3.000000000000211400 ) ) ;
#1939 = LINE ( 'NONE', #2153, #2056 ) ;
#1940 = AXIS2_PLACEMENT_3D ( 'NONE', #2786, #678, #2806 ) ;
#1941 = PLANE ( 'NONE',  #1010 ) ;
#1942 = CARTESIAN_POINT ( 'NONE',  ( -24.50000000000000000, 30.19999999999998500, 80.90000000000000600 ) ) ;
#1943 = DIRECTION ( 'NONE',  ( -0.0000000000000000000, 2.449293598294706200E-017, -1.000000000000000000 ) ) ;
#1944 = CARTESIAN_POINT ( 'NONE',  ( 8.750000000000000000, 30.19999999999998500, 80.90000000000000600 ) ) ;
#1945 = VECTOR ( 'NONE', #815, 1000.000000000000000 ) ;
#1946 = VECTOR ( 'NONE', #4090, 1000.000000000000000 ) ;
#1947 = AXIS2_PLACEMENT_3D ( 'NONE', #1075, #3516, #2142 ) ;
#1948 = ORIENTED_EDGE ( 'NONE', *, *, #4105, .F. ) ;
#1949 = EDGE_CURVE ( 'NONE', #2427, #582, #528, .T. ) ;
#1950 = ORIENTED_EDGE ( 'NONE', *, *, #3742, .T. ) ;
#1951 = EDGE_CURVE ( 'NONE', #1543, #1786, #4222, .T. ) ;
#1952 = CARTESIAN_POINT ( 'NONE',  ( -19.49999999999634800, 5.537200000000000300, 3.000000000000210900 ) ) ;
#1953 = EDGE_LOOP ( 'NONE', ( #4221, #571, #4158, #4251 ) ) ;
#1954 = EDGE_LOOP ( 'NONE', ( #3162, #754 ) ) ;
#1955 = LINE ( 'NONE', #2628, #2560 ) ;
#1956 = DIRECTION ( 'NONE',  ( 0.0000000000000000000, -0.0000000000000000000, -1.000000000000000000 ) ) ;
#1957 = ORIENTED_EDGE ( 'NONE', *, *, #3963, .F. ) ;
#1958 = ORIENTED_EDGE ( 'NONE', *, *, #3501, .T. ) ;
#1959 = ORIENTED_EDGE ( 'NONE', *, *, #1141, .T. ) ;
#1960 = CARTESIAN_POINT ( 'NONE',  ( 24.50000000000000000, -40.00000000000000000, 92.09999999999999400 ) ) ;
#1961 = CARTESIAN_POINT ( 'NONE',  ( 3.750000000000000000, 31.80000000000000100, 1.600000000000004100 ) ) ;
#1962 = CARTESIAN_POINT ( 'NONE',  ( 16.25000000000000000, 12.70000000000000600, 0.0000000000000000000 ) ) ;
#1963 = VERTEX_POINT ( 'NONE', #2006 ) ;
#1964 = EDGE_LOOP ( 'NONE', ( #2946, #4212, #77, #1143 ) ) ;
#1965 = LINE ( 'NONE', #164, #4274 ) ;
#1966 = VECTOR ( 'NONE', #1503, 1000.000000000000000 ) ;
#1967 = LINE ( 'NONE', #2054, #1036 ) ;
#1968 = EDGE_CURVE ( 'NONE', #2458, #456, #708, .T. ) ;
#1969 = CARTESIAN_POINT ( 'NONE',  ( 10.50000000000373600, -8.110223427353373700E-015, 67.00000000000021300 ) ) ;
#1970 = DIRECTION ( 'NONE',  ( 0.0000000000000000000, -2.449293598294706500E-017, 1.000000000000000000 ) ) ;
#1971 = ORIENTED_EDGE ( 'NONE', *, *, #4260, .T. ) ;
#1972 = ORIENTED_EDGE ( 'NONE', *, *, #2161, .F. ) ;
#1973 = AXIS2_PLACEMENT_3D ( 'NONE', #1345, #3750, #668 ) ;
#1974 = FACE_OUTER_BOUND ( 'NONE', #3473, .T. ) ;
#1975 = SURFACE_STYLE_FILL_AREA ( #3643 ) ;
#1976 = VECTOR ( 'NONE', #1864, 1000.000000000000100 ) ;
#1977 = CARTESIAN_POINT ( 'NONE',  ( 8.749999999999998200, 12.70000000000000600, 80.90000000000000600 ) ) ;
#1978 = EDGE_CURVE ( 'NONE', #3315, #2951, #3170, .T. ) ;
#1979 = ORIENTED_EDGE ( 'NONE', *, *, #596, .T. ) ;
#1980 = LINE ( 'NONE', #1111, #885 ) ;
#1981 = EDGE_CURVE ( 'NONE', #1963, #1847, #1484, .T. ) ;
#1982 = VERTEX_POINT ( 'NONE', #890 ) ;
#1983 = CARTESIAN_POINT ( 'NONE',  ( -4.917354801711829800, -37.35101795883126400, 85.11225999999999200 ) ) ;
#1984 = PRODUCT_RELATED_PRODUCT_CATEGORY ( 'part', '', ( #3415 ) ) ;
#1985 = EDGE_CURVE ( 'NONE', #2087, #936, #3215, .T. ) ;
#1986 = DIRECTION ( 'NONE',  ( 0.0000000000000000000, 1.000000000000000000, 0.0000000000000000000 ) ) ;
#1987 = CIRCLE ( 'NONE', #2583, 1.700000000000000200 ) ;
#1988 = CARTESIAN_POINT ( 'NONE',  ( 6.800155680845112000, -40.00000000000002800, 81.00000000000000000 ) ) ;
#1989 = LINE ( 'NONE', #1084, #3389 ) ;
#1990 = CARTESIAN_POINT ( 'NONE',  ( 21.25000000000000000, 12.70000000000000600, 0.0000000000000000000 ) ) ;
#1991 = FILL_AREA_STYLE_COLOUR ( '', #312 ) ;
#1992 = CARTESIAN_POINT ( 'NONE',  ( -24.50000000000000000, 30.19999999999998500, 80.90000000000000600 ) ) ;
#1993 = EDGE_CURVE ( 'NONE', #2351, #4009, #1098, .T. ) ;
#1994 = CIRCLE ( 'NONE', #2588, 1.250000000000001100 ) ;
#1995 = COLOUR_RGB ( '',0.9098039215686274400, 0.4431372549019607600, 0.03137254901960784300 ) ;
#1996 = CARTESIAN_POINT ( 'NONE',  ( 10.37327817037603600, 12.70000000000000600, 3.110602869834278600E-016 ) ) ;
#1997 = EDGE_CURVE ( 'NONE', #587, #2183, #3537, .T. ) ;
#1998 = VECTOR ( 'NONE', #3310, 1000.000000000000000 ) ;
#1999 = MECHANICAL_DESIGN_GEOMETRIC_PRESENTATION_REPRESENTATION (  '', ( #669 ), #3976 ) ;
#2000 = DIRECTION ( 'NONE',  ( -0.0000000000000000000, -0.0000000000000000000, -1.000000000000000000 ) ) ;
#2001 = CARTESIAN_POINT ( 'NONE',  ( 4.917354801711685000, -37.35101795883130600, 85.11225999999999200 ) ) ;
#2002 = ADVANCED_FACE ( 'NONE', ( #2631 ), #1609, .T. ) ;
#2003 = SURFACE_SIDE_STYLE ('',( #2084 ) ) ;
#2004 = EDGE_CURVE ( 'NONE', #1586, #2026, #988, .T. ) ;
#2005 = LINE ( 'NONE', #1382, #733 ) ;
#2006 = CARTESIAN_POINT ( 'NONE',  ( 10.37327817037603600, 12.70000000000000600, 6.400000000000000400 ) ) ;
#2007 = DIRECTION ( 'NONE',  ( -0.0000000000000000000, 0.7071067811865474600, 0.7071067811865474600 ) ) ;
#2008 = ORIENTED_EDGE ( 'NONE', *, *, #4116, .F. ) ;
#2009 = VERTEX_POINT ( 'NONE', #4369 ) ;
#2010 = CARTESIAN_POINT ( 'NONE',  ( 24.50000000000000000, 31.80000000000000100, 80.90000000000000600 ) ) ;
#2011 = ORIENTED_EDGE ( 'NONE', *, *, #2198, .F. ) ;
#2012 = CARTESIAN_POINT ( 'NONE',  ( 9.999999999999609200, 6.662500000000164800, 1.631841859863888200E-016 ) ) ;
#2013 = DIRECTION ( 'NONE',  ( -1.000000000000000000, 0.0000000000000000000, 0.0000000000000000000 ) ) ;
#2014 = ORIENTED_EDGE ( 'NONE', *, *, #3096, .T. ) ;
#2015 = LINE ( 'NONE', #270, #572 ) ;
#2016 = EDGE_CURVE ( 'NONE', #2035, #3794, #3058, .T. ) ;
#2017 = CARTESIAN_POINT ( 'NONE',  ( 16.25000000000000000, 31.80000000000000800, 79.29999999999995500 ) ) ;
#2018 = CARTESIAN_POINT ( 'NONE',  ( -18.35181795883124800, -14.08184519828810400, 85.11225999999999200 ) ) ;
#2019 = EDGE_LOOP ( 'NONE', ( #4106, #1299, #3997, #3884 ) ) ;
#2020 = CARTESIAN_POINT ( 'NONE',  ( -11.25000000000000200, 12.70000000000000600, 6.400000000000000400 ) ) ;
#2021 = EDGE_LOOP ( 'NONE', ( #350, #1315, #1899, #3320 ) ) ;
#2022 = ORIENTED_EDGE ( 'NONE', *, *, #894, .T. ) ;
#2023 = VERTEX_POINT ( 'NONE', #1977 ) ;
#2024 = ORIENTED_EDGE ( 'NONE', *, *, #3366, .T. ) ;
#2025 = CARTESIAN_POINT ( 'NONE',  ( -10.00000000000056700, 7.462500000000100700, 1.827785347727449300E-016 ) ) ;
#2026 = VERTEX_POINT ( 'NONE', #565 ) ;
#2027 = DIRECTION ( 'NONE',  ( 0.0000000000000000000, 1.000000000000000000, 0.0000000000000000000 ) ) ;
#2028 = CARTESIAN_POINT ( 'NONE',  ( 10.50000000000373600, 5.537199999999992400, 65.75000000000021300 ) ) ;
#2029 = ORIENTED_EDGE ( 'NONE', *, *, #641, .F. ) ;
#2030 = ORIENTED_EDGE ( 'NONE', *, *, #1184, .T. ) ;
#2031 = LINE ( 'NONE', #489, #4484 ) ;
#2032 = AXIS2_PLACEMENT_3D ( 'NONE', #2497, #3515, #3863 ) ;
#2033 = CARTESIAN_POINT ( 'NONE',  ( 9.999999999999609200, 7.462500000000163800, 1.276694288111155100E-016 ) ) ;
#2034 = EDGE_CURVE ( 'NONE', #2567, #3699, #4114, .T. ) ;
#2035 = VERTEX_POINT ( 'NONE', #2663 ) ;
#2036 = ORIENTED_EDGE ( 'NONE', *, *, #1906, .F. ) ;
#2037 = DIRECTION ( 'NONE',  ( 0.0000000000000000000, 1.000000000000000000, 2.449293598294706500E-017 ) ) ;
#2038 = LINE ( 'NONE', #1960, #420 ) ;
#2039 = SURFACE_SIDE_STYLE ('',( #3818 ) ) ;
#2040 = DIRECTION ( 'NONE',  ( 0.0000000000000000000, 0.0000000000000000000, -1.000000000000000000 ) ) ;
#2041 = AXIS2_PLACEMENT_3D ( 'NONE', #1147, #1552, #3946 ) ;
#2042 = ORIENTED_EDGE ( 'NONE', *, *, #3140, .F. ) ;
#2043 = LINE ( 'NONE', #2918, #3753 ) ;
#2044 = CARTESIAN_POINT ( 'NONE',  ( 9.999999999999609200, 7.462500000000163800, 1.827785347727464600E-016 ) ) ;
#2045 = ADVANCED_FACE ( 'NONE', ( #2742 ), #1634, .T. ) ;
#2046 = AXIS2_PLACEMENT_3D ( 'NONE', #1005, #1747, #4124 ) ;
#2047 = CARTESIAN_POINT ( 'NONE',  ( -21.25000000000000000, 31.80000000000000800, 1.600000000000011200 ) ) ;
#2048 = PRODUCT_DEFINITION ( 'UNKNOWN', '', #2136, #4323 ) ;
#2049 = DIRECTION ( 'NONE',  ( -0.0000000000000000000, 2.449293598294706200E-017, -1.000000000000000000 ) ) ;
#2050 = DIRECTION ( 'NONE',  ( 0.0000000000000000000, -1.000000000000000000, -1.224646799147353200E-016 ) ) ;
#2051 = CIRCLE ( 'NONE', #277, 1.700000000000000200 ) ;
#2052 = LINE ( 'NONE', #1115, #267 ) ;
#2053 = ADVANCED_FACE ( 'NONE', ( #414 ), #3892, .F. ) ;
#2054 = CARTESIAN_POINT ( 'NONE',  ( 1.249999999999999600, 12.70000000000000600, 0.0000000000000000000 ) ) ;
#2055 = DIRECTION ( 'NONE',  ( 0.0000000000000000000, -0.5150380749100550400, -0.8571673007021117800 ) ) ;
#2056 = VECTOR ( 'NONE', #2507, 1000.000000000000000 ) ;
#2057 = CARTESIAN_POINT ( 'NONE',  ( -19.49999999999634400, -8.110223427353373700E-015, 68.25000000000021300 ) ) ;
#2058 = EDGE_CURVE ( 'NONE', #1261, #4235, #933, .T. ) ;
#2059 = VECTOR ( 'NONE', #3189, 1000.000000000000100 ) ;
#2060 = AXIS2_PLACEMENT_3D ( 'NONE', #2010, #1563, #1229 ) ;
#2061 = ADVANCED_FACE ( 'NONE', ( #3945 ), #422, .F. ) ;
#2062 = VERTEX_POINT ( 'NONE', #2131 ) ;
#2063 = ORIENTED_EDGE ( 'NONE', *, *, #2457, .T. ) ;
#2064 = ORIENTED_EDGE ( 'NONE', *, *, #3467, .F. ) ;
#2065 = CARTESIAN_POINT ( 'NONE',  ( -2.602085213965210600E-015, 17.49999999999999300, 4.286263797015734100E-016 ) ) ;
#2066 = LINE ( 'NONE', #2395, #970 ) ;
#2067 = CARTESIAN_POINT ( 'NONE',  ( 12.21148606639238000, -21.22559627310729300, 80.77928366396975000 ) ) ;
#2068 = CARTESIAN_POINT ( 'NONE',  ( -18.35181795883132200, -23.91655480171161900, 85.11225999999999200 ) ) ;
#2069 = ADVANCED_FACE ( 'NONE', ( #4483 ), #2083, .F. ) ;
#2070 = EDGE_LOOP ( 'NONE', ( #3652, #595, #3214, #2892 ) ) ;
#2071 = EDGE_CURVE ( 'NONE', #1847, #4147, #3264, .T. ) ;
#2072 = ORIENTED_EDGE ( 'NONE', *, *, #1888, .T. ) ;
#2073 = CARTESIAN_POINT ( 'NONE',  ( 10.50000000000373600, 5.537199999999992400, 67.00000000000021300 ) ) ;
#2074 = CARTESIAN_POINT ( 'NONE',  ( 24.50000000000000000, 31.80000000000000100, 92.09999999999999400 ) ) ;
#2075 = ORIENTED_EDGE ( 'NONE', *, *, #2229, .F. ) ;
#2076 = ORIENTED_EDGE ( 'NONE', *, *, #652, .T. ) ;
#2077 = UNCERTAINTY_MEASURE_WITH_UNIT (LENGTH_MEASURE( 1.000000000000000100E-005 ), #3700, 'distance_accuracy_value', 'NONE');
#2078 = VERTEX_POINT ( 'NONE', #724 ) ;
#2079 = FACE_OUTER_BOUND ( 'NONE', #2070, .T. ) ;
#2080 = DIRECTION ( 'NONE',  ( 0.0000000000000000000, 0.7071067811865505700, 0.7071067811865444600 ) ) ;
#2081 = VERTEX_POINT ( 'NONE', #2907 ) ;
#2082 = ORIENTED_EDGE ( 'NONE', *, *, #1107, .T. ) ;
#2083 = CYLINDRICAL_SURFACE ( 'NONE', #16, 1.250000000000001100 ) ;
#2084 = SURFACE_STYLE_FILL_AREA ( #249 ) ;
#2085 = LINE ( 'NONE', #2301, #2791 ) ;
#2086 = DIRECTION ( 'NONE',  ( -1.000000000000000000, 0.0000000000000000000, 0.0000000000000000000 ) ) ;
#2087 = VERTEX_POINT ( 'NONE', #3566 ) ;
#2088 = VECTOR ( 'NONE', #1613, 1000.000000000000000 ) ;
#2089 = LINE ( 'NONE', #1138, #3747 ) ;
#2090 = PRESENTATION_STYLE_ASSIGNMENT (( #4427 ) ) ;
#2091 = EDGE_CURVE ( 'NONE', #4430, #102, #1042, .T. ) ;
#2092 = ORIENTED_EDGE ( 'NONE', *, *, #2509, .T. ) ;
#2093 = CARTESIAN_POINT ( 'NONE',  ( 24.50000000000000000, 31.80000000000000100, 92.09999999999999400 ) ) ;
#2094 = CARTESIAN_POINT ( 'NONE',  ( -16.25000000000000000, 31.80000000000000100, 1.600000000000004100 ) ) ;
#2095 = AXIS2_PLACEMENT_3D ( 'NONE', #3350, #568, #4334 ) ;
#2096 = DIRECTION ( 'NONE',  ( 0.0000000000000000000, 0.0000000000000000000, -1.000000000000000000 ) ) ;
#2097 = FACE_OUTER_BOUND ( 'NONE', #4429, .T. ) ;
#2098 = EDGE_CURVE ( 'NONE', #980, #1586, #1636, .T. ) ;
#2099 = ORIENTED_EDGE ( 'NONE', *, *, #1841, .F. ) ;
#2100 = PLANE ( 'NONE',  #1769 ) ;
#2101 = CARTESIAN_POINT ( 'NONE',  ( 10.50000000000373600, 5.537199999999992400, 68.25000000000021300 ) ) ;
#2102 = VECTOR ( 'NONE', #2645, 1000.000000000000000 ) ;
#2103 = DIRECTION ( 'NONE',  ( 0.0000000000000000000, 1.000000000000000000, 2.449293598294705600E-017 ) ) ;
#2104 = DIRECTION ( 'NONE',  ( 0.0000000000000000000, 0.0000000000000000000, -1.000000000000000000 ) ) ;
#2105 = SURFACE_STYLE_USAGE ( .BOTH. , #3481 ) ;
#2106 = CIRCLE ( 'NONE', #23, 3.249930000000001300 ) ;
#2107 = EDGE_CURVE ( 'NONE', #936, #1924, #2789, .T. ) ;
#2108 = EDGE_CURVE ( 'NONE', #2669, #144, #2353, .T. ) ;
#2109 = DIRECTION ( 'NONE',  ( 0.0000000000000000000, -1.000000000000000000, 0.0000000000000000000 ) ) ;
#2110 = FACE_BOUND ( 'NONE', #1322, .T. ) ;
#2111 = STYLED_ITEM ( 'NONE', ( #3273 ), #289 ) ;
#2112 = ADVANCED_FACE ( 'NONE', ( #2686 ), #2343, .F. ) ;
#2113 = CARTESIAN_POINT ( 'NONE',  ( -8.750000000000000000, 30.19999999999999900, 0.0000000000000000000 ) ) ;
#2114 = CIRCLE ( 'NONE', #3889, 11.43000000000000000 ) ;
#2115 = CARTESIAN_POINT ( 'NONE',  ( 1.249999999999999600, 31.80000000000000800, 79.29999999999995500 ) ) ;
#2116 = CARTESIAN_POINT ( 'NONE',  ( -8.750000000000000000, 12.70000000000000600, 6.400000000000000400 ) ) ;
#2117 = CARTESIAN_POINT ( 'NONE',  ( 24.50000000000000000, 31.80000000000000100, 1.600000000000004100 ) ) ;
#2118 = DIRECTION ( 'NONE',  ( 1.000000000000000000, -0.0000000000000000000, 0.0000000000000000000 ) ) ;
#2119 = CARTESIAN_POINT ( 'NONE',  ( 24.50000000000000000, -41.60000000000000900, 81.00000000000000000 ) ) ;
#2120 = FACE_OUTER_BOUND ( 'NONE', #3479, .T. ) ;
#2121 = ADVANCED_FACE ( 'NONE', ( #1316, #1201, #246 ), #3806, .F. ) ;
#2122 = PRESENTATION_LAYER_ASSIGNMENT (  '', '', ( #182 ) ) ;
#2123 = FACE_OUTER_BOUND ( 'NONE', #194, .T. ) ;
#2124 = ORIENTED_EDGE ( 'NONE', *, *, #2071, .T. ) ;
#2125 = ORIENTED_EDGE ( 'NONE', *, *, #810, .F. ) ;
#2126 = ORIENTED_EDGE ( 'NONE', *, *, #2999, .F. ) ;
#2127 = CARTESIAN_POINT ( 'NONE',  ( 3.750000000000000000, 12.70000000000000600, 0.0000000000000000000 ) ) ;
#2128 = EDGE_LOOP ( 'NONE', ( #1621, #2295, #1782, #51, #1959, #2750, #2030, #1250 ) ) ;
#2129 = DIRECTION ( 'NONE',  ( -0.0000000000000000000, -1.000000000000000000, -0.0000000000000000000 ) ) ;
#2130 = EDGE_CURVE ( 'NONE', #96, #718, #3798, .T. ) ;
#2131 = CARTESIAN_POINT ( 'NONE',  ( 8.749999999999998200, 31.80000000000000800, 79.29999999999995500 ) ) ;
#2132 = CARTESIAN_POINT ( 'NONE',  ( 8.749999999999998200, 30.19999999999999900, 0.0000000000000000000 ) ) ;
#2133 = ORIENTED_EDGE ( 'NONE', *, *, #453, .F. ) ;
#2134 = ORIENTED_EDGE ( 'NONE', *, *, #907, .T. ) ;
#2135 = EDGE_LOOP ( 'NONE', ( #407, #4431, #3848, #4480 ) ) ;
#2136 = PRODUCT_DEFINITION_FORMATION_WITH_SPECIFIED_SOURCE ( 'ANY', '', #3415, .NOT_KNOWN. ) ;
#2137 = EDGE_CURVE ( 'NONE', #78, #526, #586, .T. ) ;
#2138 = ORIENTED_EDGE ( 'NONE', *, *, #2589, .T. ) ;
#2139 = ORIENTED_EDGE ( 'NONE', *, *, #596, .F. ) ;
#2140 = ORIENTED_EDGE ( 'NONE', *, *, #1350, .F. ) ;
#2141 = CARTESIAN_POINT ( 'NONE',  ( -2.602085213965210600E-015, 17.49999999999999300, 6.400000000000000400 ) ) ;
#2142 = DIRECTION ( 'NONE',  ( 0.0000000000000000000, 1.000000000000000000, 2.449293598294706500E-017 ) ) ;
#2143 = EDGE_CURVE ( 'NONE', #1199, #2062, #4166, .T. ) ;
#2144 = EDGE_LOOP ( 'NONE', ( #1857, #1568, #818, #4491, #1353, #1531, #4370, #145, #3261, #187, #2723, #3460, #2029 ) ) ;
#2145 = ORIENTED_EDGE ( 'NONE', *, *, #4494, .F. ) ;
#2146 = LINE ( 'NONE', #2432, #2858 ) ;
#2147 = ADVANCED_FACE ( 'NONE', ( #3475 ), #824, .F. ) ;
#2148 = VECTOR ( 'NONE', #3847, 1000.000000000000000 ) ;
#2149 = FILL_AREA_STYLE_COLOUR ( '', #2691 ) ;
#2150 = VERTEX_POINT ( 'NONE', #62 ) ;
#2151 = CARTESIAN_POINT ( 'NONE',  ( 24.50000000000000000, 31.80000000000000100, 1.600000000000004100 ) ) ;
#2152 = FACE_OUTER_BOUND ( 'NONE', #655, .T. ) ;
#2153 = CARTESIAN_POINT ( 'NONE',  ( 10.50000000000373600, -8.205133554287294400E-015, 68.25000000000021300 ) ) ;
#2154 = FACE_OUTER_BOUND ( 'NONE', #2991, .T. ) ;
#2155 = VERTEX_POINT ( 'NONE', #2236 ) ;
#2156 = FACE_OUTER_BOUND ( 'NONE', #3368, .T. ) ;
#2157 = VECTOR ( 'NONE', #2840, 1000.000000000000000 ) ;
#2158 = CARTESIAN_POINT ( 'NONE',  ( 12.08446090546795500, -16.16307456468387800, 80.81385535588303500 ) ) ;
#2159 = CARTESIAN_POINT ( 'NONE',  ( 21.25000000000000000, 12.70000000000000600, 0.0000000000000000000 ) ) ;
#2160 = CARTESIAN_POINT ( 'NONE',  ( -11.25000000000000200, 30.19999999999998500, 80.90000000000000600 ) ) ;
#2161 = EDGE_CURVE ( 'NONE', #2459, #1078, #466, .T. ) ;
#2162 = DIRECTION ( 'NONE',  ( -0.0000000000000000000, -0.0000000000000000000, 1.000000000000000000 ) ) ;
#2163 = FACE_OUTER_BOUND ( 'NONE', #4098, .T. ) ;
#2164 = FACE_OUTER_BOUND ( 'NONE', #4213, .T. ) ;
#2165 = CARTESIAN_POINT ( 'NONE',  ( -11.25000000000000400, 19.52049498885790900, 6.400000000000000400 ) ) ;
#2166 = ADVANCED_FACE ( 'NONE', ( #3849 ), #3540, .F. ) ;
#2167 = CIRCLE ( 'NONE', #448, 1.249999999999999300 ) ;
#2168 = CARTESIAN_POINT ( 'NONE',  ( 11.12140400003667800, -13.48613122524467800, 80.97850859359878900 ) ) ;
#2169 = DIRECTION ( 'NONE',  ( 0.0000000000000000000, 1.000000000000000000, 0.0000000000000000000 ) ) ;
#2170 = VECTOR ( 'NONE', #1824, 1000.000000000000000 ) ;
#2171 = DIRECTION ( 'NONE',  ( -0.0000000000000000000, -0.0000000000000000000, -1.000000000000000000 ) ) ;
#2172 = DIRECTION ( 'NONE',  ( 1.000000000000000000, 0.0000000000000000000, -0.0000000000000000000 ) ) ;
#2173 = ORIENTED_EDGE ( 'NONE', *, *, #2143, .T. ) ;
#2174 = CIRCLE ( 'NONE', #1397, 3.249930000000000000 ) ;
#2175 = CARTESIAN_POINT ( 'NONE',  ( 24.50000000000000000, 31.80000000000000100, 1.600000000000004100 ) ) ;
#2176 = DIRECTION ( 'NONE',  ( -0.0000000000000000000, -0.0000000000000000000, 1.000000000000000000 ) ) ;
#2177 = EDGE_LOOP ( 'NONE', ( #1101, #2733, #409, #4152 ) ) ;
#2178 = AXIS2_PLACEMENT_3D ( 'NONE', #2141, #3164, #2489 ) ;
#2179 = ORIENTED_EDGE ( 'NONE', *, *, #2180, .T. ) ;
#2180 = EDGE_CURVE ( 'NONE', #2951, #2630, #647, .T. ) ;
#2181 = DIRECTION ( 'NONE',  ( 0.0000000000000000000, 1.000000000000000000, 2.449293598294706500E-017 ) ) ;
#2182 = DIRECTION ( 'NONE',  ( -1.000000000000000000, -0.0000000000000000000, 0.0000000000000000000 ) ) ;
#2183 = VERTEX_POINT ( 'NONE', #108 ) ;
#2184 = ORIENTED_EDGE ( 'NONE', *, *, #967, .T. ) ;
#2185 = STYLED_ITEM ( 'NONE', ( #1400 ), #4263 ) ;
#2186 = ADVANCED_FACE ( 'NONE', ( #3217 ), #801, .F. ) ;
#2187 = VERTEX_POINT ( 'NONE', #467 ) ;
#2188 = ORIENTED_EDGE ( 'NONE', *, *, #390, .T. ) ;
#2189 = DIRECTION ( 'NONE',  ( -0.0000000000000000000, 2.449293598294706200E-017, -1.000000000000000000 ) ) ;
#2190 = ORIENTED_EDGE ( 'NONE', *, *, #3730, .F. ) ;
#2191 = DIRECTION ( 'NONE',  ( 0.0000000000000000000, 0.0000000000000000000, -1.000000000000000000 ) ) ;
#2192 = VECTOR ( 'NONE', #4338, 1000.000000000000000 ) ;
#2193 = LINE ( 'NONE', #2887, #2625 ) ;
#2194 = ORIENTED_EDGE ( 'NONE', *, *, #460, .F. ) ;
#2195 = ORIENTED_EDGE ( 'NONE', *, *, #3427, .T. ) ;
#2196 = LINE ( 'NONE', #1256, #1154 ) ;
#2197 = LINE ( 'NONE', #562, #3324 ) ;
#2198 = EDGE_CURVE ( 'NONE', #471, #2023, #3426, .T. ) ;
#2199 = VECTOR ( 'NONE', #382, 1000.000000000000000 ) ;
#2200 = VERTEX_POINT ( 'NONE', #1617 ) ;
#2201 = CLOSED_SHELL ( 'NONE', ( #1319, #338, #3118, #344, #2876, #1727, #3539, #1106, #4099, #2069, #1145, #2166, #1440, #1060, #266, #3557, #4224, #3810, #3070, #3419, #1717, #2859, #389, #1815, #3724, #2419, #2147, #1077, #326, #4448, #3483, #697, #3905, #3197, #301, #1339, #4178, #1833, #1352, #318, #4424, #1070, #659, #3770, #2501, #3087, #1427, #2112, #3438, #3043, #1476, #2433, #4151, #1767, #3494, #773, #1124, #3445, #248, #3834, #4079, #3756, #3797, #3459, #710, #2061, #2121, #3875, #1456, #3762, #1376, #5, #289, #4242, #2053, #3410, #2488, #2776, #257, #1356, #630, #54, #1664, #2545, #4466, #2895, #2214, #4414, #2390, #3862, #3184, #1653, #3455, #4110, #726, #1500, #4132, #2828, #2736, #4198, #984, #1700, #3512, #231, #416, #3158, #76, #3746, #2186, #2531, #2002, #1, #2045, #746, #2821, #3820, #2769, #3226, #371, #962, #2709, #4458, #3843, #4172, #3786, #28, #2461, #789, #274, #4145, #1785, #1738, #2370 ) ) ;
#2202 = DIRECTION ( 'NONE',  ( 0.0000000000000000000, -0.0000000000000000000, -1.000000000000000000 ) ) ;
#2203 = VECTOR ( 'NONE', #1897, 1000.000000000000000 ) ;
#2204 = VECTOR ( 'NONE', #4007, 1000.000000000000000 ) ;
#2205 = ORIENTED_EDGE ( 'NONE', *, *, #3254, .T. ) ;
#2206 = VECTOR ( 'NONE', #1065, 1000.000000000000000 ) ;
#2207 = PLANE ( 'NONE',  #1344 ) ;
#2208 = DIRECTION ( 'NONE',  ( -1.000000000000000000, 0.0000000000000000000, 0.0000000000000000000 ) ) ;
#2209 = CARTESIAN_POINT ( 'NONE',  ( 24.50000000000000000, 9.199999999999999300, 80.90000000000000600 ) ) ;
#2210 = DIRECTION ( 'NONE',  ( -1.000000000000000000, 0.0000000000000000000, 0.0000000000000000000 ) ) ;
#2211 = ORIENTED_EDGE ( 'NONE', *, *, #4476, .F. ) ;
#2212 = FACE_OUTER_BOUND ( 'NONE', #4165, .T. ) ;
#2213 = EDGE_CURVE ( 'NONE', #2674, #485, #2410, .T. ) ;
#2214 = ADVANCED_FACE ( 'NONE', ( #2744 ), #1258, .F. ) ;
#2215 = CARTESIAN_POINT ( 'NONE',  ( 12.39023483551138600, -18.43090538455332700, 80.72753723369447700 ) ) ;
#2216 = CIRCLE ( 'NONE', #4156, 3.249930000000001800 ) ;
#2217 = CYLINDRICAL_SURFACE ( 'NONE', #3647, 3.249930000000000000 ) ;
#2218 = CARTESIAN_POINT ( 'NONE',  ( -8.167284801711829800, -37.35101795883126400, 81.00000000000000000 ) ) ;
#2219 = CARTESIAN_POINT ( 'NONE',  ( 24.50000000000000000, 31.80000000000000100, 6.123233995737214700E-018 ) ) ;
#2220 = LINE ( 'NONE', #1658, #64 ) ;
#2221 = CARTESIAN_POINT ( 'NONE',  ( 10.50000000000373600, -3.673940397442319200E-016, 1.750000000000211800 ) ) ;
#2222 = EDGE_CURVE ( 'NONE', #1279, #855, #3954, .T. ) ;
#2223 = CYLINDRICAL_SURFACE ( 'NONE', #2676, 12.40000000000000000 ) ;
#2224 = EDGE_CURVE ( 'NONE', #2200, #3417, #2197, .T. ) ;
#2225 = LINE ( 'NONE', #1898, #2927 ) ;
#2226 = SURFACE_STYLE_FILL_AREA ( #2286 ) ;
#2227 = PRESENTATION_STYLE_ASSIGNMENT (( #80 ) ) ;
#2228 = CARTESIAN_POINT ( 'NONE',  ( 13.74999999999999800, 31.80000000000000800, 0.0000000000000000000 ) ) ;
#2229 = EDGE_CURVE ( 'NONE', #827, #3794, #3485, .T. ) ;
#2230 = ORIENTED_EDGE ( 'NONE', *, *, #220, .F. ) ;
#2231 = VERTEX_POINT ( 'NONE', #4011 ) ;
#2232 = CARTESIAN_POINT ( 'NONE',  ( -24.50000000000000000, 30.19999999999998500, 80.90000000000000600 ) ) ;
#2233 = PLANE ( 'NONE',  #3463 ) ;
#2234 = VERTEX_POINT ( 'NONE', #1630 ) ;
#2235 = ORIENTED_EDGE ( 'NONE', *, *, #620, .T. ) ;
#2236 = CARTESIAN_POINT ( 'NONE',  ( -19.49999999999634800, -2.724839128103117800E-016, 4.250000000000212300 ) ) ;
#2237 = AXIS2_PLACEMENT_3D ( 'NONE', #4233, #2171, #2879 ) ;
#2238 = VERTEX_POINT ( 'NONE', #931 ) ;
#2239 = VERTEX_POINT ( 'NONE', #2339 ) ;
#2240 = ORIENTED_EDGE ( 'NONE', *, *, #110, .F. ) ;
#2241 = CARTESIAN_POINT ( 'NONE',  ( -3.750000000000000900, 12.70000000000000600, 6.400000000000000400 ) ) ;
#2242 = VECTOR ( 'NONE', #525, 1000.000000000000000 ) ;
#2243 = CARTESIAN_POINT ( 'NONE',  ( 21.25000000000000000, 12.70000000000000600, 0.0000000000000000000 ) ) ;
#2244 = CIRCLE ( 'NONE', #4246, 1.249999999999997600 ) ;
#2245 = DIRECTION ( 'NONE',  ( -0.0000000000000000000, 2.449293598294706200E-017, -1.000000000000000000 ) ) ;
#2246 = VERTEX_POINT ( 'NONE', #1288 ) ;
#2247 = VERTEX_POINT ( 'NONE', #3701 ) ;
#2248 = EDGE_LOOP ( 'NONE', ( #2950, #2994 ) ) ;
#2249 = VECTOR ( 'NONE', #2210, 1000.000000000000000 ) ;
#2250 = FACE_OUTER_BOUND ( 'NONE', #1425, .T. ) ;
#2251 = DIRECTION ( 'NONE',  ( 0.0000000000000000000, -0.0000000000000000000, -1.000000000000000000 ) ) ;
#2252 = DIRECTION ( 'NONE',  ( 0.0000000000000000000, 0.0000000000000000000, -1.000000000000000000 ) ) ;
#2253 = VERTEX_POINT ( 'NONE', #4035 ) ;
#2254 = ORIENTED_EDGE ( 'NONE', *, *, #782, .F. ) ;
#2255 = LINE ( 'NONE', #378, #873 ) ;
#2256 = VECTOR ( 'NONE', #2435, 1000.000000000000000 ) ;
#2257 = DIRECTION ( 'NONE',  ( -1.000000000000000000, 0.0000000000000000000, 0.0000000000000000000 ) ) ;
#2258 = CARTESIAN_POINT ( 'NONE',  ( -16.25000000000000000, 30.19999999999998500, 80.90000000000000600 ) ) ;
#2259 = ORIENTED_EDGE ( 'NONE', *, *, #2509, .F. ) ;
#2260 = FILL_AREA_STYLE_COLOUR ( '', #4063 ) ;
#2261 = EDGE_CURVE ( 'NONE', #1526, #4496, #1542, .T. ) ;
#2262 = CARTESIAN_POINT ( 'NONE',  ( -24.50000000000000000, 30.19999999999998500, 80.90000000000000600 ) ) ;
#2263 = FACE_OUTER_BOUND ( 'NONE', #2019, .T. ) ;
#2264 = CARTESIAN_POINT ( 'NONE',  ( -24.50000000000000000, 30.19999999999998500, 80.90000000000000600 ) ) ;
#2265 = ORIENTED_EDGE ( 'NONE', *, *, #803, .F. ) ;
#2266 = LINE ( 'NONE', #3384, #3964 ) ;
#2267 = CIRCLE ( 'NONE', #3712, 3.249930000000001800 ) ;
#2268 = PRESENTATION_LAYER_ASSIGNMENT (  '', '', ( #1787 ) ) ;
#2269 = CARTESIAN_POINT ( 'NONE',  ( 6.249999999999999100, 27.06986938259868600, 6.400000000000000400 ) ) ;
#2270 = EDGE_CURVE ( 'NONE', #3839, #3420, #591, .T. ) ;
#2271 = FACE_OUTER_BOUND ( 'NONE', #3470, .T. ) ;
#2272 = CARTESIAN_POINT ( 'NONE',  ( 24.50000000000000000, -41.60000000000000900, 90.50000000000000000 ) ) ;
#2273 = AXIS2_PLACEMENT_3D ( 'NONE', #1020, #4503, #1784 ) ;
#2274 = DIRECTION ( 'NONE',  ( -0.0000000000000000000, -0.0000000000000000000, 1.000000000000000000 ) ) ;
#2275 = DIRECTION ( 'NONE',  ( -0.0000000000000000000, 2.449293598294706500E-017, -1.000000000000000000 ) ) ;
#2276 = FILL_AREA_STYLE ('',( #3331 ) ) ;
#2277 = AXIS2_PLACEMENT_3D ( 'NONE', #623, #3375, #2040 ) ;
#2278 = PRESENTATION_LAYER_ASSIGNMENT (  '', '', ( #2 ) ) ;
#2279 = EDGE_CURVE ( 'NONE', #4147, #4289, #530, .T. ) ;
#2280 = DIRECTION ( 'NONE',  ( -0.0000000000000000000, -1.000000000000000000, -0.0000000000000000000 ) ) ;
#2281 = PLANE ( 'NONE',  #3658 ) ;
#2282 = VECTOR ( 'NONE', #4475, 1000.000000000000100 ) ;
#2283 = DIRECTION ( 'NONE',  ( -0.0000000000000000000, -1.000000000000000000, -0.0000000000000000000 ) ) ;
#2284 = ORIENTED_EDGE ( 'NONE', *, *, #1762, .F. ) ;
#2285 = CARTESIAN_POINT ( 'NONE',  ( 13.74999999999999800, 30.19999999999998500, 80.90000000000000600 ) ) ;
#2286 = FILL_AREA_STYLE ('',( #4329 ) ) ;
#2287 = ORIENTED_EDGE ( 'NONE', *, *, #3374, .F. ) ;
#2288 = ORIENTED_EDGE ( 'NONE', *, *, #2611, .T. ) ;
#2289 = CARTESIAN_POINT ( 'NONE',  ( 24.50000000000000000, 31.80000000000000100, 1.600000000000004100 ) ) ;
#2290 = ORIENTED_EDGE ( 'NONE', *, *, #3829, .T. ) ;
#2291 = CARTESIAN_POINT ( 'NONE',  ( -24.50000000000000000, -66.04999999999999700, 66.04999999999999700 ) ) ;
#2292 = PLANE ( 'NONE',  #3016 ) ;
#2293 = EDGE_LOOP ( 'NONE', ( #4269, #352, #566, #2076, #4472, #4438 ) ) ;
#2294 = VERTEX_POINT ( 'NONE', #3110 ) ;
#2295 = ORIENTED_EDGE ( 'NONE', *, *, #487, .T. ) ;
#2296 = PLANE ( 'NONE',  #921 ) ;
#2297 = ORIENTED_EDGE ( 'NONE', *, *, #119, .F. ) ;
#2298 = ORIENTED_EDGE ( 'NONE', *, *, #2732, .T. ) ;
#2299 = DIRECTION ( 'NONE',  ( 0.0000000000000000000, 1.000000000000000000, 0.0000000000000000000 ) ) ;
#2300 = VECTOR ( 'NONE', #3674, 1000.000000000000000 ) ;
#2301 = CARTESIAN_POINT ( 'NONE',  ( -15.10188795883132300, -23.91655480171161900, 85.11225999999999200 ) ) ;
#2302 = VECTOR ( 'NONE', #605, 1000.000000000000000 ) ;
#2303 = VECTOR ( 'NONE', #1937, 1000.000000000000000 ) ;
#2304 = VERTEX_POINT ( 'NONE', #3152 ) ;
#2305 = DIRECTION ( 'NONE',  ( 0.0000000000000000000, 0.0000000000000000000, -1.000000000000000000 ) ) ;
#2306 = VECTOR ( 'NONE', #160, 1000.000000000000000 ) ;
#2307 = EDGE_CURVE ( 'NONE', #974, #4415, #1486, .T. ) ;
#2308 = FACE_OUTER_BOUND ( 'NONE', #1698, .T. ) ;
#2309 =( NAMED_UNIT ( * ) SI_UNIT ( $, .STERADIAN. ) SOLID_ANGLE_UNIT ( ) );
#2310 = LINE ( 'NONE', #4228, #1045 ) ;
#2311 = VERTEX_POINT ( 'NONE', #1431 ) ;
#2312 = PLANE ( 'NONE',  #1816 ) ;
#2313 = LINE ( 'NONE', #229, #767 ) ;
#2314 = CARTESIAN_POINT ( 'NONE',  ( 9.999999999999607400, 7.462500000000163800, 5.680068495222049500 ) ) ;
#2315 = ORIENTED_EDGE ( 'NONE', *, *, #3771, .T. ) ;
#2316 = CIRCLE ( 'NONE', #2727, 3.249930000000000000 ) ;
#2317 = DIRECTION ( 'NONE',  ( 0.0000000000000000000, 1.000000000000000000, 2.449293598294706200E-017 ) ) ;
#2318 = FACE_OUTER_BOUND ( 'NONE', #4256, .T. ) ;
#2319 = CARTESIAN_POINT ( 'NONE',  ( 16.90000000000000200, -23.79999999999998600, -2.914659381970698000E-015 ) ) ;
#2320 = CARTESIAN_POINT ( 'NONE',  ( -10.00000000000056700, 8.262500000000098800, 5.199379999999999700 ) ) ;
#2321 = DIRECTION ( 'NONE',  ( -0.0000000000000000000, -1.000000000000000000, -0.0000000000000000000 ) ) ;
#2322 = EDGE_CURVE ( 'NONE', #739, #882, #1808, .T. ) ;
#2323 = CARTESIAN_POINT ( 'NONE',  ( -3.217354801711828700, -37.35101795883126400, 92.09999999999999400 ) ) ;
#2324 =( NAMED_UNIT ( * ) SI_UNIT ( $, .STERADIAN. ) SOLID_ANGLE_UNIT ( ) );
#2325 = DIRECTION ( 'NONE',  ( 0.0000000000000000000, -1.000000000000000000, 0.0000000000000000000 ) ) ;
#2326 = DIRECTION ( 'NONE',  ( 0.0000000000000000000, 1.000000000000000000, 0.0000000000000000000 ) ) ;
#2327 = CONICAL_SURFACE ( 'NONE', #192, 1.250000000000001100, 1.029744258676653400 ) ;
#2328 = DIRECTION ( 'NONE',  ( -0.0000000000000000000, -1.000000000000000000, -0.0000000000000000000 ) ) ;
#2329 = AXIS2_PLACEMENT_3D ( 'NONE', #3137, #4185, #1879 ) ;
#2330 = DIRECTION ( 'NONE',  ( -0.0000000000000000000, 1.000000000000000000, -0.0000000000000000000 ) ) ;
#2331 = DIRECTION ( 'NONE',  ( 0.0000000000000000000, 0.7071067811865475700, -0.7071067811865475700 ) ) ;
#2332 = DIRECTION ( 'NONE',  ( -0.0000000000000000000, 1.000000000000000000, 1.224646799147353200E-016 ) ) ;
#2333 = ORIENTED_EDGE ( 'NONE', *, *, #1117, .T. ) ;
#2334 = EDGE_CURVE ( 'NONE', #290, #2622, #822, .T. ) ;
#2335 = CARTESIAN_POINT ( 'NONE',  ( 24.50000000000000000, 30.19999999999999900, 5.815146750668674300E-018 ) ) ;
#2336 = VERTEX_POINT ( 'NONE', #2504 ) ;
#2337 = LINE ( 'NONE', #3086, #1414 ) ;
#2338 = PLANE ( 'NONE',  #3422 ) ;
#2339 = CARTESIAN_POINT ( 'NONE',  ( 18.75000000000000000, 30.19999999999999900, 0.0000000000000000000 ) ) ;
#2340 = CARTESIAN_POINT ( 'NONE',  ( -10.00000000000056700, 8.262500000000098800, 5.199379999999999700 ) ) ;
#2341 = EDGE_LOOP ( 'NONE', ( #3003, #1571, #2565, #2516 ) ) ;
#2342 = ORIENTED_EDGE ( 'NONE', *, *, #1216, .F. ) ;
#2343 = PLANE ( 'NONE',  #1214 ) ;
#2344 = ORIENTED_EDGE ( 'NONE', *, *, #4502, .F. ) ;
#2345 = ORIENTED_EDGE ( 'NONE', *, *, #3427, .F. ) ;
#2346 = EDGE_LOOP ( 'NONE', ( #1275, #2447, #2667, #1913 ) ) ;
#2347 = VECTOR ( 'NONE', #402, 1000.000000000000000 ) ;
#2348 = AXIS2_PLACEMENT_3D ( 'NONE', #3666, #502, #3306 ) ;
#2349 = CARTESIAN_POINT ( 'NONE',  ( 1.249999999999999600, 30.19999999999998500, 80.90000000000000600 ) ) ;
#2350 = ORIENTED_EDGE ( 'NONE', *, *, #2975, .T. ) ;
#2351 = VERTEX_POINT ( 'NONE', #3175 ) ;
#2352 = ORIENTED_EDGE ( 'NONE', *, *, #2451, .F. ) ;
#2353 = LINE ( 'NONE', #1665, #197 ) ;
#2354 = DIRECTION ( 'NONE',  ( 1.000000000000000000, 0.0000000000000000000, 0.0000000000000000000 ) ) ;
#2355 = FILL_AREA_STYLE_COLOUR ( '', #1995 ) ;
#2356 = ORIENTED_EDGE ( 'NONE', *, *, #2555, .F. ) ;
#2357 = ORIENTED_EDGE ( 'NONE', *, *, #1981, .T. ) ;
#2358 = VECTOR ( 'NONE', #938, 1000.000000000000000 ) ;
#2359 = LINE ( 'NONE', #3506, #2148 ) ;
#2360 = DIRECTION ( 'NONE',  ( 0.0000000000000000000, 0.0000000000000000000, 1.000000000000000000 ) ) ;
#2361 = EDGE_CURVE ( 'NONE', #1786, #3362, #2359, .T. ) ;
#2362 = ORIENTED_EDGE ( 'NONE', *, *, #2137, .T. ) ;
#2363 = DIRECTION ( 'NONE',  ( -1.000000000000000000, 0.0000000000000000000, 0.0000000000000000000 ) ) ;
#2364 = ORIENTED_EDGE ( 'NONE', *, *, #2851, .T. ) ;
#2365 = DIRECTION ( 'NONE',  ( 0.0000000000000000000, 1.000000000000000000, 0.0000000000000000000 ) ) ;
#2366 = EDGE_CURVE ( 'NONE', #1743, #3052, #758, .T. ) ;
#2367 = DIRECTION ( 'NONE',  ( 1.000000000000000000, 0.0000000000000000000, 0.0000000000000000000 ) ) ;
#2368 = LINE ( 'NONE', #3653, #1921 ) ;
#2369 = CARTESIAN_POINT ( 'NONE',  ( 3.217354801711838100, -37.35101795883126400, -0.001000000000001000100 ) ) ;
#2370 = ADVANCED_FACE ( 'NONE', ( #41 ), #867, .F. ) ;
#2371 = FILL_AREA_STYLE_COLOUR ( '', #1597 ) ;
#2372 = AXIS2_PLACEMENT_3D ( 'NONE', #834, #3639, #2634 ) ;
#2373 = PLANE ( 'NONE',  #4241 ) ;
#2374 = EDGE_CURVE ( 'NONE', #3359, #3715, #1695, .T. ) ;
#2375 = CARTESIAN_POINT ( 'NONE',  ( -1.250000000000000400, 12.70000000000000600, 6.400000000000000400 ) ) ;
#2376 = LINE ( 'NONE', #2929, #1227 ) ;
#2377 = DIRECTION ( 'NONE',  ( 0.0000000000000000000, 0.0000000000000000000, -1.000000000000000000 ) ) ;
#2378 = LINE ( 'NONE', #636, #3396 ) ;
#2379 = DIRECTION ( 'NONE',  ( -0.0000000000000000000, -1.000000000000000000, -0.0000000000000000000 ) ) ;
#2380 = DIRECTION ( 'NONE',  ( -0.0000000000000000000, -1.205747928790141300E-017, 1.000000000000000000 ) ) ;
#2381 = EDGE_CURVE ( 'NONE', #852, #2505, #1637, .T. ) ;
#2382 = AXIS2_PLACEMENT_3D ( 'NONE', #116, #3565, #2208 ) ;
#2383 = DIRECTION ( 'NONE',  ( 0.0000000000000000000, 0.0000000000000000000, -1.000000000000000000 ) ) ;
#2384 = SURFACE_STYLE_USAGE ( .BOTH. , #2003 ) ;
#2385 = EDGE_CURVE ( 'NONE', #3932, #2988, #34, .T. ) ;
#2386 = FACE_OUTER_BOUND ( 'NONE', #2293, .T. ) ;
#2387 = CARTESIAN_POINT ( 'NONE',  ( -1.250000000000000400, 30.19999999999998500, 80.90000000000000600 ) ) ;
#2388 = DIRECTION ( 'NONE',  ( 1.000000000000000000, 0.0000000000000000000, 0.0000000000000000000 ) ) ;
#2389 = CARTESIAN_POINT ( 'NONE',  ( -2.602085213965210600E-015, 17.49999999999999300, 6.400000000000000400 ) ) ;
#2390 = ADVANCED_FACE ( 'NONE', ( #2250 ), #2920, .F. ) ;
#2391 = VERTEX_POINT ( 'NONE', #1527 ) ;
#2392 = CARTESIAN_POINT ( 'NONE',  ( -2.326730946636039600E-015, -19.00000000000001100, 92.09999999999999400 ) ) ;
#2393 = DIRECTION ( 'NONE',  ( 0.0000000000000000000, 0.0000000000000000000, 1.000000000000000000 ) ) ;
#2394 = VERTEX_POINT ( 'NONE', #4277 ) ;
#2395 = CARTESIAN_POINT ( 'NONE',  ( 12.39999999999999900, -19.00000000000001100, 92.09999999999999400 ) ) ;
#2396 = ORIENTED_EDGE ( 'NONE', *, *, #2137, .F. ) ;
#2397 = CONICAL_SURFACE ( 'NONE', #573, 0.7999999999999986000, 1.029744258676652100 ) ;
#2398 = CARTESIAN_POINT ( 'NONE',  ( -20.05181795883124700, -23.91655480171189300, 85.11225999999999200 ) ) ;
#2399 = ORIENTED_EDGE ( 'NONE', *, *, #4192, .F. ) ;
#2400 = DIRECTION ( 'NONE',  ( -0.0000000000000000000, -1.000000000000000000, -0.0000000000000000000 ) ) ;
#2401 = ORIENTED_EDGE ( 'NONE', *, *, #2687, .F. ) ;
#2402 = ORIENTED_EDGE ( 'NONE', *, *, #1841, .T. ) ;
#2403 = EDGE_LOOP ( 'NONE', ( #2739, #3899, #2350, #2949 ) ) ;
#2404 = DIRECTION ( 'NONE',  ( 0.0000000000000000000, 1.000000000000000000, 0.0000000000000000000 ) ) ;
#2405 = VERTEX_POINT ( 'NONE', #1869 ) ;
#2406 = DIRECTION ( 'NONE',  ( 0.0000000000000000000, 0.0000000000000000000, -1.000000000000000000 ) ) ;
#2407 = ORIENTED_EDGE ( 'NONE', *, *, #1393, .T. ) ;
#2408 = VECTOR ( 'NONE', #3243, 1000.000000000000000 ) ;
#2409 = VECTOR ( 'NONE', #2762, 1000.000000000000100 ) ;
#2410 = LINE ( 'NONE', #3318, #2303 ) ;
#2411 = AXIS2_PLACEMENT_3D ( 'NONE', #1791, #761, #376 ) ;
#2412 = CARTESIAN_POINT ( 'NONE',  ( 24.50000000000000000, -25.39999999999999900, 1.600000000000004100 ) ) ;
#2413 = CIRCLE ( 'NONE', #2178, 11.43000000000000000 ) ;
#2414 = UNCERTAINTY_MEASURE_WITH_UNIT (LENGTH_MEASURE( 1.000000000000000100E-005 ), #2542, 'distance_accuracy_value', 'NONE');
#2415 = ORIENTED_EDGE ( 'NONE', *, *, #2837, .F. ) ;
#2416 = CONICAL_SURFACE ( 'NONE', #2844, 1.249999999999999300, 1.029744258676653400 ) ;
#2417 = VECTOR ( 'NONE', #1204, 1000.000000000000100 ) ;
#2418 = CARTESIAN_POINT ( 'NONE',  ( -3.034553922578463700, -40.00000000000002800, 81.00000000000000000 ) ) ;
#2419 = ADVANCED_FACE ( 'NONE', ( #924, #1094, #4064 ), #2233, .F. ) ;
#2420 = DIRECTION ( 'NONE',  ( -0.0000000000000000000, -0.0000000000000000000, 1.000000000000000000 ) ) ;
#2421 = CIRCLE ( 'NONE', #3960, 12.40000000000000000 ) ;
#2422 = VECTOR ( 'NONE', #79, 1000.000000000000000 ) ;
#2423 =( GEOMETRIC_REPRESENTATION_CONTEXT ( 3 ) GLOBAL_UNCERTAINTY_ASSIGNED_CONTEXT ( ( #2077 ) ) GLOBAL_UNIT_ASSIGNED_CONTEXT ( ( #3700, #609, #1626 ) ) REPRESENTATION_CONTEXT ( 'NONE', 'WORKASPACE' ) );
#2424 = EDGE_LOOP ( 'NONE', ( #3109, #3594, #4425, #1972 ) ) ;
#2425 = FACE_OUTER_BOUND ( 'NONE', #3788, .T. ) ;
#2426 = DIRECTION ( 'NONE',  ( -0.0000000000000000000, -0.0000000000000000000, 1.000000000000000000 ) ) ;
#2427 = VERTEX_POINT ( 'NONE', #769 ) ;
#2428 = DIRECTION ( 'NONE',  ( -0.0000000000000000000, -0.0000000000000000000, -1.000000000000000000 ) ) ;
#2429 = AXIS2_PLACEMENT_3D ( 'NONE', #1952, #1935, #1591 ) ;
#2430 = VECTOR ( 'NONE', #1693, 1000.000000000000000 ) ;
#2431 = EDGE_CURVE ( 'NONE', #356, #3420, #1800, .T. ) ;
#2432 = CARTESIAN_POINT ( 'NONE',  ( 24.50000000000000000, 31.80000000000000100, 79.29999999999996900 ) ) ;
#2433 = ADVANCED_FACE ( 'NONE', ( #1266 ), #3896, .F. ) ;
#2434 = CARTESIAN_POINT ( 'NONE',  ( -6.250000000000000000, 12.70000000000000600, 6.400000000000000400 ) ) ;
#2435 = DIRECTION ( 'NONE',  ( -0.0000000000000000000, -0.0000000000000000000, 1.000000000000000000 ) ) ;
#2436 = CIRCLE ( 'NONE', #1097, 0.7999999999999986000 ) ;
#2437 = PLANE ( 'NONE',  #3060 ) ;
#2438 = VECTOR ( 'NONE', #847, 1000.000000000000000 ) ;
#2439 = CIRCLE ( 'NONE', #81, 11.43000000000000000 ) ;
#2440 = EDGE_CURVE ( 'NONE', #632, #2081, #3894, .T. ) ;
#2441 = CARTESIAN_POINT ( 'NONE',  ( -2.602085213965210600E-015, 17.49999999999999300, 6.400000000000000400 ) ) ;
#2442 = AXIS2_PLACEMENT_3D ( 'NONE', #33, #392, #1464 ) ;
#2443 = CARTESIAN_POINT ( 'NONE',  ( 6.249999999999999100, 12.70000000000000600, 0.0000000000000000000 ) ) ;
#2444 = CARTESIAN_POINT ( 'NONE',  ( 13.74999999999999800, 31.80000000000000800, 79.29999999999995500 ) ) ;
#2445 = EDGE_CURVE ( 'NONE', #3056, #2187, #3531, .T. ) ;
#2446 = EDGE_LOOP ( 'NONE', ( #4210, #3619, #1537, #3990, #1579, #1729 ) ) ;
#2447 = ORIENTED_EDGE ( 'NONE', *, *, #3436, .F. ) ;
#2448 = DIRECTION ( 'NONE',  ( -0.0000000000000000000, -1.000000000000000000, -0.0000000000000000000 ) ) ;
#2449 = CARTESIAN_POINT ( 'NONE',  ( 24.50000000000000000, 31.80000000000000100, 92.09999999999999400 ) ) ;
#2450 = ORIENTED_EDGE ( 'NONE', *, *, #323, .F. ) ;
#2451 = EDGE_CURVE ( 'NONE', #3369, #2155, #696, .T. ) ;
#2452 = EDGE_LOOP ( 'NONE', ( #3692, #1919, #4041 ) ) ;
#2453 = CARTESIAN_POINT ( 'NONE',  ( 8.750000000000000000, 30.19999999999998500, 80.90000000000000600 ) ) ;
#2454 = CARTESIAN_POINT ( 'NONE',  ( -15.10188795883132300, -23.91655480171161900, 81.00000000000000000 ) ) ;
#2455 = DIRECTION ( 'NONE',  ( 0.0000000000000000000, -0.0000000000000000000, -1.000000000000000000 ) ) ;
#2456 = ORIENTED_EDGE ( 'NONE', *, *, #166, .T. ) ;
#2457 = EDGE_CURVE ( 'NONE', #625, #4068, #3939, .T. ) ;
#2458 = VERTEX_POINT ( 'NONE', #3229 ) ;
#2459 = VERTEX_POINT ( 'NONE', #57 ) ;
#2460 = DIRECTION ( 'NONE',  ( -1.000000000000000000, 0.0000000000000000000, 0.0000000000000000000 ) ) ;
#2461 = ADVANCED_FACE ( 'NONE', ( #4109 ), #3213, .F. ) ;
#2462 = DIRECTION ( 'NONE',  ( -0.0000000000000000000, -0.0000000000000000000, 1.000000000000000000 ) ) ;
#2463 = ORIENTED_EDGE ( 'NONE', *, *, #1403, .T. ) ;
#2464 = ORIENTED_EDGE ( 'NONE', *, *, #4238, .F. ) ;
#2465 = DIRECTION ( 'NONE',  ( 0.0000000000000000000, 0.0000000000000000000, -1.000000000000000000 ) ) ;
#2466 = VERTEX_POINT ( 'NONE', #3986 ) ;
#2467 = DIRECTION ( 'NONE',  ( -1.000000000000000000, 0.0000000000000000000, 0.0000000000000000000 ) ) ;
#2468 = LINE ( 'NONE', #1003, #1686 ) ;
#2469 = DIRECTION ( 'NONE',  ( -0.0000000000000000000, -1.000000000000000000, -0.0000000000000000000 ) ) ;
#2470 = VERTEX_POINT ( 'NONE', #1566 ) ;
#2471 = DIRECTION ( 'NONE',  ( -1.000000000000000000, 0.0000000000000000000, 0.0000000000000000000 ) ) ;
#2472 = EDGE_LOOP ( 'NONE', ( #521, #2512, #3160, #3225 ) ) ;
#2473 = PLANE ( 'NONE',  #1306 ) ;
#2474 = FACE_OUTER_BOUND ( 'NONE', #3044, .T. ) ;
#2475 = LINE ( 'NONE', #35, #1438 ) ;
#2476 = VECTOR ( 'NONE', #3689, 1000.000000000000000 ) ;
#2477 = VERTEX_POINT ( 'NONE', #3543 ) ;
#2478 = AXIS2_PLACEMENT_3D ( 'NONE', #2932, #2283, #514 ) ;
#2479 = DIRECTION ( 'NONE',  ( 1.000000000000000000, 0.0000000000000000000, 0.0000000000000000000 ) ) ;
#2480 = VECTOR ( 'NONE', #3066, 1000.000000000000000 ) ;
#2481 = EDGE_CURVE ( 'NONE', #485, #26, #4267, .T. ) ;
#2482 = ORIENTED_EDGE ( 'NONE', *, *, #4146, .F. ) ;
#2483 = VECTOR ( 'NONE', #4359, 1000.000000000000000 ) ;
#2484 = AXIS2_PLACEMENT_3D ( 'NONE', #3559, #1173, #219 ) ;
#2485 = VECTOR ( 'NONE', #2467, 1000.000000000000000 ) ;
#2486 = APPLICATION_PROTOCOL_DEFINITION ( 'draft international standard', 'automotive_design', 1998, #2853 ) ;
#2487 = LINE ( 'NONE', #3600, #3183 ) ;
#2488 = ADVANCED_FACE ( 'NONE', ( #522 ), #1529, .F. ) ;
#2489 = DIRECTION ( 'NONE',  ( 0.0000000000000000000, 1.000000000000000000, 0.0000000000000000000 ) ) ;
#2490 = EDGE_CURVE ( 'NONE', #131, #356, #1194, .T. ) ;
#2491 = LINE ( 'NONE', #1203, #3236 ) ;
#2492 =( NAMED_UNIT ( * ) PLANE_ANGLE_UNIT ( ) SI_UNIT ( $, .RADIAN. ) );
#2493 = PLANE ( 'NONE',  #4284 ) ;
#2494 = COLOUR_RGB ( '',0.9098039215686274400, 0.4431372549019607600, 0.03137254901960784300 ) ;
#2495 = AXIS2_PLACEMENT_3D ( 'NONE', #4091, #2393, #4435 ) ;
#2496 = EDGE_CURVE ( 'NONE', #1902, #418, #3104, .T. ) ;
#2497 = CARTESIAN_POINT ( 'NONE',  ( -11.25000000000000200, 12.70000000000000600, 0.0000000000000000000 ) ) ;
#2498 = ORIENTED_EDGE ( 'NONE', *, *, #627, .F. ) ;
#2499 = VECTOR ( 'NONE', #4497, 1000.000000000000100 ) ;
#2500 = AXIS2_PLACEMENT_3D ( 'NONE', #991, #3705, #4406 ) ;
#2501 = ADVANCED_FACE ( 'NONE', ( #1259 ), #2292, .F. ) ;
#2502 = VERTEX_POINT ( 'NONE', #3656 ) ;
#2503 = ORIENTED_EDGE ( 'NONE', *, *, #323, .T. ) ;
#2504 = CARTESIAN_POINT ( 'NONE',  ( -20.05181795883132200, -14.08184519828838400, 92.09999999999999400 ) ) ;
#2505 = VERTEX_POINT ( 'NONE', #173 ) ;
#2506 = ORIENTED_EDGE ( 'NONE', *, *, #1441, .T. ) ;
#2507 = DIRECTION ( 'NONE',  ( -0.0000000000000000000, -1.000000000000000000, -0.0000000000000000000 ) ) ;
#2508 = AXIS2_PLACEMENT_3D ( 'NONE', #3681, #4361, #2627 ) ;
#2509 = EDGE_CURVE ( 'NONE', #1619, #29, #3888, .T. ) ;
#2510 =( NAMED_UNIT ( * ) PLANE_ANGLE_UNIT ( ) SI_UNIT ( $, .RADIAN. ) );
#2511 = ORIENTED_EDGE ( 'NONE', *, *, #3568, .T. ) ;
#2512 = ORIENTED_EDGE ( 'NONE', *, *, #4236, .F. ) ;
#2513 = ORIENTED_EDGE ( 'NONE', *, *, #1148, .T. ) ;
#2514 = CARTESIAN_POINT ( 'NONE',  ( 11.77465774712273100, -15.07065193200582700, 80.88280807670746200 ) ) ;
#2515 = LINE ( 'NONE', #2985, #1581 ) ;
#2516 = ORIENTED_EDGE ( 'NONE', *, *, #683, .T. ) ;
#2517 = EDGE_LOOP ( 'NONE', ( #2036, #2511, #3526, #4164, #2636, #2677, #870, #3627 ) ) ;
#2518 = VECTOR ( 'NONE', #2966, 1000.000000000000000 ) ;
#2519 = VECTOR ( 'NONE', #3404, 1000.000000000000000 ) ;
#2520 = CARTESIAN_POINT ( 'NONE',  ( -19.49999999999634800, 5.537200000000000300, 3.000000000000210900 ) ) ;
#2521 = CARTESIAN_POINT ( 'NONE',  ( -2.602085213965210600E-015, 17.49999999999999300, 6.400000000000000400 ) ) ;
#2522 = EDGE_CURVE ( 'NONE', #1619, #136, #2515, .T. ) ;
#2523 = CARTESIAN_POINT ( 'NONE',  ( 24.50000000000000000, 0.0000000000000000000, 0.0000000000000000000 ) ) ;
#2524 = ORIENTED_EDGE ( 'NONE', *, *, #348, .T. ) ;
#2525 = ORIENTED_EDGE ( 'NONE', *, *, #4297, .F. ) ;
#2526 = CIRCLE ( 'NONE', #1402, 1.250000000000001100 ) ;
#2527 = VECTOR ( 'NONE', #996, 1000.000000000000000 ) ;
#2528 = FACE_OUTER_BOUND ( 'NONE', #128, .T. ) ;
#2529 = CARTESIAN_POINT ( 'NONE',  ( -8.750000000000000000, 31.80000000000000800, 0.0000000000000000000 ) ) ;
#2530 = ORIENTED_EDGE ( 'NONE', *, *, #608, .F. ) ;
#2531 = ADVANCED_FACE ( 'NONE', ( #580 ), #2997, .F. ) ;
#2532 = VECTOR ( 'NONE', #2354, 1000.000000000000000 ) ;
#2533 = AXIS2_PLACEMENT_3D ( 'NONE', #4402, #2642, #1309 ) ;
#2534 = EDGE_LOOP ( 'NONE', ( #770, #4376, #3334, #1685 ) ) ;
#2535 = PLANE ( 'NONE',  #2810 ) ;
#2536 = CARTESIAN_POINT ( 'NONE',  ( 3.750000000000000000, 31.80000000000000100, 80.90000000000000600 ) ) ;
#2537 = DIRECTION ( 'NONE',  ( -0.0000000000000000000, -0.0000000000000000000, 1.000000000000000000 ) ) ;
#2538 = DIRECTION ( 'NONE',  ( -1.000000000000000000, 0.0000000000000000000, 0.0000000000000000000 ) ) ;
#2539 = CARTESIAN_POINT ( 'NONE',  ( -19.49999999999634800, -3.673940397442318700E-016, 4.250000000000210500 ) ) ;
#2540 = FACE_OUTER_BOUND ( 'NONE', #1575, .T. ) ;
#2541 = EDGE_CURVE ( 'NONE', #625, #4324, #2675, .T. ) ;
#2542 =( LENGTH_UNIT ( ) NAMED_UNIT ( * ) SI_UNIT ( .MILLI., .METRE. ) );
#2543 = CIRCLE ( 'NONE', #3672, 12.40000000000000000 ) ;
#2544 = FACE_OUTER_BOUND ( 'NONE', #3126, .T. ) ;
#2545 = ADVANCED_FACE ( 'NONE', ( #2079 ), #4303, .T. ) ;
#2546 = DIRECTION ( 'NONE',  ( 1.000000000000000000, 0.0000000000000000000, 0.0000000000000000000 ) ) ;
#2547 = ADVANCED_BREP_SHAPE_REPRESENTATION ( '34249', ( #4263, #1807 ), #4191 ) ;
#2548 = EDGE_CURVE ( 'NONE', #18, #1982, #2993, .T. ) ;
#2549 = LINE ( 'NONE', #3402, #4037 ) ;
#2550 = DIRECTION ( 'NONE',  ( 0.0000000000000000000, 0.0000000000000000000, 1.000000000000000000 ) ) ;
#2551 = ORIENTED_EDGE ( 'NONE', *, *, #1625, .F. ) ;
#2552 = PRESENTATION_LAYER_ASSIGNMENT (  '', '', ( #1120 ) ) ;
#2553 = DIRECTION ( 'NONE',  ( -1.000000000000000000, 0.0000000000000000000, 0.0000000000000000000 ) ) ;
#2554 = EDGE_LOOP ( 'NONE', ( #2937, #2641, #3938, #4332 ) ) ;
#2555 = EDGE_CURVE ( 'NONE', #2731, #2391, #1955, .T. ) ;
#2556 = CARTESIAN_POINT ( 'NONE',  ( 3.750000000000000000, 30.19999999999999900, 0.0000000000000000000 ) ) ;
#2557 = DIRECTION ( 'NONE',  ( 0.0000000000000000000, -1.000000000000000000, 0.0000000000000000000 ) ) ;
#2558 = ORIENTED_EDGE ( 'NONE', *, *, #1790, .T. ) ;
#2559 = ORIENTED_EDGE ( 'NONE', *, *, #4463, .T. ) ;
#2560 = VECTOR ( 'NONE', #505, 1000.000000000000000 ) ;
#2561 = CARTESIAN_POINT ( 'NONE',  ( 24.50000000000000000, -40.00000000000002800, 81.00000000000000000 ) ) ;
#2562 = ORIENTED_EDGE ( 'NONE', *, *, #2440, .F. ) ;
#2563 = ORIENTED_EDGE ( 'NONE', *, *, #1301, .F. ) ;
#2564 = CARTESIAN_POINT ( 'NONE',  ( 4.917354801711685000, -37.35101795883130600, 81.00000000000000000 ) ) ;
#2565 = ORIENTED_EDGE ( 'NONE', *, *, #1016, .T. ) ;
#2566 = ORIENTED_EDGE ( 'NONE', *, *, #4039, .F. ) ;
#2567 = VERTEX_POINT ( 'NONE', #2960 ) ;
#2568 = LINE ( 'NONE', #3974, #2204 ) ;
#2569 = EDGE_CURVE ( 'NONE', #2311, #29, #2725, .T. ) ;
#2570 = PRESENTATION_LAYER_ASSIGNMENT (  '', '', ( #2111 ) ) ;
#2571 = ORIENTED_EDGE ( 'NONE', *, *, #1189, .T. ) ;
#2572 = ORIENTED_EDGE ( 'NONE', *, *, #1611, .F. ) ;
#2573 = CARTESIAN_POINT ( 'NONE',  ( 24.50000000000000000, 30.19999999999998500, 80.90000000000000600 ) ) ;
#2574 = LINE ( 'NONE', #1192, #253 ) ;
#2575 = CARTESIAN_POINT ( 'NONE',  ( -3.750000000000000900, 12.70000000000000600, 0.0000000000000000000 ) ) ;
#2576 = FACE_OUTER_BOUND ( 'NONE', #3694, .T. ) ;
#2577 = LINE ( 'NONE', #2272, #1976 ) ;
#2578 = EDGE_LOOP ( 'NONE', ( #1150, #2612, #588, #4220 ) ) ;
#2579 = PLANE ( 'NONE',  #1843 ) ;
#2580 = LINE ( 'NONE', #927, #2753 ) ;
#2581 = DIRECTION ( 'NONE',  ( -1.000000000000000000, 0.0000000000000000000, 0.0000000000000000000 ) ) ;
#2582 = ORIENTED_EDGE ( 'NONE', *, *, #641, .T. ) ;
#2583 = AXIS2_PLACEMENT_3D ( 'NONE', #2982, #210, #3630 ) ;
#2584 = FACE_OUTER_BOUND ( 'NONE', #3569, .T. ) ;
#2585 = CARTESIAN_POINT ( 'NONE',  ( 11.25000000000000000, 30.19999999999998500, 80.90000000000000600 ) ) ;
#2586 = CARTESIAN_POINT ( 'NONE',  ( 24.50000000000000000, -9.919639073093561200E-015, 81.00000000000000000 ) ) ;
#2587 = CARTESIAN_POINT ( 'NONE',  ( -21.24999999999999600, 30.19999999999999900, 5.815146750668674300E-018 ) ) ;
#2588 = AXIS2_PLACEMENT_3D ( 'NONE', #2662, #4305, #2615 ) ;
#2589 = EDGE_CURVE ( 'NONE', #308, #1188, #1023, .T. ) ;
#2590 = FILL_AREA_STYLE_COLOUR ( '', #1108 ) ;
#2591 = DIRECTION ( 'NONE',  ( 0.0000000000000000000, 1.000000000000000000, 0.0000000000000000000 ) ) ;
#2592 = CARTESIAN_POINT ( 'NONE',  ( -16.25000000000000000, 12.70000000000000600, 0.0000000000000000000 ) ) ;
#2593 = DIRECTION ( 'NONE',  ( 1.000000000000000000, 0.0000000000000000000, 0.0000000000000000000 ) ) ;
#2594 = EDGE_CURVE ( 'NONE', #2466, #1802, #4211, .T. ) ;
#2595 = DIRECTION ( 'NONE',  ( 1.000000000000000000, 0.0000000000000000000, 0.0000000000000000000 ) ) ;
#2596 = CARTESIAN_POINT ( 'NONE',  ( -19.49999999999634400, -8.205133554287294400E-015, 68.25000000000021300 ) ) ;
#2597 = FACE_OUTER_BOUND ( 'NONE', #2135, .T. ) ;
#2598 = AXIS2_PLACEMENT_3D ( 'NONE', #462, #1185, #2257 ) ;
#2599 = FACE_OUTER_BOUND ( 'NONE', #2578, .T. ) ;
#2600 = DIRECTION ( 'NONE',  ( -0.0000000000000000000, -0.0000000000000000000, -1.000000000000000000 ) ) ;
#2601 = CARTESIAN_POINT ( 'NONE',  ( -16.65181795883132300, -14.08184519828838400, -0.001000000000001000100 ) ) ;
#2602 = EDGE_CURVE ( 'NONE', #4253, #1176, #27, .T. ) ;
#2603 = LINE ( 'NONE', #1554, #499 ) ;
#2604 = CARTESIAN_POINT ( 'NONE',  ( -18.35181795883124800, -14.08184519828810400, 85.11225999999999200 ) ) ;
#2605 = CARTESIAN_POINT ( 'NONE',  ( -6.617354801711829100, -37.35101795883126400, 92.09999999999999400 ) ) ;
#2606 = EDGE_LOOP ( 'NONE', ( #309, #2855, #1034, #4054 ) ) ;
#2607 = DIRECTION ( 'NONE',  ( -0.0000000000000000000, -0.0000000000000000000, 1.000000000000000000 ) ) ;
#2608 = DIRECTION ( 'NONE',  ( -0.0000000000000000000, -1.000000000000000000, -0.0000000000000000000 ) ) ;
#2609 = ORIENTED_EDGE ( 'NONE', *, *, #1074, .T. ) ;
#2610 = SURFACE_STYLE_USAGE ( .BOTH. , #1140 ) ;
#2611 = EDGE_CURVE ( 'NONE', #3781, #3648, #3409, .T. ) ;
#2612 = ORIENTED_EDGE ( 'NONE', *, *, #225, .F. ) ;
#2613 = CARTESIAN_POINT ( 'NONE',  ( 24.50000000000000000, 31.80000000000000100, 1.600000000000004100 ) ) ;
#2614 = AXIS2_PLACEMENT_3D ( 'NONE', #787, #1540, #3930 ) ;
#2615 = DIRECTION ( 'NONE',  ( 0.0000000000000000000, 0.0000000000000000000, -1.000000000000000000 ) ) ;
#2616 = ORIENTED_EDGE ( 'NONE', *, *, #2334, .F. ) ;
#2617 = EDGE_LOOP ( 'NONE', ( #2352, #1673, #2910, #3726 ) ) ;
#2618 = EDGE_CURVE ( 'NONE', #1734, #4430, #4155, .T. ) ;
#2619 = ORIENTED_EDGE ( 'NONE', *, *, #469, .T. ) ;
#2620 = DIRECTION ( 'NONE',  ( 1.000000000000000000, 0.0000000000000000000, 0.0000000000000000000 ) ) ;
#2621 = CARTESIAN_POINT ( 'NONE',  ( 3.750000000000000000, 31.80000000000000800, 0.0000000000000000000 ) ) ;
#2622 = VERTEX_POINT ( 'NONE', #1657 ) ;
#2623 = ORIENTED_EDGE ( 'NONE', *, *, #375, .F. ) ;
#2624 = VERTEX_POINT ( 'NONE', #199 ) ;
#2625 = VECTOR ( 'NONE', #747, 1000.000000000000000 ) ;
#2626 = DIRECTION ( 'NONE',  ( -1.000000000000000000, 0.0000000000000000000, 0.0000000000000000000 ) ) ;
#2627 = DIRECTION ( 'NONE',  ( 1.000000000000000000, 0.0000000000000000000, 0.0000000000000000000 ) ) ;
#2628 = CARTESIAN_POINT ( 'NONE',  ( -12.40000000000000200, -19.00000000000001100, 92.09999999999999400 ) ) ;
#2629 = DIRECTION ( 'NONE',  ( 0.0000000000000000000, 2.449293598294706200E-017, -1.000000000000000000 ) ) ;
#2630 = VERTEX_POINT ( 'NONE', #2057 ) ;
#2631 = FACE_OUTER_BOUND ( 'NONE', #2248, .T. ) ;
#2632 = FACE_BOUND ( 'NONE', #3151, .T. ) ;
#2633 = VECTOR ( 'NONE', #1082, 1000.000000000000000 ) ;
#2634 = DIRECTION ( 'NONE',  ( 1.000000000000000000, 0.0000000000000000000, 0.0000000000000000000 ) ) ;
#2635 = CARTESIAN_POINT ( 'NONE',  ( 6.249999999999998200, 31.80000000000000100, 1.600000000000004100 ) ) ;
#2636 = ORIENTED_EDGE ( 'NONE', *, *, #4204, .T. ) ;
#2637 = VERTEX_POINT ( 'NONE', #3385 ) ;
#2638 = CARTESIAN_POINT ( 'NONE',  ( -2.602085213965210600E-015, 17.49999999999999300, 6.400000000000000400 ) ) ;
#2639 = LINE ( 'NONE', #4084, #3328 ) ;
#2640 = COLOUR_RGB ( '',0.9098039215686274400, 0.4431372549019607600, 0.03137254901960784300 ) ;
#2641 = ORIENTED_EDGE ( 'NONE', *, *, #1422, .T. ) ;
#2642 = DIRECTION ( 'NONE',  ( -0.0000000000000000000, 2.449293598294706500E-017, -1.000000000000000000 ) ) ;
#2643 = CIRCLE ( 'NONE', #1448, 0.7999999999999986000 ) ;
#2644 = ORIENTED_EDGE ( 'NONE', *, *, #225, .T. ) ;
#2645 = DIRECTION ( 'NONE',  ( 0.0000000000000000000, 1.000000000000000000, 0.0000000000000000000 ) ) ;
#2646 = CARTESIAN_POINT ( 'NONE',  ( 11.25000000000000000, 15.47950501114209500, 6.400000000000000400 ) ) ;
#2647 = CARTESIAN_POINT ( 'NONE',  ( -19.49999999999634400, -8.205133554287294400E-015, 67.00000000000021300 ) ) ;
#2648 = VECTOR ( 'NONE', #2867, 1000.000000000000000 ) ;
#2649 = DIRECTION ( 'NONE',  ( 0.0000000000000000000, -0.0000000000000000000, -1.000000000000000000 ) ) ;
#2650 = LINE ( 'NONE', #715, #1390 ) ;
#2651 = AXIS2_PLACEMENT_3D ( 'NONE', #1889, #2600, #871 ) ;
#2652 = CARTESIAN_POINT ( 'NONE',  ( 10.50000000000373400, 6.288275773784451200, 3.000000000000211400 ) ) ;
#2653 = DIRECTION ( 'NONE',  ( -0.0000000000000000000, -0.0000000000000000000, 1.000000000000000000 ) ) ;
#2654 = EDGE_CURVE ( 'NONE', #1901, #3421, #2939, .T. ) ;
#2655 = CARTESIAN_POINT ( 'NONE',  ( 4.917354801711837800, -37.35101795883126400, 92.09999999999999400 ) ) ;
#2656 = AXIS2_PLACEMENT_3D ( 'NONE', #3654, #1943, #2591 ) ;
#2657 = DIRECTION ( 'NONE',  ( -0.0000000000000000000, -0.0000000000000000000, 1.000000000000000000 ) ) ;
#2658 = PRESENTATION_LAYER_ASSIGNMENT (  '', '', ( #4190 ) ) ;
#2659 = STYLED_ITEM ( 'NONE', ( #118 ), #2547 ) ;
#2660 = EDGE_CURVE ( 'NONE', #3421, #238, #3723, .T. ) ;
#2661 = CARTESIAN_POINT ( 'NONE',  ( 21.25000000000000000, 31.80000000000000800, 1.600000000000011200 ) ) ;
#2662 = CARTESIAN_POINT ( 'NONE',  ( 10.50000000000373600, -8.110223427353373700E-015, 67.00000000000021300 ) ) ;
#2663 = CARTESIAN_POINT ( 'NONE',  ( 6.617354801711838000, -37.35101795883126400, 85.11225999999999200 ) ) ;
#2664 = CARTESIAN_POINT ( 'NONE',  ( 16.90000000000000200, -6.938893903907228400E-015, 74.65000000000000600 ) ) ;
#2665 = ORIENTED_EDGE ( 'NONE', *, *, #542, .F. ) ;
#2666 = EDGE_LOOP ( 'NONE', ( #1019, #354, #811, #929 ) ) ;
#2667 = ORIENTED_EDGE ( 'NONE', *, *, #1707, .T. ) ;
#2668 = CARTESIAN_POINT ( 'NONE',  ( -20.05181795883124700, -23.91655480171189300, 92.09999999999999400 ) ) ;
#2669 = VERTEX_POINT ( 'NONE', #3407 ) ;
#2670 = EDGE_CURVE ( 'NONE', #102, #4318, #2015, .T. ) ;
#2671 = DIRECTION ( 'NONE',  ( -1.000000000000000000, 0.0000000000000000000, 0.0000000000000000000 ) ) ;
#2672 = ORIENTED_EDGE ( 'NONE', *, *, #4449, .T. ) ;
#2673 = EDGE_LOOP ( 'NONE', ( #2211, #1474, #3620, #2846, #3897, #2787, #1748, #2184 ) ) ;
#2674 = VERTEX_POINT ( 'NONE', #3441 ) ;
#2675 = CIRCLE ( 'NONE', #490, 1.700000000000000200 ) ;
#2676 = AXIS2_PLACEMENT_3D ( 'NONE', #2392, #2428, #2553 ) ;
#2677 = ORIENTED_EDGE ( 'NONE', *, *, #704, .T. ) ;
#2678 = ORIENTED_EDGE ( 'NONE', *, *, #3633, .F. ) ;
#2679 = DIRECTION ( 'NONE',  ( -0.0000000000000000000, -0.0000000000000000000, 1.000000000000000000 ) ) ;
#2680 = VECTOR ( 'NONE', #1823, 1000.000000000000000 ) ;
#2681 = VECTOR ( 'NONE', #3297, 1000.000000000000100 ) ;
#2682 = ORIENTED_EDGE ( 'NONE', *, *, #4255, .T. ) ;
#2683 = PLANE ( 'NONE',  #2095 ) ;
#2684 = FACE_BOUND ( 'NONE', #3832, .T. ) ;
#2685 =( GEOMETRIC_REPRESENTATION_CONTEXT ( 3 ) GLOBAL_UNCERTAINTY_ASSIGNED_CONTEXT ( ( #859 ) ) GLOBAL_UNIT_ASSIGNED_CONTEXT ( ( #2850, #1724, #788 ) ) REPRESENTATION_CONTEXT ( 'NONE', 'WORKASPACE' ) );
#2686 = FACE_OUTER_BOUND ( 'NONE', #2472, .T. ) ;
#2687 = EDGE_CURVE ( 'NONE', #1649, #4342, #1305, .T. ) ;
#2688 = CARTESIAN_POINT ( 'NONE',  ( -3.750000000000000900, 12.70000000000000600, 0.0000000000000000000 ) ) ;
#2689 = ORIENTED_EDGE ( 'NONE', *, *, #1569, .T. ) ;
#2690 = CARTESIAN_POINT ( 'NONE',  ( -13.75000000000000000, 12.70000000000000600, 0.0000000000000000000 ) ) ;
#2691 = COLOUR_RGB ( '',0.9098039215686274400, 0.4431372549019607600, 0.03137254901960784300 ) ;
#2692 = CARTESIAN_POINT ( 'NONE',  ( 1.249999999999999600, 30.19999999999999900, 0.0000000000000000000 ) ) ;
#2693 =( BOUNDED_CURVE ( )  B_SPLINE_CURVE ( 3, ( #4130, #1881, #3250, #483 ),
 .UNSPECIFIED., .F., .T. ) 
 B_SPLINE_CURVE_WITH_KNOTS ( ( 4, 4 ),
 ( 2.523679048299341900, 3.759506258880244400 ),
 .UNSPECIFIED. ) 
 CURVE ( )  GEOMETRIC_REPRESENTATION_ITEM ( )  RATIONAL_B_SPLINE_CURVE ( ( 1.000000000000000000, 0.8767259686965078700, 0.8767259686965078700, 1.000000000000000000 ) ) 
 REPRESENTATION_ITEM ( '' )  );
#2694 = ORIENTED_EDGE ( 'NONE', *, *, #1268, .T. ) ;
#2695 = FACE_OUTER_BOUND ( 'NONE', #2617, .T. ) ;
#2696 = CARTESIAN_POINT ( 'NONE',  ( -18.35181795883132200, -23.91655480171161900, 81.00000000000000000 ) ) ;
#2697 = EDGE_CURVE ( 'NONE', #2394, #351, #2066, .T. ) ;
#2698 = PLANE ( 'NONE',  #1426 ) ;
#2699 = CARTESIAN_POINT ( 'NONE',  ( 1.249999999999999600, 12.70000000000000600, 80.90000000000000600 ) ) ;
#2700 = CARTESIAN_POINT ( 'NONE',  ( -15.10188795883124700, -14.08184519828810400, 85.11225999999999200 ) ) ;
#2701 = AXIS2_PLACEMENT_3D ( 'NONE', #2722, #1577, #1331 ) ;
#2702 = DIRECTION ( 'NONE',  ( -0.0000000000000000000, -1.000000000000000000, -0.0000000000000000000 ) ) ;
#2703 = CARTESIAN_POINT ( 'NONE',  ( 1.249999999999999600, 28.86144357025108300, 6.400000000000000400 ) ) ;
#2704 = EDGE_CURVE ( 'NONE', #2951, #3315, #22, .T. ) ;
#2705 = VECTOR ( 'NONE', #3764, 1000.000000000000000 ) ;
#2706 = CARTESIAN_POINT ( 'NONE',  ( -11.25000000000000400, 31.80000000000000100, 1.600000000000004100 ) ) ;
#2707 = AXIS2_PLACEMENT_3D ( 'NONE', #2068, #2406, #629 ) ;
#2708 = DIRECTION ( 'NONE',  ( 0.0000000000000000000, 2.449293598294706200E-017, -1.000000000000000000 ) ) ;
#2709 = ADVANCED_FACE ( 'NONE', ( #1894 ), #2397, .F. ) ;
#2710 = DIRECTION ( 'NONE',  ( -1.000000000000000000, 0.0000000000000000000, 0.0000000000000000000 ) ) ;
#2711 = DIRECTION ( 'NONE',  ( 0.0000000000000000000, 0.0000000000000000000, -1.000000000000000000 ) ) ;
#2712 = DIRECTION ( 'NONE',  ( -0.0000000000000000000, -0.0000000000000000000, 1.000000000000000000 ) ) ;
#2713 = VECTOR ( 'NONE', #703, 1000.000000000000000 ) ;
#2714 = CARTESIAN_POINT ( 'NONE',  ( 24.50000000000000000, 30.19999999999999900, 5.815146750668674300E-018 ) ) ;
#2715 = VERTEX_POINT ( 'NONE', #1405 ) ;
#2716 = ORIENTED_EDGE ( 'NONE', *, *, #1736, .F. ) ;
#2717 = ORIENTED_EDGE ( 'NONE', *, *, #3829, .F. ) ;
#2718 = VECTOR ( 'NONE', #2321, 1000.000000000000000 ) ;
#2719 = FILL_AREA_STYLE_COLOUR ( '', #2760 ) ;
#2720 = DIRECTION ( 'NONE',  ( 0.0000000000000000000, 0.7071067811865444600, -0.7071067811865505700 ) ) ;
#2721 = VERTEX_POINT ( 'NONE', #1891 ) ;
#2722 = CARTESIAN_POINT ( 'NONE',  ( -10.00000000000056700, 7.462500000000100700, 5.199379999999999700 ) ) ;
#2723 = ORIENTED_EDGE ( 'NONE', *, *, #1878, .T. ) ;
#2724 = ORIENTED_EDGE ( 'NONE', *, *, #3534, .T. ) ;
#2725 = LINE ( 'NONE', #3278, #745 ) ;
#2726 = DIRECTION ( 'NONE',  ( 0.0000000000000000000, 0.0000000000000000000, -1.000000000000000000 ) ) ;
#2727 = AXIS2_PLACEMENT_3D ( 'NONE', #1983, #3970, #2626 ) ;
#2728 = CARTESIAN_POINT ( 'NONE',  ( -6.250000000000000000, 27.06986938259868900, 6.630205778547284300E-016 ) ) ;
#2729 = PLANE ( 'NONE',  #310 ) ;
#2730 = ORIENTED_EDGE ( 'NONE', *, *, #1512, .F. ) ;
#2731 = VERTEX_POINT ( 'NONE', #474 ) ;
#2732 = EDGE_CURVE ( 'NONE', #2026, #1895, #628, .T. ) ;
#2733 = ORIENTED_EDGE ( 'NONE', *, *, #3568, .F. ) ;
#2734 = VECTOR ( 'NONE', #89, 1000.000000000000000 ) ;
#2735 = DIRECTION ( 'NONE',  ( -1.000000000000000000, 0.0000000000000000000, 0.0000000000000000000 ) ) ;
#2736 = ADVANCED_FACE ( 'NONE', ( #2839 ), #4291, .F. ) ;
#2737 = DIRECTION ( 'NONE',  ( -0.0000000000000000000, -0.0000000000000000000, 1.000000000000000000 ) ) ;
#2738 = ORIENTED_EDGE ( 'NONE', *, *, #531, .T. ) ;
#2739 = ORIENTED_EDGE ( 'NONE', *, *, #4008, .F. ) ;
#2740 = DIRECTION ( 'NONE',  ( 0.0000000000000000000, 2.449293598294706200E-017, -1.000000000000000000 ) ) ;
#2741 = AXIS2_PLACEMENT_3D ( 'NONE', #4137, #3443, #1064 ) ;
#2742 = FACE_OUTER_BOUND ( 'NONE', #3100, .T. ) ;
#2743 = LINE ( 'NONE', #4093, #2358 ) ;
#2744 = FACE_OUTER_BOUND ( 'NONE', #2128, .T. ) ;
#2745 = FACE_OUTER_BOUND ( 'NONE', #2606, .T. ) ;
#2746 = VERTEX_POINT ( 'NONE', #1866 ) ;
#2747 = VERTEX_POINT ( 'NONE', #3560 ) ;
#2748 = CIRCLE ( 'NONE', #3025, 6.349999999999994300 ) ;
#2749 = AXIS2_PLACEMENT_3D ( 'NONE', #3063, #4030, #1334 ) ;
#2750 = ORIENTED_EDGE ( 'NONE', *, *, #3583, .T. ) ;
#2751 = EDGE_CURVE ( 'NONE', #658, #2405, #3305, .T. ) ;
#2752 = CARTESIAN_POINT ( 'NONE',  ( 16.25000000000000000, 31.80000000000000800, 0.0000000000000000000 ) ) ;
#2753 = VECTOR ( 'NONE', #3354, 1000.000000000000000 ) ;
#2754 = DIRECTION ( 'NONE',  ( -0.0000000000000000000, -0.0000000000000000000, 1.000000000000000000 ) ) ;
#2755 = FACE_OUTER_BOUND ( 'NONE', #856, .T. ) ;
#2756 = EDGE_LOOP ( 'NONE', ( #1091, #569, #4264, #682, #2513, #2482 ) ) ;
#2757 = DIRECTION ( 'NONE',  ( 0.0000000000000000000, 0.0000000000000000000, -1.000000000000000000 ) ) ;
#2758 = DIRECTION ( 'NONE',  ( -0.0000000000000000000, 2.449293598294706500E-017, -1.000000000000000000 ) ) ;
#2759 = EDGE_CURVE ( 'NONE', #4342, #1649, #1409, .T. ) ;
#2760 = COLOUR_RGB ( '',0.9098039215686274400, 0.4431372549019607600, 0.03137254901960784300 ) ;
#2761 = PLANE ( 'NONE',  #3037 ) ;
#2762 = DIRECTION ( 'NONE',  ( 0.0000000000000000000, 0.7071067811865474600, -0.7071067811865474600 ) ) ;
#2763 = FACE_OUTER_BOUND ( 'NONE', #3743, .T. ) ;
#2764 = CARTESIAN_POINT ( 'NONE',  ( 24.50000000000000000, 7.599999999999996100, 92.09999999999999400 ) ) ;
#2765 = FACE_OUTER_BOUND ( 'NONE', #2943, .T. ) ;
#2766 = DIRECTION ( 'NONE',  ( 0.0000000000000000000, -0.7071067811865475700, 0.7071067811865475700 ) ) ;
#2767 = DIRECTION ( 'NONE',  ( 0.0000000000000000000, 1.000000000000000000, 0.0000000000000000000 ) ) ;
#2768 = VECTOR ( 'NONE', #2169, 1000.000000000000000 ) ;
#2769 = ADVANCED_FACE ( 'NONE', ( #1789 ), #75, .F. ) ;
#2770 = EDGE_CURVE ( 'NONE', #2187, #2785, #3987, .T. ) ;
#2771 = CARTESIAN_POINT ( 'NONE',  ( -3.750000000000000900, 28.29733300403390200, 6.930847657559374400E-016 ) ) ;
#2772 = ORIENTED_EDGE ( 'NONE', *, *, #3436, .T. ) ;
#2773 = PLANE ( 'NONE',  #3728 ) ;
#2774 = VERTEX_POINT ( 'NONE', #168 ) ;
#2775 = CARTESIAN_POINT ( 'NONE',  ( -2.602085213965210600E-015, 17.49999999999999300, 6.400000000000000400 ) ) ;
#2776 = ADVANCED_FACE ( 'NONE', ( #506 ), #948, .T. ) ;
#2777 = ORIENTED_EDGE ( 'NONE', *, *, #476, .T. ) ;
#2778 = CARTESIAN_POINT ( 'NONE',  ( 6.800155680845112000, -40.00000000000002800, 81.00000000000000000 ) ) ;
#2779 = CARTESIAN_POINT ( 'NONE',  ( -18.35181795883124800, -14.08184519828810400, 85.11225999999999200 ) ) ;
#2780 = ORIENTED_EDGE ( 'NONE', *, *, #285, .T. ) ;
#2781 = LINE ( 'NONE', #2601, #1125 ) ;
#2782 = VERTEX_POINT ( 'NONE', #617 ) ;
#2783 = ORIENTED_EDGE ( 'NONE', *, *, #3821, .F. ) ;
#2784 = DIRECTION ( 'NONE',  ( -0.0000000000000000000, 2.449293598294706200E-017, -1.000000000000000000 ) ) ;
#2785 = VERTEX_POINT ( 'NONE', #3625 ) ;
#2786 = CARTESIAN_POINT ( 'NONE',  ( -19.49999999999634800, 5.537200000000000300, 3.000000000000210900 ) ) ;
#2787 = ORIENTED_EDGE ( 'NONE', *, *, #884, .T. ) ;
#2788 = EDGE_LOOP ( 'NONE', ( #243, #1142, #3890, #1481, #1795, #2356 ) ) ;
#2789 = LINE ( 'NONE', #3898, #3163 ) ;
#2790 = DIRECTION ( 'NONE',  ( 0.0000000000000000000, -2.449293598294706500E-017, 1.000000000000000000 ) ) ;
#2791 = VECTOR ( 'NONE', #891, 1000.000000000000000 ) ;
#2792 =( GEOMETRIC_REPRESENTATION_CONTEXT ( 3 ) GLOBAL_UNCERTAINTY_ASSIGNED_CONTEXT ( ( #1406 ) ) GLOBAL_UNIT_ASSIGNED_CONTEXT ( ( #1248, #1232, #2309 ) ) REPRESENTATION_CONTEXT ( 'NONE', 'WORKASPACE' ) );
#2793 = DIRECTION ( 'NONE',  ( 0.0000000000000000000, 0.0000000000000000000, 1.000000000000000000 ) ) ;
#2794 = DIRECTION ( 'NONE',  ( -0.0000000000000000000, 2.449293598294706200E-017, -1.000000000000000000 ) ) ;
#2795 = VERTEX_POINT ( 'NONE', #4066 ) ;
#2796 = ORIENTED_EDGE ( 'NONE', *, *, #1757, .F. ) ;
#2797 = LINE ( 'NONE', #918, #2302 ) ;
#2798 = PRESENTATION_STYLE_ASSIGNMENT (( #2964 ) ) ;
#2799 = CARTESIAN_POINT ( 'NONE',  ( 5.633200248810260800, -40.82942982594757800, 81.82942982594755700 ) ) ;
#2800 = FACE_OUTER_BOUND ( 'NONE', #1494, .T. ) ;
#2801 = SURFACE_STYLE_USAGE ( .BOTH. , #3542 ) ;
#2802 = AXIS2_PLACEMENT_3D ( 'NONE', #315, #2448, #2104 ) ;
#2803 = EDGE_LOOP ( 'NONE', ( #1861, #1674, #3567 ) ) ;
#2804 = DIRECTION ( 'NONE',  ( 0.0000000000000000000, 0.0000000000000000000, 1.000000000000000000 ) ) ;
#2805 = VECTOR ( 'NONE', #213, 1000.000000000000000 ) ;
#2806 = DIRECTION ( 'NONE',  ( 0.0000000000000000000, 0.0000000000000000000, -1.000000000000000000 ) ) ;
#2807 = ORIENTED_EDGE ( 'NONE', *, *, #2229, .T. ) ;
#2808 =( LENGTH_UNIT ( ) NAMED_UNIT ( * ) SI_UNIT ( .MILLI., .METRE. ) );
#2809 = LINE ( 'NONE', #4349, #3908 ) ;
#2810 = AXIS2_PLACEMENT_3D ( 'NONE', #3838, #17, #3166 ) ;
#2811 = EDGE_CURVE ( 'NONE', #965, #239, #1467, .T. ) ;
#2812 = DIRECTION ( 'NONE',  ( 0.0000000000000000000, 0.0000000000000000000, -1.000000000000000000 ) ) ;
#2813 = CARTESIAN_POINT ( 'NONE',  ( -16.25000000000000000, 12.70000000000000600, 0.0000000000000000000 ) ) ;
#2814 = DIRECTION ( 'NONE',  ( 0.0000000000000000000, 0.0000000000000000000, -1.000000000000000000 ) ) ;
#2815 = DIRECTION ( 'NONE',  ( 0.0000000000000000000, -1.000000000000000000, -1.925545281678369200E-019 ) ) ;
#2816 = DIRECTION ( 'NONE',  ( -0.0000000000000000000, -1.000000000000000000, -0.0000000000000000000 ) ) ;
#2817 = CARTESIAN_POINT ( 'NONE',  ( 6.249999999999999100, 12.70000000000000600, 6.400000000000000400 ) ) ;
#2818 =( LENGTH_UNIT ( ) NAMED_UNIT ( * ) SI_UNIT ( .MILLI., .METRE. ) );
#2819 = FACE_OUTER_BOUND ( 'NONE', #2424, .T. ) ;
#2820 = PLANE ( 'NONE',  #3917 ) ;
#2821 = ADVANCED_FACE ( 'NONE', ( #3351 ), #3291, .F. ) ;
#2822 = AXIS2_PLACEMENT_3D ( 'NONE', #2903, #3248, #4029 ) ;
#2823 = CYLINDRICAL_SURFACE ( 'NONE', #2273, 11.43000000000000000 ) ;
#2824 = EDGE_CURVE ( 'NONE', #2234, #3839, #2549, .T. ) ;
#2825 = VECTOR ( 'NONE', #4024, 1000.000000000000000 ) ;
#2826 = FACE_OUTER_BOUND ( 'NONE', #1361, .T. ) ;
#2827 = AXIS2_PLACEMENT_3D ( 'NONE', #1870, #3603, #1558 ) ;
#2828 = ADVANCED_FACE ( 'NONE', ( #956 ), #501, .F. ) ;
#2829 = CARTESIAN_POINT ( 'NONE',  ( 6.249999999999999100, 31.80000000000000800, 1.600000000000011200 ) ) ;
#2830 =( NAMED_UNIT ( * ) SI_UNIT ( $, .STERADIAN. ) SOLID_ANGLE_UNIT ( ) );
#2831 = EDGE_CURVE ( 'NONE', #930, #2231, #170, .T. ) ;
#2832 = VECTOR ( 'NONE', #2379, 1000.000000000000000 ) ;
#2833 = ORIENTED_EDGE ( 'NONE', *, *, #862, .F. ) ;
#2834 = EDGE_LOOP ( 'NONE', ( #4171, #759, #3935 ) ) ;
#2835 = DIRECTION ( 'NONE',  ( -1.000000000000000000, 0.0000000000000000000, 0.0000000000000000000 ) ) ;
#2836 = VERTEX_POINT ( 'NONE', #3395 ) ;
#2837 = EDGE_CURVE ( 'NONE', #577, #38, #3607, .T. ) ;
#2838 = VERTEX_POINT ( 'NONE', #3055 ) ;
#2839 = FACE_OUTER_BOUND ( 'NONE', #4170, .T. ) ;
#2840 = DIRECTION ( 'NONE',  ( -1.000000000000000000, 0.0000000000000000000, 0.0000000000000000000 ) ) ;
#2841 = PLANE ( 'NONE',  #1493 ) ;
#2842 =( NAMED_UNIT ( * ) SI_UNIT ( $, .STERADIAN. ) SOLID_ANGLE_UNIT ( ) );
#2843 = ORIENTED_EDGE ( 'NONE', *, *, #1480, .T. ) ;
#2844 = AXIS2_PLACEMENT_3D ( 'NONE', #3336, #1920, #897 ) ;
#2845 = ORIENTED_EDGE ( 'NONE', *, *, #3386, .F. ) ;
#2846 = ORIENTED_EDGE ( 'NONE', *, *, #846, .T. ) ;
#2847 = ORIENTED_EDGE ( 'NONE', *, *, #4494, .T. ) ;
#2848 = ORIENTED_EDGE ( 'NONE', *, *, #2334, .T. ) ;
#2849 = CARTESIAN_POINT ( 'NONE',  ( 24.50000000000000000, 31.80000000000000100, 79.29999999999996900 ) ) ;
#2850 =( LENGTH_UNIT ( ) NAMED_UNIT ( * ) SI_UNIT ( .MILLI., .METRE. ) );
#2851 = EDGE_CURVE ( 'NONE', #4430, #1896, #1230, .T. ) ;
#2852 = VERTEX_POINT ( 'NONE', #3071 ) ;
#2853 = APPLICATION_CONTEXT ( 'automotive_design' ) ;
#2854 = VECTOR ( 'NONE', #4254, 1000.000000000000000 ) ;
#2855 = ORIENTED_EDGE ( 'NONE', *, *, #555, .F. ) ;
#2856 = ORIENTED_EDGE ( 'NONE', *, *, #461, .F. ) ;
#2857 = LINE ( 'NONE', #3646, #360 ) ;
#2858 = VECTOR ( 'NONE', #1765, 1000.000000000000000 ) ;
#2859 = ADVANCED_FACE ( 'NONE', ( #2597 ), #1666, .F. ) ;
#2860 = ORIENTED_EDGE ( 'NONE', *, *, #3130, .F. ) ;
#2861 = FACE_OUTER_BOUND ( 'NONE', #2834, .T. ) ;
#2862 = SURFACE_STYLE_USAGE ( .BOTH. , #1463 ) ;
#2863 = PRESENTATION_LAYER_ASSIGNMENT (  '', '', ( #669 ) ) ;
#2864 = CARTESIAN_POINT ( 'NONE',  ( -16.25000000000000000, 12.70000000000000600, 0.0000000000000000000 ) ) ;
#2865 = CIRCLE ( 'NONE', #680, 11.43000000000000000 ) ;
#2866 = ORIENTED_EDGE ( 'NONE', *, *, #2548, .T. ) ;
#2867 = DIRECTION ( 'NONE',  ( 1.000000000000000000, 0.0000000000000000000, 0.0000000000000000000 ) ) ;
#2868 = CONICAL_SURFACE ( 'NONE', #2348, 1.250000000000001100, 1.029744258676653400 ) ;
#2869 = DIRECTION ( 'NONE',  ( 0.0000000000000000000, 0.7071067811865505700, 0.7071067811865444600 ) ) ;
#2870 = DIRECTION ( 'NONE',  ( -1.000000000000000000, 0.0000000000000000000, 0.0000000000000000000 ) ) ;
#2871 = CARTESIAN_POINT ( 'NONE',  ( -24.50000000000000000, 30.19999999999998500, 80.90000000000000600 ) ) ;
#2872 = CARTESIAN_POINT ( 'NONE',  ( 8.749999999999998200, 31.80000000000000800, 0.0000000000000000000 ) ) ;
#2873 = DIRECTION ( 'NONE',  ( -1.000000000000000000, 0.0000000000000000000, -0.0000000000000000000 ) ) ;
#2874 = CARTESIAN_POINT ( 'NONE',  ( 4.917354801711837800, -37.35101795883126400, -0.001000000000001000100 ) ) ;
#2875 = LINE ( 'NONE', #650, #4453 ) ;
#2876 = ADVANCED_FACE ( 'NONE', ( #1778 ), #2223, .F. ) ;
#2877 = DIRECTION ( 'NONE',  ( -0.0000000000000000000, -1.000000000000000000, -0.0000000000000000000 ) ) ;
#2878 = DIRECTION ( 'NONE',  ( 0.0000000000000000000, -0.0000000000000000000, -1.000000000000000000 ) ) ;
#2879 = DIRECTION ( 'NONE',  ( -1.000000000000000000, 0.0000000000000000000, 0.0000000000000000000 ) ) ;
#2880 = DIRECTION ( 'NONE',  ( 1.000000000000000000, 0.0000000000000000000, 0.0000000000000000000 ) ) ;
#2881 = LINE ( 'NONE', #4454, #840 ) ;
#2882 = EDGE_CURVE ( 'NONE', #2747, #3417, #1773, .T. ) ;
#2883 = FACE_OUTER_BOUND ( 'NONE', #4368, .T. ) ;
#2884 = DIRECTION ( 'NONE',  ( -0.0000000000000000000, -0.0000000000000000000, 1.000000000000000000 ) ) ;
#2885 = AXIS2_PLACEMENT_3D ( 'NONE', #614, #3081, #4432 ) ;
#2886 = ORIENTED_EDGE ( 'NONE', *, *, #3659, .T. ) ;
#2887 = CARTESIAN_POINT ( 'NONE',  ( 16.25000000000000000, 12.70000000000000600, 0.0000000000000000000 ) ) ;
#2888 = VERTEX_POINT ( 'NONE', #2585 ) ;
#2889 = CARTESIAN_POINT ( 'NONE',  ( 24.50000000000000000, 31.80000000000000100, 6.123233995737214700E-018 ) ) ;
#2890 = UNCERTAINTY_MEASURE_WITH_UNIT (LENGTH_MEASURE( 1.000000000000000100E-005 ), #1152, 'distance_accuracy_value', 'NONE');
#2891 = DIRECTION ( 'NONE',  ( 1.000000000000000000, 0.0000000000000000000, 0.0000000000000000000 ) ) ;
#2892 = ORIENTED_EDGE ( 'NONE', *, *, #3239, .F. ) ;
#2893 = ORIENTED_EDGE ( 'NONE', *, *, #469, .F. ) ;
#2894 = MECHANICAL_DESIGN_GEOMETRIC_PRESENTATION_REPRESENTATION (  '', ( #4102 ), #201 ) ;
#2895 = ADVANCED_FACE ( 'NONE', ( #332 ), #3272, .F. ) ;
#2896 = EDGE_CURVE ( 'NONE', #1526, #4095, #673, .T. ) ;
#2897 = ORIENTED_EDGE ( 'NONE', *, *, #2602, .F. ) ;
#2898 = ORIENTED_EDGE ( 'NONE', *, *, #4463, .F. ) ;
#2899 = ORIENTED_EDGE ( 'NONE', *, *, #4320, .T. ) ;
#2900 = DIRECTION ( 'NONE',  ( 1.000000000000000000, -0.0000000000000000000, 0.0000000000000000000 ) ) ;
#2901 = ORIENTED_EDGE ( 'NONE', *, *, #1495, .F. ) ;
#2902 = LINE ( 'NONE', #1009, #468 ) ;
#2903 = CARTESIAN_POINT ( 'NONE',  ( -19.49999999999634800, -3.673940397442318700E-016, 3.000000000000210900 ) ) ;
#2904 = CARTESIAN_POINT ( 'NONE',  ( -11.25000000000000400, 19.52049498885790900, 6.400000000000000400 ) ) ;
#2905 = EDGE_CURVE ( 'NONE', #2394, #2731, #2543, .T. ) ;
#2906 = EDGE_LOOP ( 'NONE', ( #3150, #2024, #282, #1186 ) ) ;
#2907 = CARTESIAN_POINT ( 'NONE',  ( -16.65181795883124500, -23.91655480171189300, 92.09999999999999400 ) ) ;
#2908 = ORIENTED_EDGE ( 'NONE', *, *, #3344, .T. ) ;
#2909 = FACE_OUTER_BOUND ( 'NONE', #4286, .T. ) ;
#2910 = ORIENTED_EDGE ( 'NONE', *, *, #2161, .T. ) ;
#2911 = VECTOR ( 'NONE', #954, 1000.000000000000000 ) ;
#2912 = VECTOR ( 'NONE', #1109, 1000.000000000000000 ) ;
#2913 = CARTESIAN_POINT ( 'NONE',  ( -16.25000000000000000, 12.70000000000000600, 0.0000000000000000000 ) ) ;
#2914 = AXIS2_PLACEMENT_3D ( 'NONE', #3660, #1280, #1595 ) ;
#2915 = ORIENTED_EDGE ( 'NONE', *, *, #4053, .T. ) ;
#2916 = FACE_OUTER_BOUND ( 'NONE', #3545, .T. ) ;
#2917 = EDGE_CURVE ( 'NONE', #136, #2637, #2114, .T. ) ;
#2918 = CARTESIAN_POINT ( 'NONE',  ( -10.37327817037604300, 12.70000000000000600, 6.400000000000000400 ) ) ;
#2919 = DIRECTION ( 'NONE',  ( 0.0000000000000000000, -1.925545281678369200E-019, 1.000000000000000000 ) ) ;
#2920 = PLANE ( 'NONE',  #3606 ) ;
#2921 = AXIS2_PLACEMENT_3D ( 'NONE', #2025, #1223, #3247 ) ;
#2922 = EDGE_CURVE ( 'NONE', #1793, #2888, #1170, .T. ) ;
#2923 = MECHANICAL_DESIGN_GEOMETRIC_PRESENTATION_REPRESENTATION (  '', ( #2111 ), #3370 ) ;
#2924 = EDGE_CURVE ( 'NONE', #3787, #2351, #3912, .T. ) ;
#2925 = CARTESIAN_POINT ( 'NONE',  ( 16.90000000000000200, -8.942983250773546200E-015, 0.0000000000000000000 ) ) ;
#2926 = DIRECTION ( 'NONE',  ( -0.0000000000000000000, -1.000000000000000000, -0.0000000000000000000 ) ) ;
#2927 = VECTOR ( 'NONE', #3580, 1000.000000000000000 ) ;
#2928 = DIRECTION ( 'NONE',  ( -0.0000000000000000000, 2.449293598294706500E-017, -1.000000000000000000 ) ) ;
#2929 = CARTESIAN_POINT ( 'NONE',  ( -6.249999999999998200, 31.80000000000000100, 1.600000000000004100 ) ) ;
#2930 = CARTESIAN_POINT ( 'NONE',  ( -4.917354801711829800, -37.35101795883126400, 85.11225999999999200 ) ) ;
#2931 = VECTOR ( 'NONE', #68, 1000.000000000000000 ) ;
#2932 = CARTESIAN_POINT ( 'NONE',  ( 10.50000000000373600, -8.205133554287294400E-015, 67.00000000000021300 ) ) ;
#2933 = ORIENTED_EDGE ( 'NONE', *, *, #4490, .F. ) ;
#2934 = EDGE_LOOP ( 'NONE', ( #905, #2259, #3885, #1521 ) ) ;
#2935 = DIRECTION ( 'NONE',  ( -1.000000000000000000, 0.0000000000000000000, 0.0000000000000000000 ) ) ;
#2936 = PLANE ( 'NONE',  #3111 ) ;
#2937 = ORIENTED_EDGE ( 'NONE', *, *, #3231, .T. ) ;
#2938 = ORIENTED_EDGE ( 'NONE', *, *, #727, .F. ) ;
#2939 = LINE ( 'NONE', #3001, #1523 ) ;
#2940 = AXIS2_PLACEMENT_3D ( 'NONE', #4423, #263, #928 ) ;
#2941 = SURFACE_SIDE_STYLE ('',( #1763 ) ) ;
#2942 = EDGE_LOOP ( 'NONE', ( #3036, #1206 ) ) ;
#2943 = EDGE_LOOP ( 'NONE', ( #2772, #2464, #2126, #876 ) ) ;
#2944 = CARTESIAN_POINT ( 'NONE',  ( -13.75000000000000000, 31.80000000000000800, 0.0000000000000000000 ) ) ;
#2945 = DIRECTION ( 'NONE',  ( 0.0000000000000000000, 0.0000000000000000000, -1.000000000000000000 ) ) ;
#2946 = ORIENTED_EDGE ( 'NONE', *, *, #1790, .F. ) ;
#2947 = EDGE_LOOP ( 'NONE', ( #1851, #1085, #2008, #463 ) ) ;
#2948 = ORIENTED_EDGE ( 'NONE', *, *, #285, .F. ) ;
#2949 = ORIENTED_EDGE ( 'NONE', *, *, #10, .F. ) ;
#2950 = ORIENTED_EDGE ( 'NONE', *, *, #3300, .T. ) ;
#2951 = VERTEX_POINT ( 'NONE', #1905 ) ;
#2952 = DIRECTION ( 'NONE',  ( -0.0000000000000000000, -0.7071067811865474600, -0.7071067811865474600 ) ) ;
#2953 = DIRECTION ( 'NONE',  ( -0.0000000000000000000, -0.0000000000000000000, 1.000000000000000000 ) ) ;
#2954 = LINE ( 'NONE', #3098, #3589 ) ;
#2955 = ORIENTED_EDGE ( 'NONE', *, *, #3752, .T. ) ;
#2956 = FACE_OUTER_BOUND ( 'NONE', #866, .T. ) ;
#2957 = DIRECTION ( 'NONE',  ( -0.0000000000000000000, -0.0000000000000000000, 1.000000000000000000 ) ) ;
#2958 = VECTOR ( 'NONE', #4337, 1000.000000000000000 ) ;
#2959 = CARTESIAN_POINT ( 'NONE',  ( -6.250000000000000000, 12.70000000000000600, 0.0000000000000000000 ) ) ;
#2960 = CARTESIAN_POINT ( 'NONE',  ( -21.60174795883132500, -23.91655480171161900, 81.00000000000000000 ) ) ;
#2961 = EDGE_LOOP ( 'NONE', ( #1574, #126 ) ) ;
#2962 = CARTESIAN_POINT ( 'NONE',  ( 10.50000000000373600, -8.205133554287294400E-015, 65.75000000000021300 ) ) ;
#2963 = VECTOR ( 'NONE', #4276, 1000.000000000000000 ) ;
#2964 = SURFACE_STYLE_USAGE ( .BOTH. , #3975 ) ;
#2965 = UNCERTAINTY_MEASURE_WITH_UNIT (LENGTH_MEASURE( 1.000000000000000100E-005 ), #2818, 'distance_accuracy_value', 'NONE');
#2966 = DIRECTION ( 'NONE',  ( -1.000000000000000000, -0.0000000000000000000, -0.0000000000000000000 ) ) ;
#2967 = AXIS2_PLACEMENT_3D ( 'NONE', #1324, #645, #3719 ) ;
#2968 = DIRECTION ( 'NONE',  ( -0.0000000000000000000, -0.0000000000000000000, -1.000000000000000000 ) ) ;
#2969 = DIRECTION ( 'NONE',  ( 0.0000000000000000000, 0.0000000000000000000, 1.000000000000000000 ) ) ;
#2970 = CIRCLE ( 'NONE', #4082, 3.249930000000001300 ) ;
#2971 = PLANE ( 'NONE',  #1804 ) ;
#2972 = DIRECTION ( 'NONE',  ( 1.000000000000000000, 0.0000000000000000000, 0.0000000000000000000 ) ) ;
#2973 = DIRECTION ( 'NONE',  ( 0.0000000000000000000, 1.000000000000000000, 2.449293598294705600E-017 ) ) ;
#2974 = AXIS2_PLACEMENT_3D ( 'NONE', #1404, #3824, #3123 ) ;
#2975 = EDGE_CURVE ( 'NONE', #503, #2470, #1994, .T. ) ;
#2976 = DIRECTION ( 'NONE',  ( 1.000000000000000000, -0.0000000000000000000, 0.0000000000000000000 ) ) ;
#2977 = DIRECTION ( 'NONE',  ( 1.000000000000000000, 0.0000000000000000000, 0.0000000000000000000 ) ) ;
#2978 = CARTESIAN_POINT ( 'NONE',  ( 8.750000000000000000, 31.80000000000000100, 80.90000000000000600 ) ) ;
#2979 = CARTESIAN_POINT ( 'NONE',  ( -3.750000000000000000, 31.80000000000000100, 1.600000000000004100 ) ) ;
#2980 = DIRECTION ( 'NONE',  ( -1.000000000000000000, 0.0000000000000000000, 0.0000000000000000000 ) ) ;
#2981 = LINE ( 'NONE', #830, #124 ) ;
#2982 = CARTESIAN_POINT ( 'NONE',  ( -18.35181795883132200, -14.08184519828838400, 85.11225999999999200 ) ) ;
#2983 = ORIENTED_EDGE ( 'NONE', *, *, #3442, .F. ) ;
#2984 = CARTESIAN_POINT ( 'NONE',  ( -1.250000000000000400, 28.86144357025108700, 6.400000000000000400 ) ) ;
#2985 = CARTESIAN_POINT ( 'NONE',  ( -3.750000000000000900, 28.29733300403390200, 6.400000000000000400 ) ) ;
#2986 = EDGE_LOOP ( 'NONE', ( #423, #1424, #1528, #1483 ) ) ;
#2987 = EDGE_CURVE ( 'NONE', #1442, #3068, #3080, .T. ) ;
#2988 = VERTEX_POINT ( 'NONE', #1226 ) ;
#2989 = DIRECTION ( 'NONE',  ( 0.0000000000000000000, 0.0000000000000000000, -1.000000000000000000 ) ) ;
#2990 = DIRECTION ( 'NONE',  ( 1.000000000000000000, 0.0000000000000000000, 0.0000000000000000000 ) ) ;
#2991 = EDGE_LOOP ( 'NONE', ( #1732, #1702, #3429, #3836, #3200, #4312, #2908, #3230 ) ) ;
#2992 = EDGE_LOOP ( 'NONE', ( #520, #2145, #699, #1310 ) ) ;
#2993 = LINE ( 'NONE', #458, #3842 ) ;
#2994 = ORIENTED_EDGE ( 'NONE', *, *, #4133, .T. ) ;
#2995 = VERTEX_POINT ( 'NONE', #868 ) ;
#2996 = ORIENTED_EDGE ( 'NONE', *, *, #1514, .F. ) ;
#2997 = CYLINDRICAL_SURFACE ( 'NONE', #1764, 6.349999999999994300 ) ;
#2998 = DIRECTION ( 'NONE',  ( 0.0000000000000000000, 1.000000000000000000, 0.0000000000000000000 ) ) ;
#2999 = EDGE_CURVE ( 'NONE', #1176, #2238, #4, .T. ) ;
#3000 = CARTESIAN_POINT ( 'NONE',  ( 10.50000000000373600, -8.110223427353373700E-015, 68.25000000000021300 ) ) ;
#3001 = CARTESIAN_POINT ( 'NONE',  ( 16.90000000000000200, -9.919639073093561200E-015, 81.00000000000000000 ) ) ;
#3002 = EDGE_LOOP ( 'NONE', ( #4045, #1565, #1578, #3733 ) ) ;
#3003 = ORIENTED_EDGE ( 'NONE', *, *, #666, .F. ) ;
#3004 = VECTOR ( 'NONE', #205, 1000.000000000000000 ) ;
#3005 = CARTESIAN_POINT ( 'NONE',  ( -10.00000000000056700, 7.462500000000100700, 1.276694288111139800E-016 ) ) ;
#3006 = ORIENTED_EDGE ( 'NONE', *, *, #437, .T. ) ;
#3007 = ORIENTED_EDGE ( 'NONE', *, *, #3062, .F. ) ;
#3008 = DIRECTION ( 'NONE',  ( 0.0000000000000000000, -0.7071067811865474600, 0.7071067811865474600 ) ) ;
#3009 = LINE ( 'NONE', #3878, #994 ) ;
#3010 = FACE_OUTER_BOUND ( 'NONE', #3702, .T. ) ;
#3011 = FILL_AREA_STYLE_COLOUR ( '', #1692 ) ;
#3012 = ORIENTED_EDGE ( 'NONE', *, *, #3344, .F. ) ;
#3013 = LINE ( 'NONE', #3017, #2911 ) ;
#3014 = EDGE_LOOP ( 'NONE', ( #25, #2179, #4163, #2572 ) ) ;
#3015 = LINE ( 'NONE', #1271, #2102 ) ;
#3016 = AXIS2_PLACEMENT_3D ( 'NONE', #1880, #1918, #4314 ) ;
#3017 = CARTESIAN_POINT ( 'NONE',  ( 8.749999999999998200, 24.85407370101767600, 6.400000000000000400 ) ) ;
#3018 = CARTESIAN_POINT ( 'NONE',  ( 18.75000000000000000, 31.80000000000000800, 0.0000000000000000000 ) ) ;
#3019 = DIRECTION ( 'NONE',  ( 0.0000000000000000000, 0.0000000000000000000, -1.000000000000000000 ) ) ;
#3020 = DIRECTION ( 'NONE',  ( 0.0000000000000000000, -0.7071067811865444600, 0.7071067811865505700 ) ) ;
#3021 = CARTESIAN_POINT ( 'NONE',  ( -6.250000000000000000, 27.06986938259868900, 6.400000000000000400 ) ) ;
#3022 = FACE_OUTER_BOUND ( 'NONE', #288, .T. ) ;
#3023 = CARTESIAN_POINT ( 'NONE',  ( 3.750000000000000000, 12.70000000000000600, 6.400000000000000400 ) ) ;
#3024 = LINE ( 'NONE', #1012, #1169 ) ;
#3025 = AXIS2_PLACEMENT_3D ( 'NONE', #842, #3277, #1231 ) ;
#3026 = EDGE_CURVE ( 'NONE', #1982, #3056, #2167, .T. ) ;
#3027 = CARTESIAN_POINT ( 'NONE',  ( -11.25000000000000200, 12.70000000000000600, 0.0000000000000000000 ) ) ;
#3028 = DIRECTION ( 'NONE',  ( 0.0000000000000000000, 0.0000000000000000000, -1.000000000000000000 ) ) ;
#3029 = FILL_AREA_STYLE ('',( #1991 ) ) ;
#3030 = LINE ( 'NONE', #3449, #1069 ) ;
#3031 = FACE_OUTER_BOUND ( 'NONE', #1593, .T. ) ;
#3032 = CARTESIAN_POINT ( 'NONE',  ( 9.999999999999609200, 7.462500000000163800, 5.199379999999999700 ) ) ;
#3033 = DIRECTION ( 'NONE',  ( -0.0000000000000000000, 2.449293598294706200E-017, -1.000000000000000000 ) ) ;
#3034 = ORIENTED_EDGE ( 'NONE', *, *, #2987, .T. ) ;
#3035 = VERTEX_POINT ( 'NONE', #1925 ) ;
#3036 = ORIENTED_EDGE ( 'NONE', *, *, #1128, .F. ) ;
#3037 = AXIS2_PLACEMENT_3D ( 'NONE', #1015, #3729, #2726 ) ;
#3038 = DIRECTION ( 'NONE',  ( 0.0000000000000000000, 0.0000000000000000000, 1.000000000000000000 ) ) ;
#3039 = CARTESIAN_POINT ( 'NONE',  ( 11.25000000000000000, 19.52049498885788700, 4.781142341175351500E-016 ) ) ;
#3040 = ORIENTED_EDGE ( 'NONE', *, *, #461, .T. ) ;
#3041 = DIRECTION ( 'NONE',  ( -0.0000000000000000000, -1.000000000000000000, -0.0000000000000000000 ) ) ;
#3042 = CARTESIAN_POINT ( 'NONE',  ( -21.24999999999999600, 30.19999999999998500, 80.90000000000000600 ) ) ;
#3043 = ADVANCED_FACE ( 'NONE', ( #1342 ), #188, .T. ) ;
#3044 = EDGE_LOOP ( 'NONE', ( #2125, #3120, #1198, #1436 ) ) ;
#3045 = ORIENTED_EDGE ( 'NONE', *, *, #380, .F. ) ;
#3046 =( NAMED_UNIT ( * ) PLANE_ANGLE_UNIT ( ) SI_UNIT ( $, .RADIAN. ) );
#3047 = ORIENTED_EDGE ( 'NONE', *, *, #2541, .F. ) ;
#3048 = AXIS2_PLACEMENT_3D ( 'NONE', #785, #2182, #826 ) ;
#3049 = ORIENTED_EDGE ( 'NONE', *, *, #3280, .T. ) ;
#3050 = ORIENTED_EDGE ( 'NONE', *, *, #713, .T. ) ;
#3051 = EDGE_CURVE ( 'NONE', #2081, #632, #2051, .T. ) ;
#3052 = VERTEX_POINT ( 'NONE', #3977 ) ;
#3053 = DIRECTION ( 'NONE',  ( 0.0000000000000000000, -1.000000000000000000, 0.0000000000000000000 ) ) ;
#3054 = LINE ( 'NONE', #4184, #1267 ) ;
#3055 = CARTESIAN_POINT ( 'NONE',  ( -1.250000000000000400, 31.80000000000000800, 79.29999999999995500 ) ) ;
#3056 = VERTEX_POINT ( 'NONE', #909 ) ;
#3057 = ORIENTED_EDGE ( 'NONE', *, *, #1660, .T. ) ;
#3058 = LINE ( 'NONE', #209, #756 ) ;
#3059 = VECTOR ( 'NONE', #3669, 1000.000000000000000 ) ;
#3060 = AXIS2_PLACEMENT_3D ( 'NONE', #4381, #4139, #2815 ) ;
#3061 = VECTOR ( 'NONE', #1067, 1000.000000000000000 ) ;
#3062 = EDGE_CURVE ( 'NONE', #4108, #587, #1394, .T. ) ;
#3063 = CARTESIAN_POINT ( 'NONE',  ( 4.917354801711685000, -37.35101795883130600, 85.11225999999999200 ) ) ;
#3064 = CARTESIAN_POINT ( 'NONE',  ( 24.50000000000000000, 31.80000000000000100, 92.09999999999999400 ) ) ;
#3065 = VERTEX_POINT ( 'NONE', #2387 ) ;
#3066 = DIRECTION ( 'NONE',  ( -0.0000000000000000000, -0.0000000000000000000, 1.000000000000000000 ) ) ;
#3067 = VECTOR ( 'NONE', #2607, 1000.000000000000000 ) ;
#3068 = VERTEX_POINT ( 'NONE', #3709 ) ;
#3069 = LINE ( 'NONE', #1167, #430 ) ;
#3070 = ADVANCED_FACE ( 'NONE', ( #2528 ), #654, .F. ) ;
#3071 = CARTESIAN_POINT ( 'NONE',  ( -24.50000000000000000, 30.19999999999999900, 5.815146750668674300E-018 ) ) ;
#3072 = LINE ( 'NONE', #4474, #1053 ) ;
#3073 = CARTESIAN_POINT ( 'NONE',  ( 9.999999999999609200, 6.662500000000164800, 5.199379999999999700 ) ) ;
#3074 = EDGE_CURVE ( 'NONE', #3715, #2087, #1389, .T. ) ;
#3075 = VECTOR ( 'NONE', #3361, 1000.000000000000000 ) ;
#3076 = CARTESIAN_POINT ( 'NONE',  ( 11.25000000000000000, 31.80000000000000800, 79.29999999999995500 ) ) ;
#3077 = VECTOR ( 'NONE', #2712, 1000.000000000000000 ) ;
#3078 = CARTESIAN_POINT ( 'NONE',  ( 24.50000000000000000, 31.80000000000000100, 1.600000000000004100 ) ) ;
#3079 = B_SPLINE_CURVE_WITH_KNOTS ( 'NONE', 3,
 ( #280, #1712, #1013, #1364, #3767, #4118, #2067, #4457, #297, #664 ),
 .UNSPECIFIED., .F., .F.,
 ( 4, 2, 2, 2, 4 ),
 ( 0.0000000000000000000, 0.001676351605302972200, 0.003352703210605944400, 0.005029054815908916600, 0.006705406421211888800 ),
 .UNSPECIFIED. ) ;
#3080 = LINE ( 'NONE', #535, #1872 ) ;
#3081 = DIRECTION ( 'NONE',  ( 0.0000000000000000000, 0.7071067811865505700, 0.7071067811865444600 ) ) ;
#3082 = FACE_OUTER_BOUND ( 'NONE', #1135, .T. ) ;
#3083 = CARTESIAN_POINT ( 'NONE',  ( 24.50000000000000000, 7.599999999999996100, 92.09999999999999400 ) ) ;
#3084 = CARTESIAN_POINT ( 'NONE',  ( 10.55000000000000200, -6.938893903907228400E-015, 74.65000000000000600 ) ) ;
#3085 = AXIS2_PLACEMENT_3D ( 'NONE', #2690, #904, #3345 ) ;
#3086 = CARTESIAN_POINT ( 'NONE',  ( 8.749999999999998200, 12.70000000000000600, 80.90000000000000600 ) ) ;
#3087 = ADVANCED_FACE ( 'NONE', ( #2800 ), #3091, .F. ) ;
#3088 = EDGE_LOOP ( 'NONE', ( #232, #875 ) ) ;
#3089 = CARTESIAN_POINT ( 'NONE',  ( -19.49999999999634800, 5.537200000000000300, 4.250000000000208700 ) ) ;
#3090 = CIRCLE ( 'NONE', #912, 3.249930000000000000 ) ;
#3091 = PLANE ( 'NONE',  #1560 ) ;
#3092 = ORIENTED_EDGE ( 'NONE', *, *, #3122, .T. ) ;
#3093 = ORIENTED_EDGE ( 'NONE', *, *, #732, .T. ) ;
#3094 = DIRECTION ( 'NONE',  ( 0.0000000000000000000, 1.000000000000000000, 0.0000000000000000000 ) ) ;
#3095 = ORIENTED_EDGE ( 'NONE', *, *, #2751, .F. ) ;
#3096 = EDGE_CURVE ( 'NONE', #863, #577, #3690, .T. ) ;
#3097 = ORIENTED_EDGE ( 'NONE', *, *, #4352, .T. ) ;
#3098 = CARTESIAN_POINT ( 'NONE',  ( -13.75000000000000000, 12.70000000000000600, 0.0000000000000000000 ) ) ;
#3099 = DIRECTION ( 'NONE',  ( -0.0000000000000000000, -0.0000000000000000000, 1.000000000000000000 ) ) ;
#3100 = EDGE_LOOP ( 'NONE', ( #4010, #1076, #446, #2738, #3381, #1051, #47, #3177, #2357, #2124, #1090, #1423, #3844, #1130, #2694, #1635, #2955, #3321 ) ) ;
#3101 = ORIENTED_EDGE ( 'NONE', *, *, #307, .F. ) ;
#3102 = EDGE_CURVE ( 'NONE', #38, #790, #854, .T. ) ;
#3103 = EDGE_LOOP ( 'NONE', ( #706, #4097, #1708, #3207 ) ) ;
#3104 = LINE ( 'NONE', #1931, #2192 ) ;
#3105 = CARTESIAN_POINT ( 'NONE',  ( 1.667424801711684200, -37.35101795883130600, 81.00000000000000000 ) ) ;
#3106 = CARTESIAN_POINT ( 'NONE',  ( 24.50000000000000000, 30.19999999999999900, 5.815146750668674300E-018 ) ) ;
#3107 = DIRECTION ( 'NONE',  ( 1.000000000000000000, 0.0000000000000000000, -0.0000000000000000000 ) ) ;
#3108 = ORIENTED_EDGE ( 'NONE', *, *, #2361, .T. ) ;
#3109 = ORIENTED_EDGE ( 'NONE', *, *, #1282, .F. ) ;
#3110 = CARTESIAN_POINT ( 'NONE',  ( -13.75000000000000000, 31.80000000000000800, 1.600000000000011200 ) ) ;
#3111 = AXIS2_PLACEMENT_3D ( 'NONE', #1196, #3610, #1562 ) ;
#3112 = FACE_OUTER_BOUND ( 'NONE', #3784, .T. ) ;
#3113 = VECTOR ( 'NONE', #1884, 1000.000000000000000 ) ;
#3114 = VECTOR ( 'NONE', #851, 1000.000000000000000 ) ;
#3115 = ORIENTED_EDGE ( 'NONE', *, *, #3096, .F. ) ;
#3116 = LINE ( 'NONE', #4076, #1914 ) ;
#3117 = LINE ( 'NONE', #2688, #1153 ) ;
#3118 = ADVANCED_FACE ( 'NONE', ( #902 ), #2217, .F. ) ;
#3119 = CIRCLE ( 'NONE', #3253, 11.43000000000000000 ) ;
#3120 = ORIENTED_EDGE ( 'NONE', *, *, #2381, .F. ) ;
#3121 = DIRECTION ( 'NONE',  ( 0.0000000000000000000, -0.7071067811865444600, 0.7071067811865505700 ) ) ;
#3122 = EDGE_CURVE ( 'NONE', #408, #2624, #554, .T. ) ;
#3123 = DIRECTION ( 'NONE',  ( -1.000000000000000000, 0.0000000000000000000, 0.0000000000000000000 ) ) ;
#3124 = CARTESIAN_POINT ( 'NONE',  ( -19.49999999999634400, 5.537199999999992400, 67.00000000000021300 ) ) ;
#3125 = VECTOR ( 'NONE', #3121, 1000.000000000000000 ) ;
#3126 = EDGE_LOOP ( 'NONE', ( #1246, #2022, #3996 ) ) ;
#3127 = DIRECTION ( 'NONE',  ( 0.0000000000000000000, 1.000000000000000000, 0.0000000000000000000 ) ) ;
#3128 = CARTESIAN_POINT ( 'NONE',  ( 1.249999999999999600, 28.86144357025108300, 6.400000000000000400 ) ) ;
#3129 = VECTOR ( 'NONE', #2957, 1000.000000000000000 ) ;
#3130 = EDGE_CURVE ( 'NONE', #1786, #2294, #4401, .T. ) ;
#3131 = CIRCLE ( 'NONE', #1852, 0.7999999999999986000 ) ;
#3132 = EDGE_CURVE ( 'NONE', #3052, #1743, #417, .T. ) ;
#3133 = DIRECTION ( 'NONE',  ( -0.0000000000000000000, 2.449293598294706500E-017, -1.000000000000000000 ) ) ;
#3134 = DIRECTION ( 'NONE',  ( -0.0000000000000000000, 2.449293598294706200E-017, -1.000000000000000000 ) ) ;
#3135 = CARTESIAN_POINT ( 'NONE',  ( -24.50000000000000000, 0.0000000000000000000, 0.0000000000000000000 ) ) ;
#3136 = AXIS2_PLACEMENT_3D ( 'NONE', #3302, #3287, #1890 ) ;
#3137 = CARTESIAN_POINT ( 'NONE',  ( 10.50000000000373600, 5.537199999999992400, 67.00000000000021300 ) ) ;
#3138 =( NAMED_UNIT ( * ) SI_UNIT ( $, .STERADIAN. ) SOLID_ANGLE_UNIT ( ) );
#3139 = LINE ( 'NONE', #557, #1998 ) ;
#3140 = EDGE_CURVE ( 'NONE', #1743, #3699, #2085, .T. ) ;
#3141 =( NAMED_UNIT ( * ) PLANE_ANGLE_UNIT ( ) SI_UNIT ( $, .RADIAN. ) );
#3142 = DIRECTION ( 'NONE',  ( -1.000000000000000000, 0.0000000000000000000, 0.0000000000000000000 ) ) ;
#3143 = EDGE_CURVE ( 'NONE', #2502, #3934, #2781, .T. ) ;
#3144 = VECTOR ( 'NONE', #1052, 1000.000000000000000 ) ;
#3145 = CARTESIAN_POINT ( 'NONE',  ( 11.25000000000000000, 12.70000000000000600, 80.90000000000000600 ) ) ;
#3146 = EDGE_LOOP ( 'NONE', ( #961, #2139, #4018, #3738 ) ) ;
#3147 = CARTESIAN_POINT ( 'NONE',  ( -20.05181795883132200, -14.08184519828838400, 85.11225999999999200 ) ) ;
#3148 = ORIENTED_EDGE ( 'NONE', *, *, #110, .T. ) ;
#3149 = VECTOR ( 'NONE', #4268, 1000.000000000000000 ) ;
#3150 = ORIENTED_EDGE ( 'NONE', *, *, #2594, .F. ) ;
#3151 = EDGE_LOOP ( 'NONE', ( #4049, #359 ) ) ;
#3152 = CARTESIAN_POINT ( 'NONE',  ( 24.50000000000000000, -25.39999999999999900, 1.600000000000004100 ) ) ;
#3153 =( NAMED_UNIT ( * ) SI_UNIT ( $, .STERADIAN. ) SOLID_ANGLE_UNIT ( ) );
#3154 = ORIENTED_EDGE ( 'NONE', *, *, #3870, .T. ) ;
#3155 = ORIENTED_EDGE ( 'NONE', *, *, #560, .T. ) ;
#3156 = DIRECTION ( 'NONE',  ( 0.0000000000000000000, -1.000000000000000000, 0.0000000000000000000 ) ) ;
#3157 = ORIENTED_EDGE ( 'NONE', *, *, #2180, .F. ) ;
#3158 = ADVANCED_FACE ( 'NONE', ( #835 ), #3598, .F. ) ;
#3159 = EDGE_CURVE ( 'NONE', #3686, #4375, #1662, .T. ) ;
#3160 = ORIENTED_EDGE ( 'NONE', *, *, #1131, .F. ) ;
#3161 = ORIENTED_EDGE ( 'NONE', *, *, #405, .F. ) ;
#3162 = ORIENTED_EDGE ( 'NONE', *, *, #1688, .T. ) ;
#3163 = VECTOR ( 'NONE', #1329, 1000.000000000000000 ) ;
#3164 = DIRECTION ( 'NONE',  ( 0.0000000000000000000, 2.449293598294706200E-017, -1.000000000000000000 ) ) ;
#3165 = MECHANICAL_DESIGN_GEOMETRIC_PRESENTATION_REPRESENTATION (  '', ( #1062 ), #3837 ) ;
#3166 = DIRECTION ( 'NONE',  ( 1.000000000000000000, 0.0000000000000000000, -0.0000000000000000000 ) ) ;
#3167 = EDGE_CURVE ( 'NONE', #144, #2150, #174, .T. ) ;
#3168 = ORIENTED_EDGE ( 'NONE', *, *, #1888, .F. ) ;
#3169 = ORIENTED_EDGE ( 'NONE', *, *, #925, .F. ) ;
#3170 = CIRCLE ( 'NONE', #1089, 1.250000000000001100 ) ;
#3171 = CIRCLE ( 'NONE', #4416, 1.249999999999999300 ) ;
#3172 = VECTOR ( 'NONE', #3966, 1000.000000000000000 ) ;
#3173 = DIRECTION ( 'NONE',  ( 1.000000000000000000, 0.0000000000000000000, -0.0000000000000000000 ) ) ;
#3174 = DIRECTION ( 'NONE',  ( -0.0000000000000000000, -1.000000000000000000, -0.0000000000000000000 ) ) ;
#3175 = CARTESIAN_POINT ( 'NONE',  ( -6.250000000000000000, 30.19999999999998500, 80.90000000000000600 ) ) ;
#3176 = AXIS2_PLACEMENT_3D ( 'NONE', #2775, #4465, #3127 ) ;
#3177 = ORIENTED_EDGE ( 'NONE', *, *, #3963, .T. ) ;
#3178 = CYLINDRICAL_SURFACE ( 'NONE', #1624, 3.249930000000001800 ) ;
#3179 = CARTESIAN_POINT ( 'NONE',  ( -3.217354801711829200, -37.35101795883126400, -0.001000000000001000100 ) ) ;
#3180 = ORIENTED_EDGE ( 'NONE', *, *, #1128, .T. ) ;
#3181 = CYLINDRICAL_SURFACE ( 'NONE', #2822, 1.249999999999999300 ) ;
#3182 = CARTESIAN_POINT ( 'NONE',  ( -4.917354801711829800, -37.35101795883126400, 85.11225999999999200 ) ) ;
#3183 = VECTOR ( 'NONE', #1501, 1000.000000000000000 ) ;
#3184 = ADVANCED_FACE ( 'NONE', ( #4407 ), #3624, .F. ) ;
#3185 = DIRECTION ( 'NONE',  ( 0.0000000000000000000, 0.7071067811865444600, -0.7071067811865505700 ) ) ;
#3186 = DIRECTION ( 'NONE',  ( 0.0000000000000000000, 1.000000000000000000, 2.449293598294705600E-017 ) ) ;
#3187 = LINE ( 'NONE', #3179, #435 ) ;
#3188 = DIRECTION ( 'NONE',  ( -0.0000000000000000000, 2.449293598294706200E-017, -1.000000000000000000 ) ) ;
#3189 = DIRECTION ( 'NONE',  ( -0.0000000000000000000, 0.7071067811865474600, 0.7071067811865474600 ) ) ;
#3190 = CARTESIAN_POINT ( 'NONE',  ( -6.250000000000000000, 12.70000000000000600, 80.90000000000000600 ) ) ;
#3191 = AXIS2_PLACEMENT_3D ( 'NONE', #1969, #3965, #2989 ) ;
#3192 = CARTESIAN_POINT ( 'NONE',  ( -11.25000000000000200, 12.70000000000000600, 0.0000000000000000000 ) ) ;
#3193 = LINE ( 'NONE', #1166, #1237 ) ;
#3194 = ORIENTED_EDGE ( 'NONE', *, *, #2922, .T. ) ;
#3195 = CARTESIAN_POINT ( 'NONE',  ( -21.60174795883124700, -14.08184519828810400, 81.00000000000000000 ) ) ;
#3196 = AXIS2_PLACEMENT_3D ( 'NONE', #1667, #2711, #592 ) ;
#3197 = ADVANCED_FACE ( 'NONE', ( #1877 ), #2698, .F. ) ;
#3198 = ORIENTED_EDGE ( 'NONE', *, *, #848, .T. ) ;
#3199 = EDGE_CURVE ( 'NONE', #798, #3421, #69, .T. ) ;
#3200 = ORIENTED_EDGE ( 'NONE', *, *, #4201, .T. ) ;
#3201 = CARTESIAN_POINT ( 'NONE',  ( 1.250000000000001100, 30.19999999999998500, 80.90000000000000600 ) ) ;
#3202 = CARTESIAN_POINT ( 'NONE',  ( -11.25000000000000200, 12.70000000000000600, 0.0000000000000000000 ) ) ;
#3203 = CARTESIAN_POINT ( 'NONE',  ( -8.750000000000000000, 24.85407370101767900, 6.400000000000000400 ) ) ;
#3204 = EDGE_LOOP ( 'NONE', ( #823, #3873, #406 ) ) ;
#3205 = EDGE_LOOP ( 'NONE', ( #3488, #2783, #744, #2195, #1254, #3434, #3198, #919, #1950, #1021, #1033, #743, #1517, #1697, #2072, #4479, #37, #1723, #2288, #3592, #2915, #90, #3405, #1908, #1468, #4052, #687, #3045, #2315, #2456, #1257, #4217 ) ) ;
#3206 = VERTEX_POINT ( 'NONE', #265 ) ;
#3207 = ORIENTED_EDGE ( 'NONE', *, *, #1350, .T. ) ;
#3208 = CARTESIAN_POINT ( 'NONE',  ( -2.602085213965210600E-015, 17.49999999999999300, 4.286263797015734100E-016 ) ) ;
#3209 = DIRECTION ( 'NONE',  ( 0.0000000000000000000, 0.0000000000000000000, 1.000000000000000000 ) ) ;
#3210 = EDGE_CURVE ( 'NONE', #1302, #351, #3079, .T. ) ;
#3211 = UNCERTAINTY_MEASURE_WITH_UNIT (LENGTH_MEASURE( 1.000000000000000100E-005 ), #4366, 'distance_accuracy_value', 'NONE');
#3212 = ORIENTED_EDGE ( 'NONE', *, *, #1951, .T. ) ;
#3213 = CYLINDRICAL_SURFACE ( 'NONE', #2237, 3.249930000000001300 ) ;
#3214 = ORIENTED_EDGE ( 'NONE', *, *, #397, .F. ) ;
#3215 = LINE ( 'NONE', #900, #3952 ) ;
#3216 = LINE ( 'NONE', #2700, #1910 ) ;
#3217 = FACE_OUTER_BOUND ( 'NONE', #631, .T. ) ;
#3218 = ORIENTED_EDGE ( 'NONE', *, *, #2896, .F. ) ;
#3219 = VECTOR ( 'NONE', #3296, 1000.000000000000100 ) ;
#3220 = CARTESIAN_POINT ( 'NONE',  ( -1.250000000000000400, 12.70000000000000600, 6.400000000000000400 ) ) ;
#3221 = AXIS2_PLACEMENT_3D ( 'NONE', #1219, #2363, #2969 ) ;
#3222 = LINE ( 'NONE', #2959, #1813 ) ;
#3223 = FILL_AREA_STYLE ('',( #1049 ) ) ;
#3224 = LINE ( 'NONE', #957, #421 ) ;
#3225 = ORIENTED_EDGE ( 'NONE', *, *, #3352, .F. ) ;
#3226 = ADVANCED_FACE ( 'NONE', ( #2765 ), #2823, .F. ) ;
#3227 = VECTOR ( 'NONE', #3707, 1000.000000000000000 ) ;
#3228 = DIRECTION ( 'NONE',  ( -0.0000000000000000000, -1.000000000000000000, -0.0000000000000000000 ) ) ;
#3229 = CARTESIAN_POINT ( 'NONE',  ( -21.25000000000000000, 12.70000000000000600, 80.90000000000000600 ) ) ;
#3230 = ORIENTED_EDGE ( 'NONE', *, *, #3366, .F. ) ;
#3231 = EDGE_CURVE ( 'NONE', #1139, #3262, #3397, .T. ) ;
#3232 = LINE ( 'NONE', #1942, #2483 ) ;
#3233 = VECTOR ( 'NONE', #4248, 1000.000000000000000 ) ;
#3234 = DIRECTION ( 'NONE',  ( -1.000000000000000000, 0.0000000000000000000, 0.0000000000000000000 ) ) ;
#3235 = EDGE_CURVE ( 'NONE', #1149, #503, #1939, .T. ) ;
#3236 = VECTOR ( 'NONE', #3983, 1000.000000000000000 ) ;
#3237 = DIRECTION ( 'NONE',  ( 0.0000000000000000000, 0.0000000000000000000, -1.000000000000000000 ) ) ;
#3238 = CARTESIAN_POINT ( 'NONE',  ( -3.750000000000000000, 30.19999999999998500, 80.90000000000000600 ) ) ;
#3239 = EDGE_CURVE ( 'NONE', #750, #3246, #1066, .T. ) ;
#3240 = CYLINDRICAL_SURFACE ( 'NONE', #1278, 1.700000000000000200 ) ;
#3241 = DIRECTION ( 'NONE',  ( 0.0000000000000000000, -1.925545281678369200E-019, 1.000000000000000000 ) ) ;
#3242 = AXIS2_PLACEMENT_3D ( 'NONE', #2647, #2608, #2252 ) ;
#3243 = DIRECTION ( 'NONE',  ( -1.000000000000000000, 0.0000000000000000000, 0.0000000000000000000 ) ) ;
#3244 = FACE_OUTER_BOUND ( 'NONE', #4362, .T. ) ;
#3245 = AXIS2_PLACEMENT_3D ( 'NONE', #2001, #2383, #973 ) ;
#3246 = VERTEX_POINT ( 'NONE', #388 ) ;
#3247 = DIRECTION ( 'NONE',  ( 0.0000000000000000000, 1.000000000000000000, 2.449293598294706500E-017 ) ) ;
#3248 = DIRECTION ( 'NONE',  ( -0.0000000000000000000, -1.000000000000000000, -0.0000000000000000000 ) ) ;
#3249 = ORIENTED_EDGE ( 'NONE', *, *, #599, .F. ) ;
#3250 = CARTESIAN_POINT ( 'NONE',  ( -5.633200248810371800, -40.82942982594751400, 81.82942982594748600 ) ) ;
#3251 = ORIENTED_EDGE ( 'NONE', *, *, #1026, .T. ) ;
#3252 = ORIENTED_EDGE ( 'NONE', *, *, #1422, .F. ) ;
#3253 = AXIS2_PLACEMENT_3D ( 'NONE', #3991, #532, #1559 ) ;
#3254 = EDGE_CURVE ( 'NONE', #2470, #503, #1832, .T. ) ;
#3255 = ORIENTED_EDGE ( 'NONE', *, *, #2016, .F. ) ;
#3256 = ORIENTED_EDGE ( 'NONE', *, *, #1050, .T. ) ;
#3257 = ORIENTED_EDGE ( 'NONE', *, *, #4490, .T. ) ;
#3258 = DIRECTION ( 'NONE',  ( 1.000000000000000000, 0.0000000000000000000, -0.0000000000000000000 ) ) ;
#3259 = PLANE ( 'NONE',  #369 ) ;
#3260 = VECTOR ( 'NONE', #843, 1000.000000000000000 ) ;
#3261 = ORIENTED_EDGE ( 'NONE', *, *, #397, .T. ) ;
#3262 = VERTEX_POINT ( 'NONE', #3314 ) ;
#3263 = ORIENTED_EDGE ( 'NONE', *, *, #3978, .T. ) ;
#3264 = LINE ( 'NONE', #1799, #1264 ) ;
#3265 = ORIENTED_EDGE ( 'NONE', *, *, #3102, .F. ) ;
#3266 = VERTEX_POINT ( 'NONE', #3195 ) ;
#3267 = LINE ( 'NONE', #176, #644 ) ;
#3268 = LINE ( 'NONE', #3697, #4488 ) ;
#3269 = AXIS2_PLACEMENT_3D ( 'NONE', #720, #1072, #1443 ) ;
#3270 = CARTESIAN_POINT ( 'NONE',  ( 24.50000000000000000, 31.80000000000000100, 79.29999999999996900 ) ) ;
#3271 = VERTEX_POINT ( 'NONE', #1116 ) ;
#3272 = PLANE ( 'NONE',  #2041 ) ;
#3273 = PRESENTATION_STYLE_ASSIGNMENT (( #2801 ) ) ;
#3274 = AXIS2_PLACEMENT_3D ( 'NONE', #838, #2926, #1519 ) ;
#3275 = ORIENTED_EDGE ( 'NONE', *, *, #4360, .T. ) ;
#3276 = SURFACE_STYLE_USAGE ( .BOTH. , #2941 ) ;
#3277 = DIRECTION ( 'NONE',  ( -0.0000000000000000000, 1.000000000000000000, -0.0000000000000000000 ) ) ;
#3278 = CARTESIAN_POINT ( 'NONE',  ( -1.250000000000000400, 12.70000000000000600, 0.0000000000000000000 ) ) ;
#3279 = MECHANICAL_DESIGN_GEOMETRIC_PRESENTATION_REPRESENTATION (  '', ( #2659 ), #3425 ) ;
#3280 = EDGE_CURVE ( 'NONE', #1413, #2253, #1663, .T. ) ;
#3281 =( LENGTH_UNIT ( ) NAMED_UNIT ( * ) SI_UNIT ( .MILLI., .METRE. ) );
#3282 = CARTESIAN_POINT ( 'NONE',  ( -15.10188795883124500, -14.08184519828810400, 81.00000000000000000 ) ) ;
#3283 = DIRECTION ( 'NONE',  ( -0.0000000000000000000, -1.000000000000000000, -0.0000000000000000000 ) ) ;
#3284 = LINE ( 'NONE', #449, #3969 ) ;
#3285 = EDGE_CURVE ( 'NONE', #587, #4315, #4298, .T. ) ;
#3286 = CIRCLE ( 'NONE', #1508, 1.700000000000000200 ) ;
#3287 = DIRECTION ( 'NONE',  ( 0.0000000000000000000, 0.0000000000000000000, -1.000000000000000000 ) ) ;
#3288 = CARTESIAN_POINT ( 'NONE',  ( 13.74999999999999800, 12.70000000000000600, 0.0000000000000000000 ) ) ;
#3289 = EDGE_CURVE ( 'NONE', #1188, #2304, #953, .T. ) ;
#3290 = VECTOR ( 'NONE', #2671, 1000.000000000000000 ) ;
#3291 = CYLINDRICAL_SURFACE ( 'NONE', #2533, 11.43000000000000000 ) ;
#3292 = DIRECTION ( 'NONE',  ( 0.0000000000000000000, 0.0000000000000000000, 1.000000000000000000 ) ) ;
#3293 = CARTESIAN_POINT ( 'NONE',  ( 16.90000000000000200, -25.39999999999999900, 81.00000000000000000 ) ) ;
#3294 = DIRECTION ( 'NONE',  ( 0.0000000000000000000, 0.0000000000000000000, -1.000000000000000000 ) ) ;
#3295 = LINE ( 'NONE', #1193, #2170 ) ;
#3296 = DIRECTION ( 'NONE',  ( -0.0000000000000000000, -0.7071067811865474600, -0.7071067811865474600 ) ) ;
#3297 = DIRECTION ( 'NONE',  ( -0.0000000000000000000, -0.7071067811865474600, -0.7071067811865474600 ) ) ;
#3298 = AXIS2_PLACEMENT_3D ( 'NONE', #3472, #3828, #1768 ) ;
#3299 = ORIENTED_EDGE ( 'NONE', *, *, #1660, .F. ) ;
#3300 = EDGE_CURVE ( 'NONE', #3932, #2622, #781, .T. ) ;
#3301 = CARTESIAN_POINT ( 'NONE',  ( 9.999999999999609200, 8.262500000000162700, 1.472637775974731200E-016 ) ) ;
#3302 = CARTESIAN_POINT ( 'NONE',  ( -18.35181795883132200, -23.91655480171161900, 85.11225999999999200 ) ) ;
#3303 = ORIENTED_EDGE ( 'NONE', *, *, #380, .T. ) ;
#3304 = VERTEX_POINT ( 'NONE', #4216 ) ;
#3305 = LINE ( 'NONE', #1498, #3149 ) ;
#3306 = DIRECTION ( 'NONE',  ( 0.0000000000000000000, 0.0000000000000000000, -1.000000000000000000 ) ) ;
#3307 = ORIENTED_EDGE ( 'NONE', *, *, #799, .T. ) ;
#3308 = CARTESIAN_POINT ( 'NONE',  ( 16.25000000000000000, 12.70000000000000600, 80.90000000000000600 ) ) ;
#3309 = DIRECTION ( 'NONE',  ( 0.0000000000000000000, 0.7071067811865505700, 0.7071067811865444600 ) ) ;
#3310 = DIRECTION ( 'NONE',  ( 0.0000000000000000000, 1.000000000000000000, 0.0000000000000000000 ) ) ;
#3311 = ORIENTED_EDGE ( 'NONE', *, *, #722, .T. ) ;
#3312 = DIRECTION ( 'NONE',  ( 0.0000000000000000000, 1.000000000000000000, 0.0000000000000000000 ) ) ;
#3313 = ORIENTED_EDGE ( 'NONE', *, *, #4039, .T. ) ;
#3314 = CARTESIAN_POINT ( 'NONE',  ( -18.75000000000000000, 31.80000000000000800, 1.600000000000011200 ) ) ;
#3315 = VERTEX_POINT ( 'NONE', #3469 ) ;
#3316 = DIRECTION ( 'NONE',  ( 0.0000000000000000000, 0.0000000000000000000, -1.000000000000000000 ) ) ;
#3317 = ORIENTED_EDGE ( 'NONE', *, *, #390, .F. ) ;
#3318 = CARTESIAN_POINT ( 'NONE',  ( 18.75000000000000000, 31.80000000000000100, 80.90000000000000600 ) ) ;
#3319 = DIRECTION ( 'NONE',  ( 0.0000000000000000000, 2.449293598294706200E-017, -1.000000000000000000 ) ) ;
#3320 = ORIENTED_EDGE ( 'NONE', *, *, #2922, .F. ) ;
#3321 = ORIENTED_EDGE ( 'NONE', *, *, #1104, .T. ) ;
#3322 = VECTOR ( 'NONE', #538, 1000.000000000000100 ) ;
#3323 = LINE ( 'NONE', #2412, #2409 ) ;
#3324 = VECTOR ( 'NONE', #3019, 1000.000000000000000 ) ;
#3325 = VECTOR ( 'NONE', #1017, 1000.000000000000100 ) ;
#3326 = ORIENTED_EDGE ( 'NONE', *, *, #3074, .F. ) ;
#3327 = VECTOR ( 'NONE', #2280, 1000.000000000000000 ) ;
#3328 = VECTOR ( 'NONE', #1986, 1000.000000000000000 ) ;
#3329 = CARTESIAN_POINT ( 'NONE',  ( -24.50000000000000000, -41.60000000000000900, 92.09999999999999400 ) ) ;
#3330 = LINE ( 'NONE', #2703, #3799 ) ;
#3331 = FILL_AREA_STYLE_COLOUR ( '', #3365 ) ;
#3332 = LINE ( 'NONE', #1453, #2422 ) ;
#3333 = PLANE ( 'NONE',  #53 ) ;
#3334 = ORIENTED_EDGE ( 'NONE', *, *, #2670, .F. ) ;
#3335 = AXIS2_PLACEMENT_3D ( 'NONE', #2696, #944, #3710 ) ;
#3336 = CARTESIAN_POINT ( 'NONE',  ( 10.50000000000373600, 5.537200000000000300, 3.000000000000211400 ) ) ;
#3337 = SURFACE_STYLE_FILL_AREA ( #1451 ) ;
#3338 = ORIENTED_EDGE ( 'NONE', *, *, #3504, .F. ) ;
#3339 = CARTESIAN_POINT ( 'NONE',  ( -21.25000000000000000, 12.70000000000000600, 80.90000000000000600 ) ) ;
#3340 = AXIS2_PLACEMENT_3D ( 'NONE', #4293, #3631, #2251 ) ;
#3341 = CARTESIAN_POINT ( 'NONE',  ( 11.25000000000000000, 15.47950501114209500, 6.400000000000000400 ) ) ;
#3342 = VECTOR ( 'NONE', #2162, 1000.000000000000000 ) ;
#3343 = DIRECTION ( 'NONE',  ( -0.0000000000000000000, -0.0000000000000000000, 1.000000000000000000 ) ) ;
#3344 = EDGE_CURVE ( 'NONE', #2351, #4203, #3765, .T. ) ;
#3345 = DIRECTION ( 'NONE',  ( 0.0000000000000000000, 0.0000000000000000000, -1.000000000000000000 ) ) ;
#3346 = CARTESIAN_POINT ( 'NONE',  ( 13.74999999999999800, 12.70000000000000600, 0.0000000000000000000 ) ) ;
#3347 = FACE_OUTER_BOUND ( 'NONE', #3002, .T. ) ;
#3348 = DIRECTION ( 'NONE',  ( 0.0000000000000000000, -1.000000000000000000, 0.0000000000000000000 ) ) ;
#3349 = EDGE_CURVE ( 'NONE', #2427, #2466, #117, .T. ) ;
#3350 = CARTESIAN_POINT ( 'NONE',  ( 16.90000000000000200, 0.0000000000000000000, 0.0000000000000000000 ) ) ;
#3351 = FACE_OUTER_BOUND ( 'NONE', #2177, .T. ) ;
#3352 = EDGE_CURVE ( 'NONE', #4375, #3685, #9, .T. ) ;
#3353 = ORIENTED_EDGE ( 'NONE', *, *, #1236, .F. ) ;
#3354 = DIRECTION ( 'NONE',  ( 1.000000000000000000, 0.0000000000000000000, 0.0000000000000000000 ) ) ;
#3355 = DIRECTION ( 'NONE',  ( -0.0000000000000000000, -1.000000000000000000, -0.0000000000000000000 ) ) ;
#3356 = ORIENTED_EDGE ( 'NONE', *, *, #627, .T. ) ;
#3357 = DIRECTION ( 'NONE',  ( -1.000000000000000000, 0.0000000000000000000, 0.0000000000000000000 ) ) ;
#3358 = ORIENTED_EDGE ( 'NONE', *, *, #683, .F. ) ;
#3359 = VERTEX_POINT ( 'NONE', #3881 ) ;
#3360 = EDGE_CURVE ( 'NONE', #1901, #3544, #1774, .T. ) ;
#3361 = DIRECTION ( 'NONE',  ( -0.0000000000000000000, -0.0000000000000000000, -1.000000000000000000 ) ) ;
#3362 = VERTEX_POINT ( 'NONE', #4234 ) ;
#3363 = ORIENTED_EDGE ( 'NONE', *, *, #242, .T. ) ;
#3364 = ORIENTED_EDGE ( 'NONE', *, *, #1569, .F. ) ;
#3365 = COLOUR_RGB ( '',0.9098039215686274400, 0.4431372549019607600, 0.03137254901960784300 ) ;
#3366 = EDGE_CURVE ( 'NONE', #2466, #4203, #2881, .T. ) ;
#3367 = CARTESIAN_POINT ( 'NONE',  ( 24.50000000000000000, -41.60000000000000900, 90.50000000000000000 ) ) ;
#3368 = EDGE_LOOP ( 'NONE', ( #2898, #2860, #452, #1948 ) ) ;
#3369 = VERTEX_POINT ( 'NONE', #3089 ) ;
#3370 =( GEOMETRIC_REPRESENTATION_CONTEXT ( 3 ) GLOBAL_UNCERTAINTY_ASSIGNED_CONTEXT ( ( #279 ) ) GLOBAL_UNIT_ASSIGNED_CONTEXT ( ( #8, #1756, #3138 ) ) REPRESENTATION_CONTEXT ( 'NONE', 'WORKASPACE' ) );
#3371 = VERTEX_POINT ( 'NONE', #291 ) ;
#3372 = VECTOR ( 'NONE', #353, 1000.000000000000000 ) ;
#3373 = CARTESIAN_POINT ( 'NONE',  ( 21.25000000000000000, 12.70000000000000600, 80.90000000000000600 ) ) ;
#3374 = EDGE_CURVE ( 'NONE', #4391, #3359, #2693, .T. ) ;
#3375 = DIRECTION ( 'NONE',  ( -0.0000000000000000000, -1.000000000000000000, -0.0000000000000000000 ) ) ;
#3376 = ORIENTED_EDGE ( 'NONE', *, *, #1522, .T. ) ;
#3377 = LINE ( 'NONE', #3373, #2088 ) ;
#3378 = SURFACE_STYLE_FILL_AREA ( #780 ) ;
#3379 = FACE_OUTER_BOUND ( 'NONE', #3858, .T. ) ;
#3380 = DIRECTION ( 'NONE',  ( -0.0000000000000000000, 2.449293598294706200E-017, -1.000000000000000000 ) ) ;
#3381 = ORIENTED_EDGE ( 'NONE', *, *, #2322, .T. ) ;
#3382 = DIRECTION ( 'NONE',  ( -1.000000000000000000, 0.0000000000000000000, 0.0000000000000000000 ) ) ;
#3383 = ORIENTED_EDGE ( 'NONE', *, *, #4187, .F. ) ;
#3384 = CARTESIAN_POINT ( 'NONE',  ( 6.249999999999999100, 12.70000000000000600, 80.90000000000000600 ) ) ;
#3385 = CARTESIAN_POINT ( 'NONE',  ( -1.250000000000000400, 28.86144357025108700, 6.400000000000000400 ) ) ;
#3386 = EDGE_CURVE ( 'NONE', #3573, #930, #2225, .T. ) ;
#3387 = LINE ( 'NONE', #4392, #1161 ) ;
#3388 = DIRECTION ( 'NONE',  ( 0.0000000000000000000, -0.0000000000000000000, -1.000000000000000000 ) ) ;
#3389 = VECTOR ( 'NONE', #11, 1000.000000000000000 ) ;
#3390 = AXIS2_PLACEMENT_3D ( 'NONE', #612, #2740, #2103 ) ;
#3391 = EDGE_CURVE ( 'NONE', #1078, #2155, #1612, .T. ) ;
#3392 = CARTESIAN_POINT ( 'NONE',  ( 6.617354801711838000, -37.35101795883126400, 92.09999999999999400 ) ) ;
#3393 = AXIS2_PLACEMENT_3D ( 'NONE', #278, #2766, #3783 ) ;
#3394 = CIRCLE ( 'NONE', #319, 12.40000000000000000 ) ;
#3395 = CARTESIAN_POINT ( 'NONE',  ( 6.249999999999999100, 12.70000000000000600, 80.90000000000000600 ) ) ;
#3396 = VECTOR ( 'NONE', #594, 1000.000000000000100 ) ;
#3397 = LINE ( 'NONE', #2175, #899 ) ;
#3398 = CARTESIAN_POINT ( 'NONE',  ( -19.49999999999634400, 6.288275773784443200, 67.00000000000021300 ) ) ;
#3399 = DIRECTION ( 'NONE',  ( 0.0000000000000000000, 1.000000000000000000, 0.0000000000000000000 ) ) ;
#3400 = DIRECTION ( 'NONE',  ( 0.0000000000000000000, 0.0000000000000000000, -1.000000000000000000 ) ) ;
#3401 = ORIENTED_EDGE ( 'NONE', *, *, #3967, .T. ) ;
#3402 = CARTESIAN_POINT ( 'NONE',  ( 24.50000000000000000, 31.80000000000000100, 1.600000000000004100 ) ) ;
#3403 = LINE ( 'NONE', #3796, #2499 ) ;
#3404 = DIRECTION ( 'NONE',  ( -0.0000000000000000000, -1.000000000000000000, -0.0000000000000000000 ) ) ;
#3405 = ORIENTED_EDGE ( 'NONE', *, *, #3680, .T. ) ;
#3406 = CARTESIAN_POINT ( 'NONE',  ( 24.50000000000000000, 31.80000000000000100, 79.29999999999996900 ) ) ;
#3407 = CARTESIAN_POINT ( 'NONE',  ( 16.25000000000000000, 30.19999999999998500, 80.90000000000000600 ) ) ;
#3408 = ORIENTED_EDGE ( 'NONE', *, *, #4408, .T. ) ;
#3409 = LINE ( 'NONE', #901, #2718 ) ;
#3410 = ADVANCED_FACE ( 'NONE', ( #2544 ), #440, .F. ) ;
#3411 = DIRECTION ( 'NONE',  ( 1.000000000000000000, -0.0000000000000000000, 0.0000000000000000000 ) ) ;
#3412 = ORIENTED_EDGE ( 'NONE', *, *, #4408, .F. ) ;
#3413 = ORIENTED_EDGE ( 'NONE', *, *, #405, .T. ) ;
#3414 = CARTESIAN_POINT ( 'NONE',  ( -3.750000000000000900, 31.80000000000000800, 0.0000000000000000000 ) ) ;
#3415 = PRODUCT ( '34249', '34249', '', ( #4157 ) ) ;
#3416 = ORIENTED_EDGE ( 'NONE', *, *, #4046, .F. ) ;
#3417 = VERTEX_POINT ( 'NONE', #2209 ) ;
#3418 = ORIENTED_EDGE ( 'NONE', *, *, #1834, .F. ) ;
#3419 = ADVANCED_FACE ( 'NONE', ( #4245 ), #3240, .F. ) ;
#3420 = VERTEX_POINT ( 'NONE', #1856 ) ;
#3421 = VERTEX_POINT ( 'NONE', #817 ) ;
#3422 = AXIS2_PLACEMENT_3D ( 'NONE', #3078, #611, #976 ) ;
#3423 = VECTOR ( 'NONE', #2299, 1000.000000000000000 ) ;
#3424 = LINE ( 'NONE', #2752, #1370 ) ;
#3425 =( GEOMETRIC_REPRESENTATION_CONTEXT ( 3 ) GLOBAL_UNCERTAINTY_ASSIGNED_CONTEXT ( ( #1118 ) ) GLOBAL_UNIT_ASSIGNED_CONTEXT ( ( #1759, #3141, #3546 ) ) REPRESENTATION_CONTEXT ( 'NONE', 'WORKASPACE' ) );
#3426 = LINE ( 'NONE', #2978, #1911 ) ;
#3427 = EDGE_CURVE ( 'NONE', #2183, #3573, #558, .T. ) ;
#3428 = DIRECTION ( 'NONE',  ( -0.0000000000000000000, -0.0000000000000000000, 1.000000000000000000 ) ) ;
#3429 = ORIENTED_EDGE ( 'NONE', *, *, #476, .F. ) ;
#3430 = VECTOR ( 'NONE', #3683, 1000.000000000000000 ) ;
#3431 = LINE ( 'NONE', #2012, #4230 ) ;
#3432 = LINE ( 'NONE', #600, #4014 ) ;
#3433 = CYLINDRICAL_SURFACE ( 'NONE', #3638, 0.7999999999999986000 ) ;
#3434 = ORIENTED_EDGE ( 'NONE', *, *, #889, .T. ) ;
#3435 = FACE_OUTER_BOUND ( 'NONE', #1191, .T. ) ;
#3436 = EDGE_CURVE ( 'NONE', #1354, #934, #2439, .T. ) ;
#3437 = ORIENTED_EDGE ( 'NONE', *, *, #4236, .T. ) ;
#3438 = ADVANCED_FACE ( 'NONE', ( #3347 ), #507, .F. ) ;
#3439 = DIRECTION ( 'NONE',  ( 0.0000000000000000000, 0.0000000000000000000, 1.000000000000000000 ) ) ;
#3440 = DIRECTION ( 'NONE',  ( 0.0000000000000000000, -0.0000000000000000000, -1.000000000000000000 ) ) ;
#3441 = CARTESIAN_POINT ( 'NONE',  ( 18.74999999999999600, 30.19999999999998500, 80.90000000000000600 ) ) ;
#3442 = EDGE_CURVE ( 'NONE', #3480, #2183, #3139, .T. ) ;
#3443 = DIRECTION ( 'NONE',  ( 0.0000000000000000000, 2.449293598294706200E-017, -1.000000000000000000 ) ) ;
#3444 = AXIS2_PLACEMENT_3D ( 'NONE', #94, #2550, #1805 ) ;
#3445 = ADVANCED_FACE ( 'NONE', ( #4193 ), #3333, .F. ) ;
#3446 = DIRECTION ( 'NONE',  ( -1.000000000000000000, -0.0000000000000000000, -0.0000000000000000000 ) ) ;
#3447 = CARTESIAN_POINT ( 'NONE',  ( -11.25000000000000200, 12.70000000000000600, 80.90000000000000600 ) ) ;
#3448 = FACE_BOUND ( 'NONE', #3877, .T. ) ;
#3449 = CARTESIAN_POINT ( 'NONE',  ( -24.50000000000000000, 9.199999999999999300, 92.09999999999999400 ) ) ;
#3450 = DIRECTION ( 'NONE',  ( 0.0000000000000000000, 0.7071067811865444600, -0.7071067811865505700 ) ) ;
#3451 = EDGE_CURVE ( 'NONE', #134, #2951, #1715, .T. ) ;
#3452 = DIRECTION ( 'NONE',  ( -0.0000000000000000000, -0.7071067811865474600, -0.7071067811865474600 ) ) ;
#3453 = CARTESIAN_POINT ( 'NONE',  ( -19.49999999999634800, 5.537200000000000300, 4.250000000000208700 ) ) ;
#3454 = DIRECTION ( 'NONE',  ( 0.0000000000000000000, 1.000000000000000000, 0.0000000000000000000 ) ) ;
#3455 = ADVANCED_FACE ( 'NONE', ( #1347 ), #1932, .F. ) ;
#3456 = ORIENTED_EDGE ( 'NONE', *, *, #1707, .F. ) ;
#3457 = EDGE_LOOP ( 'NONE', ( #749, #3721 ) ) ;
#3458 = VECTOR ( 'NONE', #1687, 1000.000000000000000 ) ;
#3459 = ADVANCED_FACE ( 'NONE', ( #3448, #1610, #2110, #3973, #1934 ), #211, .F. ) ;
#3460 = ORIENTED_EDGE ( 'NONE', *, *, #1739, .F. ) ;
#3461 = ORIENTED_EDGE ( 'NONE', *, *, #3300, .F. ) ;
#3462 = DIRECTION ( 'NONE',  ( -1.000000000000000000, 0.0000000000000000000, 0.0000000000000000000 ) ) ;
#3463 = AXIS2_PLACEMENT_3D ( 'NONE', #2889, #779, #1488 ) ;
#3464 = DIRECTION ( 'NONE',  ( -0.0000000000000000000, -1.000000000000000000, -0.0000000000000000000 ) ) ;
#3465 = ORIENTED_EDGE ( 'NONE', *, *, #367, .F. ) ;
#3466 = ORIENTED_EDGE ( 'NONE', *, *, #774, .F. ) ;
#3467 = EDGE_CURVE ( 'NONE', #4372, #1432, #3664, .T. ) ;
#3468 = VERTEX_POINT ( 'NONE', #1988 ) ;
#3469 = CARTESIAN_POINT ( 'NONE',  ( -19.49999999999634400, 5.537199999999992400, 65.75000000000021300 ) ) ;
#3470 = EDGE_LOOP ( 'NONE', ( #237, #2716, #2134, #986 ) ) ;
#3471 = ORIENTED_EDGE ( 'NONE', *, *, #1455, .T. ) ;
#3472 = CARTESIAN_POINT ( 'NONE',  ( 24.50000000000000000, 30.19999999999998500, 80.90000000000000600 ) ) ;
#3473 = EDGE_LOOP ( 'NONE', ( #3622, #345, #3749, #3576 ) ) ;
#3474 = PRESENTATION_LAYER_ASSIGNMENT (  '', '', ( #2185 ) ) ;
#3475 = FACE_OUTER_BOUND ( 'NONE', #2992, .T. ) ;
#3476 = CARTESIAN_POINT ( 'NONE',  ( -15.10188795883124500, -14.08184519828810400, 85.11225999999999200 ) ) ;
#3477 = DIRECTION ( 'NONE',  ( 0.0000000000000000000, -0.0000000000000000000, -1.000000000000000000 ) ) ;
#3478 = UNCERTAINTY_MEASURE_WITH_UNIT (LENGTH_MEASURE( 1.000000000000000100E-005 ), #1849, 'distance_accuracy_value', 'NONE');
#3479 = EDGE_LOOP ( 'NONE', ( #3536, #2724, #2807, #3255 ) ) ;
#3480 = VERTEX_POINT ( 'NONE', #3039 ) ;
#3481 = SURFACE_SIDE_STYLE ('',( #3556 ) ) ;
#3482 = LINE ( 'NONE', #2264, #2408 ) ;
#3483 = ADVANCED_FACE ( 'NONE', ( #2763 ), #2729, .F. ) ;
#3484 = FACE_OUTER_BOUND ( 'NONE', #294, .T. ) ;
#3485 = CIRCLE ( 'NONE', #4379, 1.700000000000000200 ) ;
#3486 = VECTOR ( 'NONE', #3887, 1000.000000000000000 ) ;
#3487 = MECHANICAL_DESIGN_GEOMETRIC_PRESENTATION_REPRESENTATION (  '', ( #4190 ), #146 ) ;
#3488 = ORIENTED_EDGE ( 'NONE', *, *, #606, .T. ) ;
#3489 = EDGE_CURVE ( 'NONE', #4367, #1895, #2436, .T. ) ;
#3490 = PLANE ( 'NONE',  #4020 ) ;
#3491 = LINE ( 'NONE', #1545, #4126 ) ;
#3492 = CARTESIAN_POINT ( 'NONE',  ( 9.999999999999609200, 7.462500000000163800, 5.199379999999999700 ) ) ;
#3493 = VERTEX_POINT ( 'NONE', #1295 ) ;
#3494 = ADVANCED_FACE ( 'NONE', ( #551 ), #1682, .F. ) ;
#3495 = CARTESIAN_POINT ( 'NONE',  ( -1.250000000000000400, 31.80000000000000800, 0.0000000000000000000 ) ) ;
#3496 = LINE ( 'NONE', #2699, #1650 ) ;
#3497 = DIRECTION ( 'NONE',  ( -1.000000000000000000, 0.0000000000000000000, 0.0000000000000000000 ) ) ;
#3498 = DIRECTION ( 'NONE',  ( -1.000000000000000000, 0.0000000000000000000, 0.0000000000000000000 ) ) ;
#3499 = CARTESIAN_POINT ( 'NONE',  ( -6.250000000000000000, 12.70000000000000600, 0.0000000000000000000 ) ) ;
#3500 = MECHANICAL_DESIGN_GEOMETRIC_PRESENTATION_REPRESENTATION (  '', ( #182 ), #3940 ) ;
#3501 = EDGE_CURVE ( 'NONE', #4333, #3891, #2220, .T. ) ;
#3502 = PLANE ( 'NONE',  #268 ) ;
#3503 = DIRECTION ( 'NONE',  ( 0.0000000000000000000, 0.0000000000000000000, -1.000000000000000000 ) ) ;
#3504 = EDGE_CURVE ( 'NONE', #2035, #2795, #3286, .T. ) ;
#3505 = DIRECTION ( 'NONE',  ( -0.0000000000000000000, -0.0000000000000000000, -1.000000000000000000 ) ) ;
#3506 = CARTESIAN_POINT ( 'NONE',  ( -11.25000000000000200, 31.80000000000000800, 0.0000000000000000000 ) ) ;
#3507 = EDGE_CURVE ( 'NONE', #1412, #2247, #2378, .T. ) ;
#3508 = FILL_AREA_STYLE ('',( #1719 ) ) ;
#3509 = DIRECTION ( 'NONE',  ( -0.0000000000000000000, -1.000000000000000000, -0.0000000000000000000 ) ) ;
#3510 = VECTOR ( 'NONE', #3981, 1000.000000000000000 ) ;
#3511 = FACE_OUTER_BOUND ( 'NONE', #1497, .T. ) ;
#3512 = ADVANCED_FACE ( 'NONE', ( #1343 ), #4085, .F. ) ;
#3513 = EDGE_CURVE ( 'NONE', #980, #2026, #1771, .T. ) ;
#3514 = LINE ( 'NONE', #321, #2832 ) ;
#3515 = DIRECTION ( 'NONE',  ( 0.0000000000000000000, -1.000000000000000000, 0.0000000000000000000 ) ) ;
#3516 = DIRECTION ( 'NONE',  ( -0.0000000000000000000, 2.449293598294706200E-017, -1.000000000000000000 ) ) ;
#3517 = ORIENTED_EDGE ( 'NONE', *, *, #4133, .F. ) ;
#3518 = EDGE_CURVE ( 'NONE', #4289, #2427, #381, .T. ) ;
#3519 = EDGE_LOOP ( 'NONE', ( #259, #3720, #4232, #3882, #910, #2843 ) ) ;
#3520 = ORIENTED_EDGE ( 'NONE', *, *, #1441, .F. ) ;
#3521 = DIRECTION ( 'NONE',  ( -0.0000000000000000000, -0.7071067811865474600, -0.7071067811865474600 ) ) ;
#3522 = ORIENTED_EDGE ( 'NONE', *, *, #4192, .T. ) ;
#3523 = ORIENTED_EDGE ( 'NONE', *, *, #3722, .F. ) ;
#3524 = EDGE_LOOP ( 'NONE', ( #1845, #477 ) ) ;
#3525 = DIRECTION ( 'NONE',  ( -1.000000000000000000, 0.0000000000000000000, 0.0000000000000000000 ) ) ;
#3526 = ORIENTED_EDGE ( 'NONE', *, *, #2279, .F. ) ;
#3527 = EDGE_LOOP ( 'NONE', ( #543, #4270, #2230, #4322, #2173, #3855, #236, #346 ) ) ;
#3528 = ORIENTED_EDGE ( 'NONE', *, *, #1603, .F. ) ;
#3529 = FILL_AREA_STYLE_COLOUR ( '', #2640 ) ;
#3530 = CARTESIAN_POINT ( 'NONE',  ( 24.50000000000000000, 30.19999999999999900, 5.815146750668674300E-018 ) ) ;
#3531 = LINE ( 'NONE', #2221, #1853 ) ;
#3532 = MECHANICAL_DESIGN_GEOMETRIC_PRESENTATION_REPRESENTATION (  '', ( #1120 ), #1594 ) ;
#3533 = DIRECTION ( 'NONE',  ( -0.0000000000000000000, -0.0000000000000000000, 1.000000000000000000 ) ) ;
#3534 = EDGE_CURVE ( 'NONE', #2795, #827, #1661, .T. ) ;
#3535 = VERTEX_POINT ( 'NONE', #4437 ) ;
#3536 = ORIENTED_EDGE ( 'NONE', *, *, #3, .F. ) ;
#3537 = LINE ( 'NONE', #911, #39 ) ;
#3538 = LINE ( 'NONE', #3190, #3637 ) ;
#3539 = ADVANCED_FACE ( 'NONE', ( #2164 ), #949, .F. ) ;
#3540 = CYLINDRICAL_SURFACE ( 'NONE', #2478, 1.250000000000001100 ) ;
#3541 = CARTESIAN_POINT ( 'NONE',  ( 6.249999999999999100, 30.19999999999998500, 80.90000000000000600 ) ) ;
#3542 = SURFACE_SIDE_STYLE ('',( #3337 ) ) ;
#3543 = CARTESIAN_POINT ( 'NONE',  ( -21.60174795883124700, -14.08184519828810400, 85.11225999999999200 ) ) ;
#3544 = VERTEX_POINT ( 'NONE', #3135 ) ;
#3545 = EDGE_LOOP ( 'NONE', ( #2665, #539, #3553, #1368 ) ) ;
#3546 =( NAMED_UNIT ( * ) SI_UNIT ( $, .STERADIAN. ) SOLID_ANGLE_UNIT ( ) );
#3547 = VECTOR ( 'NONE', #3292, 1000.000000000000000 ) ;
#3548 = CARTESIAN_POINT ( 'NONE',  ( -16.25000000000000000, 31.80000000000000800, 79.29999999999995500 ) ) ;
#3549 = ORIENTED_EDGE ( 'NONE', *, *, #3815, .F. ) ;
#3550 = LINE ( 'NONE', #1990, #2480 ) ;
#3551 = CARTESIAN_POINT ( 'NONE',  ( 12.32100351122072400, -17.57335418892139200, 80.74817533609024200 ) ) ;
#3552 = AXIS2_PLACEMENT_3D ( 'NONE', #3814, #3174, #383 ) ;
#3553 = ORIENTED_EDGE ( 'NONE', *, *, #3507, .F. ) ;
#3554 = CARTESIAN_POINT ( 'NONE',  ( 13.74999999999999800, 30.19999999999999900, 0.0000000000000000000 ) ) ;
#3555 = CARTESIAN_POINT ( 'NONE',  ( 21.25000000000000000, 31.80000000000000800, 0.0000000000000000000 ) ) ;
#3556 = SURFACE_STYLE_FILL_AREA ( #3745 ) ;
#3557 = ADVANCED_FACE ( 'NONE', ( #2819 ), #281, .F. ) ;
#3558 = CARTESIAN_POINT ( 'NONE',  ( 12.40000000000000000, -18.71570335370559600, 80.72453701939500100 ) ) ;
#3559 = CARTESIAN_POINT ( 'NONE',  ( -2.326730946636039600E-015, -19.00000000000001100, 92.09999999999999400 ) ) ;
#3560 = CARTESIAN_POINT ( 'NONE',  ( 24.50000000000000000, 30.19999999999998500, 80.90000000000000600 ) ) ;
#3561 = SURFACE_STYLE_USAGE ( .BOTH. , #395 ) ;
#3562 = VECTOR ( 'NONE', #610, 1000.000000000000000 ) ;
#3563 = STYLED_ITEM ( 'NONE', ( #165 ), #4172 ) ;
#3564 = CARTESIAN_POINT ( 'NONE',  ( -16.25000000000000000, 31.80000000000000800, 0.0000000000000000000 ) ) ;
#3565 = DIRECTION ( 'NONE',  ( -0.0000000000000000000, -0.0000000000000000000, -1.000000000000000000 ) ) ;
#3566 = CARTESIAN_POINT ( 'NONE',  ( -24.50000000000000000, -41.60000000000000900, 82.59999999999999400 ) ) ;
#3567 = ORIENTED_EDGE ( 'NONE', *, *, #4008, .T. ) ;
#3568 = EDGE_CURVE ( 'NONE', #3271, #4289, #3670, .T. ) ;
#3569 = EDGE_LOOP ( 'NONE', ( #2780, #317, #2886, #3734, #83, #3148 ) ) ;
#3570 = AXIS2_PLACEMENT_3D ( 'NONE', #1780, #2129, #2465 ) ;
#3571 = CARTESIAN_POINT ( 'NONE',  ( -21.25000000000000000, 31.80000000000000800, 0.0000000000000000000 ) ) ;
#3572 = CARTESIAN_POINT ( 'NONE',  ( 8.750000000000000000, 31.80000000000000100, 1.600000000000004100 ) ) ;
#3573 = VERTEX_POINT ( 'NONE', #3554 ) ;
#3574 = ORIENTED_EDGE ( 'NONE', *, *, #3972, .T. ) ;
#3575 = DIRECTION ( 'NONE',  ( 0.0000000000000000000, -0.7071067811865475700, 0.7071067811865475700 ) ) ;
#3576 = ORIENTED_EDGE ( 'NONE', *, *, #3122, .F. ) ;
#3577 = ORIENTED_EDGE ( 'NONE', *, *, #3374, .T. ) ;
#3578 = CARTESIAN_POINT ( 'NONE',  ( 4.917354801711685000, -37.35101795883130600, 85.11225999999999200 ) ) ;
#3579 = CARTESIAN_POINT ( 'NONE',  ( 24.50000000000000000, -40.00000000000002800, 81.00000000000000000 ) ) ;
#3580 = DIRECTION ( 'NONE',  ( -0.0000000000000000000, -1.000000000000000000, -0.0000000000000000000 ) ) ;
#3581 = EDGE_LOOP ( 'NONE', ( #3256, #534, #2265, #3621 ) ) ;
#3582 = ORIENTED_EDGE ( 'NONE', *, *, #4459, .T. ) ;
#3583 = EDGE_CURVE ( 'NONE', #2838, #3065, #3714, .T. ) ;
#3584 = LINE ( 'NONE', #150, #3113 ) ;
#3585 = EDGE_CURVE ( 'NONE', #852, #235, #3193, .T. ) ;
#3586 = ORIENTED_EDGE ( 'NONE', *, *, #1104, .F. ) ;
#3587 = FACE_OUTER_BOUND ( 'NONE', #3524, .T. ) ;
#3588 = PLANE ( 'NONE',  #3048 ) ;
#3589 = VECTOR ( 'NONE', #1063, 1000.000000000000000 ) ;
#3590 = LINE ( 'NONE', #1506, #1754 ) ;
#3591 = EDGE_CURVE ( 'NONE', #4113, #3802, #3871, .T. ) ;
#3592 = ORIENTED_EDGE ( 'NONE', *, *, #1317, .T. ) ;
#3593 = VECTOR ( 'NONE', #4380, 1000.000000000000000 ) ;
#3594 = ORIENTED_EDGE ( 'NONE', *, *, #2451, .T. ) ;
#3595 = EDGE_CURVE ( 'NONE', #1543, #2988, #2981, .T. ) ;
#3596 = CARTESIAN_POINT ( 'NONE',  ( -10.37327817037604300, 12.70000000000000600, 6.400000000000000400 ) ) ;
#3597 = SURFACE_SIDE_STYLE ('',( #3869 ) ) ;
#3598 = PLANE ( 'NONE',  #1648 ) ;
#3599 = DIRECTION ( 'NONE',  ( 0.0000000000000000000, 0.0000000000000000000, -1.000000000000000000 ) ) ;
#3600 = CARTESIAN_POINT ( 'NONE',  ( 24.50000000000000000, 31.80000000000000100, 1.600000000000004100 ) ) ;
#3601 = DIRECTION ( 'NONE',  ( 1.000000000000000000, 0.0000000000000000000, -0.0000000000000000000 ) ) ;
#3602 = SURFACE_STYLE_USAGE ( .BOTH. , #858 ) ;
#3603 = DIRECTION ( 'NONE',  ( -0.0000000000000000000, -1.000000000000000000, -0.0000000000000000000 ) ) ;
#3604 = DIRECTION ( 'NONE',  ( 1.000000000000000000, 0.0000000000000000000, -0.0000000000000000000 ) ) ;
#3605 = VECTOR ( 'NONE', #2880, 1000.000000000000000 ) ;
#3606 = AXIS2_PLACEMENT_3D ( 'NONE', #4215, #2870, #3209 ) ;
#3607 = CIRCLE ( 'NONE', #2701, 0.7999999999999986000 ) ;
#3608 = EDGE_CURVE ( 'NONE', #1428, #1442, #1351, .T. ) ;
#3609 = CARTESIAN_POINT ( 'NONE',  ( 3.750000000000000000, 31.80000000000000800, 79.29999999999995500 ) ) ;
#3610 = DIRECTION ( 'NONE',  ( 0.0000000000000000000, -1.000000000000000000, 0.0000000000000000000 ) ) ;
#3611 = AXIS2_PLACEMENT_3D ( 'NONE', #1711, #2758, #2404 ) ;
#3612 = LINE ( 'NONE', #1722, #2059 ) ;
#3613 =( NAMED_UNIT ( * ) SI_UNIT ( $, .STERADIAN. ) SOLID_ANGLE_UNIT ( ) );
#3614 = EDGE_LOOP ( 'NONE', ( #3263, #2682 ) ) ;
#3615 = DIRECTION ( 'NONE',  ( 0.0000000000000000000, -0.0000000000000000000, -1.000000000000000000 ) ) ;
#3616 = DIRECTION ( 'NONE',  ( 0.0000000000000000000, 2.449293598294706200E-017, -1.000000000000000000 ) ) ;
#3617 = CARTESIAN_POINT ( 'NONE',  ( -19.49999999999634800, -2.724839128103117800E-016, 3.000000000000210900 ) ) ;
#3618 = ORIENTED_EDGE ( 'NONE', *, *, #2670, .T. ) ;
#3619 = ORIENTED_EDGE ( 'NONE', *, *, #1346, .T. ) ;
#3620 = ORIENTED_EDGE ( 'NONE', *, *, #2322, .F. ) ;
#3621 = ORIENTED_EDGE ( 'NONE', *, *, #4395, .T. ) ;
#3622 = ORIENTED_EDGE ( 'NONE', *, *, #4418, .F. ) ;
#3623 = DIRECTION ( 'NONE',  ( 0.0000000000000000000, -0.7071067811865444600, 0.7071067811865505700 ) ) ;
#3624 = PLANE ( 'NONE',  #137 ) ;
#3625 = CARTESIAN_POINT ( 'NONE',  ( 10.50000000000373600, -2.724839128103118300E-016, 4.250000000000211400 ) ) ;
#3626 = ORIENTED_EDGE ( 'NONE', *, *, #1006, .T. ) ;
#3627 = ORIENTED_EDGE ( 'NONE', *, *, #91, .T. ) ;
#3628 = ORIENTED_EDGE ( 'NONE', *, *, #3534, .F. ) ;
#3629 = VECTOR ( 'NONE', #1689, 1000.000000000000000 ) ;
#3630 = DIRECTION ( 'NONE',  ( -1.000000000000000000, 0.0000000000000000000, 0.0000000000000000000 ) ) ;
#3631 = DIRECTION ( 'NONE',  ( 0.0000000000000000000, -1.000000000000000000, 0.0000000000000000000 ) ) ;
#3632 = DIRECTION ( 'NONE',  ( -0.0000000000000000000, -1.000000000000000000, -0.0000000000000000000 ) ) ;
#3633 = EDGE_CURVE ( 'NONE', #2026, #1586, #1175, .T. ) ;
#3634 = ORIENTED_EDGE ( 'NONE', *, *, #3722, .T. ) ;
#3635 = ORIENTED_EDGE ( 'NONE', *, *, #3771, .F. ) ;
#3636 = VECTOR ( 'NONE', #4060, 1000.000000000000000 ) ;
#3637 = VECTOR ( 'NONE', #2479, 1000.000000000000000 ) ;
#3638 = AXIS2_PLACEMENT_3D ( 'NONE', #427, #3188, #2181 ) ;
#3639 = DIRECTION ( 'NONE',  ( 0.0000000000000000000, -0.7071067811865475700, -0.7071067811865475700 ) ) ;
#3640 = DIRECTION ( 'NONE',  ( 0.0000000000000000000, 2.449293598294706200E-017, -1.000000000000000000 ) ) ;
#3641 = VERTEX_POINT ( 'NONE', #634 ) ;
#3642 = ORIENTED_EDGE ( 'NONE', *, *, #542, .T. ) ;
#3643 = FILL_AREA_STYLE ('',( #2260 ) ) ;
#3644 = LINE ( 'NONE', #879, #2203 ) ;
#3645 = FACE_OUTER_BOUND ( 'NONE', #2986, .T. ) ;
#3646 = CARTESIAN_POINT ( 'NONE',  ( 16.90000000000000200, -25.39999999999999900, 81.00000000000000000 ) ) ;
#3647 = AXIS2_PLACEMENT_3D ( 'NONE', #4290, #2968, #2935 ) ;
#3648 = VERTEX_POINT ( 'NONE', #1371 ) ;
#3649 = CARTESIAN_POINT ( 'NONE',  ( 24.50000000000000000, 31.80000000000000100, 79.29999999999996900 ) ) ;
#3650 = DIRECTION ( 'NONE',  ( -0.0000000000000000000, -1.000000000000000000, -0.0000000000000000000 ) ) ;
#3651 = FACE_OUTER_BOUND ( 'NONE', #251, .T. ) ;
#3652 = ORIENTED_EDGE ( 'NONE', *, *, #4260, .F. ) ;
#3653 = CARTESIAN_POINT ( 'NONE',  ( -18.75000000000000000, 12.70000000000000600, 80.90000000000000600 ) ) ;
#3654 = CARTESIAN_POINT ( 'NONE',  ( -10.00000000000056700, 7.462500000000100700, 5.199379999999999700 ) ) ;
#3655 = CARTESIAN_POINT ( 'NONE',  ( 3.750000000000000000, 30.19999999999998500, 80.90000000000000600 ) ) ;
#3656 = CARTESIAN_POINT ( 'NONE',  ( -16.65181795883132300, -14.08184519828838400, 85.11225999999999200 ) ) ;
#3657 = DIRECTION ( 'NONE',  ( 0.0000000000000000000, -1.000000000000000000, 0.0000000000000000000 ) ) ;
#3658 = AXIS2_PLACEMENT_3D ( 'NONE', #512, #3687, #1614 ) ;
#3659 = EDGE_CURVE ( 'NONE', #96, #4375, #4464, .T. ) ;
#3660 = CARTESIAN_POINT ( 'NONE',  ( 24.50000000000000000, 30.19999999999998500, 80.90000000000000600 ) ) ;
#3661 = FACE_OUTER_BOUND ( 'NONE', #2906, .T. ) ;
#3662 = CARTESIAN_POINT ( 'NONE',  ( -19.49999999999634400, 5.537199999999992400, 67.00000000000021300 ) ) ;
#3663 = CARTESIAN_POINT ( 'NONE',  ( -1.667424801711828700, -37.35101795883126400, 85.11225999999999200 ) ) ;
#3664 = LINE ( 'NONE', #4394, #1505 ) ;
#3665 = EDGE_CURVE ( 'NONE', #1092, #1139, #1721, .T. ) ;
#3666 = CARTESIAN_POINT ( 'NONE',  ( 10.50000000000373600, 5.537199999999992400, 67.00000000000021300 ) ) ;
#3667 = VECTOR ( 'NONE', #2953, 1000.000000000000000 ) ;
#3668 = CARTESIAN_POINT ( 'NONE',  ( 10.55000000000000200, -41.60000000000000900, 74.65000000000000600 ) ) ;
#3669 = DIRECTION ( 'NONE',  ( 0.0000000000000000000, -1.000000000000000000, 0.0000000000000000000 ) ) ;
#3670 = LINE ( 'NONE', #3203, #2931 ) ;
#3671 = DIRECTION ( 'NONE',  ( -1.000000000000000000, 0.0000000000000000000, 0.0000000000000000000 ) ) ;
#3672 = AXIS2_PLACEMENT_3D ( 'NONE', #1260, #153, #4348 ) ;
#3673 = DIRECTION ( 'NONE',  ( -0.0000000000000000000, -1.000000000000000000, -0.0000000000000000000 ) ) ;
#3674 = DIRECTION ( 'NONE',  ( -1.000000000000000000, 0.0000000000000000000, 0.0000000000000000000 ) ) ;
#3675 = CARTESIAN_POINT ( 'NONE',  ( 18.75000000000000000, 12.70000000000000600, 0.0000000000000000000 ) ) ;
#3676 = ORIENTED_EDGE ( 'NONE', *, *, #91, .F. ) ;
#3677 = EDGE_LOOP ( 'NONE', ( #1903, #2619, #3299, #3408 ) ) ;
#3678 = CARTESIAN_POINT ( 'NONE',  ( -18.75000000000000000, 31.80000000000000800, 0.0000000000000000000 ) ) ;
#3679 = EDGE_LOOP ( 'NONE', ( #1684, #1627, #178, #314 ) ) ;
#3680 = EDGE_CURVE ( 'NONE', #1092, #1677, #3514, .T. ) ;
#3681 = CARTESIAN_POINT ( 'NONE',  ( -2.326730946636039600E-015, -19.00000000000001100, 81.00000000000000000 ) ) ;
#3682 = ORIENTED_EDGE ( 'NONE', *, *, #4443, .F. ) ;
#3683 = DIRECTION ( 'NONE',  ( 1.000000000000000000, 0.0000000000000000000, 0.0000000000000000000 ) ) ;
#3684 = CARTESIAN_POINT ( 'NONE',  ( -20.05181795883132200, -14.08184519828838400, -0.001000000000001000100 ) ) ;
#3685 = VERTEX_POINT ( 'NONE', #3530 ) ;
#3686 = VERTEX_POINT ( 'NONE', #2159 ) ;
#3687 = DIRECTION ( 'NONE',  ( 1.000000000000000000, -0.0000000000000000000, 0.0000000000000000000 ) ) ;
#3688 = ORIENTED_EDGE ( 'NONE', *, *, #946, .F. ) ;
#3689 = DIRECTION ( 'NONE',  ( -0.0000000000000000000, -0.0000000000000000000, 1.000000000000000000 ) ) ;
#3690 = LINE ( 'NONE', #2340, #3260 ) ;
#3691 = ORIENTED_EDGE ( 'NONE', *, *, #1174, .F. ) ;
#3692 = ORIENTED_EDGE ( 'NONE', *, *, #635, .F. ) ;
#3693 = LINE ( 'NONE', #1235, #4378 ) ;
#3694 = EDGE_LOOP ( 'NONE', ( #2407, #516, #3777, #2845, #3840, #2402 ) ) ;
#3695 = ORIENTED_EDGE ( 'NONE', *, *, #1016, .F. ) ;
#3696 = LINE ( 'NONE', #1654, #2519 ) ;
#3697 = CARTESIAN_POINT ( 'NONE',  ( 24.50000000000000000, 9.199999999999999300, 90.50000000000000000 ) ) ;
#3698 = EDGE_CURVE ( 'NONE', #2311, #2234, #3612, .T. ) ;
#3699 = VERTEX_POINT ( 'NONE', #2454 ) ;
#3700 =( LENGTH_UNIT ( ) NAMED_UNIT ( * ) SI_UNIT ( .MILLI., .METRE. ) );
#3701 = CARTESIAN_POINT ( 'NONE',  ( 16.25000000000000000, 30.19999999999999900, 0.0000000000000000000 ) ) ;
#3702 = EDGE_LOOP ( 'NONE', ( #3383, #1548, #4347, #177 ) ) ;
#3703 = AXIS2_PLACEMENT_3D ( 'NONE', #3499, #1696, #4160 ) ;
#3704 = DIRECTION ( 'NONE',  ( 1.000000000000000000, 0.0000000000000000000, -0.0000000000000000000 ) ) ;
#3705 = DIRECTION ( 'NONE',  ( -1.000000000000000000, 0.0000000000000000000, 0.0000000000000000000 ) ) ;
#3706 = EDGE_CURVE ( 'NONE', #3371, #2888, #3769, .T. ) ;
#3707 = DIRECTION ( 'NONE',  ( -0.0000000000000000000, -0.0000000000000000000, 1.000000000000000000 ) ) ;
#3708 = CARTESIAN_POINT ( 'NONE',  ( 1.249999999999999600, 12.70000000000000600, 6.400000000000000400 ) ) ;
#3709 = CARTESIAN_POINT ( 'NONE',  ( 16.90000000000000200, -25.39999999999999900, 1.600000000000004100 ) ) ;
#3710 = DIRECTION ( 'NONE',  ( -1.000000000000000000, 0.0000000000000000000, 0.0000000000000000000 ) ) ;
#3711 = LINE ( 'NONE', #3572, #4034 ) ;
#3712 = AXIS2_PLACEMENT_3D ( 'NONE', #365, #681, #3462 ) ;
#3713 = DIRECTION ( 'NONE',  ( 1.000000000000000000, 0.0000000000000000000, 0.0000000000000000000 ) ) ;
#3714 = LINE ( 'NONE', #1826, #1835 ) ;
#3715 = VERTEX_POINT ( 'NONE', #1061 ) ;
#3716 = CARTESIAN_POINT ( 'NONE',  ( -18.35181795883132200, -14.08184519828838400, 85.11225999999999200 ) ) ;
#3717 = ORIENTED_EDGE ( 'NONE', *, *, #3706, .T. ) ;
#3718 = DIRECTION ( 'NONE',  ( -1.000000000000000000, 0.0000000000000000000, 0.0000000000000000000 ) ) ;
#3719 = DIRECTION ( 'NONE',  ( 1.000000000000000000, 0.0000000000000000000, 0.0000000000000000000 ) ) ;
#3720 = ORIENTED_EDGE ( 'NONE', *, *, #723, .F. ) ;
#3721 = ORIENTED_EDGE ( 'NONE', *, *, #1655, .F. ) ;
#3722 = EDGE_CURVE ( 'NONE', #2336, #3934, #14, .T. ) ;
#3723 = CIRCLE ( 'NONE', #730, 6.349999999999994300 ) ;
#3724 = ADVANCED_FACE ( 'NONE', ( #2883 ), #783, .F. ) ;
#3725 = ORIENTED_EDGE ( 'NONE', *, *, #2917, .F. ) ;
#3726 = ORIENTED_EDGE ( 'NONE', *, *, #3391, .T. ) ;
#3727 = ORIENTED_EDGE ( 'NONE', *, *, #3451, .T. ) ;
#3728 = AXIS2_PLACEMENT_3D ( 'NONE', #1025, #286, #2793 ) ;
#3729 = DIRECTION ( 'NONE',  ( 1.000000000000000000, -0.0000000000000000000, 0.0000000000000000000 ) ) ;
#3730 = EDGE_CURVE ( 'NONE', #581, #293, #960, .T. ) ;
#3731 = CARTESIAN_POINT ( 'NONE',  ( 11.25000000000000000, 31.80000000000000800, 1.600000000000011200 ) ) ;
#3732 = ORIENTED_EDGE ( 'NONE', *, *, #1831, .F. ) ;
#3733 = ORIENTED_EDGE ( 'NONE', *, *, #723, .T. ) ;
#3734 = ORIENTED_EDGE ( 'NONE', *, *, #3159, .F. ) ;
#3735 = DIRECTION ( 'NONE',  ( -0.0000000000000000000, -0.0000000000000000000, -1.000000000000000000 ) ) ;
#3736 = DIRECTION ( 'NONE',  ( 0.0000000000000000000, -0.7071067811865444600, 0.7071067811865505700 ) ) ;
#3737 = CARTESIAN_POINT ( 'NONE',  ( 24.50000000000000000, 31.80000000000000100, 6.123233995737214700E-018 ) ) ;
#3738 = ORIENTED_EDGE ( 'NONE', *, *, #4340, .T. ) ;
#3739 = ORIENTED_EDGE ( 'NONE', *, *, #2770, .F. ) ;
#3740 = LINE ( 'NONE', #2925, #4282 ) ;
#3741 = FACE_BOUND ( 'NONE', #4272, .T. ) ;
#3742 = EDGE_CURVE ( 'NONE', #2239, #4444, #2603, .T. ) ;
#3743 = EDGE_LOOP ( 'NONE', ( #3586, #1690, #864, #3691 ) ) ;
#3744 = FACE_OUTER_BOUND ( 'NONE', #1262, .T. ) ;
#3745 = FILL_AREA_STYLE ('',( #2719 ) ) ;
#3746 = ADVANCED_FACE ( 'NONE', ( #3082 ), #4266, .F. ) ;
#3747 = VECTOR ( 'NONE', #3601, 1000.000000000000000 ) ;
#3748 = UNCERTAINTY_MEASURE_WITH_UNIT (LENGTH_MEASURE( 1.000000000000000100E-005 ), #2808, 'distance_accuracy_value', 'NONE');
#3749 = ORIENTED_EDGE ( 'NONE', *, *, #3821, .T. ) ;
#3750 = DIRECTION ( 'NONE',  ( -0.0000000000000000000, 2.449293598294706200E-017, -1.000000000000000000 ) ) ;
#3751 = PLANE ( 'NONE',  #861 ) ;
#3752 = EDGE_CURVE ( 'NONE', #2637, #4159, #958, .T. ) ;
#3753 = VECTOR ( 'NONE', #2928, 1000.000000000000000 ) ;
#3754 = CARTESIAN_POINT ( 'NONE',  ( 9.999999999999609200, 8.262500000000162700, 5.199379999999999700 ) ) ;
#3755 = AXIS2_PLACEMENT_3D ( 'NONE', #4259, #3671, #908 ) ;
#3756 = ADVANCED_FACE ( 'NONE', ( #3511 ), #3588, .F. ) ;
#3757 = DIRECTION ( 'NONE',  ( 0.0000000000000000000, -1.000000000000000000, -1.925545281678369200E-019 ) ) ;
#3758 = CARTESIAN_POINT ( 'NONE',  ( 10.50000000000373600, 5.537200000000000300, 1.750000000000211800 ) ) ;
#3759 = FACE_OUTER_BOUND ( 'NONE', #1095, .T. ) ;
#3760 = DIRECTION ( 'NONE',  ( -0.0000000000000000000, 0.7071067811865474600, 0.7071067811865474600 ) ) ;
#3761 = AXIS2_PLACEMENT_3D ( 'NONE', #1570, #1590, #3312 ) ;
#3762 = ADVANCED_FACE ( 'NONE', ( #2826 ), #1292, .F. ) ;
#3763 = DIRECTION ( 'NONE',  ( -1.000000000000000000, 0.0000000000000000000, 0.0000000000000000000 ) ) ;
#3764 = DIRECTION ( 'NONE',  ( 0.0000000000000000000, -1.000000000000000000, -2.449293598294706200E-017 ) ) ;
#3765 = LINE ( 'NONE', #1435, #4355 ) ;
#3766 = SURFACE_SIDE_STYLE ('',( #357 ) ) ;
#3767 = CARTESIAN_POINT ( 'NONE',  ( 11.79613974910722800, -22.86339117306854600, 80.87843349761155300 ) ) ;
#3768 = CARTESIAN_POINT ( 'NONE',  ( -8.750000000000000000, 12.70000000000000600, 6.400000000000000400 ) ) ;
#3769 = LINE ( 'NONE', #3145, #2768 ) ;
#3770 = ADVANCED_FACE ( 'NONE', ( #2599 ), #3259, .T. ) ;
#3771 = EDGE_CURVE ( 'NONE', #290, #303, #3295, .T. ) ;
#3772 = ORIENTED_EDGE ( 'NONE', *, *, #1164, .T. ) ;
#3773 = MECHANICAL_DESIGN_GEOMETRIC_PRESENTATION_REPRESENTATION (  '', ( #1787 ), #4237 ) ;
#3774 = CARTESIAN_POINT ( 'NONE',  ( 24.50000000000000000, 31.80000000000000100, 6.123233995737214700E-018 ) ) ;
#3775 = DIRECTION ( 'NONE',  ( -0.0000000000000000000, -0.0000000000000000000, 1.000000000000000000 ) ) ;
#3776 = ORIENTED_EDGE ( 'NONE', *, *, #4125, .T. ) ;
#3777 = ORIENTED_EDGE ( 'NONE', *, *, #2831, .F. ) ;
#3778 = DIRECTION ( 'NONE',  ( 1.000000000000000000, 0.0000000000000000000, 0.0000000000000000000 ) ) ;
#3779 = ORIENTED_EDGE ( 'NONE', *, *, #3698, .F. ) ;
#3780 =( GEOMETRIC_REPRESENTATION_CONTEXT ( 3 ) GLOBAL_UNCERTAINTY_ASSIGNED_CONTEXT ( ( #2890 ) ) GLOBAL_UNIT_ASSIGNED_CONTEXT ( ( #1152, #1507, #4249 ) ) REPRESENTATION_CONTEXT ( 'NONE', 'WORKASPACE' ) );
#3781 = VERTEX_POINT ( 'NONE', #2587 ) ;
#3782 = ORIENTED_EDGE ( 'NONE', *, *, #549, .F. ) ;
#3783 = DIRECTION ( 'NONE',  ( -1.000000000000000000, 0.0000000000000000000, 0.0000000000000000000 ) ) ;
#3784 = EDGE_LOOP ( 'NONE', ( #4279, #1887, #3401, #639 ) ) ;
#3785 = DIRECTION ( 'NONE',  ( -0.0000000000000000000, 2.449293598294706200E-017, -1.000000000000000000 ) ) ;
#3786 = ADVANCED_FACE ( 'NONE', ( #1616 ), #337, .F. ) ;
#3787 = VERTEX_POINT ( 'NONE', #945 ) ;
#3788 = EDGE_LOOP ( 'NONE', ( #3626, #3049, #692, #1580 ) ) ;
#3789 = VECTOR ( 'NONE', #4055, 1000.000000000000000 ) ;
#3790 = EDGE_CURVE ( 'NONE', #4473, #1199, #3711, .T. ) ;
#3791 = CARTESIAN_POINT ( 'NONE',  ( 24.50000000000000000, 31.80000000000000100, 92.09999999999999400 ) ) ;
#3792 = LINE ( 'NONE', #3447, #1854 ) ;
#3793 = ORIENTED_EDGE ( 'NONE', *, *, #1757, .T. ) ;
#3794 = VERTEX_POINT ( 'NONE', #3392 ) ;
#3795 = CYLINDRICAL_SURFACE ( 'NONE', #1713, 11.43000000000000000 ) ;
#3796 = CARTESIAN_POINT ( 'NONE',  ( -18.74999999999999600, 31.80000000000000100, 1.600000000000004100 ) ) ;
#3797 = ADVANCED_FACE ( 'NONE', ( #1407 ), #2373, .T. ) ;
#3798 = LINE ( 'NONE', #3555, #1744 ) ;
#3799 = VECTOR ( 'NONE', #1970, 1000.000000000000000 ) ;
#3800 = CARTESIAN_POINT ( 'NONE',  ( -16.25000000000000000, 31.80000000000000800, 1.600000000000011200 ) ) ;
#3801 = CYLINDRICAL_SURFACE ( 'NONE', #2411, 1.700000000000000200 ) ;
#3802 = VERTEX_POINT ( 'NONE', #613 ) ;
#3803 = VECTOR ( 'NONE', #4363, 1000.000000000000000 ) ;
#3804 = CARTESIAN_POINT ( 'NONE',  ( -8.750000000000000000, 12.70000000000000600, 80.90000000000000600 ) ) ;
#3805 = EDGE_LOOP ( 'NONE', ( #3358, #1239 ) ) ;
#3806 = PLANE ( 'NONE',  #3444 ) ;
#3807 = LINE ( 'NONE', #877, #107 ) ;
#3808 = CARTESIAN_POINT ( 'NONE',  ( -8.750000000000000000, 30.19999999999998500, 80.90000000000000600 ) ) ;
#3809 = AXIS2_PLACEMENT_3D ( 'NONE', #3064, #4094, #4048 ) ;
#3810 = ADVANCED_FACE ( 'NONE', ( #2120 ), #1171, .F. ) ;
#3811 = FACE_OUTER_BOUND ( 'NONE', #2452, .T. ) ;
#3812 = CARTESIAN_POINT ( 'NONE',  ( 9.999999999999609200, 6.662500000000164800, 1.080750800247578900E-016 ) ) ;
#3813 = CARTESIAN_POINT ( 'NONE',  ( 24.50000000000000000, 31.80000000000000100, 1.600000000000004100 ) ) ;
#3814 = CARTESIAN_POINT ( 'NONE',  ( 10.50000000000373600, 5.537200000000000300, 3.000000000000211400 ) ) ;
#3815 = EDGE_CURVE ( 'NONE', #2155, #1078, #3920, .T. ) ;
#3816 = CARTESIAN_POINT ( 'NONE',  ( -6.249999999999998200, 30.19999999999999900, 5.815146750668674300E-018 ) ) ;
#3817 = DIRECTION ( 'NONE',  ( 0.0000000000000000000, -0.0000000000000000000, -1.000000000000000000 ) ) ;
#3818 = SURFACE_STYLE_FILL_AREA ( #1668 ) ;
#3819 = MECHANICAL_DESIGN_GEOMETRIC_PRESENTATION_REPRESENTATION (  '', ( #2 ), #2685 ) ;
#3820 = ADVANCED_FACE ( 'NONE', ( #4411 ), #3826, .F. ) ;
#3821 = EDGE_CURVE ( 'NONE', #3480, #2624, #223, .T. ) ;
#3822 = VECTOR ( 'NONE', #3446, 1000.000000000000000 ) ;
#3823 = PLANE ( 'NONE',  #3269 ) ;
#3824 = DIRECTION ( 'NONE',  ( 0.0000000000000000000, 0.0000000000000000000, -1.000000000000000000 ) ) ;
#3825 = EDGE_CURVE ( 'NONE', #1296, #1432, #3030, .T. ) ;
#3826 = CYLINDRICAL_SURFACE ( 'NONE', #3611, 11.43000000000000000 ) ;
#3827 = CARTESIAN_POINT ( 'NONE',  ( 8.749999999999998200, 31.80000000000000800, 1.600000000000011200 ) ) ;
#3828 = DIRECTION ( 'NONE',  ( 0.0000000000000000000, 0.7071067811865505700, 0.7071067811865444600 ) ) ;
#3829 = EDGE_CURVE ( 'NONE', #750, #2458, #2005, .T. ) ;
#3830 = DIRECTION ( 'NONE',  ( 0.0000000000000000000, 2.449293598294706200E-017, -1.000000000000000000 ) ) ;
#3831 = VECTOR ( 'NONE', #3452, 1000.000000000000100 ) ;
#3832 = EDGE_LOOP ( 'NONE', ( #860, #400 ) ) ;
#3833 = ORIENTED_EDGE ( 'NONE', *, *, #4238, .T. ) ;
#3834 = ADVANCED_FACE ( 'NONE', ( #618 ), #663, .F. ) ;
#3835 = ORIENTED_EDGE ( 'NONE', *, *, #1551, .F. ) ;
#3836 = ORIENTED_EDGE ( 'NONE', *, *, #4046, .T. ) ;
#3837 =( GEOMETRIC_REPRESENTATION_CONTEXT ( 3 ) GLOBAL_UNCERTAINTY_ASSIGNED_CONTEXT ( ( #3748 ) ) GLOBAL_UNIT_ASSIGNED_CONTEXT ( ( #2808, #2510, #3924 ) ) REPRESENTATION_CONTEXT ( 'NONE', 'WORKASPACE' ) );
#3838 = CARTESIAN_POINT ( 'NONE',  ( 24.50000000000000000, 30.19999999999998500, 80.90000000000000600 ) ) ;
#3839 = VERTEX_POINT ( 'NONE', #1720 ) ;
#3840 = ORIENTED_EDGE ( 'NONE', *, *, #1514, .T. ) ;
#3841 = ORIENTED_EDGE ( 'NONE', *, *, #1074, .F. ) ;
#3842 = VECTOR ( 'NONE', #497, 1000.000000000000000 ) ;
#3843 = ADVANCED_FACE ( 'NONE', ( #1401 ), #4138, .F. ) ;
#3844 = ORIENTED_EDGE ( 'NONE', *, *, #3349, .T. ) ;
#3845 = ORIENTED_EDGE ( 'NONE', *, *, #894, .F. ) ;
#3846 = CARTESIAN_POINT ( 'NONE',  ( 8.167284801711687700, -37.35101795883130600, 81.00000000000000000 ) ) ;
#3847 = DIRECTION ( 'NONE',  ( -0.0000000000000000000, -0.0000000000000000000, 1.000000000000000000 ) ) ;
#3848 = ORIENTED_EDGE ( 'NONE', *, *, #3143, .T. ) ;
#3849 = FACE_OUTER_BOUND ( 'NONE', #2403, .T. ) ;
#3850 = LINE ( 'NONE', #3495, #3629 ) ;
#3851 = EDGE_LOOP ( 'NONE', ( #3161, #3782, #140, #4309 ) ) ;
#3852 = ORIENTED_EDGE ( 'NONE', *, *, #1985, .F. ) ;
#3853 = CIRCLE ( 'NONE', #2495, 1.700000000000000200 ) ;
#3854 = CYLINDRICAL_SURFACE ( 'NONE', #1162, 0.7999999999999986000 ) ;
#3855 = ORIENTED_EDGE ( 'NONE', *, *, #1615, .T. ) ;
#3856 = CARTESIAN_POINT ( 'NONE',  ( 16.90000000000000200, -25.39999999999999900, 74.65000000000000600 ) ) ;
#3857 = VECTOR ( 'NONE', #4294, 1000.000000000000000 ) ;
#3858 = EDGE_LOOP ( 'NONE', ( #1979, #4067 ) ) ;
#3859 = CARTESIAN_POINT ( 'NONE',  ( -3.750000000000000900, 12.70000000000000600, 6.400000000000000400 ) ) ;
#3860 = VECTOR ( 'NONE', #3343, 1000.000000000000000 ) ;
#3861 = CARTESIAN_POINT ( 'NONE',  ( -13.75000000000000000, 12.70000000000000600, 0.0000000000000000000 ) ) ;
#3862 = ADVANCED_FACE ( 'NONE', ( #4197 ), #2820, .F. ) ;
#3863 = DIRECTION ( 'NONE',  ( 0.0000000000000000000, -0.0000000000000000000, -1.000000000000000000 ) ) ;
#3864 = CARTESIAN_POINT ( 'NONE',  ( -24.50000000000000000, 31.80000000000000100, 79.29999999999996900 ) ) ;
#3865 = CONICAL_SURFACE ( 'NONE', #2656, 0.7999999999999986000, 1.029744258676652100 ) ;
#3866 = AXIS2_PLACEMENT_3D ( 'NONE', #1962, #896, #3294 ) ;
#3867 = CARTESIAN_POINT ( 'NONE',  ( 10.55000000000000200, -9.919639073093561200E-015, 81.00000000000000000 ) ) ;
#3868 = CARTESIAN_POINT ( 'NONE',  ( -2.602085213965210600E-015, 17.49999999999999300, 4.286263797015734100E-016 ) ) ;
#3869 = SURFACE_STYLE_FILL_AREA ( #3915 ) ;
#3870 = EDGE_CURVE ( 'NONE', #914, #658, #3024, .T. ) ;
#3871 = LINE ( 'NONE', #2536, #1781 ) ;
#3872 = PLANE ( 'NONE',  #604 ) ;
#3873 = ORIENTED_EDGE ( 'NONE', *, *, #3513, .T. ) ;
#3874 = CIRCLE ( 'NONE', #3176, 11.43000000000000000 ) ;
#3875 = ADVANCED_FACE ( 'NONE', ( #2386 ), #4143, .T. ) ;
#3876 = ORIENTED_EDGE ( 'NONE', *, *, #1530, .F. ) ;
#3877 = EDGE_LOOP ( 'NONE', ( #800, #2344 ) ) ;
#3878 = CARTESIAN_POINT ( 'NONE',  ( -10.00000000000056700, 8.262500000000098800, 2.023728835591025600E-016 ) ) ;
#3879 = DIRECTION ( 'NONE',  ( 0.0000000000000000000, -0.0000000000000000000, -1.000000000000000000 ) ) ;
#3880 = SURFACE_STYLE_USAGE ( .BOTH. , #480 ) ;
#3881 = CARTESIAN_POINT ( 'NONE',  ( -6.800155680845194600, -40.00000000000002800, 81.00000000000000000 ) ) ;
#3882 = ORIENTED_EDGE ( 'NONE', *, *, #848, .F. ) ;
#3883 = ORIENTED_EDGE ( 'NONE', *, *, #3254, .F. ) ;
#3884 = ORIENTED_EDGE ( 'NONE', *, *, #171, .F. ) ;
#3885 = ORIENTED_EDGE ( 'NONE', *, *, #608, .T. ) ;
#3886 = ORIENTED_EDGE ( 'NONE', *, *, #3825, .T. ) ;
#3887 = DIRECTION ( 'NONE',  ( -1.000000000000000000, 0.0000000000000000000, 0.0000000000000000000 ) ) ;
#3888 = CIRCLE ( 'NONE', #640, 11.43000000000000000 ) ;
#3889 = AXIS2_PLACEMENT_3D ( 'NONE', #563, #3319, #2326 ) ;
#3890 = ORIENTED_EDGE ( 'NONE', *, *, #3210, .F. ) ;
#3891 = VERTEX_POINT ( 'NONE', #3816 ) ;
#3892 = CYLINDRICAL_SURFACE ( 'NONE', #1146, 1.250000000000001100 ) ;
#3893 = LINE ( 'NONE', #4025, #3004 ) ;
#3894 = CIRCLE ( 'NONE', #3913, 1.700000000000000200 ) ;
#3895 = DIRECTION ( 'NONE',  ( 0.0000000000000000000, 0.0000000000000000000, -1.000000000000000000 ) ) ;
#3896 = PLANE ( 'NONE',  #109 ) ;
#3897 = ORIENTED_EDGE ( 'NONE', *, *, #1530, .T. ) ;
#3898 = CARTESIAN_POINT ( 'NONE',  ( 24.50000000000000000, -40.00000000000002800, 81.00000000000000000 ) ) ;
#3899 = ORIENTED_EDGE ( 'NONE', *, *, #3235, .T. ) ;
#3900 = CYLINDRICAL_SURFACE ( 'NONE', #436, 3.249930000000001300 ) ;
#3901 = EDGE_CURVE ( 'NONE', #2405, #3955, #4358, .T. ) ;
#3902 = SURFACE_STYLE_FILL_AREA ( #3029 ) ;
#3903 = PRESENTATION_STYLE_ASSIGNMENT (( #2862 ) ) ;
#3904 = ORIENTED_EDGE ( 'NONE', *, *, #635, .T. ) ;
#3905 = ADVANCED_FACE ( 'NONE', ( #3661 ), #717, .F. ) ;
#3906 = LINE ( 'NONE', #1287, #49 ) ;
#3907 = ORIENTED_EDGE ( 'NONE', *, *, #4001, .F. ) ;
#3908 = VECTOR ( 'NONE', #1245, 1000.000000000000000 ) ;
#3909 = CARTESIAN_POINT ( 'NONE',  ( 10.62073443788140800, -25.39999999999999900, 80.99960602236845400 ) ) ;
#3910 = CARTESIAN_POINT ( 'NONE',  ( 12.39999999999999900, -19.00000000000001100, 80.72453701939498700 ) ) ;
#3911 = VECTOR ( 'NONE', #1557, 1000.000000000000000 ) ;
#3912 = LINE ( 'NONE', #4012, #1286 ) ;
#3913 = AXIS2_PLACEMENT_3D ( 'NONE', #1829, #3919, #384 ) ;
#3914 = DIRECTION ( 'NONE',  ( -0.0000000000000000000, -0.7071067811865474600, -0.7071067811865474600 ) ) ;
#3915 = FILL_AREA_STYLE ('',( #4239 ) ) ;
#3916 = COLOUR_RGB ( '',0.9098039215686274400, 0.4431372549019607600, 0.03137254901960784300 ) ;
#3917 = AXIS2_PLACEMENT_3D ( 'NONE', #1037, #2118, #343 ) ;
#3918 = DIRECTION ( 'NONE',  ( 0.0000000000000000000, 0.0000000000000000000, -1.000000000000000000 ) ) ;
#3919 = DIRECTION ( 'NONE',  ( 0.0000000000000000000, 0.0000000000000000000, 1.000000000000000000 ) ) ;
#3920 = CIRCLE ( 'NONE', #2802, 1.250000000000001100 ) ;
#3921 = LINE ( 'NONE', #2575, #1071 ) ;
#3922 = ORIENTED_EDGE ( 'NONE', *, *, #1603, .T. ) ;
#3923 = EDGE_CURVE ( 'NONE', #18, #3056, #4086, .T. ) ;
#3924 =( NAMED_UNIT ( * ) SI_UNIT ( $, .STERADIAN. ) SOLID_ANGLE_UNIT ( ) );
#3925 = ORIENTED_EDGE ( 'NONE', *, *, #3199, .T. ) ;
#3926 = LINE ( 'NONE', #4364, #964 ) ;
#3927 =( BOUNDED_CURVE ( )  B_SPLINE_CURVE ( 3, ( #2778, #2799, #4153, #4498 ),
 .UNSPECIFIED., .F., .F. ) 
 B_SPLINE_CURVE_WITH_KNOTS ( ( 4, 4 ),
 ( 2.523679048299319200, 3.759506258880266100 ),
 .UNSPECIFIED. ) 
 CURVE ( )  GEOMETRIC_REPRESENTATION_ITEM ( )  RATIONAL_B_SPLINE_CURVE ( ( 1.000000000000000000, 0.8767259686964992100, 0.8767259686964992100, 1.000000000000000000 ) ) 
 REPRESENTATION_ITEM ( '' )  );
#3928 = DIRECTION ( 'NONE',  ( -0.0000000000000000000, -0.0000000000000000000, 1.000000000000000000 ) ) ;
#3929 = CARTESIAN_POINT ( 'NONE',  ( 24.50000000000000000, 30.19999999999999900, 5.815146750668674300E-018 ) ) ;
#3930 = DIRECTION ( 'NONE',  ( -1.000000000000000000, 0.0000000000000000000, 0.0000000000000000000 ) ) ;
#3931 = ORIENTED_EDGE ( 'NONE', *, *, #2445, .F. ) ;
#3932 = VERTEX_POINT ( 'NONE', #2165 ) ;
#3933 = DIRECTION ( 'NONE',  ( 1.000000000000000000, 0.0000000000000000000, 0.0000000000000000000 ) ) ;
#3934 = VERTEX_POINT ( 'NONE', #387 ) ;
#3935 = ORIENTED_EDGE ( 'NONE', *, *, #233, .T. ) ;
#3936 = DIRECTION ( 'NONE',  ( -0.0000000000000000000, -0.0000000000000000000, 1.000000000000000000 ) ) ;
#3937 = CARTESIAN_POINT ( 'NONE',  ( -2.602085213965210600E-015, 17.49999999999999300, 4.286263797015734100E-016 ) ) ;
#3938 = ORIENTED_EDGE ( 'NONE', *, *, #3901, .T. ) ;
#3939 = LINE ( 'NONE', #816, #4058 ) ;
#3940 =( GEOMETRIC_REPRESENTATION_CONTEXT ( 3 ) GLOBAL_UNCERTAINTY_ASSIGNED_CONTEXT ( ( #2414 ) ) GLOBAL_UNIT_ASSIGNED_CONTEXT ( ( #2542, #438, #1093 ) ) REPRESENTATION_CONTEXT ( 'NONE', 'WORKASPACE' ) );
#3941 = CARTESIAN_POINT ( 'NONE',  ( 10.55000000000000200, -12.48405801130797400, 81.00000000000000000 ) ) ;
#3942 = ORIENTED_EDGE ( 'NONE', *, *, #951, .T. ) ;
#3943 = ORIENTED_EDGE ( 'NONE', *, *, #1131, .T. ) ;
#3944 = ORIENTED_EDGE ( 'NONE', *, *, #2824, .F. ) ;
#3945 = FACE_OUTER_BOUND ( 'NONE', #4374, .T. ) ;
#3946 = DIRECTION ( 'NONE',  ( 0.0000000000000000000, 0.0000000000000000000, -1.000000000000000000 ) ) ;
#3947 = EDGE_CURVE ( 'NONE', #244, #3468, #2970, .T. ) ;
#3948 = ORIENTED_EDGE ( 'NONE', *, *, #3967, .F. ) ;
#3949 = ORIENTED_EDGE ( 'NONE', *, *, #1495, .T. ) ;
#3950 = PLANE ( 'NONE',  #4179 ) ;
#3951 =( GEOMETRIC_REPRESENTATION_CONTEXT ( 3 ) GLOBAL_UNCERTAINTY_ASSIGNED_CONTEXT ( ( #3478 ) ) GLOBAL_UNIT_ASSIGNED_CONTEXT ( ( #1849, #2492, #2842 ) ) REPRESENTATION_CONTEXT ( 'NONE', 'WORKASPACE' ) );
#3952 = VECTOR ( 'NONE', #1263, 1000.000000000000000 ) ;
#3953 = LINE ( 'NONE', #394, #4070 ) ;
#3954 = LINE ( 'NONE', #4397, #2476 ) ;
#3955 = VERTEX_POINT ( 'NONE', #3548 ) ;
#3956 =( LENGTH_UNIT ( ) NAMED_UNIT ( * ) SI_UNIT ( .MILLI., .METRE. ) );
#3957 = LINE ( 'NONE', #3564, #3857 ) ;
#3958 = DIRECTION ( 'NONE',  ( 0.0000000000000000000, 1.000000000000000000, 2.449293598294705600E-017 ) ) ;
#3959 = VECTOR ( 'NONE', #2426, 1000.000000000000000 ) ;
#3960 = AXIS2_PLACEMENT_3D ( 'NONE', #1647, #3400, #3357 ) ;
#3961 = ORIENTED_EDGE ( 'NONE', *, *, #810, .T. ) ;
#3962 = AXIS2_PLACEMENT_3D ( 'NONE', #3868, #3830, #3186 ) ;
#3963 = EDGE_CURVE ( 'NONE', #418, #1963, #2052, .T. ) ;
#3964 = VECTOR ( 'NONE', #2365, 1000.000000000000000 ) ;
#3965 = DIRECTION ( 'NONE',  ( -0.0000000000000000000, -1.000000000000000000, -0.0000000000000000000 ) ) ;
#3966 = DIRECTION ( 'NONE',  ( -0.0000000000000000000, -1.000000000000000000, -0.0000000000000000000 ) ) ;
#3967 = EDGE_CURVE ( 'NONE', #4324, #4308, #3187, .T. ) ;
#3968 = PRODUCT_DEFINITION_SHAPE ( 'NONE', 'NONE',  #2048 ) ;
#3969 = VECTOR ( 'NONE', #4357, 1000.000000000000000 ) ;
#3970 = DIRECTION ( 'NONE',  ( 0.0000000000000000000, 0.0000000000000000000, -1.000000000000000000 ) ) ;
#3971 = DIRECTION ( 'NONE',  ( 1.000000000000000000, 0.0000000000000000000, 0.0000000000000000000 ) ) ;
#3972 = EDGE_CURVE ( 'NONE', #2391, #308, #3394, .T. ) ;
#3973 = FACE_BOUND ( 'NONE', #1136, .T. ) ;
#3974 = CARTESIAN_POINT ( 'NONE',  ( 24.50000000000000000, 31.80000000000000100, 79.29999999999996900 ) ) ;
#3975 = SURFACE_SIDE_STYLE ('',( #1975 ) ) ;
#3976 =( GEOMETRIC_REPRESENTATION_CONTEXT ( 3 ) GLOBAL_UNCERTAINTY_ASSIGNED_CONTEXT ( ( #4321 ) ) GLOBAL_UNIT_ASSIGNED_CONTEXT ( ( #4455, #662, #1459 ) ) REPRESENTATION_CONTEXT ( 'NONE', 'WORKASPACE' ) );
#3977 = CARTESIAN_POINT ( 'NONE',  ( -21.60174795883132500, -23.91655480171161900, 85.11225999999999200 ) ) ;
#3978 = EDGE_CURVE ( 'NONE', #2477, #4481, #2216, .T. ) ;
#3979 = CARTESIAN_POINT ( 'NONE',  ( -4.917354801711829800, -37.35101795883126400, -0.001000000000001000100 ) ) ;
#3980 = DIRECTION ( 'NONE',  ( 0.0000000000000000000, -1.000000000000000000, 0.0000000000000000000 ) ) ;
#3981 = DIRECTION ( 'NONE',  ( -0.0000000000000000000, -0.0000000000000000000, 1.000000000000000000 ) ) ;
#3982 = DIRECTION ( 'NONE',  ( -1.000000000000000000, 0.0000000000000000000, 0.0000000000000000000 ) ) ;
#3983 = DIRECTION ( 'NONE',  ( 0.0000000000000000000, 0.0000000000000000000, -1.000000000000000000 ) ) ;
#3984 = ORIENTED_EDGE ( 'NONE', *, *, #491, .F. ) ;
#3985 = CIRCLE ( 'NONE', #2940, 1.700000000000000200 ) ;
#3986 = CARTESIAN_POINT ( 'NONE',  ( -6.250000000000000000, 12.70000000000000600, 6.400000000000000400 ) ) ;
#3987 = CIRCLE ( 'NONE', #825, 1.249999999999999300 ) ;
#3988 = DIRECTION ( 'NONE',  ( 0.0000000000000000000, -1.224646799147353200E-016, 1.000000000000000000 ) ) ;
#3989 = ORIENTED_EDGE ( 'NONE', *, *, #1107, .F. ) ;
#3990 = ORIENTED_EDGE ( 'NONE', *, *, #3680, .F. ) ;
#3991 = CARTESIAN_POINT ( 'NONE',  ( -2.602085213965210600E-015, 17.49999999999999300, 4.286263797015734100E-016 ) ) ;
#3992 = UNCERTAINTY_MEASURE_WITH_UNIT (LENGTH_MEASURE( 1.000000000000000100E-005 ), #3956, 'distance_accuracy_value', 'NONE');
#3993 = DIRECTION ( 'NONE',  ( 0.0000000000000000000, 2.449293598294706200E-017, -1.000000000000000000 ) ) ;
#3994 = ORIENTED_EDGE ( 'NONE', *, *, #1651, .F. ) ;
#3995 = ORIENTED_EDGE ( 'NONE', *, *, #2431, .T. ) ;
#3996 = ORIENTED_EDGE ( 'NONE', *, *, #1978, .T. ) ;
#3997 = ORIENTED_EDGE ( 'NONE', *, *, #1655, .T. ) ;
#3998 = EDGE_LOOP ( 'NONE', ( #185, #302, #1028, #3695 ) ) ;
#3999 = DIRECTION ( 'NONE',  ( 1.000000000000000000, 0.0000000000000000000, -0.0000000000000000000 ) ) ;
#4000 = DIRECTION ( 'NONE',  ( 0.0000000000000000000, 1.000000000000000000, 0.0000000000000000000 ) ) ;
#4001 = EDGE_CURVE ( 'NONE', #4415, #244, #2106, .T. ) ;
#4002 = ORIENTED_EDGE ( 'NONE', *, *, #2108, .F. ) ;
#4003 = EDGE_LOOP ( 'NONE', ( #1088, #3776, #3050, #3577, #195, #419 ) ) ;
#4004 = VECTOR ( 'NONE', #2737, 1000.000000000000000 ) ;
#4005 = VECTOR ( 'NONE', #4482, 1000.000000000000000 ) ;
#4006 = AXIS2_PLACEMENT_3D ( 'NONE', #4038, #1675, #46 ) ;
#4007 = DIRECTION ( 'NONE',  ( 1.000000000000000000, 0.0000000000000000000, -0.0000000000000000000 ) ) ;
#4008 = EDGE_CURVE ( 'NONE', #1149, #239, #1556, .T. ) ;
#4009 = VERTEX_POINT ( 'NONE', #1452 ) ;
#4010 = ORIENTED_EDGE ( 'NONE', *, *, #2602, .T. ) ;
#4011 = CARTESIAN_POINT ( 'NONE',  ( 13.74999999999999800, 12.70000000000000600, 80.90000000000000600 ) ) ;
#4012 = CARTESIAN_POINT ( 'NONE',  ( -6.249999999999998200, 30.19999999999998500, 80.90000000000000600 ) ) ;
#4013 = VECTOR ( 'NONE', #2367, 1000.000000000000000 ) ;
#4014 = VECTOR ( 'NONE', #3718, 1000.000000000000000 ) ;
#4015 = AXIS2_PLACEMENT_3D ( 'NONE', #2044, #3033, #4162 ) ;
#4016 = ORIENTED_EDGE ( 'NONE', *, *, #1535, .F. ) ;
#4017 = LINE ( 'NONE', #1868, #1863 ) ;
#4018 = ORIENTED_EDGE ( 'NONE', *, *, #133, .T. ) ;
#4019 = FACE_OUTER_BOUND ( 'NONE', #3998, .T. ) ;
#4020 = AXIS2_PLACEMENT_3D ( 'NONE', #2074, #2812, #1421 ) ;
#4021 = CIRCLE ( 'NONE', #1439, 1.250000000000001100 ) ;
#4022 = EDGE_CURVE ( 'NONE', #3955, #914, #1165, .T. ) ;
#4023 = CARTESIAN_POINT ( 'NONE',  ( -3.750000000000000900, 12.70000000000000600, 80.90000000000000600 ) ) ;
#4024 = DIRECTION ( 'NONE',  ( -0.0000000000000000000, 2.449293598294706500E-017, -1.000000000000000000 ) ) ;
#4025 = CARTESIAN_POINT ( 'NONE',  ( -21.60174795883124700, -14.08184519828810400, 85.11225999999999200 ) ) ;
#4026 = DIRECTION ( 'NONE',  ( 0.0000000000000000000, 0.0000000000000000000, 1.000000000000000000 ) ) ;
#4027 = DIRECTION ( 'NONE',  ( 0.0000000000000000000, 2.449293598294706200E-017, -1.000000000000000000 ) ) ;
#4028 = LINE ( 'NONE', #4409, #1289 ) ;
#4029 = DIRECTION ( 'NONE',  ( 0.0000000000000000000, 0.0000000000000000000, -1.000000000000000000 ) ) ;
#4030 = DIRECTION ( 'NONE',  ( 0.0000000000000000000, 0.0000000000000000000, -1.000000000000000000 ) ) ;
#4031 = VECTOR ( 'NONE', #2546, 1000.000000000000000 ) ;
#4032 = CARTESIAN_POINT ( 'NONE',  ( -24.50000000000000000, 30.19999999999998500, 80.90000000000000600 ) ) ;
#4033 =( NAMED_UNIT ( * ) PLANE_ANGLE_UNIT ( ) SI_UNIT ( $, .RADIAN. ) );
#4034 = VECTOR ( 'NONE', #2007, 1000.000000000000100 ) ;
#4035 = CARTESIAN_POINT ( 'NONE',  ( -8.750000000000000000, 31.80000000000000800, 79.29999999999995500 ) ) ;
#4036 = AXIS2_PLACEMENT_3D ( 'NONE', #685, #3464, #764 ) ;
#4037 = VECTOR ( 'NONE', #2710, 1000.000000000000000 ) ;
#4038 = CARTESIAN_POINT ( 'NONE',  ( -2.602085213965210600E-015, 17.49999999999999300, 6.400000000000000400 ) ) ;
#4039 = EDGE_CURVE ( 'NONE', #1434, #936, #2491, .T. ) ;
#4040 = ORIENTED_EDGE ( 'NONE', *, *, #620, .F. ) ;
#4041 = ORIENTED_EDGE ( 'NONE', *, *, #1282, .T. ) ;
#4042 = LINE ( 'NONE', #3684, #3458 ) ;
#4043 = DIRECTION ( 'NONE',  ( -0.0000000000000000000, -0.0000000000000000000, 1.000000000000000000 ) ) ;
#4044 = AXIS2_PLACEMENT_3D ( 'NONE', #4129, #2080, #995 ) ;
#4045 = ORIENTED_EDGE ( 'NONE', *, *, #3167, .T. ) ;
#4046 = EDGE_CURVE ( 'NONE', #3891, #1311, #2376, .T. ) ;
#4047 = DIRECTION ( 'NONE',  ( -1.000000000000000000, 0.0000000000000000000, 0.0000000000000000000 ) ) ;
#4048 = DIRECTION ( 'NONE',  ( 0.0000000000000000000, -0.0000000000000000000, -1.000000000000000000 ) ) ;
#4049 = ORIENTED_EDGE ( 'NONE', *, *, #4168, .T. ) ;
#4050 = CARTESIAN_POINT ( 'NONE',  ( 1.249999999999999600, 31.80000000000000800, 1.600000000000011200 ) ) ;
#4051 = DIRECTION ( 'NONE',  ( -1.000000000000000000, 0.0000000000000000000, 0.0000000000000000000 ) ) ;
#4052 = ORIENTED_EDGE ( 'NONE', *, *, #4105, .T. ) ;
#4053 = EDGE_CURVE ( 'NONE', #740, #4202, #607, .T. ) ;
#4054 = ORIENTED_EDGE ( 'NONE', *, *, #1291, .F. ) ;
#4055 = DIRECTION ( 'NONE',  ( 1.000000000000000000, 0.0000000000000000000, 0.0000000000000000000 ) ) ;
#4056 = ORIENTED_EDGE ( 'NONE', *, *, #2831, .T. ) ;
#4057 = CARTESIAN_POINT ( 'NONE',  ( 1.667424801711684200, -37.35101795883130600, 85.11225999999999200 ) ) ;
#4058 = VECTOR ( 'NONE', #1472, 1000.000000000000000 ) ;
#4059 = ORIENTED_EDGE ( 'NONE', *, *, #1317, .F. ) ;
#4060 = DIRECTION ( 'NONE',  ( 1.000000000000000000, 0.0000000000000000000, 0.0000000000000000000 ) ) ;
#4061 = CARTESIAN_POINT ( 'NONE',  ( -24.50000000000000000, 0.0000000000000000000, 0.0000000000000000000 ) ) ;
#4062 = ORIENTED_EDGE ( 'NONE', *, *, #63, .F. ) ;
#4063 = COLOUR_RGB ( '',0.9098039215686274400, 0.4431372549019607600, 0.03137254901960784300 ) ;
#4064 = FACE_BOUND ( 'NONE', #2942, .T. ) ;
#4065 = LINE ( 'NONE', #2127, #2199 ) ;
#4066 = CARTESIAN_POINT ( 'NONE',  ( 3.217354801711837600, -37.35101795883126400, 85.11225999999999200 ) ) ;
#4067 = ORIENTED_EDGE ( 'NONE', *, *, #1387, .T. ) ;
#4068 = VERTEX_POINT ( 'NONE', #2605 ) ;
#4069 = VECTOR ( 'NONE', #2952, 1000.000000000000100 ) ;
#4070 = VECTOR ( 'NONE', #3533, 1000.000000000000000 ) ;
#4071 = CARTESIAN_POINT ( 'NONE',  ( -6.617354801711829100, -37.35101795883126400, 85.11225999999999200 ) ) ;
#4072 = VECTOR ( 'NONE', #2462, 1000.000000000000000 ) ;
#4073 = CARTESIAN_POINT ( 'NONE',  ( 4.917354801711837800, -37.35101795883126400, 85.11225999999999200 ) ) ;
#4074 = EDGE_LOOP ( 'NONE', ( #3725, #84, #2092, #804 ) ) ;
#4075 = STYLED_ITEM ( 'NONE', ( #752 ), #2488 ) ;
#4076 = CARTESIAN_POINT ( 'NONE',  ( -8.167284801711829800, -37.35101795883126400, 85.11225999999999200 ) ) ;
#4077 = LINE ( 'NONE', #2944, #3067 ) ;
#4078 = CARTESIAN_POINT ( 'NONE',  ( 24.50000000000000000, 31.80000000000000100, 1.600000000000004100 ) ) ;
#4079 = ADVANCED_FACE ( 'NONE', ( #2271 ), #455, .F. ) ;
#4080 = ORIENTED_EDGE ( 'NONE', *, *, #2261, .T. ) ;
#4081 = DIRECTION ( 'NONE',  ( -0.0000000000000000000, -0.7071067811865444600, 0.7071067811865505700 ) ) ;
#4082 = AXIS2_PLACEMENT_3D ( 'NONE', #1772, #1801, #2835 ) ;
#4083 = FACE_OUTER_BOUND ( 'NONE', #1964, .T. ) ;
#4084 = CARTESIAN_POINT ( 'NONE',  ( 11.25000000000000000, 12.70000000000000600, 0.0000000000000000000 ) ) ;
#4085 = PLANE ( 'NONE',  #2500 ) ;
#4086 = LINE ( 'NONE', #3758, #665 ) ;
#4087 = CARTESIAN_POINT ( 'NONE',  ( 8.749999999999998200, 12.70000000000000600, 0.0000000000000000000 ) ) ;
#4088 = CARTESIAN_POINT ( 'NONE',  ( -16.25000000000000000, 30.19999999999999900, 5.815146750668674300E-018 ) ) ;
#4089 = DIRECTION ( 'NONE',  ( -1.000000000000000000, 0.0000000000000000000, 0.0000000000000000000 ) ) ;
#4090 = DIRECTION ( 'NONE',  ( 0.0000000000000000000, -0.5150380749100550400, -0.8571673007021117800 ) ) ;
#4091 = CARTESIAN_POINT ( 'NONE',  ( 4.917354801711837800, -37.35101795883126400, 92.09999999999999400 ) ) ;
#4092 = MECHANICAL_DESIGN_GEOMETRIC_PRESENTATION_REPRESENTATION (  '', ( #509 ), #1004 ) ;
#4093 = CARTESIAN_POINT ( 'NONE',  ( -24.50000000000000000, 0.0000000000000000000, 0.0000000000000000000 ) ) ;
#4094 = DIRECTION ( 'NONE',  ( 0.0000000000000000000, -1.000000000000000000, 0.0000000000000000000 ) ) ;
#4095 = VERTEX_POINT ( 'NONE', #4311 ) ;
#4096 = CARTESIAN_POINT ( 'NONE',  ( 24.50000000000000000, 31.80000000000000100, 1.600000000000004100 ) ) ;
#4097 = ORIENTED_EDGE ( 'NONE', *, *, #2851, .F. ) ;
#4098 = EDGE_LOOP ( 'NONE', ( #4128, #1039 ) ) ;
#4099 = ADVANCED_FACE ( 'NONE', ( #1454 ), #3865, .F. ) ;
#4100 = VERTEX_POINT ( 'NONE', #2047 ) ;
#4101 = ORIENTED_EDGE ( 'NONE', *, *, #950, .T. ) ;
#4102 = STYLED_ITEM ( 'NONE', ( #2090 ), #1106 ) ;
#4103 = CARTESIAN_POINT ( 'NONE',  ( 13.74999999999999800, 31.80000000000000100, 1.600000000000004100 ) ) ;
#4104 = DIRECTION ( 'NONE',  ( -1.000000000000000000, 0.0000000000000000000, 0.0000000000000000000 ) ) ;
#4105 = EDGE_CURVE ( 'NONE', #2721, #1543, #1114, .T. ) ;
#4106 = ORIENTED_EDGE ( 'NONE', *, *, #2366, .F. ) ;
#4107 = VERTEX_POINT ( 'NONE', #439 ) ;
#4108 = VERTEX_POINT ( 'NONE', #122 ) ;
#4109 = FACE_OUTER_BOUND ( 'NONE', #3851, .T. ) ;
#4110 = ADVANCED_FACE ( 'NONE', ( #3759 ), #2936, .F. ) ;
#4111 = CARTESIAN_POINT ( 'NONE',  ( -19.49999999999634400, -8.110223427353373700E-015, 65.75000000000021300 ) ) ;
#4112 = EDGE_LOOP ( 'NONE', ( #3095, #511, #1022, #1105 ) ) ;
#4113 = VERTEX_POINT ( 'NONE', #1555 ) ;
#4114 = CIRCLE ( 'NONE', #3335, 3.249930000000001800 ) ;
#4115 = VECTOR ( 'NONE', #3704, 1000.000000000000000 ) ;
#4116 = EDGE_CURVE ( 'NONE', #4444, #3686, #3284, .T. ) ;
#4117 = EDGE_LOOP ( 'NONE', ( #2847, #4433, #2551, #3994 ) ) ;
#4118 = CARTESIAN_POINT ( 'NONE',  ( 12.09680281557721100, -21.78245682404142500, 80.81065330611915000 ) ) ;
#4119 = CIRCLE ( 'NONE', #541, 1.700000000000000200 ) ;
#4120 = CIRCLE ( 'NONE', #2508, 12.40000000000000000 ) ;
#4121 = FACE_OUTER_BOUND ( 'NONE', #975, .T. ) ;
#4122 = VECTOR ( 'NONE', #4081, 1000.000000000000000 ) ;
#4123 = ORIENTED_EDGE ( 'NONE', *, *, #3585, .T. ) ;
#4124 = DIRECTION ( 'NONE',  ( -1.000000000000000000, 0.0000000000000000000, 0.0000000000000000000 ) ) ;
#4125 = EDGE_CURVE ( 'NONE', #693, #714, #1928, .T. ) ;
#4126 = VECTOR ( 'NONE', #88, 1000.000000000000000 ) ;
#4127 = AXIS2_PLACEMENT_3D ( 'NONE', #2638, #3993, #1238 ) ;
#4128 = ORIENTED_EDGE ( 'NONE', *, *, #3132, .T. ) ;
#4129 = CARTESIAN_POINT ( 'NONE',  ( 24.50000000000000000, 30.19999999999998500, 80.90000000000000600 ) ) ;
#4130 = CARTESIAN_POINT ( 'NONE',  ( -3.034553922578463700, -40.00000000000002800, 81.00000000000000000 ) ) ;
#4131 = PLANE ( 'NONE',  #585 ) ;
#4132 = ADVANCED_FACE ( 'NONE', ( #1504 ), #1941, .F. ) ;
#4133 = EDGE_CURVE ( 'NONE', #2622, #3932, #892, .T. ) ;
#4134 = VECTOR ( 'NONE', #3234, 1000.000000000000000 ) ;
#4135 = CARTESIAN_POINT ( 'NONE',  ( 3.750000000000000000, 12.70000000000000600, 0.0000000000000000000 ) ) ;
#4136 = DIRECTION ( 'NONE',  ( -0.0000000000000000000, -1.000000000000000000, -0.0000000000000000000 ) ) ;
#4137 = CARTESIAN_POINT ( 'NONE',  ( -2.602085213965210600E-015, 17.49999999999999300, 6.400000000000000400 ) ) ;
#4138 = CONICAL_SURFACE ( 'NONE', #553, 0.7999999999999986000, 1.029744258676652100 ) ;
#4139 = DIRECTION ( 'NONE',  ( 0.0000000000000000000, -1.925545281678369200E-019, 1.000000000000000000 ) ) ;
#4140 = CARTESIAN_POINT ( 'NONE',  ( -19.49999999999634400, 5.537199999999992400, 67.00000000000021300 ) ) ;
#4141 = CARTESIAN_POINT ( 'NONE',  ( 4.917354801711685000, -37.35101795883130600, 81.00000000000000000 ) ) ;
#4142 = VECTOR ( 'NONE', #2330, 1000.000000000000000 ) ;
#4143 = PLANE ( 'NONE',  #1041 ) ;
#4144 = CARTESIAN_POINT ( 'NONE',  ( -18.75000000000000000, 30.19999999999999900, 0.0000000000000000000 ) ) ;
#4145 = ADVANCED_FACE ( 'NONE', ( #2163, #1395 ), #193, .T. ) ;
#4146 = EDGE_CURVE ( 'NONE', #4147, #398, #2875, .T. ) ;
#4147 = VERTEX_POINT ( 'NONE', #3768 ) ;
#4148 = PRESENTATION_LAYER_ASSIGNMENT (  '', '', ( #4075 ) ) ;
#4149 = CARTESIAN_POINT ( 'NONE',  ( -1.667424801711828700, -37.35101795883126400, 81.00000000000000000 ) ) ;
#4150 = VERTEX_POINT ( 'NONE', #947 ) ;
#4151 = ADVANCED_FACE ( 'NONE', ( #324 ), #1307, .T. ) ;
#4152 = ORIENTED_EDGE ( 'NONE', *, *, #1949, .F. ) ;
#4153 = CARTESIAN_POINT ( 'NONE',  ( 4.201509354613113700, -40.82942982594757800, 81.82942982594755700 ) ) ;
#4154 = ORIENTED_EDGE ( 'NONE', *, *, #3231, .F. ) ;
#4155 = LINE ( 'NONE', #1961, #1419 ) ;
#4156 = AXIS2_PLACEMENT_3D ( 'NONE', #2779, #675, #3497 ) ;
#4157 = PRODUCT_CONTEXT ( 'NONE', #374, 'mechanical' ) ;
#4158 = ORIENTED_EDGE ( 'NONE', *, *, #884, .F. ) ;
#4159 = VERTEX_POINT ( 'NONE', #2375 ) ;
#4160 = DIRECTION ( 'NONE',  ( 0.0000000000000000000, -0.0000000000000000000, -1.000000000000000000 ) ) ;
#4161 = ORIENTED_EDGE ( 'NONE', *, *, #1366, .F. ) ;
#4162 = DIRECTION ( 'NONE',  ( 0.0000000000000000000, 1.000000000000000000, 2.449293598294706500E-017 ) ) ;
#4163 = ORIENTED_EDGE ( 'NONE', *, *, #4502, .T. ) ;
#4164 = ORIENTED_EDGE ( 'NONE', *, *, #4146, .T. ) ;
#4165 = EDGE_LOOP ( 'NONE', ( #2287, #3841, #1836, #2284, #245, #3852, #3326, #4383 ) ) ;
#4166 = LINE ( 'NONE', #2872, #2680 ) ;
#4167 = DIRECTION ( 'NONE',  ( 0.0000000000000000000, 0.0000000000000000000, -1.000000000000000000 ) ) ;
#4168 = EDGE_CURVE ( 'NONE', #4324, #625, #1007, .T. ) ;
#4169 = DIRECTION ( 'NONE',  ( -0.0000000000000000000, 1.000000000000000000, 1.925545281678369200E-019 ) ) ;
#4170 = EDGE_LOOP ( 'NONE', ( #2530, #1602, #255, #2672, #978, #3995, #809, #1073 ) ) ;
#4171 = ORIENTED_EDGE ( 'NONE', *, *, #2548, .F. ) ;
#4172 = ADVANCED_FACE ( 'NONE', ( #2318 ), #4240, .F. ) ;
#4173 = ORIENTED_EDGE ( 'NONE', *, *, #713, .F. ) ;
#4174 = DIRECTION ( 'NONE',  ( 0.0000000000000000000, -0.0000000000000000000, 1.000000000000000000 ) ) ;
#4175 = DIRECTION ( 'NONE',  ( 1.000000000000000000, 0.0000000000000000000, 0.0000000000000000000 ) ) ;
#4176 = VECTOR ( 'NONE', #3185, 1000.000000000000000 ) ;
#4177 = ORIENTED_EDGE ( 'NONE', *, *, #2361, .F. ) ;
#4178 = ADVANCED_FACE ( 'NONE', ( #2540 ), #4131, .F. ) ;
#4179 = AXIS2_PLACEMENT_3D ( 'NONE', #447, #4307, #850 ) ;
#4180 = VECTOR ( 'NONE', #3760, 1000.000000000000100 ) ;
#4181 = FACE_OUTER_BOUND ( 'NONE', #2756, .T. ) ;
#4182 = DIRECTION ( 'NONE',  ( 1.000000000000000000, 0.0000000000000000000, 0.0000000000000000000 ) ) ;
#4183 = AXIS2_PLACEMENT_3D ( 'NONE', #3617, #442, #2945 ) ;
#4184 = CARTESIAN_POINT ( 'NONE',  ( 8.749999999999998200, 12.70000000000000600, 0.0000000000000000000 ) ) ;
#4185 = DIRECTION ( 'NONE',  ( -0.0000000000000000000, -1.000000000000000000, -0.0000000000000000000 ) ) ;
#4186 = CARTESIAN_POINT ( 'NONE',  ( -4.917354801711829800, -37.35101795883126400, 85.11225999999999200 ) ) ;
#4187 = EDGE_CURVE ( 'NONE', #38, #577, #3131, .T. ) ;
#4188 = VECTOR ( 'NONE', #1929, 1000.000000000000000 ) ;
#4189 = DIRECTION ( 'NONE',  ( 0.0000000000000000000, 0.0000000000000000000, 1.000000000000000000 ) ) ;
#4190 = STYLED_ITEM ( 'NONE', ( #653 ), #1060 ) ;
#4191 =( GEOMETRIC_REPRESENTATION_CONTEXT ( 3 ) GLOBAL_UNCERTAINTY_ASSIGNED_CONTEXT ( ( #2965 ) ) GLOBAL_UNIT_ASSIGNED_CONTEXT ( ( #2818, #44, #3153 ) ) REPRESENTATION_CONTEXT ( 'NONE', 'WORKASPACE' ) );
#4192 = EDGE_CURVE ( 'NONE', #1924, #1188, #493, .T. ) ;
#4193 = FACE_OUTER_BOUND ( 'NONE', #3103, .T. ) ;
#4194 = DIRECTION ( 'NONE',  ( 0.0000000000000000000, 0.7071067811865444600, -0.7071067811865505700 ) ) ;
#4195 = LINE ( 'NONE', #4078, #3290 ) ;
#4196 = EDGE_CURVE ( 'NONE', #2888, #4315, #1224, .T. ) ;
#4197 = FACE_OUTER_BOUND ( 'NONE', #515, .T. ) ;
#4198 = ADVANCED_FACE ( 'NONE', ( #2154 ), #2473, .F. ) ;
#4199 = PLANE ( 'NONE',  #3298 ) ;
#4200 = DIRECTION ( 'NONE',  ( 0.0000000000000000000, -2.449293598294706500E-017, 1.000000000000000000 ) ) ;
#4201 = EDGE_CURVE ( 'NONE', #1311, #3787, #484, .T. ) ;
#4202 = VERTEX_POINT ( 'NONE', #4144 ) ;
#4203 = VERTEX_POINT ( 'NONE', #4504 ) ;
#4204 = EDGE_CURVE ( 'NONE', #398, #4009, #258, .T. ) ;
#4205 = ORIENTED_EDGE ( 'NONE', *, *, #1184, .F. ) ;
#4206 = VECTOR ( 'NONE', #2245, 1000.000000000000000 ) ;
#4207 = CARTESIAN_POINT ( 'NONE',  ( -18.35181795883124800, -14.08184519828810400, 85.11225999999999200 ) ) ;
#4208 = AXIS2_PLACEMENT_3D ( 'NONE', #1197, #2900, #3599 ) ;
#4209 = ORIENTED_EDGE ( 'NONE', *, *, #2687, .T. ) ;
#4210 = ORIENTED_EDGE ( 'NONE', *, *, #4022, .T. ) ;
#4211 = LINE ( 'NONE', #1644, #85 ) ;
#4212 = ORIENTED_EDGE ( 'NONE', *, *, #1284, .F. ) ;
#4213 = EDGE_LOOP ( 'NONE', ( #42, #4428, #637 ) ) ;
#4214 = CARTESIAN_POINT ( 'NONE',  ( 0.0000000000000000000, 9.199999999999999300, 0.0000000000000000000 ) ) ;
#4215 = CARTESIAN_POINT ( 'NONE',  ( 3.750000000000000000, 12.70000000000000600, 0.0000000000000000000 ) ) ;
#4216 = CARTESIAN_POINT ( 'NONE',  ( -13.75000000000000000, 12.70000000000000600, 80.90000000000000600 ) ) ;
#4217 = ORIENTED_EDGE ( 'NONE', *, *, #2896, .T. ) ;
#4218 = SURFACE_STYLE_FILL_AREA ( #2276 ) ;
#4219 = VECTOR ( 'NONE', #1079, 1000.000000000000000 ) ;
#4220 = ORIENTED_EDGE ( 'NONE', *, *, #719, .F. ) ;
#4221 = ORIENTED_EDGE ( 'NONE', *, *, #1615, .F. ) ;
#4222 = LINE ( 'NONE', #2706, #3322 ) ;
#4223 = LINE ( 'NONE', #3453, #1642 ) ;
#4224 = ADVANCED_FACE ( 'NONE', ( #3811 ), #12, .F. ) ;
#4225 = FACE_OUTER_BOUND ( 'NONE', #1332, .T. ) ;
#4226 = ORIENTED_EDGE ( 'NONE', *, *, #2034, .T. ) ;
#4227 = EDGE_LOOP ( 'NONE', ( #3115, #1632, #1478 ) ) ;
#4228 = CARTESIAN_POINT ( 'NONE',  ( 10.55000000000000200, -25.39999999999999900, 81.00000000000000000 ) ) ;
#4229 = AXIS2_PLACEMENT_3D ( 'NONE', #355, #2869, #1471 ) ;
#4230 = VECTOR ( 'NONE', #2049, 1000.000000000000000 ) ;
#4231 = CIRCLE ( 'NONE', #2429, 1.249999999999997600 ) ;
#4232 = ORIENTED_EDGE ( 'NONE', *, *, #3507, .T. ) ;
#4233 = CARTESIAN_POINT ( 'NONE',  ( 4.917354801711685000, -37.35101795883130600, 85.11225999999999200 ) ) ;
#4234 = CARTESIAN_POINT ( 'NONE',  ( -11.25000000000000200, 31.80000000000000800, 79.29999999999995500 ) ) ;
#4235 = VERTEX_POINT ( 'NONE', #230 ) ;
#4236 = EDGE_CURVE ( 'NONE', #78, #96, #4195, .T. ) ;
#4237 =( GEOMETRIC_REPRESENTATION_CONTEXT ( 3 ) GLOBAL_UNCERTAINTY_ASSIGNED_CONTEXT ( ( #1601 ) ) GLOBAL_UNIT_ASSIGNED_CONTEXT ( ( #3281, #574, #2830 ) ) REPRESENTATION_CONTEXT ( 'NONE', 'WORKASPACE' ) );
#4238 = EDGE_CURVE ( 'NONE', #2238, #934, #615, .T. ) ;
#4239 = FILL_AREA_STYLE_COLOUR ( '', #2494 ) ;
#4240 = CYLINDRICAL_SURFACE ( 'NONE', #4015, 0.7999999999999986000 ) ;
#4241 = AXIS2_PLACEMENT_3D ( 'NONE', #4061, #981, #2360 ) ;
#4242 = ADVANCED_FACE ( 'NONE', ( #3022 ), #2327, .F. ) ;
#4243 = DIRECTION ( 'NONE',  ( -0.0000000000000000000, -1.000000000000000000, -0.0000000000000000000 ) ) ;
#4244 = DIRECTION ( 'NONE',  ( 0.0000000000000000000, 1.000000000000000000, 0.0000000000000000000 ) ) ;
#4245 = FACE_OUTER_BOUND ( 'NONE', #853, .T. ) ;
#4246 = AXIS2_PLACEMENT_3D ( 'NONE', #2520, #2877, #3918 ) ;
#4247 = EDGE_CURVE ( 'NONE', #464, #974, #1830, .T. ) ;
#4248 = DIRECTION ( 'NONE',  ( 0.0000000000000000000, 1.000000000000000000, 2.449293598294706200E-017 ) ) ;
#4249 =( NAMED_UNIT ( * ) SI_UNIT ( $, .STERADIAN. ) SOLID_ANGLE_UNIT ( ) );
#4250 = COLOUR_RGB ( '',0.9098039215686274400, 0.4431372549019607600, 0.03137254901960784300 ) ;
#4251 = ORIENTED_EDGE ( 'NONE', *, *, #1846, .F. ) ;
#4252 = DIRECTION ( 'NONE',  ( -1.000000000000000000, 0.0000000000000000000, 0.0000000000000000000 ) ) ;
#4253 = VERTEX_POINT ( 'NONE', #3708 ) ;
#4254 = DIRECTION ( 'NONE',  ( -1.000000000000000000, 0.0000000000000000000, 0.0000000000000000000 ) ) ;
#4255 = EDGE_CURVE ( 'NONE', #4481, #2477, #67, .T. ) ;
#4256 = EDGE_LOOP ( 'NONE', ( #3249, #2678, #2298, #1633 ) ) ;
#4257 = ORIENTED_EDGE ( 'NONE', *, *, #3923, .F. ) ;
#4258 = EDGE_CURVE ( 'NONE', #3715, #1314, #4028, .T. ) ;
#4259 = CARTESIAN_POINT ( 'NONE',  ( -21.25000000000000000, 12.70000000000000600, 0.0000000000000000000 ) ) ;
#4260 = EDGE_CURVE ( 'NONE', #3206, #750, #331, .T. ) ;
#4261 = ORIENTED_EDGE ( 'NONE', *, *, #846, .F. ) ;
#4262 = ORIENTED_EDGE ( 'NONE', *, *, #2213, .T. ) ;
#4263 = MANIFOLD_SOLID_BREP ( 'Cut-Extrude17', #2201 ) ;
#4264 = ORIENTED_EDGE ( 'NONE', *, *, #166, .F. ) ;
#4265 = PLANE ( 'NONE',  #844 ) ;
#4266 = PLANE ( 'NONE',  #1875 ) ;
#4267 = LINE ( 'NONE', #72, #299 ) ;
#4268 = DIRECTION ( 'NONE',  ( 0.0000000000000000000, 0.7071067811865444600, -0.7071067811865505700 ) ) ;
#4269 = ORIENTED_EDGE ( 'NONE', *, *, #426, .F. ) ;
#4270 = ORIENTED_EDGE ( 'NONE', *, *, #163, .T. ) ;
#4271 = EDGE_CURVE ( 'NONE', #4308, #4068, #3985, .T. ) ;
#4272 = EDGE_LOOP ( 'NONE', ( #3835, #2075 ) ) ;
#4273 = VECTOR ( 'NONE', #796, 1000.000000000000000 ) ;
#4274 = VECTOR ( 'NONE', #2977, 1000.000000000000000 ) ;
#4275 = LINE ( 'NONE', #55, #3372 ) ;
#4276 = DIRECTION ( 'NONE',  ( 0.0000000000000000000, -1.000000000000000000, -2.449293598294706200E-017 ) ) ;
#4277 = CARTESIAN_POINT ( 'NONE',  ( 12.39999999999999900, -19.00000000000001100, 92.09999999999999400 ) ) ;
#4278 = DIRECTION ( 'NONE',  ( -0.0000000000000000000, -0.0000000000000000000, 1.000000000000000000 ) ) ;
#4279 = ORIENTED_EDGE ( 'NONE', *, *, #2457, .F. ) ;
#4280 = EDGE_CURVE ( 'NONE', #755, #2502, #1180, .T. ) ;
#4281 = CYLINDRICAL_SURFACE ( 'NONE', #3761, 11.43000000000000000 ) ;
#4282 = VECTOR ( 'NONE', #1874, 1000.000000000000000 ) ;
#4283 = CYLINDRICAL_SURFACE ( 'NONE', #527, 11.43000000000000000 ) ;
#4284 = AXIS2_PLACEMENT_3D ( 'NONE', #2117, #386, #3498 ) ;
#4285 = EDGE_CURVE ( 'NONE', #4372, #2715, #3926, .T. ) ;
#4286 = EDGE_LOOP ( 'NONE', ( #2996, #2345, #1758, #3007 ) ) ;
#4287 = FACE_OUTER_BOUND ( 'NONE', #3679, .T. ) ;
#4288 = CARTESIAN_POINT ( 'NONE',  ( 16.90000000000000200, -8.942983250773546200E-015, 0.0000000000000000000 ) ) ;
#4289 = VERTEX_POINT ( 'NONE', #621 ) ;
#4290 = CARTESIAN_POINT ( 'NONE',  ( -4.917354801711829800, -37.35101795883126400, 85.11225999999999200 ) ) ;
#4291 = PLANE ( 'NONE',  #4208 ) ;
#4292 = LINE ( 'NONE', #4103, #4180 ) ;
#4293 = CARTESIAN_POINT ( 'NONE',  ( 24.50000000000000000, 31.80000000000000100, 92.09999999999999400 ) ) ;
#4294 = DIRECTION ( 'NONE',  ( -0.0000000000000000000, -0.0000000000000000000, 1.000000000000000000 ) ) ;
#4295 = CARTESIAN_POINT ( 'NONE',  ( -19.49999999999634800, -3.673940397442318700E-016, 1.750000000000211400 ) ) ;
#4296 = AXIS2_PLACEMENT_3D ( 'NONE', #1606, #4346, #206 ) ;
#4297 = EDGE_CURVE ( 'NONE', #3359, #1358, #3090, .T. ) ;
#4298 = LINE ( 'NONE', #275, #218 ) ;
#4299 = SHAPE_DEFINITION_REPRESENTATION ( #3968, #2547 ) ;
#4300 = MECHANICAL_DESIGN_GEOMETRIC_PRESENTATION_REPRESENTATION (  '', ( #4412 ), #3780 ) ;
#4301 = DIRECTION ( 'NONE',  ( -0.0000000000000000000, 0.7071067811865474600, 0.7071067811865474600 ) ) ;
#4302 = CARTESIAN_POINT ( 'NONE',  ( -18.75000000000000000, 12.70000000000000600, 80.90000000000000600 ) ) ;
#4303 = PLANE ( 'NONE',  #1825 ) ;
#4304 = CARTESIAN_POINT ( 'NONE',  ( 21.25000000000000000, 12.70000000000000600, 80.90000000000000600 ) ) ;
#4305 = DIRECTION ( 'NONE',  ( -0.0000000000000000000, -1.000000000000000000, -0.0000000000000000000 ) ) ;
#4306 = ORIENTED_EDGE ( 'NONE', *, *, #3026, .T. ) ;
#4307 = DIRECTION ( 'NONE',  ( 0.0000000000000000000, -0.7071067811865475700, 0.7071067811865475700 ) ) ;
#4308 = VERTEX_POINT ( 'NONE', #2323 ) ;
#4309 = ORIENTED_EDGE ( 'NONE', *, *, #4001, .T. ) ;
#4310 = DIRECTION ( 'NONE',  ( 0.0000000000000000000, 0.7071067811865505700, 0.7071067811865444600 ) ) ;
#4311 = CARTESIAN_POINT ( 'NONE',  ( 11.25000000000000000, 12.70000000000000600, 0.0000000000000000000 ) ) ;
#4312 = ORIENTED_EDGE ( 'NONE', *, *, #2924, .T. ) ;
#4313 = CARTESIAN_POINT ( 'NONE',  ( 8.749999999999998200, 12.70000000000000600, 6.400000000000000400 ) ) ;
#4314 = DIRECTION ( 'NONE',  ( -1.000000000000000000, 0.0000000000000000000, 0.0000000000000000000 ) ) ;
#4315 = VERTEX_POINT ( 'NONE', #3076 ) ;
#4316 = AXIS2_PLACEMENT_3D ( 'NONE', #1283, #2305, #3982 ) ;
#4317 = ORIENTED_EDGE ( 'NONE', *, *, #4280, .T. ) ;
#4318 = VERTEX_POINT ( 'NONE', #2692 ) ;
#4319 = CARTESIAN_POINT ( 'NONE',  ( 10.50000000000373400, 6.288275773784443200, 67.00000000000021300 ) ) ;
#4320 = EDGE_CURVE ( 'NONE', #755, #2336, #4042, .T. ) ;
#4321 = UNCERTAINTY_MEASURE_WITH_UNIT (LENGTH_MEASURE( 1.000000000000000100E-005 ), #4455, 'distance_accuracy_value', 'NONE');
#4322 = ORIENTED_EDGE ( 'NONE', *, *, #3790, .T. ) ;
#4323 = PRODUCT_DEFINITION_CONTEXT ( 'detailed design', #2853, 'design' ) ;
#4324 = VERTEX_POINT ( 'NONE', #1031 ) ;
#4325 = ORIENTED_EDGE ( 'NONE', *, *, #3143, .F. ) ;
#4326 = DIRECTION ( 'NONE',  ( 0.0000000000000000000, 0.7071067811865505700, 0.7071067811865444600 ) ) ;
#4327 = AXIS2_PLACEMENT_3D ( 'NONE', #3492, #2794, #287 ) ;
#4328 = LINE ( 'NONE', #2573, #1909 ) ;
#4329 = FILL_AREA_STYLE_COLOUR ( '', #731 ) ;
#4330 = LINE ( 'NONE', #260, #361 ) ;
#4331 = LINE ( 'NONE', #1730, #4072 ) ;
#4332 = ORIENTED_EDGE ( 'NONE', *, *, #385, .F. ) ;
#4333 = VERTEX_POINT ( 'NONE', #2113 ) ;
#4334 = DIRECTION ( 'NONE',  ( 0.0000000000000000000, 0.0000000000000000000, -1.000000000000000000 ) ) ;
#4335 = CIRCLE ( 'NONE', #3196, 3.249930000000000000 ) ;
#4336 = FILL_AREA_STYLE ('',( #52 ) ) ;
#4337 = DIRECTION ( 'NONE',  ( 0.0000000000000000000, 0.0000000000000000000, -1.000000000000000000 ) ) ;
#4338 = DIRECTION ( 'NONE',  ( 0.0000000000000000000, -1.000000000000000000, -2.449293598294706200E-017 ) ) ;
#4339 = VECTOR ( 'NONE', #1812, 1000.000000000000000 ) ;
#4340 = EDGE_CURVE ( 'NONE', #1358, #714, #2174, .T. ) ;
#4341 = AXIS2_PLACEMENT_3D ( 'NONE', #3737, #1671, #3757 ) ;
#4342 = VERTEX_POINT ( 'NONE', #2398 ) ;
#4343 = EDGE_CURVE ( 'NONE', #1434, #3641, #738, .T. ) ;
#4344 = LINE ( 'NONE', #2849, #597 ) ;
#4345 = DIRECTION ( 'NONE',  ( 0.0000000000000000000, -2.449293598294706500E-017, 1.000000000000000000 ) ) ;
#4346 = DIRECTION ( 'NONE',  ( -1.000000000000000000, 0.0000000000000000000, 0.0000000000000000000 ) ) ;
#4347 = ORIENTED_EDGE ( 'NONE', *, *, #212, .T. ) ;
#4348 = DIRECTION ( 'NONE',  ( -1.000000000000000000, 0.0000000000000000000, 0.0000000000000000000 ) ) ;
#4349 = CARTESIAN_POINT ( 'NONE',  ( -11.25000000000000400, 30.19999999999998500, 80.90000000000000600 ) ) ;
#4350 = CARTESIAN_POINT ( 'NONE',  ( 24.50000000000000000, 31.80000000000000100, 92.09999999999999400 ) ) ;
#4351 = CARTESIAN_POINT ( 'NONE',  ( -10.00000000000056700, 6.662500000000102700, 5.199379999999999700 ) ) ;
#4352 = EDGE_CURVE ( 'NONE', #3262, #4202, #3403, .T. ) ;
#4353 = CARTESIAN_POINT ( 'NONE',  ( 1.667424801711684200, -37.35101795883130600, 85.11225999999999200 ) ) ;
#4354 = VECTOR ( 'NONE', #120, 1000.000000000000000 ) ;
#4355 = VECTOR ( 'NONE', #73, 1000.000000000000000 ) ;
#4356 = CARTESIAN_POINT ( 'NONE',  ( -2.602085213965210600E-015, 17.49999999999999300, 6.400000000000000400 ) ) ;
#4357 = DIRECTION ( 'NONE',  ( 1.000000000000000000, 0.0000000000000000000, 0.0000000000000000000 ) ) ;
#4358 = LINE ( 'NONE', #1058, #443 ) ;
#4359 = DIRECTION ( 'NONE',  ( -1.000000000000000000, 0.0000000000000000000, 0.0000000000000000000 ) ) ;
#4360 = EDGE_CURVE ( 'NONE', #2023, #3371, #2337, .T. ) ;
#4361 = DIRECTION ( 'NONE',  ( 0.0000000000000000000, 0.0000000000000000000, 1.000000000000000000 ) ) ;
#4362 = EDGE_LOOP ( 'NONE', ( #4469, #1892, #125, #4062 ) ) ;
#4363 = DIRECTION ( 'NONE',  ( -0.0000000000000000000, -0.0000000000000000000, 1.000000000000000000 ) ) ;
#4364 = CARTESIAN_POINT ( 'NONE',  ( -24.50000000000000000, 31.80000000000000100, 92.09999999999999400 ) ) ;
#4365 = EDGE_LOOP ( 'NONE', ( #3461, #228, #1893, #3212, #3108, #2463, #4123, #3466, #3635, #2848 ) ) ;
#4366 =( LENGTH_UNIT ( ) NAMED_UNIT ( * ) SI_UNIT ( .MILLI., .METRE. ) );
#4367 = VERTEX_POINT ( 'NONE', #3812 ) ;
#4368 = EDGE_LOOP ( 'NONE', ( #3628, #3338, #519, #1002 ) ) ;
#4369 = CARTESIAN_POINT ( 'NONE',  ( 11.25000000000000000, 19.52049498885788700, 6.400000000000000400 ) ) ;
#4370 = ORIENTED_EDGE ( 'NONE', *, *, #3825, .F. ) ;
#4371 = ORIENTED_EDGE ( 'NONE', *, *, #1997, .T. ) ;
#4372 = VERTEX_POINT ( 'NONE', #273 ) ;
#4373 = CARTESIAN_POINT ( 'NONE',  ( -24.50000000000000000, 9.199999999999999300, 90.50000000000000000 ) ) ;
#4374 = EDGE_LOOP ( 'NONE', ( #3006, #444, #2566, #1620 ) ) ;
#4375 = VERTEX_POINT ( 'NONE', #1752 ) ;
#4376 = ORIENTED_EDGE ( 'NONE', *, *, #186, .F. ) ;
#4377 = PRESENTATION_STYLE_ASSIGNMENT (( #1710 ) ) ;
#4378 = VECTOR ( 'NONE', #2653, 1000.000000000000000 ) ;
#4379 = AXIS2_PLACEMENT_3D ( 'NONE', #2655, #4026, #2990 ) ;
#4380 = DIRECTION ( 'NONE',  ( -1.000000000000000000, 0.0000000000000000000, 0.0000000000000000000 ) ) ;
#4381 = CARTESIAN_POINT ( 'NONE',  ( 24.50000000000000000, 31.80000000000000100, 6.123233995737214700E-018 ) ) ;
#4382 = ORIENTED_EDGE ( 'NONE', *, *, #1762, .T. ) ;
#4383 = ORIENTED_EDGE ( 'NONE', *, *, #2374, .F. ) ;
#4384 = LINE ( 'NONE', #1172, #1437 ) ;
#4385 = FACE_OUTER_BOUND ( 'NONE', #1200, .T. ) ;
#4386 = FACE_OUTER_BOUND ( 'NONE', #1842, .T. ) ;
#4387 = DIRECTION ( 'NONE',  ( -0.0000000000000000000, -0.7071067811865474600, -0.7071067811865474600 ) ) ;
#4388 = AXIS2_PLACEMENT_3D ( 'NONE', #3716, #1340, #2735 ) ;
#4389 = ORIENTED_EDGE ( 'NONE', *, *, #799, .F. ) ;
#4390 = FACE_OUTER_BOUND ( 'NONE', #2934, .T. ) ;
#4391 = VERTEX_POINT ( 'NONE', #2418 ) ;
#4392 = CARTESIAN_POINT ( 'NONE',  ( 11.25000000000000000, 12.70000000000000600, 0.0000000000000000000 ) ) ;
#4393 = CIRCLE ( 'NONE', #4316, 3.249930000000001800 ) ;
#4394 = CARTESIAN_POINT ( 'NONE',  ( -24.50000000000000000, 49.85000000000000100, 49.85000000000000100 ) ) ;
#4395 = EDGE_CURVE ( 'NONE', #1677, #2746, #1670, .T. ) ;
#4396 = CARTESIAN_POINT ( 'NONE',  ( -1.250000000000000400, 12.70000000000000600, 0.0000000000000000000 ) ) ;
#4397 = CARTESIAN_POINT ( 'NONE',  ( -24.50000000000000000, 31.80000000000000100, 92.09999999999999400 ) ) ;
#4398 = CARTESIAN_POINT ( 'NONE',  ( 24.50000000000000000, 31.80000000000000100, 1.600000000000004100 ) ) ;
#4399 = CARTESIAN_POINT ( 'NONE',  ( -2.602085213965210600E-015, 17.49999999999999300, 6.400000000000000400 ) ) ;
#4400 = CARTESIAN_POINT ( 'NONE',  ( 24.50000000000000000, 31.80000000000000100, 92.09999999999999400 ) ) ;
#4401 = LINE ( 'NONE', #121, #377 ) ;
#4402 = CARTESIAN_POINT ( 'NONE',  ( -2.602085213965210600E-015, 17.49999999999999300, 6.400000000000000400 ) ) ;
#4403 = CARTESIAN_POINT ( 'NONE',  ( 16.90000000000000200, -23.79999999999999400, -4.582797770394518000E-018 ) ) ;
#4404 = AXIS2_PLACEMENT_3D ( 'NONE', #2604, #1220, #113 ) ;
#4405 = DIRECTION ( 'NONE',  ( -1.000000000000000000, 0.0000000000000000000, 0.0000000000000000000 ) ) ;
#4406 = DIRECTION ( 'NONE',  ( 0.0000000000000000000, 0.0000000000000000000, 1.000000000000000000 ) ) ;
#4407 = FACE_OUTER_BOUND ( 'NONE', #1190, .T. ) ;
#4408 = EDGE_CURVE ( 'NONE', #700, #4372, #1294, .T. ) ;
#4409 = CARTESIAN_POINT ( 'NONE',  ( -24.50000000000000000, -41.60000000000000900, 81.00000000000000000 ) ) ;
#4410 = CARTESIAN_POINT ( 'NONE',  ( -1.250000000000000400, 12.70000000000000600, 80.90000000000000600 ) ) ;
#4411 = FACE_OUTER_BOUND ( 'NONE', #4074, .T. ) ;
#4412 = STYLED_ITEM ( 'NONE', ( #2227 ), #3786 ) ;
#4413 = DIRECTION ( 'NONE',  ( -0.0000000000000000000, -0.0000000000000000000, 1.000000000000000000 ) ) ;
#4414 = ADVANCED_FACE ( 'NONE', ( #679 ), #2100, .F. ) ;
#4415 = VERTEX_POINT ( 'NONE', #3105 ) ;
#4416 = AXIS2_PLACEMENT_3D ( 'NONE', #1211, #886, #3316 ) ;
#4417 = EDGE_LOOP ( 'NONE', ( #3984, #3465, #2190, #1669 ) ) ;
#4418 = EDGE_CURVE ( 'NONE', #2009, #408, #3874, .T. ) ;
#4419 = CARTESIAN_POINT ( 'NONE',  ( 18.75000000000000000, 31.80000000000000100, 1.600000000000004100 ) ) ;
#4420 = DIRECTION ( 'NONE',  ( -0.0000000000000000000, 2.449293598294706200E-017, -1.000000000000000000 ) ) ;
#4421 = ORIENTED_EDGE ( 'NONE', *, *, #1055, .T. ) ;
#4422 = PLANE ( 'NONE',  #3085 ) ;
#4423 = CARTESIAN_POINT ( 'NONE',  ( -4.917354801711829800, -37.35101795883126400, 92.09999999999999400 ) ) ;
#4424 = ADVANCED_FACE ( 'NONE', ( #3244 ), #1378, .T. ) ;
#4425 = ORIENTED_EDGE ( 'NONE', *, *, #3815, .T. ) ;
#4426 = ORIENTED_EDGE ( 'NONE', *, *, #3730, .T. ) ;
#4427 = SURFACE_STYLE_USAGE ( .BOTH. , #942 ) ;
#4428 = ORIENTED_EDGE ( 'NONE', *, *, #2098, .T. ) ;
#4429 = EDGE_LOOP ( 'NONE', ( #3886, #3307, #1794, #3363 ) ) ;
#4430 = VERTEX_POINT ( 'NONE', #325 ) ;
#4431 = ORIENTED_EDGE ( 'NONE', *, *, #1455, .F. ) ;
#4432 = DIRECTION ( 'NONE',  ( 1.000000000000000000, 0.0000000000000000000, -0.0000000000000000000 ) ) ;
#4433 = ORIENTED_EDGE ( 'NONE', *, *, #163, .F. ) ;
#4434 = ORIENTED_EDGE ( 'NONE', *, *, #491, .T. ) ;
#4435 = DIRECTION ( 'NONE',  ( 1.000000000000000000, 0.0000000000000000000, 0.0000000000000000000 ) ) ;
#4436 = FACE_BOUND ( 'NONE', #622, .T. ) ;
#4437 = CARTESIAN_POINT ( 'NONE',  ( 6.249999999999999100, 27.06986938259868600, 6.630205778547283300E-016 ) ) ;
#4438 = ORIENTED_EDGE ( 'NONE', *, *, #2589, .F. ) ;
#4439 = EDGE_LOOP ( 'NONE', ( #802, #982, #1885, #4261 ) ) ;
#4440 = AXIS2_PLACEMENT_3D ( 'NONE', #450, #82, #829 ) ;
#4441 = VECTOR ( 'NONE', #1622, 1000.000000000000100 ) ;
#4442 = CARTESIAN_POINT ( 'NONE',  ( 24.50000000000000000, -41.60000000000000900, 90.50000000000000000 ) ) ;
#4443 = EDGE_CURVE ( 'NONE', #965, #1149, #1618, .T. ) ;
#4444 = VERTEX_POINT ( 'NONE', #794 ) ;
#4445 = LINE ( 'NONE', #340, #4176 ) ;
#4446 = CARTESIAN_POINT ( 'NONE',  ( 9.999999999999609200, 7.462500000000163800, 5.199379999999999700 ) ) ;
#4447 = ORIENTED_EDGE ( 'NONE', *, *, #3285, .T. ) ;
#4448 = ADVANCED_FACE ( 'NONE', ( #3031 ), #2437, .F. ) ;
#4449 = EDGE_CURVE ( 'NONE', #1802, #131, #3921, .T. ) ;
#4450 = CIRCLE ( 'NONE', #3962, 11.43000000000000000 ) ;
#4451 = CARTESIAN_POINT ( 'NONE',  ( -1.667424801711828700, -37.35101795883126400, 85.11225999999999200 ) ) ;
#4452 = DIRECTION ( 'NONE',  ( -0.0000000000000000000, -0.0000000000000000000, -1.000000000000000000 ) ) ;
#4453 = VECTOR ( 'NONE', #1365, 1000.000000000000000 ) ;
#4454 = CARTESIAN_POINT ( 'NONE',  ( -6.250000000000000000, 12.70000000000000600, 0.0000000000000000000 ) ) ;
#4455 =( LENGTH_UNIT ( ) NAMED_UNIT ( * ) SI_UNIT ( .MILLI., .METRE. ) );
#4456 = UNCERTAINTY_MEASURE_WITH_UNIT (LENGTH_MEASURE( 1.000000000000000100E-005 ), #1163, 'distance_accuracy_value', 'NONE');
#4457 = CARTESIAN_POINT ( 'NONE',  ( 12.36239955247270700, -20.11568276207302100, 80.73636690024676500 ) ) ;
#4458 = ADVANCED_FACE ( 'NONE', ( #2123 ), #1867, .F. ) ;
#4459 = EDGE_CURVE ( 'NONE', #2782, #3362, #2650, .T. ) ;
#4460 = SURFACE_STYLE_FILL_AREA ( #751 ) ;
#4461 = PLANE ( 'NONE',  #1567 ) ;
#4462 = DIRECTION ( 'NONE',  ( 0.0000000000000000000, -1.224646799147355400E-016, 1.000000000000000000 ) ) ;
#4463 = EDGE_CURVE ( 'NONE', #2294, #2721, #1550, .T. ) ;
#4464 = LINE ( 'NONE', #1024, #3831 ) ;
#4465 = DIRECTION ( 'NONE',  ( 0.0000000000000000000, 2.449293598294706200E-017, -1.000000000000000000 ) ) ;
#4466 = ADVANCED_FACE ( 'NONE', ( #4083 ), #2493, .F. ) ;
#4467 = CARTESIAN_POINT ( 'NONE',  ( -10.00000000000056700, 7.462500000000100700, 1.276694288111139800E-016 ) ) ;
#4468 = MECHANICAL_DESIGN_GEOMETRIC_PRESENTATION_REPRESENTATION (  '', ( #3563 ), #1709 ) ;
#4469 = ORIENTED_EDGE ( 'NONE', *, *, #704, .F. ) ;
#4470 = EDGE_LOOP ( 'NONE', ( #4209, #202 ) ) ;
#4471 = CARTESIAN_POINT ( 'NONE',  ( -6.250000000000000000, 12.70000000000000600, 0.0000000000000000000 ) ) ;
#4472 = ORIENTED_EDGE ( 'NONE', *, *, #3289, .F. ) ;
#4473 = VERTEX_POINT ( 'NONE', #2132 ) ;
#4474 = CARTESIAN_POINT ( 'NONE',  ( -19.49999999999634400, -8.205133554287294400E-015, 65.75000000000021300 ) ) ;
#4475 = DIRECTION ( 'NONE',  ( -0.0000000000000000000, 0.7071067811865474600, 0.7071067811865474600 ) ) ;
#4476 = EDGE_CURVE ( 'NONE', #3535, #4107, #1989, .T. ) ;
#4477 = DIRECTION ( 'NONE',  ( -1.000000000000000000, 0.0000000000000000000, 0.0000000000000000000 ) ) ;
#4478 = ORIENTED_EDGE ( 'NONE', *, *, #2654, .F. ) ;
#4479 = ORIENTED_EDGE ( 'NONE', *, *, #3360, .T. ) ;
#4480 = ORIENTED_EDGE ( 'NONE', *, *, #60, .T. ) ;
#4481 = VERTEX_POINT ( 'NONE', #3476 ) ;
#4482 = DIRECTION ( 'NONE',  ( 0.0000000000000000000, 1.000000000000000000, 2.449293598294706200E-017 ) ) ;
#4483 = FACE_OUTER_BOUND ( 'NONE', #3014, .T. ) ;
#4484 = VECTOR ( 'NONE', #845, 1000.000000000000000 ) ;
#4485 = DIRECTION ( 'NONE',  ( 0.0000000000000000000, 2.449293598294706200E-017, -1.000000000000000000 ) ) ;
#4486 = ORIENTED_EDGE ( 'NONE', *, *, #606, .F. ) ;
#4487 = LINE ( 'NONE', #2962, #3327 ) ;
#4488 = VECTOR ( 'NONE', #966, 1000.000000000000100 ) ;
#4489 = SURFACE_SIDE_STYLE ('',( #2226 ) ) ;
#4490 = EDGE_CURVE ( 'NONE', #740, #456, #772, .T. ) ;
#4491 = ORIENTED_EDGE ( 'NONE', *, *, #445, .T. ) ;
#4492 = CARTESIAN_POINT ( 'NONE',  ( -24.50000000000000000, 30.19999999999998500, 80.90000000000000600 ) ) ;
#4493 = DIRECTION ( 'NONE',  ( -0.0000000000000000000, -0.0000000000000000000, -1.000000000000000000 ) ) ;
#4494 = EDGE_CURVE ( 'NONE', #3535, #3035, #4450, .T. ) ;
#4495 = CIRCLE ( 'NONE', #1703, 3.249930000000001300 ) ;
#4496 = VERTEX_POINT ( 'NONE', #1820 ) ;
#4497 = DIRECTION ( 'NONE',  ( -0.0000000000000000000, -0.7071067811865474600, -0.7071067811865474600 ) ) ;
#4498 = CARTESIAN_POINT ( 'NONE',  ( 3.034553922578260700, -40.00000000000002800, 81.00000000000000000 ) ) ;
#4499 = LINE ( 'NONE', #103, #488 ) ;
#4500 = EDGE_CURVE ( 'NONE', #2995, #1412, #432, .T. ) ;
#4501 = CARTESIAN_POINT ( 'NONE',  ( -19.49999999999634400, -8.110223427353373700E-015, 67.00000000000021300 ) ) ;
#4502 = EDGE_CURVE ( 'NONE', #2630, #1137, #4021, .T. ) ;
#4503 = DIRECTION ( 'NONE',  ( -0.0000000000000000000, 2.449293598294706500E-017, -1.000000000000000000 ) ) ;
#4504 = CARTESIAN_POINT ( 'NONE',  ( -6.250000000000000000, 12.70000000000000600, 80.90000000000000600 ) ) ;
ENDSEC;
END-ISO-10303-21;
