ISO-10303-21;
HEADER;
FILE_DESCRIPTION (( 'STEP AP203' ),
    '1' );
FILE_NAME ('TTN236916-E0W.STEP',
    '2021-04-12T19:59:21',
    ( '' ),
    ( '' ),
    'SwSTEP 2.0',
    'SolidWorks 2018',
    '' );
FILE_SCHEMA (( 'CONFIG_CONTROL_DESIGN' ));
ENDSEC;

DATA;
#1 = VERTEX_POINT ( 'NONE', #2411 ) ;
#2 = EDGE_CURVE ( 'NONE', #3913, #4264, #1720, .T. ) ;
#3 = DIRECTION ( 'NONE',  ( 1.000000000000000000, 0.000000000000000000, 0.000000000000000000 ) ) ;
#4 = VECTOR ( 'NONE', #4110, 1000.000000000000114 ) ;
#5 = ORIENTED_EDGE ( 'NONE', *, *, #659, .F. ) ;
#6 = CARTESIAN_POINT ( 'NONE',  ( -2.540000000000000036, 8.072055905153561639, 4.141565371354235303 ) ) ;
#7 = DIRECTION ( 'NONE',  ( 0.000000000000000000, 1.000000000000000000, 0.000000000000000000 ) ) ;
#8 = CARTESIAN_POINT ( 'NONE',  ( -2.540000000000000036, -6.943435456515897997, 0.8495895076583355188 ) ) ;
#9 = ORIENTED_EDGE ( 'NONE', *, *, #3370, .T. ) ;
#10 = CARTESIAN_POINT ( 'NONE',  ( -2.540000000000000036, 7.779698119025134417, 5.158861073839461575 ) ) ;
#11 = CALENDAR_DATE ( 2021, 12, 4 ) ;
#12 = EDGE_CURVE ( 'NONE', #2791, #634, #2460, .T. ) ;
#13 = CARTESIAN_POINT ( 'NONE',  ( -2.540000000000000036, 4.775199999999999889, 0.000000000000000000 ) ) ;
#14 = ORIENTED_EDGE ( 'NONE', *, *, #2370, .F. ) ;
#15 = CARTESIAN_POINT ( 'NONE',  ( -2.540000000000000036, -7.462841812620145454, 0.5443672827073753329 ) ) ;
#16 = DIRECTION ( 'NONE',  ( -0.000000000000000000, 0.001227981745710598257, 0.9999992460301319053 ) ) ;
#17 = ADVANCED_FACE ( 'NONE', ( #2723 ), #4078, .F. ) ;
#18 = EDGE_LOOP ( 'NONE', ( #2832, #3085, #509, #3251, #3607, #4301, #4317, #1026, #226, #1394, #1515, #696, #1227, #916, #2361, #2924, #23, #1163, #1945, #3770, #3478, #167, #2573, #2402, #616, #973, #2233, #3051, #1243, #1220, #3200, #984, #1718, #2096, #2762 ) ) ;
#19 = EDGE_CURVE ( 'NONE', #3092, #2197, #2308, .T. ) ;
#20 = LINE ( 'NONE', #571, #2666 ) ;
#21 = CARTESIAN_POINT ( 'NONE',  ( -2.540000000000000036, 6.591933278412944297, 5.972949512507157444 ) ) ;
#22 = ORIENTED_EDGE ( 'NONE', *, *, #2035, .F. ) ;
#23 = ORIENTED_EDGE ( 'NONE', *, *, #2188, .F. ) ;
#24 = DIRECTION ( 'NONE',  ( 0.000000000000000000, -0.001227981745712519680, -0.9999992460301319053 ) ) ;
#25 = EDGE_CURVE ( 'NONE', #2123, #4059, #2358, .T. ) ;
#26 = LINE ( 'NONE', #4419, #3992 ) ;
#27 = VECTOR ( 'NONE', #1554, 1000.000000000000000 ) ;
#28 = CARTESIAN_POINT ( 'NONE',  ( -2.540000000000000036, 6.368400745688109765, -3.413229743843948505 ) ) ;
#29 = ORIENTED_EDGE ( 'NONE', *, *, #1300, .T. ) ;
#30 = CARTESIAN_POINT ( 'NONE',  ( -2.540000000000000036, -6.817160632928715991, 0.4150835090065181920 ) ) ;
#31 = VERTEX_POINT ( 'NONE', #757 ) ;
#32 = CARTESIAN_POINT ( 'NONE',  ( -2.540000000000000036, -8.912346155527552938, 1.975610660920033679 ) ) ;
#33 = ORIENTED_EDGE ( 'NONE', *, *, #1834, .F. ) ;
#34 = EDGE_CURVE ( 'NONE', #2472, #1726, #1073, .T. ) ;
#35 = DATE_TIME_ROLE ( 'classification_date' ) ;
#36 = CARTESIAN_POINT ( 'NONE',  ( -2.540000000000000036, -7.573812224058998233, 0.3108019468425354814 ) ) ;
#37 = LINE ( 'NONE', #1030, #1774 ) ;
#38 = CARTESIAN_POINT ( 'NONE',  ( -2.540000000000000036, -9.388597092331051996, -1.426360737306686888 ) ) ;
#39 = DIRECTION ( 'NONE',  ( -1.000000000000000000, -0.000000000000000000, -0.000000000000000000 ) ) ;
#40 = CARTESIAN_POINT ( 'NONE',  ( 0.000000000000000000, 0.05000000000000002359, 0.000000000000000000 ) ) ;
#41 = DIRECTION ( 'NONE',  ( 0.000000000000000000, 0.000000000000000000, 1.000000000000000000 ) ) ;
#42 = CARTESIAN_POINT ( 'NONE',  ( -2.540000000000000036, -6.861122027320988970, 0.3574397553717580389 ) ) ;
#43 = ORIENTED_EDGE ( 'NONE', *, *, #4053, .F. ) ;
#44 = VERTEX_POINT ( 'NONE', #437 ) ;
#45 = CARTESIAN_POINT ( 'NONE',  ( -2.540000000000000036, 6.822873344469680745, 1.655545320006160059 ) ) ;
#46 = CC_DESIGN_SECURITY_CLASSIFICATION ( #1377, ( #2835 ) ) ;
#47 = ORIENTED_EDGE ( 'NONE', *, *, #2724, .F. ) ;
#48 = SECURITY_CLASSIFICATION_LEVEL ( 'unclassified' ) ;
#49 = CARTESIAN_POINT ( 'NONE',  ( -2.540000000000000036, 7.201824938699931344, 4.564294176196313835 ) ) ;
#50 = ORIENTED_EDGE ( 'NONE', *, *, #1367, .F. ) ;
#51 = CARTESIAN_POINT ( 'NONE',  ( -2.540000000000000036, 7.589456790629025562, -0.1199639009140300722 ) ) ;
#52 = ORIENTED_EDGE ( 'NONE', *, *, #3393, .T. ) ;
#53 = ORIENTED_EDGE ( 'NONE', *, *, #158, .T. ) ;
#54 = CARTESIAN_POINT ( 'NONE',  ( -2.540000000000000036, -8.661913011950881369, 2.767661470917537780 ) ) ;
#55 = CARTESIAN_POINT ( 'NONE',  ( -2.540000000000000036, 6.884975617092831790, 0.9774036922507675085 ) ) ;
#56 = CARTESIAN_POINT ( 'NONE',  ( -0.9599999999999988542, 0.000000000000000000, 0.000000000000000000 ) ) ;
#57 = EDGE_LOOP ( 'NONE', ( #1641, #3465, #3973, #3635 ) ) ;
#58 = EDGE_CURVE ( 'NONE', #2115, #4292, #618, .T. ) ;
#59 = FACE_OUTER_BOUND ( 'NONE', #3346, .T. ) ;
#60 = CARTESIAN_POINT ( 'NONE',  ( -2.540000000000000036, -7.282371270943099439, 0.3152588716819662018 ) ) ;
#61 = CIRCLE ( 'NONE', #1292, 0.03750000000000003331 ) ;
#62 = CARTESIAN_POINT ( 'NONE',  ( -2.540000000000000036, -9.651999999999997470, 2.171211538461538915 ) ) ;
#63 = ADVANCED_FACE ( 'NONE', ( #3296, #1544 ), #4191, .F. ) ;
#64 = LINE ( 'NONE', #2269, #2752 ) ;
#65 = ORIENTED_EDGE ( 'NONE', *, *, #716, .T. ) ;
#66 = APPROVAL_ROLE ( '' ) ;
#67 = PERSON_AND_ORGANIZATION ( #4416, #985 ) ;
#68 = VECTOR ( 'NONE', #1848, 1000.000000000000000 ) ;
#69 = EDGE_CURVE ( 'NONE', #3941, #3586, #235, .T. ) ;
#70 = CARTESIAN_POINT ( 'NONE',  ( -2.540000000000000036, -6.113734944926883408, -1.599822281182903927 ) ) ;
#71 = FACE_BOUND ( 'NONE', #293, .T. ) ;
#72 = VERTEX_POINT ( 'NONE', #3489 ) ;
#73 = DATE_AND_TIME ( #188, #2571 ) ;
#74 = DIRECTION ( 'NONE',  ( 1.000000000000000000, 0.000000000000000000, 0.000000000000000000 ) ) ;
#75 = CARTESIAN_POINT ( 'NONE',  ( -2.540000000000000036, -9.341218083814524675, -1.452276772458846565 ) ) ;
#76 = FACE_BOUND ( 'NONE', #18, .T. ) ;
#77 = CARTESIAN_POINT ( 'NONE',  ( -2.540000000000000036, 7.779698119025134417, 5.158861073839461575 ) ) ;
#78 = ORIENTED_EDGE ( 'NONE', *, *, #3691, .T. ) ;
#79 = VECTOR ( 'NONE', #813, 1000.000000000000000 ) ;
#80 = EDGE_LOOP ( 'NONE', ( #1396, #65, #4082, #3055, #175 ) ) ;
#81 = ORIENTED_EDGE ( 'NONE', *, *, #1733, .F. ) ;
#82 = CARTESIAN_POINT ( 'NONE',  ( -2.540000000000000036, -8.845664914881034235, -1.044352367629701295 ) ) ;
#83 = DIRECTION ( 'NONE',  ( 0.000000000000000000, 1.000000000000000000, 0.000000000000000000 ) ) ;
#84 = CARTESIAN_POINT ( 'NONE',  ( -2.540000000000000036, -8.518769230769228429, 1.844552884615384913 ) ) ;
#85 = CARTESIAN_POINT ( 'NONE',  ( -2.540000000000000036, -6.272058351268416487, -1.794482304995701938 ) ) ;
#86 = ORIENTED_EDGE ( 'NONE', *, *, #3780, .F. ) ;
#87 = LINE ( 'NONE', #666, #617 ) ;
#88 = DATE_TIME_ROLE ( 'classification_date' ) ;
#89 = SECURITY_CLASSIFICATION ( '', '', #3564 ) ;
#90 = CARTESIAN_POINT ( 'NONE',  ( -2.540000000000000036, -8.712016826923074220, 1.526442307692308376 ) ) ;
#91 = CARTESIAN_POINT ( 'NONE',  ( -2.540000000000000036, 6.432294390808333873, -0.09847275114702487564 ) ) ;
#92 = ORIENTED_EDGE ( 'NONE', *, *, #2258, .T. ) ;
#93 = CIRCLE ( 'NONE', #3960, 0.03750000000000003331 ) ;
#94 = VERTEX_POINT ( 'NONE', #798 ) ;
#95 = CARTESIAN_POINT ( 'NONE',  ( -2.540000000000000036, -9.542922643836504903, -2.414170437180876316 ) ) ;
#96 = CARTESIAN_POINT ( 'NONE',  ( -2.540000000000000036, 7.524302244833806164, -2.487160328392785669 ) ) ;
#97 = CARTESIAN_POINT ( 'NONE',  ( -2.540000000000000036, 6.414332946009199787, 5.189775043030142143 ) ) ;
#98 = CARTESIAN_POINT ( 'NONE',  ( -2.540000000000000036, 8.063065648615221903, 0.4653917291569317771 ) ) ;
#99 = CARTESIAN_POINT ( 'NONE',  ( -2.540000000000000036, 6.852457565216916180, 5.139083114961330523 ) ) ;
#100 = AXIS2_PLACEMENT_3D ( 'NONE', #347, #2756, #2772 ) ;
#101 = APPROVAL_ROLE ( '' ) ;
#102 = ORIENTED_EDGE ( 'NONE', *, *, #572, .T. ) ;
#103 = CARTESIAN_POINT ( 'NONE',  ( -2.540000000000000036, -6.727080433269015280, -1.543188763132499419 ) ) ;
#104 = VERTEX_POINT ( 'NONE', #2807 ) ;
#105 = DIRECTION ( 'NONE',  ( 0.000000000000000000, 1.000000000000000000, 0.000000000000000000 ) ) ;
#106 = ORIENTED_EDGE ( 'NONE', *, *, #4000, .T. ) ;
#107 = DIRECTION ( 'NONE',  ( 0.000000000000000000, -0.9999875528078735476, 0.004989411720875227586 ) ) ;
#108 = CARTESIAN_POINT ( 'NONE',  ( -2.540000000000000036, 6.895102681462133454, 4.982486250908972458 ) ) ;
#109 = ORIENTED_EDGE ( 'NONE', *, *, #4147, .T. ) ;
#110 = CARTESIAN_POINT ( 'NONE',  ( -2.540000000000000036, -8.698172974511660271, 1.834367109731851464 ) ) ;
#111 = ADVANCED_FACE ( 'NONE', ( #1588 ), #189, .T. ) ;
#112 = VERTEX_POINT ( 'NONE', #1786 ) ;
#113 = CARTESIAN_POINT ( 'NONE',  ( -2.540000000000000036, 7.272935878140164512, 3.907430993875518066 ) ) ;
#114 = CIRCLE ( 'NONE', #2689, 12.69999999999999929 ) ;
#115 = CARTESIAN_POINT ( 'NONE',  ( -2.540000000000000036, 6.458458286063258669, 0.4673621591928236452 ) ) ;
#116 = ORIENTED_EDGE ( 'NONE', *, *, #4047, .T. ) ;
#117 = CARTESIAN_POINT ( 'NONE',  ( -2.540000000000000036, 7.189410584293125517, 3.884147729009187255 ) ) ;
#118 = CARTESIAN_POINT ( 'NONE',  ( -2.540000000000000036, -9.507372946877410413, -2.606783553995529079 ) ) ;
#119 = EDGE_CURVE ( 'NONE', #3544, #381, #2712, .T. ) ;
#120 = EDGE_CURVE ( 'NONE', #3586, #287, #2860, .T. ) ;
#121 = CARTESIAN_POINT ( 'NONE',  ( -2.540000000000000036, 7.649510260283718388, 3.970598002931378101 ) ) ;
#122 = ORIENTED_EDGE ( 'NONE', *, *, #2550, .T. ) ;
#123 = CARTESIAN_POINT ( 'NONE',  ( 0.000000000000000000, 0.000000000000000000, 0.000000000000000000 ) ) ;
#124 = CARTESIAN_POINT ( 'NONE',  ( -2.540000000000000036, -6.279259114608064074, -1.678428136090569067 ) ) ;
#125 = LOCAL_TIME ( 15, 59, 21.00000000000000000, #2073 ) ;
#126 = CARTESIAN_POINT ( 'NONE',  ( -2.540000000000000036, -7.619999999999998330, -2.403230769230769504 ) ) ;
#127 = APPROVAL_ROLE ( '' ) ;
#128 = ORIENTED_EDGE ( 'NONE', *, *, #671, .T. ) ;
#129 = CARTESIAN_POINT ( 'NONE',  ( -2.540000000000000036, 8.063579704479748145, 0.8840099038486282090 ) ) ;
#130 = DIRECTION ( 'NONE',  ( 0.000000000000000000, 0.000000000000000000, -1.000000000000000000 ) ) ;
#131 = DATE_AND_TIME ( #1973, #2078 ) ;
#132 = EDGE_CURVE ( 'NONE', #1488, #2745, #2132, .T. ) ;
#133 = CARTESIAN_POINT ( 'NONE',  ( -2.540000000000000036, -9.453013406617428060, 0.4475533876181326254 ) ) ;
#134 = ORIENTED_EDGE ( 'NONE', *, *, #1126, .F. ) ;
#135 = VECTOR ( 'NONE', #2818, 1000.000000000000000 ) ;
#136 = ORIENTED_EDGE ( 'NONE', *, *, #3882, .T. ) ;
#137 = FACE_BOUND ( 'NONE', #2945, .T. ) ;
#138 = PLANE ( 'NONE',  #3265 ) ;
#139 = VECTOR ( 'NONE', #1045, 1000.000000000000000 ) ;
#140 = DIRECTION ( 'NONE',  ( 0.000000000000000000, 1.000000000000000000, 0.000000000000000000 ) ) ;
#141 = VERTEX_POINT ( 'NONE', #2515 ) ;
#142 = CARTESIAN_POINT ( 'NONE',  ( -2.540000000000000036, 6.328751558883251249, 4.790753471784237938 ) ) ;
#143 = CARTESIAN_POINT ( 'NONE',  ( -2.540000000000000036, -9.399988769290940738, -2.588575922810142149 ) ) ;
#144 = VECTOR ( 'NONE', #1938, 999.9999999999998863 ) ;
#145 = CARTESIAN_POINT ( 'NONE',  ( -2.540000000000000036, -9.486533653846150216, -0.8200048076923065477 ) ) ;
#146 = DIRECTION ( 'NONE',  ( 0.000000000000000000, 1.000000000000000000, 0.000000000000000000 ) ) ;
#147 = LINE ( 'NONE', #3583, #3302 ) ;
#148 = CARTESIAN_POINT ( 'NONE',  ( -2.398232558139534287, 0.000000000000000000, 12.69999999999999929 ) ) ;
#149 = CARTESIAN_POINT ( 'NONE',  ( 1.836970198721031660E-16, 0.05000000000000002359, -1.500000000000001554 ) ) ;
#150 = ORIENTED_EDGE ( 'NONE', *, *, #684, .T. ) ;
#151 = ORIENTED_EDGE ( 'NONE', *, *, #413, .F. ) ;
#152 = CARTESIAN_POINT ( 'NONE',  ( -2.540000000000000036, -8.735071450832542439, 1.647731601742658425 ) ) ;
#153 = CARTESIAN_POINT ( 'NONE',  ( 5.832380380939269122E-16, 0.05000000000000002359, 4.762500000000000178 ) ) ;
#154 = ORIENTED_EDGE ( 'NONE', *, *, #2354, .F. ) ;
#155 = CARTESIAN_POINT ( 'NONE',  ( -2.540000000000000036, 7.456722366464901164, 3.492710636446365591 ) ) ;
#156 = CARTESIAN_POINT ( 'NONE',  ( 0.000000000000000000, 0.05000000000000002359, 0.000000000000000000 ) ) ;
#157 = EDGE_LOOP ( 'NONE', ( #4363, #695, #3064, #4015 ) ) ;
#158 = EDGE_CURVE ( 'NONE', #4292, #948, #2299, .T. ) ;
#159 = CARTESIAN_POINT ( 'NONE',  ( -2.540000000000000036, 7.536189457891851795, 3.573858247018710355 ) ) ;
#160 = CARTESIAN_POINT ( 'NONE',  ( -2.540000000000000036, -8.812847272811509924, -1.168657144570911077 ) ) ;
#161 = CARTESIAN_POINT ( 'NONE',  ( -0.1269999999999973372, 1.555301434917138433E-15, -12.69999999999999929 ) ) ;
#162 = AXIS2_PLACEMENT_3D ( 'NONE', #2997, #1278, #1990 ) ;
#163 = B_SPLINE_CURVE_WITH_KNOTS ( 'NONE', 3,
 ( #3149, #2477, #3817, #3469, #400, #1069, #2802, #749, #3834, #463, #103, #2128, #4172, #1119, #2857, #1795, #2148, #3115, #3134 ),
 .UNSPECIFIED., .F., .F.,
 ( 4, 1, 1, 1, 1, 1, 1, 1, 1, 1, 1, 1, 1, 1, 1, 1, 4 ),
 ( 0.000000000000000000, 0.08773102264437426800, 0.1690056846605414165, 0.2448021443962130062, 0.3142317617715645328, 0.3789415805204457421, 0.4391718549354327039, 0.4957867026411704181, 0.5494347689706724491, 0.6020003354234682025, 0.6542545252912742582, 0.7069046930323725775, 0.7612021463875943139, 0.8168623067330532672, 0.8746699957507746426, 0.9360077445631980186, 1.000000000000000000 ),
 .UNSPECIFIED. ) ;
#164 = CARTESIAN_POINT ( 'NONE',  ( -2.540000000000000036, 7.163450102377673545, 2.453496622484719669 ) ) ;
#165 = CARTESIAN_POINT ( 'NONE',  ( -2.540000000000000036, 6.365914022464360222, -5.438277231333872308 ) ) ;
#166 = VERTEX_POINT ( 'NONE', #3170 ) ;
#167 = ORIENTED_EDGE ( 'NONE', *, *, #1449, .F. ) ;
#168 = ORIENTED_EDGE ( 'NONE', *, *, #69, .T. ) ;
#169 = DIRECTION ( 'NONE',  ( 0.000000000000000000, -0.9528591105695458641, -0.3034131101396477792 ) ) ;
#170 = ORIENTED_EDGE ( 'NONE', *, *, #2206, .T. ) ;
#171 = ORIENTED_EDGE ( 'NONE', *, *, #2296, .F. ) ;
#172 = CARTESIAN_POINT ( 'NONE',  ( -2.540000000000000036, -9.066060806569527841, 0.8597161194593225808 ) ) ;
#173 = CARTESIAN_POINT ( 'NONE',  ( -2.540000000000000036, -6.324561897343071948, -0.3053025632056554084 ) ) ;
#174 = CARTESIAN_POINT ( 'NONE',  ( -2.540000000000000036, -6.454977203705353439, -0.2348382078523019445 ) ) ;
#175 = ORIENTED_EDGE ( 'NONE', *, *, #3305, .T. ) ;
#176 = CARTESIAN_POINT ( 'NONE',  ( -2.540000000000000036, -8.654793490572771475, -1.017600053869991639 ) ) ;
#177 = CARTESIAN_POINT ( 'NONE',  ( -2.540000000000000036, -8.831897047063391071, -1.328986699778654357 ) ) ;
#178 = LINE ( 'NONE', #3283, #3685 ) ;
#179 = DATE_TIME_ROLE ( 'classification_date' ) ;
#180 = VECTOR ( 'NONE', #2201, 1000.000000000000000 ) ;
#181 = CARTESIAN_POINT ( 'NONE',  ( -2.540000000000000036, 7.732940525092630857, 5.424550630177340516 ) ) ;
#182 = VERTEX_POINT ( 'NONE', #1481 ) ;
#183 = CARTESIAN_POINT ( 'NONE',  ( -2.540000000000000036, -8.786204181023125059, 1.591878467072099790 ) ) ;
#184 = COORDINATED_UNIVERSAL_TIME_OFFSET ( 5, 0, .BEHIND. ) ;
#185 = VERTEX_POINT ( 'NONE', #3854 ) ;
#186 = CARTESIAN_POINT ( 'NONE',  ( -2.540000000000000036, 7.298350287071495579, 4.393026832030214379 ) ) ;
#187 = DIRECTION ( 'NONE',  ( 0.000000000000000000, 1.000000000000000000, 0.000000000000000000 ) ) ;
#188 = CALENDAR_DATE ( 2021, 12, 4 ) ;
#189 = CYLINDRICAL_SURFACE ( 'NONE', #1809, 4.762500000000004619 ) ;
#190 = AXIS2_PLACEMENT_3D ( 'NONE', #4331, #937, #2012 ) ;
#191 = CARTESIAN_POINT ( 'NONE',  ( -2.540000000000000036, 7.458747066860789587, 0.3452823879751115155 ) ) ;
#192 = CARTESIAN_POINT ( 'NONE',  ( -2.540000000000000036, -8.842533189241219560, -2.212097643971573380 ) ) ;
#193 = PLANE ( 'NONE',  #3624 ) ;
#194 = VERTEX_POINT ( 'NONE', #2850 ) ;
#195 = CARTESIAN_POINT ( 'NONE',  ( -2.540000000000000036, -8.938757385664107602, -1.458606478354997460 ) ) ;
#196 = ORIENTED_EDGE ( 'NONE', *, *, #4081, .F. ) ;
#197 = VECTOR ( 'NONE', #3678, 1000.000000000000000 ) ;
#198 = DIRECTION ( 'NONE',  ( 1.000000000000000000, 0.000000000000000000, 0.000000000000000000 ) ) ;
#199 = CALENDAR_DATE ( 2021, 12, 4 ) ;
#200 = VERTEX_POINT ( 'NONE', #4208 ) ;
#201 = DIRECTION ( 'NONE',  ( 0.000000000000000000, 1.000000000000000000, 0.000000000000000000 ) ) ;
#202 = FACE_OUTER_BOUND ( 'NONE', #4259, .T. ) ;
#203 = CARTESIAN_POINT ( 'NONE',  ( -2.540000000000000036, -9.007536057692306031, 0.8596923076923087548 ) ) ;
#204 = VERTEX_POINT ( 'NONE', #811 ) ;
#205 = CARTESIAN_POINT ( 'NONE',  ( -2.540000000000000036, -8.737661057692305278, -1.422338942307691090 ) ) ;
#206 = ORIENTED_EDGE ( 'NONE', *, *, #3726, .T. ) ;
#207 = EDGE_CURVE ( 'NONE', #1428, #2791, #1657, .T. ) ;
#208 = PRODUCT_DEFINITION ( 'UNKNOWN', '', #3477, #4001 ) ;
#209 = DIRECTION ( 'NONE',  ( 1.000000000000000000, 0.000000000000000000, 0.000000000000000000 ) ) ;
#210 = CARTESIAN_POINT ( 'NONE',  ( -2.540000000000000036, -8.346626524722775997, -1.910708612301839304 ) ) ;
#211 = DIRECTION ( 'NONE',  ( -0.000000000000000000, -0.9999992460301319053, 0.001227981745711260054 ) ) ;
#212 = ORIENTED_EDGE ( 'NONE', *, *, #2419, .F. ) ;
#213 = CARTESIAN_POINT ( 'NONE',  ( -2.540000000000000036, -7.045007665051008949, 1.073269701294202072 ) ) ;
#214 = EDGE_CURVE ( 'NONE', #1170, #3425, #1362, .T. ) ;
#215 = CARTESIAN_POINT ( 'NONE',  ( -2.540000000000000036, 4.775199999999999889, 0.000000000000000000 ) ) ;
#216 = EDGE_CURVE ( 'NONE', #2941, #1186, #1479, .T. ) ;
#217 = CARTESIAN_POINT ( 'NONE',  ( -2.540000000000000036, 7.526413354384060561, 5.330349608025478858 ) ) ;
#218 = CARTESIAN_POINT ( 'NONE',  ( -2.540000000000000036, -9.237723557692305576, -2.355300480769229932 ) ) ;
#219 = CARTESIAN_POINT ( 'NONE',  ( -2.540000000000000036, 6.373049938803104553, 0.3728115600126628015 ) ) ;
#220 = AXIS2_PLACEMENT_3D ( 'NONE', #357, #3402, #1385 ) ;
#221 = ORIENTED_EDGE ( 'NONE', *, *, #3957, .T. ) ;
#222 = B_SPLINE_CURVE_WITH_KNOTS ( 'NONE', 3,
 ( #4044, #964, #974, #1668 ),
 .UNSPECIFIED., .F., .F.,
 ( 4, 4 ),
 ( 3.000000000000000000, 4.000000000000000000 ),
 .UNSPECIFIED. ) ;
#223 = VERTEX_POINT ( 'NONE', #2839 ) ;
#224 = CARTESIAN_POINT ( 'NONE',  ( -2.540000000000000036, 6.884975617092831790, 0.9774036922507675085 ) ) ;
#225 = VERTEX_POINT ( 'NONE', #2874 ) ;
#226 = ORIENTED_EDGE ( 'NONE', *, *, #1573, .F. ) ;
#227 = CARTESIAN_POINT ( 'NONE',  ( -2.540000000000000036, 7.005675944454452519, 4.509991222645200359 ) ) ;
#228 = DIRECTION ( 'NONE',  ( 0.000000000000000000, 0.000000000000000000, 1.000000000000000000 ) ) ;
#229 = CARTESIAN_POINT ( 'NONE',  ( -2.398232558139534287, 0.000000000000000000, 0.000000000000000000 ) ) ;
#230 = VECTOR ( 'NONE', #16, 1000.000000000000000 ) ;
#231 = CARTESIAN_POINT ( 'NONE',  ( -2.540000000000000036, 7.719607280104298752, 2.366423100429259740 ) ) ;
#232 = DIRECTION ( 'NONE',  ( 1.000000000000000000, 0.000000000000000000, 0.000000000000000000 ) ) ;
#233 = DIRECTION ( 'NONE',  ( 0.000000000000000000, 0.000000000000000000, -1.000000000000000000 ) ) ;
#234 = CONTEXT_DEPENDENT_SHAPE_REPRESENTATION ( #851, #2242 ) ;
#235 = CIRCLE ( 'NONE', #2303, 0.2750000000000000222 ) ;
#236 = B_SPLINE_CURVE_WITH_KNOTS ( 'NONE', 3,
 ( #1738, #4093, #2413, #2089 ),
 .UNSPECIFIED., .F., .F.,
 ( 4, 4 ),
 ( 2.000000000000000000, 3.000000000000000000 ),
 .UNSPECIFIED. ) ;
#237 = EDGE_CURVE ( 'NONE', #166, #1790, #4080, .T. ) ;
#238 = ORGANIZATION ( 'UNSPECIFIED', 'UNSPECIFIED', '' ) ;
#239 = ORIENTED_EDGE ( 'NONE', *, *, #888, .F. ) ;
#240 = ORIENTED_EDGE ( 'NONE', *, *, #2732, .F. ) ;
#241 = VECTOR ( 'NONE', #4386, 1000.000000000000000 ) ;
#242 = AXIS2_PLACEMENT_3D ( 'NONE', #1747, #2407, #335 ) ;
#243 = SHAPE_REPRESENTATION_RELATIONSHIP ( 'NONE' , 'NONE' ,  #2637, #2480 ) ;
#244 = EDGE_CURVE ( 'NONE', #380, #3515, #679, .T. ) ;
#245 = CARTESIAN_POINT ( 'NONE',  ( -2.540000000000000036, 7.045076938641807729, 4.048845564814140374 ) ) ;
#246 = ORIENTED_EDGE ( 'NONE', *, *, #4252, .F. ) ;
#247 = CARTESIAN_POINT ( 'NONE',  ( -2.540000000000000036, -6.779846153846151857, 0.5733317307692316067 ) ) ;
#248 = LINE ( 'NONE', #1750, #349 ) ;
#249 = LINE ( 'NONE', #117, #1005 ) ;
#250 = CARTESIAN_POINT ( 'NONE',  ( -2.398232558139534287, 1.555301434917138433E-15, -12.69999999999999929 ) ) ;
#251 = VERTEX_POINT ( 'NONE', #1549 ) ;
#252 = CARTESIAN_POINT ( 'NONE',  ( -2.540000000000000036, 7.523304699894364234, 4.446089341755080859 ) ) ;
#253 = AXIS2_PLACEMENT_3D ( 'NONE', #1729, #294, #1713 ) ;
#254 = ORIENTED_EDGE ( 'NONE', *, *, #2412, .F. ) ;
#255 = LINE ( 'NONE', #219, #408 ) ;
#256 = CARTESIAN_POINT ( 'NONE',  ( -2.540000000000000036, -7.201162696917124961, 0.2950115375118498862 ) ) ;
#257 = CARTESIAN_POINT ( 'NONE',  ( -2.540000000000000036, 6.921725764032453654, 5.470507423139055803 ) ) ;
#258 = ORIENTED_EDGE ( 'NONE', *, *, #1819, .F. ) ;
#259 = CARTESIAN_POINT ( 'NONE',  ( -2.540000000000000036, 4.775199999999999889, 0.000000000000000000 ) ) ;
#260 = PLANE ( 'NONE',  #3945 ) ;
#261 = CARTESIAN_POINT ( 'NONE',  ( -2.540000000000000036, 7.587819290282484808, 5.836518905277791269 ) ) ;
#262 = UNCERTAINTY_MEASURE_WITH_UNIT (LENGTH_MEASURE( 1.000000000000000082E-05 ), #3807, 'distance_accuracy_value', 'NONE');
#263 = CARTESIAN_POINT ( 'NONE',  ( -2.540000000000000036, 6.414766881035075308, 5.543147314414847315 ) ) ;
#264 = PLANE ( 'NONE',  #1606 ) ;
#265 = ORIENTED_EDGE ( 'NONE', *, *, #1665, .T. ) ;
#266 = AXIS2_PLACEMENT_3D ( 'NONE', #1151, #728, #2116 ) ;
#267 = CARTESIAN_POINT ( 'NONE',  ( -2.540000000000000036, -6.375468296549001934, -1.529032282225980532 ) ) ;
#268 = EDGE_CURVE ( 'NONE', #3467, #1867, #448, .T. ) ;
#269 = PLANE ( 'NONE',  #3623 ) ;
#270 = VERTEX_POINT ( 'NONE', #3529 ) ;
#271 = DIRECTION ( 'NONE',  ( -0.000000000000000000, 1.000000000000000000, 1.224646799147353207E-16 ) ) ;
#272 = DIRECTION ( 'NONE',  ( -0.000000000000000000, 0.001227981745710322002, 0.9999992460301319053 ) ) ;
#273 = B_SPLINE_CURVE_WITH_KNOTS ( 'NONE', 3,
 ( #914, #3972, #252, #2001 ),
 .UNSPECIFIED., .F., .F.,
 ( 4, 4 ),
 ( 17.00000000000000000, 18.00000000000000000 ),
 .UNSPECIFIED. ) ;
#274 = ORIENTED_EDGE ( 'NONE', *, *, #2861, .T. ) ;
#275 = CARTESIAN_POINT ( 'NONE',  ( -0.1269999999999973372, 0.000000000000000000, 0.000000000000000000 ) ) ;
#276 = CARTESIAN_POINT ( 'NONE',  ( -2.540000000000000036, -6.273677884615383782, -0.09769230769230689837 ) ) ;
#277 = VERTEX_POINT ( 'NONE', #1828 ) ;
#278 = VECTOR ( 'NONE', #2013, 1000.000000000000000 ) ;
#279 = DESIGN_CONTEXT ( 'detailed design', #2253, 'design' ) ;
#280 = ORIENTED_EDGE ( 'NONE', *, *, #3957, .F. ) ;
#281 = DIRECTION ( 'NONE',  ( 0.000000000000000000, 0.000000000000000000, -1.000000000000000000 ) ) ;
#282 = DATE_AND_TIME ( #4400, #3326 ) ;
#283 = DIRECTION ( 'NONE',  ( 0.000000000000000000, 0.000000000000000000, 1.000000000000000000 ) ) ;
#284 = CARTESIAN_POINT ( 'NONE',  ( -2.540000000000000036, -8.660985412906665459, -1.290092142858109359 ) ) ;
#285 = PERSON_AND_ORGANIZATION ( #697, #238 ) ;
#286 = CARTESIAN_POINT ( 'NONE',  ( -2.540000000000000036, -6.095999999999997421, 1.348153846153845148 ) ) ;
#287 = VERTEX_POINT ( 'NONE', #3211 ) ;
#288 = ORIENTED_EDGE ( 'NONE', *, *, #3185, .T. ) ;
#289 = FACE_BOUND ( 'NONE', #1156, .T. ) ;
#290 = EDGE_LOOP ( 'NONE', ( #3219, #3521, #3702, #767 ) ) ;
#291 = CARTESIAN_POINT ( 'NONE',  ( -2.540000000000000036, -9.486533653846150216, -0.8200048076923065477 ) ) ;
#292 = PERSON_AND_ORGANIZATION ( #697, #238 ) ;
#293 = EDGE_LOOP ( 'NONE', ( #4011, #818, #2696, #3756, #170, #1309, #4091, #2333, #2715, #2598, #779, #2843, #3792, #3347, #4428, #1584, #2168, #4240, #274 ) ) ;
#294 = DIRECTION ( 'NONE',  ( 0.000000000000000000, 1.000000000000000000, 0.000000000000000000 ) ) ;
#295 = ORIENTED_EDGE ( 'NONE', *, *, #244, .T. ) ;
#296 = LINE ( 'NONE', #625, #3073 ) ;
#297 = DIRECTION ( 'NONE',  ( -1.000000000000000000, -0.000000000000000000, -0.000000000000000000 ) ) ;
#298 = CARTESIAN_POINT ( 'NONE',  ( -2.540000000000000036, -9.441282361295533221, -1.025108937196908654 ) ) ;
#299 = FACE_OUTER_BOUND ( 'NONE', #725, .T. ) ;
#300 = CARTESIAN_POINT ( 'NONE',  ( -2.540000000000000036, 8.153136118212566785, 2.070587024023569089 ) ) ;
#301 = FACE_OUTER_BOUND ( 'NONE', #3814, .T. ) ;
#302 = ORIENTED_EDGE ( 'NONE', *, *, #2551, .T. ) ;
#303 = CARTESIAN_POINT ( 'NONE',  ( -2.540000000000000036, -6.628985412906664543, 0.4879078571418899446 ) ) ;
#304 = CARTESIAN_POINT ( 'NONE',  ( -2.540000000000000036, -8.147538461538459842, -1.504461538461537184 ) ) ;
#305 = ORIENTED_EDGE ( 'NONE', *, *, #3083, .F. ) ;
#306 = CC_DESIGN_SECURITY_CLASSIFICATION ( #4148, ( #4438 ) ) ;
#307 = CARTESIAN_POINT ( 'NONE',  ( -2.540000000000000036, -6.095999999999997421, 2.559538461538460208 ) ) ;
#308 = CARTESIAN_POINT ( 'NONE',  ( -2.540000000000000036, 7.350856638085529582, 4.392761509929139940 ) ) ;
#309 = ORIENTED_EDGE ( 'NONE', *, *, #2551, .F. ) ;
#310 = ORIENTED_EDGE ( 'NONE', *, *, #4332, .T. ) ;
#311 = CARTESIAN_POINT ( 'NONE',  ( -2.540000000000000036, -7.619999999999998330, -0.6447692307692298730 ) ) ;
#312 = CARTESIAN_POINT ( 'NONE',  ( 0.000000000000000000, 5.847688465928612791E-16, -4.775000000000000355 ) ) ;
#313 = B_SPLINE_CURVE_WITH_KNOTS ( 'NONE', 3,
 ( #217, #1611, #2630, #2909 ),
 .UNSPECIFIED., .F., .F.,
 ( 4, 4 ),
 ( 3.000000000000000000, 4.000000000000000000 ),
 .UNSPECIFIED. ) ;
#314 = DIRECTION ( 'NONE',  ( 1.000000000000000000, 0.000000000000000000, 0.000000000000000000 ) ) ;
#315 = ORIENTED_EDGE ( 'NONE', *, *, #744, .T. ) ;
#316 = DIRECTION ( 'NONE',  ( -1.000000000000000000, -0.000000000000000000, -0.000000000000000000 ) ) ;
#317 = VERTEX_POINT ( 'NONE', #1197 ) ;
#318 = AXIS2_PLACEMENT_3D ( 'NONE', #3153, #39, #367 ) ;
#319 = AXIS2_PLACEMENT_3D ( 'NONE', #830, #3890, #3874 ) ;
#320 = FACE_OUTER_BOUND ( 'NONE', #1121, .T. ) ;
#321 = EDGE_CURVE ( 'NONE', #382, #2450, #664, .T. ) ;
#322 = VERTEX_POINT ( 'NONE', #1519 ) ;
#323 = CARTESIAN_POINT ( 'NONE',  ( -2.540000000000000036, -7.220058230341605210, 0.8681522642264225542 ) ) ;
#324 = DIRECTION ( 'NONE',  ( -1.000000000000000000, -0.000000000000000000, -0.000000000000000000 ) ) ;
#325 = VERTEX_POINT ( 'NONE', #164 ) ;
#326 = CARTESIAN_POINT ( 'NONE',  ( -2.540000000000000036, -9.222153846153842593, -1.484923076923075680 ) ) ;
#327 = DIRECTION ( 'NONE',  ( 1.000000000000000000, 0.000000000000000000, -0.000000000000000000 ) ) ;
#328 = CARTESIAN_POINT ( 'NONE',  ( -2.540000000000000036, -9.671538461538458975, -1.206805288461537229 ) ) ;
#329 = PERSON_AND_ORGANIZATION ( #764, #2508 ) ;
#330 = CIRCLE ( 'NONE', #1332, 12.57300000000000217 ) ;
#331 = DIRECTION ( 'NONE',  ( 0.000000000000000000, 0.000000000000000000, 1.000000000000000000 ) ) ;
#332 = EDGE_CURVE ( 'NONE', #1790, #72, #2921, .T. ) ;
#333 = DATE_AND_TIME ( #3236, #125 ) ;
#334 = CIRCLE ( 'NONE', #3689, 4.775199999999999889 ) ;
#335 = DIRECTION ( 'NONE',  ( 0.000000000000000000, 0.000000000000000000, 1.000000000000000000 ) ) ;
#336 = ORIENTED_EDGE ( 'NONE', *, *, #4262, .F. ) ;
#337 = PERSON_AND_ORGANIZATION ( #697, #238 ) ;
#338 = LINE ( 'NONE', #2322, #3694 ) ;
#339 = EDGE_CURVE ( 'NONE', #4115, #1564, #334, .T. ) ;
#340 = CARTESIAN_POINT ( 'NONE',  ( -2.540000000000000036, -7.594066584423710964, 0.7907118161129602640 ) ) ;
#341 = ORIENTED_EDGE ( 'NONE', *, *, #3427, .T. ) ;
#342 = VECTOR ( 'NONE', #1289, 999.9999999999998863 ) ;
#343 = DIRECTION ( 'NONE',  ( 0.000000000000000000, -0.001227981745711395796, -0.9999992460301319053 ) ) ;
#344 = ORIENTED_EDGE ( 'NONE', *, *, #545, .F. ) ;
#345 = CARTESIAN_POINT ( 'NONE',  ( -2.540000000000000036, 6.414332946009199787, 5.189775043030142143 ) ) ;
#346 = B_SPLINE_CURVE_WITH_KNOTS ( 'NONE', 3,
 ( #2781, #2833, #3788, #1467, #1093, #1772, #740, #1124, #2113, #1754, #2824, #54, #1397, #780, #2463, #2793, #3774, #1076, #1432 ),
 .UNSPECIFIED., .F., .F.,
 ( 4, 1, 1, 1, 1, 1, 1, 1, 1, 1, 1, 1, 1, 1, 1, 1, 4 ),
 ( 0.000000000000000000, 0.06849268513903675193, 0.1336448985184779392, 0.1953466000273886838, 0.2542475050093708777, 0.3113035050924227720, 0.3666490750652288688, 0.4212985754017468110, 0.4757287284935643457, 0.5310920965139114269, 0.5881875510057463785, 0.6472697780619297570, 0.7093693758273911243, 0.7752605143705019186, 0.8452130337113062941, 0.9203888085482180292, 1.000000000000000000 ),
 .UNSPECIFIED. ) ;
#347 = CARTESIAN_POINT ( 'NONE',  ( 0.000000000000000000, 0.000000000000000000, 0.000000000000000000 ) ) ;
#348 = AXIS2_PLACEMENT_3D ( 'NONE', #1530, #2213, #1502 ) ;
#349 = VECTOR ( 'NONE', #678, 999.9999999999998863 ) ;
#350 = CARTESIAN_POINT ( 'NONE',  ( -2.540000000000000036, -7.384967893482480505, 0.1421647781905086561 ) ) ;
#351 = ORIENTED_EDGE ( 'NONE', *, *, #3093, .F. ) ;
#352 = CARTESIAN_POINT ( 'NONE',  ( -2.540000000000000036, 7.582232669216068643, 5.107314185493293301 ) ) ;
#353 = VECTOR ( 'NONE', #1965, 1000.000000000000000 ) ;
#354 =( GEOMETRIC_REPRESENTATION_CONTEXT ( 3 ) GLOBAL_UNCERTAINTY_ASSIGNED_CONTEXT ( ( #3961 ) ) GLOBAL_UNIT_ASSIGNED_CONTEXT ( ( #4149, #741, #3730 ) ) REPRESENTATION_CONTEXT ( 'NONE', 'WORKASPACE' ) );
#355 = CARTESIAN_POINT ( 'NONE',  ( -2.540000000000000036, -9.494841812620146371, -1.233632717292624470 ) ) ;
#356 = B_SPLINE_CURVE_WITH_KNOTS ( 'NONE', 3,
 ( #2328, #1595, #2635, #604 ),
 .UNSPECIFIED., .F., .F.,
 ( 4, 4 ),
 ( 24.00000000000000000, 25.00000000000000000 ),
 .UNSPECIFIED. ) ;
#357 = CARTESIAN_POINT ( 'NONE',  ( 0.000000000000000000, 0.000000000000000000, 0.000000000000000000 ) ) ;
#358 = DIRECTION ( 'NONE',  ( -0.000000000000000000, -0.9999992460301319053, 0.001227981745713645515 ) ) ;
#359 = PRODUCT_DEFINITION ( 'UNKNOWN', '', #2447, #1652 ) ;
#360 = CARTESIAN_POINT ( 'NONE',  ( -2.540000000000000036, 7.306723525676950715, 4.459152008899281761 ) ) ;
#361 = VERTEX_POINT ( 'NONE', #3547 ) ;
#362 = EDGE_CURVE ( 'NONE', #3660, #3015, #2020, .T. ) ;
#363 = EDGE_CURVE ( 'NONE', #387, #3342, #3238, .T. ) ;
#364 = ORIENTED_EDGE ( 'NONE', *, *, #1889, .T. ) ;
#365 = CARTESIAN_POINT ( 'NONE',  ( -2.540000000000000036, -7.108947115384614435, 0.8792307692307700373 ) ) ;
#366 = VERTEX_POINT ( 'NONE', #2566 ) ;
#367 = DIRECTION ( 'NONE',  ( 0.000000000000000000, 0.000000000000000000, -1.000000000000000000 ) ) ;
#368 = VERTEX_POINT ( 'NONE', #459 ) ;
#369 = AXIS2_PLACEMENT_3D ( 'NONE', #861, #3906, #4253 ) ;
#370 = DIRECTION ( 'NONE',  ( 1.000000000000000000, 0.000000000000000000, 0.000000000000000000 ) ) ;
#371 = VERTEX_POINT ( 'NONE', #149 ) ;
#372 = EDGE_CURVE ( 'NONE', #4345, #4174, #2694, .T. ) ;
#373 = CARTESIAN_POINT ( 'NONE',  ( -2.540000000000000036, 6.912329005068735377, 5.365304763334370897 ) ) ;
#374 = B_SPLINE_CURVE_WITH_KNOTS ( 'NONE', 3,
 ( #2246, #969, #1659, #4039, #4383, #284, #2697, #1001, #1706, #3411, #3052 ),
 .UNSPECIFIED., .F., .F.,
 ( 4, 1, 1, 1, 1, 1, 1, 1, 4 ),
 ( 0.000000000000000000, 0.1367294018595724969, 0.2685149167908287282, 0.3955294046848078504, 0.5199999535658116345, 0.6404964768412698684, 0.7612361017625325355, 0.8801067171759527907, 1.000000000000000000 ),
 .UNSPECIFIED. ) ;
#375 = ORIENTED_EDGE ( 'NONE', *, *, #4402, .T. ) ;
#376 = ADVANCED_FACE ( 'NONE', ( #1144, #59 ), #529, .F. ) ;
#377 = APPROVAL_STATUS ( 'not_yet_approved' ) ;
#378 = CARTESIAN_POINT ( 'NONE',  ( -2.540000000000000036, -7.491912720889438937, 0.2122825464889634972 ) ) ;
#379 = DIRECTION ( 'NONE',  ( 0.000000000000000000, 0.000000000000000000, -1.000000000000000000 ) ) ;
#380 = VERTEX_POINT ( 'NONE', #2311 ) ;
#381 = VERTEX_POINT ( 'NONE', #2203 ) ;
#382 = VERTEX_POINT ( 'NONE', #126 ) ;
#383 = DIRECTION ( 'NONE',  ( 0.000000000000000000, 0.000000000000000000, -1.000000000000000000 ) ) ;
#384 = DIRECTION ( 'NONE',  ( 0.000000000000000000, 0.000000000000000000, 1.000000000000000000 ) ) ;
#385 = LOCAL_TIME ( 15, 59, 21.00000000000000000, #4029 ) ;
#386 = LINE ( 'NONE', #2966, #932 ) ;
#387 = VERTEX_POINT ( 'NONE', #231 ) ;
#388 = EDGE_CURVE ( 'NONE', #662, #1702, #2441, .T. ) ;
#389 = APPROVAL ( #1085, 'UNSPECIFIED' ) ;
#390 = DIRECTION ( 'NONE',  ( 1.000000000000000000, 0.000000000000000000, 0.000000000000000000 ) ) ;
#391 = DIRECTION ( 'NONE',  ( 0.000000000000000000, 0.000000000000000000, -1.000000000000000000 ) ) ;
#392 = ORIENTED_EDGE ( 'NONE', *, *, #4409, .F. ) ;
#393 = CARTESIAN_POINT ( 'NONE',  ( -2.540000000000000036, -7.463692307692305405, 0.5724158653846161959 ) ) ;
#394 = DIRECTION ( 'NONE',  ( -1.000000000000000000, -0.000000000000000000, -0.000000000000000000 ) ) ;
#395 = APPROVAL_PERSON_ORGANIZATION ( #2511, #1992, #3831 ) ;
#396 = ORIENTED_EDGE ( 'NONE', *, *, #3676, .T. ) ;
#397 = EDGE_LOOP ( 'NONE', ( #1662, #2005 ) ) ;
#398 = CARTESIAN_POINT ( 'NONE',  ( -2.540000000000000036, -9.648124016678098158, 0.7184083595968022706 ) ) ;
#399 = LOCAL_TIME ( 15, 59, 21.00000000000000000, #2301 ) ;
#400 = CARTESIAN_POINT ( 'NONE',  ( -2.540000000000000036, -6.809206462825728501, -1.699580978538617559 ) ) ;
#401 = ORIENTED_EDGE ( 'NONE', *, *, #2761, .T. ) ;
#402 = ORIENTED_EDGE ( 'NONE', *, *, #3401, .F. ) ;
#403 = CARTESIAN_POINT ( 'NONE',  ( -2.540000000000000036, -9.651999999999997470, -2.422769230769229676 ) ) ;
#404 = FACE_BOUND ( 'NONE', #2478, .T. ) ;
#405 = EDGE_CURVE ( 'NONE', #2865, #1351, #3362, .T. ) ;
#406 = CARTESIAN_POINT ( 'NONE',  ( -2.540000000000000036, -8.891221153846149861, 2.815980769230769898 ) ) ;
#407 =( NAMED_UNIT ( * ) SI_UNIT ( $, .STERADIAN. ) SOLID_ANGLE_UNIT ( ) );
#408 = VECTOR ( 'NONE', #2642, 1000.000000000000000 ) ;
#409 = CARTESIAN_POINT ( 'NONE',  ( -2.540000000000000036, -8.548131657537128447, 1.995506390197483437 ) ) ;
#410 = ORIENTED_EDGE ( 'NONE', *, *, #3780, .T. ) ;
#411 = PRODUCT ( 'TTN164142', 'TTN164142', '', ( #4134 ) ) ;
#412 = AXIS2_PLACEMENT_3D ( 'NONE', #1548, #1883, #2594 ) ;
#413 = EDGE_CURVE ( 'NONE', #3875, #3068, #3429, .T. ) ;
#414 = PERSON_AND_ORGANIZATION_ROLE ( 'classification_officer' ) ;
#415 = CARTESIAN_POINT ( 'NONE',  ( -2.540000000000000036, -6.120298707334526966, -1.565716351508138482 ) ) ;
#416 = ORIENTED_EDGE ( 'NONE', *, *, #244, .F. ) ;
#417 = CARTESIAN_POINT ( 'NONE',  ( -2.540000000000000036, -9.237723557692305576, -2.355300480769229932 ) ) ;
#418 = CARTESIAN_POINT ( 'NONE',  ( -2.540000000000000036, -9.469279209903554317, -1.333874141499428179 ) ) ;
#419 = B_SPLINE_CURVE_WITH_KNOTS ( 'NONE', 3,
 ( #4173, #3151, #2151, #2831, #3504, #1835, #3930 ),
 .UNSPECIFIED., .F., .F.,
 ( 4, 1, 1, 1, 4 ),
 ( 0.000000000000000000, 0.2645320512467236873, 0.5166904200442423711, 0.7617910007343433598, 1.000000000000000000 ),
 .UNSPECIFIED. ) ;
#420 = DIRECTION ( 'NONE',  ( 0.000000000000000000, 0.000000000000000000, -1.000000000000000000 ) ) ;
#421 = DIRECTION ( 'NONE',  ( -1.000000000000000000, -0.000000000000000000, -0.000000000000000000 ) ) ;
#422 = CARTESIAN_POINT ( 'NONE',  ( -2.540000000000000036, -7.454291162566918594, 0.4914658668303308886 ) ) ;
#423 = ORIENTED_EDGE ( 'NONE', *, *, #1225, .T. ) ;
#424 = CARTESIAN_POINT ( 'NONE',  ( -2.540000000000000036, -6.276766138015235086, -1.696639492776646385 ) ) ;
#425 = PRODUCT_RELATED_PRODUCT_CATEGORY ( 'detail', '', ( #1777 ) ) ;
#426 = ADVANCED_FACE ( 'NONE', ( #4241 ), #505, .T. ) ;
#427 = APPROVAL_STATUS ( 'not_yet_approved' ) ;
#428 = VERTEX_POINT ( 'NONE', #62 ) ;
#429 = CARTESIAN_POINT ( 'NONE',  ( -2.540000000000000036, -9.670074676181839024, 0.6344447557182750774 ) ) ;
#430 = DIRECTION ( 'NONE',  ( 0.000000000000000000, 0.001227981745710494824, 0.9999992460301319053 ) ) ;
#431 = EDGE_CURVE ( 'NONE', #1296, #2216, #4129, .T. ) ;
#432 = VERTEX_POINT ( 'NONE', #698 ) ;
#433 = CARTESIAN_POINT ( 'NONE',  ( -2.540000000000000036, -9.651999999999997470, 1.331057692307693108 ) ) ;
#434 = LINE ( 'NONE', #771, #2431 ) ;
#435 = CARTESIAN_POINT ( 'NONE',  ( -2.540000000000000036, 7.761799480845715138, 3.832801469995910537 ) ) ;
#436 = EDGE_LOOP ( 'NONE', ( #913, #3768, #1636, #3445, #2647, #1341, #875, #620, #504, #2425, #4432, #4255, #3374, #1453, #3532, #1118 ) ) ;
#437 = CARTESIAN_POINT ( 'NONE',  ( -2.540000000000000036, -6.540194711538459771, -1.484923076923077456 ) ) ;
#438 = AXIS2_PLACEMENT_3D ( 'NONE', #1566, #2973, #4297 ) ;
#439 = CARTESIAN_POINT ( 'NONE',  ( -2.540000000000000036, -9.651999999999997470, 2.815980769230769898 ) ) ;
#440 = DIRECTION ( 'NONE',  ( 0.000000000000000000, -0.004989411720886426094, -0.9999875528078734366 ) ) ;
#441 = APPROVAL_STATUS ( 'not_yet_approved' ) ;
#442 = VECTOR ( 'NONE', #2429, 1000.000000000000114 ) ;
#443 = CARTESIAN_POINT ( 'NONE',  ( -2.540000000000000036, 7.100566515515577493, -3.414128830722015007 ) ) ;
#444 = AXIS2_PLACEMENT_3D ( 'NONE', #3027, #271, #975 ) ;
#445 = VERTEX_POINT ( 'NONE', #45 ) ;
#446 = ORIENTED_EDGE ( 'NONE', *, *, #3098, .T. ) ;
#447 = DATE_AND_TIME ( #3020, #991 ) ;
#448 = LINE ( 'NONE', #815, #564 ) ;
#449 = DIRECTION ( 'NONE',  ( 0.000000000000000000, -0.004989411720878928619, -0.9999875528078735476 ) ) ;
#450 = B_SPLINE_CURVE_WITH_KNOTS ( 'NONE', 3,
 ( #2347, #1989, #2985, #1622, #971, #3984, #570, #2000, #941, #3354, #4376, #2315, #3999, #1307, #3682 ),
 .UNSPECIFIED., .F., .F.,
 ( 4, 1, 1, 1, 1, 1, 1, 1, 1, 1, 1, 1, 4 ),
 ( 0.000000000000000000, 0.1364249452617773140, 0.2529160181544768959, 0.3493712064443987297, 0.4270887412884997736, 0.4942803049249909209, 0.5612047814637950438, 0.6285512538099505830, 0.6994085365156167411, 0.7712878959125792910, 0.8443044513049311472, 0.9199582073922750736, 1.000000000000000000 ),
 .UNSPECIFIED. ) ;
#451 = CARTESIAN_POINT ( 'NONE',  ( -2.540000000000000036, -9.651999999999997470, -2.422769230769229676 ) ) ;
#452 = CARTESIAN_POINT ( 'NONE',  ( -2.540000000000000036, 7.260348996165103763, -2.486836198377317064 ) ) ;
#453 = ORIENTED_EDGE ( 'NONE', *, *, #850, .T. ) ;
#454 = APPROVAL_PERSON_ORGANIZATION ( #292, #2521, #2473 ) ;
#455 = CC_DESIGN_DATE_AND_TIME_ASSIGNMENT ( #3396, #2828, ( #2485 ) ) ;
#456 = CARTESIAN_POINT ( 'NONE',  ( -2.540000000000000036, 6.637268300953376610, 2.118807529729524575 ) ) ;
#457 = CARTESIAN_POINT ( 'NONE',  ( -2.540000000000000036, -8.694748820481343898, 1.796430541022636662 ) ) ;
#458 = CYLINDRICAL_SURFACE ( 'NONE', #543, 4.775199999999999889 ) ;
#459 = CARTESIAN_POINT ( 'NONE',  ( -2.540000000000000036, 7.501623418708962987, 5.926247530335809088 ) ) ;
#460 = LINE ( 'NONE', #1637, #1979 ) ;
#461 = PERSON_AND_ORGANIZATION_ROLE ( 'classification_officer' ) ;
#462 = VERTEX_POINT ( 'NONE', #1742 ) ;
#463 = CARTESIAN_POINT ( 'NONE',  ( -2.540000000000000036, -6.746510494744862640, -1.561276800688072397 ) ) ;
#464 = VECTOR ( 'NONE', #1581, 1000.000000000000000 ) ;
#465 = DIRECTION ( 'NONE',  ( 0.000000000000000000, 0.000000000000000000, 1.000000000000000000 ) ) ;
#466 = CARTESIAN_POINT ( 'NONE',  ( -2.540000000000000036, -7.525693460134681878, -0.8344597610750998928 ) ) ;
#467 = VECTOR ( 'NONE', #2916, 1000.000000000000000 ) ;
#468 = EDGE_CURVE ( 'NONE', #2172, #4401, #4021, .T. ) ;
#469 = CARTESIAN_POINT ( 'NONE',  ( -2.540000000000000036, -7.161180476900275593, -0.5643017351433720075 ) ) ;
#470 = CARTESIAN_POINT ( 'NONE',  ( -2.540000000000000036, -9.200798677466650588, -2.540481457262826037 ) ) ;
#471 = CARTESIAN_POINT ( 'NONE',  ( -2.540000000000000036, 6.381958662226773882, 4.216242136179572775 ) ) ;
#472 = CARTESIAN_POINT ( 'NONE',  ( -2.540000000000000036, 6.773927481077797630, 0.3261535820622386561 ) ) ;
#473 = AXIS2_PLACEMENT_3D ( 'NONE', #3783, #4138, #379 ) ;
#474 = CARTESIAN_POINT ( 'NONE',  ( -2.540000000000000036, -9.655875402376386418, -1.346940957139542761 ) ) ;
#475 = SECURITY_CLASSIFICATION_LEVEL ( 'unclassified' ) ;
#476 = EDGE_LOOP ( 'NONE', ( #641, #2535, #3291, #86, #1651, #1727, #4087, #309 ) ) ;
#477 = CARTESIAN_POINT ( 'NONE',  ( -2.540000000000000036, -9.346139539804905638, -0.9442811918074887068 ) ) ;
#478 = DIRECTION ( 'NONE',  ( 0.000000000000000000, -0.004989411720878769024, -0.9999875528078735476 ) ) ;
#479 = ORIENTED_EDGE ( 'NONE', *, *, #1068, .F. ) ;
#480 = EDGE_CURVE ( 'NONE', #185, #581, #1201, .T. ) ;
#481 = CARTESIAN_POINT ( 'NONE',  ( -2.540000000000000036, -6.096132214250540748, -1.820124366906600288 ) ) ;
#482 = AXIS2_PLACEMENT_3D ( 'NONE', #275, #3353, #2730 ) ;
#483 = B_SPLINE_CURVE_WITH_KNOTS ( 'NONE', 3,
 ( #3090, #1388, #1438, #685, #2785, #3810, #2102, #3766, #1048, #3452, #4167 ),
 .UNSPECIFIED., .F., .F.,
 ( 4, 1, 1, 1, 1, 1, 1, 1, 4 ),
 ( 0.000000000000000000, 0.1324616222426397982, 0.2616495010354888406, 0.3875466984163671302, 0.5107816292933459179, 0.6326753605997125218, 0.7546603541381381453, 0.8765227798028651929, 1.000000000000000000 ),
 .UNSPECIFIED. ) ;
#484 = CARTESIAN_POINT ( 'NONE',  ( -2.540000000000000036, -6.287127265384968133, -0.1091932418528109155 ) ) ;
#485 = ORIENTED_EDGE ( 'NONE', *, *, #2633, .T. ) ;
#486 = ORIENTED_EDGE ( 'NONE', *, *, #2975, .F. ) ;
#487 = ORIENTED_EDGE ( 'NONE', *, *, #2258, .F. ) ;
#488 = CARTESIAN_POINT ( 'NONE',  ( -2.540000000000000036, 7.762150931175072266, 3.903239825146375797 ) ) ;
#489 = CARTESIAN_POINT ( 'NONE',  ( -2.540000000000000036, 0.000000000000000000, 0.000000000000000000 ) ) ;
#490 = DIRECTION ( 'NONE',  ( 0.000000000000000000, 0.000000000000000000, -1.000000000000000000 ) ) ;
#491 = ORIENTED_EDGE ( 'NONE', *, *, #2653, .F. ) ;
#492 = ORIENTED_EDGE ( 'NONE', *, *, #4071, .T. ) ;
#493 = LINE ( 'NONE', #4203, #3638 ) ;
#494 = ORIENTED_EDGE ( 'NONE', *, *, #4402, .F. ) ;
#495 = FACE_OUTER_BOUND ( 'NONE', #3842, .T. ) ;
#496 = EDGE_LOOP ( 'NONE', ( #2620, #1816, #3456, #341 ) ) ;
#497 = CARTESIAN_POINT ( 'NONE',  ( -2.540000000000000036, 7.719281168556324957, 2.301063192880259400 ) ) ;
#498 = CARTESIAN_POINT ( 'NONE',  ( -2.540000000000000036, -7.209692307692305846, 0.09769230769230856370 ) ) ;
#499 = CARTESIAN_POINT ( 'NONE',  ( -2.540000000000000036, -9.167933106180818470, 0.3359128161607267682 ) ) ;
#500 = ORIENTED_EDGE ( 'NONE', *, *, #1744, .T. ) ;
#501 = ADVANCED_FACE ( 'NONE', ( #4019 ), #3058, .F. ) ;
#502 = CARTESIAN_POINT ( 'NONE',  ( -2.540000000000000036, -9.485498349232404536, 0.6686165251562767864 ) ) ;
#503 = DIRECTION ( 'NONE',  ( -1.000000000000000000, -0.000000000000000000, -0.000000000000000000 ) ) ;
#504 = ORIENTED_EDGE ( 'NONE', *, *, #2121, .F. ) ;
#505 = CYLINDRICAL_SURFACE ( 'NONE', #4168, 12.69999999999999929 ) ;
#506 = LINE ( 'NONE', #1228, #4022 ) ;
#507 = EDGE_CURVE ( 'NONE', #2959, #4094, #1139, .T. ) ;
#508 = DIRECTION ( 'NONE',  ( -0.000000000000000000, -0.9999992460301319053, 0.001227981745710434109 ) ) ;
#509 = ORIENTED_EDGE ( 'NONE', *, *, #3243, .F. ) ;
#510 = CARTESIAN_POINT ( 'NONE',  ( -2.540000000000000036, -9.651999999999997470, 1.055076923076924134 ) ) ;
#511 = PERSON_AND_ORGANIZATION ( #697, #238 ) ;
#512 = VERTEX_POINT ( 'NONE', #2093 ) ;
#513 = DIRECTION ( 'NONE',  ( 0.000000000000000000, 0.000000000000000000, 1.000000000000000000 ) ) ;
#514 = PERSON_AND_ORGANIZATION_ROLE ( 'design_supplier' ) ;
#515 = ORIENTED_EDGE ( 'NONE', *, *, #911, .F. ) ;
#516 = CARTESIAN_POINT ( 'NONE',  ( 0.000000000000000000, 0.000000000000000000, 0.000000000000000000 ) ) ;
#517 = CARTESIAN_POINT ( 'NONE',  ( -2.540000000000000036, -8.518769230769228429, 1.844552884615384913 ) ) ;
#518 = PERSON_AND_ORGANIZATION ( #697, #238 ) ;
#519 = EDGE_CURVE ( 'NONE', #3586, #3941, #2112, .T. ) ;
#520 = CARTESIAN_POINT ( 'NONE',  ( -2.540000000000000036, -9.310343302783802955, 0.3521251365961176605 ) ) ;
#521 = DIRECTION ( 'NONE',  ( 0.000000000000000000, 0.000000000000000000, -1.000000000000000000 ) ) ;
#522 = DIRECTION ( 'NONE',  ( 0.000000000000000000, 0.09950371902099859611, 0.9950371902099891530 ) ) ;
#523 = ORIENTED_EDGE ( 'NONE', *, *, #1863, .T. ) ;
#524 = CARTESIAN_POINT ( 'NONE',  ( -2.540000000000000036, 6.835674995498084883, -0.1240020165941607133 ) ) ;
#525 = CC_DESIGN_PERSON_AND_ORGANIZATION_ASSIGNMENT ( #4140, #414, ( #4404 ) ) ;
#526 = FACE_BOUND ( 'NONE', #1952, .T. ) ;
#527 = DIRECTION ( 'NONE',  ( 1.000000000000000000, 0.000000000000000000, 0.000000000000000000 ) ) ;
#528 = ADVANCED_FACE ( 'NONE', ( #2175 ), #3914, .T. ) ;
#529 = PLANE ( 'NONE',  #3392 ) ;
#530 = EDGE_CURVE ( 'NONE', #2994, #3338, #3233, .T. ) ;
#531 = LINE ( 'NONE', #1604, #956 ) ;
#532 = CIRCLE ( 'NONE', #2825, 4.521200000000000330 ) ;
#533 = CARTESIAN_POINT ( 'NONE',  ( -2.540000000000000036, -8.694615384615381970, 1.788379807692308088 ) ) ;
#534 = DIRECTION ( 'NONE',  ( -1.000000000000000000, -0.000000000000000000, -0.000000000000000000 ) ) ;
#535 = VECTOR ( 'NONE', #1256, 1000.000000000000000 ) ;
#536 = LINE ( 'NONE', #4075, #4045 ) ;
#537 = CARTESIAN_POINT ( 'NONE',  ( -2.540000000000000036, -9.495194419621009629, 0.6027846431123755622 ) ) ;
#538 = CARTESIAN_POINT ( 'NONE',  ( -2.540000000000000036, -6.441658539664613770, -0.4010889101585223826 ) ) ;
#539 = EDGE_CURVE ( 'NONE', #1998, #4176, #483, .T. ) ;
#540 = VERTEX_POINT ( 'NONE', #2143 ) ;
#541 = CARTESIAN_POINT ( 'NONE',  ( -2.540000000000000036, 7.276883107175832421, 0.2529447632539668089 ) ) ;
#542 = CARTESIAN_POINT ( 'NONE',  ( -2.540000000000000036, -8.694615384615383746, 2.431317307692308471 ) ) ;
#543 = AXIS2_PLACEMENT_3D ( 'NONE', #3266, #2611, #2570 ) ;
#544 = CARTESIAN_POINT ( 'NONE',  ( -2.540000000000000036, -6.709721473657251245, 0.9127332390223910075 ) ) ;
#545 = EDGE_CURVE ( 'NONE', #325, #3369, #3857, .T. ) ;
#546 = ORIENTED_EDGE ( 'NONE', *, *, #4221, .F. ) ;
#547 = PLANE ( 'NONE',  #610 ) ;
#548 = CARTESIAN_POINT ( 'NONE',  ( 3.367778697655220642E-17, 4.225000000000000533, 0.000000000000000000 ) ) ;
#549 = ORIENTED_EDGE ( 'NONE', *, *, #2741, .T. ) ;
#550 = ORIENTED_EDGE ( 'NONE', *, *, #2800, .T. ) ;
#551 = ORIENTED_EDGE ( 'NONE', *, *, #530, .F. ) ;
#552 = ORIENTED_EDGE ( 'NONE', *, *, #930, .F. ) ;
#553 = CARTESIAN_POINT ( 'NONE',  ( -2.540000000000000036, -7.619999999999997442, 2.333930288461537383 ) ) ;
#554 = CARTESIAN_POINT ( 'NONE',  ( -2.540000000000000036, -6.818923076923075755, -1.820740384615385343 ) ) ;
#555 = B_SPLINE_CURVE_WITH_KNOTS ( 'NONE', 3,
 ( #3168, #1464, #1140, #1480 ),
 .UNSPECIFIED., .F., .F.,
 ( 4, 4 ),
 ( 9.000000000000000000, 10.00000000000000000 ),
 .UNSPECIFIED. ) ;
#556 = CARTESIAN_POINT ( 'NONE',  ( -2.540000000000000036, 6.885732714684636768, 1.593941375828132223 ) ) ;
#557 = ORIENTED_EDGE ( 'NONE', *, *, #19, .F. ) ;
#558 = CARTESIAN_POINT ( 'NONE',  ( -2.540000000000000036, 6.873973184402070835, 4.505361358439897046 ) ) ;
#559 = CARTESIAN_POINT ( 'NONE',  ( -2.540000000000000036, 8.143258714057994396, -5.973015205252835358 ) ) ;
#560 = CARTESIAN_POINT ( 'NONE',  ( -2.540000000000000036, -7.583226658523263275, -0.6418703122032303199 ) ) ;
#561 = LINE ( 'NONE', #2587, #1353 ) ;
#562 = CARTESIAN_POINT ( 'NONE',  ( -2.540000000000000036, 7.321712055832044541, 4.538381385424625769 ) ) ;
#563 = LOCAL_TIME ( 15, 59, 21.00000000000000000, #2019 ) ;
#564 = VECTOR ( 'NONE', #2585, 1000.000000000000000 ) ;
#565 = AXIS2_PLACEMENT_3D ( 'NONE', #4104, #2048, #979 ) ;
#566 = EDGE_CURVE ( 'NONE', #2743, #2972, #1178, .T. ) ;
#567 = VECTOR ( 'NONE', #1053, 1000.000000000000000 ) ;
#568 = ORIENTED_EDGE ( 'NONE', *, *, #3313, .T. ) ;
#569 = VERTEX_POINT ( 'NONE', #1807 ) ;
#570 = CARTESIAN_POINT ( 'NONE',  ( -2.540000000000000036, -8.779798331705137571, 2.593128615051790931 ) ) ;
#571 = CARTESIAN_POINT ( 'NONE',  ( -2.540000000000000036, -8.342923076923074888, -1.344795673076921938 ) ) ;
#572 = EDGE_CURVE ( 'NONE', #1518, #4435, #2576, .T. ) ;
#573 = FACE_OUTER_BOUND ( 'NONE', #3490, .T. ) ;
#574 = ORIENTED_EDGE ( 'NONE', *, *, #1103, .F. ) ;
#575 = CARTESIAN_POINT ( 'NONE',  ( -2.398232558139534287, 5.847933395288442187E-16, -4.775199999999999889 ) ) ;
#576 = LINE ( 'NONE', #585, #857 ) ;
#577 = VERTEX_POINT ( 'NONE', #4212 ) ;
#578 = CC_DESIGN_PERSON_AND_ORGANIZATION_ASSIGNMENT ( #1969, #1854, ( #89 ) ) ;
#579 = VECTOR ( 'NONE', #3645, 1000.000000000000000 ) ;
#580 = PLANE ( 'NONE',  #2946 ) ;
#581 = VERTEX_POINT ( 'NONE', #786 ) ;
#582 = ORIENTED_EDGE ( 'NONE', *, *, #3410, .F. ) ;
#583 = AXIS2_PLACEMENT_3D ( 'NONE', #1129, #1850, #3545 ) ;
#584 = EDGE_CURVE ( 'NONE', #1633, #2829, #2894, .T. ) ;
#585 = CARTESIAN_POINT ( 'NONE',  ( -2.540000000000000036, -9.651999999999997470, 2.171211538461538915 ) ) ;
#586 = CARTESIAN_POINT ( 'NONE',  ( -4.381250000000004086, 0.05000000000000002359, 0.01250000000000001978 ) ) ;
#587 = CARTESIAN_POINT ( 'NONE',  ( -2.540000000000000036, 8.063065648615221903, 0.4653917291569317771 ) ) ;
#588 = ORIENTED_EDGE ( 'NONE', *, *, #2787, .T. ) ;
#589 = B_SPLINE_CURVE_WITH_KNOTS ( 'NONE', 3,
 ( #3962, #3602, #1939, #1246 ),
 .UNSPECIFIED., .F., .F.,
 ( 4, 4 ),
 ( 2.000000000000000000, 3.000000000000000000 ),
 .UNSPECIFIED. ) ;
#590 = VERTEX_POINT ( 'NONE', #2812 ) ;
#591 = DIRECTION ( 'NONE',  ( -1.000000000000000000, -0.000000000000000000, -0.000000000000000000 ) ) ;
#592 = DIRECTION ( 'NONE',  ( 1.000000000000000000, 0.000000000000000000, 0.000000000000000000 ) ) ;
#593 = ORIENTED_EDGE ( 'NONE', *, *, #866, .F. ) ;
#594 = APPROVAL ( #805, 'UNSPECIFIED' ) ;
#595 = CLOSED_SHELL ( 'NONE', ( #2223, #2707, #995, #1050, #528, #2160, #2471, #17 ) ) ;
#596 = CARTESIAN_POINT ( 'NONE',  ( -2.540000000000000036, -6.411394387044943244, -1.509082553883460909 ) ) ;
#597 = ORIENTED_EDGE ( 'NONE', *, *, #1680, .T. ) ;
#598 = EDGE_CURVE ( 'NONE', #3167, #2760, #3570, .T. ) ;
#599 = LOCAL_TIME ( 15, 59, 21.00000000000000000, #656 ) ;
#600 = CARTESIAN_POINT ( 'NONE',  ( -2.540000000000000036, 7.260348996165103763, -2.486836198377317064 ) ) ;
#601 = VERTEX_POINT ( 'NONE', #2853 ) ;
#602 = PLANE ( 'NONE',  #3333 ) ;
#603 = CARTESIAN_POINT ( 'NONE',  ( -2.540000000000000036, 7.100566515515577493, -3.414128830722015007 ) ) ;
#604 = CARTESIAN_POINT ( 'NONE',  ( -2.540000000000000036, 7.615347312843344874, 4.538020806417250697 ) ) ;
#605 = PERSON_AND_ORGANIZATION ( #697, #238 ) ;
#606 = CARTESIAN_POINT ( 'NONE',  ( -2.540000000000000036, -6.289388306352480029, -1.636943443145325139 ) ) ;
#607 = ORIENTED_EDGE ( 'NONE', *, *, #945, .T. ) ;
#608 = ORIENTED_EDGE ( 'NONE', *, *, #1155, .F. ) ;
#609 = LINE ( 'NONE', #3683, #241 ) ;
#610 = AXIS2_PLACEMENT_3D ( 'NONE', #3577, #1887, #130 ) ;
#611 = VERTEX_POINT ( 'NONE', #1149 ) ;
#612 = EDGE_CURVE ( 'NONE', #2172, #2327, #1051, .T. ) ;
#613 = ORIENTED_EDGE ( 'NONE', *, *, #158, .F. ) ;
#614 = CARTESIAN_POINT ( 'NONE',  ( -2.540000000000000036, -8.963269230769228102, 2.620596153846154408 ) ) ;
#615 = CARTESIAN_POINT ( 'NONE',  ( 4.592425496802577454E-18, -0.001000000000000024307, -0.03750000000000003331 ) ) ;
#616 = ORIENTED_EDGE ( 'NONE', *, *, #2738, .F. ) ;
#617 = VECTOR ( 'NONE', #2388, 1000.000000000000114 ) ;
#618 = LINE ( 'NONE', #2464, #3254 ) ;
#619 = CARTESIAN_POINT ( 'NONE',  ( -2.540000000000000036, 8.148047265470706790, -2.073488344192774502 ) ) ;
#620 = ORIENTED_EDGE ( 'NONE', *, *, #2905, .F. ) ;
#621 = EDGE_CURVE ( 'NONE', #3686, #1427, #627, .T. ) ;
#622 = LINE ( 'NONE', #4037, #3350 ) ;
#623 = CIRCLE ( 'NONE', #2060, 12.69999999999999929 ) ;
#624 = ORIENTED_EDGE ( 'NONE', *, *, #963, .F. ) ;
#625 = CARTESIAN_POINT ( 'NONE',  ( -2.540000000000000036, 7.295858594494356808, -2.949311557859193300 ) ) ;
#626 = CARTESIAN_POINT ( 'NONE',  ( -2.540000000000000036, -6.095999999999997421, 1.348153846153845148 ) ) ;
#627 = LINE ( 'NONE', #148, #2364 ) ;
#628 = SECURITY_CLASSIFICATION ( '', '', #1550 ) ;
#629 = CARTESIAN_POINT ( 'NONE',  ( -2.540000000000000036, 7.587819290282484808, 5.836518905277792157 ) ) ;
#630 = CARTESIAN_POINT ( 'NONE',  ( -2.540000000000000036, -9.495411620623508853, -1.193967688086976731 ) ) ;
#631 = DIRECTION ( 'NONE',  ( 0.000000000000000000, -0.9359962751063446440, -0.3520099046717973246 ) ) ;
#632 = CARTESIAN_POINT ( 'NONE',  ( -2.540000000000000036, -8.437062511105207108, -1.979019262331452866 ) ) ;
#633 = CARTESIAN_POINT ( 'NONE',  ( 0.000000000000000000, 0.05000000000000002359, 0.03750000000000003331 ) ) ;
#634 = VERTEX_POINT ( 'NONE', #3859 ) ;
#635 = CARTESIAN_POINT ( 'NONE',  ( -2.540000000000000036, 7.088267073211002689, 4.942826002504721927 ) ) ;
#636 = B_SPLINE_CURVE_WITH_KNOTS ( 'NONE', 3,
 ( #1821, #4122, #1395, #1752, #2111, #75, #2806, #38, #1431, #1465, #2498, #2461, #418, #2823, #2133, #721, #355, #2767, #2481 ),
 .UNSPECIFIED., .F., .F.,
 ( 4, 1, 1, 1, 1, 1, 1, 1, 1, 1, 1, 1, 1, 1, 1, 1, 4 ),
 ( 0.000000000000000000, 0.07736133711897703880, 0.1504798322806790434, 0.2199772368520745702, 0.2866809968624398075, 0.3496784941856637685, 0.4106796250174852836, 0.4694271135192910616, 0.5267557014271295746, 0.5831419808348373701, 0.6388244277786269132, 0.6952634704038117563, 0.7526958048985354921, 0.8108491833348948630, 0.8713563036360837399, 0.9344364309841279859, 1.000000000000000000 ),
 .UNSPECIFIED. ) ;
#637 = B_SPLINE_CURVE_WITH_KNOTS ( 'NONE', 3,
 ( #373, #3087, #1400, #1757 ),
 .UNSPECIFIED., .F., .F.,
 ( 4, 4 ),
 ( 3.000000000000000000, 4.000000000000000000 ),
 .UNSPECIFIED. ) ;
#638 = DIRECTION ( 'NONE',  ( 0.000000000000000000, 0.000000000000000000, 1.000000000000000000 ) ) ;
#639 = EDGE_LOOP ( 'NONE', ( #3672, #3535 ) ) ;
#640 = EDGE_CURVE ( 'NONE', #611, #322, #3563, .T. ) ;
#641 = ORIENTED_EDGE ( 'NONE', *, *, #12, .F. ) ;
#642 = CARTESIAN_POINT ( 'NONE',  ( -2.540000000000000036, -9.373609569793575957, -0.9608838367934793290 ) ) ;
#643 = CARTESIAN_POINT ( 'NONE',  ( -2.540000000000000036, 6.371748851908138889, -1.519764257716484268 ) ) ;
#644 = B_SPLINE_CURVE_WITH_KNOTS ( 'NONE', 3,
 ( #2914, #4285, #1910, #2949 ),
 .UNSPECIFIED., .F., .F.,
 ( 4, 4 ),
 ( 29.00000000000000000, 30.00000000000000000 ),
 .UNSPECIFIED. ) ;
#645 = ORIENTED_EDGE ( 'NONE', *, *, #1793, .F. ) ;
#646 = CARTESIAN_POINT ( 'NONE',  ( -2.540000000000000036, 6.825516215719653168, 4.001708950276336552 ) ) ;
#647 = ORIENTED_EDGE ( 'NONE', *, *, #388, .T. ) ;
#648 = VECTOR ( 'NONE', #3379, 1000.000000000000000 ) ;
#649 = CARTESIAN_POINT ( 'NONE',  ( -2.540000000000000036, 7.499281451077249194, 5.436554122790566268 ) ) ;
#650 = CARTESIAN_POINT ( 'NONE',  ( -2.540000000000000036, -8.694615384615381970, 1.788379807692308088 ) ) ;
#651 = ORIENTED_EDGE ( 'NONE', *, *, #860, .T. ) ;
#652 = CC_DESIGN_PERSON_AND_ORGANIZATION_ASSIGNMENT ( #719, #3164, ( #2447 ) ) ;
#653 = CONICAL_SURFACE ( 'NONE', #2661, 12.69999999999999929, 0.7853981633974551624 ) ;
#654 = CARTESIAN_POINT ( 'NONE',  ( -2.540000000000000036, -6.095999999999997421, 2.265240384615383906 ) ) ;
#655 = ORIENTED_EDGE ( 'NONE', *, *, #69, .F. ) ;
#656 = COORDINATED_UNIVERSAL_TIME_OFFSET ( 5, 0, .BEHIND. ) ;
#657 = ORIENTED_EDGE ( 'NONE', *, *, #804, .T. ) ;
#658 = CARTESIAN_POINT ( 'NONE',  ( -2.540000000000000036, 7.458994696842857763, 3.948135488301156570 ) ) ;
#659 = EDGE_CURVE ( 'NONE', #2182, #2631, #1766, .T. ) ;
#660 = LINE ( 'NONE', #1635, #2616 ) ;
#661 = EDGE_LOOP ( 'NONE', ( #608, #4043, #3332, #3901, #2900 ) ) ;
#662 = VERTEX_POINT ( 'NONE', #800 ) ;
#663 = LOCAL_TIME ( 15, 59, 21.00000000000000000, #3390 ) ;
#664 = LINE ( 'NONE', #2187, #1091 ) ;
#665 = DIRECTION ( 'NONE',  ( 0.000000000000000000, 0.000000000000000000, 1.000000000000000000 ) ) ;
#666 = CARTESIAN_POINT ( 'NONE',  ( -2.540000000000000036, 7.719281168556324957, 2.301063192880259400 ) ) ;
#667 = VERTEX_POINT ( 'NONE', #2202 ) ;
#668 = CARTESIAN_POINT ( 'NONE',  ( -2.540000000000000036, -9.501294348745563667, -0.8319763038631187158 ) ) ;
#669 = DATE_AND_TIME ( #199, #1095 ) ;
#670 = AXIS2_PLACEMENT_3D ( 'NONE', #3632, #3976, #2304 ) ;
#671 = EDGE_CURVE ( 'NONE', #112, #1427, #2467, .T. ) ;
#672 = CARTESIAN_POINT ( 'NONE',  ( 0.000000000000000000, 3.657862215893166180, -3.069310836253171804 ) ) ;
#673 = CARTESIAN_POINT ( 'NONE',  ( -2.540000000000000036, -6.944013532449220705, -1.504229107412381028 ) ) ;
#674 = FACE_BOUND ( 'NONE', #4236, .T. ) ;
#675 = CARTESIAN_POINT ( 'NONE',  ( -2.540000000000000036, 7.591899692317382708, 5.047077443159936117 ) ) ;
#676 = ORIENTED_EDGE ( 'NONE', *, *, #1521, .F. ) ;
#677 = ADVANCED_FACE ( 'NONE', ( #859 ), #193, .F. ) ;
#678 = DIRECTION ( 'NONE',  ( 0.000000000000000000, 0.004989411720881444835, 0.9999875528078735476 ) ) ;
#679 = B_SPLINE_CURVE_WITH_KNOTS ( 'NONE', 3,
 ( #3181, #1852, #1133, #113 ),
 .UNSPECIFIED., .F., .F.,
 ( 4, 4 ),
 ( 1.000000000000000000, 2.000000000000000000 ),
 .UNSPECIFIED. ) ;
#680 = CARTESIAN_POINT ( 'NONE',  ( -2.540000000000000036, -7.568045657229998113, 0.8378653299263467691 ) ) ;
#681 = CARTESIAN_POINT ( 'NONE',  ( -2.540000000000000036, -6.660880665791531818, 0.4206378334772738481 ) ) ;
#682 = CARTESIAN_POINT ( 'NONE',  ( 0.000000000000000000, 0.000000000000000000, -4.762500000000000178 ) ) ;
#683 = VECTOR ( 'NONE', #1267, 1000.000000000000000 ) ;
#684 = EDGE_CURVE ( 'NONE', #317, #540, #2186, .T. ) ;
#685 = CARTESIAN_POINT ( 'NONE',  ( -2.540000000000000036, -9.228864946206947195, -0.7100140569051003325 ) ) ;
#686 = CC_DESIGN_APPROVAL ( #3057, ( #2835 ) ) ;
#687 = VERTEX_POINT ( 'NONE', #559 ) ;
#688 = ORIENTED_EDGE ( 'NONE', *, *, #468, .T. ) ;
#689 = CARTESIAN_POINT ( 'NONE',  ( -2.540000000000000036, 6.460281616494324197, 1.952179879569470256 ) ) ;
#690 = VERTEX_POINT ( 'NONE', #1557 ) ;
#691 = CARTESIAN_POINT ( 'NONE',  ( -2.540000000000000036, 8.174707149457255184, 5.874664540913784982 ) ) ;
#692 = CARTESIAN_POINT ( 'NONE',  ( -2.540000000000000036, -9.660891434961651925, -1.091220441179093115 ) ) ;
#693 = EDGE_CURVE ( 'NONE', #3833, #1829, #3595, .T. ) ;
#694 = B_SPLINE_CURVE_WITH_KNOTS ( 'NONE', 3,
 ( #1785, #3838, #4123, #2098 ),
 .UNSPECIFIED., .F., .F.,
 ( 4, 4 ),
 ( 10.00000000000000000, 11.00000000000000000 ),
 .UNSPECIFIED. ) ;
#695 = ORIENTED_EDGE ( 'NONE', *, *, #2041, .T. ) ;
#696 = ORIENTED_EDGE ( 'NONE', *, *, #2149, .F. ) ;
#697 = PERSON ( 'UNSPECIFIED', 'UNSPECIFIED', 'UNSPECIFIED', ('UNSPECIFIED'), ('UNSPECIFIED'), ('UNSPECIFIED') ) ;
#698 = CARTESIAN_POINT ( 'NONE',  ( -2.540000000000000036, 7.745479420572399576, -5.439971313737049563 ) ) ;
#699 = ADVANCED_FACE ( 'NONE', ( #3793, #1712 ), #1229, .F. ) ;
#700 = CARTESIAN_POINT ( 'NONE',  ( -2.540000000000000036, -7.594583900836023638, 0.3484213382186331920 ) ) ;
#701 = VERTEX_POINT ( 'NONE', #3606 ) ;
#702 = LINE ( 'NONE', #4293, #4230 ) ;
#703 = VECTOR ( 'NONE', #3996, 1000.000000000000000 ) ;
#704 = EDGE_CURVE ( 'NONE', #3372, #3729, #2513, .T. ) ;
#705 = CARTESIAN_POINT ( 'NONE',  ( -2.540000000000000036, -6.115538461538460702, -0.09769230769230688449 ) ) ;
#706 = ORIENTED_EDGE ( 'NONE', *, *, #1475, .F. ) ;
#707 = CARTESIAN_POINT ( 'NONE',  ( -2.540000000000000036, 7.501623418708962987, 5.926247530335809088 ) ) ;
#708 = ORIENTED_EDGE ( 'NONE', *, *, #2968, .F. ) ;
#709 = CARTESIAN_POINT ( 'NONE',  ( -2.540000000000000036, -7.225511445990997039, 0.09943606972016189038 ) ) ;
#710 = LOCAL_TIME ( 15, 59, 21.00000000000000000, #4192 ) ;
#711 = CARTESIAN_POINT ( 'NONE',  ( -2.540000000000000036, -7.356597092331050192, 0.3516392626933130816 ) ) ;
#712 = VECTOR ( 'NONE', #797, 1000.000000000000000 ) ;
#713 = VERTEX_POINT ( 'NONE', #3320 ) ;
#714 = CARTESIAN_POINT ( 'NONE',  ( -2.540000000000000036, 7.163450102377673545, 2.453496622484719669 ) ) ;
#715 = EDGE_CURVE ( 'NONE', #3015, #3023, #3201, .T. ) ;
#716 = EDGE_CURVE ( 'NONE', #2137, #2156, #2522, .T. ) ;
#717 = DIRECTION ( 'NONE',  ( -0.000000000000000000, 0.9121539445652355749, 0.4098477539453903584 ) ) ;
#718 = DIRECTION ( 'NONE',  ( 0.000000000000000000, 0.000000000000000000, -1.000000000000000000 ) ) ;
#719 = PERSON_AND_ORGANIZATION ( #697, #238 ) ;
#720 = CARTESIAN_POINT ( 'NONE',  ( 1.881250000000001865, 0.05000000000000002359, 0.01250000000000001978 ) ) ;
#721 = CARTESIAN_POINT ( 'NONE',  ( -2.540000000000000036, -9.491976831074655507, -1.260863675971154674 ) ) ;
#722 = CARTESIAN_POINT ( 'NONE',  ( -2.540000000000000036, 6.757750797892491335, 5.214143369441851306 ) ) ;
#723 = ORIENTED_EDGE ( 'NONE', *, *, #4147, .F. ) ;
#724 = VECTOR ( 'NONE', #4107, 1000.000000000000000 ) ;
#725 = EDGE_LOOP ( 'NONE', ( #53, #2648, #396, #3932 ) ) ;
#726 = VECTOR ( 'NONE', #4384, 1000.000000000000114 ) ;
#727 = CARTESIAN_POINT ( 'NONE',  ( -0.1269999999999973372, 0.000000000000000000, 12.69999999999999929 ) ) ;
#728 = DIRECTION ( 'NONE',  ( -1.000000000000000000, -0.000000000000000000, -0.000000000000000000 ) ) ;
#729 = VERTEX_POINT ( 'NONE', #161 ) ;
#730 = CARTESIAN_POINT ( 'NONE',  ( -0.01249999999999963987, 0.05000000000000002359, -4.381250000000004086 ) ) ;
#731 = CARTESIAN_POINT ( 'NONE',  ( -2.540000000000000036, -7.253573918112022234, 0.3059457158828207679 ) ) ;
#732 = CARTESIAN_POINT ( 'NONE',  ( -2.540000000000000036, -8.884341277376448076, 1.973286530465533373 ) ) ;
#733 = LINE ( 'NONE', #1028, #1762 ) ;
#734 = EDGE_CURVE ( 'NONE', #2327, #2172, #2780, .T. ) ;
#735 = APPLICATION_CONTEXT ( 'configuration controlled 3d designs of mechanical parts and assemblies' ) ;
#736 = VERTEX_POINT ( 'NONE', #1273 ) ;
#737 = CARTESIAN_POINT ( 'NONE',  ( -2.540000000000000036, -7.458736487233316836, 0.1854261787900906566 ) ) ;
#738 = CARTESIAN_POINT ( 'NONE',  ( -2.540000000000000036, 6.730998178442426649, 2.073817872291336961 ) ) ;
#739 = CARTESIAN_POINT ( 'NONE',  ( -2.540000000000000036, 0.000000000000000000, 0.000000000000000000 ) ) ;
#740 = CARTESIAN_POINT ( 'NONE',  ( -2.540000000000000036, -8.553814698147721884, 2.652301736874477900 ) ) ;
#741 =( NAMED_UNIT ( * ) PLANE_ANGLE_UNIT ( ) SI_UNIT ( $, .RADIAN. ) );
#742 = ORIENTED_EDGE ( 'NONE', *, *, #1810, .T. ) ;
#743 = DIRECTION ( 'NONE',  ( 1.000000000000000000, 0.000000000000000000, 0.000000000000000000 ) ) ;
#744 = EDGE_CURVE ( 'NONE', #1551, #2181, #386, .T. ) ;
#745 = SECURITY_CLASSIFICATION ( '', '', #4184 ) ;
#746 = ADVANCED_FACE ( 'NONE', ( #2318 ), #3942, .T. ) ;
#747 = MECHANICAL_CONTEXT ( 'NONE', #2105, 'mechanical' ) ;
#748 = CARTESIAN_POINT ( 'NONE',  ( -2.540000000000000036, -9.671043163176159752, 0.6045138381737061861 ) ) ;
#749 = CARTESIAN_POINT ( 'NONE',  ( -2.540000000000000036, -6.778856681413269136, -1.606667152464970938 ) ) ;
#750 = VERTEX_POINT ( 'NONE', #247 ) ;
#751 = ORIENTED_EDGE ( 'NONE', *, *, #1728, .T. ) ;
#752 = VERTEX_POINT ( 'NONE', #1634 ) ;
#753 = CARTESIAN_POINT ( 'NONE',  ( -2.540000000000000036, -9.269892605962418486, -2.363730718660537633 ) ) ;
#754 = VERTEX_POINT ( 'NONE', #957 ) ;
#755 = CARTESIAN_POINT ( 'NONE',  ( -2.540000000000000036, 8.146247178372812314, -2.620338790336058654 ) ) ;
#756 = CARTESIAN_POINT ( 'NONE',  ( -2.540000000000000036, 0.000000000000000000, 0.000000000000000000 ) ) ;
#757 = CARTESIAN_POINT ( 'NONE',  ( -2.540000000000000036, 6.885732714684636768, 1.593941375828132223 ) ) ;
#758 = ORIENTED_EDGE ( 'NONE', *, *, #3980, .T. ) ;
#759 = ORIENTED_EDGE ( 'NONE', *, *, #989, .F. ) ;
#760 = CARTESIAN_POINT ( 'NONE',  ( 0.000000000000000000, 0.000000000000000000, 0.000000000000000000 ) ) ;
#761 = AXIS2_PLACEMENT_3D ( 'NONE', #1043, #3486, #1413 ) ;
#762 = CARTESIAN_POINT ( 'NONE',  ( -2.540000000000000036, -9.004593549884479131, -0.9173431453560583204 ) ) ;
#763 = DIRECTION ( 'NONE',  ( 0.000000000000000000, 0.000000000000000000, -1.000000000000000000 ) ) ;
#764 = PERSON ( 'NAUO-PER3', 'UNSPECIFIED', 'UNSPECIFIED', ('UNSPECIFIED'), ('UNSPECIFIED'), ('UNSPECIFIED') ) ;
#765 = CARTESIAN_POINT ( 'NONE',  ( -2.540000000000000036, -8.729039896232864137, 1.906718228751398403 ) ) ;
#766 = LINE ( 'NONE', #3513, #2744 ) ;
#767 = ORIENTED_EDGE ( 'NONE', *, *, #4368, .F. ) ;
#768 = CYLINDRICAL_SURFACE ( 'NONE', #3754, 0.03750000000000003331 ) ;
#769 = DATE_TIME_ROLE ( 'creation_date' ) ;
#770 = VERTEX_POINT ( 'NONE', #4007 ) ;
#771 = CARTESIAN_POINT ( 'NONE',  ( -2.540000000000000036, 7.760501906187755594, 3.572739045929131940 ) ) ;
#772 = AXIS2_PLACEMENT_3D ( 'NONE', #3825, #1469, #763 ) ;
#773 = EDGE_CURVE ( 'NONE', #690, #701, #622, .T. ) ;
#774 = CARTESIAN_POINT ( 'NONE',  ( -2.540000000000000036, -9.548087054146998653, 0.8352471210976758487 ) ) ;
#775 = LINE ( 'NONE', #3873, #180 ) ;
#776 = VERTEX_POINT ( 'NONE', #614 ) ;
#777 = ADVANCED_FACE ( 'NONE', ( #4160, #2261 ), #1987, .F. ) ;
#778 = CARTESIAN_POINT ( 'NONE',  ( -2.540000000000000036, -9.436962315709552129, -2.399655177777693993 ) ) ;
#779 = ORIENTED_EDGE ( 'NONE', *, *, #1461, .T. ) ;
#780 = CARTESIAN_POINT ( 'NONE',  ( -2.540000000000000036, -8.726606296003781793, 2.794680014124649947 ) ) ;
#781 = DIRECTION ( 'NONE',  ( 0.000000000000000000, -1.000000000000000000, 0.000000000000000000 ) ) ;
#782 = EDGE_CURVE ( 'NONE', #2393, #2685, #1323, .T. ) ;
#783 = AXIS2_PLACEMENT_3D ( 'NONE', #760, #2486, #1448 ) ;
#784 = CARTESIAN_POINT ( 'NONE',  ( -2.540000000000000036, -6.994769230769229296, -1.814939903846154445 ) ) ;
#785 = CARTESIAN_POINT ( 'NONE',  ( -2.540000000000000036, 7.788765145187238836, -2.072452799949347835 ) ) ;
#786 = CARTESIAN_POINT ( 'NONE',  ( -2.540000000000000036, 6.460448359872308366, 3.887093754071551999 ) ) ;
#787 = CALENDAR_DATE ( 2021, 12, 4 ) ;
#788 = VECTOR ( 'NONE', #717, 1000.000000000000000 ) ;
#789 = DIRECTION ( 'NONE',  ( 0.000000000000000000, 0.000000000000000000, 1.000000000000000000 ) ) ;
#790 = CC_DESIGN_PERSON_AND_ORGANIZATION_ASSIGNMENT ( #329, #1219, ( #2936 ) ) ;
#791 = CARTESIAN_POINT ( 'NONE',  ( -2.540000000000000036, -6.994769230769229296, -2.188307692307692509 ) ) ;
#792 = CARTESIAN_POINT ( 'NONE',  ( -2.540000000000000036, -9.661551536096899540, 0.6777648396801582154 ) ) ;
#793 = CALENDAR_DATE ( 2021, 12, 4 ) ;
#794 = VERTEX_POINT ( 'NONE', #1658 ) ;
#795 = CARTESIAN_POINT ( 'NONE',  ( -2.540000000000000036, -7.573631807507450908, -0.8387214708326031776 ) ) ;
#796 = VERTEX_POINT ( 'NONE', #4381 ) ;
#797 = DIRECTION ( 'NONE',  ( -1.000000000000000000, -0.000000000000000000, -0.000000000000000000 ) ) ;
#798 = CARTESIAN_POINT ( 'NONE',  ( -2.540000000000000036, 7.494697741363441246, 4.492118024129278631 ) ) ;
#799 = CARTESIAN_POINT ( 'NONE',  ( -2.540000000000000036, 7.780932078704517529, -0.3551879271714345476 ) ) ;
#800 = CARTESIAN_POINT ( 'NONE',  ( -2.540000000000000036, 7.652443044910192782, 4.060964772084330932 ) ) ;
#801 = ADVANCED_FACE ( 'NONE', ( #1435 ), #2091, .T. ) ;
#802 = CARTESIAN_POINT ( 'NONE',  ( -2.398232558139534287, 4.510374161259701612E-16, -3.682999999999999385 ) ) ;
#803 = ORIENTED_EDGE ( 'NONE', *, *, #2653, .T. ) ;
#804 = EDGE_CURVE ( 'NONE', #4112, #104, #3448, .T. ) ;
#805 = APPROVAL_STATUS ( 'not_yet_approved' ) ;
#806 = LINE ( 'NONE', #2426, #4097 ) ;
#807 = CARTESIAN_POINT ( 'NONE',  ( -2.540000000000000036, -9.509430288461535596, 0.8596923076923087548 ) ) ;
#808 = EDGE_CURVE ( 'NONE', #2181, #1215, #531, .T. ) ;
#809 = CARTESIAN_POINT ( 'NONE',  ( -2.540000000000000036, -7.619999999999998330, -0.8401538461538452518 ) ) ;
#810 = B_SPLINE_CURVE_WITH_KNOTS ( 'NONE', 3,
 ( #3321, #2674, #3303, #619 ),
 .UNSPECIFIED., .F., .F.,
 ( 4, 4 ),
 ( 0.000000000000000000, 0.9772566066605142820 ),
 .UNSPECIFIED. ) ;
#811 = CARTESIAN_POINT ( 'NONE',  ( 1.806354028742347527E-16, 0.05000000000000002359, -1.475000000000001199 ) ) ;
#812 = CARTESIAN_POINT ( 'NONE',  ( -2.540000000000000036, 7.496111598873794080, 5.448752188893708492 ) ) ;
#813 = DIRECTION ( 'NONE',  ( 1.463672932855431232E-16, 0.000000000000000000, -1.000000000000000000 ) ) ;
#814 = CC_DESIGN_PERSON_AND_ORGANIZATION_ASSIGNMENT ( #1745, #1154, ( #628 ) ) ;
#815 = CARTESIAN_POINT ( 'NONE',  ( -2.540000000000000036, 6.368400745688109765, -3.413229743843948505 ) ) ;
#816 = APPROVAL_STATUS ( 'not_yet_approved' ) ;
#817 = ORIENTED_EDGE ( 'NONE', *, *, #704, .F. ) ;
#818 = ORIENTED_EDGE ( 'NONE', *, *, #1798, .T. ) ;
#819 = ORIENTED_EDGE ( 'NONE', *, *, #3537, .F. ) ;
#820 = VERTEX_POINT ( 'NONE', #3998 ) ;
#821 = FACE_OUTER_BOUND ( 'NONE', #2939, .T. ) ;
#822 = ORIENTED_EDGE ( 'NONE', *, *, #3636, .F. ) ;
#823 = ORIENTED_EDGE ( 'NONE', *, *, #1437, .T. ) ;
#824 = PLANE ( 'NONE',  #2129 ) ;
#825 = CARTESIAN_POINT ( 'NONE',  ( -2.540000000000000036, -7.367988769290943374, -0.8105759228101431235 ) ) ;
#826 = CARTESIAN_POINT ( 'NONE',  ( -2.540000000000000036, 6.656335835890905273, -0.1112863498164114312 ) ) ;
#827 = CARTESIAN_POINT ( 'NONE',  ( -2.540000000000000036, -8.756220476250680562, -2.358007916604577314 ) ) ;
#828 = CARTESIAN_POINT ( 'NONE',  ( -2.540000000000000036, 6.731635480874061273, 2.592801117241520625 ) ) ;
#829 = PLANE ( 'NONE',  #583 ) ;
#830 = CARTESIAN_POINT ( 'NONE',  ( 0.000000000000000000, 0.05000000000000002359, 0.000000000000000000 ) ) ;
#831 = B_SPLINE_CURVE_WITH_KNOTS ( 'NONE', 3,
 ( #4118, #2095, #21, #2746 ),
 .UNSPECIFIED., .F., .F.,
 ( 4, 4 ),
 ( 21.00000000000000000, 22.00000000000000000 ),
 .UNSPECIFIED. ) ;
#832 = DIRECTION ( 'NONE',  ( -1.000000000000000000, -0.000000000000000000, -0.000000000000000000 ) ) ;
#833 = PERSON_AND_ORGANIZATION_ROLE ( 'creator' ) ;
#834 = CARTESIAN_POINT ( 'NONE',  ( -2.540000000000000036, -9.140947115384612687, -0.8987692307692295435 ) ) ;
#835 = CARTESIAN_POINT ( 'NONE',  ( -2.540000000000000036, 7.537487032549811339, 3.833920671085488507 ) ) ;
#836 = ORIENTED_EDGE ( 'NONE', *, *, #4099, .T. ) ;
#837 = APPROVAL_PERSON_ORGANIZATION ( #1745, #2706, #127 ) ;
#838 = DIRECTION ( 'NONE',  ( -0.000000000000000000, 0.9347050593480100700, -0.3554243267268477613 ) ) ;
#839 = CARTESIAN_POINT ( 'NONE',  ( -2.540000000000000036, 8.153136118212566785, 2.070587024023569089 ) ) ;
#840 = CARTESIAN_POINT ( 'NONE',  ( -2.540000000000000036, -6.940554642365048821, -0.4892642128288320347 ) ) ;
#841 = ORIENTED_EDGE ( 'NONE', *, *, #2934, .F. ) ;
#842 = EDGE_LOOP ( 'NONE', ( #2987, #819 ) ) ;
#843 = COORDINATED_UNIVERSAL_TIME_OFFSET ( 5, 0, .BEHIND. ) ;
#844 = CC_DESIGN_DATE_AND_TIME_ASSIGNMENT ( #1918, #88, ( #4404 ) ) ;
#845 = EDGE_LOOP ( 'NONE', ( #1547, #3675, #2031 ) ) ;
#846 = DIRECTION ( 'NONE',  ( -1.000000000000000000, -0.000000000000000000, -0.000000000000000000 ) ) ;
#847 = VECTOR ( 'NONE', #3630, 1000.000000000000000 ) ;
#848 = ORIENTED_EDGE ( 'NONE', *, *, #1968, .T. ) ;
#849 = CARTESIAN_POINT ( 'NONE',  ( -2.540000000000000036, -9.554567299825043492, -1.535744508225420635 ) ) ;
#850 = EDGE_CURVE ( 'NONE', #2057, #462, #4324, .T. ) ;
#851 =( REPRESENTATION_RELATIONSHIP ('NONE','NONE', #4213, #2637 ) REPRESENTATION_RELATIONSHIP_WITH_TRANSFORMATION ( #2126 )SHAPE_REPRESENTATION_RELATIONSHIP( ) );
#852 = ORIENTED_EDGE ( 'NONE', *, *, #1937, .T. ) ;
#853 = CARTESIAN_POINT ( 'NONE',  ( -2.540000000000000036, -8.570931019860013933, 1.657145517171010107 ) ) ;
#854 = B_SPLINE_CURVE_WITH_KNOTS ( 'NONE', 3,
 ( #1553, #1524, #3278, #3619 ),
 .UNSPECIFIED., .F., .F.,
 ( 4, 4 ),
 ( 0.000000000000000000, 1.000000000000000000 ),
 .UNSPECIFIED. ) ;
#855 = CARTESIAN_POINT ( 'NONE',  ( -2.540000000000000036, -9.472204927544414232, 0.4793767005427037042 ) ) ;
#856 = FACE_OUTER_BOUND ( 'NONE', #1653, .T. ) ;
#857 = VECTOR ( 'NONE', #4153, 1000.000000000000000 ) ;
#858 = CARTESIAN_POINT ( 'NONE',  ( -2.540000000000000036, -7.205723557692306436, -0.5773004807692300178 ) ) ;
#859 = FACE_OUTER_BOUND ( 'NONE', #1947, .T. ) ;
#860 = EDGE_CURVE ( 'NONE', #2510, #611, #255, .T. ) ;
#861 = CARTESIAN_POINT ( 'NONE',  ( 0.000000000000000000, 4.500000000000000888, 0.000000000000000000 ) ) ;
#862 = DIRECTION ( 'NONE',  ( 0.000000000000000000, 0.000000000000000000, -1.000000000000000000 ) ) ;
#863 = CARTESIAN_POINT ( 'NONE',  ( -2.540000000000000036, -8.820313689062354356, -1.290871166756178301 ) ) ;
#864 = AXIS2_PLACEMENT_3D ( 'NONE', #489, #421, #1501 ) ;
#865 = CARTESIAN_POINT ( 'NONE',  ( -2.540000000000000036, -9.664897349681211836, -1.302262672241002672 ) ) ;
#866 = EDGE_CURVE ( 'NONE', #3290, #1455, #2357, .T. ) ;
#867 = CARTESIAN_POINT ( 'NONE',  ( -2.540000000000000036, -9.369259163393021339, 0.3740895026868041873 ) ) ;
#868 = ADVANCED_FACE ( 'NONE', ( #1603 ), #580, .F. ) ;
#869 = CARTESIAN_POINT ( 'NONE',  ( -2.540000000000000036, 8.146970486314069504, -2.950356708513917070 ) ) ;
#870 = CARTESIAN_POINT ( 'NONE',  ( -2.540000000000000036, 7.615347312843344874, 4.538020806417250697 ) ) ;
#871 = ORIENTED_EDGE ( 'NONE', *, *, #3259, .F. ) ;
#872 = VERTEX_POINT ( 'NONE', #2978 ) ;
#873 = CARTESIAN_POINT ( 'NONE',  ( -2.540000000000000036, -9.651999999999997470, 2.620596153846154408 ) ) ;
#874 = DIRECTION ( 'NONE',  ( 0.000000000000000000, 0.000000000000000000, -1.000000000000000000 ) ) ;
#875 = ORIENTED_EDGE ( 'NONE', *, *, #996, .F. ) ;
#876 = CARTESIAN_POINT ( 'NONE',  ( -2.540000000000000036, 4.775199999999999889, 0.000000000000000000 ) ) ;
#877 = DIRECTION ( 'NONE',  ( -0.000000000000000000, -0.9999992460301319053, 0.001227981745710186911 ) ) ;
#878 = ORIENTED_EDGE ( 'NONE', *, *, #480, .F. ) ;
#879 = ORIENTED_EDGE ( 'NONE', *, *, #2188, .T. ) ;
#880 = MANIFOLD_SOLID_BREP ( 'Wrap3', #1626 ) ;
#881 = LINE ( 'NONE', #1823, #2963 ) ;
#882 = VERTEX_POINT ( 'NONE', #2410 ) ;
#883 = CARTESIAN_POINT ( 'NONE',  ( -2.540000000000000036, -9.426909974094220601, 0.7700988502279891845 ) ) ;
#884 = CARTESIAN_POINT ( 'NONE',  ( -2.540000000000000036, 8.065099005571884305, 2.121243235643051950 ) ) ;
#885 = CONICAL_SURFACE ( 'NONE', #2238, 12.69999999999999929, 0.7853981633974551624 ) ;
#886 = ORIENTED_EDGE ( 'NONE', *, *, #1022, .F. ) ;
#887 = AXIS2_PLACEMENT_3D ( 'NONE', #3010, #1958, #966 ) ;
#888 = EDGE_CURVE ( 'NONE', #251, #4132, #3473, .T. ) ;
#889 = CARTESIAN_POINT ( 'NONE',  ( -2.540000000000000036, 7.650525262860737641, 0.3450468876736410562 ) ) ;
#890 = VECTOR ( 'NONE', #877, 1000.000000000000000 ) ;
#891 = LINE ( 'NONE', #1512, #4242 ) ;
#892 = ORIENTED_EDGE ( 'NONE', *, *, #363, .F. ) ;
#893 = CARTESIAN_POINT ( 'NONE',  ( -2.540000000000000036, -6.603999999999999204, 0.6273677884615392886 ) ) ;
#894 = CARTESIAN_POINT ( 'NONE',  ( -2.540000000000000036, -8.850277632318119814, 1.556814184042673022 ) ) ;
#895 = APPROVAL_PERSON_ORGANIZATION ( #2711, #1909, #1066 ) ;
#896 = ORIENTED_EDGE ( 'NONE', *, *, #1937, .F. ) ;
#897 = APPROVAL_PERSON_ORGANIZATION ( #2026, #2542, #3846 ) ;
#898 = CARTESIAN_POINT ( 'NONE',  ( -2.540000000000000036, -7.454533653846151964, 0.9579951923076931442 ) ) ;
#899 = EDGE_LOOP ( 'NONE', ( #154, #344, #1783 ) ) ;
#900 = CC_DESIGN_DATE_AND_TIME_ASSIGNMENT ( #447, #769, ( #359 ) ) ;
#901 = CARTESIAN_POINT ( 'NONE',  ( -2.540000000000000036, -8.486977203705354356, -2.012838207852302386 ) ) ;
#902 = DIRECTION ( 'NONE',  ( -1.000000000000000000, 0.000000000000000000, -3.469446951953664676E-14 ) ) ;
#903 = CARTESIAN_POINT ( 'NONE',  ( -2.540000000000000036, -8.811846153846150997, -1.204668269230767974 ) ) ;
#904 = ORIENTED_EDGE ( 'NONE', *, *, #1375, .F. ) ;
#905 = B_SPLINE_CURVE_WITH_KNOTS ( 'NONE', 3,
 ( #3056, #1057, #1081, #3449, #1418, #762, #3142, #4152, #1098, #3475, #1450, #1804, #82, #3542, #2913, #2868, #160, #3558, #4234 ),
 .UNSPECIFIED., .F., .F.,
 ( 4, 1, 1, 1, 1, 1, 1, 1, 1, 1, 1, 1, 1, 1, 1, 1, 4 ),
 ( 0.000000000000000000, 0.07286593345653506748, 0.1418868719641260545, 0.2074526264147124321, 0.2704376800000994341, 0.3316408722476698601, 0.3901075774931597184, 0.4480692869488370200, 0.5055029519245375358, 0.5624881528337237757, 0.6190843288847293069, 0.6764155306922392530, 0.7354523604507932077, 0.7962407694486784981, 0.8604056780892038736, 0.9283049272851062739, 1.000000000000000000 ),
 .UNSPECIFIED. ) ;
#906 = CARTESIAN_POINT ( 'NONE',  ( -2.540000000000000036, 7.168543408030118691, 4.495330368965444023 ) ) ;
#907 = CARTESIAN_POINT ( 'NONE',  ( -2.540000000000000036, -7.619999999999997442, 1.563076923076921920 ) ) ;
#908 = VERTEX_POINT ( 'NONE', #3728 ) ;
#909 = B_SPLINE_CURVE_WITH_KNOTS ( 'NONE', 3,
 ( #1056, #3791, #3969, #3272, #3262, #560, #1230 ),
 .UNSPECIFIED., .F., .F.,
 ( 4, 1, 1, 1, 4 ),
 ( 0.000000000000000000, 0.2372165186042096141, 0.4825864912431356846, 0.7368469271779302110, 1.000000000000000000 ),
 .UNSPECIFIED. ) ;
#910 = CARTESIAN_POINT ( 'NONE',  ( -2.540000000000000036, -9.333715218239333922, -1.665087700738761667 ) ) ;
#911 = EDGE_CURVE ( 'NONE', #270, #2104, #2526, .T. ) ;
#912 = CARTESIAN_POINT ( 'NONE',  ( -2.540000000000000036, 0.000000000000000000, 4.775199999999999889 ) ) ;
#913 = ORIENTED_EDGE ( 'NONE', *, *, #3214, .F. ) ;
#914 = CARTESIAN_POINT ( 'NONE',  ( -2.540000000000000036, 7.343790842438876254, 4.234762389185649845 ) ) ;
#915 = ORIENTED_EDGE ( 'NONE', *, *, #4071, .F. ) ;
#916 = ORIENTED_EDGE ( 'NONE', *, *, #3127, .F. ) ;
#917 = CC_DESIGN_PERSON_AND_ORGANIZATION_ASSIGNMENT ( #1259, #3798, ( #2835 ) ) ;
#918 = CARTESIAN_POINT ( 'NONE',  ( -2.540000000000000036, 7.498932802655883911, -3.414618017619561741 ) ) ;
#919 = CARTESIAN_POINT ( 'NONE',  ( -2.540000000000000036, -6.791793364995575288, 0.6760738981402035774 ) ) ;
#920 = ORIENTED_EDGE ( 'NONE', *, *, #1833, .F. ) ;
#921 = CARTESIAN_POINT ( 'NONE',  ( 0.000000000000000000, 0.000000000000000000, 4.225000000000000533 ) ) ;
#922 = ORIENTED_EDGE ( 'NONE', *, *, #2363, .F. ) ;
#923 = LINE ( 'NONE', #4430, #1020 ) ;
#924 = CARTESIAN_POINT ( 'NONE',  ( -2.540000000000000036, 4.775199999999999889, 0.000000000000000000 ) ) ;
#925 = CARTESIAN_POINT ( 'NONE',  ( -2.540000000000000036, -6.681417780253501526, 0.8775154201557352485 ) ) ;
#926 = VERTEX_POINT ( 'NONE', #4423 ) ;
#927 = CARTESIAN_POINT ( 'NONE',  ( -2.540000000000000036, 4.775199999999999889, 0.000000000000000000 ) ) ;
#928 = ORIENTED_EDGE ( 'NONE', *, *, #2550, .F. ) ;
#929 = LINE ( 'NONE', #2922, #3538 ) ;
#930 = EDGE_CURVE ( 'NONE', #1891, #2083, #1711, .T. ) ;
#931 = CALENDAR_DATE ( 2021, 12, 4 ) ;
#932 = VECTOR ( 'NONE', #4375, 1000.000000000000114 ) ;
#933 = VERTEX_POINT ( 'NONE', #3714 ) ;
#934 = CARTESIAN_POINT ( 'NONE',  ( -2.540000000000000036, -7.190153846153844341, 0.2930769230769239564 ) ) ;
#935 = LOCAL_TIME ( 15, 59, 21.00000000000000000, #184 ) ;
#936 = AXIS2_PLACEMENT_3D ( 'NONE', #4034, #2010, #3002 ) ;
#937 = DIRECTION ( 'NONE',  ( 0.000000000000000000, 1.000000000000000000, 0.000000000000000000 ) ) ;
#938 = CIRCLE ( 'NONE', #473, 0.2750000000000000777 ) ;
#939 = ORIENTED_EDGE ( 'NONE', *, *, #1616, .F. ) ;
#940 = SHAPE_REPRESENTATION_RELATIONSHIP ( 'NONE' , 'NONE' ,  #2735, #1113 ) ;
#941 = CARTESIAN_POINT ( 'NONE',  ( -2.540000000000000036, -8.739927596863678261, 2.560846290543618675 ) ) ;
#942 = CARTESIAN_POINT ( 'NONE',  ( -2.540000000000000036, -9.651999999999997470, 1.975826923076923869 ) ) ;
#943 = LINE ( 'NONE', #250, #4392 ) ;
#944 = ORIENTED_EDGE ( 'NONE', *, *, #3769, .F. ) ;
#945 = EDGE_CURVE ( 'NONE', #4010, #4162, #1173, .T. ) ;
#946 = AXIS2_PLACEMENT_3D ( 'NONE', #983, #959, #665 ) ;
#947 = ORIENTED_EDGE ( 'NONE', *, *, #1328, .T. ) ;
#948 = VERTEX_POINT ( 'NONE', #999 ) ;
#949 = CARTESIAN_POINT ( 'NONE',  ( -2.540000000000000036, -6.549879549553959457, -1.270336526363335494 ) ) ;
#950 = LINE ( 'NONE', #2380, #2932 ) ;
#951 = CARTESIAN_POINT ( 'NONE',  ( -2.540000000000000036, -7.639538461538459835, 0.5711947115384623519 ) ) ;
#952 = LINE ( 'NONE', #2649, #2314 ) ;
#953 = CC_DESIGN_SECURITY_CLASSIFICATION ( #89, ( #3424 ) ) ;
#954 = VERTEX_POINT ( 'NONE', #4050 ) ;
#955 = CARTESIAN_POINT ( 'NONE',  ( -2.540000000000000036, -7.341609569793578594, 0.8171161632065198077 ) ) ;
#956 = VECTOR ( 'NONE', #2310, 1000.000000000000000 ) ;
#957 = CARTESIAN_POINT ( 'NONE',  ( -2.540000000000000036, 6.368971826872495079, -2.948173356970043901 ) ) ;
#958 = VERTEX_POINT ( 'NONE', #3398 ) ;
#959 = DIRECTION ( 'NONE',  ( -1.000000000000000000, -0.000000000000000000, -0.000000000000000000 ) ) ;
#960 = B_SPLINE_CURVE_WITH_KNOTS ( 'NONE', 3,
 ( #4077, #2072, #2710, #681, #2051, #303, #1736, #2768, #1674, #1011, #1031 ),
 .UNSPECIFIED., .F., .F.,
 ( 4, 1, 1, 1, 1, 1, 1, 1, 4 ),
 ( 0.000000000000000000, 0.1367294018595723859, 0.2685149167908287282, 0.3955294046848078504, 0.5199999535658120786, 0.6404964768412690912, 0.7612361017625325355, 0.8801067171759527907, 1.000000000000000000 ),
 .UNSPECIFIED. ) ;
#961 = DIRECTION ( 'NONE',  ( -1.000000000000000000, -0.000000000000000000, -0.000000000000000000 ) ) ;
#962 = AXIS2_PLACEMENT_3D ( 'NONE', #1340, #3340, #3719 ) ;
#963 = EDGE_CURVE ( 'NONE', #2331, #687, #37, .T. ) ;
#964 = CARTESIAN_POINT ( 'NONE',  ( -2.540000000000000036, 8.173367926468175781, 4.784076684845830485 ) ) ;
#965 = CARTESIAN_POINT ( 'NONE',  ( -2.540000000000000036, -7.463411620623509712, 0.5840323119130225171 ) ) ;
#966 = DIRECTION ( 'NONE',  ( 0.000000000000000000, 0.000000000000000000, -1.000000000000000000 ) ) ;
#967 = ORIENTED_EDGE ( 'NONE', *, *, #3163, .F. ) ;
#968 = ORIENTED_EDGE ( 'NONE', *, *, #3971, .T. ) ;
#969 = CARTESIAN_POINT ( 'NONE',  ( -2.540000000000000036, -8.729570994396775419, -1.411558142484197642 ) ) ;
#970 = EDGE_LOOP ( 'NONE', ( #3072, #265, #1445, #706 ) ) ;
#971 = CARTESIAN_POINT ( 'NONE',  ( -2.540000000000000036, -8.833926825379840864, 2.611452991825630399 ) ) ;
#972 = VERTEX_POINT ( 'NONE', #2396 ) ;
#973 = ORIENTED_EDGE ( 'NONE', *, *, #1889, .F. ) ;
#974 = CARTESIAN_POINT ( 'NONE',  ( -2.540000000000000036, 7.977471984275759986, 4.585365713195938220 ) ) ;
#975 = DIRECTION ( 'NONE',  ( 0.000000000000000000, -1.224646799147351482E-16, 1.000000000000000000 ) ) ;
#976 = CARTESIAN_POINT ( 'NONE',  ( -2.540000000000000036, -9.494862724831145684, -1.171251220780499036 ) ) ;
#977 = VERTEX_POINT ( 'NONE', #1383 ) ;
#978 = EDGE_CURVE ( 'NONE', #1186, #31, #1004, .T. ) ;
#979 = DIRECTION ( 'NONE',  ( 0.000000000000000000, 0.000000000000000000, 1.000000000000000000 ) ) ;
#980 = CARTESIAN_POINT ( 'NONE',  ( -2.540000000000000036, 7.649510260283718388, 3.970598002931378101 ) ) ;
#981 = VECTOR ( 'NONE', #2888, 1000.000000000000000 ) ;
#982 = CARTESIAN_POINT ( 'NONE',  ( -2.540000000000000036, -9.193180476900275622, -2.342301735143371921 ) ) ;
#983 = CARTESIAN_POINT ( 'NONE',  ( -0.5079999999999988969, 0.000000000000000000, 0.000000000000000000 ) ) ;
#984 = ORIENTED_EDGE ( 'NONE', *, *, #1963, .F. ) ;
#985 = ORGANIZATION ( 'NAUO-ORG1', 'UNSPECIFIED', 'UNSPECIFIED' ) ;
#986 = VECTOR ( 'NONE', #3952, 1000.000000000000000 ) ;
#987 = ORIENTED_EDGE ( 'NONE', *, *, #584, .F. ) ;
#988 = CARTESIAN_POINT ( 'NONE',  ( -2.540000000000000036, 7.642760240453823961, 4.956605949760546359 ) ) ;
#989 = EDGE_CURVE ( 'NONE', #4115, #3440, #536, .T. ) ;
#990 = CARTESIAN_POINT ( 'NONE',  ( -2.540000000000000036, 6.458458286063258669, 0.4673621591928236452 ) ) ;
#991 = LOCAL_TIME ( 15, 59, 21.00000000000000000, #843 ) ;
#992 = CARTESIAN_POINT ( 'NONE',  ( -2.540000000000000036, -6.451363935605390232, -1.495148315801036576 ) ) ;
#993 = LINE ( 'NONE', #1099, #4294 ) ;
#994 = APPROVAL_DATE_TIME ( #3757, #389 ) ;
#995 = ADVANCED_FACE ( 'NONE', ( #2942 ), #3506, .T. ) ;
#996 = EDGE_CURVE ( 'NONE', #3018, #2902, #3356, .T. ) ;
#997 = CARTESIAN_POINT ( 'NONE',  ( -2.540000000000000036, 8.151791797739678103, 0.9758480639328647177 ) ) ;
#998 = ORIENTED_EDGE ( 'NONE', *, *, #3285, .T. ) ;
#999 = CARTESIAN_POINT ( 'NONE',  ( 1.881250000000001865, 0.05000000000000002359, -0.01250000000000001978 ) ) ;
#1000 = B_SPLINE_CURVE_WITH_KNOTS ( 'NONE', 3,
 ( #2693, #630, #976, #3361, #2369, #1322, #2027, #298, #4393, #2708, #642, #477, #2817, #2190, #1813, #3533, #1856, #1832, #834 ),
 .UNSPECIFIED., .F., .F.,
 ( 4, 1, 1, 1, 1, 1, 1, 1, 1, 1, 1, 1, 1, 1, 1, 1, 4 ),
 ( 0.000000000000000000, 0.06580103760947343672, 0.1286767959489737156, 0.1886758749524334311, 0.2475984367338951719, 0.3048494201188268748, 0.3617858992828991149, 0.4195227063685896263, 0.4786818154207421738, 0.5387695030440199373, 0.5987990560131536411, 0.6601842815006796483, 0.7229515306109680628, 0.7879926891048735227, 0.8554037684344736325, 0.9261530612840039867, 1.000000000000000000 ),
 .UNSPECIFIED. ) ;
#1001 = CARTESIAN_POINT ( 'NONE',  ( -2.540000000000000036, -8.642027268106799553, -1.221115500635454376 ) ) ;
#1002 = CIRCLE ( 'NONE', #3470, 0.2750000000000000777 ) ;
#1003 = CARTESIAN_POINT ( 'NONE',  ( -2.540000000000000036, 7.270871268506767571, 3.493637935635127700 ) ) ;
#1004 = LINE ( 'NONE', #300, #1656 ) ;
#1005 = VECTOR ( 'NONE', #2514, 999.9999999999998863 ) ;
#1006 = ORIENTED_EDGE ( 'NONE', *, *, #4047, .F. ) ;
#1007 = CARTESIAN_POINT ( 'NONE',  ( -2.540000000000000036, -8.546681436380112018, 2.332835239580711040 ) ) ;
#1008 = CARTESIAN_POINT ( 'NONE',  ( 0.000000000000000000, 0.05000000000000002359, -4.762500000000000178 ) ) ;
#1009 = CARTESIAN_POINT ( 'NONE',  ( -2.540000000000000036, 7.260620382961734620, 5.888652688016636993 ) ) ;
#1010 = FACE_OUTER_BOUND ( 'NONE', #3643, .T. ) ;
#1011 = CARTESIAN_POINT ( 'NONE',  ( -2.540000000000000036, -6.604258951596320593, 0.6155443835716037926 ) ) ;
#1012 = CARTESIAN_POINT ( 'NONE',  ( -2.540000000000000036, -9.542991018623482091, 0.3415065352757480355 ) ) ;
#1013 = VERTEX_POINT ( 'NONE', #3380 ) ;
#1014 = CARTESIAN_POINT ( 'NONE',  ( -2.540000000000000036, 6.560906800954573015, 4.570504033284634282 ) ) ;
#1015 = VERTEX_POINT ( 'NONE', #4062 ) ;
#1016 = DIRECTION ( 'NONE',  ( 0.000000000000000000, -1.224646799147351482E-16, 1.000000000000000000 ) ) ;
#1017 = VERTEX_POINT ( 'NONE', #308 ) ;
#1018 = DIRECTION ( 'NONE',  ( 0.000000000000000000, 0.000000000000000000, 1.000000000000000000 ) ) ;
#1019 = VERTEX_POINT ( 'NONE', #2359 ) ;
#1020 = VECTOR ( 'NONE', #1406, 1000.000000000000000 ) ;
#1021 = ORIENTED_EDGE ( 'NONE', *, *, #1262, .T. ) ;
#1022 = EDGE_CURVE ( 'NONE', #225, #2014, #4387, .T. ) ;
#1023 = LINE ( 'NONE', #443, #3641 ) ;
#1024 = CARTESIAN_POINT ( 'NONE',  ( -2.540000000000000036, 7.745479420572399576, -5.439971313737049563 ) ) ;
#1025 = DIRECTION ( 'NONE',  ( 0.000000000000000000, 0.000000000000000000, -1.000000000000000000 ) ) ;
#1026 = ORIENTED_EDGE ( 'NONE', *, *, #2947, .F. ) ;
#1027 = EDGE_CURVE ( 'NONE', #4144, #382, #1936, .T. ) ;
#1028 = CARTESIAN_POINT ( 'NONE',  ( -2.398232558139534287, 0.000000000000000000, 4.521200000000000330 ) ) ;
#1029 = ADVANCED_FACE ( 'NONE', ( #299 ), #2153, .T. ) ;
#1030 = CARTESIAN_POINT ( 'NONE',  ( -2.540000000000000036, 8.143258714057994396, -5.973015205252835358 ) ) ;
#1031 = CARTESIAN_POINT ( 'NONE',  ( -2.540000000000000036, -6.603999999999999204, 0.6273677884615392886 ) ) ;
#1032 = LOCAL_TIME ( 15, 59, 21.00000000000000000, #2917 ) ;
#1033 = CARTESIAN_POINT ( 'NONE',  ( -2.540000000000000036, 7.019631965068924728, -0.3716979057975774436 ) ) ;
#1034 = B_SPLINE_CURVE_WITH_KNOTS ( 'NONE', 3,
 ( #84, #3106, #1419, #2141, #409, #2784, #3809, #3794, #1789, #2811, #3450 ),
 .UNSPECIFIED., .F., .F.,
 ( 4, 1, 1, 1, 1, 1, 1, 1, 4 ),
 ( 0.000000000000000000, 0.1428250587215693090, 0.2747889427656926009, 0.3980100116350999140, 0.5174379727098238346, 0.6346044449490664263, 0.7519488386867856367, 0.8730097295444713135, 1.000000000000000000 ),
 .UNSPECIFIED. ) ;
#1035 = DIRECTION ( 'NONE',  ( 0.000000000000000000, 0.000000000000000000, 1.000000000000000000 ) ) ;
#1036 = APPROVAL_DATE_TIME ( #131, #2542 ) ;
#1037 = CARTESIAN_POINT ( 'NONE',  ( -2.540000000000000036, -7.256657283106498824, 0.1028693115985902379 ) ) ;
#1038 = FACE_BOUND ( 'NONE', #1473, .T. ) ;
#1039 = VECTOR ( 'NONE', #1988, 1000.000000000000000 ) ;
#1040 = EDGE_LOOP ( 'NONE', ( #2903, #2341, #305, #3007 ) ) ;
#1041 = VERTEX_POINT ( 'NONE', #1444 ) ;
#1042 = FACE_BOUND ( 'NONE', #2684, .T. ) ;
#1043 = CARTESIAN_POINT ( 'NONE',  ( 0.000000000000000000, 0.000000000000000000, 0.000000000000000000 ) ) ;
#1044 = CARTESIAN_POINT ( 'NONE',  ( -2.540000000000000036, -6.891116502540221234, 0.8203825008033106547 ) ) ;
#1045 = DIRECTION ( 'NONE',  ( 0.000000000000000000, 0.000000000000000000, -1.000000000000000000 ) ) ;
#1046 = CARTESIAN_POINT ( 'NONE',  ( -2.540000000000000036, -7.395220403887889482, 0.3842432977218796508 ) ) ;
#1047 = ORIENTED_EDGE ( 'NONE', *, *, #4251, .F. ) ;
#1048 = CARTESIAN_POINT ( 'NONE',  ( -2.540000000000000036, -9.448764020194456492, -0.7918594174276378794 ) ) ;
#1049 = CC_DESIGN_PERSON_AND_ORGANIZATION_ASSIGNMENT ( #3118, #3479, ( #2447 ) ) ;
#1050 = ADVANCED_FACE ( 'NONE', ( #1329 ), #3041, .T. ) ;
#1051 = CIRCLE ( 'NONE', #319, 4.762500000000004619 ) ;
#1052 = EDGE_CURVE ( 'NONE', #1751, #1013, #636, .T. ) ;
#1053 = DIRECTION ( 'NONE',  ( 1.000000000000000000, 0.000000000000000000, 0.000000000000000000 ) ) ;
#1054 = DIRECTION ( 'NONE',  ( 1.000000000000000000, 0.000000000000000000, 0.000000000000000000 ) ) ;
#1055 = DIRECTION ( 'NONE',  ( 0.000000000000000000, -1.000000000000000000, 0.000000000000000000 ) ) ;
#1056 = CARTESIAN_POINT ( 'NONE',  ( -2.540000000000000036, -7.205723557692306436, -0.5773004807692300178 ) ) ;
#1057 = CARTESIAN_POINT ( 'NONE',  ( -2.540000000000000036, -9.128523421976934671, -0.8989935230571184377 ) ) ;
#1058 = B_SPLINE_CURVE_WITH_KNOTS ( 'NONE', 3,
 ( #2239, #1926, #2636, #2929 ),
 .UNSPECIFIED., .F., .F.,
 ( 4, 4 ),
 ( 4.000000000000000000, 5.000000000000000000 ),
 .UNSPECIFIED. ) ;
#1059 = CARTESIAN_POINT ( 'NONE',  ( -2.540000000000000036, -7.447101652144310080, 0.4670253575319680550 ) ) ;
#1060 = ORIENTED_EDGE ( 'NONE', *, *, #4120, .T. ) ;
#1061 = ORIENTED_EDGE ( 'NONE', *, *, #372, .T. ) ;
#1062 = EDGE_LOOP ( 'NONE', ( #2876, #1060, #401, #3566 ) ) ;
#1063 = DIRECTION ( 'NONE',  ( 1.000000000000000000, 0.000000000000000000, 0.000000000000000000 ) ) ;
#1064 = VERTEX_POINT ( 'NONE', #3138 ) ;
#1065 = EDGE_LOOP ( 'NONE', ( #3784, #1716 ) ) ;
#1066 = APPROVAL_ROLE ( '' ) ;
#1067 = AXIS2_PLACEMENT_3D ( 'NONE', #3543, #3856, #3241 ) ;
#1068 = EDGE_CURVE ( 'NONE', #3818, #3092, #806, .T. ) ;
#1069 = CARTESIAN_POINT ( 'NONE',  ( -2.540000000000000036, -6.801251055760010544, -1.665382390395522716 ) ) ;
#1070 = EDGE_LOOP ( 'NONE', ( #4343, #3870, #2976, #2753 ) ) ;
#1071 = ADVANCED_FACE ( 'NONE', ( #2036, #1112 ), #3099, .F. ) ;
#1072 = DIRECTION ( 'NONE',  ( 1.000000000000000000, 0.000000000000000000, 0.000000000000000000 ) ) ;
#1073 = B_SPLINE_CURVE_WITH_KNOTS ( 'NONE', 3,
 ( #1416, #3140, #3154, #77 ),
 .UNSPECIFIED., .F., .F.,
 ( 4, 4 ),
 ( 28.00000000000000000, 29.00000000000000000 ),
 .UNSPECIFIED. ) ;
#1074 = CARTESIAN_POINT ( 'NONE',  ( -2.540000000000000036, 8.148047265470706790, -2.073488344192774502 ) ) ;
#1075 = EDGE_LOOP ( 'NONE', ( #4012, #168 ) ) ;
#1076 = CARTESIAN_POINT ( 'NONE',  ( -2.540000000000000036, -8.875943567066242323, 2.815821606206929228 ) ) ;
#1077 = EDGE_CURVE ( 'NONE', #3755, #4151, #3135, .T. ) ;
#1078 = VECTOR ( 'NONE', #3684, 1000.000000000000000 ) ;
#1079 =( NAMED_UNIT ( * ) PLANE_ANGLE_UNIT ( ) SI_UNIT ( $, .RADIAN. ) );
#1080 = ORIENTED_EDGE ( 'NONE', *, *, #4086, .T. ) ;
#1081 = CARTESIAN_POINT ( 'NONE',  ( -2.540000000000000036, -9.104331609531303826, -0.8994302721609125362 ) ) ;
#1082 = CARTESIAN_POINT ( 'NONE',  ( -2.540000000000000036, 7.095637227952268589, 4.916420152804274579 ) ) ;
#1083 = CARTESIAN_POINT ( 'NONE',  ( -2.540000000000000036, 7.525321530586570162, -1.657111357539907459 ) ) ;
#1084 = FACE_OUTER_BOUND ( 'NONE', #1258, .T. ) ;
#1085 = APPROVAL_STATUS ( 'not_yet_approved' ) ;
#1086 = COORDINATED_UNIVERSAL_TIME_OFFSET ( 5, 0, .BEHIND. ) ;
#1087 = CARTESIAN_POINT ( 'NONE',  ( -2.540000000000000036, 4.775199999999999889, 0.000000000000000000 ) ) ;
#1088 = FACE_BOUND ( 'NONE', #842, .T. ) ;
#1089 = ORIENTED_EDGE ( 'NONE', *, *, #3934, .F. ) ;
#1090 = CALENDAR_DATE ( 2021, 12, 4 ) ;
#1091 = VECTOR ( 'NONE', #3877, 1000.000000000000000 ) ;
#1092 = CARTESIAN_POINT ( 'NONE',  ( -2.540000000000000036, 6.761700569398586325, -2.932071101583782369 ) ) ;
#1093 = CARTESIAN_POINT ( 'NONE',  ( -2.540000000000000036, -8.530831684922366875, 2.589397433888422473 ) ) ;
#1094 = VERTEX_POINT ( 'NONE', #3474 ) ;
#1095 = LOCAL_TIME ( 15, 59, 21.00000000000000000, #2625 ) ;
#1096 = DIRECTION ( 'NONE',  ( 0.000000000000000000, 0.000000000000000000, 1.000000000000000000 ) ) ;
#1097 = VERTEX_POINT ( 'NONE', #3152 ) ;
#1098 = CARTESIAN_POINT ( 'NONE',  ( -2.540000000000000036, -8.923116502540215933, -0.9576174991966894812 ) ) ;
#1099 = CARTESIAN_POINT ( 'NONE',  ( -2.540000000000000036, -6.897076923076921773, 0.1172307692307700960 ) ) ;
#1100 = CARTESIAN_POINT ( 'NONE',  ( -2.540000000000000036, -8.718221880642630595, 1.891377332913556808 ) ) ;
#1101 = AXIS2_PLACEMENT_3D ( 'NONE', #1996, #3003, #3330 ) ;
#1102 = LINE ( 'NONE', #1529, #1646 ) ;
#1103 = EDGE_CURVE ( 'NONE', #2755, #1618, #2376, .T. ) ;
#1104 = DATE_TIME_ROLE ( 'creation_date' ) ;
#1105 = DIRECTION ( 'NONE',  ( 0.000000000000000000, -0.7066232895397900338, -0.7075899424666564075 ) ) ;
#1106 = DIRECTION ( 'NONE',  ( 0.000000000000000000, 0.000000000000000000, 1.000000000000000000 ) ) ;
#1107 = ORIENTED_EDGE ( 'NONE', *, *, #468, .F. ) ;
#1108 = CARTESIAN_POINT ( 'NONE',  ( 0.01250000000000001978, 0.05000000000000002359, -4.381250000000003197 ) ) ;
#1109 = CARTESIAN_POINT ( 'NONE',  ( -2.540000000000000036, 7.755506670731242558, -2.933490161529957341 ) ) ;
#1110 = CARTESIAN_POINT ( 'NONE',  ( -0.6349999999999988987, 4.510374161259701612E-16, -3.682999999999999385 ) ) ;
#1111 = DIRECTION ( 'NONE',  ( -0.000000000000000000, 0.000000000000000000, 1.000000000000000000 ) ) ;
#1112 = FACE_OUTER_BOUND ( 'NONE', #2789, .T. ) ;
#1113 = ADVANCED_BREP_SHAPE_REPRESENTATION ( '', ( #1932, #2068 ), #1177 ) ;
#1114 = CARTESIAN_POINT ( 'NONE',  ( -2.540000000000000036, -6.115538461538460702, 0.2735384615384623963 ) ) ;
#1115 = APPROVAL_ROLE ( '' ) ;
#1116 = ORIENTED_EDGE ( 'NONE', *, *, #1767, .F. ) ;
#1117 = CARTESIAN_POINT ( 'NONE',  ( -2.540000000000000036, -8.697929308185791797, 1.535043420091660504 ) ) ;
#1118 = ORIENTED_EDGE ( 'NONE', *, *, #362, .F. ) ;
#1119 = CARTESIAN_POINT ( 'NONE',  ( -2.540000000000000036, -6.657636723489548380, -1.503760838386105192 ) ) ;
#1120 = VERTEX_POINT ( 'NONE', #4247 ) ;
#1121 = EDGE_LOOP ( 'NONE', ( #4243, #1116, #3790, #2766 ) ) ;
#1122 = CARTESIAN_POINT ( 'NONE',  ( 0.000000000000000000, 0.05000000000000002359, 0.000000000000000000 ) ) ;
#1123 = DIRECTION ( 'NONE',  ( 0.000000000000000000, 0.000000000000000000, 1.000000000000000000 ) ) ;
#1124 = CARTESIAN_POINT ( 'NONE',  ( -2.540000000000000036, -8.569409301394086853, 2.680387029950324962 ) ) ;
#1125 = CARTESIAN_POINT ( 'NONE',  ( -2.540000000000000036, 7.788765145187238836, -2.072452799949347835 ) ) ;
#1126 = EDGE_CURVE ( 'NONE', #577, #2796, #532, .T. ) ;
#1127 = ORIENTED_EDGE ( 'NONE', *, *, #3713, .T. ) ;
#1128 = CARTESIAN_POINT ( 'NONE',  ( -2.540000000000000036, 6.901230201754883886, 3.885585597484975118 ) ) ;
#1129 = CARTESIAN_POINT ( 'NONE',  ( -2.540000000000000036, 4.775199999999999889, 0.000000000000000000 ) ) ;
#1130 = ORIENTED_EDGE ( 'NONE', *, *, #1294, .F. ) ;
#1131 = VERTEX_POINT ( 'NONE', #2577 ) ;
#1132 = EDGE_LOOP ( 'NONE', ( #2858, #1326, #128, #1631 ) ) ;
#1133 = CARTESIAN_POINT ( 'NONE',  ( -2.540000000000000036, 7.273495478684952609, 4.019587218023476183 ) ) ;
#1134 = LINE ( 'NONE', #3147, #1955 ) ;
#1135 = APPLICATION_CONTEXT ( 'configuration controlled 3d designs of mechanical parts and assemblies' ) ;
#1136 = CARTESIAN_POINT ( 'NONE',  ( -2.540000000000000036, -6.095999999999998309, -1.843331730769231180 ) ) ;
#1137 = CARTESIAN_POINT ( 'NONE',  ( -2.540000000000000036, -9.671538461538458975, 0.5892067307692318012 ) ) ;
#1138 = ORIENTED_EDGE ( 'NONE', *, *, #3631, .T. ) ;
#1139 = LINE ( 'NONE', #3463, #1350 ) ;
#1140 = CARTESIAN_POINT ( 'NONE',  ( -2.540000000000000036, 7.389574288527755996, 4.425824733115480747 ) ) ;
#1141 = CARTESIAN_POINT ( 'NONE',  ( -2.540000000000000036, -7.422840261980800491, -0.8207663931262889623 ) ) ;
#1142 = CARTESIAN_POINT ( 'NONE',  ( -2.540000000000000036, -6.705011709025648692, -0.3810066639883755713 ) ) ;
#1143 = CARTESIAN_POINT ( 'NONE',  ( -2.540000000000000036, -9.651999999999997470, -2.618153846153845166 ) ) ;
#1144 = FACE_BOUND ( 'NONE', #661, .T. ) ;
#1145 = VERTEX_POINT ( 'NONE', #4189 ) ;
#1146 = CC_DESIGN_PERSON_AND_ORGANIZATION_ASSIGNMENT ( #337, #1474, ( #2835 ) ) ;
#1147 = VERTEX_POINT ( 'NONE', #4219 ) ;
#1148 = CARTESIAN_POINT ( 'NONE',  ( -2.540000000000000036, 7.318560605003181507, -1.189720188714098459 ) ) ;
#1149 = CARTESIAN_POINT ( 'NONE',  ( -2.540000000000000036, 6.375064551570600813, 2.013398853412020184 ) ) ;
#1150 = APPROVAL_DATE_TIME ( #2977, #2706 ) ;
#1151 = CARTESIAN_POINT ( 'NONE',  ( -0.6349999999999988987, 0.000000000000000000, 0.000000000000000000 ) ) ;
#1152 = ADVANCED_FACE ( 'NONE', ( #3943, #301 ), #3203, .T. ) ;
#1153 = DIRECTION ( 'NONE',  ( 0.000000000000000000, -1.000000000000000000, 0.000000000000000000 ) ) ;
#1154 = PERSON_AND_ORGANIZATION_ROLE ( 'classification_officer' ) ;
#1155 = EDGE_CURVE ( 'NONE', #4407, #601, #249, .T. ) ;
#1156 = EDGE_LOOP ( 'NONE', ( #920, #708, #4388, #43, #1948 ) ) ;
#1157 = CARTESIAN_POINT ( 'NONE',  ( -2.540000000000000036, -8.877778220346803195, 1.547975382825621526 ) ) ;
#1158 = CARTESIAN_POINT ( 'NONE',  ( -2.540000000000000036, 7.550269990831450784, 2.330225975752048484 ) ) ;
#1159 = VECTOR ( 'NONE', #2599, 1000.000000000000114 ) ;
#1160 = VECTOR ( 'NONE', #1724, 1000.000000000000000 ) ;
#1161 = CARTESIAN_POINT ( 'NONE',  ( -2.540000000000000036, 7.666765349206116298, 4.445913174563674630 ) ) ;
#1162 = CARTESIAN_POINT ( 'NONE',  ( -2.540000000000000036, -7.310760370007084674, -0.7984326440001626723 ) ) ;
#1163 = ORIENTED_EDGE ( 'NONE', *, *, #1908, .F. ) ;
#1164 = EDGE_CURVE ( 'NONE', #1589, #4283, #93, .T. ) ;
#1165 = CARTESIAN_POINT ( 'NONE',  ( -2.540000000000000036, 7.650525262860737641, 0.3450468876736410562 ) ) ;
#1166 = CARTESIAN_POINT ( 'NONE',  ( -2.540000000000000036, -8.428073344834983160, -2.143569639050064257 ) ) ;
#1167 = LINE ( 'NONE', #155, #144 ) ;
#1168 = CARTESIAN_POINT ( 'NONE',  ( -2.540000000000000036, 7.537775636975059257, 3.891763328512513720 ) ) ;
#1169 = LINE ( 'NONE', #435, #1493 ) ;
#1170 = VERTEX_POINT ( 'NONE', #3189 ) ;
#1171 = CARTESIAN_POINT ( 'NONE',  ( -2.540000000000000036, -6.284211429774605229, -1.653228297427593141 ) ) ;
#1172 = APPROVAL_STATUS ( 'not_yet_approved' ) ;
#1173 = LINE ( 'NONE', #689, #3197 ) ;
#1174 = ADVANCED_FACE ( 'NONE', ( #1985 ), #2225, .T. ) ;
#1175 = EDGE_CURVE ( 'NONE', #1183, #2685, #2938, .T. ) ;
#1176 = CARTESIAN_POINT ( 'NONE',  ( -2.540000000000000036, 4.775199999999999889, 0.000000000000000000 ) ) ;
#1177 =( GEOMETRIC_REPRESENTATION_CONTEXT ( 3 ) GLOBAL_UNCERTAINTY_ASSIGNED_CONTEXT ( ( #2063 ) ) GLOBAL_UNIT_ASSIGNED_CONTEXT ( ( #3775, #1079, #1434 ) ) REPRESENTATION_CONTEXT ( 'NONE', 'WORKASPACE' ) );
#1178 = B_SPLINE_CURVE_WITH_KNOTS ( 'NONE', 3,
 ( #3413, #1376, #32, #732, #3108, #3797, #3843, #2546, #1851, #2531, #3828, #765, #1100, #1838, #2214, #110, #1456, #457, #4237 ),
 .UNSPECIFIED., .F., .F.,
 ( 4, 1, 1, 1, 1, 1, 1, 1, 1, 1, 1, 1, 1, 1, 1, 1, 4 ),
 ( 0.000000000000000000, 0.08410951514219973391, 0.1624256296947328149, 0.2368218560929518657, 0.3059866465664437540, 0.3701078016338673060, 0.4306679461857582658, 0.4878512204212719361, 0.5426073215497774216, 0.5956767428670648457, 0.6472830623447284326, 0.6996541713763446690, 0.7533785827348169484, 0.8098296631517243327, 0.8689377279335723792, 0.9321626864520843325, 0.9999999999999998890 ),
 .UNSPECIFIED. ) ;
#1179 = CARTESIAN_POINT ( 'NONE',  ( 0.000000000000000000, 0.000000000000000000, 4.775000000000000355 ) ) ;
#1180 = CARTESIAN_POINT ( 'NONE',  ( -2.540000000000000036, -7.454533653846151964, 0.9579951923076931442 ) ) ;
#1181 = CARTESIAN_POINT ( 'NONE',  ( -2.540000000000000036, 7.761799480845715138, 3.832801469995910537 ) ) ;
#1182 = DATE_TIME_ROLE ( 'classification_date' ) ;
#1183 = VERTEX_POINT ( 'NONE', #1179 ) ;
#1184 = ORIENTED_EDGE ( 'NONE', *, *, #4344, .F. ) ;
#1185 = EDGE_CURVE ( 'NONE', #770, #2319, #4068, .T. ) ;
#1186 = VERTEX_POINT ( 'NONE', #839 ) ;
#1187 = LINE ( 'NONE', #1158, #1472 ) ;
#1188 = CARTESIAN_POINT ( 'NONE',  ( -2.540000000000000036, -9.337652279315376447, 0.8309290348205841115 ) ) ;
#1189 = DIRECTION ( 'NONE',  ( 0.000000000000000000, 0.000000000000000000, 1.000000000000000000 ) ) ;
#1190 = CARTESIAN_POINT ( 'NONE',  ( -2.540000000000000036, 7.099814263991548913, -4.026720149348139266 ) ) ;
#1191 = VERTEX_POINT ( 'NONE', #3279 ) ;
#1192 = EDGE_CURVE ( 'NONE', #1463, #2189, #1169, .T. ) ;
#1193 = CARTESIAN_POINT ( 'NONE',  ( 0.000000000000000000, -0.001000000000000024307, 0.03750000000000003331 ) ) ;
#1194 = CARTESIAN_POINT ( 'NONE',  ( -0.01249999999999963987, 0.05000000000000002359, -4.381250000000004086 ) ) ;
#1195 = ADVANCED_FACE ( 'NONE', ( #2030 ), #1600, .F. ) ;
#1196 = B_SPLINE_CURVE_WITH_KNOTS ( 'NONE', 3,
 ( #807, #2819, #774, #1815, #3481, #1462, #4185 ),
 .UNSPECIFIED., .F., .F.,
 ( 4, 1, 1, 1, 4 ),
 ( 0.000000000000000000, 0.2990796225180106238, 0.5624806745833417221, 0.7958441497125867681, 1.000000000000000000 ),
 .UNSPECIFIED. ) ;
#1197 = CARTESIAN_POINT ( 'NONE',  ( -2.540000000000000036, 8.067240106382811859, 3.864835275248244439 ) ) ;
#1198 = CIRCLE ( 'NONE', #4017, 4.521200000000000330 ) ;
#1199 = ORIENTED_EDGE ( 'NONE', *, *, #1728, .F. ) ;
#1200 = PERSON_AND_ORGANIZATION_ROLE ( 'creator' ) ;
#1201 = LINE ( 'NONE', #3778, #230 ) ;
#1202 = LINE ( 'NONE', #615, #278 ) ;
#1203 = DIRECTION ( 'NONE',  ( -0.000000000000000000, 0.001227981745710737035, 0.9999992460301319053 ) ) ;
#1204 = AXIS2_PLACEMENT_3D ( 'NONE', #2692, #1642, #3048 ) ;
#1205 = CARTESIAN_POINT ( 'NONE',  ( -2.540000000000000036, -9.211947944771219809, 0.3383947576406980406 ) ) ;
#1206 = ADVANCED_BREP_SHAPE_REPRESENTATION ( '', ( #3258, #2068 ), #354 ) ;
#1207 = FACE_OUTER_BOUND ( 'NONE', #1380, .T. ) ;
#1208 = COORDINATED_UNIVERSAL_TIME_OFFSET ( 5, 0, .BEHIND. ) ;
#1209 = CARTESIAN_POINT ( 'NONE',  ( -2.540000000000000036, -9.140947115384612687, -0.8987692307692295435 ) ) ;
#1210 = CARTESIAN_POINT ( 'NONE',  ( -2.540000000000000036, -7.114253195185496814, 1.074269437367448177 ) ) ;
#1211 = ORIENTED_EDGE ( 'NONE', *, *, #1991, .T. ) ;
#1212 = COORDINATED_UNIVERSAL_TIME_OFFSET ( 5, 0, .BEHIND. ) ;
#1213 = CARTESIAN_POINT ( 'NONE',  ( -2.540000000000000036, -9.103872031282667976, -2.316239376047820819 ) ) ;
#1214 = CARTESIAN_POINT ( 'NONE',  ( -2.540000000000000036, -8.842045015101858141, 2.199622682059618750 ) ) ;
#1215 = VERTEX_POINT ( 'NONE', #4312 ) ;
#1216 = VERTEX_POINT ( 'NONE', #1949 ) ;
#1217 = VECTOR ( 'NONE', #3523, 1000.000000000000000 ) ;
#1218 = PERSON_AND_ORGANIZATION ( #697, #238 ) ;
#1219 = PERSON_AND_ORGANIZATION_ROLE ( 'classification_officer' ) ;
#1220 = ORIENTED_EDGE ( 'NONE', *, *, #3133, .F. ) ;
#1221 = CARTESIAN_POINT ( 'NONE',  ( -2.540000000000000036, -9.626066584423710992, -0.9872881838870395388 ) ) ;
#1222 = LINE ( 'NONE', #4311, #2087 ) ;
#1223 = ORIENTED_EDGE ( 'NONE', *, *, #2626, .F. ) ;
#1224 = CARTESIAN_POINT ( 'NONE',  ( -0.1269999999999973372, 1.555301434917138433E-15, -12.69999999999999929 ) ) ;
#1225 = EDGE_CURVE ( 'NONE', #3338, #4144, #147, .T. ) ;
#1226 = CARTESIAN_POINT ( 'NONE',  ( -2.540000000000000036, -9.129346153846151779, -0.7033846153846141647 ) ) ;
#1227 = ORIENTED_EDGE ( 'NONE', *, *, #1765, .F. ) ;
#1228 = CARTESIAN_POINT ( 'NONE',  ( -2.540000000000000036, -6.310923076923074859, 0.4332043269230777538 ) ) ;
#1229 = PLANE ( 'NONE',  #412 ) ;
#1230 = CARTESIAN_POINT ( 'NONE',  ( -2.540000000000000036, -7.619999999999998330, -0.6447692307692298730 ) ) ;
#1231 = B_SPLINE_CURVE_WITH_KNOTS ( 'NONE', 3,
 ( #600, #1325, #1672, #1645 ),
 .UNSPECIFIED., .F., .F.,
 ( 4, 4 ),
 ( 3.000000000000000000, 4.000000000000000000 ),
 .UNSPECIFIED. ) ;
#1232 = EDGE_CURVE ( 'NONE', #1954, #1064, #313, .T. ) ;
#1233 = CARTESIAN_POINT ( 'NONE',  ( -2.540000000000000036, 7.779698119025134417, 5.158861073839461575 ) ) ;
#1234 = CC_DESIGN_PERSON_AND_ORGANIZATION_ASSIGNMENT ( #1218, #1830, ( #3462 ) ) ;
#1235 = CARTESIAN_POINT ( 'NONE',  ( -2.540000000000000036, -6.648113460782026252, -0.5365983897214616771 ) ) ;
#1236 = CARTESIAN_POINT ( 'NONE',  ( -2.540000000000000036, 7.062891042955218524, 5.470334074622710929 ) ) ;
#1237 = ORIENTED_EDGE ( 'NONE', *, *, #3845, .F. ) ;
#1238 = ORIENTED_EDGE ( 'NONE', *, *, #2878, .F. ) ;
#1239 = CARTESIAN_POINT ( 'NONE',  ( -2.540000000000000036, -8.871437650190738822, 2.189075299795511409 ) ) ;
#1240 = VERTEX_POINT ( 'NONE', #3256 ) ;
#1241 = DIRECTION ( 'NONE',  ( -1.000000000000000000, -0.000000000000000000, -0.000000000000000000 ) ) ;
#1242 = ORIENTED_EDGE ( 'NONE', *, *, #431, .T. ) ;
#1243 = ORIENTED_EDGE ( 'NONE', *, *, #773, .F. ) ;
#1244 = CYLINDRICAL_SURFACE ( 'NONE', #3070, 0.03750000000000003331 ) ;
#1245 = ORIENTED_EDGE ( 'NONE', *, *, #2848, .T. ) ;
#1246 = CARTESIAN_POINT ( 'NONE',  ( -2.540000000000000036, 7.045076938641807729, 4.048845564814140374 ) ) ;
#1247 = AXIS2_PLACEMENT_3D ( 'NONE', #1655, #297, #2368 ) ;
#1248 = EDGE_CURVE ( 'NONE', #2925, #3186, #1058, .T. ) ;
#1249 = EDGE_LOOP ( 'NONE', ( #2504, #3024, #3738, #2135 ) ) ;
#1250 = CARTESIAN_POINT ( 'NONE',  ( -2.540000000000000036, 4.775199999999999889, 0.000000000000000000 ) ) ;
#1251 = LINE ( 'NONE', #3457, #2389 ) ;
#1252 = ORIENTED_EDGE ( 'NONE', *, *, #1358, .F. ) ;
#1253 = B_SPLINE_CURVE_WITH_KNOTS ( 'NONE', 3,
 ( #3669, #1997, #1734, #2049, #3743, #2071, #8, #2427, #1044, #3433, #4394, #2372, #2442, #2650, #919, #2974, #3307, #1567, #1905 ),
 .UNSPECIFIED., .F., .F.,
 ( 4, 1, 1, 1, 1, 1, 1, 1, 1, 1, 1, 1, 1, 1, 1, 1, 4 ),
 ( 0.000000000000000000, 0.07286593345653510911, 0.1418868719641261378, 0.2074526264147125432, 0.2704376800000978798, 0.3316408722476699711, 0.3901075774931583307, 0.4480692869488370755, 0.5055029519245375358, 0.5624881528337238867, 0.6190843288847294179, 0.6764155306922394750, 0.7354523604507927637, 0.7962407694486783871, 0.8604056780892035405, 0.9283049272851059408, 1.000000000000000000 ),
 .UNSPECIFIED. ) ;
#1254 = UNCERTAINTY_MEASURE_WITH_UNIT (LENGTH_MEASURE( 1.000000000000000082E-05 ), #3086, 'distance_accuracy_value', 'NONE');
#1255 = LINE ( 'NONE', #3991, #2022 ) ;
#1256 = DIRECTION ( 'NONE',  ( 0.000000000000000000, 1.000000000000000000, 0.000000000000000000 ) ) ;
#1257 = DATE_AND_TIME ( #1691, #2617 ) ;
#1258 = EDGE_LOOP ( 'NONE', ( #4089, #81, #2440, #4249, #546, #50, #2351, #817, #582, #939, #2338, #2803, #258, #1089, #904, #1942, #3611, #3174, #3025 ) ) ;
#1259 = PERSON_AND_ORGANIZATION ( #697, #238 ) ;
#1260 = CARTESIAN_POINT ( 'NONE',  ( -2.540000000000000036, -6.396073344834982244, -0.3655696390500648429 ) ) ;
#1261 = CARTESIAN_POINT ( 'NONE',  ( -2.540000000000000036, -7.376006541382510662, 1.009486877637725488 ) ) ;
#1262 = EDGE_CURVE ( 'NONE', #958, #729, #3404, .T. ) ;
#1263 = ORIENTED_EDGE ( 'NONE', *, *, #978, .T. ) ;
#1264 = VECTOR ( 'NONE', #1055, 1000.000000000000000 ) ;
#1265 = DIRECTION ( 'NONE',  ( -0.000000000000000000, 0.004989411720880229661, 0.9999875528078735476 ) ) ;
#1266 = ORIENTED_EDGE ( 'NONE', *, *, #2231, .T. ) ;
#1267 = DIRECTION ( 'NONE',  ( 0.000000000000000000, 0.000000000000000000, -1.000000000000000000 ) ) ;
#1268 = CARTESIAN_POINT ( 'NONE',  ( -2.540000000000000036, -6.741855999005538003, 0.9458323403727617595 ) ) ;
#1269 = EDGE_CURVE ( 'NONE', #1578, #2910, #1291, .T. ) ;
#1270 = ORIENTED_EDGE ( 'NONE', *, *, #2456, .T. ) ;
#1271 = VERTEX_POINT ( 'NONE', #1904 ) ;
#1272 = ORIENTED_EDGE ( 'NONE', *, *, #1286, .T. ) ;
#1273 = CARTESIAN_POINT ( 'NONE',  ( -2.540000000000000036, 0.000000000000000000, -12.57300000000000217 ) ) ;
#1274 = DIRECTION ( 'NONE',  ( 0.000000000000000000, 1.000000000000000000, 0.000000000000000000 ) ) ;
#1275 = ORIENTED_EDGE ( 'NONE', *, *, #405, .T. ) ;
#1276 = CARTESIAN_POINT ( 'NONE',  ( 4.381250000000004086, 0.05000000000000002359, -0.01250000000000001978 ) ) ;
#1277 = CARTESIAN_POINT ( 'NONE',  ( -0.5079999999999988969, 0.000000000000000000, 4.521200000000000330 ) ) ;
#1278 = DIRECTION ( 'NONE',  ( 0.000000000000000000, 1.000000000000000000, 0.000000000000000000 ) ) ;
#1279 = CARTESIAN_POINT ( 'NONE',  ( -2.540000000000000036, -6.540194711538459771, -1.484923076923077456 ) ) ;
#1280 = CARTESIAN_POINT ( 'NONE',  ( -2.540000000000000036, 4.775199999999999889, 0.000000000000000000 ) ) ;
#1281 = ORIENTED_EDGE ( 'NONE', *, *, #2325, .F. ) ;
#1282 = VERTEX_POINT ( 'NONE', #4327 ) ;
#1283 = ORIENTED_EDGE ( 'NONE', *, *, #2525, .F. ) ;
#1284 = CARTESIAN_POINT ( 'NONE',  ( -2.540000000000000036, -8.538307692307688157, 1.055076923076924134 ) ) ;
#1285 = CARTESIAN_POINT ( 'NONE',  ( -2.540000000000000036, -8.538307692307688157, 0.8596923076923087548 ) ) ;
#1286 = EDGE_CURVE ( 'NONE', #4174, #1751, #1379, .T. ) ;
#1287 = VERTEX_POINT ( 'NONE', #884 ) ;
#1288 = ORIENTED_EDGE ( 'NONE', *, *, #2252, .F. ) ;
#1289 = DIRECTION ( 'NONE',  ( 0.000000000000000000, -0.9999875528078735476, 0.004989411720880843754 ) ) ;
#1290 = CARTESIAN_POINT ( 'NONE',  ( -2.540000000000000036, 6.367077483446572650, -4.490820065084258239 ) ) ;
#1291 = B_SPLINE_CURVE_WITH_KNOTS ( 'NONE', 3,
 ( #870, #562, #3990, #2590 ),
 .UNSPECIFIED., .F., .F.,
 ( 4, 4 ),
 ( 23.00000000000000000, 24.00000000000000000 ),
 .UNSPECIFIED. ) ;
#1292 = AXIS2_PLACEMENT_3D ( 'NONE', #123, #2581, #2544 ) ;
#1293 = ORIENTED_EDGE ( 'NONE', *, *, #4127, .F. ) ;
#1294 = EDGE_CURVE ( 'NONE', #1975, #2393, #1933, .T. ) ;
#1295 = VECTOR ( 'NONE', #490, 1000.000000000000000 ) ;
#1296 = VERTEX_POINT ( 'NONE', #918 ) ;
#1297 = LINE ( 'NONE', #4038, #1579 ) ;
#1298 = DIRECTION ( 'NONE',  ( 0.000000000000000000, 1.000000000000000000, 0.000000000000000000 ) ) ;
#1299 = APPROVAL_DATE_TIME ( #2859, #2990 ) ;
#1300 = EDGE_CURVE ( 'NONE', #1410, #4287, #3355, .T. ) ;
#1301 = CARTESIAN_POINT ( 'NONE',  ( -2.540000000000000036, 6.825056968201700158, 3.909665673973793165 ) ) ;
#1302 = EDGE_LOOP ( 'NONE', ( #3827, #3967, #2795, #4427 ) ) ;
#1303 = B_SPLINE_CURVE_WITH_KNOTS ( 'NONE', 3,
 ( #3920, #541, #191, #889 ),
 .UNSPECIFIED., .F., .F.,
 ( 4, 4 ),
 ( 2.000000000000000000, 3.000000000000000000 ),
 .UNSPECIFIED. ) ;
#1304 = CARTESIAN_POINT ( 'NONE',  ( -2.540000000000000036, -8.948615384615381529, -1.465384615384613953 ) ) ;
#1305 = LOCAL_TIME ( 15, 59, 21.00000000000000000, #3700 ) ;
#1306 = DIRECTION ( 'NONE',  ( 0.000000000000000000, 1.000000000000000000, 0.000000000000000000 ) ) ;
#1307 = CARTESIAN_POINT ( 'NONE',  ( -2.540000000000000036, -8.694951261242694684, 2.441416492155270568 ) ) ;
#1308 = VERTEX_POINT ( 'NONE', #205 ) ;
#1309 = ORIENTED_EDGE ( 'NONE', *, *, #3358, .T. ) ;
#1310 = LINE ( 'NONE', #799, #1217 ) ;
#1311 = ORIENTED_EDGE ( 'NONE', *, *, #332, .F. ) ;
#1312 = CARTESIAN_POINT ( 'NONE',  ( -2.540000000000000036, -7.619999999999997442, 2.598615384615383217 ) ) ;
#1313 = CALENDAR_DATE ( 2021, 12, 4 ) ;
#1314 =( GEOMETRIC_REPRESENTATION_CONTEXT ( 3 ) GLOBAL_UNCERTAINTY_ASSIGNED_CONTEXT ( ( #262 ) ) GLOBAL_UNIT_ASSIGNED_CONTEXT ( ( #3807, #2157, #407 ) ) REPRESENTATION_CONTEXT ( 'NONE', 'WORKASPACE' ) );
#1315 = VERTEX_POINT ( 'NONE', #554 ) ;
#1316 = CARTESIAN_POINT ( 'NONE',  ( -2.540000000000000036, -6.916615384615383277, 0.3126153846153856275 ) ) ;
#1317 = CARTESIAN_POINT ( 'NONE',  ( -2.540000000000000036, -6.343951546468625580, -1.553177256366655268 ) ) ;
#1318 = VECTOR ( 'NONE', #3373, 1000.000000000000000 ) ;
#1319 = CARTESIAN_POINT ( 'NONE',  ( -2.540000000000000036, -8.725449519230767947, 2.140682692307692481 ) ) ;
#1320 = CC_DESIGN_DATE_AND_TIME_ASSIGNMENT ( #4245, #1182, ( #89 ) ) ;
#1321 = CARTESIAN_POINT ( 'NONE',  ( -2.540000000000000036, -7.439853546399172401, 0.7002493940146470308 ) ) ;
#1322 = CARTESIAN_POINT ( 'NONE',  ( -2.540000000000000036, -9.471853546399168877, -1.077750605985353216 ) ) ;
#1323 = CIRCLE ( 'NONE', #1101, 0.2750000000000000222 ) ;
#1324 = CARTESIAN_POINT ( 'NONE',  ( -2.540000000000000036, -7.628891434961652784, 0.6867795588209071322 ) ) ;
#1325 = CARTESIAN_POINT ( 'NONE',  ( -2.540000000000000036, 6.996424439626275138, -2.486512103595283296 ) ) ;
#1326 = ORIENTED_EDGE ( 'NONE', *, *, #3502, .T. ) ;
#1327 = CARTESIAN_POINT ( 'NONE',  ( -2.540000000000000036, -8.689478951077918012, -0.9376220197647446852 ) ) ;
#1328 = EDGE_CURVE ( 'NONE', #1768, #3403, #4166, .T. ) ;
#1329 = FACE_OUTER_BOUND ( 'NONE', #1249, .T. ) ;
#1330 = CARTESIAN_POINT ( 'NONE',  ( -0.5079999999999988969, 0.000000000000000000, 0.000000000000000000 ) ) ;
#1331 = CARTESIAN_POINT ( 'NONE',  ( -2.540000000000000036, -8.635211743671527884, 2.209337501670197046 ) ) ;
#1332 = AXIS2_PLACEMENT_3D ( 'NONE', #756, #3139, #383 ) ;
#1333 = CARTESIAN_POINT ( 'NONE',  ( -2.540000000000000036, -6.580948434336528763, -1.270998660418453996 ) ) ;
#1334 = EDGE_CURVE ( 'NONE', #2450, #3327, #952, .T. ) ;
#1335 = DIRECTION ( 'NONE',  ( 0.000000000000000000, 0.000000000000000000, 1.000000000000000000 ) ) ;
#1336 = CARTESIAN_POINT ( 'NONE',  ( -2.540000000000000036, 7.948634350691411221, 5.833780456785689239 ) ) ;
#1337 = CARTESIAN_POINT ( 'NONE',  ( -2.540000000000000036, -7.536017043877731858, 0.8816992634896605452 ) ) ;
#1338 = DIRECTION ( 'NONE',  ( -1.000000000000000000, -0.000000000000000000, -0.000000000000000000 ) ) ;
#1339 = CARTESIAN_POINT ( 'NONE',  ( -2.540000000000000036, -9.530800480769228145, 0.3321538461538471876 ) ) ;
#1340 = CARTESIAN_POINT ( 'NONE',  ( 0.000000000000000000, 3.447199994035444526, -2.892544243589376673 ) ) ;
#1341 = ORIENTED_EDGE ( 'NONE', *, *, #1968, .F. ) ;
#1342 = EDGE_LOOP ( 'NONE', ( #1697, #823, #4016, #134 ) ) ;
#1343 = CIRCLE ( 'NONE', #2436, 4.762500000000004619 ) ;
#1344 = CC_DESIGN_SECURITY_CLASSIFICATION ( #4404, ( #2447 ) ) ;
#1345 = LINE ( 'NONE', #3839, #4117 ) ;
#1346 = CARTESIAN_POINT ( 'NONE',  ( -2.540000000000000036, -9.004483173076922142, 0.3321538461538472431 ) ) ;
#1347 = VERTEX_POINT ( 'NONE', #3315 ) ;
#1348 = EDGE_CURVE ( 'NONE', #3295, #2217, #1497, .T. ) ;
#1349 = CARTESIAN_POINT ( 'NONE',  ( -2.540000000000000036, 6.762694016976253941, -1.205507835239117309 ) ) ;
#1350 = VECTOR ( 'NONE', #1035, 1000.000000000000000 ) ;
#1351 = VERTEX_POINT ( 'NONE', #2330 ) ;
#1352 = CARTESIAN_POINT ( 'NONE',  ( -2.540000000000000036, 7.499281451077249194, 5.436554122790566268 ) ) ;
#1353 = VECTOR ( 'NONE', #3252, 999.9999999999998863 ) ;
#1354 = CARTESIAN_POINT ( 'NONE',  ( -2.540000000000000036, -8.147538461538459842, -1.875692307692306660 ) ) ;
#1355 = CARTESIAN_POINT ( 'NONE',  ( -2.540000000000000036, 7.587305304884834456, 5.417958114845806250 ) ) ;
#1356 = DESIGN_CONTEXT ( 'detailed design', #2840, 'design' ) ;
#1357 = ORIENTED_EDGE ( 'NONE', *, *, #1412, .F. ) ;
#1358 = EDGE_CURVE ( 'NONE', #3234, #872, #2058, .T. ) ;
#1359 = LINE ( 'NONE', #3633, #3977 ) ;
#1360 = DIRECTION ( 'NONE',  ( 0.000000000000000000, 1.000000000000000000, 0.000000000000000000 ) ) ;
#1361 = PERSON_AND_ORGANIZATION ( #697, #238 ) ;
#1362 = LINE ( 'NONE', #3192, #3753 ) ;
#1363 = PLANE ( 'NONE',  #4313 ) ;
#1364 = ORIENTED_EDGE ( 'NONE', *, *, #2975, .T. ) ;
#1365 = DATE_AND_TIME ( #793, #399 ) ;
#1366 = CIRCLE ( 'NONE', #444, 0.2750000000000000777 ) ;
#1367 = EDGE_CURVE ( 'NONE', #428, #2885, #576, .T. ) ;
#1368 = DIRECTION ( 'NONE',  ( 0.000000000000000000, 0.000000000000000000, -1.000000000000000000 ) ) ;
#1369 = DIRECTION ( 'NONE',  ( -0.000000000000000000, 0.001227981745711171583, 0.9999992460301319053 ) ) ;
#1370 = B_SPLINE_CURVE_WITH_KNOTS ( 'NONE', 3,
 ( #4159, #4171, #91, #2841 ),
 .UNSPECIFIED., .F., .F.,
 ( 4, 4 ),
 ( 7.000000000000000000, 8.000000000000000000 ),
 .UNSPECIFIED. ) ;
#1371 = CARTESIAN_POINT ( 'NONE',  ( -2.540000000000000036, 6.825056968201700158, 3.909665673973793165 ) ) ;
#1372 = VERTEX_POINT ( 'NONE', #1114 ) ;
#1373 = CARTESIAN_POINT ( 'NONE',  ( -1.881250000000001865, 0.05000000000000002359, 0.01250000000000001978 ) ) ;
#1374 = ORIENTED_EDGE ( 'NONE', *, *, #612, .T. ) ;
#1375 = EDGE_CURVE ( 'NONE', #2842, #2122, #1034, .T. ) ;
#1376 = CARTESIAN_POINT ( 'NONE',  ( -2.540000000000000036, -8.931615452618581585, 1.975753141688993741 ) ) ;
#1377 = SECURITY_CLASSIFICATION ( '', '', #3813 ) ;
#1378 = LINE ( 'NONE', #2560, #2579 ) ;
#1379 = LINE ( 'NONE', #2283, #3560 ) ;
#1380 = EDGE_LOOP ( 'NONE', ( #2640, #1021, #1858, #392 ) ) ;
#1381 = CARTESIAN_POINT ( 'NONE',  ( -2.540000000000000036, -8.677058961567359674, 2.172447303650018480 ) ) ;
#1382 = CARTESIAN_POINT ( 'NONE',  ( -2.540000000000000036, 7.746060074073568558, -4.974929284704340482 ) ) ;
#1383 = CARTESIAN_POINT ( 'NONE',  ( -2.540000000000000036, 6.821927784686520724, 0.8855346308902587449 ) ) ;
#1384 = CARTESIAN_POINT ( 'NONE',  ( -2.540000000000000036, -9.016694711538459472, 2.171211538461538915 ) ) ;
#1385 = DIRECTION ( 'NONE',  ( 0.000000000000000000, 0.000000000000000000, 1.000000000000000000 ) ) ;
#1386 = EDGE_CURVE ( 'NONE', #687, #194, #3997, .T. ) ;
#1387 = B_SPLINE_CURVE_WITH_KNOTS ( 'NONE', 3,
 ( #3191, #484, #1864, #2198, #4207, #174, #2896, #3556, #4248, #1142, #3853, #840, #3518, #469, #2883 ),
 .UNSPECIFIED., .F., .F.,
 ( 4, 1, 1, 1, 1, 1, 1, 1, 1, 1, 1, 1, 4 ),
 ( 0.000000000000000000, 0.05027347261518802513, 0.1027915920399817135, 0.1576149749310264137, 0.2146336648361205912, 0.2740644707480650033, 0.3359484752142247732, 0.4003220641367525312, 0.4670793284020365865, 0.6020733564500508894, 0.7357483921365003399, 0.8682030502592543719, 1.000000000000000000 ),
 .UNSPECIFIED. ) ;
#1388 = CARTESIAN_POINT ( 'NONE',  ( -2.540000000000000036, -9.146253195185495954, -0.7037305626325516261 ) ) ;
#1389 = ORIENTED_EDGE ( 'NONE', *, *, #1542, .T. ) ;
#1390 = EDGE_CURVE ( 'NONE', #750, #3978, #3412, .T. ) ;
#1391 = CARTESIAN_POINT ( 'NONE',  ( -2.540000000000000036, -8.342923076923074888, -0.7815384615384602940 ) ) ;
#1392 = ORIENTED_EDGE ( 'NONE', *, *, #2926, .F. ) ;
#1393 = DIRECTION ( 'NONE',  ( -0.000000000000000000, 0.9999992460301319053, -0.001227981745710551419 ) ) ;
#1394 = ORIENTED_EDGE ( 'NONE', *, *, #3712, .F. ) ;
#1395 = CARTESIAN_POINT ( 'NONE',  ( -2.540000000000000036, -9.254576623797857948, -1.479225336532251411 ) ) ;
#1396 = ORIENTED_EDGE ( 'NONE', *, *, #3022, .T. ) ;
#1397 = CARTESIAN_POINT ( 'NONE',  ( -2.540000000000000036, -8.692779421019073638, 2.782592420633733798 ) ) ;
#1398 = CC_DESIGN_PERSON_AND_ORGANIZATION_ASSIGNMENT ( #3613, #3466, ( #2485 ) ) ;
#1399 = VECTOR ( 'NONE', #508, 1000.000000000000000 ) ;
#1400 = CARTESIAN_POINT ( 'NONE',  ( -2.540000000000000036, 7.020956272446067459, 5.177323713460721955 ) ) ;
#1401 = DIRECTION ( 'NONE',  ( -1.000000000000000000, -0.000000000000000000, -0.000000000000000000 ) ) ;
#1402 = ORIENTED_EDGE ( 'NONE', *, *, #2626, .T. ) ;
#1403 = EDGE_CURVE ( 'NONE', #1427, #112, #623, .T. ) ;
#1404 = CARTESIAN_POINT ( 'NONE',  ( -2.540000000000000036, 6.773927481077797630, 0.3261535820622386561 ) ) ;
#1405 = CARTESIAN_POINT ( 'NONE',  ( -2.540000000000000036, -6.987667252602203227, -1.674062307959926610 ) ) ;
#1406 = DIRECTION ( 'NONE',  ( 0.000000000000000000, 0.000000000000000000, -1.000000000000000000 ) ) ;
#1407 = EDGE_LOOP ( 'NONE', ( #1414, #2569, #742, #3723 ) ) ;
#1408 = VECTOR ( 'NONE', #3716, 1000.000000000000000 ) ;
#1409 = ORIENTED_EDGE ( 'NONE', *, *, #1232, .T. ) ;
#1410 = VERTEX_POINT ( 'NONE', #3128 ) ;
#1411 = CARTESIAN_POINT ( 'NONE',  ( -2.540000000000000036, 7.746060074073568558, -4.974929284704340482 ) ) ;
#1412 = EDGE_CURVE ( 'NONE', #2086, #387, #1825, .T. ) ;
#1413 = DIRECTION ( 'NONE',  ( 0.000000000000000000, 0.000000000000000000, 1.000000000000000000 ) ) ;
#1414 = ORIENTED_EDGE ( 'NONE', *, *, #237, .F. ) ;
#1415 = DIRECTION ( 'NONE',  ( 0.000000000000000000, 0.000000000000000000, -1.000000000000000000 ) ) ;
#1416 = CARTESIAN_POINT ( 'NONE',  ( -2.540000000000000036, 7.642760240453823961, 4.956605949760546359 ) ) ;
#1417 = ITEM_DEFINED_TRANSFORMATION ( 'NONE', 'NONE', #2701,  #2068 ) ;
#1418 = CARTESIAN_POINT ( 'NONE',  ( -2.540000000000000036, -9.035979984379242325, -0.9093138673603986533 ) ) ;
#1419 = CARTESIAN_POINT ( 'NONE',  ( -2.540000000000000036, -8.520409522863333862, 1.898863155352484844 ) ) ;
#1420 = CALENDAR_DATE ( 2021, 12, 4 ) ;
#1421 = EDGE_CURVE ( 'NONE', #2100, #1488, #3747, .T. ) ;
#1422 = LINE ( 'NONE', #3862, #1159 ) ;
#1423 = APPLICATION_PROTOCOL_DEFINITION ( 'international standard', 'config_control_design', 1994, #3145 ) ;
#1424 = CARTESIAN_POINT ( 'NONE',  ( -2.540000000000000036, -7.639538461538459835, 0.5711947115384623519 ) ) ;
#1425 = LINE ( 'NONE', #1024, #724 ) ;
#1426 = CARTESIAN_POINT ( 'NONE',  ( -2.540000000000000036, -8.941593749999997343, 1.975826923076923869 ) ) ;
#1427 = VERTEX_POINT ( 'NONE', #2158 ) ;
#1428 = VERTEX_POINT ( 'NONE', #3157 ) ;
#1429 = CARTESIAN_POINT ( 'NONE',  ( -2.540000000000000036, 8.149131264999402546, -1.190740115092090212 ) ) ;
#1430 = LINE ( 'NONE', #1667, #1318 ) ;
#1431 = CARTESIAN_POINT ( 'NONE',  ( -2.540000000000000036, -9.408709761342253231, -1.410466918621279930 ) ) ;
#1432 = CARTESIAN_POINT ( 'NONE',  ( -2.540000000000000036, -8.891221153846149861, 2.815980769230769898 ) ) ;
#1433 = DIRECTION ( 'NONE',  ( 0.000000000000000000, 0.000000000000000000, -1.000000000000000000 ) ) ;
#1434 =( NAMED_UNIT ( * ) SI_UNIT ( $, .STERADIAN. ) SOLID_ANGLE_UNIT ( ) );
#1435 = FACE_OUTER_BOUND ( 'NONE', #157, .T. ) ;
#1436 = CARTESIAN_POINT ( 'NONE',  ( -2.540000000000000036, -7.425282415542379333, 0.4227322735865968739 ) ) ;
#1437 = EDGE_CURVE ( 'NONE', #590, #3541, #4395, .T. ) ;
#1438 = CARTESIAN_POINT ( 'NONE',  ( -2.540000000000000036, -9.179649426150586322, -0.7044139071611398295 ) ) ;
#1439 = EDGE_LOOP ( 'NONE', ( #3100, #3176, #2066, #3126, #1596 ) ) ;
#1440 = APPROVAL_STATUS ( 'not_yet_approved' ) ;
#1441 = EDGE_CURVE ( 'NONE', #4283, #1589, #3476, .T. ) ;
#1442 = ADVANCED_FACE ( 'NONE', ( #3107, #2608 ), #829, .F. ) ;
#1443 = CARTESIAN_POINT ( 'NONE',  ( -2.540000000000000036, 6.370381084060438681, -2.616705164296816655 ) ) ;
#1444 = CARTESIAN_POINT ( 'NONE',  ( -2.540000000000000036, -8.811846153846150997, -1.204668269230767974 ) ) ;
#1445 = ORIENTED_EDGE ( 'NONE', *, *, #1164, .T. ) ;
#1446 = PLANE ( 'NONE',  #1570 ) ;
#1447 = DIRECTION ( 'NONE',  ( 0.000000000000000000, 0.9999992460301319053, -0.001227981745711199989 ) ) ;
#1448 = DIRECTION ( 'NONE',  ( 1.000000000000000000, 0.000000000000000000, 0.000000000000000000 ) ) ;
#1449 = EDGE_CURVE ( 'NONE', #322, #3802, #1577, .T. ) ;
#1450 = CARTESIAN_POINT ( 'NONE',  ( -2.540000000000000036, -8.878819519874943111, -0.9959414844615155360 ) ) ;
#1451 = CARTESIAN_POINT ( 'NONE',  ( 0.01250000000000001978, 0.05000000000000002359, -4.381250000000003197 ) ) ;
#1452 = CARTESIAN_POINT ( 'NONE',  ( -2.540000000000000036, -7.309218083814523759, 0.3257232275411527933 ) ) ;
#1453 = ORIENTED_EDGE ( 'NONE', *, *, #2800, .F. ) ;
#1454 = ORIENTED_EDGE ( 'NONE', *, *, #4397, .T. ) ;
#1455 = VERTEX_POINT ( 'NONE', #98 ) ;
#1456 = CARTESIAN_POINT ( 'NONE',  ( -2.540000000000000036, -8.695006619719753971, 1.811984626921521624 ) ) ;
#1457 = APPROVAL_STATUS ( 'not_yet_approved' ) ;
#1458 = AXIS2_PLACEMENT_3D ( 'NONE', #2621, #2584, #1576 ) ;
#1459 = VERTEX_POINT ( 'NONE', #3208 ) ;
#1460 = ORIENTED_EDGE ( 'NONE', *, *, #2870, .T. ) ;
#1461 = EDGE_CURVE ( 'NONE', #4151, #4119, #1681, .T. ) ;
#1462 = CARTESIAN_POINT ( 'NONE',  ( -2.540000000000000036, -9.621309594297470014, 0.7638338067824976818 ) ) ;
#1463 = VERTEX_POINT ( 'NONE', #4235 ) ;
#1464 = CARTESIAN_POINT ( 'NONE',  ( -2.540000000000000036, 7.428355447792413635, 4.475558030901703788 ) ) ;
#1465 = CARTESIAN_POINT ( 'NONE',  ( -2.540000000000000036, -9.427220403887893951, -1.393756702278120319 ) ) ;
#1466 = B_SPLINE_CURVE_WITH_KNOTS ( 'NONE', 3,
 ( #4218, #1092, #1443, #2537 ),
 .UNSPECIFIED., .F., .F.,
 ( 4, 4 ),
 ( 2.000000000000000000, 2.975681233052640096 ),
 .UNSPECIFIED. ) ;
#1467 = CARTESIAN_POINT ( 'NONE',  ( -2.540000000000000036, -8.524010864887301864, 2.554375083306778649 ) ) ;
#1468 = CARTESIAN_POINT ( 'NONE',  ( -2.540000000000000036, 7.788396691506410896, -2.372500747984878533 ) ) ;
#1469 = DIRECTION ( 'NONE',  ( 1.000000000000000000, 0.000000000000000000, 0.000000000000000000 ) ) ;
#1470 = CARTESIAN_POINT ( 'NONE',  ( -2.540000000000000036, -9.568017043877734551, -0.8963007365103390356 ) ) ;
#1471 = ADVANCED_FACE ( 'NONE', ( #2503 ), #3804, .T. ) ;
#1472 = VECTOR ( 'NONE', #169, 1000.000000000000114 ) ;
#1473 = EDGE_LOOP ( 'NONE', ( #1047, #1496, #2339, #878, #2798, #280, #2792, #3337, #3245, #593, #676, #3117, #2683, #4334, #2709, #2466, #2377, #1701, #841, #2758, #486, #3195, #3405, #3616, #1999, #2496, #4321, #3322, #2962, #4385, #967, #239 ) ) ;
#1474 = PERSON_AND_ORGANIZATION_ROLE ( 'design_supplier' ) ;
#1475 = EDGE_CURVE ( 'NONE', #2104, #4283, #2804, .T. ) ;
#1476 = APPROVAL_DATE_TIME ( #3171, #2871 ) ;
#1477 = LINE ( 'NONE', #4033, #1855 ) ;
#1478 = APPROVAL_PERSON_ORGANIZATION ( #2392, #3954, #1115 ) ;
#1479 = LINE ( 'NONE', #4143, #4308 ) ;
#1480 = CARTESIAN_POINT ( 'NONE',  ( -2.540000000000000036, 7.350856638085529582, 4.392761509929139940 ) ) ;
#1481 = CARTESIAN_POINT ( 'NONE',  ( -2.540000000000000036, -10.06230769230768907, 0.3321538461538471876 ) ) ;
#1482 = ORIENTED_EDGE ( 'NONE', *, *, #2354, .T. ) ;
#1483 = COORDINATED_UNIVERSAL_TIME_OFFSET ( 5, 0, .BEHIND. ) ;
#1484 = VECTOR ( 'NONE', #1723, 1000.000000000000000 ) ;
#1485 = EDGE_LOOP ( 'NONE', ( #4352, #2248, #302, #1619, #2281, #1389, #410, #4076 ) ) ;
#1486 = CARTESIAN_POINT ( 'NONE',  ( -2.540000000000000036, 7.788765145187238836, -2.072452799949347835 ) ) ;
#1487 = CARTESIAN_POINT ( 'NONE',  ( -2.540000000000000036, 6.375064551570600813, 2.013398853412020184 ) ) ;
#1488 = VERTEX_POINT ( 'NONE', #1486 ) ;
#1489 = EDGE_LOOP ( 'NONE', ( #1914, #4025, #3522, #4367 ) ) ;
#1490 = CARTESIAN_POINT ( 'NONE',  ( -0.5079999999999988969, 0.000000000000000000, 0.000000000000000000 ) ) ;
#1491 = EDGE_CURVE ( 'NONE', #2685, #2393, #3596, .T. ) ;
#1492 = ORIENTED_EDGE ( 'NONE', *, *, #4329, .T. ) ;
#1493 = VECTOR ( 'NONE', #449, 1000.000000000000000 ) ;
#1494 = ORIENTED_EDGE ( 'NONE', *, *, #1225, .F. ) ;
#1495 = DIRECTION ( 'NONE',  ( 0.000000000000000000, 0.000000000000000000, -1.000000000000000000 ) ) ;
#1496 = ORIENTED_EDGE ( 'NONE', *, *, #4086, .F. ) ;
#1497 = LINE ( 'NONE', #2321, #353 ) ;
#1498 = B_SPLINE_CURVE_WITH_KNOTS ( 'NONE', 3,
 ( #629, #1336, #2342, #3042 ),
 .UNSPECIFIED., .F., .F.,
 ( 4, 4 ),
 ( 25.00000000000000000, 26.00000000000000000 ),
 .UNSPECIFIED. ) ;
#1499 = CARTESIAN_POINT ( 'NONE',  ( -2.540000000000000036, -8.624891951846194615, -2.281656576183032303 ) ) ;
#1500 = CARTESIAN_POINT ( 'NONE',  ( -2.540000000000000036, 6.460281616494324197, 1.952179879569470256 ) ) ;
#1501 = DIRECTION ( 'NONE',  ( 0.000000000000000000, 0.000000000000000000, 1.000000000000000000 ) ) ;
#1502 = DIRECTION ( 'NONE',  ( 0.000000000000000000, 0.000000000000000000, -1.000000000000000000 ) ) ;
#1503 = EDGE_CURVE ( 'NONE', #4354, #1633, #2681, .T. ) ;
#1504 = CARTESIAN_POINT ( 'NONE',  ( -2.540000000000000036, 6.833717196937410421, 5.345804543025836075 ) ) ;
#1505 = CARTESIAN_POINT ( 'NONE',  ( -2.540000000000000036, -9.670554993730508642, -1.255288192636860423 ) ) ;
#1506 = ORIENTED_EDGE ( 'NONE', *, *, #1670, .F. ) ;
#1507 = CARTESIAN_POINT ( 'NONE',  ( -2.540000000000000036, 7.589456790629025562, -0.1199639009140300722 ) ) ;
#1508 = CARTESIAN_POINT ( 'NONE',  ( -2.540000000000000036, -8.900950273041283722, 1.542278575984777911 ) ) ;
#1509 = CARTESIAN_POINT ( 'NONE',  ( -2.540000000000000036, -6.310923076923074859, -0.2930769230769222911 ) ) ;
#1510 = EDGE_CURVE ( 'NONE', #2104, #270, #61, .T. ) ;
#1511 = ORIENTED_EDGE ( 'NONE', *, *, #3713, .F. ) ;
#1512 = CARTESIAN_POINT ( 'NONE',  ( -2.540000000000000036, 7.099814263991548913, -4.026720149348139266 ) ) ;
#1513 = CARTESIAN_POINT ( 'NONE',  ( -2.540000000000000036, -8.974471612615881000, -2.462248873793769111 ) ) ;
#1514 = PRODUCT_DEFINITION_SHAPE ( 'NONE', 'NONE',  #2485 ) ;
#1515 = ORIENTED_EDGE ( 'NONE', *, *, #1248, .F. ) ;
#1516 = VECTOR ( 'NONE', #1393, 1000.000000000000114 ) ;
#1517 = ADVANCED_FACE ( 'NONE', ( #1796 ), #885, .T. ) ;
#1518 = VERTEX_POINT ( 'NONE', #2228 ) ;
#1519 = CARTESIAN_POINT ( 'NONE',  ( -2.540000000000000036, 6.637268300953376610, 2.118807529729524575 ) ) ;
#1520 = LINE ( 'NONE', #1148, #1399 ) ;
#1521 = EDGE_CURVE ( 'NONE', #977, #3290, #775, .T. ) ;
#1522 = CARTESIAN_POINT ( 'NONE',  ( -2.540000000000000036, -9.495202363990769001, 0.5762325036349543739 ) ) ;
#1523 = ORIENTED_EDGE ( 'NONE', *, *, #2370, .T. ) ;
#1524 = CARTESIAN_POINT ( 'NONE',  ( -2.540000000000000036, 6.733306293361794204, -1.771079622105352414 ) ) ;
#1525 = CARTESIAN_POINT ( 'NONE',  ( -2.540000000000000036, 7.259475737413522367, -2.946798826133434801 ) ) ;
#1526 = DIRECTION ( 'NONE',  ( 1.000000000000000000, 0.000000000000000000, 0.000000000000000000 ) ) ;
#1527 = VECTOR ( 'NONE', #1568, 1000.000000000000000 ) ;
#1528 = ORIENTED_EDGE ( 'NONE', *, *, #866, .T. ) ;
#1529 = CARTESIAN_POINT ( 'NONE',  ( 1.881250000000001865, 0.05000000000000002359, -0.01250000000000001978 ) ) ;
#1530 = CARTESIAN_POINT ( 'NONE',  ( 0.000000000000000000, 0.05000000000000002359, 0.000000000000000000 ) ) ;
#1531 = CARTESIAN_POINT ( 'NONE',  ( -2.540000000000000036, 4.775199999999999889, 0.000000000000000000 ) ) ;
#1532 = PERSON_AND_ORGANIZATION ( #697, #238 ) ;
#1533 = CARTESIAN_POINT ( 'NONE',  ( -2.540000000000000036, -9.523912720889441630, -1.565717453511036528 ) ) ;
#1534 = EDGE_CURVE ( 'NONE', #4059, #2057, #2433, .T. ) ;
#1535 = DATE_TIME_ROLE ( 'classification_date' ) ;
#1536 = DATE_AND_TIME ( #787, #2298 ) ;
#1537 = CARTESIAN_POINT ( 'NONE',  ( -0.1269999999999973372, 0.000000000000000000, 0.000000000000000000 ) ) ;
#1538 = ADVANCED_FACE ( 'NONE', ( #1084 ), #1869, .F. ) ;
#1539 = CARTESIAN_POINT ( 'NONE',  ( -2.540000000000000036, -6.110348557692305782, -1.617418269230769923 ) ) ;
#1540 = LINE ( 'NONE', #2769, #2350 ) ;
#1541 = ORIENTED_EDGE ( 'NONE', *, *, #3661, .F. ) ;
#1542 = EDGE_CURVE ( 'NONE', #926, #882, #3436, .T. ) ;
#1543 = FACE_BOUND ( 'NONE', #3434, .T. ) ;
#1544 = FACE_BOUND ( 'NONE', #1746, .T. ) ;
#1545 = CARTESIAN_POINT ( 'NONE',  ( -2.540000000000000036, 8.155278076434104406, 3.814877290590777292 ) ) ;
#1546 = CARTESIAN_POINT ( 'NONE',  ( -2.540000000000000036, -8.713417780253498890, -0.9004845798442642213 ) ) ;
#1547 = ORIENTED_EDGE ( 'NONE', *, *, #4081, .T. ) ;
#1548 = CARTESIAN_POINT ( 'NONE',  ( -0.5079999999999988969, 4.521200000000000330, 0.000000000000000000 ) ) ;
#1549 = CARTESIAN_POINT ( 'NONE',  ( -2.540000000000000036, 6.971532828533621995, 5.889007682524041165 ) ) ;
#1550 = SECURITY_CLASSIFICATION_LEVEL ( 'unclassified' ) ;
#1551 = VERTEX_POINT ( 'NONE', #1304 ) ;
#1552 = CARTESIAN_POINT ( 'NONE',  ( -2.540000000000000036, -9.401101044977915322, 0.3945468325418370337 ) ) ;
#1553 = CARTESIAN_POINT ( 'NONE',  ( -2.540000000000000036, 6.732937804447527874, -2.071156262270747117 ) ) ;
#1554 = DIRECTION ( 'NONE',  ( -0.7071067811865426878, 8.659560562354992023E-17, -0.7071067811865523467 ) ) ;
#1555 = CARTESIAN_POINT ( 'NONE',  ( -2.540000000000000036, -8.538307692307688157, 0.1367692307692318088 ) ) ;
#1556 = CARTESIAN_POINT ( 'NONE',  ( 4.592425496802573602E-18, 0.05000000000000002359, -0.03749999999999999861 ) ) ;
#1557 = CARTESIAN_POINT ( 'NONE',  ( -2.540000000000000036, 6.371132605557829010, -1.188556763548217043 ) ) ;
#1558 = CARTESIAN_POINT ( 'NONE',  ( -2.540000000000000036, -8.869784821886987913, -1.393231082831779988 ) ) ;
#1559 = CC_DESIGN_APPROVAL ( #2651, ( #89 ) ) ;
#1560 = CARTESIAN_POINT ( 'NONE',  ( -2.540000000000000036, -6.604403161038787218, 0.6427551484740952059 ) ) ;
#1561 = ORIENTED_EDGE ( 'NONE', *, *, #2506, .T. ) ;
#1562 = B_SPLINE_CURVE_WITH_KNOTS ( 'NONE', 3,
 ( #2282, #4326, #1381, #1331, #2018, #3045, #1007, #3059, #3751, #4069, #3359 ),
 .UNSPECIFIED., .F., .F.,
 ( 4, 1, 1, 1, 1, 1, 1, 1, 4 ),
 ( 0.000000000000000000, 0.1423153202033210496, 0.2758893603343611223, 0.4024548018034073138, 0.5233628519927446821, 0.6412279460412285692, 0.7590240660699277830, 0.8775424113033103435, 0.9999999999999998890 ),
 .UNSPECIFIED. ) ;
#1563 = CARTESIAN_POINT ( 'NONE',  ( -2.540000000000000036, -6.375328659080281568, -1.294273345435426048 ) ) ;
#1564 = VERTEX_POINT ( 'NONE', #2362 ) ;
#1565 = CARTESIAN_POINT ( 'NONE',  ( -2.540000000000000036, -9.367255067199044660, 0.8174297601901415744 ) ) ;
#1566 = CARTESIAN_POINT ( 'NONE',  ( 3.367778697655221258E-17, 0.000000000000000000, 0.000000000000000000 ) ) ;
#1567 = CARTESIAN_POINT ( 'NONE',  ( -2.540000000000000036, -6.780185855217084168, 0.5855510861495970554 ) ) ;
#1568 = DIRECTION ( 'NONE',  ( 0.000000000000000000, 0.000000000000000000, 1.000000000000000000 ) ) ;
#1569 = ORIENTED_EDGE ( 'NONE', *, *, #1437, .F. ) ;
#1570 = AXIS2_PLACEMENT_3D ( 'NONE', #2154, #1526, #3899 ) ;
#1571 = EDGE_LOOP ( 'NONE', ( #2548, #515 ) ) ;
#1572 = FACE_OUTER_BOUND ( 'NONE', #2088, .T. ) ;
#1573 = EDGE_CURVE ( 'NONE', #1145, #4028, #1907, .T. ) ;
#1574 = DIRECTION ( 'NONE',  ( 0.000000000000000000, -0.9812462574000521132, -0.1927583521884093098 ) ) ;
#1575 = CARTESIAN_POINT ( 'NONE',  ( -2.540000000000000036, -8.694830318223219834, 2.422143475346324681 ) ) ;
#1576 = DIRECTION ( 'NONE',  ( 0.000000000000000000, 0.000000000000000000, 1.000000000000000000 ) ) ;
#1577 = LINE ( 'NONE', #456, #2702 ) ;
#1578 = VERTEX_POINT ( 'NONE', #3271 ) ;
#1579 = VECTOR ( 'NONE', #1274, 1000.000000000000000 ) ;
#1580 = CONTEXT_DEPENDENT_SHAPE_REPRESENTATION ( #3230, #2017 ) ;
#1581 = DIRECTION ( 'NONE',  ( 0.000000000000000000, 0.000000000000000000, -1.000000000000000000 ) ) ;
#1582 = CARTESIAN_POINT ( 'NONE',  ( -2.540000000000000036, -7.065093488379129205, -0.7306268602563003034 ) ) ;
#1583 = FACE_BOUND ( 'NONE', #3946, .T. ) ;
#1584 = ORIENTED_EDGE ( 'NONE', *, *, #1367, .T. ) ;
#1585 = ORIENTED_EDGE ( 'NONE', *, *, #332, .T. ) ;
#1586 = LOCAL_TIME ( 15, 59, 21.00000000000000000, #1212 ) ;
#1587 = CC_DESIGN_DATE_AND_TIME_ASSIGNMENT ( #1536, #1104, ( #208 ) ) ;
#1588 = FACE_OUTER_BOUND ( 'NONE', #3796, .T. ) ;
#1589 = VERTEX_POINT ( 'NONE', #1556 ) ;
#1590 = CARTESIAN_POINT ( 'NONE',  ( 0.000000000000000000, 0.05000000000000002359, 0.000000000000000000 ) ) ;
#1591 = CARTESIAN_POINT ( 'NONE',  ( -2.540000000000000036, -8.669707665060231605, -0.9765291440453002236 ) ) ;
#1592 = CARTESIAN_POINT ( 'NONE',  ( -2.413000000000005141, 0.000000000000000000, 0.000000000000000000 ) ) ;
#1593 = ORIENTED_EDGE ( 'NONE', *, *, #2724, .T. ) ;
#1594 = LOCAL_TIME ( 15, 59, 21.00000000000000000, #3026 ) ;
#1595 = CARTESIAN_POINT ( 'NONE',  ( -2.540000000000000036, 8.102084121672756822, 4.890767214126680251 ) ) ;
#1596 = ORIENTED_EDGE ( 'NONE', *, *, #3308, .F. ) ;
#1597 = CIRCLE ( 'NONE', #946, 4.775199999999999889 ) ;
#1598 = ORIENTED_EDGE ( 'NONE', *, *, #3022, .F. ) ;
#1599 = AXIS2_PLACEMENT_3D ( 'NONE', #2165, #2483, #1111 ) ;
#1600 = PLANE ( 'NONE',  #670 ) ;
#1601 = CARTESIAN_POINT ( 'NONE',  ( -2.540000000000000036, 7.379591234614241380, -0.7247380444064981386 ) ) ;
#1602 = ORIENTED_EDGE ( 'NONE', *, *, #545, .T. ) ;
#1603 = FACE_OUTER_BOUND ( 'NONE', #80, .T. ) ;
#1604 = CARTESIAN_POINT ( 'NONE',  ( -2.540000000000000036, -8.929076923076920025, -1.660769230769229665 ) ) ;
#1605 = CARTESIAN_POINT ( 'NONE',  ( -2.540000000000000036, -8.948615384615381529, -1.465384615384613953 ) ) ;
#1606 = AXIS2_PLACEMENT_3D ( 'NONE', #1961, #232, #4333 ) ;
#1607 = DIRECTION ( 'NONE',  ( 0.000000000000000000, 0.000000000000000000, -1.000000000000000000 ) ) ;
#1608 = ORIENTED_EDGE ( 'NONE', *, *, #480, .T. ) ;
#1609 = EDGE_CURVE ( 'NONE', #3734, #2993, #506, .T. ) ;
#1610 = CC_DESIGN_PERSON_AND_ORGANIZATION_ASSIGNMENT ( #2982, #2161, ( #1377 ) ) ;
#1611 = CARTESIAN_POINT ( 'NONE',  ( -2.540000000000000036, 7.556224406844160413, 5.330255616223390724 ) ) ;
#1612 = CARTESIAN_POINT ( 'NONE',  ( 0.01249999999999965375, 0.05000000000000002359, -1.881250000000001865 ) ) ;
#1613 = ORIENTED_EDGE ( 'NONE', *, *, #2528, .F. ) ;
#1614 = VERTEX_POINT ( 'NONE', #558 ) ;
#1615 = ORIENTED_EDGE ( 'NONE', *, *, #4004, .T. ) ;
#1616 = EDGE_CURVE ( 'NONE', #4119, #776, #3381, .T. ) ;
#1617 = DIRECTION ( 'NONE',  ( -1.000000000000000000, -0.000000000000000000, -0.000000000000000000 ) ) ;
#1618 = VERTEX_POINT ( 'NONE', #3281 ) ;
#1619 = ORIENTED_EDGE ( 'NONE', *, *, #3803, .T. ) ;
#1620 = CARTESIAN_POINT ( 'NONE',  ( -2.540000000000000036, -7.079626941789621597, 1.074159803098266863 ) ) ;
#1621 = ORIENTED_EDGE ( 'NONE', *, *, #2787, .F. ) ;
#1622 = CARTESIAN_POINT ( 'NONE',  ( -2.540000000000000036, -8.870147756502559488, 2.617288551944930486 ) ) ;
#1623 = ORIENTED_EDGE ( 'NONE', *, *, #2212, .T. ) ;
#1624 = CIRCLE ( 'NONE', #2406, 12.57300000000000040 ) ;
#1625 = CYLINDRICAL_SURFACE ( 'NONE', #1067, 4.775199999999999889 ) ;
#1626 = CLOSED_SHELL ( 'NONE', ( #801, #2378, #3136, #3484, #1700, #746, #2564, #1538, #1195, #2103, #3758, #2176, #3829, #3210, #2830, #3536, #376, #2495, #3464, #1861, #777, #2059, #1442, #2249, #868, #3580, #677, #3779, #2880, #3082, #426, #63, #501, #4198, #2536, #699, #2814, #1071, #1517, #3711 ) ) ;
#1627 = EDGE_CURVE ( 'NONE', #141, #1998, #4096, .T. ) ;
#1628 = ORIENTED_EDGE ( 'NONE', *, *, #2557, .T. ) ;
#1629 = CARTESIAN_POINT ( 'NONE',  ( -2.540000000000000036, 6.757532526742338064, 5.036395624944596250 ) ) ;
#1630 = CARTESIAN_POINT ( 'NONE',  ( -2.540000000000000036, -6.318165657100303534, -1.581559161749631404 ) ) ;
#1631 = ORIENTED_EDGE ( 'NONE', *, *, #621, .F. ) ;
#1632 = CIRCLE ( 'NONE', #3091, 4.521200000000000330 ) ;
#1633 = VERTEX_POINT ( 'NONE', #3013 ) ;
#1634 = CARTESIAN_POINT ( 'NONE',  ( -2.540000000000000036, -9.627576923076921034, 0.7549783653846164899 ) ) ;
#1635 = CARTESIAN_POINT ( 'NONE',  ( -2.540000000000000036, 7.019631965068924728, -0.3716979057975773881 ) ) ;
#1636 = ORIENTED_EDGE ( 'NONE', *, *, #3864, .F. ) ;
#1637 = CARTESIAN_POINT ( 'NONE',  ( -2.540000000000000036, -9.651999999999997470, 1.975826923076923869 ) ) ;
#1638 = PERSON_AND_ORGANIZATION ( #697, #238 ) ;
#1639 = APPROVAL_PERSON_ORGANIZATION ( #1361, #3343, #101 ) ;
#1640 = CARTESIAN_POINT ( 'NONE',  ( 0.000000000000000000, 0.000000000000000000, 0.03750000000000003331 ) ) ;
#1641 = ORIENTED_EDGE ( 'NONE', *, *, #2557, .F. ) ;
#1642 = DIRECTION ( 'NONE',  ( 1.000000000000000000, 0.000000000000000000, 0.000000000000000000 ) ) ;
#1643 = ORIENTED_EDGE ( 'NONE', *, *, #4431, .T. ) ;
#1644 = DIRECTION ( 'NONE',  ( 0.000000000000000000, 0.000000000000000000, -1.000000000000000000 ) ) ;
#1645 = CARTESIAN_POINT ( 'NONE',  ( -2.540000000000000036, 6.732937804447527874, -2.071156262270747117 ) ) ;
#1646 = VECTOR ( 'NONE', #3904, 1000.000000000000000 ) ;
#1647 = DIRECTION ( 'NONE',  ( 0.000000000000000000, -0.001227981745711377148, -0.9999992460301319053 ) ) ;
#1648 = EDGE_LOOP ( 'NONE', ( #1731, #2221, #2075, #836, #2783 ) ) ;
#1649 = B_SPLINE_CURVE_WITH_KNOTS ( 'NONE', 3,
 ( #1371, #646, #2728, #4436 ),
 .UNSPECIFIED., .F., .F.,
 ( 4, 4 ),
 ( 2.000000000000000000, 3.000000000000000000 ),
 .UNSPECIFIED. ) ;
#1650 = VECTOR ( 'NONE', #3119, 1000.000000000000000 ) ;
#1651 = ORIENTED_EDGE ( 'NONE', *, *, #1542, .F. ) ;
#1652 = DESIGN_CONTEXT ( 'detailed design', #1779, 'design' ) ;
#1653 = EDGE_LOOP ( 'NONE', ( #4051, #2040 ) ) ;
#1654 = EDGE_CURVE ( 'NONE', #1308, #141, #374, .T. ) ;
#1655 = CARTESIAN_POINT ( 'NONE',  ( 0.000000000000000000, 0.000000000000000000, 0.000000000000000000 ) ) ;
#1656 = VECTOR ( 'NONE', #631, 1000.000000000000114 ) ;
#1657 = B_SPLINE_CURVE_WITH_KNOTS ( 'NONE', 3,
 ( #1143, #3789, #1773, #2199, #118, #1849, #143, #3540, #2539, #470, #2864, #1513, #3869, #827, #3205, #1499, #1865, #2210, #3519, #1166, #4223, #3887, #4233 ),
 .UNSPECIFIED., .F., .F.,
 ( 4, 1, 1, 1, 1, 1, 1, 1, 1, 1, 1, 1, 1, 1, 1, 1, 1, 1, 1, 1, 4 ),
 ( 0.000000000000000000, 0.03151564373867372232, 0.06481006533273545034, 0.09991211289599544187, 0.1366760950200028302, 0.1751440237152070700, 0.2157659058959833509, 0.2581579823942002916, 0.3022942968481798776, 0.3927424795002076863, 0.4833004723787812096, 0.5744138652515152765, 0.6662924698498349230, 0.7120095546388084395, 0.7563734879424628410, 0.7998146506884959983, 0.8419610443957339374, 0.8828426900620668372, 0.9229177121409644080, 0.9619664608219110624, 1.000000000000000000 ),
 .UNSPECIFIED. ) ;
#1658 = CARTESIAN_POINT ( 'NONE',  ( 5.832380380939269122E-16, 0.000000000000000000, 4.762500000000000178 ) ) ;
#1659 = CARTESIAN_POINT ( 'NONE',  ( -2.540000000000000036, -8.713683389806343271, -1.390386356985442440 ) ) ;
#1660 = EDGE_CURVE ( 'NONE', #3729, #428, #2912, .T. ) ;
#1661 = DIRECTION ( 'NONE',  ( -1.000000000000000000, -0.000000000000000000, -0.000000000000000000 ) ) ;
#1662 = ORIENTED_EDGE ( 'NONE', *, *, #339, .T. ) ;
#1663 = DIRECTION ( 'NONE',  ( -1.000000000000000000, -0.000000000000000000, -0.000000000000000000 ) ) ;
#1664 = ORIENTED_EDGE ( 'NONE', *, *, #2, .T. ) ;
#1665 = EDGE_CURVE ( 'NONE', #270, #1589, #1202, .T. ) ;
#1666 = EDGE_LOOP ( 'NONE', ( #1602, #1482, #2080 ) ) ;
#1667 = CARTESIAN_POINT ( 'NONE',  ( -2.540000000000000036, 6.367648494164081185, -4.025821062470072320 ) ) ;
#1668 = CARTESIAN_POINT ( 'NONE',  ( -2.540000000000000036, 7.834874360955342176, 4.505604426270652496 ) ) ;
#1669 = EDGE_CURVE ( 'NONE', #2993, #2865, #960, .T. ) ;
#1670 = EDGE_CURVE ( 'NONE', #954, #380, #1649, .T. ) ;
#1671 = CARTESIAN_POINT ( 'NONE',  ( -2.540000000000000036, -7.639098265061181614, 0.5910778201873677640 ) ) ;
#1672 = CARTESIAN_POINT ( 'NONE',  ( -2.540000000000000036, 6.732569350766699046, -2.371204210306278259 ) ) ;
#1673 = ORIENTED_EDGE ( 'NONE', *, *, #640, .T. ) ;
#1674 = CARTESIAN_POINT ( 'NONE',  ( -2.540000000000000036, -6.604774645979994752, 0.5919984252371076616 ) ) ;
#1675 = VECTOR ( 'NONE', #1265, 999.9999999999998863 ) ;
#1676 = CARTESIAN_POINT ( 'NONE',  ( -2.540000000000000036, -9.631061387106088389, 0.4314054025067858844 ) ) ;
#1677 = DIRECTION ( 'NONE',  ( 0.000000000000000000, 0.9372500895625341943, -0.3486578116363116542 ) ) ;
#1678 = B_SPLINE_CURVE_WITH_KNOTS ( 'NONE', 3,
 ( #1424, #3095, #1764, #2474, #2420, #2106, #700, #36, #2449, #3799, #378, #737, #3113, #350, #1780, #3079, #1037, #709, #1709 ),
 .UNSPECIFIED., .F., .F.,
 ( 4, 1, 1, 1, 1, 1, 1, 1, 1, 1, 1, 1, 1, 1, 1, 1, 4 ),
 ( 0.000000000000000000, 0.06929802345975313860, 0.1355608441012822185, 0.1996709556470568081, 0.2617162384956088217, 0.3226619299471025770, 0.3829069237782244395, 0.4430320330728906852, 0.5035007873501624598, 0.5637242810171080309, 0.6239800220534734709, 0.6836293869955230029, 0.7438482724857303774, 0.8051918462295094558, 0.8676487429597671275, 0.9327780842312611842, 0.9999999999999998890 ),
 .UNSPECIFIED. ) ;
#1679 = FACE_OUTER_BOUND ( 'NONE', #1648, .T. ) ;
#1680 = EDGE_CURVE ( 'NONE', #1240, #770, #3687, .T. ) ;
#1681 = LINE ( 'NONE', #439, #1295 ) ;
#1682 = DIRECTION ( 'NONE',  ( -0.000000000000000000, 0.9999992460301319053, -0.001227981745710487885 ) ) ;
#1683 = CARTESIAN_POINT ( 'NONE',  ( -2.540000000000000036, -8.929076923076920025, -1.660769230769229665 ) ) ;
#1684 = CALENDAR_DATE ( 2021, 12, 4 ) ;
#1685 = LINE ( 'NONE', #1555, #1527 ) ;
#1686 = CARTESIAN_POINT ( 'NONE',  ( -2.540000000000000036, -7.458220384748569742, 0.6397969359815329771 ) ) ;
#1687 = FACE_OUTER_BOUND ( 'NONE', #2050, .T. ) ;
#1688 = CARTESIAN_POINT ( 'NONE',  ( 0.000000000000000000, 0.000000000000000000, 0.000000000000000000 ) ) ;
#1689 = DIRECTION ( 'NONE',  ( 0.000000000000000000, 0.000000000000000000, 1.000000000000000000 ) ) ;
#1690 = CARTESIAN_POINT ( 'NONE',  ( -2.540000000000000036, 7.498210745989711157, 5.440830571393989068 ) ) ;
#1691 = CALENDAR_DATE ( 2021, 12, 4 ) ;
#1692 = VECTOR ( 'NONE', #832, 1000.000000000000000 ) ;
#1693 = CARTESIAN_POINT ( 'NONE',  ( -2.540000000000000036, 7.077553468916143231, 4.980253752384589561 ) ) ;
#1694 = VECTOR ( 'NONE', #2476, 1000.000000000000000 ) ;
#1695 = CARTESIAN_POINT ( 'NONE',  ( -2.540000000000000036, 6.367648494164081185, -4.025821062470072320 ) ) ;
#1696 = FACE_OUTER_BOUND ( 'NONE', #2222, .T. ) ;
#1697 = ORIENTED_EDGE ( 'NONE', *, *, #3989, .F. ) ;
#1698 = CARTESIAN_POINT ( 'NONE',  ( -2.540000000000000036, -6.310923076923074859, 0.9964615384615393978 ) ) ;
#1699 = APPROVAL_PERSON_ORGANIZATION ( #3183, #389, #2523 ) ;
#1700 = ADVANCED_FACE ( 'NONE', ( #2118 ), #4085, .F. ) ;
#1701 = ORIENTED_EDGE ( 'NONE', *, *, #3668, .F. ) ;
#1702 = VERTEX_POINT ( 'NONE', #4092 ) ;
#1703 = CARTESIAN_POINT ( 'NONE',  ( -2.540000000000000036, 8.000741740803881896, 4.445503057342077291 ) ) ;
#1704 = CARTESIAN_POINT ( 'NONE',  ( -2.540000000000000036, -7.469294348745564527, 0.9460236961368811981 ) ) ;
#1705 = VERTEX_POINT ( 'NONE', #3419 ) ;
#1706 = CARTESIAN_POINT ( 'NONE',  ( -2.540000000000000036, -8.636774645979995668, -1.186001574762892252 ) ) ;
#1707 = CARTESIAN_POINT ( 'NONE',  ( -2.540000000000000036, 8.149131264999402546, -1.190740115092090212 ) ) ;
#1708 = ORIENTED_EDGE ( 'NONE', *, *, #3537, .T. ) ;
#1709 = CARTESIAN_POINT ( 'NONE',  ( -2.540000000000000036, -7.209692307692305846, 0.09769230769230856370 ) ) ;
#1710 = CARTESIAN_POINT ( 'NONE',  ( -2.540000000000000036, -8.538307692307688157, 1.331057692307693108 ) ) ;
#1711 = B_SPLINE_CURVE_WITH_KNOTS ( 'NONE', 3,
 ( #2070, #1704, #3363, #1337, #680, #340, #3696, #1324, #3074, #1671, #2749 ),
 .UNSPECIFIED., .F., .F.,
 ( 4, 1, 1, 1, 1, 1, 1, 1, 4 ),
 ( 0.000000000000000000, 0.1278926194654217419, 0.2515785135038580145, 0.3727928197023038237, 0.4927776986078538646, 0.6135900692425718672, 0.7378086492801462226, 0.8661799015391680179, 1.000000000000000000 ),
 .UNSPECIFIED. ) ;
#1712 = FACE_OUTER_BOUND ( 'NONE', #397, .T. ) ;
#1713 = DIRECTION ( 'NONE',  ( 0.000000000000000000, 0.000000000000000000, 1.000000000000000000 ) ) ;
#1714 = CARTESIAN_POINT ( 'NONE',  ( -2.540000000000000036, -6.994351126806492402, -1.790200523170837332 ) ) ;
#1715 = EDGE_CURVE ( 'NONE', #1372, #1282, #2079, .T. ) ;
#1716 = ORIENTED_EDGE ( 'NONE', *, *, #1164, .F. ) ;
#1717 = ORIENTED_EDGE ( 'NONE', *, *, #1052, .T. ) ;
#1718 = ORIENTED_EDGE ( 'NONE', *, *, #3185, .F. ) ;
#1719 = CARTESIAN_POINT ( 'NONE',  ( -2.540000000000000036, -7.147510019915453761, 0.8786470300363773411 ) ) ;
#1720 = B_SPLINE_CURVE_WITH_KNOTS ( 'NONE', 3,
 ( #4124, #2443, #1690, #1352 ),
 .UNSPECIFIED., .F., .F.,
 ( 4, 4 ),
 ( 0.000000000000000000, 1.000000000000000000 ),
 .UNSPECIFIED. ) ;
#1721 = CARTESIAN_POINT ( 'NONE',  ( -2.540000000000000036, 7.432617183148345852, 5.422624048186837520 ) ) ;
#1722 = ORIENTED_EDGE ( 'NONE', *, *, #4251, .T. ) ;
#1723 = DIRECTION ( 'NONE',  ( 0.000000000000000000, 0.000000000000000000, -1.000000000000000000 ) ) ;
#1724 = DIRECTION ( 'NONE',  ( 0.000000000000000000, -1.000000000000000000, 0.000000000000000000 ) ) ;
#1725 = VERTEX_POINT ( 'NONE', #4411 ) ;
#1726 = VERTEX_POINT ( 'NONE', #10 ) ;
#1727 = ORIENTED_EDGE ( 'NONE', *, *, #4377, .F. ) ;
#1728 = EDGE_CURVE ( 'NONE', #3603, #200, #3430, .T. ) ;
#1729 = CARTESIAN_POINT ( 'NONE',  ( 0.000000000000000000, 0.05000000000000002359, 0.000000000000000000 ) ) ;
#1730 = ORIENTED_EDGE ( 'NONE', *, *, #2273, .T. ) ;
#1731 = ORIENTED_EDGE ( 'NONE', *, *, #4186, .T. ) ;
#1732 = CARTESIAN_POINT ( 'NONE',  ( -2.540000000000000036, -7.121983698052452461, 0.8790334302502980091 ) ) ;
#1733 = EDGE_CURVE ( 'NONE', #4008, #1097, #2856, .T. ) ;
#1734 = CARTESIAN_POINT ( 'NONE',  ( -2.540000000000000036, -7.072331609531303798, 0.8785697278390872667 ) ) ;
#1735 = ORIENTED_EDGE ( 'NONE', *, *, #3893, .T. ) ;
#1736 = CARTESIAN_POINT ( 'NONE',  ( -2.540000000000000036, -6.617799042037511015, 0.5222269776784552731 ) ) ;
#1737 = LINE ( 'NONE', #1312, #1078 ) ;
#1738 = CARTESIAN_POINT ( 'NONE',  ( -2.540000000000000036, 7.593232145518045151, 5.326049806257939778 ) ) ;
#1739 = CARTESIAN_POINT ( 'NONE',  ( -2.540000000000000036, 7.102749822960102044, 4.890559770672168405 ) ) ;
#1740 = B_SPLINE_CURVE_WITH_KNOTS ( 'NONE', 3,
 ( #3918, #1836, #3225, #2527 ),
 .UNSPECIFIED., .F., .F.,
 ( 4, 4 ),
 ( 1.000000000000000000, 2.000000000000000000 ),
 .UNSPECIFIED. ) ;
#1741 = CARTESIAN_POINT ( 'NONE',  ( -2.413000000000005141, 0.000000000000000000, 0.000000000000000000 ) ) ;
#1742 = CARTESIAN_POINT ( 'NONE',  ( -2.540000000000000036, 7.204449111858056476, 0.06553035955093704235 ) ) ;
#1743 = AXIS2_PLACEMENT_3D ( 'NONE', #2736, #3060, #2421 ) ;
#1744 = EDGE_CURVE ( 'NONE', #2319, #3818, #2180, .T. ) ;
#1745 = PERSON_AND_ORGANIZATION ( #3158, #4135 ) ;
#1746 = EDGE_LOOP ( 'NONE', ( #206, #3397 ) ) ;
#1747 = CARTESIAN_POINT ( 'NONE',  ( 0.000000000000000000, 0.000000000000000000, 0.000000000000000000 ) ) ;
#1748 = ORIENTED_EDGE ( 'NONE', *, *, #888, .T. ) ;
#1749 =( GEOMETRIC_REPRESENTATION_CONTEXT ( 3 ) GLOBAL_UNCERTAINTY_ASSIGNED_CONTEXT ( ( #1254 ) ) GLOBAL_UNIT_ASSIGNED_CONTEXT ( ( #3086, #4125, #3447 ) ) REPRESENTATION_CONTEXT ( 'NONE', 'WORKASPACE' ) );
#1750 = CARTESIAN_POINT ( 'NONE',  ( -2.540000000000000036, 6.899679955067874459, 3.574882156375193798 ) ) ;
#1751 = VERTEX_POINT ( 'NONE', #326 ) ;
#1752 = CARTESIAN_POINT ( 'NONE',  ( -2.540000000000000036, -9.285573918112016045, -1.472054284117178424 ) ) ;
#1753 = VECTOR ( 'NONE', #2127, 1000.000000000000000 ) ;
#1754 = CARTESIAN_POINT ( 'NONE',  ( -2.540000000000000036, -8.609712871518162558, 2.728980280685247894 ) ) ;
#1755 = ORIENTED_EDGE ( 'NONE', *, *, #1248, .T. ) ;
#1756 = EDGE_LOOP ( 'NONE', ( #2965, #1569 ) ) ;
#1757 = CARTESIAN_POINT ( 'NONE',  ( -2.540000000000000036, 7.077553468916143231, 4.980253752384589561 ) ) ;
#1758 = CARTESIAN_POINT ( 'NONE',  ( -2.540000000000000036, -6.780290613176473080, 0.5581375553274536827 ) ) ;
#1759 = DIRECTION ( 'NONE',  ( 0.000000000000000000, 0.9527893329422557622, -0.3036321574396414480 ) ) ;
#1760 = CC_DESIGN_APPROVAL ( #2521, ( #359 ) ) ;
#1761 = ORIENTED_EDGE ( 'NONE', *, *, #2294, .T. ) ;
#1762 = VECTOR ( 'NONE', #4158, 1000.000000000000000 ) ;
#1763 = APPROVAL_STATUS ( 'not_yet_approved' ) ;
#1764 = CARTESIAN_POINT ( 'NONE',  ( -2.540000000000000036, -7.638554993730507725, 0.5227118073631389361 ) ) ;
#1765 = EDGE_CURVE ( 'NONE', #368, #3679, #4437, .T. ) ;
#1766 = LINE ( 'NONE', #2266, #467 ) ;
#1767 = EDGE_CURVE ( 'NONE', #736, #2422, #3974, .T. ) ;
#1768 = VERTEX_POINT ( 'NONE', #722 ) ;
#1769 = CARTESIAN_POINT ( 'NONE',  ( -2.540000000000000036, -9.016694711538461249, 2.171211538461538915 ) ) ;
#1770 = ORIENTED_EDGE ( 'NONE', *, *, #3335, .T. ) ;
#1771 = DIRECTION ( 'NONE',  ( 0.000000000000000000, 1.000000000000000000, 0.000000000000000000 ) ) ;
#1772 = CARTESIAN_POINT ( 'NONE',  ( -2.540000000000000036, -8.541051738641442626, 2.621973270703199965 ) ) ;
#1773 = CARTESIAN_POINT ( 'NONE',  ( -2.540000000000000036, -9.605631807507451825, -2.616721470832603202 ) ) ;
#1774 = VECTOR ( 'NONE', #4090, 1000.000000000000000 ) ;
#1775 = CARTESIAN_POINT ( 'NONE',  ( 0.000000000000000000, 0.000000000000000000, 0.000000000000000000 ) ) ;
#1776 = DIRECTION ( 'NONE',  ( -0.000000000000000000, 0.9520330033815656012, -0.3059953602136411543 ) ) ;
#1777 = PRODUCT ( 'DWG2163_75æm', 'DWG2163_75æm', '', ( #2489 ) ) ;
#1778 = DIRECTION ( 'NONE',  ( 0.000000000000000000, 0.000000000000000000, 1.000000000000000000 ) ) ;
#1779 = APPLICATION_CONTEXT ( 'configuration controlled 3d designs of mechanical parts and assemblies' ) ;
#1780 = CARTESIAN_POINT ( 'NONE',  ( -2.540000000000000036, -7.344625761203830372, 0.1255915069908355997 ) ) ;
#1781 = DIRECTION ( 'NONE',  ( 0.000000000000000000, 1.000000000000000000, 0.000000000000000000 ) ) ;
#1782 = ORIENTED_EDGE ( 'NONE', *, *, #1991, .F. ) ;
#1783 = ORIENTED_EDGE ( 'NONE', *, *, #3898, .F. ) ;
#1784 = ORIENTED_EDGE ( 'NONE', *, *, #2131, .F. ) ;
#1785 = CARTESIAN_POINT ( 'NONE',  ( -2.540000000000000036, 7.102749822960102044, 4.890559770672168405 ) ) ;
#1786 = CARTESIAN_POINT ( 'NONE',  ( -2.413000000000005141, 1.555301434917138433E-15, -12.69999999999999929 ) ) ;
#1787 = DIRECTION ( 'NONE',  ( 0.000000000000000000, -1.000000000000000000, 0.000000000000000000 ) ) ;
#1788 = VECTOR ( 'NONE', #1759, 1000.000000000000114 ) ;
#1789 = CARTESIAN_POINT ( 'NONE',  ( -2.540000000000000036, -8.679488436261456386, 2.124316209128772392 ) ) ;
#1790 = VERTEX_POINT ( 'NONE', #1110 ) ;
#1791 = DIRECTION ( 'NONE',  ( 0.000000000000000000, -1.000000000000000000, 0.000000000000000000 ) ) ;
#1792 = APPLICATION_PROTOCOL_DEFINITION ( 'international standard', 'config_control_design', 1994, #4157 ) ;
#1793 = EDGE_CURVE ( 'NONE', #2197, #3418, #3386, .T. ) ;
#1794 = CARTESIAN_POINT ( 'NONE',  ( -2.540000000000000036, -9.634391071238948001, 0.7428504487769811426 ) ) ;
#1795 = CARTESIAN_POINT ( 'NONE',  ( -2.540000000000000036, -6.602243314534406160, -1.489398365198135066 ) ) ;
#1796 = FACE_OUTER_BOUND ( 'NONE', #3431, .T. ) ;
#1797 = ORIENTED_EDGE ( 'NONE', *, *, #3720, .T. ) ;
#1798 = EDGE_CURVE ( 'NONE', #1097, #3835, #1251, .T. ) ;
#1799 = CARTESIAN_POINT ( 'NONE',  ( -2.540000000000000036, 8.173861088903802141, 5.185680426529160059 ) ) ;
#1800 = CARTESIAN_POINT ( 'NONE',  ( 3.367778697655221258E-17, 0.000000000000000000, 0.000000000000000000 ) ) ;
#1801 = PERSON_AND_ORGANIZATION ( #697, #238 ) ;
#1802 = LINE ( 'NONE', #575, #3919 ) ;
#1803 = CARTESIAN_POINT ( 'NONE',  ( -0.6349999999999988987, 0.000000000000000000, 0.000000000000000000 ) ) ;
#1804 = CARTESIAN_POINT ( 'NONE',  ( -2.540000000000000036, -8.861138968210017453, -1.019193620240052001 ) ) ;
#1805 = CARTESIAN_POINT ( 'NONE',  ( 0.000000000000000000, 0.05000000000000002359, 0.000000000000000000 ) ) ;
#1806 = CARTESIAN_POINT ( 'NONE',  ( -2.540000000000000036, -7.411531553616449663, 0.4025840369905408500 ) ) ;
#1807 = CARTESIAN_POINT ( 'NONE',  ( -2.540000000000000036, 6.921725764032453654, 5.470507423139055803 ) ) ;
#1808 = PERSON_AND_ORGANIZATION ( #697, #238 ) ;
#1809 = AXIS2_PLACEMENT_3D ( 'NONE', #40, #781, #1433 ) ;
#1810 = EDGE_CURVE ( 'NONE', #4224, #72, #3172, .T. ) ;
#1811 = PERSON_AND_ORGANIZATION_ROLE ( 'creator' ) ;
#1812 = ORIENTED_EDGE ( 'NONE', *, *, #1826, .T. ) ;
#1813 = CARTESIAN_POINT ( 'NONE',  ( -2.540000000000000036, -9.252058230341605238, -0.9098477357735766935 ) ) ;
#1814 = DATE_AND_TIME ( #2138, #1594 ) ;
#1815 = CARTESIAN_POINT ( 'NONE',  ( -2.540000000000000036, -9.580942156007271393, 0.8086763725165165839 ) ) ;
#1816 = ORIENTED_EDGE ( 'NONE', *, *, #3795, .T. ) ;
#1817 = ORIENTED_EDGE ( 'NONE', *, *, #539, .F. ) ;
#1818 = ORIENTED_EDGE ( 'NONE', *, *, #3664, .F. ) ;
#1819 = EDGE_CURVE ( 'NONE', #3841, #3755, #346, .T. ) ;
#1820 = CARTESIAN_POINT ( 'NONE',  ( -2.540000000000000036, -6.310923076923074859, 0.4332043269230777538 ) ) ;
#1821 = CARTESIAN_POINT ( 'NONE',  ( -2.540000000000000036, -9.222153846153842593, -1.484923076923075680 ) ) ;
#1822 = CARTESIAN_POINT ( 'NONE',  ( -2.540000000000000036, -6.115538461538460702, -1.074615384615383640 ) ) ;
#1823 = CARTESIAN_POINT ( 'NONE',  ( -2.540000000000000036, 7.499281451077249194, 5.436554122790566268 ) ) ;
#1824 = CARTESIAN_POINT ( 'NONE',  ( -2.540000000000000036, 6.981377484850979087, 4.980400546999571354 ) ) ;
#1825 = LINE ( 'NONE', #4179, #4095 ) ;
#1826 = EDGE_CURVE ( 'NONE', #2422, #736, #330, .T. ) ;
#1827 = CC_DESIGN_PERSON_AND_ORGANIZATION_ASSIGNMENT ( #285, #3182, ( #745 ) ) ;
#1828 = CARTESIAN_POINT ( 'NONE',  ( -2.540000000000000036, -7.108947115384614435, 0.8792307692307700373 ) ) ;
#1829 = VERTEX_POINT ( 'NONE', #3821 ) ;
#1830 = PERSON_AND_ORGANIZATION_ROLE ( 'design_owner' ) ;
#1831 = VECTOR ( 'NONE', #3759, 1000.000000000000000 ) ;
#1832 = CARTESIAN_POINT ( 'NONE',  ( -2.540000000000000036, -9.153983698052453377, -0.8989665697497017938 ) ) ;
#1833 = EDGE_CURVE ( 'NONE', #3731, #94, #694, .T. ) ;
#1834 = EDGE_CURVE ( 'NONE', #3418, #3848, #1387, .T. ) ;
#1835 = CARTESIAN_POINT ( 'NONE',  ( -2.540000000000000036, -9.641846449820434373, 0.4509836808357700066 ) ) ;
#1836 = CARTESIAN_POINT ( 'NONE',  ( -2.540000000000000036, 7.674638086378354984, 5.144213616577901327 ) ) ;
#1837 = CARTESIAN_POINT ( 'NONE',  ( -2.540000000000000036, -9.651999999999997470, 1.055076923076924134 ) ) ;
#1838 = CARTESIAN_POINT ( 'NONE',  ( -2.540000000000000036, -8.709702665064973814, 1.874012340097855445 ) ) ;
#1839 = APPROVAL_ROLE ( '' ) ;
#1840 = EDGE_LOOP ( 'NONE', ( #3772, #3275, #2428, #4433, #33, #645, #557, #479 ) ) ;
#1841 = ORIENTED_EDGE ( 'NONE', *, *, #1286, .F. ) ;
#1842 = ORIENTED_EDGE ( 'NONE', *, *, #1654, .F. ) ;
#1843 = LINE ( 'NONE', #3863, #3385 ) ;
#1844 = ORIENTED_EDGE ( 'NONE', *, *, #3712, .T. ) ;
#1845 = LINE ( 'NONE', #165, #890 ) ;
#1846 = CARTESIAN_POINT ( 'NONE',  ( -2.540000000000000036, -7.604829351899000223, -0.8396852045963679734 ) ) ;
#1847 = B_SPLINE_CURVE_WITH_KNOTS ( 'NONE', 3,
 ( #4379, #965, #3348, #1686, #3360, #1321, #3695, #4060, #2037, #2385, #955, #4074, #2046, #4422, #323, #3328, #1719, #1732, #365 ),
 .UNSPECIFIED., .F., .F.,
 ( 4, 1, 1, 1, 1, 1, 1, 1, 1, 1, 1, 1, 1, 1, 1, 1, 4 ),
 ( 0.000000000000000000, 0.06580103760947306202, 0.1286767959489729107, 0.1886758749524334589, 0.2475984367338944503, 0.3048494201188278185, 0.3617858992828997255, 0.4195227063685902924, 0.4786818154207407305, 0.5387695030440198263, 0.5987990560131549733, 0.6601842815006795373, 0.7229515306109665085, 0.7879926891048750770, 0.8554037684344736325, 0.9261530612840039867, 1.000000000000000000 ),
 .UNSPECIFIED. ) ;
#1848 = DIRECTION ( 'NONE',  ( 0.000000000000000000, -0.9363630516803340686, -0.3510330973681713984 ) ) ;
#1849 = CARTESIAN_POINT ( 'NONE',  ( -2.540000000000000036, -9.454840261980804073, -2.598766393126289209 ) ) ;
#1850 = DIRECTION ( 'NONE',  ( 1.000000000000000000, 0.000000000000000000, 0.000000000000000000 ) ) ;
#1851 = CARTESIAN_POINT ( 'NONE',  ( -2.540000000000000036, -8.773137107606341800, 1.942734086410583982 ) ) ;
#1852 = CARTESIAN_POINT ( 'NONE',  ( -2.540000000000000036, 7.218406402375413755, 4.126081750500257606 ) ) ;
#1853 = VECTOR ( 'NONE', #2390, 1000.000000000000000 ) ;
#1854 = PERSON_AND_ORGANIZATION_ROLE ( 'classification_officer' ) ;
#1855 = VECTOR ( 'NONE', #2007, 1000.000000000000000 ) ;
#1856 = CARTESIAN_POINT ( 'NONE',  ( -2.540000000000000036, -9.179510019915452901, -0.8993529699636224617 ) ) ;
#1857 = VERTEX_POINT ( 'NONE', #2591 ) ;
#1858 = ORIENTED_EDGE ( 'NONE', *, *, #3377, .F. ) ;
#1859 = CARTESIAN_POINT ( 'NONE',  ( -2.540000000000000036, -9.494242848475346719, 0.5508235184866836498 ) ) ;
#1860 = CALENDAR_DATE ( 2021, 12, 4 ) ;
#1861 = ADVANCED_FACE ( 'NONE', ( #3061 ), #1446, .F. ) ;
#1862 = CARTESIAN_POINT ( 'NONE',  ( 0.000000000000000000, 0.000000000000000000, 0.000000000000000000 ) ) ;
#1863 = EDGE_CURVE ( 'NONE', #3155, #1094, #1740, .T. ) ;
#1864 = CARTESIAN_POINT ( 'NONE',  ( -2.540000000000000036, -6.314626524722781298, -0.1327086123018390851 ) ) ;
#1865 = CARTESIAN_POINT ( 'NONE',  ( -2.540000000000000036, -8.572271969168948402, -2.247778006166165188 ) ) ;
#1866 = EDGE_LOOP ( 'NONE', ( #492, #4108, #2101, #1873 ) ) ;
#1867 = VERTEX_POINT ( 'NONE', #28 ) ;
#1868 = CARTESIAN_POINT ( 'NONE',  ( -2.540000000000000036, 6.659851554272828267, 4.504113767598405538 ) ) ;
#1869 = PLANE ( 'NONE',  #3357 ) ;
#1870 = CARTESIAN_POINT ( 'NONE',  ( -2.540000000000000036, 7.380242137153053328, -0.1946796373294401861 ) ) ;
#1871 = FACE_OUTER_BOUND ( 'NONE', #3428, .T. ) ;
#1872 = AXIS2_PLACEMENT_3D ( 'NONE', #2670, #2652, #283 ) ;
#1873 = ORIENTED_EDGE ( 'NONE', *, *, #363, .T. ) ;
#1874 = CARTESIAN_POINT ( 'NONE',  ( -2.540000000000000036, -9.642935137062867312, -1.389337044308324609 ) ) ;
#1875 = VECTOR ( 'NONE', #343, 1000.000000000000000 ) ;
#1876 = EDGE_CURVE ( 'NONE', #1287, #445, #2067, .T. ) ;
#1877 = VERTEX_POINT ( 'NONE', #2849 ) ;
#1878 = CARTESIAN_POINT ( 'NONE',  ( -2.540000000000000036, 7.780932078704517529, -0.3551879271714343256 ) ) ;
#1879 = CARTESIAN_POINT ( 'NONE',  ( -2.540000000000000036, -9.283048854467663702, 0.3468405171824568978 ) ) ;
#1880 = LINE ( 'NONE', #3516, #3709 ) ;
#1881 = CARTESIAN_POINT ( 'NONE',  ( -2.540000000000000036, -8.712016826923074220, 1.526442307692308376 ) ) ;
#1882 = DIRECTION ( 'NONE',  ( -1.000000000000000000, -0.000000000000000000, -0.000000000000000000 ) ) ;
#1883 = DIRECTION ( 'NONE',  ( 1.000000000000000000, 0.000000000000000000, 0.000000000000000000 ) ) ;
#1884 = CARTESIAN_POINT ( 'NONE',  ( -2.540000000000000036, -9.490736487233311536, -1.592573821209908536 ) ) ;
#1885 = APPROVAL_STATUS ( 'not_yet_approved' ) ;
#1886 = CARTESIAN_POINT ( 'NONE',  ( -2.540000000000000036, 7.779855682961129837, 5.287172278583898155 ) ) ;
#1887 = DIRECTION ( 'NONE',  ( 1.000000000000000000, 0.000000000000000000, 0.000000000000000000 ) ) ;
#1888 = CARTESIAN_POINT ( 'NONE',  ( -2.540000000000000036, -9.485554419512139290, 0.5140110761876003354 ) ) ;
#1889 = EDGE_CURVE ( 'NONE', #4105, #4372, #1899, .T. ) ;
#1890 = CARTESIAN_POINT ( 'NONE',  ( -2.540000000000000036, -9.450980261424712481, 0.7392306575262472812 ) ) ;
#1891 = VERTEX_POINT ( 'NONE', #1180 ) ;
#1892 = ORIENTED_EDGE ( 'NONE', *, *, #1767, .T. ) ;
#1893 = EDGE_CURVE ( 'NONE', #2773, #1428, #2291, .T. ) ;
#1894 = CARTESIAN_POINT ( 'NONE',  ( -2.540000000000000036, 6.936870063618124860, 5.972525936112138112 ) ) ;
#1895 = CARTESIAN_POINT ( 'NONE',  ( -2.540000000000000036, -8.635999999999999233, -1.150632211538460625 ) ) ;
#1896 = CARTESIAN_POINT ( 'NONE',  ( -2.540000000000000036, 8.066317201700465844, 3.113273625633832697 ) ) ;
#1897 = ORIENTED_EDGE ( 'NONE', *, *, #808, .F. ) ;
#1898 = ORIENTED_EDGE ( 'NONE', *, *, #2588, .T. ) ;
#1899 = B_SPLINE_CURVE_WITH_KNOTS ( 'NONE', 3,
 ( #4222, #2863, #524, #826 ),
 .UNSPECIFIED., .F., .F.,
 ( 4, 4 ),
 ( 8.000000000000000000, 9.000000000000000000 ),
 .UNSPECIFIED. ) ;
#1900 = ORIENTED_EDGE ( 'NONE', *, *, #34, .T. ) ;
#1901 = ORIENTED_EDGE ( 'NONE', *, *, #4329, .F. ) ;
#1902 = CARTESIAN_POINT ( 'NONE',  ( -4.381250000000004086, 0.05000000000000002359, 0.01250000000000001978 ) ) ;
#1903 = CARTESIAN_POINT ( 'NONE',  ( -2.540000000000000036, -6.102885967646291654, -1.663412200231197513 ) ) ;
#1904 = CARTESIAN_POINT ( 'NONE',  ( -2.540000000000000036, -7.619999999999997442, 1.348153846153845148 ) ) ;
#1905 = CARTESIAN_POINT ( 'NONE',  ( -2.540000000000000036, -6.779846153846151857, 0.5733317307692316067 ) ) ;
#1906 = CARTESIAN_POINT ( 'NONE',  ( -2.540000000000000036, -7.290058942389843644, 1.046411410595703417 ) ) ;
#1907 = LINE ( 'NONE', #2618, #2232 ) ;
#1908 = EDGE_CURVE ( 'NONE', #1459, #3344, #3647, .T. ) ;
#1909 = APPROVAL ( #377, 'UNSPECIFIED' ) ;
#1910 = CARTESIAN_POINT ( 'NONE',  ( -2.540000000000000036, 7.519470158435301421, 4.956757347844841455 ) ) ;
#1911 = CARTESIAN_POINT ( 'NONE',  ( -2.540000000000000036, -8.737011709025647832, -2.159006663988374708 ) ) ;
#1912 = DATE_AND_TIME ( #3806, #3693 ) ;
#1913 = CARTESIAN_POINT ( 'NONE',  ( -2.540000000000000036, -8.919156471220457405, -1.445129333078197575 ) ) ;
#1914 = ORIENTED_EDGE ( 'NONE', *, *, #2408, .F. ) ;
#1915 = DIRECTION ( 'NONE',  ( 0.000000000000000000, 0.000000000000000000, -1.000000000000000000 ) ) ;
#1916 = DIRECTION ( 'NONE',  ( -1.000000000000000000, -0.000000000000000000, -0.000000000000000000 ) ) ;
#1917 = CARTESIAN_POINT ( 'NONE',  ( -0.6349999999999988987, 0.000000000000000000, 4.521200000000000330 ) ) ;
#1918 = DATE_AND_TIME ( #2813, #1305 ) ;
#1919 = B_SPLINE_CURVE_WITH_KNOTS ( 'NONE', 3,
 ( #3037, #2718, #2733, #4055 ),
 .UNSPECIFIED., .F., .F.,
 ( 4, 4 ),
 ( 1.000000000000000000, 2.000000000000000000 ),
 .UNSPECIFIED. ) ;
#1920 = CARTESIAN_POINT ( 'NONE',  ( -2.540000000000000036, -9.495692307692305434, 0.5892067307692318012 ) ) ;
#1921 = FACE_BOUND ( 'NONE', #3159, .T. ) ;
#1922 = ORIENTED_EDGE ( 'NONE', *, *, #1534, .T. ) ;
#1923 = CYLINDRICAL_SURFACE ( 'NONE', #4023, 4.521200000000000330 ) ;
#1924 = CARTESIAN_POINT ( 'NONE',  ( -2.540000000000000036, -9.027686561019734768, 0.8597005062595756142 ) ) ;
#1925 = LOCAL_TIME ( 15, 59, 21.00000000000000000, #2517 ) ;
#1926 = CARTESIAN_POINT ( 'NONE',  ( -2.540000000000000036, 7.977281899876230042, 4.430571672588561327 ) ) ;
#1927 = DIRECTION ( 'NONE',  ( 0.000000000000000000, 0.000000000000000000, 1.000000000000000000 ) ) ;
#1928 = LINE ( 'NONE', #3389, #4263 ) ;
#1929 = CARTESIAN_POINT ( 'NONE',  ( -2.540000000000000036, -8.888759987724830225, -0.7533279658848063276 ) ) ;
#1930 = CARTESIAN_POINT ( 'NONE',  ( -2.540000000000000036, -8.737253082959018258, 2.284139180283722315 ) ) ;
#1931 = B_SPLINE_CURVE_WITH_KNOTS ( 'NONE', 3,
 ( #1279, #4378, #3654, #992, #596, #267, #1317, #1630, #2675, #606, #1982 ),
 .UNSPECIFIED., .F., .F.,
 ( 4, 1, 1, 1, 1, 1, 1, 1, 4 ),
 ( 0.000000000000000000, 0.1428946013811194515, 0.2768798469236307125, 0.4054067255101093115, 0.5318333729300090962, 0.6542249868698862825, 0.7698109407908965141, 0.8841096717431488061, 1.000000000000000000 ),
 .UNSPECIFIED. ) ;
#1932 = MANIFOLD_SOLID_BREP ( 'Revolve1', #595 ) ;
#1933 = CIRCLE ( 'NONE', #438, 4.225000000000000533 ) ;
#1934 = CARTESIAN_POINT ( 'NONE',  ( -2.540000000000000036, -8.530672829346714892, 1.745425474040506630 ) ) ;
#1935 = VERTEX_POINT ( 'NONE', #159 ) ;
#1936 = LINE ( 'NONE', #3049, #3949 ) ;
#1937 = EDGE_CURVE ( 'NONE', #4114, #1950, #891, .T. ) ;
#1938 = DIRECTION ( 'NONE',  ( -0.000000000000000000, -0.9999875528078735476, 0.004989411720881016359 ) ) ;
#1939 = CARTESIAN_POINT ( 'NONE',  ( -2.540000000000000036, 6.937798319534827840, 4.049380828676246047 ) ) ;
#1940 = DIRECTION ( 'NONE',  ( 0.000000000000000000, 1.000000000000000000, 0.000000000000000000 ) ) ;
#1941 = CARTESIAN_POINT ( 'NONE',  ( -2.540000000000000036, -9.026154339775033009, -0.7103802323732152368 ) ) ;
#1942 = ORIENTED_EDGE ( 'NONE', *, *, #3358, .F. ) ;
#1943 = CARTESIAN_POINT ( 'NONE',  ( -2.540000000000000036, -9.003052200125631899, 2.171458707941244626 ) ) ;
#1944 = CARTESIAN_POINT ( 'NONE',  ( -2.540000000000000036, -8.599790056568419772, 1.618388662291144975 ) ) ;
#1945 = ORIENTED_EDGE ( 'NONE', *, *, #3078, .F. ) ;
#1946 = ORIENTED_EDGE ( 'NONE', *, *, #963, .T. ) ;
#1947 = EDGE_LOOP ( 'NONE', ( #2275, #4126, #3653, #3324, #3503 ) ) ;
#1948 = ORIENTED_EDGE ( 'NONE', *, *, #3762, .F. ) ;
#1949 = CARTESIAN_POINT ( 'NONE',  ( -2.540000000000000036, 7.080724836157438418, 4.969289447865515186 ) ) ;
#1950 = VERTEX_POINT ( 'NONE', #1190 ) ;
#1951 = CARTESIAN_POINT ( 'NONE',  ( -2.540000000000000036, -7.097346153846151751, 1.074615384615385416 ) ) ;
#1952 = EDGE_LOOP ( 'NONE', ( #2676, #1281, #3815, #2374, #2081 ) ) ;
#1953 = LINE ( 'NONE', #3081, #2430 ) ;
#1954 = VERTEX_POINT ( 'NONE', #2241 ) ;
#1955 = VECTOR ( 'NONE', #1105, 1000.000000000000114 ) ;
#1956 = EDGE_CURVE ( 'NONE', #2910, #569, #3284, .T. ) ;
#1957 = CARTESIAN_POINT ( 'NONE',  ( -2.540000000000000036, 7.154421366942607996, 4.048299993651135686 ) ) ;
#1958 = DIRECTION ( 'NONE',  ( 1.000000000000000000, 0.000000000000000000, 0.000000000000000000 ) ) ;
#1959 = DIRECTION ( 'NONE',  ( 1.000000000000000000, 0.000000000000000000, 0.000000000000000000 ) ) ;
#1960 = CARTESIAN_POINT ( 'NONE',  ( -2.540000000000000036, -9.257511445990997956, -1.678563930279837635 ) ) ;
#1961 = CARTESIAN_POINT ( 'NONE',  ( -2.540000000000000036, 4.775199999999999889, 0.000000000000000000 ) ) ;
#1962 = CARTESIAN_POINT ( 'NONE',  ( 0.000000000000000000, 0.000000000000000000, 4.500000000000000888 ) ) ;
#1963 = EDGE_CURVE ( 'NONE', #1725, #361, #3310, .T. ) ;
#1964 = VECTOR ( 'NONE', #2387, 1000.000000000000000 ) ;
#1965 = DIRECTION ( 'NONE',  ( 0.000000000000000000, -1.000000000000000000, 0.000000000000000000 ) ) ;
#1966 = CARTESIAN_POINT ( 'NONE',  ( -2.540000000000000036, 0.000000000000000000, 0.000000000000000000 ) ) ;
#1967 = DIRECTION ( 'NONE',  ( -1.000000000000000000, -0.000000000000000000, -0.000000000000000000 ) ) ;
#1968 = EDGE_CURVE ( 'NONE', #2902, #3295, #1685, .T. ) ;
#1969 = PERSON_AND_ORGANIZATION ( #697, #238 ) ;
#1970 = PLANE ( 'NONE',  #2891 ) ;
#1971 = CARTESIAN_POINT ( 'NONE',  ( -2.540000000000000036, 6.375848354638610438, 2.651683974329866800 ) ) ;
#1972 = EDGE_LOOP ( 'NONE', ( #3407, #3786, #1817, #2541, #1842, #1238, #2418, #2292, #1901, #1897, #4024, #1283, #1293, #2520, #2727, #1841 ) ) ;
#1973 = CALENDAR_DATE ( 2021, 12, 4 ) ;
#1974 = EDGE_CURVE ( 'NONE', #31, #3544, #4193, .T. ) ;
#1975 = VERTEX_POINT ( 'NONE', #921 ) ;
#1976 = DIRECTION ( 'NONE',  ( 1.000000000000000000, 0.000000000000000000, 0.000000000000000000 ) ) ;
#1977 = CARTESIAN_POINT ( 'NONE',  ( -2.540000000000000036, -9.072661317225954036, 1.526432170684760337 ) ) ;
#1978 = VERTEX_POINT ( 'NONE', #586 ) ;
#1979 = VECTOR ( 'NONE', #2699, 1000.000000000000000 ) ;
#1980 = ORIENTED_EDGE ( 'NONE', *, *, #1669, .F. ) ;
#1981 = DIRECTION ( 'NONE',  ( 0.000000000000000000, 0.000000000000000000, 1.000000000000000000 ) ) ;
#1982 = CARTESIAN_POINT ( 'NONE',  ( -2.540000000000000036, -6.285278846153844690, -1.648862980769231212 ) ) ;
#1983 = VECTOR ( 'NONE', #2589, 1000.000000000000000 ) ;
#1984 = CARTESIAN_POINT ( 'NONE',  ( -2.540000000000000036, 7.199456681376780409, 0.06553649016905721547 ) ) ;
#1985 = FACE_OUTER_BOUND ( 'NONE', #4291, .T. ) ;
#1986 = ORIENTED_EDGE ( 'NONE', *, *, #996, .T. ) ;
#1987 = PLANE ( 'NONE',  #3844 ) ;
#1988 = DIRECTION ( 'NONE',  ( -0.000000000000000000, 0.9999992460301319053, -0.001227981745710678271 ) ) ;
#1989 = CARTESIAN_POINT ( 'NONE',  ( -2.540000000000000036, -8.946071132838833151, 2.620314102202900841 ) ) ;
#1990 = DIRECTION ( 'NONE',  ( 0.000000000000000000, 0.000000000000000000, 1.000000000000000000 ) ) ;
#1991 = EDGE_CURVE ( 'NONE', #1351, #1891, #4257, .T. ) ;
#1992 = APPROVAL ( #1763, 'UNSPECIFIED' ) ;
#1993 = CARTESIAN_POINT ( 'NONE',  ( 4.381250000000004086, 0.05000000000000002359, 0.01250000000000001978 ) ) ;
#1994 = CARTESIAN_POINT ( 'NONE',  ( -5.322435762069739423E-16, 0.000000000000000000, 12.57300000000000040 ) ) ;
#1995 = EDGE_CURVE ( 'NONE', #3035, #366, #589, .T. ) ;
#1996 = CARTESIAN_POINT ( 'NONE',  ( 0.000000000000000000, 4.500000000000000888, 0.000000000000000000 ) ) ;
#1997 = CARTESIAN_POINT ( 'NONE',  ( -2.540000000000000036, -7.096523421976937307, 0.8790064769428811431 ) ) ;
#1998 = VERTEX_POINT ( 'NONE', #1226 ) ;
#1999 = ORIENTED_EDGE ( 'NONE', *, *, #1269, .F. ) ;
#2000 = CARTESIAN_POINT ( 'NONE',  ( -2.540000000000000036, -8.758470643043107629, 2.579073897317196273 ) ) ;
#2001 = CARTESIAN_POINT ( 'NONE',  ( -2.540000000000000036, 7.666765349206116298, 4.445913174563674630 ) ) ;
#2002 = ORIENTED_EDGE ( 'NONE', *, *, #3910, .T. ) ;
#2003 = ORIENTED_EDGE ( 'NONE', *, *, #1715, .F. ) ;
#2004 = EDGE_CURVE ( 'NONE', #2156, #3167, #4131, .T. ) ;
#2005 = ORIENTED_EDGE ( 'NONE', *, *, #4275, .T. ) ;
#2006 = ORIENTED_EDGE ( 'NONE', *, *, #237, .T. ) ;
#2007 = DIRECTION ( 'NONE',  ( 0.7071067811865426878, 8.659560562354990790E-17, 0.7071067811865523467 ) ) ;
#2008 = EDGE_CURVE ( 'NONE', #1564, #2254, #1802, .T. ) ;
#2009 = CARTESIAN_POINT ( 'NONE',  ( -2.540000000000000036, 7.507822055445440235, 4.061686354725929426 ) ) ;
#2010 = DIRECTION ( 'NONE',  ( 1.000000000000000000, 0.000000000000000000, 0.000000000000000000 ) ) ;
#2011 = ORIENTED_EDGE ( 'NONE', *, *, #3676, .F. ) ;
#2012 = DIRECTION ( 'NONE',  ( 0.000000000000000000, 0.000000000000000000, 1.000000000000000000 ) ) ;
#2013 = DIRECTION ( 'NONE',  ( 0.000000000000000000, 1.000000000000000000, 0.000000000000000000 ) ) ;
#2014 = VERTEX_POINT ( 'NONE', #3993 ) ;
#2015 = PERSON_AND_ORGANIZATION ( #697, #238 ) ;
#2016 = CARTESIAN_POINT ( 'NONE',  ( -2.540000000000000036, 1.547524927742553084E-15, 12.57300000000000217 ) ) ;
#2017 = PRODUCT_DEFINITION_SHAPE ( 'NONE', 'NONE',  #4440 ) ;
#2018 = CARTESIAN_POINT ( 'NONE',  ( -2.540000000000000036, -8.598930249637135148, 2.247675662357003112 ) ) ;
#2019 = COORDINATED_UNIVERSAL_TIME_OFFSET ( 5, 0, .BEHIND. ) ;
#2020 = LINE ( 'NONE', #4238, #4136 ) ;
#2021 = CARTESIAN_POINT ( 'NONE',  ( -2.540000000000000036, -6.670505143693342021, -1.285651784207016535 ) ) ;
#2022 = VECTOR ( 'NONE', #3674, 1000.000000000000000 ) ;
#2023 = ORIENTED_EDGE ( 'NONE', *, *, #2484, .T. ) ;
#2024 = CC_DESIGN_DATE_AND_TIME_ASSIGNMENT ( #282, #3548, ( #4148 ) ) ;
#2025 = EDGE_LOOP ( 'NONE', ( #4204, #2451, #1898, #1107 ) ) ;
#2026 = PERSON_AND_ORGANIZATION ( #697, #238 ) ;
#2027 = CARTESIAN_POINT ( 'NONE',  ( -2.540000000000000036, -9.458531711182093460, -1.050152938643880152 ) ) ;
#2028 = ORIENTED_EDGE ( 'NONE', *, *, #25, .T. ) ;
#2029 = VECTOR ( 'NONE', #3855, 1000.000000000000000 ) ;
#2030 = FACE_OUTER_BOUND ( 'NONE', #436, .T. ) ;
#2031 = ORIENTED_EDGE ( 'NONE', *, *, #584, .T. ) ;
#2032 = AXIS2_PLACEMENT_3D ( 'NONE', #3040, #1298, #3376 ) ;
#2033 = AXIS2_PLACEMENT_3D ( 'NONE', #229, #1617, #3662 ) ;
#2034 = CARTESIAN_POINT ( 'NONE',  ( -2.540000000000000036, -6.861836200416687070, -1.387663384527644928 ) ) ;
#2035 = EDGE_CURVE ( 'NONE', #2659, #371, #2983, .T. ) ;
#2036 = FACE_BOUND ( 'NONE', #2906, .T. ) ;
#2037 = CARTESIAN_POINT ( 'NONE',  ( -2.540000000000000036, -7.389892387595964784, 0.7767469353392664200 ) ) ;
#2038 = DIRECTION ( 'NONE',  ( 0.000000000000000000, 0.000000000000000000, -1.000000000000000000 ) ) ;
#2039 = B_SPLINE_CURVE_WITH_KNOTS ( 'NONE', 3,
 ( #1507, #3549, #3894, #1878 ),
 .UNSPECIFIED., .F., .F.,
 ( 4, 4 ),
 ( 2.000000000000000000, 3.000000000000000000 ),
 .UNSPECIFIED. ) ;
#2040 = ORIENTED_EDGE ( 'NONE', *, *, #1126, .T. ) ;
#2041 = EDGE_CURVE ( 'NONE', #2422, #1427, #1477, .T. ) ;
#2042 = CARTESIAN_POINT ( 'NONE',  ( -2.540000000000000036, 7.080724836157438418, 4.969289447865516074 ) ) ;
#2043 = PRODUCT_DEFINITION ( 'UNKNOWN', '', #3424, #279 ) ;
#2044 = CARTESIAN_POINT ( 'NONE',  ( -2.540000000000000036, 6.802940346402318816, 5.470653289573540690 ) ) ;
#2045 = DIRECTION ( 'NONE',  ( 0.000000000000000000, -1.000000000000000000, 0.000000000000000000 ) ) ;
#2046 = CARTESIAN_POINT ( 'NONE',  ( -2.540000000000000036, -7.284751291231455816, 0.8476958895471962130 ) ) ;
#2047 = EDGE_CURVE ( 'NONE', #2216, #2331, #338, .T. ) ;
#2048 = DIRECTION ( 'NONE',  ( -0.000000000000000000, -1.000000000000000000, -0.000000000000000000 ) ) ;
#2049 = CARTESIAN_POINT ( 'NONE',  ( -2.540000000000000036, -7.037104308306201261, 0.8748915878404108781 ) ) ;
#2050 = EDGE_LOOP ( 'NONE', ( #2061, #122, #1593, #1006 ) ) ;
#2051 = CARTESIAN_POINT ( 'NONE',  ( -2.540000000000000036, -6.643345356590707240, 0.4541342352147209049 ) ) ;
#2052 = CARTESIAN_POINT ( 'NONE',  ( 0.000000000000000000, 4.500000000000000888, 0.000000000000000000 ) ) ;
#2053 = CYLINDRICAL_SURFACE ( 'NONE', #1458, 4.521200000000000330 ) ;
#2054 = ORIENTED_EDGE ( 'NONE', *, *, #3224, .T. ) ;
#2055 = LINE ( 'NONE', #2995, #703 ) ;
#2056 = DIRECTION ( 'NONE',  ( -0.000000000000000000, 0.001227981745710937829, 0.9999992460301319053 ) ) ;
#2057 = VERTEX_POINT ( 'NONE', #1984 ) ;
#2058 = B_SPLINE_CURVE_WITH_KNOTS ( 'NONE', 3,
 ( #934, #256, #2771, #731, #60, #1452, #3088, #711, #2502, #1046, #1806, #1436, #2099, #1059, #422, #3437, #15, #3144, #393 ),
 .UNSPECIFIED., .F., .F.,
 ( 4, 1, 1, 1, 1, 1, 1, 1, 1, 1, 1, 1, 1, 1, 1, 1, 4 ),
 ( 0.000000000000000000, 0.07736133711897696941, 0.1504798322806809585, 0.2199772368520745147, 0.2866809968624416394, 0.3496784941856620477, 0.4106796250174852836, 0.4694271135192908950, 0.5267557014271294635, 0.5831419808348372591, 0.6388244277786259140, 0.6952634704038114233, 0.7526958048985350480, 0.8108491833348946409, 0.8713563036360841840, 0.9344364309841278748, 0.9999999999999998890 ),
 .UNSPECIFIED. ) ;
#2059 = ADVANCED_FACE ( 'NONE', ( #821 ), #2355, .F. ) ;
#2060 = AXIS2_PLACEMENT_3D ( 'NONE', #1741, #743, #4130 ) ;
#2061 = ORIENTED_EDGE ( 'NONE', *, *, #3980, .F. ) ;
#2062 = AXIS2_PLACEMENT_3D ( 'NONE', #2052, #2398, #327 ) ;
#2063 = UNCERTAINTY_MEASURE_WITH_UNIT (LENGTH_MEASURE( 1.000000000000000082E-05 ), #3775, 'distance_accuracy_value', 'NONE');
#2064 = ORIENTED_EDGE ( 'NONE', *, *, #1449, .T. ) ;
#2065 = CARTESIAN_POINT ( 'NONE',  ( -2.540000000000000036, 4.775199999999999889, 0.000000000000000000 ) ) ;
#2066 = ORIENTED_EDGE ( 'NONE', *, *, #3550, .F. ) ;
#2067 = LINE ( 'NONE', #3868, #68 ) ;
#2068 = AXIS2_PLACEMENT_3D ( 'NONE', #1775, #41, #390 ) ;
#2069 = VECTOR ( 'NONE', #3911, 999.9999999999998863 ) ;
#2070 = CARTESIAN_POINT ( 'NONE',  ( -2.540000000000000036, -7.454533653846151964, 0.9579951923076931442 ) ) ;
#2071 = CARTESIAN_POINT ( 'NONE',  ( -2.540000000000000036, -6.972593549884486208, 0.8606568546439411493 ) ) ;
#2072 = CARTESIAN_POINT ( 'NONE',  ( -2.540000000000000036, -6.697570994396775390, 0.3664418575158021052 ) ) ;
#2073 = COORDINATED_UNIVERSAL_TIME_OFFSET ( 5, 0, .BEHIND. ) ;
#2074 = CARTESIAN_POINT ( 'NONE',  ( -2.540000000000000036, -6.110348557692305782, -1.617418269230769923 ) ) ;
#2075 = ORIENTED_EDGE ( 'NONE', *, *, #3308, .T. ) ;
#2076 = ORIENTED_EDGE ( 'NONE', *, *, #1068, .T. ) ;
#2077 = CARTESIAN_POINT ( 'NONE',  ( -2.398232558139534287, 0.000000000000000000, 0.000000000000000000 ) ) ;
#2078 = LOCAL_TIME ( 15, 59, 21.00000000000000000, #3492 ) ;
#2079 = LINE ( 'NONE', #4424, #2713 ) ;
#2080 = ORIENTED_EDGE ( 'NONE', *, *, #3898, .T. ) ;
#2081 = ORIENTED_EDGE ( 'NONE', *, *, #2955, .F. ) ;
#2082 = LINE ( 'NONE', #3746, #1160 ) ;
#2083 = VERTEX_POINT ( 'NONE', #951 ) ;
#2084 = LINE ( 'NONE', #3034, #1039 ) ;
#2085 = CARTESIAN_POINT ( 'NONE',  ( -2.540000000000000036, 7.526413354384060561, 5.330349608025478858 ) ) ;
#2086 = VERTEX_POINT ( 'NONE', #4003 ) ;
#2087 = VECTOR ( 'NONE', #838, 1000.000000000000000 ) ;
#2088 = EDGE_LOOP ( 'NONE', ( #3414, #3808, #1127, #2256, #803, #102 ) ) ;
#2089 = CARTESIAN_POINT ( 'NONE',  ( -2.540000000000000036, 7.673360980509772666, 5.190696505309794873 ) ) ;
#2090 = VERTEX_POINT ( 'NONE', #654 ) ;
#2091 = CONICAL_SURFACE ( 'NONE', #887, 12.57300000000000217, 0.7853981633974551624 ) ;
#2092 = CARTESIAN_POINT ( 'NONE',  ( -2.540000000000000036, 7.261368281917867762, -1.656787227524436634 ) ) ;
#2093 = CARTESIAN_POINT ( 'NONE',  ( -2.540000000000000036, 7.746652471488113534, -4.492514159263707896 ) ) ;
#2094 = AXIS2_PLACEMENT_3D ( 'NONE', #2360, #1959, #2643 ) ;
#2095 = CARTESIAN_POINT ( 'NONE',  ( -2.540000000000000036, 6.329810464637362522, 5.653066742667309796 ) ) ;
#2096 = ORIENTED_EDGE ( 'NONE', *, *, #850, .F. ) ;
#2097 = CARTESIAN_POINT ( 'NONE',  ( -2.540000000000000036, 8.155278076434104406, 3.814877290590777292 ) ) ;
#2098 = CARTESIAN_POINT ( 'NONE',  ( -2.540000000000000036, 7.494697741363441246, 4.492118024129278631 ) ) ;
#2099 = CARTESIAN_POINT ( 'NONE',  ( -2.540000000000000036, -7.437279209903556065, 0.4441258585005713466 ) ) ;
#2100 = VERTEX_POINT ( 'NONE', #3710 ) ;
#2101 = ORIENTED_EDGE ( 'NONE', *, *, #1412, .T. ) ;
#2102 = CARTESIAN_POINT ( 'NONE',  ( -2.540000000000000036, -9.365917908989862539, -0.7482745789058391495 ) ) ;
#2103 = ADVANCED_FACE ( 'NONE', ( #3317 ), #269, .F. ) ;
#2104 = VERTEX_POINT ( 'NONE', #1640 ) ;
#2105 = APPLICATION_CONTEXT ( 'configuration controlled 3d designs of mechanical parts and assemblies' ) ;
#2106 = CARTESIAN_POINT ( 'NONE',  ( -2.540000000000000036, -7.610935137062869948, 0.3886629556916746941 ) ) ;
#2107 = ORIENTED_EDGE ( 'NONE', *, *, #1491, .T. ) ;
#2108 = CC_DESIGN_PERSON_AND_ORGANIZATION_ASSIGNMENT ( #67, #461, ( #4148 ) ) ;
#2109 = EDGE_LOOP ( 'NONE', ( #2687, #1598, #2373, #3507, #4270 ) ) ;
#2110 = ORIENTED_EDGE ( 'NONE', *, *, #3098, .F. ) ;
#2111 = CARTESIAN_POINT ( 'NONE',  ( -2.540000000000000036, -9.314371270943102132, -1.462741128318034045 ) ) ;
#2112 = CIRCLE ( 'NONE', #4391, 0.2750000000000000222 ) ;
#2113 = CARTESIAN_POINT ( 'NONE',  ( -2.540000000000000036, -8.588203470164948783, 2.705806949588918542 ) ) ;
#2114 = CARTESIAN_POINT ( 'NONE',  ( -2.540000000000000036, 7.780477673051001020, -0.7252303260061669921 ) ) ;
#2115 = VERTEX_POINT ( 'NONE', #1993 ) ;
#2116 = DIRECTION ( 'NONE',  ( 0.000000000000000000, 0.000000000000000000, 1.000000000000000000 ) ) ;
#2117 = CARTESIAN_POINT ( 'NONE',  ( -2.540000000000000036, -6.799897047063391931, 0.4490133002213461122 ) ) ;
#2118 = FACE_OUTER_BOUND ( 'NONE', #3739, .T. ) ;
#2119 = DIRECTION ( 'NONE',  ( 0.000000000000000000, 0.000000000000000000, 1.000000000000000000 ) ) ;
#2120 = LINE ( 'NONE', #3534, #1853 ) ;
#2121 = EDGE_CURVE ( 'NONE', #4325, #182, #3737, .T. ) ;
#2122 = VERTEX_POINT ( 'NONE', #1319 ) ;
#2123 = VERTEX_POINT ( 'NONE', #2677 ) ;
#2124 = APPROVAL_ROLE ( '' ) ;
#2125 = CARTESIAN_POINT ( 'NONE',  ( 3.367778697655221258E-17, 0.000000000000000000, 0.000000000000000000 ) ) ;
#2126 = ITEM_DEFINED_TRANSFORMATION ( 'NONE', 'NONE', #3293,  #2068 ) ;
#2127 = DIRECTION ( 'NONE',  ( -0.000000000000000000, -0.9999992460301319053, 0.001227981745710832661 ) ) ;
#2128 = CARTESIAN_POINT ( 'NONE',  ( -2.540000000000000036, -6.705883308626949812, -1.527515908589189841 ) ) ;
#2129 = AXIS2_PLACEMENT_3D ( 'NONE', #1122, #3836, #3202 ) ;
#2130 = COORDINATED_UNIVERSAL_TIME_OFFSET ( 5, 0, .BEHIND. ) ;
#2131 = EDGE_CURVE ( 'NONE', #4284, #1877, #3006, .T. ) ;
#2132 = B_SPLINE_CURVE_WITH_KNOTS ( 'NONE', 3,
 ( #1125, #1468, #96, #452 ),
 .UNSPECIFIED., .F., .F.,
 ( 4, 4 ),
 ( 2.000000000000000000, 3.000000000000000000 ),
 .UNSPECIFIED. ) ;
#2133 = CARTESIAN_POINT ( 'NONE',  ( -2.540000000000000036, -9.486291162566917734, -1.286534133169668248 ) ) ;
#2134 = CARTESIAN_POINT ( 'NONE',  ( 0.000000000000000000, 3.447199994035444526, -2.892544243589376673 ) ) ;
#2135 = ORIENTED_EDGE ( 'NONE', *, *, #3636, .T. ) ;
#2136 = FACE_OUTER_BOUND ( 'NONE', #3493, .T. ) ;
#2137 = VERTEX_POINT ( 'NONE', #3047 ) ;
#2138 = CALENDAR_DATE ( 2021, 12, 4 ) ;
#2139 = DIRECTION ( 'NONE',  ( 1.000000000000000000, 0.000000000000000000, 0.000000000000000000 ) ) ;
#2140 = DIRECTION ( 'NONE',  ( 0.000000000000000000, -0.001227981745710310726, -0.9999992460301319053 ) ) ;
#2141 = CARTESIAN_POINT ( 'NONE',  ( -2.540000000000000036, -8.530954472231245589, 1.949764742248193850 ) ) ;
#2142 = EDGE_CURVE ( 'NONE', #540, #2457, #2169, .T. ) ;
#2143 = CARTESIAN_POINT ( 'NONE',  ( -2.540000000000000036, 8.066317201700465844, 3.113273625633832697 ) ) ;
#2144 = CC_DESIGN_DATE_AND_TIME_ASSIGNMENT ( #2920, #3781, ( #745 ) ) ;
#2145 = ORIENTED_EDGE ( 'NONE', *, *, #3409, .T. ) ;
#2146 = LINE ( 'NONE', #2805, #2257 ) ;
#2147 = APPLICATION_PROTOCOL_DEFINITION ( 'international standard', 'config_control_design', 1994, #1779 ) ;
#2148 = CARTESIAN_POINT ( 'NONE',  ( -2.540000000000000036, -6.571845199183638186, -1.485560626367671944 ) ) ;
#2149 = EDGE_CURVE ( 'NONE', #3679, #2925, #222, .T. ) ;
#2150 = EDGE_LOOP ( 'NONE', ( #4337, #500, #2076, #3046, #2152, #4295, #1561, #597 ) ) ;
#2151 = CARTESIAN_POINT ( 'NONE',  ( -2.540000000000000036, -9.670501959923893054, 0.5488342970932681419 ) ) ;
#2152 = ORIENTED_EDGE ( 'NONE', *, *, #1793, .T. ) ;
#2153 = PLANE ( 'NONE',  #2682 ) ;
#2154 = CARTESIAN_POINT ( 'NONE',  ( -2.540000000000000036, 4.775199999999999889, 0.000000000000000000 ) ) ;
#2155 = DIRECTION ( 'NONE',  ( 0.000000000000000000, 0.000000000000000000, 1.000000000000000000 ) ) ;
#2156 = VERTEX_POINT ( 'NONE', #3692 ) ;
#2157 =( NAMED_UNIT ( * ) PLANE_ANGLE_UNIT ( ) SI_UNIT ( $, .RADIAN. ) );
#2158 = CARTESIAN_POINT ( 'NONE',  ( -2.413000000000005141, 0.000000000000000000, 12.69999999999999929 ) ) ;
#2159 = CARTESIAN_POINT ( 'NONE',  ( -2.540000000000000036, -6.275112164079436283, -1.717437271982404701 ) ) ;
#2160 = ADVANCED_FACE ( 'NONE', ( #2547 ), #3161, .T. ) ;
#2161 = PERSON_AND_ORGANIZATION_ROLE ( 'classification_officer' ) ;
#2162 = CARTESIAN_POINT ( 'NONE',  ( 0.000000000000000000, 0.000000000000000000, 0.000000000000000000 ) ) ;
#2163 = DIRECTION ( 'NONE',  ( 0.000000000000000000, 0.000000000000000000, -1.000000000000000000 ) ) ;
#2164 = DIRECTION ( 'NONE',  ( 0.000000000000000000, -1.000000000000000000, 0.000000000000000000 ) ) ;
#2165 = CARTESIAN_POINT ( 'NONE',  ( -5.322435762069739423E-16, 12.69999999999999929, 0.000000000000000000 ) ) ;
#2166 = EDGE_CURVE ( 'NONE', #3425, #3089, #3850, .T. ) ;
#2167 = CC_DESIGN_PERSON_AND_ORGANIZATION_ASSIGNMENT ( #605, #2815, ( #1777 ) ) ;
#2168 = ORIENTED_EDGE ( 'NONE', *, *, #4221, .T. ) ;
#2169 = LINE ( 'NONE', #4018, #3220 ) ;
#2170 = CIRCLE ( 'NONE', #3994, 1.475000000000001199 ) ;
#2171 = PERSON_AND_ORGANIZATION_ROLE ( 'creator' ) ;
#2172 = VERTEX_POINT ( 'NONE', #1008 ) ;
#2173 = VECTOR ( 'NONE', #211, 1000.000000000000000 ) ;
#2174 = CARTESIAN_POINT ( 'NONE',  ( -2.540000000000000036, 5.847933395288442187E-16, -4.775199999999999889 ) ) ;
#2175 = FACE_OUTER_BOUND ( 'NONE', #2453, .T. ) ;
#2176 = ADVANCED_FACE ( 'NONE', ( #3420 ), #1363, .F. ) ;
#2177 = CARTESIAN_POINT ( 'NONE',  ( -2.540000000000000036, -9.335336396397634573, -2.380880953173081682 ) ) ;
#2178 = ORIENTED_EDGE ( 'NONE', *, *, #2878, .T. ) ;
#2179 = CARTESIAN_POINT ( 'NONE',  ( -2.540000000000000036, 6.718484902105561041, 0.3315163153241127980 ) ) ;
#2180 = LINE ( 'NONE', #4064, #1964 ) ;
#2181 = VERTEX_POINT ( 'NONE', #1683 ) ;
#2182 = VERTEX_POINT ( 'NONE', #4406 ) ;
#2183 = CARTESIAN_POINT ( 'NONE',  ( -2.540000000000000036, 7.077553468916143231, 4.980253752384589561 ) ) ;
#2184 = CARTESIAN_POINT ( 'NONE',  ( -2.540000000000000036, -6.273469557508669858, -1.740631803163782632 ) ) ;
#2185 = PERSON_AND_ORGANIZATION ( #697, #238 ) ;
#2186 = LINE ( 'NONE', #1896, #3651 ) ;
#2187 = CARTESIAN_POINT ( 'NONE',  ( -2.540000000000000036, -7.619999999999998330, -2.403230769230769504 ) ) ;
#2188 = EDGE_CURVE ( 'NONE', #3344, #3673, #831, .T. ) ;
#2189 = VERTEX_POINT ( 'NONE', #3394 ) ;
#2190 = CARTESIAN_POINT ( 'NONE',  ( -2.540000000000000036, -9.285450458342500824, -0.9185369356508581440 ) ) ;
#2191 = CARTESIAN_POINT ( 'NONE',  ( -2.540000000000000036, 8.148047265470706790, -2.073488344192774502 ) ) ;
#2192 = SHAPE_DEFINITION_REPRESENTATION ( #2731, #2637 ) ;
#2193 = CARTESIAN_POINT ( 'NONE',  ( -2.540000000000000036, -6.110348557692305782, -1.617418269230769923 ) ) ;
#2194 = FACE_BOUND ( 'NONE', #2109, .T. ) ;
#2195 = ORIENTED_EDGE ( 'NONE', *, *, #3213, .T. ) ;
#2196 = EDGE_CURVE ( 'NONE', #958, #3228, #1624, .T. ) ;
#2197 = VERTEX_POINT ( 'NONE', #705 ) ;
#2198 = CARTESIAN_POINT ( 'NONE',  ( -2.540000000000000036, -6.358428429371257629, -0.1667754283731822107 ) ) ;
#2199 = CARTESIAN_POINT ( 'NONE',  ( -2.540000000000000036, -9.557693460134681018, -2.612459761075099696 ) ) ;
#2200 = VECTOR ( 'NONE', #24, 1000.000000000000000 ) ;
#2201 = DIRECTION ( 'NONE',  ( -0.000000000000000000, 0.9999992460301319053, -0.001227981745710398547 ) ) ;
#2202 = CARTESIAN_POINT ( 'NONE',  ( -2.540000000000000036, 6.366485086032026786, -4.973235190524890825 ) ) ;
#2203 = CARTESIAN_POINT ( 'NONE',  ( -2.540000000000000036, 8.151791797739678103, 0.9758480639328647177 ) ) ;
#2204 = APPROVAL_ROLE ( '' ) ;
#2205 = CARTESIAN_POINT ( 'NONE',  ( -2.540000000000000036, -8.953749591890405313, 1.533547783100594364 ) ) ;
#2206 = EDGE_CURVE ( 'NONE', #4094, #3885, #1953, .T. ) ;
#2207 = CARTESIAN_POINT ( 'NONE',  ( -2.540000000000000036, 4.775199999999999889, 0.000000000000000000 ) ) ;
#2208 = CARTESIAN_POINT ( 'NONE',  ( -2.540000000000000036, -7.168798677466646119, -0.7624814572628244580 ) ) ;
#2209 = DIRECTION ( 'NONE',  ( -0.000000000000000000, 0.9999992460301319053, -0.001227981745710688679 ) ) ;
#2210 = CARTESIAN_POINT ( 'NONE',  ( -2.540000000000000036, -8.521874978960132907, -2.213590759262130891 ) ) ;
#2211 = AXIS2_PLACEMENT_3D ( 'NONE', #1087, #3455, #2493 ) ;
#2212 = EDGE_CURVE ( 'NONE', #1094, #1954, #2334, .T. ) ;
#2213 = DIRECTION ( 'NONE',  ( 0.000000000000000000, -1.000000000000000000, 0.000000000000000000 ) ) ;
#2214 = CARTESIAN_POINT ( 'NONE',  ( -2.540000000000000036, -8.703024309677578785, 1.855037403017308906 ) ) ;
#2215 = CARTESIAN_POINT ( 'NONE',  ( -2.540000000000000036, -9.626583900836019225, -1.429578661781366167 ) ) ;
#2216 = VERTEX_POINT ( 'NONE', #2778 ) ;
#2217 = VERTEX_POINT ( 'NONE', #1346 ) ;
#2218 = ORIENTED_EDGE ( 'NONE', *, *, #3971, .F. ) ;
#2219 = CARTESIAN_POINT ( 'NONE',  ( -2.540000000000000036, 6.912329005068735377, 5.365304763334370897 ) ) ;
#2220 = CARTESIAN_POINT ( 'NONE',  ( -2.540000000000000036, -9.429416435779446104, 0.4188317820887396681 ) ) ;
#2221 = ORIENTED_EDGE ( 'NONE', *, *, #1192, .T. ) ;
#2222 = EDGE_LOOP ( 'NONE', ( #1892, #1812 ) ) ;
#2223 = ADVANCED_FACE ( 'NONE', ( #2278 ), #2960, .T. ) ;
#2224 = ORIENTED_EDGE ( 'NONE', *, *, #911, .T. ) ;
#2225 = PLANE ( 'NONE',  #4194 ) ;
#2226 = DIRECTION ( 'NONE',  ( 0.000000000000000000, 0.000000000000000000, -1.000000000000000000 ) ) ;
#2227 = ORIENTED_EDGE ( 'NONE', *, *, #2738, .T. ) ;
#2228 = CARTESIAN_POINT ( 'NONE',  ( -2.540000000000000036, -6.285278846153844690, -1.648862980769231212 ) ) ;
#2229 = CARTESIAN_POINT ( 'NONE',  ( -2.540000000000000036, -9.455016965531477524, -1.615950171496473686 ) ) ;
#2230 = CLOSED_SHELL ( 'NONE', ( #3237, #1471, #4265, #1029, #1174, #1152, #4217, #111, #3805, #3162, #3187 ) ) ;
#2231 = EDGE_CURVE ( 'NONE', #4338, #3019, #923, .T. ) ;
#2232 = VECTOR ( 'NONE', #3031, 1000.000000000000000 ) ;
#2233 = ORIENTED_EDGE ( 'NONE', *, *, #2582, .F. ) ;
#2234 = CARTESIAN_POINT ( 'NONE',  ( -2.540000000000000036, -6.327567326272300896, -1.314165646604787296 ) ) ;
#2235 = CALENDAR_DATE ( 2021, 12, 4 ) ;
#2236 = VECTOR ( 'NONE', #2423, 1000.000000000000000 ) ;
#2237 = CARTESIAN_POINT ( 'NONE',  ( -2.540000000000000036, -9.213367907222220765, 0.8534244450361735401 ) ) ;
#2238 = AXIS2_PLACEMENT_3D ( 'NONE', #3573, #846, #2837 ) ;
#2239 = CARTESIAN_POINT ( 'NONE',  ( -2.540000000000000036, 7.834874360955342176, 4.505604426270652496 ) ) ;
#2240 = EDGE_CURVE ( 'NONE', #1315, #44, #163, .T. ) ;
#2241 = CARTESIAN_POINT ( 'NONE',  ( -2.540000000000000036, 7.526413354384060561, 5.330349608025478858 ) ) ;
#2242 = PRODUCT_DEFINITION_SHAPE ( 'NONE', 'NONE',  #4438 ) ;
#2243 = APPROVAL_DATE_TIME ( #3483, #1909 ) ;
#2244 = ORIENTED_EDGE ( 'NONE', *, *, #2490, .F. ) ;
#2245 = CARTESIAN_POINT ( 'NONE',  ( -2.540000000000000036, 8.146399405129685078, -3.415413095387821674 ) ) ;
#2246 = CARTESIAN_POINT ( 'NONE',  ( -2.540000000000000036, -8.737661057692305278, -1.422338942307691090 ) ) ;
#2247 = VERTEX_POINT ( 'NONE', #3741 ) ;
#2248 = ORIENTED_EDGE ( 'NONE', *, *, #12, .T. ) ;
#2249 = ADVANCED_FACE ( 'NONE', ( #3526 ), #3166, .F. ) ;
#2250 = VECTOR ( 'NONE', #2919, 1000.000000000000114 ) ;
#2251 = SHAPE_DEFINITION_REPRESENTATION ( #1514, #4213 ) ;
#2252 = EDGE_CURVE ( 'NONE', #1271, #4284, #493, .T. ) ;
#2253 = APPLICATION_CONTEXT ( 'configuration controlled 3d designs of mechanical parts and assemblies' ) ;
#2254 = VERTEX_POINT ( 'NONE', #2174 ) ;
#2255 = CARTESIAN_POINT ( 'NONE',  ( -2.540000000000000036, -8.757825282880583373, 1.617551924065165236 ) ) ;
#2256 = ORIENTED_EDGE ( 'NONE', *, *, #2240, .T. ) ;
#2257 = VECTOR ( 'NONE', #465, 1000.000000000000000 ) ;
#2258 = EDGE_CURVE ( 'NONE', #4401, #794, #1343, .T. ) ;
#2259 = CARTESIAN_POINT ( 'NONE',  ( -2.540000000000000036, -6.310923076923074859, 0.9964615384615393978 ) ) ;
#2260 = CARTESIAN_POINT ( 'NONE',  ( -2.540000000000000036, -6.352203592131168364, -0.3300801761238576493 ) ) ;
#2261 = FACE_OUTER_BOUND ( 'NONE', #1866, .T. ) ;
#2262 = CARTESIAN_POINT ( 'NONE',  ( -2.540000000000000036, 6.921725764032453654, 5.470507423139055803 ) ) ;
#2263 = FACE_OUTER_BOUND ( 'NONE', #845, .T. ) ;
#2264 = ORIENTED_EDGE ( 'NONE', *, *, #2345, .T. ) ;
#2265 = CARTESIAN_POINT ( 'NONE',  ( 0.000000000000000000, -0.001000000000000024307, 0.000000000000000000 ) ) ;
#2266 = CARTESIAN_POINT ( 'NONE',  ( -2.540000000000000036, -7.092461538461535930, 1.563076923076921920 ) ) ;
#2267 = CC_DESIGN_PERSON_AND_ORGANIZATION_ASSIGNMENT ( #1532, #514, ( #3424 ) ) ;
#2268 = CARTESIAN_POINT ( 'NONE',  ( -2.540000000000000036, -9.241692307692304098, -1.680307692307690948 ) ) ;
#2269 = CARTESIAN_POINT ( 'NONE',  ( -2.540000000000000036, 0.000000000000000000, -12.57300000000000217 ) ) ;
#2270 = CARTESIAN_POINT ( 'NONE',  ( -2.540000000000000036, -6.099288413581930079, -1.715676977629349897 ) ) ;
#2271 = DIRECTION ( 'NONE',  ( 0.000000000000000000, -1.000000000000000000, 0.000000000000000000 ) ) ;
#2272 = AXIS2_PLACEMENT_3D ( 'NONE', #1592, #2951, #874 ) ;
#2273 = EDGE_CURVE ( 'NONE', #4180, #752, #1196, .T. ) ;
#2274 = CARTESIAN_POINT ( 'NONE',  ( -2.540000000000000036, -8.319127265384967274, -1.887193241852811010 ) ) ;
#2275 = ORIENTED_EDGE ( 'NONE', *, *, #2968, .T. ) ;
#2276 = B_SPLINE_CURVE_WITH_KNOTS ( 'NONE', 3,
 ( #2352, #949, #1333, #3690, #2021, #3708, #2367, #2704, #4056, #2034, #4405, #2721, #673, #2454, #3740, #1405, #3426, #1714, #4101 ),
 .UNSPECIFIED., .F., .F.,
 ( 4, 1, 1, 1, 1, 1, 1, 1, 1, 1, 1, 1, 1, 1, 1, 1, 4 ),
 ( 0.000000000000000000, 0.05804806865914691888, 0.1142127550191540386, 0.1688916471752765491, 0.2226262701242396058, 0.2756512298918104009, 0.3287250271459036255, 0.3816587912372604863, 0.4359534350342102460, 0.4912638558489654805, 0.5489925911805685343, 0.6104165486580290789, 0.6762479649809730597, 0.7474094740183923058, 0.8248664857445536791, 0.9090259917114389410, 0.9999999999999998890 ),
 .UNSPECIFIED. ) ;
#2277 = CARTESIAN_POINT ( 'NONE',  ( -2.540000000000000036, -6.856759987724829308, 1.024672034115193364 ) ) ;
#2278 = FACE_OUTER_BOUND ( 'NONE', #3314, .T. ) ;
#2279 = PLANE ( 'NONE',  #2623 ) ;
#2280 = FACE_OUTER_BOUND ( 'NONE', #970, .T. ) ;
#2281 = ORIENTED_EDGE ( 'NONE', *, *, #4377, .T. ) ;
#2282 = CARTESIAN_POINT ( 'NONE',  ( -2.540000000000000036, -8.725449519230767947, 2.140682692307692481 ) ) ;
#2283 = CARTESIAN_POINT ( 'NONE',  ( -2.540000000000000036, -9.241692307692304098, -1.680307692307690948 ) ) ;
#2284 = B_SPLINE_CURVE_WITH_KNOTS ( 'NONE', 3,
 ( #417, #753, #2177, #778, #95, #4205, #403 ),
 .UNSPECIFIED., .F., .F.,
 ( 4, 1, 1, 1, 4 ),
 ( 0.000000000000000000, 0.2372165186042096696, 0.4825864912431336307, 0.7368469271779302110, 0.9999999999999998890 ),
 .UNSPECIFIED. ) ;
#2285 = ORIENTED_EDGE ( 'NONE', *, *, #4035, .F. ) ;
#2286 = APPROVAL ( #2890, 'UNSPECIFIED' ) ;
#2287 = DIRECTION ( 'NONE',  ( 0.000000000000000000, 0.000000000000000000, 1.000000000000000000 ) ) ;
#2288 = ORIENTED_EDGE ( 'NONE', *, *, #1609, .F. ) ;
#2289 = CARTESIAN_POINT ( 'NONE',  ( -2.540000000000000036, -8.390428429371254992, -1.944775428373181070 ) ) ;
#2290 = DIRECTION ( 'NONE',  ( 0.000000000000000000, -0.001227981745710042061, -0.9999992460301319053 ) ) ;
#2291 = LINE ( 'NONE', #451, #3646 ) ;
#2292 = ORIENTED_EDGE ( 'NONE', *, *, #214, .F. ) ;
#2293 = ORIENTED_EDGE ( 'NONE', *, *, #1876, .T. ) ;
#2294 = EDGE_CURVE ( 'NONE', #3190, #2337, #766, .T. ) ;
#2295 = FACE_BOUND ( 'NONE', #3666, .T. ) ;
#2296 = EDGE_CURVE ( 'NONE', #4073, #796, #2595, .T. ) ;
#2297 = CARTESIAN_POINT ( 'NONE',  ( -2.540000000000000036, 7.272935878140164512, 3.907430993875518066 ) ) ;
#2298 = LOCAL_TIME ( 15, 59, 21.00000000000000000, #2130 ) ;
#2299 = LINE ( 'NONE', #3822, #3289 ) ;
#2300 = ORIENTED_EDGE ( 'NONE', *, *, #2955, .T. ) ;
#2301 = COORDINATED_UNIVERSAL_TIME_OFFSET ( 5, 0, .BEHIND. ) ;
#2302 = AXIS2_PLACEMENT_3D ( 'NONE', #1688, #4410, #1018 ) ;
#2303 = AXIS2_PLACEMENT_3D ( 'NONE', #2134, #3505, #3458 ) ;
#2304 = DIRECTION ( 'NONE',  ( 0.000000000000000000, 0.000000000000000000, -1.000000000000000000 ) ) ;
#2305 = CARTESIAN_POINT ( 'NONE',  ( -2.540000000000000036, -7.416764020194455576, 0.9861405825723613683 ) ) ;
#2306 = ORIENTED_EDGE ( 'NONE', *, *, #715, .T. ) ;
#2307 = LINE ( 'NONE', #3717, #2575 ) ;
#2308 = LINE ( 'NONE', #1822, #4370 ) ;
#2309 = ORIENTED_EDGE ( 'NONE', *, *, #4322, .T. ) ;
#2310 = DIRECTION ( 'NONE',  ( 0.000000000000000000, 0.9805806756909201116, 0.1961161351381844054 ) ) ;
#2311 = CARTESIAN_POINT ( 'NONE',  ( -2.540000000000000036, 7.048479250286336928, 4.126929597577901454 ) ) ;
#2312 = EDGE_CURVE ( 'NONE', #2217, #1019, #3263, .T. ) ;
#2313 = FACE_OUTER_BOUND ( 'NONE', #476, .T. ) ;
#2314 = VECTOR ( 'NONE', #1981, 1000.000000000000000 ) ;
#2315 = CARTESIAN_POINT ( 'NONE',  ( -2.540000000000000036, -8.701144829729820174, 2.489507421090211725 ) ) ;
#2316 = ORIENTED_EDGE ( 'NONE', *, *, #1155, .T. ) ;
#2317 = CARTESIAN_POINT ( 'NONE',  ( -2.540000000000000036, 7.046898556340920550, 3.031429799782167311 ) ) ;
#2318 = FACE_OUTER_BOUND ( 'NONE', #1132, .T. ) ;
#2319 = VERTEX_POINT ( 'NONE', #1509 ) ;
#2320 = CC_DESIGN_DATE_AND_TIME_ASSIGNMENT ( #1814, #35, ( #1377 ) ) ;
#2321 = CARTESIAN_POINT ( 'NONE',  ( -2.540000000000000036, -8.538307692307688157, 0.3321538461538471876 ) ) ;
#2322 = CARTESIAN_POINT ( 'NONE',  ( -2.540000000000000036, 8.145647153605654722, -4.028004414013945045 ) ) ;
#2323 = PLANE ( 'NONE',  #936 ) ;
#2324 = ORIENTED_EDGE ( 'NONE', *, *, #4057, .T. ) ;
#2325 = EDGE_CURVE ( 'NONE', #1702, #1705, #1843, .T. ) ;
#2326 = DIRECTION ( 'NONE',  ( 0.000000000000000000, 0.000000000000000000, -1.000000000000000000 ) ) ;
#2327 = VERTEX_POINT ( 'NONE', #153 ) ;
#2328 = CARTESIAN_POINT ( 'NONE',  ( -2.540000000000000036, 8.102454319408780137, 5.192235422590385063 ) ) ;
#2329 = ORIENTED_EDGE ( 'NONE', *, *, #2047, .T. ) ;
#2330 = CARTESIAN_POINT ( 'NONE',  ( -2.540000000000000036, -7.097346153846151751, 1.074615384615385416 ) ) ;
#2331 = VERTEX_POINT ( 'NONE', #2572 ) ;
#2332 = ORIENTED_EDGE ( 'NONE', *, *, #4303, .T. ) ;
#2333 = ORIENTED_EDGE ( 'NONE', *, *, #3934, .T. ) ;
#2334 = B_SPLINE_CURVE_WITH_KNOTS ( 'NONE', 3,
 ( #3097, #675, #352, #2085 ),
 .UNSPECIFIED., .F., .F.,
 ( 4, 4 ),
 ( 0.000000000000000000, 1.000000000000000000 ),
 .UNSPECIFIED. ) ;
#2335 = CARTESIAN_POINT ( 'NONE',  ( -2.540000000000000036, -7.097346153846151751, 1.074615384615385416 ) ) ;
#2336 = CARTESIAN_POINT ( 'NONE',  ( -2.540000000000000036, -9.651999999999997470, 1.331057692307693108 ) ) ;
#2337 = VERTEX_POINT ( 'NONE', #3928 ) ;
#2338 = ORIENTED_EDGE ( 'NONE', *, *, #1461, .F. ) ;
#2339 = ORIENTED_EDGE ( 'NONE', *, *, #4000, .F. ) ;
#2340 = DIRECTION ( 'NONE',  ( -1.000000000000000000, -0.000000000000000000, -0.000000000000000000 ) ) ;
#2341 = ORIENTED_EDGE ( 'NONE', *, *, #693, .F. ) ;
#2342 = CARTESIAN_POINT ( 'NONE',  ( -2.540000000000000036, 8.102846749444358565, 5.511808364997240695 ) ) ;
#2343 = CARTESIAN_POINT ( 'NONE',  ( 0.000000000000000000, -0.001000000000000024307, 0.000000000000000000 ) ) ;
#2344 = APPROVAL_DATE_TIME ( #4307, #3343 ) ;
#2345 = EDGE_CURVE ( 'NONE', #4211, #2123, #702, .T. ) ;
#2346 = CARTESIAN_POINT ( 'NONE',  ( -2.540000000000000036, 6.565883496539703934, 5.889505812874464397 ) ) ;
#2347 = CARTESIAN_POINT ( 'NONE',  ( -2.540000000000000036, -8.963269230769228102, 2.620596153846154408 ) ) ;
#2348 = EDGE_LOOP ( 'NONE', ( #922, #915, #892, #1357 ) ) ;
#2349 = ORIENTED_EDGE ( 'NONE', *, *, #2848, .F. ) ;
#2350 = VECTOR ( 'NONE', #2056, 1000.000000000000000 ) ;
#2351 = ORIENTED_EDGE ( 'NONE', *, *, #1660, .F. ) ;
#2352 = CARTESIAN_POINT ( 'NONE',  ( -2.540000000000000036, -6.534088942307690218, -1.270000000000000462 ) ) ;
#2353 = FACE_OUTER_BOUND ( 'NONE', #3761, .T. ) ;
#2354 = EDGE_CURVE ( 'NONE', #3369, #1191, #1187, .T. ) ;
#2355 = PLANE ( 'NONE',  #3391 ) ;
#2356 = CARTESIAN_POINT ( 'NONE',  ( -2.540000000000000036, 7.652443044910192782, 4.060964772084330932 ) ) ;
#2357 = LINE ( 'NONE', #587, #579 ) ;
#2358 = B_SPLINE_CURVE_WITH_KNOTS ( 'NONE', 3,
 ( #2499, #2794, #2179, #4164 ),
 .UNSPECIFIED., .F., .F.,
 ( 4, 4 ),
 ( 5.000000000000015987, 5.744187289366918137 ),
 .UNSPECIFIED. ) ;
#2359 = CARTESIAN_POINT ( 'NONE',  ( -2.540000000000000036, -9.495692307692305434, 0.5892067307692318012 ) ) ;
#2360 = CARTESIAN_POINT ( 'NONE',  ( -2.540000000000000036, 4.775199999999999889, 0.000000000000000000 ) ) ;
#2361 = ORIENTED_EDGE ( 'NONE', *, *, #2, .F. ) ;
#2362 = CARTESIAN_POINT ( 'NONE',  ( -0.5079999999999988969, 5.847933395288442187E-16, -4.775199999999999889 ) ) ;
#2363 = EDGE_CURVE ( 'NONE', #2381, #2086, #561, .T. ) ;
#2364 = VECTOR ( 'NONE', #2519, 1000.000000000000000 ) ;
#2365 = EDGE_CURVE ( 'NONE', #736, #112, #64, .T. ) ;
#2366 = DIRECTION ( 'NONE',  ( 0.000000000000000000, -0.001227981745706599502, -0.9999992460301319053 ) ) ;
#2367 = CARTESIAN_POINT ( 'NONE',  ( -2.540000000000000036, -6.752719400642030578, -1.315380787960430897 ) ) ;
#2368 = DIRECTION ( 'NONE',  ( 0.000000000000000000, 0.000000000000000000, 1.000000000000000000 ) ) ;
#2369 = CARTESIAN_POINT ( 'NONE',  ( -2.540000000000000036, -9.482565703778124799, -1.106986403429144561 ) ) ;
#2370 = EDGE_CURVE ( 'NONE', #3515, #2899, #929, .T. ) ;
#2371 = DIRECTION ( 'NONE',  ( -0.000000000000000000, 0.001227981745710325255, 0.9999992460301319053 ) ) ;
#2372 = CARTESIAN_POINT ( 'NONE',  ( -2.540000000000000036, -6.829138968210017424, 0.7588063797599478022 ) ) ;
#2373 = ORIENTED_EDGE ( 'NONE', *, *, #3305, .F. ) ;
#2374 = ORIENTED_EDGE ( 'NONE', *, *, #3631, .F. ) ;
#2375 = CARTESIAN_POINT ( 'NONE',  ( 5.832380380939274053E-16, 0.05000000000000002359, 4.762500000000004619 ) ) ;
#2376 = B_SPLINE_CURVE_WITH_KNOTS ( 'NONE', 3,
 ( #1074, #755, #1109, #1525 ),
 .UNSPECIFIED., .F., .F.,
 ( 4, 4 ),
 ( 3.024271300429066667, 4.000000000000000000 ),
 .UNSPECIFIED. ) ;
#2377 = ORIENTED_EDGE ( 'NONE', *, *, #684, .F. ) ;
#2378 = ADVANCED_FACE ( 'NONE', ( #1207 ), #653, .T. ) ;
#2379 = EDGE_LOOP ( 'NONE', ( #3121, #14, #416, #1506, #871 ) ) ;
#2380 = CARTESIAN_POINT ( 'NONE',  ( -2.540000000000000036, 8.146399405129685078, -3.415413095387821674 ) ) ;
#2381 = VERTEX_POINT ( 'NONE', #2612 ) ;
#2382 = DIRECTION ( 'NONE',  ( -0.000000000000000000, 0.9999992460301319053, -0.001227981745709923883 ) ) ;
#2383 = CIRCLE ( 'NONE', #2884, 12.57300000000000040 ) ;
#2384 = EDGE_CURVE ( 'NONE', #1978, #4338, #3383, .T. ) ;
#2385 = CARTESIAN_POINT ( 'NONE',  ( -2.540000000000000036, -7.366775817587580377, 0.7978795481624710861 ) ) ;
#2386 = CARTESIAN_POINT ( 'NONE',  ( -2.540000000000000036, -10.06230769230768907, 0.1367692307692318088 ) ) ;
#2387 = DIRECTION ( 'NONE',  ( 0.000000000000000000, 0.000000000000000000, -1.000000000000000000 ) ) ;
#2388 = DIRECTION ( 'NONE',  ( 0.000000000000000000, -0.9520753384899146576, -0.3058636131338843267 ) ) ;
#2389 = VECTOR ( 'NONE', #1415, 1000.000000000000000 ) ;
#2390 = DIRECTION ( 'NONE',  ( 0.000000000000000000, 0.000000000000000000, 1.000000000000000000 ) ) ;
#2391 = CC_DESIGN_APPROVAL ( #389, ( #2485 ) ) ;
#2392 = PERSON_AND_ORGANIZATION ( #697, #238 ) ;
#2393 = VERTEX_POINT ( 'NONE', #548 ) ;
#2394 = CALENDAR_DATE ( 2021, 12, 4 ) ;
#2395 = ORIENTED_EDGE ( 'NONE', *, *, #4252, .T. ) ;
#2396 = CARTESIAN_POINT ( 'NONE',  ( -2.540000000000000036, 7.019198981345883936, -0.7242954896760076533 ) ) ;
#2397 = CARTESIAN_POINT ( 'NONE',  ( -2.540000000000000036, 7.760168200898602819, 5.925930041823455063 ) ) ;
#2398 = DIRECTION ( 'NONE',  ( 0.000000000000000000, 0.000000000000000000, 1.000000000000000000 ) ) ;
#2399 = ORIENTED_EDGE ( 'NONE', *, *, #3214, .T. ) ;
#2400 = VECTOR ( 'NONE', #4412, 1000.000000000000000 ) ;
#2401 = CARTESIAN_POINT ( 'NONE',  ( -2.540000000000000036, 7.189410584293125517, 3.884147729009187255 ) ) ;
#2402 = ORIENTED_EDGE ( 'NONE', *, *, #860, .F. ) ;
#2403 = CARTESIAN_POINT ( 'NONE',  ( -2.540000000000000036, 6.570395627067084021, 3.115110591405514828 ) ) ;
#2404 = EDGE_LOOP ( 'NONE', ( #375, #3915, #109, #588, #1615, #852, #1770, #3223, #310, #968, #2867, #3148, #1242, #2329, #1946, #2979, #4360, #3929 ) ) ;
#2405 = CARTESIAN_POINT ( 'NONE',  ( 0.000000000000000000, 5.510910596163089556E-16, -4.500000000000000888 ) ) ;
#2406 = AXIS2_PLACEMENT_3D ( 'NONE', #4421, #3, #3071 ) ;
#2407 = DIRECTION ( 'NONE',  ( -1.000000000000000000, -0.000000000000000000, -0.000000000000000000 ) ) ;
#2408 = EDGE_CURVE ( 'NONE', #908, #1978, #2120, .T. ) ;
#2409 = CARTESIAN_POINT ( 'NONE',  ( -2.540000000000000036, 8.067240106382811859, 3.864835275248244439 ) ) ;
#2410 = CARTESIAN_POINT ( 'NONE',  ( -2.540000000000000036, -9.237723557692305576, -2.355300480769229932 ) ) ;
#2411 = CARTESIAN_POINT ( 'NONE',  ( -2.540000000000000036, 7.456722366464901164, 3.492710636446365591 ) ) ;
#2412 = EDGE_CURVE ( 'NONE', #1347, #3875, #1737, .T. ) ;
#2413 = CARTESIAN_POINT ( 'NONE',  ( -2.540000000000000036, 7.670638209804136132, 5.286589091420167641 ) ) ;
#2414 = CARTESIAN_POINT ( 'NONE',  ( -2.540000000000000036, -9.646976602857062488, -1.037444721151826288 ) ) ;
#2415 = ORIENTED_EDGE ( 'NONE', *, *, #2691, .T. ) ;
#2416 = CARTESIAN_POINT ( 'NONE',  ( -2.540000000000000036, 7.536189457891851795, 3.573858247018710355 ) ) ;
#2417 = CARTESIAN_POINT ( 'NONE',  ( 0.000000000000000000, 3.447199994035444526, -2.892544243589376673 ) ) ;
#2418 = ORIENTED_EDGE ( 'NONE', *, *, #2166, .F. ) ;
#2419 = EDGE_CURVE ( 'NONE', #3228, #958, #2383, .T. ) ;
#2420 = CARTESIAN_POINT ( 'NONE',  ( -2.540000000000000036, -7.623875402376388166, 0.4310590428604570423 ) ) ;
#2421 = DIRECTION ( 'NONE',  ( 0.000000000000000000, 0.000000000000000000, 1.000000000000000000 ) ) ;
#2422 = VERTEX_POINT ( 'NONE', #2016 ) ;
#2423 = DIRECTION ( 'NONE',  ( -1.000000000000000000, -0.000000000000000000, 0.000000000000000000 ) ) ;
#2424 = EDGE_CURVE ( 'NONE', #2796, #577, #1632, .T. ) ;
#2425 = ORIENTED_EDGE ( 'NONE', *, *, #4289, .F. ) ;
#2426 = CARTESIAN_POINT ( 'NONE',  ( -2.540000000000000036, -6.310923076923074859, -1.074615384615383640 ) ) ;
#2427 = CARTESIAN_POINT ( 'NONE',  ( -2.540000000000000036, -6.916082940428163184, 0.8364630109534906266 ) ) ;
#2428 = ORIENTED_EDGE ( 'NONE', *, *, #1680, .F. ) ;
#2429 = DIRECTION ( 'NONE',  ( 0.000000000000000000, -0.7071067811865474617, -0.7071067811865474617 ) ) ;
#2430 = VECTOR ( 'NONE', #2045, 1000.000000000000000 ) ;
#2431 = VECTOR ( 'NONE', #3500, 1000.000000000000000 ) ;
#2432 = DIRECTION ( 'NONE',  ( 0.000000000000000000, -0.9999992460301319053, 0.001227981745710851960 ) ) ;
#2433 = B_SPLINE_CURVE_WITH_KNOTS ( 'NONE', 3,
 ( #472, #3840, #3227, #2518 ),
 .UNSPECIFIED., .F., .F.,
 ( 4, 4 ),
 ( 4.000000000000000000, 5.000000000000000000 ),
 .UNSPECIFIED. ) ;
#2434 = CARTESIAN_POINT ( 'NONE',  ( -2.540000000000000036, 7.744825452724457548, -5.972525936112138112 ) ) ;
#2435 = DIRECTION ( 'NONE',  ( 0.000000000000000000, 0.6427876096865280386, 0.7660444431189875614 ) ) ;
#2436 = AXIS2_PLACEMENT_3D ( 'NONE', #2162, #1781, #1106 ) ;
#2437 = CARTESIAN_POINT ( 'NONE',  ( -2.540000000000000036, 7.350856638085529582, 4.392761509929139940 ) ) ;
#2438 = CARTESIAN_POINT ( 'NONE',  ( -2.540000000000000036, -6.818923076923074866, -2.188307692307692509 ) ) ;
#2439 = ORIENTED_EDGE ( 'NONE', *, *, #1358, .T. ) ;
#2440 = ORIENTED_EDGE ( 'NONE', *, *, #2861, .F. ) ;
#2441 = B_SPLINE_CURVE_WITH_KNOTS ( 'NONE', 3,
 ( #2607, #4288, #3593, #4274 ),
 .UNSPECIFIED., .F., .F.,
 ( 4, 4 ),
 ( 1.000000000000000000, 2.000000000000000000 ),
 .UNSPECIFIED. ) ;
#2442 = CARTESIAN_POINT ( 'NONE',  ( -2.540000000000000036, -6.813664914881037760, 0.7336476323702982860 ) ) ;
#2443 = CARTESIAN_POINT ( 'NONE',  ( -2.540000000000000036, 7.497225377389561629, 5.444504379569996999 ) ) ;
#2444 = DATE_AND_TIME ( #1860, #3114 ) ;
#2445 = CARTESIAN_POINT ( 'NONE',  ( -2.540000000000000036, -6.837784821886990549, 0.3847689171682202036 ) ) ;
#2446 = APPROVAL_PERSON_ORGANIZATION ( #3334, #2286, #3196 ) ;
#2447 = PRODUCT_DEFINITION_FORMATION_WITH_SPECIFIED_SOURCE ( 'ANY', '', #3462, .NOT_KNOWN. ) ;
#2448 = PERSON_AND_ORGANIZATION_ROLE ( 'design_owner' ) ;
#2449 = CARTESIAN_POINT ( 'NONE',  ( -2.540000000000000036, -7.550050719579641800, 0.2751519375630122610 ) ) ;
#2450 = VERTEX_POINT ( 'NONE', #4389 ) ;
#2451 = ORIENTED_EDGE ( 'NONE', *, *, #3000, .T. ) ;
#2452 = LINE ( 'NONE', #3287, #847 ) ;
#2453 = EDGE_LOOP ( 'NONE', ( #928, #822, #116, #3062 ) ) ;
#2454 = CARTESIAN_POINT ( 'NONE',  ( -2.540000000000000036, -6.962484694904191862, -1.555042905854866930 ) ) ;
#2455 = VECTOR ( 'NONE', #2432, 1000.000000000000000 ) ;
#2456 = EDGE_CURVE ( 'NONE', #3541, #590, #1198, .T. ) ;
#2457 = VERTEX_POINT ( 'NONE', #2403 ) ;
#2458 = ORIENTED_EDGE ( 'NONE', *, *, #2886, .T. ) ;
#2459 = FACE_BOUND ( 'NONE', #1040, .T. ) ;
#2460 = LINE ( 'NONE', #4065, #2400 ) ;
#2461 = CARTESIAN_POINT ( 'NONE',  ( -2.540000000000000036, -9.457282415542378473, -1.355267726413403429 ) ) ;
#2462 = ORIENTED_EDGE ( 'NONE', *, *, #2240, .F. ) ;
#2463 = CARTESIAN_POINT ( 'NONE',  ( -2.540000000000000036, -8.763314522290457376, 2.804612017572102989 ) ) ;
#2464 = CARTESIAN_POINT ( 'NONE',  ( 4.381250000000004086, 0.05000000000000002359, -0.01250000000000001978 ) ) ;
#2465 = CARTESIAN_POINT ( 'NONE',  ( -2.540000000000000036, -7.619999999999997442, 1.563076923076921920 ) ) ;
#2466 = ORIENTED_EDGE ( 'NONE', *, *, #2142, .F. ) ;
#2467 = CIRCLE ( 'NONE', #2272, 12.69999999999999929 ) ;
#2468 = EDGE_CURVE ( 'NONE', #1147, #1216, #2908, .T. ) ;
#2469 = CARTESIAN_POINT ( 'NONE',  ( -2.540000000000000036, -6.906757385664108462, 0.3193935216450025649 ) ) ;
#2470 = ORIENTED_EDGE ( 'NONE', *, *, #782, .T. ) ;
#2471 = ADVANCED_FACE ( 'NONE', ( #4239 ), #3388, .T. ) ;
#2472 = VERTEX_POINT ( 'NONE', #988 ) ;
#2473 = APPROVAL_ROLE ( '' ) ;
#2474 = CARTESIAN_POINT ( 'NONE',  ( -2.540000000000000036, -7.632897349681210919, 0.4757373277589969085 ) ) ;
#2475 = AXIS2_PLACEMENT_3D ( 'NONE', #3626, #4300, #2287 ) ;
#2476 = DIRECTION ( 'NONE',  ( 0.000000000000000000, 0.7071067811865474617, 0.7071067811865476838 ) ) ;
#2477 = CARTESIAN_POINT ( 'NONE',  ( -2.540000000000000036, -6.818677955674707469, -1.806080356003255227 ) ) ;
#2478 = EDGE_LOOP ( 'NONE', ( #2244, #1311 ) ) ;
#2479 = CARTESIAN_POINT ( 'NONE',  ( -2.540000000000000036, 8.173861088903802141, 5.185680426529160059 ) ) ;
#2480 = ADVANCED_BREP_SHAPE_REPRESENTATION ( '', ( #880, #2068 ), #1749 ) ;
#2481 = CARTESIAN_POINT ( 'NONE',  ( -2.540000000000000036, -9.495692307692305434, -1.205584134615383496 ) ) ;
#2482 = VERTEX_POINT ( 'NONE', #1698 ) ;
#2483 = DIRECTION ( 'NONE',  ( -1.000000000000000000, 0.000000000000000000, -0.000000000000000000 ) ) ;
#2484 = EDGE_CURVE ( 'NONE', #4176, #4345, #3592, .T. ) ;
#2485 = PRODUCT_DEFINITION ( 'UNKNOWN', '', #2835, #1356 ) ;
#2486 = DIRECTION ( 'NONE',  ( 0.000000000000000000, 0.000000000000000000, 1.000000000000000000 ) ) ;
#2487 = EDGE_LOOP ( 'NONE', ( #4282, #1735, #2300, #1138, #647 ) ) ;
#2488 = EDGE_LOOP ( 'NONE', ( #3622, #2324, #1245, #2439, #3618, #3614, #3491, #2395, #2629, #2639, #4214, #4020, #2509, #3958, #1275, #1211 ) ) ;
#2489 = MECHANICAL_CONTEXT ( 'NONE', #735, 'mechanical' ) ;
#2490 = EDGE_CURVE ( 'NONE', #72, #1790, #3323, .T. ) ;
#2491 = CC_DESIGN_APPROVAL ( #3832, ( #4148 ) ) ;
#2492 = DIRECTION ( 'NONE',  ( 0.000000000000000000, 0.000000000000000000, 1.000000000000000000 ) ) ;
#2493 = DIRECTION ( 'NONE',  ( 0.000000000000000000, 0.000000000000000000, -1.000000000000000000 ) ) ;
#2494 = ORIENTED_EDGE ( 'NONE', *, *, #1027, .T. ) ;
#2495 = ADVANCED_FACE ( 'NONE', ( #1679 ), #4150, .F. ) ;
#2496 = ORIENTED_EDGE ( 'NONE', *, *, #2870, .F. ) ;
#2497 = CARTESIAN_POINT ( 'NONE',  ( -2.540000000000000036, 4.775199999999999889, 0.000000000000000000 ) ) ;
#2498 = CARTESIAN_POINT ( 'NONE',  ( -2.540000000000000036, -9.443531553616447027, -1.375415963009458453 ) ) ;
#2499 = CARTESIAN_POINT ( 'NONE',  ( -2.540000000000000036, 6.456168487802501410, 0.3727604669423283390 ) ) ;
#2500 = CIRCLE ( 'NONE', #1872, 4.775000000000000355 ) ;
#2501 = DIRECTION ( 'NONE',  ( 0.000000000000000000, 0.000000000000000000, 1.000000000000000000 ) ) ;
#2502 = CARTESIAN_POINT ( 'NONE',  ( -2.540000000000000036, -7.376709761342254978, 0.3675330813787199280 ) ) ;
#2503 = FACE_OUTER_BOUND ( 'NONE', #2025, .T. ) ;
#2504 = ORIENTED_EDGE ( 'NONE', *, *, #3370, .F. ) ;
#2505 = CARTESIAN_POINT ( 'NONE',  ( -2.540000000000000036, -6.271919047328979424, -1.814125279509003708 ) ) ;
#2506 = EDGE_CURVE ( 'NONE', #3848, #1240, #909, .T. ) ;
#2507 = APPLICATION_PROTOCOL_DEFINITION ( 'international standard', 'config_control_design', 1994, #735 ) ;
#2508 = ORGANIZATION ( 'NAUO-ORG3', 'UNSPECIFIED', 'UNSPECIFIED' ) ;
#2509 = ORIENTED_EDGE ( 'NONE', *, *, #1609, .T. ) ;
#2510 = VERTEX_POINT ( 'NONE', #3104 ) ;
#2511 = PERSON_AND_ORGANIZATION ( #697, #238 ) ;
#2512 = CARTESIAN_POINT ( 'NONE',  ( -2.540000000000000036, 7.102749822960102044, 4.890559770672168405 ) ) ;
#2513 = B_SPLINE_CURVE_WITH_KNOTS ( 'NONE', 3,
 ( #542, #1575, #2583, #4254, #2935, #2901, #4273, #1930, #2562, #3261, #3244, #3282, #1214, #1239, #3628, #3968, #3590, #1943, #4318 ),
 .UNSPECIFIED., .F., .F.,
 ( 4, 1, 1, 1, 1, 1, 1, 1, 1, 1, 1, 1, 1, 1, 1, 1, 4 ),
 ( 0.000000000000000000, 0.05856116146595447686, 0.1150060130467072395, 0.1697212884800868571, 0.2235921357043508251, 0.2768039995842374035, 0.3307610590291424346, 0.3849798294230237783, 0.4410867972467150122, 0.4982679656459613193, 0.5575961644186543387, 0.6201148054024282485, 0.6857042391013380422, 0.7568083997193517654, 0.8319348943756391668, 0.9128561250450188957, 1.000000000000000000 ),
 .UNSPECIFIED. ) ;
#2514 = DIRECTION ( 'NONE',  ( 0.000000000000000000, -0.004989411720881444835, -0.9999875528078735476 ) ) ;
#2515 = CARTESIAN_POINT ( 'NONE',  ( -2.540000000000000036, -8.635999999999999233, -1.150632211538460625 ) ) ;
#2516 = ORIENTED_EDGE ( 'NONE', *, *, #3795, .F. ) ;
#2517 = COORDINATED_UNIVERSAL_TIME_OFFSET ( 5, 0, .BEHIND. ) ;
#2518 = CARTESIAN_POINT ( 'NONE',  ( -2.540000000000000036, 7.199456681376780409, 0.06553649016905721547 ) ) ;
#2519 = DIRECTION ( 'NONE',  ( -1.000000000000000000, -0.000000000000000000, -0.000000000000000000 ) ) ;
#2520 = ORIENTED_EDGE ( 'NONE', *, *, #3285, .F. ) ;
#2521 = APPROVAL ( #4200, 'UNSPECIFIED' ) ;
#2522 = LINE ( 'NONE', #2114, #2455 ) ;
#2523 = APPROVAL_ROLE ( '' ) ;
#2524 = CARTESIAN_POINT ( 'NONE',  ( -2.540000000000000036, -6.798163461538458741, 1.563076923076921920 ) ) ;
#2525 = EDGE_CURVE ( 'NONE', #1041, #1551, #2624, .T. ) ;
#2526 = CIRCLE ( 'NONE', #565, 0.03750000000000003331 ) ;
#2527 = CARTESIAN_POINT ( 'NONE',  ( -2.540000000000000036, 7.639370821174638948, 5.047019149436295926 ) ) ;
#2528 = EDGE_CURVE ( 'NONE', #4206, #1296, #3970, .T. ) ;
#2529 = CARTESIAN_POINT ( 'NONE',  ( -2.540000000000000036, 6.852457565216916180, 5.139083114961330523 ) ) ;
#2530 = LINE ( 'NONE', #2336, #535 ) ;
#2531 = CARTESIAN_POINT ( 'NONE',  ( -2.540000000000000036, -8.756541003812372992, 1.932281053814860705 ) ) ;
#2532 =( REPRESENTATION_RELATIONSHIP ('NONE','NONE', #4213, #2826 ) REPRESENTATION_RELATIONSHIP_WITH_TRANSFORMATION ( #2613 )SHAPE_REPRESENTATION_RELATIONSHIP( ) );
#2533 = EDGE_CURVE ( 'NONE', #445, #977, #178, .T. ) ;
#2534 = CARTESIAN_POINT ( 'NONE',  ( -2.540000000000000036, -6.136122514688719498, -1.517427641404911043 ) ) ;
#2535 = ORIENTED_EDGE ( 'NONE', *, *, #207, .F. ) ;
#2536 = ADVANCED_FACE ( 'NONE', ( #3800 ), #2053, .T. ) ;
#2537 = CARTESIAN_POINT ( 'NONE',  ( -2.540000000000000036, 6.370052852164888257, -2.067847178581395884 ) ) ;
#2538 = CARTESIAN_POINT ( 'NONE',  ( -2.540000000000000036, 6.659851554272828267, 4.504113767598405538 ) ) ;
#2539 = CARTESIAN_POINT ( 'NONE',  ( -2.540000000000000036, -9.283273424777632954, -2.561930016385361331 ) ) ;
#2540 = VERTEX_POINT ( 'NONE', #2967 ) ;
#2541 = ORIENTED_EDGE ( 'NONE', *, *, #1627, .F. ) ;
#2542 = APPROVAL ( #441, 'UNSPECIFIED' ) ;
#2543 = CARTESIAN_POINT ( 'NONE',  ( -2.540000000000000036, 7.734624468248643581, 3.970173327818531384 ) ) ;
#2544 = DIRECTION ( 'NONE',  ( 0.000000000000000000, 0.000000000000000000, 1.000000000000000000 ) ) ;
#2545 = ORIENTED_EDGE ( 'NONE', *, *, #2770, .T. ) ;
#2546 = CARTESIAN_POINT ( 'NONE',  ( -2.540000000000000036, -8.791655710750601926, 1.951503264591090581 ) ) ;
#2547 = FACE_OUTER_BOUND ( 'NONE', #4170, .T. ) ;
#2548 = ORIENTED_EDGE ( 'NONE', *, *, #1510, .F. ) ;
#2549 = DIRECTION ( 'NONE',  ( -1.000000000000000000, -0.000000000000000000, -0.000000000000000000 ) ) ;
#2550 = EDGE_CURVE ( 'NONE', #4229, #1183, #2500, .T. ) ;
#2551 = EDGE_CURVE ( 'NONE', #634, #1015, #1297, .T. ) ;
#2552 = CARTESIAN_POINT ( 'NONE',  ( -2.540000000000000036, -8.983350967074828830, 1.530053745558333400 ) ) ;
#2553 = CARTESIAN_POINT ( 'NONE',  ( -2.540000000000000036, -9.024735394776714159, 0.3321454866306642328 ) ) ;
#2554 = CARTESIAN_POINT ( 'NONE',  ( -2.540000000000000036, -9.470795720471612000, 0.7052575874456586957 ) ) ;
#2555 = DIRECTION ( 'NONE',  ( -1.000000000000000000, -0.000000000000000000, -0.000000000000000000 ) ) ;
#2556 = VERTEX_POINT ( 'NONE', #980 ) ;
#2557 = EDGE_CURVE ( 'NONE', #2745, #3581, #1231, .T. ) ;
#2558 = CARTESIAN_POINT ( 'NONE',  ( -2.540000000000000036, 8.009062117620672439, 0.3446066106288729336 ) ) ;
#2559 = VECTOR ( 'NONE', #3744, 1000.000000000000000 ) ;
#2560 = CARTESIAN_POINT ( 'NONE',  ( -2.540000000000000036, 7.746652471488113534, -4.492514159263707896 ) ) ;
#2561 = CARTESIAN_POINT ( 'NONE',  ( -1.881250000000001865, 0.05000000000000002359, -0.01250000000000001978 ) ) ;
#2562 = CARTESIAN_POINT ( 'NONE',  ( -2.540000000000000036, -8.753150936551589822, 2.263864266199551611 ) ) ;
#2563 = LOCAL_TIME ( 15, 59, 21.00000000000000000, #3240 ) ;
#2564 = ADVANCED_FACE ( 'NONE', ( #1921, #2816, #76, #1696, #1088, #2295, #4310, #2619, #3395, #2810, #2923, #1583, #71 ), #3364, .F. ) ;
#2565 = VERTEX_POINT ( 'NONE', #3331 ) ;
#2566 = CARTESIAN_POINT ( 'NONE',  ( -2.540000000000000036, 7.045076938641807729, 4.048845564814140374 ) ) ;
#2567 = EDGE_CURVE ( 'NONE', #277, #750, #1253, .T. ) ;
#2568 = APPLICATION_PROTOCOL_DEFINITION ( 'international standard', 'config_control_design', 1994, #2253 ) ;
#2569 = ORIENTED_EDGE ( 'NONE', *, *, #3726, .F. ) ;
#2570 = DIRECTION ( 'NONE',  ( 0.000000000000000000, 0.000000000000000000, 1.000000000000000000 ) ) ;
#2571 = LOCAL_TIME ( 15, 59, 21.00000000000000000, #3927 ) ;
#2572 = CARTESIAN_POINT ( 'NONE',  ( -2.540000000000000036, 8.145647153605654722, -4.028004414013945045 ) ) ;
#2573 = ORIENTED_EDGE ( 'NONE', *, *, #640, .F. ) ;
#2574 = PLANE ( 'NONE',  #4396 ) ;
#2575 = VECTOR ( 'NONE', #1647, 1000.000000000000000 ) ;
#2576 = B_SPLINE_CURVE_WITH_KNOTS ( 'NONE', 3,
 ( #4181, #1171, #3160, #124, #424, #2159, #2184, #2838, #85, #2505, #3178 ),
 .UNSPECIFIED., .F., .F.,
 ( 4, 1, 1, 1, 1, 1, 1, 1, 4 ),
 ( 0.000000000000000000, 0.07638299760369725300, 0.1659855054655320905, 0.2707148802617374006, 0.3888240826834116204, 0.5206018700426675583, 0.6660294782576522410, 0.8252434598020200740, 1.000000000000000000 ),
 .UNSPECIFIED. ) ;
#2577 = CARTESIAN_POINT ( 'NONE',  ( 1.881250000000001865, 0.05000000000000002359, 0.01250000000000001978 ) ) ;
#2578 = ORIENTED_EDGE ( 'NONE', *, *, #3163, .T. ) ;
#2579 = VECTOR ( 'NONE', #2580, 1000.000000000000000 ) ;
#2580 = DIRECTION ( 'NONE',  ( -0.000000000000000000, 0.001227981745710413509, 0.9999992460301319053 ) ) ;
#2581 = DIRECTION ( 'NONE',  ( -0.000000000000000000, -1.000000000000000000, -0.000000000000000000 ) ) ;
#2582 = EDGE_CURVE ( 'NONE', #972, #4105, #660, .T. ) ;
#2583 = CARTESIAN_POINT ( 'NONE',  ( -2.540000000000000036, -8.695252418070426259, 2.404127338779705525 ) ) ;
#2584 = DIRECTION ( 'NONE',  ( -1.000000000000000000, -0.000000000000000000, -0.000000000000000000 ) ) ;
#2585 = DIRECTION ( 'NONE',  ( -0.000000000000000000, -0.9999992460301319053, 0.001227981745710096488 ) ) ;
#2586 = CARTESIAN_POINT ( 'NONE',  ( -2.540000000000000036, 7.587305304884834456, 5.417958114845806250 ) ) ;
#2587 = CARTESIAN_POINT ( 'NONE',  ( -2.540000000000000036, 7.078425455714625336, 2.572506988928578320 ) ) ;
#2588 = EDGE_CURVE ( 'NONE', #794, #4401, #3482, .T. ) ;
#2589 = DIRECTION ( 'NONE',  ( 0.000000000000000000, 0.004989411720877776762, 0.9999875528078735476 ) ) ;
#2590 = CARTESIAN_POINT ( 'NONE',  ( -2.540000000000000036, 7.154196724320334155, 5.008880501096596660 ) ) ;
#2591 = CARTESIAN_POINT ( 'NONE',  ( -0.01249999999999965375, 0.05000000000000002359, -1.881250000000001865 ) ) ;
#2592 = CARTESIAN_POINT ( 'NONE',  ( -2.540000000000000036, -8.539808230829455837, -2.046737587401330494 ) ) ;
#2593 = ORIENTED_EDGE ( 'NONE', *, *, #362, .T. ) ;
#2594 = DIRECTION ( 'NONE',  ( 0.000000000000000000, 0.000000000000000000, -1.000000000000000000 ) ) ;
#2595 = B_SPLINE_CURVE_WITH_KNOTS ( 'NONE', 3,
 ( #2193, #70, #415, #2534, #3801, #3883, #3217, #3948, #2877, #2234, #1563, #3199, #2600, #3896, #4227 ),
 .UNSPECIFIED., .F., .F.,
 ( 4, 1, 1, 1, 1, 1, 1, 1, 1, 1, 1, 1, 4 ),
 ( 0.000000000000000000, 0.08924249378152869505, 0.1729768290722686896, 0.2526551372368088244, 0.3289533944009833677, 0.4046880824662926757, 0.4814988935669580750, 0.5618700905962239478, 0.6456290048367238077, 0.7322912491886801600, 0.8191788448148039636, 0.9080746859653676673, 1.000000000000000000 ),
 .UNSPECIFIED. ) ;
#2596 = CARTESIAN_POINT ( 'NONE',  ( -2.540000000000000036, -6.946020665828389618, 1.057052562686873420 ) ) ;
#2597 = APPROVAL_ROLE ( '' ) ;
#2598 = ORIENTED_EDGE ( 'NONE', *, *, #1077, .T. ) ;
#2599 = DIRECTION ( 'NONE',  ( -0.000000000000000000, -0.9999992460301319053, 0.001227981745710551419 ) ) ;
#2600 = CARTESIAN_POINT ( 'NONE',  ( -2.540000000000000036, -6.479330351941668731, -1.271416815694040414 ) ) ;
#2601 = CARTESIAN_POINT ( 'NONE',  ( -2.540000000000000036, -6.096380513233133236, -1.776540828732273480 ) ) ;
#2602 = CARTESIAN_POINT ( 'NONE',  ( -2.540000000000000036, -6.489874978960130214, -0.4355907592621316438 ) ) ;
#2603 = PRODUCT_RELATED_PRODUCT_CATEGORY ( 'detail', '', ( #3277 ) ) ;
#2604 = FACE_OUTER_BOUND ( 'NONE', #2873, .T. ) ;
#2605 = CARTESIAN_POINT ( 'NONE',  ( -2.540000000000000036, -9.651999999999997470, 2.815980769230769898 ) ) ;
#2606 = DIRECTION ( 'NONE',  ( 0.000000000000000000, 1.000000000000000000, 0.000000000000000000 ) ) ;
#2607 = CARTESIAN_POINT ( 'NONE',  ( -2.540000000000000036, 7.652443044910192782, 4.060964772084330932 ) ) ;
#2608 = FACE_OUTER_BOUND ( 'NONE', #496, .T. ) ;
#2609 = CARTESIAN_POINT ( 'NONE',  ( -2.540000000000000036, -8.694615384615383746, 2.431317307692308471 ) ) ;
#2610 = VERTEX_POINT ( 'NONE', #1612 ) ;
#2611 = DIRECTION ( 'NONE',  ( -1.000000000000000000, -0.000000000000000000, -0.000000000000000000 ) ) ;
#2612 = CARTESIAN_POINT ( 'NONE',  ( -2.540000000000000036, 7.076040031340663283, 2.094415619530458628 ) ) ;
#2613 = ITEM_DEFINED_TRANSFORMATION ( 'NONE', 'NONE', #3975,  #2068 ) ;
#2614 = CARTESIAN_POINT ( 'NONE',  ( -2.540000000000000036, -8.518769230769228429, 2.478331730769231189 ) ) ;
#2615 = CARTESIAN_POINT ( 'NONE',  ( -2.540000000000000036, 7.343790842438876254, 4.234762389185649845 ) ) ;
#2616 = VECTOR ( 'NONE', #1369, 1000.000000000000000 ) ;
#2617 = LOCAL_TIME ( 15, 59, 21.00000000000000000, #4197 ) ;
#2618 = CARTESIAN_POINT ( 'NONE',  ( -2.540000000000000036, 8.154314346573139360, 3.030069912381535779 ) ) ;
#2619 = FACE_BOUND ( 'NONE', #2488, .T. ) ;
#2620 = ORIENTED_EDGE ( 'NONE', *, *, #1103, .T. ) ;
#2621 = CARTESIAN_POINT ( 'NONE',  ( -2.398232558139534287, 0.000000000000000000, 0.000000000000000000 ) ) ;
#2622 = ORIENTED_EDGE ( 'NONE', *, *, #1573, .T. ) ;
#2623 = AXIS2_PLACEMENT_3D ( 'NONE', #215, #592, #1607 ) ;
#2624 = B_SPLINE_CURVE_WITH_KNOTS ( 'NONE', 3,
 ( #903, #3299, #3608, #863, #177, #3591, #1558, #3939, #1913, #195, #1605 ),
 .UNSPECIFIED., .F., .F.,
 ( 4, 1, 1, 1, 1, 1, 1, 1, 4 ),
 ( 0.000000000000000000, 0.1478596367312525750, 0.2835613219395486939, 0.4123693961385310747, 0.5342363558879461571, 0.6526916293119838786, 0.7686630594981267439, 0.8836524018604065001, 1.000000000000000000 ),
 .UNSPECIFIED. ) ;
#2625 = COORDINATED_UNIVERSAL_TIME_OFFSET ( 5, 0, .BEHIND. ) ;
#2626 = EDGE_CURVE ( 'NONE', #2090, #3603, #1359, .T. ) ;
#2627 = CARTESIAN_POINT ( 'NONE',  ( -2.540000000000000036, -8.632998540999651027, 1.583487093377082600 ) ) ;
#2628 = CARTESIAN_POINT ( 'NONE',  ( -2.540000000000000036, 7.154196724320334155, 5.008880501096596660 ) ) ;
#2629 = ORIENTED_EDGE ( 'NONE', *, *, #3093, .T. ) ;
#2630 = CARTESIAN_POINT ( 'NONE',  ( -2.540000000000000036, 7.570397825728026220, 5.329836521086799728 ) ) ;
#2631 = VERTEX_POINT ( 'NONE', #907 ) ;
#2632 = CARTESIAN_POINT ( 'NONE',  ( -2.540000000000000036, -9.077007665051008090, -0.7047302987057977308 ) ) ;
#2633 = EDGE_CURVE ( 'NONE', #3802, #3190, #1255, .T. ) ;
#2634 = LINE ( 'NONE', #3773, #2236 ) ;
#2635 = CARTESIAN_POINT ( 'NONE',  ( -2.540000000000000036, 7.964960915216089177, 4.537591486971791710 ) ) ;
#2636 = CARTESIAN_POINT ( 'NONE',  ( -2.540000000000000036, 8.155979574190288517, 4.386137596150174289 ) ) ;
#2637 = SHAPE_REPRESENTATION ( 'TTN164142', ( #2068 ), #1749 ) ;
#2638 = CARTESIAN_POINT ( 'NONE',  ( -2.540000000000000036, -7.244287973563704242, 1.058761027318551484 ) ) ;
#2639 = ORIENTED_EDGE ( 'NONE', *, *, #1715, .T. ) ;
#2640 = ORIENTED_EDGE ( 'NONE', *, *, #2196, .F. ) ;
#2641 = DIRECTION ( 'NONE',  ( 0.000000000000000000, 0.000000000000000000, 1.000000000000000000 ) ) ;
#2642 = DIRECTION ( 'NONE',  ( -0.000000000000000000, 0.001227981745711574039, 0.9999992460301319053 ) ) ;
#2643 = DIRECTION ( 'NONE',  ( 0.000000000000000000, 0.000000000000000000, -1.000000000000000000 ) ) ;
#2644 = ORIENTED_EDGE ( 'NONE', *, *, #4127, .T. ) ;
#2645 = VERTEX_POINT ( 'NONE', #4280 ) ;
#2646 = ORIENTED_EDGE ( 'NONE', *, *, #3995, .F. ) ;
#2647 = ORIENTED_EDGE ( 'NONE', *, *, #1348, .F. ) ;
#2648 = ORIENTED_EDGE ( 'NONE', *, *, #4187, .T. ) ;
#2649 = CARTESIAN_POINT ( 'NONE',  ( -2.540000000000000036, -6.095999999999998309, -2.403230769230769504 ) ) ;
#2650 = CARTESIAN_POINT ( 'NONE',  ( -2.540000000000000036, -6.801116422958141783, 0.7060755504235280977 ) ) ;
#2651 = APPROVAL ( #1885, 'UNSPECIFIED' ) ;
#2652 = DIRECTION ( 'NONE',  ( -1.000000000000000000, -0.000000000000000000, -0.000000000000000000 ) ) ;
#2653 = EDGE_CURVE ( 'NONE', #44, #1518, #1931, .T. ) ;
#2654 = ORIENTED_EDGE ( 'NONE', *, *, #1765, .T. ) ;
#2655 = CARTESIAN_POINT ( 'NONE',  ( -2.540000000000000036, -9.015255442737302616, 1.528207892891686903 ) ) ;
#2656 = LOCAL_TIME ( 15, 59, 21.00000000000000000, #3752 ) ;
#2657 = ORIENTED_EDGE ( 'NONE', *, *, #3313, .F. ) ;
#2658 = B_SPLINE_CURVE_WITH_KNOTS ( 'NONE', 3,
 ( #2437, #360, #49, #2775 ),
 .UNSPECIFIED., .F., .F.,
 ( 4, 4 ),
 ( 8.000000000000000000, 9.000000000000000000 ),
 .UNSPECIFIED. ) ;
#2659 = VERTEX_POINT ( 'NONE', #3665 ) ;
#2660 = PERSON_AND_ORGANIZATION ( #697, #238 ) ;
#2661 = AXIS2_PLACEMENT_3D ( 'NONE', #1537, #534, #3267 ) ;
#2662 = AXIS2_PLACEMENT_3D ( 'NONE', #3861, #3891, #513 ) ;
#2663 = CARTESIAN_POINT ( 'NONE',  ( -2.540000000000000036, 6.757750797892491335, 5.214143369441851306 ) ) ;
#2664 = ORIENTED_EDGE ( 'NONE', *, *, #808, .T. ) ;
#2665 = ORIENTED_EDGE ( 'NONE', *, *, #4004, .F. ) ;
#2666 = VECTOR ( 'NONE', #4351, 1000.000000000000000 ) ;
#2667 = LINE ( 'NONE', #1354, #1264 ) ;
#2668 = LINE ( 'NONE', #720, #567 ) ;
#2669 = DIRECTION ( 'NONE',  ( 1.000000000000000000, 0.000000000000000000, 0.000000000000000000 ) ) ;
#2670 = CARTESIAN_POINT ( 'NONE',  ( 0.000000000000000000, 0.000000000000000000, 0.000000000000000000 ) ) ;
#2671 = ORIENTED_EDGE ( 'NONE', *, *, #1294, .T. ) ;
#2672 = FACE_BOUND ( 'NONE', #2379, .T. ) ;
#2673 = CARTESIAN_POINT ( 'NONE',  ( -2.540000000000000036, 6.368971826872495079, -2.948173356970043901 ) ) ;
#2674 = CARTESIAN_POINT ( 'NONE',  ( -2.540000000000000036, 7.758346163959190633, -1.206772449346147136 ) ) ;
#2675 = CARTESIAN_POINT ( 'NONE',  ( -2.540000000000000036, -6.297550788858212734, -1.613268066665473732 ) ) ;
#2676 = ORIENTED_EDGE ( 'NONE', *, *, #3893, .F. ) ;
#2677 = CARTESIAN_POINT ( 'NONE',  ( -2.540000000000000036, 6.456168487802501410, 0.3727604669423283390 ) ) ;
#2678 = DIRECTION ( 'NONE',  ( 0.000000000000000000, 1.000000000000000000, 0.000000000000000000 ) ) ;
#2679 = EDGE_CURVE ( 'NONE', #796, #2994, #2276, .T. ) ;
#2680 = CARTESIAN_POINT ( 'NONE',  ( -2.398232558139534287, 0.000000000000000000, 0.000000000000000000 ) ) ;
#2681 = B_SPLINE_CURVE_WITH_KNOTS ( 'NONE', 3,
 ( #2183, #1824, #108, #2529 ),
 .UNSPECIFIED., .F., .F.,
 ( 4, 4 ),
 ( 5.000000000000000000, 6.000000000000000000 ),
 .UNSPECIFIED. ) ;
#2682 = AXIS2_PLACEMENT_3D ( 'NONE', #4141, #1771, #4163 ) ;
#2683 = ORIENTED_EDGE ( 'NONE', *, *, #1876, .F. ) ;
#2684 = EDGE_LOOP ( 'NONE', ( #22, #2779 ) ) ;
#2685 = VERTEX_POINT ( 'NONE', #4070 ) ;
#2686 = CARTESIAN_POINT ( 'NONE',  ( -2.540000000000000036, 7.046898556340920550, 3.031429799782167311 ) ) ;
#2687 = ORIENTED_EDGE ( 'NONE', *, *, #716, .F. ) ;
#2688 = DIRECTION ( 'NONE',  ( 0.000000000000000000, 0.000000000000000000, -1.000000000000000000 ) ) ;
#2689 = AXIS2_PLACEMENT_3D ( 'NONE', #4276, #1241, #3629 ) ;
#2690 = ORIENTED_EDGE ( 'NONE', *, *, #413, .T. ) ;
#2691 = EDGE_CURVE ( 'NONE', #569, #1768, #2952, .T. ) ;
#2692 = CARTESIAN_POINT ( 'NONE',  ( -2.540000000000000036, 4.775199999999999889, 0.000000000000000000 ) ) ;
#2693 = CARTESIAN_POINT ( 'NONE',  ( -2.540000000000000036, -9.495692307692305434, -1.205584134615383496 ) ) ;
#2694 = B_SPLINE_CURVE_WITH_KNOTS ( 'NONE', 3,
 ( #3562, #2854, #1505, #865, #474, #1874, #2215, #2889, #3909, #849, #1533, #1884, #2229, #2904, #3273, #910, #3300, #1960, #2268 ),
 .UNSPECIFIED., .F., .F.,
 ( 4, 1, 1, 1, 1, 1, 1, 1, 1, 1, 1, 1, 1, 1, 1, 1, 4 ),
 ( 0.000000000000000000, 0.06929802345975313860, 0.1355608441012821075, 0.1996709556470569469, 0.2617162384956092658, 0.3226619299471021329, 0.3829069237782238844, 0.4430320330728908518, 0.5035007873501625708, 0.5637242810171082530, 0.6239800220534748032, 0.6836293869955242242, 0.7438482724857315986, 0.8051918462295106771, 0.8676487429597673495, 0.9327780842312600740, 0.9999999999999998890 ),
 .UNSPECIFIED. ) ;
#2695 = B_SPLINE_CURVE_WITH_KNOTS ( 'NONE', 3,
 ( #3143, #471, #2869, #1868 ),
 .UNSPECIFIED., .F., .F.,
 ( 4, 4 ),
 ( 19.00000000000000000, 20.00000000000000000 ),
 .UNSPECIFIED. ) ;
#2696 = ORIENTED_EDGE ( 'NONE', *, *, #3517, .T. ) ;
#2697 = CARTESIAN_POINT ( 'NONE',  ( -2.540000000000000036, -8.649799042037507490, -1.255773022321545307 ) ) ;
#2698 = FACE_OUTER_BOUND ( 'NONE', #3212, .T. ) ;
#2699 = DIRECTION ( 'NONE',  ( 0.000000000000000000, 1.000000000000000000, 0.000000000000000000 ) ) ;
#2700 = VECTOR ( 'NONE', #3671, 1000.000000000000000 ) ;
#2701 = AXIS2_PLACEMENT_3D ( 'NONE', #56, #2809, #3141 ) ;
#2702 = VECTOR ( 'NONE', #3177, 1000.000000000000000 ) ;
#2703 = ORIENTED_EDGE ( 'NONE', *, *, #1475, .T. ) ;
#2704 = CARTESIAN_POINT ( 'NONE',  ( -2.540000000000000036, -6.790830963755643879, -1.335989076701943556 ) ) ;
#2705 = DATE_AND_TIME ( #2235, #2563 ) ;
#2706 = APPROVAL ( #816, 'UNKNOWN' ) ;
#2707 = ADVANCED_FACE ( 'NONE', ( #1687 ), #3175, .T. ) ;
#2708 = CARTESIAN_POINT ( 'NONE',  ( -2.540000000000000036, -9.398775817587580406, -0.9801204518375299379 ) ) ;
#2709 = ORIENTED_EDGE ( 'NONE', *, *, #3910, .F. ) ;
#2710 = CARTESIAN_POINT ( 'NONE',  ( -2.540000000000000036, -6.681683389806340578, 0.3876136430145572520 ) ) ;
#2711 = PERSON_AND_ORGANIZATION ( #697, #238 ) ;
#2712 = LINE ( 'NONE', #55, #3866 ) ;
#2713 = VECTOR ( 'NONE', #3382, 1000.000000000000000 ) ;
#2714 = CARTESIAN_POINT ( 'NONE',  ( -2.540000000000000036, 6.414332946009199787, 5.189775043030142143 ) ) ;
#2715 = ORIENTED_EDGE ( 'NONE', *, *, #1819, .T. ) ;
#2716 = LINE ( 'NONE', #1451, #79 ) ;
#2717 = B_SPLINE_CURVE_WITH_KNOTS ( 'NONE', 3,
 ( #2754, #1014, #2739, #345 ),
 .UNSPECIFIED., .F., .F.,
 ( 4, 4 ),
 ( 0.000000000000000000, 1.000000000000000000 ),
 .UNSPECIFIED. ) ;
#2718 = CARTESIAN_POINT ( 'NONE',  ( -2.540000000000000036, 6.460834835456818581, 4.201817726531694497 ) ) ;
#2719 = ORIENTED_EDGE ( 'NONE', *, *, #4368, .T. ) ;
#2720 = VERTEX_POINT ( 'NONE', #2438 ) ;
#2721 = CARTESIAN_POINT ( 'NONE',  ( -2.540000000000000036, -6.921152876881005334, -1.459274167089106955 ) ) ;
#2722 = VECTOR ( 'NONE', #3718, 1000.000000000000000 ) ;
#2723 = FACE_OUTER_BOUND ( 'NONE', #4190, .T. ) ;
#2724 = EDGE_CURVE ( 'NONE', #1183, #1975, #938, .T. ) ;
#2725 = CARTESIAN_POINT ( 'NONE',  ( -2.540000000000000036, -6.271846153846151850, -1.824403846153846764 ) ) ;
#2726 = CARTESIAN_POINT ( 'NONE',  ( -2.540000000000000036, 7.259451802890562355, -1.191151910359529165 ) ) ;
#2727 = ORIENTED_EDGE ( 'NONE', *, *, #1052, .F. ) ;
#2728 = CARTESIAN_POINT ( 'NONE',  ( -2.540000000000000036, 6.881751233268240675, 4.127761482654845437 ) ) ;
#2729 = EDGE_CURVE ( 'NONE', #4162, #3309, #3812, .T. ) ;
#2730 = DIRECTION ( 'NONE',  ( 0.000000000000000000, 0.000000000000000000, 1.000000000000000000 ) ) ;
#2731 = PRODUCT_DEFINITION_SHAPE ( 'NONE', 'NONE',  #2043 ) ;
#2732 = EDGE_CURVE ( 'NONE', #2737, #2090, #3487, .T. ) ;
#2733 = CARTESIAN_POINT ( 'NONE',  ( -2.540000000000000036, 6.568177456466133712, 4.463071608852904326 ) ) ;
#2734 = CC_DESIGN_APPROVAL ( #3343, ( #3477 ) ) ;
#2735 = SHAPE_REPRESENTATION ( 'DWG2082_Design Only', ( #2068 ), #1177 ) ;
#2736 = CARTESIAN_POINT ( 'NONE',  ( 0.000000000000000000, 0.000000000000000000, 0.000000000000000000 ) ) ;
#2737 = VERTEX_POINT ( 'NONE', #4116 ) ;
#2738 = EDGE_CURVE ( 'NONE', #4372, #2510, #1370, .T. ) ;
#2739 = CARTESIAN_POINT ( 'NONE',  ( -2.540000000000000036, 6.413932095181872128, 4.863344681586177387 ) ) ;
#2740 = ORIENTED_EDGE ( 'NONE', *, *, #3259, .T. ) ;
#2741 = EDGE_CURVE ( 'NONE', #752, #1120, #4106, .T. ) ;
#2742 = DIRECTION ( 'NONE',  ( -0.000000000000000000, 1.000000000000000000, 1.224646799147353207E-16 ) ) ;
#2743 = VERTEX_POINT ( 'NONE', #1426 ) ;
#2744 = VECTOR ( 'NONE', #430, 1000.000000000000000 ) ;
#2745 = VERTEX_POINT ( 'NONE', #3132 ) ;
#2746 = CARTESIAN_POINT ( 'NONE',  ( -2.540000000000000036, 6.936870063618124860, 5.972525936112138112 ) ) ;
#2747 = ORIENTED_EDGE ( 'NONE', *, *, #1974, .T. ) ;
#2748 = DIRECTION ( 'NONE',  ( 0.000000000000000000, 0.000000000000000000, 1.000000000000000000 ) ) ;
#2749 = CARTESIAN_POINT ( 'NONE',  ( -2.540000000000000036, -7.639538461538459835, 0.5711947115384623519 ) ) ;
#2750 = VECTOR ( 'NONE', #902, 1000.000000000000000 ) ;
#2751 = CARTESIAN_POINT ( 'NONE',  ( -2.540000000000000036, -6.115538461538460702, -0.09769230769230688449 ) ) ;
#2752 = VECTOR ( 'NONE', #4277, 1000.000000000000000 ) ;
#2753 = ORIENTED_EDGE ( 'NONE', *, *, #1403, .T. ) ;
#2754 = CARTESIAN_POINT ( 'NONE',  ( -2.540000000000000036, 6.873973184402070835, 4.505361358439897046 ) ) ;
#2755 = VERTEX_POINT ( 'NONE', #2191 ) ;
#2756 = DIRECTION ( 'NONE',  ( -1.000000000000000000, -0.000000000000000000, -0.000000000000000000 ) ) ;
#2757 = CC_DESIGN_DATE_AND_TIME_ASSIGNMENT ( #2444, #2875, ( #2043 ) ) ;
#2758 = ORIENTED_EDGE ( 'NONE', *, *, #1300, .F. ) ;
#2759 = COORDINATED_UNIVERSAL_TIME_OFFSET ( 5, 0, .BEHIND. ) ;
#2760 = VERTEX_POINT ( 'NONE', #51 ) ;
#2761 = EDGE_CURVE ( 'NONE', #1857, #2610, #3872, .T. ) ;
#2762 = ORIENTED_EDGE ( 'NONE', *, *, #1534, .F. ) ;
#2763 = ORIENTED_EDGE ( 'NONE', *, *, #2886, .F. ) ;
#2764 = SHAPE_DEFINITION_REPRESENTATION ( #4426, #2735 ) ;
#2765 = CARTESIAN_POINT ( 'NONE',  ( -0.1269999999999973372, 0.000000000000000000, 12.69999999999999929 ) ) ;
#2766 = ORIENTED_EDGE ( 'NONE', *, *, #1403, .F. ) ;
#2767 = CARTESIAN_POINT ( 'NONE',  ( -2.540000000000000036, -9.495405184075934812, -1.215053220041000470 ) ) ;
#2768 = CARTESIAN_POINT ( 'NONE',  ( -2.540000000000000036, -6.610027268106802190, 0.5568844993645447605 ) ) ;
#2769 = CARTESIAN_POINT ( 'NONE',  ( -2.540000000000000036, 6.366485086032026786, -4.973235190524890825 ) ) ;
#2770 = EDGE_CURVE ( 'NONE', #1455, #4010, #4309, .T. ) ;
#2771 = CARTESIAN_POINT ( 'NONE',  ( -2.540000000000000036, -7.222576623797858808, 0.2987746634677483915 ) ) ;
#2772 = DIRECTION ( 'NONE',  ( 0.000000000000000000, 0.000000000000000000, 1.000000000000000000 ) ) ;
#2773 = VERTEX_POINT ( 'NONE', #3501 ) ;
#2774 = CIRCLE ( 'NONE', #253, 1.500000000000001554 ) ;
#2775 = CARTESIAN_POINT ( 'NONE',  ( -2.540000000000000036, 7.080227692343286527, 4.564443495507751081 ) ) ;
#2776 = CARTESIAN_POINT ( 'NONE',  ( -2.540000000000000036, -9.627576923076921034, 0.7549783653846164899 ) ) ;
#2777 = ORIENTED_EDGE ( 'NONE', *, *, #2142, .T. ) ;
#2778 = CARTESIAN_POINT ( 'NONE',  ( -2.540000000000000036, 7.498180551131855331, -4.027209336245686444 ) ) ;
#2779 = ORIENTED_EDGE ( 'NONE', *, *, #3953, .F. ) ;
#2780 = CIRCLE ( 'NONE', #190, 4.762500000000004619 ) ;
#2781 = CARTESIAN_POINT ( 'NONE',  ( -2.540000000000000036, -8.518769230769228429, 2.478331730769231189 ) ) ;
#2782 = CARTESIAN_POINT ( 'NONE',  ( -2.540000000000000036, 6.656335835890905273, -0.1112863498164114312 ) ) ;
#2783 = ORIENTED_EDGE ( 'NONE', *, *, #3550, .T. ) ;
#2784 = CARTESIAN_POINT ( 'NONE',  ( -2.540000000000000036, -8.572092935238629252, 2.035967142896710325 ) ) ;
#2785 = CARTESIAN_POINT ( 'NONE',  ( -2.540000000000000036, -9.276287973563706046, -0.7192389726814475415 ) ) ;
#2786 = APPLICATION_PROTOCOL_DEFINITION ( 'international standard', 'config_control_design', 1994, #2105 ) ;
#2787 = EDGE_CURVE ( 'NONE', #512, #3416, #1422, .T. ) ;
#2788 = PRODUCT_RELATED_PRODUCT_CATEGORY ( 'detail', '', ( #411 ) ) ;
#2789 = EDGE_LOOP ( 'NONE', ( #3103, #1494, #551, #3705, #171, #1237, #3594, #3110 ) ) ;
#2790 = ORIENTED_EDGE ( 'NONE', *, *, #2408, .T. ) ;
#2791 = VERTEX_POINT ( 'NONE', #3567 ) ;
#2792 = ORIENTED_EDGE ( 'NONE', *, *, #2729, .F. ) ;
#2793 = CARTESIAN_POINT ( 'NONE',  ( -2.540000000000000036, -8.803328244459812879, 2.810981120746210316 ) ) ;
#2794 = CARTESIAN_POINT ( 'NONE',  ( -2.540000000000000036, 6.559689005724941069, 0.3414573099608663176 ) ) ;
#2795 = ORIENTED_EDGE ( 'NONE', *, *, #989, .T. ) ;
#2796 = VERTEX_POINT ( 'NONE', #1917 ) ;
#2797 = CARTESIAN_POINT ( 'NONE',  ( -2.540000000000000036, -6.916615384615383277, 0.3126153846153856275 ) ) ;
#2798 = ORIENTED_EDGE ( 'NONE', *, *, #3409, .F. ) ;
#2799 = AXIS2_PLACEMENT_3D ( 'NONE', #13, #370, #391 ) ;
#2800 = EDGE_CURVE ( 'NONE', #3023, #4180, #3120, .T. ) ;
#2801 = PERSON_AND_ORGANIZATION_ROLE ( 'design_supplier' ) ;
#2802 = CARTESIAN_POINT ( 'NONE',  ( -2.540000000000000036, -6.791362713124010853, -1.634392632677893920 ) ) ;
#2803 = ORIENTED_EDGE ( 'NONE', *, *, #1077, .F. ) ;
#2804 = LINE ( 'NONE', #1193, #981 ) ;
#2805 = CARTESIAN_POINT ( 'NONE',  ( -2.540000000000000036, -8.147538461538459842, -2.852615384615383665 ) ) ;
#2806 = CARTESIAN_POINT ( 'NONE',  ( -2.540000000000000036, -9.365830485295738583, -1.439838120143658973 ) ) ;
#2807 = CARTESIAN_POINT ( 'NONE',  ( -2.540000000000000036, 7.587819290282484808, 5.836518905277792157 ) ) ;
#2808 = DATE_AND_TIME ( #11, #1032 ) ;
#2809 = DIRECTION ( 'NONE',  ( 0.000000000000000000, 0.000000000000000000, 1.000000000000000000 ) ) ;
#2810 = FACE_BOUND ( 'NONE', #1485, .T. ) ;
#2811 = CARTESIAN_POINT ( 'NONE',  ( -2.540000000000000036, -8.709886944372904338, 2.135140946918403060 ) ) ;
#2812 = CARTESIAN_POINT ( 'NONE',  ( -0.5079999999999988969, 5.536873108305013435E-16, -4.521200000000000330 ) ) ;
#2813 = CALENDAR_DATE ( 2021, 12, 4 ) ;
#2814 = ADVANCED_FACE ( 'NONE', ( #2984 ), #458, .F. ) ;
#2815 = PERSON_AND_ORGANIZATION_ROLE ( 'design_owner' ) ;
#2816 = FACE_BOUND ( 'NONE', #3077, .T. ) ;
#2817 = CARTESIAN_POINT ( 'NONE',  ( -2.540000000000000036, -9.316751291231454957, -0.9303041104528033678 ) ) ;
#2818 = DIRECTION ( 'NONE',  ( 1.000000000000000000, 0.000000000000000000, 0.000000000000000000 ) ) ;
#2819 = CARTESIAN_POINT ( 'NONE',  ( -2.540000000000000036, -9.522849489564315206, 0.8512064742530212058 ) ) ;
#2820 = ORIENTED_EDGE ( 'NONE', *, *, #3816, .T. ) ;
#2821 = DIRECTION ( 'NONE',  ( -1.000000000000000000, -0.000000000000000000, -0.000000000000000000 ) ) ;
#2822 = VECTOR ( 'NONE', #3222, 1000.000000000000000 ) ;
#2823 = CARTESIAN_POINT ( 'NONE',  ( -2.540000000000000036, -9.479101652144310108, -1.310974642468031748 ) ) ;
#2824 = CARTESIAN_POINT ( 'NONE',  ( -2.540000000000000036, -8.634385203986798984, 2.749493777665016125 ) ) ;
#2825 = AXIS2_PLACEMENT_3D ( 'NONE', #2895, #2555, #3571 ) ;
#2826 = SHAPE_REPRESENTATION ( 'DWG2163_75æm', ( #2068 ), #354 ) ;
#2827 = CARTESIAN_POINT ( 'NONE',  ( -2.540000000000000036, 7.789133634101505166, -1.772376159783953131 ) ) ;
#2828 = DATE_TIME_ROLE ( 'creation_date' ) ;
#2829 = VERTEX_POINT ( 'NONE', #2219 ) ;
#2830 = ADVANCED_FACE ( 'NONE', ( #3551 ), #547, .F. ) ;
#2831 = CARTESIAN_POINT ( 'NONE',  ( -2.540000000000000036, -9.663393354333141616, 0.5100467252896758730 ) ) ;
#2832 = ORIENTED_EDGE ( 'NONE', *, *, #25, .F. ) ;
#2833 = CARTESIAN_POINT ( 'NONE',  ( -2.540000000000000036, -8.519067903864353752, 2.491471898457992662 ) ) ;
#2834 = DIRECTION ( 'NONE',  ( -1.000000000000000000, -0.000000000000000000, 0.000000000000000000 ) ) ;
#2835 = PRODUCT_DEFINITION_FORMATION_WITH_SPECIFIED_SOURCE ( 'ANY', '', #3277, .NOT_KNOWN. ) ;
#2836 = DIRECTION ( 'NONE',  ( 0.000000000000000000, -1.000000000000000000, 0.000000000000000000 ) ) ;
#2837 = DIRECTION ( 'NONE',  ( 0.000000000000000000, 0.000000000000000000, 1.000000000000000000 ) ) ;
#2838 = CARTESIAN_POINT ( 'NONE',  ( -2.540000000000000036, -6.272712356794038158, -1.766293994899942987 ) ) ;
#2839 = CARTESIAN_POINT ( 'NONE',  ( 0.000000000000000000, 0.05000000000000002359, 1.475000000000001199 ) ) ;
#2840 = APPLICATION_CONTEXT ( 'configuration controlled 3d designs of mechanical parts and assemblies' ) ;
#2841 = CARTESIAN_POINT ( 'NONE',  ( -2.540000000000000036, 6.372520344991421837, -0.05845984465981287487 ) ) ;
#2842 = VERTEX_POINT ( 'NONE', #517 ) ;
#2843 = ORIENTED_EDGE ( 'NONE', *, *, #1616, .T. ) ;
#2844 = VECTOR ( 'NONE', #1335, 1000.000000000000000 ) ;
#2845 = ORIENTED_EDGE ( 'NONE', *, *, #1262, .F. ) ;
#2846 = CARTESIAN_POINT ( 'NONE',  ( -2.540000000000000036, 6.637797683363556800, 2.549906780911337378 ) ) ;
#2847 = DIRECTION ( 'NONE',  ( 0.000000000000000000, 0.000000000000000000, 1.000000000000000000 ) ) ;
#2848 = EDGE_CURVE ( 'NONE', #933, #3234, #3069, .T. ) ;
#2849 = CARTESIAN_POINT ( 'NONE',  ( -2.540000000000000036, -6.095999999999997421, 1.563076923076921920 ) ) ;
#2850 = CARTESIAN_POINT ( 'NONE',  ( -2.540000000000000036, 7.744825452724457548, -5.972525936112138112 ) ) ;
#2851 = ORIENTED_EDGE ( 'NONE', *, *, #1386, .F. ) ;
#2852 = DIRECTION ( 'NONE',  ( 0.000000000000000000, 0.004782463502232508004, 0.9999885639560333050 ) ) ;
#2853 = CARTESIAN_POINT ( 'NONE',  ( -2.540000000000000036, 7.187860337606116090, 3.573444287899405936 ) ) ;
#2854 = CARTESIAN_POINT ( 'NONE',  ( -2.540000000000000036, -9.671205781893986497, -1.223205698514265194 ) ) ;
#2855 = CALENDAR_DATE ( 2021, 12, 4 ) ;
#2856 = LINE ( 'NONE', #3075, #2559 ) ;
#2857 = CARTESIAN_POINT ( 'NONE',  ( -2.540000000000000036, -6.630979394423887285, -1.494917933979560187 ) ) ;
#2858 = ORIENTED_EDGE ( 'NONE', *, *, #3377, .T. ) ;
#2859 = DATE_AND_TIME ( #3922, #935 ) ;
#2860 = CIRCLE ( 'NONE', #3193, 4.225000000000000533 ) ;
#2861 = EDGE_CURVE ( 'NONE', #2972, #4008, #3101, .T. ) ;
#2862 = CARTESIAN_POINT ( 'NONE',  ( -2.540000000000000036, -7.475372946877411273, -0.8287835539955291653 ) ) ;
#2863 = CARTESIAN_POINT ( 'NONE',  ( -2.540000000000000036, 7.019899034531098536, -0.1542115614409590996 ) ) ;
#2864 = CARTESIAN_POINT ( 'NONE',  ( -2.540000000000000036, -9.097093488379124793, -2.508626860256299107 ) ) ;
#2865 = VERTEX_POINT ( 'NONE', #3926 ) ;
#2866 = LOCAL_TIME ( 15, 59, 21.00000000000000000, #1483 ) ;
#2867 = ORIENTED_EDGE ( 'NONE', *, *, #3995, .T. ) ;
#2868 = CARTESIAN_POINT ( 'NONE',  ( -2.540000000000000036, -8.816620110793396137, -1.134059190726519173 ) ) ;
#2869 = CARTESIAN_POINT ( 'NONE',  ( -2.540000000000000036, 6.494387565800346707, 4.437091192869166534 ) ) ;
#2870 = EDGE_CURVE ( 'NONE', #2540, #1578, #356, .T. ) ;
#2871 = APPROVAL ( #3531, 'UNKNOWN' ) ;
#2872 = VECTOR ( 'NONE', #2836, 1000.000000000000000 ) ;
#2873 = EDGE_LOOP ( 'NONE', ( #487, #4228 ) ) ;
#2874 = CARTESIAN_POINT ( 'NONE',  ( -2.540000000000000036, 6.370052852164888257, -2.067847178581395884 ) ) ;
#2875 = DATE_TIME_ROLE ( 'creation_date' ) ;
#2876 = ORIENTED_EDGE ( 'NONE', *, *, #693, .T. ) ;
#2877 = CARTESIAN_POINT ( 'NONE',  ( -2.540000000000000036, -6.283179452810797372, -1.338064701273956825 ) ) ;
#2878 = EDGE_CURVE ( 'NONE', #3089, #1308, #20, .T. ) ;
#2879 = CONICAL_SURFACE ( 'NONE', #4348, 12.57300000000000217, 0.7853981633974551624 ) ;
#2880 = ADVANCED_FACE ( 'NONE', ( #2136 ), #2279, .F. ) ;
#2881 = CARTESIAN_POINT ( 'NONE',  ( -2.540000000000000036, 7.496111598873794080, 5.448752188893708492 ) ) ;
#2882 = DIRECTION ( 'NONE',  ( 0.000000000000000000, 0.000000000000000000, 1.000000000000000000 ) ) ;
#2883 = CARTESIAN_POINT ( 'NONE',  ( -2.540000000000000036, -7.205723557692306436, -0.5773004807692300178 ) ) ;
#2884 = AXIS2_PLACEMENT_3D ( 'NONE', #4417, #314, #331 ) ;
#2885 = VERTEX_POINT ( 'NONE', #942 ) ;
#2886 = EDGE_CURVE ( 'NONE', #204, #223, #3986, .T. ) ;
#2887 = CARTESIAN_POINT ( 'NONE',  ( -2.540000000000000036, -7.619999999999998330, -2.188307692307692509 ) ) ;
#2888 = DIRECTION ( 'NONE',  ( 0.000000000000000000, 1.000000000000000000, 0.000000000000000000 ) ) ;
#2889 = CARTESIAN_POINT ( 'NONE',  ( -2.540000000000000036, -9.605812224058995596, -1.467198053157464210 ) ) ;
#2890 = APPROVAL_STATUS ( 'not_yet_approved' ) ;
#2891 = AXIS2_PLACEMENT_3D ( 'NONE', #1590, #4006, #2948 ) ;
#2892 = CARTESIAN_POINT ( 'NONE',  ( -2.540000000000000036, -8.695016501687351962, 1.775917507539836571 ) ) ;
#2893 = CARTESIAN_POINT ( 'NONE',  ( -2.540000000000000036, -9.338986285884816496, 0.3605122350464547432 ) ) ;
#2894 = B_SPLINE_CURVE_WITH_KNOTS ( 'NONE', 3,
 ( #99, #3525, #1504, #4196 ),
 .UNSPECIFIED., .F., .F.,
 ( 4, 4 ),
 ( 4.000000000000000000, 5.000000000000000000 ),
 .UNSPECIFIED. ) ;
#2895 = CARTESIAN_POINT ( 'NONE',  ( -0.6349999999999988987, 0.000000000000000000, 0.000000000000000000 ) ) ;
#2896 = CARTESIAN_POINT ( 'NONE',  ( -2.540000000000000036, -6.507808230829454921, -0.2687375874013306354 ) ) ;
#2897 = EDGE_LOOP ( 'NONE', ( #2023, #1061, #1272, #1717, #998, #2644, #4349, #315, #2664, #1492, #2989, #3721, #2178, #3053, #4340, #3520 ) ) ;
#2898 = CC_DESIGN_APPROVAL ( #1992, ( #208 ) ) ;
#2899 = VERTEX_POINT ( 'NONE', #4361 ) ;
#2900 = ORIENTED_EDGE ( 'NONE', *, *, #3116, .F. ) ;
#2901 = CARTESIAN_POINT ( 'NONE',  ( -2.540000000000000036, -8.713475823324927205, 2.328689310013369429 ) ) ;
#2902 = VERTEX_POINT ( 'NONE', #2970 ) ;
#2903 = ORIENTED_EDGE ( 'NONE', *, *, #4120, .F. ) ;
#2904 = CARTESIAN_POINT ( 'NONE',  ( -2.540000000000000036, -9.416967893482478758, -1.635835221809491369 ) ) ;
#2905 = EDGE_CURVE ( 'NONE', #182, #3018, #2452, .T. ) ;
#2906 = EDGE_LOOP ( 'NONE', ( #944, #3902, #3680, #491, #2462, #1511 ) ) ;
#2907 = CARTESIAN_POINT ( 'NONE',  ( -2.540000000000000036, -8.704256721972528865, 1.715196875544356292 ) ) ;
#2908 = LINE ( 'NONE', #2042, #2700 ) ;
#2909 = CARTESIAN_POINT ( 'NONE',  ( -2.540000000000000036, 7.593232145518045151, 5.326049806257939778 ) ) ;
#2910 = VERTEX_POINT ( 'NONE', #2628 ) ;
#2911 = CARTESIAN_POINT ( 'NONE',  ( -2.540000000000000036, 7.154196724320334155, 5.008880501096596660 ) ) ;
#2912 = LINE ( 'NONE', #1384, #1408 ) ;
#2913 = CARTESIAN_POINT ( 'NONE',  ( -2.540000000000000036, -8.823793364995571764, -1.101926101859796336 ) ) ;
#2914 = CARTESIAN_POINT ( 'NONE',  ( -2.540000000000000036, 7.432617183148345852, 5.422624048186837520 ) ) ;
#2915 = CARTESIAN_POINT ( 'NONE',  ( -2.540000000000000036, -8.595724323021633140, -2.080580967750630172 ) ) ;
#2916 = DIRECTION ( 'NONE',  ( 0.000000000000000000, -1.000000000000000000, 0.000000000000000000 ) ) ;
#2917 = COORDINATED_UNIVERSAL_TIME_OFFSET ( 5, 0, .BEHIND. ) ;
#2918 = DIRECTION ( 'NONE',  ( 0.000000000000000000, 0.000000000000000000, 1.000000000000000000 ) ) ;
#2919 = DIRECTION ( 'NONE',  ( 0.000000000000000000, 0.09950371902099854060, 0.9950371902099891530 ) ) ;
#2920 = DATE_AND_TIME ( #3811, #663 ) ;
#2921 = CIRCLE ( 'NONE', #2662, 3.682999999999999385 ) ;
#2922 = CARTESIAN_POINT ( 'NONE',  ( -2.540000000000000036, 7.270871268506767571, 3.493637935635127700 ) ) ;
#2923 = FACE_BOUND ( 'NONE', #2897, .T. ) ;
#2924 = ORIENTED_EDGE ( 'NONE', *, *, #4139, .F. ) ;
#2925 = VERTEX_POINT ( 'NONE', #3985 ) ;
#2926 = EDGE_CURVE ( 'NONE', #1975, #1183, #3876, .T. ) ;
#2927 = CARTESIAN_POINT ( 'NONE',  ( -2.540000000000000036, -9.494210797742169916, 0.6296090087070632668 ) ) ;
#2928 = AXIS2_PLACEMENT_3D ( 'NONE', #3459, #789, #3131 ) ;
#2929 = CARTESIAN_POINT ( 'NONE',  ( -2.540000000000000036, 8.155278076434104406, 3.814877290590777292 ) ) ;
#2930 = CARTESIAN_POINT ( 'NONE',  ( -2.540000000000000036, -7.196864946206951608, 1.067985943094899470 ) ) ;
#2931 = ORIENTED_EDGE ( 'NONE', *, *, #1995, .T. ) ;
#2932 = VECTOR ( 'NONE', #2366, 1000.000000000000000 ) ;
#2933 = CARTESIAN_POINT ( 'NONE',  ( -2.540000000000000036, -8.972554642365047073, -2.267264212828831393 ) ) ;
#2934 = EDGE_CURVE ( 'NONE', #4287, #3760, #273, .T. ) ;
#2935 = CARTESIAN_POINT ( 'NONE',  ( -2.540000000000000036, -8.704704414284966774, 2.352519734846828747 ) ) ;
#2936 = SECURITY_CLASSIFICATION ( '', '', #475 ) ;
#2937 = CARTESIAN_POINT ( 'NONE',  ( -2.540000000000000036, -6.637707665060220918, 0.8014708559546998012 ) ) ;
#2938 = CIRCLE ( 'NONE', #4418, 4.775000000000000355 ) ;
#2939 = EDGE_LOOP ( 'NONE', ( #3367, #1628, #4415, #3421 ) ) ;
#2940 = CARTESIAN_POINT ( 'NONE',  ( -2.540000000000000036, -8.717150790301285923, 1.680542208458970066 ) ) ;
#2941 = VERTEX_POINT ( 'NONE', #3276 ) ;
#2942 = FACE_OUTER_BOUND ( 'NONE', #3094, .T. ) ;
#2943 = CARTESIAN_POINT ( 'NONE',  ( -2.540000000000000036, -6.095999999999997421, 1.563076923076921920 ) ) ;
#2944 = CARTESIAN_POINT ( 'NONE',  ( -2.540000000000000036, -6.592891951846193699, -0.5036565761830323895 ) ) ;
#2945 = EDGE_LOOP ( 'NONE', ( #3297, #196, #987 ) ) ;
#2946 = AXIS2_PLACEMENT_3D ( 'NONE', #924, #2669, #2038 ) ;
#2947 = EDGE_CURVE ( 'NONE', #4028, #2941, #2986, .T. ) ;
#2948 = DIRECTION ( 'NONE',  ( 0.000000000000000000, 0.000000000000000000, 1.000000000000000000 ) ) ;
#2949 = CARTESIAN_POINT ( 'NONE',  ( -2.540000000000000036, 7.642760240453823961, 4.956605949760546359 ) ) ;
#2950 = CARTESIAN_POINT ( 'NONE',  ( -2.540000000000000036, -8.636403161038785470, -1.135244851525904597 ) ) ;
#2951 = DIRECTION ( 'NONE',  ( 1.000000000000000000, 0.000000000000000000, 0.000000000000000000 ) ) ;
#2952 = B_SPLINE_CURVE_WITH_KNOTS ( 'NONE', 3,
 ( #257, #2044, #4429, #4420 ),
 .UNSPECIFIED., .F., .F.,
 ( 4, 4 ),
 ( 21.00000000000000000, 22.00000000000000000 ),
 .UNSPECIFIED. ) ;
#2953 = ORIENTED_EDGE ( 'NONE', *, *, #4139, .T. ) ;
#2954 = CARTESIAN_POINT ( 'NONE',  ( -2.540000000000000036, -9.084774038461535639, 1.526442307692308376 ) ) ;
#2955 = EDGE_CURVE ( 'NONE', #1, #713, #609, .T. ) ;
#2956 = CARTESIAN_POINT ( 'NONE',  ( 0.000000000000000000, 0.000000000000000000, 0.000000000000000000 ) ) ;
#2957 = ORIENTED_EDGE ( 'NONE', *, *, #3882, .F. ) ;
#2958 = CARTESIAN_POINT ( 'NONE',  ( -2.540000000000000036, 8.150248869661689710, -0.2806257558583304945 ) ) ;
#2959 = VERTEX_POINT ( 'NONE', #1710 ) ;
#2960 = TOROIDAL_SURFACE ( 'NONE', #1743, 4.500000000000000888, 0.2750000000000000222 ) ;
#2961 = CC_DESIGN_APPROVAL ( #2286, ( #2043 ) ) ;
#2962 = ORIENTED_EDGE ( 'NONE', *, *, #3393, .F. ) ;
#2963 = VECTOR ( 'NONE', #2852, 1000.000000000000114 ) ;
#2964 = CARTESIAN_POINT ( 'NONE',  ( -2.540000000000000036, 8.151049937115333321, 0.3717185094035607151 ) ) ;
#2965 = ORIENTED_EDGE ( 'NONE', *, *, #2456, .F. ) ;
#2966 = CARTESIAN_POINT ( 'NONE',  ( -2.540000000000000036, -8.948615384615381529, -1.465384615384613953 ) ) ;
#2967 = CARTESIAN_POINT ( 'NONE',  ( -2.540000000000000036, 8.102454319408780137, 5.192235422590385063 ) ) ;
#2968 = EDGE_CURVE ( 'NONE', #1216, #3731, #3446, .T. ) ;
#2969 = EDGE_CURVE ( 'NONE', #194, #432, #1425, .T. ) ;
#2970 = CARTESIAN_POINT ( 'NONE',  ( -2.540000000000000036, -8.538307692307688157, 0.1367692307692318088 ) ) ;
#2971 = AXIS2_PLACEMENT_3D ( 'NONE', #3837, #1054, #3084 ) ;
#2972 = VERTEX_POINT ( 'NONE', #650 ) ;
#2973 = DIRECTION ( 'NONE',  ( -1.000000000000000000, -0.000000000000000000, -0.000000000000000000 ) ) ;
#2974 = CARTESIAN_POINT ( 'NONE',  ( -2.540000000000000036, -6.784620110793394332, 0.6439408092734805189 ) ) ;
#2975 = EDGE_CURVE ( 'NONE', #3403, #1410, #4256, .T. ) ;
#2976 = ORIENTED_EDGE ( 'NONE', *, *, #621, .T. ) ;
#2977 = DATE_AND_TIME ( #3865, #2656 ) ;
#2978 = CARTESIAN_POINT ( 'NONE',  ( -2.540000000000000036, -7.463692307692305405, 0.5724158653846161959 ) ) ;
#2979 = ORIENTED_EDGE ( 'NONE', *, *, #1386, .T. ) ;
#2980 = ORIENTED_EDGE ( 'NONE', *, *, #4281, .T. ) ;
#2981 = CARTESIAN_POINT ( 'NONE',  ( -2.540000000000000036, -6.611720150644329053, 0.7177068186380809456 ) ) ;
#2982 = PERSON_AND_ORGANIZATION ( #697, #238 ) ;
#2983 = CIRCLE ( 'NONE', #2032, 1.500000000000001554 ) ;
#2984 = FACE_OUTER_BOUND ( 'NONE', #1302, .T. ) ;
#2985 = CARTESIAN_POINT ( 'NONE',  ( -2.540000000000000036, -8.914187854894025875, 2.619791211184775648 ) ) ;
#2986 = LINE ( 'NONE', #2317, #4364 ) ;
#2987 = ORIENTED_EDGE ( 'NONE', *, *, #3044, .F. ) ;
#2988 = LINE ( 'NONE', #727, #4088 ) ;
#2989 = ORIENTED_EDGE ( 'NONE', *, *, #214, .T. ) ;
#2990 = APPROVAL ( #1172, 'UNSPECIFIED' ) ;
#2991 = FACE_BOUND ( 'NONE', #2348, .T. ) ;
#2992 = DIRECTION ( 'NONE',  ( 0.000000000000000000, -0.001227981745711396446, -0.9999992460301319053 ) ) ;
#2993 = VERTEX_POINT ( 'NONE', #3067 ) ;
#2994 = VERTEX_POINT ( 'NONE', #784 ) ;
#2995 = CARTESIAN_POINT ( 'NONE',  ( -2.540000000000000036, -6.732831730769228251, 1.922706730769229599 ) ) ;
#2996 = EDGE_CURVE ( 'NONE', #1282, #2482, #2082, .T. ) ;
#2997 = CARTESIAN_POINT ( 'NONE',  ( 0.000000000000000000, 0.05000000000000002359, 0.000000000000000000 ) ) ;
#2998 = B_SPLINE_CURVE_WITH_KNOTS ( 'NONE', 3,
 ( #2714, #263, #2346, #3366 ),
 .UNSPECIFIED., .F., .F.,
 ( 4, 4 ),
 ( 31.00000000000000000, 32.00000000000000000 ),
 .UNSPECIFIED. ) ;
#2999 = ORIENTED_EDGE ( 'NONE', *, *, #120, .F. ) ;
#3000 = EDGE_CURVE ( 'NONE', #2327, #794, #3441, .T. ) ;
#3001 = DIRECTION ( 'NONE',  ( 1.000000000000000000, 0.000000000000000000, 0.000000000000000000 ) ) ;
#3002 = DIRECTION ( 'NONE',  ( 0.000000000000000000, 0.000000000000000000, -1.000000000000000000 ) ) ;
#3003 = DIRECTION ( 'NONE',  ( 0.000000000000000000, 0.000000000000000000, 1.000000000000000000 ) ) ;
#3004 = ORIENTED_EDGE ( 'NONE', *, *, #3243, .T. ) ;
#3005 = ORIENTED_EDGE ( 'NONE', *, *, #782, .F. ) ;
#3006 = LINE ( 'NONE', #626, #2844 ) ;
#3007 = ORIENTED_EDGE ( 'NONE', *, *, #2761, .F. ) ;
#3008 = DIRECTION ( 'NONE',  ( -0.000000000000000000, -0.9999992460301319053, 0.001227981745711138623 ) ) ;
#3009 = ORIENTED_EDGE ( 'NONE', *, *, #2533, .T. ) ;
#3010 = CARTESIAN_POINT ( 'NONE',  ( -2.540000000000000036, 0.000000000000000000, 0.000000000000000000 ) ) ;
#3011 = VECTOR ( 'NONE', #2606, 1000.000000000000000 ) ;
#3012 = ORIENTED_EDGE ( 'NONE', *, *, #1348, .T. ) ;
#3013 = CARTESIAN_POINT ( 'NONE',  ( -2.540000000000000036, 6.852457565216916180, 5.139083114961330523 ) ) ;
#3014 = CARTESIAN_POINT ( 'NONE',  ( 0.000000000000000000, 0.05000000000000002359, 0.000000000000000000 ) ) ;
#3015 = VERTEX_POINT ( 'NONE', #1837 ) ;
#3016 = CARTESIAN_POINT ( 'NONE',  ( -2.540000000000000036, 7.080724836157438418, 4.969289447865515186 ) ) ;
#3017 = APPROVAL_PERSON_ORGANIZATION ( #1638, #2651, #2204 ) ;
#3018 = VERTEX_POINT ( 'NONE', #3494 ) ;
#3019 = VERTEX_POINT ( 'NONE', #2561 ) ;
#3020 = CALENDAR_DATE ( 2021, 12, 4 ) ;
#3021 = AXIS2_PLACEMENT_3D ( 'NONE', #3699, #1338, #1689 ) ;
#3022 = EDGE_CURVE ( 'NONE', #3964, #2137, #1310, .T. ) ;
#3023 = VERTEX_POINT ( 'NONE', #3888 ) ;
#3024 = ORIENTED_EDGE ( 'NONE', *, *, #519, .F. ) ;
#3025 = ORIENTED_EDGE ( 'NONE', *, *, #3517, .F. ) ;
#3026 = COORDINATED_UNIVERSAL_TIME_OFFSET ( 5, 0, .BEHIND. ) ;
#3027 = CARTESIAN_POINT ( 'NONE',  ( 0.000000000000000000, 5.510910596163089556E-16, -4.500000000000000888 ) ) ;
#3028 = CARTESIAN_POINT ( 'NONE',  ( -2.540000000000000036, 7.537487032549811339, 3.833920671085488507 ) ) ;
#3029 = ORIENTED_EDGE ( 'NONE', *, *, #2252, .T. ) ;
#3030 = CARTESIAN_POINT ( 'NONE',  ( -2.540000000000000036, 6.370052852164888257, -2.067847178581395884 ) ) ;
#3031 = DIRECTION ( 'NONE',  ( 0.000000000000000000, -0.9999992460301319053, 0.001227981745711109783 ) ) ;
#3032 = ORIENTED_EDGE ( 'NONE', *, *, #2384, .T. ) ;
#3033 = LINE ( 'NONE', #730, #2029 ) ;
#3034 = CARTESIAN_POINT ( 'NONE',  ( -2.540000000000000036, 7.019198981345883936, -0.7242954896760076533 ) ) ;
#3035 = VERTEX_POINT ( 'NONE', #1128 ) ;
#3036 = ORIENTED_EDGE ( 'NONE', *, *, #2131, .T. ) ;
#3037 = CARTESIAN_POINT ( 'NONE',  ( -2.540000000000000036, 6.460448359872308366, 3.887093754071551999 ) ) ;
#3038 = CC_DESIGN_PERSON_AND_ORGANIZATION_ASSIGNMENT ( #4403, #3112, ( #359 ) ) ;
#3039 = ORIENTED_EDGE ( 'NONE', *, *, #2121, .T. ) ;
#3040 = CARTESIAN_POINT ( 'NONE',  ( 0.000000000000000000, 0.05000000000000002359, 0.000000000000000000 ) ) ;
#3041 = TOROIDAL_SURFACE ( 'NONE', #761, 4.500000000000000888, 0.2750000000000000222 ) ;
#3042 = CARTESIAN_POINT ( 'NONE',  ( -2.540000000000000036, 8.102454319408780137, 5.192235422590385063 ) ) ;
#3043 = CARTESIAN_POINT ( 'NONE',  ( -2.540000000000000036, 6.730998178442426649, 2.073817872291336961 ) ) ;
#3044 = EDGE_CURVE ( 'NONE', #3440, #2254, #3247, .T. ) ;
#3045 = CARTESIAN_POINT ( 'NONE',  ( -2.540000000000000036, -8.569640724381322627, 2.289034533716517217 ) ) ;
#3046 = ORIENTED_EDGE ( 'NONE', *, *, #19, .T. ) ;
#3047 = CARTESIAN_POINT ( 'NONE',  ( -2.540000000000000036, 7.780477673051001020, -0.7252303260061669921 ) ) ;
#3048 = DIRECTION ( 'NONE',  ( 0.000000000000000000, 0.000000000000000000, -1.000000000000000000 ) ) ;
#3049 = CARTESIAN_POINT ( 'NONE',  ( -2.540000000000000036, -7.619999999999998330, -2.188307692307692509 ) ) ;
#3050 = B_SPLINE_CURVE_WITH_KNOTS ( 'NONE', 3,
 ( #90, #1117, #3565, #2627, #1944, #853, #3925, #1934, #3575, #3944, #3274 ),
 .UNSPECIFIED., .F., .F.,
 ( 4, 1, 1, 1, 1, 1, 1, 1, 4 ),
 ( 0.000000000000000000, 0.1266046417732665519, 0.2497905393020260489, 0.3725243587355522301, 0.4960148443883827252, 0.6198313715740494390, 0.7439657028780282122, 0.8691950232938123744, 1.000000000000000000 ),
 .UNSPECIFIED. ) ;
#3051 = ORIENTED_EDGE ( 'NONE', *, *, #4322, .F. ) ;
#3052 = CARTESIAN_POINT ( 'NONE',  ( -2.540000000000000036, -8.635999999999999233, -1.150632211538460625 ) ) ;
#3053 = ORIENTED_EDGE ( 'NONE', *, *, #1654, .T. ) ;
#3054 = CARTESIAN_POINT ( 'NONE',  ( -2.540000000000000036, -9.595418175780356052, 0.3869951122774308305 ) ) ;
#3055 = ORIENTED_EDGE ( 'NONE', *, *, #598, .T. ) ;
#3056 = CARTESIAN_POINT ( 'NONE',  ( -2.540000000000000036, -9.140947115384612687, -0.8987692307692295435 ) ) ;
#3057 = APPROVAL ( #1440, 'UNSPECIFIED' ) ;
#3058 = CYLINDRICAL_SURFACE ( 'NONE', #4314, 3.682999999999999385 ) ;
#3059 = CARTESIAN_POINT ( 'NONE',  ( -2.540000000000000036, -8.530452784406534761, 2.379202273467188267 ) ) ;
#3060 = DIRECTION ( 'NONE',  ( -1.000000000000000000, -0.000000000000000000, -0.000000000000000000 ) ) ;
#3061 = FACE_OUTER_BOUND ( 'NONE', #1666, .T. ) ;
#3062 = ORIENTED_EDGE ( 'NONE', *, *, #2926, .T. ) ;
#3063 = VECTOR ( 'NONE', #201, 1000.000000000000000 ) ;
#3064 = ORIENTED_EDGE ( 'NONE', *, *, #671, .F. ) ;
#3065 = APPROVAL_DATE_TIME ( #4079, #3954 ) ;
#3066 = FACE_OUTER_BOUND ( 'NONE', #3576, .T. ) ;
#3067 = CARTESIAN_POINT ( 'NONE',  ( -2.540000000000000036, -6.705661057692306137, 0.3556610576923085465 ) ) ;
#3068 = VERTEX_POINT ( 'NONE', #3156 ) ;
#3069 = LINE ( 'NONE', #498, #2250 ) ;
#3070 = AXIS2_PLACEMENT_3D ( 'NONE', #2343, #2678, #4330 ) ;
#3071 = DIRECTION ( 'NONE',  ( 0.000000000000000000, 0.000000000000000000, 1.000000000000000000 ) ) ;
#3072 = ORIENTED_EDGE ( 'NONE', *, *, #1510, .T. ) ;
#3073 = VECTOR ( 'NONE', #1682, 1000.000000000000000 ) ;
#3074 = CARTESIAN_POINT ( 'NONE',  ( -2.540000000000000036, -7.638235795893342228, 0.6300344430947402152 ) ) ;
#3075 = CARTESIAN_POINT ( 'NONE',  ( -2.540000000000000036, -9.084774038461535639, 1.526442307692308376 ) ) ;
#3076 = CARTESIAN_POINT ( 'NONE',  ( -2.540000000000000036, -6.994769230769229296, -1.814939903846154445 ) ) ;
#3077 = EDGE_LOOP ( 'NONE', ( #1818, #494, #402, #4382, #2851, #624, #3907, #3096, #1613, #2646, #2218, #3715, #3639, #3609, #896, #2665, #1621, #723 ) ) ;
#3078 = EDGE_CURVE ( 'NONE', #2337, #1459, #2695, .T. ) ;
#3079 = CARTESIAN_POINT ( 'NONE',  ( -2.540000000000000036, -7.301715218239331229, 0.1129122992612381915 ) ) ;
#3080 = CC_DESIGN_DATE_AND_TIME_ASSIGNMENT ( #4353, #1535, ( #2936 ) ) ;
#3081 = CARTESIAN_POINT ( 'NONE',  ( -2.540000000000000036, -8.538307692307688157, 1.526442307692308376 ) ) ;
#3082 = ADVANCED_FACE ( 'NONE', ( #2194, #137, #289, #1038, #3658, #1871 ), #4210, .F. ) ;
#3083 = EDGE_CURVE ( 'NONE', #2610, #3833, #2716, .T. ) ;
#3084 = DIRECTION ( 'NONE',  ( 0.000000000000000000, 0.000000000000000000, -1.000000000000000000 ) ) ;
#3085 = ORIENTED_EDGE ( 'NONE', *, *, #2345, .F. ) ;
#3086 =( LENGTH_UNIT ( ) NAMED_UNIT ( * ) SI_UNIT ( .MILLI., .METRE. ) );
#3087 = CARTESIAN_POINT ( 'NONE',  ( -2.540000000000000036, 6.953600971848576506, 5.375583264400559891 ) ) ;
#3088 = CARTESIAN_POINT ( 'NONE',  ( -2.540000000000000036, -7.333830485295739443, 0.3381618798563408301 ) ) ;
#3089 = VERTEX_POINT ( 'NONE', #3194 ) ;
#3090 = CARTESIAN_POINT ( 'NONE',  ( -2.540000000000000036, -9.129346153846151779, -0.7033846153846141647 ) ) ;
#3091 = AXIS2_PLACEMENT_3D ( 'NONE', #4054, #1663, #638 ) ;
#3092 = VERTEX_POINT ( 'NONE', #4178 ) ;
#3093 = EDGE_CURVE ( 'NONE', #4290, #1372, #993, .T. ) ;
#3094 = EDGE_LOOP ( 'NONE', ( #655, #9, #758, #2999 ) ) ;
#3095 = CARTESIAN_POINT ( 'NONE',  ( -2.540000000000000036, -7.639205781893988245, 0.5547943014857341648 ) ) ;
#3096 = ORIENTED_EDGE ( 'NONE', *, *, #431, .F. ) ;
#3097 = CARTESIAN_POINT ( 'NONE',  ( -2.540000000000000036, 7.639370821174638948, 5.047019149436295926 ) ) ;
#3098 = EDGE_CURVE ( 'NONE', #223, #204, #2170, .T. ) ;
#3099 = PLANE ( 'NONE',  #2971 ) ;
#3100 = ORIENTED_EDGE ( 'NONE', *, *, #1192, .F. ) ;
#3101 = B_SPLINE_CURVE_WITH_KNOTS ( 'NONE', 3,
 ( #533, #2892, #3597, #2907, #2940, #152, #2255, #183, #3947, #894, #1157, #1508, #3881, #2205, #2552, #2655, #3312, #1977, #2954 ),
 .UNSPECIFIED., .F., .F.,
 ( 4, 1, 1, 1, 1, 1, 1, 1, 1, 1, 1, 1, 1, 1, 1, 1, 4 ),
 ( 0.000000000000000000, 0.06987351629987195722, 0.1383708820290607822, 0.2067322146693834350, 0.2770646561280082909, 0.3475918732820809653, 0.4179823400302224989, 0.4907456693150431537, 0.5672272266896253301, 0.6080729413239263081, 0.6528441806308871165, 0.7011525269561735829, 0.7525563376302050189, 0.8089156725594504049, 0.8684868137539740740, 0.9319883439885607856, 1.000000000000000000 ),
 .UNSPECIFIED. ) ;
#3102 = DIRECTION ( 'NONE',  ( -0.7071067811865426878, 0.000000000000000000, 0.7071067811865523467 ) ) ;
#3103 = ORIENTED_EDGE ( 'NONE', *, *, #1027, .F. ) ;
#3104 = CARTESIAN_POINT ( 'NONE',  ( -2.540000000000000036, 6.372520344991421837, -0.05845984465981287487 ) ) ;
#3105 = VECTOR ( 'NONE', #1791, 1000.000000000000000 ) ;
#3106 = CARTESIAN_POINT ( 'NONE',  ( -2.540000000000000036, -8.519330214868965356, 1.863127136387561444 ) ) ;
#3107 = FACE_BOUND ( 'NONE', #57, .T. ) ;
#3108 = CARTESIAN_POINT ( 'NONE',  ( -2.540000000000000036, -8.858194763007436023, 1.970176910204382459 ) ) ;
#3109 = CC_DESIGN_PERSON_AND_ORGANIZATION_ASSIGNMENT ( #4358, #2171, ( #208 ) ) ;
#3110 = ORIENTED_EDGE ( 'NONE', *, *, #321, .F. ) ;
#3111 = ORIENTED_EDGE ( 'NONE', *, *, #3634, .T. ) ;
#3112 = PERSON_AND_ORGANIZATION_ROLE ( 'creator' ) ;
#3113 = CARTESIAN_POINT ( 'NONE',  ( -2.540000000000000036, -7.423016965531476608, 0.1620498285035258113 ) ) ;
#3114 = LOCAL_TIME ( 15, 59, 21.00000000000000000, #1086 ) ;
#3115 = CARTESIAN_POINT ( 'NONE',  ( -2.540000000000000036, -6.550892798987072219, -1.485138573119772598 ) ) ;
#3116 = EDGE_CURVE ( 'NONE', #601, #4365, #1345, .T. ) ;
#3117 = ORIENTED_EDGE ( 'NONE', *, *, #2533, .F. ) ;
#3118 = PERSON_AND_ORGANIZATION ( #697, #238 ) ;
#3119 = DIRECTION ( 'NONE',  ( 0.000000000000000000, -1.000000000000000000, 0.000000000000000000 ) ) ;
#3120 = LINE ( 'NONE', #3912, #3063 ) ;
#3121 = ORIENTED_EDGE ( 'NONE', *, *, #4281, .F. ) ;
#3122 = VERTEX_POINT ( 'NONE', #828 ) ;
#3123 = SHAPE_REPRESENTATION_RELATIONSHIP ( 'NONE' , 'NONE' ,  #2826, #1206 ) ;
#3124 = DIRECTION ( 'NONE',  ( -0.000000000000000000, 0.001227981745710329592, 0.9999992460301319053 ) ) ;
#3125 = AXIS2_PLACEMENT_3D ( 'NONE', #3916, #105, #2882 ) ;
#3126 = ORIENTED_EDGE ( 'NONE', *, *, #4099, .F. ) ;
#3127 = EDGE_CURVE ( 'NONE', #4264, #368, #881, .T. ) ;
#3128 = CARTESIAN_POINT ( 'NONE',  ( -2.540000000000000036, 7.005675944454452519, 4.509991222645200359 ) ) ;
#3129 = VERTEX_POINT ( 'NONE', #97 ) ;
#3130 = LINE ( 'NONE', #4121, #3884 ) ;
#3131 = DIRECTION ( 'NONE',  ( 1.000000000000000000, 0.000000000000000000, 0.000000000000000000 ) ) ;
#3132 = CARTESIAN_POINT ( 'NONE',  ( -2.540000000000000036, 7.260348996165103763, -2.486836198377317064 ) ) ;
#3133 = EDGE_CURVE ( 'NONE', #3677, #690, #1520, .T. ) ;
#3134 = CARTESIAN_POINT ( 'NONE',  ( -2.540000000000000036, -6.540194711538459771, -1.484923076923077456 ) ) ;
#3135 = LINE ( 'NONE', #406, #1650 ) ;
#3136 = ADVANCED_FACE ( 'NONE', ( #495 ), #1625, .F. ) ;
#3137 = DIRECTION ( 'NONE',  ( 1.000000000000000000, 0.000000000000000000, 0.000000000000000000 ) ) ;
#3138 = CARTESIAN_POINT ( 'NONE',  ( -2.540000000000000036, 7.593232145518045151, 5.326049806257939778 ) ) ;
#3139 = DIRECTION ( 'NONE',  ( -1.000000000000000000, -0.000000000000000000, -0.000000000000000000 ) ) ;
#3140 = CARTESIAN_POINT ( 'NONE',  ( -2.540000000000000036, 7.748074703113579709, 4.956476625425332294 ) ) ;
#3141 = DIRECTION ( 'NONE',  ( 1.000000000000000000, 0.000000000000000000, 0.000000000000000000 ) ) ;
#3142 = CARTESIAN_POINT ( 'NONE',  ( -2.540000000000000036, -8.975435456515901578, -0.9284104923416643951 ) ) ;
#3143 = CARTESIAN_POINT ( 'NONE',  ( -2.540000000000000036, 6.377478759233858874, 3.979393748247873841 ) ) ;
#3144 = CARTESIAN_POINT ( 'NONE',  ( -2.540000000000000036, -7.463405184075936560, 0.5629467799589992216 ) ) ;
#3145 = APPLICATION_CONTEXT ( 'configuration controlled 3d designs of mechanical parts and assemblies' ) ;
#3146 = CC_DESIGN_SECURITY_CLASSIFICATION ( #2936, ( #4440 ) ) ;
#3147 = CARTESIAN_POINT ( 'NONE',  ( -2.540000000000000036, -6.869295673076920572, 1.786548076923075712 ) ) ;
#3148 = ORIENTED_EDGE ( 'NONE', *, *, #2528, .T. ) ;
#3149 = CARTESIAN_POINT ( 'NONE',  ( -2.540000000000000036, -6.818923076923075755, -1.820740384615385343 ) ) ;
#3150 = ORIENTED_EDGE ( 'NONE', *, *, #1810, .F. ) ;
#3151 = CARTESIAN_POINT ( 'NONE',  ( -2.540000000000000036, -9.671187488661592724, 0.5755361016122432227 ) ) ;
#3152 = CARTESIAN_POINT ( 'NONE',  ( -2.540000000000000036, -9.651999999999997470, 1.526442307692308376 ) ) ;
#3153 = CARTESIAN_POINT ( 'NONE',  ( -2.540000000000000036, 0.000000000000000000, 0.000000000000000000 ) ) ;
#3154 = CARTESIAN_POINT ( 'NONE',  ( -2.540000000000000036, 7.779587697429561466, 5.068939938850868465 ) ) ;
#3155 = VERTEX_POINT ( 'NONE', #3280 ) ;
#3156 = CARTESIAN_POINT ( 'NONE',  ( -2.540000000000000036, -6.869295673076920572, 1.786548076923075712 ) ) ;
#3157 = CARTESIAN_POINT ( 'NONE',  ( -2.540000000000000036, -9.651999999999997470, -2.618153846153845166 ) ) ;
#3158 = PERSON ( 'NAUO-PER2', 'UNSPECIFIED', 'UNSPECIFIED', ('UNSPECIFIED'), ('UNSPECIFIED'), ('UNSPECIFIED') ) ;
#3159 = EDGE_LOOP ( 'NONE', ( #2516, #574, #3471, #886 ) ) ;
#3160 = CARTESIAN_POINT ( 'NONE',  ( -2.540000000000000036, -6.281891860592867083, -1.662714430661256237 ) ) ;
#3161 = TOROIDAL_SURFACE ( 'NONE', #1247, 4.500000000000000888, 0.2750000000000000222 ) ;
#3162 = ADVANCED_FACE ( 'NONE', ( #3852, #2604 ), #3936, .F. ) ;
#3163 = EDGE_CURVE ( 'NONE', #4132, #2472, #644, .T. ) ;
#3164 = PERSON_AND_ORGANIZATION_ROLE ( 'creator' ) ;
#3165 = LINE ( 'NONE', #1382, #1516 ) ;
#3166 = PLANE ( 'NONE',  #2211 ) ;
#3167 = VERTEX_POINT ( 'NONE', #4271 ) ;
#3168 = CARTESIAN_POINT ( 'NONE',  ( -2.540000000000000036, 7.494697741363441246, 4.492118024129278631 ) ) ;
#3169 = ORIENTED_EDGE ( 'NONE', *, *, #2934, .T. ) ;
#3170 = CARTESIAN_POINT ( 'NONE',  ( 0.000000000000000000, 4.510374161259701612E-16, -3.682999999999999385 ) ) ;
#3171 = DATE_AND_TIME ( #2855, #710 ) ;
#3172 = LINE ( 'NONE', #3488, #712 ) ;
#3173 = ORIENTED_EDGE ( 'NONE', *, *, #4275, .F. ) ;
#3174 = ORIENTED_EDGE ( 'NONE', *, *, #507, .F. ) ;
#3175 = TOROIDAL_SURFACE ( 'NONE', #242, 4.500000000000000888, 0.2750000000000000222 ) ;
#3176 = ORIENTED_EDGE ( 'NONE', *, *, #4186, .F. ) ;
#3177 = DIRECTION ( 'NONE',  ( 0.000000000000000000, 0.001227981745712294816, 0.9999992460301319053 ) ) ;
#3178 = CARTESIAN_POINT ( 'NONE',  ( -2.540000000000000036, -6.271846153846151850, -1.824403846153846764 ) ) ;
#3179 = LOCAL_TIME ( 15, 59, 21.00000000000000000, #4031 ) ;
#3180 = CC_DESIGN_APPROVAL ( #1909, ( #4404 ) ) ;
#3181 = CARTESIAN_POINT ( 'NONE',  ( -2.540000000000000036, 7.048479250286336928, 4.126929597577901454 ) ) ;
#3182 = PERSON_AND_ORGANIZATION_ROLE ( 'classification_officer' ) ;
#3183 = PERSON_AND_ORGANIZATION ( #697, #238 ) ;
#3184 = DIRECTION ( 'NONE',  ( 0.000000000000000000, 1.000000000000000000, 0.000000000000000000 ) ) ;
#3185 = EDGE_CURVE ( 'NONE', #462, #1725, #1303, .T. ) ;
#3186 = VERTEX_POINT ( 'NONE', #1545 ) ;
#3187 = ADVANCED_FACE ( 'NONE', ( #2698 ), #768, .F. ) ;
#3188 = DIRECTION ( 'NONE',  ( 0.000000000000000000, -1.000000000000000000, 0.000000000000000000 ) ) ;
#3189 = CARTESIAN_POINT ( 'NONE',  ( -2.540000000000000036, -8.147538461538459842, -0.7815384615384602940 ) ) ;
#3190 = VERTEX_POINT ( 'NONE', #1971 ) ;
#3191 = CARTESIAN_POINT ( 'NONE',  ( -2.540000000000000036, -6.273677884615383782, -0.09769230769230689837 ) ) ;
#3192 = CARTESIAN_POINT ( 'NONE',  ( -2.540000000000000036, -8.147538461538459842, -0.7815384615384602940 ) ) ;
#3193 = AXIS2_PLACEMENT_3D ( 'NONE', #1800, #4175, #2155 ) ;
#3194 = CARTESIAN_POINT ( 'NONE',  ( -2.540000000000000036, -8.342923076923074888, -1.344795673076921938 ) ) ;
#3195 = ORIENTED_EDGE ( 'NONE', *, *, #1328, .F. ) ;
#3196 = APPROVAL_ROLE ( '' ) ;
#3197 = VECTOR ( 'NONE', #2371, 1000.000000000000000 ) ;
#3198 = AXIS2_PLACEMENT_3D ( 'NONE', #1862, #2821, #3819 ) ;
#3199 = CARTESIAN_POINT ( 'NONE',  ( -2.540000000000000036, -6.426211004800523874, -1.280340700115563779 ) ) ;
#3200 = ORIENTED_EDGE ( 'NONE', *, *, #4397, .F. ) ;
#3201 = LINE ( 'NONE', #510, #683 ) ;
#3202 = DIRECTION ( 'NONE',  ( 0.000000000000000000, 0.000000000000000000, 1.000000000000000000 ) ) ;
#3203 = PLANE ( 'NONE',  #3125 ) ;
#3204 = CARTESIAN_POINT ( 'NONE',  ( -2.540000000000000036, 6.329281011760307329, 5.221910107225780528 ) ) ;
#3205 = CARTESIAN_POINT ( 'NONE',  ( -2.540000000000000036, -8.680113460782024504, -2.314598389721461924 ) ) ;
#3206 = CC_DESIGN_SECURITY_CLASSIFICATION ( #745, ( #3477 ) ) ;
#3207 = CARTESIAN_POINT ( 'NONE',  ( -2.540000000000000036, 7.411964782276258212, 5.770150474418214159 ) ) ;
#3208 = CARTESIAN_POINT ( 'NONE',  ( -2.540000000000000036, 6.659851554272828267, 4.504113767598405538 ) ) ;
#3209 = ORIENTED_EDGE ( 'NONE', *, *, #216, .T. ) ;
#3210 = ADVANCED_FACE ( 'NONE', ( #1572 ), #2323, .F. ) ;
#3211 = CARTESIAN_POINT ( 'NONE',  ( 0.000000000000000000, 5.174132726397568293E-16, -4.225000000000000533 ) ) ;
#3212 = EDGE_LOOP ( 'NONE', ( #3736, #2224, #2703, #3657 ) ) ;
#3213 = EDGE_CURVE ( 'NONE', #200, #1347, #2055, .T. ) ;
#3214 = EDGE_CURVE ( 'NONE', #820, #3660, #4014, .T. ) ;
#3215 = ORIENTED_EDGE ( 'NONE', *, *, #4409, .T. ) ;
#3216 = ORIENTED_EDGE ( 'NONE', *, *, #3845, .T. ) ;
#3217 = CARTESIAN_POINT ( 'NONE',  ( -2.540000000000000036, -6.209168619282512402, -1.397878780605838367 ) ) ;
#3218 = ORIENTED_EDGE ( 'NONE', *, *, #1963, .T. ) ;
#3219 = ORIENTED_EDGE ( 'NONE', *, *, #1232, .F. ) ;
#3220 = VECTOR ( 'NONE', #3008, 1000.000000000000114 ) ;
#3221 = ORIENTED_EDGE ( 'NONE', *, *, #612, .F. ) ;
#3222 = DIRECTION ( 'NONE',  ( 0.000000000000000000, -1.000000000000000000, 0.000000000000000000 ) ) ;
#3223 = ORIENTED_EDGE ( 'NONE', *, *, #268, .T. ) ;
#3224 = EDGE_CURVE ( 'NONE', #366, #4407, #3698, .T. ) ;
#3225 = CARTESIAN_POINT ( 'NONE',  ( -2.540000000000000036, 7.660488228753334461, 5.046993217625719730 ) ) ;
#3226 = CARTESIAN_POINT ( 'NONE',  ( -2.540000000000000036, -6.271846153846151850, -2.188307692307692509 ) ) ;
#3227 = CARTESIAN_POINT ( 'NONE',  ( -2.540000000000000036, 7.154844268697105214, 0.2556482282412997908 ) ) ;
#3228 = VERTEX_POINT ( 'NONE', #1994 ) ;
#3229 = DIRECTION ( 'NONE',  ( 0.000000000000000000, -0.001227981745709714849, -0.9999992460301319053 ) ) ;
#3230 =( REPRESENTATION_RELATIONSHIP ('NONE','NONE', #4213, #2735 ) REPRESENTATION_RELATIONSHIP_WITH_TRANSFORMATION ( #1417 )SHAPE_REPRESENTATION_RELATIONSHIP( ) );
#3231 = APPROVAL_PERSON_ORGANIZATION ( #329, #2871, #1839 ) ;
#3232 = VECTOR ( 'NONE', #3748, 1000.000000000000000 ) ;
#3233 = LINE ( 'NONE', #3076, #3584 ) ;
#3234 = VERTEX_POINT ( 'NONE', #3329 ) ;
#3235 = DIRECTION ( 'NONE',  ( 0.000000000000000000, -0.9999998110306926868, 0.0006147670931746586397 ) ) ;
#3236 = CALENDAR_DATE ( 2021, 12, 4 ) ;
#3237 = ADVANCED_FACE ( 'NONE', ( #2280 ), #1244, .F. ) ;
#3238 = LINE ( 'NONE', #3248, #4030 ) ;
#3239 = B_SPLINE_CURVE_WITH_KNOTS ( 'NONE', 3,
 ( #1233, #1886, #181, #2586 ),
 .UNSPECIFIED., .F., .F.,
 ( 4, 4 ),
 ( 27.00000000000000000, 28.00000000000000000 ),
 .UNSPECIFIED. ) ;
#3240 = COORDINATED_UNIVERSAL_TIME_OFFSET ( 5, 0, .BEHIND. ) ;
#3241 = DIRECTION ( 'NONE',  ( 0.000000000000000000, 0.000000000000000000, 1.000000000000000000 ) ) ;
#3242 = CARTESIAN_POINT ( 'NONE',  ( -2.540000000000000036, -8.305677884615382922, -1.875692307692306882 ) ) ;
#3243 = EDGE_CURVE ( 'NONE', #381, #4211, #3318, .T. ) ;
#3244 = CARTESIAN_POINT ( 'NONE',  ( -2.540000000000000036, -8.791565742350019974, 2.226950593346534113 ) ) ;
#3245 = ORIENTED_EDGE ( 'NONE', *, *, #2770, .F. ) ;
#3246 = CC_DESIGN_SECURITY_CLASSIFICATION ( #628, ( #4439 ) ) ;
#3247 = CIRCLE ( 'NONE', #864, 4.775199999999999889 ) ;
#3248 = CARTESIAN_POINT ( 'NONE',  ( -2.540000000000000036, 7.719281168556324957, 2.301063192880259400 ) ) ;
#3249 = VECTOR ( 'NONE', #3124, 1000.000000000000000 ) ;
#3250 = APPROVAL_STATUS ( 'not_yet_approved' ) ;
#3251 = ORIENTED_EDGE ( 'NONE', *, *, #119, .F. ) ;
#3252 = DIRECTION ( 'NONE',  ( -0.000000000000000000, 0.004989411720879721387, 0.9999875528078735476 ) ) ;
#3253 = FACE_OUTER_BOUND ( 'NONE', #4335, .T. ) ;
#3254 = VECTOR ( 'NONE', #420, 1000.000000000000000 ) ;
#3255 = CARTESIAN_POINT ( 'NONE',  ( -2.540000000000000036, -9.169868330226515596, 0.8559360027590978692 ) ) ;
#3256 = CARTESIAN_POINT ( 'NONE',  ( -2.540000000000000036, -7.619999999999998330, -0.6447692307692298730 ) ) ;
#3257 = VECTOR ( 'NONE', #3298, 1000.000000000000000 ) ;
#3258 = MANIFOLD_SOLID_BREP ( 'Wrap Target', #2230 ) ;
#3259 = EDGE_CURVE ( 'NONE', #2565, #954, #3422, .T. ) ;
#3260 = CARTESIAN_POINT ( 'NONE',  ( -2.540000000000000036, 7.287688735445088994, 5.972095136862269449 ) ) ;
#3261 = CARTESIAN_POINT ( 'NONE',  ( -2.540000000000000036, -8.771011354055973541, 2.244619883110130942 ) ) ;
#3262 = CARTESIAN_POINT ( 'NONE',  ( -2.540000000000000036, -7.510922643836506651, -0.6361704371808761804 ) ) ;
#3263 = B_SPLINE_CURVE_WITH_KNOTS ( 'NONE', 3,
 ( #4216, #2553, #3598, #4244, #499, #1205, #3578, #1879, #520, #2893, #867, #1552, #2220, #133, #855, #1888, #1859, #1522, #1920 ),
 .UNSPECIFIED., .F., .F.,
 ( 4, 1, 1, 1, 1, 1, 1, 1, 1, 1, 1, 1, 1, 1, 1, 1, 4 ),
 ( 0.000000000000000000, 0.09619044829846434830, 0.1832293458290517041, 0.2620901314812497107, 0.3313477994136303506, 0.3925748373908685696, 0.4448004127900593296, 0.4886907299400456428, 0.5244791811917224322, 0.5863666340472121208, 0.6454971610461058829, 0.7037459104157626211, 0.7627874672492417352, 0.8213123260016528260, 0.8794767819228291872, 0.9384589507545236797, 1.000000000000000000 ),
 .UNSPECIFIED. ) ;
#3264 = CARTESIAN_POINT ( 'NONE',  ( -2.540000000000000036, -6.994154339775034757, 1.067619767626784233 ) ) ;
#3265 = AXIS2_PLACEMENT_3D ( 'NONE', #2497, #3137, #2163 ) ;
#3266 = CARTESIAN_POINT ( 'NONE',  ( -2.398232558139534287, 0.000000000000000000, 0.000000000000000000 ) ) ;
#3267 = DIRECTION ( 'NONE',  ( 0.000000000000000000, 0.000000000000000000, 1.000000000000000000 ) ) ;
#3268 = CARTESIAN_POINT ( 'NONE',  ( -2.540000000000000036, -9.120812578465312015, 0.8580307190260723083 ) ) ;
#3269 = CARTESIAN_POINT ( 'NONE',  ( -2.540000000000000036, -7.441888653575395196, 0.9674180654761040943 ) ) ;
#3270 = PRODUCT_RELATED_PRODUCT_CATEGORY ( 'detail', '', ( #3462 ) ) ;
#3271 = CARTESIAN_POINT ( 'NONE',  ( -2.540000000000000036, 7.615347312843344874, 4.538020806417250697 ) ) ;
#3272 = CARTESIAN_POINT ( 'NONE',  ( -2.540000000000000036, -7.404962315709552101, -0.6216551777776938570 ) ) ;
#3273 = CARTESIAN_POINT ( 'NONE',  ( -2.540000000000000036, -9.376625761203825959, -1.652408493009163593 ) ) ;
#3274 = CARTESIAN_POINT ( 'NONE',  ( -2.540000000000000036, -8.518769230769228429, 1.844552884615384913 ) ) ;
#3275 = ORIENTED_EDGE ( 'NONE', *, *, #1185, .F. ) ;
#3276 = CARTESIAN_POINT ( 'NONE',  ( -2.540000000000000036, 8.153810367471962195, 2.619657686830466847 ) ) ;
#3277 = PRODUCT ( 'TTN236916-E0W', 'TTN236916-E0W', '', ( #747 ) ) ;
#3278 = CARTESIAN_POINT ( 'NONE',  ( -2.540000000000000036, 6.997443725379039137, -1.656463132742404865 ) ) ;
#3279 = CARTESIAN_POINT ( 'NONE',  ( -2.540000000000000036, 7.162218523076876231, 2.206661115617274849 ) ) ;
#3280 = CARTESIAN_POINT ( 'NONE',  ( -2.540000000000000036, 7.673360980509772666, 5.190696505309794873 ) ) ;
#3281 = CARTESIAN_POINT ( 'NONE',  ( -2.540000000000000036, 7.259475737413522367, -2.946798826133434801 ) ) ;
#3282 = CARTESIAN_POINT ( 'NONE',  ( -2.540000000000000036, -8.815352612473313698, 2.211939297385469683 ) ) ;
#3283 = CARTESIAN_POINT ( 'NONE',  ( -2.540000000000000036, 6.821927784686520724, 0.8855346308902587449 ) ) ;
#3284 = B_SPLINE_CURVE_WITH_KNOTS ( 'NONE', 3,
 ( #2911, #4269, #1236, #2262 ),
 .UNSPECIFIED., .F., .F.,
 ( 4, 4 ),
 ( 22.00000000000000000, 23.00000000000000000 ),
 .UNSPECIFIED. ) ;
#3285 = EDGE_CURVE ( 'NONE', #1013, #3849, #1000, .T. ) ;
#3286 = ORIENTED_EDGE ( 'NONE', *, *, #1670, .T. ) ;
#3287 = CARTESIAN_POINT ( 'NONE',  ( -2.540000000000000036, -10.06230769230768907, 0.3321538461538471876 ) ) ;
#3288 = CALENDAR_DATE ( 2021, 12, 4 ) ;
#3289 = VECTOR ( 'NONE', #2834, 1000.000000000000000 ) ;
#3290 = VERTEX_POINT ( 'NONE', #129 ) ;
#3291 = ORIENTED_EDGE ( 'NONE', *, *, #1893, .F. ) ;
#3292 = PRODUCT_DEFINITION_SHAPE ( 'NONE', 'NONE',  #4439 ) ;
#3293 = AXIS2_PLACEMENT_3D ( 'NONE', #3823, #1096, #2139 ) ;
#3294 = CARTESIAN_POINT ( 'NONE',  ( -2.540000000000000036, -6.540271969168950150, -0.4697780061661643303 ) ) ;
#3295 = VERTEX_POINT ( 'NONE', #4049 ) ;
#3296 = FACE_OUTER_BOUND ( 'NONE', #639, .T. ) ;
#3297 = ORIENTED_EDGE ( 'NONE', *, *, #1503, .F. ) ;
#3298 = DIRECTION ( 'NONE',  ( -0.000000000000000000, 0.001227981745711024999, 0.9999992460301319053 ) ) ;
#3299 = CARTESIAN_POINT ( 'NONE',  ( -2.540000000000000036, -8.812290613176470444, -1.219862444672545898 ) ) ;
#3300 = CARTESIAN_POINT ( 'NONE',  ( -2.540000000000000036, -9.288657283106495299, -1.675130688401409440 ) ) ;
#3301 = ORIENTED_EDGE ( 'NONE', *, *, #1390, .F. ) ;
#3302 = VECTOR ( 'NONE', #2271, 1000.000000000000000 ) ;
#3303 = CARTESIAN_POINT ( 'NONE',  ( -2.540000000000000036, 8.149748528201032016, -1.523704625119343348 ) ) ;
#3304 = VERTEX_POINT ( 'NONE', #3028 ) ;
#3305 = EDGE_CURVE ( 'NONE', #2760, #3964, #2039, .T. ) ;
#3306 = CARTESIAN_POINT ( 'NONE',  ( -2.540000000000000036, -9.530330220374436223, -0.8555255221343445182 ) ) ;
#3307 = CARTESIAN_POINT ( 'NONE',  ( -2.540000000000000036, -6.780847272811512561, 0.6093428554290885035 ) ) ;
#3308 = EDGE_CURVE ( 'NONE', #2189, #1935, #434, .T. ) ;
#3309 = VERTEX_POINT ( 'NONE', #3043 ) ;
#3310 = B_SPLINE_CURVE_WITH_KNOTS ( 'NONE', 3,
 ( #1165, #2558, #3644, #2958 ),
 .UNSPECIFIED., .F., .F.,
 ( 4, 4 ),
 ( 1.000000000000000000, 2.000000000000000000 ),
 .UNSPECIFIED. ) ;
#3311 = CARTESIAN_POINT ( 'NONE',  ( -2.540000000000000036, -6.605197082900777339, 0.6730565921578414157 ) ) ;
#3312 = CARTESIAN_POINT ( 'NONE',  ( -2.540000000000000036, -9.049239117896865636, 1.526412568895304966 ) ) ;
#3313 = EDGE_CURVE ( 'NONE', #3068, #2182, #1134, .T. ) ;
#3314 = EDGE_LOOP ( 'NONE', ( #47, #4390, #2107, #1130 ) ) ;
#3315 = CARTESIAN_POINT ( 'NONE',  ( -2.540000000000000036, -7.619999999999997442, 2.598615384615383217 ) ) ;
#3316 = ORIENTED_EDGE ( 'NONE', *, *, #2567, .F. ) ;
#3317 = FACE_OUTER_BOUND ( 'NONE', #1972, .T. ) ;
#3318 = LINE ( 'NONE', #997, #648 ) ;
#3319 = EDGE_LOOP ( 'NONE', ( #4145, #5, #2657, #151, #254, #3648, #1199, #1223, #240, #2957, #1784, #1288 ) ) ;
#3320 = CARTESIAN_POINT ( 'NONE',  ( -2.540000000000000036, 7.458581116394175758, 3.865244894399022080 ) ) ;
#3321 = CARTESIAN_POINT ( 'NONE',  ( -2.540000000000000036, 7.259451802890562355, -1.191151910359529165 ) ) ;
#3322 = ORIENTED_EDGE ( 'NONE', *, *, #804, .F. ) ;
#3323 = CIRCLE ( 'NONE', #266, 3.682999999999999385 ) ;
#3324 = ORIENTED_EDGE ( 'NONE', *, *, #4053, .T. ) ;
#3325 = VECTOR ( 'NONE', #2992, 1000.000000000000000 ) ;
#3326 = LOCAL_TIME ( 15, 59, 21.00000000000000000, #1208 ) ;
#3327 = VERTEX_POINT ( 'NONE', #1136 ) ;
#3328 = CARTESIAN_POINT ( 'NONE',  ( -2.540000000000000036, -7.184752247514154533, 0.8745438726043116562 ) ) ;
#3329 = CARTESIAN_POINT ( 'NONE',  ( -2.540000000000000036, -7.190153846153844341, 0.2930769230769239564 ) ) ;
#3330 = DIRECTION ( 'NONE',  ( 1.000000000000000000, 0.000000000000000000, 0.000000000000000000 ) ) ;
#3331 = CARTESIAN_POINT ( 'NONE',  ( -2.540000000000000036, 6.822992358568303217, 3.495872615733402355 ) ) ;
#3332 = ORIENTED_EDGE ( 'NONE', *, *, #1995, .F. ) ;
#3333 = AXIS2_PLACEMENT_3D ( 'NONE', #3014, #1306, #3681 ) ;
#3334 = PERSON_AND_ORGANIZATION ( #697, #238 ) ;
#3335 = EDGE_CURVE ( 'NONE', #1950, #3467, #1023, .T. ) ;
#3336 = CARTESIAN_POINT ( 'NONE',  ( -2.540000000000000036, -6.897076923076921773, 0.1172307692307700960 ) ) ;
#3337 = ORIENTED_EDGE ( 'NONE', *, *, #945, .F. ) ;
#3338 = VERTEX_POINT ( 'NONE', #791 ) ;
#3339 = ORIENTED_EDGE ( 'NONE', *, *, #530, .T. ) ;
#3340 = DIRECTION ( 'NONE',  ( -0.000000000000000000, 0.6427876096865280386, 0.7660444431189875614 ) ) ;
#3341 = FACE_OUTER_BOUND ( 'NONE', #1062, .T. ) ;
#3342 = VERTEX_POINT ( 'NONE', #497 ) ;
#3343 = APPROVAL ( #1457, 'UNSPECIFIED' ) ;
#3344 = VERTEX_POINT ( 'NONE', #4306 ) ;
#3345 = DIRECTION ( 'NONE',  ( 1.000000000000000000, 0.000000000000000000, 0.000000000000000000 ) ) ;
#3346 = EDGE_LOOP ( 'NONE', ( #1523, #2980, #2740, #3286, #295 ) ) ;
#3347 = ORIENTED_EDGE ( 'NONE', *, *, #704, .T. ) ;
#3348 = CARTESIAN_POINT ( 'NONE',  ( -2.540000000000000036, -7.462862724831146544, 0.6067487792195001006 ) ) ;
#3349 = CARTESIAN_POINT ( 'NONE',  ( -2.540000000000000036, 7.649510260283718388, 3.970598002931378101 ) ) ;
#3350 = VECTOR ( 'NONE', #272, 1000.000000000000000 ) ;
#3351 = ORIENTED_EDGE ( 'NONE', *, *, #3858, .F. ) ;
#3352 = DIRECTION ( 'NONE',  ( 0.000000000000000000, 0.000000000000000000, -1.000000000000000000 ) ) ;
#3353 = DIRECTION ( 'NONE',  ( -1.000000000000000000, -0.000000000000000000, -0.000000000000000000 ) ) ;
#3354 = CARTESIAN_POINT ( 'NONE',  ( -2.540000000000000036, -8.723938798925930271, 2.539626476474086125 ) ) ;
#3355 = B_SPLINE_CURVE_WITH_KNOTS ( 'NONE', 3,
 ( #227, #906, #186, #2615 ),
 .UNSPECIFIED., .F., .F.,
 ( 4, 4 ),
 ( 18.00000000000000000, 19.00000000000000000 ),
 .UNSPECIFIED. ) ;
#3356 = LINE ( 'NONE', #2386, #1831 ) ;
#3357 = AXIS2_PLACEMENT_3D ( 'NONE', #3605, #527, #3352 ) ;
#3358 = EDGE_CURVE ( 'NONE', #3885, #2842, #3050, .T. ) ;
#3359 = CARTESIAN_POINT ( 'NONE',  ( -2.540000000000000036, -8.518769230769228429, 2.478331730769231189 ) ) ;
#3360 = CARTESIAN_POINT ( 'NONE',  ( -2.540000000000000036, -7.450565703778126547, 0.6710135965708544648 ) ) ;
#3361 = CARTESIAN_POINT ( 'NONE',  ( -2.540000000000000036, -9.490220384748567994, -1.138203064018467048 ) ) ;
#3362 = B_SPLINE_CURVE_WITH_KNOTS ( 'NONE', 3,
 ( #893, #1560, #3311, #2981, #3612, #2937, #3940, #925, #544, #1268, #3956, #3924, #2277, #4305, #2596, #3264, #213, #1620, #2335 ),
 .UNSPECIFIED., .F., .F.,
 ( 4, 1, 1, 1, 1, 1, 1, 1, 1, 1, 1, 1, 1, 1, 1, 1, 4 ),
 ( 0.000000000000000000, 0.06199741907572187821, 0.1220879540822928100, 0.1813753107870035020, 0.2395080083953656791, 0.2978356978967510726, 0.3568799706531183280, 0.4172818251154285507, 0.4796404090798157549, 0.5425000674783565513, 0.6049624196481904193, 0.6669910330782641283, 0.7302162430101637458, 0.7941728632512562447, 0.8604581431502612565, 0.9285781799847823148, 0.9999999999999998890 ),
 .UNSPECIFIED. ) ;
#3363 = CARTESIAN_POINT ( 'NONE',  ( -2.540000000000000036, -7.498330220374437083, 0.9224744778656553956 ) ) ;
#3364 = PLANE ( 'NONE',  #2094 ) ;
#3365 = CARTESIAN_POINT ( 'NONE',  ( -2.540000000000000036, -8.637197082900776479, -1.104943407842158276 ) ) ;
#3366 = CARTESIAN_POINT ( 'NONE',  ( -2.540000000000000036, 6.971532828533621995, 5.889007682524041165 ) ) ;
#3367 = ORIENTED_EDGE ( 'NONE', *, *, #132, .T. ) ;
#3368 = CARTESIAN_POINT ( 'NONE',  ( -2.540000000000000036, -9.670235795893340480, -1.147965556905259144 ) ) ;
#3369 = VERTEX_POINT ( 'NONE', #4260 ) ;
#3370 = EDGE_CURVE ( 'NONE', #3941, #4229, #3472, .T. ) ;
#3371 = CC_DESIGN_PERSON_AND_ORGANIZATION_ASSIGNMENT ( #2185, #3453, ( #411 ) ) ;
#3372 = VERTEX_POINT ( 'NONE', #2609 ) ;
#3373 = DIRECTION ( 'NONE',  ( -0.000000000000000000, 0.001227981745710970789, 0.9999992460301319053 ) ) ;
#3374 = ORIENTED_EDGE ( 'NONE', *, *, #2273, .F. ) ;
#3375 = CIRCLE ( 'NONE', #4202, 4.775199999999999889 ) ;
#3376 = DIRECTION ( 'NONE',  ( 0.000000000000000000, 0.000000000000000000, 1.000000000000000000 ) ) ;
#3377 = EDGE_CURVE ( 'NONE', #3686, #729, #114, .T. ) ;
#3378 = CARTESIAN_POINT ( 'NONE',  ( 3.367778697655221258E-17, 3.236537772177722427, -2.715777650925581099 ) ) ;
#3379 = DIRECTION ( 'NONE',  ( 0.000000000000000000, -0.001227981745706997188, -0.9999992460301319053 ) ) ;
#3380 = CARTESIAN_POINT ( 'NONE',  ( -2.540000000000000036, -9.495692307692305434, -1.205584134615383496 ) ) ;
#3381 = LINE ( 'NONE', #873, #3011 ) ;
#3382 = DIRECTION ( 'NONE',  ( 0.000000000000000000, 0.000000000000000000, 1.000000000000000000 ) ) ;
#3383 = LINE ( 'NONE', #1902, #3745 ) ;
#3384 = CARTESIAN_POINT ( 'NONE',  ( -2.540000000000000036, 7.343790842438876254, 4.234762389185649845 ) ) ;
#3385 = VECTOR ( 'NONE', #478, 1000.000000000000000 ) ;
#3386 = LINE ( 'NONE', #2751, #4072 ) ;
#3387 = B_SPLINE_CURVE_WITH_KNOTS ( 'NONE', 3,
 ( #121, #2543, #488, #1181 ),
 .UNSPECIFIED., .F., .F.,
 ( 4, 4 ),
 ( 3.000000000000000000, 4.000000000000000000 ),
 .UNSPECIFIED. ) ;
#3388 = PLANE ( 'NONE',  #962 ) ;
#3389 = CARTESIAN_POINT ( 'NONE',  ( -2.540000000000000036, -9.007536057692306031, 0.8596923076923087548 ) ) ;
#3390 = COORDINATED_UNIVERSAL_TIME_OFFSET ( 5, 0, .BEHIND. ) ;
#3391 = AXIS2_PLACEMENT_3D ( 'NONE', #259, #3001, #281 ) ;
#3392 = AXIS2_PLACEMENT_3D ( 'NONE', #876, #198, #1915 ) ;
#3393 = EDGE_CURVE ( 'NONE', #1726, #4112, #3239, .T. ) ;
#3394 = CARTESIAN_POINT ( 'NONE',  ( -2.540000000000000036, 7.760501906187755594, 3.572739045929131940 ) ) ;
#3395 = FACE_BOUND ( 'NONE', #3830, .T. ) ;
#3396 = DATE_AND_TIME ( #2394, #2866 ) ;
#3397 = ORIENTED_EDGE ( 'NONE', *, *, #4344, .T. ) ;
#3398 = CARTESIAN_POINT ( 'NONE',  ( -5.322435762069739423E-16, 1.547524927742553084E-15, -12.57300000000000040 ) ) ;
#3399 = CARTESIAN_POINT ( 'NONE',  ( -2.540000000000000036, -6.095999999999997421, 2.559538461538460208 ) ) ;
#3400 = ORIENTED_EDGE ( 'NONE', *, *, #3133, .T. ) ;
#3401 = EDGE_CURVE ( 'NONE', #432, #2645, #1845, .T. ) ;
#3402 = DIRECTION ( 'NONE',  ( -1.000000000000000000, -0.000000000000000000, -0.000000000000000000 ) ) ;
#3403 = VERTEX_POINT ( 'NONE', #4320 ) ;
#3404 = LINE ( 'NONE', #1224, #27 ) ;
#3405 = ORIENTED_EDGE ( 'NONE', *, *, #2691, .F. ) ;
#3406 = CC_DESIGN_PERSON_AND_ORGANIZATION_ASSIGNMENT ( #2015, #1200, ( #2043 ) ) ;
#3407 = ORIENTED_EDGE ( 'NONE', *, *, #372, .F. ) ;
#3408 = VECTOR ( 'NONE', #3981, 999.9999999999998863 ) ;
#3409 = EDGE_CURVE ( 'NONE', #3122, #185, #3530, .T. ) ;
#3410 = EDGE_CURVE ( 'NONE', #776, #3372, #450, .T. ) ;
#3411 = CARTESIAN_POINT ( 'NONE',  ( -2.540000000000000036, -8.636258951596319733, -1.162455616428396121 ) ) ;
#3412 = B_SPLINE_CURVE_WITH_KNOTS ( 'NONE', 3,
 ( #3826, #1758, #3777, #3461, #2117, #30, #2445, #42, #3495, #2469, #2797 ),
 .UNSPECIFIED., .F., .F.,
 ( 4, 1, 1, 1, 1, 1, 1, 1, 4 ),
 ( 0.000000000000000000, 0.1478596367312527138, 0.2835613219395473616, 0.4123693961385311857, 0.5342363558879443808, 0.6526916293119816581, 0.7686630594981228581, 0.8836524018604038355, 0.9999999999999998890 ),
 .UNSPECIFIED. ) ;
#3413 = CARTESIAN_POINT ( 'NONE',  ( -2.540000000000000036, -8.941593749999997343, 1.975826923076923869 ) ) ;
#3414 = ORIENTED_EDGE ( 'NONE', *, *, #3625, .T. ) ;
#3415 = DIRECTION ( 'NONE',  ( -0.000000000000000000, 0.001227981745709625728, 0.9999992460301319053 ) ) ;
#3416 = VERTEX_POINT ( 'NONE', #1290 ) ;
#3417 = CARTESIAN_POINT ( 'NONE',  ( -2.540000000000000036, 7.367928541256363317, 5.654536243595622125 ) ) ;
#3418 = VERTEX_POINT ( 'NONE', #276 ) ;
#3419 = CARTESIAN_POINT ( 'NONE',  ( -2.540000000000000036, 7.845352721052764267, 3.490771575464230114 ) ) ;
#3420 = FACE_OUTER_BOUND ( 'NONE', #3319, .T. ) ;
#3421 = ORIENTED_EDGE ( 'NONE', *, *, #1421, .T. ) ;
#3422 = LINE ( 'NONE', #1301, #1675 ) ;
#3423 = CARTESIAN_POINT ( 'NONE',  ( 0.000000000000000000, 0.05000000000000002359, -4.762500000000004619 ) ) ;
#3424 = PRODUCT_DEFINITION_FORMATION_WITH_SPECIFIED_SOURCE ( 'ANY', '', #411, .NOT_KNOWN. ) ;
#3425 = VERTEX_POINT ( 'NONE', #3649 ) ;
#3426 = CARTESIAN_POINT ( 'NONE',  ( -2.540000000000000036, -6.993546237391413456, -1.742574890754722494 ) ) ;
#3427 = EDGE_CURVE ( 'NONE', #2014, #2755, #810, .T. ) ;
#3428 = EDGE_LOOP ( 'NONE', ( #2264, #2028, #1922, #453, #288, #3218, #1454, #3400, #3988, #2309, #3765, #364, #2227, #651, #1673, #2064, #485, #1761, #4220, #3787, #879, #2953, #1664, #4083, #2654, #4066, #1755, #1844, #2622, #3750, #3209, #1263, #2747, #3579, #3004 ) ) ;
#3429 = LINE ( 'NONE', #4098, #4 ) ;
#3430 = LINE ( 'NONE', #3399, #442 ) ;
#3431 = EDGE_LOOP ( 'NONE', ( #2845, #212, #3215, #336 ) ) ;
#3432 = DIRECTION ( 'NONE',  ( 0.000000000000000000, 0.000000000000000000, -1.000000000000000000 ) ) ;
#3433 = CARTESIAN_POINT ( 'NONE',  ( -2.540000000000000036, -6.867758778391507946, 0.8024918721481912876 ) ) ;
#3434 = EDGE_LOOP ( 'NONE', ( #3917, #613, #3514, #2011 ) ) ;
#3435 = APPROVAL_DATE_TIME ( #2705, #2286 ) ;
#3436 = B_SPLINE_CURVE_WITH_KNOTS ( 'NONE', 3,
 ( #3242, #2274, #210, #2289, #632, #901, #2592, #2915, #4286, #1911, #192, #2933, #1213, #982, #218 ),
 .UNSPECIFIED., .F., .F.,
 ( 4, 1, 1, 1, 1, 1, 1, 1, 1, 1, 1, 1, 4 ),
 ( 0.000000000000000000, 0.05027347261518802513, 0.1027915920399823796, 0.1576149749310262749, 0.2146336648361206467, 0.2740644707480657249, 0.3359484752142254393, 0.4003220641367526422, 0.4670793284020364755, 0.6020733564500508894, 0.7357483921365003399, 0.8682030502592542609, 1.000000000000000000 ),
 .UNSPECIFIED. ) ;
#3437 = CARTESIAN_POINT ( 'NONE',  ( -2.540000000000000036, -7.459976831074657255, 0.5171363240288452401 ) ) ;
#3438 = APPROVAL_PERSON_ORGANIZATION ( #1808, #594, #2124 ) ;
#3439 = CARTESIAN_POINT ( 'NONE',  ( -2.540000000000000036, -8.147538461538459842, -1.875692307692306660 ) ) ;
#3440 = VERTEX_POINT ( 'NONE', #912 ) ;
#3441 = LINE ( 'NONE', #2375, #2872 ) ;
#3442 = LINE ( 'NONE', #1707, #1875 ) ;
#3443 = ORIENTED_EDGE ( 'NONE', *, *, #2035, .T. ) ;
#3444 = CIRCLE ( 'NONE', #3198, 3.682999999999999385 ) ;
#3445 = ORIENTED_EDGE ( 'NONE', *, *, #2312, .F. ) ;
#3446 = B_SPLINE_CURVE_WITH_KNOTS ( 'NONE', 3,
 ( #3016, #635, #1082, #1739 ),
 .UNSPECIFIED., .F., .F.,
 ( 4, 4 ),
 ( 0.000000000000000000, 1.000000000000000000 ),
 .UNSPECIFIED. ) ;
#3447 =( NAMED_UNIT ( * ) SI_UNIT ( $, .STERADIAN. ) SOLID_ANGLE_UNIT ( ) );
#3448 = LINE ( 'NONE', #261, #3257 ) ;
#3449 = CARTESIAN_POINT ( 'NONE',  ( -2.540000000000000036, -9.069104308306199513, -0.9031084121595884806 ) ) ;
#3450 = CARTESIAN_POINT ( 'NONE',  ( -2.540000000000000036, -8.725449519230767947, 2.140682692307692481 ) ) ;
#3451 = VECTOR ( 'NONE', #358, 1000.000000000000000 ) ;
#3452 = CARTESIAN_POINT ( 'NONE',  ( -2.540000000000000036, -9.473888653575395224, -0.8105819345238953755 ) ) ;
#3453 = PERSON_AND_ORGANIZATION_ROLE ( 'design_owner' ) ;
#3454 = CC_DESIGN_DATE_AND_TIME_ASSIGNMENT ( #333, #179, ( #628 ) ) ;
#3455 = DIRECTION ( 'NONE',  ( 1.000000000000000000, 0.000000000000000000, 0.000000000000000000 ) ) ;
#3456 = ORIENTED_EDGE ( 'NONE', *, *, #1022, .T. ) ;
#3457 = CARTESIAN_POINT ( 'NONE',  ( -2.540000000000000036, -9.651999999999997470, 1.526442307692308376 ) ) ;
#3458 = DIRECTION ( 'NONE',  ( 1.000000000000000000, 0.000000000000000000, 0.000000000000000000 ) ) ;
#3459 = CARTESIAN_POINT ( 'NONE',  ( 0.000000000000000000, 0.000000000000000000, 0.000000000000000000 ) ) ;
#3460 = CARTESIAN_POINT ( 'NONE',  ( -2.540000000000000036, 7.005675944454452519, 4.509991222645200359 ) ) ;
#3461 = CARTESIAN_POINT ( 'NONE',  ( -2.540000000000000036, -6.788313689062352552, 0.4871288332438202806 ) ) ;
#3462 = PRODUCT ( 'DWG2082_Design Only', 'DWG2082_Design Only', '', ( #4169 ) ) ;
#3463 = CARTESIAN_POINT ( 'NONE',  ( -2.540000000000000036, -8.538307692307688157, 1.331057692307693108 ) ) ;
#3464 = ADVANCED_FACE ( 'NONE', ( #3656, #4142 ), #3637, .F. ) ;
#3465 = ORIENTED_EDGE ( 'NONE', *, *, #132, .F. ) ;
#3466 = PERSON_AND_ORGANIZATION_ROLE ( 'creator' ) ;
#3467 = VERTEX_POINT ( 'NONE', #603 ) ;
#3468 = ORIENTED_EDGE ( 'NONE', *, *, #3864, .T. ) ;
#3469 = CARTESIAN_POINT ( 'NONE',  ( -2.540000000000000036, -6.814910460702212625, -1.737031943025197256 ) ) ;
#3470 = AXIS2_PLACEMENT_3D ( 'NONE', #2405, #2742, #1016 ) ;
#3471 = ORIENTED_EDGE ( 'NONE', *, *, #3427, .F. ) ;
#3472 = CIRCLE ( 'NONE', #3725, 4.775000000000000355 ) ;
#3473 = B_SPLINE_CURVE_WITH_KNOTS ( 'NONE', 3,
 ( #3742, #1009, #3417, #1721 ),
 .UNSPECIFIED., .F., .F.,
 ( 4, 4 ),
 ( 30.00000000000000000, 31.00000000000000000 ),
 .UNSPECIFIED. ) ;
#3474 = CARTESIAN_POINT ( 'NONE',  ( -2.540000000000000036, 7.639370821174638948, 5.047019149436295926 ) ) ;
#3475 = CARTESIAN_POINT ( 'NONE',  ( -2.540000000000000036, -8.899758778391511527, -0.9755081278518082932 ) ) ;
#3476 = CIRCLE ( 'NONE', #4341, 0.03750000000000003331 ) ;
#3477 = PRODUCT_DEFINITION_FORMATION_WITH_SPECIFIED_SOURCE ( 'ANY', '', #1777, .NOT_KNOWN. ) ;
#3478 = ORIENTED_EDGE ( 'NONE', *, *, #2633, .F. ) ;
#3479 = PERSON_AND_ORGANIZATION_ROLE ( 'design_supplier' ) ;
#3480 = APPROVAL_PERSON_ORGANIZATION ( #1801, #2990, #3879 ) ;
#3481 = CARTESIAN_POINT ( 'NONE',  ( -2.540000000000000036, -9.607878299255515842, 0.7828115962566333241 ) ) ;
#3482 = CIRCLE ( 'NONE', #4137, 4.762500000000004619 ) ;
#3483 = DATE_AND_TIME ( #1420, #3179 ) ;
#3484 = ADVANCED_FACE ( 'NONE', ( #1010 ), #1923, .T. ) ;
#3485 = CARTESIAN_POINT ( 'NONE',  ( -2.540000000000000036, -6.310923076923074859, -1.074615384615383640 ) ) ;
#3486 = DIRECTION ( 'NONE',  ( -1.000000000000000000, -0.000000000000000000, -0.000000000000000000 ) ) ;
#3487 = LINE ( 'NONE', #2524, #1694 ) ;
#3488 = CARTESIAN_POINT ( 'NONE',  ( -2.398232558139534287, 0.000000000000000000, 3.682999999999999385 ) ) ;
#3489 = CARTESIAN_POINT ( 'NONE',  ( -0.6349999999999988987, 0.000000000000000000, 3.682999999999999385 ) ) ;
#3490 = EDGE_LOOP ( 'NONE', ( #3443, #3724 ) ) ;
#3491 = ORIENTED_EDGE ( 'NONE', *, *, #1390, .T. ) ;
#3492 = COORDINATED_UNIVERSAL_TIME_OFFSET ( 5, 0, .BEHIND. ) ;
#3493 = EDGE_LOOP ( 'NONE', ( #1623, #1409, #2719, #523 ) ) ;
#3494 = CARTESIAN_POINT ( 'NONE',  ( -2.540000000000000036, -10.06230769230768907, 0.1367692307692318088 ) ) ;
#3495 = CARTESIAN_POINT ( 'NONE',  ( -2.540000000000000036, -6.887156471220455600, 0.3328706669218026160 ) ) ;
#3496 = CARTESIAN_POINT ( 'NONE',  ( -2.540000000000000036, 7.589456790629025562, -0.1199639009140300722 ) ) ;
#3497 = ORIENTED_EDGE ( 'NONE', *, *, #734, .T. ) ;
#3498 = APPLICATION_PROTOCOL_DEFINITION ( 'international standard', 'config_control_design', 1994, #2840 ) ;
#3499 = ORIENTED_EDGE ( 'NONE', *, *, #2996, .F. ) ;
#3500 = DIRECTION ( 'NONE',  ( 0.000000000000000000, -0.9999875528078735476, 0.004989411720881040645 ) ) ;
#3501 = CARTESIAN_POINT ( 'NONE',  ( -2.540000000000000036, -9.651999999999997470, -2.422769230769229676 ) ) ;
#3502 = EDGE_CURVE ( 'NONE', #729, #112, #943, .T. ) ;
#3503 = ORIENTED_EDGE ( 'NONE', *, *, #2468, .T. ) ;
#3504 = CARTESIAN_POINT ( 'NONE',  ( -2.540000000000000036, -9.652835466521780816, 0.4734297582277165461 ) ) ;
#3505 = DIRECTION ( 'NONE',  ( 0.000000000000000000, 0.6427876096865280386, 0.7660444431189875614 ) ) ;
#3506 = TOROIDAL_SURFACE ( 'NONE', #2302, 4.500000000000000888, 0.2750000000000000222 ) ;
#3507 = ORIENTED_EDGE ( 'NONE', *, *, #598, .F. ) ;
#3508 = DIRECTION ( 'NONE',  ( 0.000000000000000000, 0.9805806756909201116, 0.1961161351381841000 ) ) ;
#3509 = DIRECTION ( 'NONE',  ( 0.000000000000000000, 0.000000000000000000, 1.000000000000000000 ) ) ;
#3510 = CARTESIAN_POINT ( 'NONE',  ( -2.540000000000000036, 7.380070197974240465, -0.3346972310577017717 ) ) ;
#3511 = APPLICATION_PROTOCOL_DEFINITION ( 'international standard', 'config_control_design', 1994, #1135 ) ;
#3512 = CARTESIAN_POINT ( 'NONE',  ( -0.01249999999999965375, 0.05000000000000002359, -1.881250000000001865 ) ) ;
#3513 = CARTESIAN_POINT ( 'NONE',  ( -2.540000000000000036, 6.375848354638610438, 2.651683974329866800 ) ) ;
#3514 = ORIENTED_EDGE ( 'NONE', *, *, #58, .F. ) ;
#3515 = VERTEX_POINT ( 'NONE', #2297 ) ;
#3516 = CARTESIAN_POINT ( 'NONE',  ( -2.540000000000000036, -6.271846153846151850, -2.188307692307692509 ) ) ;
#3517 = EDGE_CURVE ( 'NONE', #3835, #2959, #2530, .T. ) ;
#3518 = CARTESIAN_POINT ( 'NONE',  ( -2.540000000000000036, -7.071872031282670612, -0.5382393760478207945 ) ) ;
#3519 = CARTESIAN_POINT ( 'NONE',  ( -2.540000000000000036, -8.473658539664610245, -2.179088910158522463 ) ) ;
#3520 = ORIENTED_EDGE ( 'NONE', *, *, #539, .T. ) ;
#3521 = ORIENTED_EDGE ( 'NONE', *, *, #2212, .F. ) ;
#3522 = ORIENTED_EDGE ( 'NONE', *, *, #2231, .F. ) ;
#3523 = DIRECTION ( 'NONE',  ( 0.000000000000000000, -0.001227981745711219071, -0.9999992460301319053 ) ) ;
#3524 = ORIENTED_EDGE ( 'NONE', *, *, #3000, .F. ) ;
#3525 = CARTESIAN_POINT ( 'NONE',  ( -2.540000000000000036, 6.811869438728758830, 5.288475717610641169 ) ) ;
#3526 = FACE_OUTER_BOUND ( 'NONE', #2404, .T. ) ;
#3527 = AXIS2_PLACEMENT_3D ( 'NONE', #1962, #4336, #233 ) ;
#3528 = ORIENTED_EDGE ( 'NONE', *, *, #405, .F. ) ;
#3529 = CARTESIAN_POINT ( 'NONE',  ( 4.592425496802573602E-18, 0.000000000000000000, -0.03749999999999999861 ) ) ;
#3530 = LINE ( 'NONE', #3615, #2069 ) ;
#3531 = APPROVAL_STATUS ( 'not_yet_approved' ) ;
#3532 = ORIENTED_EDGE ( 'NONE', *, *, #715, .F. ) ;
#3533 = CARTESIAN_POINT ( 'NONE',  ( -2.540000000000000036, -9.216752247514152785, -0.9034561273956879246 ) ) ;
#3534 = CARTESIAN_POINT ( 'NONE',  ( -4.381250000000004086, 0.05000000000000002359, -0.01250000000000001978 ) ) ;
#3535 = ORIENTED_EDGE ( 'NONE', *, *, #2196, .T. ) ;
#3536 = ADVANCED_FACE ( 'NONE', ( #3066 ), #264, .F. ) ;
#3537 = EDGE_CURVE ( 'NONE', #2254, #3440, #3375, .T. ) ;
#3538 = VECTOR ( 'NONE', #3568, 999.9999999999998863 ) ;
#3539 = CARTESIAN_POINT ( 'NONE',  ( -2.540000000000000036, 6.494548406446101652, 4.568070765690801061 ) ) ;
#3540 = CARTESIAN_POINT ( 'NONE',  ( -2.540000000000000036, -9.342760370007084703, -2.576432644000162142 ) ) ;
#3541 = VERTEX_POINT ( 'NONE', #1277 ) ;
#3542 = CARTESIAN_POINT ( 'NONE',  ( -2.540000000000000036, -8.833116422958141811, -1.071924449576471483 ) ) ;
#3543 = CARTESIAN_POINT ( 'NONE',  ( -2.398232558139534287, 0.000000000000000000, 0.000000000000000000 ) ) ;
#3544 = VERTEX_POINT ( 'NONE', #224 ) ;
#3545 = DIRECTION ( 'NONE',  ( 0.000000000000000000, 0.000000000000000000, -1.000000000000000000 ) ) ;
#3546 = APPROVAL_DATE_TIME ( #2808, #3832 ) ;
#3547 = CARTESIAN_POINT ( 'NONE',  ( -2.540000000000000036, 8.150248869661689710, -0.2806257558583304945 ) ) ;
#3548 = DATE_TIME_ROLE ( 'classification_date' ) ;
#3549 = CARTESIAN_POINT ( 'NONE',  ( -2.540000000000000036, 7.721411895865971431, -0.1201259394966864569 ) ) ;
#3550 = EDGE_CURVE ( 'NONE', #3304, #2556, #4268, .T. ) ;
#3551 = FACE_OUTER_BOUND ( 'NONE', #1840, .T. ) ;
#3552 = CARTESIAN_POINT ( 'NONE',  ( -2.540000000000000036, -6.108007948932803188, -1.631844064714617515 ) ) ;
#3553 = LINE ( 'NONE', #2673, #3249 ) ;
#3554 = CARTESIAN_POINT ( 'NONE',  ( 0.000000000000000000, 0.05000000000000002359, 0.000000000000000000 ) ) ;
#3555 = ORIENTED_EDGE ( 'NONE', *, *, #4057, .F. ) ;
#3556 = CARTESIAN_POINT ( 'NONE',  ( -2.540000000000000036, -6.563724323021634888, -0.3025809677506314244 ) ) ;
#3557 = CIRCLE ( 'NONE', #3697, 4.225000000000000533 ) ;
#3558 = CARTESIAN_POINT ( 'NONE',  ( -2.540000000000000036, -8.812185855217082420, -1.192448913850402858 ) ) ;
#3559 = CARTESIAN_POINT ( 'NONE',  ( -0.5079999999999988969, 0.000000000000000000, 0.000000000000000000 ) ) ;
#3560 = VECTOR ( 'NONE', #522, 1000.000000000000114 ) ;
#3561 = DIRECTION ( 'NONE',  ( 0.000000000000000000, 0.9278320352014630679, 0.3729982767438891900 ) ) ;
#3562 = CARTESIAN_POINT ( 'NONE',  ( -2.540000000000000036, -9.671538461538458975, -1.206805288461537229 ) ) ;
#3563 = LINE ( 'NONE', #1487, #4323 ) ;
#3564 = SECURITY_CLASSIFICATION_LEVEL ( 'unclassified' ) ;
#3565 = CARTESIAN_POINT ( 'NONE',  ( -2.540000000000000036, -8.670134680330709998, 1.552013386395732830 ) ) ;
#3566 = ORIENTED_EDGE ( 'NONE', *, *, #3083, .T. ) ;
#3567 = CARTESIAN_POINT ( 'NONE',  ( -2.540000000000000036, -8.342923076923074888, -2.071076923076922149 ) ) ;
#3568 = DIRECTION ( 'NONE',  ( 0.000000000000000000, -0.004989411720880229661, -0.9999875528078735476 ) ) ;
#3569 = CARTESIAN_POINT ( 'NONE',  ( -2.540000000000000036, -9.309970190347838681, 0.8395097978661215654 ) ) ;
#3570 = B_SPLINE_CURVE_WITH_KNOTS ( 'NONE', 3,
 ( #3510, #1870, #4225, #3496 ),
 .UNSPECIFIED., .F., .F.,
 ( 4, 4 ),
 ( 1.000000000000000000, 2.000000000000000000 ),
 .UNSPECIFIED. ) ;
#3571 = DIRECTION ( 'NONE',  ( 0.000000000000000000, 0.000000000000000000, 1.000000000000000000 ) ) ;
#3572 = CC_DESIGN_PERSON_AND_ORGANIZATION_ASSIGNMENT ( #518, #1811, ( #3477 ) ) ;
#3573 = CARTESIAN_POINT ( 'NONE',  ( -0.1269999999999973372, 0.000000000000000000, 0.000000000000000000 ) ) ;
#3574 = DIRECTION ( 'NONE',  ( 0.000000000000000000, 0.000000000000000000, 1.000000000000000000 ) ) ;
#3575 = CARTESIAN_POINT ( 'NONE',  ( -2.540000000000000036, -8.520670075693326240, 1.794155919757979056 ) ) ;
#3576 = EDGE_LOOP ( 'NONE', ( #2054, #2316, #4434, #1797, #2931 ) ) ;
#3577 = CARTESIAN_POINT ( 'NONE',  ( -2.540000000000000036, 4.775199999999999889, 0.000000000000000000 ) ) ;
#3578 = CARTESIAN_POINT ( 'NONE',  ( -2.540000000000000036, -9.250210576964345677, 0.3424507742386401210 ) ) ;
#3579 = ORIENTED_EDGE ( 'NONE', *, *, #119, .T. ) ;
#3580 = ADVANCED_FACE ( 'NONE', ( #2263 ), #4048, .F. ) ;
#3581 = VERTEX_POINT ( 'NONE', #3727 ) ;
#3582 = CARTESIAN_POINT ( 'NONE',  ( -2.540000000000000036, -9.398354464500398464, 0.7957395947714965834 ) ) ;
#3583 = CARTESIAN_POINT ( 'NONE',  ( -2.540000000000000036, -6.994769230769229296, -2.188307692307692509 ) ) ;
#3584 = VECTOR ( 'NONE', #1025, 1000.000000000000000 ) ;
#3585 = ORIENTED_EDGE ( 'NONE', *, *, #1521, .T. ) ;
#3586 = VERTEX_POINT ( 'NONE', #3378 ) ;
#3587 = CARTESIAN_POINT ( 'NONE',  ( -2.540000000000000036, -9.241692307692304098, -1.680307692307690948 ) ) ;
#3588 = CARTESIAN_POINT ( 'NONE',  ( -2.540000000000000036, 7.566031484597237622, 3.971014518097676138 ) ) ;
#3589 = CARTESIAN_POINT ( 'NONE',  ( -2.540000000000000036, -8.773855999005538919, -0.8321676596272380433 ) ) ;
#3590 = CARTESIAN_POINT ( 'NONE',  ( -2.540000000000000036, -8.976741342101895782, 2.171935397378514043 ) ) ;
#3591 = CARTESIAN_POINT ( 'NONE',  ( -2.540000000000000036, -8.849160632928715131, -1.362916490993481000 ) ) ;
#3592 = B_SPLINE_CURVE_WITH_KNOTS ( 'NONE', 3,
 ( #291, #668, #3306, #1470, #4299, #1221, #2414, #692, #3368, #4399, #3776 ),
 .UNSPECIFIED., .F., .F.,
 ( 4, 1, 1, 1, 1, 1, 1, 1, 4 ),
 ( 0.000000000000000000, 0.1278926194654202708, 0.2515785135038565157, 0.3727928197023035461, 0.4927776986078542532, 0.6135900692425727554, 0.7378086492801456675, 0.8661799015391677958, 1.000000000000000000 ),
 .UNSPECIFIED. ) ;
#3593 = CARTESIAN_POINT ( 'NONE',  ( -2.540000000000000036, 7.847715526627524696, 3.964329641353688150 ) ) ;
#3594 = ORIENTED_EDGE ( 'NONE', *, *, #1334, .F. ) ;
#3595 = LINE ( 'NONE', #1194, #2750 ) ;
#3596 = CIRCLE ( 'NONE', #369, 0.2750000000000000222 ) ;
#3597 = CARTESIAN_POINT ( 'NONE',  ( -2.540000000000000036, -8.695810835878395650, 1.751238350750191630 ) ) ;
#3598 = CARTESIAN_POINT ( 'NONE',  ( -2.540000000000000036, -9.063313043589866780, 0.3321295629085963541 ) ) ;
#3599 = APPROVAL_PERSON_ORGANIZATION ( #67, #3832, #2597 ) ;
#3600 = CARTESIAN_POINT ( 'NONE',  ( -2.540000000000000036, -6.724220476250679646, -0.5800079166045775114 ) ) ;
#3601 = B_SPLINE_CURVE_WITH_KNOTS ( 'NONE', 3,
 ( #4373, #658, #2009, #2356 ),
 .UNSPECIFIED., .F., .F.,
 ( 4, 4 ),
 ( 2.000000000000000000, 3.000000000000000000 ),
 .UNSPECIFIED. ) ;
#3602 = CARTESIAN_POINT ( 'NONE',  ( -2.540000000000000036, 6.901575066864220176, 3.954704130094955694 ) ) ;
#3603 = VERTEX_POINT ( 'NONE', #307 ) ;
#3604 = APPROVAL_DATE_TIME ( #73, #594 ) ;
#3605 = CARTESIAN_POINT ( 'NONE',  ( -2.540000000000000036, 4.775199999999999889, 0.000000000000000000 ) ) ;
#3606 = CARTESIAN_POINT ( 'NONE',  ( -2.540000000000000036, 6.371703686742214323, -0.7235003766743095532 ) ) ;
#3607 = ORIENTED_EDGE ( 'NONE', *, *, #1974, .F. ) ;
#3608 = CARTESIAN_POINT ( 'NONE',  ( -2.540000000000000036, -8.813142985588848788, -1.249001434658589149 ) ) ;
#3609 = ORIENTED_EDGE ( 'NONE', *, *, #3335, .F. ) ;
#3610 = LINE ( 'NONE', #2725, #197 ) ;
#3611 = ORIENTED_EDGE ( 'NONE', *, *, #2206, .F. ) ;
#3612 = CARTESIAN_POINT ( 'NONE',  ( -2.540000000000000036, -6.622793490572775887, 0.7603999461300080531 ) ) ;
#3613 = PERSON_AND_ORGANIZATION ( #697, #238 ) ;
#3614 = ORIENTED_EDGE ( 'NONE', *, *, #2567, .T. ) ;
#3615 = CARTESIAN_POINT ( 'NONE',  ( -2.540000000000000036, 6.459006290476886569, 2.712753570935402259 ) ) ;
#3616 = ORIENTED_EDGE ( 'NONE', *, *, #1956, .F. ) ;
#3617 = LINE ( 'NONE', #2416, #2722 ) ;
#3618 = ORIENTED_EDGE ( 'NONE', *, *, #3661, .T. ) ;
#3619 = CARTESIAN_POINT ( 'NONE',  ( -2.540000000000000036, 7.261368281917867762, -1.656787227524436634 ) ) ;
#3620 = CARTESIAN_POINT ( 'NONE',  ( -2.540000000000000036, -6.310923076923074859, -0.2930769230769222911 ) ) ;
#3621 = CARTESIAN_POINT ( 'NONE',  ( -2.540000000000000036, -7.147649426150587182, 1.073586092838859418 ) ) ;
#3622 = ORIENTED_EDGE ( 'NONE', *, *, #930, .T. ) ;
#3623 = AXIS2_PLACEMENT_3D ( 'NONE', #1280, #3345, #2688 ) ;
#3624 = AXIS2_PLACEMENT_3D ( 'NONE', #1531, #3908, #862 ) ;
#3625 = EDGE_CURVE ( 'NONE', #4435, #4201, #3610, .T. ) ;
#3626 = CARTESIAN_POINT ( 'NONE',  ( 0.000000000000000000, 0.000000000000000000, 0.000000000000000000 ) ) ;
#3627 = CARTESIAN_POINT ( 'NONE',  ( -2.540000000000000036, -8.643720150644332634, -1.060293181361918746 ) ) ;
#3628 = CARTESIAN_POINT ( 'NONE',  ( -2.540000000000000036, -8.903651910555508309, 2.181002558816016013 ) ) ;
#3629 = DIRECTION ( 'NONE',  ( 0.000000000000000000, 0.000000000000000000, 1.000000000000000000 ) ) ;
#3630 = DIRECTION ( 'NONE',  ( 0.000000000000000000, 0.000000000000000000, -1.000000000000000000 ) ) ;
#3631 = EDGE_CURVE ( 'NONE', #713, #662, #3601, .T. ) ;
#3632 = CARTESIAN_POINT ( 'NONE',  ( -2.540000000000000036, 4.775199999999999889, 0.000000000000000000 ) ) ;
#3633 = CARTESIAN_POINT ( 'NONE',  ( -2.540000000000000036, -6.095999999999997421, 2.265240384615383906 ) ) ;
#3634 = EDGE_CURVE ( 'NONE', #104, #2540, #1498, .T. ) ;
#3635 = ORIENTED_EDGE ( 'NONE', *, *, #3892, .F. ) ;
#3636 = EDGE_CURVE ( 'NONE', #287, #4229, #1366, .T. ) ;
#3637 = PLANE ( 'NONE',  #4046 ) ;
#3638 = VECTOR ( 'NONE', #3184, 1000.000000000000000 ) ;
#3639 = ORIENTED_EDGE ( 'NONE', *, *, #268, .F. ) ;
#3640 = B_SPLINE_CURVE_WITH_KNOTS ( 'NONE', 3,
 ( #1894, #3260, #3207, #812 ),
 .UNSPECIFIED., .F., .F.,
 ( 4, 4 ),
 ( 22.00000000000000000, 23.00000000000000000 ),
 .UNSPECIFIED. ) ;
#3641 = VECTOR ( 'NONE', #1203, 1000.000000000000000 ) ;
#3642 = AXIS2_PLACEMENT_3D ( 'NONE', #3559, #1882, #4195 ) ;
#3643 = EDGE_LOOP ( 'NONE', ( #1270, #4413, #3732, #2285 ) ) ;
#3644 = CARTESIAN_POINT ( 'NONE',  ( -2.540000000000000036, 8.150635662347145427, 0.03435644577055489007 ) ) ;
#3645 = DIRECTION ( 'NONE',  ( 0.000000000000000000, -0.001227981745710336747, -0.9999992460301319053 ) ) ;
#3646 = VECTOR ( 'NONE', #2226, 1000.000000000000000 ) ;
#3647 = B_SPLINE_CURVE_WITH_KNOTS ( 'NONE', 3,
 ( #2538, #3539, #142, #3204 ),
 .UNSPECIFIED., .F., .F.,
 ( 4, 4 ),
 ( 20.00000000000000000, 21.00000000000000000 ),
 .UNSPECIFIED. ) ;
#3648 = ORIENTED_EDGE ( 'NONE', *, *, #3213, .F. ) ;
#3649 = CARTESIAN_POINT ( 'NONE',  ( -2.540000000000000036, -8.342923076923074888, -0.7815384615384602940 ) ) ;
#3650 = APPROVAL_DATE_TIME ( #1912, #2651 ) ;
#3651 = VECTOR ( 'NONE', #3938, 1000.000000000000000 ) ;
#3652 = DIRECTION ( 'NONE',  ( 1.000000000000000000, 0.000000000000000000, 0.000000000000000000 ) ) ;
#3653 = ORIENTED_EDGE ( 'NONE', *, *, #3762, .T. ) ;
#3654 = CARTESIAN_POINT ( 'NONE',  ( -2.540000000000000036, -6.494620192755497179, -1.486260486881086029 ) ) ;
#3655 = ORIENTED_EDGE ( 'NONE', *, *, #1334, .T. ) ;
#3656 = FACE_BOUND ( 'NONE', #1439, .T. ) ;
#3657 = ORIENTED_EDGE ( 'NONE', *, *, #1441, .T. ) ;
#3658 = FACE_BOUND ( 'NONE', #290, .T. ) ;
#3659 = CARTESIAN_POINT ( 'NONE',  ( -0.6349999999999988987, 3.682999999999999385, 0.000000000000000000 ) ) ;
#3660 = VERTEX_POINT ( 'NONE', #1284 ) ;
#3661 = EDGE_CURVE ( 'NONE', #872, #277, #1847, .T. ) ;
#3662 = DIRECTION ( 'NONE',  ( 0.000000000000000000, 0.000000000000000000, 1.000000000000000000 ) ) ;
#3663 = LINE ( 'NONE', #2259, #464 ) ;
#3664 = EDGE_CURVE ( 'NONE', #667, #3707, #3165, .T. ) ;
#3665 = CARTESIAN_POINT ( 'NONE',  ( 0.000000000000000000, 0.05000000000000002359, 1.500000000000001554 ) ) ;
#3666 = EDGE_LOOP ( 'NONE', ( #423, #2494, #3785, #3655, #3216, #4063, #4005, #3339 ) ) ;
#3667 = CARTESIAN_POINT ( 'NONE',  ( -2.540000000000000036, -9.530800480769228145, 0.3321538461538471876 ) ) ;
#3668 = EDGE_CURVE ( 'NONE', #3760, #317, #4298, .T. ) ;
#3669 = CARTESIAN_POINT ( 'NONE',  ( -2.540000000000000036, -7.108947115384614435, 0.8792307692307700373 ) ) ;
#3670 = CARTESIAN_POINT ( 'NONE',  ( 0.000000000000000000, 0.000000000000000000, 3.682999999999999385 ) ) ;
#3671 = DIRECTION ( 'NONE',  ( -0.000000000000000000, 0.001227981745711310361, 0.9999992460301319053 ) ) ;
#3672 = ORIENTED_EDGE ( 'NONE', *, *, #2419, .T. ) ;
#3673 = VERTEX_POINT ( 'NONE', #4161 ) ;
#3674 = DIRECTION ( 'NONE',  ( 0.000000000000000000, -0.9321152025493252280, 0.3621619101678563157 ) ) ;
#3675 = ORIENTED_EDGE ( 'NONE', *, *, #1503, .T. ) ;
#3676 = EDGE_CURVE ( 'NONE', #1131, #2115, #2668, .T. ) ;
#3677 = VERTEX_POINT ( 'NONE', #1429 ) ;
#3678 = DIRECTION ( 'NONE',  ( 0.000000000000000000, 0.000000000000000000, -1.000000000000000000 ) ) ;
#3679 = VERTEX_POINT ( 'NONE', #2479 ) ;
#3680 = ORIENTED_EDGE ( 'NONE', *, *, #572, .F. ) ;
#3681 = DIRECTION ( 'NONE',  ( 0.000000000000000000, 0.000000000000000000, 1.000000000000000000 ) ) ;
#3682 = CARTESIAN_POINT ( 'NONE',  ( -2.540000000000000036, -8.694615384615383746, 2.431317307692308471 ) ) ;
#3683 = CARTESIAN_POINT ( 'NONE',  ( -2.540000000000000036, 7.458581116394175758, 3.865244894399022080 ) ) ;
#3684 = DIRECTION ( 'NONE',  ( 0.000000000000000000, 0.000000000000000000, -1.000000000000000000 ) ) ;
#3685 = VECTOR ( 'NONE', #2290, 1000.000000000000000 ) ;
#3686 = VERTEX_POINT ( 'NONE', #2765 ) ;
#3687 = LINE ( 'NONE', #311, #1484 ) ;
#3688 = CARTESIAN_POINT ( 'NONE',  ( -2.398232558139534287, 5.536873108305013435E-16, -4.521200000000000330 ) ) ;
#3689 = AXIS2_PLACEMENT_3D ( 'NONE', #1490, #2549, #3574 ) ;
#3690 = CARTESIAN_POINT ( 'NONE',  ( -2.540000000000000036, -6.626593109920509761, -1.276684300540257277 ) ) ;
#3691 = EDGE_CURVE ( 'NONE', #3019, #908, #2634, .T. ) ;
#3692 = CARTESIAN_POINT ( 'NONE',  ( -2.540000000000000036, 7.379591234614241380, -0.7247380444064981386 ) ) ;
#3693 = LOCAL_TIME ( 15, 59, 21.00000000000000000, #2759 ) ;
#3694 = VECTOR ( 'NONE', #2382, 1000.000000000000000 ) ;
#3695 = CARTESIAN_POINT ( 'NONE',  ( -2.540000000000000036, -7.426531711182092543, 0.7278470613561196512 ) ) ;
#3696 = CARTESIAN_POINT ( 'NONE',  ( -2.540000000000000036, -7.614976602857062460, 0.7405552788481727378 ) ) ;
#3697 = AXIS2_PLACEMENT_3D ( 'NONE', #2125, #4113, #3782 ) ;
#3698 = B_SPLINE_CURVE_WITH_KNOTS ( 'NONE', 3,
 ( #245, #1957, #4380, #4374 ),
 .UNSPECIFIED., .F., .F.,
 ( 4, 4 ),
 ( 3.000000000000000000, 4.000000000000000000 ),
 .UNSPECIFIED. ) ;
#3699 = CARTESIAN_POINT ( 'NONE',  ( -2.398232558139534287, 0.000000000000000000, 0.000000000000000000 ) ) ;
#3700 = COORDINATED_UNIVERSAL_TIME_OFFSET ( 5, 0, .BEHIND. ) ;
#3701 = CARTESIAN_POINT ( 'NONE',  ( -2.540000000000000036, -9.636430288461536264, 0.4399206730769241180 ) ) ;
#3702 = ORIENTED_EDGE ( 'NONE', *, *, #1863, .F. ) ;
#3703 = DIRECTION ( 'NONE',  ( 0.000000000000000000, 0.000000000000000000, 1.000000000000000000 ) ) ;
#3704 = APPROVAL_DATE_TIME ( #669, #2521 ) ;
#3705 = ORIENTED_EDGE ( 'NONE', *, *, #2679, .F. ) ;
#3706 = CC_DESIGN_PERSON_AND_ORGANIZATION_ASSIGNMENT ( #3979, #2801, ( #3477 ) ) ;
#3707 = VERTEX_POINT ( 'NONE', #1411 ) ;
#3708 = CARTESIAN_POINT ( 'NONE',  ( -2.540000000000000036, -6.712384038791585184, -1.299028002171582541 ) ) ;
#3709 = VECTOR ( 'NONE', #3188, 1000.000000000000000 ) ;
#3710 = CARTESIAN_POINT ( 'NONE',  ( -2.540000000000000036, 7.261368281917867762, -1.656787227524436634 ) ) ;
#3711 = ADVANCED_FACE ( 'NONE', ( #320 ), #2879, .T. ) ;
#3712 = EDGE_CURVE ( 'NONE', #3186, #1145, #4156, .T. ) ;
#3713 = EDGE_CURVE ( 'NONE', #2720, #1315, #3130, .T. ) ;
#3714 = CARTESIAN_POINT ( 'NONE',  ( -2.540000000000000036, -7.209692307692305846, 0.09769230769230856370 ) ) ;
#3715 = ORIENTED_EDGE ( 'NONE', *, *, #4332, .F. ) ;
#3716 = DIRECTION ( 'NONE',  ( 0.000000000000000000, -1.000000000000000000, 0.000000000000000000 ) ) ;
#3717 = CARTESIAN_POINT ( 'NONE',  ( -2.540000000000000036, 8.065099005571884305, 2.121243235643051950 ) ) ;
#3718 = DIRECTION ( 'NONE',  ( 0.000000000000000000, 0.004989411720878928619, 0.9999875528078735476 ) ) ;
#3719 = DIRECTION ( 'NONE',  ( 1.000000000000000000, 0.000000000000000000, 0.000000000000000000 ) ) ;
#3720 = EDGE_CURVE ( 'NONE', #4365, #3035, #248, .T. ) ;
#3721 = ORIENTED_EDGE ( 'NONE', *, *, #2166, .T. ) ;
#3722 = CARTESIAN_POINT ( 'NONE',  ( -2.540000000000000036, -9.084774038461535639, 1.526442307692308376 ) ) ;
#3723 = ORIENTED_EDGE ( 'NONE', *, *, #2490, .T. ) ;
#3724 = ORIENTED_EDGE ( 'NONE', *, *, #3953, .T. ) ;
#3725 = AXIS2_PLACEMENT_3D ( 'NONE', #516, #1916, #2918 ) ;
#3726 = EDGE_CURVE ( 'NONE', #4224, #166, #3444, .T. ) ;
#3727 = CARTESIAN_POINT ( 'NONE',  ( -2.540000000000000036, 6.732937804447527874, -2.071156262270747117 ) ) ;
#3728 = CARTESIAN_POINT ( 'NONE',  ( -4.381250000000004086, 0.05000000000000002359, -0.01250000000000001978 ) ) ;
#3729 = VERTEX_POINT ( 'NONE', #1769 ) ;
#3730 =( NAMED_UNIT ( * ) SI_UNIT ( $, .STERADIAN. ) SOLID_ANGLE_UNIT ( ) );
#3731 = VERTEX_POINT ( 'NONE', #2512 ) ;
#3732 = ORIENTED_EDGE ( 'NONE', *, *, #2424, .F. ) ;
#3733 = ORIENTED_EDGE ( 'NONE', *, *, #2732, .T. ) ;
#3734 = VERTEX_POINT ( 'NONE', #1820 ) ;
#3735 = CARTESIAN_POINT ( 'NONE',  ( -2.540000000000000036, -9.007536057692306031, 0.8596923076923087548 ) ) ;
#3736 = ORIENTED_EDGE ( 'NONE', *, *, #1665, .F. ) ;
#3737 = LINE ( 'NONE', #3667, #4182 ) ;
#3738 = ORIENTED_EDGE ( 'NONE', *, *, #120, .T. ) ;
#3739 = EDGE_LOOP ( 'NONE', ( #1184, #2006, #1585, #3150 ) ) ;
#3740 = CARTESIAN_POINT ( 'NONE',  ( -2.540000000000000036, -6.977018523270685613, -1.611592210813256765 ) ) ;
#3741 = CARTESIAN_POINT ( 'NONE',  ( -2.540000000000000036, -9.636430288461536264, 0.4399206730769241180 ) ) ;
#3742 = CARTESIAN_POINT ( 'NONE',  ( -2.540000000000000036, 6.971532828533621995, 5.889007682524041165 ) ) ;
#3743 = CARTESIAN_POINT ( 'NONE',  ( -2.540000000000000036, -7.003979984379239632, 0.8686861326396010385 ) ) ;
#3744 = DIRECTION ( 'NONE',  ( 0.000000000000000000, -1.000000000000000000, 0.000000000000000000 ) ) ;
#3745 = VECTOR ( 'NONE', #3652, 1000.000000000000000 ) ;
#3746 = CARTESIAN_POINT ( 'NONE',  ( -2.540000000000000036, -6.115538461538460702, 0.9964615384615393978 ) ) ;
#3747 = B_SPLINE_CURVE_WITH_KNOTS ( 'NONE', 3,
 ( #2092, #1083, #2827, #785 ),
 .UNSPECIFIED., .F., .F.,
 ( 4, 4 ),
 ( 1.000000000000000000, 2.000000000000000000 ),
 .UNSPECIFIED. ) ;
#3748 = DIRECTION ( 'NONE',  ( 0.000000000000000000, -0.001227981745710735951, -0.9999992460301319053 ) ) ;
#3749 = ORIENTED_EDGE ( 'NONE', *, *, #2008, .T. ) ;
#3750 = ORIENTED_EDGE ( 'NONE', *, *, #2947, .T. ) ;
#3751 = CARTESIAN_POINT ( 'NONE',  ( -2.540000000000000036, -8.520768207754155554, 2.428067984393788237 ) ) ;
#3752 = COORDINATED_UNIVERSAL_TIME_OFFSET ( 5, 0, .BEHIND. ) ;
#3753 = VECTOR ( 'NONE', #4199, 1000.000000000000000 ) ;
#3754 = AXIS2_PLACEMENT_3D ( 'NONE', #2265, #1940, #228 ) ;
#3755 = VERTEX_POINT ( 'NONE', #4188 ) ;
#3756 = ORIENTED_EDGE ( 'NONE', *, *, #507, .T. ) ;
#3757 = DATE_AND_TIME ( #1313, #1925 ) ;
#3758 = ADVANCED_FACE ( 'NONE', ( #2313 ), #138, .F. ) ;
#3759 = DIRECTION ( 'NONE',  ( 0.000000000000000000, 1.000000000000000000, 0.000000000000000000 ) ) ;
#3760 = VERTEX_POINT ( 'NONE', #1161 ) ;
#3761 = EDGE_LOOP ( 'NONE', ( #1374, #3497 ) ) ;
#3762 = EDGE_CURVE ( 'NONE', #94, #1017, #555, .T. ) ;
#3763 = LINE ( 'NONE', #1003, #342 ) ;
#3764 = CARTESIAN_POINT ( 'NONE',  ( -2.540000000000000036, -6.271846153846151850, -1.824403846153846764 ) ) ;
#3765 = ORIENTED_EDGE ( 'NONE', *, *, #2582, .T. ) ;
#3766 = CARTESIAN_POINT ( 'NONE',  ( -2.540000000000000036, -9.408006541382508914, -0.7685131223622745367 ) ) ;
#3767 = LINE ( 'NONE', #3897, #1983 ) ;
#3768 = ORIENTED_EDGE ( 'NONE', *, *, #4026, .F. ) ;
#3769 = EDGE_CURVE ( 'NONE', #4201, #2720, #1880, .T. ) ;
#3770 = ORIENTED_EDGE ( 'NONE', *, *, #2294, .F. ) ;
#3771 = DIRECTION ( 'NONE',  ( 0.000000000000000000, 0.000000000000000000, -1.000000000000000000 ) ) ;
#3772 = ORIENTED_EDGE ( 'NONE', *, *, #1744, .F. ) ;
#3773 = CARTESIAN_POINT ( 'NONE',  ( -4.381250000000004086, 0.05000000000000002359, -0.01250000000000001978 ) ) ;
#3774 = CARTESIAN_POINT ( 'NONE',  ( -2.540000000000000036, -8.846239561049619837, 2.815512147685378164 ) ) ;
#3775 =( LENGTH_UNIT ( ) NAMED_UNIT ( * ) SI_UNIT ( .MILLI., .METRE. ) );
#3776 = CARTESIAN_POINT ( 'NONE',  ( -2.540000000000000036, -9.671538461538458975, -1.206805288461537229 ) ) ;
#3777 = CARTESIAN_POINT ( 'NONE',  ( -2.540000000000000036, -6.781142985588851424, 0.5289985653414107647 ) ) ;
#3778 = CARTESIAN_POINT ( 'NONE',  ( -2.540000000000000036, 6.460448359872308366, 3.887093754071551999 ) ) ;
#3779 = ADVANCED_FACE ( 'NONE', ( #2672, #526, #2991, #3253 ), #3851, .F. ) ;
#3780 = EDGE_CURVE ( 'NONE', #882, #2773, #2284, .T. ) ;
#3781 = DATE_TIME_ROLE ( 'classification_date' ) ;
#3782 = DIRECTION ( 'NONE',  ( 0.000000000000000000, 0.000000000000000000, 1.000000000000000000 ) ) ;
#3783 = CARTESIAN_POINT ( 'NONE',  ( 0.000000000000000000, 0.000000000000000000, 4.500000000000000888 ) ) ;
#3784 = ORIENTED_EDGE ( 'NONE', *, *, #1441, .F. ) ;
#3785 = ORIENTED_EDGE ( 'NONE', *, *, #321, .T. ) ;
#3786 = ORIENTED_EDGE ( 'NONE', *, *, #2484, .F. ) ;
#3787 = ORIENTED_EDGE ( 'NONE', *, *, #1908, .T. ) ;
#3788 = CARTESIAN_POINT ( 'NONE',  ( -2.540000000000000036, -8.519650683403607871, 2.517111371837017941 ) ) ;
#3789 = CARTESIAN_POINT ( 'NONE',  ( -2.540000000000000036, -9.636829351899001139, -2.617685204596367665 ) ) ;
#3790 = ORIENTED_EDGE ( 'NONE', *, *, #2365, .T. ) ;
#3791 = CARTESIAN_POINT ( 'NONE',  ( -2.540000000000000036, -7.237892605962419346, -0.5857307186605380522 ) ) ;
#3792 = ORIENTED_EDGE ( 'NONE', *, *, #3410, .T. ) ;
#3793 = FACE_BOUND ( 'NONE', #1756, .T. ) ;
#3794 = CARTESIAN_POINT ( 'NONE',  ( -2.540000000000000036, -8.638020775311169075, 2.100576452677568540 ) ) ;
#3795 = EDGE_CURVE ( 'NONE', #1618, #225, #1466, .T. ) ;
#3796 = EDGE_LOOP ( 'NONE', ( #3524, #3221, #688, #92 ) ) ;
#3797 = CARTESIAN_POINT ( 'NONE',  ( -2.540000000000000036, -8.834050391449556727, 1.965206104194777925 ) ) ;
#3798 = PERSON_AND_ORGANIZATION_ROLE ( 'creator' ) ;
#3799 = CARTESIAN_POINT ( 'NONE',  ( -2.540000000000000036, -7.522567299825046128, 0.2422554917745787240 ) ) ;
#3800 = FACE_OUTER_BOUND ( 'NONE', #1342, .T. ) ;
#3801 = CARTESIAN_POINT ( 'NONE',  ( -2.540000000000000036, -6.155814035000395812, -1.473433829168059983 ) ) ;
#3802 = VERTEX_POINT ( 'NONE', #2846 ) ;
#3803 = EDGE_CURVE ( 'NONE', #1015, #4061, #2146, .T. ) ;
#3804 = CYLINDRICAL_SURFACE ( 'NONE', #348, 4.762500000000004619 ) ;
#3805 = ADVANCED_FACE ( 'NONE', ( #2459, #1543, #4369, #1042, #2353 ), #824, .T. ) ;
#3806 = CALENDAR_DATE ( 2021, 12, 4 ) ;
#3807 =( LENGTH_UNIT ( ) NAMED_UNIT ( * ) SI_UNIT ( .MILLI., .METRE. ) );
#3808 = ORIENTED_EDGE ( 'NONE', *, *, #3769, .T. ) ;
#3809 = CARTESIAN_POINT ( 'NONE',  ( -2.540000000000000036, -8.602545753793128469, 2.070698706543276923 ) ) ;
#3810 = CARTESIAN_POINT ( 'NONE',  ( -2.540000000000000036, -9.322058942389839231, -0.7315885894042972737 ) ) ;
#3811 = CALENDAR_DATE ( 2021, 12, 4 ) ;
#3812 = LINE ( 'NONE', #738, #788 ) ;
#3813 = SECURITY_CLASSIFICATION_LEVEL ( 'unclassified' ) ;
#3814 = EDGE_LOOP ( 'NONE', ( #446, #2458 ) ) ;
#3815 = ORIENTED_EDGE ( 'NONE', *, *, #388, .F. ) ;
#3816 = EDGE_CURVE ( 'NONE', #1120, #2247, #419, .T. ) ;
#3817 = CARTESIAN_POINT ( 'NONE',  ( -2.540000000000000036, -6.818205752306311318, -1.777839169498687477 ) ) ;
#3818 = VERTEX_POINT ( 'NONE', #3485 ) ;
#3819 = DIRECTION ( 'NONE',  ( 0.000000000000000000, 0.000000000000000000, 1.000000000000000000 ) ) ;
#3820 = VECTOR ( 'NONE', #316, 1000.000000000000000 ) ;
#3821 = CARTESIAN_POINT ( 'NONE',  ( -0.01249999999999963987, 0.05000000000000002359, -4.381250000000004086 ) ) ;
#3822 = CARTESIAN_POINT ( 'NONE',  ( 1.881250000000001865, 0.05000000000000002359, -0.01250000000000001978 ) ) ;
#3823 = CARTESIAN_POINT ( 'NONE',  ( 0.000000000000000000, 0.000000000000000000, 0.000000000000000000 ) ) ;
#3824 = ORIENTED_EDGE ( 'NONE', *, *, #1269, .T. ) ;
#3825 = CARTESIAN_POINT ( 'NONE',  ( -2.540000000000000036, 4.775199999999999889, 0.000000000000000000 ) ) ;
#3826 = CARTESIAN_POINT ( 'NONE',  ( -2.540000000000000036, -6.779846153846151857, 0.5733317307692316067 ) ) ;
#3827 = ORIENTED_EDGE ( 'NONE', *, *, #2008, .F. ) ;
#3828 = CARTESIAN_POINT ( 'NONE',  ( -2.540000000000000036, -8.741753341701434366, 1.920410639683170162 ) ) ;
#3829 = ADVANCED_FACE ( 'NONE', ( #202 ), #2574, .F. ) ;
#3830 = EDGE_LOOP ( 'NONE', ( #4362, #1643, #3029, #3036, #136, #3733, #1402, #751, #2195, #3905, #2690, #568 ) ) ;
#3831 = APPROVAL_ROLE ( '' ) ;
#3832 = APPROVAL ( #3250, 'UNKNOWN' ) ;
#3833 = VERTEX_POINT ( 'NONE', #1108 ) ;
#3834 = CARTESIAN_POINT ( 'NONE',  ( -2.540000000000000036, -6.763854985748456450, -1.582348921360795524 ) ) ;
#3835 = VERTEX_POINT ( 'NONE', #433 ) ;
#3836 = DIRECTION ( 'NONE',  ( 0.000000000000000000, 1.000000000000000000, 0.000000000000000000 ) ) ;
#3837 = CARTESIAN_POINT ( 'NONE',  ( -2.540000000000000036, 4.775199999999999889, 0.000000000000000000 ) ) ;
#3838 = CARTESIAN_POINT ( 'NONE',  ( -2.540000000000000036, 7.163233934301670658, 4.669412303277206355 ) ) ;
#3839 = CARTESIAN_POINT ( 'NONE',  ( -2.540000000000000036, 7.187860337606116090, 3.573444287899405936 ) ) ;
#3840 = CARTESIAN_POINT ( 'NONE',  ( -2.540000000000000036, 6.943221312307309212, 0.3109396856249324048 ) ) ;
#3841 = VERTEX_POINT ( 'NONE', #2614 ) ;
#3842 = EDGE_LOOP ( 'NONE', ( #3173, #3749, #1708, #759 ) ) ;
#3843 = CARTESIAN_POINT ( 'NONE',  ( -2.540000000000000036, -8.811825636006787477, 1.959222441615829924 ) ) ;
#3844 = AXIS2_PLACEMENT_3D ( 'NONE', #1250, #4357, #1644 ) ;
#3845 = EDGE_CURVE ( 'NONE', #3327, #4073, #4215, .T. ) ;
#3846 = APPROVAL_ROLE ( '' ) ;
#3847 = VERTEX_POINT ( 'NONE', #4246 ) ;
#3848 = VERTEX_POINT ( 'NONE', #858 ) ;
#3849 = VERTEX_POINT ( 'NONE', #1209 ) ;
#3850 = LINE ( 'NONE', #1391, #4346 ) ;
#3851 = PLANE ( 'NONE',  #4103 ) ;
#3852 = FACE_BOUND ( 'NONE', #1571, .T. ) ;
#3853 = CARTESIAN_POINT ( 'NONE',  ( -2.540000000000000036, -6.810533189241221308, -0.4340976439715732438 ) ) ;
#3854 = CARTESIAN_POINT ( 'NONE',  ( -2.540000000000000036, 6.459006290476886569, 2.712753570935402259 ) ) ;
#3855 = DIRECTION ( 'NONE',  ( -5.421010862427517548E-18, 0.000000000000000000, 1.000000000000000000 ) ) ;
#3856 = DIRECTION ( 'NONE',  ( -1.000000000000000000, -0.000000000000000000, -0.000000000000000000 ) ) ;
#3857 = LINE ( 'NONE', #714, #1788 ) ;
#3858 = EDGE_CURVE ( 'NONE', #2482, #3734, #3663, .T. ) ;
#3859 = CARTESIAN_POINT ( 'NONE',  ( -2.540000000000000036, -8.342923076923074888, -2.852615384615383665 ) ) ;
#3860 = CC_DESIGN_APPROVAL ( #594, ( #2447 ) ) ;
#3861 = CARTESIAN_POINT ( 'NONE',  ( -0.6349999999999988987, 0.000000000000000000, 0.000000000000000000 ) ) ;
#3862 = CARTESIAN_POINT ( 'NONE',  ( -2.540000000000000036, 6.367077483446572650, -4.490820065084258239 ) ) ;
#3863 = CARTESIAN_POINT ( 'NONE',  ( -2.540000000000000036, 7.845352721052764267, 3.490771575464230114 ) ) ;
#3864 = EDGE_CURVE ( 'NONE', #1019, #3963, #3895, .T. ) ;
#3865 = CALENDAR_DATE ( 2021, 12, 4 ) ;
#3866 = VECTOR ( 'NONE', #1447, 1000.000000000000000 ) ;
#3867 = CARTESIAN_POINT ( 'NONE',  ( 0.000000000000000000, 0.000000000000000000, 0.000000000000000000 ) ) ;
#3868 = CARTESIAN_POINT ( 'NONE',  ( -2.540000000000000036, 6.822873344469680745, 1.655545320006160059 ) ) ;
#3869 = CARTESIAN_POINT ( 'NONE',  ( -2.540000000000000036, -8.853953931159352919, -2.408912935604239358 ) ) ;
#3870 = ORIENTED_EDGE ( 'NONE', *, *, #4262, .T. ) ;
#3871 = APPROVAL_DATE_TIME ( #1365, #3057 ) ;
#3872 = LINE ( 'NONE', #3512, #135 ) ;
#3873 = CARTESIAN_POINT ( 'NONE',  ( -2.540000000000000036, 8.063579704479748145, 0.8840099038486282090 ) ) ;
#3874 = DIRECTION ( 'NONE',  ( 0.000000000000000000, 0.000000000000000000, 1.000000000000000000 ) ) ;
#3875 = VERTEX_POINT ( 'NONE', #553 ) ;
#3876 = CIRCLE ( 'NONE', #3527, 0.2750000000000000777 ) ;
#3877 = DIRECTION ( 'NONE',  ( 0.000000000000000000, 1.000000000000000000, 0.000000000000000000 ) ) ;
#3878 = VECTOR ( 'NONE', #4359, 1000.000000000000000 ) ;
#3879 = APPROVAL_ROLE ( '' ) ;
#3880 = VERTEX_POINT ( 'NONE', #869 ) ;
#3881 = CARTESIAN_POINT ( 'NONE',  ( -2.540000000000000036, -8.926227764714070645, 1.537431310704967968 ) ) ;
#3882 = EDGE_CURVE ( 'NONE', #1877, #2737, #3933, .T. ) ;
#3883 = CARTESIAN_POINT ( 'NONE',  ( -2.540000000000000036, -6.180347637408537764, -1.433803668709090706 ) ) ;
#3884 = VECTOR ( 'NONE', #2748, 1000.000000000000000 ) ;
#3885 = VERTEX_POINT ( 'NONE', #1881 ) ;
#3886 = CARTESIAN_POINT ( 'NONE',  ( -2.540000000000000036, -7.251273424777635590, -0.7839300163853619718 ) ) ;
#3887 = CARTESIAN_POINT ( 'NONE',  ( -2.540000000000000036, -8.356561897343070200, -2.083302563205655211 ) ) ;
#3888 = CARTESIAN_POINT ( 'NONE',  ( -2.540000000000000036, -9.651999999999997470, 0.8596923076923087548 ) ) ;
#3889 = CARTESIAN_POINT ( 'NONE',  ( 0.000000000000000000, 0.05000000000000002359, 0.000000000000000000 ) ) ;
#3890 = DIRECTION ( 'NONE',  ( 0.000000000000000000, 1.000000000000000000, 0.000000000000000000 ) ) ;
#3891 = DIRECTION ( 'NONE',  ( -1.000000000000000000, -0.000000000000000000, -0.000000000000000000 ) ) ;
#3892 = EDGE_CURVE ( 'NONE', #3581, #2100, #854, .T. ) ;
#3893 = EDGE_CURVE ( 'NONE', #1705, #1, #1167, .T. ) ;
#3894 = CARTESIAN_POINT ( 'NONE',  ( -2.540000000000000036, 7.781091774263527938, -0.2251408485703270679 ) ) ;
#3895 = B_SPLINE_CURVE_WITH_KNOTS ( 'NONE', 3,
 ( #4296, #537, #2927, #502, #2554, #1890, #883, #3582, #1565, #1188, #3569, #3959, #4266, #2237, #3255, #3268, #172, #1924, #203 ),
 .UNSPECIFIED., .F., .F.,
 ( 4, 1, 1, 1, 1, 1, 1, 1, 1, 1, 1, 1, 1, 1, 1, 1, 4 ),
 ( 0.000000000000000000, 0.06373885325541660263, 0.1259217366484758072, 0.1866538087127267709, 0.2485714087011941797, 0.3101780676199484832, 0.3697451584416240333, 0.4282316213097843716, 0.4877084487272395075, 0.5217375325535963393, 0.5642172464603031345, 0.6150021148608724175, 0.6746171624496913877, 0.7426501311502373692, 0.8197043649978453805, 0.9053258835195259202, 1.000000000000000000 ),
 .UNSPECIFIED. ) ;
#3896 = CARTESIAN_POINT ( 'NONE',  ( -2.540000000000000036, -6.515633339088008569, -1.270477517556786395 ) ) ;
#3897 = CARTESIAN_POINT ( 'NONE',  ( -2.540000000000000036, 7.162218523076876231, 2.206661115617274849 ) ) ;
#3898 = EDGE_CURVE ( 'NONE', #1191, #325, #3767, .T. ) ;
#3899 = DIRECTION ( 'NONE',  ( 0.000000000000000000, 0.000000000000000000, -1.000000000000000000 ) ) ;
#3900 = ORIENTED_EDGE ( 'NONE', *, *, #2905, .T. ) ;
#3901 = ORIENTED_EDGE ( 'NONE', *, *, #3720, .F. ) ;
#3902 = ORIENTED_EDGE ( 'NONE', *, *, #3625, .F. ) ;
#3903 = ORIENTED_EDGE ( 'NONE', *, *, #3668, .T. ) ;
#3904 = DIRECTION ( 'NONE',  ( 0.000000000000000000, 0.000000000000000000, 1.000000000000000000 ) ) ;
#3905 = ORIENTED_EDGE ( 'NONE', *, *, #2412, .T. ) ;
#3906 = DIRECTION ( 'NONE',  ( 0.000000000000000000, 0.000000000000000000, 1.000000000000000000 ) ) ;
#3907 = ORIENTED_EDGE ( 'NONE', *, *, #2047, .F. ) ;
#3908 = DIRECTION ( 'NONE',  ( 1.000000000000000000, 0.000000000000000000, 0.000000000000000000 ) ) ;
#3909 = CARTESIAN_POINT ( 'NONE',  ( -2.540000000000000036, -9.582050719579644493, -1.502848062436987542 ) ) ;
#3910 = EDGE_CURVE ( 'NONE', #2457, #3847, #1222, .T. ) ;
#3911 = DIRECTION ( 'NONE',  ( -0.000000000000000000, -0.9153204656835203235, 0.4027262657201584051 ) ) ;
#3912 = CARTESIAN_POINT ( 'NONE',  ( -2.540000000000000036, -9.651999999999997470, 0.8596923076923087548 ) ) ;
#3913 = VERTEX_POINT ( 'NONE', #2881 ) ;
#3914 = TOROIDAL_SURFACE ( 'NONE', #100, 4.500000000000000888, 0.2750000000000000222 ) ;
#3915 = ORIENTED_EDGE ( 'NONE', *, *, #3664, .T. ) ;
#3916 = CARTESIAN_POINT ( 'NONE',  ( 0.000000000000000000, 0.05000000000000002359, 0.000000000000000000 ) ) ;
#3917 = ORIENTED_EDGE ( 'NONE', *, *, #4187, .F. ) ;
#3918 = CARTESIAN_POINT ( 'NONE',  ( -2.540000000000000036, 7.673360980509772666, 5.190696505309794873 ) ) ;
#3919 = VECTOR ( 'NONE', #1967, 1000.000000000000000 ) ;
#3920 = CARTESIAN_POINT ( 'NONE',  ( -2.540000000000000036, 7.204449111858056476, 0.06553035955093704235 ) ) ;
#3921 = CARTESIAN_POINT ( 'NONE',  ( -2.540000000000000036, -8.847576161475492640, -0.7752746083890286188 ) ) ;
#3922 = CALENDAR_DATE ( 2021, 12, 4 ) ;
#3923 = CC_DESIGN_APPROVAL ( #2871, ( #2936 ) ) ;
#3924 = CARTESIAN_POINT ( 'NONE',  ( -2.540000000000000036, -6.815576161475494388, 1.002725391610970851 ) ) ;
#3925 = CARTESIAN_POINT ( 'NONE',  ( -2.540000000000000036, -8.547582676910970179, 1.699693229293292251 ) ) ;
#3926 = CARTESIAN_POINT ( 'NONE',  ( -2.540000000000000036, -6.603999999999999204, 0.6273677884615392886 ) ) ;
#3927 = COORDINATED_UNIVERSAL_TIME_OFFSET ( 5, 0, .BEHIND. ) ;
#3928 = CARTESIAN_POINT ( 'NONE',  ( -2.540000000000000036, 6.377478759233858874, 3.979393748247873841 ) ) ;
#3929 = ORIENTED_EDGE ( 'NONE', *, *, #3401, .T. ) ;
#3930 = CARTESIAN_POINT ( 'NONE',  ( -2.540000000000000036, -9.636430288461536264, 0.4399206730769241180 ) ) ;
#3931 = PERSON_AND_ORGANIZATION ( #697, #238 ) ;
#3932 = ORIENTED_EDGE ( 'NONE', *, *, #58, .T. ) ;
#3933 = LINE ( 'NONE', #2943, #2822 ) ;
#3934 = EDGE_CURVE ( 'NONE', #2122, #3841, #1562, .T. ) ;
#3935 = CARTESIAN_POINT ( 'NONE',  ( -2.540000000000000036, -9.509430288461535596, 0.8596923076923087548 ) ) ;
#3936 = PLANE ( 'NONE',  #2475 ) ;
#3937 = CARTESIAN_POINT ( 'NONE',  ( -2.540000000000000036, -8.809528700394043454, -0.8021454583702233299 ) ) ;
#3938 = DIRECTION ( 'NONE',  ( 0.000000000000000000, -0.001227981745713068720, -0.9999992460301319053 ) ) ;
#3939 = CARTESIAN_POINT ( 'NONE',  ( -2.540000000000000036, -8.893122027320989886, -1.420560244628241042 ) ) ;
#3940 = CARTESIAN_POINT ( 'NONE',  ( -2.540000000000000036, -6.657478951077922424, 0.8403779802352554507 ) ) ;
#3941 = VERTEX_POINT ( 'NONE', #672 ) ;
#3942 = CYLINDRICAL_SURFACE ( 'NONE', #2033, 12.69999999999999929 ) ;
#3943 = FACE_BOUND ( 'NONE', #1065, .T. ) ;
#3944 = CARTESIAN_POINT ( 'NONE',  ( -2.540000000000000036, -8.519411978268877306, 1.827511766351979761 ) ) ;
#3945 = AXIS2_PLACEMENT_3D ( 'NONE', #3659, #209, #3965 ) ;
#3946 = EDGE_LOOP ( 'NONE', ( #3982, #2399, #2593, #2306, #550, #1730, #549, #2820, #4350, #3039, #3900, #1986, #848, #3012, #4355, #3468 ) ) ;
#3947 = CARTESIAN_POINT ( 'NONE',  ( -2.540000000000000036, -8.819296572271674961, 1.570766849453876235 ) ) ;
#3948 = CARTESIAN_POINT ( 'NONE',  ( -2.540000000000000036, -6.243702921124203442, -1.366171135506126344 ) ) ;
#3949 = VECTOR ( 'NONE', #1368, 1000.000000000000000 ) ;
#3950 = CARTESIAN_POINT ( 'NONE',  ( -2.540000000000000036, -6.095999999999998309, -1.843331730769231180 ) ) ;
#3951 = DIRECTION ( 'NONE',  ( 0.000000000000000000, 0.000000000000000000, 1.000000000000000000 ) ) ;
#3952 = DIRECTION ( 'NONE',  ( 0.000000000000000000, 0.001227981745710863236, 0.9999992460301319053 ) ) ;
#3953 = EDGE_CURVE ( 'NONE', #371, #2659, #2774, .T. ) ;
#3954 = APPROVAL ( #427, 'UNSPECIFIED' ) ;
#3955 = CARTESIAN_POINT ( 'NONE',  ( -2.540000000000000036, -8.741721473657250385, -0.8652667609776081292 ) ) ;
#3956 = CARTESIAN_POINT ( 'NONE',  ( -2.540000000000000036, -6.777528700394045202, 0.9758545416297765840 ) ) ;
#3957 = EDGE_CURVE ( 'NONE', #3309, #3122, #26, .T. ) ;
#3958 = ORIENTED_EDGE ( 'NONE', *, *, #1669, .T. ) ;
#3959 = CARTESIAN_POINT ( 'NONE',  ( -2.540000000000000036, -9.283325041555594126, 0.8446055545863161429 ) ) ;
#3960 = AXIS2_PLACEMENT_3D ( 'NONE', #156, #4232, #2847 ) ;
#3961 = UNCERTAINTY_MEASURE_WITH_UNIT (LENGTH_MEASURE( 1.000000000000000082E-05 ), #4149, 'distance_accuracy_value', 'NONE');
#3962 = CARTESIAN_POINT ( 'NONE',  ( -2.540000000000000036, 6.901230201754883886, 3.885585597484975118 ) ) ;
#3963 = VERTEX_POINT ( 'NONE', #3735 ) ;
#3964 = VERTEX_POINT ( 'NONE', #4100 ) ;
#3965 = DIRECTION ( 'NONE',  ( 0.000000000000000000, 0.000000000000000000, -1.000000000000000000 ) ) ;
#3966 = CARTESIAN_POINT ( 'NONE',  ( -2.540000000000000036, -8.978020665828390534, -0.7209474373131257163 ) ) ;
#3967 = ORIENTED_EDGE ( 'NONE', *, *, #339, .F. ) ;
#3968 = CARTESIAN_POINT ( 'NONE',  ( -2.540000000000000036, -8.938770928858490450, 2.175206674208042923 ) ) ;
#3969 = CARTESIAN_POINT ( 'NONE',  ( -2.540000000000000036, -7.303336396397634545, -0.6028809531730816573 ) ) ;
#3970 = LINE ( 'NONE', #4319, #2173 ) ;
#3971 = EDGE_CURVE ( 'NONE', #754, #3880, #296, .T. ) ;
#3972 = CARTESIAN_POINT ( 'NONE',  ( -2.540000000000000036, 7.406709657007141345, 4.360729842524701638 ) ) ;
#3973 = ORIENTED_EDGE ( 'NONE', *, *, #1421, .F. ) ;
#3974 = CIRCLE ( 'NONE', #318, 12.57300000000000217 ) ;
#3975 = AXIS2_PLACEMENT_3D ( 'NONE', #1803, #1787, #4165 ) ;
#3976 = DIRECTION ( 'NONE',  ( 1.000000000000000000, 0.000000000000000000, 0.000000000000000000 ) ) ;
#3977 = VECTOR ( 'NONE', #3951, 1000.000000000000000 ) ;
#3978 = VERTEX_POINT ( 'NONE', #1316 ) ;
#3979 = PERSON_AND_ORGANIZATION ( #697, #238 ) ;
#3980 = EDGE_CURVE ( 'NONE', #4229, #287, #1002, .T. ) ;
#3981 = DIRECTION ( 'NONE',  ( -0.000000000000000000, 0.9999992460301319053, -0.001227981745775744713 ) ) ;
#3982 = ORIENTED_EDGE ( 'NONE', *, *, #4026, .T. ) ;
#3983 = SHAPE_DEFINITION_REPRESENTATION ( #4154, #2826 ) ;
#3984 = CARTESIAN_POINT ( 'NONE',  ( -2.540000000000000036, -8.804292431411496977, 2.604098632404412861 ) ) ;
#3985 = CARTESIAN_POINT ( 'NONE',  ( -2.540000000000000036, 7.834874360955342176, 4.505604426270652496 ) ) ;
#3986 = CIRCLE ( 'NONE', #162, 1.475000000000001199 ) ;
#3987 = CIRCLE ( 'NONE', #220, 3.682999999999999385 ) ;
#3988 = ORIENTED_EDGE ( 'NONE', *, *, #773, .T. ) ;
#3989 = EDGE_CURVE ( 'NONE', #590, #577, #4040, .T. ) ;
#3990 = CARTESIAN_POINT ( 'NONE',  ( -2.540000000000000036, 7.218888184887377157, 4.779263676076784151 ) ) ;
#3991 = CARTESIAN_POINT ( 'NONE',  ( -2.540000000000000036, 6.637797683363556800, 2.549906780911337378 ) ) ;
#3992 = VECTOR ( 'NONE', #3415, 1000.000000000000000 ) ;
#3993 = CARTESIAN_POINT ( 'NONE',  ( -2.540000000000000036, 7.259451802890562355, -1.191151910359529165 ) ) ;
#3994 = AXIS2_PLACEMENT_3D ( 'NONE', #1805, #83, #2501 ) ;
#3995 = EDGE_CURVE ( 'NONE', #3880, #4206, #950, .T. ) ;
#3996 = DIRECTION ( 'NONE',  ( 0.000000000000000000, -0.7954442868540239076, 0.6060267209548547696 ) ) ;
#3997 = LINE ( 'NONE', #2434, #3451 ) ;
#3998 = CARTESIAN_POINT ( 'NONE',  ( -2.540000000000000036, -8.538307692307688157, 0.8596923076923087548 ) ) ;
#3999 = CARTESIAN_POINT ( 'NONE',  ( -2.540000000000000036, -8.695604601130270339, 2.461061205436992250 ) ) ;
#4000 = EDGE_CURVE ( 'NONE', #581, #1614, #1919, .T. ) ;
#4001 = DESIGN_CONTEXT ( 'detailed design', #3145, 'design' ) ;
#4002 = CARTESIAN_POINT ( 'NONE',  ( -2.540000000000000036, 7.006167274751287977, 4.910102973575677154 ) ) ;
#4003 = CARTESIAN_POINT ( 'NONE',  ( -2.540000000000000036, 7.078425455714625336, 2.572506988928578320 ) ) ;
#4004 = EDGE_CURVE ( 'NONE', #3416, #4114, #1430, .T. ) ;
#4005 = ORIENTED_EDGE ( 'NONE', *, *, #2679, .T. ) ;
#4006 = DIRECTION ( 'NONE',  ( 0.000000000000000000, 1.000000000000000000, 0.000000000000000000 ) ) ;
#4007 = CARTESIAN_POINT ( 'NONE',  ( -2.540000000000000036, -7.619999999999998330, -0.8401538461538452518 ) ) ;
#4008 = VERTEX_POINT ( 'NONE', #3722 ) ;
#4009 = CARTESIAN_POINT ( 'NONE',  ( -2.540000000000000036, -9.530800480769228145, 0.3321538461538471876 ) ) ;
#4010 = VERTEX_POINT ( 'NONE', #990 ) ;
#4011 = ORIENTED_EDGE ( 'NONE', *, *, #1733, .T. ) ;
#4012 = ORIENTED_EDGE ( 'NONE', *, *, #519, .T. ) ;
#4013 = B_SPLINE_CURVE_WITH_KNOTS ( 'NONE', 3,
 ( #3701, #1676, #4052, #3054, #4398, #1012, #1339 ),
 .UNSPECIFIED., .F., .F.,
 ( 4, 1, 1, 1, 4 ),
 ( 0.000000000000000000, 0.1985165406677404376, 0.4292669735567878897, 0.6966787812792283319, 1.000000000000000000 ),
 .UNSPECIFIED. ) ;
#4014 = LINE ( 'NONE', #1285, #4231 ) ;
#4015 = ORIENTED_EDGE ( 'NONE', *, *, #2365, .F. ) ;
#4016 = ORIENTED_EDGE ( 'NONE', *, *, #4035, .T. ) ;
#4017 = AXIS2_PLACEMENT_3D ( 'NONE', #1330, #961, #3703 ) ;
#4018 = CARTESIAN_POINT ( 'NONE',  ( -2.540000000000000036, 6.570395627067084021, 3.115110591405514828 ) ) ;
#4019 = FACE_OUTER_BOUND ( 'NONE', #1407, .T. ) ;
#4020 = ORIENTED_EDGE ( 'NONE', *, *, #3858, .T. ) ;
#4021 = LINE ( 'NONE', #3423, #3105 ) ;
#4022 = VECTOR ( 'NONE', #1574, 1000.000000000000000 ) ;
#4023 = AXIS2_PLACEMENT_3D ( 'NONE', #2680, #1661, #4042 ) ;
#4024 = ORIENTED_EDGE ( 'NONE', *, *, #744, .F. ) ;
#4025 = ORIENTED_EDGE ( 'NONE', *, *, #3691, .F. ) ;
#4026 = EDGE_CURVE ( 'NONE', #3963, #820, #1928, .T. ) ;
#4027 = CARTESIAN_POINT ( 'NONE',  ( -2.540000000000000036, -6.916615384615383277, 0.3126153846153854610 ) ) ;
#4028 = VERTEX_POINT ( 'NONE', #2686 ) ;
#4029 = COORDINATED_UNIVERSAL_TIME_OFFSET ( 5, 0, .BEHIND. ) ;
#4030 = VECTOR ( 'NONE', #440, 1000.000000000000114 ) ;
#4031 = COORDINATED_UNIVERSAL_TIME_OFFSET ( 5, 0, .BEHIND. ) ;
#4032 = CC_DESIGN_APPROVAL ( #2542, ( #1377 ) ) ;
#4033 = CARTESIAN_POINT ( 'NONE',  ( -2.540000000000000036, 1.539748420567967537E-15, 12.57300000000000217 ) ) ;
#4034 = CARTESIAN_POINT ( 'NONE',  ( -2.540000000000000036, 4.775199999999999889, 0.000000000000000000 ) ) ;
#4035 = EDGE_CURVE ( 'NONE', #3541, #2796, #733, .T. ) ;
#4036 = ORIENTED_EDGE ( 'NONE', *, *, #1491, .F. ) ;
#4037 = CARTESIAN_POINT ( 'NONE',  ( -2.540000000000000036, 6.371703686742214323, -0.7235003766743095532 ) ) ;
#4038 = CARTESIAN_POINT ( 'NONE',  ( -2.540000000000000036, -8.342923076923074888, -2.852615384615383665 ) ) ;
#4039 = CARTESIAN_POINT ( 'NONE',  ( -2.540000000000000036, -8.692880665791527406, -1.357362166522726010 ) ) ;
#4040 = LINE ( 'NONE', #3688, #3820 ) ;
#4041 = CARTESIAN_POINT ( 'NONE',  ( -2.540000000000000036, 6.899679955067874459, 3.574882156375193798 ) ) ;
#4042 = DIRECTION ( 'NONE',  ( 0.000000000000000000, 0.000000000000000000, 1.000000000000000000 ) ) ;
#4043 = ORIENTED_EDGE ( 'NONE', *, *, #3224, .F. ) ;
#4044 = CARTESIAN_POINT ( 'NONE',  ( -2.540000000000000036, 8.173861088903802141, 5.185680426529160059 ) ) ;
#4045 = VECTOR ( 'NONE', #324, 1000.000000000000000 ) ;
#4046 = AXIS2_PLACEMENT_3D ( 'NONE', #927, #1976, #2326 ) ;
#4047 = EDGE_CURVE ( 'NONE', #287, #1975, #3557, .T. ) ;
#4048 = PLANE ( 'NONE',  #1204 ) ;
#4049 = CARTESIAN_POINT ( 'NONE',  ( -2.540000000000000036, -8.538307692307688157, 0.3321538461538471876 ) ) ;
#4050 = CARTESIAN_POINT ( 'NONE',  ( -2.540000000000000036, 6.825056968201700158, 3.909665673973793165 ) ) ;
#4051 = ORIENTED_EDGE ( 'NONE', *, *, #2424, .T. ) ;
#4052 = CARTESIAN_POINT ( 'NONE',  ( -2.540000000000000036, -9.619451815286907959, 0.4129922042193022724 ) ) ;
#4053 = EDGE_CURVE ( 'NONE', #1017, #1147, #2658, .T. ) ;
#4054 = CARTESIAN_POINT ( 'NONE',  ( -0.6349999999999988987, 0.000000000000000000, 0.000000000000000000 ) ) ;
#4055 = CARTESIAN_POINT ( 'NONE',  ( -2.540000000000000036, 6.873973184402070835, 4.505361358439897046 ) ) ;
#4056 = CARTESIAN_POINT ( 'NONE',  ( -2.540000000000000036, -6.827236251001638223, -1.360053743555169392 ) ) ;
#4057 = EDGE_CURVE ( 'NONE', #2083, #933, #1678, .T. ) ;
#4058 = CC_DESIGN_APPROVAL ( #2706, ( #628 ) ) ;
#4059 = VERTEX_POINT ( 'NONE', #1404 ) ;
#4060 = CARTESIAN_POINT ( 'NONE',  ( -2.540000000000000036, -7.409282361295534081, 0.7528910628030907048 ) ) ;
#4061 = VERTEX_POINT ( 'NONE', #3439 ) ;
#4062 = CARTESIAN_POINT ( 'NONE',  ( -2.540000000000000036, -8.147538461538459842, -2.852615384615383665 ) ) ;
#4063 = ORIENTED_EDGE ( 'NONE', *, *, #2296, .T. ) ;
#4064 = CARTESIAN_POINT ( 'NONE',  ( -2.540000000000000036, -6.310923076923074859, -0.2930769230769222911 ) ) ;
#4065 = CARTESIAN_POINT ( 'NONE',  ( -2.540000000000000036, -8.342923076923074888, -2.071076923076922149 ) ) ;
#4066 = ORIENTED_EDGE ( 'NONE', *, *, #2149, .T. ) ;
#4067 = CARTESIAN_POINT ( 'NONE',  ( -0.5079999999999988969, 0.000000000000000000, 4.775199999999999889 ) ) ;
#4068 = B_SPLINE_CURVE_WITH_KNOTS ( 'NONE', 3,
 ( #809, #1846, #795, #466, #2862, #1141, #825, #1162, #3886, #2208, #1582, #4279, #4267, #3600, #1235, #2944, #3294, #2602, #538, #1260, #2260, #173, #3620 ),
 .UNSPECIFIED., .F., .F.,
 ( 4, 1, 1, 1, 1, 1, 1, 1, 1, 1, 1, 1, 1, 1, 1, 1, 1, 1, 1, 1, 4 ),
 ( 0.000000000000000000, 0.03151564373867432600, 0.06481006533273545034, 0.09991211289599488676, 0.1366760950200034408, 0.1751440237152076806, 0.2157659058959839893, 0.2581579823941997920, 0.3022942968481799886, 0.3927424795002070756, 0.4833004723787812651, 0.5744138652515147214, 0.6662924698498349230, 0.7120095546388085506, 0.7563734879424629520, 0.7998146506884955542, 0.8419610443957343815, 0.8828426900620668372, 0.9229177121409650741, 0.9619664608219106183, 1.000000000000000000 ),
 .UNSPECIFIED. ) ;
#4069 = CARTESIAN_POINT ( 'NONE',  ( -2.540000000000000036, -8.519442778711821873, 2.461395546304156134 ) ) ;
#4070 = CARTESIAN_POINT ( 'NONE',  ( 0.000000000000000000, 4.775000000000000355, 0.000000000000000000 ) ) ;
#4071 = EDGE_CURVE ( 'NONE', #3342, #2381, #87, .T. ) ;
#4072 = VECTOR ( 'NONE', #2164, 1000.000000000000000 ) ;
#4073 = VERTEX_POINT ( 'NONE', #2074 ) ;
#4074 = CARTESIAN_POINT ( 'NONE',  ( -2.540000000000000036, -7.314139539804902945, 0.8337188081925110961 ) ) ;
#4075 = CARTESIAN_POINT ( 'NONE',  ( -2.398232558139534287, 0.000000000000000000, 4.775199999999999889 ) ) ;
#4076 = ORIENTED_EDGE ( 'NONE', *, *, #1893, .T. ) ;
#4077 = CARTESIAN_POINT ( 'NONE',  ( -2.540000000000000036, -6.705661057692306137, 0.3556610576923085465 ) ) ;
#4078 = PLANE ( 'NONE',  #2062 ) ;
#4079 = DATE_AND_TIME ( #1090, #563 ) ;
#4080 = LINE ( 'NONE', #802, #1692 ) ;
#4081 = EDGE_CURVE ( 'NONE', #2829, #4354, #637, .T. ) ;
#4082 = ORIENTED_EDGE ( 'NONE', *, *, #2004, .T. ) ;
#4083 = ORIENTED_EDGE ( 'NONE', *, *, #3127, .T. ) ;
#4084 = APPROVAL_PERSON_ORGANIZATION ( #3931, #3057, #66 ) ;
#4085 = CYLINDRICAL_SURFACE ( 'NONE', #3021, 3.682999999999999385 ) ;
#4086 = EDGE_CURVE ( 'NONE', #1614, #3129, #2717, .T. ) ;
#4087 = ORIENTED_EDGE ( 'NONE', *, *, #3803, .F. ) ;
#4088 = VECTOR ( 'NONE', #3102, 1000.000000000000000 ) ;
#4089 = ORIENTED_EDGE ( 'NONE', *, *, #1798, .F. ) ;
#4090 = DIRECTION ( 'NONE',  ( 0.000000000000000000, -0.001227981745709684925, -0.9999992460301319053 ) ) ;
#4091 = ORIENTED_EDGE ( 'NONE', *, *, #1375, .T. ) ;
#4092 = CARTESIAN_POINT ( 'NONE',  ( -2.540000000000000036, 7.847211470982039749, 3.863305833416886603 ) ) ;
#4093 = CARTESIAN_POINT ( 'NONE',  ( -2.540000000000000036, 7.651121377479388919, 5.316625070844370526 ) ) ;
#4094 = VERTEX_POINT ( 'NONE', #4128 ) ;
#4095 = VECTOR ( 'NONE', #1776, 1000.000000000000000 ) ;
#4096 = B_SPLINE_CURVE_WITH_KNOTS ( 'NONE', 3,
 ( #1895, #2950, #3365, #3627, #176, #1591, #1327, #1546, #3955, #3589, #3937, #3921, #1929, #4302, #3966, #1941, #2632, #4272, #4316 ),
 .UNSPECIFIED., .F., .F.,
 ( 4, 1, 1, 1, 1, 1, 1, 1, 1, 1, 1, 1, 1, 1, 1, 1, 4 ),
 ( 0.000000000000000000, 0.06199741907572204475, 0.1220879540822926990, 0.1813753107870035297, 0.2395080083953660677, 0.2978356978967515167, 0.3568799706531181615, 0.4172818251154276625, 0.4796404090798156994, 0.5425000674783564403, 0.6049624196481903082, 0.6669910330782641283, 0.7302162430101647450, 0.7941728632512562447, 0.8604581431502623667, 0.9285781799847823148, 1.000000000000000000 ),
 .UNSPECIFIED. ) ;
#4097 = VECTOR ( 'NONE', #7, 1000.000000000000000 ) ;
#4098 = CARTESIAN_POINT ( 'NONE',  ( -2.540000000000000036, -7.619999999999997442, 2.333930288461537383 ) ) ;
#4099 = EDGE_CURVE ( 'NONE', #1935, #3304, #3617, .T. ) ;
#4100 = CARTESIAN_POINT ( 'NONE',  ( -2.540000000000000036, 7.780932078704517529, -0.3551879271714343256 ) ) ;
#4101 = CARTESIAN_POINT ( 'NONE',  ( -2.540000000000000036, -6.994769230769229296, -1.814939903846154445 ) ) ;
#4102 = DIRECTION ( 'NONE',  ( 1.000000000000000000, 0.000000000000000000, 0.000000000000000000 ) ) ;
#4103 = AXIS2_PLACEMENT_3D ( 'NONE', #2207, #74, #1495 ) ;
#4104 = CARTESIAN_POINT ( 'NONE',  ( 0.000000000000000000, 0.000000000000000000, 0.000000000000000000 ) ) ;
#4105 = VERTEX_POINT ( 'NONE', #1033 ) ;
#4106 = B_SPLINE_CURVE_WITH_KNOTS ( 'NONE', 3,
 ( #2776, #1794, #398, #792, #429, #748, #1137 ),
 .UNSPECIFIED., .F., .F.,
 ( 4, 1, 1, 1, 4 ),
 ( 0.000000000000000000, 0.2398509211444641298, 0.4833853821908934423, 0.7357957560188326251, 1.000000000000000000 ),
 .UNSPECIFIED. ) ;
#4107 = DIRECTION ( 'NONE',  ( -0.000000000000000000, 0.001227981745710068082, 0.9999992460301319053 ) ) ;
#4108 = ORIENTED_EDGE ( 'NONE', *, *, #2363, .T. ) ;
#4109 = ORIENTED_EDGE ( 'NONE', *, *, #1175, .F. ) ;
#4110 = DIRECTION ( 'NONE',  ( 0.000000000000000000, 0.8080107891339031179, -0.5891676880508698311 ) ) ;
#4111 = CC_DESIGN_APPROVAL ( #2990, ( #3424 ) ) ;
#4112 = VERTEX_POINT ( 'NONE', #1355 ) ;
#4113 = DIRECTION ( 'NONE',  ( -1.000000000000000000, -0.000000000000000000, -0.000000000000000000 ) ) ;
#4114 = VERTEX_POINT ( 'NONE', #1695 ) ;
#4115 = VERTEX_POINT ( 'NONE', #4067 ) ;
#4116 = CARTESIAN_POINT ( 'NONE',  ( -2.540000000000000036, -6.798163461538458741, 1.563076923076921920 ) ) ;
#4117 = VECTOR ( 'NONE', #107, 1000.000000000000000 ) ;
#4118 = CARTESIAN_POINT ( 'NONE',  ( -2.540000000000000036, 6.329281011760307329, 5.221910107225780528 ) ) ;
#4119 = VERTEX_POINT ( 'NONE', #4425 ) ;
#4120 = EDGE_CURVE ( 'NONE', #1829, #1857, #3033, .T. ) ;
#4121 = CARTESIAN_POINT ( 'NONE',  ( -2.540000000000000036, -6.818923076923074866, -2.188307692307692509 ) ) ;
#4122 = CARTESIAN_POINT ( 'NONE',  ( -2.540000000000000036, -9.233162696917124990, -1.482988462488149750 ) ) ;
#4123 = CARTESIAN_POINT ( 'NONE',  ( -2.540000000000000036, 7.306764290765042524, 4.492348803150021830 ) ) ;
#4124 = CARTESIAN_POINT ( 'NONE',  ( -2.540000000000000036, 7.496111598873794080, 5.448752188893708492 ) ) ;
#4125 =( NAMED_UNIT ( * ) PLANE_ANGLE_UNIT ( ) SI_UNIT ( $, .RADIAN. ) );
#4126 = ORIENTED_EDGE ( 'NONE', *, *, #1833, .T. ) ;
#4127 = EDGE_CURVE ( 'NONE', #3849, #1041, #905, .T. ) ;
#4128 = CARTESIAN_POINT ( 'NONE',  ( -2.540000000000000036, -8.538307692307688157, 1.526442307692308376 ) ) ;
#4129 = LINE ( 'NONE', #4155, #3232 ) ;
#4130 = DIRECTION ( 'NONE',  ( 0.000000000000000000, 0.000000000000000000, -1.000000000000000000 ) ) ;
#4131 = LINE ( 'NONE', #1601, #986 ) ;
#4132 = VERTEX_POINT ( 'NONE', #4177 ) ;
#4133 = CARTESIAN_POINT ( 'NONE',  ( -2.398232558139534287, 0.000000000000000000, 0.000000000000000000 ) ) ;
#4134 = MECHANICAL_CONTEXT ( 'NONE', #1135, 'mechanical' ) ;
#4135 = ORGANIZATION ( 'NAUO-ORG2', 'UNSPECIFIED', 'UNSPECIFIED' ) ;
#4136 = VECTOR ( 'NONE', #1153, 1000.000000000000000 ) ;
#4137 = AXIS2_PLACEMENT_3D ( 'NONE', #2956, #187, #1927 ) ;
#4138 = DIRECTION ( 'NONE',  ( 0.000000000000000000, -1.000000000000000000, 0.000000000000000000 ) ) ;
#4139 = EDGE_CURVE ( 'NONE', #3673, #3913, #3640, .T. ) ;
#4140 = PERSON_AND_ORGANIZATION ( #697, #238 ) ;
#4141 = CARTESIAN_POINT ( 'NONE',  ( 0.000000000000000000, 0.05000000000000002359, 0.000000000000000000 ) ) ;
#4142 = FACE_OUTER_BOUND ( 'NONE', #2487, .T. ) ;
#4143 = CARTESIAN_POINT ( 'NONE',  ( -2.540000000000000036, 8.153810367471962195, 2.619657686830466847 ) ) ;
#4144 = VERTEX_POINT ( 'NONE', #2887 ) ;
#4145 = ORIENTED_EDGE ( 'NONE', *, *, #4431, .F. ) ;
#4146 = VECTOR ( 'NONE', #2140, 1000.000000000000114 ) ;
#4147 = EDGE_CURVE ( 'NONE', #3707, #512, #1378, .T. ) ;
#4148 = SECURITY_CLASSIFICATION ( '', '', #4226 ) ;
#4149 =( LENGTH_UNIT ( ) NAMED_UNIT ( * ) SI_UNIT ( .MILLI., .METRE. ) );
#4150 = PLANE ( 'NONE',  #2799 ) ;
#4151 = VERTEX_POINT ( 'NONE', #2605 ) ;
#4152 = CARTESIAN_POINT ( 'NONE',  ( -2.540000000000000036, -8.948082940428159660, -0.9415369890465087321 ) ) ;
#4153 = DIRECTION ( 'NONE',  ( 0.000000000000000000, 0.000000000000000000, -1.000000000000000000 ) ) ;
#4154 = PRODUCT_DEFINITION_SHAPE ( 'NONE', 'NONE',  #208 ) ;
#4155 = CARTESIAN_POINT ( 'NONE',  ( -2.540000000000000036, 7.498180551131855331, -4.027209336245686444 ) ) ;
#4156 = LINE ( 'NONE', #2097, #2200 ) ;
#4157 = APPLICATION_CONTEXT ( 'configuration controlled 3d designs of mechanical parts and assemblies' ) ;
#4158 = DIRECTION ( 'NONE',  ( -1.000000000000000000, -0.000000000000000000, -0.000000000000000000 ) ) ;
#4159 = CARTESIAN_POINT ( 'NONE',  ( -2.540000000000000036, 6.656335835890905273, -0.1112863498164114312 ) ) ;
#4160 = FACE_BOUND ( 'NONE', #899, .T. ) ;
#4161 = CARTESIAN_POINT ( 'NONE',  ( -2.540000000000000036, 6.936870063618124860, 5.972525936112138112 ) ) ;
#4162 = VERTEX_POINT ( 'NONE', #1500 ) ;
#4163 = DIRECTION ( 'NONE',  ( 0.000000000000000000, 0.000000000000000000, 1.000000000000000000 ) ) ;
#4164 = CARTESIAN_POINT ( 'NONE',  ( -2.540000000000000036, 6.773927481077797630, 0.3261535820622386561 ) ) ;
#4165 = DIRECTION ( 'NONE',  ( 0.000000000000000000, 0.000000000000000000, 1.000000000000000000 ) ) ;
#4166 = B_SPLINE_CURVE_WITH_KNOTS ( 'NONE', 3,
 ( #2663, #1629, #4342, #4002 ),
 .UNSPECIFIED., .F., .F.,
 ( 4, 4 ),
 ( 20.00000000000000000, 21.00000000000000000 ),
 .UNSPECIFIED. ) ;
#4167 = CARTESIAN_POINT ( 'NONE',  ( -2.540000000000000036, -9.486533653846150216, -0.8200048076923065477 ) ) ;
#4168 = AXIS2_PLACEMENT_3D ( 'NONE', #4133, #1401, #1778 ) ;
#4169 = MECHANICAL_CONTEXT ( 'NONE', #4157, 'mechanical' ) ;
#4170 = EDGE_LOOP ( 'NONE', ( #4109, #1392, #2671, #2470 ) ) ;
#4171 = CARTESIAN_POINT ( 'NONE',  ( -2.540000000000000036, 6.606561156431423498, -0.1062040970750827984 ) ) ;
#4172 = CARTESIAN_POINT ( 'NONE',  ( -2.540000000000000036, -6.682767643321299467, -1.514199404194624066 ) ) ;
#4173 = CARTESIAN_POINT ( 'NONE',  ( -2.540000000000000036, -9.671538461538458975, 0.5892067307692318012 ) ) ;
#4174 = VERTEX_POINT ( 'NONE', #3587 ) ;
#4175 = DIRECTION ( 'NONE',  ( -1.000000000000000000, -0.000000000000000000, -0.000000000000000000 ) ) ;
#4176 = VERTEX_POINT ( 'NONE', #145 ) ;
#4177 = CARTESIAN_POINT ( 'NONE',  ( -2.540000000000000036, 7.432617183148345852, 5.422624048186837520 ) ) ;
#4178 = CARTESIAN_POINT ( 'NONE',  ( -2.540000000000000036, -6.115538461538460702, -1.074615384615383640 ) ) ;
#4179 = CARTESIAN_POINT ( 'NONE',  ( -2.540000000000000036, 7.719607280104298752, 2.366423100429259740 ) ) ;
#4180 = VERTEX_POINT ( 'NONE', #3935 ) ;
#4181 = CARTESIAN_POINT ( 'NONE',  ( -2.540000000000000036, -6.285278846153844690, -1.648862980769231212 ) ) ;
#4182 = VECTOR ( 'NONE', #4371, 1000.000000000000000 ) ;
#4183 = CC_DESIGN_APPROVAL ( #3954, ( #745 ) ) ;
#4184 = SECURITY_CLASSIFICATION_LEVEL ( 'unclassified' ) ;
#4185 = CARTESIAN_POINT ( 'NONE',  ( -2.540000000000000036, -9.627576923076921034, 0.7549783653846164899 ) ) ;
#4186 = EDGE_CURVE ( 'NONE', #2556, #1463, #3387, .T. ) ;
#4187 = EDGE_CURVE ( 'NONE', #948, #1131, #1102, .T. ) ;
#4188 = CARTESIAN_POINT ( 'NONE',  ( -2.540000000000000036, -8.891221153846149861, 2.815980769230769898 ) ) ;
#4189 = CARTESIAN_POINT ( 'NONE',  ( -2.540000000000000036, 8.154314346573139360, 3.030069912381535779 ) ) ;
#4190 = EDGE_LOOP ( 'NONE', ( #3005, #4036 ) ) ;
#4191 = PLANE ( 'NONE',  #1599 ) ;
#4192 = COORDINATED_UNIVERSAL_TIME_OFFSET ( 5, 0, .BEHIND. ) ;
#4193 = LINE ( 'NONE', #556, #3325 ) ;
#4194 = AXIS2_PLACEMENT_3D ( 'NONE', #3554, #140, #1123 ) ;
#4195 = DIRECTION ( 'NONE',  ( 0.000000000000000000, 0.000000000000000000, 1.000000000000000000 ) ) ;
#4196 = CARTESIAN_POINT ( 'NONE',  ( -2.540000000000000036, 6.912329005068735377, 5.365304763334370897 ) ) ;
#4197 = COORDINATED_UNIVERSAL_TIME_OFFSET ( 5, 0, .BEHIND. ) ;
#4198 = ADVANCED_FACE ( 'NONE', ( #404, #856 ), #260, .F. ) ;
#4199 = DIRECTION ( 'NONE',  ( 0.000000000000000000, -1.000000000000000000, 0.000000000000000000 ) ) ;
#4200 = APPROVAL_STATUS ( 'not_yet_approved' ) ;
#4201 = VERTEX_POINT ( 'NONE', #3226 ) ;
#4202 = AXIS2_PLACEMENT_3D ( 'NONE', #1966, #2340, #2492 ) ;
#4203 = CARTESIAN_POINT ( 'NONE',  ( -2.540000000000000036, -7.619999999999997442, 1.348153846153845148 ) ) ;
#4204 = ORIENTED_EDGE ( 'NONE', *, *, #734, .F. ) ;
#4205 = CARTESIAN_POINT ( 'NONE',  ( -2.540000000000000036, -9.615226658523260639, -2.419870312203229901 ) ) ;
#4206 = VERTEX_POINT ( 'NONE', #2245 ) ;
#4207 = CARTESIAN_POINT ( 'NONE',  ( -2.540000000000000036, -6.405062511105209744, -0.2010192623314533134 ) ) ;
#4208 = CARTESIAN_POINT ( 'NONE',  ( -2.540000000000000036, -6.732831730769228251, 1.922706730769229599 ) ) ;
#4209 = CC_DESIGN_PERSON_AND_ORGANIZATION_ASSIGNMENT ( #2660, #2448, ( #3277 ) ) ;
#4210 = PLANE ( 'NONE',  #772 ) ;
#4211 = VERTEX_POINT ( 'NONE', #2964 ) ;
#4212 = CARTESIAN_POINT ( 'NONE',  ( -0.6349999999999988987, 5.536873108305013435E-16, -4.521200000000000330 ) ) ;
#4213 = SHAPE_REPRESENTATION ( 'TTN236916-E0W', ( #2928, #3293, #3975, #2701 ), #1314 ) ;
#4214 = ORIENTED_EDGE ( 'NONE', *, *, #2996, .T. ) ;
#4215 = B_SPLINE_CURVE_WITH_KNOTS ( 'NONE', 3,
 ( #3950, #481, #2601, #2270, #1903, #3552, #1539 ),
 .UNSPECIFIED., .F., .F.,
 ( 4, 1, 1, 1, 4 ),
 ( 0.000000000000000000, 0.3071626301099397716, 0.5768528599096824916, 0.8066330493509297206, 1.000000000000000000 ),
 .UNSPECIFIED. ) ;
#4216 = CARTESIAN_POINT ( 'NONE',  ( -2.540000000000000036, -9.004483173076922142, 0.3321538461538472431 ) ) ;
#4217 = ADVANCED_FACE ( 'NONE', ( #674, #573 ), #1970, .T. ) ;
#4218 = CARTESIAN_POINT ( 'NONE',  ( -2.540000000000000036, 7.259475737413522367, -2.946798826133434801 ) ) ;
#4219 = CARTESIAN_POINT ( 'NONE',  ( -2.540000000000000036, 7.080227692343286527, 4.564443495507751081 ) ) ;
#4220 = ORIENTED_EDGE ( 'NONE', *, *, #3078, .T. ) ;
#4221 = EDGE_CURVE ( 'NONE', #2885, #2743, #460, .T. ) ;
#4222 = CARTESIAN_POINT ( 'NONE',  ( -2.540000000000000036, 7.019631965068924728, -0.3716979057975774436 ) ) ;
#4223 = CARTESIAN_POINT ( 'NONE',  ( -2.540000000000000036, -8.384203592131164839, -2.108080176123857896 ) ) ;
#4224 = VERTEX_POINT ( 'NONE', #3670 ) ;
#4225 = CARTESIAN_POINT ( 'NONE',  ( -2.540000000000000036, 7.454991124029119121, -0.1197987794055238725 ) ) ;
#4226 = SECURITY_CLASSIFICATION_LEVEL ( 'unclassified' ) ;
#4227 = CARTESIAN_POINT ( 'NONE',  ( -2.540000000000000036, -6.534088942307690218, -1.270000000000000462 ) ) ;
#4228 = ORIENTED_EDGE ( 'NONE', *, *, #2588, .F. ) ;
#4229 = VERTEX_POINT ( 'NONE', #312 ) ;
#4230 = VECTOR ( 'NONE', #3235, 1000.000000000000000 ) ;
#4231 = VECTOR ( 'NONE', #2641, 1000.000000000000000 ) ;
#4232 = DIRECTION ( 'NONE',  ( 0.000000000000000000, 1.000000000000000000, 0.000000000000000000 ) ) ;
#4233 = CARTESIAN_POINT ( 'NONE',  ( -2.540000000000000036, -8.342923076923074888, -2.071076923076922149 ) ) ;
#4234 = CARTESIAN_POINT ( 'NONE',  ( -2.540000000000000036, -8.811846153846150997, -1.204668269230767974 ) ) ;
#4235 = CARTESIAN_POINT ( 'NONE',  ( -2.540000000000000036, 7.761799480845715138, 3.832801469995910537 ) ) ;
#4236 = EDGE_LOOP ( 'NONE', ( #2110, #2763 ) ) ;
#4237 = CARTESIAN_POINT ( 'NONE',  ( -2.540000000000000036, -8.694615384615381970, 1.788379807692308088 ) ) ;
#4238 = CARTESIAN_POINT ( 'NONE',  ( -2.540000000000000036, -8.538307692307688157, 1.055076923076924134 ) ) ;
#4239 = FACE_OUTER_BOUND ( 'NONE', #1075, .T. ) ;
#4240 = ORIENTED_EDGE ( 'NONE', *, *, #566, .T. ) ;
#4241 = FACE_OUTER_BOUND ( 'NONE', #1070, .T. ) ;
#4242 = VECTOR ( 'NONE', #2209, 1000.000000000000000 ) ;
#4243 = ORIENTED_EDGE ( 'NONE', *, *, #2041, .F. ) ;
#4244 = CARTESIAN_POINT ( 'NONE',  ( -2.540000000000000036, -9.118472158995231780, 0.3338214476332720948 ) ) ;
#4245 = DATE_AND_TIME ( #1684, #385 ) ;
#4246 = CARTESIAN_POINT ( 'NONE',  ( -2.540000000000000036, 8.065621270827531220, 2.546546676592672753 ) ) ;
#4247 = CARTESIAN_POINT ( 'NONE',  ( -2.540000000000000036, -9.671538461538458975, 0.5892067307692318012 ) ) ;
#4248 = CARTESIAN_POINT ( 'NONE',  ( -2.540000000000000036, -6.622589286742216252, -0.3365065094059189188 ) ) ;
#4249 = ORIENTED_EDGE ( 'NONE', *, *, #566, .F. ) ;
#4250 = APPROVAL_DATE_TIME ( #1257, #1992 ) ;
#4251 = EDGE_CURVE ( 'NONE', #3129, #251, #2998, .T. ) ;
#4252 = EDGE_CURVE ( 'NONE', #3978, #4290, #4414, .T. ) ;
#4253 = DIRECTION ( 'NONE',  ( 1.000000000000000000, 0.000000000000000000, 0.000000000000000000 ) ) ;
#4254 = CARTESIAN_POINT ( 'NONE',  ( -2.540000000000000036, -8.699155730730705471, 2.377799014501774000 ) ) ;
#4255 = ORIENTED_EDGE ( 'NONE', *, *, #2741, .F. ) ;
#4256 = LINE ( 'NONE', #3460, #4146 ) ;
#4257 = B_SPLINE_CURVE_WITH_KNOTS ( 'NONE', 3,
 ( #1951, #1210, #3621, #2930, #2638, #1906, #4328, #1261, #2305, #3269, #898 ),
 .UNSPECIFIED., .F., .F.,
 ( 4, 1, 1, 1, 1, 1, 1, 1, 4 ),
 ( 0.000000000000000000, 0.1324616222426397982, 0.2616495010354910611, 0.3875466984163671302, 0.5107816292933482494, 0.6326753605997106344, 0.7546603541381381453, 0.8765227798028651929, 1.000000000000000000 ),
 .UNSPECIFIED. ) ;
#4258 = LINE ( 'NONE', #304, #3878 ) ;
#4259 = EDGE_LOOP ( 'NONE', ( #3555, #552, #1782, #3528, #1980, #2288, #3351, #3499, #2003, #351, #246, #3301, #3316, #1541, #1252, #2349 ) ) ;
#4260 = CARTESIAN_POINT ( 'NONE',  ( -2.540000000000000036, 7.550269990831450784, 2.330225975752048484 ) ) ;
#4261 = ORIENTED_EDGE ( 'NONE', *, *, #2729, .T. ) ;
#4262 = EDGE_CURVE ( 'NONE', #729, #3686, #4366, .T. ) ;
#4263 = VECTOR ( 'NONE', #1360, 1000.000000000000000 ) ;
#4264 = VERTEX_POINT ( 'NONE', #649 ) ;
#4265 = ADVANCED_FACE ( 'NONE', ( #3341 ), #602, .T. ) ;
#4266 = CARTESIAN_POINT ( 'NONE',  ( -2.540000000000000036, -9.251164545810969031, 0.8495364716075735068 ) ) ;
#4267 = CARTESIAN_POINT ( 'NONE',  ( -2.540000000000000036, -6.821953931159354667, -0.6309129356042393333 ) ) ;
#4268 = B_SPLINE_CURVE_WITH_KNOTS ( 'NONE', 3,
 ( #835, #1168, #3588, #3349 ),
 .UNSPECIFIED., .F., .F.,
 ( 4, 4 ),
 ( 2.000000000000000000, 3.000000000000000000 ),
 .UNSPECIFIED. ) ;
#4269 = CARTESIAN_POINT ( 'NONE',  ( -2.540000000000000036, 7.089493771596863780, 5.240821406251955139 ) ) ;
#4270 = ORIENTED_EDGE ( 'NONE', *, *, #2004, .F. ) ;
#4271 = CARTESIAN_POINT ( 'NONE',  ( -2.540000000000000036, 7.380070197974240465, -0.3346972310577017717 ) ) ;
#4272 = CARTESIAN_POINT ( 'NONE',  ( -2.540000000000000036, -9.111626941789623402, -0.7038401969017328286 ) ) ;
#4273 = CARTESIAN_POINT ( 'NONE',  ( -2.540000000000000036, -8.724208694748739390, 2.305850790147760954 ) ) ;
#4274 = CARTESIAN_POINT ( 'NONE',  ( -2.540000000000000036, 7.847211470982039749, 3.863305833416886603 ) ) ;
#4275 = EDGE_CURVE ( 'NONE', #1564, #4115, #1597, .T. ) ;
#4276 = CARTESIAN_POINT ( 'NONE',  ( -0.1269999999999973372, 0.000000000000000000, 0.000000000000000000 ) ) ;
#4277 = DIRECTION ( 'NONE',  ( 0.7071067811865426878, 0.000000000000000000, -0.7071067811865523467 ) ) ;
#4278 = DIRECTION ( 'NONE',  ( 1.000000000000000000, 0.000000000000000000, 0.000000000000000000 ) ) ;
#4279 = CARTESIAN_POINT ( 'NONE',  ( -2.540000000000000036, -6.942471612615878307, -0.6842488737937691967 ) ) ;
#4280 = CARTESIAN_POINT ( 'NONE',  ( -2.540000000000000036, 6.365914022464360222, -5.438277231333872308 ) ) ;
#4281 = EDGE_CURVE ( 'NONE', #2899, #2565, #3763, .T. ) ;
#4282 = ORIENTED_EDGE ( 'NONE', *, *, #2325, .T. ) ;
#4283 = VERTEX_POINT ( 'NONE', #633 ) ;
#4284 = VERTEX_POINT ( 'NONE', #286 ) ;
#4285 = CARTESIAN_POINT ( 'NONE',  ( -2.540000000000000036, 7.497317387663626320, 5.188445156902208311 ) ) ;
#4286 = CARTESIAN_POINT ( 'NONE',  ( -2.540000000000000036, -8.654589286742215393, -2.114506509405919665 ) ) ;
#4287 = VERTEX_POINT ( 'NONE', #3384 ) ;
#4288 = CARTESIAN_POINT ( 'NONE',  ( -2.540000000000000036, 7.799904522016454678, 4.060229016903992516 ) ) ;
#4289 = EDGE_CURVE ( 'NONE', #2247, #4325, #4013, .T. ) ;
#4290 = VERTEX_POINT ( 'NONE', #3336 ) ;
#4291 = EDGE_LOOP ( 'NONE', ( #78, #2790, #3032, #1266 ) ) ;
#4292 = VERTEX_POINT ( 'NONE', #1276 ) ;
#4293 = CARTESIAN_POINT ( 'NONE',  ( -2.540000000000000036, 8.151049937115333321, 0.3717185094035606041 ) ) ;
#4294 = VECTOR ( 'NONE', #3508, 1000.000000000000114 ) ;
#4295 = ORIENTED_EDGE ( 'NONE', *, *, #1834, .T. ) ;
#4296 = CARTESIAN_POINT ( 'NONE',  ( -2.540000000000000036, -9.495692307692305434, 0.5892067307692318012 ) ) ;
#4297 = DIRECTION ( 'NONE',  ( 0.000000000000000000, 0.000000000000000000, 1.000000000000000000 ) ) ;
#4298 = B_SPLINE_CURVE_WITH_KNOTS ( 'NONE', 3,
 ( #4408, #1703, #6, #2409 ),
 .UNSPECIFIED., .F., .F.,
 ( 4, 4 ),
 ( 16.00000000000000000, 17.00000000000000000 ),
 .UNSPECIFIED. ) ;
#4299 = CARTESIAN_POINT ( 'NONE',  ( -2.540000000000000036, -9.600045657229992813, -0.9401346700736527007 ) ) ;
#4300 = DIRECTION ( 'NONE',  ( 0.000000000000000000, 1.000000000000000000, 0.000000000000000000 ) ) ;
#4301 = ORIENTED_EDGE ( 'NONE', *, *, #978, .F. ) ;
#4302 = CARTESIAN_POINT ( 'NONE',  ( -2.540000000000000036, -8.932004862401138112, -0.7348693332681199841 ) ) ;
#4303 = EDGE_CURVE ( 'NONE', #3847, #1287, #2307, .T. ) ;
#4304 = CC_DESIGN_PERSON_AND_ORGANIZATION_ASSIGNMENT ( #511, #833, ( #3424 ) ) ;
#4305 = CARTESIAN_POINT ( 'NONE',  ( -2.540000000000000036, -6.900004862401141636, 1.043130666731880485 ) ) ;
#4306 = CARTESIAN_POINT ( 'NONE',  ( -2.540000000000000036, 6.329281011760307329, 5.221910107225780528 ) ) ;
#4307 = DATE_AND_TIME ( #3288, #1586 ) ;
#4308 = VECTOR ( 'NONE', #3229, 1000.000000000000000 ) ;
#4309 = LINE ( 'NONE', #115, #1753 ) ;
#4310 = FACE_BOUND ( 'NONE', #2150, .T. ) ;
#4311 = CARTESIAN_POINT ( 'NONE',  ( -2.540000000000000036, 8.065621270827531220, 2.546546676592672753 ) ) ;
#4312 = CARTESIAN_POINT ( 'NONE',  ( -2.540000000000000036, -8.147538461538459842, -1.504461538461537184 ) ) ;
#4313 = AXIS2_PLACEMENT_3D ( 'NONE', #2065, #4102, #718 ) ;
#4314 = AXIS2_PLACEMENT_3D ( 'NONE', #2077, #394, #2119 ) ;
#4315 = LINE ( 'NONE', #2465, #139 ) ;
#4316 = CARTESIAN_POINT ( 'NONE',  ( -2.540000000000000036, -9.129346153846151779, -0.7033846153846141647 ) ) ;
#4317 = ORIENTED_EDGE ( 'NONE', *, *, #216, .F. ) ;
#4318 = CARTESIAN_POINT ( 'NONE',  ( -2.540000000000000036, -9.016694711538461249, 2.171211538461538915 ) ) ;
#4319 = CARTESIAN_POINT ( 'NONE',  ( -2.540000000000000036, 7.498932802655883911, -3.414618017619561741 ) ) ;
#4320 = CARTESIAN_POINT ( 'NONE',  ( -2.540000000000000036, 7.006167274751287977, 4.910102973575677154 ) ) ;
#4321 = ORIENTED_EDGE ( 'NONE', *, *, #3634, .F. ) ;
#4322 = EDGE_CURVE ( 'NONE', #701, #972, #2084, .T. ) ;
#4323 = VECTOR ( 'NONE', #3561, 1000.000000000000114 ) ;
#4324 = LINE ( 'NONE', #4347, #3408 ) ;
#4325 = VERTEX_POINT ( 'NONE', #4009 ) ;
#4326 = CARTESIAN_POINT ( 'NONE',  ( -2.540000000000000036, -8.708982181515104060, 2.151492209859014793 ) ) ;
#4327 = CARTESIAN_POINT ( 'NONE',  ( -2.540000000000000036, -6.115538461538460702, 0.9964615384615393978 ) ) ;
#4328 = CARTESIAN_POINT ( 'NONE',  ( -2.540000000000000036, -7.333917908989863399, 1.029725421094159765 ) ) ;
#4329 = EDGE_CURVE ( 'NONE', #1215, #1170, #4258, .T. ) ;
#4330 = DIRECTION ( 'NONE',  ( 0.000000000000000000, 0.000000000000000000, 1.000000000000000000 ) ) ;
#4331 = CARTESIAN_POINT ( 'NONE',  ( 0.000000000000000000, 0.05000000000000002359, 0.000000000000000000 ) ) ;
#4332 = EDGE_CURVE ( 'NONE', #1867, #754, #3553, .T. ) ;
#4333 = DIRECTION ( 'NONE',  ( 0.000000000000000000, 0.000000000000000000, -1.000000000000000000 ) ) ;
#4334 = ORIENTED_EDGE ( 'NONE', *, *, #4303, .F. ) ;
#4335 = EDGE_LOOP ( 'NONE', ( #1080, #1722, #1748, #2578, #1900, #52, #657, #3111, #1460, #3824, #4339, #2415, #947, #1364, #29, #3169, #3903, #150, #2777, #2002, #2332, #2293, #3009, #3585, #1528, #2545, #607, #4261, #221, #2145, #1608, #106 ) ) ;
#4336 = DIRECTION ( 'NONE',  ( 0.000000000000000000, -1.000000000000000000, 0.000000000000000000 ) ) ;
#4337 = ORIENTED_EDGE ( 'NONE', *, *, #1185, .T. ) ;
#4338 = VERTEX_POINT ( 'NONE', #1373 ) ;
#4339 = ORIENTED_EDGE ( 'NONE', *, *, #1956, .T. ) ;
#4340 = ORIENTED_EDGE ( 'NONE', *, *, #1627, .T. ) ;
#4341 = AXIS2_PLACEMENT_3D ( 'NONE', #3889, #146, #3509 ) ;
#4342 = CARTESIAN_POINT ( 'NONE',  ( -2.540000000000000036, 6.817900511427286148, 4.919286119914727529 ) ) ;
#4343 = ORIENTED_EDGE ( 'NONE', *, *, #3502, .F. ) ;
#4344 = EDGE_CURVE ( 'NONE', #166, #4224, #3987, .T. ) ;
#4345 = VERTEX_POINT ( 'NONE', #328 ) ;
#4346 = VECTOR ( 'NONE', #3771, 1000.000000000000000 ) ;
#4347 = CARTESIAN_POINT ( 'NONE',  ( -2.540000000000000036, 7.204449111858057364, 0.06553035955093704235 ) ) ;
#4348 = AXIS2_PLACEMENT_3D ( 'NONE', #739, #1072, #3432 ) ;
#4349 = ORIENTED_EDGE ( 'NONE', *, *, #2525, .T. ) ;
#4350 = ORIENTED_EDGE ( 'NONE', *, *, #4289, .T. ) ;
#4351 = DIRECTION ( 'NONE',  ( 0.000000000000000000, -0.9812462574000521132, -0.1927583521884093098 ) ) ;
#4352 = ORIENTED_EDGE ( 'NONE', *, *, #207, .T. ) ;
#4353 = DATE_AND_TIME ( #931, #599 ) ;
#4354 = VERTEX_POINT ( 'NONE', #1693 ) ;
#4355 = ORIENTED_EDGE ( 'NONE', *, *, #2312, .T. ) ;
#4356 = CONTEXT_DEPENDENT_SHAPE_REPRESENTATION ( #2532, #3292 ) ;
#4357 = DIRECTION ( 'NONE',  ( 1.000000000000000000, 0.000000000000000000, 0.000000000000000000 ) ) ;
#4358 = PERSON_AND_ORGANIZATION ( #697, #238 ) ;
#4359 = DIRECTION ( 'NONE',  ( 0.000000000000000000, 0.000000000000000000, 1.000000000000000000 ) ) ;
#4360 = ORIENTED_EDGE ( 'NONE', *, *, #2969, .T. ) ;
#4361 = CARTESIAN_POINT ( 'NONE',  ( -2.540000000000000036, 7.270871268506767571, 3.493637935635127700 ) ) ;
#4362 = ORIENTED_EDGE ( 'NONE', *, *, #659, .T. ) ;
#4363 = ORIENTED_EDGE ( 'NONE', *, *, #1826, .F. ) ;
#4364 = VECTOR ( 'NONE', #1677, 999.9999999999998863 ) ;
#4365 = VERTEX_POINT ( 'NONE', #4041 ) ;
#4366 = CIRCLE ( 'NONE', #482, 12.69999999999999929 ) ;
#4367 = ORIENTED_EDGE ( 'NONE', *, *, #2384, .F. ) ;
#4368 = EDGE_CURVE ( 'NONE', #1064, #3155, #236, .T. ) ;
#4369 = FACE_BOUND ( 'NONE', #1489, .T. ) ;
#4370 = VECTOR ( 'NONE', #384, 1000.000000000000000 ) ;
#4371 = DIRECTION ( 'NONE',  ( 0.000000000000000000, -1.000000000000000000, 0.000000000000000000 ) ) ;
#4372 = VERTEX_POINT ( 'NONE', #2782 ) ;
#4373 = CARTESIAN_POINT ( 'NONE',  ( -2.540000000000000036, 7.458581116394175758, 3.865244894399022080 ) ) ;
#4374 = CARTESIAN_POINT ( 'NONE',  ( -2.540000000000000036, 7.189410584293125517, 3.884147729009187255 ) ) ;
#4375 = DIRECTION ( 'NONE',  ( 0.000000000000000000, 0.09950371902099847121, -0.9950371902099891530 ) ) ;
#4376 = CARTESIAN_POINT ( 'NONE',  ( -2.540000000000000036, -8.710690014928536229, 2.515746702871156870 ) ) ;
#4377 = EDGE_CURVE ( 'NONE', #4061, #926, #2667, .T. ) ;
#4378 = CARTESIAN_POINT ( 'NONE',  ( -2.540000000000000036, -6.524680778470528075, -1.485378342038914168 ) ) ;
#4379 = CARTESIAN_POINT ( 'NONE',  ( -2.540000000000000036, -7.463692307692305405, 0.5724158653846161959 ) ) ;
#4380 = CARTESIAN_POINT ( 'NONE',  ( -2.540000000000000036, 7.189830749961826584, 3.968358145451817087 ) ) ;
#4381 = CARTESIAN_POINT ( 'NONE',  ( -2.540000000000000036, -6.534088942307690218, -1.270000000000000462 ) ) ;
#4382 = ORIENTED_EDGE ( 'NONE', *, *, #2969, .F. ) ;
#4383 = CARTESIAN_POINT ( 'NONE',  ( -2.540000000000000036, -8.675345356590705492, -1.323865764785278953 ) ) ;
#4384 = DIRECTION ( 'NONE',  ( 0.000000000000000000, 0.09950371902099854060, -0.9950371902099891530 ) ) ;
#4385 = ORIENTED_EDGE ( 'NONE', *, *, #34, .F. ) ;
#4386 = DIRECTION ( 'NONE',  ( -0.000000000000000000, 0.004989411720878769024, 0.9999875528078735476 ) ) ;
#4387 = B_SPLINE_CURVE_WITH_KNOTS ( 'NONE', 3,
 ( #3030, #643, #1349, #2726 ),
 .UNSPECIFIED., .F., .F.,
 ( 4, 4 ),
 ( 1.025766611794651562, 2.000000000000000000 ),
 .UNSPECIFIED. ) ;
#4388 = ORIENTED_EDGE ( 'NONE', *, *, #2468, .F. ) ;
#4389 = CARTESIAN_POINT ( 'NONE',  ( -2.540000000000000036, -6.095999999999998309, -2.403230769230769504 ) ) ;
#4390 = ORIENTED_EDGE ( 'NONE', *, *, #1175, .T. ) ;
#4391 = AXIS2_PLACEMENT_3D ( 'NONE', #2417, #2435, #1063 ) ;
#4392 = VECTOR ( 'NONE', #591, 1000.000000000000000 ) ;
#4393 = CARTESIAN_POINT ( 'NONE',  ( -2.540000000000000036, -9.421892387595963925, -1.001253064660732273 ) ) ;
#4394 = CARTESIAN_POINT ( 'NONE',  ( -2.540000000000000036, -6.846819519874943083, 0.7820585155384842668 ) ) ;
#4395 = CIRCLE ( 'NONE', #3642, 4.521200000000000330 ) ;
#4396 = AXIS2_PLACEMENT_3D ( 'NONE', #1176, #4278, #521 ) ;
#4397 = EDGE_CURVE ( 'NONE', #361, #3677, #3442, .T. ) ;
#4398 = CARTESIAN_POINT ( 'NONE',  ( -2.540000000000000036, -9.565928888228743432, 0.3591046729544668525 ) ) ;
#4399 = CARTESIAN_POINT ( 'NONE',  ( -2.540000000000000036, -9.671098265061178978, -1.186922179812631706 ) ) ;
#4400 = CALENDAR_DATE ( 2021, 12, 4 ) ;
#4401 = VERTEX_POINT ( 'NONE', #682 ) ;
#4402 = EDGE_CURVE ( 'NONE', #2645, #667, #1540, .T. ) ;
#4403 = PERSON_AND_ORGANIZATION ( #697, #238 ) ;
#4404 = SECURITY_CLASSIFICATION ( '', '', #48 ) ;
#4405 = CARTESIAN_POINT ( 'NONE',  ( -2.540000000000000036, -6.893928700196513937, -1.420167600007843145 ) ) ;
#4406 = CARTESIAN_POINT ( 'NONE',  ( -2.540000000000000036, -7.092461538461535930, 1.563076923076921920 ) ) ;
#4407 = VERTEX_POINT ( 'NONE', #2401 ) ;
#4408 = CARTESIAN_POINT ( 'NONE',  ( -2.540000000000000036, 7.666765349206116298, 4.445913174563674630 ) ) ;
#4409 = EDGE_CURVE ( 'NONE', #3228, #3686, #2988, .T. ) ;
#4410 = DIRECTION ( 'NONE',  ( -1.000000000000000000, -0.000000000000000000, -0.000000000000000000 ) ) ;
#4411 = CARTESIAN_POINT ( 'NONE',  ( -2.540000000000000036, 7.650525262860737641, 0.3450468876736410562 ) ) ;
#4412 = DIRECTION ( 'NONE',  ( 0.000000000000000000, 0.000000000000000000, -1.000000000000000000 ) ) ;
#4413 = ORIENTED_EDGE ( 'NONE', *, *, #3989, .T. ) ;
#4414 = LINE ( 'NONE', #4027, #726 ) ;
#4415 = ORIENTED_EDGE ( 'NONE', *, *, #3892, .T. ) ;
#4416 = PERSON ( 'NAUO-PER1', 'UNSPECIFIED', 'UNSPECIFIED', ('UNSPECIFIED'), ('UNSPECIFIED'), ('UNSPECIFIED') ) ;
#4417 = CARTESIAN_POINT ( 'NONE',  ( -5.322435762069739423E-16, 0.000000000000000000, 0.000000000000000000 ) ) ;
#4418 = AXIS2_PLACEMENT_3D ( 'NONE', #3867, #503, #1189 ) ;
#4419 = CARTESIAN_POINT ( 'NONE',  ( -2.540000000000000036, 6.731635480874061273, 2.592801117241520625 ) ) ;
#4420 = CARTESIAN_POINT ( 'NONE',  ( -2.540000000000000036, 6.757750797892491335, 5.214143369441851306 ) ) ;
#4421 = CARTESIAN_POINT ( 'NONE',  ( -5.322435762069739423E-16, 0.000000000000000000, 0.000000000000000000 ) ) ;
#4422 = CARTESIAN_POINT ( 'NONE',  ( -2.540000000000000036, -7.253450458342501683, 0.8594630643491419919 ) ) ;
#4423 = CARTESIAN_POINT ( 'NONE',  ( -2.540000000000000036, -8.305677884615382922, -1.875692307692306882 ) ) ;
#4424 = CARTESIAN_POINT ( 'NONE',  ( -2.540000000000000036, -6.115538461538460702, 0.2735384615384623963 ) ) ;
#4425 = CARTESIAN_POINT ( 'NONE',  ( -2.540000000000000036, -9.651999999999997470, 2.620596153846154408 ) ) ;
#4426 = PRODUCT_DEFINITION_SHAPE ( 'NONE', 'NONE',  #359 ) ;
#4427 = ORIENTED_EDGE ( 'NONE', *, *, #3044, .T. ) ;
#4428 = ORIENTED_EDGE ( 'NONE', *, *, #1660, .T. ) ;
#4429 = CARTESIAN_POINT ( 'NONE',  ( -2.540000000000000036, 6.757905543153423622, 5.340159203797306020 ) ) ;
#4430 = CARTESIAN_POINT ( 'NONE',  ( -1.881250000000001865, 0.05000000000000002359, -0.01250000000000001978 ) ) ;
#4431 = EDGE_CURVE ( 'NONE', #2631, #1271, #4315, .T. ) ;
#4432 = ORIENTED_EDGE ( 'NONE', *, *, #3816, .F. ) ;
#4433 = ORIENTED_EDGE ( 'NONE', *, *, #2506, .F. ) ;
#4434 = ORIENTED_EDGE ( 'NONE', *, *, #3116, .T. ) ;
#4435 = VERTEX_POINT ( 'NONE', #3764 ) ;
#4436 = CARTESIAN_POINT ( 'NONE',  ( -2.540000000000000036, 7.048479250286336928, 4.126929597577901454 ) ) ;
#4437 = B_SPLINE_CURVE_WITH_KNOTS ( 'NONE', 3,
 ( #707, #2397, #691, #1799 ),
 .UNSPECIFIED., .F., .F.,
 ( 4, 4 ),
 ( 2.000000000000000000, 3.000000000000000000 ),
 .UNSPECIFIED. ) ;
#4438 = NEXT_ASSEMBLY_USAGE_OCCURRENCE ( 'NAUO1', ' ', ' ', #2485, #2043, $ ) ;
#4439 = NEXT_ASSEMBLY_USAGE_OCCURRENCE ( 'NAUO2', ' ', ' ', #2485, #208, $ ) ;
#4440 = NEXT_ASSEMBLY_USAGE_OCCURRENCE ( 'NAUO3', ' ', ' ', #2485, #359, $ ) ;
ENDSEC;
END-ISO-10303-21;
